<?xml version="1.0" encoding="UTF-8"?>
<gpx version="1.1" creator="RunSync" xmlns="http://www.topografix.com/GPX/1/1">
  <metadata><time>2023-09-24T22:44:03Z</time></metadata>
  <trk>
    <name>跑步</name>
    <type>running</type>
    <trkseg>
      <trkpt lat="22.5325414" lon="113.9321027"><ele>7.5</ele><time>2023-09-24T22:45:49Z</time></trkpt>
      <trkpt lat="22.5325582" lon="113.9321146"><ele>7.5</ele><time>2023-09-24T22:45:50Z</time></trkpt>
      <trkpt lat="22.5325732" lon="113.9321260"><ele>7.5</ele><time>2023-09-24T22:45:51Z</time></trkpt>
      <trkpt lat="22.5325868" lon="113.9321361"><ele>7.5</ele><time>2023-09-24T22:45:52Z</time></trkpt>
      <trkpt lat="22.5326004" lon="113.9321455"><ele>7.5</ele><time>2023-09-24T22:45:53Z</time></trkpt>
      <trkpt lat="22.5326149" lon="113.9321546"><ele>7.5</ele><time>2023-09-24T22:45:54Z</time></trkpt>
      <trkpt lat="22.5326296" lon="113.9321634"><ele>7.5</ele><time>2023-09-24T22:45:55Z</time></trkpt>
      <trkpt lat="22.5326441" lon="113.9321718"><ele>7.5</ele><time>2023-09-24T22:45:56Z</time></trkpt>
      <trkpt lat="22.5326587" lon="113.9321802"><ele>7.5</ele><time>2023-09-24T22:45:57Z</time></trkpt>
      <trkpt lat="22.5326746" lon="113.9321889"><ele>7.5</ele><time>2023-09-24T22:45:58Z</time></trkpt>
      <trkpt lat="22.5326923" lon="113.9321980"><ele>7.5</ele><time>2023-09-24T22:45:59Z</time></trkpt>
      <trkpt lat="22.5327107" lon="113.9322077"><ele>7.5</ele><time>2023-09-24T22:46:00Z</time></trkpt>
      <trkpt lat="22.5327288" lon="113.9322178"><ele>7.5</ele><time>2023-09-24T22:46:01Z</time></trkpt>
      <trkpt lat="22.5327465" lon="113.9322287"><ele>7.5</ele><time>2023-09-24T22:46:02Z</time></trkpt>
      <trkpt lat="22.5327639" lon="113.9322400"><ele>7.5</ele><time>2023-09-24T22:46:03Z</time></trkpt>
      <trkpt lat="22.5327813" lon="113.9322516"><ele>7.5</ele><time>2023-09-24T22:46:04Z</time></trkpt>
      <trkpt lat="22.5327988" lon="113.9322630"><ele>7.5</ele><time>2023-09-24T22:46:05Z</time></trkpt>
      <trkpt lat="22.5328158" lon="113.9322751"><ele>7.5</ele><time>2023-09-24T22:46:06Z</time></trkpt>
      <trkpt lat="22.5328325" lon="113.9322877"><ele>7.4</ele><time>2023-09-24T22:46:07Z</time></trkpt>
      <trkpt lat="22.5328493" lon="113.9323005"><ele>7.4</ele><time>2023-09-24T22:46:08Z</time></trkpt>
      <trkpt lat="22.5328661" lon="113.9323130"><ele>7.4</ele><time>2023-09-24T22:46:09Z</time></trkpt>
      <trkpt lat="22.5328824" lon="113.9323251"><ele>7.4</ele><time>2023-09-24T22:46:10Z</time></trkpt>
      <trkpt lat="22.5328985" lon="113.9323372"><ele>7.4</ele><time>2023-09-24T22:46:11Z</time></trkpt>
      <trkpt lat="22.5329153" lon="113.9323487"><ele>7.4</ele><time>2023-09-24T22:46:12Z</time></trkpt>
      <trkpt lat="22.5329324" lon="113.9323596"><ele>7.4</ele><time>2023-09-24T22:46:13Z</time></trkpt>
      <trkpt lat="22.5329493" lon="113.9323712"><ele>7.4</ele><time>2023-09-24T22:46:14Z</time></trkpt>
      <trkpt lat="22.5329661" lon="113.9323832"><ele>7.4</ele><time>2023-09-24T22:46:15Z</time></trkpt>
      <trkpt lat="22.5329829" lon="113.9323950"><ele>7.4</ele><time>2023-09-24T22:46:16Z</time></trkpt>
      <trkpt lat="22.5329992" lon="113.9324076"><ele>7.5</ele><time>2023-09-24T22:46:17Z</time></trkpt>
      <trkpt lat="22.5330157" lon="113.9324202"><ele>7.5</ele><time>2023-09-24T22:46:18Z</time></trkpt>
      <trkpt lat="22.5330324" lon="113.9324327"><ele>7.5</ele><time>2023-09-24T22:46:19Z</time></trkpt>
      <trkpt lat="22.5330490" lon="113.9324457"><ele>7.5</ele><time>2023-09-24T22:46:20Z</time></trkpt>
      <trkpt lat="22.5330654" lon="113.9324590"><ele>7.5</ele><time>2023-09-24T22:46:21Z</time></trkpt>
      <trkpt lat="22.5330818" lon="113.9324725"><ele>7.5</ele><time>2023-09-24T22:46:22Z</time></trkpt>
      <trkpt lat="22.5330984" lon="113.9324854"><ele>7.6</ele><time>2023-09-24T22:46:23Z</time></trkpt>
      <trkpt lat="22.5331152" lon="113.9324976"><ele>7.6</ele><time>2023-09-24T22:46:24Z</time></trkpt>
      <trkpt lat="22.5331323" lon="113.9325097"><ele>7.6</ele><time>2023-09-24T22:46:25Z</time></trkpt>
      <trkpt lat="22.5331500" lon="113.9325213"><ele>7.6</ele><time>2023-09-24T22:46:26Z</time></trkpt>
      <trkpt lat="22.5331688" lon="113.9325316"><ele>7.6</ele><time>2023-09-24T22:46:27Z</time></trkpt>
      <trkpt lat="22.5331881" lon="113.9325407"><ele>7.7</ele><time>2023-09-24T22:46:28Z</time></trkpt>
      <trkpt lat="22.5332075" lon="113.9325492"><ele>7.7</ele><time>2023-09-24T22:46:29Z</time></trkpt>
      <trkpt lat="22.5332268" lon="113.9325577"><ele>7.7</ele><time>2023-09-24T22:46:30Z</time></trkpt>
      <trkpt lat="22.5332453" lon="113.9325676"><ele>7.8</ele><time>2023-09-24T22:46:31Z</time></trkpt>
      <trkpt lat="22.5332636" lon="113.9325781"><ele>7.8</ele><time>2023-09-24T22:46:32Z</time></trkpt>
      <trkpt lat="22.5332823" lon="113.9325883"><ele>7.9</ele><time>2023-09-24T22:46:33Z</time></trkpt>
      <trkpt lat="22.5333005" lon="113.9325986"><ele>7.9</ele><time>2023-09-24T22:46:34Z</time></trkpt>
      <trkpt lat="22.5333182" lon="113.9326084"><ele>7.9</ele><time>2023-09-24T22:46:35Z</time></trkpt>
      <trkpt lat="22.5333363" lon="113.9326173"><ele>8.0</ele><time>2023-09-24T22:46:36Z</time></trkpt>
      <trkpt lat="22.5333548" lon="113.9326253"><ele>8.0</ele><time>2023-09-24T22:46:37Z</time></trkpt>
      <trkpt lat="22.5333737" lon="113.9326330"><ele>8.1</ele><time>2023-09-24T22:46:38Z</time></trkpt>
      <trkpt lat="22.5333929" lon="113.9326407"><ele>8.1</ele><time>2023-09-24T22:46:39Z</time></trkpt>
      <trkpt lat="22.5334118" lon="113.9326481"><ele>8.2</ele><time>2023-09-24T22:46:40Z</time></trkpt>
      <trkpt lat="22.5334299" lon="113.9326561"><ele>8.2</ele><time>2023-09-24T22:46:41Z</time></trkpt>
      <trkpt lat="22.5334472" lon="113.9326653"><ele>8.3</ele><time>2023-09-24T22:46:42Z</time></trkpt>
      <trkpt lat="22.5334639" lon="113.9326749"><ele>8.3</ele><time>2023-09-24T22:46:43Z</time></trkpt>
      <trkpt lat="22.5334814" lon="113.9326842"><ele>8.4</ele><time>2023-09-24T22:46:44Z</time></trkpt>
      <trkpt lat="22.5334999" lon="113.9326935"><ele>8.4</ele><time>2023-09-24T22:46:45Z</time></trkpt>
      <trkpt lat="22.5335188" lon="113.9327025"><ele>8.5</ele><time>2023-09-24T22:46:46Z</time></trkpt>
      <trkpt lat="22.5335369" lon="113.9327113"><ele>8.5</ele><time>2023-09-24T22:46:47Z</time></trkpt>
      <trkpt lat="22.5335537" lon="113.9327203"><ele>8.5</ele><time>2023-09-24T22:46:48Z</time></trkpt>
      <trkpt lat="22.5335697" lon="113.9327296"><ele>8.6</ele><time>2023-09-24T22:46:49Z</time></trkpt>
      <trkpt lat="22.5335853" lon="113.9327394"><ele>8.6</ele><time>2023-09-24T22:46:50Z</time></trkpt>
      <trkpt lat="22.5336004" lon="113.9327497"><ele>8.7</ele><time>2023-09-24T22:46:51Z</time></trkpt>
      <trkpt lat="22.5336146" lon="113.9327607"><ele>8.7</ele><time>2023-09-24T22:46:52Z</time></trkpt>
      <trkpt lat="22.5336286" lon="113.9327725"><ele>8.7</ele><time>2023-09-24T22:46:53Z</time></trkpt>
      <trkpt lat="22.5336440" lon="113.9327835"><ele>8.8</ele><time>2023-09-24T22:46:54Z</time></trkpt>
      <trkpt lat="22.5336612" lon="113.9327925"><ele>8.8</ele><time>2023-09-24T22:46:55Z</time></trkpt>
      <trkpt lat="22.5336788" lon="113.9328010"><ele>8.8</ele><time>2023-09-24T22:46:56Z</time></trkpt>
      <trkpt lat="22.5336955" lon="113.9328108"><ele>8.9</ele><time>2023-09-24T22:46:57Z</time></trkpt>
      <trkpt lat="22.5337112" lon="113.9328213"><ele>8.9</ele><time>2023-09-24T22:46:58Z</time></trkpt>
      <trkpt lat="22.5337264" lon="113.9328326"><ele>8.9</ele><time>2023-09-24T22:46:59Z</time></trkpt>
      <trkpt lat="22.5337413" lon="113.9328445"><ele>8.9</ele><time>2023-09-24T22:47:00Z</time></trkpt>
      <trkpt lat="22.5337566" lon="113.9328562"><ele>8.9</ele><time>2023-09-24T22:47:01Z</time></trkpt>
      <trkpt lat="22.5337724" lon="113.9328673"><ele>8.9</ele><time>2023-09-24T22:47:02Z</time></trkpt>
      <trkpt lat="22.5337885" lon="113.9328780"><ele>8.9</ele><time>2023-09-24T22:47:03Z</time></trkpt>
      <trkpt lat="22.5338047" lon="113.9328883"><ele>8.9</ele><time>2023-09-24T22:47:04Z</time></trkpt>
      <trkpt lat="22.5338211" lon="113.9328987"><ele>8.9</ele><time>2023-09-24T22:47:05Z</time></trkpt>
      <trkpt lat="22.5338370" lon="113.9329096"><ele>8.9</ele><time>2023-09-24T22:47:06Z</time></trkpt>
      <trkpt lat="22.5338521" lon="113.9329202"><ele>8.9</ele><time>2023-09-24T22:47:07Z</time></trkpt>
      <trkpt lat="22.5338668" lon="113.9329304"><ele>8.9</ele><time>2023-09-24T22:47:08Z</time></trkpt>
      <trkpt lat="22.5338810" lon="113.9329412"><ele>8.9</ele><time>2023-09-24T22:47:09Z</time></trkpt>
      <trkpt lat="22.5338951" lon="113.9329522"><ele>8.9</ele><time>2023-09-24T22:47:10Z</time></trkpt>
      <trkpt lat="22.5339090" lon="113.9329635"><ele>8.9</ele><time>2023-09-24T22:47:11Z</time></trkpt>
      <trkpt lat="22.5339225" lon="113.9329752"><ele>8.9</ele><time>2023-09-24T22:47:12Z</time></trkpt>
      <trkpt lat="22.5339359" lon="113.9329869"><ele>8.9</ele><time>2023-09-24T22:47:13Z</time></trkpt>
      <trkpt lat="22.5339493" lon="113.9329985"><ele>8.9</ele><time>2023-09-24T22:47:14Z</time></trkpt>
      <trkpt lat="22.5339632" lon="113.9330093"><ele>8.9</ele><time>2023-09-24T22:47:15Z</time></trkpt>
      <trkpt lat="22.5339773" lon="113.9330197"><ele>8.9</ele><time>2023-09-24T22:47:16Z</time></trkpt>
      <trkpt lat="22.5339908" lon="113.9330309"><ele>8.9</ele><time>2023-09-24T22:47:17Z</time></trkpt>
      <trkpt lat="22.5340037" lon="113.9330427"><ele>8.9</ele><time>2023-09-24T22:47:18Z</time></trkpt>
      <trkpt lat="22.5340171" lon="113.9330537"><ele>8.9</ele><time>2023-09-24T22:47:19Z</time></trkpt>
      <trkpt lat="22.5340313" lon="113.9330638"><ele>8.9</ele><time>2023-09-24T22:47:20Z</time></trkpt>
      <trkpt lat="22.5340462" lon="113.9330728"><ele>8.9</ele><time>2023-09-24T22:47:21Z</time></trkpt>
      <trkpt lat="22.5340611" lon="113.9330816"><ele>8.9</ele><time>2023-09-24T22:47:22Z</time></trkpt>
      <trkpt lat="22.5340751" lon="113.9330917"><ele>8.9</ele><time>2023-09-24T22:47:23Z</time></trkpt>
      <trkpt lat="22.5340886" lon="113.9331025"><ele>8.9</ele><time>2023-09-24T22:47:24Z</time></trkpt>
      <trkpt lat="22.5341020" lon="113.9331136"><ele>8.9</ele><time>2023-09-24T22:47:25Z</time></trkpt>
      <trkpt lat="22.5341155" lon="113.9331245"><ele>8.9</ele><time>2023-09-24T22:47:26Z</time></trkpt>
      <trkpt lat="22.5341291" lon="113.9331351"><ele>8.8</ele><time>2023-09-24T22:47:27Z</time></trkpt>
      <trkpt lat="22.5341429" lon="113.9331452"><ele>8.8</ele><time>2023-09-24T22:47:28Z</time></trkpt>
      <trkpt lat="22.5341566" lon="113.9331555"><ele>8.8</ele><time>2023-09-24T22:47:29Z</time></trkpt>
      <trkpt lat="22.5341693" lon="113.9331669"><ele>8.8</ele><time>2023-09-24T22:47:30Z</time></trkpt>
      <trkpt lat="22.5341818" lon="113.9331785"><ele>8.8</ele><time>2023-09-24T22:47:31Z</time></trkpt>
      <trkpt lat="22.5341950" lon="113.9331896"><ele>8.8</ele><time>2023-09-24T22:47:32Z</time></trkpt>
      <trkpt lat="22.5342083" lon="113.9332006"><ele>8.8</ele><time>2023-09-24T22:47:33Z</time></trkpt>
      <trkpt lat="22.5342214" lon="113.9332116"><ele>8.8</ele><time>2023-09-24T22:47:34Z</time></trkpt>
      <trkpt lat="22.5342347" lon="113.9332222"><ele>8.8</ele><time>2023-09-24T22:47:35Z</time></trkpt>
      <trkpt lat="22.5342481" lon="113.9332327"><ele>8.8</ele><time>2023-09-24T22:47:36Z</time></trkpt>
      <trkpt lat="22.5342617" lon="113.9332431"><ele>8.7</ele><time>2023-09-24T22:47:37Z</time></trkpt>
      <trkpt lat="22.5342754" lon="113.9332533"><ele>8.7</ele><time>2023-09-24T22:47:38Z</time></trkpt>
      <trkpt lat="22.5342889" lon="113.9332635"><ele>8.7</ele><time>2023-09-24T22:47:39Z</time></trkpt>
      <trkpt lat="22.5343026" lon="113.9332732"><ele>8.7</ele><time>2023-09-24T22:47:40Z</time></trkpt>
      <trkpt lat="22.5343166" lon="113.9332824"><ele>8.7</ele><time>2023-09-24T22:47:41Z</time></trkpt>
      <trkpt lat="22.5343291" lon="113.9332935"><ele>8.7</ele><time>2023-09-24T22:47:42Z</time></trkpt>
      <trkpt lat="22.5343393" lon="113.9333074"><ele>8.6</ele><time>2023-09-24T22:47:43Z</time></trkpt>
      <trkpt lat="22.5343494" lon="113.9333219"><ele>8.6</ele><time>2023-09-24T22:47:44Z</time></trkpt>
      <trkpt lat="22.5343611" lon="113.9333353"><ele>8.6</ele><time>2023-09-24T22:47:45Z</time></trkpt>
      <trkpt lat="22.5343743" lon="113.9333473"><ele>8.6</ele><time>2023-09-24T22:47:46Z</time></trkpt>
      <trkpt lat="22.5343882" lon="113.9333587"><ele>8.6</ele><time>2023-09-24T22:47:47Z</time></trkpt>
      <trkpt lat="22.5344017" lon="113.9333704"><ele>8.5</ele><time>2023-09-24T22:47:48Z</time></trkpt>
      <trkpt lat="22.5344147" lon="113.9333829"><ele>8.5</ele><time>2023-09-24T22:47:49Z</time></trkpt>
      <trkpt lat="22.5344275" lon="113.9333958"><ele>8.5</ele><time>2023-09-24T22:47:50Z</time></trkpt>
      <trkpt lat="22.5344402" lon="113.9334086"><ele>8.4</ele><time>2023-09-24T22:47:51Z</time></trkpt>
      <trkpt lat="22.5344527" lon="113.9334214"><ele>8.4</ele><time>2023-09-24T22:47:52Z</time></trkpt>
      <trkpt lat="22.5344651" lon="113.9334342"><ele>8.4</ele><time>2023-09-24T22:47:53Z</time></trkpt>
      <trkpt lat="22.5344773" lon="113.9334472"><ele>8.3</ele><time>2023-09-24T22:47:54Z</time></trkpt>
      <trkpt lat="22.5344887" lon="113.9334610"><ele>8.3</ele><time>2023-09-24T22:47:55Z</time></trkpt>
      <trkpt lat="22.5344997" lon="113.9334752"><ele>8.3</ele><time>2023-09-24T22:47:56Z</time></trkpt>
      <trkpt lat="22.5345120" lon="113.9334889"><ele>8.2</ele><time>2023-09-24T22:47:57Z</time></trkpt>
      <trkpt lat="22.5345253" lon="113.9335019"><ele>8.2</ele><time>2023-09-24T22:47:58Z</time></trkpt>
      <trkpt lat="22.5345392" lon="113.9335144"><ele>8.1</ele><time>2023-09-24T22:47:59Z</time></trkpt>
      <trkpt lat="22.5345528" lon="113.9335269"><ele>8.1</ele><time>2023-09-24T22:48:00Z</time></trkpt>
      <trkpt lat="22.5345666" lon="113.9335392"><ele>8.1</ele><time>2023-09-24T22:48:01Z</time></trkpt>
      <trkpt lat="22.5345803" lon="113.9335517"><ele>8.0</ele><time>2023-09-24T22:48:02Z</time></trkpt>
      <trkpt lat="22.5345938" lon="113.9335644"><ele>8.0</ele><time>2023-09-24T22:48:03Z</time></trkpt>
      <trkpt lat="22.5346086" lon="113.9335760"><ele>8.0</ele><time>2023-09-24T22:48:04Z</time></trkpt>
      <trkpt lat="22.5346242" lon="113.9335865"><ele>8.0</ele><time>2023-09-24T22:48:05Z</time></trkpt>
      <trkpt lat="22.5346399" lon="113.9335972"><ele>7.9</ele><time>2023-09-24T22:48:06Z</time></trkpt>
      <trkpt lat="22.5346554" lon="113.9336092"><ele>7.9</ele><time>2023-09-24T22:48:07Z</time></trkpt>
      <trkpt lat="22.5346701" lon="113.9336212"><ele>7.9</ele><time>2023-09-24T22:48:08Z</time></trkpt>
      <trkpt lat="22.5346836" lon="113.9336321"><ele>7.9</ele><time>2023-09-24T22:48:09Z</time></trkpt>
      <trkpt lat="22.5346967" lon="113.9336424"><ele>7.9</ele><time>2023-09-24T22:48:10Z</time></trkpt>
      <trkpt lat="22.5347103" lon="113.9336525"><ele>7.9</ele><time>2023-09-24T22:48:11Z</time></trkpt>
      <trkpt lat="22.5347236" lon="113.9336633"><ele>7.9</ele><time>2023-09-24T22:48:12Z</time></trkpt>
      <trkpt lat="22.5347362" lon="113.9336750"><ele>7.9</ele><time>2023-09-24T22:48:13Z</time></trkpt>
      <trkpt lat="22.5347488" lon="113.9336867"><ele>7.9</ele><time>2023-09-24T22:48:14Z</time></trkpt>
      <trkpt lat="22.5347613" lon="113.9336989"><ele>7.9</ele><time>2023-09-24T22:48:15Z</time></trkpt>
      <trkpt lat="22.5347730" lon="113.9337122"><ele>7.9</ele><time>2023-09-24T22:48:16Z</time></trkpt>
      <trkpt lat="22.5347845" lon="113.9337259"><ele>7.9</ele><time>2023-09-24T22:48:17Z</time></trkpt>
      <trkpt lat="22.5347969" lon="113.9337387"><ele>7.9</ele><time>2023-09-24T22:48:18Z</time></trkpt>
      <trkpt lat="22.5348104" lon="113.9337505"><ele>7.9</ele><time>2023-09-24T22:48:19Z</time></trkpt>
      <trkpt lat="22.5348241" lon="113.9337621"><ele>8.0</ele><time>2023-09-24T22:48:20Z</time></trkpt>
      <trkpt lat="22.5348377" lon="113.9337741"><ele>8.0</ele><time>2023-09-24T22:48:21Z</time></trkpt>
      <trkpt lat="22.5348509" lon="113.9337867"><ele>8.0</ele><time>2023-09-24T22:48:22Z</time></trkpt>
      <trkpt lat="22.5348640" lon="113.9337996"><ele>8.0</ele><time>2023-09-24T22:48:23Z</time></trkpt>
      <trkpt lat="22.5348774" lon="113.9338124"><ele>8.1</ele><time>2023-09-24T22:48:24Z</time></trkpt>
      <trkpt lat="22.5348907" lon="113.9338251"><ele>8.1</ele><time>2023-09-24T22:48:25Z</time></trkpt>
      <trkpt lat="22.5349040" lon="113.9338378"><ele>8.1</ele><time>2023-09-24T22:48:26Z</time></trkpt>
      <trkpt lat="22.5349167" lon="113.9338510"><ele>8.2</ele><time>2023-09-24T22:48:27Z</time></trkpt>
      <trkpt lat="22.5349290" lon="113.9338646"><ele>8.2</ele><time>2023-09-24T22:48:28Z</time></trkpt>
      <trkpt lat="22.5349418" lon="113.9338775"><ele>8.2</ele><time>2023-09-24T22:48:29Z</time></trkpt>
      <trkpt lat="22.5349552" lon="113.9338897"><ele>8.3</ele><time>2023-09-24T22:48:30Z</time></trkpt>
      <trkpt lat="22.5349689" lon="113.9339019"><ele>8.3</ele><time>2023-09-24T22:48:31Z</time></trkpt>
      <trkpt lat="22.5349824" lon="113.9339140"><ele>8.3</ele><time>2023-09-24T22:48:32Z</time></trkpt>
      <trkpt lat="22.5349959" lon="113.9339263"><ele>8.4</ele><time>2023-09-24T22:48:33Z</time></trkpt>
      <trkpt lat="22.5350099" lon="113.9339388"><ele>8.4</ele><time>2023-09-24T22:48:34Z</time></trkpt>
      <trkpt lat="22.5350248" lon="113.9339514"><ele>8.4</ele><time>2023-09-24T22:48:35Z</time></trkpt>
      <trkpt lat="22.5350402" lon="113.9339640"><ele>8.5</ele><time>2023-09-24T22:48:36Z</time></trkpt>
      <trkpt lat="22.5350565" lon="113.9339760"><ele>8.5</ele><time>2023-09-24T22:48:37Z</time></trkpt>
      <trkpt lat="22.5350731" lon="113.9339868"><ele>8.5</ele><time>2023-09-24T22:48:38Z</time></trkpt>
      <trkpt lat="22.5350882" lon="113.9339979"><ele>8.6</ele><time>2023-09-24T22:48:39Z</time></trkpt>
      <trkpt lat="22.5351019" lon="113.9340096"><ele>8.6</ele><time>2023-09-24T22:48:40Z</time></trkpt>
      <trkpt lat="22.5351157" lon="113.9340209"><ele>8.6</ele><time>2023-09-24T22:48:41Z</time></trkpt>
      <trkpt lat="22.5351296" lon="113.9340316"><ele>8.6</ele><time>2023-09-24T22:48:42Z</time></trkpt>
      <trkpt lat="22.5351436" lon="113.9340422"><ele>8.6</ele><time>2023-09-24T22:48:43Z</time></trkpt>
      <trkpt lat="22.5351578" lon="113.9340528"><ele>8.7</ele><time>2023-09-24T22:48:44Z</time></trkpt>
      <trkpt lat="22.5351729" lon="113.9340632"><ele>8.7</ele><time>2023-09-24T22:48:45Z</time></trkpt>
      <trkpt lat="22.5351884" lon="113.9340731"><ele>8.7</ele><time>2023-09-24T22:48:46Z</time></trkpt>
      <trkpt lat="22.5352041" lon="113.9340831"><ele>8.7</ele><time>2023-09-24T22:48:47Z</time></trkpt>
      <trkpt lat="22.5352195" lon="113.9340937"><ele>8.7</ele><time>2023-09-24T22:48:48Z</time></trkpt>
      <trkpt lat="22.5352339" lon="113.9341047"><ele>8.7</ele><time>2023-09-24T22:48:49Z</time></trkpt>
      <trkpt lat="22.5352484" lon="113.9341160"><ele>8.7</ele><time>2023-09-24T22:48:50Z</time></trkpt>
      <trkpt lat="22.5352634" lon="113.9341273"><ele>8.7</ele><time>2023-09-24T22:48:51Z</time></trkpt>
      <trkpt lat="22.5352789" lon="113.9341383"><ele>8.7</ele><time>2023-09-24T22:48:52Z</time></trkpt>
      <trkpt lat="22.5352949" lon="113.9341491"><ele>8.7</ele><time>2023-09-24T22:48:53Z</time></trkpt>
      <trkpt lat="22.5353115" lon="113.9341597"><ele>8.7</ele><time>2023-09-24T22:48:54Z</time></trkpt>
      <trkpt lat="22.5353281" lon="113.9341706"><ele>8.7</ele><time>2023-09-24T22:48:55Z</time></trkpt>
      <trkpt lat="22.5353445" lon="113.9341819"><ele>8.7</ele><time>2023-09-24T22:48:56Z</time></trkpt>
      <trkpt lat="22.5353609" lon="113.9341929"><ele>8.7</ele><time>2023-09-24T22:48:57Z</time></trkpt>
      <trkpt lat="22.5353773" lon="113.9342033"><ele>8.7</ele><time>2023-09-24T22:48:58Z</time></trkpt>
      <trkpt lat="22.5353940" lon="113.9342131"><ele>8.7</ele><time>2023-09-24T22:48:59Z</time></trkpt>
      <trkpt lat="22.5354104" lon="113.9342233"><ele>8.7</ele><time>2023-09-24T22:49:00Z</time></trkpt>
      <trkpt lat="22.5354266" lon="113.9342334"><ele>8.7</ele><time>2023-09-24T22:49:01Z</time></trkpt>
      <trkpt lat="22.5354428" lon="113.9342420"><ele>8.7</ele><time>2023-09-24T22:49:02Z</time></trkpt>
      <trkpt lat="22.5354581" lon="113.9342502"><ele>8.7</ele><time>2023-09-24T22:49:03Z</time></trkpt>
      <trkpt lat="22.5354731" lon="113.9342589"><ele>8.7</ele><time>2023-09-24T22:49:04Z</time></trkpt>
      <trkpt lat="22.5354879" lon="113.9342682"><ele>8.7</ele><time>2023-09-24T22:49:05Z</time></trkpt>
      <trkpt lat="22.5355026" lon="113.9342778"><ele>8.7</ele><time>2023-09-24T22:49:06Z</time></trkpt>
      <trkpt lat="22.5355176" lon="113.9342872"><ele>8.7</ele><time>2023-09-24T22:49:07Z</time></trkpt>
      <trkpt lat="22.5355326" lon="113.9342969"><ele>8.7</ele><time>2023-09-24T22:49:08Z</time></trkpt>
      <trkpt lat="22.5355479" lon="113.9343063"><ele>8.7</ele><time>2023-09-24T22:49:09Z</time></trkpt>
      <trkpt lat="22.5355638" lon="113.9343149"><ele>8.7</ele><time>2023-09-24T22:49:10Z</time></trkpt>
      <trkpt lat="22.5355798" lon="113.9343235"><ele>8.7</ele><time>2023-09-24T22:49:11Z</time></trkpt>
      <trkpt lat="22.5355948" lon="113.9343336"><ele>8.7</ele><time>2023-09-24T22:49:12Z</time></trkpt>
      <trkpt lat="22.5356088" lon="113.9343448"><ele>8.7</ele><time>2023-09-24T22:49:13Z</time></trkpt>
      <trkpt lat="22.5356226" lon="113.9343563"><ele>8.8</ele><time>2023-09-24T22:49:14Z</time></trkpt>
      <trkpt lat="22.5356363" lon="113.9343677"><ele>8.8</ele><time>2023-09-24T22:49:15Z</time></trkpt>
      <trkpt lat="22.5356501" lon="113.9343791"><ele>8.8</ele><time>2023-09-24T22:49:16Z</time></trkpt>
      <trkpt lat="22.5356645" lon="113.9343899"><ele>8.8</ele><time>2023-09-24T22:49:17Z</time></trkpt>
      <trkpt lat="22.5356800" lon="113.9343997"><ele>8.8</ele><time>2023-09-24T22:49:18Z</time></trkpt>
      <trkpt lat="22.5356960" lon="113.9344088"><ele>8.8</ele><time>2023-09-24T22:49:19Z</time></trkpt>
      <trkpt lat="22.5357128" lon="113.9344166"><ele>8.8</ele><time>2023-09-24T22:49:20Z</time></trkpt>
      <trkpt lat="22.5357302" lon="113.9344232"><ele>8.9</ele><time>2023-09-24T22:49:21Z</time></trkpt>
      <trkpt lat="22.5357475" lon="113.9344299"><ele>8.9</ele><time>2023-09-24T22:49:22Z</time></trkpt>
      <trkpt lat="22.5357650" lon="113.9344370"><ele>8.9</ele><time>2023-09-24T22:49:23Z</time></trkpt>
      <trkpt lat="22.5357829" lon="113.9344434"><ele>8.9</ele><time>2023-09-24T22:49:24Z</time></trkpt>
      <trkpt lat="22.5358014" lon="113.9344484"><ele>9.0</ele><time>2023-09-24T22:49:25Z</time></trkpt>
      <trkpt lat="22.5358204" lon="113.9344529"><ele>9.0</ele><time>2023-09-24T22:49:26Z</time></trkpt>
      <trkpt lat="22.5358392" lon="113.9344583"><ele>9.0</ele><time>2023-09-24T22:49:27Z</time></trkpt>
      <trkpt lat="22.5358576" lon="113.9344649"><ele>9.1</ele><time>2023-09-24T22:49:28Z</time></trkpt>
      <trkpt lat="22.5358756" lon="113.9344725"><ele>9.1</ele><time>2023-09-24T22:49:29Z</time></trkpt>
      <trkpt lat="22.5358930" lon="113.9344809"><ele>9.1</ele><time>2023-09-24T22:49:30Z</time></trkpt>
      <trkpt lat="22.5359100" lon="113.9344898"><ele>9.2</ele><time>2023-09-24T22:49:31Z</time></trkpt>
      <trkpt lat="22.5359266" lon="113.9344995"><ele>9.2</ele><time>2023-09-24T22:49:32Z</time></trkpt>
      <trkpt lat="22.5359431" lon="113.9345093"><ele>9.2</ele><time>2023-09-24T22:49:33Z</time></trkpt>
      <trkpt lat="22.5359597" lon="113.9345187"><ele>9.3</ele><time>2023-09-24T22:49:34Z</time></trkpt>
      <trkpt lat="22.5359768" lon="113.9345275"><ele>9.3</ele><time>2023-09-24T22:49:35Z</time></trkpt>
      <trkpt lat="22.5359944" lon="113.9345351"><ele>9.4</ele><time>2023-09-24T22:49:36Z</time></trkpt>
      <trkpt lat="22.5360121" lon="113.9345422"><ele>9.4</ele><time>2023-09-24T22:49:37Z</time></trkpt>
      <trkpt lat="22.5360296" lon="113.9345501"><ele>9.5</ele><time>2023-09-24T22:49:38Z</time></trkpt>
      <trkpt lat="22.5360470" lon="113.9345587"><ele>9.5</ele><time>2023-09-24T22:49:39Z</time></trkpt>
      <trkpt lat="22.5360647" lon="113.9345666"><ele>9.6</ele><time>2023-09-24T22:49:40Z</time></trkpt>
      <trkpt lat="22.5360830" lon="113.9345735"><ele>9.6</ele><time>2023-09-24T22:49:41Z</time></trkpt>
      <trkpt lat="22.5361013" lon="113.9345793"><ele>9.7</ele><time>2023-09-24T22:49:42Z</time></trkpt>
      <trkpt lat="22.5361199" lon="113.9345835"><ele>9.7</ele><time>2023-09-24T22:49:43Z</time></trkpt>
      <trkpt lat="22.5361383" lon="113.9345877"><ele>9.8</ele><time>2023-09-24T22:49:44Z</time></trkpt>
      <trkpt lat="22.5361567" lon="113.9345936"><ele>9.8</ele><time>2023-09-24T22:49:45Z</time></trkpt>
      <trkpt lat="22.5361748" lon="113.9346021"><ele>9.9</ele><time>2023-09-24T22:49:46Z</time></trkpt>
      <trkpt lat="22.5361923" lon="113.9346123"><ele>9.9</ele><time>2023-09-24T22:49:47Z</time></trkpt>
      <trkpt lat="22.5362095" lon="113.9346229"><ele>10.0</ele><time>2023-09-24T22:49:48Z</time></trkpt>
      <trkpt lat="22.5362263" lon="113.9346337"><ele>10.0</ele><time>2023-09-24T22:49:49Z</time></trkpt>
      <trkpt lat="22.5362426" lon="113.9346446"><ele>10.1</ele><time>2023-09-24T22:49:50Z</time></trkpt>
      <trkpt lat="22.5362580" lon="113.9346567"><ele>10.1</ele><time>2023-09-24T22:49:51Z</time></trkpt>
      <trkpt lat="22.5362726" lon="113.9346700"><ele>10.2</ele><time>2023-09-24T22:49:52Z</time></trkpt>
      <trkpt lat="22.5362869" lon="113.9346831"><ele>10.2</ele><time>2023-09-24T22:49:53Z</time></trkpt>
      <trkpt lat="22.5363006" lon="113.9346961"><ele>10.3</ele><time>2023-09-24T22:49:54Z</time></trkpt>
      <trkpt lat="22.5363133" lon="113.9347097"><ele>10.3</ele><time>2023-09-24T22:49:55Z</time></trkpt>
      <trkpt lat="22.5363263" lon="113.9347233"><ele>10.3</ele><time>2023-09-24T22:49:56Z</time></trkpt>
      <trkpt lat="22.5363397" lon="113.9347362"><ele>10.3</ele><time>2023-09-24T22:49:57Z</time></trkpt>
      <trkpt lat="22.5363534" lon="113.9347482"><ele>10.4</ele><time>2023-09-24T22:49:58Z</time></trkpt>
      <trkpt lat="22.5363675" lon="113.9347594"><ele>10.4</ele><time>2023-09-24T22:49:59Z</time></trkpt>
      <trkpt lat="22.5363813" lon="113.9347704"><ele>10.4</ele><time>2023-09-24T22:50:00Z</time></trkpt>
      <trkpt lat="22.5363956" lon="113.9347813"><ele>10.4</ele><time>2023-09-24T22:50:01Z</time></trkpt>
      <trkpt lat="22.5364104" lon="113.9347917"><ele>10.4</ele><time>2023-09-24T22:50:02Z</time></trkpt>
      <trkpt lat="22.5364257" lon="113.9348021"><ele>10.4</ele><time>2023-09-24T22:50:03Z</time></trkpt>
      <trkpt lat="22.5364415" lon="113.9348121"><ele>10.4</ele><time>2023-09-24T22:50:04Z</time></trkpt>
      <trkpt lat="22.5364574" lon="113.9348219"><ele>10.4</ele><time>2023-09-24T22:50:05Z</time></trkpt>
      <trkpt lat="22.5364736" lon="113.9348306"><ele>10.4</ele><time>2023-09-24T22:50:06Z</time></trkpt>
      <trkpt lat="22.5364903" lon="113.9348381"><ele>10.3</ele><time>2023-09-24T22:50:07Z</time></trkpt>
      <trkpt lat="22.5365071" lon="113.9348450"><ele>10.3</ele><time>2023-09-24T22:50:08Z</time></trkpt>
      <trkpt lat="22.5365242" lon="113.9348507"><ele>10.3</ele><time>2023-09-24T22:50:09Z</time></trkpt>
      <trkpt lat="22.5365418" lon="113.9348551"><ele>10.3</ele><time>2023-09-24T22:50:10Z</time></trkpt>
      <trkpt lat="22.5365590" lon="113.9348596"><ele>10.2</ele><time>2023-09-24T22:50:11Z</time></trkpt>
      <trkpt lat="22.5365756" lon="113.9348657"><ele>10.2</ele><time>2023-09-24T22:50:12Z</time></trkpt>
      <trkpt lat="22.5365921" lon="113.9348730"><ele>10.2</ele><time>2023-09-24T22:50:13Z</time></trkpt>
      <trkpt lat="22.5366084" lon="113.9348811"><ele>10.1</ele><time>2023-09-24T22:50:14Z</time></trkpt>
      <trkpt lat="22.5366241" lon="113.9348905"><ele>10.1</ele><time>2023-09-24T22:50:15Z</time></trkpt>
      <trkpt lat="22.5366393" lon="113.9349007"><ele>10.1</ele><time>2023-09-24T22:50:16Z</time></trkpt>
      <trkpt lat="22.5366541" lon="113.9349111"><ele>10.0</ele><time>2023-09-24T22:50:17Z</time></trkpt>
      <trkpt lat="22.5366686" lon="113.9349221"><ele>10.0</ele><time>2023-09-24T22:50:18Z</time></trkpt>
      <trkpt lat="22.5366830" lon="113.9349336"><ele>9.9</ele><time>2023-09-24T22:50:19Z</time></trkpt>
      <trkpt lat="22.5366977" lon="113.9349453"><ele>9.9</ele><time>2023-09-24T22:50:20Z</time></trkpt>
      <trkpt lat="22.5367122" lon="113.9349579"><ele>9.9</ele><time>2023-09-24T22:50:21Z</time></trkpt>
      <trkpt lat="22.5367260" lon="113.9349714"><ele>9.8</ele><time>2023-09-24T22:50:22Z</time></trkpt>
      <trkpt lat="22.5367400" lon="113.9349848"><ele>9.8</ele><time>2023-09-24T22:50:23Z</time></trkpt>
      <trkpt lat="22.5367534" lon="113.9349988"><ele>9.7</ele><time>2023-09-24T22:50:24Z</time></trkpt>
      <trkpt lat="22.5367657" lon="113.9350135"><ele>9.7</ele><time>2023-09-24T22:50:25Z</time></trkpt>
      <trkpt lat="22.5367780" lon="113.9350279"><ele>9.7</ele><time>2023-09-24T22:50:26Z</time></trkpt>
      <trkpt lat="22.5367910" lon="113.9350417"><ele>9.7</ele><time>2023-09-24T22:50:27Z</time></trkpt>
      <trkpt lat="22.5368040" lon="113.9350552"><ele>9.6</ele><time>2023-09-24T22:50:28Z</time></trkpt>
      <trkpt lat="22.5368169" lon="113.9350690"><ele>9.6</ele><time>2023-09-24T22:50:29Z</time></trkpt>
      <trkpt lat="22.5368299" lon="113.9350829"><ele>9.6</ele><time>2023-09-24T22:50:30Z</time></trkpt>
      <trkpt lat="22.5368427" lon="113.9350976"><ele>9.6</ele><time>2023-09-24T22:50:31Z</time></trkpt>
      <trkpt lat="22.5368555" lon="113.9351126"><ele>9.6</ele><time>2023-09-24T22:50:32Z</time></trkpt>
      <trkpt lat="22.5368699" lon="113.9351264"><ele>9.5</ele><time>2023-09-24T22:50:33Z</time></trkpt>
      <trkpt lat="22.5368851" lon="113.9351386"><ele>9.5</ele><time>2023-09-24T22:50:34Z</time></trkpt>
      <trkpt lat="22.5369001" lon="113.9351502"><ele>9.5</ele><time>2023-09-24T22:50:35Z</time></trkpt>
      <trkpt lat="22.5369144" lon="113.9351624"><ele>9.5</ele><time>2023-09-24T22:50:36Z</time></trkpt>
      <trkpt lat="22.5369281" lon="113.9351749"><ele>9.5</ele><time>2023-09-24T22:50:37Z</time></trkpt>
      <trkpt lat="22.5369420" lon="113.9351872"><ele>9.5</ele><time>2023-09-24T22:50:38Z</time></trkpt>
      <trkpt lat="22.5369571" lon="113.9351987"><ele>9.5</ele><time>2023-09-24T22:50:39Z</time></trkpt>
      <trkpt lat="22.5369732" lon="113.9352089"><ele>9.5</ele><time>2023-09-24T22:50:40Z</time></trkpt>
      <trkpt lat="22.5369896" lon="113.9352189"><ele>9.5</ele><time>2023-09-24T22:50:41Z</time></trkpt>
      <trkpt lat="22.5370056" lon="113.9352293"><ele>9.5</ele><time>2023-09-24T22:50:42Z</time></trkpt>
      <trkpt lat="22.5370220" lon="113.9352391"><ele>9.5</ele><time>2023-09-24T22:50:43Z</time></trkpt>
      <trkpt lat="22.5370388" lon="113.9352483"><ele>9.5</ele><time>2023-09-24T22:50:44Z</time></trkpt>
      <trkpt lat="22.5370553" lon="113.9352574"><ele>9.5</ele><time>2023-09-24T22:50:45Z</time></trkpt>
      <trkpt lat="22.5370713" lon="113.9352663"><ele>9.5</ele><time>2023-09-24T22:50:46Z</time></trkpt>
      <trkpt lat="22.5370873" lon="113.9352754"><ele>9.6</ele><time>2023-09-24T22:50:47Z</time></trkpt>
      <trkpt lat="22.5371026" lon="113.9352857"><ele>9.6</ele><time>2023-09-24T22:50:48Z</time></trkpt>
      <trkpt lat="22.5371173" lon="113.9352969"><ele>9.6</ele><time>2023-09-24T22:50:49Z</time></trkpt>
      <trkpt lat="22.5371313" lon="113.9353089"><ele>9.6</ele><time>2023-09-24T22:50:50Z</time></trkpt>
      <trkpt lat="22.5371448" lon="113.9353215"><ele>9.6</ele><time>2023-09-24T22:50:51Z</time></trkpt>
      <trkpt lat="22.5371587" lon="113.9353341"><ele>9.6</ele><time>2023-09-24T22:50:52Z</time></trkpt>
      <trkpt lat="22.5371737" lon="113.9353458"><ele>9.7</ele><time>2023-09-24T22:50:53Z</time></trkpt>
      <trkpt lat="22.5371893" lon="113.9353562"><ele>9.7</ele><time>2023-09-24T22:50:54Z</time></trkpt>
      <trkpt lat="22.5372051" lon="113.9353654"><ele>9.7</ele><time>2023-09-24T22:50:55Z</time></trkpt>
      <trkpt lat="22.5372221" lon="113.9353739"><ele>9.8</ele><time>2023-09-24T22:50:56Z</time></trkpt>
      <trkpt lat="22.5372396" lon="113.9353819"><ele>9.8</ele><time>2023-09-24T22:50:57Z</time></trkpt>
      <trkpt lat="22.5372571" lon="113.9353896"><ele>9.8</ele><time>2023-09-24T22:50:58Z</time></trkpt>
      <trkpt lat="22.5372740" lon="113.9353983"><ele>9.9</ele><time>2023-09-24T22:50:59Z</time></trkpt>
      <trkpt lat="22.5372898" lon="113.9354083"><ele>9.9</ele><time>2023-09-24T22:51:00Z</time></trkpt>
      <trkpt lat="22.5373043" lon="113.9354198"><ele>10.0</ele><time>2023-09-24T22:51:01Z</time></trkpt>
      <trkpt lat="22.5373173" lon="113.9354330"><ele>10.1</ele><time>2023-09-24T22:51:02Z</time></trkpt>
      <trkpt lat="22.5373310" lon="113.9354458"><ele>10.1</ele><time>2023-09-24T22:51:03Z</time></trkpt>
      <trkpt lat="22.5373460" lon="113.9354572"><ele>10.2</ele><time>2023-09-24T22:51:04Z</time></trkpt>
      <trkpt lat="22.5373621" lon="113.9354673"><ele>10.3</ele><time>2023-09-24T22:51:05Z</time></trkpt>
      <trkpt lat="22.5373787" lon="113.9354766"><ele>10.3</ele><time>2023-09-24T22:51:06Z</time></trkpt>
      <trkpt lat="22.5373941" lon="113.9354875"><ele>10.4</ele><time>2023-09-24T22:51:07Z</time></trkpt>
      <trkpt lat="22.5374084" lon="113.9354998"><ele>10.5</ele><time>2023-09-24T22:51:08Z</time></trkpt>
      <trkpt lat="22.5374226" lon="113.9355122"><ele>10.5</ele><time>2023-09-24T22:51:09Z</time></trkpt>
      <trkpt lat="22.5374377" lon="113.9355233"><ele>10.6</ele><time>2023-09-24T22:51:10Z</time></trkpt>
      <trkpt lat="22.5374532" lon="113.9355334"><ele>10.7</ele><time>2023-09-24T22:51:11Z</time></trkpt>
      <trkpt lat="22.5374682" lon="113.9355441"><ele>10.8</ele><time>2023-09-24T22:51:12Z</time></trkpt>
      <trkpt lat="22.5374825" lon="113.9355559"><ele>10.9</ele><time>2023-09-24T22:51:13Z</time></trkpt>
      <trkpt lat="22.5374960" lon="113.9355690"><ele>10.9</ele><time>2023-09-24T22:51:14Z</time></trkpt>
      <trkpt lat="22.5375097" lon="113.9355819"><ele>11.0</ele><time>2023-09-24T22:51:15Z</time></trkpt>
      <trkpt lat="22.5375243" lon="113.9355929"><ele>11.1</ele><time>2023-09-24T22:51:16Z</time></trkpt>
      <trkpt lat="22.5375396" lon="113.9356026"><ele>11.2</ele><time>2023-09-24T22:51:17Z</time></trkpt>
      <trkpt lat="22.5375545" lon="113.9356132"><ele>11.3</ele><time>2023-09-24T22:51:18Z</time></trkpt>
      <trkpt lat="22.5375687" lon="113.9356243"><ele>11.4</ele><time>2023-09-24T22:51:19Z</time></trkpt>
      <trkpt lat="22.5375826" lon="113.9356351"><ele>11.5</ele><time>2023-09-24T22:51:20Z</time></trkpt>
      <trkpt lat="22.5375967" lon="113.9356441"><ele>11.5</ele><time>2023-09-24T22:51:21Z</time></trkpt>
      <trkpt lat="22.5376116" lon="113.9356508"><ele>11.6</ele><time>2023-09-24T22:51:22Z</time></trkpt>
      <trkpt lat="22.5376268" lon="113.9356576"><ele>11.7</ele><time>2023-09-24T22:51:23Z</time></trkpt>
      <trkpt lat="22.5376415" lon="113.9356643"><ele>11.8</ele><time>2023-09-24T22:51:24Z</time></trkpt>
      <trkpt lat="22.5376563" lon="113.9356692"><ele>11.9</ele><time>2023-09-24T22:51:25Z</time></trkpt>
      <trkpt lat="22.5376714" lon="113.9356700"><ele>11.9</ele><time>2023-09-24T22:51:26Z</time></trkpt>
      <trkpt lat="22.5376863" lon="113.9356677"><ele>12.0</ele><time>2023-09-24T22:51:27Z</time></trkpt>
      <trkpt lat="22.5377012" lon="113.9356641"><ele>12.1</ele><time>2023-09-24T22:51:28Z</time></trkpt>
      <trkpt lat="22.5377165" lon="113.9356585"><ele>12.2</ele><time>2023-09-24T22:51:29Z</time></trkpt>
      <trkpt lat="22.5377319" lon="113.9356517"><ele>12.2</ele><time>2023-09-24T22:51:30Z</time></trkpt>
      <trkpt lat="22.5377467" lon="113.9356438"><ele>12.3</ele><time>2023-09-24T22:51:31Z</time></trkpt>
      <trkpt lat="22.5377606" lon="113.9356345"><ele>12.4</ele><time>2023-09-24T22:51:32Z</time></trkpt>
      <trkpt lat="22.5377732" lon="113.9356239"><ele>12.5</ele><time>2023-09-24T22:51:33Z</time></trkpt>
      <trkpt lat="22.5377845" lon="113.9356114"><ele>12.6</ele><time>2023-09-24T22:51:34Z</time></trkpt>
      <trkpt lat="22.5377958" lon="113.9355986"><ele>12.6</ele><time>2023-09-24T22:51:35Z</time></trkpt>
      <trkpt lat="22.5378074" lon="113.9355852"><ele>12.7</ele><time>2023-09-24T22:51:36Z</time></trkpt>
      <trkpt lat="22.5378184" lon="113.9355706"><ele>12.8</ele><time>2023-09-24T22:51:37Z</time></trkpt>
      <trkpt lat="22.5378289" lon="113.9355558"><ele>12.9</ele><time>2023-09-24T22:51:38Z</time></trkpt>
      <trkpt lat="22.5378392" lon="113.9355406"><ele>13.0</ele><time>2023-09-24T22:51:39Z</time></trkpt>
      <trkpt lat="22.5378496" lon="113.9355252"><ele>13.0</ele><time>2023-09-24T22:51:40Z</time></trkpt>
      <trkpt lat="22.5378597" lon="113.9355095"><ele>13.1</ele><time>2023-09-24T22:51:41Z</time></trkpt>
      <trkpt lat="22.5378694" lon="113.9354940"><ele>13.2</ele><time>2023-09-24T22:51:42Z</time></trkpt>
      <trkpt lat="22.5378789" lon="113.9354780"><ele>13.3</ele><time>2023-09-24T22:51:43Z</time></trkpt>
      <trkpt lat="22.5378885" lon="113.9354619"><ele>13.3</ele><time>2023-09-24T22:51:44Z</time></trkpt>
      <trkpt lat="22.5378984" lon="113.9354458"><ele>13.4</ele><time>2023-09-24T22:51:45Z</time></trkpt>
      <trkpt lat="22.5379090" lon="113.9354302"><ele>13.4</ele><time>2023-09-24T22:51:46Z</time></trkpt>
      <trkpt lat="22.5379205" lon="113.9354157"><ele>13.5</ele><time>2023-09-24T22:51:47Z</time></trkpt>
      <trkpt lat="22.5379323" lon="113.9354019"><ele>13.5</ele><time>2023-09-24T22:51:48Z</time></trkpt>
      <trkpt lat="22.5379443" lon="113.9353881"><ele>13.5</ele><time>2023-09-24T22:51:49Z</time></trkpt>
      <trkpt lat="22.5379564" lon="113.9353741"><ele>13.6</ele><time>2023-09-24T22:51:50Z</time></trkpt>
      <trkpt lat="22.5379688" lon="113.9353604"><ele>13.6</ele><time>2023-09-24T22:51:51Z</time></trkpt>
      <trkpt lat="22.5379820" lon="113.9353477"><ele>13.6</ele><time>2023-09-24T22:51:52Z</time></trkpt>
      <trkpt lat="22.5379954" lon="113.9353350"><ele>13.6</ele><time>2023-09-24T22:51:53Z</time></trkpt>
      <trkpt lat="22.5380086" lon="113.9353216"><ele>13.6</ele><time>2023-09-24T22:51:54Z</time></trkpt>
      <trkpt lat="22.5380225" lon="113.9353079"><ele>13.6</ele><time>2023-09-24T22:51:55Z</time></trkpt>
      <trkpt lat="22.5380364" lon="113.9352937"><ele>13.6</ele><time>2023-09-24T22:51:56Z</time></trkpt>
      <trkpt lat="22.5380495" lon="113.9352791"><ele>13.6</ele><time>2023-09-24T22:51:57Z</time></trkpt>
      <trkpt lat="22.5380621" lon="113.9352641"><ele>13.6</ele><time>2023-09-24T22:51:58Z</time></trkpt>
      <trkpt lat="22.5380744" lon="113.9352491"><ele>13.6</ele><time>2023-09-24T22:51:59Z</time></trkpt>
      <trkpt lat="22.5380867" lon="113.9352348"><ele>13.5</ele><time>2023-09-24T22:52:00Z</time></trkpt>
      <trkpt lat="22.5380966" lon="113.9352200"><ele>13.5</ele><time>2023-09-24T22:52:01Z</time></trkpt>
      <trkpt lat="22.5381038" lon="113.9352043"><ele>13.4</ele><time>2023-09-24T22:52:02Z</time></trkpt>
      <trkpt lat="22.5381118" lon="113.9351895"><ele>13.4</ele><time>2023-09-24T22:52:03Z</time></trkpt>
      <trkpt lat="22.5381216" lon="113.9351760"><ele>13.4</ele><time>2023-09-24T22:52:04Z</time></trkpt>
      <trkpt lat="22.5381335" lon="113.9351641"><ele>13.3</ele><time>2023-09-24T22:52:05Z</time></trkpt>
      <trkpt lat="22.5381465" lon="113.9351525"><ele>13.3</ele><time>2023-09-24T22:52:06Z</time></trkpt>
      <trkpt lat="22.5381594" lon="113.9351403"><ele>13.2</ele><time>2023-09-24T22:52:07Z</time></trkpt>
      <trkpt lat="22.5381722" lon="113.9351278"><ele>13.2</ele><time>2023-09-24T22:52:08Z</time></trkpt>
      <trkpt lat="22.5381852" lon="113.9351150"><ele>13.1</ele><time>2023-09-24T22:52:09Z</time></trkpt>
      <trkpt lat="22.5381982" lon="113.9351027"><ele>13.1</ele><time>2023-09-24T22:52:10Z</time></trkpt>
      <trkpt lat="22.5382122" lon="113.9350919"><ele>13.0</ele><time>2023-09-24T22:52:11Z</time></trkpt>
      <trkpt lat="22.5382279" lon="113.9350844"><ele>12.9</ele><time>2023-09-24T22:52:12Z</time></trkpt>
      <trkpt lat="22.5382452" lon="113.9350820"><ele>12.9</ele><time>2023-09-24T22:52:13Z</time></trkpt>
      <trkpt lat="22.5382630" lon="113.9350837"><ele>12.8</ele><time>2023-09-24T22:52:14Z</time></trkpt>
      <trkpt lat="22.5382804" lon="113.9350885"><ele>12.8</ele><time>2023-09-24T22:52:15Z</time></trkpt>
      <trkpt lat="22.5382976" lon="113.9350949"><ele>12.7</ele><time>2023-09-24T22:52:16Z</time></trkpt>
      <trkpt lat="22.5383144" lon="113.9351024"><ele>12.7</ele><time>2023-09-24T22:52:17Z</time></trkpt>
      <trkpt lat="22.5383294" lon="113.9351130"><ele>12.6</ele><time>2023-09-24T22:52:18Z</time></trkpt>
      <trkpt lat="22.5383424" lon="113.9351270"><ele>12.5</ele><time>2023-09-24T22:52:19Z</time></trkpt>
      <trkpt lat="22.5383540" lon="113.9351432"><ele>12.5</ele><time>2023-09-24T22:52:20Z</time></trkpt>
      <trkpt lat="22.5383644" lon="113.9351605"><ele>12.4</ele><time>2023-09-24T22:52:21Z</time></trkpt>
      <trkpt lat="22.5383740" lon="113.9351779"><ele>12.3</ele><time>2023-09-24T22:52:22Z</time></trkpt>
      <trkpt lat="22.5383834" lon="113.9351952"><ele>12.3</ele><time>2023-09-24T22:52:23Z</time></trkpt>
      <trkpt lat="22.5383933" lon="113.9352124"><ele>12.2</ele><time>2023-09-24T22:52:24Z</time></trkpt>
      <trkpt lat="22.5384046" lon="113.9352289"><ele>12.1</ele><time>2023-09-24T22:52:25Z</time></trkpt>
      <trkpt lat="22.5384169" lon="113.9352448"><ele>12.1</ele><time>2023-09-24T22:52:26Z</time></trkpt>
      <trkpt lat="22.5384284" lon="113.9352613"><ele>12.0</ele><time>2023-09-24T22:52:27Z</time></trkpt>
      <trkpt lat="22.5384390" lon="113.9352782"><ele>11.9</ele><time>2023-09-24T22:52:28Z</time></trkpt>
      <trkpt lat="22.5384496" lon="113.9352953"><ele>11.9</ele><time>2023-09-24T22:52:29Z</time></trkpt>
      <trkpt lat="22.5384599" lon="113.9353125"><ele>11.8</ele><time>2023-09-24T22:52:30Z</time></trkpt>
      <trkpt lat="22.5384702" lon="113.9353295"><ele>11.8</ele><time>2023-09-24T22:52:31Z</time></trkpt>
      <trkpt lat="22.5384805" lon="113.9353467"><ele>11.7</ele><time>2023-09-24T22:52:32Z</time></trkpt>
      <trkpt lat="22.5384904" lon="113.9353642"><ele>11.6</ele><time>2023-09-24T22:52:33Z</time></trkpt>
      <trkpt lat="22.5385002" lon="113.9353814"><ele>11.6</ele><time>2023-09-24T22:52:34Z</time></trkpt>
      <trkpt lat="22.5385095" lon="113.9353986"><ele>11.5</ele><time>2023-09-24T22:52:35Z</time></trkpt>
      <trkpt lat="22.5385171" lon="113.9354164"><ele>11.5</ele><time>2023-09-24T22:52:36Z</time></trkpt>
      <trkpt lat="22.5385219" lon="113.9354362"><ele>11.4</ele><time>2023-09-24T22:52:37Z</time></trkpt>
      <trkpt lat="22.5385231" lon="113.9354572"><ele>11.4</ele><time>2023-09-24T22:52:38Z</time></trkpt>
      <trkpt lat="22.5385221" lon="113.9354781"><ele>11.4</ele><time>2023-09-24T22:52:39Z</time></trkpt>
      <trkpt lat="22.5385193" lon="113.9354984"><ele>11.3</ele><time>2023-09-24T22:52:40Z</time></trkpt>
      <trkpt lat="22.5385150" lon="113.9355181"><ele>11.3</ele><time>2023-09-24T22:52:41Z</time></trkpt>
      <trkpt lat="22.5385104" lon="113.9355376"><ele>11.3</ele><time>2023-09-24T22:52:42Z</time></trkpt>
      <trkpt lat="22.5385051" lon="113.9355570"><ele>11.2</ele><time>2023-09-24T22:52:43Z</time></trkpt>
      <trkpt lat="22.5384978" lon="113.9355755"><ele>11.2</ele><time>2023-09-24T22:52:44Z</time></trkpt>
      <trkpt lat="22.5384874" lon="113.9355919"><ele>11.2</ele><time>2023-09-24T22:52:45Z</time></trkpt>
      <trkpt lat="22.5384749" lon="113.9356062"><ele>11.2</ele><time>2023-09-24T22:52:46Z</time></trkpt>
      <trkpt lat="22.5384628" lon="113.9356202"><ele>11.1</ele><time>2023-09-24T22:52:47Z</time></trkpt>
      <trkpt lat="22.5384514" lon="113.9356347"><ele>11.1</ele><time>2023-09-24T22:52:48Z</time></trkpt>
      <trkpt lat="22.5384400" lon="113.9356494"><ele>11.1</ele><time>2023-09-24T22:52:49Z</time></trkpt>
      <trkpt lat="22.5384291" lon="113.9356647"><ele>11.1</ele><time>2023-09-24T22:52:50Z</time></trkpt>
      <trkpt lat="22.5384186" lon="113.9356805"><ele>11.1</ele><time>2023-09-24T22:52:51Z</time></trkpt>
      <trkpt lat="22.5384092" lon="113.9356967"><ele>11.0</ele><time>2023-09-24T22:52:52Z</time></trkpt>
      <trkpt lat="22.5384008" lon="113.9357135"><ele>11.0</ele><time>2023-09-24T22:52:53Z</time></trkpt>
      <trkpt lat="22.5383924" lon="113.9357305"><ele>11.0</ele><time>2023-09-24T22:52:54Z</time></trkpt>
      <trkpt lat="22.5383848" lon="113.9357480"><ele>11.0</ele><time>2023-09-24T22:52:55Z</time></trkpt>
      <trkpt lat="22.5383787" lon="113.9357665"><ele>10.9</ele><time>2023-09-24T22:52:56Z</time></trkpt>
      <trkpt lat="22.5383731" lon="113.9357855"><ele>10.9</ele><time>2023-09-24T22:52:57Z</time></trkpt>
      <trkpt lat="22.5383679" lon="113.9358047"><ele>10.9</ele><time>2023-09-24T22:52:58Z</time></trkpt>
      <trkpt lat="22.5383632" lon="113.9358240"><ele>10.8</ele><time>2023-09-24T22:52:59Z</time></trkpt>
      <trkpt lat="22.5383591" lon="113.9358434"><ele>10.8</ele><time>2023-09-24T22:53:00Z</time></trkpt>
      <trkpt lat="22.5383557" lon="113.9358628"><ele>10.8</ele><time>2023-09-24T22:53:01Z</time></trkpt>
      <trkpt lat="22.5383524" lon="113.9358822"><ele>10.7</ele><time>2023-09-24T22:53:02Z</time></trkpt>
      <trkpt lat="22.5383497" lon="113.9359016"><ele>10.7</ele><time>2023-09-24T22:53:03Z</time></trkpt>
      <trkpt lat="22.5383480" lon="113.9359209"><ele>10.6</ele><time>2023-09-24T22:53:04Z</time></trkpt>
      <trkpt lat="22.5383482" lon="113.9359399"><ele>10.6</ele><time>2023-09-24T22:53:05Z</time></trkpt>
      <trkpt lat="22.5383503" lon="113.9359588"><ele>10.5</ele><time>2023-09-24T22:53:06Z</time></trkpt>
      <trkpt lat="22.5383539" lon="113.9359782"><ele>10.5</ele><time>2023-09-24T22:53:07Z</time></trkpt>
      <trkpt lat="22.5383586" lon="113.9359977"><ele>10.4</ele><time>2023-09-24T22:53:08Z</time></trkpt>
      <trkpt lat="22.5383638" lon="113.9360168"><ele>10.4</ele><time>2023-09-24T22:53:09Z</time></trkpt>
      <trkpt lat="22.5383697" lon="113.9360360"><ele>10.3</ele><time>2023-09-24T22:53:10Z</time></trkpt>
      <trkpt lat="22.5383757" lon="113.9360547"><ele>10.3</ele><time>2023-09-24T22:53:11Z</time></trkpt>
      <trkpt lat="22.5383829" lon="113.9360728"><ele>10.2</ele><time>2023-09-24T22:53:12Z</time></trkpt>
      <trkpt lat="22.5383902" lon="113.9360913"><ele>10.2</ele><time>2023-09-24T22:53:13Z</time></trkpt>
      <trkpt lat="22.5383972" lon="113.9361099"><ele>10.2</ele><time>2023-09-24T22:53:14Z</time></trkpt>
      <trkpt lat="22.5384049" lon="113.9361275"><ele>10.1</ele><time>2023-09-24T22:53:15Z</time></trkpt>
      <trkpt lat="22.5384134" lon="113.9361449"><ele>10.1</ele><time>2023-09-24T22:53:16Z</time></trkpt>
      <trkpt lat="22.5384227" lon="113.9361620"><ele>10.1</ele><time>2023-09-24T22:53:17Z</time></trkpt>
      <trkpt lat="22.5384330" lon="113.9361787"><ele>10.0</ele><time>2023-09-24T22:53:18Z</time></trkpt>
      <trkpt lat="22.5384437" lon="113.9361952"><ele>10.0</ele><time>2023-09-24T22:53:19Z</time></trkpt>
      <trkpt lat="22.5384555" lon="113.9362107"><ele>10.0</ele><time>2023-09-24T22:53:20Z</time></trkpt>
      <trkpt lat="22.5384686" lon="113.9362251"><ele>10.0</ele><time>2023-09-24T22:53:21Z</time></trkpt>
      <trkpt lat="22.5384821" lon="113.9362392"><ele>9.9</ele><time>2023-09-24T22:53:22Z</time></trkpt>
      <trkpt lat="22.5384955" lon="113.9362531"><ele>9.9</ele><time>2023-09-24T22:53:23Z</time></trkpt>
      <trkpt lat="22.5385095" lon="113.9362660"><ele>9.9</ele><time>2023-09-24T22:53:24Z</time></trkpt>
      <trkpt lat="22.5385244" lon="113.9362778"><ele>9.9</ele><time>2023-09-24T22:53:25Z</time></trkpt>
      <trkpt lat="22.5385394" lon="113.9362894"><ele>9.9</ele><time>2023-09-24T22:53:26Z</time></trkpt>
      <trkpt lat="22.5385543" lon="113.9363018"><ele>9.9</ele><time>2023-09-24T22:53:27Z</time></trkpt>
      <trkpt lat="22.5385697" lon="113.9363141"><ele>9.9</ele><time>2023-09-24T22:53:28Z</time></trkpt>
      <trkpt lat="22.5385865" lon="113.9363254"><ele>9.9</ele><time>2023-09-24T22:53:29Z</time></trkpt>
      <trkpt lat="22.5386047" lon="113.9363365"><ele>9.9</ele><time>2023-09-24T22:53:30Z</time></trkpt>
      <trkpt lat="22.5386240" lon="113.9363469"><ele>9.9</ele><time>2023-09-24T22:53:31Z</time></trkpt>
      <trkpt lat="22.5386438" lon="113.9363568"><ele>9.9</ele><time>2023-09-24T22:53:32Z</time></trkpt>
      <trkpt lat="22.5386623" lon="113.9363666"><ele>9.9</ele><time>2023-09-24T22:53:33Z</time></trkpt>
      <trkpt lat="22.5386807" lon="113.9363738"><ele>9.9</ele><time>2023-09-24T22:53:34Z</time></trkpt>
      <trkpt lat="22.5386998" lon="113.9363795"><ele>9.9</ele><time>2023-09-24T22:53:35Z</time></trkpt>
      <trkpt lat="22.5387189" lon="113.9363845"><ele>9.9</ele><time>2023-09-24T22:53:36Z</time></trkpt>
      <trkpt lat="22.5387383" lon="113.9363886"><ele>9.9</ele><time>2023-09-24T22:53:37Z</time></trkpt>
      <trkpt lat="22.5387579" lon="113.9363924"><ele>9.9</ele><time>2023-09-24T22:53:38Z</time></trkpt>
      <trkpt lat="22.5387773" lon="113.9363951"><ele>9.9</ele><time>2023-09-24T22:53:39Z</time></trkpt>
      <trkpt lat="22.5387967" lon="113.9363974"><ele>9.9</ele><time>2023-09-24T22:53:40Z</time></trkpt>
      <trkpt lat="22.5388162" lon="113.9363993"><ele>9.9</ele><time>2023-09-24T22:53:41Z</time></trkpt>
      <trkpt lat="22.5388359" lon="113.9364010"><ele>9.9</ele><time>2023-09-24T22:53:42Z</time></trkpt>
      <trkpt lat="22.5388553" lon="113.9364039"><ele>9.9</ele><time>2023-09-24T22:53:43Z</time></trkpt>
      <trkpt lat="22.5388744" lon="113.9364066"><ele>9.9</ele><time>2023-09-24T22:53:44Z</time></trkpt>
      <trkpt lat="22.5388935" lon="113.9364076"><ele>9.9</ele><time>2023-09-24T22:53:45Z</time></trkpt>
      <trkpt lat="22.5389125" lon="113.9364073"><ele>9.9</ele><time>2023-09-24T22:53:46Z</time></trkpt>
      <trkpt lat="22.5389316" lon="113.9364074"><ele>9.9</ele><time>2023-09-24T22:53:47Z</time></trkpt>
      <trkpt lat="22.5389509" lon="113.9364078"><ele>9.9</ele><time>2023-09-24T22:53:48Z</time></trkpt>
      <trkpt lat="22.5389700" lon="113.9364082"><ele>9.9</ele><time>2023-09-24T22:53:49Z</time></trkpt>
      <trkpt lat="22.5389888" lon="113.9364086"><ele>10.0</ele><time>2023-09-24T22:53:50Z</time></trkpt>
      <trkpt lat="22.5390074" lon="113.9364088"><ele>10.0</ele><time>2023-09-24T22:53:51Z</time></trkpt>
      <trkpt lat="22.5390260" lon="113.9364089"><ele>10.0</ele><time>2023-09-24T22:53:52Z</time></trkpt>
      <trkpt lat="22.5390447" lon="113.9364083"><ele>10.0</ele><time>2023-09-24T22:53:53Z</time></trkpt>
      <trkpt lat="22.5390633" lon="113.9364071"><ele>10.0</ele><time>2023-09-24T22:53:54Z</time></trkpt>
      <trkpt lat="22.5390820" lon="113.9364066"><ele>10.0</ele><time>2023-09-24T22:53:55Z</time></trkpt>
      <trkpt lat="22.5391009" lon="113.9364065"><ele>10.1</ele><time>2023-09-24T22:53:56Z</time></trkpt>
      <trkpt lat="22.5391195" lon="113.9364063"><ele>10.1</ele><time>2023-09-24T22:53:57Z</time></trkpt>
      <trkpt lat="22.5391380" lon="113.9364061"><ele>10.1</ele><time>2023-09-24T22:53:58Z</time></trkpt>
      <trkpt lat="22.5391565" lon="113.9364058"><ele>10.1</ele><time>2023-09-24T22:53:59Z</time></trkpt>
      <trkpt lat="22.5391745" lon="113.9364058"><ele>10.1</ele><time>2023-09-24T22:54:00Z</time></trkpt>
      <trkpt lat="22.5391925" lon="113.9364060"><ele>10.2</ele><time>2023-09-24T22:54:01Z</time></trkpt>
      <trkpt lat="22.5392106" lon="113.9364059"><ele>10.2</ele><time>2023-09-24T22:54:02Z</time></trkpt>
      <trkpt lat="22.5392286" lon="113.9364059"><ele>10.2</ele><time>2023-09-24T22:54:03Z</time></trkpt>
      <trkpt lat="22.5392468" lon="113.9364056"><ele>10.2</ele><time>2023-09-24T22:54:04Z</time></trkpt>
      <trkpt lat="22.5392648" lon="113.9364047"><ele>10.2</ele><time>2023-09-24T22:54:05Z</time></trkpt>
      <trkpt lat="22.5392823" lon="113.9364037"><ele>10.3</ele><time>2023-09-24T22:54:06Z</time></trkpt>
      <trkpt lat="22.5392997" lon="113.9364033"><ele>10.3</ele><time>2023-09-24T22:54:07Z</time></trkpt>
      <trkpt lat="22.5393169" lon="113.9364029"><ele>10.3</ele><time>2023-09-24T22:54:08Z</time></trkpt>
      <trkpt lat="22.5393340" lon="113.9364023"><ele>10.3</ele><time>2023-09-24T22:54:09Z</time></trkpt>
      <trkpt lat="22.5393513" lon="113.9364014"><ele>10.3</ele><time>2023-09-24T22:54:10Z</time></trkpt>
      <trkpt lat="22.5393686" lon="113.9363998"><ele>10.3</ele><time>2023-09-24T22:54:11Z</time></trkpt>
      <trkpt lat="22.5393859" lon="113.9363980"><ele>10.4</ele><time>2023-09-24T22:54:12Z</time></trkpt>
      <trkpt lat="22.5394034" lon="113.9363973"><ele>10.4</ele><time>2023-09-24T22:54:13Z</time></trkpt>
      <trkpt lat="22.5394210" lon="113.9363969"><ele>10.4</ele><time>2023-09-24T22:54:14Z</time></trkpt>
      <trkpt lat="22.5394385" lon="113.9363963"><ele>10.4</ele><time>2023-09-24T22:54:15Z</time></trkpt>
      <trkpt lat="22.5394562" lon="113.9363953"><ele>10.4</ele><time>2023-09-24T22:54:16Z</time></trkpt>
      <trkpt lat="22.5394738" lon="113.9363935"><ele>10.5</ele><time>2023-09-24T22:54:17Z</time></trkpt>
      <trkpt lat="22.5394911" lon="113.9363917"><ele>10.5</ele><time>2023-09-24T22:54:18Z</time></trkpt>
      <trkpt lat="22.5395085" lon="113.9363897"><ele>10.5</ele><time>2023-09-24T22:54:19Z</time></trkpt>
      <trkpt lat="22.5395256" lon="113.9363895"><ele>10.5</ele><time>2023-09-24T22:54:20Z</time></trkpt>
      <trkpt lat="22.5395426" lon="113.9363906"><ele>10.5</ele><time>2023-09-24T22:54:21Z</time></trkpt>
      <trkpt lat="22.5395599" lon="113.9363903"><ele>10.5</ele><time>2023-09-24T22:54:22Z</time></trkpt>
      <trkpt lat="22.5395772" lon="113.9363875"><ele>10.6</ele><time>2023-09-24T22:54:23Z</time></trkpt>
      <trkpt lat="22.5395944" lon="113.9363821"><ele>10.6</ele><time>2023-09-24T22:54:24Z</time></trkpt>
      <trkpt lat="22.5396119" lon="113.9363754"><ele>10.6</ele><time>2023-09-24T22:54:25Z</time></trkpt>
      <trkpt lat="22.5396292" lon="113.9363685"><ele>10.6</ele><time>2023-09-24T22:54:26Z</time></trkpt>
      <trkpt lat="22.5396462" lon="113.9363620"><ele>10.6</ele><time>2023-09-24T22:54:27Z</time></trkpt>
      <trkpt lat="22.5396629" lon="113.9363552"><ele>10.6</ele><time>2023-09-24T22:54:28Z</time></trkpt>
      <trkpt lat="22.5396792" lon="113.9363479"><ele>10.7</ele><time>2023-09-24T22:54:29Z</time></trkpt>
      <trkpt lat="22.5396954" lon="113.9363402"><ele>10.7</ele><time>2023-09-24T22:54:30Z</time></trkpt>
      <trkpt lat="22.5397117" lon="113.9363315"><ele>10.7</ele><time>2023-09-24T22:54:31Z</time></trkpt>
      <trkpt lat="22.5397274" lon="113.9363218"><ele>10.7</ele><time>2023-09-24T22:54:32Z</time></trkpt>
      <trkpt lat="22.5397430" lon="113.9363118"><ele>10.7</ele><time>2023-09-24T22:54:33Z</time></trkpt>
      <trkpt lat="22.5397584" lon="113.9363019"><ele>10.7</ele><time>2023-09-24T22:54:34Z</time></trkpt>
      <trkpt lat="22.5397729" lon="113.9362908"><ele>10.8</ele><time>2023-09-24T22:54:35Z</time></trkpt>
      <trkpt lat="22.5397867" lon="113.9362790"><ele>10.8</ele><time>2023-09-24T22:54:36Z</time></trkpt>
      <trkpt lat="22.5398002" lon="113.9362669"><ele>10.8</ele><time>2023-09-24T22:54:37Z</time></trkpt>
      <trkpt lat="22.5398130" lon="113.9362541"><ele>10.8</ele><time>2023-09-24T22:54:38Z</time></trkpt>
      <trkpt lat="22.5398255" lon="113.9362408"><ele>10.8</ele><time>2023-09-24T22:54:39Z</time></trkpt>
      <trkpt lat="22.5398375" lon="113.9362270"><ele>10.8</ele><time>2023-09-24T22:54:40Z</time></trkpt>
      <trkpt lat="22.5398485" lon="113.9362126"><ele>10.8</ele><time>2023-09-24T22:54:41Z</time></trkpt>
      <trkpt lat="22.5398585" lon="113.9361970"><ele>10.8</ele><time>2023-09-24T22:54:42Z</time></trkpt>
      <trkpt lat="22.5398675" lon="113.9361801"><ele>10.8</ele><time>2023-09-24T22:54:43Z</time></trkpt>
      <trkpt lat="22.5398759" lon="113.9361628"><ele>10.8</ele><time>2023-09-24T22:54:44Z</time></trkpt>
      <trkpt lat="22.5398842" lon="113.9361453"><ele>10.8</ele><time>2023-09-24T22:54:45Z</time></trkpt>
      <trkpt lat="22.5398914" lon="113.9361274"><ele>10.8</ele><time>2023-09-24T22:54:46Z</time></trkpt>
      <trkpt lat="22.5398975" lon="113.9361091"><ele>10.8</ele><time>2023-09-24T22:54:47Z</time></trkpt>
      <trkpt lat="22.5399037" lon="113.9360909"><ele>10.8</ele><time>2023-09-24T22:54:48Z</time></trkpt>
      <trkpt lat="22.5399095" lon="113.9360726"><ele>10.8</ele><time>2023-09-24T22:54:49Z</time></trkpt>
      <trkpt lat="22.5399152" lon="113.9360545"><ele>10.8</ele><time>2023-09-24T22:54:50Z</time></trkpt>
      <trkpt lat="22.5399199" lon="113.9360364"><ele>10.8</ele><time>2023-09-24T22:54:51Z</time></trkpt>
      <trkpt lat="22.5399237" lon="113.9360180"><ele>10.7</ele><time>2023-09-24T22:54:52Z</time></trkpt>
      <trkpt lat="22.5399279" lon="113.9359998"><ele>10.7</ele><time>2023-09-24T22:54:53Z</time></trkpt>
      <trkpt lat="22.5399316" lon="113.9359819"><ele>10.7</ele><time>2023-09-24T22:54:54Z</time></trkpt>
      <trkpt lat="22.5399335" lon="113.9359638"><ele>10.7</ele><time>2023-09-24T22:54:55Z</time></trkpt>
      <trkpt lat="22.5399342" lon="113.9359454"><ele>10.6</ele><time>2023-09-24T22:54:56Z</time></trkpt>
      <trkpt lat="22.5399340" lon="113.9359268"><ele>10.6</ele><time>2023-09-24T22:54:57Z</time></trkpt>
      <trkpt lat="22.5399334" lon="113.9359084"><ele>10.6</ele><time>2023-09-24T22:54:58Z</time></trkpt>
      <trkpt lat="22.5399327" lon="113.9358904"><ele>10.6</ele><time>2023-09-24T22:54:59Z</time></trkpt>
      <trkpt lat="22.5399327" lon="113.9358727"><ele>10.5</ele><time>2023-09-24T22:55:00Z</time></trkpt>
      <trkpt lat="22.5399324" lon="113.9358551"><ele>10.5</ele><time>2023-09-24T22:55:01Z</time></trkpt>
      <trkpt lat="22.5399294" lon="113.9358372"><ele>10.5</ele><time>2023-09-24T22:55:02Z</time></trkpt>
      <trkpt lat="22.5399253" lon="113.9358190"><ele>10.4</ele><time>2023-09-24T22:55:03Z</time></trkpt>
      <trkpt lat="22.5399206" lon="113.9358014"><ele>10.4</ele><time>2023-09-24T22:55:04Z</time></trkpt>
      <trkpt lat="22.5399147" lon="113.9357843"><ele>10.4</ele><time>2023-09-24T22:55:05Z</time></trkpt>
      <trkpt lat="22.5399082" lon="113.9357676"><ele>10.4</ele><time>2023-09-24T22:55:06Z</time></trkpt>
      <trkpt lat="22.5399012" lon="113.9357512"><ele>10.4</ele><time>2023-09-24T22:55:07Z</time></trkpt>
      <trkpt lat="22.5398942" lon="113.9357345"><ele>10.3</ele><time>2023-09-24T22:55:08Z</time></trkpt>
      <trkpt lat="22.5398870" lon="113.9357178"><ele>10.3</ele><time>2023-09-24T22:55:09Z</time></trkpt>
      <trkpt lat="22.5398798" lon="113.9357010"><ele>10.3</ele><time>2023-09-24T22:55:10Z</time></trkpt>
      <trkpt lat="22.5398718" lon="113.9356848"><ele>10.3</ele><time>2023-09-24T22:55:11Z</time></trkpt>
      <trkpt lat="22.5398621" lon="113.9356695"><ele>10.3</ele><time>2023-09-24T22:55:12Z</time></trkpt>
      <trkpt lat="22.5398520" lon="113.9356546"><ele>10.3</ele><time>2023-09-24T22:55:13Z</time></trkpt>
      <trkpt lat="22.5398422" lon="113.9356397"><ele>10.2</ele><time>2023-09-24T22:55:14Z</time></trkpt>
      <trkpt lat="22.5398317" lon="113.9356251"><ele>10.2</ele><time>2023-09-24T22:55:15Z</time></trkpt>
      <trkpt lat="22.5398206" lon="113.9356112"><ele>10.2</ele><time>2023-09-24T22:55:16Z</time></trkpt>
      <trkpt lat="22.5398092" lon="113.9355973"><ele>10.2</ele><time>2023-09-24T22:55:17Z</time></trkpt>
      <trkpt lat="22.5397973" lon="113.9355837"><ele>10.2</ele><time>2023-09-24T22:55:18Z</time></trkpt>
      <trkpt lat="22.5397853" lon="113.9355707"><ele>10.2</ele><time>2023-09-24T22:55:19Z</time></trkpt>
      <trkpt lat="22.5397730" lon="113.9355582"><ele>10.2</ele><time>2023-09-24T22:55:20Z</time></trkpt>
      <trkpt lat="22.5397603" lon="113.9355457"><ele>10.2</ele><time>2023-09-24T22:55:21Z</time></trkpt>
      <trkpt lat="22.5397475" lon="113.9355336"><ele>10.2</ele><time>2023-09-24T22:55:22Z</time></trkpt>
      <trkpt lat="22.5397338" lon="113.9355227"><ele>10.2</ele><time>2023-09-24T22:55:23Z</time></trkpt>
      <trkpt lat="22.5397191" lon="113.9355130"><ele>10.2</ele><time>2023-09-24T22:55:24Z</time></trkpt>
      <trkpt lat="22.5397042" lon="113.9355037"><ele>10.2</ele><time>2023-09-24T22:55:25Z</time></trkpt>
      <trkpt lat="22.5396896" lon="113.9354942"><ele>10.2</ele><time>2023-09-24T22:55:26Z</time></trkpt>
      <trkpt lat="22.5396751" lon="113.9354846"><ele>10.2</ele><time>2023-09-24T22:55:27Z</time></trkpt>
      <trkpt lat="22.5396607" lon="113.9354747"><ele>10.2</ele><time>2023-09-24T22:55:28Z</time></trkpt>
      <trkpt lat="22.5396460" lon="113.9354649"><ele>10.2</ele><time>2023-09-24T22:55:29Z</time></trkpt>
      <trkpt lat="22.5396299" lon="113.9354561"><ele>10.2</ele><time>2023-09-24T22:55:30Z</time></trkpt>
      <trkpt lat="22.5396128" lon="113.9354500"><ele>10.2</ele><time>2023-09-24T22:55:31Z</time></trkpt>
      <trkpt lat="22.5395945" lon="113.9354467"><ele>10.2</ele><time>2023-09-24T22:55:32Z</time></trkpt>
      <trkpt lat="22.5395757" lon="113.9354441"><ele>10.3</ele><time>2023-09-24T22:55:33Z</time></trkpt>
      <trkpt lat="22.5395575" lon="113.9354416"><ele>10.3</ele><time>2023-09-24T22:55:34Z</time></trkpt>
      <trkpt lat="22.5395390" lon="113.9354403"><ele>10.3</ele><time>2023-09-24T22:55:35Z</time></trkpt>
      <trkpt lat="22.5395202" lon="113.9354398"><ele>10.4</ele><time>2023-09-24T22:55:36Z</time></trkpt>
      <trkpt lat="22.5395015" lon="113.9354391"><ele>10.4</ele><time>2023-09-24T22:55:37Z</time></trkpt>
      <trkpt lat="22.5394828" lon="113.9354389"><ele>10.5</ele><time>2023-09-24T22:55:38Z</time></trkpt>
      <trkpt lat="22.5394641" lon="113.9354394"><ele>10.5</ele><time>2023-09-24T22:55:39Z</time></trkpt>
      <trkpt lat="22.5394455" lon="113.9354396"><ele>10.6</ele><time>2023-09-24T22:55:40Z</time></trkpt>
      <trkpt lat="22.5394263" lon="113.9354390"><ele>10.6</ele><time>2023-09-24T22:55:41Z</time></trkpt>
      <trkpt lat="22.5394070" lon="113.9354387"><ele>10.7</ele><time>2023-09-24T22:55:42Z</time></trkpt>
      <trkpt lat="22.5393883" lon="113.9354398"><ele>10.7</ele><time>2023-09-24T22:55:43Z</time></trkpt>
      <trkpt lat="22.5393703" lon="113.9354424"><ele>10.8</ele><time>2023-09-24T22:55:44Z</time></trkpt>
      <trkpt lat="22.5393523" lon="113.9354452"><ele>10.9</ele><time>2023-09-24T22:55:45Z</time></trkpt>
      <trkpt lat="22.5393338" lon="113.9354472"><ele>10.9</ele><time>2023-09-24T22:55:46Z</time></trkpt>
      <trkpt lat="22.5393150" lon="113.9354492"><ele>11.0</ele><time>2023-09-24T22:55:47Z</time></trkpt>
      <trkpt lat="22.5392963" lon="113.9354518"><ele>11.1</ele><time>2023-09-24T22:55:48Z</time></trkpt>
      <trkpt lat="22.5392776" lon="113.9354540"><ele>11.2</ele><time>2023-09-24T22:55:49Z</time></trkpt>
      <trkpt lat="22.5392591" lon="113.9354551"><ele>11.2</ele><time>2023-09-24T22:55:50Z</time></trkpt>
      <trkpt lat="22.5392408" lon="113.9354557"><ele>11.3</ele><time>2023-09-24T22:55:51Z</time></trkpt>
      <trkpt lat="22.5392225" lon="113.9354561"><ele>11.4</ele><time>2023-09-24T22:55:52Z</time></trkpt>
      <trkpt lat="22.5392044" lon="113.9354574"><ele>11.5</ele><time>2023-09-24T22:55:53Z</time></trkpt>
      <trkpt lat="22.5391862" lon="113.9354591"><ele>11.6</ele><time>2023-09-24T22:55:54Z</time></trkpt>
      <trkpt lat="22.5391682" lon="113.9354609"><ele>11.6</ele><time>2023-09-24T22:55:55Z</time></trkpt>
      <trkpt lat="22.5391505" lon="113.9354626"><ele>11.7</ele><time>2023-09-24T22:55:56Z</time></trkpt>
      <trkpt lat="22.5391328" lon="113.9354640"><ele>11.8</ele><time>2023-09-24T22:55:57Z</time></trkpt>
      <trkpt lat="22.5391151" lon="113.9354653"><ele>11.9</ele><time>2023-09-24T22:55:58Z</time></trkpt>
      <trkpt lat="22.5390975" lon="113.9354670"><ele>12.0</ele><time>2023-09-24T22:55:59Z</time></trkpt>
      <trkpt lat="22.5390798" lon="113.9354694"><ele>12.0</ele><time>2023-09-24T22:56:00Z</time></trkpt>
      <trkpt lat="22.5390620" lon="113.9354708"><ele>12.1</ele><time>2023-09-24T22:56:01Z</time></trkpt>
      <trkpt lat="22.5390448" lon="113.9354711"><ele>12.2</ele><time>2023-09-24T22:56:02Z</time></trkpt>
      <trkpt lat="22.5390276" lon="113.9354719"><ele>12.2</ele><time>2023-09-24T22:56:03Z</time></trkpt>
      <trkpt lat="22.5390102" lon="113.9354736"><ele>12.3</ele><time>2023-09-24T22:56:04Z</time></trkpt>
      <trkpt lat="22.5389928" lon="113.9354750"><ele>12.4</ele><time>2023-09-24T22:56:05Z</time></trkpt>
      <trkpt lat="22.5389753" lon="113.9354756"><ele>12.4</ele><time>2023-09-24T22:56:06Z</time></trkpt>
      <trkpt lat="22.5389575" lon="113.9354766"><ele>12.5</ele><time>2023-09-24T22:56:07Z</time></trkpt>
      <trkpt lat="22.5389397" lon="113.9354774"><ele>12.5</ele><time>2023-09-24T22:56:08Z</time></trkpt>
      <trkpt lat="22.5389220" lon="113.9354770"><ele>12.6</ele><time>2023-09-24T22:56:09Z</time></trkpt>
      <trkpt lat="22.5389047" lon="113.9354766"><ele>12.6</ele><time>2023-09-24T22:56:10Z</time></trkpt>
      <trkpt lat="22.5388877" lon="113.9354765"><ele>12.7</ele><time>2023-09-24T22:56:11Z</time></trkpt>
      <trkpt lat="22.5388706" lon="113.9354760"><ele>12.7</ele><time>2023-09-24T22:56:12Z</time></trkpt>
      <trkpt lat="22.5388533" lon="113.9354756"><ele>12.8</ele><time>2023-09-24T22:56:13Z</time></trkpt>
      <trkpt lat="22.5388359" lon="113.9354754"><ele>12.8</ele><time>2023-09-24T22:56:14Z</time></trkpt>
      <trkpt lat="22.5388190" lon="113.9354759"><ele>12.8</ele><time>2023-09-24T22:56:15Z</time></trkpt>
      <trkpt lat="22.5388024" lon="113.9354776"><ele>12.9</ele><time>2023-09-24T22:56:16Z</time></trkpt>
      <trkpt lat="22.5387859" lon="113.9354792"><ele>12.9</ele><time>2023-09-24T22:56:17Z</time></trkpt>
      <trkpt lat="22.5387691" lon="113.9354802"><ele>12.9</ele><time>2023-09-24T22:56:18Z</time></trkpt>
      <trkpt lat="22.5387524" lon="113.9354799"><ele>12.9</ele><time>2023-09-24T22:56:19Z</time></trkpt>
      <trkpt lat="22.5387360" lon="113.9354794"><ele>12.9</ele><time>2023-09-24T22:56:20Z</time></trkpt>
      <trkpt lat="22.5387197" lon="113.9354804"><ele>12.9</ele><time>2023-09-24T22:56:21Z</time></trkpt>
      <trkpt lat="22.5387030" lon="113.9354822"><ele>12.9</ele><time>2023-09-24T22:56:22Z</time></trkpt>
      <trkpt lat="22.5386865" lon="113.9354841"><ele>12.9</ele><time>2023-09-24T22:56:23Z</time></trkpt>
      <trkpt lat="22.5386705" lon="113.9354871"><ele>12.9</ele><time>2023-09-24T22:56:24Z</time></trkpt>
      <trkpt lat="22.5386548" lon="113.9354919"><ele>12.9</ele><time>2023-09-24T22:56:25Z</time></trkpt>
      <trkpt lat="22.5386394" lon="113.9354980"><ele>12.8</ele><time>2023-09-24T22:56:26Z</time></trkpt>
      <trkpt lat="22.5386242" lon="113.9355047"><ele>12.8</ele><time>2023-09-24T22:56:27Z</time></trkpt>
      <trkpt lat="22.5386093" lon="113.9355120"><ele>12.8</ele><time>2023-09-24T22:56:28Z</time></trkpt>
      <trkpt lat="22.5385943" lon="113.9355197"><ele>12.7</ele><time>2023-09-24T22:56:29Z</time></trkpt>
      <trkpt lat="22.5385794" lon="113.9355283"><ele>12.7</ele><time>2023-09-24T22:56:30Z</time></trkpt>
      <trkpt lat="22.5385649" lon="113.9355377"><ele>12.6</ele><time>2023-09-24T22:56:31Z</time></trkpt>
      <trkpt lat="22.5385512" lon="113.9355482"><ele>12.5</ele><time>2023-09-24T22:56:32Z</time></trkpt>
      <trkpt lat="22.5385385" lon="113.9355600"><ele>12.5</ele><time>2023-09-24T22:56:33Z</time></trkpt>
      <trkpt lat="22.5385263" lon="113.9355723"><ele>12.4</ele><time>2023-09-24T22:56:34Z</time></trkpt>
      <trkpt lat="22.5385145" lon="113.9355853"><ele>12.3</ele><time>2023-09-24T22:56:35Z</time></trkpt>
      <trkpt lat="22.5385030" lon="113.9355991"><ele>12.3</ele><time>2023-09-24T22:56:36Z</time></trkpt>
      <trkpt lat="22.5384913" lon="113.9356124"><ele>12.2</ele><time>2023-09-24T22:56:37Z</time></trkpt>
      <trkpt lat="22.5384798" lon="113.9356250"><ele>12.1</ele><time>2023-09-24T22:56:38Z</time></trkpt>
      <trkpt lat="22.5384686" lon="113.9356381"><ele>12.0</ele><time>2023-09-24T22:56:39Z</time></trkpt>
      <trkpt lat="22.5384574" lon="113.9356513"><ele>11.9</ele><time>2023-09-24T22:56:40Z</time></trkpt>
      <trkpt lat="22.5384466" lon="113.9356645"><ele>11.8</ele><time>2023-09-24T22:56:41Z</time></trkpt>
      <trkpt lat="22.5384366" lon="113.9356786"><ele>11.7</ele><time>2023-09-24T22:56:42Z</time></trkpt>
      <trkpt lat="22.5384273" lon="113.9356933"><ele>11.7</ele><time>2023-09-24T22:56:43Z</time></trkpt>
      <trkpt lat="22.5384186" lon="113.9357085"><ele>11.6</ele><time>2023-09-24T22:56:44Z</time></trkpt>
      <trkpt lat="22.5384099" lon="113.9357240"><ele>11.5</ele><time>2023-09-24T22:56:45Z</time></trkpt>
      <trkpt lat="22.5384013" lon="113.9357395"><ele>11.4</ele><time>2023-09-24T22:56:46Z</time></trkpt>
      <trkpt lat="22.5383930" lon="113.9357552"><ele>11.3</ele><time>2023-09-24T22:56:47Z</time></trkpt>
      <trkpt lat="22.5383861" lon="113.9357718"><ele>11.2</ele><time>2023-09-24T22:56:48Z</time></trkpt>
      <trkpt lat="22.5383816" lon="113.9357885"><ele>11.2</ele><time>2023-09-24T22:56:49Z</time></trkpt>
      <trkpt lat="22.5383782" lon="113.9358051"><ele>11.1</ele><time>2023-09-24T22:56:50Z</time></trkpt>
      <trkpt lat="22.5383742" lon="113.9358223"><ele>11.0</ele><time>2023-09-24T22:56:51Z</time></trkpt>
      <trkpt lat="22.5383695" lon="113.9358399"><ele>10.9</ele><time>2023-09-24T22:56:52Z</time></trkpt>
      <trkpt lat="22.5383649" lon="113.9358576"><ele>10.9</ele><time>2023-09-24T22:56:53Z</time></trkpt>
      <trkpt lat="22.5383617" lon="113.9358756"><ele>10.8</ele><time>2023-09-24T22:56:54Z</time></trkpt>
      <trkpt lat="22.5383595" lon="113.9358938"><ele>10.7</ele><time>2023-09-24T22:56:55Z</time></trkpt>
      <trkpt lat="22.5383578" lon="113.9359122"><ele>10.7</ele><time>2023-09-24T22:56:56Z</time></trkpt>
      <trkpt lat="22.5383571" lon="113.9359307"><ele>10.6</ele><time>2023-09-24T22:56:57Z</time></trkpt>
      <trkpt lat="22.5383579" lon="113.9359495"><ele>10.6</ele><time>2023-09-24T22:56:58Z</time></trkpt>
      <trkpt lat="22.5383600" lon="113.9359684"><ele>10.5</ele><time>2023-09-24T22:56:59Z</time></trkpt>
      <trkpt lat="22.5383623" lon="113.9359872"><ele>10.5</ele><time>2023-09-24T22:57:00Z</time></trkpt>
      <trkpt lat="22.5383646" lon="113.9360061"><ele>10.4</ele><time>2023-09-24T22:57:01Z</time></trkpt>
      <trkpt lat="22.5383671" lon="113.9360251"><ele>10.4</ele><time>2023-09-24T22:57:02Z</time></trkpt>
      <trkpt lat="22.5383702" lon="113.9360438"><ele>10.3</ele><time>2023-09-24T22:57:03Z</time></trkpt>
      <trkpt lat="22.5383749" lon="113.9360622"><ele>10.3</ele><time>2023-09-24T22:57:04Z</time></trkpt>
      <trkpt lat="22.5383810" lon="113.9360799"><ele>10.3</ele><time>2023-09-24T22:57:05Z</time></trkpt>
      <trkpt lat="22.5383880" lon="113.9360971"><ele>10.3</ele><time>2023-09-24T22:57:06Z</time></trkpt>
      <trkpt lat="22.5383950" lon="113.9361147"><ele>10.2</ele><time>2023-09-24T22:57:07Z</time></trkpt>
      <trkpt lat="22.5384022" lon="113.9361324"><ele>10.2</ele><time>2023-09-24T22:57:08Z</time></trkpt>
      <trkpt lat="22.5384111" lon="113.9361497"><ele>10.2</ele><time>2023-09-24T22:57:09Z</time></trkpt>
      <trkpt lat="22.5384209" lon="113.9361667"><ele>10.2</ele><time>2023-09-24T22:57:10Z</time></trkpt>
      <trkpt lat="22.5384302" lon="113.9361836"><ele>10.2</ele><time>2023-09-24T22:57:11Z</time></trkpt>
      <trkpt lat="22.5384398" lon="113.9362002"><ele>10.2</ele><time>2023-09-24T22:57:12Z</time></trkpt>
      <trkpt lat="22.5384508" lon="113.9362162"><ele>10.2</ele><time>2023-09-24T22:57:13Z</time></trkpt>
      <trkpt lat="22.5384636" lon="113.9362310"><ele>10.2</ele><time>2023-09-24T22:57:14Z</time></trkpt>
      <trkpt lat="22.5384787" lon="113.9362440"><ele>10.2</ele><time>2023-09-24T22:57:15Z</time></trkpt>
      <trkpt lat="22.5384944" lon="113.9362562"><ele>10.2</ele><time>2023-09-24T22:57:16Z</time></trkpt>
      <trkpt lat="22.5385090" lon="113.9362688"><ele>10.2</ele><time>2023-09-24T22:57:17Z</time></trkpt>
      <trkpt lat="22.5385225" lon="113.9362820"><ele>10.2</ele><time>2023-09-24T22:57:18Z</time></trkpt>
      <trkpt lat="22.5385360" lon="113.9362954"><ele>10.2</ele><time>2023-09-24T22:57:19Z</time></trkpt>
      <trkpt lat="22.5385507" lon="113.9363081"><ele>10.2</ele><time>2023-09-24T22:57:20Z</time></trkpt>
      <trkpt lat="22.5385666" lon="113.9363197"><ele>10.2</ele><time>2023-09-24T22:57:21Z</time></trkpt>
      <trkpt lat="22.5385831" lon="113.9363296"><ele>10.2</ele><time>2023-09-24T22:57:22Z</time></trkpt>
      <trkpt lat="22.5385995" lon="113.9363390"><ele>10.2</ele><time>2023-09-24T22:57:23Z</time></trkpt>
      <trkpt lat="22.5386151" lon="113.9363495"><ele>10.2</ele><time>2023-09-24T22:57:24Z</time></trkpt>
      <trkpt lat="22.5386307" lon="113.9363601"><ele>10.3</ele><time>2023-09-24T22:57:25Z</time></trkpt>
      <trkpt lat="22.5386479" lon="113.9363684"><ele>10.3</ele><time>2023-09-24T22:57:26Z</time></trkpt>
      <trkpt lat="22.5386659" lon="113.9363749"><ele>10.3</ele><time>2023-09-24T22:57:27Z</time></trkpt>
      <trkpt lat="22.5386842" lon="113.9363802"><ele>10.3</ele><time>2023-09-24T22:57:28Z</time></trkpt>
      <trkpt lat="22.5387031" lon="113.9363844"><ele>10.4</ele><time>2023-09-24T22:57:29Z</time></trkpt>
      <trkpt lat="22.5387219" lon="113.9363879"><ele>10.4</ele><time>2023-09-24T22:57:30Z</time></trkpt>
      <trkpt lat="22.5387405" lon="113.9363913"><ele>10.4</ele><time>2023-09-24T22:57:31Z</time></trkpt>
      <trkpt lat="22.5387595" lon="113.9363948"><ele>10.5</ele><time>2023-09-24T22:57:32Z</time></trkpt>
      <trkpt lat="22.5387789" lon="113.9363973"><ele>10.5</ele><time>2023-09-24T22:57:33Z</time></trkpt>
      <trkpt lat="22.5387982" lon="113.9363987"><ele>10.5</ele><time>2023-09-24T22:57:34Z</time></trkpt>
      <trkpt lat="22.5388170" lon="113.9363997"><ele>10.6</ele><time>2023-09-24T22:57:35Z</time></trkpt>
      <trkpt lat="22.5388358" lon="113.9364011"><ele>10.6</ele><time>2023-09-24T22:57:36Z</time></trkpt>
      <trkpt lat="22.5388548" lon="113.9364027"><ele>10.7</ele><time>2023-09-24T22:57:37Z</time></trkpt>
      <trkpt lat="22.5388739" lon="113.9364030"><ele>10.7</ele><time>2023-09-24T22:57:38Z</time></trkpt>
      <trkpt lat="22.5388936" lon="113.9364017"><ele>10.8</ele><time>2023-09-24T22:57:39Z</time></trkpt>
      <trkpt lat="22.5389133" lon="113.9364014"><ele>10.8</ele><time>2023-09-24T22:57:40Z</time></trkpt>
      <trkpt lat="22.5389328" lon="113.9364022"><ele>10.9</ele><time>2023-09-24T22:57:41Z</time></trkpt>
      <trkpt lat="22.5389525" lon="113.9364028"><ele>11.0</ele><time>2023-09-24T22:57:42Z</time></trkpt>
      <trkpt lat="22.5389723" lon="113.9364028"><ele>11.0</ele><time>2023-09-24T22:57:43Z</time></trkpt>
      <trkpt lat="22.5389921" lon="113.9364021"><ele>11.1</ele><time>2023-09-24T22:57:44Z</time></trkpt>
      <trkpt lat="22.5390114" lon="113.9364009"><ele>11.2</ele><time>2023-09-24T22:57:45Z</time></trkpt>
      <trkpt lat="22.5390305" lon="113.9363997"><ele>11.2</ele><time>2023-09-24T22:57:46Z</time></trkpt>
      <trkpt lat="22.5390500" lon="113.9363985"><ele>11.3</ele><time>2023-09-24T22:57:47Z</time></trkpt>
      <trkpt lat="22.5390694" lon="113.9363974"><ele>11.4</ele><time>2023-09-24T22:57:48Z</time></trkpt>
      <trkpt lat="22.5390885" lon="113.9363973"><ele>11.4</ele><time>2023-09-24T22:57:49Z</time></trkpt>
      <trkpt lat="22.5391074" lon="113.9363988"><ele>11.5</ele><time>2023-09-24T22:57:50Z</time></trkpt>
      <trkpt lat="22.5391261" lon="113.9364001"><ele>11.5</ele><time>2023-09-24T22:57:51Z</time></trkpt>
      <trkpt lat="22.5391448" lon="113.9363988"><ele>11.6</ele><time>2023-09-24T22:57:52Z</time></trkpt>
      <trkpt lat="22.5391632" lon="113.9363964"><ele>11.7</ele><time>2023-09-24T22:57:53Z</time></trkpt>
      <trkpt lat="22.5391816" lon="113.9363945"><ele>11.7</ele><time>2023-09-24T22:57:54Z</time></trkpt>
      <trkpt lat="22.5392001" lon="113.9363934"><ele>11.8</ele><time>2023-09-24T22:57:55Z</time></trkpt>
      <trkpt lat="22.5392183" lon="113.9363934"><ele>11.8</ele><time>2023-09-24T22:57:56Z</time></trkpt>
      <trkpt lat="22.5392367" lon="113.9363929"><ele>11.9</ele><time>2023-09-24T22:57:57Z</time></trkpt>
      <trkpt lat="22.5392548" lon="113.9363918"><ele>11.9</ele><time>2023-09-24T22:57:58Z</time></trkpt>
      <trkpt lat="22.5392725" lon="113.9363908"><ele>11.9</ele><time>2023-09-24T22:57:59Z</time></trkpt>
      <trkpt lat="22.5392904" lon="113.9363900"><ele>12.0</ele><time>2023-09-24T22:58:00Z</time></trkpt>
      <trkpt lat="22.5393079" lon="113.9363892"><ele>12.0</ele><time>2023-09-24T22:58:01Z</time></trkpt>
      <trkpt lat="22.5393249" lon="113.9363879"><ele>12.0</ele><time>2023-09-24T22:58:02Z</time></trkpt>
      <trkpt lat="22.5393422" lon="113.9363869"><ele>12.1</ele><time>2023-09-24T22:58:03Z</time></trkpt>
      <trkpt lat="22.5393594" lon="113.9363868"><ele>12.1</ele><time>2023-09-24T22:58:04Z</time></trkpt>
      <trkpt lat="22.5393759" lon="113.9363863"><ele>12.1</ele><time>2023-09-24T22:58:05Z</time></trkpt>
      <trkpt lat="22.5393928" lon="113.9363845"><ele>12.1</ele><time>2023-09-24T22:58:06Z</time></trkpt>
      <trkpt lat="22.5394103" lon="113.9363832"><ele>12.1</ele><time>2023-09-24T22:58:07Z</time></trkpt>
      <trkpt lat="22.5394272" lon="113.9363823"><ele>12.1</ele><time>2023-09-24T22:58:08Z</time></trkpt>
      <trkpt lat="22.5394439" lon="113.9363808"><ele>12.1</ele><time>2023-09-24T22:58:09Z</time></trkpt>
      <trkpt lat="22.5394609" lon="113.9363802"><ele>12.1</ele><time>2023-09-24T22:58:10Z</time></trkpt>
      <trkpt lat="22.5394778" lon="113.9363801"><ele>12.1</ele><time>2023-09-24T22:58:11Z</time></trkpt>
      <trkpt lat="22.5394948" lon="113.9363790"><ele>12.1</ele><time>2023-09-24T22:58:12Z</time></trkpt>
      <trkpt lat="22.5395118" lon="113.9363773"><ele>12.1</ele><time>2023-09-24T22:58:13Z</time></trkpt>
      <trkpt lat="22.5395287" lon="113.9363754"><ele>12.1</ele><time>2023-09-24T22:58:14Z</time></trkpt>
      <trkpt lat="22.5395456" lon="113.9363733"><ele>12.0</ele><time>2023-09-24T22:58:15Z</time></trkpt>
      <trkpt lat="22.5395618" lon="113.9363710"><ele>12.0</ele><time>2023-09-24T22:58:16Z</time></trkpt>
      <trkpt lat="22.5395768" lon="113.9363686"><ele>12.0</ele><time>2023-09-24T22:58:17Z</time></trkpt>
      <trkpt lat="22.5395920" lon="113.9363650"><ele>12.0</ele><time>2023-09-24T22:58:18Z</time></trkpt>
      <trkpt lat="22.5396082" lon="113.9363610"><ele>11.9</ele><time>2023-09-24T22:58:19Z</time></trkpt>
      <trkpt lat="22.5396246" lon="113.9363575"><ele>11.9</ele><time>2023-09-24T22:58:20Z</time></trkpt>
      <trkpt lat="22.5396408" lon="113.9363533"><ele>11.9</ele><time>2023-09-24T22:58:21Z</time></trkpt>
      <trkpt lat="22.5396573" lon="113.9363485"><ele>11.9</ele><time>2023-09-24T22:58:22Z</time></trkpt>
      <trkpt lat="22.5396736" lon="113.9363428"><ele>11.9</ele><time>2023-09-24T22:58:23Z</time></trkpt>
      <trkpt lat="22.5396893" lon="113.9363355"><ele>11.8</ele><time>2023-09-24T22:58:24Z</time></trkpt>
      <trkpt lat="22.5397042" lon="113.9363268"><ele>11.8</ele><time>2023-09-24T22:58:25Z</time></trkpt>
      <trkpt lat="22.5397188" lon="113.9363169"><ele>11.8</ele><time>2023-09-24T22:58:26Z</time></trkpt>
      <trkpt lat="22.5397327" lon="113.9363064"><ele>11.8</ele><time>2023-09-24T22:58:27Z</time></trkpt>
      <trkpt lat="22.5397456" lon="113.9362957"><ele>11.7</ele><time>2023-09-24T22:58:28Z</time></trkpt>
      <trkpt lat="22.5397576" lon="113.9362844"><ele>11.7</ele><time>2023-09-24T22:58:29Z</time></trkpt>
      <trkpt lat="22.5397701" lon="113.9362727"><ele>11.7</ele><time>2023-09-24T22:58:30Z</time></trkpt>
      <trkpt lat="22.5397829" lon="113.9362611"><ele>11.7</ele><time>2023-09-24T22:58:31Z</time></trkpt>
      <trkpt lat="22.5397955" lon="113.9362499"><ele>11.7</ele><time>2023-09-24T22:58:32Z</time></trkpt>
      <trkpt lat="22.5398079" lon="113.9362384"><ele>11.6</ele><time>2023-09-24T22:58:33Z</time></trkpt>
      <trkpt lat="22.5398200" lon="113.9362260"><ele>11.6</ele><time>2023-09-24T22:58:34Z</time></trkpt>
      <trkpt lat="22.5398315" lon="113.9362130"><ele>11.6</ele><time>2023-09-24T22:58:35Z</time></trkpt>
      <trkpt lat="22.5398421" lon="113.9361994"><ele>11.6</ele><time>2023-09-24T22:58:36Z</time></trkpt>
      <trkpt lat="22.5398517" lon="113.9361852"><ele>11.5</ele><time>2023-09-24T22:58:37Z</time></trkpt>
      <trkpt lat="22.5398606" lon="113.9361709"><ele>11.5</ele><time>2023-09-24T22:58:38Z</time></trkpt>
      <trkpt lat="22.5398691" lon="113.9361567"><ele>11.5</ele><time>2023-09-24T22:58:39Z</time></trkpt>
      <trkpt lat="22.5398773" lon="113.9361419"><ele>11.4</ele><time>2023-09-24T22:58:40Z</time></trkpt>
      <trkpt lat="22.5398849" lon="113.9361266"><ele>11.4</ele><time>2023-09-24T22:58:41Z</time></trkpt>
      <trkpt lat="22.5398922" lon="113.9361113"><ele>11.4</ele><time>2023-09-24T22:58:42Z</time></trkpt>
      <trkpt lat="22.5398993" lon="113.9360961"><ele>11.3</ele><time>2023-09-24T22:58:43Z</time></trkpt>
      <trkpt lat="22.5399055" lon="113.9360807"><ele>11.3</ele><time>2023-09-24T22:58:44Z</time></trkpt>
      <trkpt lat="22.5399103" lon="113.9360646"><ele>11.2</ele><time>2023-09-24T22:58:45Z</time></trkpt>
      <trkpt lat="22.5399148" lon="113.9360482"><ele>11.2</ele><time>2023-09-24T22:58:46Z</time></trkpt>
      <trkpt lat="22.5399199" lon="113.9360321"><ele>11.1</ele><time>2023-09-24T22:58:47Z</time></trkpt>
      <trkpt lat="22.5399247" lon="113.9360161"><ele>11.1</ele><time>2023-09-24T22:58:48Z</time></trkpt>
      <trkpt lat="22.5399284" lon="113.9359998"><ele>11.0</ele><time>2023-09-24T22:58:49Z</time></trkpt>
      <trkpt lat="22.5399312" lon="113.9359830"><ele>11.0</ele><time>2023-09-24T22:58:50Z</time></trkpt>
      <trkpt lat="22.5399328" lon="113.9359659"><ele>10.9</ele><time>2023-09-24T22:58:51Z</time></trkpt>
      <trkpt lat="22.5399331" lon="113.9359488"><ele>10.8</ele><time>2023-09-24T22:58:52Z</time></trkpt>
      <trkpt lat="22.5399330" lon="113.9359316"><ele>10.8</ele><time>2023-09-24T22:58:53Z</time></trkpt>
      <trkpt lat="22.5399328" lon="113.9359146"><ele>10.7</ele><time>2023-09-24T22:58:54Z</time></trkpt>
      <trkpt lat="22.5399315" lon="113.9358977"><ele>10.6</ele><time>2023-09-24T22:58:55Z</time></trkpt>
      <trkpt lat="22.5399283" lon="113.9358809"><ele>10.6</ele><time>2023-09-24T22:58:56Z</time></trkpt>
      <trkpt lat="22.5399238" lon="113.9358641"><ele>10.5</ele><time>2023-09-24T22:58:57Z</time></trkpt>
      <trkpt lat="22.5399199" lon="113.9358473"><ele>10.4</ele><time>2023-09-24T22:58:58Z</time></trkpt>
      <trkpt lat="22.5399171" lon="113.9358304"><ele>10.4</ele><time>2023-09-24T22:58:59Z</time></trkpt>
      <trkpt lat="22.5399151" lon="113.9358134"><ele>10.3</ele><time>2023-09-24T22:59:00Z</time></trkpt>
      <trkpt lat="22.5399130" lon="113.9357965"><ele>10.2</ele><time>2023-09-24T22:59:01Z</time></trkpt>
      <trkpt lat="22.5399100" lon="113.9357796"><ele>10.2</ele><time>2023-09-24T22:59:02Z</time></trkpt>
      <trkpt lat="22.5399058" lon="113.9357630"><ele>10.1</ele><time>2023-09-24T22:59:03Z</time></trkpt>
      <trkpt lat="22.5398998" lon="113.9357469"><ele>10.0</ele><time>2023-09-24T22:59:04Z</time></trkpt>
      <trkpt lat="22.5398921" lon="113.9357315"><ele>10.0</ele><time>2023-09-24T22:59:05Z</time></trkpt>
      <trkpt lat="22.5398834" lon="113.9357165"><ele>9.9</ele><time>2023-09-24T22:59:06Z</time></trkpt>
      <trkpt lat="22.5398744" lon="113.9357017"><ele>9.8</ele><time>2023-09-24T22:59:07Z</time></trkpt>
      <trkpt lat="22.5398652" lon="113.9356869"><ele>9.8</ele><time>2023-09-24T22:59:08Z</time></trkpt>
      <trkpt lat="22.5398563" lon="113.9356720"><ele>9.7</ele><time>2023-09-24T22:59:09Z</time></trkpt>
      <trkpt lat="22.5398472" lon="113.9356573"><ele>9.7</ele><time>2023-09-24T22:59:10Z</time></trkpt>
      <trkpt lat="22.5398373" lon="113.9356430"><ele>9.6</ele><time>2023-09-24T22:59:11Z</time></trkpt>
      <trkpt lat="22.5398278" lon="113.9356283"><ele>9.6</ele><time>2023-09-24T22:59:12Z</time></trkpt>
      <trkpt lat="22.5398185" lon="113.9356135"><ele>9.6</ele><time>2023-09-24T22:59:13Z</time></trkpt>
      <trkpt lat="22.5398079" lon="113.9355994"><ele>9.5</ele><time>2023-09-24T22:59:14Z</time></trkpt>
      <trkpt lat="22.5397959" lon="113.9355866"><ele>9.5</ele><time>2023-09-24T22:59:15Z</time></trkpt>
      <trkpt lat="22.5397827" lon="113.9355749"><ele>9.5</ele><time>2023-09-24T22:59:16Z</time></trkpt>
      <trkpt lat="22.5397696" lon="113.9355632"><ele>9.5</ele><time>2023-09-24T22:59:17Z</time></trkpt>
      <trkpt lat="22.5397567" lon="113.9355518"><ele>9.5</ele><time>2023-09-24T22:59:18Z</time></trkpt>
      <trkpt lat="22.5397431" lon="113.9355411"><ele>9.5</ele><time>2023-09-24T22:59:19Z</time></trkpt>
      <trkpt lat="22.5397293" lon="113.9355306"><ele>9.5</ele><time>2023-09-24T22:59:20Z</time></trkpt>
      <trkpt lat="22.5397155" lon="113.9355200"><ele>9.5</ele><time>2023-09-24T22:59:21Z</time></trkpt>
      <trkpt lat="22.5397017" lon="113.9355094"><ele>9.5</ele><time>2023-09-24T22:59:22Z</time></trkpt>
      <trkpt lat="22.5396878" lon="113.9354990"><ele>9.5</ele><time>2023-09-24T22:59:23Z</time></trkpt>
      <trkpt lat="22.5396731" lon="113.9354898"><ele>9.6</ele><time>2023-09-24T22:59:24Z</time></trkpt>
      <trkpt lat="22.5396574" lon="113.9354826"><ele>9.6</ele><time>2023-09-24T22:59:25Z</time></trkpt>
      <trkpt lat="22.5396408" lon="113.9354778"><ele>9.7</ele><time>2023-09-24T22:59:26Z</time></trkpt>
      <trkpt lat="22.5396239" lon="113.9354736"><ele>9.7</ele><time>2023-09-24T22:59:27Z</time></trkpt>
      <trkpt lat="22.5396073" lon="113.9354686"><ele>9.8</ele><time>2023-09-24T22:59:28Z</time></trkpt>
      <trkpt lat="22.5395910" lon="113.9354634"><ele>9.8</ele><time>2023-09-24T22:59:29Z</time></trkpt>
      <trkpt lat="22.5395745" lon="113.9354589"><ele>9.9</ele><time>2023-09-24T22:59:30Z</time></trkpt>
      <trkpt lat="22.5395577" lon="113.9354557"><ele>9.9</ele><time>2023-09-24T22:59:31Z</time></trkpt>
      <trkpt lat="22.5395408" lon="113.9354538"><ele>10.0</ele><time>2023-09-24T22:59:32Z</time></trkpt>
      <trkpt lat="22.5395238" lon="113.9354529"><ele>10.1</ele><time>2023-09-24T22:59:33Z</time></trkpt>
      <trkpt lat="22.5395067" lon="113.9354528"><ele>10.2</ele><time>2023-09-24T22:59:34Z</time></trkpt>
      <trkpt lat="22.5394896" lon="113.9354527"><ele>10.3</ele><time>2023-09-24T22:59:35Z</time></trkpt>
      <trkpt lat="22.5394728" lon="113.9354527"><ele>10.3</ele><time>2023-09-24T22:59:36Z</time></trkpt>
      <trkpt lat="22.5394560" lon="113.9354535"><ele>10.4</ele><time>2023-09-24T22:59:37Z</time></trkpt>
      <trkpt lat="22.5394396" lon="113.9354543"><ele>10.5</ele><time>2023-09-24T22:59:38Z</time></trkpt>
      <trkpt lat="22.5394232" lon="113.9354550"><ele>10.6</ele><time>2023-09-24T22:59:39Z</time></trkpt>
      <trkpt lat="22.5394065" lon="113.9354561"><ele>10.7</ele><time>2023-09-24T22:59:40Z</time></trkpt>
      <trkpt lat="22.5393898" lon="113.9354575"><ele>10.8</ele><time>2023-09-24T22:59:41Z</time></trkpt>
      <trkpt lat="22.5393730" lon="113.9354584"><ele>10.9</ele><time>2023-09-24T22:59:42Z</time></trkpt>
      <trkpt lat="22.5393557" lon="113.9354595"><ele>11.0</ele><time>2023-09-24T22:59:43Z</time></trkpt>
      <trkpt lat="22.5393380" lon="113.9354619"><ele>11.1</ele><time>2023-09-24T22:59:44Z</time></trkpt>
      <trkpt lat="22.5393206" lon="113.9354652"><ele>11.2</ele><time>2023-09-24T22:59:45Z</time></trkpt>
      <trkpt lat="22.5393029" lon="113.9354679"><ele>11.3</ele><time>2023-09-24T22:59:46Z</time></trkpt>
      <trkpt lat="22.5392850" lon="113.9354692"><ele>11.3</ele><time>2023-09-24T22:59:47Z</time></trkpt>
      <trkpt lat="22.5392671" lon="113.9354688"><ele>11.4</ele><time>2023-09-24T22:59:48Z</time></trkpt>
      <trkpt lat="22.5392490" lon="113.9354677"><ele>11.5</ele><time>2023-09-24T22:59:49Z</time></trkpt>
      <trkpt lat="22.5392311" lon="113.9354673"><ele>11.6</ele><time>2023-09-24T22:59:50Z</time></trkpt>
      <trkpt lat="22.5392135" lon="113.9354684"><ele>11.7</ele><time>2023-09-24T22:59:51Z</time></trkpt>
      <trkpt lat="22.5391957" lon="113.9354705"><ele>11.8</ele><time>2023-09-24T22:59:52Z</time></trkpt>
      <trkpt lat="22.5391780" lon="113.9354731"><ele>11.8</ele><time>2023-09-24T22:59:53Z</time></trkpt>
      <trkpt lat="22.5391604" lon="113.9354753"><ele>11.9</ele><time>2023-09-24T22:59:54Z</time></trkpt>
      <trkpt lat="22.5391421" lon="113.9354762"><ele>12.0</ele><time>2023-09-24T22:59:55Z</time></trkpt>
      <trkpt lat="22.5391241" lon="113.9354750"><ele>12.1</ele><time>2023-09-24T22:59:56Z</time></trkpt>
      <trkpt lat="22.5391073" lon="113.9354732"><ele>12.1</ele><time>2023-09-24T22:59:57Z</time></trkpt>
      <trkpt lat="22.5390905" lon="113.9354722"><ele>12.2</ele><time>2023-09-24T22:59:58Z</time></trkpt>
      <trkpt lat="22.5390738" lon="113.9354720"><ele>12.3</ele><time>2023-09-24T22:59:59Z</time></trkpt>
      <trkpt lat="22.5390569" lon="113.9354721"><ele>12.3</ele><time>2023-09-24T23:00:00Z</time></trkpt>
      <trkpt lat="22.5390399" lon="113.9354724"><ele>12.4</ele><time>2023-09-24T23:00:01Z</time></trkpt>
      <trkpt lat="22.5390228" lon="113.9354725"><ele>12.5</ele><time>2023-09-24T23:00:02Z</time></trkpt>
      <trkpt lat="22.5390058" lon="113.9354719"><ele>12.5</ele><time>2023-09-24T23:00:03Z</time></trkpt>
      <trkpt lat="22.5389888" lon="113.9354706"><ele>12.6</ele><time>2023-09-24T23:00:04Z</time></trkpt>
      <trkpt lat="22.5389717" lon="113.9354695"><ele>12.6</ele><time>2023-09-24T23:00:05Z</time></trkpt>
      <trkpt lat="22.5389546" lon="113.9354696"><ele>12.7</ele><time>2023-09-24T23:00:06Z</time></trkpt>
      <trkpt lat="22.5389378" lon="113.9354713"><ele>12.7</ele><time>2023-09-24T23:00:07Z</time></trkpt>
      <trkpt lat="22.5389210" lon="113.9354735"><ele>12.7</ele><time>2023-09-24T23:00:08Z</time></trkpt>
      <trkpt lat="22.5389041" lon="113.9354753"><ele>12.8</ele><time>2023-09-24T23:00:09Z</time></trkpt>
      <trkpt lat="22.5388873" lon="113.9354765"><ele>12.8</ele><time>2023-09-24T23:00:10Z</time></trkpt>
      <trkpt lat="22.5388704" lon="113.9354776"><ele>12.8</ele><time>2023-09-24T23:00:11Z</time></trkpt>
      <trkpt lat="22.5388536" lon="113.9354787"><ele>12.9</ele><time>2023-09-24T23:00:12Z</time></trkpt>
      <trkpt lat="22.5388368" lon="113.9354801"><ele>12.9</ele><time>2023-09-24T23:00:13Z</time></trkpt>
      <trkpt lat="22.5388201" lon="113.9354821"><ele>12.9</ele><time>2023-09-24T23:00:14Z</time></trkpt>
      <trkpt lat="22.5388034" lon="113.9354840"><ele>12.9</ele><time>2023-09-24T23:00:15Z</time></trkpt>
      <trkpt lat="22.5387867" lon="113.9354852"><ele>12.9</ele><time>2023-09-24T23:00:16Z</time></trkpt>
      <trkpt lat="22.5387699" lon="113.9354867"><ele>12.9</ele><time>2023-09-24T23:00:17Z</time></trkpt>
      <trkpt lat="22.5387534" lon="113.9354883"><ele>12.9</ele><time>2023-09-24T23:00:18Z</time></trkpt>
      <trkpt lat="22.5387372" lon="113.9354890"><ele>12.9</ele><time>2023-09-24T23:00:19Z</time></trkpt>
      <trkpt lat="22.5387205" lon="113.9354894"><ele>12.9</ele><time>2023-09-24T23:00:20Z</time></trkpt>
      <trkpt lat="22.5387037" lon="113.9354905"><ele>12.9</ele><time>2023-09-24T23:00:21Z</time></trkpt>
      <trkpt lat="22.5386869" lon="113.9354926"><ele>12.9</ele><time>2023-09-24T23:00:22Z</time></trkpt>
      <trkpt lat="22.5386701" lon="113.9354956"><ele>12.8</ele><time>2023-09-24T23:00:23Z</time></trkpt>
      <trkpt lat="22.5386536" lon="113.9354994"><ele>12.8</ele><time>2023-09-24T23:00:24Z</time></trkpt>
      <trkpt lat="22.5386372" lon="113.9355044"><ele>12.7</ele><time>2023-09-24T23:00:25Z</time></trkpt>
      <trkpt lat="22.5386207" lon="113.9355105"><ele>12.7</ele><time>2023-09-24T23:00:26Z</time></trkpt>
      <trkpt lat="22.5386043" lon="113.9355171"><ele>12.6</ele><time>2023-09-24T23:00:27Z</time></trkpt>
      <trkpt lat="22.5385885" lon="113.9355247"><ele>12.6</ele><time>2023-09-24T23:00:28Z</time></trkpt>
      <trkpt lat="22.5385731" lon="113.9355336"><ele>12.5</ele><time>2023-09-24T23:00:29Z</time></trkpt>
      <trkpt lat="22.5385578" lon="113.9355427"><ele>12.4</ele><time>2023-09-24T23:00:30Z</time></trkpt>
      <trkpt lat="22.5385428" lon="113.9355521"><ele>12.4</ele><time>2023-09-24T23:00:31Z</time></trkpt>
      <trkpt lat="22.5385281" lon="113.9355618"><ele>12.3</ele><time>2023-09-24T23:00:32Z</time></trkpt>
      <trkpt lat="22.5385137" lon="113.9355723"><ele>12.2</ele><time>2023-09-24T23:00:33Z</time></trkpt>
      <trkpt lat="22.5384999" lon="113.9355840"><ele>12.1</ele><time>2023-09-24T23:00:34Z</time></trkpt>
      <trkpt lat="22.5384872" lon="113.9355974"><ele>12.0</ele><time>2023-09-24T23:00:35Z</time></trkpt>
      <trkpt lat="22.5384761" lon="113.9356123"><ele>11.9</ele><time>2023-09-24T23:00:36Z</time></trkpt>
      <trkpt lat="22.5384655" lon="113.9356276"><ele>11.8</ele><time>2023-09-24T23:00:37Z</time></trkpt>
      <trkpt lat="22.5384547" lon="113.9356425"><ele>11.6</ele><time>2023-09-24T23:00:38Z</time></trkpt>
      <trkpt lat="22.5384432" lon="113.9356568"><ele>11.5</ele><time>2023-09-24T23:00:39Z</time></trkpt>
      <trkpt lat="22.5384318" lon="113.9356713"><ele>11.4</ele><time>2023-09-24T23:00:40Z</time></trkpt>
      <trkpt lat="22.5384217" lon="113.9356869"><ele>11.3</ele><time>2023-09-24T23:00:41Z</time></trkpt>
      <trkpt lat="22.5384131" lon="113.9357036"><ele>11.1</ele><time>2023-09-24T23:00:42Z</time></trkpt>
      <trkpt lat="22.5384051" lon="113.9357206"><ele>11.0</ele><time>2023-09-24T23:00:43Z</time></trkpt>
      <trkpt lat="22.5383975" lon="113.9357376"><ele>10.9</ele><time>2023-09-24T23:00:44Z</time></trkpt>
      <trkpt lat="22.5383907" lon="113.9357551"><ele>10.7</ele><time>2023-09-24T23:00:45Z</time></trkpt>
      <trkpt lat="22.5383842" lon="113.9357726"><ele>10.6</ele><time>2023-09-24T23:00:46Z</time></trkpt>
      <trkpt lat="22.5383781" lon="113.9357900"><ele>10.4</ele><time>2023-09-24T23:00:47Z</time></trkpt>
      <trkpt lat="22.5383731" lon="113.9358078"><ele>10.3</ele><time>2023-09-24T23:00:48Z</time></trkpt>
      <trkpt lat="22.5383693" lon="113.9358260"><ele>10.2</ele><time>2023-09-24T23:00:49Z</time></trkpt>
      <trkpt lat="22.5383657" lon="113.9358444"><ele>10.1</ele><time>2023-09-24T23:00:50Z</time></trkpt>
      <trkpt lat="22.5383622" lon="113.9358627"><ele>9.9</ele><time>2023-09-24T23:00:51Z</time></trkpt>
      <trkpt lat="22.5383588" lon="113.9358804"><ele>9.8</ele><time>2023-09-24T23:00:52Z</time></trkpt>
      <trkpt lat="22.5383557" lon="113.9358979"><ele>9.7</ele><time>2023-09-24T23:00:53Z</time></trkpt>
      <trkpt lat="22.5383535" lon="113.9359158"><ele>9.6</ele><time>2023-09-24T23:00:54Z</time></trkpt>
      <trkpt lat="22.5383529" lon="113.9359343"><ele>9.5</ele><time>2023-09-24T23:00:55Z</time></trkpt>
      <trkpt lat="22.5383534" lon="113.9359529"><ele>9.4</ele><time>2023-09-24T23:00:56Z</time></trkpt>
      <trkpt lat="22.5383540" lon="113.9359711"><ele>9.3</ele><time>2023-09-24T23:00:57Z</time></trkpt>
      <trkpt lat="22.5383556" lon="113.9359889"><ele>9.2</ele><time>2023-09-24T23:00:58Z</time></trkpt>
      <trkpt lat="22.5383593" lon="113.9360069"><ele>9.1</ele><time>2023-09-24T23:00:59Z</time></trkpt>
      <trkpt lat="22.5383643" lon="113.9360253"><ele>9.0</ele><time>2023-09-24T23:01:00Z</time></trkpt>
      <trkpt lat="22.5383692" lon="113.9360440"><ele>9.0</ele><time>2023-09-24T23:01:01Z</time></trkpt>
      <trkpt lat="22.5383734" lon="113.9360629"><ele>8.9</ele><time>2023-09-24T23:01:02Z</time></trkpt>
      <trkpt lat="22.5383781" lon="113.9360814"><ele>8.9</ele><time>2023-09-24T23:01:03Z</time></trkpt>
      <trkpt lat="22.5383840" lon="113.9360989"><ele>8.8</ele><time>2023-09-24T23:01:04Z</time></trkpt>
      <trkpt lat="22.5383909" lon="113.9361163"><ele>8.8</ele><time>2023-09-24T23:01:05Z</time></trkpt>
      <trkpt lat="22.5383984" lon="113.9361338"><ele>8.8</ele><time>2023-09-24T23:01:06Z</time></trkpt>
      <trkpt lat="22.5384058" lon="113.9361512"><ele>8.8</ele><time>2023-09-24T23:01:07Z</time></trkpt>
      <trkpt lat="22.5384126" lon="113.9361685"><ele>8.7</ele><time>2023-09-24T23:01:08Z</time></trkpt>
      <trkpt lat="22.5384197" lon="113.9361856"><ele>8.7</ele><time>2023-09-24T23:01:09Z</time></trkpt>
      <trkpt lat="22.5384278" lon="113.9362023"><ele>8.7</ele><time>2023-09-24T23:01:10Z</time></trkpt>
      <trkpt lat="22.5384363" lon="113.9362186"><ele>8.8</ele><time>2023-09-24T23:01:11Z</time></trkpt>
      <trkpt lat="22.5384468" lon="113.9362339"><ele>8.8</ele><time>2023-09-24T23:01:12Z</time></trkpt>
      <trkpt lat="22.5384595" lon="113.9362475"><ele>8.8</ele><time>2023-09-24T23:01:13Z</time></trkpt>
      <trkpt lat="22.5384725" lon="113.9362607"><ele>8.8</ele><time>2023-09-24T23:01:14Z</time></trkpt>
      <trkpt lat="22.5384851" lon="113.9362742"><ele>8.8</ele><time>2023-09-24T23:01:15Z</time></trkpt>
      <trkpt lat="22.5384975" lon="113.9362877"><ele>8.9</ele><time>2023-09-24T23:01:16Z</time></trkpt>
      <trkpt lat="22.5385109" lon="113.9363008"><ele>8.9</ele><time>2023-09-24T23:01:17Z</time></trkpt>
      <trkpt lat="22.5385251" lon="113.9363126"><ele>8.9</ele><time>2023-09-24T23:01:18Z</time></trkpt>
      <trkpt lat="22.5385396" lon="113.9363235"><ele>9.0</ele><time>2023-09-24T23:01:19Z</time></trkpt>
      <trkpt lat="22.5385550" lon="113.9363336"><ele>9.0</ele><time>2023-09-24T23:01:20Z</time></trkpt>
      <trkpt lat="22.5385706" lon="113.9363428"><ele>9.0</ele><time>2023-09-24T23:01:21Z</time></trkpt>
      <trkpt lat="22.5385864" lon="113.9363511"><ele>9.1</ele><time>2023-09-24T23:01:22Z</time></trkpt>
      <trkpt lat="22.5386028" lon="113.9363582"><ele>9.1</ele><time>2023-09-24T23:01:23Z</time></trkpt>
      <trkpt lat="22.5386193" lon="113.9363648"><ele>9.2</ele><time>2023-09-24T23:01:24Z</time></trkpt>
      <trkpt lat="22.5386353" lon="113.9363717"><ele>9.2</ele><time>2023-09-24T23:01:25Z</time></trkpt>
      <trkpt lat="22.5386509" lon="113.9363786"><ele>9.2</ele><time>2023-09-24T23:01:26Z</time></trkpt>
      <trkpt lat="22.5386664" lon="113.9363847"><ele>9.3</ele><time>2023-09-24T23:01:27Z</time></trkpt>
      <trkpt lat="22.5386827" lon="113.9363893"><ele>9.3</ele><time>2023-09-24T23:01:28Z</time></trkpt>
      <trkpt lat="22.5386996" lon="113.9363931"><ele>9.4</ele><time>2023-09-24T23:01:29Z</time></trkpt>
      <trkpt lat="22.5387160" lon="113.9363972"><ele>9.4</ele><time>2023-09-24T23:01:30Z</time></trkpt>
      <trkpt lat="22.5387324" lon="113.9364008"><ele>9.4</ele><time>2023-09-24T23:01:31Z</time></trkpt>
      <trkpt lat="22.5387492" lon="113.9364019"><ele>9.5</ele><time>2023-09-24T23:01:32Z</time></trkpt>
      <trkpt lat="22.5387659" lon="113.9364006"><ele>9.5</ele><time>2023-09-24T23:01:33Z</time></trkpt>
      <trkpt lat="22.5387830" lon="113.9363985"><ele>9.6</ele><time>2023-09-24T23:01:34Z</time></trkpt>
      <trkpt lat="22.5388005" lon="113.9363966"><ele>9.6</ele><time>2023-09-24T23:01:35Z</time></trkpt>
      <trkpt lat="22.5388179" lon="113.9363953"><ele>9.6</ele><time>2023-09-24T23:01:36Z</time></trkpt>
      <trkpt lat="22.5388353" lon="113.9363946"><ele>9.7</ele><time>2023-09-24T23:01:37Z</time></trkpt>
      <trkpt lat="22.5388526" lon="113.9363941"><ele>9.7</ele><time>2023-09-24T23:01:38Z</time></trkpt>
      <trkpt lat="22.5388699" lon="113.9363938"><ele>9.7</ele><time>2023-09-24T23:01:39Z</time></trkpt>
      <trkpt lat="22.5388878" lon="113.9363934"><ele>9.7</ele><time>2023-09-24T23:01:40Z</time></trkpt>
      <trkpt lat="22.5389060" lon="113.9363933"><ele>9.7</ele><time>2023-09-24T23:01:41Z</time></trkpt>
      <trkpt lat="22.5389243" lon="113.9363942"><ele>9.8</ele><time>2023-09-24T23:01:42Z</time></trkpt>
      <trkpt lat="22.5389427" lon="113.9363948"><ele>9.8</ele><time>2023-09-24T23:01:43Z</time></trkpt>
      <trkpt lat="22.5389608" lon="113.9363946"><ele>9.8</ele><time>2023-09-24T23:01:44Z</time></trkpt>
      <trkpt lat="22.5389789" lon="113.9363936"><ele>9.8</ele><time>2023-09-24T23:01:45Z</time></trkpt>
      <trkpt lat="22.5389968" lon="113.9363927"><ele>9.8</ele><time>2023-09-24T23:01:46Z</time></trkpt>
      <trkpt lat="22.5390148" lon="113.9363926"><ele>9.8</ele><time>2023-09-24T23:01:47Z</time></trkpt>
      <trkpt lat="22.5390332" lon="113.9363932"><ele>9.9</ele><time>2023-09-24T23:01:48Z</time></trkpt>
      <trkpt lat="22.5390514" lon="113.9363936"><ele>9.9</ele><time>2023-09-24T23:01:49Z</time></trkpt>
      <trkpt lat="22.5390694" lon="113.9363920"><ele>9.9</ele><time>2023-09-24T23:01:50Z</time></trkpt>
      <trkpt lat="22.5390874" lon="113.9363898"><ele>9.9</ele><time>2023-09-24T23:01:51Z</time></trkpt>
      <trkpt lat="22.5391056" lon="113.9363891"><ele>9.9</ele><time>2023-09-24T23:01:52Z</time></trkpt>
      <trkpt lat="22.5391239" lon="113.9363892"><ele>9.9</ele><time>2023-09-24T23:01:53Z</time></trkpt>
      <trkpt lat="22.5391418" lon="113.9363900"><ele>9.9</ele><time>2023-09-24T23:01:54Z</time></trkpt>
      <trkpt lat="22.5391593" lon="113.9363910"><ele>9.9</ele><time>2023-09-24T23:01:55Z</time></trkpt>
      <trkpt lat="22.5391774" lon="113.9363919"><ele>9.9</ele><time>2023-09-24T23:01:56Z</time></trkpt>
      <trkpt lat="22.5391964" lon="113.9363932"><ele>10.0</ele><time>2023-09-24T23:01:57Z</time></trkpt>
      <trkpt lat="22.5392153" lon="113.9363933"><ele>10.0</ele><time>2023-09-24T23:01:58Z</time></trkpt>
      <trkpt lat="22.5392334" lon="113.9363925"><ele>10.0</ele><time>2023-09-24T23:01:59Z</time></trkpt>
      <trkpt lat="22.5392510" lon="113.9363921"><ele>10.0</ele><time>2023-09-24T23:02:00Z</time></trkpt>
      <trkpt lat="22.5392683" lon="113.9363915"><ele>10.0</ele><time>2023-09-24T23:02:01Z</time></trkpt>
      <trkpt lat="22.5392849" lon="113.9363902"><ele>10.1</ele><time>2023-09-24T23:02:02Z</time></trkpt>
      <trkpt lat="22.5393009" lon="113.9363893"><ele>10.1</ele><time>2023-09-24T23:02:03Z</time></trkpt>
      <trkpt lat="22.5393173" lon="113.9363894"><ele>10.1</ele><time>2023-09-24T23:02:04Z</time></trkpt>
      <trkpt lat="22.5393339" lon="113.9363898"><ele>10.1</ele><time>2023-09-24T23:02:05Z</time></trkpt>
      <trkpt lat="22.5393503" lon="113.9363897"><ele>10.2</ele><time>2023-09-24T23:02:06Z</time></trkpt>
      <trkpt lat="22.5393669" lon="113.9363890"><ele>10.2</ele><time>2023-09-24T23:02:07Z</time></trkpt>
      <trkpt lat="22.5393836" lon="113.9363882"><ele>10.2</ele><time>2023-09-24T23:02:08Z</time></trkpt>
      <trkpt lat="22.5394001" lon="113.9363877"><ele>10.3</ele><time>2023-09-24T23:02:09Z</time></trkpt>
      <trkpt lat="22.5394161" lon="113.9363871"><ele>10.3</ele><time>2023-09-24T23:02:10Z</time></trkpt>
      <trkpt lat="22.5394320" lon="113.9363865"><ele>10.3</ele><time>2023-09-24T23:02:11Z</time></trkpt>
      <trkpt lat="22.5394480" lon="113.9363858"><ele>10.4</ele><time>2023-09-24T23:02:12Z</time></trkpt>
      <trkpt lat="22.5394638" lon="113.9363844"><ele>10.4</ele><time>2023-09-24T23:02:13Z</time></trkpt>
      <trkpt lat="22.5394800" lon="113.9363829"><ele>10.5</ele><time>2023-09-24T23:02:14Z</time></trkpt>
      <trkpt lat="22.5394962" lon="113.9363823"><ele>10.5</ele><time>2023-09-24T23:02:15Z</time></trkpt>
      <trkpt lat="22.5395116" lon="113.9363818"><ele>10.6</ele><time>2023-09-24T23:02:16Z</time></trkpt>
      <trkpt lat="22.5395258" lon="113.9363802"><ele>10.6</ele><time>2023-09-24T23:02:17Z</time></trkpt>
      <trkpt lat="22.5395394" lon="113.9363779"><ele>10.6</ele><time>2023-09-24T23:02:18Z</time></trkpt>
      <trkpt lat="22.5395538" lon="113.9363757"><ele>10.7</ele><time>2023-09-24T23:02:19Z</time></trkpt>
      <trkpt lat="22.5395696" lon="113.9363732"><ele>10.7</ele><time>2023-09-24T23:02:20Z</time></trkpt>
      <trkpt lat="22.5395861" lon="113.9363705"><ele>10.8</ele><time>2023-09-24T23:02:21Z</time></trkpt>
      <trkpt lat="22.5396025" lon="113.9363677"><ele>10.8</ele><time>2023-09-24T23:02:22Z</time></trkpt>
      <trkpt lat="22.5396188" lon="113.9363636"><ele>10.9</ele><time>2023-09-24T23:02:23Z</time></trkpt>
      <trkpt lat="22.5396352" lon="113.9363584"><ele>10.9</ele><time>2023-09-24T23:02:24Z</time></trkpt>
      <trkpt lat="22.5396514" lon="113.9363531"><ele>10.9</ele><time>2023-09-24T23:02:25Z</time></trkpt>
      <trkpt lat="22.5396673" lon="113.9363476"><ele>11.0</ele><time>2023-09-24T23:02:26Z</time></trkpt>
      <trkpt lat="22.5396826" lon="113.9363407"><ele>11.0</ele><time>2023-09-24T23:02:27Z</time></trkpt>
      <trkpt lat="22.5396972" lon="113.9363322"><ele>11.0</ele><time>2023-09-24T23:02:28Z</time></trkpt>
      <trkpt lat="22.5397111" lon="113.9363222"><ele>11.0</ele><time>2023-09-24T23:02:29Z</time></trkpt>
      <trkpt lat="22.5397247" lon="113.9363118"><ele>11.0</ele><time>2023-09-24T23:02:30Z</time></trkpt>
      <trkpt lat="22.5397383" lon="113.9363019"><ele>11.1</ele><time>2023-09-24T23:02:31Z</time></trkpt>
      <trkpt lat="22.5397523" lon="113.9362928"><ele>11.1</ele><time>2023-09-24T23:02:32Z</time></trkpt>
      <trkpt lat="22.5397663" lon="113.9362831"><ele>11.1</ele><time>2023-09-24T23:02:33Z</time></trkpt>
      <trkpt lat="22.5397792" lon="113.9362721"><ele>11.1</ele><time>2023-09-24T23:02:34Z</time></trkpt>
      <trkpt lat="22.5397915" lon="113.9362600"><ele>11.0</ele><time>2023-09-24T23:02:35Z</time></trkpt>
      <trkpt lat="22.5398038" lon="113.9362477"><ele>11.0</ele><time>2023-09-24T23:02:36Z</time></trkpt>
      <trkpt lat="22.5398159" lon="113.9362355"><ele>11.0</ele><time>2023-09-24T23:02:37Z</time></trkpt>
      <trkpt lat="22.5398271" lon="113.9362228"><ele>11.0</ele><time>2023-09-24T23:02:38Z</time></trkpt>
      <trkpt lat="22.5398373" lon="113.9362092"><ele>10.9</ele><time>2023-09-24T23:02:39Z</time></trkpt>
      <trkpt lat="22.5398472" lon="113.9361950"><ele>10.9</ele><time>2023-09-24T23:02:40Z</time></trkpt>
      <trkpt lat="22.5398568" lon="113.9361808"><ele>10.9</ele><time>2023-09-24T23:02:41Z</time></trkpt>
      <trkpt lat="22.5398656" lon="113.9361661"><ele>10.8</ele><time>2023-09-24T23:02:42Z</time></trkpt>
      <trkpt lat="22.5398740" lon="113.9361512"><ele>10.8</ele><time>2023-09-24T23:02:43Z</time></trkpt>
      <trkpt lat="22.5398828" lon="113.9361369"><ele>10.7</ele><time>2023-09-24T23:02:44Z</time></trkpt>
      <trkpt lat="22.5398909" lon="113.9361220"><ele>10.6</ele><time>2023-09-24T23:02:45Z</time></trkpt>
      <trkpt lat="22.5398978" lon="113.9361060"><ele>10.6</ele><time>2023-09-24T23:02:46Z</time></trkpt>
      <trkpt lat="22.5399044" lon="113.9360899"><ele>10.5</ele><time>2023-09-24T23:02:47Z</time></trkpt>
      <trkpt lat="22.5399102" lon="113.9360735"><ele>10.4</ele><time>2023-09-24T23:02:48Z</time></trkpt>
      <trkpt lat="22.5399150" lon="113.9360568"><ele>10.4</ele><time>2023-09-24T23:02:49Z</time></trkpt>
      <trkpt lat="22.5399197" lon="113.9360401"><ele>10.3</ele><time>2023-09-24T23:02:50Z</time></trkpt>
      <trkpt lat="22.5399242" lon="113.9360236"><ele>10.2</ele><time>2023-09-24T23:02:51Z</time></trkpt>
      <trkpt lat="22.5399283" lon="113.9360070"><ele>10.1</ele><time>2023-09-24T23:02:52Z</time></trkpt>
      <trkpt lat="22.5399319" lon="113.9359905"><ele>10.0</ele><time>2023-09-24T23:02:53Z</time></trkpt>
      <trkpt lat="22.5399343" lon="113.9359739"><ele>9.9</ele><time>2023-09-24T23:02:54Z</time></trkpt>
      <trkpt lat="22.5399352" lon="113.9359570"><ele>9.9</ele><time>2023-09-24T23:02:55Z</time></trkpt>
      <trkpt lat="22.5399358" lon="113.9359402"><ele>9.8</ele><time>2023-09-24T23:02:56Z</time></trkpt>
      <trkpt lat="22.5399368" lon="113.9359235"><ele>9.7</ele><time>2023-09-24T23:02:57Z</time></trkpt>
      <trkpt lat="22.5399379" lon="113.9359069"><ele>9.6</ele><time>2023-09-24T23:02:58Z</time></trkpt>
      <trkpt lat="22.5399385" lon="113.9358902"><ele>9.5</ele><time>2023-09-24T23:02:59Z</time></trkpt>
      <trkpt lat="22.5399381" lon="113.9358733"><ele>9.4</ele><time>2023-09-24T23:03:00Z</time></trkpt>
      <trkpt lat="22.5399361" lon="113.9358568"><ele>9.4</ele><time>2023-09-24T23:03:01Z</time></trkpt>
      <trkpt lat="22.5399326" lon="113.9358406"><ele>9.3</ele><time>2023-09-24T23:03:02Z</time></trkpt>
      <trkpt lat="22.5399278" lon="113.9358244"><ele>9.2</ele><time>2023-09-24T23:03:03Z</time></trkpt>
      <trkpt lat="22.5399229" lon="113.9358082"><ele>9.1</ele><time>2023-09-24T23:03:04Z</time></trkpt>
      <trkpt lat="22.5399185" lon="113.9357920"><ele>9.1</ele><time>2023-09-24T23:03:05Z</time></trkpt>
      <trkpt lat="22.5399138" lon="113.9357758"><ele>9.0</ele><time>2023-09-24T23:03:06Z</time></trkpt>
      <trkpt lat="22.5399090" lon="113.9357595"><ele>9.0</ele><time>2023-09-24T23:03:07Z</time></trkpt>
      <trkpt lat="22.5399040" lon="113.9357433"><ele>8.9</ele><time>2023-09-24T23:03:08Z</time></trkpt>
      <trkpt lat="22.5398976" lon="113.9357276"><ele>8.9</ele><time>2023-09-24T23:03:09Z</time></trkpt>
      <trkpt lat="22.5398903" lon="113.9357123"><ele>8.9</ele><time>2023-09-24T23:03:10Z</time></trkpt>
      <trkpt lat="22.5398828" lon="113.9356972"><ele>8.8</ele><time>2023-09-24T23:03:11Z</time></trkpt>
      <trkpt lat="22.5398741" lon="113.9356827"><ele>8.8</ele><time>2023-09-24T23:03:12Z</time></trkpt>
      <trkpt lat="22.5398647" lon="113.9356686"><ele>8.8</ele><time>2023-09-24T23:03:13Z</time></trkpt>
      <trkpt lat="22.5398555" lon="113.9356545"><ele>8.8</ele><time>2023-09-24T23:03:14Z</time></trkpt>
      <trkpt lat="22.5398458" lon="113.9356408"><ele>8.8</ele><time>2023-09-24T23:03:15Z</time></trkpt>
      <trkpt lat="22.5398344" lon="113.9356283"><ele>8.8</ele><time>2023-09-24T23:03:16Z</time></trkpt>
      <trkpt lat="22.5398223" lon="113.9356164"><ele>8.8</ele><time>2023-09-24T23:03:17Z</time></trkpt>
      <trkpt lat="22.5398105" lon="113.9356043"><ele>8.8</ele><time>2023-09-24T23:03:18Z</time></trkpt>
      <trkpt lat="22.5397989" lon="113.9355920"><ele>8.9</ele><time>2023-09-24T23:03:19Z</time></trkpt>
      <trkpt lat="22.5397871" lon="113.9355797"><ele>8.9</ele><time>2023-09-24T23:03:20Z</time></trkpt>
      <trkpt lat="22.5397752" lon="113.9355677"><ele>9.0</ele><time>2023-09-24T23:03:21Z</time></trkpt>
      <trkpt lat="22.5397624" lon="113.9355565"><ele>9.0</ele><time>2023-09-24T23:03:22Z</time></trkpt>
      <trkpt lat="22.5397490" lon="113.9355462"><ele>9.1</ele><time>2023-09-24T23:03:23Z</time></trkpt>
      <trkpt lat="22.5397354" lon="113.9355364"><ele>9.1</ele><time>2023-09-24T23:03:24Z</time></trkpt>
      <trkpt lat="22.5397211" lon="113.9355276"><ele>9.2</ele><time>2023-09-24T23:03:25Z</time></trkpt>
      <trkpt lat="22.5397062" lon="113.9355195"><ele>9.3</ele><time>2023-09-24T23:03:26Z</time></trkpt>
      <trkpt lat="22.5396912" lon="113.9355117"><ele>9.4</ele><time>2023-09-24T23:03:27Z</time></trkpt>
      <trkpt lat="22.5396762" lon="113.9355039"><ele>9.5</ele><time>2023-09-24T23:03:28Z</time></trkpt>
      <trkpt lat="22.5396613" lon="113.9354957"><ele>9.5</ele><time>2023-09-24T23:03:29Z</time></trkpt>
      <trkpt lat="22.5396464" lon="113.9354875"><ele>9.6</ele><time>2023-09-24T23:03:30Z</time></trkpt>
      <trkpt lat="22.5396314" lon="113.9354797"><ele>9.7</ele><time>2023-09-24T23:03:31Z</time></trkpt>
      <trkpt lat="22.5396165" lon="113.9354720"><ele>9.8</ele><time>2023-09-24T23:03:32Z</time></trkpt>
      <trkpt lat="22.5396013" lon="113.9354653"><ele>9.9</ele><time>2023-09-24T23:03:33Z</time></trkpt>
      <trkpt lat="22.5395852" lon="113.9354603"><ele>10.0</ele><time>2023-09-24T23:03:34Z</time></trkpt>
      <trkpt lat="22.5395686" lon="113.9354564"><ele>10.1</ele><time>2023-09-24T23:03:35Z</time></trkpt>
      <trkpt lat="22.5395519" lon="113.9354533"><ele>10.2</ele><time>2023-09-24T23:03:36Z</time></trkpt>
      <trkpt lat="22.5395354" lon="113.9354502"><ele>10.3</ele><time>2023-09-24T23:03:37Z</time></trkpt>
      <trkpt lat="22.5395193" lon="113.9354469"><ele>10.3</ele><time>2023-09-24T23:03:38Z</time></trkpt>
      <trkpt lat="22.5395028" lon="113.9354450"><ele>10.4</ele><time>2023-09-24T23:03:39Z</time></trkpt>
      <trkpt lat="22.5394859" lon="113.9354453"><ele>10.5</ele><time>2023-09-24T23:03:40Z</time></trkpt>
      <trkpt lat="22.5394690" lon="113.9354470"><ele>10.6</ele><time>2023-09-24T23:03:41Z</time></trkpt>
      <trkpt lat="22.5394521" lon="113.9354483"><ele>10.7</ele><time>2023-09-24T23:03:42Z</time></trkpt>
      <trkpt lat="22.5394352" lon="113.9354492"><ele>10.7</ele><time>2023-09-24T23:03:43Z</time></trkpt>
      <trkpt lat="22.5394187" lon="113.9354501"><ele>10.8</ele><time>2023-09-24T23:03:44Z</time></trkpt>
      <trkpt lat="22.5394023" lon="113.9354509"><ele>10.9</ele><time>2023-09-24T23:03:45Z</time></trkpt>
      <trkpt lat="22.5393855" lon="113.9354517"><ele>10.9</ele><time>2023-09-24T23:03:46Z</time></trkpt>
      <trkpt lat="22.5393687" lon="113.9354518"><ele>11.0</ele><time>2023-09-24T23:03:47Z</time></trkpt>
      <trkpt lat="22.5393518" lon="113.9354518"><ele>11.0</ele><time>2023-09-24T23:03:48Z</time></trkpt>
      <trkpt lat="22.5393348" lon="113.9354521"><ele>11.1</ele><time>2023-09-24T23:03:49Z</time></trkpt>
      <trkpt lat="22.5393181" lon="113.9354525"><ele>11.1</ele><time>2023-09-24T23:03:50Z</time></trkpt>
      <trkpt lat="22.5393015" lon="113.9354531"><ele>11.2</ele><time>2023-09-24T23:03:51Z</time></trkpt>
      <trkpt lat="22.5392846" lon="113.9354538"><ele>11.2</ele><time>2023-09-24T23:03:52Z</time></trkpt>
      <trkpt lat="22.5392675" lon="113.9354546"><ele>11.3</ele><time>2023-09-24T23:03:53Z</time></trkpt>
      <trkpt lat="22.5392503" lon="113.9354555"><ele>11.3</ele><time>2023-09-24T23:03:54Z</time></trkpt>
      <trkpt lat="22.5392326" lon="113.9354559"><ele>11.3</ele><time>2023-09-24T23:03:55Z</time></trkpt>
      <trkpt lat="22.5392148" lon="113.9354566"><ele>11.4</ele><time>2023-09-24T23:03:56Z</time></trkpt>
      <trkpt lat="22.5391970" lon="113.9354577"><ele>11.4</ele><time>2023-09-24T23:03:57Z</time></trkpt>
      <trkpt lat="22.5391793" lon="113.9354585"><ele>11.4</ele><time>2023-09-24T23:03:58Z</time></trkpt>
      <trkpt lat="22.5391616" lon="113.9354586"><ele>11.4</ele><time>2023-09-24T23:03:59Z</time></trkpt>
      <trkpt lat="22.5391438" lon="113.9354584"><ele>11.5</ele><time>2023-09-24T23:04:00Z</time></trkpt>
      <trkpt lat="22.5391261" lon="113.9354583"><ele>11.5</ele><time>2023-09-24T23:04:01Z</time></trkpt>
      <trkpt lat="22.5391085" lon="113.9354577"><ele>11.5</ele><time>2023-09-24T23:04:02Z</time></trkpt>
      <trkpt lat="22.5390907" lon="113.9354570"><ele>11.5</ele><time>2023-09-24T23:04:03Z</time></trkpt>
      <trkpt lat="22.5390728" lon="113.9354565"><ele>11.5</ele><time>2023-09-24T23:04:04Z</time></trkpt>
      <trkpt lat="22.5390547" lon="113.9354560"><ele>11.5</ele><time>2023-09-24T23:04:05Z</time></trkpt>
      <trkpt lat="22.5390363" lon="113.9354554"><ele>11.5</ele><time>2023-09-24T23:04:06Z</time></trkpt>
      <trkpt lat="22.5390180" lon="113.9354559"><ele>11.5</ele><time>2023-09-24T23:04:07Z</time></trkpt>
      <trkpt lat="22.5389998" lon="113.9354573"><ele>11.5</ele><time>2023-09-24T23:04:08Z</time></trkpt>
      <trkpt lat="22.5389815" lon="113.9354584"><ele>11.5</ele><time>2023-09-24T23:04:09Z</time></trkpt>
      <trkpt lat="22.5389628" lon="113.9354593"><ele>11.5</ele><time>2023-09-24T23:04:10Z</time></trkpt>
      <trkpt lat="22.5389441" lon="113.9354601"><ele>11.5</ele><time>2023-09-24T23:04:11Z</time></trkpt>
      <trkpt lat="22.5389257" lon="113.9354607"><ele>11.5</ele><time>2023-09-24T23:04:12Z</time></trkpt>
      <trkpt lat="22.5389075" lon="113.9354615"><ele>11.5</ele><time>2023-09-24T23:04:13Z</time></trkpt>
      <trkpt lat="22.5388894" lon="113.9354620"><ele>11.5</ele><time>2023-09-24T23:04:14Z</time></trkpt>
      <trkpt lat="22.5388713" lon="113.9354626"><ele>11.4</ele><time>2023-09-24T23:04:15Z</time></trkpt>
      <trkpt lat="22.5388532" lon="113.9354640"><ele>11.4</ele><time>2023-09-24T23:04:16Z</time></trkpt>
      <trkpt lat="22.5388351" lon="113.9354657"><ele>11.4</ele><time>2023-09-24T23:04:17Z</time></trkpt>
      <trkpt lat="22.5388172" lon="113.9354675"><ele>11.4</ele><time>2023-09-24T23:04:18Z</time></trkpt>
      <trkpt lat="22.5387997" lon="113.9354686"><ele>11.4</ele><time>2023-09-24T23:04:19Z</time></trkpt>
      <trkpt lat="22.5387827" lon="113.9354689"><ele>11.4</ele><time>2023-09-24T23:04:20Z</time></trkpt>
      <trkpt lat="22.5387654" lon="113.9354699"><ele>11.4</ele><time>2023-09-24T23:04:21Z</time></trkpt>
      <trkpt lat="22.5387480" lon="113.9354720"><ele>11.4</ele><time>2023-09-24T23:04:22Z</time></trkpt>
      <trkpt lat="22.5387307" lon="113.9354749"><ele>11.4</ele><time>2023-09-24T23:04:23Z</time></trkpt>
      <trkpt lat="22.5387135" lon="113.9354782"><ele>11.3</ele><time>2023-09-24T23:04:24Z</time></trkpt>
      <trkpt lat="22.5386964" lon="113.9354819"><ele>11.3</ele><time>2023-09-24T23:04:25Z</time></trkpt>
      <trkpt lat="22.5386796" lon="113.9354863"><ele>11.3</ele><time>2023-09-24T23:04:26Z</time></trkpt>
      <trkpt lat="22.5386630" lon="113.9354911"><ele>11.3</ele><time>2023-09-24T23:04:27Z</time></trkpt>
      <trkpt lat="22.5386466" lon="113.9354962"><ele>11.3</ele><time>2023-09-24T23:04:28Z</time></trkpt>
      <trkpt lat="22.5386305" lon="113.9355019"><ele>11.3</ele><time>2023-09-24T23:04:29Z</time></trkpt>
      <trkpt lat="22.5386146" lon="113.9355086"><ele>11.3</ele><time>2023-09-24T23:04:30Z</time></trkpt>
      <trkpt lat="22.5385988" lon="113.9355164"><ele>11.3</ele><time>2023-09-24T23:04:31Z</time></trkpt>
      <trkpt lat="22.5385833" lon="113.9355252"><ele>11.3</ele><time>2023-09-24T23:04:32Z</time></trkpt>
      <trkpt lat="22.5385680" lon="113.9355342"><ele>11.2</ele><time>2023-09-24T23:04:33Z</time></trkpt>
      <trkpt lat="22.5385525" lon="113.9355424"><ele>11.2</ele><time>2023-09-24T23:04:34Z</time></trkpt>
      <trkpt lat="22.5385369" lon="113.9355506"><ele>11.2</ele><time>2023-09-24T23:04:35Z</time></trkpt>
      <trkpt lat="22.5385218" lon="113.9355600"><ele>11.2</ele><time>2023-09-24T23:04:36Z</time></trkpt>
      <trkpt lat="22.5385073" lon="113.9355703"><ele>11.2</ele><time>2023-09-24T23:04:37Z</time></trkpt>
      <trkpt lat="22.5384941" lon="113.9355823"><ele>11.2</ele><time>2023-09-24T23:04:38Z</time></trkpt>
      <trkpt lat="22.5384819" lon="113.9355964"><ele>11.2</ele><time>2023-09-24T23:04:39Z</time></trkpt>
      <trkpt lat="22.5384702" lon="113.9356120"><ele>11.1</ele><time>2023-09-24T23:04:40Z</time></trkpt>
      <trkpt lat="22.5384591" lon="113.9356284"><ele>11.1</ele><time>2023-09-24T23:04:41Z</time></trkpt>
      <trkpt lat="22.5384482" lon="113.9356435"><ele>11.1</ele><time>2023-09-24T23:04:42Z</time></trkpt>
      <trkpt lat="22.5384369" lon="113.9356570"><ele>11.1</ele><time>2023-09-24T23:04:43Z</time></trkpt>
      <trkpt lat="22.5384257" lon="113.9356707"><ele>11.1</ele><time>2023-09-24T23:04:44Z</time></trkpt>
      <trkpt lat="22.5384151" lon="113.9356853"><ele>11.0</ele><time>2023-09-24T23:04:45Z</time></trkpt>
      <trkpt lat="22.5384054" lon="113.9357007"><ele>11.0</ele><time>2023-09-24T23:04:46Z</time></trkpt>
      <trkpt lat="22.5383975" lon="113.9357174"><ele>11.0</ele><time>2023-09-24T23:04:47Z</time></trkpt>
      <trkpt lat="22.5383906" lon="113.9357349"><ele>10.9</ele><time>2023-09-24T23:04:48Z</time></trkpt>
      <trkpt lat="22.5383842" lon="113.9357526"><ele>10.9</ele><time>2023-09-24T23:04:49Z</time></trkpt>
      <trkpt lat="22.5383785" lon="113.9357710"><ele>10.9</ele><time>2023-09-24T23:04:50Z</time></trkpt>
      <trkpt lat="22.5383735" lon="113.9357893"><ele>10.8</ele><time>2023-09-24T23:04:51Z</time></trkpt>
      <trkpt lat="22.5383698" lon="113.9358074"><ele>10.8</ele><time>2023-09-24T23:04:52Z</time></trkpt>
      <trkpt lat="22.5383676" lon="113.9358259"><ele>10.8</ele><time>2023-09-24T23:04:53Z</time></trkpt>
      <trkpt lat="22.5383659" lon="113.9358449"><ele>10.7</ele><time>2023-09-24T23:04:54Z</time></trkpt>
      <trkpt lat="22.5383642" lon="113.9358641"><ele>10.7</ele><time>2023-09-24T23:04:55Z</time></trkpt>
      <trkpt lat="22.5383624" lon="113.9358832"><ele>10.7</ele><time>2023-09-24T23:04:56Z</time></trkpt>
      <trkpt lat="22.5383606" lon="113.9359019"><ele>10.6</ele><time>2023-09-24T23:04:57Z</time></trkpt>
      <trkpt lat="22.5383599" lon="113.9359206"><ele>10.6</ele><time>2023-09-24T23:04:58Z</time></trkpt>
      <trkpt lat="22.5383606" lon="113.9359394"><ele>10.5</ele><time>2023-09-24T23:04:59Z</time></trkpt>
      <trkpt lat="22.5383616" lon="113.9359584"><ele>10.5</ele><time>2023-09-24T23:05:00Z</time></trkpt>
      <trkpt lat="22.5383633" lon="113.9359776"><ele>10.4</ele><time>2023-09-24T23:05:01Z</time></trkpt>
      <trkpt lat="22.5383664" lon="113.9359973"><ele>10.4</ele><time>2023-09-24T23:05:02Z</time></trkpt>
      <trkpt lat="22.5383704" lon="113.9360166"><ele>10.4</ele><time>2023-09-24T23:05:03Z</time></trkpt>
      <trkpt lat="22.5383750" lon="113.9360355"><ele>10.3</ele><time>2023-09-24T23:05:04Z</time></trkpt>
      <trkpt lat="22.5383793" lon="113.9360544"><ele>10.3</ele><time>2023-09-24T23:05:05Z</time></trkpt>
      <trkpt lat="22.5383832" lon="113.9360731"><ele>10.2</ele><time>2023-09-24T23:05:06Z</time></trkpt>
      <trkpt lat="22.5383871" lon="113.9360918"><ele>10.2</ele><time>2023-09-24T23:05:07Z</time></trkpt>
      <trkpt lat="22.5383918" lon="113.9361099"><ele>10.2</ele><time>2023-09-24T23:05:08Z</time></trkpt>
      <trkpt lat="22.5383994" lon="113.9361266"><ele>10.1</ele><time>2023-09-24T23:05:09Z</time></trkpt>
      <trkpt lat="22.5384098" lon="113.9361424"><ele>10.1</ele><time>2023-09-24T23:05:10Z</time></trkpt>
      <trkpt lat="22.5384200" lon="113.9361589"><ele>10.1</ele><time>2023-09-24T23:05:11Z</time></trkpt>
      <trkpt lat="22.5384287" lon="113.9361760"><ele>10.0</ele><time>2023-09-24T23:05:12Z</time></trkpt>
      <trkpt lat="22.5384378" lon="113.9361926"><ele>10.0</ele><time>2023-09-24T23:05:13Z</time></trkpt>
      <trkpt lat="22.5384487" lon="113.9362078"><ele>10.0</ele><time>2023-09-24T23:05:14Z</time></trkpt>
      <trkpt lat="22.5384614" lon="113.9362219"><ele>10.0</ele><time>2023-09-24T23:05:15Z</time></trkpt>
      <trkpt lat="22.5384746" lon="113.9362354"><ele>9.9</ele><time>2023-09-24T23:05:16Z</time></trkpt>
      <trkpt lat="22.5384868" lon="113.9362494"><ele>9.9</ele><time>2023-09-24T23:05:17Z</time></trkpt>
      <trkpt lat="22.5384987" lon="113.9362637"><ele>9.9</ele><time>2023-09-24T23:05:18Z</time></trkpt>
      <trkpt lat="22.5385112" lon="113.9362779"><ele>9.9</ele><time>2023-09-24T23:05:19Z</time></trkpt>
      <trkpt lat="22.5385246" lon="113.9362912"><ele>9.9</ele><time>2023-09-24T23:05:20Z</time></trkpt>
      <trkpt lat="22.5385392" lon="113.9363029"><ele>9.9</ele><time>2023-09-24T23:05:21Z</time></trkpt>
      <trkpt lat="22.5385539" lon="113.9363139"><ele>9.9</ele><time>2023-09-24T23:05:22Z</time></trkpt>
      <trkpt lat="22.5385685" lon="113.9363249"><ele>10.0</ele><time>2023-09-24T23:05:23Z</time></trkpt>
      <trkpt lat="22.5385835" lon="113.9363351"><ele>10.0</ele><time>2023-09-24T23:05:24Z</time></trkpt>
      <trkpt lat="22.5385991" lon="113.9363440"><ele>10.0</ele><time>2023-09-24T23:05:25Z</time></trkpt>
      <trkpt lat="22.5386150" lon="113.9363531"><ele>10.1</ele><time>2023-09-24T23:05:26Z</time></trkpt>
      <trkpt lat="22.5386307" lon="113.9363624"><ele>10.1</ele><time>2023-09-24T23:05:27Z</time></trkpt>
      <trkpt lat="22.5386466" lon="113.9363704"><ele>10.1</ele><time>2023-09-24T23:05:28Z</time></trkpt>
      <trkpt lat="22.5386630" lon="113.9363769"><ele>10.2</ele><time>2023-09-24T23:05:29Z</time></trkpt>
      <trkpt lat="22.5386803" lon="113.9363819"><ele>10.2</ele><time>2023-09-24T23:05:30Z</time></trkpt>
      <trkpt lat="22.5386978" lon="113.9363863"><ele>10.3</ele><time>2023-09-24T23:05:31Z</time></trkpt>
      <trkpt lat="22.5387154" lon="113.9363897"><ele>10.3</ele><time>2023-09-24T23:05:32Z</time></trkpt>
      <trkpt lat="22.5387330" lon="113.9363910"><ele>10.4</ele><time>2023-09-24T23:05:33Z</time></trkpt>
      <trkpt lat="22.5387502" lon="113.9363914"><ele>10.5</ele><time>2023-09-24T23:05:34Z</time></trkpt>
      <trkpt lat="22.5387673" lon="113.9363924"><ele>10.5</ele><time>2023-09-24T23:05:35Z</time></trkpt>
      <trkpt lat="22.5387848" lon="113.9363937"><ele>10.6</ele><time>2023-09-24T23:05:36Z</time></trkpt>
      <trkpt lat="22.5388024" lon="113.9363939"><ele>10.6</ele><time>2023-09-24T23:05:37Z</time></trkpt>
      <trkpt lat="22.5388197" lon="113.9363931"><ele>10.7</ele><time>2023-09-24T23:05:38Z</time></trkpt>
      <trkpt lat="22.5388368" lon="113.9363929"><ele>10.8</ele><time>2023-09-24T23:05:39Z</time></trkpt>
      <trkpt lat="22.5388542" lon="113.9363933"><ele>10.8</ele><time>2023-09-24T23:05:40Z</time></trkpt>
      <trkpt lat="22.5388715" lon="113.9363945"><ele>10.9</ele><time>2023-09-24T23:05:41Z</time></trkpt>
      <trkpt lat="22.5388885" lon="113.9363959"><ele>10.9</ele><time>2023-09-24T23:05:42Z</time></trkpt>
      <trkpt lat="22.5389056" lon="113.9363969"><ele>11.0</ele><time>2023-09-24T23:05:43Z</time></trkpt>
      <trkpt lat="22.5389229" lon="113.9363972"><ele>11.0</ele><time>2023-09-24T23:05:44Z</time></trkpt>
      <trkpt lat="22.5389405" lon="113.9363965"><ele>11.1</ele><time>2023-09-24T23:05:45Z</time></trkpt>
      <trkpt lat="22.5389579" lon="113.9363959"><ele>11.1</ele><time>2023-09-24T23:05:46Z</time></trkpt>
      <trkpt lat="22.5389748" lon="113.9363958"><ele>11.2</ele><time>2023-09-24T23:05:47Z</time></trkpt>
      <trkpt lat="22.5389917" lon="113.9363948"><ele>11.2</ele><time>2023-09-24T23:05:48Z</time></trkpt>
      <trkpt lat="22.5390087" lon="113.9363935"><ele>11.3</ele><time>2023-09-24T23:05:49Z</time></trkpt>
      <trkpt lat="22.5390253" lon="113.9363932"><ele>11.3</ele><time>2023-09-24T23:05:50Z</time></trkpt>
      <trkpt lat="22.5390419" lon="113.9363935"><ele>11.3</ele><time>2023-09-24T23:05:51Z</time></trkpt>
      <trkpt lat="22.5390587" lon="113.9363949"><ele>11.4</ele><time>2023-09-24T23:05:52Z</time></trkpt>
      <trkpt lat="22.5390756" lon="113.9363963"><ele>11.4</ele><time>2023-09-24T23:05:53Z</time></trkpt>
      <trkpt lat="22.5390923" lon="113.9363961"><ele>11.4</ele><time>2023-09-24T23:05:54Z</time></trkpt>
      <trkpt lat="22.5391090" lon="113.9363953"><ele>11.5</ele><time>2023-09-24T23:05:55Z</time></trkpt>
      <trkpt lat="22.5391257" lon="113.9363949"><ele>11.5</ele><time>2023-09-24T23:05:56Z</time></trkpt>
      <trkpt lat="22.5391424" lon="113.9363950"><ele>11.5</ele><time>2023-09-24T23:05:57Z</time></trkpt>
      <trkpt lat="22.5391592" lon="113.9363957"><ele>11.5</ele><time>2023-09-24T23:05:58Z</time></trkpt>
      <trkpt lat="22.5391759" lon="113.9363963"><ele>11.5</ele><time>2023-09-24T23:05:59Z</time></trkpt>
      <trkpt lat="22.5391925" lon="113.9363966"><ele>11.6</ele><time>2023-09-24T23:06:00Z</time></trkpt>
      <trkpt lat="22.5392092" lon="113.9363966"><ele>11.6</ele><time>2023-09-24T23:06:01Z</time></trkpt>
      <trkpt lat="22.5392258" lon="113.9363950"><ele>11.6</ele><time>2023-09-24T23:06:02Z</time></trkpt>
      <trkpt lat="22.5392424" lon="113.9363926"><ele>11.6</ele><time>2023-09-24T23:06:03Z</time></trkpt>
      <trkpt lat="22.5392591" lon="113.9363912"><ele>11.6</ele><time>2023-09-24T23:06:04Z</time></trkpt>
      <trkpt lat="22.5392757" lon="113.9363907"><ele>11.6</ele><time>2023-09-24T23:06:05Z</time></trkpt>
      <trkpt lat="22.5392921" lon="113.9363897"><ele>11.5</ele><time>2023-09-24T23:06:06Z</time></trkpt>
      <trkpt lat="22.5393084" lon="113.9363885"><ele>11.5</ele><time>2023-09-24T23:06:07Z</time></trkpt>
      <trkpt lat="22.5393243" lon="113.9363876"><ele>11.5</ele><time>2023-09-24T23:06:08Z</time></trkpt>
      <trkpt lat="22.5393402" lon="113.9363867"><ele>11.5</ele><time>2023-09-24T23:06:09Z</time></trkpt>
      <trkpt lat="22.5393566" lon="113.9363858"><ele>11.5</ele><time>2023-09-24T23:06:10Z</time></trkpt>
      <trkpt lat="22.5393731" lon="113.9363849"><ele>11.4</ele><time>2023-09-24T23:06:11Z</time></trkpt>
      <trkpt lat="22.5393896" lon="113.9363836"><ele>11.4</ele><time>2023-09-24T23:06:12Z</time></trkpt>
      <trkpt lat="22.5394065" lon="113.9363825"><ele>11.4</ele><time>2023-09-24T23:06:13Z</time></trkpt>
      <trkpt lat="22.5394231" lon="113.9363826"><ele>11.3</ele><time>2023-09-24T23:06:14Z</time></trkpt>
      <trkpt lat="22.5394396" lon="113.9363824"><ele>11.3</ele><time>2023-09-24T23:06:15Z</time></trkpt>
      <trkpt lat="22.5394562" lon="113.9363804"><ele>11.2</ele><time>2023-09-24T23:06:16Z</time></trkpt>
      <trkpt lat="22.5394730" lon="113.9363783"><ele>11.2</ele><time>2023-09-24T23:06:17Z</time></trkpt>
      <trkpt lat="22.5394900" lon="113.9363773"><ele>11.2</ele><time>2023-09-24T23:06:18Z</time></trkpt>
      <trkpt lat="22.5395071" lon="113.9363766"><ele>11.1</ele><time>2023-09-24T23:06:19Z</time></trkpt>
      <trkpt lat="22.5395241" lon="113.9363759"><ele>11.1</ele><time>2023-09-24T23:06:20Z</time></trkpt>
      <trkpt lat="22.5395413" lon="113.9363748"><ele>11.0</ele><time>2023-09-24T23:06:21Z</time></trkpt>
      <trkpt lat="22.5395586" lon="113.9363730"><ele>11.0</ele><time>2023-09-24T23:06:22Z</time></trkpt>
      <trkpt lat="22.5395759" lon="113.9363702"><ele>10.9</ele><time>2023-09-24T23:06:23Z</time></trkpt>
      <trkpt lat="22.5395931" lon="113.9363668"><ele>10.8</ele><time>2023-09-24T23:06:24Z</time></trkpt>
      <trkpt lat="22.5396103" lon="113.9363638"><ele>10.8</ele><time>2023-09-24T23:06:25Z</time></trkpt>
      <trkpt lat="22.5396274" lon="113.9363601"><ele>10.7</ele><time>2023-09-24T23:06:26Z</time></trkpt>
      <trkpt lat="22.5396444" lon="113.9363551"><ele>10.7</ele><time>2023-09-24T23:06:27Z</time></trkpt>
      <trkpt lat="22.5396613" lon="113.9363510"><ele>10.6</ele><time>2023-09-24T23:06:28Z</time></trkpt>
      <trkpt lat="22.5396779" lon="113.9363460"><ele>10.6</ele><time>2023-09-24T23:06:29Z</time></trkpt>
      <trkpt lat="22.5396938" lon="113.9363379"><ele>10.5</ele><time>2023-09-24T23:06:30Z</time></trkpt>
      <trkpt lat="22.5397088" lon="113.9363284"><ele>10.4</ele><time>2023-09-24T23:06:31Z</time></trkpt>
      <trkpt lat="22.5397234" lon="113.9363181"><ele>10.4</ele><time>2023-09-24T23:06:32Z</time></trkpt>
      <trkpt lat="22.5397378" lon="113.9363074"><ele>10.3</ele><time>2023-09-24T23:06:33Z</time></trkpt>
      <trkpt lat="22.5397520" lon="113.9362969"><ele>10.3</ele><time>2023-09-24T23:06:34Z</time></trkpt>
      <trkpt lat="22.5397662" lon="113.9362864"><ele>10.2</ele><time>2023-09-24T23:06:35Z</time></trkpt>
      <trkpt lat="22.5397800" lon="113.9362751"><ele>10.1</ele><time>2023-09-24T23:06:36Z</time></trkpt>
      <trkpt lat="22.5397931" lon="113.9362631"><ele>10.1</ele><time>2023-09-24T23:06:37Z</time></trkpt>
      <trkpt lat="22.5398056" lon="113.9362503"><ele>10.0</ele><time>2023-09-24T23:06:38Z</time></trkpt>
      <trkpt lat="22.5398176" lon="113.9362370"><ele>10.0</ele><time>2023-09-24T23:06:39Z</time></trkpt>
      <trkpt lat="22.5398296" lon="113.9362240"><ele>9.9</ele><time>2023-09-24T23:06:40Z</time></trkpt>
      <trkpt lat="22.5398416" lon="113.9362109"><ele>9.9</ele><time>2023-09-24T23:06:41Z</time></trkpt>
      <trkpt lat="22.5398532" lon="113.9361975"><ele>9.8</ele><time>2023-09-24T23:06:42Z</time></trkpt>
      <trkpt lat="22.5398637" lon="113.9361831"><ele>9.8</ele><time>2023-09-24T23:06:43Z</time></trkpt>
      <trkpt lat="22.5398728" lon="113.9361675"><ele>9.7</ele><time>2023-09-24T23:06:44Z</time></trkpt>
      <trkpt lat="22.5398814" lon="113.9361517"><ele>9.7</ele><time>2023-09-24T23:06:45Z</time></trkpt>
      <trkpt lat="22.5398896" lon="113.9361356"><ele>9.7</ele><time>2023-09-24T23:06:46Z</time></trkpt>
      <trkpt lat="22.5398972" lon="113.9361189"><ele>9.6</ele><time>2023-09-24T23:06:47Z</time></trkpt>
      <trkpt lat="22.5399037" lon="113.9361019"><ele>9.6</ele><time>2023-09-24T23:06:48Z</time></trkpt>
      <trkpt lat="22.5399095" lon="113.9360845"><ele>9.6</ele><time>2023-09-24T23:06:49Z</time></trkpt>
      <trkpt lat="22.5399152" lon="113.9360671"><ele>9.6</ele><time>2023-09-24T23:06:50Z</time></trkpt>
      <trkpt lat="22.5399204" lon="113.9360496"><ele>9.5</ele><time>2023-09-24T23:06:51Z</time></trkpt>
      <trkpt lat="22.5399252" lon="113.9360321"><ele>9.5</ele><time>2023-09-24T23:06:52Z</time></trkpt>
      <trkpt lat="22.5399293" lon="113.9360146"><ele>9.5</ele><time>2023-09-24T23:06:53Z</time></trkpt>
      <trkpt lat="22.5399324" lon="113.9359970"><ele>9.5</ele><time>2023-09-24T23:06:54Z</time></trkpt>
      <trkpt lat="22.5399350" lon="113.9359792"><ele>9.5</ele><time>2023-09-24T23:06:55Z</time></trkpt>
      <trkpt lat="22.5399366" lon="113.9359612"><ele>9.5</ele><time>2023-09-24T23:06:56Z</time></trkpt>
      <trkpt lat="22.5399365" lon="113.9359433"><ele>9.5</ele><time>2023-09-24T23:06:57Z</time></trkpt>
      <trkpt lat="22.5399359" lon="113.9359256"><ele>9.5</ele><time>2023-09-24T23:06:58Z</time></trkpt>
      <trkpt lat="22.5399344" lon="113.9359081"><ele>9.5</ele><time>2023-09-24T23:06:59Z</time></trkpt>
      <trkpt lat="22.5399321" lon="113.9358907"><ele>9.5</ele><time>2023-09-24T23:07:00Z</time></trkpt>
      <trkpt lat="22.5399302" lon="113.9358734"><ele>9.5</ele><time>2023-09-24T23:07:01Z</time></trkpt>
      <trkpt lat="22.5399284" lon="113.9358561"><ele>9.6</ele><time>2023-09-24T23:07:02Z</time></trkpt>
      <trkpt lat="22.5399265" lon="113.9358392"><ele>9.6</ele><time>2023-09-24T23:07:03Z</time></trkpt>
      <trkpt lat="22.5399234" lon="113.9358227"><ele>9.6</ele><time>2023-09-24T23:07:04Z</time></trkpt>
      <trkpt lat="22.5399184" lon="113.9358066"><ele>9.6</ele><time>2023-09-24T23:07:05Z</time></trkpt>
      <trkpt lat="22.5399128" lon="113.9357909"><ele>9.7</ele><time>2023-09-24T23:07:06Z</time></trkpt>
      <trkpt lat="22.5399069" lon="113.9357754"><ele>9.7</ele><time>2023-09-24T23:07:07Z</time></trkpt>
      <trkpt lat="22.5399002" lon="113.9357601"><ele>9.7</ele><time>2023-09-24T23:07:08Z</time></trkpt>
      <trkpt lat="22.5398930" lon="113.9357447"><ele>9.8</ele><time>2023-09-24T23:07:09Z</time></trkpt>
      <trkpt lat="22.5398856" lon="113.9357294"><ele>9.8</ele><time>2023-09-24T23:07:10Z</time></trkpt>
      <trkpt lat="22.5398772" lon="113.9357149"><ele>9.9</ele><time>2023-09-24T23:07:11Z</time></trkpt>
      <trkpt lat="22.5398682" lon="113.9357009"><ele>9.9</ele><time>2023-09-24T23:07:12Z</time></trkpt>
      <trkpt lat="22.5398589" lon="113.9356871"><ele>10.0</ele><time>2023-09-24T23:07:13Z</time></trkpt>
      <trkpt lat="22.5398484" lon="113.9356746"><ele>10.0</ele><time>2023-09-24T23:07:14Z</time></trkpt>
      <trkpt lat="22.5398373" lon="113.9356627"><ele>10.1</ele><time>2023-09-24T23:07:15Z</time></trkpt>
      <trkpt lat="22.5398266" lon="113.9356507"><ele>10.2</ele><time>2023-09-24T23:07:16Z</time></trkpt>
      <trkpt lat="22.5398163" lon="113.9356377"><ele>10.2</ele><time>2023-09-24T23:07:17Z</time></trkpt>
      <trkpt lat="22.5398068" lon="113.9356236"><ele>10.3</ele><time>2023-09-24T23:07:18Z</time></trkpt>
      <trkpt lat="22.5397974" lon="113.9356095"><ele>10.4</ele><time>2023-09-24T23:07:19Z</time></trkpt>
      <trkpt lat="22.5397869" lon="113.9355963"><ele>10.5</ele><time>2023-09-24T23:07:20Z</time></trkpt>
      <trkpt lat="22.5397752" lon="113.9355841"><ele>10.6</ele><time>2023-09-24T23:07:21Z</time></trkpt>
      <trkpt lat="22.5397631" lon="113.9355723"><ele>10.7</ele><time>2023-09-24T23:07:22Z</time></trkpt>
      <trkpt lat="22.5397509" lon="113.9355602"><ele>10.8</ele><time>2023-09-24T23:07:23Z</time></trkpt>
      <trkpt lat="22.5397388" lon="113.9355476"><ele>10.8</ele><time>2023-09-24T23:07:24Z</time></trkpt>
      <trkpt lat="22.5397264" lon="113.9355358"><ele>10.9</ele><time>2023-09-24T23:07:25Z</time></trkpt>
      <trkpt lat="22.5397129" lon="113.9355261"><ele>11.1</ele><time>2023-09-24T23:07:26Z</time></trkpt>
      <trkpt lat="22.5396982" lon="113.9355185"><ele>11.2</ele><time>2023-09-24T23:07:27Z</time></trkpt>
      <trkpt lat="22.5396834" lon="113.9355116"><ele>11.3</ele><time>2023-09-24T23:07:28Z</time></trkpt>
      <trkpt lat="22.5396685" lon="113.9355046"><ele>11.4</ele><time>2023-09-24T23:07:29Z</time></trkpt>
      <trkpt lat="22.5396534" lon="113.9354981"><ele>11.5</ele><time>2023-09-24T23:07:30Z</time></trkpt>
      <trkpt lat="22.5396380" lon="113.9354928"><ele>11.6</ele><time>2023-09-24T23:07:31Z</time></trkpt>
      <trkpt lat="22.5396224" lon="113.9354880"><ele>11.7</ele><time>2023-09-24T23:07:32Z</time></trkpt>
      <trkpt lat="22.5396067" lon="113.9354831"><ele>11.8</ele><time>2023-09-24T23:07:33Z</time></trkpt>
      <trkpt lat="22.5395911" lon="113.9354787"><ele>11.9</ele><time>2023-09-24T23:07:34Z</time></trkpt>
      <trkpt lat="22.5395750" lon="113.9354753"><ele>12.0</ele><time>2023-09-24T23:07:35Z</time></trkpt>
      <trkpt lat="22.5395583" lon="113.9354725"><ele>12.1</ele><time>2023-09-24T23:07:36Z</time></trkpt>
      <trkpt lat="22.5395414" lon="113.9354693"><ele>12.2</ele><time>2023-09-24T23:07:37Z</time></trkpt>
      <trkpt lat="22.5395245" lon="113.9354658"><ele>12.2</ele><time>2023-09-24T23:07:38Z</time></trkpt>
      <trkpt lat="22.5395076" lon="113.9354623"><ele>12.3</ele><time>2023-09-24T23:07:39Z</time></trkpt>
      <trkpt lat="22.5394910" lon="113.9354593"><ele>12.4</ele><time>2023-09-24T23:07:40Z</time></trkpt>
      <trkpt lat="22.5394749" lon="113.9354574"><ele>12.5</ele><time>2023-09-24T23:07:41Z</time></trkpt>
      <trkpt lat="22.5394589" lon="113.9354562"><ele>12.6</ele><time>2023-09-24T23:07:42Z</time></trkpt>
      <trkpt lat="22.5394430" lon="113.9354551"><ele>12.7</ele><time>2023-09-24T23:07:43Z</time></trkpt>
      <trkpt lat="22.5394269" lon="113.9354553"><ele>12.7</ele><time>2023-09-24T23:07:44Z</time></trkpt>
      <trkpt lat="22.5394107" lon="113.9354561"><ele>12.8</ele><time>2023-09-24T23:07:45Z</time></trkpt>
      <trkpt lat="22.5393946" lon="113.9354561"><ele>12.9</ele><time>2023-09-24T23:07:46Z</time></trkpt>
      <trkpt lat="22.5393785" lon="113.9354553"><ele>12.9</ele><time>2023-09-24T23:07:47Z</time></trkpt>
      <trkpt lat="22.5393624" lon="113.9354545"><ele>13.0</ele><time>2023-09-24T23:07:48Z</time></trkpt>
      <trkpt lat="22.5393464" lon="113.9354539"><ele>13.1</ele><time>2023-09-24T23:07:49Z</time></trkpt>
      <trkpt lat="22.5393304" lon="113.9354542"><ele>13.1</ele><time>2023-09-24T23:07:50Z</time></trkpt>
      <trkpt lat="22.5393145" lon="113.9354550"><ele>13.2</ele><time>2023-09-24T23:07:51Z</time></trkpt>
      <trkpt lat="22.5392986" lon="113.9354559"><ele>13.2</ele><time>2023-09-24T23:07:52Z</time></trkpt>
      <trkpt lat="22.5392827" lon="113.9354570"><ele>13.2</ele><time>2023-09-24T23:07:53Z</time></trkpt>
      <trkpt lat="22.5392666" lon="113.9354577"><ele>13.3</ele><time>2023-09-24T23:07:54Z</time></trkpt>
      <trkpt lat="22.5392506" lon="113.9354579"><ele>13.3</ele><time>2023-09-24T23:07:55Z</time></trkpt>
      <trkpt lat="22.5392346" lon="113.9354575"><ele>13.4</ele><time>2023-09-24T23:07:56Z</time></trkpt>
      <trkpt lat="22.5392186" lon="113.9354569"><ele>13.4</ele><time>2023-09-24T23:07:57Z</time></trkpt>
      <trkpt lat="22.5392027" lon="113.9354557"><ele>13.4</ele><time>2023-09-24T23:07:58Z</time></trkpt>
      <trkpt lat="22.5391869" lon="113.9354541"><ele>13.4</ele><time>2023-09-24T23:07:59Z</time></trkpt>
      <trkpt lat="22.5391711" lon="113.9354530"><ele>13.5</ele><time>2023-09-24T23:08:00Z</time></trkpt>
      <trkpt lat="22.5391553" lon="113.9354526"><ele>13.5</ele><time>2023-09-24T23:08:01Z</time></trkpt>
      <trkpt lat="22.5391395" lon="113.9354529"><ele>13.5</ele><time>2023-09-24T23:08:02Z</time></trkpt>
      <trkpt lat="22.5391238" lon="113.9354549"><ele>13.5</ele><time>2023-09-24T23:08:03Z</time></trkpt>
      <trkpt lat="22.5391083" lon="113.9354581"><ele>13.5</ele><time>2023-09-24T23:08:04Z</time></trkpt>
      <trkpt lat="22.5390928" lon="113.9354604"><ele>13.6</ele><time>2023-09-24T23:08:05Z</time></trkpt>
      <trkpt lat="22.5390770" lon="113.9354620"><ele>13.6</ele><time>2023-09-24T23:08:06Z</time></trkpt>
      <trkpt lat="22.5390612" lon="113.9354635"><ele>13.6</ele><time>2023-09-24T23:08:07Z</time></trkpt>
      <trkpt lat="22.5390454" lon="113.9354643"><ele>13.6</ele><time>2023-09-24T23:08:08Z</time></trkpt>
      <trkpt lat="22.5390296" lon="113.9354652"><ele>13.6</ele><time>2023-09-24T23:08:09Z</time></trkpt>
      <trkpt lat="22.5390137" lon="113.9354665"><ele>13.6</ele><time>2023-09-24T23:08:10Z</time></trkpt>
      <trkpt lat="22.5389976" lon="113.9354672"><ele>13.6</ele><time>2023-09-24T23:08:11Z</time></trkpt>
      <trkpt lat="22.5389812" lon="113.9354676"><ele>13.6</ele><time>2023-09-24T23:08:12Z</time></trkpt>
      <trkpt lat="22.5389648" lon="113.9354678"><ele>13.6</ele><time>2023-09-24T23:08:13Z</time></trkpt>
      <trkpt lat="22.5389486" lon="113.9354675"><ele>13.6</ele><time>2023-09-24T23:08:14Z</time></trkpt>
      <trkpt lat="22.5389324" lon="113.9354672"><ele>13.6</ele><time>2023-09-24T23:08:15Z</time></trkpt>
      <trkpt lat="22.5389163" lon="113.9354676"><ele>13.6</ele><time>2023-09-24T23:08:16Z</time></trkpt>
      <trkpt lat="22.5389002" lon="113.9354691"><ele>13.6</ele><time>2023-09-24T23:08:17Z</time></trkpt>
      <trkpt lat="22.5388841" lon="113.9354701"><ele>13.6</ele><time>2023-09-24T23:08:18Z</time></trkpt>
      <trkpt lat="22.5388679" lon="113.9354703"><ele>13.6</ele><time>2023-09-24T23:08:19Z</time></trkpt>
      <trkpt lat="22.5388516" lon="113.9354712"><ele>13.6</ele><time>2023-09-24T23:08:20Z</time></trkpt>
      <trkpt lat="22.5388348" lon="113.9354734"><ele>13.6</ele><time>2023-09-24T23:08:21Z</time></trkpt>
      <trkpt lat="22.5388172" lon="113.9354762"><ele>13.6</ele><time>2023-09-24T23:08:22Z</time></trkpt>
      <trkpt lat="22.5387998" lon="113.9354802"><ele>13.6</ele><time>2023-09-24T23:08:23Z</time></trkpt>
      <trkpt lat="22.5387839" lon="113.9354864"><ele>13.5</ele><time>2023-09-24T23:08:24Z</time></trkpt>
      <trkpt lat="22.5387684" lon="113.9354930"><ele>13.5</ele><time>2023-09-24T23:08:25Z</time></trkpt>
      <trkpt lat="22.5387525" lon="113.9354981"><ele>13.5</ele><time>2023-09-24T23:08:26Z</time></trkpt>
      <trkpt lat="22.5387361" lon="113.9355010"><ele>13.5</ele><time>2023-09-24T23:08:27Z</time></trkpt>
      <trkpt lat="22.5387195" lon="113.9355023"><ele>13.5</ele><time>2023-09-24T23:08:28Z</time></trkpt>
      <trkpt lat="22.5387029" lon="113.9355032"><ele>13.4</ele><time>2023-09-24T23:08:29Z</time></trkpt>
      <trkpt lat="22.5386863" lon="113.9355034"><ele>13.4</ele><time>2023-09-24T23:08:30Z</time></trkpt>
      <trkpt lat="22.5386698" lon="113.9355045"><ele>13.4</ele><time>2023-09-24T23:08:31Z</time></trkpt>
      <trkpt lat="22.5386533" lon="113.9355071"><ele>13.3</ele><time>2023-09-24T23:08:32Z</time></trkpt>
      <trkpt lat="22.5386366" lon="113.9355105"><ele>13.3</ele><time>2023-09-24T23:08:33Z</time></trkpt>
      <trkpt lat="22.5386198" lon="113.9355154"><ele>13.3</ele><time>2023-09-24T23:08:34Z</time></trkpt>
      <trkpt lat="22.5386032" lon="113.9355214"><ele>13.2</ele><time>2023-09-24T23:08:35Z</time></trkpt>
      <trkpt lat="22.5385870" lon="113.9355278"><ele>13.2</ele><time>2023-09-24T23:08:36Z</time></trkpt>
      <trkpt lat="22.5385716" lon="113.9355356"><ele>13.1</ele><time>2023-09-24T23:08:37Z</time></trkpt>
      <trkpt lat="22.5385568" lon="113.9355443"><ele>13.1</ele><time>2023-09-24T23:08:38Z</time></trkpt>
      <trkpt lat="22.5385428" lon="113.9355537"><ele>13.0</ele><time>2023-09-24T23:08:39Z</time></trkpt>
      <trkpt lat="22.5385295" lon="113.9355651"><ele>13.0</ele><time>2023-09-24T23:08:40Z</time></trkpt>
      <trkpt lat="22.5385167" lon="113.9355773"><ele>12.9</ele><time>2023-09-24T23:08:41Z</time></trkpt>
      <trkpt lat="22.5385036" lon="113.9355890"><ele>12.8</ele><time>2023-09-24T23:08:42Z</time></trkpt>
      <trkpt lat="22.5384908" lon="113.9356016"><ele>12.8</ele><time>2023-09-24T23:08:43Z</time></trkpt>
      <trkpt lat="22.5384787" lon="113.9356150"><ele>12.7</ele><time>2023-09-24T23:08:44Z</time></trkpt>
      <trkpt lat="22.5384670" lon="113.9356290"><ele>12.7</ele><time>2023-09-24T23:08:45Z</time></trkpt>
      <trkpt lat="22.5384556" lon="113.9356440"><ele>12.6</ele><time>2023-09-24T23:08:46Z</time></trkpt>
      <trkpt lat="22.5384448" lon="113.9356597"><ele>12.5</ele><time>2023-09-24T23:08:47Z</time></trkpt>
      <trkpt lat="22.5384348" lon="113.9356759"><ele>12.5</ele><time>2023-09-24T23:08:48Z</time></trkpt>
      <trkpt lat="22.5384256" lon="113.9356926"><ele>12.4</ele><time>2023-09-24T23:08:49Z</time></trkpt>
      <trkpt lat="22.5384167" lon="113.9357092"><ele>12.4</ele><time>2023-09-24T23:08:50Z</time></trkpt>
      <trkpt lat="22.5384078" lon="113.9357256"><ele>12.3</ele><time>2023-09-24T23:08:51Z</time></trkpt>
      <trkpt lat="22.5383998" lon="113.9357420"><ele>12.2</ele><time>2023-09-24T23:08:52Z</time></trkpt>
      <trkpt lat="22.5383934" lon="113.9357586"><ele>12.2</ele><time>2023-09-24T23:08:53Z</time></trkpt>
      <trkpt lat="22.5383887" lon="113.9357765"><ele>12.1</ele><time>2023-09-24T23:08:54Z</time></trkpt>
      <trkpt lat="22.5383851" lon="113.9357953"><ele>12.1</ele><time>2023-09-24T23:08:55Z</time></trkpt>
      <trkpt lat="22.5383819" lon="113.9358146"><ele>12.0</ele><time>2023-09-24T23:08:56Z</time></trkpt>
      <trkpt lat="22.5383787" lon="113.9358338"><ele>11.9</ele><time>2023-09-24T23:08:57Z</time></trkpt>
      <trkpt lat="22.5383754" lon="113.9358527"><ele>11.9</ele><time>2023-09-24T23:08:58Z</time></trkpt>
      <trkpt lat="22.5383722" lon="113.9358714"><ele>11.8</ele><time>2023-09-24T23:08:59Z</time></trkpt>
      <trkpt lat="22.5383699" lon="113.9358901"><ele>11.7</ele><time>2023-09-24T23:09:00Z</time></trkpt>
      <trkpt lat="22.5383683" lon="113.9359087"><ele>11.7</ele><time>2023-09-24T23:09:01Z</time></trkpt>
      <trkpt lat="22.5383675" lon="113.9359273"><ele>11.6</ele><time>2023-09-24T23:09:02Z</time></trkpt>
      <trkpt lat="22.5383689" lon="113.9359465"><ele>11.6</ele><time>2023-09-24T23:09:03Z</time></trkpt>
      <trkpt lat="22.5383724" lon="113.9359657"><ele>11.5</ele><time>2023-09-24T23:09:04Z</time></trkpt>
      <trkpt lat="22.5383768" lon="113.9359845"><ele>11.4</ele><time>2023-09-24T23:09:05Z</time></trkpt>
      <trkpt lat="22.5383814" lon="113.9360032"><ele>11.4</ele><time>2023-09-24T23:09:06Z</time></trkpt>
      <trkpt lat="22.5383865" lon="113.9360218"><ele>11.3</ele><time>2023-09-24T23:09:07Z</time></trkpt>
      <trkpt lat="22.5383914" lon="113.9360402"><ele>11.3</ele><time>2023-09-24T23:09:08Z</time></trkpt>
      <trkpt lat="22.5383951" lon="113.9360589"><ele>11.2</ele><time>2023-09-24T23:09:09Z</time></trkpt>
      <trkpt lat="22.5383991" lon="113.9360778"><ele>11.2</ele><time>2023-09-24T23:09:10Z</time></trkpt>
      <trkpt lat="22.5384043" lon="113.9360965"><ele>11.1</ele><time>2023-09-24T23:09:11Z</time></trkpt>
      <trkpt lat="22.5384104" lon="113.9361144"><ele>11.1</ele><time>2023-09-24T23:09:12Z</time></trkpt>
      <trkpt lat="22.5384178" lon="113.9361316"><ele>11.0</ele><time>2023-09-24T23:09:13Z</time></trkpt>
      <trkpt lat="22.5384267" lon="113.9361485"><ele>11.0</ele><time>2023-09-24T23:09:14Z</time></trkpt>
      <trkpt lat="22.5384366" lon="113.9361649"><ele>10.9</ele><time>2023-09-24T23:09:15Z</time></trkpt>
      <trkpt lat="22.5384469" lon="113.9361817"><ele>10.9</ele><time>2023-09-24T23:09:16Z</time></trkpt>
      <trkpt lat="22.5384568" lon="113.9361989"><ele>10.8</ele><time>2023-09-24T23:09:17Z</time></trkpt>
      <trkpt lat="22.5384671" lon="113.9362153"><ele>10.8</ele><time>2023-09-24T23:09:18Z</time></trkpt>
      <trkpt lat="22.5384783" lon="113.9362305"><ele>10.7</ele><time>2023-09-24T23:09:19Z</time></trkpt>
      <trkpt lat="22.5384894" lon="113.9362453"><ele>10.7</ele><time>2023-09-24T23:09:20Z</time></trkpt>
      <trkpt lat="22.5385010" lon="113.9362597"><ele>10.7</ele><time>2023-09-24T23:09:21Z</time></trkpt>
      <trkpt lat="22.5385132" lon="113.9362734"><ele>10.6</ele><time>2023-09-24T23:09:22Z</time></trkpt>
      <trkpt lat="22.5385255" lon="113.9362872"><ele>10.6</ele><time>2023-09-24T23:09:23Z</time></trkpt>
      <trkpt lat="22.5385391" lon="113.9363002"><ele>10.6</ele><time>2023-09-24T23:09:24Z</time></trkpt>
      <trkpt lat="22.5385538" lon="113.9363120"><ele>10.5</ele><time>2023-09-24T23:09:25Z</time></trkpt>
      <trkpt lat="22.5385694" lon="113.9363230"><ele>10.5</ele><time>2023-09-24T23:09:26Z</time></trkpt>
      <trkpt lat="22.5385865" lon="113.9363339"><ele>10.5</ele><time>2023-09-24T23:09:27Z</time></trkpt>
      <trkpt lat="22.5386033" lon="113.9363450"><ele>10.5</ele><time>2023-09-24T23:09:28Z</time></trkpt>
      <trkpt lat="22.5386199" lon="113.9363542"><ele>10.4</ele><time>2023-09-24T23:09:29Z</time></trkpt>
      <trkpt lat="22.5386372" lon="113.9363619"><ele>10.4</ele><time>2023-09-24T23:09:30Z</time></trkpt>
      <trkpt lat="22.5386545" lon="113.9363701"><ele>10.4</ele><time>2023-09-24T23:09:31Z</time></trkpt>
      <trkpt lat="22.5386721" lon="113.9363767"><ele>10.4</ele><time>2023-09-24T23:09:32Z</time></trkpt>
      <trkpt lat="22.5386903" lon="113.9363812"><ele>10.4</ele><time>2023-09-24T23:09:33Z</time></trkpt>
      <trkpt lat="22.5387079" lon="113.9363858"><ele>10.4</ele><time>2023-09-24T23:09:34Z</time></trkpt>
      <trkpt lat="22.5387254" lon="113.9363910"><ele>10.4</ele><time>2023-09-24T23:09:35Z</time></trkpt>
      <trkpt lat="22.5387435" lon="113.9363963"><ele>10.5</ele><time>2023-09-24T23:09:36Z</time></trkpt>
      <trkpt lat="22.5387624" lon="113.9364001"><ele>10.5</ele><time>2023-09-24T23:09:37Z</time></trkpt>
      <trkpt lat="22.5387818" lon="113.9364018"><ele>10.5</ele><time>2023-09-24T23:09:38Z</time></trkpt>
      <trkpt lat="22.5388008" lon="113.9364027"><ele>10.5</ele><time>2023-09-24T23:09:39Z</time></trkpt>
      <trkpt lat="22.5388192" lon="113.9364026"><ele>10.5</ele><time>2023-09-24T23:09:40Z</time></trkpt>
      <trkpt lat="22.5388378" lon="113.9364015"><ele>10.6</ele><time>2023-09-24T23:09:41Z</time></trkpt>
      <trkpt lat="22.5388567" lon="113.9364013"><ele>10.6</ele><time>2023-09-24T23:09:42Z</time></trkpt>
      <trkpt lat="22.5388755" lon="113.9364023"><ele>10.6</ele><time>2023-09-24T23:09:43Z</time></trkpt>
      <trkpt lat="22.5388943" lon="113.9364037"><ele>10.7</ele><time>2023-09-24T23:09:44Z</time></trkpt>
      <trkpt lat="22.5389131" lon="113.9364059"><ele>10.7</ele><time>2023-09-24T23:09:45Z</time></trkpt>
      <trkpt lat="22.5389318" lon="113.9364075"><ele>10.8</ele><time>2023-09-24T23:09:46Z</time></trkpt>
      <trkpt lat="22.5389503" lon="113.9364074"><ele>10.8</ele><time>2023-09-24T23:09:47Z</time></trkpt>
      <trkpt lat="22.5389685" lon="113.9364070"><ele>10.8</ele><time>2023-09-24T23:09:48Z</time></trkpt>
      <trkpt lat="22.5389869" lon="113.9364063"><ele>10.9</ele><time>2023-09-24T23:09:49Z</time></trkpt>
      <trkpt lat="22.5390055" lon="113.9364054"><ele>10.9</ele><time>2023-09-24T23:09:50Z</time></trkpt>
      <trkpt lat="22.5390243" lon="113.9364043"><ele>10.9</ele><time>2023-09-24T23:09:51Z</time></trkpt>
      <trkpt lat="22.5390430" lon="113.9364042"><ele>11.0</ele><time>2023-09-24T23:09:52Z</time></trkpt>
      <trkpt lat="22.5390620" lon="113.9364052"><ele>11.0</ele><time>2023-09-24T23:09:53Z</time></trkpt>
      <trkpt lat="22.5390813" lon="113.9364070"><ele>11.1</ele><time>2023-09-24T23:09:54Z</time></trkpt>
      <trkpt lat="22.5391005" lon="113.9364084"><ele>11.1</ele><time>2023-09-24T23:09:55Z</time></trkpt>
      <trkpt lat="22.5391189" lon="113.9364077"><ele>11.1</ele><time>2023-09-24T23:09:56Z</time></trkpt>
      <trkpt lat="22.5391365" lon="113.9364055"><ele>11.1</ele><time>2023-09-24T23:09:57Z</time></trkpt>
      <trkpt lat="22.5391550" lon="113.9364028"><ele>11.2</ele><time>2023-09-24T23:09:58Z</time></trkpt>
      <trkpt lat="22.5391747" lon="113.9364005"><ele>11.2</ele><time>2023-09-24T23:09:59Z</time></trkpt>
      <trkpt lat="22.5391942" lon="113.9364001"><ele>11.2</ele><time>2023-09-24T23:10:00Z</time></trkpt>
      <trkpt lat="22.5392129" lon="113.9363999"><ele>11.2</ele><time>2023-09-24T23:10:01Z</time></trkpt>
      <trkpt lat="22.5392315" lon="113.9363993"><ele>11.2</ele><time>2023-09-24T23:10:02Z</time></trkpt>
      <trkpt lat="22.5392496" lon="113.9363994"><ele>11.2</ele><time>2023-09-24T23:10:03Z</time></trkpt>
      <trkpt lat="22.5392671" lon="113.9363994"><ele>11.2</ele><time>2023-09-24T23:10:04Z</time></trkpt>
      <trkpt lat="22.5392843" lon="113.9363989"><ele>11.2</ele><time>2023-09-24T23:10:05Z</time></trkpt>
      <trkpt lat="22.5393014" lon="113.9363977"><ele>11.2</ele><time>2023-09-24T23:10:06Z</time></trkpt>
      <trkpt lat="22.5393190" lon="113.9363974"><ele>11.1</ele><time>2023-09-24T23:10:07Z</time></trkpt>
      <trkpt lat="22.5393370" lon="113.9363974"><ele>11.1</ele><time>2023-09-24T23:10:08Z</time></trkpt>
      <trkpt lat="22.5393552" lon="113.9363976"><ele>11.1</ele><time>2023-09-24T23:10:09Z</time></trkpt>
      <trkpt lat="22.5393732" lon="113.9363973"><ele>11.0</ele><time>2023-09-24T23:10:10Z</time></trkpt>
      <trkpt lat="22.5393908" lon="113.9363949"><ele>11.0</ele><time>2023-09-24T23:10:11Z</time></trkpt>
      <trkpt lat="22.5394082" lon="113.9363917"><ele>10.9</ele><time>2023-09-24T23:10:12Z</time></trkpt>
      <trkpt lat="22.5394252" lon="113.9363891"><ele>10.9</ele><time>2023-09-24T23:10:13Z</time></trkpt>
      <trkpt lat="22.5394417" lon="113.9363872"><ele>10.8</ele><time>2023-09-24T23:10:14Z</time></trkpt>
      <trkpt lat="22.5394582" lon="113.9363858"><ele>10.8</ele><time>2023-09-24T23:10:15Z</time></trkpt>
      <trkpt lat="22.5394749" lon="113.9363852"><ele>10.7</ele><time>2023-09-24T23:10:16Z</time></trkpt>
      <trkpt lat="22.5394915" lon="113.9363855"><ele>10.6</ele><time>2023-09-24T23:10:17Z</time></trkpt>
      <trkpt lat="22.5395082" lon="113.9363854"><ele>10.6</ele><time>2023-09-24T23:10:18Z</time></trkpt>
      <trkpt lat="22.5395251" lon="113.9363847"><ele>10.5</ele><time>2023-09-24T23:10:19Z</time></trkpt>
      <trkpt lat="22.5395419" lon="113.9363842"><ele>10.4</ele><time>2023-09-24T23:10:20Z</time></trkpt>
      <trkpt lat="22.5395588" lon="113.9363840"><ele>10.3</ele><time>2023-09-24T23:10:21Z</time></trkpt>
      <trkpt lat="22.5395759" lon="113.9363827"><ele>10.3</ele><time>2023-09-24T23:10:22Z</time></trkpt>
      <trkpt lat="22.5395925" lon="113.9363791"><ele>10.2</ele><time>2023-09-24T23:10:23Z</time></trkpt>
      <trkpt lat="22.5396087" lon="113.9363741"><ele>10.1</ele><time>2023-09-24T23:10:24Z</time></trkpt>
      <trkpt lat="22.5396251" lon="113.9363686"><ele>10.0</ele><time>2023-09-24T23:10:25Z</time></trkpt>
      <trkpt lat="22.5396414" lon="113.9363635"><ele>10.0</ele><time>2023-09-24T23:10:26Z</time></trkpt>
      <trkpt lat="22.5396575" lon="113.9363581"><ele>9.9</ele><time>2023-09-24T23:10:27Z</time></trkpt>
      <trkpt lat="22.5396735" lon="113.9363518"><ele>9.8</ele><time>2023-09-24T23:10:28Z</time></trkpt>
      <trkpt lat="22.5396892" lon="113.9363448"><ele>9.7</ele><time>2023-09-24T23:10:29Z</time></trkpt>
      <trkpt lat="22.5397048" lon="113.9363375"><ele>9.7</ele><time>2023-09-24T23:10:30Z</time></trkpt>
      <trkpt lat="22.5397201" lon="113.9363298"><ele>9.6</ele><time>2023-09-24T23:10:31Z</time></trkpt>
      <trkpt lat="22.5397349" lon="113.9363209"><ele>9.5</ele><time>2023-09-24T23:10:32Z</time></trkpt>
      <trkpt lat="22.5397493" lon="113.9363107"><ele>9.5</ele><time>2023-09-24T23:10:33Z</time></trkpt>
      <trkpt lat="22.5397637" lon="113.9363003"><ele>9.4</ele><time>2023-09-24T23:10:34Z</time></trkpt>
      <trkpt lat="22.5397780" lon="113.9362893"><ele>9.4</ele><time>2023-09-24T23:10:35Z</time></trkpt>
      <trkpt lat="22.5397913" lon="113.9362772"><ele>9.3</ele><time>2023-09-24T23:10:36Z</time></trkpt>
      <trkpt lat="22.5398042" lon="113.9362652"><ele>9.3</ele><time>2023-09-24T23:10:37Z</time></trkpt>
      <trkpt lat="22.5398169" lon="113.9362532"><ele>9.2</ele><time>2023-09-24T23:10:38Z</time></trkpt>
      <trkpt lat="22.5398293" lon="113.9362402"><ele>9.2</ele><time>2023-09-24T23:10:39Z</time></trkpt>
      <trkpt lat="22.5398409" lon="113.9362267"><ele>9.1</ele><time>2023-09-24T23:10:40Z</time></trkpt>
      <trkpt lat="22.5398512" lon="113.9362127"><ele>9.1</ele><time>2023-09-24T23:10:41Z</time></trkpt>
      <trkpt lat="22.5398607" lon="113.9361977"><ele>9.0</ele><time>2023-09-24T23:10:42Z</time></trkpt>
      <trkpt lat="22.5398702" lon="113.9361821"><ele>9.0</ele><time>2023-09-24T23:10:43Z</time></trkpt>
      <trkpt lat="22.5398794" lon="113.9361663"><ele>8.9</ele><time>2023-09-24T23:10:44Z</time></trkpt>
      <trkpt lat="22.5398884" lon="113.9361505"><ele>8.9</ele><time>2023-09-24T23:10:45Z</time></trkpt>
      <trkpt lat="22.5398970" lon="113.9361345"><ele>8.8</ele><time>2023-09-24T23:10:46Z</time></trkpt>
      <trkpt lat="22.5399047" lon="113.9361183"><ele>8.8</ele><time>2023-09-24T23:10:47Z</time></trkpt>
      <trkpt lat="22.5399120" lon="113.9361021"><ele>8.7</ele><time>2023-09-24T23:10:48Z</time></trkpt>
      <trkpt lat="22.5399189" lon="113.9360857"><ele>8.7</ele><time>2023-09-24T23:10:49Z</time></trkpt>
      <trkpt lat="22.5399251" lon="113.9360686"><ele>8.6</ele><time>2023-09-24T23:10:50Z</time></trkpt>
      <trkpt lat="22.5399294" lon="113.9360508"><ele>8.6</ele><time>2023-09-24T23:10:51Z</time></trkpt>
      <trkpt lat="22.5399327" lon="113.9360329"><ele>8.6</ele><time>2023-09-24T23:10:52Z</time></trkpt>
      <trkpt lat="22.5399362" lon="113.9360149"><ele>8.5</ele><time>2023-09-24T23:10:53Z</time></trkpt>
      <trkpt lat="22.5399391" lon="113.9359971"><ele>8.5</ele><time>2023-09-24T23:10:54Z</time></trkpt>
      <trkpt lat="22.5399405" lon="113.9359796"><ele>8.4</ele><time>2023-09-24T23:10:55Z</time></trkpt>
      <trkpt lat="22.5399400" lon="113.9359618"><ele>8.4</ele><time>2023-09-24T23:10:56Z</time></trkpt>
      <trkpt lat="22.5399393" lon="113.9359437"><ele>8.4</ele><time>2023-09-24T23:10:57Z</time></trkpt>
      <trkpt lat="22.5399387" lon="113.9359259"><ele>8.3</ele><time>2023-09-24T23:10:58Z</time></trkpt>
      <trkpt lat="22.5399374" lon="113.9359083"><ele>8.3</ele><time>2023-09-24T23:10:59Z</time></trkpt>
      <trkpt lat="22.5399362" lon="113.9358905"><ele>8.3</ele><time>2023-09-24T23:11:00Z</time></trkpt>
      <trkpt lat="22.5399349" lon="113.9358729"><ele>8.3</ele><time>2023-09-24T23:11:01Z</time></trkpt>
      <trkpt lat="22.5399320" lon="113.9358554"><ele>8.3</ele><time>2023-09-24T23:11:02Z</time></trkpt>
      <trkpt lat="22.5399283" lon="113.9358380"><ele>8.3</ele><time>2023-09-24T23:11:03Z</time></trkpt>
      <trkpt lat="22.5399246" lon="113.9358208"><ele>8.3</ele><time>2023-09-24T23:11:04Z</time></trkpt>
      <trkpt lat="22.5399209" lon="113.9358038"><ele>8.3</ele><time>2023-09-24T23:11:05Z</time></trkpt>
      <trkpt lat="22.5399177" lon="113.9357870"><ele>8.4</ele><time>2023-09-24T23:11:06Z</time></trkpt>
      <trkpt lat="22.5399134" lon="113.9357707"><ele>8.4</ele><time>2023-09-24T23:11:07Z</time></trkpt>
      <trkpt lat="22.5399062" lon="113.9357551"><ele>8.4</ele><time>2023-09-24T23:11:08Z</time></trkpt>
      <trkpt lat="22.5398988" lon="113.9357395"><ele>8.5</ele><time>2023-09-24T23:11:09Z</time></trkpt>
      <trkpt lat="22.5398923" lon="113.9357235"><ele>8.5</ele><time>2023-09-24T23:11:10Z</time></trkpt>
      <trkpt lat="22.5398852" lon="113.9357076"><ele>8.6</ele><time>2023-09-24T23:11:11Z</time></trkpt>
      <trkpt lat="22.5398774" lon="113.9356924"><ele>8.6</ele><time>2023-09-24T23:11:12Z</time></trkpt>
      <trkpt lat="22.5398693" lon="113.9356776"><ele>8.7</ele><time>2023-09-24T23:11:13Z</time></trkpt>
      <trkpt lat="22.5398605" lon="113.9356627"><ele>8.8</ele><time>2023-09-24T23:11:14Z</time></trkpt>
      <trkpt lat="22.5398510" lon="113.9356483"><ele>8.9</ele><time>2023-09-24T23:11:15Z</time></trkpt>
      <trkpt lat="22.5398416" lon="113.9356341"><ele>9.0</ele><time>2023-09-24T23:11:16Z</time></trkpt>
      <trkpt lat="22.5398315" lon="113.9356203"><ele>9.1</ele><time>2023-09-24T23:11:17Z</time></trkpt>
      <trkpt lat="22.5398207" lon="113.9356069"><ele>9.2</ele><time>2023-09-24T23:11:18Z</time></trkpt>
      <trkpt lat="22.5398095" lon="113.9355941"><ele>9.3</ele><time>2023-09-24T23:11:19Z</time></trkpt>
      <trkpt lat="22.5397968" lon="113.9355821"><ele>9.4</ele><time>2023-09-24T23:11:20Z</time></trkpt>
      <trkpt lat="22.5397831" lon="113.9355707"><ele>9.5</ele><time>2023-09-24T23:11:21Z</time></trkpt>
      <trkpt lat="22.5397696" lon="113.9355591"><ele>9.6</ele><time>2023-09-24T23:11:22Z</time></trkpt>
      <trkpt lat="22.5397562" lon="113.9355471"><ele>9.7</ele><time>2023-09-24T23:11:23Z</time></trkpt>
      <trkpt lat="22.5397424" lon="113.9355357"><ele>9.8</ele><time>2023-09-24T23:11:24Z</time></trkpt>
      <trkpt lat="22.5397277" lon="113.9355253"><ele>10.0</ele><time>2023-09-24T23:11:25Z</time></trkpt>
      <trkpt lat="22.5397120" lon="113.9355160"><ele>10.1</ele><time>2023-09-24T23:11:26Z</time></trkpt>
      <trkpt lat="22.5396962" lon="113.9355074"><ele>10.2</ele><time>2023-09-24T23:11:27Z</time></trkpt>
      <trkpt lat="22.5396805" lon="113.9354987"><ele>10.4</ele><time>2023-09-24T23:11:28Z</time></trkpt>
      <trkpt lat="22.5396646" lon="113.9354901"><ele>10.5</ele><time>2023-09-24T23:11:29Z</time></trkpt>
      <trkpt lat="22.5396482" lon="113.9354824"><ele>10.6</ele><time>2023-09-24T23:11:30Z</time></trkpt>
      <trkpt lat="22.5396309" lon="113.9354769"><ele>10.7</ele><time>2023-09-24T23:11:31Z</time></trkpt>
      <trkpt lat="22.5396132" lon="113.9354728"><ele>10.9</ele><time>2023-09-24T23:11:32Z</time></trkpt>
      <trkpt lat="22.5395957" lon="113.9354684"><ele>11.0</ele><time>2023-09-24T23:11:33Z</time></trkpt>
      <trkpt lat="22.5395783" lon="113.9354636"><ele>11.1</ele><time>2023-09-24T23:11:34Z</time></trkpt>
      <trkpt lat="22.5395613" lon="113.9354583"><ele>11.2</ele><time>2023-09-24T23:11:35Z</time></trkpt>
      <trkpt lat="22.5395444" lon="113.9354537"><ele>11.4</ele><time>2023-09-24T23:11:36Z</time></trkpt>
      <trkpt lat="22.5395270" lon="113.9354519"><ele>11.5</ele><time>2023-09-24T23:11:37Z</time></trkpt>
      <trkpt lat="22.5395091" lon="113.9354524"><ele>11.6</ele><time>2023-09-24T23:11:38Z</time></trkpt>
      <trkpt lat="22.5394910" lon="113.9354531"><ele>11.7</ele><time>2023-09-24T23:11:39Z</time></trkpt>
      <trkpt lat="22.5394728" lon="113.9354529"><ele>11.9</ele><time>2023-09-24T23:11:40Z</time></trkpt>
      <trkpt lat="22.5394546" lon="113.9354530"><ele>12.0</ele><time>2023-09-24T23:11:41Z</time></trkpt>
      <trkpt lat="22.5394361" lon="113.9354549"><ele>12.1</ele><time>2023-09-24T23:11:42Z</time></trkpt>
      <trkpt lat="22.5394175" lon="113.9354571"><ele>12.2</ele><time>2023-09-24T23:11:43Z</time></trkpt>
      <trkpt lat="22.5393991" lon="113.9354586"><ele>12.3</ele><time>2023-09-24T23:11:44Z</time></trkpt>
      <trkpt lat="22.5393809" lon="113.9354599"><ele>12.4</ele><time>2023-09-24T23:11:45Z</time></trkpt>
      <trkpt lat="22.5393626" lon="113.9354608"><ele>12.5</ele><time>2023-09-24T23:11:46Z</time></trkpt>
      <trkpt lat="22.5393442" lon="113.9354618"><ele>12.6</ele><time>2023-09-24T23:11:47Z</time></trkpt>
      <trkpt lat="22.5393256" lon="113.9354633"><ele>12.7</ele><time>2023-09-24T23:11:48Z</time></trkpt>
      <trkpt lat="22.5393065" lon="113.9354644"><ele>12.8</ele><time>2023-09-24T23:11:49Z</time></trkpt>
      <trkpt lat="22.5392870" lon="113.9354644"><ele>12.9</ele><time>2023-09-24T23:11:50Z</time></trkpt>
      <trkpt lat="22.5392681" lon="113.9354640"><ele>13.0</ele><time>2023-09-24T23:11:51Z</time></trkpt>
      <trkpt lat="22.5392501" lon="113.9354646"><ele>13.1</ele><time>2023-09-24T23:11:52Z</time></trkpt>
      <trkpt lat="22.5392322" lon="113.9354664"><ele>13.2</ele><time>2023-09-24T23:11:53Z</time></trkpt>
      <trkpt lat="22.5392145" lon="113.9354673"><ele>13.2</ele><time>2023-09-24T23:11:54Z</time></trkpt>
      <trkpt lat="22.5391969" lon="113.9354675"><ele>13.3</ele><time>2023-09-24T23:11:55Z</time></trkpt>
      <trkpt lat="22.5391794" lon="113.9354679"><ele>13.4</ele><time>2023-09-24T23:11:56Z</time></trkpt>
      <trkpt lat="22.5391619" lon="113.9354686"><ele>13.4</ele><time>2023-09-24T23:11:57Z</time></trkpt>
      <trkpt lat="22.5391445" lon="113.9354700"><ele>13.5</ele><time>2023-09-24T23:11:58Z</time></trkpt>
      <trkpt lat="22.5391269" lon="113.9354713"><ele>13.5</ele><time>2023-09-24T23:11:59Z</time></trkpt>
      <trkpt lat="22.5391096" lon="113.9354720"><ele>13.6</ele><time>2023-09-24T23:12:00Z</time></trkpt>
      <trkpt lat="22.5390922" lon="113.9354711"><ele>13.6</ele><time>2023-09-24T23:12:01Z</time></trkpt>
      <trkpt lat="22.5390744" lon="113.9354690"><ele>13.7</ele><time>2023-09-24T23:12:02Z</time></trkpt>
      <trkpt lat="22.5390568" lon="113.9354679"><ele>13.7</ele><time>2023-09-24T23:12:03Z</time></trkpt>
      <trkpt lat="22.5390392" lon="113.9354688"><ele>13.7</ele><time>2023-09-24T23:12:04Z</time></trkpt>
      <trkpt lat="22.5390219" lon="113.9354707"><ele>13.8</ele><time>2023-09-24T23:12:05Z</time></trkpt>
      <trkpt lat="22.5390045" lon="113.9354719"><ele>13.8</ele><time>2023-09-24T23:12:06Z</time></trkpt>
      <trkpt lat="22.5389868" lon="113.9354717"><ele>13.8</ele><time>2023-09-24T23:12:07Z</time></trkpt>
      <trkpt lat="22.5389692" lon="113.9354718"><ele>13.8</ele><time>2023-09-24T23:12:08Z</time></trkpt>
      <trkpt lat="22.5389517" lon="113.9354732"><ele>13.8</ele><time>2023-09-24T23:12:09Z</time></trkpt>
      <trkpt lat="22.5389344" lon="113.9354746"><ele>13.8</ele><time>2023-09-24T23:12:10Z</time></trkpt>
      <trkpt lat="22.5389170" lon="113.9354747"><ele>13.8</ele><time>2023-09-24T23:12:11Z</time></trkpt>
      <trkpt lat="22.5388994" lon="113.9354740"><ele>13.8</ele><time>2023-09-24T23:12:12Z</time></trkpt>
      <trkpt lat="22.5388819" lon="113.9354733"><ele>13.8</ele><time>2023-09-24T23:12:13Z</time></trkpt>
      <trkpt lat="22.5388645" lon="113.9354728"><ele>13.8</ele><time>2023-09-24T23:12:14Z</time></trkpt>
      <trkpt lat="22.5388473" lon="113.9354729"><ele>13.8</ele><time>2023-09-24T23:12:15Z</time></trkpt>
      <trkpt lat="22.5388306" lon="113.9354738"><ele>13.8</ele><time>2023-09-24T23:12:16Z</time></trkpt>
      <trkpt lat="22.5388139" lon="113.9354749"><ele>13.8</ele><time>2023-09-24T23:12:17Z</time></trkpt>
      <trkpt lat="22.5387971" lon="113.9354759"><ele>13.8</ele><time>2023-09-24T23:12:18Z</time></trkpt>
      <trkpt lat="22.5387806" lon="113.9354775"><ele>13.8</ele><time>2023-09-24T23:12:19Z</time></trkpt>
      <trkpt lat="22.5387641" lon="113.9354801"><ele>13.8</ele><time>2023-09-24T23:12:20Z</time></trkpt>
      <trkpt lat="22.5387472" lon="113.9354821"><ele>13.7</ele><time>2023-09-24T23:12:21Z</time></trkpt>
      <trkpt lat="22.5387305" lon="113.9354831"><ele>13.7</ele><time>2023-09-24T23:12:22Z</time></trkpt>
      <trkpt lat="22.5387142" lon="113.9354840"><ele>13.7</ele><time>2023-09-24T23:12:23Z</time></trkpt>
      <trkpt lat="22.5386980" lon="113.9354851"><ele>13.6</ele><time>2023-09-24T23:12:24Z</time></trkpt>
      <trkpt lat="22.5386820" lon="113.9354874"><ele>13.6</ele><time>2023-09-24T23:12:25Z</time></trkpt>
      <trkpt lat="22.5386661" lon="113.9354919"><ele>13.5</ele><time>2023-09-24T23:12:26Z</time></trkpt>
      <trkpt lat="22.5386505" lon="113.9354982"><ele>13.5</ele><time>2023-09-24T23:12:27Z</time></trkpt>
      <trkpt lat="22.5386353" lon="113.9355046"><ele>13.4</ele><time>2023-09-24T23:12:28Z</time></trkpt>
      <trkpt lat="22.5386203" lon="113.9355111"><ele>13.4</ele><time>2023-09-24T23:12:29Z</time></trkpt>
      <trkpt lat="22.5386049" lon="113.9355180"><ele>13.3</ele><time>2023-09-24T23:12:30Z</time></trkpt>
      <trkpt lat="22.5385892" lon="113.9355248"><ele>13.2</ele><time>2023-09-24T23:12:31Z</time></trkpt>
      <trkpt lat="22.5385735" lon="113.9355320"><ele>13.2</ele><time>2023-09-24T23:12:32Z</time></trkpt>
      <trkpt lat="22.5385585" lon="113.9355398"><ele>13.1</ele><time>2023-09-24T23:12:33Z</time></trkpt>
      <trkpt lat="22.5385445" lon="113.9355481"><ele>13.0</ele><time>2023-09-24T23:12:34Z</time></trkpt>
      <trkpt lat="22.5385313" lon="113.9355577"><ele>12.9</ele><time>2023-09-24T23:12:35Z</time></trkpt>
      <trkpt lat="22.5385184" lon="113.9355679"><ele>12.8</ele><time>2023-09-24T23:12:36Z</time></trkpt>
      <trkpt lat="22.5385059" lon="113.9355787"><ele>12.7</ele><time>2023-09-24T23:12:37Z</time></trkpt>
      <trkpt lat="22.5384935" lon="113.9355902"><ele>12.6</ele><time>2023-09-24T23:12:38Z</time></trkpt>
      <trkpt lat="22.5384805" lon="113.9356017"><ele>12.5</ele><time>2023-09-24T23:12:39Z</time></trkpt>
      <trkpt lat="22.5384672" lon="113.9356131"><ele>12.4</ele><time>2023-09-24T23:12:40Z</time></trkpt>
      <trkpt lat="22.5384549" lon="113.9356262"><ele>12.3</ele><time>2023-09-24T23:12:41Z</time></trkpt>
      <trkpt lat="22.5384439" lon="113.9356405"><ele>12.2</ele><time>2023-09-24T23:12:42Z</time></trkpt>
      <trkpt lat="22.5384331" lon="113.9356553"><ele>12.1</ele><time>2023-09-24T23:12:43Z</time></trkpt>
      <trkpt lat="22.5384228" lon="113.9356704"><ele>11.9</ele><time>2023-09-24T23:12:44Z</time></trkpt>
      <trkpt lat="22.5384132" lon="113.9356857"><ele>11.8</ele><time>2023-09-24T23:12:45Z</time></trkpt>
      <trkpt lat="22.5384044" lon="113.9357015"><ele>11.7</ele><time>2023-09-24T23:12:46Z</time></trkpt>
      <trkpt lat="22.5383961" lon="113.9357173"><ele>11.6</ele><time>2023-09-24T23:12:47Z</time></trkpt>
      <trkpt lat="22.5383883" lon="113.9357328"><ele>11.4</ele><time>2023-09-24T23:12:48Z</time></trkpt>
      <trkpt lat="22.5383808" lon="113.9357491"><ele>11.3</ele><time>2023-09-24T23:12:49Z</time></trkpt>
      <trkpt lat="22.5383741" lon="113.9357667"><ele>11.2</ele><time>2023-09-24T23:12:50Z</time></trkpt>
      <trkpt lat="22.5383681" lon="113.9357847"><ele>11.0</ele><time>2023-09-24T23:12:51Z</time></trkpt>
      <trkpt lat="22.5383628" lon="113.9358029"><ele>10.9</ele><time>2023-09-24T23:12:52Z</time></trkpt>
      <trkpt lat="22.5383585" lon="113.9358211"><ele>10.8</ele><time>2023-09-24T23:12:53Z</time></trkpt>
      <trkpt lat="22.5383556" lon="113.9358393"><ele>10.7</ele><time>2023-09-24T23:12:54Z</time></trkpt>
      <trkpt lat="22.5383542" lon="113.9358578"><ele>10.5</ele><time>2023-09-24T23:12:55Z</time></trkpt>
      <trkpt lat="22.5383530" lon="113.9358762"><ele>10.4</ele><time>2023-09-24T23:12:56Z</time></trkpt>
      <trkpt lat="22.5383520" lon="113.9358947"><ele>10.3</ele><time>2023-09-24T23:12:57Z</time></trkpt>
      <trkpt lat="22.5383510" lon="113.9359135"><ele>10.2</ele><time>2023-09-24T23:12:58Z</time></trkpt>
      <trkpt lat="22.5383499" lon="113.9359324"><ele>10.1</ele><time>2023-09-24T23:12:59Z</time></trkpt>
      <trkpt lat="22.5383511" lon="113.9359513"><ele>10.0</ele><time>2023-09-24T23:13:00Z</time></trkpt>
      <trkpt lat="22.5383544" lon="113.9359703"><ele>9.9</ele><time>2023-09-24T23:13:01Z</time></trkpt>
      <trkpt lat="22.5383581" lon="113.9359892"><ele>9.8</ele><time>2023-09-24T23:13:02Z</time></trkpt>
      <trkpt lat="22.5383615" lon="113.9360079"><ele>9.7</ele><time>2023-09-24T23:13:03Z</time></trkpt>
      <trkpt lat="22.5383649" lon="113.9360262"><ele>9.6</ele><time>2023-09-24T23:13:04Z</time></trkpt>
      <trkpt lat="22.5383702" lon="113.9360443"><ele>9.5</ele><time>2023-09-24T23:13:05Z</time></trkpt>
      <trkpt lat="22.5383775" lon="113.9360623"><ele>9.4</ele><time>2023-09-24T23:13:06Z</time></trkpt>
      <trkpt lat="22.5383842" lon="113.9360803"><ele>9.4</ele><time>2023-09-24T23:13:07Z</time></trkpt>
      <trkpt lat="22.5383907" lon="113.9360979"><ele>9.3</ele><time>2023-09-24T23:13:08Z</time></trkpt>
      <trkpt lat="22.5383983" lon="113.9361150"><ele>9.3</ele><time>2023-09-24T23:13:09Z</time></trkpt>
      <trkpt lat="22.5384065" lon="113.9361315"><ele>9.2</ele><time>2023-09-24T23:13:10Z</time></trkpt>
      <trkpt lat="22.5384149" lon="113.9361477"><ele>9.2</ele><time>2023-09-24T23:13:11Z</time></trkpt>
      <trkpt lat="22.5384237" lon="113.9361636"><ele>9.1</ele><time>2023-09-24T23:13:12Z</time></trkpt>
      <trkpt lat="22.5384337" lon="113.9361787"><ele>9.1</ele><time>2023-09-24T23:13:13Z</time></trkpt>
      <trkpt lat="22.5384451" lon="113.9361930"><ele>9.1</ele><time>2023-09-24T23:13:14Z</time></trkpt>
      <trkpt lat="22.5384573" lon="113.9362070"><ele>9.1</ele><time>2023-09-24T23:13:15Z</time></trkpt>
      <trkpt lat="22.5384697" lon="113.9362210"><ele>9.1</ele><time>2023-09-24T23:13:16Z</time></trkpt>
      <trkpt lat="22.5384824" lon="113.9362345"><ele>9.1</ele><time>2023-09-24T23:13:17Z</time></trkpt>
      <trkpt lat="22.5384948" lon="113.9362478"><ele>9.1</ele><time>2023-09-24T23:13:18Z</time></trkpt>
      <trkpt lat="22.5385068" lon="113.9362616"><ele>9.1</ele><time>2023-09-24T23:13:19Z</time></trkpt>
      <trkpt lat="22.5385193" lon="113.9362751"><ele>9.1</ele><time>2023-09-24T23:13:20Z</time></trkpt>
      <trkpt lat="22.5385321" lon="113.9362884"><ele>9.2</ele><time>2023-09-24T23:13:21Z</time></trkpt>
      <trkpt lat="22.5385448" lon="113.9363018"><ele>9.2</ele><time>2023-09-24T23:13:22Z</time></trkpt>
      <trkpt lat="22.5385581" lon="113.9363147"><ele>9.2</ele><time>2023-09-24T23:13:23Z</time></trkpt>
      <trkpt lat="22.5385723" lon="113.9363270"><ele>9.3</ele><time>2023-09-24T23:13:24Z</time></trkpt>
      <trkpt lat="22.5385875" lon="113.9363377"><ele>9.3</ele><time>2023-09-24T23:13:25Z</time></trkpt>
      <trkpt lat="22.5386034" lon="113.9363469"><ele>9.4</ele><time>2023-09-24T23:13:26Z</time></trkpt>
      <trkpt lat="22.5386197" lon="113.9363550"><ele>9.4</ele><time>2023-09-24T23:13:27Z</time></trkpt>
      <trkpt lat="22.5386373" lon="113.9363618"><ele>9.5</ele><time>2023-09-24T23:13:28Z</time></trkpt>
      <trkpt lat="22.5386551" lon="113.9363686"><ele>9.6</ele><time>2023-09-24T23:13:29Z</time></trkpt>
      <trkpt lat="22.5386719" lon="113.9363764"><ele>9.6</ele><time>2023-09-24T23:13:30Z</time></trkpt>
      <trkpt lat="22.5386889" lon="113.9363835"><ele>9.7</ele><time>2023-09-24T23:13:31Z</time></trkpt>
      <trkpt lat="22.5387063" lon="113.9363894"><ele>9.8</ele><time>2023-09-24T23:13:32Z</time></trkpt>
      <trkpt lat="22.5387239" lon="113.9363944"><ele>9.9</ele><time>2023-09-24T23:13:33Z</time></trkpt>
      <trkpt lat="22.5387421" lon="113.9363978"><ele>9.9</ele><time>2023-09-24T23:13:34Z</time></trkpt>
      <trkpt lat="22.5387607" lon="113.9363999"><ele>10.0</ele><time>2023-09-24T23:13:35Z</time></trkpt>
      <trkpt lat="22.5387797" lon="113.9364007"><ele>10.1</ele><time>2023-09-24T23:13:36Z</time></trkpt>
      <trkpt lat="22.5387987" lon="113.9364009"><ele>10.2</ele><time>2023-09-24T23:13:37Z</time></trkpt>
      <trkpt lat="22.5388175" lon="113.9364020"><ele>10.3</ele><time>2023-09-24T23:13:38Z</time></trkpt>
      <trkpt lat="22.5388364" lon="113.9364029"><ele>10.4</ele><time>2023-09-24T23:13:39Z</time></trkpt>
      <trkpt lat="22.5388553" lon="113.9364026"><ele>10.4</ele><time>2023-09-24T23:13:40Z</time></trkpt>
      <trkpt lat="22.5388741" lon="113.9364013"><ele>10.5</ele><time>2023-09-24T23:13:41Z</time></trkpt>
      <trkpt lat="22.5388928" lon="113.9363999"><ele>10.6</ele><time>2023-09-24T23:13:42Z</time></trkpt>
      <trkpt lat="22.5389115" lon="113.9363999"><ele>10.7</ele><time>2023-09-24T23:13:43Z</time></trkpt>
      <trkpt lat="22.5389302" lon="113.9364004"><ele>10.8</ele><time>2023-09-24T23:13:44Z</time></trkpt>
      <trkpt lat="22.5389489" lon="113.9364007"><ele>10.8</ele><time>2023-09-24T23:13:45Z</time></trkpt>
      <trkpt lat="22.5389676" lon="113.9364010"><ele>10.9</ele><time>2023-09-24T23:13:46Z</time></trkpt>
      <trkpt lat="22.5389863" lon="113.9364015"><ele>11.0</ele><time>2023-09-24T23:13:47Z</time></trkpt>
      <trkpt lat="22.5390056" lon="113.9364010"><ele>11.0</ele><time>2023-09-24T23:13:48Z</time></trkpt>
      <trkpt lat="22.5390259" lon="113.9363995"><ele>11.1</ele><time>2023-09-24T23:13:49Z</time></trkpt>
      <trkpt lat="22.5390466" lon="113.9363983"><ele>11.2</ele><time>2023-09-24T23:13:50Z</time></trkpt>
      <trkpt lat="22.5390664" lon="113.9363981"><ele>11.2</ele><time>2023-09-24T23:13:51Z</time></trkpt>
      <trkpt lat="22.5390854" lon="113.9363978"><ele>11.3</ele><time>2023-09-24T23:13:52Z</time></trkpt>
      <trkpt lat="22.5391047" lon="113.9363973"><ele>11.3</ele><time>2023-09-24T23:13:53Z</time></trkpt>
      <trkpt lat="22.5391240" lon="113.9363970"><ele>11.4</ele><time>2023-09-24T23:13:54Z</time></trkpt>
      <trkpt lat="22.5391430" lon="113.9363968"><ele>11.4</ele><time>2023-09-24T23:13:55Z</time></trkpt>
      <trkpt lat="22.5391618" lon="113.9363959"><ele>11.4</ele><time>2023-09-24T23:13:56Z</time></trkpt>
      <trkpt lat="22.5391802" lon="113.9363933"><ele>11.5</ele><time>2023-09-24T23:13:57Z</time></trkpt>
      <trkpt lat="22.5391985" lon="113.9363908"><ele>11.5</ele><time>2023-09-24T23:13:58Z</time></trkpt>
      <trkpt lat="22.5392169" lon="113.9363890"><ele>11.5</ele><time>2023-09-24T23:13:59Z</time></trkpt>
      <trkpt lat="22.5392350" lon="113.9363870"><ele>11.5</ele><time>2023-09-24T23:14:00Z</time></trkpt>
      <trkpt lat="22.5392530" lon="113.9363852"><ele>11.5</ele><time>2023-09-24T23:14:01Z</time></trkpt>
      <trkpt lat="22.5392711" lon="113.9363839"><ele>11.6</ele><time>2023-09-24T23:14:02Z</time></trkpt>
      <trkpt lat="22.5392889" lon="113.9363836"><ele>11.6</ele><time>2023-09-24T23:14:03Z</time></trkpt>
      <trkpt lat="22.5393062" lon="113.9363837"><ele>11.6</ele><time>2023-09-24T23:14:04Z</time></trkpt>
      <trkpt lat="22.5393236" lon="113.9363834"><ele>11.6</ele><time>2023-09-24T23:14:05Z</time></trkpt>
      <trkpt lat="22.5393411" lon="113.9363828"><ele>11.6</ele><time>2023-09-24T23:14:06Z</time></trkpt>
      <trkpt lat="22.5393587" lon="113.9363816"><ele>11.6</ele><time>2023-09-24T23:14:07Z</time></trkpt>
      <trkpt lat="22.5393762" lon="113.9363800"><ele>11.6</ele><time>2023-09-24T23:14:08Z</time></trkpt>
      <trkpt lat="22.5393934" lon="113.9363801"><ele>11.6</ele><time>2023-09-24T23:14:09Z</time></trkpt>
      <trkpt lat="22.5394106" lon="113.9363817"><ele>11.6</ele><time>2023-09-24T23:14:10Z</time></trkpt>
      <trkpt lat="22.5394279" lon="113.9363826"><ele>11.5</ele><time>2023-09-24T23:14:11Z</time></trkpt>
      <trkpt lat="22.5394446" lon="113.9363823"><ele>11.5</ele><time>2023-09-24T23:14:12Z</time></trkpt>
      <trkpt lat="22.5394610" lon="113.9363810"><ele>11.5</ele><time>2023-09-24T23:14:13Z</time></trkpt>
      <trkpt lat="22.5394777" lon="113.9363789"><ele>11.5</ele><time>2023-09-24T23:14:14Z</time></trkpt>
      <trkpt lat="22.5394943" lon="113.9363767"><ele>11.4</ele><time>2023-09-24T23:14:15Z</time></trkpt>
      <trkpt lat="22.5395111" lon="113.9363752"><ele>11.4</ele><time>2023-09-24T23:14:16Z</time></trkpt>
      <trkpt lat="22.5395282" lon="113.9363742"><ele>11.4</ele><time>2023-09-24T23:14:17Z</time></trkpt>
      <trkpt lat="22.5395454" lon="113.9363726"><ele>11.3</ele><time>2023-09-24T23:14:18Z</time></trkpt>
      <trkpt lat="22.5395625" lon="113.9363712"><ele>11.3</ele><time>2023-09-24T23:14:19Z</time></trkpt>
      <trkpt lat="22.5395798" lon="113.9363700"><ele>11.2</ele><time>2023-09-24T23:14:20Z</time></trkpt>
      <trkpt lat="22.5395967" lon="113.9363670"><ele>11.2</ele><time>2023-09-24T23:14:21Z</time></trkpt>
      <trkpt lat="22.5396134" lon="113.9363618"><ele>11.2</ele><time>2023-09-24T23:14:22Z</time></trkpt>
      <trkpt lat="22.5396300" lon="113.9363559"><ele>11.1</ele><time>2023-09-24T23:14:23Z</time></trkpt>
      <trkpt lat="22.5396463" lon="113.9363496"><ele>11.0</ele><time>2023-09-24T23:14:24Z</time></trkpt>
      <trkpt lat="22.5396625" lon="113.9363427"><ele>11.0</ele><time>2023-09-24T23:14:25Z</time></trkpt>
      <trkpt lat="22.5396785" lon="113.9363359"><ele>10.9</ele><time>2023-09-24T23:14:26Z</time></trkpt>
      <trkpt lat="22.5396940" lon="113.9363290"><ele>10.9</ele><time>2023-09-24T23:14:27Z</time></trkpt>
      <trkpt lat="22.5397093" lon="113.9363216"><ele>10.8</ele><time>2023-09-24T23:14:28Z</time></trkpt>
      <trkpt lat="22.5397248" lon="113.9363135"><ele>10.8</ele><time>2023-09-24T23:14:29Z</time></trkpt>
      <trkpt lat="22.5397397" lon="113.9363042"><ele>10.7</ele><time>2023-09-24T23:14:30Z</time></trkpt>
      <trkpt lat="22.5397539" lon="113.9362934"><ele>10.6</ele><time>2023-09-24T23:14:31Z</time></trkpt>
      <trkpt lat="22.5397677" lon="113.9362821"><ele>10.5</ele><time>2023-09-24T23:14:32Z</time></trkpt>
      <trkpt lat="22.5397809" lon="113.9362703"><ele>10.5</ele><time>2023-09-24T23:14:33Z</time></trkpt>
      <trkpt lat="22.5397935" lon="113.9362574"><ele>10.4</ele><time>2023-09-24T23:14:34Z</time></trkpt>
      <trkpt lat="22.5398053" lon="113.9362439"><ele>10.3</ele><time>2023-09-24T23:14:35Z</time></trkpt>
      <trkpt lat="22.5398153" lon="113.9362299"><ele>10.3</ele><time>2023-09-24T23:14:36Z</time></trkpt>
      <trkpt lat="22.5398242" lon="113.9362155"><ele>10.2</ele><time>2023-09-24T23:14:37Z</time></trkpt>
      <trkpt lat="22.5398336" lon="113.9362009"><ele>10.1</ele><time>2023-09-24T23:14:38Z</time></trkpt>
      <trkpt lat="22.5398432" lon="113.9361861"><ele>10.0</ele><time>2023-09-24T23:14:39Z</time></trkpt>
      <trkpt lat="22.5398529" lon="113.9361712"><ele>9.9</ele><time>2023-09-24T23:14:40Z</time></trkpt>
      <trkpt lat="22.5398625" lon="113.9361564"><ele>9.8</ele><time>2023-09-24T23:14:41Z</time></trkpt>
      <trkpt lat="22.5398712" lon="113.9361410"><ele>9.7</ele><time>2023-09-24T23:14:42Z</time></trkpt>
      <trkpt lat="22.5398790" lon="113.9361249"><ele>9.7</ele><time>2023-09-24T23:14:43Z</time></trkpt>
      <trkpt lat="22.5398865" lon="113.9361088"><ele>9.6</ele><time>2023-09-24T23:14:44Z</time></trkpt>
      <trkpt lat="22.5398931" lon="113.9360922"><ele>9.5</ele><time>2023-09-24T23:14:45Z</time></trkpt>
      <trkpt lat="22.5398991" lon="113.9360751"><ele>9.4</ele><time>2023-09-24T23:14:46Z</time></trkpt>
      <trkpt lat="22.5399054" lon="113.9360584"><ele>9.3</ele><time>2023-09-24T23:14:47Z</time></trkpt>
      <trkpt lat="22.5399121" lon="113.9360424"><ele>9.2</ele><time>2023-09-24T23:14:48Z</time></trkpt>
      <trkpt lat="22.5399180" lon="113.9360261"><ele>9.1</ele><time>2023-09-24T23:14:49Z</time></trkpt>
      <trkpt lat="22.5399218" lon="113.9360090"><ele>9.0</ele><time>2023-09-24T23:14:50Z</time></trkpt>
      <trkpt lat="22.5399251" lon="113.9359913"><ele>8.9</ele><time>2023-09-24T23:14:51Z</time></trkpt>
      <trkpt lat="22.5399290" lon="113.9359736"><ele>8.9</ele><time>2023-09-24T23:14:52Z</time></trkpt>
      <trkpt lat="22.5399320" lon="113.9359560"><ele>8.8</ele><time>2023-09-24T23:14:53Z</time></trkpt>
      <trkpt lat="22.5399335" lon="113.9359380"><ele>8.7</ele><time>2023-09-24T23:14:54Z</time></trkpt>
      <trkpt lat="22.5399349" lon="113.9359201"><ele>8.6</ele><time>2023-09-24T23:14:55Z</time></trkpt>
      <trkpt lat="22.5399354" lon="113.9359024"><ele>8.5</ele><time>2023-09-24T23:14:56Z</time></trkpt>
      <trkpt lat="22.5399333" lon="113.9358846"><ele>8.5</ele><time>2023-09-24T23:14:57Z</time></trkpt>
      <trkpt lat="22.5399304" lon="113.9358666"><ele>8.4</ele><time>2023-09-24T23:14:58Z</time></trkpt>
      <trkpt lat="22.5399282" lon="113.9358486"><ele>8.3</ele><time>2023-09-24T23:14:59Z</time></trkpt>
      <trkpt lat="22.5399264" lon="113.9358305"><ele>8.3</ele><time>2023-09-24T23:15:00Z</time></trkpt>
      <trkpt lat="22.5399245" lon="113.9358129"><ele>8.2</ele><time>2023-09-24T23:15:01Z</time></trkpt>
      <trkpt lat="22.5399212" lon="113.9357957"><ele>8.2</ele><time>2023-09-24T23:15:02Z</time></trkpt>
      <trkpt lat="22.5399167" lon="113.9357783"><ele>8.1</ele><time>2023-09-24T23:15:03Z</time></trkpt>
      <trkpt lat="22.5399115" lon="113.9357608"><ele>8.1</ele><time>2023-09-24T23:15:04Z</time></trkpt>
      <trkpt lat="22.5399058" lon="113.9357435"><ele>8.0</ele><time>2023-09-24T23:15:05Z</time></trkpt>
      <trkpt lat="22.5398995" lon="113.9357261"><ele>8.0</ele><time>2023-09-24T23:15:06Z</time></trkpt>
      <trkpt lat="22.5398930" lon="113.9357091"><ele>8.0</ele><time>2023-09-24T23:15:07Z</time></trkpt>
      <trkpt lat="22.5398856" lon="113.9356928"><ele>8.0</ele><time>2023-09-24T23:15:08Z</time></trkpt>
      <trkpt lat="22.5398773" lon="113.9356769"><ele>8.0</ele><time>2023-09-24T23:15:09Z</time></trkpt>
      <trkpt lat="22.5398686" lon="113.9356612"><ele>8.0</ele><time>2023-09-24T23:15:10Z</time></trkpt>
      <trkpt lat="22.5398594" lon="113.9356456"><ele>8.0</ele><time>2023-09-24T23:15:11Z</time></trkpt>
      <trkpt lat="22.5398507" lon="113.9356297"><ele>8.0</ele><time>2023-09-24T23:15:12Z</time></trkpt>
      <trkpt lat="22.5398411" lon="113.9356141"><ele>8.0</ele><time>2023-09-24T23:15:13Z</time></trkpt>
      <trkpt lat="22.5398298" lon="113.9355995"><ele>8.0</ele><time>2023-09-24T23:15:14Z</time></trkpt>
      <trkpt lat="22.5398178" lon="113.9355855"><ele>8.1</ele><time>2023-09-24T23:15:15Z</time></trkpt>
      <trkpt lat="22.5398048" lon="113.9355726"><ele>8.1</ele><time>2023-09-24T23:15:16Z</time></trkpt>
      <trkpt lat="22.5397910" lon="113.9355606"><ele>8.2</ele><time>2023-09-24T23:15:17Z</time></trkpt>
      <trkpt lat="22.5397767" lon="113.9355492"><ele>8.3</ele><time>2023-09-24T23:15:18Z</time></trkpt>
      <trkpt lat="22.5397617" lon="113.9355384"><ele>8.4</ele><time>2023-09-24T23:15:19Z</time></trkpt>
      <trkpt lat="22.5397464" lon="113.9355284"><ele>8.4</ele><time>2023-09-24T23:15:20Z</time></trkpt>
      <trkpt lat="22.5397308" lon="113.9355192"><ele>8.5</ele><time>2023-09-24T23:15:21Z</time></trkpt>
      <trkpt lat="22.5397145" lon="113.9355112"><ele>8.6</ele><time>2023-09-24T23:15:22Z</time></trkpt>
      <trkpt lat="22.5396980" lon="113.9355037"><ele>8.7</ele><time>2023-09-24T23:15:23Z</time></trkpt>
      <trkpt lat="22.5396816" lon="113.9354963"><ele>8.9</ele><time>2023-09-24T23:15:24Z</time></trkpt>
      <trkpt lat="22.5396651" lon="113.9354893"><ele>9.0</ele><time>2023-09-24T23:15:25Z</time></trkpt>
      <trkpt lat="22.5396484" lon="113.9354824"><ele>9.1</ele><time>2023-09-24T23:15:26Z</time></trkpt>
      <trkpt lat="22.5396315" lon="113.9354759"><ele>9.2</ele><time>2023-09-24T23:15:27Z</time></trkpt>
      <trkpt lat="22.5396141" lon="113.9354704"><ele>9.3</ele><time>2023-09-24T23:15:28Z</time></trkpt>
      <trkpt lat="22.5395966" lon="113.9354650"><ele>9.5</ele><time>2023-09-24T23:15:29Z</time></trkpt>
      <trkpt lat="22.5395790" lon="113.9354600"><ele>9.6</ele><time>2023-09-24T23:15:30Z</time></trkpt>
      <trkpt lat="22.5395614" lon="113.9354555"><ele>9.7</ele><time>2023-09-24T23:15:31Z</time></trkpt>
      <trkpt lat="22.5395441" lon="113.9354511"><ele>9.8</ele><time>2023-09-24T23:15:32Z</time></trkpt>
      <trkpt lat="22.5395267" lon="113.9354482"><ele>10.0</ele><time>2023-09-24T23:15:33Z</time></trkpt>
      <trkpt lat="22.5395087" lon="113.9354468"><ele>10.1</ele><time>2023-09-24T23:15:34Z</time></trkpt>
      <trkpt lat="22.5394907" lon="113.9354467"><ele>10.2</ele><time>2023-09-24T23:15:35Z</time></trkpt>
      <trkpt lat="22.5394727" lon="113.9354480"><ele>10.3</ele><time>2023-09-24T23:15:36Z</time></trkpt>
      <trkpt lat="22.5394549" lon="113.9354493"><ele>10.4</ele><time>2023-09-24T23:15:37Z</time></trkpt>
      <trkpt lat="22.5394373" lon="113.9354507"><ele>10.5</ele><time>2023-09-24T23:15:38Z</time></trkpt>
      <trkpt lat="22.5394197" lon="113.9354514"><ele>10.6</ele><time>2023-09-24T23:15:39Z</time></trkpt>
      <trkpt lat="22.5394021" lon="113.9354515"><ele>10.7</ele><time>2023-09-24T23:15:40Z</time></trkpt>
      <trkpt lat="22.5393848" lon="113.9354525"><ele>10.8</ele><time>2023-09-24T23:15:41Z</time></trkpt>
      <trkpt lat="22.5393674" lon="113.9354537"><ele>10.9</ele><time>2023-09-24T23:15:42Z</time></trkpt>
      <trkpt lat="22.5393501" lon="113.9354539"><ele>11.0</ele><time>2023-09-24T23:15:43Z</time></trkpt>
      <trkpt lat="22.5393328" lon="113.9354540"><ele>11.1</ele><time>2023-09-24T23:15:44Z</time></trkpt>
      <trkpt lat="22.5393157" lon="113.9354540"><ele>11.1</ele><time>2023-09-24T23:15:45Z</time></trkpt>
      <trkpt lat="22.5392988" lon="113.9354539"><ele>11.2</ele><time>2023-09-24T23:15:46Z</time></trkpt>
      <trkpt lat="22.5392818" lon="113.9354540"><ele>11.3</ele><time>2023-09-24T23:15:47Z</time></trkpt>
      <trkpt lat="22.5392648" lon="113.9354542"><ele>11.3</ele><time>2023-09-24T23:15:48Z</time></trkpt>
      <trkpt lat="22.5392476" lon="113.9354551"><ele>11.4</ele><time>2023-09-24T23:15:49Z</time></trkpt>
      <trkpt lat="22.5392305" lon="113.9354574"><ele>11.4</ele><time>2023-09-24T23:15:50Z</time></trkpt>
      <trkpt lat="22.5392133" lon="113.9354605"><ele>11.4</ele><time>2023-09-24T23:15:51Z</time></trkpt>
      <trkpt lat="22.5391961" lon="113.9354623"><ele>11.5</ele><time>2023-09-24T23:15:52Z</time></trkpt>
      <trkpt lat="22.5391787" lon="113.9354625"><ele>11.5</ele><time>2023-09-24T23:15:53Z</time></trkpt>
      <trkpt lat="22.5391612" lon="113.9354625"><ele>11.5</ele><time>2023-09-24T23:15:54Z</time></trkpt>
      <trkpt lat="22.5391436" lon="113.9354631"><ele>11.5</ele><time>2023-09-24T23:15:55Z</time></trkpt>
      <trkpt lat="22.5391260" lon="113.9354642"><ele>11.6</ele><time>2023-09-24T23:15:56Z</time></trkpt>
      <trkpt lat="22.5391085" lon="113.9354664"><ele>11.6</ele><time>2023-09-24T23:15:57Z</time></trkpt>
      <trkpt lat="22.5390914" lon="113.9354690"><ele>11.6</ele><time>2023-09-24T23:15:58Z</time></trkpt>
      <trkpt lat="22.5390742" lon="113.9354710"><ele>11.6</ele><time>2023-09-24T23:15:59Z</time></trkpt>
      <trkpt lat="22.5390571" lon="113.9354729"><ele>11.6</ele><time>2023-09-24T23:16:00Z</time></trkpt>
      <trkpt lat="22.5390400" lon="113.9354749"><ele>11.6</ele><time>2023-09-24T23:16:01Z</time></trkpt>
      <trkpt lat="22.5390224" lon="113.9354760"><ele>11.6</ele><time>2023-09-24T23:16:02Z</time></trkpt>
      <trkpt lat="22.5390047" lon="113.9354763"><ele>11.6</ele><time>2023-09-24T23:16:03Z</time></trkpt>
      <trkpt lat="22.5389872" lon="113.9354770"><ele>11.6</ele><time>2023-09-24T23:16:04Z</time></trkpt>
      <trkpt lat="22.5389700" lon="113.9354789"><ele>11.6</ele><time>2023-09-24T23:16:05Z</time></trkpt>
      <trkpt lat="22.5389530" lon="113.9354823"><ele>11.6</ele><time>2023-09-24T23:16:06Z</time></trkpt>
      <trkpt lat="22.5389362" lon="113.9354862"><ele>11.6</ele><time>2023-09-24T23:16:07Z</time></trkpt>
      <trkpt lat="22.5389198" lon="113.9354908"><ele>11.6</ele><time>2023-09-24T23:16:08Z</time></trkpt>
      <trkpt lat="22.5389036" lon="113.9354959"><ele>11.5</ele><time>2023-09-24T23:16:09Z</time></trkpt>
      <trkpt lat="22.5388869" lon="113.9354998"><ele>11.5</ele><time>2023-09-24T23:16:10Z</time></trkpt>
      <trkpt lat="22.5388698" lon="113.9355021"><ele>11.5</ele><time>2023-09-24T23:16:11Z</time></trkpt>
      <trkpt lat="22.5388520" lon="113.9355032"><ele>11.5</ele><time>2023-09-24T23:16:12Z</time></trkpt>
      <trkpt lat="22.5388348" lon="113.9355037"><ele>11.5</ele><time>2023-09-24T23:16:13Z</time></trkpt>
      <trkpt lat="22.5388181" lon="113.9355048"><ele>11.4</ele><time>2023-09-24T23:16:14Z</time></trkpt>
      <trkpt lat="22.5388011" lon="113.9355065"><ele>11.4</ele><time>2023-09-24T23:16:15Z</time></trkpt>
      <trkpt lat="22.5387840" lon="113.9355084"><ele>11.4</ele><time>2023-09-24T23:16:16Z</time></trkpt>
      <trkpt lat="22.5387671" lon="113.9355109"><ele>11.3</ele><time>2023-09-24T23:16:17Z</time></trkpt>
      <trkpt lat="22.5387499" lon="113.9355135"><ele>11.3</ele><time>2023-09-24T23:16:18Z</time></trkpt>
      <trkpt lat="22.5387326" lon="113.9355154"><ele>11.3</ele><time>2023-09-24T23:16:19Z</time></trkpt>
      <trkpt lat="22.5387157" lon="113.9355175"><ele>11.2</ele><time>2023-09-24T23:16:20Z</time></trkpt>
      <trkpt lat="22.5386991" lon="113.9355202"><ele>11.2</ele><time>2023-09-24T23:16:21Z</time></trkpt>
      <trkpt lat="22.5386828" lon="113.9355238"><ele>11.1</ele><time>2023-09-24T23:16:22Z</time></trkpt>
      <trkpt lat="22.5386666" lon="113.9355282"><ele>11.1</ele><time>2023-09-24T23:16:23Z</time></trkpt>
      <trkpt lat="22.5386504" lon="113.9355324"><ele>11.0</ele><time>2023-09-24T23:16:24Z</time></trkpt>
      <trkpt lat="22.5386343" lon="113.9355365"><ele>11.0</ele><time>2023-09-24T23:16:25Z</time></trkpt>
      <trkpt lat="22.5386186" lon="113.9355419"><ele>10.9</ele><time>2023-09-24T23:16:26Z</time></trkpt>
      <trkpt lat="22.5386035" lon="113.9355487"><ele>10.8</ele><time>2023-09-24T23:16:27Z</time></trkpt>
      <trkpt lat="22.5385889" lon="113.9355569"><ele>10.8</ele><time>2023-09-24T23:16:28Z</time></trkpt>
      <trkpt lat="22.5385740" lon="113.9355652"><ele>10.7</ele><time>2023-09-24T23:16:29Z</time></trkpt>
      <trkpt lat="22.5385585" lon="113.9355728"><ele>10.6</ele><time>2023-09-24T23:16:30Z</time></trkpt>
      <trkpt lat="22.5385439" lon="113.9355811"><ele>10.6</ele><time>2023-09-24T23:16:31Z</time></trkpt>
      <trkpt lat="22.5385307" lon="113.9355918"><ele>10.5</ele><time>2023-09-24T23:16:32Z</time></trkpt>
      <trkpt lat="22.5385185" lon="113.9356038"><ele>10.4</ele><time>2023-09-24T23:16:33Z</time></trkpt>
      <trkpt lat="22.5385069" lon="113.9356152"><ele>10.3</ele><time>2023-09-24T23:16:34Z</time></trkpt>
      <trkpt lat="22.5384959" lon="113.9356260"><ele>10.3</ele><time>2023-09-24T23:16:35Z</time></trkpt>
      <trkpt lat="22.5384848" lon="113.9356366"><ele>10.2</ele><time>2023-09-24T23:16:36Z</time></trkpt>
      <trkpt lat="22.5384733" lon="113.9356481"><ele>10.1</ele><time>2023-09-24T23:16:37Z</time></trkpt>
      <trkpt lat="22.5384622" lon="113.9356611"><ele>10.0</ele><time>2023-09-24T23:16:38Z</time></trkpt>
      <trkpt lat="22.5384521" lon="113.9356755"><ele>9.9</ele><time>2023-09-24T23:16:39Z</time></trkpt>
      <trkpt lat="22.5384424" lon="113.9356903"><ele>9.8</ele><time>2023-09-24T23:16:40Z</time></trkpt>
      <trkpt lat="22.5384333" lon="113.9357055"><ele>9.8</ele><time>2023-09-24T23:16:41Z</time></trkpt>
      <trkpt lat="22.5384250" lon="113.9357215"><ele>9.7</ele><time>2023-09-24T23:16:42Z</time></trkpt>
      <trkpt lat="22.5384173" lon="113.9357377"><ele>9.6</ele><time>2023-09-24T23:16:43Z</time></trkpt>
      <trkpt lat="22.5384105" lon="113.9357544"><ele>9.5</ele><time>2023-09-24T23:16:44Z</time></trkpt>
      <trkpt lat="22.5384043" lon="113.9357716"><ele>9.4</ele><time>2023-09-24T23:16:45Z</time></trkpt>
      <trkpt lat="22.5383984" lon="113.9357889"><ele>9.3</ele><time>2023-09-24T23:16:46Z</time></trkpt>
      <trkpt lat="22.5383921" lon="113.9358060"><ele>9.2</ele><time>2023-09-24T23:16:47Z</time></trkpt>
      <trkpt lat="22.5383857" lon="113.9358225"><ele>9.1</ele><time>2023-09-24T23:16:48Z</time></trkpt>
      <trkpt lat="22.5383798" lon="113.9358393"><ele>9.0</ele><time>2023-09-24T23:16:49Z</time></trkpt>
      <trkpt lat="22.5383749" lon="113.9358567"><ele>8.9</ele><time>2023-09-24T23:16:50Z</time></trkpt>
      <trkpt lat="22.5383712" lon="113.9358747"><ele>8.8</ele><time>2023-09-24T23:16:51Z</time></trkpt>
      <trkpt lat="22.5383689" lon="113.9358930"><ele>8.7</ele><time>2023-09-24T23:16:52Z</time></trkpt>
      <trkpt lat="22.5383679" lon="113.9359116"><ele>8.7</ele><time>2023-09-24T23:16:53Z</time></trkpt>
      <trkpt lat="22.5383682" lon="113.9359303"><ele>8.6</ele><time>2023-09-24T23:16:54Z</time></trkpt>
      <trkpt lat="22.5383695" lon="113.9359492"><ele>8.5</ele><time>2023-09-24T23:16:55Z</time></trkpt>
      <trkpt lat="22.5383711" lon="113.9359679"><ele>8.4</ele><time>2023-09-24T23:16:56Z</time></trkpt>
      <trkpt lat="22.5383731" lon="113.9359866"><ele>8.4</ele><time>2023-09-24T23:16:57Z</time></trkpt>
      <trkpt lat="22.5383755" lon="113.9360055"><ele>8.3</ele><time>2023-09-24T23:16:58Z</time></trkpt>
      <trkpt lat="22.5383782" lon="113.9360242"><ele>8.3</ele><time>2023-09-24T23:16:59Z</time></trkpt>
      <trkpt lat="22.5383812" lon="113.9360428"><ele>8.2</ele><time>2023-09-24T23:17:00Z</time></trkpt>
      <trkpt lat="22.5383843" lon="113.9360615"><ele>8.2</ele><time>2023-09-24T23:17:01Z</time></trkpt>
      <trkpt lat="22.5383885" lon="113.9360798"><ele>8.1</ele><time>2023-09-24T23:17:02Z</time></trkpt>
      <trkpt lat="22.5383942" lon="113.9360978"><ele>8.1</ele><time>2023-09-24T23:17:03Z</time></trkpt>
      <trkpt lat="22.5384009" lon="113.9361153"><ele>8.1</ele><time>2023-09-24T23:17:04Z</time></trkpt>
      <trkpt lat="22.5384081" lon="113.9361322"><ele>8.1</ele><time>2023-09-24T23:17:05Z</time></trkpt>
      <trkpt lat="22.5384161" lon="113.9361489"><ele>8.1</ele><time>2023-09-24T23:17:06Z</time></trkpt>
      <trkpt lat="22.5384250" lon="113.9361655"><ele>8.1</ele><time>2023-09-24T23:17:07Z</time></trkpt>
      <trkpt lat="22.5384337" lon="113.9361821"><ele>8.1</ele><time>2023-09-24T23:17:08Z</time></trkpt>
      <trkpt lat="22.5384418" lon="113.9361991"><ele>8.1</ele><time>2023-09-24T23:17:09Z</time></trkpt>
      <trkpt lat="22.5384505" lon="113.9362153"><ele>8.1</ele><time>2023-09-24T23:17:10Z</time></trkpt>
      <trkpt lat="22.5384606" lon="113.9362305"><ele>8.1</ele><time>2023-09-24T23:17:11Z</time></trkpt>
      <trkpt lat="22.5384718" lon="113.9362449"><ele>8.1</ele><time>2023-09-24T23:17:12Z</time></trkpt>
      <trkpt lat="22.5384838" lon="113.9362587"><ele>8.2</ele><time>2023-09-24T23:17:13Z</time></trkpt>
      <trkpt lat="22.5384969" lon="113.9362717"><ele>8.2</ele><time>2023-09-24T23:17:14Z</time></trkpt>
      <trkpt lat="22.5385104" lon="113.9362840"><ele>8.2</ele><time>2023-09-24T23:17:15Z</time></trkpt>
      <trkpt lat="22.5385242" lon="113.9362956"><ele>8.3</ele><time>2023-09-24T23:17:16Z</time></trkpt>
      <trkpt lat="22.5385385" lon="113.9363067"><ele>8.3</ele><time>2023-09-24T23:17:17Z</time></trkpt>
      <trkpt lat="22.5385531" lon="113.9363176"><ele>8.4</ele><time>2023-09-24T23:17:18Z</time></trkpt>
      <trkpt lat="22.5385684" lon="113.9363277"><ele>8.4</ele><time>2023-09-24T23:17:19Z</time></trkpt>
      <trkpt lat="22.5385841" lon="113.9363369"><ele>8.5</ele><time>2023-09-24T23:17:20Z</time></trkpt>
      <trkpt lat="22.5385999" lon="113.9363452"><ele>8.5</ele><time>2023-09-24T23:17:21Z</time></trkpt>
      <trkpt lat="22.5386162" lon="113.9363523"><ele>8.6</ele><time>2023-09-24T23:17:22Z</time></trkpt>
      <trkpt lat="22.5386329" lon="113.9363585"><ele>8.6</ele><time>2023-09-24T23:17:23Z</time></trkpt>
      <trkpt lat="22.5386499" lon="113.9363636"><ele>8.6</ele><time>2023-09-24T23:17:24Z</time></trkpt>
      <trkpt lat="22.5386672" lon="113.9363683"><ele>8.7</ele><time>2023-09-24T23:17:25Z</time></trkpt>
      <trkpt lat="22.5386841" lon="113.9363739"><ele>8.7</ele><time>2023-09-24T23:17:26Z</time></trkpt>
      <trkpt lat="22.5387008" lon="113.9363800"><ele>8.8</ele><time>2023-09-24T23:17:27Z</time></trkpt>
      <trkpt lat="22.5387177" lon="113.9363855"><ele>8.8</ele><time>2023-09-24T23:17:28Z</time></trkpt>
      <trkpt lat="22.5387346" lon="113.9363896"><ele>8.9</ele><time>2023-09-24T23:17:29Z</time></trkpt>
      <trkpt lat="22.5387520" lon="113.9363921"><ele>8.9</ele><time>2023-09-24T23:17:30Z</time></trkpt>
      <trkpt lat="22.5387694" lon="113.9363937"><ele>9.0</ele><time>2023-09-24T23:17:31Z</time></trkpt>
      <trkpt lat="22.5387868" lon="113.9363948"><ele>9.0</ele><time>2023-09-24T23:17:32Z</time></trkpt>
      <trkpt lat="22.5388043" lon="113.9363957"><ele>9.1</ele><time>2023-09-24T23:17:33Z</time></trkpt>
      <trkpt lat="22.5388216" lon="113.9363961"><ele>9.1</ele><time>2023-09-24T23:17:34Z</time></trkpt>
      <trkpt lat="22.5388388" lon="113.9363961"><ele>9.2</ele><time>2023-09-24T23:17:35Z</time></trkpt>
      <trkpt lat="22.5388562" lon="113.9363959"><ele>9.2</ele><time>2023-09-24T23:17:36Z</time></trkpt>
      <trkpt lat="22.5388735" lon="113.9363955"><ele>9.2</ele><time>2023-09-24T23:17:37Z</time></trkpt>
      <trkpt lat="22.5388908" lon="113.9363950"><ele>9.3</ele><time>2023-09-24T23:17:38Z</time></trkpt>
      <trkpt lat="22.5389082" lon="113.9363940"><ele>9.3</ele><time>2023-09-24T23:17:39Z</time></trkpt>
      <trkpt lat="22.5389256" lon="113.9363929"><ele>9.3</ele><time>2023-09-24T23:17:40Z</time></trkpt>
      <trkpt lat="22.5389433" lon="113.9363926"><ele>9.4</ele><time>2023-09-24T23:17:41Z</time></trkpt>
      <trkpt lat="22.5389615" lon="113.9363934"><ele>9.4</ele><time>2023-09-24T23:17:42Z</time></trkpt>
      <trkpt lat="22.5389798" lon="113.9363949"><ele>9.4</ele><time>2023-09-24T23:17:43Z</time></trkpt>
      <trkpt lat="22.5389982" lon="113.9363959"><ele>9.5</ele><time>2023-09-24T23:17:44Z</time></trkpt>
      <trkpt lat="22.5390166" lon="113.9363958"><ele>9.5</ele><time>2023-09-24T23:17:45Z</time></trkpt>
      <trkpt lat="22.5390350" lon="113.9363941"><ele>9.5</ele><time>2023-09-24T23:17:46Z</time></trkpt>
      <trkpt lat="22.5390533" lon="113.9363920"><ele>9.5</ele><time>2023-09-24T23:17:47Z</time></trkpt>
      <trkpt lat="22.5390715" lon="113.9363904"><ele>9.6</ele><time>2023-09-24T23:17:48Z</time></trkpt>
      <trkpt lat="22.5390895" lon="113.9363883"><ele>9.6</ele><time>2023-09-24T23:17:49Z</time></trkpt>
      <trkpt lat="22.5391073" lon="113.9363864"><ele>9.6</ele><time>2023-09-24T23:17:50Z</time></trkpt>
      <trkpt lat="22.5391249" lon="113.9363847"><ele>9.6</ele><time>2023-09-24T23:17:51Z</time></trkpt>
      <trkpt lat="22.5391427" lon="113.9363822"><ele>9.6</ele><time>2023-09-24T23:17:52Z</time></trkpt>
      <trkpt lat="22.5391601" lon="113.9363794"><ele>9.6</ele><time>2023-09-24T23:17:53Z</time></trkpt>
      <trkpt lat="22.5391776" lon="113.9363771"><ele>9.6</ele><time>2023-09-24T23:17:54Z</time></trkpt>
      <trkpt lat="22.5391951" lon="113.9363763"><ele>9.6</ele><time>2023-09-24T23:17:55Z</time></trkpt>
      <trkpt lat="22.5392125" lon="113.9363768"><ele>9.6</ele><time>2023-09-24T23:17:56Z</time></trkpt>
      <trkpt lat="22.5392299" lon="113.9363770"><ele>9.6</ele><time>2023-09-24T23:17:57Z</time></trkpt>
      <trkpt lat="22.5392473" lon="113.9363772"><ele>9.6</ele><time>2023-09-24T23:17:58Z</time></trkpt>
      <trkpt lat="22.5392645" lon="113.9363784"><ele>9.6</ele><time>2023-09-24T23:17:59Z</time></trkpt>
      <trkpt lat="22.5392815" lon="113.9363799"><ele>9.6</ele><time>2023-09-24T23:18:00Z</time></trkpt>
      <trkpt lat="22.5392986" lon="113.9363808"><ele>9.6</ele><time>2023-09-24T23:18:01Z</time></trkpt>
      <trkpt lat="22.5393155" lon="113.9363808"><ele>9.6</ele><time>2023-09-24T23:18:02Z</time></trkpt>
      <trkpt lat="22.5393322" lon="113.9363811"><ele>9.5</ele><time>2023-09-24T23:18:03Z</time></trkpt>
      <trkpt lat="22.5393487" lon="113.9363821"><ele>9.5</ele><time>2023-09-24T23:18:04Z</time></trkpt>
      <trkpt lat="22.5393650" lon="113.9363829"><ele>9.5</ele><time>2023-09-24T23:18:05Z</time></trkpt>
      <trkpt lat="22.5393815" lon="113.9363833"><ele>9.4</ele><time>2023-09-24T23:18:06Z</time></trkpt>
      <trkpt lat="22.5393983" lon="113.9363835"><ele>9.4</ele><time>2023-09-24T23:18:07Z</time></trkpt>
      <trkpt lat="22.5394150" lon="113.9363838"><ele>9.4</ele><time>2023-09-24T23:18:08Z</time></trkpt>
      <trkpt lat="22.5394318" lon="113.9363834"><ele>9.3</ele><time>2023-09-24T23:18:09Z</time></trkpt>
      <trkpt lat="22.5394486" lon="113.9363823"><ele>9.3</ele><time>2023-09-24T23:18:10Z</time></trkpt>
      <trkpt lat="22.5394653" lon="113.9363818"><ele>9.2</ele><time>2023-09-24T23:18:11Z</time></trkpt>
      <trkpt lat="22.5394819" lon="113.9363815"><ele>9.2</ele><time>2023-09-24T23:18:12Z</time></trkpt>
      <trkpt lat="22.5394986" lon="113.9363810"><ele>9.2</ele><time>2023-09-24T23:18:13Z</time></trkpt>
      <trkpt lat="22.5395153" lon="113.9363801"><ele>9.1</ele><time>2023-09-24T23:18:14Z</time></trkpt>
      <trkpt lat="22.5395318" lon="113.9363787"><ele>9.1</ele><time>2023-09-24T23:18:15Z</time></trkpt>
      <trkpt lat="22.5395483" lon="113.9363773"><ele>9.0</ele><time>2023-09-24T23:18:16Z</time></trkpt>
      <trkpt lat="22.5395647" lon="113.9363759"><ele>9.0</ele><time>2023-09-24T23:18:17Z</time></trkpt>
      <trkpt lat="22.5395812" lon="113.9363741"><ele>8.9</ele><time>2023-09-24T23:18:18Z</time></trkpt>
      <trkpt lat="22.5395976" lon="113.9363712"><ele>8.9</ele><time>2023-09-24T23:18:19Z</time></trkpt>
      <trkpt lat="22.5396138" lon="113.9363678"><ele>8.8</ele><time>2023-09-24T23:18:20Z</time></trkpt>
      <trkpt lat="22.5396298" lon="113.9363637"><ele>8.8</ele><time>2023-09-24T23:18:21Z</time></trkpt>
      <trkpt lat="22.5396457" lon="113.9363588"><ele>8.8</ele><time>2023-09-24T23:18:22Z</time></trkpt>
      <trkpt lat="22.5396614" lon="113.9363537"><ele>8.7</ele><time>2023-09-24T23:18:23Z</time></trkpt>
      <trkpt lat="22.5396770" lon="113.9363479"><ele>8.7</ele><time>2023-09-24T23:18:24Z</time></trkpt>
      <trkpt lat="22.5396925" lon="113.9363411"><ele>8.6</ele><time>2023-09-24T23:18:25Z</time></trkpt>
      <trkpt lat="22.5397077" lon="113.9363340"><ele>8.6</ele><time>2023-09-24T23:18:26Z</time></trkpt>
      <trkpt lat="22.5397222" lon="113.9363259"><ele>8.6</ele><time>2023-09-24T23:18:27Z</time></trkpt>
      <trkpt lat="22.5397362" lon="113.9363159"><ele>8.5</ele><time>2023-09-24T23:18:28Z</time></trkpt>
      <trkpt lat="22.5397493" lon="113.9363045"><ele>8.5</ele><time>2023-09-24T23:18:29Z</time></trkpt>
      <trkpt lat="22.5397615" lon="113.9362925"><ele>8.4</ele><time>2023-09-24T23:18:30Z</time></trkpt>
      <trkpt lat="22.5397743" lon="113.9362812"><ele>8.4</ele><time>2023-09-24T23:18:31Z</time></trkpt>
      <trkpt lat="22.5397878" lon="113.9362716"><ele>8.4</ele><time>2023-09-24T23:18:32Z</time></trkpt>
      <trkpt lat="22.5398009" lon="113.9362620"><ele>8.3</ele><time>2023-09-24T23:18:33Z</time></trkpt>
      <trkpt lat="22.5398127" lon="113.9362515"><ele>8.3</ele><time>2023-09-24T23:18:34Z</time></trkpt>
      <trkpt lat="22.5398230" lon="113.9362409"><ele>8.3</ele><time>2023-09-24T23:18:35Z</time></trkpt>
      <trkpt lat="22.5398321" lon="113.9362305"><ele>8.2</ele><time>2023-09-24T23:18:36Z</time></trkpt>
      <trkpt lat="22.5398417" lon="113.9362190"><ele>8.2</ele><time>2023-09-24T23:18:37Z</time></trkpt>
      <trkpt lat="22.5398512" lon="113.9362050"><ele>8.1</ele><time>2023-09-24T23:18:38Z</time></trkpt>
      <trkpt lat="22.5398594" lon="113.9361895"><ele>8.1</ele><time>2023-09-24T23:18:39Z</time></trkpt>
      <trkpt lat="22.5398672" lon="113.9361744"><ele>8.1</ele><time>2023-09-24T23:18:40Z</time></trkpt>
      <trkpt lat="22.5398746" lon="113.9361598"><ele>8.0</ele><time>2023-09-24T23:18:41Z</time></trkpt>
      <trkpt lat="22.5398816" lon="113.9361453"><ele>8.0</ele><time>2023-09-24T23:18:42Z</time></trkpt>
      <trkpt lat="22.5398886" lon="113.9361307"><ele>8.0</ele><time>2023-09-24T23:18:43Z</time></trkpt>
      <trkpt lat="22.5398954" lon="113.9361160"><ele>7.9</ele><time>2023-09-24T23:18:44Z</time></trkpt>
      <trkpt lat="22.5399020" lon="113.9361012"><ele>7.9</ele><time>2023-09-24T23:18:45Z</time></trkpt>
      <trkpt lat="22.5399085" lon="113.9360860"><ele>7.9</ele><time>2023-09-24T23:18:46Z</time></trkpt>
      <trkpt lat="22.5399139" lon="113.9360703"><ele>7.9</ele><time>2023-09-24T23:18:47Z</time></trkpt>
      <trkpt lat="22.5399191" lon="113.9360543"><ele>7.9</ele><time>2023-09-24T23:18:48Z</time></trkpt>
      <trkpt lat="22.5399245" lon="113.9360380"><ele>7.8</ele><time>2023-09-24T23:18:49Z</time></trkpt>
      <trkpt lat="22.5399292" lon="113.9360210"><ele>7.8</ele><time>2023-09-24T23:18:50Z</time></trkpt>
      <trkpt lat="22.5399331" lon="113.9360038"><ele>7.8</ele><time>2023-09-24T23:18:51Z</time></trkpt>
      <trkpt lat="22.5399360" lon="113.9359863"><ele>7.8</ele><time>2023-09-24T23:18:52Z</time></trkpt>
      <trkpt lat="22.5399376" lon="113.9359687"><ele>7.8</ele><time>2023-09-24T23:18:53Z</time></trkpt>
      <trkpt lat="22.5399389" lon="113.9359512"><ele>7.8</ele><time>2023-09-24T23:18:54Z</time></trkpt>
      <trkpt lat="22.5399399" lon="113.9359351"><ele>7.8</ele><time>2023-09-24T23:18:55Z</time></trkpt>
      <trkpt lat="22.5399399" lon="113.9359200"><ele>7.8</ele><time>2023-09-24T23:18:56Z</time></trkpt>
      <trkpt lat="22.5399392" lon="113.9359050"><ele>7.8</ele><time>2023-09-24T23:18:57Z</time></trkpt>
      <trkpt lat="22.5399388" lon="113.9358901"><ele>7.9</ele><time>2023-09-24T23:18:58Z</time></trkpt>
      <trkpt lat="22.5399386" lon="113.9358748"><ele>7.9</ele><time>2023-09-24T23:18:59Z</time></trkpt>
      <trkpt lat="22.5399386" lon="113.9358586"><ele>7.9</ele><time>2023-09-24T23:19:00Z</time></trkpt>
      <trkpt lat="22.5399375" lon="113.9358419"><ele>7.9</ele><time>2023-09-24T23:19:01Z</time></trkpt>
      <trkpt lat="22.5399349" lon="113.9358252"><ele>8.0</ele><time>2023-09-24T23:19:02Z</time></trkpt>
      <trkpt lat="22.5399315" lon="113.9358088"><ele>8.0</ele><time>2023-09-24T23:19:03Z</time></trkpt>
      <trkpt lat="22.5399272" lon="113.9357926"><ele>8.1</ele><time>2023-09-24T23:19:04Z</time></trkpt>
      <trkpt lat="22.5399222" lon="113.9357766"><ele>8.1</ele><time>2023-09-24T23:19:05Z</time></trkpt>
      <trkpt lat="22.5399167" lon="113.9357607"><ele>8.2</ele><time>2023-09-24T23:19:06Z</time></trkpt>
      <trkpt lat="22.5399106" lon="113.9357451"><ele>8.3</ele><time>2023-09-24T23:19:07Z</time></trkpt>
      <trkpt lat="22.5399040" lon="113.9357298"><ele>8.4</ele><time>2023-09-24T23:19:08Z</time></trkpt>
      <trkpt lat="22.5398974" lon="113.9357147"><ele>8.4</ele><time>2023-09-24T23:19:09Z</time></trkpt>
      <trkpt lat="22.5398909" lon="113.9356995"><ele>8.5</ele><time>2023-09-24T23:19:10Z</time></trkpt>
      <trkpt lat="22.5398836" lon="113.9356845"><ele>8.6</ele><time>2023-09-24T23:19:11Z</time></trkpt>
      <trkpt lat="22.5398751" lon="113.9356700"><ele>8.7</ele><time>2023-09-24T23:19:12Z</time></trkpt>
      <trkpt lat="22.5398665" lon="113.9356557"><ele>8.8</ele><time>2023-09-24T23:19:13Z</time></trkpt>
      <trkpt lat="22.5398578" lon="113.9356416"><ele>9.0</ele><time>2023-09-24T23:19:14Z</time></trkpt>
      <trkpt lat="22.5398485" lon="113.9356279"><ele>9.1</ele><time>2023-09-24T23:19:15Z</time></trkpt>
      <trkpt lat="22.5398382" lon="113.9356146"><ele>9.2</ele><time>2023-09-24T23:19:16Z</time></trkpt>
      <trkpt lat="22.5398270" lon="113.9356022"><ele>9.3</ele><time>2023-09-24T23:19:17Z</time></trkpt>
      <trkpt lat="22.5398149" lon="113.9355906"><ele>9.5</ele><time>2023-09-24T23:19:18Z</time></trkpt>
      <trkpt lat="22.5398025" lon="113.9355790"><ele>9.6</ele><time>2023-09-24T23:19:19Z</time></trkpt>
      <trkpt lat="22.5397904" lon="113.9355672"><ele>9.7</ele><time>2023-09-24T23:19:20Z</time></trkpt>
      <trkpt lat="22.5397779" lon="113.9355557"><ele>9.9</ele><time>2023-09-24T23:19:21Z</time></trkpt>
      <trkpt lat="22.5397648" lon="113.9355449"><ele>10.0</ele><time>2023-09-24T23:19:22Z</time></trkpt>
      <trkpt lat="22.5397512" lon="113.9355348"><ele>10.2</ele><time>2023-09-24T23:19:23Z</time></trkpt>
      <trkpt lat="22.5397368" lon="113.9355258"><ele>10.3</ele><time>2023-09-24T23:19:24Z</time></trkpt>
      <trkpt lat="22.5397218" lon="113.9355178"><ele>10.4</ele><time>2023-09-24T23:19:25Z</time></trkpt>
      <trkpt lat="22.5397067" lon="113.9355096"><ele>10.6</ele><time>2023-09-24T23:19:26Z</time></trkpt>
      <trkpt lat="22.5396915" lon="113.9355012"><ele>10.7</ele><time>2023-09-24T23:19:27Z</time></trkpt>
      <trkpt lat="22.5396764" lon="113.9354927"><ele>10.9</ele><time>2023-09-24T23:19:28Z</time></trkpt>
      <trkpt lat="22.5396609" lon="113.9354847"><ele>11.0</ele><time>2023-09-24T23:19:29Z</time></trkpt>
      <trkpt lat="22.5396450" lon="113.9354774"><ele>11.1</ele><time>2023-09-24T23:19:30Z</time></trkpt>
      <trkpt lat="22.5396287" lon="113.9354709"><ele>11.3</ele><time>2023-09-24T23:19:31Z</time></trkpt>
      <trkpt lat="22.5396118" lon="113.9354658"><ele>11.4</ele><time>2023-09-24T23:19:32Z</time></trkpt>
      <trkpt lat="22.5395946" lon="113.9354619"><ele>11.5</ele><time>2023-09-24T23:19:33Z</time></trkpt>
      <trkpt lat="22.5395773" lon="113.9354590"><ele>11.6</ele><time>2023-09-24T23:19:34Z</time></trkpt>
      <trkpt lat="22.5395597" lon="113.9354570"><ele>11.8</ele><time>2023-09-24T23:19:35Z</time></trkpt>
      <trkpt lat="22.5395421" lon="113.9354550"><ele>11.9</ele><time>2023-09-24T23:19:36Z</time></trkpt>
      <trkpt lat="22.5395246" lon="113.9354534"><ele>12.0</ele><time>2023-09-24T23:19:37Z</time></trkpt>
      <trkpt lat="22.5395069" lon="113.9354533"><ele>12.1</ele><time>2023-09-24T23:19:38Z</time></trkpt>
      <trkpt lat="22.5394890" lon="113.9354533"><ele>12.2</ele><time>2023-09-24T23:19:39Z</time></trkpt>
      <trkpt lat="22.5394712" lon="113.9354526"><ele>12.3</ele><time>2023-09-24T23:19:40Z</time></trkpt>
      <trkpt lat="22.5394535" lon="113.9354513"><ele>12.4</ele><time>2023-09-24T23:19:41Z</time></trkpt>
      <trkpt lat="22.5394360" lon="113.9354497"><ele>12.5</ele><time>2023-09-24T23:19:42Z</time></trkpt>
      <trkpt lat="22.5394185" lon="113.9354483"><ele>12.5</ele><time>2023-09-24T23:19:43Z</time></trkpt>
      <trkpt lat="22.5394008" lon="113.9354472"><ele>12.6</ele><time>2023-09-24T23:19:44Z</time></trkpt>
      <trkpt lat="22.5393829" lon="113.9354470"><ele>12.7</ele><time>2023-09-24T23:19:45Z</time></trkpt>
      <trkpt lat="22.5393652" lon="113.9354476"><ele>12.8</ele><time>2023-09-24T23:19:46Z</time></trkpt>
      <trkpt lat="22.5393474" lon="113.9354483"><ele>12.8</ele><time>2023-09-24T23:19:47Z</time></trkpt>
      <trkpt lat="22.5393297" lon="113.9354492"><ele>12.9</ele><time>2023-09-24T23:19:48Z</time></trkpt>
      <trkpt lat="22.5393123" lon="113.9354513"><ele>13.0</ele><time>2023-09-24T23:19:49Z</time></trkpt>
      <trkpt lat="22.5392950" lon="113.9354539"><ele>13.0</ele><time>2023-09-24T23:19:50Z</time></trkpt>
      <trkpt lat="22.5392777" lon="113.9354561"><ele>13.1</ele><time>2023-09-24T23:19:51Z</time></trkpt>
      <trkpt lat="22.5392604" lon="113.9354575"><ele>13.1</ele><time>2023-09-24T23:19:52Z</time></trkpt>
      <trkpt lat="22.5392431" lon="113.9354583"><ele>13.1</ele><time>2023-09-24T23:19:53Z</time></trkpt>
      <trkpt lat="22.5392259" lon="113.9354586"><ele>13.2</ele><time>2023-09-24T23:19:54Z</time></trkpt>
      <trkpt lat="22.5392085" lon="113.9354587"><ele>13.2</ele><time>2023-09-24T23:19:55Z</time></trkpt>
      <trkpt lat="22.5391911" lon="113.9354580"><ele>13.2</ele><time>2023-09-24T23:19:56Z</time></trkpt>
      <trkpt lat="22.5391738" lon="113.9354571"><ele>13.3</ele><time>2023-09-24T23:19:57Z</time></trkpt>
      <trkpt lat="22.5391564" lon="113.9354576"><ele>13.3</ele><time>2023-09-24T23:19:58Z</time></trkpt>
      <trkpt lat="22.5391392" lon="113.9354594"><ele>13.3</ele><time>2023-09-24T23:19:59Z</time></trkpt>
      <trkpt lat="22.5391221" lon="113.9354608"><ele>13.3</ele><time>2023-09-24T23:20:00Z</time></trkpt>
      <trkpt lat="22.5391048" lon="113.9354608"><ele>13.4</ele><time>2023-09-24T23:20:01Z</time></trkpt>
      <trkpt lat="22.5390878" lon="113.9354598"><ele>13.4</ele><time>2023-09-24T23:20:02Z</time></trkpt>
      <trkpt lat="22.5390711" lon="113.9354591"><ele>13.4</ele><time>2023-09-24T23:20:03Z</time></trkpt>
      <trkpt lat="22.5390544" lon="113.9354600"><ele>13.4</ele><time>2023-09-24T23:20:04Z</time></trkpt>
      <trkpt lat="22.5390376" lon="113.9354609"><ele>13.4</ele><time>2023-09-24T23:20:05Z</time></trkpt>
      <trkpt lat="22.5390209" lon="113.9354613"><ele>13.4</ele><time>2023-09-24T23:20:06Z</time></trkpt>
      <trkpt lat="22.5390043" lon="113.9354619"><ele>13.4</ele><time>2023-09-24T23:20:07Z</time></trkpt>
      <trkpt lat="22.5389877" lon="113.9354621"><ele>13.4</ele><time>2023-09-24T23:20:08Z</time></trkpt>
      <trkpt lat="22.5389709" lon="113.9354623"><ele>13.4</ele><time>2023-09-24T23:20:09Z</time></trkpt>
      <trkpt lat="22.5389536" lon="113.9354628"><ele>13.4</ele><time>2023-09-24T23:20:10Z</time></trkpt>
      <trkpt lat="22.5389360" lon="113.9354633"><ele>13.4</ele><time>2023-09-24T23:20:11Z</time></trkpt>
      <trkpt lat="22.5389189" lon="113.9354644"><ele>13.4</ele><time>2023-09-24T23:20:12Z</time></trkpt>
      <trkpt lat="22.5389023" lon="113.9354665"><ele>13.4</ele><time>2023-09-24T23:20:13Z</time></trkpt>
      <trkpt lat="22.5388857" lon="113.9354693"><ele>13.4</ele><time>2023-09-24T23:20:14Z</time></trkpt>
      <trkpt lat="22.5388687" lon="113.9354725"><ele>13.4</ele><time>2023-09-24T23:20:15Z</time></trkpt>
      <trkpt lat="22.5388513" lon="113.9354758"><ele>13.4</ele><time>2023-09-24T23:20:16Z</time></trkpt>
      <trkpt lat="22.5388338" lon="113.9354769"><ele>13.4</ele><time>2023-09-24T23:20:17Z</time></trkpt>
      <trkpt lat="22.5388170" lon="113.9354762"><ele>13.4</ele><time>2023-09-24T23:20:18Z</time></trkpt>
      <trkpt lat="22.5388003" lon="113.9354768"><ele>13.3</ele><time>2023-09-24T23:20:19Z</time></trkpt>
      <trkpt lat="22.5387836" lon="113.9354783"><ele>13.3</ele><time>2023-09-24T23:20:20Z</time></trkpt>
      <trkpt lat="22.5387670" lon="113.9354804"><ele>13.3</ele><time>2023-09-24T23:20:21Z</time></trkpt>
      <trkpt lat="22.5387506" lon="113.9354834"><ele>13.3</ele><time>2023-09-24T23:20:22Z</time></trkpt>
      <trkpt lat="22.5387343" lon="113.9354860"><ele>13.3</ele><time>2023-09-24T23:20:23Z</time></trkpt>
      <trkpt lat="22.5387179" lon="113.9354887"><ele>13.3</ele><time>2023-09-24T23:20:24Z</time></trkpt>
      <trkpt lat="22.5387015" lon="113.9354923"><ele>13.3</ele><time>2023-09-24T23:20:25Z</time></trkpt>
      <trkpt lat="22.5386850" lon="113.9354961"><ele>13.3</ele><time>2023-09-24T23:20:26Z</time></trkpt>
      <trkpt lat="22.5386686" lon="113.9355009"><ele>13.3</ele><time>2023-09-24T23:20:27Z</time></trkpt>
      <trkpt lat="22.5386524" lon="113.9355058"><ele>13.2</ele><time>2023-09-24T23:20:28Z</time></trkpt>
      <trkpt lat="22.5386361" lon="113.9355097"><ele>13.2</ele><time>2023-09-24T23:20:29Z</time></trkpt>
      <trkpt lat="22.5386197" lon="113.9355140"><ele>13.2</ele><time>2023-09-24T23:20:30Z</time></trkpt>
      <trkpt lat="22.5386038" lon="113.9355201"><ele>13.2</ele><time>2023-09-24T23:20:31Z</time></trkpt>
      <trkpt lat="22.5385884" lon="113.9355283"><ele>13.2</ele><time>2023-09-24T23:20:32Z</time></trkpt>
      <trkpt lat="22.5385730" lon="113.9355368"><ele>13.2</ele><time>2023-09-24T23:20:33Z</time></trkpt>
      <trkpt lat="22.5385575" lon="113.9355446"><ele>13.1</ele><time>2023-09-24T23:20:34Z</time></trkpt>
      <trkpt lat="22.5385423" lon="113.9355528"><ele>13.1</ele><time>2023-09-24T23:20:35Z</time></trkpt>
      <trkpt lat="22.5385278" lon="113.9355624"><ele>13.1</ele><time>2023-09-24T23:20:36Z</time></trkpt>
      <trkpt lat="22.5385143" lon="113.9355734"><ele>13.0</ele><time>2023-09-24T23:20:37Z</time></trkpt>
      <trkpt lat="22.5385017" lon="113.9355863"><ele>13.0</ele><time>2023-09-24T23:20:38Z</time></trkpt>
      <trkpt lat="22.5384903" lon="113.9356006"><ele>13.0</ele><time>2023-09-24T23:20:39Z</time></trkpt>
      <trkpt lat="22.5384793" lon="113.9356152"><ele>12.9</ele><time>2023-09-24T23:20:40Z</time></trkpt>
      <trkpt lat="22.5384683" lon="113.9356295"><ele>12.9</ele><time>2023-09-24T23:20:41Z</time></trkpt>
      <trkpt lat="22.5384573" lon="113.9356430"><ele>12.8</ele><time>2023-09-24T23:20:42Z</time></trkpt>
      <trkpt lat="22.5384467" lon="113.9356571"><ele>12.7</ele><time>2023-09-24T23:20:43Z</time></trkpt>
      <trkpt lat="22.5384364" lon="113.9356723"><ele>12.7</ele><time>2023-09-24T23:20:44Z</time></trkpt>
      <trkpt lat="22.5384266" lon="113.9356884"><ele>12.6</ele><time>2023-09-24T23:20:45Z</time></trkpt>
      <trkpt lat="22.5384177" lon="113.9357051"><ele>12.5</ele><time>2023-09-24T23:20:46Z</time></trkpt>
      <trkpt lat="22.5384099" lon="113.9357218"><ele>12.5</ele><time>2023-09-24T23:20:47Z</time></trkpt>
      <trkpt lat="22.5384025" lon="113.9357383"><ele>12.4</ele><time>2023-09-24T23:20:48Z</time></trkpt>
      <trkpt lat="22.5383956" lon="113.9357551"><ele>12.3</ele><time>2023-09-24T23:20:49Z</time></trkpt>
      <trkpt lat="22.5383894" lon="113.9357721"><ele>12.2</ele><time>2023-09-24T23:20:50Z</time></trkpt>
      <trkpt lat="22.5383836" lon="113.9357893"><ele>12.2</ele><time>2023-09-24T23:20:51Z</time></trkpt>
      <trkpt lat="22.5383782" lon="113.9358069"><ele>12.1</ele><time>2023-09-24T23:20:52Z</time></trkpt>
      <trkpt lat="22.5383739" lon="113.9358247"><ele>12.0</ele><time>2023-09-24T23:20:53Z</time></trkpt>
      <trkpt lat="22.5383701" lon="113.9358425"><ele>11.9</ele><time>2023-09-24T23:20:54Z</time></trkpt>
      <trkpt lat="22.5383669" lon="113.9358606"><ele>11.8</ele><time>2023-09-24T23:20:55Z</time></trkpt>
      <trkpt lat="22.5383639" lon="113.9358790"><ele>11.8</ele><time>2023-09-24T23:20:56Z</time></trkpt>
      <trkpt lat="22.5383617" lon="113.9358976"><ele>11.7</ele><time>2023-09-24T23:20:57Z</time></trkpt>
      <trkpt lat="22.5383617" lon="113.9359164"><ele>11.6</ele><time>2023-09-24T23:20:58Z</time></trkpt>
      <trkpt lat="22.5383633" lon="113.9359350"><ele>11.6</ele><time>2023-09-24T23:20:59Z</time></trkpt>
      <trkpt lat="22.5383647" lon="113.9359534"><ele>11.5</ele><time>2023-09-24T23:21:00Z</time></trkpt>
      <trkpt lat="22.5383668" lon="113.9359718"><ele>11.5</ele><time>2023-09-24T23:21:01Z</time></trkpt>
      <trkpt lat="22.5383701" lon="113.9359903"><ele>11.4</ele><time>2023-09-24T23:21:02Z</time></trkpt>
      <trkpt lat="22.5383743" lon="113.9360088"><ele>11.4</ele><time>2023-09-24T23:21:03Z</time></trkpt>
      <trkpt lat="22.5383795" lon="113.9360270"><ele>11.4</ele><time>2023-09-24T23:21:04Z</time></trkpt>
      <trkpt lat="22.5383846" lon="113.9360449"><ele>11.3</ele><time>2023-09-24T23:21:05Z</time></trkpt>
      <trkpt lat="22.5383905" lon="113.9360625"><ele>11.3</ele><time>2023-09-24T23:21:06Z</time></trkpt>
      <trkpt lat="22.5383975" lon="113.9360800"><ele>11.3</ele><time>2023-09-24T23:21:07Z</time></trkpt>
      <trkpt lat="22.5384048" lon="113.9360972"><ele>11.3</ele><time>2023-09-24T23:21:08Z</time></trkpt>
      <trkpt lat="22.5384121" lon="113.9361144"><ele>11.3</ele><time>2023-09-24T23:21:09Z</time></trkpt>
      <trkpt lat="22.5384185" lon="113.9361323"><ele>11.3</ele><time>2023-09-24T23:21:10Z</time></trkpt>
      <trkpt lat="22.5384241" lon="113.9361504"><ele>11.3</ele><time>2023-09-24T23:21:11Z</time></trkpt>
      <trkpt lat="22.5384318" lon="113.9361672"><ele>11.3</ele><time>2023-09-24T23:21:12Z</time></trkpt>
      <trkpt lat="22.5384415" lon="113.9361832"><ele>11.3</ele><time>2023-09-24T23:21:13Z</time></trkpt>
      <trkpt lat="22.5384513" lon="113.9361994"><ele>11.3</ele><time>2023-09-24T23:21:14Z</time></trkpt>
      <trkpt lat="22.5384617" lon="113.9362152"><ele>11.4</ele><time>2023-09-24T23:21:15Z</time></trkpt>
      <trkpt lat="22.5384722" lon="113.9362306"><ele>11.4</ele><time>2023-09-24T23:21:16Z</time></trkpt>
      <trkpt lat="22.5384829" lon="113.9362455"><ele>11.4</ele><time>2023-09-24T23:21:17Z</time></trkpt>
      <trkpt lat="22.5384950" lon="113.9362595"><ele>11.4</ele><time>2023-09-24T23:21:18Z</time></trkpt>
      <trkpt lat="22.5385076" lon="113.9362726"><ele>11.5</ele><time>2023-09-24T23:21:19Z</time></trkpt>
      <trkpt lat="22.5385203" lon="113.9362853"><ele>11.5</ele><time>2023-09-24T23:21:20Z</time></trkpt>
      <trkpt lat="22.5385327" lon="113.9362975"><ele>11.5</ele><time>2023-09-24T23:21:21Z</time></trkpt>
      <trkpt lat="22.5385455" lon="113.9363092"><ele>11.5</ele><time>2023-09-24T23:21:22Z</time></trkpt>
      <trkpt lat="22.5385605" lon="113.9363192"><ele>11.6</ele><time>2023-09-24T23:21:23Z</time></trkpt>
      <trkpt lat="22.5385764" lon="113.9363283"><ele>11.6</ele><time>2023-09-24T23:21:24Z</time></trkpt>
      <trkpt lat="22.5385924" lon="113.9363372"><ele>11.6</ele><time>2023-09-24T23:21:25Z</time></trkpt>
      <trkpt lat="22.5386087" lon="113.9363451"><ele>11.6</ele><time>2023-09-24T23:21:26Z</time></trkpt>
      <trkpt lat="22.5386247" lon="113.9363533"><ele>11.6</ele><time>2023-09-24T23:21:27Z</time></trkpt>
      <trkpt lat="22.5386405" lon="113.9363616"><ele>11.6</ele><time>2023-09-24T23:21:28Z</time></trkpt>
      <trkpt lat="22.5386565" lon="113.9363695"><ele>11.7</ele><time>2023-09-24T23:21:29Z</time></trkpt>
      <trkpt lat="22.5386725" lon="113.9363771"><ele>11.7</ele><time>2023-09-24T23:21:30Z</time></trkpt>
      <trkpt lat="22.5386894" lon="113.9363830"><ele>11.7</ele><time>2023-09-24T23:21:31Z</time></trkpt>
      <trkpt lat="22.5387070" lon="113.9363872"><ele>11.7</ele><time>2023-09-24T23:21:32Z</time></trkpt>
      <trkpt lat="22.5387245" lon="113.9363910"><ele>11.7</ele><time>2023-09-24T23:21:33Z</time></trkpt>
      <trkpt lat="22.5387420" lon="113.9363942"><ele>11.7</ele><time>2023-09-24T23:21:34Z</time></trkpt>
      <trkpt lat="22.5387595" lon="113.9363968"><ele>11.7</ele><time>2023-09-24T23:21:35Z</time></trkpt>
      <trkpt lat="22.5387768" lon="113.9363993"><ele>11.7</ele><time>2023-09-24T23:21:36Z</time></trkpt>
      <trkpt lat="22.5387944" lon="113.9364007"><ele>11.7</ele><time>2023-09-24T23:21:37Z</time></trkpt>
      <trkpt lat="22.5388121" lon="113.9364015"><ele>11.7</ele><time>2023-09-24T23:21:38Z</time></trkpt>
      <trkpt lat="22.5388297" lon="113.9364021"><ele>11.7</ele><time>2023-09-24T23:21:39Z</time></trkpt>
      <trkpt lat="22.5388474" lon="113.9364024"><ele>11.7</ele><time>2023-09-24T23:21:40Z</time></trkpt>
      <trkpt lat="22.5388648" lon="113.9364022"><ele>11.7</ele><time>2023-09-24T23:21:41Z</time></trkpt>
      <trkpt lat="22.5388821" lon="113.9364012"><ele>11.7</ele><time>2023-09-24T23:21:42Z</time></trkpt>
      <trkpt lat="22.5388995" lon="113.9363990"><ele>11.7</ele><time>2023-09-24T23:21:43Z</time></trkpt>
      <trkpt lat="22.5389171" lon="113.9363968"><ele>11.7</ele><time>2023-09-24T23:21:44Z</time></trkpt>
      <trkpt lat="22.5389351" lon="113.9363960"><ele>11.6</ele><time>2023-09-24T23:21:45Z</time></trkpt>
      <trkpt lat="22.5389531" lon="113.9363970"><ele>11.6</ele><time>2023-09-24T23:21:46Z</time></trkpt>
      <trkpt lat="22.5389707" lon="113.9363994"><ele>11.6</ele><time>2023-09-24T23:21:47Z</time></trkpt>
      <trkpt lat="22.5389883" lon="113.9364016"><ele>11.6</ele><time>2023-09-24T23:21:48Z</time></trkpt>
      <trkpt lat="22.5390060" lon="113.9364019"><ele>11.6</ele><time>2023-09-24T23:21:49Z</time></trkpt>
      <trkpt lat="22.5390241" lon="113.9364011"><ele>11.6</ele><time>2023-09-24T23:21:50Z</time></trkpt>
      <trkpt lat="22.5390421" lon="113.9364001"><ele>11.5</ele><time>2023-09-24T23:21:51Z</time></trkpt>
      <trkpt lat="22.5390600" lon="113.9363995"><ele>11.5</ele><time>2023-09-24T23:21:52Z</time></trkpt>
      <trkpt lat="22.5390775" lon="113.9363997"><ele>11.5</ele><time>2023-09-24T23:21:53Z</time></trkpt>
      <trkpt lat="22.5390940" lon="113.9363996"><ele>11.5</ele><time>2023-09-24T23:21:54Z</time></trkpt>
      <trkpt lat="22.5391097" lon="113.9363976"><ele>11.4</ele><time>2023-09-24T23:21:55Z</time></trkpt>
      <trkpt lat="22.5391262" lon="113.9363947"><ele>11.4</ele><time>2023-09-24T23:21:56Z</time></trkpt>
      <trkpt lat="22.5391438" lon="113.9363915"><ele>11.4</ele><time>2023-09-24T23:21:57Z</time></trkpt>
      <trkpt lat="22.5391619" lon="113.9363891"><ele>11.3</ele><time>2023-09-24T23:21:58Z</time></trkpt>
      <trkpt lat="22.5391800" lon="113.9363874"><ele>11.3</ele><time>2023-09-24T23:21:59Z</time></trkpt>
      <trkpt lat="22.5391976" lon="113.9363860"><ele>11.3</ele><time>2023-09-24T23:22:00Z</time></trkpt>
      <trkpt lat="22.5392155" lon="113.9363847"><ele>11.2</ele><time>2023-09-24T23:22:01Z</time></trkpt>
      <trkpt lat="22.5392334" lon="113.9363846"><ele>11.2</ele><time>2023-09-24T23:22:02Z</time></trkpt>
      <trkpt lat="22.5392510" lon="113.9363848"><ele>11.1</ele><time>2023-09-24T23:22:03Z</time></trkpt>
      <trkpt lat="22.5392687" lon="113.9363839"><ele>11.1</ele><time>2023-09-24T23:22:04Z</time></trkpt>
      <trkpt lat="22.5392866" lon="113.9363829"><ele>11.0</ele><time>2023-09-24T23:22:05Z</time></trkpt>
      <trkpt lat="22.5393049" lon="113.9363827"><ele>10.9</ele><time>2023-09-24T23:22:06Z</time></trkpt>
      <trkpt lat="22.5393232" lon="113.9363832"><ele>10.9</ele><time>2023-09-24T23:22:07Z</time></trkpt>
      <trkpt lat="22.5393412" lon="113.9363834"><ele>10.8</ele><time>2023-09-24T23:22:08Z</time></trkpt>
      <trkpt lat="22.5393594" lon="113.9363824"><ele>10.8</ele><time>2023-09-24T23:22:09Z</time></trkpt>
      <trkpt lat="22.5393780" lon="113.9363815"><ele>10.7</ele><time>2023-09-24T23:22:10Z</time></trkpt>
      <trkpt lat="22.5393969" lon="113.9363814"><ele>10.6</ele><time>2023-09-24T23:22:11Z</time></trkpt>
      <trkpt lat="22.5394160" lon="113.9363812"><ele>10.6</ele><time>2023-09-24T23:22:12Z</time></trkpt>
      <trkpt lat="22.5394348" lon="113.9363816"><ele>10.5</ele><time>2023-09-24T23:22:13Z</time></trkpt>
      <trkpt lat="22.5394532" lon="113.9363821"><ele>10.4</ele><time>2023-09-24T23:22:14Z</time></trkpt>
      <trkpt lat="22.5394717" lon="113.9363817"><ele>10.4</ele><time>2023-09-24T23:22:15Z</time></trkpt>
      <trkpt lat="22.5394902" lon="113.9363802"><ele>10.3</ele><time>2023-09-24T23:22:16Z</time></trkpt>
      <trkpt lat="22.5395088" lon="113.9363779"><ele>10.2</ele><time>2023-09-24T23:22:17Z</time></trkpt>
      <trkpt lat="22.5395273" lon="113.9363755"><ele>10.2</ele><time>2023-09-24T23:22:18Z</time></trkpt>
      <trkpt lat="22.5395460" lon="113.9363731"><ele>10.1</ele><time>2023-09-24T23:22:19Z</time></trkpt>
      <trkpt lat="22.5395648" lon="113.9363711"><ele>10.0</ele><time>2023-09-24T23:22:20Z</time></trkpt>
      <trkpt lat="22.5395835" lon="113.9363690"><ele>10.0</ele><time>2023-09-24T23:22:21Z</time></trkpt>
      <trkpt lat="22.5396022" lon="113.9363649"><ele>9.9</ele><time>2023-09-24T23:22:22Z</time></trkpt>
      <trkpt lat="22.5396208" lon="113.9363600"><ele>9.9</ele><time>2023-09-24T23:22:23Z</time></trkpt>
      <trkpt lat="22.5396392" lon="113.9363536"><ele>9.8</ele><time>2023-09-24T23:22:24Z</time></trkpt>
      <trkpt lat="22.5396570" lon="113.9363447"><ele>9.7</ele><time>2023-09-24T23:22:25Z</time></trkpt>
      <trkpt lat="22.5396742" lon="113.9363355"><ele>9.7</ele><time>2023-09-24T23:22:26Z</time></trkpt>
      <trkpt lat="22.5396917" lon="113.9363268"><ele>9.6</ele><time>2023-09-24T23:22:27Z</time></trkpt>
      <trkpt lat="22.5397084" lon="113.9363175"><ele>9.6</ele><time>2023-09-24T23:22:28Z</time></trkpt>
      <trkpt lat="22.5397243" lon="113.9363071"><ele>9.5</ele><time>2023-09-24T23:22:29Z</time></trkpt>
      <trkpt lat="22.5397397" lon="113.9362955"><ele>9.5</ele><time>2023-09-24T23:22:30Z</time></trkpt>
      <trkpt lat="22.5397544" lon="113.9362834"><ele>9.4</ele><time>2023-09-24T23:22:31Z</time></trkpt>
      <trkpt lat="22.5397686" lon="113.9362706"><ele>9.4</ele><time>2023-09-24T23:22:32Z</time></trkpt>
      <trkpt lat="22.5397826" lon="113.9362572"><ele>9.3</ele><time>2023-09-24T23:22:33Z</time></trkpt>
      <trkpt lat="22.5397963" lon="113.9362439"><ele>9.3</ele><time>2023-09-24T23:22:34Z</time></trkpt>
      <trkpt lat="22.5398092" lon="113.9362301"><ele>9.3</ele><time>2023-09-24T23:22:35Z</time></trkpt>
      <trkpt lat="22.5398209" lon="113.9362156"><ele>9.2</ele><time>2023-09-24T23:22:36Z</time></trkpt>
      <trkpt lat="22.5398316" lon="113.9362004"><ele>9.2</ele><time>2023-09-24T23:22:37Z</time></trkpt>
      <trkpt lat="22.5398419" lon="113.9361844"><ele>9.1</ele><time>2023-09-24T23:22:38Z</time></trkpt>
      <trkpt lat="22.5398522" lon="113.9361686"><ele>9.1</ele><time>2023-09-24T23:22:39Z</time></trkpt>
      <trkpt lat="22.5398625" lon="113.9361527"><ele>9.0</ele><time>2023-09-24T23:22:40Z</time></trkpt>
      <trkpt lat="22.5398716" lon="113.9361361"><ele>9.0</ele><time>2023-09-24T23:22:41Z</time></trkpt>
      <trkpt lat="22.5398801" lon="113.9361192"><ele>8.9</ele><time>2023-09-24T23:22:42Z</time></trkpt>
      <trkpt lat="22.5398887" lon="113.9361022"><ele>8.9</ele><time>2023-09-24T23:22:43Z</time></trkpt>
      <trkpt lat="22.5398975" lon="113.9360853"><ele>8.9</ele><time>2023-09-24T23:22:44Z</time></trkpt>
      <trkpt lat="22.5399060" lon="113.9360688"><ele>8.8</ele><time>2023-09-24T23:22:45Z</time></trkpt>
      <trkpt lat="22.5399121" lon="113.9360514"><ele>8.8</ele><time>2023-09-24T23:22:46Z</time></trkpt>
      <trkpt lat="22.5399163" lon="113.9360332"><ele>8.7</ele><time>2023-09-24T23:22:47Z</time></trkpt>
      <trkpt lat="22.5399200" lon="113.9360150"><ele>8.7</ele><time>2023-09-24T23:22:48Z</time></trkpt>
      <trkpt lat="22.5399235" lon="113.9359965"><ele>8.7</ele><time>2023-09-24T23:22:49Z</time></trkpt>
      <trkpt lat="22.5399276" lon="113.9359786"><ele>8.6</ele><time>2023-09-24T23:22:50Z</time></trkpt>
      <trkpt lat="22.5399309" lon="113.9359613"><ele>8.6</ele><time>2023-09-24T23:22:51Z</time></trkpt>
      <trkpt lat="22.5399322" lon="113.9359435"><ele>8.6</ele><time>2023-09-24T23:22:52Z</time></trkpt>
      <trkpt lat="22.5399330" lon="113.9359253"><ele>8.6</ele><time>2023-09-24T23:22:53Z</time></trkpt>
      <trkpt lat="22.5399337" lon="113.9359072"><ele>8.5</ele><time>2023-09-24T23:22:54Z</time></trkpt>
      <trkpt lat="22.5399327" lon="113.9358890"><ele>8.5</ele><time>2023-09-24T23:22:55Z</time></trkpt>
      <trkpt lat="22.5399305" lon="113.9358706"><ele>8.5</ele><time>2023-09-24T23:22:56Z</time></trkpt>
      <trkpt lat="22.5399280" lon="113.9358523"><ele>8.5</ele><time>2023-09-24T23:22:57Z</time></trkpt>
      <trkpt lat="22.5399256" lon="113.9358342"><ele>8.6</ele><time>2023-09-24T23:22:58Z</time></trkpt>
      <trkpt lat="22.5399232" lon="113.9358161"><ele>8.6</ele><time>2023-09-24T23:22:59Z</time></trkpt>
      <trkpt lat="22.5399199" lon="113.9357981"><ele>8.6</ele><time>2023-09-24T23:23:00Z</time></trkpt>
      <trkpt lat="22.5399161" lon="113.9357802"><ele>8.6</ele><time>2023-09-24T23:23:01Z</time></trkpt>
      <trkpt lat="22.5399118" lon="113.9357626"><ele>8.7</ele><time>2023-09-24T23:23:02Z</time></trkpt>
      <trkpt lat="22.5399065" lon="113.9357450"><ele>8.7</ele><time>2023-09-24T23:23:03Z</time></trkpt>
      <trkpt lat="22.5399005" lon="113.9357275"><ele>8.8</ele><time>2023-09-24T23:23:04Z</time></trkpt>
      <trkpt lat="22.5398946" lon="113.9357099"><ele>8.8</ele><time>2023-09-24T23:23:05Z</time></trkpt>
      <trkpt lat="22.5398879" lon="113.9356928"><ele>8.9</ele><time>2023-09-24T23:23:06Z</time></trkpt>
      <trkpt lat="22.5398801" lon="113.9356766"><ele>9.0</ele><time>2023-09-24T23:23:07Z</time></trkpt>
      <trkpt lat="22.5398714" lon="113.9356612"><ele>9.1</ele><time>2023-09-24T23:23:08Z</time></trkpt>
      <trkpt lat="22.5398614" lon="113.9356465"><ele>9.1</ele><time>2023-09-24T23:23:09Z</time></trkpt>
      <trkpt lat="22.5398510" lon="113.9356322"><ele>9.2</ele><time>2023-09-24T23:23:10Z</time></trkpt>
      <trkpt lat="22.5398410" lon="113.9356181"><ele>9.3</ele><time>2023-09-24T23:23:11Z</time></trkpt>
      <trkpt lat="22.5398311" lon="113.9356040"><ele>9.4</ele><time>2023-09-24T23:23:12Z</time></trkpt>
      <trkpt lat="22.5398204" lon="113.9355898"><ele>9.5</ele><time>2023-09-24T23:23:13Z</time></trkpt>
      <trkpt lat="22.5398090" lon="113.9355762"><ele>9.6</ele><time>2023-09-24T23:23:14Z</time></trkpt>
      <trkpt lat="22.5397963" lon="113.9355641"><ele>9.7</ele><time>2023-09-24T23:23:15Z</time></trkpt>
      <trkpt lat="22.5397825" lon="113.9355532"><ele>9.9</ele><time>2023-09-24T23:23:16Z</time></trkpt>
      <trkpt lat="22.5397685" lon="113.9355426"><ele>10.0</ele><time>2023-09-24T23:23:17Z</time></trkpt>
      <trkpt lat="22.5397540" lon="113.9355321"><ele>10.1</ele><time>2023-09-24T23:23:18Z</time></trkpt>
      <trkpt lat="22.5397390" lon="113.9355220"><ele>10.2</ele><time>2023-09-24T23:23:19Z</time></trkpt>
      <trkpt lat="22.5397240" lon="113.9355125"><ele>10.3</ele><time>2023-09-24T23:23:20Z</time></trkpt>
      <trkpt lat="22.5397096" lon="113.9355042"><ele>10.5</ele><time>2023-09-24T23:23:21Z</time></trkpt>
      <trkpt lat="22.5396955" lon="113.9354973"><ele>10.6</ele><time>2023-09-24T23:23:22Z</time></trkpt>
      <trkpt lat="22.5396810" lon="113.9354899"><ele>10.7</ele><time>2023-09-24T23:23:23Z</time></trkpt>
      <trkpt lat="22.5396656" lon="113.9354818"><ele>10.8</ele><time>2023-09-24T23:23:24Z</time></trkpt>
      <trkpt lat="22.5396499" lon="113.9354742"><ele>11.0</ele><time>2023-09-24T23:23:25Z</time></trkpt>
      <trkpt lat="22.5396339" lon="113.9354672"><ele>11.1</ele><time>2023-09-24T23:23:26Z</time></trkpt>
      <trkpt lat="22.5396175" lon="113.9354609"><ele>11.2</ele><time>2023-09-24T23:23:27Z</time></trkpt>
      <trkpt lat="22.5396008" lon="113.9354554"><ele>11.3</ele><time>2023-09-24T23:23:28Z</time></trkpt>
      <trkpt lat="22.5395839" lon="113.9354509"><ele>11.5</ele><time>2023-09-24T23:23:29Z</time></trkpt>
      <trkpt lat="22.5395666" lon="113.9354479"><ele>11.6</ele><time>2023-09-24T23:23:30Z</time></trkpt>
      <trkpt lat="22.5395491" lon="113.9354463"><ele>11.7</ele><time>2023-09-24T23:23:31Z</time></trkpt>
      <trkpt lat="22.5395316" lon="113.9354468"><ele>11.9</ele><time>2023-09-24T23:23:32Z</time></trkpt>
      <trkpt lat="22.5395143" lon="113.9354488"><ele>12.0</ele><time>2023-09-24T23:23:33Z</time></trkpt>
      <trkpt lat="22.5394972" lon="113.9354506"><ele>12.1</ele><time>2023-09-24T23:23:34Z</time></trkpt>
      <trkpt lat="22.5394801" lon="113.9354523"><ele>12.2</ele><time>2023-09-24T23:23:35Z</time></trkpt>
      <trkpt lat="22.5394630" lon="113.9354545"><ele>12.3</ele><time>2023-09-24T23:23:36Z</time></trkpt>
      <trkpt lat="22.5394457" lon="113.9354556"><ele>12.4</ele><time>2023-09-24T23:23:37Z</time></trkpt>
      <trkpt lat="22.5394285" lon="113.9354552"><ele>12.5</ele><time>2023-09-24T23:23:38Z</time></trkpt>
      <trkpt lat="22.5394114" lon="113.9354545"><ele>12.6</ele><time>2023-09-24T23:23:39Z</time></trkpt>
      <trkpt lat="22.5393944" lon="113.9354535"><ele>12.7</ele><time>2023-09-24T23:23:40Z</time></trkpt>
      <trkpt lat="22.5393773" lon="113.9354522"><ele>12.8</ele><time>2023-09-24T23:23:41Z</time></trkpt>
      <trkpt lat="22.5393604" lon="113.9354516"><ele>12.9</ele><time>2023-09-24T23:23:42Z</time></trkpt>
      <trkpt lat="22.5393436" lon="113.9354519"><ele>13.0</ele><time>2023-09-24T23:23:43Z</time></trkpt>
      <trkpt lat="22.5393268" lon="113.9354522"><ele>13.0</ele><time>2023-09-24T23:23:44Z</time></trkpt>
      <trkpt lat="22.5393100" lon="113.9354522"><ele>13.1</ele><time>2023-09-24T23:23:45Z</time></trkpt>
      <trkpt lat="22.5392933" lon="113.9354527"><ele>13.2</ele><time>2023-09-24T23:23:46Z</time></trkpt>
      <trkpt lat="22.5392765" lon="113.9354540"><ele>13.2</ele><time>2023-09-24T23:23:47Z</time></trkpt>
      <trkpt lat="22.5392596" lon="113.9354554"><ele>13.2</ele><time>2023-09-24T23:23:48Z</time></trkpt>
      <trkpt lat="22.5392425" lon="113.9354564"><ele>13.3</ele><time>2023-09-24T23:23:49Z</time></trkpt>
      <trkpt lat="22.5392253" lon="113.9354566"><ele>13.3</ele><time>2023-09-24T23:23:50Z</time></trkpt>
      <trkpt lat="22.5392082" lon="113.9354565"><ele>13.3</ele><time>2023-09-24T23:23:51Z</time></trkpt>
      <trkpt lat="22.5391910" lon="113.9354579"><ele>13.3</ele><time>2023-09-24T23:23:52Z</time></trkpt>
      <trkpt lat="22.5391736" lon="113.9354598"><ele>13.3</ele><time>2023-09-24T23:23:53Z</time></trkpt>
      <trkpt lat="22.5391565" lon="113.9354611"><ele>13.3</ele><time>2023-09-24T23:23:54Z</time></trkpt>
      <trkpt lat="22.5391395" lon="113.9354627"><ele>13.3</ele><time>2023-09-24T23:23:55Z</time></trkpt>
      <trkpt lat="22.5391225" lon="113.9354641"><ele>13.3</ele><time>2023-09-24T23:23:56Z</time></trkpt>
      <trkpt lat="22.5391057" lon="113.9354649"><ele>13.3</ele><time>2023-09-24T23:23:57Z</time></trkpt>
      <trkpt lat="22.5390889" lon="113.9354651"><ele>13.3</ele><time>2023-09-24T23:23:58Z</time></trkpt>
      <trkpt lat="22.5390723" lon="113.9354656"><ele>13.3</ele><time>2023-09-24T23:23:59Z</time></trkpt>
      <trkpt lat="22.5390555" lon="113.9354664"><ele>13.3</ele><time>2023-09-24T23:24:00Z</time></trkpt>
      <trkpt lat="22.5390384" lon="113.9354675"><ele>13.3</ele><time>2023-09-24T23:24:01Z</time></trkpt>
      <trkpt lat="22.5390215" lon="113.9354681"><ele>13.2</ele><time>2023-09-24T23:24:02Z</time></trkpt>
      <trkpt lat="22.5390048" lon="113.9354686"><ele>13.2</ele><time>2023-09-24T23:24:03Z</time></trkpt>
      <trkpt lat="22.5389883" lon="113.9354701"><ele>13.2</ele><time>2023-09-24T23:24:04Z</time></trkpt>
      <trkpt lat="22.5389715" lon="113.9354720"><ele>13.2</ele><time>2023-09-24T23:24:05Z</time></trkpt>
      <trkpt lat="22.5389545" lon="113.9354731"><ele>13.1</ele><time>2023-09-24T23:24:06Z</time></trkpt>
      <trkpt lat="22.5389377" lon="113.9354736"><ele>13.1</ele><time>2023-09-24T23:24:07Z</time></trkpt>
      <trkpt lat="22.5389211" lon="113.9354744"><ele>13.1</ele><time>2023-09-24T23:24:08Z</time></trkpt>
      <trkpt lat="22.5389043" lon="113.9354753"><ele>13.1</ele><time>2023-09-24T23:24:09Z</time></trkpt>
      <trkpt lat="22.5388873" lon="113.9354763"><ele>13.0</ele><time>2023-09-24T23:24:10Z</time></trkpt>
      <trkpt lat="22.5388703" lon="113.9354777"><ele>13.0</ele><time>2023-09-24T23:24:11Z</time></trkpt>
      <trkpt lat="22.5388538" lon="113.9354815"><ele>13.0</ele><time>2023-09-24T23:24:12Z</time></trkpt>
      <trkpt lat="22.5388374" lon="113.9354872"><ele>13.0</ele><time>2023-09-24T23:24:13Z</time></trkpt>
      <trkpt lat="22.5388205" lon="113.9354906"><ele>12.9</ele><time>2023-09-24T23:24:14Z</time></trkpt>
      <trkpt lat="22.5388032" lon="113.9354915"><ele>12.9</ele><time>2023-09-24T23:24:15Z</time></trkpt>
      <trkpt lat="22.5387858" lon="113.9354921"><ele>12.9</ele><time>2023-09-24T23:24:16Z</time></trkpt>
      <trkpt lat="22.5387688" lon="113.9354931"><ele>12.9</ele><time>2023-09-24T23:24:17Z</time></trkpt>
      <trkpt lat="22.5387526" lon="113.9354949"><ele>12.8</ele><time>2023-09-24T23:24:18Z</time></trkpt>
      <trkpt lat="22.5387368" lon="113.9354981"><ele>12.8</ele><time>2023-09-24T23:24:19Z</time></trkpt>
      <trkpt lat="22.5387209" lon="113.9355019"><ele>12.8</ele><time>2023-09-24T23:24:20Z</time></trkpt>
      <trkpt lat="22.5387049" lon="113.9355058"><ele>12.8</ele><time>2023-09-24T23:24:21Z</time></trkpt>
      <trkpt lat="22.5386889" lon="113.9355102"><ele>12.7</ele><time>2023-09-24T23:24:22Z</time></trkpt>
      <trkpt lat="22.5386732" lon="113.9355149"><ele>12.7</ele><time>2023-09-24T23:24:23Z</time></trkpt>
      <trkpt lat="22.5386578" lon="113.9355204"><ele>12.7</ele><time>2023-09-24T23:24:24Z</time></trkpt>
      <trkpt lat="22.5386427" lon="113.9355266"><ele>12.6</ele><time>2023-09-24T23:24:25Z</time></trkpt>
      <trkpt lat="22.5386281" lon="113.9355336"><ele>12.6</ele><time>2023-09-24T23:24:26Z</time></trkpt>
      <trkpt lat="22.5386138" lon="113.9355411"><ele>12.5</ele><time>2023-09-24T23:24:27Z</time></trkpt>
      <trkpt lat="22.5386000" lon="113.9355494"><ele>12.5</ele><time>2023-09-24T23:24:28Z</time></trkpt>
      <trkpt lat="22.5385864" lon="113.9355577"><ele>12.5</ele><time>2023-09-24T23:24:29Z</time></trkpt>
      <trkpt lat="22.5385723" lon="113.9355650"><ele>12.4</ele><time>2023-09-24T23:24:30Z</time></trkpt>
      <trkpt lat="22.5385581" lon="113.9355722"><ele>12.4</ele><time>2023-09-24T23:24:31Z</time></trkpt>
      <trkpt lat="22.5385444" lon="113.9355803"><ele>12.3</ele><time>2023-09-24T23:24:32Z</time></trkpt>
      <trkpt lat="22.5385312" lon="113.9355891"><ele>12.2</ele><time>2023-09-24T23:24:33Z</time></trkpt>
      <trkpt lat="22.5385183" lon="113.9355984"><ele>12.2</ele><time>2023-09-24T23:24:34Z</time></trkpt>
      <trkpt lat="22.5385057" lon="113.9356080"><ele>12.1</ele><time>2023-09-24T23:24:35Z</time></trkpt>
      <trkpt lat="22.5384933" lon="113.9356176"><ele>12.1</ele><time>2023-09-24T23:24:36Z</time></trkpt>
      <trkpt lat="22.5384813" lon="113.9356277"><ele>12.0</ele><time>2023-09-24T23:24:37Z</time></trkpt>
      <trkpt lat="22.5384688" lon="113.9356373"><ele>11.9</ele><time>2023-09-24T23:24:38Z</time></trkpt>
      <trkpt lat="22.5384560" lon="113.9356460"><ele>11.9</ele><time>2023-09-24T23:24:39Z</time></trkpt>
      <trkpt lat="22.5384433" lon="113.9356549"><ele>11.8</ele><time>2023-09-24T23:24:40Z</time></trkpt>
      <trkpt lat="22.5384310" lon="113.9356645"><ele>11.7</ele><time>2023-09-24T23:24:41Z</time></trkpt>
      <trkpt lat="22.5384205" lon="113.9356765"><ele>11.7</ele><time>2023-09-24T23:24:42Z</time></trkpt>
      <trkpt lat="22.5384122" lon="113.9356906"><ele>11.6</ele><time>2023-09-24T23:24:43Z</time></trkpt>
      <trkpt lat="22.5384050" lon="113.9357056"><ele>11.5</ele><time>2023-09-24T23:24:44Z</time></trkpt>
      <trkpt lat="22.5383980" lon="113.9357210"><ele>11.5</ele><time>2023-09-24T23:24:45Z</time></trkpt>
      <trkpt lat="22.5383907" lon="113.9357363"><ele>11.4</ele><time>2023-09-24T23:24:46Z</time></trkpt>
      <trkpt lat="22.5383830" lon="113.9357509"><ele>11.3</ele><time>2023-09-24T23:24:47Z</time></trkpt>
      <trkpt lat="22.5383756" lon="113.9357653"><ele>11.3</ele><time>2023-09-24T23:24:48Z</time></trkpt>
      <trkpt lat="22.5383687" lon="113.9357801"><ele>11.2</ele><time>2023-09-24T23:24:49Z</time></trkpt>
      <trkpt lat="22.5383624" lon="113.9357953"><ele>11.2</ele><time>2023-09-24T23:24:50Z</time></trkpt>
      <trkpt lat="22.5383573" lon="113.9358109"><ele>11.1</ele><time>2023-09-24T23:24:51Z</time></trkpt>
      <trkpt lat="22.5383539" lon="113.9358273"><ele>11.1</ele><time>2023-09-24T23:24:52Z</time></trkpt>
      <trkpt lat="22.5383518" lon="113.9358445"><ele>11.0</ele><time>2023-09-24T23:24:53Z</time></trkpt>
      <trkpt lat="22.5383495" lon="113.9358622"><ele>11.0</ele><time>2023-09-24T23:24:54Z</time></trkpt>
      <trkpt lat="22.5383466" lon="113.9358797"><ele>11.0</ele><time>2023-09-24T23:24:55Z</time></trkpt>
      <trkpt lat="22.5383449" lon="113.9358974"><ele>11.0</ele><time>2023-09-24T23:24:56Z</time></trkpt>
      <trkpt lat="22.5383452" lon="113.9359159"><ele>10.9</ele><time>2023-09-24T23:24:57Z</time></trkpt>
      <trkpt lat="22.5383473" lon="113.9359346"><ele>10.9</ele><time>2023-09-24T23:24:58Z</time></trkpt>
      <trkpt lat="22.5383507" lon="113.9359531"><ele>10.9</ele><time>2023-09-24T23:24:59Z</time></trkpt>
      <trkpt lat="22.5383540" lon="113.9359715"><ele>10.9</ele><time>2023-09-24T23:25:00Z</time></trkpt>
      <trkpt lat="22.5383576" lon="113.9359896"><ele>10.9</ele><time>2023-09-24T23:25:01Z</time></trkpt>
      <trkpt lat="22.5383610" lon="113.9360077"><ele>10.9</ele><time>2023-09-24T23:25:02Z</time></trkpt>
      <trkpt lat="22.5383640" lon="113.9360258"><ele>11.0</ele><time>2023-09-24T23:25:03Z</time></trkpt>
      <trkpt lat="22.5383680" lon="113.9360437"><ele>11.0</ele><time>2023-09-24T23:25:04Z</time></trkpt>
      <trkpt lat="22.5383733" lon="113.9360615"><ele>11.0</ele><time>2023-09-24T23:25:05Z</time></trkpt>
      <trkpt lat="22.5383793" lon="113.9360793"><ele>11.0</ele><time>2023-09-24T23:25:06Z</time></trkpt>
      <trkpt lat="22.5383863" lon="113.9360966"><ele>11.1</ele><time>2023-09-24T23:25:07Z</time></trkpt>
      <trkpt lat="22.5383942" lon="113.9361134"><ele>11.1</ele><time>2023-09-24T23:25:08Z</time></trkpt>
      <trkpt lat="22.5384025" lon="113.9361300"><ele>11.1</ele><time>2023-09-24T23:25:09Z</time></trkpt>
      <trkpt lat="22.5384104" lon="113.9361468"><ele>11.2</ele><time>2023-09-24T23:25:10Z</time></trkpt>
      <trkpt lat="22.5384179" lon="113.9361636"><ele>11.2</ele><time>2023-09-24T23:25:11Z</time></trkpt>
      <trkpt lat="22.5384261" lon="113.9361799"><ele>11.3</ele><time>2023-09-24T23:25:12Z</time></trkpt>
      <trkpt lat="22.5384362" lon="113.9361951"><ele>11.3</ele><time>2023-09-24T23:25:13Z</time></trkpt>
      <trkpt lat="22.5384481" lon="113.9362091"><ele>11.4</ele><time>2023-09-24T23:25:14Z</time></trkpt>
      <trkpt lat="22.5384609" lon="113.9362227"><ele>11.4</ele><time>2023-09-24T23:25:15Z</time></trkpt>
      <trkpt lat="22.5384737" lon="113.9362363"><ele>11.5</ele><time>2023-09-24T23:25:16Z</time></trkpt>
      <trkpt lat="22.5384862" lon="113.9362498"><ele>11.5</ele><time>2023-09-24T23:25:17Z</time></trkpt>
      <trkpt lat="22.5384990" lon="113.9362627"><ele>11.6</ele><time>2023-09-24T23:25:18Z</time></trkpt>
      <trkpt lat="22.5385124" lon="113.9362752"><ele>11.7</ele><time>2023-09-24T23:25:19Z</time></trkpt>
      <trkpt lat="22.5385261" lon="113.9362872"><ele>11.7</ele><time>2023-09-24T23:25:20Z</time></trkpt>
      <trkpt lat="22.5385400" lon="113.9362987"><ele>11.8</ele><time>2023-09-24T23:25:21Z</time></trkpt>
      <trkpt lat="22.5385547" lon="113.9363095"><ele>11.8</ele><time>2023-09-24T23:25:22Z</time></trkpt>
      <trkpt lat="22.5385700" lon="113.9363191"><ele>11.9</ele><time>2023-09-24T23:25:23Z</time></trkpt>
      <trkpt lat="22.5385850" lon="113.9363286"><ele>11.9</ele><time>2023-09-24T23:25:24Z</time></trkpt>
      <trkpt lat="22.5385989" lon="113.9363390"><ele>12.0</ele><time>2023-09-24T23:25:25Z</time></trkpt>
      <trkpt lat="22.5386130" lon="113.9363497"><ele>12.0</ele><time>2023-09-24T23:25:26Z</time></trkpt>
      <trkpt lat="22.5386280" lon="113.9363592"><ele>12.1</ele><time>2023-09-24T23:25:27Z</time></trkpt>
      <trkpt lat="22.5386440" lon="113.9363669"><ele>12.1</ele><time>2023-09-24T23:25:28Z</time></trkpt>
      <trkpt lat="22.5386604" lon="113.9363731"><ele>12.2</ele><time>2023-09-24T23:25:29Z</time></trkpt>
      <trkpt lat="22.5386773" lon="113.9363774"><ele>12.2</ele><time>2023-09-24T23:25:30Z</time></trkpt>
      <trkpt lat="22.5386947" lon="113.9363810"><ele>12.2</ele><time>2023-09-24T23:25:31Z</time></trkpt>
      <trkpt lat="22.5387113" lon="113.9363866"><ele>12.3</ele><time>2023-09-24T23:25:32Z</time></trkpt>
      <trkpt lat="22.5387276" lon="113.9363926"><ele>12.3</ele><time>2023-09-24T23:25:33Z</time></trkpt>
      <trkpt lat="22.5387449" lon="113.9363963"><ele>12.3</ele><time>2023-09-24T23:25:34Z</time></trkpt>
      <trkpt lat="22.5387629" lon="113.9363987"><ele>12.3</ele><time>2023-09-24T23:25:35Z</time></trkpt>
      <trkpt lat="22.5387811" lon="113.9364003"><ele>12.4</ele><time>2023-09-24T23:25:36Z</time></trkpt>
      <trkpt lat="22.5387993" lon="113.9364020"><ele>12.4</ele><time>2023-09-24T23:25:37Z</time></trkpt>
      <trkpt lat="22.5388178" lon="113.9364033"><ele>12.4</ele><time>2023-09-24T23:25:38Z</time></trkpt>
      <trkpt lat="22.5388362" lon="113.9364029"><ele>12.4</ele><time>2023-09-24T23:25:39Z</time></trkpt>
      <trkpt lat="22.5388543" lon="113.9364018"><ele>12.4</ele><time>2023-09-24T23:25:40Z</time></trkpt>
      <trkpt lat="22.5388720" lon="113.9364005"><ele>12.4</ele><time>2023-09-24T23:25:41Z</time></trkpt>
      <trkpt lat="22.5388894" lon="113.9363994"><ele>12.4</ele><time>2023-09-24T23:25:42Z</time></trkpt>
      <trkpt lat="22.5389067" lon="113.9363987"><ele>12.3</ele><time>2023-09-24T23:25:43Z</time></trkpt>
      <trkpt lat="22.5389238" lon="113.9363979"><ele>12.3</ele><time>2023-09-24T23:25:44Z</time></trkpt>
      <trkpt lat="22.5389408" lon="113.9363963"><ele>12.3</ele><time>2023-09-24T23:25:45Z</time></trkpt>
      <trkpt lat="22.5389581" lon="113.9363945"><ele>12.3</ele><time>2023-09-24T23:25:46Z</time></trkpt>
      <trkpt lat="22.5389756" lon="113.9363930"><ele>12.2</ele><time>2023-09-24T23:25:47Z</time></trkpt>
      <trkpt lat="22.5389934" lon="113.9363916"><ele>12.2</ele><time>2023-09-24T23:25:48Z</time></trkpt>
      <trkpt lat="22.5390115" lon="113.9363905"><ele>12.2</ele><time>2023-09-24T23:25:49Z</time></trkpt>
      <trkpt lat="22.5390300" lon="113.9363899"><ele>12.1</ele><time>2023-09-24T23:25:50Z</time></trkpt>
      <trkpt lat="22.5390485" lon="113.9363898"><ele>12.1</ele><time>2023-09-24T23:25:51Z</time></trkpt>
      <trkpt lat="22.5390669" lon="113.9363897"><ele>12.1</ele><time>2023-09-24T23:25:52Z</time></trkpt>
      <trkpt lat="22.5390849" lon="113.9363888"><ele>12.0</ele><time>2023-09-24T23:25:53Z</time></trkpt>
      <trkpt lat="22.5391030" lon="113.9363880"><ele>12.0</ele><time>2023-09-24T23:25:54Z</time></trkpt>
    </trkseg>
  </trk>
  <extensions>
    <distance>5036.95</distance>
    <moving_time>2641.20</moving_time>
    <elapsed_time>2641.20</elapsed_time>
    <average_speed>1.91</average_speed>
    <start_time>2023-09-24T22:44:03Z</start_time>
    <end_time>2023-09-24T23:28:04Z</end_time>
    <average_hr>121.59</average_hr>
  </extensions>
</gpx>
