<?xml version="1.0" encoding="UTF-8"?>
<gpx version="1.1" creator="RunSync" xmlns="http://www.topografix.com/GPX/1/1">
  <metadata><time>2023-09-12T22:40:17Z</time></metadata>
  <trk>
    <name>跑步</name>
    <type>running</type>
    <trkseg>
      <trkpt lat="22.5328504" lon="113.9322537"><ele>9.5</ele><time>2023-09-12T22:41:52Z</time></trkpt>
      <trkpt lat="22.5328663" lon="113.9322656"><ele>9.4</ele><time>2023-09-12T22:41:53Z</time></trkpt>
      <trkpt lat="22.5328820" lon="113.9322774"><ele>9.4</ele><time>2023-09-12T22:41:54Z</time></trkpt>
      <trkpt lat="22.5328979" lon="113.9322890"><ele>9.3</ele><time>2023-09-12T22:41:55Z</time></trkpt>
      <trkpt lat="22.5329137" lon="113.9323004"><ele>9.2</ele><time>2023-09-12T22:41:56Z</time></trkpt>
      <trkpt lat="22.5329293" lon="113.9323118"><ele>9.2</ele><time>2023-09-12T22:41:57Z</time></trkpt>
      <trkpt lat="22.5329450" lon="113.9323235"><ele>9.1</ele><time>2023-09-12T22:41:58Z</time></trkpt>
      <trkpt lat="22.5329608" lon="113.9323356"><ele>9.1</ele><time>2023-09-12T22:41:59Z</time></trkpt>
      <trkpt lat="22.5329766" lon="113.9323480"><ele>9.0</ele><time>2023-09-12T22:42:00Z</time></trkpt>
      <trkpt lat="22.5329923" lon="113.9323613"><ele>8.9</ele><time>2023-09-12T22:42:01Z</time></trkpt>
      <trkpt lat="22.5330075" lon="113.9323755"><ele>8.9</ele><time>2023-09-12T22:42:02Z</time></trkpt>
      <trkpt lat="22.5330223" lon="113.9323898"><ele>8.8</ele><time>2023-09-12T22:42:03Z</time></trkpt>
      <trkpt lat="22.5330371" lon="113.9324035"><ele>8.7</ele><time>2023-09-12T22:42:04Z</time></trkpt>
      <trkpt lat="22.5330525" lon="113.9324167"><ele>8.6</ele><time>2023-09-12T22:42:05Z</time></trkpt>
      <trkpt lat="22.5330689" lon="113.9324305"><ele>8.6</ele><time>2023-09-12T22:42:06Z</time></trkpt>
      <trkpt lat="22.5330859" lon="113.9324455"><ele>8.5</ele><time>2023-09-12T22:42:07Z</time></trkpt>
      <trkpt lat="22.5331037" lon="113.9324609"><ele>8.5</ele><time>2023-09-12T22:42:08Z</time></trkpt>
      <trkpt lat="22.5331225" lon="113.9324756"><ele>8.4</ele><time>2023-09-12T22:42:09Z</time></trkpt>
      <trkpt lat="22.5331406" lon="113.9324887"><ele>8.3</ele><time>2023-09-12T22:42:10Z</time></trkpt>
      <trkpt lat="22.5331580" lon="113.9325010"><ele>8.3</ele><time>2023-09-12T22:42:11Z</time></trkpt>
      <trkpt lat="22.5331751" lon="113.9325142"><ele>8.2</ele><time>2023-09-12T22:42:12Z</time></trkpt>
      <trkpt lat="22.5331917" lon="113.9325276"><ele>8.2</ele><time>2023-09-12T22:42:13Z</time></trkpt>
      <trkpt lat="22.5332086" lon="113.9325410"><ele>8.2</ele><time>2023-09-12T22:42:14Z</time></trkpt>
      <trkpt lat="22.5332255" lon="113.9325538"><ele>8.1</ele><time>2023-09-12T22:42:15Z</time></trkpt>
      <trkpt lat="22.5332419" lon="113.9325652"><ele>8.1</ele><time>2023-09-12T22:42:16Z</time></trkpt>
      <trkpt lat="22.5332580" lon="113.9325764"><ele>8.1</ele><time>2023-09-12T22:42:17Z</time></trkpt>
      <trkpt lat="22.5332736" lon="113.9325876"><ele>8.1</ele><time>2023-09-12T22:42:18Z</time></trkpt>
      <trkpt lat="22.5332891" lon="113.9325984"><ele>8.0</ele><time>2023-09-12T22:42:19Z</time></trkpt>
      <trkpt lat="22.5333058" lon="113.9326090"><ele>8.0</ele><time>2023-09-12T22:42:20Z</time></trkpt>
      <trkpt lat="22.5333240" lon="113.9326187"><ele>8.0</ele><time>2023-09-12T22:42:21Z</time></trkpt>
      <trkpt lat="22.5333425" lon="113.9326283"><ele>8.0</ele><time>2023-09-12T22:42:22Z</time></trkpt>
      <trkpt lat="22.5333604" lon="113.9326385"><ele>8.0</ele><time>2023-09-12T22:42:23Z</time></trkpt>
      <trkpt lat="22.5333773" lon="113.9326490"><ele>8.0</ele><time>2023-09-12T22:42:24Z</time></trkpt>
      <trkpt lat="22.5333936" lon="113.9326596"><ele>8.1</ele><time>2023-09-12T22:42:25Z</time></trkpt>
      <trkpt lat="22.5334097" lon="113.9326698"><ele>8.1</ele><time>2023-09-12T22:42:26Z</time></trkpt>
      <trkpt lat="22.5334273" lon="113.9326810"><ele>8.1</ele><time>2023-09-12T22:42:27Z</time></trkpt>
      <trkpt lat="22.5334429" lon="113.9326904"><ele>8.1</ele><time>2023-09-12T22:42:28Z</time></trkpt>
      <trkpt lat="22.5334593" lon="113.9326990"><ele>8.2</ele><time>2023-09-12T22:42:29Z</time></trkpt>
      <trkpt lat="22.5334755" lon="113.9327082"><ele>8.2</ele><time>2023-09-12T22:42:30Z</time></trkpt>
      <trkpt lat="22.5334919" lon="113.9327170"><ele>8.2</ele><time>2023-09-12T22:42:31Z</time></trkpt>
      <trkpt lat="22.5335088" lon="113.9327252"><ele>8.3</ele><time>2023-09-12T22:42:32Z</time></trkpt>
      <trkpt lat="22.5335255" lon="113.9327333"><ele>8.3</ele><time>2023-09-12T22:42:33Z</time></trkpt>
      <trkpt lat="22.5335421" lon="113.9327418"><ele>8.4</ele><time>2023-09-12T22:42:34Z</time></trkpt>
      <trkpt lat="22.5335581" lon="113.9327513"><ele>8.5</ele><time>2023-09-12T22:42:35Z</time></trkpt>
      <trkpt lat="22.5335741" lon="113.9327614"><ele>8.5</ele><time>2023-09-12T22:42:36Z</time></trkpt>
      <trkpt lat="22.5335908" lon="113.9327705"><ele>8.6</ele><time>2023-09-12T22:42:37Z</time></trkpt>
      <trkpt lat="22.5336080" lon="113.9327795"><ele>8.7</ele><time>2023-09-12T22:42:38Z</time></trkpt>
      <trkpt lat="22.5336251" lon="113.9327887"><ele>8.7</ele><time>2023-09-12T22:42:39Z</time></trkpt>
      <trkpt lat="22.5336422" lon="113.9327980"><ele>8.8</ele><time>2023-09-12T22:42:40Z</time></trkpt>
      <trkpt lat="22.5336587" lon="113.9328082"><ele>8.9</ele><time>2023-09-12T22:42:41Z</time></trkpt>
      <trkpt lat="22.5336755" lon="113.9328181"><ele>9.0</ele><time>2023-09-12T22:42:42Z</time></trkpt>
      <trkpt lat="22.5336929" lon="113.9328269"><ele>9.1</ele><time>2023-09-12T22:42:43Z</time></trkpt>
      <trkpt lat="22.5337102" lon="113.9328356"><ele>9.2</ele><time>2023-09-12T22:42:44Z</time></trkpt>
      <trkpt lat="22.5337266" lon="113.9328450"><ele>9.3</ele><time>2023-09-12T22:42:45Z</time></trkpt>
      <trkpt lat="22.5337420" lon="113.9328560"><ele>9.4</ele><time>2023-09-12T22:42:46Z</time></trkpt>
      <trkpt lat="22.5337572" lon="113.9328678"><ele>9.5</ele><time>2023-09-12T22:42:47Z</time></trkpt>
      <trkpt lat="22.5337730" lon="113.9328792"><ele>9.6</ele><time>2023-09-12T22:42:48Z</time></trkpt>
      <trkpt lat="22.5337898" lon="113.9328896"><ele>9.7</ele><time>2023-09-12T22:42:49Z</time></trkpt>
      <trkpt lat="22.5338070" lon="113.9328996"><ele>9.8</ele><time>2023-09-12T22:42:50Z</time></trkpt>
      <trkpt lat="22.5338239" lon="113.9329092"><ele>10.0</ele><time>2023-09-12T22:42:51Z</time></trkpt>
      <trkpt lat="22.5338405" lon="113.9329187"><ele>10.1</ele><time>2023-09-12T22:42:52Z</time></trkpt>
      <trkpt lat="22.5338570" lon="113.9329287"><ele>10.2</ele><time>2023-09-12T22:42:53Z</time></trkpt>
      <trkpt lat="22.5338732" lon="113.9329390"><ele>10.3</ele><time>2023-09-12T22:42:54Z</time></trkpt>
      <trkpt lat="22.5338889" lon="113.9329501"><ele>10.4</ele><time>2023-09-12T22:42:56Z</time></trkpt>
      <trkpt lat="22.5339044" lon="113.9329621"><ele>10.5</ele><time>2023-09-12T22:42:57Z</time></trkpt>
      <trkpt lat="22.5339200" lon="113.9329740"><ele>10.7</ele><time>2023-09-12T22:42:58Z</time></trkpt>
      <trkpt lat="22.5339353" lon="113.9329861"><ele>10.8</ele><time>2023-09-12T22:42:59Z</time></trkpt>
      <trkpt lat="22.5339503" lon="113.9329984"><ele>10.9</ele><time>2023-09-12T22:43:00Z</time></trkpt>
      <trkpt lat="22.5339651" lon="113.9330105"><ele>11.0</ele><time>2023-09-12T22:43:01Z</time></trkpt>
      <trkpt lat="22.5339802" lon="113.9330220"><ele>11.1</ele><time>2023-09-12T22:43:02Z</time></trkpt>
      <trkpt lat="22.5339956" lon="113.9330331"><ele>11.2</ele><time>2023-09-12T22:43:03Z</time></trkpt>
      <trkpt lat="22.5340107" lon="113.9330441"><ele>11.2</ele><time>2023-09-12T22:43:04Z</time></trkpt>
      <trkpt lat="22.5340259" lon="113.9330550"><ele>11.3</ele><time>2023-09-12T22:43:05Z</time></trkpt>
      <trkpt lat="22.5340415" lon="113.9330655"><ele>11.4</ele><time>2023-09-12T22:43:06Z</time></trkpt>
      <trkpt lat="22.5340568" lon="113.9330758"><ele>11.5</ele><time>2023-09-12T22:43:07Z</time></trkpt>
      <trkpt lat="22.5340714" lon="113.9330870"><ele>11.5</ele><time>2023-09-12T22:43:08Z</time></trkpt>
      <trkpt lat="22.5340860" lon="113.9330985"><ele>11.6</ele><time>2023-09-12T22:43:09Z</time></trkpt>
      <trkpt lat="22.5341006" lon="113.9331092"><ele>11.7</ele><time>2023-09-12T22:43:10Z</time></trkpt>
      <trkpt lat="22.5341156" lon="113.9331192"><ele>11.7</ele><time>2023-09-12T22:43:11Z</time></trkpt>
      <trkpt lat="22.5341309" lon="113.9331291"><ele>11.8</ele><time>2023-09-12T22:43:12Z</time></trkpt>
      <trkpt lat="22.5341462" lon="113.9331391"><ele>11.8</ele><time>2023-09-12T22:43:13Z</time></trkpt>
      <trkpt lat="22.5341618" lon="113.9331492"><ele>11.8</ele><time>2023-09-12T22:43:14Z</time></trkpt>
      <trkpt lat="22.5341774" lon="113.9331593"><ele>11.9</ele><time>2023-09-12T22:43:15Z</time></trkpt>
      <trkpt lat="22.5341933" lon="113.9331690"><ele>11.9</ele><time>2023-09-12T22:43:16Z</time></trkpt>
      <trkpt lat="22.5342091" lon="113.9331787"><ele>11.9</ele><time>2023-09-12T22:43:17Z</time></trkpt>
      <trkpt lat="22.5342246" lon="113.9331892"><ele>12.0</ele><time>2023-09-12T22:43:18Z</time></trkpt>
      <trkpt lat="22.5342401" lon="113.9331999"><ele>12.0</ele><time>2023-09-12T22:43:19Z</time></trkpt>
      <trkpt lat="22.5342555" lon="113.9332107"><ele>12.0</ele><time>2023-09-12T22:43:20Z</time></trkpt>
      <trkpt lat="22.5342711" lon="113.9332213"><ele>12.1</ele><time>2023-09-12T22:43:21Z</time></trkpt>
      <trkpt lat="22.5342870" lon="113.9332315"><ele>12.1</ele><time>2023-09-12T22:43:22Z</time></trkpt>
      <trkpt lat="22.5343022" lon="113.9332426"><ele>12.1</ele><time>2023-09-12T22:43:23Z</time></trkpt>
      <trkpt lat="22.5343162" lon="113.9332550"><ele>12.1</ele><time>2023-09-12T22:43:24Z</time></trkpt>
      <trkpt lat="22.5343300" lon="113.9332675"><ele>12.1</ele><time>2023-09-12T22:43:25Z</time></trkpt>
      <trkpt lat="22.5343440" lon="113.9332799"><ele>12.2</ele><time>2023-09-12T22:43:26Z</time></trkpt>
      <trkpt lat="22.5343577" lon="113.9332927"><ele>12.2</ele><time>2023-09-12T22:43:27Z</time></trkpt>
      <trkpt lat="22.5343715" lon="113.9333052"><ele>12.2</ele><time>2023-09-12T22:43:28Z</time></trkpt>
      <trkpt lat="22.5343860" lon="113.9333166"><ele>12.2</ele><time>2023-09-12T22:43:29Z</time></trkpt>
      <trkpt lat="22.5344009" lon="113.9333275"><ele>12.2</ele><time>2023-09-12T22:43:30Z</time></trkpt>
      <trkpt lat="22.5344156" lon="113.9333387"><ele>12.2</ele><time>2023-09-12T22:43:31Z</time></trkpt>
      <trkpt lat="22.5344302" lon="113.9333498"><ele>12.3</ele><time>2023-09-12T22:43:32Z</time></trkpt>
      <trkpt lat="22.5344448" lon="113.9333610"><ele>12.3</ele><time>2023-09-12T22:43:33Z</time></trkpt>
      <trkpt lat="22.5344590" lon="113.9333725"><ele>12.3</ele><time>2023-09-12T22:43:34Z</time></trkpt>
      <trkpt lat="22.5344726" lon="113.9333846"><ele>12.3</ele><time>2023-09-12T22:43:35Z</time></trkpt>
      <trkpt lat="22.5344857" lon="113.9333976"><ele>12.3</ele><time>2023-09-12T22:43:36Z</time></trkpt>
      <trkpt lat="22.5344981" lon="113.9334115"><ele>12.3</ele><time>2023-09-12T22:43:37Z</time></trkpt>
      <trkpt lat="22.5345104" lon="113.9334252"><ele>12.3</ele><time>2023-09-12T22:43:38Z</time></trkpt>
      <trkpt lat="22.5345233" lon="113.9334380"><ele>12.3</ele><time>2023-09-12T22:43:39Z</time></trkpt>
      <trkpt lat="22.5345367" lon="113.9334503"><ele>12.4</ele><time>2023-09-12T22:43:40Z</time></trkpt>
      <trkpt lat="22.5345501" lon="113.9334625"><ele>12.4</ele><time>2023-09-12T22:43:41Z</time></trkpt>
      <trkpt lat="22.5345636" lon="113.9334749"><ele>12.4</ele><time>2023-09-12T22:43:42Z</time></trkpt>
      <trkpt lat="22.5345771" lon="113.9334873"><ele>12.4</ele><time>2023-09-12T22:43:43Z</time></trkpt>
      <trkpt lat="22.5345908" lon="113.9334993"><ele>12.4</ele><time>2023-09-12T22:43:44Z</time></trkpt>
      <trkpt lat="22.5346043" lon="113.9335110"><ele>12.5</ele><time>2023-09-12T22:43:45Z</time></trkpt>
      <trkpt lat="22.5346172" lon="113.9335231"><ele>12.5</ele><time>2023-09-12T22:43:46Z</time></trkpt>
      <trkpt lat="22.5346304" lon="113.9335350"><ele>12.5</ele><time>2023-09-12T22:43:47Z</time></trkpt>
      <trkpt lat="22.5346445" lon="113.9335462"><ele>12.5</ele><time>2023-09-12T22:43:48Z</time></trkpt>
      <trkpt lat="22.5346585" lon="113.9335575"><ele>12.6</ele><time>2023-09-12T22:43:49Z</time></trkpt>
      <trkpt lat="22.5346724" lon="113.9335690"><ele>12.6</ele><time>2023-09-12T22:43:50Z</time></trkpt>
      <trkpt lat="22.5346865" lon="113.9335803"><ele>12.7</ele><time>2023-09-12T22:43:51Z</time></trkpt>
      <trkpt lat="22.5347001" lon="113.9335922"><ele>12.7</ele><time>2023-09-12T22:43:52Z</time></trkpt>
      <trkpt lat="22.5347126" lon="113.9336053"><ele>12.8</ele><time>2023-09-12T22:43:53Z</time></trkpt>
      <trkpt lat="22.5347243" lon="113.9336194"><ele>12.8</ele><time>2023-09-12T22:43:54Z</time></trkpt>
      <trkpt lat="22.5347358" lon="113.9336339"><ele>12.9</ele><time>2023-09-12T22:43:55Z</time></trkpt>
      <trkpt lat="22.5347469" lon="113.9336485"><ele>13.0</ele><time>2023-09-12T22:43:56Z</time></trkpt>
      <trkpt lat="22.5347584" lon="113.9336627"><ele>13.1</ele><time>2023-09-12T22:43:57Z</time></trkpt>
      <trkpt lat="22.5347706" lon="113.9336765"><ele>13.1</ele><time>2023-09-12T22:43:58Z</time></trkpt>
      <trkpt lat="22.5347832" lon="113.9336899"><ele>13.2</ele><time>2023-09-12T22:43:59Z</time></trkpt>
      <trkpt lat="22.5347961" lon="113.9337030"><ele>13.3</ele><time>2023-09-12T22:44:00Z</time></trkpt>
      <trkpt lat="22.5348087" lon="113.9337164"><ele>13.4</ele><time>2023-09-12T22:44:01Z</time></trkpt>
      <trkpt lat="22.5348206" lon="113.9337303"><ele>13.5</ele><time>2023-09-12T22:44:02Z</time></trkpt>
      <trkpt lat="22.5348327" lon="113.9337440"><ele>13.6</ele><time>2023-09-12T22:44:03Z</time></trkpt>
      <trkpt lat="22.5348450" lon="113.9337575"><ele>13.7</ele><time>2023-09-12T22:44:04Z</time></trkpt>
      <trkpt lat="22.5348566" lon="113.9337713"><ele>13.8</ele><time>2023-09-12T22:44:05Z</time></trkpt>
      <trkpt lat="22.5348673" lon="113.9337858"><ele>13.9</ele><time>2023-09-12T22:44:06Z</time></trkpt>
      <trkpt lat="22.5348783" lon="113.9338001"><ele>14.0</ele><time>2023-09-12T22:44:07Z</time></trkpt>
      <trkpt lat="22.5348906" lon="113.9338144"><ele>14.1</ele><time>2023-09-12T22:44:08Z</time></trkpt>
      <trkpt lat="22.5349051" lon="113.9338287"><ele>14.2</ele><time>2023-09-12T22:44:09Z</time></trkpt>
      <trkpt lat="22.5349218" lon="113.9338427"><ele>14.3</ele><time>2023-09-12T22:44:10Z</time></trkpt>
      <trkpt lat="22.5349376" lon="113.9338559"><ele>14.4</ele><time>2023-09-12T22:44:11Z</time></trkpt>
      <trkpt lat="22.5349525" lon="113.9338674"><ele>14.5</ele><time>2023-09-12T22:44:12Z</time></trkpt>
      <trkpt lat="22.5349673" lon="113.9338782"><ele>14.6</ele><time>2023-09-12T22:44:13Z</time></trkpt>
      <trkpt lat="22.5349820" lon="113.9338889"><ele>14.7</ele><time>2023-09-12T22:44:14Z</time></trkpt>
      <trkpt lat="22.5349965" lon="113.9338996"><ele>14.8</ele><time>2023-09-12T22:44:15Z</time></trkpt>
      <trkpt lat="22.5350114" lon="113.9339105"><ele>14.9</ele><time>2023-09-12T22:44:16Z</time></trkpt>
      <trkpt lat="22.5350271" lon="113.9339211"><ele>14.9</ele><time>2023-09-12T22:44:17Z</time></trkpt>
      <trkpt lat="22.5350432" lon="113.9339314"><ele>15.0</ele><time>2023-09-12T22:44:18Z</time></trkpt>
      <trkpt lat="22.5350594" lon="113.9339415"><ele>15.1</ele><time>2023-09-12T22:44:19Z</time></trkpt>
      <trkpt lat="22.5350756" lon="113.9339517"><ele>15.2</ele><time>2023-09-12T22:44:20Z</time></trkpt>
      <trkpt lat="22.5350919" lon="113.9339618"><ele>15.3</ele><time>2023-09-12T22:44:21Z</time></trkpt>
      <trkpt lat="22.5351082" lon="113.9339722"><ele>15.3</ele><time>2023-09-12T22:44:22Z</time></trkpt>
      <trkpt lat="22.5351240" lon="113.9339829"><ele>15.4</ele><time>2023-09-12T22:44:23Z</time></trkpt>
      <trkpt lat="22.5351394" lon="113.9339937"><ele>15.5</ele><time>2023-09-12T22:44:24Z</time></trkpt>
      <trkpt lat="22.5351549" lon="113.9340049"><ele>15.5</ele><time>2023-09-12T22:44:25Z</time></trkpt>
      <trkpt lat="22.5351705" lon="113.9340159"><ele>15.6</ele><time>2023-09-12T22:44:26Z</time></trkpt>
      <trkpt lat="22.5351860" lon="113.9340269"><ele>15.6</ele><time>2023-09-12T22:44:27Z</time></trkpt>
      <trkpt lat="22.5352014" lon="113.9340376"><ele>15.7</ele><time>2023-09-12T22:44:28Z</time></trkpt>
      <trkpt lat="22.5352170" lon="113.9340477"><ele>15.7</ele><time>2023-09-12T22:44:29Z</time></trkpt>
      <trkpt lat="22.5352329" lon="113.9340571"><ele>15.8</ele><time>2023-09-12T22:44:30Z</time></trkpt>
      <trkpt lat="22.5352497" lon="113.9340660"><ele>15.8</ele><time>2023-09-12T22:44:31Z</time></trkpt>
      <trkpt lat="22.5352664" lon="113.9340749"><ele>15.9</ele><time>2023-09-12T22:44:32Z</time></trkpt>
      <trkpt lat="22.5352825" lon="113.9340847"><ele>15.9</ele><time>2023-09-12T22:44:33Z</time></trkpt>
      <trkpt lat="22.5352984" lon="113.9340946"><ele>15.9</ele><time>2023-09-12T22:44:34Z</time></trkpt>
      <trkpt lat="22.5353145" lon="113.9341045"><ele>16.0</ele><time>2023-09-12T22:44:35Z</time></trkpt>
      <trkpt lat="22.5353300" lon="113.9341151"><ele>16.0</ele><time>2023-09-12T22:44:36Z</time></trkpt>
      <trkpt lat="22.5353447" lon="113.9341265"><ele>16.0</ele><time>2023-09-12T22:44:37Z</time></trkpt>
      <trkpt lat="22.5353595" lon="113.9341378"><ele>16.1</ele><time>2023-09-12T22:44:38Z</time></trkpt>
      <trkpt lat="22.5353737" lon="113.9341487"><ele>16.1</ele><time>2023-09-12T22:44:39Z</time></trkpt>
      <trkpt lat="22.5353877" lon="113.9341593"><ele>16.2</ele><time>2023-09-12T22:44:40Z</time></trkpt>
      <trkpt lat="22.5354014" lon="113.9341701"><ele>16.2</ele><time>2023-09-12T22:44:41Z</time></trkpt>
      <trkpt lat="22.5354153" lon="113.9341813"><ele>16.2</ele><time>2023-09-12T22:44:42Z</time></trkpt>
      <trkpt lat="22.5354304" lon="113.9341921"><ele>16.2</ele><time>2023-09-12T22:44:43Z</time></trkpt>
      <trkpt lat="22.5354462" lon="113.9342029"><ele>16.3</ele><time>2023-09-12T22:44:44Z</time></trkpt>
      <trkpt lat="22.5354625" lon="113.9342130"><ele>16.3</ele><time>2023-09-12T22:44:45Z</time></trkpt>
      <trkpt lat="22.5354787" lon="113.9342228"><ele>16.3</ele><time>2023-09-12T22:44:46Z</time></trkpt>
      <trkpt lat="22.5354951" lon="113.9342323"><ele>16.4</ele><time>2023-09-12T22:44:47Z</time></trkpt>
      <trkpt lat="22.5355119" lon="113.9342410"><ele>16.4</ele><time>2023-09-12T22:44:48Z</time></trkpt>
      <trkpt lat="22.5355285" lon="113.9342501"><ele>16.4</ele><time>2023-09-12T22:44:49Z</time></trkpt>
      <trkpt lat="22.5355452" lon="113.9342596"><ele>16.5</ele><time>2023-09-12T22:44:50Z</time></trkpt>
      <trkpt lat="22.5355623" lon="113.9342688"><ele>16.5</ele><time>2023-09-12T22:44:51Z</time></trkpt>
      <trkpt lat="22.5355793" lon="113.9342783"><ele>16.5</ele><time>2023-09-12T22:44:52Z</time></trkpt>
      <trkpt lat="22.5355954" lon="113.9342885"><ele>16.6</ele><time>2023-09-12T22:44:53Z</time></trkpt>
      <trkpt lat="22.5356105" lon="113.9342997"><ele>16.6</ele><time>2023-09-12T22:44:54Z</time></trkpt>
      <trkpt lat="22.5356252" lon="113.9343119"><ele>16.6</ele><time>2023-09-12T22:44:55Z</time></trkpt>
      <trkpt lat="22.5356397" lon="113.9343248"><ele>16.7</ele><time>2023-09-12T22:44:56Z</time></trkpt>
      <trkpt lat="22.5356542" lon="113.9343377"><ele>16.7</ele><time>2023-09-12T22:44:57Z</time></trkpt>
      <trkpt lat="22.5356689" lon="113.9343501"><ele>16.7</ele><time>2023-09-12T22:44:58Z</time></trkpt>
      <trkpt lat="22.5356842" lon="113.9343625"><ele>16.8</ele><time>2023-09-12T22:44:59Z</time></trkpt>
      <trkpt lat="22.5357002" lon="113.9343739"><ele>16.8</ele><time>2023-09-12T22:45:00Z</time></trkpt>
      <trkpt lat="22.5357165" lon="113.9343842"><ele>16.8</ele><time>2023-09-12T22:45:01Z</time></trkpt>
      <trkpt lat="22.5357332" lon="113.9343936"><ele>16.9</ele><time>2023-09-12T22:45:02Z</time></trkpt>
      <trkpt lat="22.5357499" lon="113.9344023"><ele>16.9</ele><time>2023-09-12T22:45:03Z</time></trkpt>
      <trkpt lat="22.5357658" lon="113.9344119"><ele>17.0</ele><time>2023-09-12T22:45:04Z</time></trkpt>
      <trkpt lat="22.5357816" lon="113.9344222"><ele>17.0</ele><time>2023-09-12T22:45:05Z</time></trkpt>
      <trkpt lat="22.5357981" lon="113.9344320"><ele>17.1</ele><time>2023-09-12T22:45:06Z</time></trkpt>
      <trkpt lat="22.5358149" lon="113.9344413"><ele>17.1</ele><time>2023-09-12T22:45:07Z</time></trkpt>
      <trkpt lat="22.5358315" lon="113.9344513"><ele>17.2</ele><time>2023-09-12T22:45:08Z</time></trkpt>
      <trkpt lat="22.5358480" lon="113.9344614"><ele>17.2</ele><time>2023-09-12T22:45:09Z</time></trkpt>
      <trkpt lat="22.5358644" lon="113.9344714"><ele>17.3</ele><time>2023-09-12T22:45:10Z</time></trkpt>
      <trkpt lat="22.5358811" lon="113.9344809"><ele>17.3</ele><time>2023-09-12T22:45:11Z</time></trkpt>
      <trkpt lat="22.5358987" lon="113.9344886"><ele>17.4</ele><time>2023-09-12T22:45:12Z</time></trkpt>
      <trkpt lat="22.5359171" lon="113.9344952"><ele>17.4</ele><time>2023-09-12T22:45:13Z</time></trkpt>
      <trkpt lat="22.5359361" lon="113.9345016"><ele>17.5</ele><time>2023-09-12T22:45:14Z</time></trkpt>
      <trkpt lat="22.5359545" lon="113.9345092"><ele>17.5</ele><time>2023-09-12T22:45:15Z</time></trkpt>
      <trkpt lat="22.5359726" lon="113.9345173"><ele>17.6</ele><time>2023-09-12T22:45:16Z</time></trkpt>
      <trkpt lat="22.5359907" lon="113.9345247"><ele>17.7</ele><time>2023-09-12T22:45:17Z</time></trkpt>
      <trkpt lat="22.5360086" lon="113.9345320"><ele>17.7</ele><time>2023-09-12T22:45:18Z</time></trkpt>
      <trkpt lat="22.5360263" lon="113.9345396"><ele>17.8</ele><time>2023-09-12T22:45:19Z</time></trkpt>
      <trkpt lat="22.5360436" lon="113.9345488"><ele>17.9</ele><time>2023-09-12T22:45:20Z</time></trkpt>
      <trkpt lat="22.5360603" lon="113.9345593"><ele>17.9</ele><time>2023-09-12T22:45:21Z</time></trkpt>
      <trkpt lat="22.5360763" lon="113.9345706"><ele>18.0</ele><time>2023-09-12T22:45:22Z</time></trkpt>
      <trkpt lat="22.5360921" lon="113.9345822"><ele>18.1</ele><time>2023-09-12T22:45:23Z</time></trkpt>
      <trkpt lat="22.5361078" lon="113.9345940"><ele>18.1</ele><time>2023-09-12T22:45:24Z</time></trkpt>
      <trkpt lat="22.5361230" lon="113.9346065"><ele>18.2</ele><time>2023-09-12T22:45:25Z</time></trkpt>
      <trkpt lat="22.5361376" lon="113.9346196"><ele>18.3</ele><time>2023-09-12T22:45:26Z</time></trkpt>
      <trkpt lat="22.5361515" lon="113.9346337"><ele>18.3</ele><time>2023-09-12T22:45:27Z</time></trkpt>
      <trkpt lat="22.5361650" lon="113.9346480"><ele>18.4</ele><time>2023-09-12T22:45:28Z</time></trkpt>
      <trkpt lat="22.5361787" lon="113.9346619"><ele>18.5</ele><time>2023-09-12T22:45:29Z</time></trkpt>
      <trkpt lat="22.5361930" lon="113.9346751"><ele>18.5</ele><time>2023-09-12T22:45:30Z</time></trkpt>
      <trkpt lat="22.5362085" lon="113.9346872"><ele>18.6</ele><time>2023-09-12T22:45:31Z</time></trkpt>
      <trkpt lat="22.5362242" lon="113.9346991"><ele>18.6</ele><time>2023-09-12T22:45:32Z</time></trkpt>
      <trkpt lat="22.5362390" lon="113.9347112"><ele>18.7</ele><time>2023-09-12T22:45:33Z</time></trkpt>
      <trkpt lat="22.5362531" lon="113.9347230"><ele>18.7</ele><time>2023-09-12T22:45:34Z</time></trkpt>
      <trkpt lat="22.5362671" lon="113.9347346"><ele>18.8</ele><time>2023-09-12T22:45:35Z</time></trkpt>
      <trkpt lat="22.5362812" lon="113.9347469"><ele>18.8</ele><time>2023-09-12T22:45:36Z</time></trkpt>
      <trkpt lat="22.5362949" lon="113.9347596"><ele>18.8</ele><time>2023-09-12T22:45:37Z</time></trkpt>
      <trkpt lat="22.5363074" lon="113.9347722"><ele>18.9</ele><time>2023-09-12T22:45:38Z</time></trkpt>
      <trkpt lat="22.5363194" lon="113.9347847"><ele>18.9</ele><time>2023-09-12T22:45:39Z</time></trkpt>
      <trkpt lat="22.5363314" lon="113.9347968"><ele>18.9</ele><time>2023-09-12T22:45:40Z</time></trkpt>
      <trkpt lat="22.5363435" lon="113.9348084"><ele>18.9</ele><time>2023-09-12T22:45:41Z</time></trkpt>
      <trkpt lat="22.5363559" lon="113.9348206"><ele>18.9</ele><time>2023-09-12T22:45:42Z</time></trkpt>
      <trkpt lat="22.5363682" lon="113.9348341"><ele>18.9</ele><time>2023-09-12T22:45:43Z</time></trkpt>
      <trkpt lat="22.5363806" lon="113.9348475"><ele>18.9</ele><time>2023-09-12T22:45:44Z</time></trkpt>
      <trkpt lat="22.5363937" lon="113.9348596"><ele>18.9</ele><time>2023-09-12T22:45:45Z</time></trkpt>
      <trkpt lat="22.5364068" lon="113.9348708"><ele>18.9</ele><time>2023-09-12T22:45:46Z</time></trkpt>
      <trkpt lat="22.5364204" lon="113.9348819"><ele>18.8</ele><time>2023-09-12T22:45:47Z</time></trkpt>
      <trkpt lat="22.5364344" lon="113.9348939"><ele>18.8</ele><time>2023-09-12T22:45:48Z</time></trkpt>
      <trkpt lat="22.5364485" lon="113.9349068"><ele>18.8</ele><time>2023-09-12T22:45:49Z</time></trkpt>
      <trkpt lat="22.5364627" lon="113.9349187"><ele>18.7</ele><time>2023-09-12T22:45:50Z</time></trkpt>
      <trkpt lat="22.5364766" lon="113.9349305"><ele>18.6</ele><time>2023-09-12T22:45:51Z</time></trkpt>
      <trkpt lat="22.5364905" lon="113.9349428"><ele>18.6</ele><time>2023-09-12T22:45:52Z</time></trkpt>
      <trkpt lat="22.5365047" lon="113.9349554"><ele>18.5</ele><time>2023-09-12T22:45:53Z</time></trkpt>
      <trkpt lat="22.5365190" lon="113.9349687"><ele>18.4</ele><time>2023-09-12T22:45:54Z</time></trkpt>
      <trkpt lat="22.5365331" lon="113.9349823"><ele>18.3</ele><time>2023-09-12T22:45:55Z</time></trkpt>
      <trkpt lat="22.5365465" lon="113.9349968"><ele>18.2</ele><time>2023-09-12T22:45:56Z</time></trkpt>
      <trkpt lat="22.5365596" lon="113.9350118"><ele>18.1</ele><time>2023-09-12T22:45:57Z</time></trkpt>
      <trkpt lat="22.5365730" lon="113.9350261"><ele>18.0</ele><time>2023-09-12T22:45:58Z</time></trkpt>
      <trkpt lat="22.5365866" lon="113.9350398"><ele>17.9</ele><time>2023-09-12T22:45:59Z</time></trkpt>
      <trkpt lat="22.5365998" lon="113.9350535"><ele>17.8</ele><time>2023-09-12T22:46:00Z</time></trkpt>
      <trkpt lat="22.5366119" lon="113.9350674"><ele>17.7</ele><time>2023-09-12T22:46:01Z</time></trkpt>
      <trkpt lat="22.5366236" lon="113.9350822"><ele>17.5</ele><time>2023-09-12T22:46:02Z</time></trkpt>
      <trkpt lat="22.5366363" lon="113.9350968"><ele>17.4</ele><time>2023-09-12T22:46:03Z</time></trkpt>
      <trkpt lat="22.5366499" lon="113.9351095"><ele>17.3</ele><time>2023-09-12T22:46:04Z</time></trkpt>
      <trkpt lat="22.5366639" lon="113.9351210"><ele>17.1</ele><time>2023-09-12T22:46:05Z</time></trkpt>
      <trkpt lat="22.5366786" lon="113.9351328"><ele>17.0</ele><time>2023-09-12T22:46:06Z</time></trkpt>
      <trkpt lat="22.5366931" lon="113.9351453"><ele>16.8</ele><time>2023-09-12T22:46:07Z</time></trkpt>
      <trkpt lat="22.5367067" lon="113.9351588"><ele>16.6</ele><time>2023-09-12T22:46:08Z</time></trkpt>
      <trkpt lat="22.5367198" lon="113.9351731"><ele>16.5</ele><time>2023-09-12T22:46:09Z</time></trkpt>
      <trkpt lat="22.5367320" lon="113.9351869"><ele>16.3</ele><time>2023-09-12T22:46:10Z</time></trkpt>
      <trkpt lat="22.5367431" lon="113.9352003"><ele>16.1</ele><time>2023-09-12T22:46:11Z</time></trkpt>
      <trkpt lat="22.5367541" lon="113.9352144"><ele>16.0</ele><time>2023-09-12T22:46:12Z</time></trkpt>
      <trkpt lat="22.5367664" lon="113.9352289"><ele>15.8</ele><time>2023-09-12T22:46:13Z</time></trkpt>
      <trkpt lat="22.5367790" lon="113.9352432"><ele>15.7</ele><time>2023-09-12T22:46:14Z</time></trkpt>
      <trkpt lat="22.5367915" lon="113.9352577"><ele>15.5</ele><time>2023-09-12T22:46:15Z</time></trkpt>
      <trkpt lat="22.5368046" lon="113.9352720"><ele>15.4</ele><time>2023-09-12T22:46:16Z</time></trkpt>
      <trkpt lat="22.5368178" lon="113.9352855"><ele>15.2</ele><time>2023-09-12T22:46:17Z</time></trkpt>
      <trkpt lat="22.5368311" lon="113.9352989"><ele>15.1</ele><time>2023-09-12T22:46:18Z</time></trkpt>
      <trkpt lat="22.5368446" lon="113.9353122"><ele>14.9</ele><time>2023-09-12T22:46:19Z</time></trkpt>
      <trkpt lat="22.5368584" lon="113.9353259"><ele>14.8</ele><time>2023-09-12T22:46:20Z</time></trkpt>
      <trkpt lat="22.5368721" lon="113.9353400"><ele>14.7</ele><time>2023-09-12T22:46:21Z</time></trkpt>
      <trkpt lat="22.5368855" lon="113.9353542"><ele>14.5</ele><time>2023-09-12T22:46:22Z</time></trkpt>
      <trkpt lat="22.5368986" lon="113.9353680"><ele>14.4</ele><time>2023-09-12T22:46:23Z</time></trkpt>
      <trkpt lat="22.5369121" lon="113.9353808"><ele>14.3</ele><time>2023-09-12T22:46:24Z</time></trkpt>
      <trkpt lat="22.5369256" lon="113.9353936"><ele>14.2</ele><time>2023-09-12T22:46:25Z</time></trkpt>
      <trkpt lat="22.5369385" lon="113.9354069"><ele>14.1</ele><time>2023-09-12T22:46:26Z</time></trkpt>
      <trkpt lat="22.5369513" lon="113.9354205"><ele>14.0</ele><time>2023-09-12T22:46:27Z</time></trkpt>
      <trkpt lat="22.5369644" lon="113.9354339"><ele>13.9</ele><time>2023-09-12T22:46:28Z</time></trkpt>
      <trkpt lat="22.5369774" lon="113.9354473"><ele>13.9</ele><time>2023-09-12T22:46:29Z</time></trkpt>
      <trkpt lat="22.5369909" lon="113.9354601"><ele>13.8</ele><time>2023-09-12T22:46:30Z</time></trkpt>
      <trkpt lat="22.5370051" lon="113.9354723"><ele>13.7</ele><time>2023-09-12T22:46:31Z</time></trkpt>
      <trkpt lat="22.5370192" lon="113.9354843"><ele>13.7</ele><time>2023-09-12T22:46:32Z</time></trkpt>
      <trkpt lat="22.5370338" lon="113.9354959"><ele>13.6</ele><time>2023-09-12T22:46:33Z</time></trkpt>
      <trkpt lat="22.5370488" lon="113.9355069"><ele>13.6</ele><time>2023-09-12T22:46:34Z</time></trkpt>
      <trkpt lat="22.5370634" lon="113.9355181"><ele>13.5</ele><time>2023-09-12T22:46:35Z</time></trkpt>
      <trkpt lat="22.5370773" lon="113.9355294"><ele>13.5</ele><time>2023-09-12T22:46:36Z</time></trkpt>
      <trkpt lat="22.5370916" lon="113.9355402"><ele>13.5</ele><time>2023-09-12T22:46:37Z</time></trkpt>
      <trkpt lat="22.5371058" lon="113.9355504"><ele>13.5</ele><time>2023-09-12T22:46:38Z</time></trkpt>
      <trkpt lat="22.5371201" lon="113.9355604"><ele>13.5</ele><time>2023-09-12T22:46:39Z</time></trkpt>
      <trkpt lat="22.5371350" lon="113.9355705"><ele>13.5</ele><time>2023-09-12T22:46:40Z</time></trkpt>
      <trkpt lat="22.5371505" lon="113.9355802"><ele>13.5</ele><time>2023-09-12T22:46:41Z</time></trkpt>
      <trkpt lat="22.5371664" lon="113.9355888"><ele>13.5</ele><time>2023-09-12T22:46:42Z</time></trkpt>
      <trkpt lat="22.5371824" lon="113.9355965"><ele>13.6</ele><time>2023-09-12T22:46:43Z</time></trkpt>
      <trkpt lat="22.5371990" lon="113.9356036"><ele>13.6</ele><time>2023-09-12T22:46:44Z</time></trkpt>
      <trkpt lat="22.5372160" lon="113.9356106"><ele>13.7</ele><time>2023-09-12T22:46:45Z</time></trkpt>
      <trkpt lat="22.5372333" lon="113.9356174"><ele>13.7</ele><time>2023-09-12T22:46:46Z</time></trkpt>
      <trkpt lat="22.5372512" lon="113.9356233"><ele>13.8</ele><time>2023-09-12T22:46:47Z</time></trkpt>
      <trkpt lat="22.5372697" lon="113.9356284"><ele>13.9</ele><time>2023-09-12T22:46:48Z</time></trkpt>
      <trkpt lat="22.5372885" lon="113.9356326"><ele>13.9</ele><time>2023-09-12T22:46:49Z</time></trkpt>
      <trkpt lat="22.5373080" lon="113.9356354"><ele>14.0</ele><time>2023-09-12T22:46:50Z</time></trkpt>
      <trkpt lat="22.5373272" lon="113.9356380"><ele>14.1</ele><time>2023-09-12T22:46:51Z</time></trkpt>
      <trkpt lat="22.5373455" lon="113.9356413"><ele>14.2</ele><time>2023-09-12T22:46:52Z</time></trkpt>
      <trkpt lat="22.5373634" lon="113.9356459"><ele>14.3</ele><time>2023-09-12T22:46:53Z</time></trkpt>
      <trkpt lat="22.5373809" lon="113.9356509"><ele>14.5</ele><time>2023-09-12T22:46:54Z</time></trkpt>
      <trkpt lat="22.5373984" lon="113.9356555"><ele>14.6</ele><time>2023-09-12T22:46:55Z</time></trkpt>
      <trkpt lat="22.5374157" lon="113.9356599"><ele>14.7</ele><time>2023-09-12T22:46:56Z</time></trkpt>
      <trkpt lat="22.5374331" lon="113.9356639"><ele>14.8</ele><time>2023-09-12T22:46:57Z</time></trkpt>
      <trkpt lat="22.5374505" lon="113.9356680"><ele>15.0</ele><time>2023-09-12T22:46:58Z</time></trkpt>
      <trkpt lat="22.5374677" lon="113.9356718"><ele>15.1</ele><time>2023-09-12T22:46:59Z</time></trkpt>
      <trkpt lat="22.5374850" lon="113.9356747"><ele>15.2</ele><time>2023-09-12T22:47:00Z</time></trkpt>
      <trkpt lat="22.5375022" lon="113.9356777"><ele>15.4</ele><time>2023-09-12T22:47:01Z</time></trkpt>
      <trkpt lat="22.5375189" lon="113.9356810"><ele>15.5</ele><time>2023-09-12T22:47:02Z</time></trkpt>
      <trkpt lat="22.5375352" lon="113.9356844"><ele>15.7</ele><time>2023-09-12T22:47:03Z</time></trkpt>
      <trkpt lat="22.5375511" lon="113.9356879"><ele>15.8</ele><time>2023-09-12T22:47:04Z</time></trkpt>
      <trkpt lat="22.5375670" lon="113.9356905"><ele>16.0</ele><time>2023-09-12T22:47:05Z</time></trkpt>
      <trkpt lat="22.5375829" lon="113.9356912"><ele>16.1</ele><time>2023-09-12T22:47:06Z</time></trkpt>
      <trkpt lat="22.5375991" lon="113.9356903"><ele>16.3</ele><time>2023-09-12T22:47:07Z</time></trkpt>
      <trkpt lat="22.5376150" lon="113.9356879"><ele>16.4</ele><time>2023-09-12T22:47:08Z</time></trkpt>
      <trkpt lat="22.5376307" lon="113.9356852"><ele>16.6</ele><time>2023-09-12T22:47:09Z</time></trkpt>
      <trkpt lat="22.5376464" lon="113.9356824"><ele>16.8</ele><time>2023-09-12T22:47:10Z</time></trkpt>
      <trkpt lat="22.5376619" lon="113.9356775"><ele>16.9</ele><time>2023-09-12T22:47:11Z</time></trkpt>
      <trkpt lat="22.5376766" lon="113.9356692"><ele>17.1</ele><time>2023-09-12T22:47:12Z</time></trkpt>
      <trkpt lat="22.5376903" lon="113.9356590"><ele>17.3</ele><time>2023-09-12T22:47:13Z</time></trkpt>
      <trkpt lat="22.5377035" lon="113.9356477"><ele>17.5</ele><time>2023-09-12T22:47:14Z</time></trkpt>
      <trkpt lat="22.5377164" lon="113.9356357"><ele>17.6</ele><time>2023-09-12T22:47:15Z</time></trkpt>
      <trkpt lat="22.5377290" lon="113.9356225"><ele>17.8</ele><time>2023-09-12T22:47:16Z</time></trkpt>
      <trkpt lat="22.5377414" lon="113.9356078"><ele>18.0</ele><time>2023-09-12T22:47:17Z</time></trkpt>
      <trkpt lat="22.5377531" lon="113.9355921"><ele>18.2</ele><time>2023-09-12T22:47:18Z</time></trkpt>
      <trkpt lat="22.5377637" lon="113.9355752"><ele>18.3</ele><time>2023-09-12T22:47:19Z</time></trkpt>
      <trkpt lat="22.5377732" lon="113.9355577"><ele>18.5</ele><time>2023-09-12T22:47:20Z</time></trkpt>
      <trkpt lat="22.5377820" lon="113.9355403"><ele>18.7</ele><time>2023-09-12T22:47:21Z</time></trkpt>
      <trkpt lat="22.5377906" lon="113.9355229"><ele>18.9</ele><time>2023-09-12T22:47:22Z</time></trkpt>
      <trkpt lat="22.5377994" lon="113.9355052"><ele>19.0</ele><time>2023-09-12T22:47:23Z</time></trkpt>
      <trkpt lat="22.5378086" lon="113.9354885"><ele>19.2</ele><time>2023-09-12T22:47:24Z</time></trkpt>
      <trkpt lat="22.5378177" lon="113.9354721"><ele>19.3</ele><time>2023-09-12T22:47:25Z</time></trkpt>
      <trkpt lat="22.5378266" lon="113.9354554"><ele>19.5</ele><time>2023-09-12T22:47:26Z</time></trkpt>
      <trkpt lat="22.5378359" lon="113.9354386"><ele>19.6</ele><time>2023-09-12T22:47:27Z</time></trkpt>
      <trkpt lat="22.5378452" lon="113.9354217"><ele>19.7</ele><time>2023-09-12T22:47:28Z</time></trkpt>
      <trkpt lat="22.5378553" lon="113.9354056"><ele>19.9</ele><time>2023-09-12T22:47:29Z</time></trkpt>
      <trkpt lat="22.5378659" lon="113.9353906"><ele>20.0</ele><time>2023-09-12T22:47:30Z</time></trkpt>
      <trkpt lat="22.5378764" lon="113.9353759"><ele>20.1</ele><time>2023-09-12T22:47:31Z</time></trkpt>
      <trkpt lat="22.5378871" lon="113.9353615"><ele>20.2</ele><time>2023-09-12T22:47:32Z</time></trkpt>
      <trkpt lat="22.5378986" lon="113.9353483"><ele>20.3</ele><time>2023-09-12T22:47:33Z</time></trkpt>
      <trkpt lat="22.5379103" lon="113.9353358"><ele>20.4</ele><time>2023-09-12T22:47:34Z</time></trkpt>
      <trkpt lat="22.5379220" lon="113.9353232"><ele>20.5</ele><time>2023-09-12T22:47:35Z</time></trkpt>
      <trkpt lat="22.5379336" lon="113.9353099"><ele>20.5</ele><time>2023-09-12T22:47:36Z</time></trkpt>
      <trkpt lat="22.5379454" lon="113.9352962"><ele>20.6</ele><time>2023-09-12T22:47:37Z</time></trkpt>
      <trkpt lat="22.5379571" lon="113.9352821"><ele>20.7</ele><time>2023-09-12T22:47:38Z</time></trkpt>
      <trkpt lat="22.5379686" lon="113.9352681"><ele>20.7</ele><time>2023-09-12T22:47:39Z</time></trkpt>
      <trkpt lat="22.5379801" lon="113.9352546"><ele>20.8</ele><time>2023-09-12T22:47:40Z</time></trkpt>
      <trkpt lat="22.5379912" lon="113.9352409"><ele>20.8</ele><time>2023-09-12T22:47:41Z</time></trkpt>
      <trkpt lat="22.5380019" lon="113.9352276"><ele>20.8</ele><time>2023-09-12T22:47:42Z</time></trkpt>
      <trkpt lat="22.5380127" lon="113.9352148"><ele>20.9</ele><time>2023-09-12T22:47:43Z</time></trkpt>
      <trkpt lat="22.5380236" lon="113.9352018"><ele>20.9</ele><time>2023-09-12T22:47:44Z</time></trkpt>
      <trkpt lat="22.5380346" lon="113.9351891"><ele>20.9</ele><time>2023-09-12T22:47:45Z</time></trkpt>
      <trkpt lat="22.5380453" lon="113.9351761"><ele>20.9</ele><time>2023-09-12T22:47:46Z</time></trkpt>
      <trkpt lat="22.5380554" lon="113.9351631"><ele>20.9</ele><time>2023-09-12T22:47:47Z</time></trkpt>
      <trkpt lat="22.5380660" lon="113.9351502"><ele>20.9</ele><time>2023-09-12T22:47:48Z</time></trkpt>
      <trkpt lat="22.5380770" lon="113.9351373"><ele>20.9</ele><time>2023-09-12T22:47:49Z</time></trkpt>
      <trkpt lat="22.5380875" lon="113.9351241"><ele>20.9</ele><time>2023-09-12T22:47:50Z</time></trkpt>
      <trkpt lat="22.5380980" lon="113.9351110"><ele>20.9</ele><time>2023-09-12T22:47:51Z</time></trkpt>
      <trkpt lat="22.5381096" lon="113.9350982"><ele>20.8</ele><time>2023-09-12T22:47:52Z</time></trkpt>
      <trkpt lat="22.5381221" lon="113.9350862"><ele>20.8</ele><time>2023-09-12T22:47:53Z</time></trkpt>
      <trkpt lat="22.5381353" lon="113.9350748"><ele>20.8</ele><time>2023-09-12T22:47:54Z</time></trkpt>
      <trkpt lat="22.5381486" lon="113.9350638"><ele>20.7</ele><time>2023-09-12T22:47:55Z</time></trkpt>
      <trkpt lat="22.5381621" lon="113.9350538"><ele>20.7</ele><time>2023-09-12T22:47:56Z</time></trkpt>
      <trkpt lat="22.5381759" lon="113.9350445"><ele>20.7</ele><time>2023-09-12T22:47:57Z</time></trkpt>
      <trkpt lat="22.5381907" lon="113.9350359"><ele>20.6</ele><time>2023-09-12T22:47:58Z</time></trkpt>
      <trkpt lat="22.5382068" lon="113.9350288"><ele>20.6</ele><time>2023-09-12T22:47:59Z</time></trkpt>
      <trkpt lat="22.5382241" lon="113.9350239"><ele>20.5</ele><time>2023-09-12T22:48:00Z</time></trkpt>
      <trkpt lat="22.5382428" lon="113.9350239"><ele>20.4</ele><time>2023-09-12T22:48:01Z</time></trkpt>
      <trkpt lat="22.5382618" lon="113.9350297"><ele>20.4</ele><time>2023-09-12T22:48:02Z</time></trkpt>
      <trkpt lat="22.5382800" lon="113.9350386"><ele>20.3</ele><time>2023-09-12T22:48:03Z</time></trkpt>
      <trkpt lat="22.5382969" lon="113.9350491"><ele>20.3</ele><time>2023-09-12T22:48:04Z</time></trkpt>
      <trkpt lat="22.5383126" lon="113.9350613"><ele>20.2</ele><time>2023-09-12T22:48:05Z</time></trkpt>
      <trkpt lat="22.5383273" lon="113.9350754"><ele>20.1</ele><time>2023-09-12T22:48:06Z</time></trkpt>
      <trkpt lat="22.5383414" lon="113.9350902"><ele>20.1</ele><time>2023-09-12T22:48:07Z</time></trkpt>
      <trkpt lat="22.5383562" lon="113.9351039"><ele>20.0</ele><time>2023-09-12T22:48:08Z</time></trkpt>
      <trkpt lat="22.5383732" lon="113.9351139"><ele>19.9</ele><time>2023-09-12T22:48:09Z</time></trkpt>
      <trkpt lat="22.5383922" lon="113.9351186"><ele>19.8</ele><time>2023-09-12T22:48:10Z</time></trkpt>
      <trkpt lat="22.5384115" lon="113.9351182"><ele>19.8</ele><time>2023-09-12T22:48:11Z</time></trkpt>
      <trkpt lat="22.5384310" lon="113.9351155"><ele>19.7</ele><time>2023-09-12T22:48:12Z</time></trkpt>
      <trkpt lat="22.5384503" lon="113.9351129"><ele>19.6</ele><time>2023-09-12T22:48:13Z</time></trkpt>
      <trkpt lat="22.5384692" lon="113.9351100"><ele>19.5</ele><time>2023-09-12T22:48:14Z</time></trkpt>
      <trkpt lat="22.5384877" lon="113.9351069"><ele>19.4</ele><time>2023-09-12T22:48:15Z</time></trkpt>
      <trkpt lat="22.5385058" lon="113.9351027"><ele>19.4</ele><time>2023-09-12T22:48:16Z</time></trkpt>
      <trkpt lat="22.5385234" lon="113.9350980"><ele>19.3</ele><time>2023-09-12T22:48:17Z</time></trkpt>
      <trkpt lat="22.5385408" lon="113.9350938"><ele>19.2</ele><time>2023-09-12T22:48:18Z</time></trkpt>
      <trkpt lat="22.5385583" lon="113.9350890"><ele>19.1</ele><time>2023-09-12T22:48:19Z</time></trkpt>
      <trkpt lat="22.5385757" lon="113.9350843"><ele>19.0</ele><time>2023-09-12T22:48:20Z</time></trkpt>
      <trkpt lat="22.5385935" lon="113.9350804"><ele>18.9</ele><time>2023-09-12T22:48:21Z</time></trkpt>
      <trkpt lat="22.5386109" lon="113.9350764"><ele>18.8</ele><time>2023-09-12T22:48:22Z</time></trkpt>
      <trkpt lat="22.5386282" lon="113.9350733"><ele>18.7</ele><time>2023-09-12T22:48:23Z</time></trkpt>
      <trkpt lat="22.5386458" lon="113.9350724"><ele>18.6</ele><time>2023-09-12T22:48:24Z</time></trkpt>
      <trkpt lat="22.5386638" lon="113.9350725"><ele>18.5</ele><time>2023-09-12T22:48:25Z</time></trkpt>
      <trkpt lat="22.5386820" lon="113.9350732"><ele>18.3</ele><time>2023-09-12T22:48:26Z</time></trkpt>
      <trkpt lat="22.5387003" lon="113.9350755"><ele>18.2</ele><time>2023-09-12T22:48:27Z</time></trkpt>
      <trkpt lat="22.5387185" lon="113.9350781"><ele>18.1</ele><time>2023-09-12T22:48:28Z</time></trkpt>
      <trkpt lat="22.5387362" lon="113.9350793"><ele>18.0</ele><time>2023-09-12T22:48:29Z</time></trkpt>
      <trkpt lat="22.5387535" lon="113.9350791"><ele>17.9</ele><time>2023-09-12T22:48:30Z</time></trkpt>
      <trkpt lat="22.5387701" lon="113.9350797"><ele>17.7</ele><time>2023-09-12T22:48:31Z</time></trkpt>
      <trkpt lat="22.5387855" lon="113.9350832"><ele>17.6</ele><time>2023-09-12T22:48:32Z</time></trkpt>
      <trkpt lat="22.5387987" lon="113.9350900"><ele>17.5</ele><time>2023-09-12T22:48:33Z</time></trkpt>
      <trkpt lat="22.5388091" lon="113.9351000"><ele>17.4</ele><time>2023-09-12T22:48:34Z</time></trkpt>
      <trkpt lat="22.5388162" lon="113.9351126"><ele>17.2</ele><time>2023-09-12T22:48:35Z</time></trkpt>
      <trkpt lat="22.5388207" lon="113.9351268"><ele>17.1</ele><time>2023-09-12T22:48:36Z</time></trkpt>
      <trkpt lat="22.5388238" lon="113.9351428"><ele>17.0</ele><time>2023-09-12T22:48:37Z</time></trkpt>
      <trkpt lat="22.5388251" lon="113.9351597"><ele>16.9</ele><time>2023-09-12T22:48:38Z</time></trkpt>
      <trkpt lat="22.5388253" lon="113.9351786"><ele>16.8</ele><time>2023-09-12T22:48:39Z</time></trkpt>
      <trkpt lat="22.5388254" lon="113.9352000"><ele>16.7</ele><time>2023-09-12T22:48:40Z</time></trkpt>
      <trkpt lat="22.5388260" lon="113.9352217"><ele>16.5</ele><time>2023-09-12T22:48:41Z</time></trkpt>
      <trkpt lat="22.5388261" lon="113.9352428"><ele>16.4</ele><time>2023-09-12T22:48:42Z</time></trkpt>
      <trkpt lat="22.5388250" lon="113.9352634"><ele>16.3</ele><time>2023-09-12T22:48:43Z</time></trkpt>
      <trkpt lat="22.5388246" lon="113.9352840"><ele>16.3</ele><time>2023-09-12T22:48:44Z</time></trkpt>
      <trkpt lat="22.5388259" lon="113.9353048"><ele>16.2</ele><time>2023-09-12T22:48:45Z</time></trkpt>
      <trkpt lat="22.5388266" lon="113.9353255"><ele>16.1</ele><time>2023-09-12T22:48:46Z</time></trkpt>
      <trkpt lat="22.5388238" lon="113.9353457"><ele>16.0</ele><time>2023-09-12T22:48:47Z</time></trkpt>
      <trkpt lat="22.5388171" lon="113.9353648"><ele>15.9</ele><time>2023-09-12T22:48:48Z</time></trkpt>
      <trkpt lat="22.5388086" lon="113.9353831"><ele>15.9</ele><time>2023-09-12T22:48:49Z</time></trkpt>
      <trkpt lat="22.5388007" lon="113.9354011"><ele>15.8</ele><time>2023-09-12T22:48:50Z</time></trkpt>
      <trkpt lat="22.5387913" lon="113.9354181"><ele>15.8</ele><time>2023-09-12T22:48:51Z</time></trkpt>
      <trkpt lat="22.5387794" lon="113.9354339"><ele>15.7</ele><time>2023-09-12T22:48:52Z</time></trkpt>
      <trkpt lat="22.5387657" lon="113.9354479"><ele>15.7</ele><time>2023-09-12T22:48:53Z</time></trkpt>
      <trkpt lat="22.5387508" lon="113.9354599"><ele>15.7</ele><time>2023-09-12T22:48:54Z</time></trkpt>
      <trkpt lat="22.5387361" lon="113.9354704"><ele>15.6</ele><time>2023-09-12T22:48:55Z</time></trkpt>
      <trkpt lat="22.5387221" lon="113.9354797"><ele>15.6</ele><time>2023-09-12T22:48:56Z</time></trkpt>
      <trkpt lat="22.5387070" lon="113.9354879"><ele>15.6</ele><time>2023-09-12T22:48:57Z</time></trkpt>
      <trkpt lat="22.5386904" lon="113.9354954"><ele>15.6</ele><time>2023-09-12T22:48:58Z</time></trkpt>
      <trkpt lat="22.5386734" lon="113.9355026"><ele>15.6</ele><time>2023-09-12T22:48:59Z</time></trkpt>
      <trkpt lat="22.5386567" lon="113.9355092"><ele>15.6</ele><time>2023-09-12T22:49:00Z</time></trkpt>
      <trkpt lat="22.5386406" lon="113.9355156"><ele>15.6</ele><time>2023-09-12T22:49:01Z</time></trkpt>
      <trkpt lat="22.5386250" lon="113.9355223"><ele>15.6</ele><time>2023-09-12T22:49:02Z</time></trkpt>
      <trkpt lat="22.5386097" lon="113.9355295"><ele>15.6</ele><time>2023-09-12T22:49:03Z</time></trkpt>
      <trkpt lat="22.5385948" lon="113.9355377"><ele>15.7</ele><time>2023-09-12T22:49:04Z</time></trkpt>
      <trkpt lat="22.5385800" lon="113.9355466"><ele>15.7</ele><time>2023-09-12T22:49:05Z</time></trkpt>
      <trkpt lat="22.5385654" lon="113.9355558"><ele>15.7</ele><time>2023-09-12T22:49:06Z</time></trkpt>
      <trkpt lat="22.5385514" lon="113.9355660"><ele>15.8</ele><time>2023-09-12T22:49:07Z</time></trkpt>
      <trkpt lat="22.5385385" lon="113.9355771"><ele>15.8</ele><time>2023-09-12T22:49:08Z</time></trkpt>
      <trkpt lat="22.5385261" lon="113.9355889"><ele>15.8</ele><time>2023-09-12T22:49:09Z</time></trkpt>
      <trkpt lat="22.5385149" lon="113.9356017"><ele>15.9</ele><time>2023-09-12T22:49:10Z</time></trkpt>
      <trkpt lat="22.5385058" lon="113.9356155"><ele>15.9</ele><time>2023-09-12T22:49:11Z</time></trkpt>
      <trkpt lat="22.5384969" lon="113.9356295"><ele>15.9</ele><time>2023-09-12T22:49:12Z</time></trkpt>
      <trkpt lat="22.5384866" lon="113.9356432"><ele>16.0</ele><time>2023-09-12T22:49:13Z</time></trkpt>
      <trkpt lat="22.5384755" lon="113.9356564"><ele>16.0</ele><time>2023-09-12T22:49:14Z</time></trkpt>
      <trkpt lat="22.5384644" lon="113.9356695"><ele>16.1</ele><time>2023-09-12T22:49:15Z</time></trkpt>
      <trkpt lat="22.5384536" lon="113.9356825"><ele>16.1</ele><time>2023-09-12T22:49:16Z</time></trkpt>
      <trkpt lat="22.5384440" lon="113.9356963"><ele>16.1</ele><time>2023-09-12T22:49:17Z</time></trkpt>
      <trkpt lat="22.5384364" lon="113.9357116"><ele>16.1</ele><time>2023-09-12T22:49:18Z</time></trkpt>
      <trkpt lat="22.5384299" lon="113.9357279"><ele>16.2</ele><time>2023-09-12T22:49:19Z</time></trkpt>
      <trkpt lat="22.5384236" lon="113.9357438"><ele>16.2</ele><time>2023-09-12T22:49:20Z</time></trkpt>
      <trkpt lat="22.5384173" lon="113.9357591"><ele>16.2</ele><time>2023-09-12T22:49:21Z</time></trkpt>
      <trkpt lat="22.5384108" lon="113.9357739"><ele>16.2</ele><time>2023-09-12T22:49:22Z</time></trkpt>
      <trkpt lat="22.5384046" lon="113.9357889"><ele>16.3</ele><time>2023-09-12T22:49:23Z</time></trkpt>
      <trkpt lat="22.5383991" lon="113.9358042"><ele>16.3</ele><time>2023-09-12T22:49:24Z</time></trkpt>
      <trkpt lat="22.5383943" lon="113.9358199"><ele>16.3</ele><time>2023-09-12T22:49:25Z</time></trkpt>
      <trkpt lat="22.5383902" lon="113.9358359"><ele>16.3</ele><time>2023-09-12T22:49:26Z</time></trkpt>
      <trkpt lat="22.5383867" lon="113.9358520"><ele>16.3</ele><time>2023-09-12T22:49:27Z</time></trkpt>
      <trkpt lat="22.5383837" lon="113.9358682"><ele>16.3</ele><time>2023-09-12T22:49:28Z</time></trkpt>
      <trkpt lat="22.5383814" lon="113.9358847"><ele>16.3</ele><time>2023-09-12T22:49:29Z</time></trkpt>
      <trkpt lat="22.5383798" lon="113.9359012"><ele>16.3</ele><time>2023-09-12T22:49:30Z</time></trkpt>
      <trkpt lat="22.5383788" lon="113.9359178"><ele>16.3</ele><time>2023-09-12T22:49:31Z</time></trkpt>
      <trkpt lat="22.5383783" lon="113.9359346"><ele>16.3</ele><time>2023-09-12T22:49:32Z</time></trkpt>
      <trkpt lat="22.5383781" lon="113.9359512"><ele>16.3</ele><time>2023-09-12T22:49:33Z</time></trkpt>
      <trkpt lat="22.5383784" lon="113.9359679"><ele>16.3</ele><time>2023-09-12T22:49:34Z</time></trkpt>
      <trkpt lat="22.5383790" lon="113.9359846"><ele>16.3</ele><time>2023-09-12T22:49:35Z</time></trkpt>
      <trkpt lat="22.5383803" lon="113.9360012"><ele>16.3</ele><time>2023-09-12T22:49:36Z</time></trkpt>
      <trkpt lat="22.5383827" lon="113.9360177"><ele>16.3</ele><time>2023-09-12T22:49:37Z</time></trkpt>
      <trkpt lat="22.5383861" lon="113.9360341"><ele>16.3</ele><time>2023-09-12T22:49:38Z</time></trkpt>
      <trkpt lat="22.5383897" lon="113.9360505"><ele>16.4</ele><time>2023-09-12T22:49:39Z</time></trkpt>
      <trkpt lat="22.5383938" lon="113.9360666"><ele>16.4</ele><time>2023-09-12T22:49:40Z</time></trkpt>
      <trkpt lat="22.5383986" lon="113.9360826"><ele>16.4</ele><time>2023-09-12T22:49:41Z</time></trkpt>
      <trkpt lat="22.5384039" lon="113.9360984"><ele>16.4</ele><time>2023-09-12T22:49:42Z</time></trkpt>
      <trkpt lat="22.5384101" lon="113.9361139"><ele>16.4</ele><time>2023-09-12T22:49:43Z</time></trkpt>
      <trkpt lat="22.5384167" lon="113.9361289"><ele>16.4</ele><time>2023-09-12T22:49:44Z</time></trkpt>
      <trkpt lat="22.5384240" lon="113.9361436"><ele>16.4</ele><time>2023-09-12T22:49:45Z</time></trkpt>
      <trkpt lat="22.5384320" lon="113.9361579"><ele>16.4</ele><time>2023-09-12T22:49:46Z</time></trkpt>
      <trkpt lat="22.5384402" lon="113.9361722"><ele>16.4</ele><time>2023-09-12T22:49:47Z</time></trkpt>
      <trkpt lat="22.5384487" lon="113.9361862"><ele>16.4</ele><time>2023-09-12T22:49:48Z</time></trkpt>
      <trkpt lat="22.5384573" lon="113.9362002"><ele>16.4</ele><time>2023-09-12T22:49:49Z</time></trkpt>
      <trkpt lat="22.5384657" lon="113.9362139"><ele>16.4</ele><time>2023-09-12T22:49:50Z</time></trkpt>
      <trkpt lat="22.5384750" lon="113.9362269"><ele>16.4</ele><time>2023-09-12T22:49:51Z</time></trkpt>
      <trkpt lat="22.5384850" lon="113.9362394"><ele>16.4</ele><time>2023-09-12T22:49:52Z</time></trkpt>
      <trkpt lat="22.5384949" lon="113.9362520"><ele>16.4</ele><time>2023-09-12T22:49:53Z</time></trkpt>
      <trkpt lat="22.5385046" lon="113.9362646"><ele>16.4</ele><time>2023-09-12T22:49:54Z</time></trkpt>
      <trkpt lat="22.5385145" lon="113.9362770"><ele>16.3</ele><time>2023-09-12T22:49:55Z</time></trkpt>
      <trkpt lat="22.5385250" lon="113.9362887"><ele>16.3</ele><time>2023-09-12T22:49:56Z</time></trkpt>
      <trkpt lat="22.5385362" lon="113.9362992"><ele>16.3</ele><time>2023-09-12T22:49:57Z</time></trkpt>
      <trkpt lat="22.5385482" lon="113.9363088"><ele>16.3</ele><time>2023-09-12T22:49:58Z</time></trkpt>
      <trkpt lat="22.5385605" lon="113.9363182"><ele>16.3</ele><time>2023-09-12T22:49:59Z</time></trkpt>
      <trkpt lat="22.5385728" lon="113.9363275"><ele>16.3</ele><time>2023-09-12T22:50:00Z</time></trkpt>
      <trkpt lat="22.5385854" lon="113.9363362"><ele>16.2</ele><time>2023-09-12T22:50:01Z</time></trkpt>
      <trkpt lat="22.5385984" lon="113.9363442"><ele>16.2</ele><time>2023-09-12T22:50:02Z</time></trkpt>
      <trkpt lat="22.5386116" lon="113.9363520"><ele>16.2</ele><time>2023-09-12T22:50:03Z</time></trkpt>
      <trkpt lat="22.5386250" lon="113.9363594"><ele>16.1</ele><time>2023-09-12T22:50:04Z</time></trkpt>
      <trkpt lat="22.5386385" lon="113.9363664"><ele>16.1</ele><time>2023-09-12T22:50:05Z</time></trkpt>
      <trkpt lat="22.5386522" lon="113.9363731"><ele>16.1</ele><time>2023-09-12T22:50:06Z</time></trkpt>
      <trkpt lat="22.5386661" lon="113.9363793"><ele>16.0</ele><time>2023-09-12T22:50:07Z</time></trkpt>
      <trkpt lat="22.5386798" lon="113.9363858"><ele>16.0</ele><time>2023-09-12T22:50:08Z</time></trkpt>
      <trkpt lat="22.5386938" lon="113.9363919"><ele>15.9</ele><time>2023-09-12T22:50:09Z</time></trkpt>
      <trkpt lat="22.5387083" lon="113.9363968"><ele>15.8</ele><time>2023-09-12T22:50:10Z</time></trkpt>
      <trkpt lat="22.5387230" lon="113.9364007"><ele>15.8</ele><time>2023-09-12T22:50:11Z</time></trkpt>
      <trkpt lat="22.5387379" lon="113.9364040"><ele>15.7</ele><time>2023-09-12T22:50:12Z</time></trkpt>
      <trkpt lat="22.5387532" lon="113.9364061"><ele>15.6</ele><time>2023-09-12T22:50:13Z</time></trkpt>
      <trkpt lat="22.5387688" lon="113.9364068"><ele>15.6</ele><time>2023-09-12T22:50:14Z</time></trkpt>
      <trkpt lat="22.5387846" lon="113.9364068"><ele>15.5</ele><time>2023-09-12T22:50:15Z</time></trkpt>
      <trkpt lat="22.5388006" lon="113.9364067"><ele>15.4</ele><time>2023-09-12T22:50:16Z</time></trkpt>
      <trkpt lat="22.5388166" lon="113.9364053"><ele>15.4</ele><time>2023-09-12T22:50:17Z</time></trkpt>
      <trkpt lat="22.5388326" lon="113.9364039"><ele>15.3</ele><time>2023-09-12T22:50:18Z</time></trkpt>
      <trkpt lat="22.5388488" lon="113.9364037"><ele>15.2</ele><time>2023-09-12T22:50:19Z</time></trkpt>
      <trkpt lat="22.5388649" lon="113.9364034"><ele>15.1</ele><time>2023-09-12T22:50:20Z</time></trkpt>
      <trkpt lat="22.5388813" lon="113.9364029"><ele>15.1</ele><time>2023-09-12T22:50:21Z</time></trkpt>
      <trkpt lat="22.5388977" lon="113.9364020"><ele>15.0</ele><time>2023-09-12T22:50:22Z</time></trkpt>
      <trkpt lat="22.5389141" lon="113.9364000"><ele>14.9</ele><time>2023-09-12T22:50:23Z</time></trkpt>
      <trkpt lat="22.5389307" lon="113.9363982"><ele>14.8</ele><time>2023-09-12T22:50:24Z</time></trkpt>
      <trkpt lat="22.5389475" lon="113.9363975"><ele>14.7</ele><time>2023-09-12T22:50:25Z</time></trkpt>
      <trkpt lat="22.5389641" lon="113.9363964"><ele>14.7</ele><time>2023-09-12T22:50:26Z</time></trkpt>
      <trkpt lat="22.5389809" lon="113.9363947"><ele>14.6</ele><time>2023-09-12T22:50:27Z</time></trkpt>
      <trkpt lat="22.5389977" lon="113.9363937"><ele>14.5</ele><time>2023-09-12T22:50:28Z</time></trkpt>
      <trkpt lat="22.5390146" lon="113.9363930"><ele>14.5</ele><time>2023-09-12T22:50:29Z</time></trkpt>
      <trkpt lat="22.5390315" lon="113.9363926"><ele>14.4</ele><time>2023-09-12T22:50:30Z</time></trkpt>
      <trkpt lat="22.5390487" lon="113.9363923"><ele>14.4</ele><time>2023-09-12T22:50:31Z</time></trkpt>
      <trkpt lat="22.5390662" lon="113.9363917"><ele>14.3</ele><time>2023-09-12T22:50:32Z</time></trkpt>
      <trkpt lat="22.5390848" lon="113.9363914"><ele>14.3</ele><time>2023-09-12T22:50:33Z</time></trkpt>
      <trkpt lat="22.5391035" lon="113.9363906"><ele>14.2</ele><time>2023-09-12T22:50:34Z</time></trkpt>
      <trkpt lat="22.5391210" lon="113.9363886"><ele>14.2</ele><time>2023-09-12T22:50:35Z</time></trkpt>
      <trkpt lat="22.5391386" lon="113.9363878"><ele>14.2</ele><time>2023-09-12T22:50:36Z</time></trkpt>
      <trkpt lat="22.5391566" lon="113.9363880"><ele>14.2</ele><time>2023-09-12T22:50:37Z</time></trkpt>
      <trkpt lat="22.5391746" lon="113.9363877"><ele>14.1</ele><time>2023-09-12T22:50:38Z</time></trkpt>
      <trkpt lat="22.5391924" lon="113.9363872"><ele>14.1</ele><time>2023-09-12T22:50:39Z</time></trkpt>
      <trkpt lat="22.5392102" lon="113.9363868"><ele>14.1</ele><time>2023-09-12T22:50:40Z</time></trkpt>
      <trkpt lat="22.5392282" lon="113.9363861"><ele>14.1</ele><time>2023-09-12T22:50:41Z</time></trkpt>
      <trkpt lat="22.5392463" lon="113.9363854"><ele>14.1</ele><time>2023-09-12T22:50:42Z</time></trkpt>
      <trkpt lat="22.5392644" lon="113.9363854"><ele>14.2</ele><time>2023-09-12T22:50:43Z</time></trkpt>
      <trkpt lat="22.5392822" lon="113.9363861"><ele>14.2</ele><time>2023-09-12T22:50:44Z</time></trkpt>
      <trkpt lat="22.5392999" lon="113.9363860"><ele>14.2</ele><time>2023-09-12T22:50:45Z</time></trkpt>
      <trkpt lat="22.5393178" lon="113.9363847"><ele>14.2</ele><time>2023-09-12T22:50:46Z</time></trkpt>
      <trkpt lat="22.5393357" lon="113.9363839"><ele>14.3</ele><time>2023-09-12T22:50:47Z</time></trkpt>
      <trkpt lat="22.5393536" lon="113.9363837"><ele>14.3</ele><time>2023-09-12T22:50:48Z</time></trkpt>
      <trkpt lat="22.5393716" lon="113.9363835"><ele>14.4</ele><time>2023-09-12T22:50:49Z</time></trkpt>
      <trkpt lat="22.5393894" lon="113.9363838"><ele>14.4</ele><time>2023-09-12T22:50:50Z</time></trkpt>
      <trkpt lat="22.5394069" lon="113.9363850"><ele>14.4</ele><time>2023-09-12T22:50:51Z</time></trkpt>
      <trkpt lat="22.5394241" lon="113.9363862"><ele>14.5</ele><time>2023-09-12T22:50:52Z</time></trkpt>
      <trkpt lat="22.5394413" lon="113.9363863"><ele>14.5</ele><time>2023-09-12T22:50:53Z</time></trkpt>
      <trkpt lat="22.5394587" lon="113.9363855"><ele>14.6</ele><time>2023-09-12T22:50:54Z</time></trkpt>
      <trkpt lat="22.5394764" lon="113.9363850"><ele>14.7</ele><time>2023-09-12T22:50:55Z</time></trkpt>
      <trkpt lat="22.5394944" lon="113.9363844"><ele>14.7</ele><time>2023-09-12T22:50:56Z</time></trkpt>
      <trkpt lat="22.5395121" lon="113.9363837"><ele>14.8</ele><time>2023-09-12T22:50:57Z</time></trkpt>
      <trkpt lat="22.5395290" lon="113.9363830"><ele>14.8</ele><time>2023-09-12T22:50:58Z</time></trkpt>
      <trkpt lat="22.5395457" lon="113.9363822"><ele>14.9</ele><time>2023-09-12T22:50:59Z</time></trkpt>
      <trkpt lat="22.5395624" lon="113.9363809"><ele>14.9</ele><time>2023-09-12T22:51:00Z</time></trkpt>
      <trkpt lat="22.5395789" lon="113.9363787"><ele>15.0</ele><time>2023-09-12T22:51:01Z</time></trkpt>
      <trkpt lat="22.5395952" lon="113.9363760"><ele>15.1</ele><time>2023-09-12T22:51:02Z</time></trkpt>
      <trkpt lat="22.5396113" lon="113.9363726"><ele>15.1</ele><time>2023-09-12T22:51:03Z</time></trkpt>
      <trkpt lat="22.5396276" lon="113.9363685"><ele>15.2</ele><time>2023-09-12T22:51:04Z</time></trkpt>
      <trkpt lat="22.5396437" lon="113.9363632"><ele>15.2</ele><time>2023-09-12T22:51:05Z</time></trkpt>
      <trkpt lat="22.5396598" lon="113.9363571"><ele>15.3</ele><time>2023-09-12T22:51:06Z</time></trkpt>
      <trkpt lat="22.5396754" lon="113.9363505"><ele>15.4</ele><time>2023-09-12T22:51:07Z</time></trkpt>
      <trkpt lat="22.5396904" lon="113.9363433"><ele>15.4</ele><time>2023-09-12T22:51:08Z</time></trkpt>
      <trkpt lat="22.5397053" lon="113.9363365"><ele>15.5</ele><time>2023-09-12T22:51:09Z</time></trkpt>
      <trkpt lat="22.5397202" lon="113.9363295"><ele>15.5</ele><time>2023-09-12T22:51:10Z</time></trkpt>
      <trkpt lat="22.5397346" lon="113.9363214"><ele>15.6</ele><time>2023-09-12T22:51:11Z</time></trkpt>
      <trkpt lat="22.5397484" lon="113.9363123"><ele>15.6</ele><time>2023-09-12T22:51:12Z</time></trkpt>
      <trkpt lat="22.5397618" lon="113.9363025"><ele>15.7</ele><time>2023-09-12T22:51:13Z</time></trkpt>
      <trkpt lat="22.5397750" lon="113.9362922"><ele>15.7</ele><time>2023-09-12T22:51:14Z</time></trkpt>
      <trkpt lat="22.5397876" lon="113.9362814"><ele>15.8</ele><time>2023-09-12T22:51:15Z</time></trkpt>
      <trkpt lat="22.5397996" lon="113.9362698"><ele>15.8</ele><time>2023-09-12T22:51:16Z</time></trkpt>
      <trkpt lat="22.5398117" lon="113.9362579"><ele>15.9</ele><time>2023-09-12T22:51:17Z</time></trkpt>
      <trkpt lat="22.5398241" lon="113.9362463"><ele>15.9</ele><time>2023-09-12T22:51:18Z</time></trkpt>
      <trkpt lat="22.5398367" lon="113.9362352"><ele>16.0</ele><time>2023-09-12T22:51:19Z</time></trkpt>
      <trkpt lat="22.5398486" lon="113.9362233"><ele>16.0</ele><time>2023-09-12T22:51:20Z</time></trkpt>
      <trkpt lat="22.5398590" lon="113.9362100"><ele>16.1</ele><time>2023-09-12T22:51:21Z</time></trkpt>
      <trkpt lat="22.5398679" lon="113.9361953"><ele>16.1</ele><time>2023-09-12T22:51:22Z</time></trkpt>
      <trkpt lat="22.5398762" lon="113.9361802"><ele>16.1</ele><time>2023-09-12T22:51:23Z</time></trkpt>
      <trkpt lat="22.5398853" lon="113.9361658"><ele>16.2</ele><time>2023-09-12T22:51:24Z</time></trkpt>
      <trkpt lat="22.5398953" lon="113.9361529"><ele>16.2</ele><time>2023-09-12T22:51:25Z</time></trkpt>
      <trkpt lat="22.5399033" lon="113.9361388"><ele>16.2</ele><time>2023-09-12T22:51:26Z</time></trkpt>
      <trkpt lat="22.5399079" lon="113.9361219"><ele>16.3</ele><time>2023-09-12T22:51:27Z</time></trkpt>
      <trkpt lat="22.5399118" lon="113.9361047"><ele>16.3</ele><time>2023-09-12T22:51:28Z</time></trkpt>
      <trkpt lat="22.5399162" lon="113.9360877"><ele>16.3</ele><time>2023-09-12T22:51:29Z</time></trkpt>
      <trkpt lat="22.5399204" lon="113.9360705"><ele>16.3</ele><time>2023-09-12T22:51:30Z</time></trkpt>
      <trkpt lat="22.5399240" lon="113.9360533"><ele>16.4</ele><time>2023-09-12T22:51:31Z</time></trkpt>
      <trkpt lat="22.5399276" lon="113.9360362"><ele>16.4</ele><time>2023-09-12T22:51:32Z</time></trkpt>
      <trkpt lat="22.5399315" lon="113.9360191"><ele>16.4</ele><time>2023-09-12T22:51:33Z</time></trkpt>
      <trkpt lat="22.5399355" lon="113.9360020"><ele>16.4</ele><time>2023-09-12T22:51:34Z</time></trkpt>
      <trkpt lat="22.5399383" lon="113.9359847"><ele>16.4</ele><time>2023-09-12T22:51:35Z</time></trkpt>
      <trkpt lat="22.5399395" lon="113.9359671"><ele>16.4</ele><time>2023-09-12T22:51:36Z</time></trkpt>
      <trkpt lat="22.5399398" lon="113.9359495"><ele>16.4</ele><time>2023-09-12T22:51:37Z</time></trkpt>
      <trkpt lat="22.5399400" lon="113.9359319"><ele>16.4</ele><time>2023-09-12T22:51:38Z</time></trkpt>
      <trkpt lat="22.5399395" lon="113.9359145"><ele>16.4</ele><time>2023-09-12T22:51:39Z</time></trkpt>
      <trkpt lat="22.5399383" lon="113.9358969"><ele>16.4</ele><time>2023-09-12T22:51:40Z</time></trkpt>
      <trkpt lat="22.5399365" lon="113.9358794"><ele>16.4</ele><time>2023-09-12T22:51:41Z</time></trkpt>
      <trkpt lat="22.5399339" lon="113.9358621"><ele>16.4</ele><time>2023-09-12T22:51:42Z</time></trkpt>
      <trkpt lat="22.5399310" lon="113.9358448"><ele>16.4</ele><time>2023-09-12T22:51:43Z</time></trkpt>
      <trkpt lat="22.5399277" lon="113.9358277"><ele>16.3</ele><time>2023-09-12T22:51:44Z</time></trkpt>
      <trkpt lat="22.5399243" lon="113.9358107"><ele>16.3</ele><time>2023-09-12T22:51:45Z</time></trkpt>
      <trkpt lat="22.5399206" lon="113.9357937"><ele>16.3</ele><time>2023-09-12T22:51:46Z</time></trkpt>
      <trkpt lat="22.5399157" lon="113.9357771"><ele>16.3</ele><time>2023-09-12T22:51:47Z</time></trkpt>
      <trkpt lat="22.5399095" lon="113.9357610"><ele>16.3</ele><time>2023-09-12T22:51:48Z</time></trkpt>
      <trkpt lat="22.5399024" lon="113.9357452"><ele>16.2</ele><time>2023-09-12T22:51:49Z</time></trkpt>
      <trkpt lat="22.5398950" lon="113.9357296"><ele>16.2</ele><time>2023-09-12T22:51:50Z</time></trkpt>
      <trkpt lat="22.5398880" lon="113.9357138"><ele>16.2</ele><time>2023-09-12T22:51:51Z</time></trkpt>
      <trkpt lat="22.5398815" lon="113.9356977"><ele>16.1</ele><time>2023-09-12T22:51:52Z</time></trkpt>
      <trkpt lat="22.5398744" lon="113.9356820"><ele>16.1</ele><time>2023-09-12T22:51:53Z</time></trkpt>
      <trkpt lat="22.5398656" lon="113.9356671"><ele>16.1</ele><time>2023-09-12T22:51:54Z</time></trkpt>
      <trkpt lat="22.5398563" lon="113.9356526"><ele>16.0</ele><time>2023-09-12T22:51:55Z</time></trkpt>
      <trkpt lat="22.5398462" lon="113.9356389"><ele>16.0</ele><time>2023-09-12T22:51:56Z</time></trkpt>
      <trkpt lat="22.5398349" lon="113.9356260"><ele>16.0</ele><time>2023-09-12T22:51:57Z</time></trkpt>
      <trkpt lat="22.5398234" lon="113.9356135"><ele>15.9</ele><time>2023-09-12T22:51:58Z</time></trkpt>
      <trkpt lat="22.5398115" lon="113.9356014"><ele>15.9</ele><time>2023-09-12T22:51:59Z</time></trkpt>
      <trkpt lat="22.5397994" lon="113.9355896"><ele>15.9</ele><time>2023-09-12T22:52:00Z</time></trkpt>
      <trkpt lat="22.5397870" lon="113.9355782"><ele>15.8</ele><time>2023-09-12T22:52:01Z</time></trkpt>
      <trkpt lat="22.5397739" lon="113.9355674"><ele>15.8</ele><time>2023-09-12T22:52:02Z</time></trkpt>
      <trkpt lat="22.5397607" lon="113.9355563"><ele>15.7</ele><time>2023-09-12T22:52:03Z</time></trkpt>
      <trkpt lat="22.5397474" lon="113.9355449"><ele>15.7</ele><time>2023-09-12T22:52:04Z</time></trkpt>
      <trkpt lat="22.5397335" lon="113.9355339"><ele>15.7</ele><time>2023-09-12T22:52:05Z</time></trkpt>
      <trkpt lat="22.5397183" lon="113.9355239"><ele>15.6</ele><time>2023-09-12T22:52:06Z</time></trkpt>
      <trkpt lat="22.5397023" lon="113.9355154"><ele>15.6</ele><time>2023-09-12T22:52:07Z</time></trkpt>
      <trkpt lat="22.5396863" lon="113.9355077"><ele>15.5</ele><time>2023-09-12T22:52:08Z</time></trkpt>
      <trkpt lat="22.5396698" lon="113.9355009"><ele>15.5</ele><time>2023-09-12T22:52:09Z</time></trkpt>
      <trkpt lat="22.5396528" lon="113.9354953"><ele>15.5</ele><time>2023-09-12T22:52:10Z</time></trkpt>
      <trkpt lat="22.5396359" lon="113.9354902"><ele>15.4</ele><time>2023-09-12T22:52:11Z</time></trkpt>
      <trkpt lat="22.5396187" lon="113.9354850"><ele>15.4</ele><time>2023-09-12T22:52:12Z</time></trkpt>
      <trkpt lat="22.5396012" lon="113.9354805"><ele>15.3</ele><time>2023-09-12T22:52:13Z</time></trkpt>
      <trkpt lat="22.5395833" lon="113.9354773"><ele>15.3</ele><time>2023-09-12T22:52:14Z</time></trkpt>
      <trkpt lat="22.5395653" lon="113.9354745"><ele>15.3</ele><time>2023-09-12T22:52:15Z</time></trkpt>
      <trkpt lat="22.5395477" lon="113.9354712"><ele>15.3</ele><time>2023-09-12T22:52:16Z</time></trkpt>
      <trkpt lat="22.5395302" lon="113.9354684"><ele>15.2</ele><time>2023-09-12T22:52:17Z</time></trkpt>
      <trkpt lat="22.5395123" lon="113.9354669"><ele>15.2</ele><time>2023-09-12T22:52:18Z</time></trkpt>
      <trkpt lat="22.5394941" lon="113.9354669"><ele>15.2</ele><time>2023-09-12T22:52:19Z</time></trkpt>
      <trkpt lat="22.5394759" lon="113.9354676"><ele>15.2</ele><time>2023-09-12T22:52:20Z</time></trkpt>
      <trkpt lat="22.5394577" lon="113.9354679"><ele>15.1</ele><time>2023-09-12T22:52:21Z</time></trkpt>
      <trkpt lat="22.5394397" lon="113.9354673"><ele>15.1</ele><time>2023-09-12T22:52:22Z</time></trkpt>
      <trkpt lat="22.5394217" lon="113.9354668"><ele>15.1</ele><time>2023-09-12T22:52:23Z</time></trkpt>
      <trkpt lat="22.5394033" lon="113.9354672"><ele>15.1</ele><time>2023-09-12T22:52:24Z</time></trkpt>
      <trkpt lat="22.5393849" lon="113.9354676"><ele>15.1</ele><time>2023-09-12T22:52:25Z</time></trkpt>
      <trkpt lat="22.5393667" lon="113.9354678"><ele>15.1</ele><time>2023-09-12T22:52:26Z</time></trkpt>
      <trkpt lat="22.5393483" lon="113.9354675"><ele>15.1</ele><time>2023-09-12T22:52:27Z</time></trkpt>
      <trkpt lat="22.5393298" lon="113.9354674"><ele>15.1</ele><time>2023-09-12T22:52:28Z</time></trkpt>
      <trkpt lat="22.5393113" lon="113.9354677"><ele>15.1</ele><time>2023-09-12T22:52:29Z</time></trkpt>
      <trkpt lat="22.5392928" lon="113.9354689"><ele>15.1</ele><time>2023-09-12T22:52:30Z</time></trkpt>
      <trkpt lat="22.5392739" lon="113.9354705"><ele>15.1</ele><time>2023-09-12T22:52:31Z</time></trkpt>
      <trkpt lat="22.5392553" lon="113.9354705"><ele>15.1</ele><time>2023-09-12T22:52:32Z</time></trkpt>
      <trkpt lat="22.5392374" lon="113.9354697"><ele>15.1</ele><time>2023-09-12T22:52:33Z</time></trkpt>
      <trkpt lat="22.5392200" lon="113.9354692"><ele>15.1</ele><time>2023-09-12T22:52:34Z</time></trkpt>
      <trkpt lat="22.5392027" lon="113.9354694"><ele>15.1</ele><time>2023-09-12T22:52:35Z</time></trkpt>
      <trkpt lat="22.5391850" lon="113.9354695"><ele>15.1</ele><time>2023-09-12T22:52:36Z</time></trkpt>
      <trkpt lat="22.5391671" lon="113.9354693"><ele>15.1</ele><time>2023-09-12T22:52:37Z</time></trkpt>
      <trkpt lat="22.5391491" lon="113.9354691"><ele>15.1</ele><time>2023-09-12T22:52:38Z</time></trkpt>
      <trkpt lat="22.5391311" lon="113.9354686"><ele>15.1</ele><time>2023-09-12T22:52:39Z</time></trkpt>
      <trkpt lat="22.5391133" lon="113.9354678"><ele>15.1</ele><time>2023-09-12T22:52:40Z</time></trkpt>
      <trkpt lat="22.5390955" lon="113.9354675"><ele>15.1</ele><time>2023-09-12T22:52:41Z</time></trkpt>
      <trkpt lat="22.5390776" lon="113.9354675"><ele>15.1</ele><time>2023-09-12T22:52:42Z</time></trkpt>
      <trkpt lat="22.5390602" lon="113.9354667"><ele>15.2</ele><time>2023-09-12T22:52:43Z</time></trkpt>
      <trkpt lat="22.5390428" lon="113.9354656"><ele>15.2</ele><time>2023-09-12T22:52:44Z</time></trkpt>
      <trkpt lat="22.5390251" lon="113.9354642"><ele>15.2</ele><time>2023-09-12T22:52:45Z</time></trkpt>
      <trkpt lat="22.5390074" lon="113.9354630"><ele>15.2</ele><time>2023-09-12T22:52:46Z</time></trkpt>
      <trkpt lat="22.5389895" lon="113.9354631"><ele>15.2</ele><time>2023-09-12T22:52:47Z</time></trkpt>
      <trkpt lat="22.5389716" lon="113.9354644"><ele>15.2</ele><time>2023-09-12T22:52:48Z</time></trkpt>
      <trkpt lat="22.5389538" lon="113.9354660"><ele>15.2</ele><time>2023-09-12T22:52:49Z</time></trkpt>
      <trkpt lat="22.5389358" lon="113.9354674"><ele>15.2</ele><time>2023-09-12T22:52:50Z</time></trkpt>
      <trkpt lat="22.5389176" lon="113.9354683"><ele>15.2</ele><time>2023-09-12T22:52:51Z</time></trkpt>
      <trkpt lat="22.5388997" lon="113.9354685"><ele>15.2</ele><time>2023-09-12T22:52:52Z</time></trkpt>
      <trkpt lat="22.5388820" lon="113.9354682"><ele>15.2</ele><time>2023-09-12T22:52:53Z</time></trkpt>
      <trkpt lat="22.5388646" lon="113.9354676"><ele>15.2</ele><time>2023-09-12T22:52:54Z</time></trkpt>
      <trkpt lat="22.5388468" lon="113.9354679"><ele>15.2</ele><time>2023-09-12T22:52:55Z</time></trkpt>
      <trkpt lat="22.5388282" lon="113.9354694"><ele>15.2</ele><time>2023-09-12T22:52:56Z</time></trkpt>
      <trkpt lat="22.5388099" lon="113.9354718"><ele>15.2</ele><time>2023-09-12T22:52:57Z</time></trkpt>
      <trkpt lat="22.5387924" lon="113.9354736"><ele>15.2</ele><time>2023-09-12T22:52:58Z</time></trkpt>
      <trkpt lat="22.5387749" lon="113.9354751"><ele>15.3</ele><time>2023-09-12T22:52:59Z</time></trkpt>
      <trkpt lat="22.5387575" lon="113.9354775"><ele>15.3</ele><time>2023-09-12T22:53:00Z</time></trkpt>
      <trkpt lat="22.5387401" lon="113.9354808"><ele>15.3</ele><time>2023-09-12T22:53:01Z</time></trkpt>
      <trkpt lat="22.5387228" lon="113.9354836"><ele>15.3</ele><time>2023-09-12T22:53:02Z</time></trkpt>
      <trkpt lat="22.5387058" lon="113.9354864"><ele>15.3</ele><time>2023-09-12T22:53:03Z</time></trkpt>
      <trkpt lat="22.5386886" lon="113.9354910"><ele>15.3</ele><time>2023-09-12T22:53:04Z</time></trkpt>
      <trkpt lat="22.5386711" lon="113.9354966"><ele>15.3</ele><time>2023-09-12T22:53:05Z</time></trkpt>
      <trkpt lat="22.5386542" lon="113.9355026"><ele>15.3</ele><time>2023-09-12T22:53:06Z</time></trkpt>
      <trkpt lat="22.5386377" lon="113.9355093"><ele>15.3</ele><time>2023-09-12T22:53:07Z</time></trkpt>
      <trkpt lat="22.5386217" lon="113.9355162"><ele>15.3</ele><time>2023-09-12T22:53:08Z</time></trkpt>
      <trkpt lat="22.5386060" lon="113.9355234"><ele>15.3</ele><time>2023-09-12T22:53:09Z</time></trkpt>
      <trkpt lat="22.5385903" lon="113.9355317"><ele>15.3</ele><time>2023-09-12T22:53:10Z</time></trkpt>
      <trkpt lat="22.5385749" lon="113.9355408"><ele>15.3</ele><time>2023-09-12T22:53:11Z</time></trkpt>
      <trkpt lat="22.5385599" lon="113.9355502"><ele>15.4</ele><time>2023-09-12T22:53:12Z</time></trkpt>
      <trkpt lat="22.5385458" lon="113.9355609"><ele>15.4</ele><time>2023-09-12T22:53:13Z</time></trkpt>
      <trkpt lat="22.5385325" lon="113.9355731"><ele>15.4</ele><time>2023-09-12T22:53:14Z</time></trkpt>
      <trkpt lat="22.5385195" lon="113.9355854"><ele>15.5</ele><time>2023-09-12T22:53:15Z</time></trkpt>
      <trkpt lat="22.5385071" lon="113.9355981"><ele>15.5</ele><time>2023-09-12T22:53:16Z</time></trkpt>
      <trkpt lat="22.5384954" lon="113.9356110"><ele>15.5</ele><time>2023-09-12T22:53:17Z</time></trkpt>
      <trkpt lat="22.5384845" lon="113.9356238"><ele>15.6</ele><time>2023-09-12T22:53:18Z</time></trkpt>
      <trkpt lat="22.5384742" lon="113.9356376"><ele>15.6</ele><time>2023-09-12T22:53:19Z</time></trkpt>
      <trkpt lat="22.5384639" lon="113.9356517"><ele>15.7</ele><time>2023-09-12T22:53:20Z</time></trkpt>
      <trkpt lat="22.5384538" lon="113.9356654"><ele>15.7</ele><time>2023-09-12T22:53:21Z</time></trkpt>
      <trkpt lat="22.5384444" lon="113.9356796"><ele>15.8</ele><time>2023-09-12T22:53:22Z</time></trkpt>
      <trkpt lat="22.5384360" lon="113.9356945"><ele>15.8</ele><time>2023-09-12T22:53:23Z</time></trkpt>
      <trkpt lat="22.5384287" lon="113.9357102"><ele>15.8</ele><time>2023-09-12T22:53:24Z</time></trkpt>
      <trkpt lat="22.5384221" lon="113.9357262"><ele>15.9</ele><time>2023-09-12T22:53:25Z</time></trkpt>
      <trkpt lat="22.5384158" lon="113.9357418"><ele>15.9</ele><time>2023-09-12T22:53:26Z</time></trkpt>
      <trkpt lat="22.5384095" lon="113.9357575"><ele>15.9</ele><time>2023-09-12T22:53:27Z</time></trkpt>
      <trkpt lat="22.5384047" lon="113.9357738"><ele>16.0</ele><time>2023-09-12T22:53:28Z</time></trkpt>
      <trkpt lat="22.5384010" lon="113.9357904"><ele>16.0</ele><time>2023-09-12T22:53:29Z</time></trkpt>
      <trkpt lat="22.5383965" lon="113.9358065"><ele>16.0</ele><time>2023-09-12T22:53:30Z</time></trkpt>
      <trkpt lat="22.5383917" lon="113.9358223"><ele>16.0</ele><time>2023-09-12T22:53:31Z</time></trkpt>
      <trkpt lat="22.5383877" lon="113.9358385"><ele>16.0</ele><time>2023-09-12T22:53:32Z</time></trkpt>
      <trkpt lat="22.5383839" lon="113.9358547"><ele>16.1</ele><time>2023-09-12T22:53:33Z</time></trkpt>
      <trkpt lat="22.5383792" lon="113.9358706"><ele>16.1</ele><time>2023-09-12T22:53:34Z</time></trkpt>
      <trkpt lat="22.5383751" lon="113.9358867"><ele>16.1</ele><time>2023-09-12T22:53:35Z</time></trkpt>
      <trkpt lat="22.5383722" lon="113.9359032"><ele>16.1</ele><time>2023-09-12T22:53:36Z</time></trkpt>
      <trkpt lat="22.5383700" lon="113.9359198"><ele>16.1</ele><time>2023-09-12T22:53:37Z</time></trkpt>
      <trkpt lat="22.5383691" lon="113.9359363"><ele>16.1</ele><time>2023-09-12T22:53:38Z</time></trkpt>
      <trkpt lat="22.5383699" lon="113.9359529"><ele>16.1</ele><time>2023-09-12T22:53:39Z</time></trkpt>
      <trkpt lat="22.5383712" lon="113.9359699"><ele>16.1</ele><time>2023-09-12T22:53:40Z</time></trkpt>
      <trkpt lat="22.5383728" lon="113.9359867"><ele>16.1</ele><time>2023-09-12T22:53:41Z</time></trkpt>
      <trkpt lat="22.5383749" lon="113.9360032"><ele>16.1</ele><time>2023-09-12T22:53:42Z</time></trkpt>
      <trkpt lat="22.5383779" lon="113.9360197"><ele>16.1</ele><time>2023-09-12T22:53:43Z</time></trkpt>
      <trkpt lat="22.5383818" lon="113.9360362"><ele>16.1</ele><time>2023-09-12T22:53:44Z</time></trkpt>
      <trkpt lat="22.5383864" lon="113.9360526"><ele>16.2</ele><time>2023-09-12T22:53:45Z</time></trkpt>
      <trkpt lat="22.5383912" lon="113.9360690"><ele>16.2</ele><time>2023-09-12T22:53:46Z</time></trkpt>
      <trkpt lat="22.5383960" lon="113.9360855"><ele>16.2</ele><time>2023-09-12T22:53:47Z</time></trkpt>
      <trkpt lat="22.5384008" lon="113.9361020"><ele>16.2</ele><time>2023-09-12T22:53:48Z</time></trkpt>
      <trkpt lat="22.5384066" lon="113.9361185"><ele>16.2</ele><time>2023-09-12T22:53:49Z</time></trkpt>
      <trkpt lat="22.5384137" lon="113.9361350"><ele>16.2</ele><time>2023-09-12T22:53:50Z</time></trkpt>
      <trkpt lat="22.5384221" lon="113.9361506"><ele>16.2</ele><time>2023-09-12T22:53:51Z</time></trkpt>
      <trkpt lat="22.5384319" lon="113.9361657"><ele>16.3</ele><time>2023-09-12T22:53:52Z</time></trkpt>
      <trkpt lat="22.5384406" lon="113.9361817"><ele>16.3</ele><time>2023-09-12T22:53:53Z</time></trkpt>
      <trkpt lat="22.5384485" lon="113.9361984"><ele>16.3</ele><time>2023-09-12T22:53:54Z</time></trkpt>
      <trkpt lat="22.5384573" lon="113.9362145"><ele>16.3</ele><time>2023-09-12T22:53:55Z</time></trkpt>
      <trkpt lat="22.5384669" lon="113.9362301"><ele>16.3</ele><time>2023-09-12T22:53:56Z</time></trkpt>
      <trkpt lat="22.5384769" lon="113.9362453"><ele>16.4</ele><time>2023-09-12T22:53:57Z</time></trkpt>
      <trkpt lat="22.5384865" lon="113.9362584"><ele>16.4</ele><time>2023-09-12T22:53:58Z</time></trkpt>
      <trkpt lat="22.5384967" lon="113.9362692"><ele>16.4</ele><time>2023-09-12T22:53:59Z</time></trkpt>
      <trkpt lat="22.5385076" lon="113.9362788"><ele>16.5</ele><time>2023-09-12T22:54:00Z</time></trkpt>
      <trkpt lat="22.5385193" lon="113.9362882"><ele>16.5</ele><time>2023-09-12T22:54:01Z</time></trkpt>
      <trkpt lat="22.5385317" lon="113.9362972"><ele>16.5</ele><time>2023-09-12T22:54:02Z</time></trkpt>
      <trkpt lat="22.5385442" lon="113.9363059"><ele>16.6</ele><time>2023-09-12T22:54:03Z</time></trkpt>
      <trkpt lat="22.5385569" lon="113.9363144"><ele>16.6</ele><time>2023-09-12T22:54:04Z</time></trkpt>
      <trkpt lat="22.5385701" lon="113.9363223"><ele>16.6</ele><time>2023-09-12T22:54:05Z</time></trkpt>
      <trkpt lat="22.5385835" lon="113.9363297"><ele>16.7</ele><time>2023-09-12T22:54:06Z</time></trkpt>
      <trkpt lat="22.5385975" lon="113.9363368"><ele>16.7</ele><time>2023-09-12T22:54:07Z</time></trkpt>
      <trkpt lat="22.5386122" lon="113.9363428"><ele>16.8</ele><time>2023-09-12T22:54:08Z</time></trkpt>
      <trkpt lat="22.5386274" lon="113.9363478"><ele>16.8</ele><time>2023-09-12T22:54:09Z</time></trkpt>
      <trkpt lat="22.5386426" lon="113.9363529"><ele>16.8</ele><time>2023-09-12T22:54:10Z</time></trkpt>
      <trkpt lat="22.5386578" lon="113.9363587"><ele>16.9</ele><time>2023-09-12T22:54:11Z</time></trkpt>
      <trkpt lat="22.5386731" lon="113.9363643"><ele>16.9</ele><time>2023-09-12T22:54:12Z</time></trkpt>
      <trkpt lat="22.5386887" lon="113.9363693"><ele>17.0</ele><time>2023-09-12T22:54:13Z</time></trkpt>
      <trkpt lat="22.5387046" lon="113.9363739"><ele>17.0</ele><time>2023-09-12T22:54:14Z</time></trkpt>
      <trkpt lat="22.5387208" lon="113.9363777"><ele>17.0</ele><time>2023-09-12T22:54:15Z</time></trkpt>
      <trkpt lat="22.5387373" lon="113.9363813"><ele>17.1</ele><time>2023-09-12T22:54:16Z</time></trkpt>
      <trkpt lat="22.5387541" lon="113.9363844"><ele>17.1</ele><time>2023-09-12T22:54:17Z</time></trkpt>
      <trkpt lat="22.5387710" lon="113.9363865"><ele>17.1</ele><time>2023-09-12T22:54:18Z</time></trkpt>
      <trkpt lat="22.5387881" lon="113.9363870"><ele>17.1</ele><time>2023-09-12T22:54:19Z</time></trkpt>
      <trkpt lat="22.5388052" lon="113.9363868"><ele>17.2</ele><time>2023-09-12T22:54:20Z</time></trkpt>
      <trkpt lat="22.5388224" lon="113.9363869"><ele>17.2</ele><time>2023-09-12T22:54:21Z</time></trkpt>
      <trkpt lat="22.5388398" lon="113.9363863"><ele>17.2</ele><time>2023-09-12T22:54:22Z</time></trkpt>
      <trkpt lat="22.5388570" lon="113.9363853"><ele>17.2</ele><time>2023-09-12T22:54:23Z</time></trkpt>
      <trkpt lat="22.5388744" lon="113.9363848"><ele>17.2</ele><time>2023-09-12T22:54:24Z</time></trkpt>
      <trkpt lat="22.5388920" lon="113.9363843"><ele>17.2</ele><time>2023-09-12T22:54:25Z</time></trkpt>
      <trkpt lat="22.5389096" lon="113.9363837"><ele>17.2</ele><time>2023-09-12T22:54:26Z</time></trkpt>
      <trkpt lat="22.5389272" lon="113.9363831"><ele>17.2</ele><time>2023-09-12T22:54:27Z</time></trkpt>
      <trkpt lat="22.5389448" lon="113.9363833"><ele>17.2</ele><time>2023-09-12T22:54:28Z</time></trkpt>
      <trkpt lat="22.5389624" lon="113.9363845"><ele>17.2</ele><time>2023-09-12T22:54:29Z</time></trkpt>
      <trkpt lat="22.5389801" lon="113.9363856"><ele>17.2</ele><time>2023-09-12T22:54:30Z</time></trkpt>
      <trkpt lat="22.5389979" lon="113.9363863"><ele>17.2</ele><time>2023-09-12T22:54:31Z</time></trkpt>
      <trkpt lat="22.5390158" lon="113.9363868"><ele>17.2</ele><time>2023-09-12T22:54:32Z</time></trkpt>
      <trkpt lat="22.5390338" lon="113.9363877"><ele>17.2</ele><time>2023-09-12T22:54:33Z</time></trkpt>
      <trkpt lat="22.5390519" lon="113.9363889"><ele>17.1</ele><time>2023-09-12T22:54:34Z</time></trkpt>
      <trkpt lat="22.5390698" lon="113.9363903"><ele>17.1</ele><time>2023-09-12T22:54:35Z</time></trkpt>
      <trkpt lat="22.5390880" lon="113.9363913"><ele>17.1</ele><time>2023-09-12T22:54:36Z</time></trkpt>
      <trkpt lat="22.5391062" lon="113.9363913"><ele>17.1</ele><time>2023-09-12T22:54:37Z</time></trkpt>
      <trkpt lat="22.5391244" lon="113.9363915"><ele>17.1</ele><time>2023-09-12T22:54:38Z</time></trkpt>
      <trkpt lat="22.5391430" lon="113.9363919"><ele>17.0</ele><time>2023-09-12T22:54:39Z</time></trkpt>
      <trkpt lat="22.5391618" lon="113.9363919"><ele>17.0</ele><time>2023-09-12T22:54:40Z</time></trkpt>
      <trkpt lat="22.5391806" lon="113.9363912"><ele>17.0</ele><time>2023-09-12T22:54:41Z</time></trkpt>
      <trkpt lat="22.5391995" lon="113.9363907"><ele>16.9</ele><time>2023-09-12T22:54:42Z</time></trkpt>
      <trkpt lat="22.5392181" lon="113.9363905"><ele>16.9</ele><time>2023-09-12T22:54:43Z</time></trkpt>
      <trkpt lat="22.5392363" lon="113.9363901"><ele>16.8</ele><time>2023-09-12T22:54:44Z</time></trkpt>
      <trkpt lat="22.5392543" lon="113.9363893"><ele>16.8</ele><time>2023-09-12T22:54:45Z</time></trkpt>
      <trkpt lat="22.5392721" lon="113.9363878"><ele>16.7</ele><time>2023-09-12T22:54:46Z</time></trkpt>
      <trkpt lat="22.5392901" lon="113.9363866"><ele>16.7</ele><time>2023-09-12T22:54:47Z</time></trkpt>
      <trkpt lat="22.5393086" lon="113.9363864"><ele>16.6</ele><time>2023-09-12T22:54:48Z</time></trkpt>
      <trkpt lat="22.5393269" lon="113.9363874"><ele>16.6</ele><time>2023-09-12T22:54:49Z</time></trkpt>
      <trkpt lat="22.5393449" lon="113.9363880"><ele>16.5</ele><time>2023-09-12T22:54:50Z</time></trkpt>
      <trkpt lat="22.5393628" lon="113.9363881"><ele>16.4</ele><time>2023-09-12T22:54:51Z</time></trkpt>
      <trkpt lat="22.5393808" lon="113.9363881"><ele>16.4</ele><time>2023-09-12T22:54:52Z</time></trkpt>
      <trkpt lat="22.5393987" lon="113.9363879"><ele>16.3</ele><time>2023-09-12T22:54:53Z</time></trkpt>
      <trkpt lat="22.5394163" lon="113.9363881"><ele>16.3</ele><time>2023-09-12T22:54:54Z</time></trkpt>
      <trkpt lat="22.5394341" lon="113.9363883"><ele>16.2</ele><time>2023-09-12T22:54:55Z</time></trkpt>
      <trkpt lat="22.5394516" lon="113.9363880"><ele>16.2</ele><time>2023-09-12T22:54:56Z</time></trkpt>
      <trkpt lat="22.5394692" lon="113.9363871"><ele>16.1</ele><time>2023-09-12T22:54:57Z</time></trkpt>
      <trkpt lat="22.5394872" lon="113.9363870"><ele>16.1</ele><time>2023-09-12T22:54:58Z</time></trkpt>
      <trkpt lat="22.5395054" lon="113.9363880"><ele>16.0</ele><time>2023-09-12T22:54:59Z</time></trkpt>
      <trkpt lat="22.5395235" lon="113.9363884"><ele>16.0</ele><time>2023-09-12T22:55:00Z</time></trkpt>
      <trkpt lat="22.5395417" lon="113.9363875"><ele>15.9</ele><time>2023-09-12T22:55:01Z</time></trkpt>
      <trkpt lat="22.5395598" lon="113.9363862"><ele>15.9</ele><time>2023-09-12T22:55:02Z</time></trkpt>
      <trkpt lat="22.5395779" lon="113.9363846"><ele>15.8</ele><time>2023-09-12T22:55:03Z</time></trkpt>
      <trkpt lat="22.5395964" lon="113.9363823"><ele>15.8</ele><time>2023-09-12T22:55:04Z</time></trkpt>
      <trkpt lat="22.5396146" lon="113.9363787"><ele>15.8</ele><time>2023-09-12T22:55:05Z</time></trkpt>
      <trkpt lat="22.5396322" lon="113.9363745"><ele>15.7</ele><time>2023-09-12T22:55:06Z</time></trkpt>
      <trkpt lat="22.5396495" lon="113.9363688"><ele>15.7</ele><time>2023-09-12T22:55:07Z</time></trkpt>
      <trkpt lat="22.5396656" lon="113.9363608"><ele>15.7</ele><time>2023-09-12T22:55:08Z</time></trkpt>
      <trkpt lat="22.5396810" lon="113.9363517"><ele>15.7</ele><time>2023-09-12T22:55:09Z</time></trkpt>
      <trkpt lat="22.5396966" lon="113.9363420"><ele>15.6</ele><time>2023-09-12T22:55:10Z</time></trkpt>
      <trkpt lat="22.5397119" lon="113.9363322"><ele>15.6</ele><time>2023-09-12T22:55:11Z</time></trkpt>
      <trkpt lat="22.5397269" lon="113.9363219"><ele>15.6</ele><time>2023-09-12T22:55:12Z</time></trkpt>
      <trkpt lat="22.5397420" lon="113.9363114"><ele>15.5</ele><time>2023-09-12T22:55:13Z</time></trkpt>
      <trkpt lat="22.5397567" lon="113.9363008"><ele>15.5</ele><time>2023-09-12T22:55:14Z</time></trkpt>
      <trkpt lat="22.5397709" lon="113.9362894"><ele>15.5</ele><time>2023-09-12T22:55:15Z</time></trkpt>
      <trkpt lat="22.5397854" lon="113.9362779"><ele>15.4</ele><time>2023-09-12T22:55:16Z</time></trkpt>
      <trkpt lat="22.5397999" lon="113.9362670"><ele>15.4</ele><time>2023-09-12T22:55:17Z</time></trkpt>
      <trkpt lat="22.5398133" lon="113.9362554"><ele>15.4</ele><time>2023-09-12T22:55:18Z</time></trkpt>
      <trkpt lat="22.5398255" lon="113.9362427"><ele>15.3</ele><time>2023-09-12T22:55:19Z</time></trkpt>
      <trkpt lat="22.5398370" lon="113.9362294"><ele>15.3</ele><time>2023-09-12T22:55:20Z</time></trkpt>
      <trkpt lat="22.5398484" lon="113.9362158"><ele>15.3</ele><time>2023-09-12T22:55:21Z</time></trkpt>
      <trkpt lat="22.5398597" lon="113.9362021"><ele>15.2</ele><time>2023-09-12T22:55:22Z</time></trkpt>
      <trkpt lat="22.5398704" lon="113.9361880"><ele>15.2</ele><time>2023-09-12T22:55:23Z</time></trkpt>
      <trkpt lat="22.5398813" lon="113.9361742"><ele>15.2</ele><time>2023-09-12T22:55:24Z</time></trkpt>
      <trkpt lat="22.5398915" lon="113.9361598"><ele>15.1</ele><time>2023-09-12T22:55:25Z</time></trkpt>
      <trkpt lat="22.5399004" lon="113.9361441"><ele>15.1</ele><time>2023-09-12T22:55:26Z</time></trkpt>
      <trkpt lat="22.5399089" lon="113.9361279"><ele>15.1</ele><time>2023-09-12T22:55:27Z</time></trkpt>
      <trkpt lat="22.5399176" lon="113.9361120"><ele>15.0</ele><time>2023-09-12T22:55:28Z</time></trkpt>
      <trkpt lat="22.5399260" lon="113.9360960"><ele>15.0</ele><time>2023-09-12T22:55:29Z</time></trkpt>
      <trkpt lat="22.5399328" lon="113.9360791"><ele>15.0</ele><time>2023-09-12T22:55:30Z</time></trkpt>
      <trkpt lat="22.5399375" lon="113.9360611"><ele>14.9</ele><time>2023-09-12T22:55:31Z</time></trkpt>
      <trkpt lat="22.5399407" lon="113.9360423"><ele>14.9</ele><time>2023-09-12T22:55:32Z</time></trkpt>
      <trkpt lat="22.5399429" lon="113.9360231"><ele>14.9</ele><time>2023-09-12T22:55:33Z</time></trkpt>
      <trkpt lat="22.5399443" lon="113.9360035"><ele>14.9</ele><time>2023-09-12T22:55:34Z</time></trkpt>
      <trkpt lat="22.5399454" lon="113.9359839"><ele>14.9</ele><time>2023-09-12T22:55:35Z</time></trkpt>
      <trkpt lat="22.5399464" lon="113.9359644"><ele>14.9</ele><time>2023-09-12T22:55:36Z</time></trkpt>
      <trkpt lat="22.5399468" lon="113.9359451"><ele>14.8</ele><time>2023-09-12T22:55:37Z</time></trkpt>
      <trkpt lat="22.5399458" lon="113.9359257"><ele>14.8</ele><time>2023-09-12T22:55:38Z</time></trkpt>
      <trkpt lat="22.5399436" lon="113.9359061"><ele>14.8</ele><time>2023-09-12T22:55:39Z</time></trkpt>
      <trkpt lat="22.5399414" lon="113.9358866"><ele>14.8</ele><time>2023-09-12T22:55:40Z</time></trkpt>
      <trkpt lat="22.5399393" lon="113.9358669"><ele>14.8</ele><time>2023-09-12T22:55:41Z</time></trkpt>
      <trkpt lat="22.5399372" lon="113.9358471"><ele>14.8</ele><time>2023-09-12T22:55:42Z</time></trkpt>
      <trkpt lat="22.5399346" lon="113.9358275"><ele>14.8</ele><time>2023-09-12T22:55:43Z</time></trkpt>
      <trkpt lat="22.5399304" lon="113.9358083"><ele>14.7</ele><time>2023-09-12T22:55:44Z</time></trkpt>
      <trkpt lat="22.5399245" lon="113.9357895"><ele>14.7</ele><time>2023-09-12T22:55:45Z</time></trkpt>
      <trkpt lat="22.5399178" lon="113.9357710"><ele>14.7</ele><time>2023-09-12T22:55:46Z</time></trkpt>
      <trkpt lat="22.5399109" lon="113.9357525"><ele>14.7</ele><time>2023-09-12T22:55:47Z</time></trkpt>
      <trkpt lat="22.5399037" lon="113.9357343"><ele>14.7</ele><time>2023-09-12T22:55:48Z</time></trkpt>
      <trkpt lat="22.5398960" lon="113.9357166"><ele>14.7</ele><time>2023-09-12T22:55:49Z</time></trkpt>
      <trkpt lat="22.5398870" lon="113.9356995"><ele>14.6</ele><time>2023-09-12T22:55:50Z</time></trkpt>
      <trkpt lat="22.5398770" lon="113.9356831"><ele>14.6</ele><time>2023-09-12T22:55:51Z</time></trkpt>
      <trkpt lat="22.5398665" lon="113.9356671"><ele>14.6</ele><time>2023-09-12T22:55:52Z</time></trkpt>
      <trkpt lat="22.5398554" lon="113.9356516"><ele>14.6</ele><time>2023-09-12T22:55:53Z</time></trkpt>
      <trkpt lat="22.5398436" lon="113.9356366"><ele>14.6</ele><time>2023-09-12T22:55:54Z</time></trkpt>
      <trkpt lat="22.5398319" lon="113.9356216"><ele>14.5</ele><time>2023-09-12T22:55:55Z</time></trkpt>
      <trkpt lat="22.5398201" lon="113.9356072"><ele>14.5</ele><time>2023-09-12T22:55:56Z</time></trkpt>
      <trkpt lat="22.5398074" lon="113.9355941"><ele>14.5</ele><time>2023-09-12T22:55:57Z</time></trkpt>
      <trkpt lat="22.5397932" lon="113.9355821"><ele>14.4</ele><time>2023-09-12T22:55:58Z</time></trkpt>
      <trkpt lat="22.5397785" lon="113.9355703"><ele>14.4</ele><time>2023-09-12T22:55:59Z</time></trkpt>
      <trkpt lat="22.5397639" lon="113.9355584"><ele>14.4</ele><time>2023-09-12T22:56:00Z</time></trkpt>
      <trkpt lat="22.5397494" lon="113.9355467"><ele>14.4</ele><time>2023-09-12T22:56:01Z</time></trkpt>
      <trkpt lat="22.5397351" lon="113.9355355"><ele>14.3</ele><time>2023-09-12T22:56:02Z</time></trkpt>
      <trkpt lat="22.5397204" lon="113.9355251"><ele>14.3</ele><time>2023-09-12T22:56:03Z</time></trkpt>
      <trkpt lat="22.5397048" lon="113.9355161"><ele>14.3</ele><time>2023-09-12T22:56:04Z</time></trkpt>
      <trkpt lat="22.5396887" lon="113.9355081"><ele>14.3</ele><time>2023-09-12T22:56:05Z</time></trkpt>
      <trkpt lat="22.5396724" lon="113.9355008"><ele>14.2</ele><time>2023-09-12T22:56:06Z</time></trkpt>
      <trkpt lat="22.5396559" lon="113.9354949"><ele>14.2</ele><time>2023-09-12T22:56:07Z</time></trkpt>
      <trkpt lat="22.5396389" lon="113.9354906"><ele>14.2</ele><time>2023-09-12T22:56:08Z</time></trkpt>
      <trkpt lat="22.5396217" lon="113.9354870"><ele>14.2</ele><time>2023-09-12T22:56:09Z</time></trkpt>
      <trkpt lat="22.5396050" lon="113.9354835"><ele>14.2</ele><time>2023-09-12T22:56:10Z</time></trkpt>
      <trkpt lat="22.5395880" lon="113.9354812"><ele>14.2</ele><time>2023-09-12T22:56:11Z</time></trkpt>
      <trkpt lat="22.5395706" lon="113.9354793"><ele>14.1</ele><time>2023-09-12T22:56:12Z</time></trkpt>
      <trkpt lat="22.5395532" lon="113.9354771"><ele>14.1</ele><time>2023-09-12T22:56:13Z</time></trkpt>
      <trkpt lat="22.5395359" lon="113.9354746"><ele>14.1</ele><time>2023-09-12T22:56:14Z</time></trkpt>
      <trkpt lat="22.5395187" lon="113.9354717"><ele>14.1</ele><time>2023-09-12T22:56:15Z</time></trkpt>
      <trkpt lat="22.5395016" lon="113.9354697"><ele>14.1</ele><time>2023-09-12T22:56:16Z</time></trkpt>
      <trkpt lat="22.5394843" lon="113.9354691"><ele>14.1</ele><time>2023-09-12T22:56:17Z</time></trkpt>
      <trkpt lat="22.5394668" lon="113.9354686"><ele>14.1</ele><time>2023-09-12T22:56:18Z</time></trkpt>
      <trkpt lat="22.5394494" lon="113.9354678"><ele>14.1</ele><time>2023-09-12T22:56:19Z</time></trkpt>
      <trkpt lat="22.5394323" lon="113.9354672"><ele>14.1</ele><time>2023-09-12T22:56:20Z</time></trkpt>
      <trkpt lat="22.5394157" lon="113.9354654"><ele>14.1</ele><time>2023-09-12T22:56:21Z</time></trkpt>
      <trkpt lat="22.5393997" lon="113.9354632"><ele>14.1</ele><time>2023-09-12T22:56:22Z</time></trkpt>
      <trkpt lat="22.5393836" lon="113.9354625"><ele>14.1</ele><time>2023-09-12T22:56:23Z</time></trkpt>
      <trkpt lat="22.5393674" lon="113.9354624"><ele>14.1</ele><time>2023-09-12T22:56:24Z</time></trkpt>
      <trkpt lat="22.5393512" lon="113.9354623"><ele>14.1</ele><time>2023-09-12T22:56:25Z</time></trkpt>
      <trkpt lat="22.5393350" lon="113.9354617"><ele>14.1</ele><time>2023-09-12T22:56:26Z</time></trkpt>
      <trkpt lat="22.5393187" lon="113.9354609"><ele>14.0</ele><time>2023-09-12T22:56:27Z</time></trkpt>
      <trkpt lat="22.5393024" lon="113.9354608"><ele>14.0</ele><time>2023-09-12T22:56:28Z</time></trkpt>
      <trkpt lat="22.5392861" lon="113.9354615"><ele>14.0</ele><time>2023-09-12T22:56:29Z</time></trkpt>
      <trkpt lat="22.5392698" lon="113.9354625"><ele>14.0</ele><time>2023-09-12T22:56:30Z</time></trkpt>
      <trkpt lat="22.5392535" lon="113.9354629"><ele>14.0</ele><time>2023-09-12T22:56:31Z</time></trkpt>
      <trkpt lat="22.5392373" lon="113.9354628"><ele>14.0</ele><time>2023-09-12T22:56:32Z</time></trkpt>
      <trkpt lat="22.5392209" lon="113.9354631"><ele>14.0</ele><time>2023-09-12T22:56:33Z</time></trkpt>
      <trkpt lat="22.5392046" lon="113.9354635"><ele>14.0</ele><time>2023-09-12T22:56:34Z</time></trkpt>
      <trkpt lat="22.5391882" lon="113.9354638"><ele>14.0</ele><time>2023-09-12T22:56:35Z</time></trkpt>
      <trkpt lat="22.5391717" lon="113.9354645"><ele>14.0</ele><time>2023-09-12T22:56:36Z</time></trkpt>
      <trkpt lat="22.5391552" lon="113.9354653"><ele>14.0</ele><time>2023-09-12T22:56:37Z</time></trkpt>
      <trkpt lat="22.5391388" lon="113.9354651"><ele>14.0</ele><time>2023-09-12T22:56:38Z</time></trkpt>
      <trkpt lat="22.5391225" lon="113.9354629"><ele>14.0</ele><time>2023-09-12T22:56:39Z</time></trkpt>
      <trkpt lat="22.5391063" lon="113.9354594"><ele>14.0</ele><time>2023-09-12T22:56:40Z</time></trkpt>
      <trkpt lat="22.5390900" lon="113.9354569"><ele>14.0</ele><time>2023-09-12T22:56:41Z</time></trkpt>
      <trkpt lat="22.5390735" lon="113.9354561"><ele>14.0</ele><time>2023-09-12T22:56:42Z</time></trkpt>
      <trkpt lat="22.5390569" lon="113.9354563"><ele>14.0</ele><time>2023-09-12T22:56:43Z</time></trkpt>
      <trkpt lat="22.5390404" lon="113.9354562"><ele>14.0</ele><time>2023-09-12T22:56:44Z</time></trkpt>
      <trkpt lat="22.5390240" lon="113.9354562"><ele>14.0</ele><time>2023-09-12T22:56:45Z</time></trkpt>
      <trkpt lat="22.5390076" lon="113.9354568"><ele>14.1</ele><time>2023-09-12T22:56:46Z</time></trkpt>
      <trkpt lat="22.5389913" lon="113.9354578"><ele>14.1</ele><time>2023-09-12T22:56:47Z</time></trkpt>
      <trkpt lat="22.5389750" lon="113.9354589"><ele>14.1</ele><time>2023-09-12T22:56:48Z</time></trkpt>
      <trkpt lat="22.5389586" lon="113.9354599"><ele>14.1</ele><time>2023-09-12T22:56:49Z</time></trkpt>
      <trkpt lat="22.5389424" lon="113.9354606"><ele>14.1</ele><time>2023-09-12T22:56:50Z</time></trkpt>
      <trkpt lat="22.5389262" lon="113.9354613"><ele>14.1</ele><time>2023-09-12T22:56:51Z</time></trkpt>
      <trkpt lat="22.5389095" lon="113.9354624"><ele>14.1</ele><time>2023-09-12T22:56:52Z</time></trkpt>
      <trkpt lat="22.5388924" lon="113.9354640"><ele>14.2</ele><time>2023-09-12T22:56:53Z</time></trkpt>
      <trkpt lat="22.5388755" lon="113.9354661"><ele>14.2</ele><time>2023-09-12T22:56:54Z</time></trkpt>
      <trkpt lat="22.5388584" lon="113.9354688"><ele>14.2</ele><time>2023-09-12T22:56:55Z</time></trkpt>
      <trkpt lat="22.5388413" lon="113.9354712"><ele>14.2</ele><time>2023-09-12T22:56:56Z</time></trkpt>
      <trkpt lat="22.5388246" lon="113.9354720"><ele>14.2</ele><time>2023-09-12T22:56:57Z</time></trkpt>
      <trkpt lat="22.5388083" lon="113.9354721"><ele>14.2</ele><time>2023-09-12T22:56:58Z</time></trkpt>
      <trkpt lat="22.5387922" lon="113.9354729"><ele>14.3</ele><time>2023-09-12T22:56:59Z</time></trkpt>
      <trkpt lat="22.5387760" lon="113.9354736"><ele>14.3</ele><time>2023-09-12T22:57:00Z</time></trkpt>
      <trkpt lat="22.5387598" lon="113.9354746"><ele>14.3</ele><time>2023-09-12T22:57:01Z</time></trkpt>
      <trkpt lat="22.5387437" lon="113.9354764"><ele>14.3</ele><time>2023-09-12T22:57:02Z</time></trkpt>
      <trkpt lat="22.5387276" lon="113.9354786"><ele>14.4</ele><time>2023-09-12T22:57:03Z</time></trkpt>
      <trkpt lat="22.5387115" lon="113.9354813"><ele>14.4</ele><time>2023-09-12T22:57:04Z</time></trkpt>
      <trkpt lat="22.5386958" lon="113.9354850"><ele>14.4</ele><time>2023-09-12T22:57:05Z</time></trkpt>
      <trkpt lat="22.5386803" lon="113.9354899"><ele>14.5</ele><time>2023-09-12T22:57:06Z</time></trkpt>
      <trkpt lat="22.5386650" lon="113.9354951"><ele>14.5</ele><time>2023-09-12T22:57:07Z</time></trkpt>
      <trkpt lat="22.5386498" lon="113.9355006"><ele>14.5</ele><time>2023-09-12T22:57:08Z</time></trkpt>
      <trkpt lat="22.5386348" lon="113.9355068"><ele>14.6</ele><time>2023-09-12T22:57:09Z</time></trkpt>
      <trkpt lat="22.5386198" lon="113.9355137"><ele>14.6</ele><time>2023-09-12T22:57:10Z</time></trkpt>
      <trkpt lat="22.5386049" lon="113.9355210"><ele>14.7</ele><time>2023-09-12T22:57:11Z</time></trkpt>
      <trkpt lat="22.5385904" lon="113.9355297"><ele>14.8</ele><time>2023-09-12T22:57:12Z</time></trkpt>
      <trkpt lat="22.5385766" lon="113.9355398"><ele>14.8</ele><time>2023-09-12T22:57:13Z</time></trkpt>
      <trkpt lat="22.5385630" lon="113.9355500"><ele>14.9</ele><time>2023-09-12T22:57:14Z</time></trkpt>
      <trkpt lat="22.5385495" lon="113.9355602"><ele>15.0</ele><time>2023-09-12T22:57:15Z</time></trkpt>
      <trkpt lat="22.5385371" lon="113.9355718"><ele>15.1</ele><time>2023-09-12T22:57:16Z</time></trkpt>
      <trkpt lat="22.5385255" lon="113.9355846"><ele>15.2</ele><time>2023-09-12T22:57:17Z</time></trkpt>
      <trkpt lat="22.5385143" lon="113.9355981"><ele>15.3</ele><time>2023-09-12T22:57:18Z</time></trkpt>
      <trkpt lat="22.5385035" lon="113.9356128"><ele>15.4</ele><time>2023-09-12T22:57:19Z</time></trkpt>
      <trkpt lat="22.5384929" lon="113.9356275"><ele>15.5</ele><time>2023-09-12T22:57:20Z</time></trkpt>
      <trkpt lat="22.5384820" lon="113.9356411"><ele>15.6</ele><time>2023-09-12T22:57:21Z</time></trkpt>
      <trkpt lat="22.5384716" lon="113.9356550"><ele>15.7</ele><time>2023-09-12T22:57:22Z</time></trkpt>
      <trkpt lat="22.5384624" lon="113.9356698"><ele>15.8</ele><time>2023-09-12T22:57:23Z</time></trkpt>
      <trkpt lat="22.5384533" lon="113.9356847"><ele>15.9</ele><time>2023-09-12T22:57:24Z</time></trkpt>
      <trkpt lat="22.5384444" lon="113.9356995"><ele>16.1</ele><time>2023-09-12T22:57:25Z</time></trkpt>
      <trkpt lat="22.5384366" lon="113.9357151"><ele>16.2</ele><time>2023-09-12T22:57:26Z</time></trkpt>
      <trkpt lat="22.5384296" lon="113.9357313"><ele>16.3</ele><time>2023-09-12T22:57:27Z</time></trkpt>
      <trkpt lat="22.5384232" lon="113.9357482"><ele>16.4</ele><time>2023-09-12T22:57:28Z</time></trkpt>
      <trkpt lat="22.5384166" lon="113.9357652"><ele>16.6</ele><time>2023-09-12T22:57:29Z</time></trkpt>
      <trkpt lat="22.5384097" lon="113.9357822"><ele>16.7</ele><time>2023-09-12T22:57:30Z</time></trkpt>
      <trkpt lat="22.5384045" lon="113.9357996"><ele>16.8</ele><time>2023-09-12T22:57:31Z</time></trkpt>
      <trkpt lat="22.5384003" lon="113.9358174"><ele>16.9</ele><time>2023-09-12T22:57:32Z</time></trkpt>
      <trkpt lat="22.5383962" lon="113.9358352"><ele>17.1</ele><time>2023-09-12T22:57:33Z</time></trkpt>
      <trkpt lat="22.5383925" lon="113.9358533"><ele>17.2</ele><time>2023-09-12T22:57:34Z</time></trkpt>
      <trkpt lat="22.5383895" lon="113.9358717"><ele>17.3</ele><time>2023-09-12T22:57:35Z</time></trkpt>
      <trkpt lat="22.5383873" lon="113.9358903"><ele>17.4</ele><time>2023-09-12T22:57:36Z</time></trkpt>
      <trkpt lat="22.5383852" lon="113.9359091"><ele>17.5</ele><time>2023-09-12T22:57:37Z</time></trkpt>
      <trkpt lat="22.5383831" lon="113.9359277"><ele>17.6</ele><time>2023-09-12T22:57:38Z</time></trkpt>
      <trkpt lat="22.5383818" lon="113.9359464"><ele>17.7</ele><time>2023-09-12T22:57:39Z</time></trkpt>
      <trkpt lat="22.5383812" lon="113.9359654"><ele>17.8</ele><time>2023-09-12T22:57:40Z</time></trkpt>
      <trkpt lat="22.5383825" lon="113.9359850"><ele>17.9</ele><time>2023-09-12T22:57:41Z</time></trkpt>
      <trkpt lat="22.5383865" lon="113.9360054"><ele>18.0</ele><time>2023-09-12T22:57:42Z</time></trkpt>
      <trkpt lat="22.5383927" lon="113.9360256"><ele>18.1</ele><time>2023-09-12T22:57:43Z</time></trkpt>
      <trkpt lat="22.5383984" lon="113.9360448"><ele>18.2</ele><time>2023-09-12T22:57:44Z</time></trkpt>
      <trkpt lat="22.5384036" lon="113.9360638"><ele>18.2</ele><time>2023-09-12T22:57:45Z</time></trkpt>
      <trkpt lat="22.5384092" lon="113.9360822"><ele>18.3</ele><time>2023-09-12T22:57:46Z</time></trkpt>
      <trkpt lat="22.5384150" lon="113.9361004"><ele>18.3</ele><time>2023-09-12T22:57:47Z</time></trkpt>
      <trkpt lat="22.5384207" lon="113.9361187"><ele>18.4</ele><time>2023-09-12T22:57:48Z</time></trkpt>
      <trkpt lat="22.5384266" lon="113.9361372"><ele>18.4</ele><time>2023-09-12T22:57:49Z</time></trkpt>
      <trkpt lat="22.5384343" lon="113.9361550"><ele>18.4</ele><time>2023-09-12T22:57:50Z</time></trkpt>
      <trkpt lat="22.5384428" lon="113.9361728"><ele>18.4</ele><time>2023-09-12T22:57:51Z</time></trkpt>
      <trkpt lat="22.5384512" lon="113.9361907"><ele>18.5</ele><time>2023-09-12T22:57:52Z</time></trkpt>
      <trkpt lat="22.5384605" lon="113.9362078"><ele>18.5</ele><time>2023-09-12T22:57:53Z</time></trkpt>
      <trkpt lat="22.5384714" lon="113.9362237"><ele>18.5</ele><time>2023-09-12T22:57:54Z</time></trkpt>
      <trkpt lat="22.5384831" lon="113.9362391"><ele>18.5</ele><time>2023-09-12T22:57:55Z</time></trkpt>
      <trkpt lat="22.5384954" lon="113.9362536"><ele>18.5</ele><time>2023-09-12T22:57:56Z</time></trkpt>
      <trkpt lat="22.5385076" lon="113.9362681"><ele>18.4</ele><time>2023-09-12T22:57:57Z</time></trkpt>
      <trkpt lat="22.5385193" lon="113.9362828"><ele>18.4</ele><time>2023-09-12T22:57:58Z</time></trkpt>
      <trkpt lat="22.5385312" lon="113.9362971"><ele>18.4</ele><time>2023-09-12T22:57:59Z</time></trkpt>
      <trkpt lat="22.5385442" lon="113.9363106"><ele>18.4</ele><time>2023-09-12T22:58:00Z</time></trkpt>
      <trkpt lat="22.5385590" lon="113.9363228"><ele>18.4</ele><time>2023-09-12T22:58:01Z</time></trkpt>
      <trkpt lat="22.5385752" lon="113.9363335"><ele>18.3</ele><time>2023-09-12T22:58:02Z</time></trkpt>
      <trkpt lat="22.5385917" lon="113.9363435"><ele>18.3</ele><time>2023-09-12T22:58:03Z</time></trkpt>
      <trkpt lat="22.5386085" lon="113.9363524"><ele>18.3</ele><time>2023-09-12T22:58:04Z</time></trkpt>
      <trkpt lat="22.5386261" lon="113.9363598"><ele>18.2</ele><time>2023-09-12T22:58:05Z</time></trkpt>
      <trkpt lat="22.5386442" lon="113.9363658"><ele>18.2</ele><time>2023-09-12T22:58:06Z</time></trkpt>
      <trkpt lat="22.5386627" lon="113.9363709"><ele>18.1</ele><time>2023-09-12T22:58:07Z</time></trkpt>
      <trkpt lat="22.5386817" lon="113.9363756"><ele>18.1</ele><time>2023-09-12T22:58:08Z</time></trkpt>
      <trkpt lat="22.5387009" lon="113.9363808"><ele>18.0</ele><time>2023-09-12T22:58:09Z</time></trkpt>
      <trkpt lat="22.5387206" lon="113.9363852"><ele>17.9</ele><time>2023-09-12T22:58:10Z</time></trkpt>
      <trkpt lat="22.5387405" lon="113.9363885"><ele>17.9</ele><time>2023-09-12T22:58:11Z</time></trkpt>
      <trkpt lat="22.5387603" lon="113.9363917"><ele>17.8</ele><time>2023-09-12T22:58:12Z</time></trkpt>
      <trkpt lat="22.5387803" lon="113.9363937"><ele>17.7</ele><time>2023-09-12T22:58:13Z</time></trkpt>
      <trkpt lat="22.5388003" lon="113.9363934"><ele>17.6</ele><time>2023-09-12T22:58:14Z</time></trkpt>
      <trkpt lat="22.5388203" lon="113.9363925"><ele>17.6</ele><time>2023-09-12T22:58:15Z</time></trkpt>
      <trkpt lat="22.5388405" lon="113.9363933"><ele>17.5</ele><time>2023-09-12T22:58:16Z</time></trkpt>
      <trkpt lat="22.5388604" lon="113.9363952"><ele>17.4</ele><time>2023-09-12T22:58:17Z</time></trkpt>
      <trkpt lat="22.5388801" lon="113.9363967"><ele>17.3</ele><time>2023-09-12T22:58:18Z</time></trkpt>
      <trkpt lat="22.5388999" lon="113.9363984"><ele>17.2</ele><time>2023-09-12T22:58:19Z</time></trkpt>
      <trkpt lat="22.5389198" lon="113.9364000"><ele>17.1</ele><time>2023-09-12T22:58:20Z</time></trkpt>
      <trkpt lat="22.5389400" lon="113.9364009"><ele>17.0</ele><time>2023-09-12T22:58:21Z</time></trkpt>
      <trkpt lat="22.5389601" lon="113.9364013"><ele>16.8</ele><time>2023-09-12T22:58:22Z</time></trkpt>
      <trkpt lat="22.5389799" lon="113.9364007"><ele>16.7</ele><time>2023-09-12T22:58:23Z</time></trkpt>
      <trkpt lat="22.5389992" lon="113.9363991"><ele>16.6</ele><time>2023-09-12T22:58:24Z</time></trkpt>
      <trkpt lat="22.5390185" lon="113.9363975"><ele>16.5</ele><time>2023-09-12T22:58:25Z</time></trkpt>
      <trkpt lat="22.5390387" lon="113.9363962"><ele>16.4</ele><time>2023-09-12T22:58:26Z</time></trkpt>
      <trkpt lat="22.5390587" lon="113.9363952"><ele>16.3</ele><time>2023-09-12T22:58:27Z</time></trkpt>
      <trkpt lat="22.5390780" lon="113.9363950"><ele>16.2</ele><time>2023-09-12T22:58:28Z</time></trkpt>
      <trkpt lat="22.5390977" lon="113.9363951"><ele>16.0</ele><time>2023-09-12T22:58:29Z</time></trkpt>
      <trkpt lat="22.5391182" lon="113.9363957"><ele>15.9</ele><time>2023-09-12T22:58:30Z</time></trkpt>
      <trkpt lat="22.5391391" lon="113.9363965"><ele>15.8</ele><time>2023-09-12T22:58:31Z</time></trkpt>
      <trkpt lat="22.5391596" lon="113.9363973"><ele>15.7</ele><time>2023-09-12T22:58:32Z</time></trkpt>
      <trkpt lat="22.5391790" lon="113.9363984"><ele>15.6</ele><time>2023-09-12T22:58:33Z</time></trkpt>
      <trkpt lat="22.5391979" lon="113.9363983"><ele>15.5</ele><time>2023-09-12T22:58:34Z</time></trkpt>
      <trkpt lat="22.5392168" lon="113.9363970"><ele>15.4</ele><time>2023-09-12T22:58:35Z</time></trkpt>
      <trkpt lat="22.5392356" lon="113.9363961"><ele>15.3</ele><time>2023-09-12T22:58:36Z</time></trkpt>
      <trkpt lat="22.5392551" lon="113.9363951"><ele>15.2</ele><time>2023-09-12T22:58:37Z</time></trkpt>
      <trkpt lat="22.5392744" lon="113.9363939"><ele>15.1</ele><time>2023-09-12T22:58:38Z</time></trkpt>
      <trkpt lat="22.5392932" lon="113.9363928"><ele>15.0</ele><time>2023-09-12T22:58:39Z</time></trkpt>
      <trkpt lat="22.5393119" lon="113.9363913"><ele>14.9</ele><time>2023-09-12T22:58:40Z</time></trkpt>
      <trkpt lat="22.5393307" lon="113.9363900"><ele>14.8</ele><time>2023-09-12T22:58:41Z</time></trkpt>
      <trkpt lat="22.5393491" lon="113.9363887"><ele>14.7</ele><time>2023-09-12T22:58:42Z</time></trkpt>
      <trkpt lat="22.5393674" lon="113.9363866"><ele>14.6</ele><time>2023-09-12T22:58:43Z</time></trkpt>
      <trkpt lat="22.5393856" lon="113.9363844"><ele>14.5</ele><time>2023-09-12T22:58:44Z</time></trkpt>
      <trkpt lat="22.5394040" lon="113.9363825"><ele>14.5</ele><time>2023-09-12T22:58:45Z</time></trkpt>
      <trkpt lat="22.5394227" lon="113.9363821"><ele>14.4</ele><time>2023-09-12T22:58:46Z</time></trkpt>
      <trkpt lat="22.5394410" lon="113.9363836"><ele>14.3</ele><time>2023-09-12T22:58:47Z</time></trkpt>
      <trkpt lat="22.5394593" lon="113.9363857"><ele>14.2</ele><time>2023-09-12T22:58:48Z</time></trkpt>
      <trkpt lat="22.5394784" lon="113.9363881"><ele>14.2</ele><time>2023-09-12T22:58:49Z</time></trkpt>
      <trkpt lat="22.5394979" lon="113.9363905"><ele>14.1</ele><time>2023-09-12T22:58:50Z</time></trkpt>
      <trkpt lat="22.5395170" lon="113.9363917"><ele>14.1</ele><time>2023-09-12T22:58:51Z</time></trkpt>
      <trkpt lat="22.5395353" lon="113.9363918"><ele>14.0</ele><time>2023-09-12T22:58:52Z</time></trkpt>
      <trkpt lat="22.5395531" lon="113.9363907"><ele>13.9</ele><time>2023-09-12T22:58:53Z</time></trkpt>
      <trkpt lat="22.5395711" lon="113.9363881"><ele>13.9</ele><time>2023-09-12T22:58:54Z</time></trkpt>
      <trkpt lat="22.5395890" lon="113.9363843"><ele>13.8</ele><time>2023-09-12T22:58:55Z</time></trkpt>
      <trkpt lat="22.5396064" lon="113.9363797"><ele>13.8</ele><time>2023-09-12T22:58:56Z</time></trkpt>
      <trkpt lat="22.5396236" lon="113.9363750"><ele>13.8</ele><time>2023-09-12T22:58:57Z</time></trkpt>
      <trkpt lat="22.5396403" lon="113.9363712"><ele>13.7</ele><time>2023-09-12T22:58:58Z</time></trkpt>
      <trkpt lat="22.5396565" lon="113.9363675"><ele>13.7</ele><time>2023-09-12T22:58:59Z</time></trkpt>
      <trkpt lat="22.5396726" lon="113.9363621"><ele>13.7</ele><time>2023-09-12T22:59:00Z</time></trkpt>
      <trkpt lat="22.5396890" lon="113.9363559"><ele>13.6</ele><time>2023-09-12T22:59:01Z</time></trkpt>
      <trkpt lat="22.5397052" lon="113.9363498"><ele>13.6</ele><time>2023-09-12T22:59:02Z</time></trkpt>
      <trkpt lat="22.5397210" lon="113.9363429"><ele>13.6</ele><time>2023-09-12T22:59:03Z</time></trkpt>
      <trkpt lat="22.5397360" lon="113.9363351"><ele>13.6</ele><time>2023-09-12T22:59:04Z</time></trkpt>
      <trkpt lat="22.5397503" lon="113.9363263"><ele>13.6</ele><time>2023-09-12T22:59:05Z</time></trkpt>
      <trkpt lat="22.5397643" lon="113.9363163"><ele>13.6</ele><time>2023-09-12T22:59:06Z</time></trkpt>
      <trkpt lat="22.5397779" lon="113.9363051"><ele>13.6</ele><time>2023-09-12T22:59:07Z</time></trkpt>
      <trkpt lat="22.5397911" lon="113.9362937"><ele>13.6</ele><time>2023-09-12T22:59:08Z</time></trkpt>
      <trkpt lat="22.5398039" lon="113.9362825"><ele>13.6</ele><time>2023-09-12T22:59:09Z</time></trkpt>
      <trkpt lat="22.5398166" lon="113.9362708"><ele>13.6</ele><time>2023-09-12T22:59:10Z</time></trkpt>
      <trkpt lat="22.5398285" lon="113.9362583"><ele>13.6</ele><time>2023-09-12T22:59:11Z</time></trkpt>
      <trkpt lat="22.5398392" lon="113.9362445"><ele>13.6</ele><time>2023-09-12T22:59:12Z</time></trkpt>
      <trkpt lat="22.5398493" lon="113.9362299"><ele>13.6</ele><time>2023-09-12T22:59:13Z</time></trkpt>
      <trkpt lat="22.5398588" lon="113.9362150"><ele>13.6</ele><time>2023-09-12T22:59:14Z</time></trkpt>
      <trkpt lat="22.5398679" lon="113.9362002"><ele>13.6</ele><time>2023-09-12T22:59:15Z</time></trkpt>
      <trkpt lat="22.5398772" lon="113.9361855"><ele>13.6</ele><time>2023-09-12T22:59:16Z</time></trkpt>
      <trkpt lat="22.5398861" lon="113.9361702"><ele>13.7</ele><time>2023-09-12T22:59:17Z</time></trkpt>
      <trkpt lat="22.5398939" lon="113.9361542"><ele>13.7</ele><time>2023-09-12T22:59:18Z</time></trkpt>
      <trkpt lat="22.5399015" lon="113.9361381"><ele>13.7</ele><time>2023-09-12T22:59:19Z</time></trkpt>
      <trkpt lat="22.5399089" lon="113.9361221"><ele>13.7</ele><time>2023-09-12T22:59:20Z</time></trkpt>
      <trkpt lat="22.5399160" lon="113.9361059"><ele>13.8</ele><time>2023-09-12T22:59:21Z</time></trkpt>
      <trkpt lat="22.5399227" lon="113.9360895"><ele>13.8</ele><time>2023-09-12T22:59:22Z</time></trkpt>
      <trkpt lat="22.5399286" lon="113.9360728"><ele>13.8</ele><time>2023-09-12T22:59:23Z</time></trkpt>
      <trkpt lat="22.5399333" lon="113.9360557"><ele>13.8</ele><time>2023-09-12T22:59:24Z</time></trkpt>
      <trkpt lat="22.5399370" lon="113.9360387"><ele>13.9</ele><time>2023-09-12T22:59:25Z</time></trkpt>
      <trkpt lat="22.5399395" lon="113.9360217"><ele>13.9</ele><time>2023-09-12T22:59:26Z</time></trkpt>
      <trkpt lat="22.5399410" lon="113.9360047"><ele>13.9</ele><time>2023-09-12T22:59:27Z</time></trkpt>
      <trkpt lat="22.5399426" lon="113.9359878"><ele>14.0</ele><time>2023-09-12T22:59:28Z</time></trkpt>
      <trkpt lat="22.5399441" lon="113.9359709"><ele>14.0</ele><time>2023-09-12T22:59:29Z</time></trkpt>
      <trkpt lat="22.5399456" lon="113.9359536"><ele>14.0</ele><time>2023-09-12T22:59:30Z</time></trkpt>
      <trkpt lat="22.5399459" lon="113.9359357"><ele>14.0</ele><time>2023-09-12T22:59:31Z</time></trkpt>
      <trkpt lat="22.5399450" lon="113.9359173"><ele>14.1</ele><time>2023-09-12T22:59:32Z</time></trkpt>
      <trkpt lat="22.5399445" lon="113.9358984"><ele>14.1</ele><time>2023-09-12T22:59:33Z</time></trkpt>
      <trkpt lat="22.5399441" lon="113.9358799"><ele>14.1</ele><time>2023-09-12T22:59:34Z</time></trkpt>
      <trkpt lat="22.5399428" lon="113.9358624"><ele>14.2</ele><time>2023-09-12T22:59:35Z</time></trkpt>
      <trkpt lat="22.5399417" lon="113.9358455"><ele>14.2</ele><time>2023-09-12T22:59:36Z</time></trkpt>
      <trkpt lat="22.5399409" lon="113.9358288"><ele>14.2</ele><time>2023-09-12T22:59:37Z</time></trkpt>
      <trkpt lat="22.5399394" lon="113.9358122"><ele>14.2</ele><time>2023-09-12T22:59:38Z</time></trkpt>
      <trkpt lat="22.5399363" lon="113.9357957"><ele>14.3</ele><time>2023-09-12T22:59:39Z</time></trkpt>
      <trkpt lat="22.5399315" lon="113.9357794"><ele>14.3</ele><time>2023-09-12T22:59:40Z</time></trkpt>
      <trkpt lat="22.5399255" lon="113.9357625"><ele>14.3</ele><time>2023-09-12T22:59:41Z</time></trkpt>
      <trkpt lat="22.5399190" lon="113.9357452"><ele>14.3</ele><time>2023-09-12T22:59:42Z</time></trkpt>
      <trkpt lat="22.5399129" lon="113.9357286"><ele>14.3</ele><time>2023-09-12T22:59:43Z</time></trkpt>
      <trkpt lat="22.5399063" lon="113.9357132"><ele>14.3</ele><time>2023-09-12T22:59:44Z</time></trkpt>
      <trkpt lat="22.5398989" lon="113.9356983"><ele>14.3</ele><time>2023-09-12T22:59:45Z</time></trkpt>
      <trkpt lat="22.5398914" lon="113.9356835"><ele>14.3</ele><time>2023-09-12T22:59:46Z</time></trkpt>
      <trkpt lat="22.5398832" lon="113.9356690"><ele>14.3</ele><time>2023-09-12T22:59:47Z</time></trkpt>
      <trkpt lat="22.5398741" lon="113.9356551"><ele>14.3</ele><time>2023-09-12T22:59:48Z</time></trkpt>
      <trkpt lat="22.5398646" lon="113.9356414"><ele>14.3</ele><time>2023-09-12T22:59:49Z</time></trkpt>
      <trkpt lat="22.5398545" lon="113.9356284"><ele>14.3</ele><time>2023-09-12T22:59:50Z</time></trkpt>
      <trkpt lat="22.5398440" lon="113.9356156"><ele>14.3</ele><time>2023-09-12T22:59:51Z</time></trkpt>
      <trkpt lat="22.5398334" lon="113.9356028"><ele>14.3</ele><time>2023-09-12T22:59:52Z</time></trkpt>
      <trkpt lat="22.5398225" lon="113.9355903"><ele>14.3</ele><time>2023-09-12T22:59:53Z</time></trkpt>
      <trkpt lat="22.5398110" lon="113.9355784"><ele>14.2</ele><time>2023-09-12T22:59:54Z</time></trkpt>
      <trkpt lat="22.5397988" lon="113.9355673"><ele>14.2</ele><time>2023-09-12T22:59:55Z</time></trkpt>
      <trkpt lat="22.5397859" lon="113.9355571"><ele>14.2</ele><time>2023-09-12T22:59:56Z</time></trkpt>
      <trkpt lat="22.5397723" lon="113.9355477"><ele>14.1</ele><time>2023-09-12T22:59:57Z</time></trkpt>
      <trkpt lat="22.5397585" lon="113.9355385"><ele>14.1</ele><time>2023-09-12T22:59:58Z</time></trkpt>
      <trkpt lat="22.5397446" lon="113.9355298"><ele>14.1</ele><time>2023-09-12T22:59:59Z</time></trkpt>
      <trkpt lat="22.5397303" lon="113.9355217"><ele>14.0</ele><time>2023-09-12T23:00:00Z</time></trkpt>
      <trkpt lat="22.5397156" lon="113.9355144"><ele>14.0</ele><time>2023-09-12T23:00:01Z</time></trkpt>
      <trkpt lat="22.5397008" lon="113.9355074"><ele>13.9</ele><time>2023-09-12T23:00:02Z</time></trkpt>
      <trkpt lat="22.5396859" lon="113.9355008"><ele>13.8</ele><time>2023-09-12T23:00:03Z</time></trkpt>
      <trkpt lat="22.5396706" lon="113.9354951"><ele>13.8</ele><time>2023-09-12T23:00:04Z</time></trkpt>
      <trkpt lat="22.5396549" lon="113.9354904"><ele>13.7</ele><time>2023-09-12T23:00:05Z</time></trkpt>
      <trkpt lat="22.5396390" lon="113.9354864"><ele>13.7</ele><time>2023-09-12T23:00:06Z</time></trkpt>
      <trkpt lat="22.5396229" lon="113.9354832"><ele>13.6</ele><time>2023-09-12T23:00:07Z</time></trkpt>
      <trkpt lat="22.5396068" lon="113.9354799"><ele>13.6</ele><time>2023-09-12T23:00:08Z</time></trkpt>
      <trkpt lat="22.5395909" lon="113.9354762"><ele>13.5</ele><time>2023-09-12T23:00:09Z</time></trkpt>
      <trkpt lat="22.5395748" lon="113.9354728"><ele>13.5</ele><time>2023-09-12T23:00:10Z</time></trkpt>
      <trkpt lat="22.5395585" lon="113.9354701"><ele>13.4</ele><time>2023-09-12T23:00:11Z</time></trkpt>
      <trkpt lat="22.5395421" lon="113.9354682"><ele>13.4</ele><time>2023-09-12T23:00:12Z</time></trkpt>
      <trkpt lat="22.5395257" lon="113.9354666"><ele>13.3</ele><time>2023-09-12T23:00:13Z</time></trkpt>
      <trkpt lat="22.5395091" lon="113.9354648"><ele>13.3</ele><time>2023-09-12T23:00:14Z</time></trkpt>
      <trkpt lat="22.5394926" lon="113.9354637"><ele>13.3</ele><time>2023-09-12T23:00:15Z</time></trkpt>
      <trkpt lat="22.5394760" lon="113.9354634"><ele>13.2</ele><time>2023-09-12T23:00:16Z</time></trkpt>
      <trkpt lat="22.5394593" lon="113.9354642"><ele>13.2</ele><time>2023-09-12T23:00:17Z</time></trkpt>
      <trkpt lat="22.5394426" lon="113.9354655"><ele>13.2</ele><time>2023-09-12T23:00:18Z</time></trkpt>
      <trkpt lat="22.5394258" lon="113.9354667"><ele>13.1</ele><time>2023-09-12T23:00:19Z</time></trkpt>
      <trkpt lat="22.5394090" lon="113.9354679"><ele>13.1</ele><time>2023-09-12T23:00:20Z</time></trkpt>
      <trkpt lat="22.5393920" lon="113.9354684"><ele>13.1</ele><time>2023-09-12T23:00:21Z</time></trkpt>
      <trkpt lat="22.5393750" lon="113.9354681"><ele>13.1</ele><time>2023-09-12T23:00:22Z</time></trkpt>
      <trkpt lat="22.5393580" lon="113.9354673"><ele>13.1</ele><time>2023-09-12T23:00:23Z</time></trkpt>
      <trkpt lat="22.5393410" lon="113.9354661"><ele>13.0</ele><time>2023-09-12T23:00:24Z</time></trkpt>
      <trkpt lat="22.5393239" lon="113.9354650"><ele>13.0</ele><time>2023-09-12T23:00:25Z</time></trkpt>
      <trkpt lat="22.5393067" lon="113.9354642"><ele>13.0</ele><time>2023-09-12T23:00:26Z</time></trkpt>
      <trkpt lat="22.5392895" lon="113.9354633"><ele>13.0</ele><time>2023-09-12T23:00:27Z</time></trkpt>
      <trkpt lat="22.5392722" lon="113.9354621"><ele>13.0</ele><time>2023-09-12T23:00:28Z</time></trkpt>
      <trkpt lat="22.5392548" lon="113.9354610"><ele>13.0</ele><time>2023-09-12T23:00:29Z</time></trkpt>
      <trkpt lat="22.5392374" lon="113.9354606"><ele>13.0</ele><time>2023-09-12T23:00:30Z</time></trkpt>
      <trkpt lat="22.5392198" lon="113.9354615"><ele>13.0</ele><time>2023-09-12T23:00:31Z</time></trkpt>
      <trkpt lat="22.5392022" lon="113.9354631"><ele>13.0</ele><time>2023-09-12T23:00:32Z</time></trkpt>
      <trkpt lat="22.5391847" lon="113.9354640"><ele>13.0</ele><time>2023-09-12T23:00:33Z</time></trkpt>
      <trkpt lat="22.5391670" lon="113.9354643"><ele>13.0</ele><time>2023-09-12T23:00:34Z</time></trkpt>
      <trkpt lat="22.5391492" lon="113.9354642"><ele>13.0</ele><time>2023-09-12T23:00:35Z</time></trkpt>
      <trkpt lat="22.5391315" lon="113.9354638"><ele>13.0</ele><time>2023-09-12T23:00:36Z</time></trkpt>
      <trkpt lat="22.5391139" lon="113.9354630"><ele>13.0</ele><time>2023-09-12T23:00:37Z</time></trkpt>
      <trkpt lat="22.5390965" lon="113.9354622"><ele>13.0</ele><time>2023-09-12T23:00:38Z</time></trkpt>
      <trkpt lat="22.5390791" lon="113.9354624"><ele>13.0</ele><time>2023-09-12T23:00:39Z</time></trkpt>
      <trkpt lat="22.5390615" lon="113.9354627"><ele>13.0</ele><time>2023-09-12T23:00:40Z</time></trkpt>
      <trkpt lat="22.5390439" lon="113.9354632"><ele>13.0</ele><time>2023-09-12T23:00:41Z</time></trkpt>
      <trkpt lat="22.5390261" lon="113.9354640"><ele>13.0</ele><time>2023-09-12T23:00:42Z</time></trkpt>
      <trkpt lat="22.5390082" lon="113.9354649"><ele>13.0</ele><time>2023-09-12T23:00:43Z</time></trkpt>
      <trkpt lat="22.5389904" lon="113.9354654"><ele>13.0</ele><time>2023-09-12T23:00:44Z</time></trkpt>
      <trkpt lat="22.5389725" lon="113.9354653"><ele>13.0</ele><time>2023-09-12T23:00:45Z</time></trkpt>
      <trkpt lat="22.5389544" lon="113.9354654"><ele>13.0</ele><time>2023-09-12T23:00:46Z</time></trkpt>
      <trkpt lat="22.5389364" lon="113.9354658"><ele>13.0</ele><time>2023-09-12T23:00:47Z</time></trkpt>
      <trkpt lat="22.5389185" lon="113.9354659"><ele>13.1</ele><time>2023-09-12T23:00:48Z</time></trkpt>
      <trkpt lat="22.5389007" lon="113.9354660"><ele>13.1</ele><time>2023-09-12T23:00:49Z</time></trkpt>
      <trkpt lat="22.5388830" lon="113.9354663"><ele>13.1</ele><time>2023-09-12T23:00:50Z</time></trkpt>
      <trkpt lat="22.5388652" lon="113.9354683"><ele>13.1</ele><time>2023-09-12T23:00:51Z</time></trkpt>
      <trkpt lat="22.5388474" lon="113.9354717"><ele>13.1</ele><time>2023-09-12T23:00:52Z</time></trkpt>
      <trkpt lat="22.5388295" lon="113.9354753"><ele>13.2</ele><time>2023-09-12T23:00:53Z</time></trkpt>
      <trkpt lat="22.5388117" lon="113.9354788"><ele>13.2</ele><time>2023-09-12T23:00:54Z</time></trkpt>
      <trkpt lat="22.5387945" lon="113.9354823"><ele>13.2</ele><time>2023-09-12T23:00:55Z</time></trkpt>
      <trkpt lat="22.5387776" lon="113.9354866"><ele>13.3</ele><time>2023-09-12T23:00:56Z</time></trkpt>
      <trkpt lat="22.5387603" lon="113.9354910"><ele>13.3</ele><time>2023-09-12T23:00:57Z</time></trkpt>
      <trkpt lat="22.5387425" lon="113.9354946"><ele>13.3</ele><time>2023-09-12T23:00:58Z</time></trkpt>
      <trkpt lat="22.5387247" lon="113.9354972"><ele>13.4</ele><time>2023-09-12T23:00:59Z</time></trkpt>
      <trkpt lat="22.5387070" lon="113.9354993"><ele>13.4</ele><time>2023-09-12T23:01:00Z</time></trkpt>
      <trkpt lat="22.5386897" lon="113.9355028"><ele>13.5</ele><time>2023-09-12T23:01:01Z</time></trkpt>
      <trkpt lat="22.5386730" lon="113.9355087"><ele>13.5</ele><time>2023-09-12T23:01:02Z</time></trkpt>
      <trkpt lat="22.5386564" lon="113.9355158"><ele>13.6</ele><time>2023-09-12T23:01:03Z</time></trkpt>
      <trkpt lat="22.5386403" lon="113.9355230"><ele>13.7</ele><time>2023-09-12T23:01:04Z</time></trkpt>
      <trkpt lat="22.5386245" lon="113.9355309"><ele>13.7</ele><time>2023-09-12T23:01:05Z</time></trkpt>
      <trkpt lat="22.5386087" lon="113.9355398"><ele>13.8</ele><time>2023-09-12T23:01:06Z</time></trkpt>
      <trkpt lat="22.5385932" lon="113.9355490"><ele>13.9</ele><time>2023-09-12T23:01:07Z</time></trkpt>
      <trkpt lat="22.5385783" lon="113.9355586"><ele>14.0</ele><time>2023-09-12T23:01:08Z</time></trkpt>
      <trkpt lat="22.5385638" lon="113.9355688"><ele>14.0</ele><time>2023-09-12T23:01:09Z</time></trkpt>
      <trkpt lat="22.5385495" lon="113.9355792"><ele>14.1</ele><time>2023-09-12T23:01:10Z</time></trkpt>
      <trkpt lat="22.5385357" lon="113.9355901"><ele>14.2</ele><time>2023-09-12T23:01:11Z</time></trkpt>
      <trkpt lat="22.5385229" lon="113.9356025"><ele>14.3</ele><time>2023-09-12T23:01:12Z</time></trkpt>
      <trkpt lat="22.5385110" lon="113.9356159"><ele>14.3</ele><time>2023-09-12T23:01:13Z</time></trkpt>
      <trkpt lat="22.5384998" lon="113.9356294"><ele>14.4</ele><time>2023-09-12T23:01:14Z</time></trkpt>
      <trkpt lat="22.5384890" lon="113.9356435"><ele>14.5</ele><time>2023-09-12T23:01:15Z</time></trkpt>
      <trkpt lat="22.5384785" lon="113.9356582"><ele>14.6</ele><time>2023-09-12T23:01:16Z</time></trkpt>
      <trkpt lat="22.5384680" lon="113.9356728"><ele>14.6</ele><time>2023-09-12T23:01:17Z</time></trkpt>
      <trkpt lat="22.5384576" lon="113.9356875"><ele>14.7</ele><time>2023-09-12T23:01:18Z</time></trkpt>
      <trkpt lat="22.5384476" lon="113.9357030"><ele>14.8</ele><time>2023-09-12T23:01:19Z</time></trkpt>
      <trkpt lat="22.5384384" lon="113.9357191"><ele>14.8</ele><time>2023-09-12T23:01:20Z</time></trkpt>
      <trkpt lat="22.5384301" lon="113.9357355"><ele>14.9</ele><time>2023-09-12T23:01:21Z</time></trkpt>
      <trkpt lat="22.5384222" lon="113.9357518"><ele>15.0</ele><time>2023-09-12T23:01:22Z</time></trkpt>
      <trkpt lat="22.5384139" lon="113.9357675"><ele>15.0</ele><time>2023-09-12T23:01:23Z</time></trkpt>
      <trkpt lat="22.5384059" lon="113.9357835"><ele>15.1</ele><time>2023-09-12T23:01:24Z</time></trkpt>
      <trkpt lat="22.5383985" lon="113.9358001"><ele>15.1</ele><time>2023-09-12T23:01:25Z</time></trkpt>
      <trkpt lat="22.5383912" lon="113.9358166"><ele>15.2</ele><time>2023-09-12T23:01:26Z</time></trkpt>
      <trkpt lat="22.5383858" lon="113.9358338"><ele>15.2</ele><time>2023-09-12T23:01:27Z</time></trkpt>
      <trkpt lat="22.5383833" lon="113.9358522"><ele>15.3</ele><time>2023-09-12T23:01:28Z</time></trkpt>
      <trkpt lat="22.5383815" lon="113.9358706"><ele>15.3</ele><time>2023-09-12T23:01:29Z</time></trkpt>
      <trkpt lat="22.5383798" lon="113.9358892"><ele>15.4</ele><time>2023-09-12T23:01:30Z</time></trkpt>
      <trkpt lat="22.5383783" lon="113.9359076"><ele>15.4</ele><time>2023-09-12T23:01:31Z</time></trkpt>
      <trkpt lat="22.5383772" lon="113.9359259"><ele>15.5</ele><time>2023-09-12T23:01:32Z</time></trkpt>
      <trkpt lat="22.5383762" lon="113.9359441"><ele>15.5</ele><time>2023-09-12T23:01:33Z</time></trkpt>
      <trkpt lat="22.5383764" lon="113.9359622"><ele>15.6</ele><time>2023-09-12T23:01:34Z</time></trkpt>
      <trkpt lat="22.5383799" lon="113.9359800"><ele>15.6</ele><time>2023-09-12T23:01:35Z</time></trkpt>
      <trkpt lat="22.5383849" lon="113.9359979"><ele>15.6</ele><time>2023-09-12T23:01:36Z</time></trkpt>
      <trkpt lat="22.5383895" lon="113.9360160"><ele>15.7</ele><time>2023-09-12T23:01:37Z</time></trkpt>
      <trkpt lat="22.5383940" lon="113.9360342"><ele>15.7</ele><time>2023-09-12T23:01:38Z</time></trkpt>
      <trkpt lat="22.5383990" lon="113.9360523"><ele>15.8</ele><time>2023-09-12T23:01:39Z</time></trkpt>
      <trkpt lat="22.5384039" lon="113.9360709"><ele>15.8</ele><time>2023-09-12T23:01:40Z</time></trkpt>
      <trkpt lat="22.5384092" lon="113.9360914"><ele>15.8</ele><time>2023-09-12T23:01:41Z</time></trkpt>
      <trkpt lat="22.5384154" lon="113.9361132"><ele>15.9</ele><time>2023-09-12T23:01:42Z</time></trkpt>
      <trkpt lat="22.5384219" lon="113.9361323"><ele>15.9</ele><time>2023-09-12T23:01:43Z</time></trkpt>
      <trkpt lat="22.5384287" lon="113.9361492"><ele>15.9</ele><time>2023-09-12T23:01:44Z</time></trkpt>
      <trkpt lat="22.5384362" lon="113.9361660"><ele>15.9</ele><time>2023-09-12T23:01:45Z</time></trkpt>
      <trkpt lat="22.5384448" lon="113.9361823"><ele>16.0</ele><time>2023-09-12T23:01:46Z</time></trkpt>
      <trkpt lat="22.5384541" lon="113.9361980"><ele>16.0</ele><time>2023-09-12T23:01:47Z</time></trkpt>
      <trkpt lat="22.5384638" lon="113.9362134"><ele>16.0</ele><time>2023-09-12T23:01:48Z</time></trkpt>
      <trkpt lat="22.5384741" lon="113.9362285"><ele>16.0</ele><time>2023-09-12T23:01:49Z</time></trkpt>
      <trkpt lat="22.5384850" lon="113.9362432"><ele>16.0</ele><time>2023-09-12T23:01:50Z</time></trkpt>
      <trkpt lat="22.5384961" lon="113.9362577"><ele>16.1</ele><time>2023-09-12T23:01:51Z</time></trkpt>
      <trkpt lat="22.5385075" lon="113.9362717"><ele>16.1</ele><time>2023-09-12T23:01:52Z</time></trkpt>
      <trkpt lat="22.5385200" lon="113.9362845"><ele>16.1</ele><time>2023-09-12T23:01:53Z</time></trkpt>
      <trkpt lat="22.5385333" lon="113.9362964"><ele>16.1</ele><time>2023-09-12T23:01:54Z</time></trkpt>
      <trkpt lat="22.5385467" lon="113.9363076"><ele>16.1</ele><time>2023-09-12T23:01:55Z</time></trkpt>
      <trkpt lat="22.5385608" lon="113.9363183"><ele>16.1</ele><time>2023-09-12T23:01:56Z</time></trkpt>
      <trkpt lat="22.5385755" lon="113.9363284"><ele>16.1</ele><time>2023-09-12T23:01:57Z</time></trkpt>
      <trkpt lat="22.5385904" lon="113.9363379"><ele>16.1</ele><time>2023-09-12T23:01:58Z</time></trkpt>
      <trkpt lat="22.5386057" lon="113.9363467"><ele>16.1</ele><time>2023-09-12T23:01:59Z</time></trkpt>
      <trkpt lat="22.5386215" lon="113.9363547"><ele>16.1</ele><time>2023-09-12T23:02:00Z</time></trkpt>
      <trkpt lat="22.5386375" lon="113.9363617"><ele>16.1</ele><time>2023-09-12T23:02:01Z</time></trkpt>
      <trkpt lat="22.5386539" lon="113.9363679"><ele>16.1</ele><time>2023-09-12T23:02:02Z</time></trkpt>
      <trkpt lat="22.5386705" lon="113.9363740"><ele>16.1</ele><time>2023-09-12T23:02:03Z</time></trkpt>
      <trkpt lat="22.5386865" lon="113.9363793"><ele>16.1</ele><time>2023-09-12T23:02:04Z</time></trkpt>
      <trkpt lat="22.5387027" lon="113.9363838"><ele>16.1</ele><time>2023-09-12T23:02:05Z</time></trkpt>
      <trkpt lat="22.5387199" lon="113.9363877"><ele>16.1</ele><time>2023-09-12T23:02:06Z</time></trkpt>
      <trkpt lat="22.5387374" lon="113.9363911"><ele>16.1</ele><time>2023-09-12T23:02:07Z</time></trkpt>
      <trkpt lat="22.5387549" lon="113.9363938"><ele>16.1</ele><time>2023-09-12T23:02:08Z</time></trkpt>
      <trkpt lat="22.5387724" lon="113.9363958"><ele>16.1</ele><time>2023-09-12T23:02:09Z</time></trkpt>
      <trkpt lat="22.5387898" lon="113.9363972"><ele>16.1</ele><time>2023-09-12T23:02:10Z</time></trkpt>
      <trkpt lat="22.5388070" lon="113.9363983"><ele>16.1</ele><time>2023-09-12T23:02:11Z</time></trkpt>
      <trkpt lat="22.5388244" lon="113.9363987"><ele>16.1</ele><time>2023-09-12T23:02:12Z</time></trkpt>
      <trkpt lat="22.5388417" lon="113.9363986"><ele>16.0</ele><time>2023-09-12T23:02:13Z</time></trkpt>
      <trkpt lat="22.5388591" lon="113.9363985"><ele>16.0</ele><time>2023-09-12T23:02:14Z</time></trkpt>
      <trkpt lat="22.5388769" lon="113.9363978"><ele>16.0</ele><time>2023-09-12T23:02:15Z</time></trkpt>
      <trkpt lat="22.5388946" lon="113.9363971"><ele>16.0</ele><time>2023-09-12T23:02:16Z</time></trkpt>
      <trkpt lat="22.5389125" lon="113.9363975"><ele>16.0</ele><time>2023-09-12T23:02:17Z</time></trkpt>
      <trkpt lat="22.5389305" lon="113.9363983"><ele>16.0</ele><time>2023-09-12T23:02:18Z</time></trkpt>
      <trkpt lat="22.5389485" lon="113.9363993"><ele>16.0</ele><time>2023-09-12T23:02:19Z</time></trkpt>
      <trkpt lat="22.5389666" lon="113.9364006"><ele>16.0</ele><time>2023-09-12T23:02:20Z</time></trkpt>
      <trkpt lat="22.5389848" lon="113.9364020"><ele>16.0</ele><time>2023-09-12T23:02:21Z</time></trkpt>
      <trkpt lat="22.5390029" lon="113.9364028"><ele>16.0</ele><time>2023-09-12T23:02:22Z</time></trkpt>
      <trkpt lat="22.5390212" lon="113.9364022"><ele>16.0</ele><time>2023-09-12T23:02:23Z</time></trkpt>
      <trkpt lat="22.5390398" lon="113.9364013"><ele>16.0</ele><time>2023-09-12T23:02:24Z</time></trkpt>
      <trkpt lat="22.5390584" lon="113.9364000"><ele>16.0</ele><time>2023-09-12T23:02:25Z</time></trkpt>
      <trkpt lat="22.5390775" lon="113.9363982"><ele>16.0</ele><time>2023-09-12T23:02:26Z</time></trkpt>
      <trkpt lat="22.5390973" lon="113.9363971"><ele>16.0</ele><time>2023-09-12T23:02:27Z</time></trkpt>
      <trkpt lat="22.5391171" lon="113.9363972"><ele>16.0</ele><time>2023-09-12T23:02:28Z</time></trkpt>
      <trkpt lat="22.5391367" lon="113.9363977"><ele>16.0</ele><time>2023-09-12T23:02:29Z</time></trkpt>
      <trkpt lat="22.5391558" lon="113.9363979"><ele>16.0</ele><time>2023-09-12T23:02:30Z</time></trkpt>
      <trkpt lat="22.5391749" lon="113.9363980"><ele>16.1</ele><time>2023-09-12T23:02:31Z</time></trkpt>
      <trkpt lat="22.5391942" lon="113.9363986"><ele>16.1</ele><time>2023-09-12T23:02:32Z</time></trkpt>
      <trkpt lat="22.5392135" lon="113.9363988"><ele>16.1</ele><time>2023-09-12T23:02:33Z</time></trkpt>
      <trkpt lat="22.5392331" lon="113.9363965"><ele>16.1</ele><time>2023-09-12T23:02:34Z</time></trkpt>
      <trkpt lat="22.5392527" lon="113.9363932"><ele>16.1</ele><time>2023-09-12T23:02:35Z</time></trkpt>
      <trkpt lat="22.5392722" lon="113.9363897"><ele>16.1</ele><time>2023-09-12T23:02:36Z</time></trkpt>
      <trkpt lat="22.5392919" lon="113.9363875"><ele>16.2</ele><time>2023-09-12T23:02:37Z</time></trkpt>
      <trkpt lat="22.5393117" lon="113.9363878"><ele>16.2</ele><time>2023-09-12T23:02:38Z</time></trkpt>
      <trkpt lat="22.5393318" lon="113.9363887"><ele>16.2</ele><time>2023-09-12T23:02:39Z</time></trkpt>
      <trkpt lat="22.5393523" lon="113.9363891"><ele>16.2</ele><time>2023-09-12T23:02:40Z</time></trkpt>
      <trkpt lat="22.5393731" lon="113.9363887"><ele>16.2</ele><time>2023-09-12T23:02:41Z</time></trkpt>
      <trkpt lat="22.5393940" lon="113.9363875"><ele>16.2</ele><time>2023-09-12T23:02:42Z</time></trkpt>
      <trkpt lat="22.5394144" lon="113.9363869"><ele>16.2</ele><time>2023-09-12T23:02:43Z</time></trkpt>
      <trkpt lat="22.5394342" lon="113.9363860"><ele>16.2</ele><time>2023-09-12T23:02:44Z</time></trkpt>
      <trkpt lat="22.5394537" lon="113.9363842"><ele>16.2</ele><time>2023-09-12T23:02:45Z</time></trkpt>
      <trkpt lat="22.5394727" lon="113.9363817"><ele>16.2</ele><time>2023-09-12T23:02:46Z</time></trkpt>
      <trkpt lat="22.5394918" lon="113.9363788"><ele>16.2</ele><time>2023-09-12T23:02:47Z</time></trkpt>
      <trkpt lat="22.5395113" lon="113.9363769"><ele>16.2</ele><time>2023-09-12T23:02:48Z</time></trkpt>
      <trkpt lat="22.5395310" lon="113.9363755"><ele>16.1</ele><time>2023-09-12T23:02:49Z</time></trkpt>
      <trkpt lat="22.5395509" lon="113.9363732"><ele>16.1</ele><time>2023-09-12T23:02:50Z</time></trkpt>
      <trkpt lat="22.5395705" lon="113.9363702"><ele>16.1</ele><time>2023-09-12T23:02:51Z</time></trkpt>
      <trkpt lat="22.5395898" lon="113.9363671"><ele>16.1</ele><time>2023-09-12T23:02:52Z</time></trkpt>
      <trkpt lat="22.5396095" lon="113.9363641"><ele>16.1</ele><time>2023-09-12T23:02:53Z</time></trkpt>
      <trkpt lat="22.5396289" lon="113.9363598"><ele>16.1</ele><time>2023-09-12T23:02:54Z</time></trkpt>
      <trkpt lat="22.5396485" lon="113.9363538"><ele>16.0</ele><time>2023-09-12T23:02:55Z</time></trkpt>
      <trkpt lat="22.5396679" lon="113.9363470"><ele>16.0</ele><time>2023-09-12T23:02:56Z</time></trkpt>
      <trkpt lat="22.5396861" lon="113.9363396"><ele>16.0</ele><time>2023-09-12T23:02:57Z</time></trkpt>
      <trkpt lat="22.5397038" lon="113.9363313"><ele>16.0</ele><time>2023-09-12T23:02:58Z</time></trkpt>
      <trkpt lat="22.5397216" lon="113.9363219"><ele>15.9</ele><time>2023-09-12T23:02:59Z</time></trkpt>
      <trkpt lat="22.5397391" lon="113.9363112"><ele>15.9</ele><time>2023-09-12T23:03:00Z</time></trkpt>
      <trkpt lat="22.5397563" lon="113.9362994"><ele>15.9</ele><time>2023-09-12T23:03:01Z</time></trkpt>
      <trkpt lat="22.5397724" lon="113.9362868"><ele>15.9</ele><time>2023-09-12T23:03:02Z</time></trkpt>
      <trkpt lat="22.5397874" lon="113.9362732"><ele>15.8</ele><time>2023-09-12T23:03:03Z</time></trkpt>
      <trkpt lat="22.5398015" lon="113.9362588"><ele>15.8</ele><time>2023-09-12T23:03:04Z</time></trkpt>
      <trkpt lat="22.5398146" lon="113.9362444"><ele>15.8</ele><time>2023-09-12T23:03:05Z</time></trkpt>
      <trkpt lat="22.5398270" lon="113.9362304"><ele>15.8</ele><time>2023-09-12T23:03:06Z</time></trkpt>
      <trkpt lat="22.5398384" lon="113.9362160"><ele>15.7</ele><time>2023-09-12T23:03:07Z</time></trkpt>
      <trkpt lat="22.5398492" lon="113.9362006"><ele>15.7</ele><time>2023-09-12T23:03:08Z</time></trkpt>
      <trkpt lat="22.5398602" lon="113.9361841"><ele>15.6</ele><time>2023-09-12T23:03:09Z</time></trkpt>
      <trkpt lat="22.5398715" lon="113.9361681"><ele>15.6</ele><time>2023-09-12T23:03:10Z</time></trkpt>
      <trkpt lat="22.5398825" lon="113.9361529"><ele>15.6</ele><time>2023-09-12T23:03:11Z</time></trkpt>
      <trkpt lat="22.5398922" lon="113.9361367"><ele>15.5</ele><time>2023-09-12T23:03:12Z</time></trkpt>
      <trkpt lat="22.5399012" lon="113.9361200"><ele>15.5</ele><time>2023-09-12T23:03:13Z</time></trkpt>
      <trkpt lat="22.5399098" lon="113.9361034"><ele>15.4</ele><time>2023-09-12T23:03:14Z</time></trkpt>
      <trkpt lat="22.5399179" lon="113.9360864"><ele>15.4</ele><time>2023-09-12T23:03:15Z</time></trkpt>
      <trkpt lat="22.5399244" lon="113.9360685"><ele>15.3</ele><time>2023-09-12T23:03:16Z</time></trkpt>
      <trkpt lat="22.5399288" lon="113.9360493"><ele>15.3</ele><time>2023-09-12T23:03:17Z</time></trkpt>
      <trkpt lat="22.5399326" lon="113.9360296"><ele>15.2</ele><time>2023-09-12T23:03:18Z</time></trkpt>
      <trkpt lat="22.5399367" lon="113.9360103"><ele>15.2</ele><time>2023-09-12T23:03:19Z</time></trkpt>
      <trkpt lat="22.5399410" lon="113.9359914"><ele>15.1</ele><time>2023-09-12T23:03:20Z</time></trkpt>
      <trkpt lat="22.5399451" lon="113.9359740"><ele>15.0</ele><time>2023-09-12T23:03:21Z</time></trkpt>
      <trkpt lat="22.5399479" lon="113.9359570"><ele>15.0</ele><time>2023-09-12T23:03:22Z</time></trkpt>
      <trkpt lat="22.5399485" lon="113.9359382"><ele>14.9</ele><time>2023-09-12T23:03:23Z</time></trkpt>
      <trkpt lat="22.5399475" lon="113.9359186"><ele>14.8</ele><time>2023-09-12T23:03:24Z</time></trkpt>
      <trkpt lat="22.5399462" lon="113.9358990"><ele>14.8</ele><time>2023-09-12T23:03:25Z</time></trkpt>
      <trkpt lat="22.5399446" lon="113.9358785"><ele>14.7</ele><time>2023-09-12T23:03:26Z</time></trkpt>
      <trkpt lat="22.5399419" lon="113.9358581"><ele>14.6</ele><time>2023-09-12T23:03:27Z</time></trkpt>
      <trkpt lat="22.5399377" lon="113.9358385"><ele>14.6</ele><time>2023-09-12T23:03:28Z</time></trkpt>
      <trkpt lat="22.5399332" lon="113.9358189"><ele>14.5</ele><time>2023-09-12T23:03:29Z</time></trkpt>
      <trkpt lat="22.5399289" lon="113.9357993"><ele>14.4</ele><time>2023-09-12T23:03:30Z</time></trkpt>
      <trkpt lat="22.5399246" lon="113.9357796"><ele>14.4</ele><time>2023-09-12T23:03:31Z</time></trkpt>
      <trkpt lat="22.5399204" lon="113.9357598"><ele>14.3</ele><time>2023-09-12T23:03:32Z</time></trkpt>
      <trkpt lat="22.5399154" lon="113.9357408"><ele>14.2</ele><time>2023-09-12T23:03:33Z</time></trkpt>
      <trkpt lat="22.5399082" lon="113.9357224"><ele>14.2</ele><time>2023-09-12T23:03:34Z</time></trkpt>
      <trkpt lat="22.5398991" lon="113.9357050"><ele>14.1</ele><time>2023-09-12T23:03:35Z</time></trkpt>
      <trkpt lat="22.5398895" lon="113.9356885"><ele>14.0</ele><time>2023-09-12T23:03:36Z</time></trkpt>
      <trkpt lat="22.5398802" lon="113.9356726"><ele>14.0</ele><time>2023-09-12T23:03:37Z</time></trkpt>
      <trkpt lat="22.5398711" lon="113.9356568"><ele>13.9</ele><time>2023-09-12T23:03:38Z</time></trkpt>
      <trkpt lat="22.5398616" lon="113.9356414"><ele>13.8</ele><time>2023-09-12T23:03:39Z</time></trkpt>
      <trkpt lat="22.5398507" lon="113.9356266"><ele>13.8</ele><time>2023-09-12T23:03:40Z</time></trkpt>
      <trkpt lat="22.5398392" lon="113.9356119"><ele>13.8</ele><time>2023-09-12T23:03:41Z</time></trkpt>
      <trkpt lat="22.5398279" lon="113.9355977"><ele>13.7</ele><time>2023-09-12T23:03:42Z</time></trkpt>
      <trkpt lat="22.5398168" lon="113.9355837"><ele>13.7</ele><time>2023-09-12T23:03:43Z</time></trkpt>
      <trkpt lat="22.5398064" lon="113.9355703"><ele>13.6</ele><time>2023-09-12T23:03:44Z</time></trkpt>
      <trkpt lat="22.5397954" lon="113.9355586"><ele>13.6</ele><time>2023-09-12T23:03:45Z</time></trkpt>
      <trkpt lat="22.5397826" lon="113.9355480"><ele>13.6</ele><time>2023-09-12T23:03:46Z</time></trkpt>
      <trkpt lat="22.5397690" lon="113.9355372"><ele>13.6</ele><time>2023-09-12T23:03:47Z</time></trkpt>
      <trkpt lat="22.5397552" lon="113.9355266"><ele>13.6</ele><time>2023-09-12T23:03:48Z</time></trkpt>
      <trkpt lat="22.5397401" lon="113.9355176"><ele>13.6</ele><time>2023-09-12T23:03:49Z</time></trkpt>
      <trkpt lat="22.5397242" lon="113.9355100"><ele>13.6</ele><time>2023-09-12T23:03:50Z</time></trkpt>
      <trkpt lat="22.5397084" lon="113.9355029"><ele>13.6</ele><time>2023-09-12T23:03:51Z</time></trkpt>
      <trkpt lat="22.5396928" lon="113.9354962"><ele>13.6</ele><time>2023-09-12T23:03:52Z</time></trkpt>
      <trkpt lat="22.5396769" lon="113.9354896"><ele>13.6</ele><time>2023-09-12T23:03:53Z</time></trkpt>
      <trkpt lat="22.5396610" lon="113.9354833"><ele>13.6</ele><time>2023-09-12T23:03:54Z</time></trkpt>
      <trkpt lat="22.5396450" lon="113.9354779"><ele>13.6</ele><time>2023-09-12T23:03:55Z</time></trkpt>
      <trkpt lat="22.5396284" lon="113.9354740"><ele>13.7</ele><time>2023-09-12T23:03:56Z</time></trkpt>
      <trkpt lat="22.5396117" lon="113.9354708"><ele>13.7</ele><time>2023-09-12T23:03:57Z</time></trkpt>
      <trkpt lat="22.5395948" lon="113.9354679"><ele>13.8</ele><time>2023-09-12T23:03:58Z</time></trkpt>
      <trkpt lat="22.5395776" lon="113.9354654"><ele>13.8</ele><time>2023-09-12T23:03:59Z</time></trkpt>
      <trkpt lat="22.5395606" lon="113.9354627"><ele>13.9</ele><time>2023-09-12T23:04:00Z</time></trkpt>
      <trkpt lat="22.5395437" lon="113.9354596"><ele>13.9</ele><time>2023-09-12T23:04:01Z</time></trkpt>
      <trkpt lat="22.5395269" lon="113.9354567"><ele>14.0</ele><time>2023-09-12T23:04:02Z</time></trkpt>
      <trkpt lat="22.5395103" lon="113.9354547"><ele>14.0</ele><time>2023-09-12T23:04:03Z</time></trkpt>
      <trkpt lat="22.5394939" lon="113.9354541"><ele>14.1</ele><time>2023-09-12T23:04:04Z</time></trkpt>
      <trkpt lat="22.5394768" lon="113.9354546"><ele>14.2</ele><time>2023-09-12T23:04:05Z</time></trkpt>
      <trkpt lat="22.5394596" lon="113.9354545"><ele>14.3</ele><time>2023-09-12T23:04:06Z</time></trkpt>
      <trkpt lat="22.5394427" lon="113.9354537"><ele>14.3</ele><time>2023-09-12T23:04:07Z</time></trkpt>
      <trkpt lat="22.5394257" lon="113.9354533"><ele>14.4</ele><time>2023-09-12T23:04:08Z</time></trkpt>
      <trkpt lat="22.5394088" lon="113.9354529"><ele>14.5</ele><time>2023-09-12T23:04:09Z</time></trkpt>
      <trkpt lat="22.5393917" lon="113.9354524"><ele>14.6</ele><time>2023-09-12T23:04:10Z</time></trkpt>
      <trkpt lat="22.5393745" lon="113.9354519"><ele>14.6</ele><time>2023-09-12T23:04:11Z</time></trkpt>
      <trkpt lat="22.5393575" lon="113.9354517"><ele>14.7</ele><time>2023-09-12T23:04:12Z</time></trkpt>
      <trkpt lat="22.5393404" lon="113.9354525"><ele>14.8</ele><time>2023-09-12T23:04:13Z</time></trkpt>
      <trkpt lat="22.5393232" lon="113.9354537"><ele>14.9</ele><time>2023-09-12T23:04:14Z</time></trkpt>
      <trkpt lat="22.5393062" lon="113.9354552"><ele>14.9</ele><time>2023-09-12T23:04:15Z</time></trkpt>
      <trkpt lat="22.5392894" lon="113.9354579"><ele>15.0</ele><time>2023-09-12T23:04:16Z</time></trkpt>
      <trkpt lat="22.5392725" lon="113.9354609"><ele>15.1</ele><time>2023-09-12T23:04:17Z</time></trkpt>
      <trkpt lat="22.5392558" lon="113.9354627"><ele>15.1</ele><time>2023-09-12T23:04:18Z</time></trkpt>
      <trkpt lat="22.5392391" lon="113.9354636"><ele>15.2</ele><time>2023-09-12T23:04:19Z</time></trkpt>
      <trkpt lat="22.5392221" lon="113.9354640"><ele>15.3</ele><time>2023-09-12T23:04:20Z</time></trkpt>
      <trkpt lat="22.5392052" lon="113.9354640"><ele>15.3</ele><time>2023-09-12T23:04:21Z</time></trkpt>
      <trkpt lat="22.5391887" lon="113.9354641"><ele>15.4</ele><time>2023-09-12T23:04:22Z</time></trkpt>
      <trkpt lat="22.5391721" lon="113.9354650"><ele>15.4</ele><time>2023-09-12T23:04:23Z</time></trkpt>
      <trkpt lat="22.5391555" lon="113.9354661"><ele>15.5</ele><time>2023-09-12T23:04:24Z</time></trkpt>
      <trkpt lat="22.5391389" lon="113.9354674"><ele>15.5</ele><time>2023-09-12T23:04:25Z</time></trkpt>
      <trkpt lat="22.5391222" lon="113.9354689"><ele>15.5</ele><time>2023-09-12T23:04:26Z</time></trkpt>
      <trkpt lat="22.5391059" lon="113.9354704"><ele>15.6</ele><time>2023-09-12T23:04:27Z</time></trkpt>
      <trkpt lat="22.5390907" lon="113.9354720"><ele>15.6</ele><time>2023-09-12T23:04:28Z</time></trkpt>
      <trkpt lat="22.5390751" lon="113.9354741"><ele>15.6</ele><time>2023-09-12T23:04:29Z</time></trkpt>
      <trkpt lat="22.5390588" lon="113.9354760"><ele>15.7</ele><time>2023-09-12T23:04:30Z</time></trkpt>
      <trkpt lat="22.5390423" lon="113.9354771"><ele>15.7</ele><time>2023-09-12T23:04:31Z</time></trkpt>
      <trkpt lat="22.5390257" lon="113.9354774"><ele>15.7</ele><time>2023-09-12T23:04:32Z</time></trkpt>
      <trkpt lat="22.5390089" lon="113.9354774"><ele>15.7</ele><time>2023-09-12T23:04:33Z</time></trkpt>
      <trkpt lat="22.5389922" lon="113.9354775"><ele>15.7</ele><time>2023-09-12T23:04:34Z</time></trkpt>
      <trkpt lat="22.5389755" lon="113.9354780"><ele>15.8</ele><time>2023-09-12T23:04:35Z</time></trkpt>
      <trkpt lat="22.5389589" lon="113.9354787"><ele>15.8</ele><time>2023-09-12T23:04:36Z</time></trkpt>
      <trkpt lat="22.5389423" lon="113.9354798"><ele>15.8</ele><time>2023-09-12T23:04:37Z</time></trkpt>
      <trkpt lat="22.5389256" lon="113.9354812"><ele>15.8</ele><time>2023-09-12T23:04:38Z</time></trkpt>
      <trkpt lat="22.5389089" lon="113.9354820"><ele>15.8</ele><time>2023-09-12T23:04:39Z</time></trkpt>
      <trkpt lat="22.5388921" lon="113.9354822"><ele>15.8</ele><time>2023-09-12T23:04:40Z</time></trkpt>
      <trkpt lat="22.5388752" lon="113.9354826"><ele>15.8</ele><time>2023-09-12T23:04:41Z</time></trkpt>
      <trkpt lat="22.5388585" lon="113.9354831"><ele>15.8</ele><time>2023-09-12T23:04:42Z</time></trkpt>
      <trkpt lat="22.5388417" lon="113.9354833"><ele>15.8</ele><time>2023-09-12T23:04:43Z</time></trkpt>
      <trkpt lat="22.5388249" lon="113.9354833"><ele>15.8</ele><time>2023-09-12T23:04:44Z</time></trkpt>
      <trkpt lat="22.5388081" lon="113.9354830"><ele>15.9</ele><time>2023-09-12T23:04:45Z</time></trkpt>
      <trkpt lat="22.5387912" lon="113.9354830"><ele>15.9</ele><time>2023-09-12T23:04:46Z</time></trkpt>
      <trkpt lat="22.5387742" lon="113.9354842"><ele>15.9</ele><time>2023-09-12T23:04:47Z</time></trkpt>
      <trkpt lat="22.5387572" lon="113.9354862"><ele>15.9</ele><time>2023-09-12T23:04:48Z</time></trkpt>
      <trkpt lat="22.5387402" lon="113.9354875"><ele>15.9</ele><time>2023-09-12T23:04:49Z</time></trkpt>
      <trkpt lat="22.5387233" lon="113.9354882"><ele>15.9</ele><time>2023-09-12T23:04:50Z</time></trkpt>
      <trkpt lat="22.5387066" lon="113.9354901"><ele>15.9</ele><time>2023-09-12T23:04:51Z</time></trkpt>
      <trkpt lat="22.5386901" lon="113.9354935"><ele>15.9</ele><time>2023-09-12T23:04:52Z</time></trkpt>
      <trkpt lat="22.5386737" lon="113.9354978"><ele>15.9</ele><time>2023-09-12T23:04:53Z</time></trkpt>
      <trkpt lat="22.5386573" lon="113.9355027"><ele>15.9</ele><time>2023-09-12T23:04:54Z</time></trkpt>
      <trkpt lat="22.5386410" lon="113.9355086"><ele>15.9</ele><time>2023-09-12T23:04:55Z</time></trkpt>
      <trkpt lat="22.5386251" lon="113.9355153"><ele>15.9</ele><time>2023-09-12T23:04:56Z</time></trkpt>
      <trkpt lat="22.5386093" lon="113.9355227"><ele>16.0</ele><time>2023-09-12T23:04:57Z</time></trkpt>
      <trkpt lat="22.5385938" lon="113.9355308"><ele>16.0</ele><time>2023-09-12T23:04:58Z</time></trkpt>
      <trkpt lat="22.5385786" lon="113.9355397"><ele>16.0</ele><time>2023-09-12T23:04:59Z</time></trkpt>
      <trkpt lat="22.5385639" lon="113.9355493"><ele>16.0</ele><time>2023-09-12T23:05:00Z</time></trkpt>
      <trkpt lat="22.5385496" lon="113.9355598"><ele>16.1</ele><time>2023-09-12T23:05:01Z</time></trkpt>
      <trkpt lat="22.5385356" lon="113.9355707"><ele>16.1</ele><time>2023-09-12T23:05:02Z</time></trkpt>
      <trkpt lat="22.5385220" lon="113.9355822"><ele>16.1</ele><time>2023-09-12T23:05:03Z</time></trkpt>
      <trkpt lat="22.5385093" lon="113.9355950"><ele>16.1</ele><time>2023-09-12T23:05:04Z</time></trkpt>
      <trkpt lat="22.5384975" lon="113.9356089"><ele>16.2</ele><time>2023-09-12T23:05:05Z</time></trkpt>
      <trkpt lat="22.5384868" lon="113.9356240"><ele>16.2</ele><time>2023-09-12T23:05:06Z</time></trkpt>
      <trkpt lat="22.5384763" lon="113.9356398"><ele>16.3</ele><time>2023-09-12T23:05:07Z</time></trkpt>
      <trkpt lat="22.5384654" lon="113.9356551"><ele>16.3</ele><time>2023-09-12T23:05:08Z</time></trkpt>
      <trkpt lat="22.5384546" lon="113.9356702"><ele>16.4</ele><time>2023-09-12T23:05:09Z</time></trkpt>
      <trkpt lat="22.5384447" lon="113.9356860"><ele>16.4</ele><time>2023-09-12T23:05:10Z</time></trkpt>
      <trkpt lat="22.5384354" lon="113.9357021"><ele>16.4</ele><time>2023-09-12T23:05:11Z</time></trkpt>
      <trkpt lat="22.5384270" lon="113.9357186"><ele>16.5</ele><time>2023-09-12T23:05:12Z</time></trkpt>
      <trkpt lat="22.5384198" lon="113.9357361"><ele>16.5</ele><time>2023-09-12T23:05:13Z</time></trkpt>
      <trkpt lat="22.5384134" lon="113.9357541"><ele>16.6</ele><time>2023-09-12T23:05:14Z</time></trkpt>
      <trkpt lat="22.5384073" lon="113.9357723"><ele>16.6</ele><time>2023-09-12T23:05:15Z</time></trkpt>
      <trkpt lat="22.5384009" lon="113.9357903"><ele>16.6</ele><time>2023-09-12T23:05:16Z</time></trkpt>
      <trkpt lat="22.5383941" lon="113.9358075"><ele>16.7</ele><time>2023-09-12T23:05:17Z</time></trkpt>
      <trkpt lat="22.5383884" lon="113.9358248"><ele>16.7</ele><time>2023-09-12T23:05:18Z</time></trkpt>
      <trkpt lat="22.5383842" lon="113.9358428"><ele>16.7</ele><time>2023-09-12T23:05:19Z</time></trkpt>
      <trkpt lat="22.5383811" lon="113.9358608"><ele>16.8</ele><time>2023-09-12T23:05:20Z</time></trkpt>
      <trkpt lat="22.5383789" lon="113.9358788"><ele>16.8</ele><time>2023-09-12T23:05:21Z</time></trkpt>
      <trkpt lat="22.5383775" lon="113.9358965"><ele>16.8</ele><time>2023-09-12T23:05:22Z</time></trkpt>
      <trkpt lat="22.5383763" lon="113.9359143"><ele>16.9</ele><time>2023-09-12T23:05:23Z</time></trkpt>
      <trkpt lat="22.5383753" lon="113.9359328"><ele>16.9</ele><time>2023-09-12T23:05:24Z</time></trkpt>
      <trkpt lat="22.5383755" lon="113.9359518"><ele>16.9</ele><time>2023-09-12T23:05:25Z</time></trkpt>
      <trkpt lat="22.5383762" lon="113.9359707"><ele>16.9</ele><time>2023-09-12T23:05:26Z</time></trkpt>
      <trkpt lat="22.5383776" lon="113.9359893"><ele>16.9</ele><time>2023-09-12T23:05:27Z</time></trkpt>
      <trkpt lat="22.5383799" lon="113.9360079"><ele>16.9</ele><time>2023-09-12T23:05:28Z</time></trkpt>
      <trkpt lat="22.5383822" lon="113.9360263"><ele>17.0</ele><time>2023-09-12T23:05:29Z</time></trkpt>
      <trkpt lat="22.5383853" lon="113.9360445"><ele>17.0</ele><time>2023-09-12T23:05:30Z</time></trkpt>
      <trkpt lat="22.5383894" lon="113.9360626"><ele>17.0</ele><time>2023-09-12T23:05:31Z</time></trkpt>
      <trkpt lat="22.5383935" lon="113.9360808"><ele>17.0</ele><time>2023-09-12T23:05:32Z</time></trkpt>
      <trkpt lat="22.5383986" lon="113.9360989"><ele>17.0</ele><time>2023-09-12T23:05:33Z</time></trkpt>
      <trkpt lat="22.5384051" lon="113.9361166"><ele>17.0</ele><time>2023-09-12T23:05:34Z</time></trkpt>
      <trkpt lat="22.5384126" lon="113.9361338"><ele>17.0</ele><time>2023-09-12T23:05:35Z</time></trkpt>
      <trkpt lat="22.5384218" lon="113.9361503"><ele>17.0</ele><time>2023-09-12T23:05:36Z</time></trkpt>
      <trkpt lat="22.5384310" lon="113.9361671"><ele>16.9</ele><time>2023-09-12T23:05:37Z</time></trkpt>
      <trkpt lat="22.5384383" lon="113.9361847"><ele>16.9</ele><time>2023-09-12T23:05:38Z</time></trkpt>
      <trkpt lat="22.5384451" lon="113.9362018"><ele>16.9</ele><time>2023-09-12T23:05:39Z</time></trkpt>
      <trkpt lat="22.5384529" lon="113.9362181"><ele>16.9</ele><time>2023-09-12T23:05:40Z</time></trkpt>
      <trkpt lat="22.5384624" lon="113.9362339"><ele>16.9</ele><time>2023-09-12T23:05:41Z</time></trkpt>
      <trkpt lat="22.5384737" lon="113.9362485"><ele>16.9</ele><time>2023-09-12T23:05:42Z</time></trkpt>
      <trkpt lat="22.5384862" lon="113.9362616"><ele>16.8</ele><time>2023-09-12T23:05:43Z</time></trkpt>
      <trkpt lat="22.5384991" lon="113.9362743"><ele>16.8</ele><time>2023-09-12T23:05:44Z</time></trkpt>
      <trkpt lat="22.5385125" lon="113.9362867"><ele>16.8</ele><time>2023-09-12T23:05:45Z</time></trkpt>
      <trkpt lat="22.5385263" lon="113.9362981"><ele>16.8</ele><time>2023-09-12T23:05:46Z</time></trkpt>
      <trkpt lat="22.5385401" lon="113.9363090"><ele>16.7</ele><time>2023-09-12T23:05:47Z</time></trkpt>
      <trkpt lat="22.5385536" lon="113.9363200"><ele>16.7</ele><time>2023-09-12T23:05:48Z</time></trkpt>
      <trkpt lat="22.5385673" lon="113.9363304"><ele>16.6</ele><time>2023-09-12T23:05:49Z</time></trkpt>
      <trkpt lat="22.5385816" lon="113.9363399"><ele>16.6</ele><time>2023-09-12T23:05:50Z</time></trkpt>
      <trkpt lat="22.5385962" lon="113.9363489"><ele>16.5</ele><time>2023-09-12T23:05:51Z</time></trkpt>
      <trkpt lat="22.5386108" lon="113.9363580"><ele>16.5</ele><time>2023-09-12T23:05:52Z</time></trkpt>
      <trkpt lat="22.5386257" lon="113.9363671"><ele>16.4</ele><time>2023-09-12T23:05:53Z</time></trkpt>
      <trkpt lat="22.5386413" lon="113.9363752"><ele>16.4</ele><time>2023-09-12T23:05:54Z</time></trkpt>
      <trkpt lat="22.5386573" lon="113.9363819"><ele>16.3</ele><time>2023-09-12T23:05:55Z</time></trkpt>
      <trkpt lat="22.5386733" lon="113.9363879"><ele>16.2</ele><time>2023-09-12T23:05:56Z</time></trkpt>
      <trkpt lat="22.5386896" lon="113.9363940"><ele>16.2</ele><time>2023-09-12T23:05:57Z</time></trkpt>
      <trkpt lat="22.5387063" lon="113.9364000"><ele>16.1</ele><time>2023-09-12T23:05:58Z</time></trkpt>
      <trkpt lat="22.5387232" lon="113.9364049"><ele>16.0</ele><time>2023-09-12T23:05:59Z</time></trkpt>
      <trkpt lat="22.5387407" lon="113.9364076"><ele>15.9</ele><time>2023-09-12T23:06:00Z</time></trkpt>
      <trkpt lat="22.5387585" lon="113.9364097"><ele>15.8</ele><time>2023-09-12T23:06:01Z</time></trkpt>
      <trkpt lat="22.5387759" lon="113.9364119"><ele>15.7</ele><time>2023-09-12T23:06:02Z</time></trkpt>
      <trkpt lat="22.5387932" lon="113.9364130"><ele>15.7</ele><time>2023-09-12T23:06:03Z</time></trkpt>
      <trkpt lat="22.5388107" lon="113.9364139"><ele>15.6</ele><time>2023-09-12T23:06:04Z</time></trkpt>
      <trkpt lat="22.5388282" lon="113.9364146"><ele>15.5</ele><time>2023-09-12T23:06:05Z</time></trkpt>
      <trkpt lat="22.5388457" lon="113.9364149"><ele>15.4</ele><time>2023-09-12T23:06:06Z</time></trkpt>
      <trkpt lat="22.5388633" lon="113.9364148"><ele>15.3</ele><time>2023-09-12T23:06:07Z</time></trkpt>
      <trkpt lat="22.5388810" lon="113.9364141"><ele>15.2</ele><time>2023-09-12T23:06:08Z</time></trkpt>
      <trkpt lat="22.5388988" lon="113.9364134"><ele>15.1</ele><time>2023-09-12T23:06:09Z</time></trkpt>
      <trkpt lat="22.5389166" lon="113.9364124"><ele>15.1</ele><time>2023-09-12T23:06:10Z</time></trkpt>
      <trkpt lat="22.5389343" lon="113.9364107"><ele>15.0</ele><time>2023-09-12T23:06:11Z</time></trkpt>
      <trkpt lat="22.5389522" lon="113.9364089"><ele>14.9</ele><time>2023-09-12T23:06:12Z</time></trkpt>
      <trkpt lat="22.5389704" lon="113.9364079"><ele>14.8</ele><time>2023-09-12T23:06:13Z</time></trkpt>
      <trkpt lat="22.5389888" lon="113.9364071"><ele>14.8</ele><time>2023-09-12T23:06:14Z</time></trkpt>
      <trkpt lat="22.5390072" lon="113.9364060"><ele>14.7</ele><time>2023-09-12T23:06:15Z</time></trkpt>
      <trkpt lat="22.5390254" lon="113.9364051"><ele>14.6</ele><time>2023-09-12T23:06:16Z</time></trkpt>
      <trkpt lat="22.5390431" lon="113.9364040"><ele>14.6</ele><time>2023-09-12T23:06:17Z</time></trkpt>
      <trkpt lat="22.5390610" lon="113.9364027"><ele>14.5</ele><time>2023-09-12T23:06:18Z</time></trkpt>
      <trkpt lat="22.5390791" lon="113.9364024"><ele>14.5</ele><time>2023-09-12T23:06:19Z</time></trkpt>
      <trkpt lat="22.5390975" lon="113.9364028"><ele>14.4</ele><time>2023-09-12T23:06:20Z</time></trkpt>
      <trkpt lat="22.5391158" lon="113.9364038"><ele>14.4</ele><time>2023-09-12T23:06:21Z</time></trkpt>
      <trkpt lat="22.5391342" lon="113.9364051"><ele>14.4</ele><time>2023-09-12T23:06:22Z</time></trkpt>
      <trkpt lat="22.5391525" lon="113.9364071"><ele>14.3</ele><time>2023-09-12T23:06:23Z</time></trkpt>
      <trkpt lat="22.5391707" lon="113.9364093"><ele>14.3</ele><time>2023-09-12T23:06:24Z</time></trkpt>
      <trkpt lat="22.5391892" lon="113.9364102"><ele>14.3</ele><time>2023-09-12T23:06:25Z</time></trkpt>
      <trkpt lat="22.5392086" lon="113.9364098"><ele>14.3</ele><time>2023-09-12T23:06:26Z</time></trkpt>
      <trkpt lat="22.5392301" lon="113.9364087"><ele>14.2</ele><time>2023-09-12T23:06:27Z</time></trkpt>
      <trkpt lat="22.5392539" lon="113.9364076"><ele>14.2</ele><time>2023-09-12T23:06:28Z</time></trkpt>
      <trkpt lat="22.5392774" lon="113.9364082"><ele>14.2</ele><time>2023-09-12T23:06:29Z</time></trkpt>
      <trkpt lat="22.5392996" lon="113.9364097"><ele>14.2</ele><time>2023-09-12T23:06:30Z</time></trkpt>
      <trkpt lat="22.5393207" lon="113.9364119"><ele>14.2</ele><time>2023-09-12T23:06:31Z</time></trkpt>
      <trkpt lat="22.5393408" lon="113.9364144"><ele>14.2</ele><time>2023-09-12T23:06:32Z</time></trkpt>
      <trkpt lat="22.5393616" lon="113.9364155"><ele>14.2</ele><time>2023-09-12T23:06:33Z</time></trkpt>
      <trkpt lat="22.5398876" lon="113.9356682"><ele>12.3</ele><time>2023-09-12T23:07:27Z</time></trkpt>
      <trkpt lat="22.5398768" lon="113.9356532"><ele>12.3</ele><time>2023-09-12T23:07:28Z</time></trkpt>
      <trkpt lat="22.5398646" lon="113.9356396"><ele>12.4</ele><time>2023-09-12T23:07:29Z</time></trkpt>
      <trkpt lat="22.5398513" lon="113.9356277"><ele>12.4</ele><time>2023-09-12T23:07:30Z</time></trkpt>
      <trkpt lat="22.5398377" lon="113.9356168"><ele>12.4</ele><time>2023-09-12T23:07:31Z</time></trkpt>
      <trkpt lat="22.5398242" lon="113.9356057"><ele>12.5</ele><time>2023-09-12T23:07:32Z</time></trkpt>
      <trkpt lat="22.5398107" lon="113.9355944"><ele>12.5</ele><time>2023-09-12T23:07:33Z</time></trkpt>
      <trkpt lat="22.5397972" lon="113.9355828"><ele>12.6</ele><time>2023-09-12T23:07:34Z</time></trkpt>
      <trkpt lat="22.5397839" lon="113.9355709"><ele>12.6</ele><time>2023-09-12T23:07:35Z</time></trkpt>
      <trkpt lat="22.5397702" lon="113.9355591"><ele>12.7</ele><time>2023-09-12T23:07:36Z</time></trkpt>
      <trkpt lat="22.5397561" lon="113.9355480"><ele>12.7</ele><time>2023-09-12T23:07:37Z</time></trkpt>
      <trkpt lat="22.5397416" lon="113.9355374"><ele>12.8</ele><time>2023-09-12T23:07:38Z</time></trkpt>
      <trkpt lat="22.5397273" lon="113.9355267"><ele>12.8</ele><time>2023-09-12T23:07:39Z</time></trkpt>
      <trkpt lat="22.5397131" lon="113.9355155"><ele>12.9</ele><time>2023-09-12T23:07:40Z</time></trkpt>
      <trkpt lat="22.5396988" lon="113.9355042"><ele>13.0</ele><time>2023-09-12T23:07:41Z</time></trkpt>
      <trkpt lat="22.5396839" lon="113.9354938"><ele>13.0</ele><time>2023-09-12T23:07:42Z</time></trkpt>
      <trkpt lat="22.5396685" lon="113.9354846"><ele>13.1</ele><time>2023-09-12T23:07:43Z</time></trkpt>
      <trkpt lat="22.5396526" lon="113.9354766"><ele>13.2</ele><time>2023-09-12T23:07:44Z</time></trkpt>
      <trkpt lat="22.5396362" lon="113.9354699"><ele>13.2</ele><time>2023-09-12T23:07:45Z</time></trkpt>
      <trkpt lat="22.5396195" lon="113.9354638"><ele>13.3</ele><time>2023-09-12T23:07:46Z</time></trkpt>
      <trkpt lat="22.5396028" lon="113.9354579"><ele>13.4</ele><time>2023-09-12T23:07:47Z</time></trkpt>
      <trkpt lat="22.5395861" lon="113.9354525"><ele>13.4</ele><time>2023-09-12T23:07:48Z</time></trkpt>
      <trkpt lat="22.5395695" lon="113.9354480"><ele>13.5</ele><time>2023-09-12T23:07:49Z</time></trkpt>
      <trkpt lat="22.5395529" lon="113.9354443"><ele>13.6</ele><time>2023-09-12T23:07:50Z</time></trkpt>
      <trkpt lat="22.5395361" lon="113.9354416"><ele>13.7</ele><time>2023-09-12T23:07:51Z</time></trkpt>
      <trkpt lat="22.5395191" lon="113.9354400"><ele>13.7</ele><time>2023-09-12T23:07:52Z</time></trkpt>
      <trkpt lat="22.5395019" lon="113.9354389"><ele>13.8</ele><time>2023-09-12T23:07:53Z</time></trkpt>
      <trkpt lat="22.5394848" lon="113.9354378"><ele>13.9</ele><time>2023-09-12T23:07:54Z</time></trkpt>
      <trkpt lat="22.5394679" lon="113.9354369"><ele>14.0</ele><time>2023-09-12T23:07:55Z</time></trkpt>
      <trkpt lat="22.5394511" lon="113.9354362"><ele>14.0</ele><time>2023-09-12T23:07:56Z</time></trkpt>
      <trkpt lat="22.5394342" lon="113.9354355"><ele>14.1</ele><time>2023-09-12T23:07:57Z</time></trkpt>
      <trkpt lat="22.5394172" lon="113.9354352"><ele>14.2</ele><time>2023-09-12T23:07:58Z</time></trkpt>
      <trkpt lat="22.5394000" lon="113.9354370"><ele>14.3</ele><time>2023-09-12T23:07:59Z</time></trkpt>
      <trkpt lat="22.5393828" lon="113.9354405"><ele>14.3</ele><time>2023-09-12T23:08:00Z</time></trkpt>
      <trkpt lat="22.5393654" lon="113.9354443"><ele>14.4</ele><time>2023-09-12T23:08:01Z</time></trkpt>
      <trkpt lat="22.5393483" lon="113.9354471"><ele>14.5</ele><time>2023-09-12T23:08:02Z</time></trkpt>
      <trkpt lat="22.5393318" lon="113.9354488"><ele>14.5</ele><time>2023-09-12T23:08:03Z</time></trkpt>
      <trkpt lat="22.5393153" lon="113.9354502"><ele>14.6</ele><time>2023-09-12T23:08:04Z</time></trkpt>
      <trkpt lat="22.5392989" lon="113.9354510"><ele>14.7</ele><time>2023-09-12T23:08:05Z</time></trkpt>
      <trkpt lat="22.5392829" lon="113.9354516"><ele>14.7</ele><time>2023-09-12T23:08:06Z</time></trkpt>
      <trkpt lat="22.5392668" lon="113.9354529"><ele>14.8</ele><time>2023-09-12T23:08:07Z</time></trkpt>
      <trkpt lat="22.5392504" lon="113.9354546"><ele>14.8</ele><time>2023-09-12T23:08:08Z</time></trkpt>
      <trkpt lat="22.5392338" lon="113.9354565"><ele>14.8</ele><time>2023-09-12T23:08:09Z</time></trkpt>
      <trkpt lat="22.5392170" lon="113.9354584"><ele>14.9</ele><time>2023-09-12T23:08:10Z</time></trkpt>
      <trkpt lat="22.5392002" lon="113.9354601"><ele>14.9</ele><time>2023-09-12T23:08:11Z</time></trkpt>
      <trkpt lat="22.5391834" lon="113.9354620"><ele>15.0</ele><time>2023-09-12T23:08:12Z</time></trkpt>
      <trkpt lat="22.5391663" lon="113.9354641"><ele>15.0</ele><time>2023-09-12T23:08:13Z</time></trkpt>
      <trkpt lat="22.5391493" lon="113.9354659"><ele>15.0</ele><time>2023-09-12T23:08:14Z</time></trkpt>
      <trkpt lat="22.5391324" lon="113.9354678"><ele>15.0</ele><time>2023-09-12T23:08:15Z</time></trkpt>
      <trkpt lat="22.5391153" lon="113.9354698"><ele>15.1</ele><time>2023-09-12T23:08:16Z</time></trkpt>
      <trkpt lat="22.5390982" lon="113.9354707"><ele>15.1</ele><time>2023-09-12T23:08:17Z</time></trkpt>
      <trkpt lat="22.5390809" lon="113.9354708"><ele>15.1</ele><time>2023-09-12T23:08:18Z</time></trkpt>
      <trkpt lat="22.5390636" lon="113.9354708"><ele>15.1</ele><time>2023-09-12T23:08:19Z</time></trkpt>
      <trkpt lat="22.5390463" lon="113.9354714"><ele>15.2</ele><time>2023-09-12T23:08:20Z</time></trkpt>
      <trkpt lat="22.5390291" lon="113.9354731"><ele>15.2</ele><time>2023-09-12T23:08:21Z</time></trkpt>
      <trkpt lat="22.5390118" lon="113.9354748"><ele>15.2</ele><time>2023-09-12T23:08:22Z</time></trkpt>
      <trkpt lat="22.5389944" lon="113.9354757"><ele>15.2</ele><time>2023-09-12T23:08:23Z</time></trkpt>
      <trkpt lat="22.5389770" lon="113.9354759"><ele>15.2</ele><time>2023-09-12T23:08:24Z</time></trkpt>
      <trkpt lat="22.5389596" lon="113.9354766"><ele>15.2</ele><time>2023-09-12T23:08:25Z</time></trkpt>
      <trkpt lat="22.5389423" lon="113.9354786"><ele>15.2</ele><time>2023-09-12T23:08:26Z</time></trkpt>
      <trkpt lat="22.5389250" lon="113.9354803"><ele>15.2</ele><time>2023-09-12T23:08:27Z</time></trkpt>
      <trkpt lat="22.5389074" lon="113.9354819"><ele>15.3</ele><time>2023-09-12T23:08:28Z</time></trkpt>
      <trkpt lat="22.5388899" lon="113.9354834"><ele>15.3</ele><time>2023-09-12T23:08:29Z</time></trkpt>
      <trkpt lat="22.5388726" lon="113.9354831"><ele>15.3</ele><time>2023-09-12T23:08:30Z</time></trkpt>
      <trkpt lat="22.5388554" lon="113.9354811"><ele>15.3</ele><time>2023-09-12T23:08:31Z</time></trkpt>
      <trkpt lat="22.5388383" lon="113.9354786"><ele>15.3</ele><time>2023-09-12T23:08:32Z</time></trkpt>
      <trkpt lat="22.5388214" lon="113.9354773"><ele>15.3</ele><time>2023-09-12T23:08:33Z</time></trkpt>
      <trkpt lat="22.5388045" lon="113.9354780"><ele>15.3</ele><time>2023-09-12T23:08:34Z</time></trkpt>
      <trkpt lat="22.5387876" lon="113.9354802"><ele>15.3</ele><time>2023-09-12T23:08:35Z</time></trkpt>
      <trkpt lat="22.5387705" lon="113.9354829"><ele>15.4</ele><time>2023-09-12T23:08:36Z</time></trkpt>
      <trkpt lat="22.5387534" lon="113.9354857"><ele>15.4</ele><time>2023-09-12T23:08:37Z</time></trkpt>
      <trkpt lat="22.5387363" lon="113.9354881"><ele>15.4</ele><time>2023-09-12T23:08:38Z</time></trkpt>
      <trkpt lat="22.5387192" lon="113.9354911"><ele>15.4</ele><time>2023-09-12T23:08:39Z</time></trkpt>
      <trkpt lat="22.5387022" lon="113.9354956"><ele>15.4</ele><time>2023-09-12T23:08:40Z</time></trkpt>
      <trkpt lat="22.5386853" lon="113.9355011"><ele>15.5</ele><time>2023-09-12T23:08:41Z</time></trkpt>
      <trkpt lat="22.5386684" lon="113.9355069"><ele>15.5</ele><time>2023-09-12T23:08:42Z</time></trkpt>
      <trkpt lat="22.5386515" lon="113.9355124"><ele>15.5</ele><time>2023-09-12T23:08:43Z</time></trkpt>
      <trkpt lat="22.5386348" lon="113.9355185"><ele>15.6</ele><time>2023-09-12T23:08:44Z</time></trkpt>
      <trkpt lat="22.5386182" lon="113.9355268"><ele>15.6</ele><time>2023-09-12T23:08:45Z</time></trkpt>
      <trkpt lat="22.5386024" lon="113.9355369"><ele>15.6</ele><time>2023-09-12T23:08:46Z</time></trkpt>
      <trkpt lat="22.5385879" lon="113.9355494"><ele>15.7</ele><time>2023-09-12T23:08:47Z</time></trkpt>
      <trkpt lat="22.5385739" lon="113.9355626"><ele>15.7</ele><time>2023-09-12T23:08:48Z</time></trkpt>
      <trkpt lat="22.5385591" lon="113.9355741"><ele>15.8</ele><time>2023-09-12T23:08:49Z</time></trkpt>
      <trkpt lat="22.5385439" lon="113.9355848"><ele>15.8</ele><time>2023-09-12T23:08:50Z</time></trkpt>
      <trkpt lat="22.5385290" lon="113.9355961"><ele>15.9</ele><time>2023-09-12T23:08:51Z</time></trkpt>
      <trkpt lat="22.5385147" lon="113.9356081"><ele>15.9</ele><time>2023-09-12T23:08:52Z</time></trkpt>
      <trkpt lat="22.5385010" lon="113.9356214"><ele>16.0</ele><time>2023-09-12T23:08:53Z</time></trkpt>
      <trkpt lat="22.5384881" lon="113.9356356"><ele>16.0</ele><time>2023-09-12T23:08:54Z</time></trkpt>
      <trkpt lat="22.5384764" lon="113.9356512"><ele>16.1</ele><time>2023-09-12T23:08:55Z</time></trkpt>
      <trkpt lat="22.5384658" lon="113.9356676"><ele>16.1</ele><time>2023-09-12T23:08:56Z</time></trkpt>
      <trkpt lat="22.5384550" lon="113.9356836"><ele>16.2</ele><time>2023-09-12T23:08:57Z</time></trkpt>
      <trkpt lat="22.5384443" lon="113.9356996"><ele>16.2</ele><time>2023-09-12T23:08:58Z</time></trkpt>
      <trkpt lat="22.5384350" lon="113.9357166"><ele>16.3</ele><time>2023-09-12T23:08:59Z</time></trkpt>
      <trkpt lat="22.5384274" lon="113.9357348"><ele>16.3</ele><time>2023-09-12T23:09:00Z</time></trkpt>
      <trkpt lat="22.5384210" lon="113.9357541"><ele>16.4</ele><time>2023-09-12T23:09:01Z</time></trkpt>
      <trkpt lat="22.5384144" lon="113.9357738"><ele>16.4</ele><time>2023-09-12T23:09:02Z</time></trkpt>
      <trkpt lat="22.5384081" lon="113.9357937"><ele>16.4</ele><time>2023-09-12T23:09:03Z</time></trkpt>
      <trkpt lat="22.5384032" lon="113.9358141"><ele>16.5</ele><time>2023-09-12T23:09:04Z</time></trkpt>
      <trkpt lat="22.5383990" lon="113.9358345"><ele>16.5</ele><time>2023-09-12T23:09:05Z</time></trkpt>
      <trkpt lat="22.5383949" lon="113.9358548"><ele>16.6</ele><time>2023-09-12T23:09:06Z</time></trkpt>
      <trkpt lat="22.5383918" lon="113.9358756"><ele>16.6</ele><time>2023-09-12T23:09:07Z</time></trkpt>
      <trkpt lat="22.5383903" lon="113.9358972"><ele>16.6</ele><time>2023-09-12T23:09:08Z</time></trkpt>
      <trkpt lat="22.5383897" lon="113.9359194"><ele>16.7</ele><time>2023-09-12T23:09:09Z</time></trkpt>
      <trkpt lat="22.5383890" lon="113.9359414"><ele>16.7</ele><time>2023-09-12T23:09:10Z</time></trkpt>
      <trkpt lat="22.5383890" lon="113.9359632"><ele>16.7</ele><time>2023-09-12T23:09:11Z</time></trkpt>
      <trkpt lat="22.5383897" lon="113.9359861"><ele>16.7</ele><time>2023-09-12T23:09:12Z</time></trkpt>
      <trkpt lat="22.5383900" lon="113.9360085"><ele>16.8</ele><time>2023-09-12T23:09:13Z</time></trkpt>
      <trkpt lat="22.5383905" lon="113.9360293"><ele>16.8</ele><time>2023-09-12T23:09:14Z</time></trkpt>
      <trkpt lat="22.5383922" lon="113.9360496"><ele>16.8</ele><time>2023-09-12T23:09:15Z</time></trkpt>
      <trkpt lat="22.5383963" lon="113.9360694"><ele>16.8</ele><time>2023-09-12T23:09:16Z</time></trkpt>
      <trkpt lat="22.5384022" lon="113.9360890"><ele>16.8</ele><time>2023-09-12T23:09:17Z</time></trkpt>
      <trkpt lat="22.5384080" lon="113.9361089"><ele>16.9</ele><time>2023-09-12T23:09:18Z</time></trkpt>
      <trkpt lat="22.5384141" lon="113.9361279"><ele>16.9</ele><time>2023-09-12T23:09:19Z</time></trkpt>
      <trkpt lat="22.5384219" lon="113.9361459"><ele>16.9</ele><time>2023-09-12T23:09:20Z</time></trkpt>
      <trkpt lat="22.5384308" lon="113.9361633"><ele>16.9</ele><time>2023-09-12T23:09:21Z</time></trkpt>
      <trkpt lat="22.5384398" lon="113.9361809"><ele>16.9</ele><time>2023-09-12T23:09:22Z</time></trkpt>
      <trkpt lat="22.5384497" lon="113.9361983"><ele>16.9</ele><time>2023-09-12T23:09:23Z</time></trkpt>
      <trkpt lat="22.5384600" lon="113.9362147"><ele>17.0</ele><time>2023-09-12T23:09:24Z</time></trkpt>
      <trkpt lat="22.5384713" lon="113.9362299"><ele>17.0</ele><time>2023-09-12T23:09:25Z</time></trkpt>
      <trkpt lat="22.5384860" lon="113.9362433"><ele>17.0</ele><time>2023-09-12T23:09:26Z</time></trkpt>
      <trkpt lat="22.5385019" lon="113.9362560"><ele>17.0</ele><time>2023-09-12T23:09:27Z</time></trkpt>
      <trkpt lat="22.5385176" lon="113.9362683"><ele>17.0</ele><time>2023-09-12T23:09:28Z</time></trkpt>
      <trkpt lat="22.5385328" lon="113.9362791"><ele>17.1</ele><time>2023-09-12T23:09:29Z</time></trkpt>
      <trkpt lat="22.5385465" lon="113.9362892"><ele>17.1</ele><time>2023-09-12T23:09:30Z</time></trkpt>
      <trkpt lat="22.5385595" lon="113.9362994"><ele>17.1</ele><time>2023-09-12T23:09:31Z</time></trkpt>
      <trkpt lat="22.5385722" lon="113.9363094"><ele>17.1</ele><time>2023-09-12T23:09:32Z</time></trkpt>
      <trkpt lat="22.5385843" lon="113.9363184"><ele>17.1</ele><time>2023-09-12T23:09:33Z</time></trkpt>
      <trkpt lat="22.5385965" lon="113.9363257"><ele>17.1</ele><time>2023-09-12T23:09:34Z</time></trkpt>
      <trkpt lat="22.5386090" lon="113.9363329"><ele>17.1</ele><time>2023-09-12T23:09:35Z</time></trkpt>
      <trkpt lat="22.5386214" lon="113.9363403"><ele>17.1</ele><time>2023-09-12T23:09:36Z</time></trkpt>
      <trkpt lat="22.5386352" lon="113.9363470"><ele>17.1</ele><time>2023-09-12T23:09:37Z</time></trkpt>
      <trkpt lat="22.5386504" lon="113.9363536"><ele>17.1</ele><time>2023-09-12T23:09:38Z</time></trkpt>
      <trkpt lat="22.5386660" lon="113.9363593"><ele>17.1</ele><time>2023-09-12T23:09:39Z</time></trkpt>
      <trkpt lat="22.5386819" lon="113.9363648"><ele>17.1</ele><time>2023-09-12T23:09:40Z</time></trkpt>
      <trkpt lat="22.5386978" lon="113.9363706"><ele>17.1</ele><time>2023-09-12T23:09:41Z</time></trkpt>
      <trkpt lat="22.5387138" lon="113.9363758"><ele>17.0</ele><time>2023-09-12T23:09:42Z</time></trkpt>
      <trkpt lat="22.5387301" lon="113.9363794"><ele>17.0</ele><time>2023-09-12T23:09:43Z</time></trkpt>
      <trkpt lat="22.5387464" lon="113.9363824"><ele>17.0</ele><time>2023-09-12T23:09:44Z</time></trkpt>
      <trkpt lat="22.5387627" lon="113.9363853"><ele>16.9</ele><time>2023-09-12T23:09:45Z</time></trkpt>
      <trkpt lat="22.5387791" lon="113.9363881"><ele>16.9</ele><time>2023-09-12T23:09:46Z</time></trkpt>
      <trkpt lat="22.5387953" lon="113.9363911"><ele>16.9</ele><time>2023-09-12T23:09:47Z</time></trkpt>
      <trkpt lat="22.5388116" lon="113.9363940"><ele>16.8</ele><time>2023-09-12T23:09:48Z</time></trkpt>
      <trkpt lat="22.5388284" lon="113.9363952"><ele>16.8</ele><time>2023-09-12T23:09:49Z</time></trkpt>
      <trkpt lat="22.5388452" lon="113.9363960"><ele>16.7</ele><time>2023-09-12T23:09:50Z</time></trkpt>
      <trkpt lat="22.5388618" lon="113.9363968"><ele>16.7</ele><time>2023-09-12T23:09:51Z</time></trkpt>
      <trkpt lat="22.5388787" lon="113.9363968"><ele>16.6</ele><time>2023-09-12T23:09:52Z</time></trkpt>
      <trkpt lat="22.5388954" lon="113.9363950"><ele>16.6</ele><time>2023-09-12T23:09:53Z</time></trkpt>
      <trkpt lat="22.5389118" lon="113.9363921"><ele>16.5</ele><time>2023-09-12T23:09:54Z</time></trkpt>
      <trkpt lat="22.5389283" lon="113.9363903"><ele>16.4</ele><time>2023-09-12T23:09:55Z</time></trkpt>
      <trkpt lat="22.5389448" lon="113.9363893"><ele>16.4</ele><time>2023-09-12T23:09:56Z</time></trkpt>
      <trkpt lat="22.5389611" lon="113.9363882"><ele>16.3</ele><time>2023-09-12T23:09:57Z</time></trkpt>
      <trkpt lat="22.5389775" lon="113.9363874"><ele>16.3</ele><time>2023-09-12T23:09:58Z</time></trkpt>
      <trkpt lat="22.5389939" lon="113.9363871"><ele>16.2</ele><time>2023-09-12T23:09:59Z</time></trkpt>
      <trkpt lat="22.5390102" lon="113.9363871"><ele>16.2</ele><time>2023-09-12T23:10:00Z</time></trkpt>
      <trkpt lat="22.5390266" lon="113.9363870"><ele>16.1</ele><time>2023-09-12T23:10:01Z</time></trkpt>
      <trkpt lat="22.5390429" lon="113.9363881"><ele>16.1</ele><time>2023-09-12T23:10:02Z</time></trkpt>
      <trkpt lat="22.5390590" lon="113.9363903"><ele>16.0</ele><time>2023-09-12T23:10:03Z</time></trkpt>
      <trkpt lat="22.5390751" lon="113.9363922"><ele>16.0</ele><time>2023-09-12T23:10:04Z</time></trkpt>
      <trkpt lat="22.5390912" lon="113.9363928"><ele>16.0</ele><time>2023-09-12T23:10:05Z</time></trkpt>
      <trkpt lat="22.5391074" lon="113.9363926"><ele>15.9</ele><time>2023-09-12T23:10:06Z</time></trkpt>
      <trkpt lat="22.5391237" lon="113.9363922"><ele>15.9</ele><time>2023-09-12T23:10:07Z</time></trkpt>
      <trkpt lat="22.5391399" lon="113.9363926"><ele>15.8</ele><time>2023-09-12T23:10:08Z</time></trkpt>
      <trkpt lat="22.5391560" lon="113.9363937"><ele>15.8</ele><time>2023-09-12T23:10:09Z</time></trkpt>
      <trkpt lat="22.5391722" lon="113.9363940"><ele>15.8</ele><time>2023-09-12T23:10:10Z</time></trkpt>
      <trkpt lat="22.5391884" lon="113.9363938"><ele>15.7</ele><time>2023-09-12T23:10:11Z</time></trkpt>
      <trkpt lat="22.5392045" lon="113.9363934"><ele>15.7</ele><time>2023-09-12T23:10:12Z</time></trkpt>
      <trkpt lat="22.5392206" lon="113.9363924"><ele>15.7</ele><time>2023-09-12T23:10:13Z</time></trkpt>
      <trkpt lat="22.5392368" lon="113.9363916"><ele>15.7</ele><time>2023-09-12T23:10:14Z</time></trkpt>
      <trkpt lat="22.5392529" lon="113.9363910"><ele>15.6</ele><time>2023-09-12T23:10:15Z</time></trkpt>
      <trkpt lat="22.5392689" lon="113.9363904"><ele>15.6</ele><time>2023-09-12T23:10:16Z</time></trkpt>
      <trkpt lat="22.5392850" lon="113.9363906"><ele>15.6</ele><time>2023-09-12T23:10:17Z</time></trkpt>
      <trkpt lat="22.5393009" lon="113.9363912"><ele>15.6</ele><time>2023-09-12T23:10:18Z</time></trkpt>
      <trkpt lat="22.5393168" lon="113.9363919"><ele>15.6</ele><time>2023-09-12T23:10:19Z</time></trkpt>
      <trkpt lat="22.5393330" lon="113.9363917"><ele>15.6</ele><time>2023-09-12T23:10:20Z</time></trkpt>
      <trkpt lat="22.5393491" lon="113.9363914"><ele>15.6</ele><time>2023-09-12T23:10:21Z</time></trkpt>
      <trkpt lat="22.5393651" lon="113.9363914"><ele>15.6</ele><time>2023-09-12T23:10:22Z</time></trkpt>
      <trkpt lat="22.5393811" lon="113.9363911"><ele>15.6</ele><time>2023-09-12T23:10:23Z</time></trkpt>
      <trkpt lat="22.5393972" lon="113.9363906"><ele>15.7</ele><time>2023-09-12T23:10:24Z</time></trkpt>
      <trkpt lat="22.5394133" lon="113.9363903"><ele>15.7</ele><time>2023-09-12T23:10:25Z</time></trkpt>
      <trkpt lat="22.5394293" lon="113.9363921"><ele>15.7</ele><time>2023-09-12T23:10:26Z</time></trkpt>
      <trkpt lat="22.5394447" lon="113.9363972"><ele>15.7</ele><time>2023-09-12T23:10:27Z</time></trkpt>
      <trkpt lat="22.5394590" lon="113.9364049"><ele>15.7</ele><time>2023-09-12T23:10:28Z</time></trkpt>
      <trkpt lat="22.5394725" lon="113.9364143"><ele>15.8</ele><time>2023-09-12T23:10:29Z</time></trkpt>
      <trkpt lat="22.5394863" lon="113.9364229"><ele>15.8</ele><time>2023-09-12T23:10:30Z</time></trkpt>
      <trkpt lat="22.5395012" lon="113.9364292"><ele>15.8</ele><time>2023-09-12T23:10:31Z</time></trkpt>
      <trkpt lat="22.5395170" lon="113.9364330"><ele>15.9</ele><time>2023-09-12T23:10:32Z</time></trkpt>
      <trkpt lat="22.5395334" lon="113.9364343"><ele>15.9</ele><time>2023-09-12T23:10:33Z</time></trkpt>
      <trkpt lat="22.5395497" lon="113.9364340"><ele>15.9</ele><time>2023-09-12T23:10:34Z</time></trkpt>
      <trkpt lat="22.5395660" lon="113.9364332"><ele>16.0</ele><time>2023-09-12T23:10:35Z</time></trkpt>
      <trkpt lat="22.5395823" lon="113.9364316"><ele>16.0</ele><time>2023-09-12T23:10:36Z</time></trkpt>
      <trkpt lat="22.5395983" lon="113.9364283"><ele>16.0</ele><time>2023-09-12T23:10:37Z</time></trkpt>
      <trkpt lat="22.5396145" lon="113.9364241"><ele>16.1</ele><time>2023-09-12T23:10:38Z</time></trkpt>
      <trkpt lat="22.5396308" lon="113.9364193"><ele>16.1</ele><time>2023-09-12T23:10:39Z</time></trkpt>
      <trkpt lat="22.5396466" lon="113.9364139"><ele>16.1</ele><time>2023-09-12T23:10:40Z</time></trkpt>
      <trkpt lat="22.5396623" lon="113.9364086"><ele>16.2</ele><time>2023-09-12T23:10:41Z</time></trkpt>
      <trkpt lat="22.5396777" lon="113.9364026"><ele>16.2</ele><time>2023-09-12T23:10:42Z</time></trkpt>
      <trkpt lat="22.5396925" lon="113.9363952"><ele>16.2</ele><time>2023-09-12T23:10:43Z</time></trkpt>
      <trkpt lat="22.5397069" lon="113.9363865"><ele>16.2</ele><time>2023-09-12T23:10:44Z</time></trkpt>
      <trkpt lat="22.5397210" lon="113.9363771"><ele>16.3</ele><time>2023-09-12T23:10:45Z</time></trkpt>
      <trkpt lat="22.5397347" lon="113.9363675"><ele>16.3</ele><time>2023-09-12T23:10:46Z</time></trkpt>
      <trkpt lat="22.5397483" lon="113.9363576"><ele>16.3</ele><time>2023-09-12T23:10:47Z</time></trkpt>
      <trkpt lat="22.5397614" lon="113.9363471"><ele>16.4</ele><time>2023-09-12T23:10:48Z</time></trkpt>
      <trkpt lat="22.5397732" lon="113.9363352"><ele>16.4</ele><time>2023-09-12T23:10:49Z</time></trkpt>
      <trkpt lat="22.5397836" lon="113.9363217"><ele>16.4</ele><time>2023-09-12T23:10:50Z</time></trkpt>
      <trkpt lat="22.5397937" lon="113.9363076"><ele>16.4</ele><time>2023-09-12T23:10:51Z</time></trkpt>
      <trkpt lat="22.5398043" lon="113.9362941"><ele>16.5</ele><time>2023-09-12T23:10:52Z</time></trkpt>
      <trkpt lat="22.5398158" lon="113.9362816"><ele>16.5</ele><time>2023-09-12T23:10:53Z</time></trkpt>
      <trkpt lat="22.5398271" lon="113.9362690"><ele>16.5</ele><time>2023-09-12T23:10:54Z</time></trkpt>
      <trkpt lat="22.5398381" lon="113.9362563"><ele>16.5</ele><time>2023-09-12T23:10:55Z</time></trkpt>
      <trkpt lat="22.5398495" lon="113.9362443"><ele>16.5</ele><time>2023-09-12T23:10:56Z</time></trkpt>
      <trkpt lat="22.5398613" lon="113.9362324"><ele>16.5</ele><time>2023-09-12T23:10:57Z</time></trkpt>
      <trkpt lat="22.5398723" lon="113.9362199"><ele>16.6</ele><time>2023-09-12T23:10:58Z</time></trkpt>
      <trkpt lat="22.5398824" lon="113.9362068"><ele>16.6</ele><time>2023-09-12T23:10:59Z</time></trkpt>
      <trkpt lat="22.5398930" lon="113.9361942"><ele>16.6</ele><time>2023-09-12T23:11:00Z</time></trkpt>
      <trkpt lat="22.5399040" lon="113.9361817"><ele>16.6</ele><time>2023-09-12T23:11:01Z</time></trkpt>
      <trkpt lat="22.5399145" lon="113.9361688"><ele>16.6</ele><time>2023-09-12T23:11:02Z</time></trkpt>
      <trkpt lat="22.5399245" lon="113.9361556"><ele>16.6</ele><time>2023-09-12T23:11:03Z</time></trkpt>
      <trkpt lat="22.5399339" lon="113.9361420"><ele>16.6</ele><time>2023-09-12T23:11:04Z</time></trkpt>
      <trkpt lat="22.5399427" lon="113.9361281"><ele>16.6</ele><time>2023-09-12T23:11:05Z</time></trkpt>
      <trkpt lat="22.5399509" lon="113.9361136"><ele>16.6</ele><time>2023-09-12T23:11:06Z</time></trkpt>
      <trkpt lat="22.5399588" lon="113.9360988"><ele>16.6</ele><time>2023-09-12T23:11:07Z</time></trkpt>
      <trkpt lat="22.5399659" lon="113.9360838"><ele>16.6</ele><time>2023-09-12T23:11:08Z</time></trkpt>
      <trkpt lat="22.5399718" lon="113.9360683"><ele>16.6</ele><time>2023-09-12T23:11:09Z</time></trkpt>
      <trkpt lat="22.5399765" lon="113.9360521"><ele>16.6</ele><time>2023-09-12T23:11:10Z</time></trkpt>
      <trkpt lat="22.5399808" lon="113.9360358"><ele>16.6</ele><time>2023-09-12T23:11:11Z</time></trkpt>
      <trkpt lat="22.5399848" lon="113.9360199"><ele>16.6</ele><time>2023-09-12T23:11:12Z</time></trkpt>
      <trkpt lat="22.5399883" lon="113.9360048"><ele>16.5</ele><time>2023-09-12T23:11:13Z</time></trkpt>
      <trkpt lat="22.5399911" lon="113.9359899"><ele>16.5</ele><time>2023-09-12T23:11:14Z</time></trkpt>
      <trkpt lat="22.5399936" lon="113.9359741"><ele>16.5</ele><time>2023-09-12T23:11:15Z</time></trkpt>
      <trkpt lat="22.5399956" lon="113.9359577"><ele>16.5</ele><time>2023-09-12T23:11:16Z</time></trkpt>
      <trkpt lat="22.5399967" lon="113.9359409"><ele>16.4</ele><time>2023-09-12T23:11:17Z</time></trkpt>
      <trkpt lat="22.5399978" lon="113.9359241"><ele>16.4</ele><time>2023-09-12T23:11:18Z</time></trkpt>
      <trkpt lat="22.5399986" lon="113.9359076"><ele>16.4</ele><time>2023-09-12T23:11:19Z</time></trkpt>
      <trkpt lat="22.5399988" lon="113.9358913"><ele>16.3</ele><time>2023-09-12T23:11:20Z</time></trkpt>
      <trkpt lat="22.5399985" lon="113.9358750"><ele>16.3</ele><time>2023-09-12T23:11:21Z</time></trkpt>
      <trkpt lat="22.5399969" lon="113.9358590"><ele>16.2</ele><time>2023-09-12T23:11:22Z</time></trkpt>
      <trkpt lat="22.5399949" lon="113.9358432"><ele>16.2</ele><time>2023-09-12T23:11:23Z</time></trkpt>
      <trkpt lat="22.5399933" lon="113.9358272"><ele>16.1</ele><time>2023-09-12T23:11:24Z</time></trkpt>
      <trkpt lat="22.5399913" lon="113.9358114"><ele>16.0</ele><time>2023-09-12T23:11:25Z</time></trkpt>
      <trkpt lat="22.5399886" lon="113.9357959"><ele>15.9</ele><time>2023-09-12T23:11:26Z</time></trkpt>
      <trkpt lat="22.5399852" lon="113.9357802"><ele>15.9</ele><time>2023-09-12T23:11:27Z</time></trkpt>
      <trkpt lat="22.5399816" lon="113.9357643"><ele>15.8</ele><time>2023-09-12T23:11:28Z</time></trkpt>
      <trkpt lat="22.5399773" lon="113.9357482"><ele>15.7</ele><time>2023-09-12T23:11:29Z</time></trkpt>
      <trkpt lat="22.5399714" lon="113.9357322"><ele>15.6</ele><time>2023-09-12T23:11:30Z</time></trkpt>
      <trkpt lat="22.5399643" lon="113.9357171"><ele>15.5</ele><time>2023-09-12T23:11:31Z</time></trkpt>
      <trkpt lat="22.5399565" lon="113.9357025"><ele>15.4</ele><time>2023-09-12T23:11:32Z</time></trkpt>
      <trkpt lat="22.5399484" lon="113.9356883"><ele>15.4</ele><time>2023-09-12T23:11:33Z</time></trkpt>
      <trkpt lat="22.5399401" lon="113.9356748"><ele>15.3</ele><time>2023-09-12T23:11:34Z</time></trkpt>
      <trkpt lat="22.5399314" lon="113.9356616"><ele>15.2</ele><time>2023-09-12T23:11:35Z</time></trkpt>
      <trkpt lat="22.5399223" lon="113.9356492"><ele>15.1</ele><time>2023-09-12T23:11:36Z</time></trkpt>
      <trkpt lat="22.5399135" lon="113.9356379"><ele>15.0</ele><time>2023-09-12T23:11:37Z</time></trkpt>
      <trkpt lat="22.5399042" lon="113.9356271"><ele>15.0</ele><time>2023-09-12T23:11:38Z</time></trkpt>
      <trkpt lat="22.5398932" lon="113.9356160"><ele>14.9</ele><time>2023-09-12T23:11:39Z</time></trkpt>
      <trkpt lat="22.5398816" lon="113.9356052"><ele>14.8</ele><time>2023-09-12T23:11:40Z</time></trkpt>
      <trkpt lat="22.5398693" lon="113.9355952"><ele>14.8</ele><time>2023-09-12T23:11:41Z</time></trkpt>
      <trkpt lat="22.5398558" lon="113.9355869"><ele>14.7</ele><time>2023-09-12T23:11:42Z</time></trkpt>
      <trkpt lat="22.5398415" lon="113.9355793"><ele>14.6</ele><time>2023-09-12T23:11:43Z</time></trkpt>
      <trkpt lat="22.5398279" lon="113.9355706"><ele>14.6</ele><time>2023-09-12T23:11:44Z</time></trkpt>
      <trkpt lat="22.5398148" lon="113.9355614"><ele>14.5</ele><time>2023-09-12T23:11:45Z</time></trkpt>
      <trkpt lat="22.5398017" lon="113.9355521"><ele>14.5</ele><time>2023-09-12T23:11:46Z</time></trkpt>
      <trkpt lat="22.5397896" lon="113.9355418"><ele>14.4</ele><time>2023-09-12T23:11:47Z</time></trkpt>
      <trkpt lat="22.5397775" lon="113.9355315"><ele>14.4</ele><time>2023-09-12T23:11:48Z</time></trkpt>
      <trkpt lat="22.5397644" lon="113.9355219"><ele>14.3</ele><time>2023-09-12T23:11:49Z</time></trkpt>
      <trkpt lat="22.5397518" lon="113.9355116"><ele>14.3</ele><time>2023-09-12T23:11:50Z</time></trkpt>
      <trkpt lat="22.5397391" lon="113.9355013"><ele>14.2</ele><time>2023-09-12T23:11:51Z</time></trkpt>
      <trkpt lat="22.5397257" lon="113.9354922"><ele>14.2</ele><time>2023-09-12T23:11:52Z</time></trkpt>
      <trkpt lat="22.5397115" lon="113.9354843"><ele>14.1</ele><time>2023-09-12T23:11:53Z</time></trkpt>
      <trkpt lat="22.5396963" lon="113.9354783"><ele>14.1</ele><time>2023-09-12T23:11:54Z</time></trkpt>
      <trkpt lat="22.5396802" lon="113.9354741"><ele>14.1</ele><time>2023-09-12T23:11:55Z</time></trkpt>
      <trkpt lat="22.5396641" lon="113.9354701"><ele>14.0</ele><time>2023-09-12T23:11:56Z</time></trkpt>
      <trkpt lat="22.5396481" lon="113.9354659"><ele>14.0</ele><time>2023-09-12T23:11:57Z</time></trkpt>
      <trkpt lat="22.5396320" lon="113.9354620"><ele>13.9</ele><time>2023-09-12T23:11:58Z</time></trkpt>
      <trkpt lat="22.5396160" lon="113.9354589"><ele>13.9</ele><time>2023-09-12T23:11:59Z</time></trkpt>
      <trkpt lat="22.5395999" lon="113.9354563"><ele>13.8</ele><time>2023-09-12T23:12:00Z</time></trkpt>
      <trkpt lat="22.5395836" lon="113.9354543"><ele>13.8</ele><time>2023-09-12T23:12:01Z</time></trkpt>
      <trkpt lat="22.5395671" lon="113.9354535"><ele>13.8</ele><time>2023-09-12T23:12:02Z</time></trkpt>
      <trkpt lat="22.5395506" lon="113.9354531"><ele>13.7</ele><time>2023-09-12T23:12:03Z</time></trkpt>
      <trkpt lat="22.5395342" lon="113.9354527"><ele>13.7</ele><time>2023-09-12T23:12:04Z</time></trkpt>
      <trkpt lat="22.5395179" lon="113.9354523"><ele>13.6</ele><time>2023-09-12T23:12:05Z</time></trkpt>
      <trkpt lat="22.5395016" lon="113.9354525"><ele>13.6</ele><time>2023-09-12T23:12:06Z</time></trkpt>
      <trkpt lat="22.5394853" lon="113.9354535"><ele>13.6</ele><time>2023-09-12T23:12:07Z</time></trkpt>
      <trkpt lat="22.5394690" lon="113.9354547"><ele>13.6</ele><time>2023-09-12T23:12:08Z</time></trkpt>
      <trkpt lat="22.5394527" lon="113.9354549"><ele>13.5</ele><time>2023-09-12T23:12:09Z</time></trkpt>
      <trkpt lat="22.5394364" lon="113.9354536"><ele>13.5</ele><time>2023-09-12T23:12:10Z</time></trkpt>
      <trkpt lat="22.5394194" lon="113.9354516"><ele>13.5</ele><time>2023-09-12T23:12:11Z</time></trkpt>
      <trkpt lat="22.5394017" lon="113.9354501"><ele>13.5</ele><time>2023-09-12T23:12:12Z</time></trkpt>
      <trkpt lat="22.5393839" lon="113.9354498"><ele>13.4</ele><time>2023-09-12T23:12:13Z</time></trkpt>
      <trkpt lat="22.5393661" lon="113.9354506"><ele>13.4</ele><time>2023-09-12T23:12:14Z</time></trkpt>
      <trkpt lat="22.5393487" lon="113.9354519"><ele>13.4</ele><time>2023-09-12T23:12:15Z</time></trkpt>
      <trkpt lat="22.5393320" lon="113.9354532"><ele>13.4</ele><time>2023-09-12T23:12:16Z</time></trkpt>
      <trkpt lat="22.5393159" lon="113.9354543"><ele>13.4</ele><time>2023-09-12T23:12:17Z</time></trkpt>
      <trkpt lat="22.5392999" lon="113.9354555"><ele>13.4</ele><time>2023-09-12T23:12:18Z</time></trkpt>
      <trkpt lat="22.5392840" lon="113.9354566"><ele>13.4</ele><time>2023-09-12T23:12:19Z</time></trkpt>
      <trkpt lat="22.5392683" lon="113.9354572"><ele>13.4</ele><time>2023-09-12T23:12:20Z</time></trkpt>
      <trkpt lat="22.5392525" lon="113.9354573"><ele>13.4</ele><time>2023-09-12T23:12:21Z</time></trkpt>
      <trkpt lat="22.5392366" lon="113.9354571"><ele>13.5</ele><time>2023-09-12T23:12:22Z</time></trkpt>
      <trkpt lat="22.5392207" lon="113.9354566"><ele>13.5</ele><time>2023-09-12T23:12:23Z</time></trkpt>
      <trkpt lat="22.5392048" lon="113.9354560"><ele>13.5</ele><time>2023-09-12T23:12:24Z</time></trkpt>
      <trkpt lat="22.5391889" lon="113.9354555"><ele>13.5</ele><time>2023-09-12T23:12:25Z</time></trkpt>
      <trkpt lat="22.5391729" lon="113.9354553"><ele>13.6</ele><time>2023-09-12T23:12:26Z</time></trkpt>
      <trkpt lat="22.5391568" lon="113.9354548"><ele>13.6</ele><time>2023-09-12T23:12:27Z</time></trkpt>
      <trkpt lat="22.5391407" lon="113.9354542"><ele>13.6</ele><time>2023-09-12T23:12:28Z</time></trkpt>
      <trkpt lat="22.5391247" lon="113.9354546"><ele>13.7</ele><time>2023-09-12T23:12:29Z</time></trkpt>
      <trkpt lat="22.5391086" lon="113.9354560"><ele>13.7</ele><time>2023-09-12T23:12:30Z</time></trkpt>
      <trkpt lat="22.5390927" lon="113.9354583"><ele>13.8</ele><time>2023-09-12T23:12:31Z</time></trkpt>
      <trkpt lat="22.5390767" lon="113.9354606"><ele>13.8</ele><time>2023-09-12T23:12:32Z</time></trkpt>
      <trkpt lat="22.5390605" lon="113.9354617"><ele>13.9</ele><time>2023-09-12T23:12:33Z</time></trkpt>
      <trkpt lat="22.5390443" lon="113.9354624"><ele>13.9</ele><time>2023-09-12T23:12:34Z</time></trkpt>
      <trkpt lat="22.5390283" lon="113.9354635"><ele>14.0</ele><time>2023-09-12T23:12:35Z</time></trkpt>
      <trkpt lat="22.5390121" lon="113.9354645"><ele>14.0</ele><time>2023-09-12T23:12:36Z</time></trkpt>
      <trkpt lat="22.5389959" lon="113.9354646"><ele>14.1</ele><time>2023-09-12T23:12:37Z</time></trkpt>
      <trkpt lat="22.5389797" lon="113.9354643"><ele>14.2</ele><time>2023-09-12T23:12:38Z</time></trkpt>
      <trkpt lat="22.5389634" lon="113.9354632"><ele>14.2</ele><time>2023-09-12T23:12:39Z</time></trkpt>
      <trkpt lat="22.5389472" lon="113.9354617"><ele>14.3</ele><time>2023-09-12T23:12:40Z</time></trkpt>
      <trkpt lat="22.5389309" lon="113.9354614"><ele>14.3</ele><time>2023-09-12T23:12:41Z</time></trkpt>
      <trkpt lat="22.5389145" lon="113.9354617"><ele>14.4</ele><time>2023-09-12T23:12:42Z</time></trkpt>
      <trkpt lat="22.5388981" lon="113.9354611"><ele>14.5</ele><time>2023-09-12T23:12:43Z</time></trkpt>
      <trkpt lat="22.5388817" lon="113.9354603"><ele>14.5</ele><time>2023-09-12T23:12:44Z</time></trkpt>
      <trkpt lat="22.5388652" lon="113.9354602"><ele>14.6</ele><time>2023-09-12T23:12:45Z</time></trkpt>
      <trkpt lat="22.5388490" lon="113.9354614"><ele>14.6</ele><time>2023-09-12T23:12:46Z</time></trkpt>
      <trkpt lat="22.5388329" lon="113.9354644"><ele>14.7</ele><time>2023-09-12T23:12:47Z</time></trkpt>
      <trkpt lat="22.5388168" lon="113.9354682"><ele>14.7</ele><time>2023-09-12T23:12:48Z</time></trkpt>
      <trkpt lat="22.5388009" lon="113.9354720"><ele>14.8</ele><time>2023-09-12T23:12:49Z</time></trkpt>
      <trkpt lat="22.5387849" lon="113.9354753"><ele>14.9</ele><time>2023-09-12T23:12:50Z</time></trkpt>
      <trkpt lat="22.5387686" lon="113.9354779"><ele>14.9</ele><time>2023-09-12T23:12:51Z</time></trkpt>
      <trkpt lat="22.5387518" lon="113.9354802"><ele>15.0</ele><time>2023-09-12T23:12:52Z</time></trkpt>
      <trkpt lat="22.5387345" lon="113.9354822"><ele>15.0</ele><time>2023-09-12T23:12:53Z</time></trkpt>
      <trkpt lat="22.5387173" lon="113.9354836"><ele>15.1</ele><time>2023-09-12T23:12:54Z</time></trkpt>
      <trkpt lat="22.5387003" lon="113.9354853"><ele>15.1</ele><time>2023-09-12T23:12:55Z</time></trkpt>
      <trkpt lat="22.5386836" lon="113.9354887"><ele>15.2</ele><time>2023-09-12T23:12:56Z</time></trkpt>
      <trkpt lat="22.5386676" lon="113.9354943"><ele>15.3</ele><time>2023-09-12T23:12:57Z</time></trkpt>
      <trkpt lat="22.5386525" lon="113.9355012"><ele>15.3</ele><time>2023-09-12T23:12:58Z</time></trkpt>
      <trkpt lat="22.5386380" lon="113.9355093"><ele>15.4</ele><time>2023-09-12T23:12:59Z</time></trkpt>
      <trkpt lat="22.5386236" lon="113.9355181"><ele>15.5</ele><time>2023-09-12T23:13:00Z</time></trkpt>
      <trkpt lat="22.5386092" lon="113.9355270"><ele>15.5</ele><time>2023-09-12T23:13:01Z</time></trkpt>
      <trkpt lat="22.5385945" lon="113.9355348"><ele>15.6</ele><time>2023-09-12T23:13:02Z</time></trkpt>
      <trkpt lat="22.5385797" lon="113.9355419"><ele>15.7</ele><time>2023-09-12T23:13:03Z</time></trkpt>
      <trkpt lat="22.5385652" lon="113.9355498"><ele>15.7</ele><time>2023-09-12T23:13:04Z</time></trkpt>
      <trkpt lat="22.5385513" lon="113.9355588"><ele>15.8</ele><time>2023-09-12T23:13:05Z</time></trkpt>
      <trkpt lat="22.5385380" lon="113.9355692"><ele>15.8</ele><time>2023-09-12T23:13:06Z</time></trkpt>
      <trkpt lat="22.5385255" lon="113.9355808"><ele>15.9</ele><time>2023-09-12T23:13:07Z</time></trkpt>
      <trkpt lat="22.5385135" lon="113.9355930"><ele>16.0</ele><time>2023-09-12T23:13:08Z</time></trkpt>
      <trkpt lat="22.5385016" lon="113.9356052"><ele>16.0</ele><time>2023-09-12T23:13:09Z</time></trkpt>
      <trkpt lat="22.5384899" lon="113.9356174"><ele>16.1</ele><time>2023-09-12T23:13:10Z</time></trkpt>
      <trkpt lat="22.5384788" lon="113.9356301"><ele>16.1</ele><time>2023-09-12T23:13:11Z</time></trkpt>
      <trkpt lat="22.5384686" lon="113.9356437"><ele>16.2</ele><time>2023-09-12T23:13:12Z</time></trkpt>
      <trkpt lat="22.5384595" lon="113.9356583"><ele>16.2</ele><time>2023-09-12T23:13:13Z</time></trkpt>
      <trkpt lat="22.5384517" lon="113.9356730"><ele>16.2</ele><time>2023-09-12T23:13:14Z</time></trkpt>
      <trkpt lat="22.5384449" lon="113.9356878"><ele>16.3</ele><time>2023-09-12T23:13:15Z</time></trkpt>
      <trkpt lat="22.5384383" lon="113.9357035"><ele>16.3</ele><time>2023-09-12T23:13:16Z</time></trkpt>
      <trkpt lat="22.5384318" lon="113.9357193"><ele>16.3</ele><time>2023-09-12T23:13:17Z</time></trkpt>
      <trkpt lat="22.5384248" lon="113.9357348"><ele>16.4</ele><time>2023-09-12T23:13:18Z</time></trkpt>
      <trkpt lat="22.5384176" lon="113.9357503"><ele>16.4</ele><time>2023-09-12T23:13:19Z</time></trkpt>
      <trkpt lat="22.5384103" lon="113.9357661"><ele>16.4</ele><time>2023-09-12T23:13:20Z</time></trkpt>
      <trkpt lat="22.5384028" lon="113.9357823"><ele>16.4</ele><time>2023-09-12T23:13:21Z</time></trkpt>
      <trkpt lat="22.5383957" lon="113.9357985"><ele>16.4</ele><time>2023-09-12T23:13:22Z</time></trkpt>
      <trkpt lat="22.5383888" lon="113.9358147"><ele>16.4</ele><time>2023-09-12T23:13:23Z</time></trkpt>
      <trkpt lat="22.5383820" lon="113.9358307"><ele>16.4</ele><time>2023-09-12T23:13:24Z</time></trkpt>
      <trkpt lat="22.5383762" lon="113.9358467"><ele>16.4</ele><time>2023-09-12T23:13:25Z</time></trkpt>
      <trkpt lat="22.5383725" lon="113.9358632"><ele>16.4</ele><time>2023-09-12T23:13:26Z</time></trkpt>
      <trkpt lat="22.5383701" lon="113.9358798"><ele>16.4</ele><time>2023-09-12T23:13:27Z</time></trkpt>
      <trkpt lat="22.5383682" lon="113.9358965"><ele>16.4</ele><time>2023-09-12T23:13:28Z</time></trkpt>
      <trkpt lat="22.5383666" lon="113.9359134"><ele>16.4</ele><time>2023-09-12T23:13:29Z</time></trkpt>
      <trkpt lat="22.5383651" lon="113.9359303"><ele>16.4</ele><time>2023-09-12T23:13:30Z</time></trkpt>
      <trkpt lat="22.5383644" lon="113.9359473"><ele>16.3</ele><time>2023-09-12T23:13:31Z</time></trkpt>
      <trkpt lat="22.5383641" lon="113.9359642"><ele>16.3</ele><time>2023-09-12T23:13:32Z</time></trkpt>
      <trkpt lat="22.5383640" lon="113.9359810"><ele>16.3</ele><time>2023-09-12T23:13:33Z</time></trkpt>
      <trkpt lat="22.5383648" lon="113.9359977"><ele>16.3</ele><time>2023-09-12T23:13:34Z</time></trkpt>
      <trkpt lat="22.5383670" lon="113.9360147"><ele>16.3</ele><time>2023-09-12T23:13:35Z</time></trkpt>
      <trkpt lat="22.5383703" lon="113.9360318"><ele>16.2</ele><time>2023-09-12T23:13:36Z</time></trkpt>
      <trkpt lat="22.5383744" lon="113.9360485"><ele>16.2</ele><time>2023-09-12T23:13:37Z</time></trkpt>
      <trkpt lat="22.5383789" lon="113.9360649"><ele>16.2</ele><time>2023-09-12T23:13:38Z</time></trkpt>
      <trkpt lat="22.5383837" lon="113.9360811"><ele>16.1</ele><time>2023-09-12T23:13:39Z</time></trkpt>
      <trkpt lat="22.5383889" lon="113.9360971"><ele>16.1</ele><time>2023-09-12T23:13:40Z</time></trkpt>
      <trkpt lat="22.5383944" lon="113.9361129"><ele>16.1</ele><time>2023-09-12T23:13:41Z</time></trkpt>
      <trkpt lat="22.5384005" lon="113.9361284"><ele>16.0</ele><time>2023-09-12T23:13:42Z</time></trkpt>
      <trkpt lat="22.5384073" lon="113.9361435"><ele>16.0</ele><time>2023-09-12T23:13:43Z</time></trkpt>
      <trkpt lat="22.5384150" lon="113.9361582"><ele>16.0</ele><time>2023-09-12T23:13:44Z</time></trkpt>
      <trkpt lat="22.5384232" lon="113.9361728"><ele>15.9</ele><time>2023-09-12T23:13:45Z</time></trkpt>
      <trkpt lat="22.5384315" lon="113.9361873"><ele>15.9</ele><time>2023-09-12T23:13:46Z</time></trkpt>
      <trkpt lat="22.5384396" lon="113.9362019"><ele>15.9</ele><time>2023-09-12T23:13:47Z</time></trkpt>
      <trkpt lat="22.5384481" lon="113.9362162"><ele>15.8</ele><time>2023-09-12T23:13:48Z</time></trkpt>
      <trkpt lat="22.5384581" lon="113.9362296"><ele>15.8</ele><time>2023-09-12T23:13:49Z</time></trkpt>
      <trkpt lat="22.5384688" lon="113.9362425"><ele>15.7</ele><time>2023-09-12T23:13:50Z</time></trkpt>
      <trkpt lat="22.5384795" lon="113.9362554"><ele>15.7</ele><time>2023-09-12T23:13:51Z</time></trkpt>
      <trkpt lat="22.5384904" lon="113.9362681"><ele>15.7</ele><time>2023-09-12T23:13:52Z</time></trkpt>
      <trkpt lat="22.5385009" lon="113.9362810"><ele>15.6</ele><time>2023-09-12T23:13:53Z</time></trkpt>
      <trkpt lat="22.5385117" lon="113.9362936"><ele>15.6</ele><time>2023-09-12T23:13:54Z</time></trkpt>
      <trkpt lat="22.5385234" lon="113.9363055"><ele>15.6</ele><time>2023-09-12T23:13:55Z</time></trkpt>
      <trkpt lat="22.5385353" lon="113.9363171"><ele>15.5</ele><time>2023-09-12T23:13:56Z</time></trkpt>
      <trkpt lat="22.5385473" lon="113.9363287"><ele>15.5</ele><time>2023-09-12T23:13:57Z</time></trkpt>
      <trkpt lat="22.5385597" lon="113.9363397"><ele>15.5</ele><time>2023-09-12T23:13:58Z</time></trkpt>
      <trkpt lat="22.5385728" lon="113.9363497"><ele>15.4</ele><time>2023-09-12T23:13:59Z</time></trkpt>
      <trkpt lat="22.5385866" lon="113.9363584"><ele>15.4</ele><time>2023-09-12T23:14:00Z</time></trkpt>
      <trkpt lat="22.5386011" lon="113.9363661"><ele>15.4</ele><time>2023-09-12T23:14:01Z</time></trkpt>
      <trkpt lat="22.5386158" lon="113.9363738"><ele>15.4</ele><time>2023-09-12T23:14:02Z</time></trkpt>
      <trkpt lat="22.5386304" lon="113.9363815"><ele>15.3</ele><time>2023-09-12T23:14:03Z</time></trkpt>
      <trkpt lat="22.5386453" lon="113.9363891"><ele>15.3</ele><time>2023-09-12T23:14:04Z</time></trkpt>
      <trkpt lat="22.5386605" lon="113.9363961"><ele>15.3</ele><time>2023-09-12T23:14:05Z</time></trkpt>
      <trkpt lat="22.5386758" lon="113.9364028"><ele>15.3</ele><time>2023-09-12T23:14:06Z</time></trkpt>
      <trkpt lat="22.5386917" lon="113.9364082"><ele>15.3</ele><time>2023-09-12T23:14:07Z</time></trkpt>
      <trkpt lat="22.5387080" lon="113.9364121"><ele>15.3</ele><time>2023-09-12T23:14:08Z</time></trkpt>
      <trkpt lat="22.5387245" lon="113.9364151"><ele>15.4</ele><time>2023-09-12T23:14:09Z</time></trkpt>
      <trkpt lat="22.5387416" lon="113.9364170"><ele>15.4</ele><time>2023-09-12T23:14:10Z</time></trkpt>
      <trkpt lat="22.5387588" lon="113.9364186"><ele>15.4</ele><time>2023-09-12T23:14:11Z</time></trkpt>
      <trkpt lat="22.5387758" lon="113.9364210"><ele>15.5</ele><time>2023-09-12T23:14:12Z</time></trkpt>
      <trkpt lat="22.5387927" lon="113.9364239"><ele>15.5</ele><time>2023-09-12T23:14:13Z</time></trkpt>
      <trkpt lat="22.5388098" lon="113.9364256"><ele>15.5</ele><time>2023-09-12T23:14:14Z</time></trkpt>
      <trkpt lat="22.5388270" lon="113.9364262"><ele>15.6</ele><time>2023-09-12T23:14:15Z</time></trkpt>
      <trkpt lat="22.5388442" lon="113.9364277"><ele>15.7</ele><time>2023-09-12T23:14:16Z</time></trkpt>
      <trkpt lat="22.5388616" lon="113.9364300"><ele>15.7</ele><time>2023-09-12T23:14:17Z</time></trkpt>
      <trkpt lat="22.5388790" lon="113.9364338"><ele>15.8</ele><time>2023-09-12T23:14:18Z</time></trkpt>
      <trkpt lat="22.5388954" lon="113.9364405"><ele>15.9</ele><time>2023-09-12T23:14:19Z</time></trkpt>
      <trkpt lat="22.5389105" lon="113.9364495"><ele>15.9</ele><time>2023-09-12T23:14:20Z</time></trkpt>
      <trkpt lat="22.5389254" lon="113.9364591"><ele>16.0</ele><time>2023-09-12T23:14:21Z</time></trkpt>
      <trkpt lat="22.5389404" lon="113.9364684"><ele>16.1</ele><time>2023-09-12T23:14:22Z</time></trkpt>
      <trkpt lat="22.5389561" lon="113.9364766"><ele>16.2</ele><time>2023-09-12T23:14:23Z</time></trkpt>
      <trkpt lat="22.5389728" lon="113.9364831"><ele>16.3</ele><time>2023-09-12T23:14:24Z</time></trkpt>
      <trkpt lat="22.5389904" lon="113.9364876"><ele>16.4</ele><time>2023-09-12T23:14:25Z</time></trkpt>
      <trkpt lat="22.5390088" lon="113.9364903"><ele>16.4</ele><time>2023-09-12T23:14:26Z</time></trkpt>
      <trkpt lat="22.5390271" lon="113.9364918"><ele>16.5</ele><time>2023-09-12T23:14:27Z</time></trkpt>
      <trkpt lat="22.5390455" lon="113.9364927"><ele>16.6</ele><time>2023-09-12T23:14:28Z</time></trkpt>
      <trkpt lat="22.5390641" lon="113.9364929"><ele>16.7</ele><time>2023-09-12T23:14:29Z</time></trkpt>
      <trkpt lat="22.5390826" lon="113.9364928"><ele>16.8</ele><time>2023-09-12T23:14:30Z</time></trkpt>
      <trkpt lat="22.5391008" lon="113.9364936"><ele>16.9</ele><time>2023-09-12T23:14:31Z</time></trkpt>
      <trkpt lat="22.5391195" lon="113.9364947"><ele>16.9</ele><time>2023-09-12T23:14:32Z</time></trkpt>
      <trkpt lat="22.5391387" lon="113.9364951"><ele>17.0</ele><time>2023-09-12T23:14:33Z</time></trkpt>
      <trkpt lat="22.5391581" lon="113.9364938"><ele>17.1</ele><time>2023-09-12T23:14:34Z</time></trkpt>
      <trkpt lat="22.5391771" lon="113.9364919"><ele>17.2</ele><time>2023-09-12T23:14:35Z</time></trkpt>
      <trkpt lat="22.5391954" lon="113.9364907"><ele>17.2</ele><time>2023-09-12T23:14:36Z</time></trkpt>
      <trkpt lat="22.5392132" lon="113.9364891"><ele>17.3</ele><time>2023-09-12T23:14:37Z</time></trkpt>
      <trkpt lat="22.5392307" lon="113.9364864"><ele>17.4</ele><time>2023-09-12T23:14:38Z</time></trkpt>
      <trkpt lat="22.5392480" lon="113.9364825"><ele>17.5</ele><time>2023-09-12T23:14:39Z</time></trkpt>
      <trkpt lat="22.5392658" lon="113.9364782"><ele>17.5</ele><time>2023-09-12T23:14:40Z</time></trkpt>
      <trkpt lat="22.5392839" lon="113.9364746"><ele>17.6</ele><time>2023-09-12T23:14:41Z</time></trkpt>
      <trkpt lat="22.5393019" lon="113.9364713"><ele>17.7</ele><time>2023-09-12T23:14:42Z</time></trkpt>
      <trkpt lat="22.5393198" lon="113.9364682"><ele>17.7</ele><time>2023-09-12T23:14:43Z</time></trkpt>
      <trkpt lat="22.5393379" lon="113.9364664"><ele>17.8</ele><time>2023-09-12T23:14:44Z</time></trkpt>
      <trkpt lat="22.5393561" lon="113.9364657"><ele>17.8</ele><time>2023-09-12T23:14:45Z</time></trkpt>
      <trkpt lat="22.5393742" lon="113.9364649"><ele>17.9</ele><time>2023-09-12T23:14:46Z</time></trkpt>
      <trkpt lat="22.5393919" lon="113.9364637"><ele>17.9</ele><time>2023-09-12T23:14:47Z</time></trkpt>
      <trkpt lat="22.5394095" lon="113.9364628"><ele>18.0</ele><time>2023-09-12T23:14:48Z</time></trkpt>
      <trkpt lat="22.5394273" lon="113.9364621"><ele>18.0</ele><time>2023-09-12T23:14:49Z</time></trkpt>
      <trkpt lat="22.5394450" lon="113.9364606"><ele>18.1</ele><time>2023-09-12T23:14:50Z</time></trkpt>
      <trkpt lat="22.5394627" lon="113.9364575"><ele>18.1</ele><time>2023-09-12T23:14:51Z</time></trkpt>
      <trkpt lat="22.5394801" lon="113.9364541"><ele>18.2</ele><time>2023-09-12T23:14:52Z</time></trkpt>
      <trkpt lat="22.5394969" lon="113.9364508"><ele>18.2</ele><time>2023-09-12T23:14:53Z</time></trkpt>
      <trkpt lat="22.5395135" lon="113.9364468"><ele>18.2</ele><time>2023-09-12T23:14:54Z</time></trkpt>
      <trkpt lat="22.5395300" lon="113.9364415"><ele>18.3</ele><time>2023-09-12T23:14:55Z</time></trkpt>
      <trkpt lat="22.5395460" lon="113.9364356"><ele>18.3</ele><time>2023-09-12T23:14:56Z</time></trkpt>
      <trkpt lat="22.5395623" lon="113.9364299"><ele>18.3</ele><time>2023-09-12T23:14:57Z</time></trkpt>
      <trkpt lat="22.5395789" lon="113.9364236"><ele>18.3</ele><time>2023-09-12T23:14:58Z</time></trkpt>
      <trkpt lat="22.5395953" lon="113.9364173"><ele>18.3</ele><time>2023-09-12T23:14:59Z</time></trkpt>
      <trkpt lat="22.5396118" lon="113.9364114"><ele>18.3</ele><time>2023-09-12T23:15:00Z</time></trkpt>
      <trkpt lat="22.5396286" lon="113.9364049"><ele>18.3</ele><time>2023-09-12T23:15:01Z</time></trkpt>
      <trkpt lat="22.5396452" lon="113.9363982"><ele>18.3</ele><time>2023-09-12T23:15:02Z</time></trkpt>
      <trkpt lat="22.5396616" lon="113.9363918"><ele>18.3</ele><time>2023-09-12T23:15:03Z</time></trkpt>
      <trkpt lat="22.5396778" lon="113.9363848"><ele>18.3</ele><time>2023-09-12T23:15:04Z</time></trkpt>
      <trkpt lat="22.5396932" lon="113.9363757"><ele>18.2</ele><time>2023-09-12T23:15:05Z</time></trkpt>
      <trkpt lat="22.5397071" lon="113.9363641"><ele>18.2</ele><time>2023-09-12T23:15:06Z</time></trkpt>
      <trkpt lat="22.5397207" lon="113.9363515"><ele>18.2</ele><time>2023-09-12T23:15:07Z</time></trkpt>
      <trkpt lat="22.5397344" lon="113.9363392"><ele>18.2</ele><time>2023-09-12T23:15:08Z</time></trkpt>
      <trkpt lat="22.5397476" lon="113.9363270"><ele>18.1</ele><time>2023-09-12T23:15:09Z</time></trkpt>
      <trkpt lat="22.5397606" lon="113.9363144"><ele>18.1</ele><time>2023-09-12T23:15:10Z</time></trkpt>
      <trkpt lat="22.5397726" lon="113.9363004"><ele>18.0</ele><time>2023-09-12T23:15:11Z</time></trkpt>
      <trkpt lat="22.5397838" lon="113.9362857"><ele>18.0</ele><time>2023-09-12T23:15:12Z</time></trkpt>
      <trkpt lat="22.5397952" lon="113.9362713"><ele>17.9</ele><time>2023-09-12T23:15:13Z</time></trkpt>
      <trkpt lat="22.5398070" lon="113.9362580"><ele>17.9</ele><time>2023-09-12T23:15:14Z</time></trkpt>
      <trkpt lat="22.5398184" lon="113.9362446"><ele>17.8</ele><time>2023-09-12T23:15:15Z</time></trkpt>
      <trkpt lat="22.5398296" lon="113.9362301"><ele>17.8</ele><time>2023-09-12T23:15:16Z</time></trkpt>
      <trkpt lat="22.5398408" lon="113.9362150"><ele>17.7</ele><time>2023-09-12T23:15:17Z</time></trkpt>
      <trkpt lat="22.5398519" lon="113.9361998"><ele>17.7</ele><time>2023-09-12T23:15:18Z</time></trkpt>
      <trkpt lat="22.5398626" lon="113.9361847"><ele>17.6</ele><time>2023-09-12T23:15:19Z</time></trkpt>
      <trkpt lat="22.5398732" lon="113.9361698"><ele>17.6</ele><time>2023-09-12T23:15:20Z</time></trkpt>
      <trkpt lat="22.5398830" lon="113.9361544"><ele>17.5</ele><time>2023-09-12T23:15:21Z</time></trkpt>
      <trkpt lat="22.5398922" lon="113.9361382"><ele>17.5</ele><time>2023-09-12T23:15:22Z</time></trkpt>
      <trkpt lat="22.5399011" lon="113.9361217"><ele>17.4</ele><time>2023-09-12T23:15:23Z</time></trkpt>
      <trkpt lat="22.5399091" lon="113.9361044"><ele>17.3</ele><time>2023-09-12T23:15:24Z</time></trkpt>
      <trkpt lat="22.5399157" lon="113.9360863"><ele>17.3</ele><time>2023-09-12T23:15:25Z</time></trkpt>
      <trkpt lat="22.5399219" lon="113.9360681"><ele>17.2</ele><time>2023-09-12T23:15:26Z</time></trkpt>
      <trkpt lat="22.5399278" lon="113.9360501"><ele>17.2</ele><time>2023-09-12T23:15:27Z</time></trkpt>
      <trkpt lat="22.5399325" lon="113.9360319"><ele>17.1</ele><time>2023-09-12T23:15:28Z</time></trkpt>
      <trkpt lat="22.5399358" lon="113.9360132"><ele>17.1</ele><time>2023-09-12T23:15:29Z</time></trkpt>
      <trkpt lat="22.5399383" lon="113.9359940"><ele>17.0</ele><time>2023-09-12T23:15:30Z</time></trkpt>
      <trkpt lat="22.5399404" lon="113.9359748"><ele>17.0</ele><time>2023-09-12T23:15:31Z</time></trkpt>
      <trkpt lat="22.5399426" lon="113.9359558"><ele>16.9</ele><time>2023-09-12T23:15:32Z</time></trkpt>
      <trkpt lat="22.5399449" lon="113.9359368"><ele>16.8</ele><time>2023-09-12T23:15:33Z</time></trkpt>
      <trkpt lat="22.5399463" lon="113.9359177"><ele>16.8</ele><time>2023-09-12T23:15:34Z</time></trkpt>
      <trkpt lat="22.5399456" lon="113.9358983"><ele>16.7</ele><time>2023-09-12T23:15:35Z</time></trkpt>
      <trkpt lat="22.5399434" lon="113.9358783"><ele>16.7</ele><time>2023-09-12T23:15:36Z</time></trkpt>
      <trkpt lat="22.5399403" lon="113.9358578"><ele>16.6</ele><time>2023-09-12T23:15:37Z</time></trkpt>
      <trkpt lat="22.5399373" lon="113.9358374"><ele>16.6</ele><time>2023-09-12T23:15:38Z</time></trkpt>
      <trkpt lat="22.5399347" lon="113.9358182"><ele>16.5</ele><time>2023-09-12T23:15:39Z</time></trkpt>
      <trkpt lat="22.5399315" lon="113.9357994"><ele>16.5</ele><time>2023-09-12T23:15:40Z</time></trkpt>
      <trkpt lat="22.5399277" lon="113.9357809"><ele>16.4</ele><time>2023-09-12T23:15:41Z</time></trkpt>
      <trkpt lat="22.5399237" lon="113.9357630"><ele>16.4</ele><time>2023-09-12T23:15:42Z</time></trkpt>
      <trkpt lat="22.5399188" lon="113.9357453"><ele>16.3</ele><time>2023-09-12T23:15:43Z</time></trkpt>
      <trkpt lat="22.5399130" lon="113.9357277"><ele>16.3</ele><time>2023-09-12T23:15:44Z</time></trkpt>
      <trkpt lat="22.5399058" lon="113.9357105"><ele>16.2</ele><time>2023-09-12T23:15:45Z</time></trkpt>
      <trkpt lat="22.5398971" lon="113.9356938"><ele>16.2</ele><time>2023-09-12T23:15:46Z</time></trkpt>
      <trkpt lat="22.5398882" lon="113.9356770"><ele>16.1</ele><time>2023-09-12T23:15:47Z</time></trkpt>
      <trkpt lat="22.5398791" lon="113.9356606"><ele>16.1</ele><time>2023-09-12T23:15:48Z</time></trkpt>
      <trkpt lat="22.5398686" lon="113.9356450"><ele>16.0</ele><time>2023-09-12T23:15:49Z</time></trkpt>
      <trkpt lat="22.5398574" lon="113.9356299"><ele>16.0</ele><time>2023-09-12T23:15:50Z</time></trkpt>
      <trkpt lat="22.5398455" lon="113.9356152"><ele>15.9</ele><time>2023-09-12T23:15:51Z</time></trkpt>
      <trkpt lat="22.5398327" lon="113.9356014"><ele>15.9</ele><time>2023-09-12T23:15:52Z</time></trkpt>
      <trkpt lat="22.5398198" lon="113.9355878"><ele>15.8</ele><time>2023-09-12T23:15:53Z</time></trkpt>
      <trkpt lat="22.5398069" lon="113.9355744"><ele>15.8</ele><time>2023-09-12T23:15:54Z</time></trkpt>
      <trkpt lat="22.5397935" lon="113.9355619"><ele>15.8</ele><time>2023-09-12T23:15:55Z</time></trkpt>
      <trkpt lat="22.5397799" lon="113.9355498"><ele>15.7</ele><time>2023-09-12T23:15:56Z</time></trkpt>
      <trkpt lat="22.5397658" lon="113.9355385"><ele>15.7</ele><time>2023-09-12T23:15:57Z</time></trkpt>
      <trkpt lat="22.5397506" lon="113.9355288"><ele>15.7</ele><time>2023-09-12T23:15:58Z</time></trkpt>
      <trkpt lat="22.5397331" lon="113.9355207"><ele>15.6</ele><time>2023-09-12T23:15:59Z</time></trkpt>
      <trkpt lat="22.5397135" lon="113.9355133"><ele>15.6</ele><time>2023-09-12T23:16:00Z</time></trkpt>
      <trkpt lat="22.5396949" lon="113.9355057"><ele>15.6</ele><time>2023-09-12T23:16:01Z</time></trkpt>
      <trkpt lat="22.5396785" lon="113.9354975"><ele>15.5</ele><time>2023-09-12T23:16:02Z</time></trkpt>
      <trkpt lat="22.5396625" lon="113.9354892"><ele>15.5</ele><time>2023-09-12T23:16:03Z</time></trkpt>
      <trkpt lat="22.5396460" lon="113.9354821"><ele>15.5</ele><time>2023-09-12T23:16:04Z</time></trkpt>
      <trkpt lat="22.5396286" lon="113.9354767"><ele>15.5</ele><time>2023-09-12T23:16:05Z</time></trkpt>
      <trkpt lat="22.5396107" lon="113.9354718"><ele>15.5</ele><time>2023-09-12T23:16:06Z</time></trkpt>
      <trkpt lat="22.5395931" lon="113.9354669"><ele>15.5</ele><time>2023-09-12T23:16:07Z</time></trkpt>
      <trkpt lat="22.5395761" lon="113.9354627"><ele>15.4</ele><time>2023-09-12T23:16:08Z</time></trkpt>
      <trkpt lat="22.5395594" lon="113.9354594"><ele>15.4</ele><time>2023-09-12T23:16:09Z</time></trkpt>
      <trkpt lat="22.5395423" lon="113.9354573"><ele>15.4</ele><time>2023-09-12T23:16:10Z</time></trkpt>
      <trkpt lat="22.5395246" lon="113.9354569"><ele>15.4</ele><time>2023-09-12T23:16:11Z</time></trkpt>
      <trkpt lat="22.5395071" lon="113.9354575"><ele>15.4</ele><time>2023-09-12T23:16:12Z</time></trkpt>
      <trkpt lat="22.5394900" lon="113.9354591"><ele>15.4</ele><time>2023-09-12T23:16:13Z</time></trkpt>
      <trkpt lat="22.5394726" lon="113.9354622"><ele>15.4</ele><time>2023-09-12T23:16:14Z</time></trkpt>
      <trkpt lat="22.5394551" lon="113.9354644"><ele>15.4</ele><time>2023-09-12T23:16:15Z</time></trkpt>
      <trkpt lat="22.5394377" lon="113.9354646"><ele>15.4</ele><time>2023-09-12T23:16:16Z</time></trkpt>
      <trkpt lat="22.5394203" lon="113.9354644"><ele>15.3</ele><time>2023-09-12T23:16:17Z</time></trkpt>
      <trkpt lat="22.5394028" lon="113.9354646"><ele>15.3</ele><time>2023-09-12T23:16:18Z</time></trkpt>
      <trkpt lat="22.5393854" lon="113.9354654"><ele>15.3</ele><time>2023-09-12T23:16:19Z</time></trkpt>
      <trkpt lat="22.5393682" lon="113.9354675"><ele>15.3</ele><time>2023-09-12T23:16:20Z</time></trkpt>
      <trkpt lat="22.5393511" lon="113.9354702"><ele>15.3</ele><time>2023-09-12T23:16:21Z</time></trkpt>
      <trkpt lat="22.5393340" lon="113.9354723"><ele>15.3</ele><time>2023-09-12T23:16:22Z</time></trkpt>
      <trkpt lat="22.5393168" lon="113.9354739"><ele>15.3</ele><time>2023-09-12T23:16:23Z</time></trkpt>
      <trkpt lat="22.5392997" lon="113.9354756"><ele>15.3</ele><time>2023-09-12T23:16:24Z</time></trkpt>
      <trkpt lat="22.5392830" lon="113.9354772"><ele>15.3</ele><time>2023-09-12T23:16:25Z</time></trkpt>
      <trkpt lat="22.5392664" lon="113.9354778"><ele>15.3</ele><time>2023-09-12T23:16:26Z</time></trkpt>
      <trkpt lat="22.5392495" lon="113.9354782"><ele>15.3</ele><time>2023-09-12T23:16:27Z</time></trkpt>
      <trkpt lat="22.5392326" lon="113.9354789"><ele>15.3</ele><time>2023-09-12T23:16:28Z</time></trkpt>
      <trkpt lat="22.5392159" lon="113.9354795"><ele>15.3</ele><time>2023-09-12T23:16:29Z</time></trkpt>
      <trkpt lat="22.5391990" lon="113.9354801"><ele>15.3</ele><time>2023-09-12T23:16:30Z</time></trkpt>
      <trkpt lat="22.5391822" lon="113.9354809"><ele>15.3</ele><time>2023-09-12T23:16:31Z</time></trkpt>
      <trkpt lat="22.5391657" lon="113.9354812"><ele>15.3</ele><time>2023-09-12T23:16:32Z</time></trkpt>
      <trkpt lat="22.5391488" lon="113.9354814"><ele>15.3</ele><time>2023-09-12T23:16:33Z</time></trkpt>
      <trkpt lat="22.5391317" lon="113.9354815"><ele>15.3</ele><time>2023-09-12T23:16:34Z</time></trkpt>
      <trkpt lat="22.5391147" lon="113.9354812"><ele>15.3</ele><time>2023-09-12T23:16:35Z</time></trkpt>
      <trkpt lat="22.5390982" lon="113.9354812"><ele>15.4</ele><time>2023-09-12T23:16:36Z</time></trkpt>
      <trkpt lat="22.5390822" lon="113.9354809"><ele>15.4</ele><time>2023-09-12T23:16:37Z</time></trkpt>
      <trkpt lat="22.5390662" lon="113.9354809"><ele>15.4</ele><time>2023-09-12T23:16:38Z</time></trkpt>
      <trkpt lat="22.5390498" lon="113.9354815"><ele>15.4</ele><time>2023-09-12T23:16:39Z</time></trkpt>
      <trkpt lat="22.5390331" lon="113.9354816"><ele>15.5</ele><time>2023-09-12T23:16:40Z</time></trkpt>
      <trkpt lat="22.5390163" lon="113.9354805"><ele>15.5</ele><time>2023-09-12T23:16:41Z</time></trkpt>
      <trkpt lat="22.5389993" lon="113.9354799"><ele>15.5</ele><time>2023-09-12T23:16:42Z</time></trkpt>
      <trkpt lat="22.5389822" lon="113.9354802"><ele>15.6</ele><time>2023-09-12T23:16:43Z</time></trkpt>
      <trkpt lat="22.5389654" lon="113.9354800"><ele>15.6</ele><time>2023-09-12T23:16:44Z</time></trkpt>
      <trkpt lat="22.5389487" lon="113.9354801"><ele>15.6</ele><time>2023-09-12T23:16:45Z</time></trkpt>
      <trkpt lat="22.5389321" lon="113.9354804"><ele>15.7</ele><time>2023-09-12T23:16:46Z</time></trkpt>
      <trkpt lat="22.5389154" lon="113.9354806"><ele>15.7</ele><time>2023-09-12T23:16:47Z</time></trkpt>
      <trkpt lat="22.5388984" lon="113.9354818"><ele>15.8</ele><time>2023-09-12T23:16:48Z</time></trkpt>
      <trkpt lat="22.5388815" lon="113.9354834"><ele>15.8</ele><time>2023-09-12T23:16:49Z</time></trkpt>
      <trkpt lat="22.5388651" lon="113.9354827"><ele>15.8</ele><time>2023-09-12T23:16:50Z</time></trkpt>
      <trkpt lat="22.5388494" lon="113.9354793"><ele>15.9</ele><time>2023-09-12T23:16:51Z</time></trkpt>
      <trkpt lat="22.5388338" lon="113.9354744"><ele>15.9</ele><time>2023-09-12T23:16:52Z</time></trkpt>
      <trkpt lat="22.5388181" lon="113.9354696"><ele>16.0</ele><time>2023-09-12T23:16:53Z</time></trkpt>
      <trkpt lat="22.5388018" lon="113.9354670"><ele>16.0</ele><time>2023-09-12T23:16:54Z</time></trkpt>
      <trkpt lat="22.5387850" lon="113.9354665"><ele>16.1</ele><time>2023-09-12T23:16:55Z</time></trkpt>
      <trkpt lat="22.5387679" lon="113.9354677"><ele>16.1</ele><time>2023-09-12T23:16:56Z</time></trkpt>
      <trkpt lat="22.5387507" lon="113.9354709"><ele>16.1</ele><time>2023-09-12T23:16:57Z</time></trkpt>
      <trkpt lat="22.5387341" lon="113.9354747"><ele>16.2</ele><time>2023-09-12T23:16:58Z</time></trkpt>
      <trkpt lat="22.5387176" lon="113.9354782"><ele>16.2</ele><time>2023-09-12T23:16:59Z</time></trkpt>
      <trkpt lat="22.5387009" lon="113.9354819"><ele>16.3</ele><time>2023-09-12T23:17:00Z</time></trkpt>
      <trkpt lat="22.5386841" lon="113.9354862"><ele>16.4</ele><time>2023-09-12T23:17:01Z</time></trkpt>
      <trkpt lat="22.5386675" lon="113.9354910"><ele>16.4</ele><time>2023-09-12T23:17:02Z</time></trkpt>
      <trkpt lat="22.5386513" lon="113.9354956"><ele>16.5</ele><time>2023-09-12T23:17:03Z</time></trkpt>
      <trkpt lat="22.5386353" lon="113.9354998"><ele>16.5</ele><time>2023-09-12T23:17:04Z</time></trkpt>
      <trkpt lat="22.5386196" lon="113.9355049"><ele>16.6</ele><time>2023-09-12T23:17:05Z</time></trkpt>
      <trkpt lat="22.5386042" lon="113.9355113"><ele>16.6</ele><time>2023-09-12T23:17:06Z</time></trkpt>
      <trkpt lat="22.5385894" lon="113.9355192"><ele>16.7</ele><time>2023-09-12T23:17:07Z</time></trkpt>
      <trkpt lat="22.5385752" lon="113.9355284"><ele>16.8</ele><time>2023-09-12T23:17:08Z</time></trkpt>
      <trkpt lat="22.5385615" lon="113.9355384"><ele>16.8</ele><time>2023-09-12T23:17:09Z</time></trkpt>
      <trkpt lat="22.5385481" lon="113.9355485"><ele>16.9</ele><time>2023-09-12T23:17:10Z</time></trkpt>
      <trkpt lat="22.5385348" lon="113.9355583"><ele>16.9</ele><time>2023-09-12T23:17:11Z</time></trkpt>
      <trkpt lat="22.5385218" lon="113.9355690"><ele>17.0</ele><time>2023-09-12T23:17:12Z</time></trkpt>
      <trkpt lat="22.5385093" lon="113.9355804"><ele>17.0</ele><time>2023-09-12T23:17:13Z</time></trkpt>
      <trkpt lat="22.5384967" lon="113.9355913"><ele>17.1</ele><time>2023-09-12T23:17:14Z</time></trkpt>
      <trkpt lat="22.5384846" lon="113.9356026"><ele>17.1</ele><time>2023-09-12T23:17:15Z</time></trkpt>
      <trkpt lat="22.5384735" lon="113.9356151"><ele>17.1</ele><time>2023-09-12T23:17:16Z</time></trkpt>
      <trkpt lat="22.5384632" lon="113.9356285"><ele>17.2</ele><time>2023-09-12T23:17:17Z</time></trkpt>
      <trkpt lat="22.5384530" lon="113.9356417"><ele>17.2</ele><time>2023-09-12T23:17:18Z</time></trkpt>
      <trkpt lat="22.5384434" lon="113.9356555"><ele>17.2</ele><time>2023-09-12T23:17:19Z</time></trkpt>
      <trkpt lat="22.5384343" lon="113.9356698"><ele>17.2</ele><time>2023-09-12T23:17:20Z</time></trkpt>
      <trkpt lat="22.5384253" lon="113.9356839"><ele>17.2</ele><time>2023-09-12T23:17:21Z</time></trkpt>
      <trkpt lat="22.5384162" lon="113.9356977"><ele>17.2</ele><time>2023-09-12T23:17:22Z</time></trkpt>
      <trkpt lat="22.5384074" lon="113.9357117"><ele>17.2</ele><time>2023-09-12T23:17:23Z</time></trkpt>
      <trkpt lat="22.5383993" lon="113.9357259"><ele>17.2</ele><time>2023-09-12T23:17:24Z</time></trkpt>
      <trkpt lat="22.5383923" lon="113.9357410"><ele>17.1</ele><time>2023-09-12T23:17:25Z</time></trkpt>
      <trkpt lat="22.5383856" lon="113.9357566"><ele>17.1</ele><time>2023-09-12T23:17:26Z</time></trkpt>
      <trkpt lat="22.5383784" lon="113.9357714"><ele>17.1</ele><time>2023-09-12T23:17:27Z</time></trkpt>
      <trkpt lat="22.5383710" lon="113.9357858"><ele>17.0</ele><time>2023-09-12T23:17:28Z</time></trkpt>
      <trkpt lat="22.5383643" lon="113.9358006"><ele>17.0</ele><time>2023-09-12T23:17:29Z</time></trkpt>
      <trkpt lat="22.5383588" lon="113.9358161"><ele>16.9</ele><time>2023-09-12T23:17:30Z</time></trkpt>
      <trkpt lat="22.5383543" lon="113.9358319"><ele>16.9</ele><time>2023-09-12T23:17:31Z</time></trkpt>
      <trkpt lat="22.5383510" lon="113.9358479"><ele>16.8</ele><time>2023-09-12T23:17:32Z</time></trkpt>
      <trkpt lat="22.5383491" lon="113.9358645"><ele>16.8</ele><time>2023-09-12T23:17:33Z</time></trkpt>
      <trkpt lat="22.5383482" lon="113.9358811"><ele>16.7</ele><time>2023-09-12T23:17:34Z</time></trkpt>
      <trkpt lat="22.5383481" lon="113.9358979"><ele>16.6</ele><time>2023-09-12T23:17:35Z</time></trkpt>
      <trkpt lat="22.5383481" lon="113.9359147"><ele>16.6</ele><time>2023-09-12T23:17:36Z</time></trkpt>
      <trkpt lat="22.5383479" lon="113.9359313"><ele>16.5</ele><time>2023-09-12T23:17:37Z</time></trkpt>
      <trkpt lat="22.5383480" lon="113.9359480"><ele>16.4</ele><time>2023-09-12T23:17:38Z</time></trkpt>
      <trkpt lat="22.5383491" lon="113.9359649"><ele>16.3</ele><time>2023-09-12T23:17:39Z</time></trkpt>
      <trkpt lat="22.5383509" lon="113.9359819"><ele>16.3</ele><time>2023-09-12T23:17:40Z</time></trkpt>
      <trkpt lat="22.5383532" lon="113.9359987"><ele>16.2</ele><time>2023-09-12T23:17:41Z</time></trkpt>
      <trkpt lat="22.5383563" lon="113.9360155"><ele>16.1</ele><time>2023-09-12T23:17:42Z</time></trkpt>
      <trkpt lat="22.5383607" lon="113.9360321"><ele>16.1</ele><time>2023-09-12T23:17:43Z</time></trkpt>
      <trkpt lat="22.5383662" lon="113.9360484"><ele>16.0</ele><time>2023-09-12T23:17:44Z</time></trkpt>
      <trkpt lat="22.5383723" lon="113.9360644"><ele>15.9</ele><time>2023-09-12T23:17:45Z</time></trkpt>
      <trkpt lat="22.5383787" lon="113.9360802"><ele>15.9</ele><time>2023-09-12T23:17:46Z</time></trkpt>
      <trkpt lat="22.5383852" lon="113.9360961"><ele>15.8</ele><time>2023-09-12T23:17:47Z</time></trkpt>
      <trkpt lat="22.5383923" lon="113.9361117"><ele>15.7</ele><time>2023-09-12T23:17:48Z</time></trkpt>
      <trkpt lat="22.5384002" lon="113.9361270"><ele>15.7</ele><time>2023-09-12T23:17:49Z</time></trkpt>
      <trkpt lat="22.5384084" lon="113.9361421"><ele>15.6</ele><time>2023-09-12T23:17:50Z</time></trkpt>
      <trkpt lat="22.5384168" lon="113.9361569"><ele>15.6</ele><time>2023-09-12T23:17:51Z</time></trkpt>
      <trkpt lat="22.5384262" lon="113.9361710"><ele>15.5</ele><time>2023-09-12T23:17:52Z</time></trkpt>
      <trkpt lat="22.5384363" lon="113.9361847"><ele>15.5</ele><time>2023-09-12T23:17:53Z</time></trkpt>
      <trkpt lat="22.5384459" lon="113.9361986"><ele>15.4</ele><time>2023-09-12T23:17:54Z</time></trkpt>
      <trkpt lat="22.5384552" lon="113.9362125"><ele>15.4</ele><time>2023-09-12T23:17:55Z</time></trkpt>
      <trkpt lat="22.5384654" lon="113.9362259"><ele>15.3</ele><time>2023-09-12T23:17:56Z</time></trkpt>
      <trkpt lat="22.5384759" lon="113.9362391"><ele>15.2</ele><time>2023-09-12T23:17:57Z</time></trkpt>
      <trkpt lat="22.5384862" lon="113.9362524"><ele>15.2</ele><time>2023-09-12T23:17:58Z</time></trkpt>
      <trkpt lat="22.5384984" lon="113.9362656"><ele>15.1</ele><time>2023-09-12T23:17:59Z</time></trkpt>
      <trkpt lat="22.5385124" lon="113.9362789"><ele>15.1</ele><time>2023-09-12T23:18:00Z</time></trkpt>
      <trkpt lat="22.5385249" lon="113.9362919"><ele>15.0</ele><time>2023-09-12T23:18:01Z</time></trkpt>
      <trkpt lat="22.5385363" lon="113.9363044"><ele>15.0</ele><time>2023-09-12T23:18:02Z</time></trkpt>
      <trkpt lat="22.5385484" lon="113.9363162"><ele>14.9</ele><time>2023-09-12T23:18:03Z</time></trkpt>
      <trkpt lat="22.5385611" lon="113.9363273"><ele>14.9</ele><time>2023-09-12T23:18:04Z</time></trkpt>
      <trkpt lat="22.5385741" lon="113.9363379"><ele>14.9</ele><time>2023-09-12T23:18:05Z</time></trkpt>
      <trkpt lat="22.5385873" lon="113.9363482"><ele>14.8</ele><time>2023-09-12T23:18:06Z</time></trkpt>
      <trkpt lat="22.5386009" lon="113.9363582"><ele>14.8</ele><time>2023-09-12T23:18:07Z</time></trkpt>
      <trkpt lat="22.5386150" lon="113.9363675"><ele>14.8</ele><time>2023-09-12T23:18:08Z</time></trkpt>
      <trkpt lat="22.5386295" lon="113.9363757"><ele>14.7</ele><time>2023-09-12T23:18:09Z</time></trkpt>
      <trkpt lat="22.5386443" lon="113.9363828"><ele>14.7</ele><time>2023-09-12T23:18:10Z</time></trkpt>
      <trkpt lat="22.5386598" lon="113.9363881"><ele>14.7</ele><time>2023-09-12T23:18:11Z</time></trkpt>
      <trkpt lat="22.5386758" lon="113.9363920"><ele>14.7</ele><time>2023-09-12T23:18:12Z</time></trkpt>
      <trkpt lat="22.5386918" lon="113.9363962"><ele>14.7</ele><time>2023-09-12T23:18:13Z</time></trkpt>
      <trkpt lat="22.5387078" lon="113.9364002"><ele>14.7</ele><time>2023-09-12T23:18:14Z</time></trkpt>
      <trkpt lat="22.5387240" lon="113.9364035"><ele>14.7</ele><time>2023-09-12T23:18:15Z</time></trkpt>
      <trkpt lat="22.5387403" lon="113.9364056"><ele>14.7</ele><time>2023-09-12T23:18:16Z</time></trkpt>
      <trkpt lat="22.5387569" lon="113.9364065"><ele>14.7</ele><time>2023-09-12T23:18:17Z</time></trkpt>
      <trkpt lat="22.5387734" lon="113.9364071"><ele>14.8</ele><time>2023-09-12T23:18:18Z</time></trkpt>
      <trkpt lat="22.5387897" lon="113.9364073"><ele>14.8</ele><time>2023-09-12T23:18:19Z</time></trkpt>
      <trkpt lat="22.5388062" lon="113.9364062"><ele>14.8</ele><time>2023-09-12T23:18:20Z</time></trkpt>
      <trkpt lat="22.5388226" lon="113.9364042"><ele>14.9</ele><time>2023-09-12T23:18:21Z</time></trkpt>
      <trkpt lat="22.5388390" lon="113.9364025"><ele>14.9</ele><time>2023-09-12T23:18:22Z</time></trkpt>
      <trkpt lat="22.5388555" lon="113.9364019"><ele>15.0</ele><time>2023-09-12T23:18:23Z</time></trkpt>
      <trkpt lat="22.5388722" lon="113.9364026"><ele>15.1</ele><time>2023-09-12T23:18:24Z</time></trkpt>
      <trkpt lat="22.5388889" lon="113.9364033"><ele>15.1</ele><time>2023-09-12T23:18:25Z</time></trkpt>
      <trkpt lat="22.5389057" lon="113.9364032"><ele>15.2</ele><time>2023-09-12T23:18:26Z</time></trkpt>
      <trkpt lat="22.5389225" lon="113.9364029"><ele>15.3</ele><time>2023-09-12T23:18:27Z</time></trkpt>
      <trkpt lat="22.5389391" lon="113.9364034"><ele>15.4</ele><time>2023-09-12T23:18:28Z</time></trkpt>
      <trkpt lat="22.5389559" lon="113.9364042"><ele>15.5</ele><time>2023-09-12T23:18:29Z</time></trkpt>
      <trkpt lat="22.5389728" lon="113.9364049"><ele>15.6</ele><time>2023-09-12T23:18:30Z</time></trkpt>
      <trkpt lat="22.5389897" lon="113.9364051"><ele>15.7</ele><time>2023-09-12T23:18:31Z</time></trkpt>
      <trkpt lat="22.5390065" lon="113.9364042"><ele>15.8</ele><time>2023-09-12T23:18:32Z</time></trkpt>
      <trkpt lat="22.5390231" lon="113.9364028"><ele>15.9</ele><time>2023-09-12T23:18:33Z</time></trkpt>
      <trkpt lat="22.5390397" lon="113.9364010"><ele>16.0</ele><time>2023-09-12T23:18:34Z</time></trkpt>
      <trkpt lat="22.5390562" lon="113.9363991"><ele>16.2</ele><time>2023-09-12T23:18:35Z</time></trkpt>
      <trkpt lat="22.5390726" lon="113.9363975"><ele>16.3</ele><time>2023-09-12T23:18:36Z</time></trkpt>
      <trkpt lat="22.5390890" lon="113.9363967"><ele>16.4</ele><time>2023-09-12T23:18:37Z</time></trkpt>
      <trkpt lat="22.5391056" lon="113.9363958"><ele>16.5</ele><time>2023-09-12T23:18:38Z</time></trkpt>
      <trkpt lat="22.5391222" lon="113.9363952"><ele>16.7</ele><time>2023-09-12T23:18:39Z</time></trkpt>
      <trkpt lat="22.5391387" lon="113.9363950"><ele>16.8</ele><time>2023-09-12T23:18:40Z</time></trkpt>
      <trkpt lat="22.5391552" lon="113.9363949"><ele>16.9</ele><time>2023-09-12T23:18:41Z</time></trkpt>
      <trkpt lat="22.5391717" lon="113.9363950"><ele>17.0</ele><time>2023-09-12T23:18:42Z</time></trkpt>
      <trkpt lat="22.5391879" lon="113.9363956"><ele>17.2</ele><time>2023-09-12T23:18:43Z</time></trkpt>
      <trkpt lat="22.5392041" lon="113.9363962"><ele>17.3</ele><time>2023-09-12T23:18:44Z</time></trkpt>
      <trkpt lat="22.5392203" lon="113.9363964"><ele>17.4</ele><time>2023-09-12T23:18:45Z</time></trkpt>
      <trkpt lat="22.5392364" lon="113.9363962"><ele>17.5</ele><time>2023-09-12T23:18:46Z</time></trkpt>
      <trkpt lat="22.5392526" lon="113.9363954"><ele>17.7</ele><time>2023-09-12T23:18:47Z</time></trkpt>
      <trkpt lat="22.5392690" lon="113.9363943"><ele>17.8</ele><time>2023-09-12T23:18:48Z</time></trkpt>
      <trkpt lat="22.5392851" lon="113.9363931"><ele>17.9</ele><time>2023-09-12T23:18:49Z</time></trkpt>
      <trkpt lat="22.5393010" lon="113.9363920"><ele>18.0</ele><time>2023-09-12T23:18:50Z</time></trkpt>
      <trkpt lat="22.5393171" lon="113.9363912"><ele>18.1</ele><time>2023-09-12T23:18:51Z</time></trkpt>
      <trkpt lat="22.5393331" lon="113.9363904"><ele>18.2</ele><time>2023-09-12T23:18:52Z</time></trkpt>
      <trkpt lat="22.5393487" lon="113.9363895"><ele>18.3</ele><time>2023-09-12T23:18:53Z</time></trkpt>
      <trkpt lat="22.5393643" lon="113.9363887"><ele>18.4</ele><time>2023-09-12T23:18:54Z</time></trkpt>
      <trkpt lat="22.5393798" lon="113.9363877"><ele>18.5</ele><time>2023-09-12T23:18:55Z</time></trkpt>
      <trkpt lat="22.5393952" lon="113.9363867"><ele>18.6</ele><time>2023-09-12T23:18:56Z</time></trkpt>
      <trkpt lat="22.5394105" lon="113.9363863"><ele>18.7</ele><time>2023-09-12T23:18:57Z</time></trkpt>
      <trkpt lat="22.5394259" lon="113.9363860"><ele>18.8</ele><time>2023-09-12T23:18:58Z</time></trkpt>
      <trkpt lat="22.5394414" lon="113.9363853"><ele>18.8</ele><time>2023-09-12T23:18:59Z</time></trkpt>
      <trkpt lat="22.5394572" lon="113.9363842"><ele>18.9</ele><time>2023-09-12T23:19:00Z</time></trkpt>
      <trkpt lat="22.5394732" lon="113.9363831"><ele>19.0</ele><time>2023-09-12T23:19:01Z</time></trkpt>
      <trkpt lat="22.5394891" lon="113.9363818"><ele>19.0</ele><time>2023-09-12T23:19:02Z</time></trkpt>
      <trkpt lat="22.5395045" lon="113.9363806"><ele>19.1</ele><time>2023-09-12T23:19:03Z</time></trkpt>
      <trkpt lat="22.5395200" lon="113.9363797"><ele>19.1</ele><time>2023-09-12T23:19:04Z</time></trkpt>
      <trkpt lat="22.5395354" lon="113.9363785"><ele>19.1</ele><time>2023-09-12T23:19:05Z</time></trkpt>
      <trkpt lat="22.5395503" lon="113.9363772"><ele>19.2</ele><time>2023-09-12T23:19:06Z</time></trkpt>
      <trkpt lat="22.5395652" lon="113.9363761"><ele>19.2</ele><time>2023-09-12T23:19:07Z</time></trkpt>
      <trkpt lat="22.5395801" lon="113.9363749"><ele>19.2</ele><time>2023-09-12T23:19:08Z</time></trkpt>
      <trkpt lat="22.5395951" lon="113.9363733"><ele>19.2</ele><time>2023-09-12T23:19:09Z</time></trkpt>
      <trkpt lat="22.5396101" lon="113.9363710"><ele>19.2</ele><time>2023-09-12T23:19:10Z</time></trkpt>
      <trkpt lat="22.5396250" lon="113.9363676"><ele>19.2</ele><time>2023-09-12T23:19:11Z</time></trkpt>
      <trkpt lat="22.5396396" lon="113.9363636"><ele>19.2</ele><time>2023-09-12T23:19:12Z</time></trkpt>
      <trkpt lat="22.5396540" lon="113.9363598"><ele>19.2</ele><time>2023-09-12T23:19:13Z</time></trkpt>
      <trkpt lat="22.5396684" lon="113.9363560"><ele>19.2</ele><time>2023-09-12T23:19:14Z</time></trkpt>
      <trkpt lat="22.5396824" lon="113.9363509"><ele>19.2</ele><time>2023-09-12T23:19:15Z</time></trkpt>
      <trkpt lat="22.5396961" lon="113.9363443"><ele>19.2</ele><time>2023-09-12T23:19:16Z</time></trkpt>
      <trkpt lat="22.5397092" lon="113.9363368"><ele>19.2</ele><time>2023-09-12T23:19:17Z</time></trkpt>
      <trkpt lat="22.5397219" lon="113.9363281"><ele>19.1</ele><time>2023-09-12T23:19:18Z</time></trkpt>
      <trkpt lat="22.5397342" lon="113.9363187"><ele>19.1</ele><time>2023-09-12T23:19:19Z</time></trkpt>
      <trkpt lat="22.5397470" lon="113.9363096"><ele>19.1</ele><time>2023-09-12T23:19:20Z</time></trkpt>
      <trkpt lat="22.5397604" lon="113.9363013"><ele>19.1</ele><time>2023-09-12T23:19:21Z</time></trkpt>
      <trkpt lat="22.5397741" lon="113.9362932"><ele>19.1</ele><time>2023-09-12T23:19:22Z</time></trkpt>
      <trkpt lat="22.5397873" lon="113.9362836"><ele>19.0</ele><time>2023-09-12T23:19:23Z</time></trkpt>
      <trkpt lat="22.5397999" lon="113.9362727"><ele>19.0</ele><time>2023-09-12T23:19:24Z</time></trkpt>
      <trkpt lat="22.5398120" lon="113.9362617"><ele>19.0</ele><time>2023-09-12T23:19:25Z</time></trkpt>
      <trkpt lat="22.5398234" lon="113.9362496"><ele>19.0</ele><time>2023-09-12T23:19:26Z</time></trkpt>
      <trkpt lat="22.5398340" lon="113.9362369"><ele>18.9</ele><time>2023-09-12T23:19:27Z</time></trkpt>
      <trkpt lat="22.5398437" lon="113.9362242"><ele>18.9</ele><time>2023-09-12T23:19:28Z</time></trkpt>
      <trkpt lat="22.5398526" lon="113.9362112"><ele>18.9</ele><time>2023-09-12T23:19:29Z</time></trkpt>
      <trkpt lat="22.5398612" lon="113.9361980"><ele>18.8</ele><time>2023-09-12T23:19:30Z</time></trkpt>
      <trkpt lat="22.5398691" lon="113.9361845"><ele>18.8</ele><time>2023-09-12T23:19:31Z</time></trkpt>
      <trkpt lat="22.5398761" lon="113.9361704"><ele>18.8</ele><time>2023-09-12T23:19:32Z</time></trkpt>
      <trkpt lat="22.5398826" lon="113.9361559"><ele>18.7</ele><time>2023-09-12T23:19:33Z</time></trkpt>
      <trkpt lat="22.5398896" lon="113.9361418"><ele>18.7</ele><time>2023-09-12T23:19:34Z</time></trkpt>
      <trkpt lat="22.5398970" lon="113.9361279"><ele>18.7</ele><time>2023-09-12T23:19:35Z</time></trkpt>
      <trkpt lat="22.5399041" lon="113.9361138"><ele>18.6</ele><time>2023-09-12T23:19:36Z</time></trkpt>
      <trkpt lat="22.5399107" lon="113.9360993"><ele>18.6</ele><time>2023-09-12T23:19:37Z</time></trkpt>
      <trkpt lat="22.5399170" lon="113.9360847"><ele>18.5</ele><time>2023-09-12T23:19:38Z</time></trkpt>
      <trkpt lat="22.5399220" lon="113.9360695"><ele>18.5</ele><time>2023-09-12T23:19:39Z</time></trkpt>
      <trkpt lat="22.5399254" lon="113.9360537"><ele>18.4</ele><time>2023-09-12T23:19:40Z</time></trkpt>
      <trkpt lat="22.5399288" lon="113.9360380"><ele>18.4</ele><time>2023-09-12T23:19:41Z</time></trkpt>
      <trkpt lat="22.5399326" lon="113.9360225"><ele>18.3</ele><time>2023-09-12T23:19:42Z</time></trkpt>
      <trkpt lat="22.5399363" lon="113.9360070"><ele>18.3</ele><time>2023-09-12T23:19:43Z</time></trkpt>
      <trkpt lat="22.5399392" lon="113.9359913"><ele>18.2</ele><time>2023-09-12T23:19:44Z</time></trkpt>
      <trkpt lat="22.5399417" lon="113.9359757"><ele>18.2</ele><time>2023-09-12T23:19:45Z</time></trkpt>
      <trkpt lat="22.5399433" lon="113.9359600"><ele>18.1</ele><time>2023-09-12T23:19:46Z</time></trkpt>
      <trkpt lat="22.5399438" lon="113.9359438"><ele>18.1</ele><time>2023-09-12T23:19:47Z</time></trkpt>
      <trkpt lat="22.5399447" lon="113.9359273"><ele>18.0</ele><time>2023-09-12T23:19:48Z</time></trkpt>
      <trkpt lat="22.5399465" lon="113.9359104"><ele>17.9</ele><time>2023-09-12T23:19:49Z</time></trkpt>
      <trkpt lat="22.5399479" lon="113.9358934"><ele>17.8</ele><time>2023-09-12T23:19:50Z</time></trkpt>
      <trkpt lat="22.5399481" lon="113.9358762"><ele>17.8</ele><time>2023-09-12T23:19:51Z</time></trkpt>
      <trkpt lat="22.5399471" lon="113.9358589"><ele>17.7</ele><time>2023-09-12T23:19:52Z</time></trkpt>
      <trkpt lat="22.5399452" lon="113.9358417"><ele>17.6</ele><time>2023-09-12T23:19:53Z</time></trkpt>
      <trkpt lat="22.5399431" lon="113.9358246"><ele>17.6</ele><time>2023-09-12T23:19:54Z</time></trkpt>
      <trkpt lat="22.5399411" lon="113.9358076"><ele>17.5</ele><time>2023-09-12T23:19:55Z</time></trkpt>
      <trkpt lat="22.5399380" lon="113.9357908"><ele>17.4</ele><time>2023-09-12T23:19:56Z</time></trkpt>
      <trkpt lat="22.5399339" lon="113.9357743"><ele>17.3</ele><time>2023-09-12T23:19:57Z</time></trkpt>
      <trkpt lat="22.5399292" lon="113.9357590"><ele>17.2</ele><time>2023-09-12T23:19:58Z</time></trkpt>
      <trkpt lat="22.5399242" lon="113.9357458"><ele>17.2</ele><time>2023-09-12T23:19:59Z</time></trkpt>
      <trkpt lat="22.5399195" lon="113.9357344"><ele>17.1</ele><time>2023-09-12T23:20:00Z</time></trkpt>
      <trkpt lat="22.5399150" lon="113.9357235"><ele>17.0</ele><time>2023-09-12T23:20:01Z</time></trkpt>
      <trkpt lat="22.5399102" lon="113.9357121"><ele>16.9</ele><time>2023-09-12T23:20:02Z</time></trkpt>
      <trkpt lat="22.5399047" lon="113.9356992"><ele>16.8</ele><time>2023-09-12T23:20:03Z</time></trkpt>
      <trkpt lat="22.5398988" lon="113.9356852"><ele>16.8</ele><time>2023-09-12T23:20:04Z</time></trkpt>
      <trkpt lat="22.5398924" lon="113.9356713"><ele>16.7</ele><time>2023-09-12T23:20:05Z</time></trkpt>
      <trkpt lat="22.5398852" lon="113.9356578"><ele>16.6</ele><time>2023-09-12T23:20:06Z</time></trkpt>
      <trkpt lat="22.5398774" lon="113.9356447"><ele>16.6</ele><time>2023-09-12T23:20:07Z</time></trkpt>
      <trkpt lat="22.5398692" lon="113.9356319"><ele>16.5</ele><time>2023-09-12T23:20:08Z</time></trkpt>
      <trkpt lat="22.5398600" lon="113.9356196"><ele>16.4</ele><time>2023-09-12T23:20:09Z</time></trkpt>
      <trkpt lat="22.5398500" lon="113.9356078"><ele>16.4</ele><time>2023-09-12T23:20:10Z</time></trkpt>
      <trkpt lat="22.5398400" lon="113.9355961"><ele>16.3</ele><time>2023-09-12T23:20:11Z</time></trkpt>
      <trkpt lat="22.5398299" lon="113.9355846"><ele>16.2</ele><time>2023-09-12T23:20:12Z</time></trkpt>
      <trkpt lat="22.5398187" lon="113.9355742"><ele>16.2</ele><time>2023-09-12T23:20:13Z</time></trkpt>
      <trkpt lat="22.5398065" lon="113.9355646"><ele>16.1</ele><time>2023-09-12T23:20:14Z</time></trkpt>
      <trkpt lat="22.5397939" lon="113.9355557"><ele>16.1</ele><time>2023-09-12T23:20:15Z</time></trkpt>
      <trkpt lat="22.5397810" lon="113.9355473"><ele>16.0</ele><time>2023-09-12T23:20:16Z</time></trkpt>
      <trkpt lat="22.5397675" lon="113.9355397"><ele>16.0</ele><time>2023-09-12T23:20:17Z</time></trkpt>
      <trkpt lat="22.5397536" lon="113.9355326"><ele>16.0</ele><time>2023-09-12T23:20:18Z</time></trkpt>
      <trkpt lat="22.5397398" lon="113.9355252"><ele>15.9</ele><time>2023-09-12T23:20:19Z</time></trkpt>
      <trkpt lat="22.5397256" lon="113.9355183"><ele>15.9</ele><time>2023-09-12T23:20:20Z</time></trkpt>
      <trkpt lat="22.5397107" lon="113.9355129"><ele>15.9</ele><time>2023-09-12T23:20:21Z</time></trkpt>
      <trkpt lat="22.5396952" lon="113.9355086"><ele>15.8</ele><time>2023-09-12T23:20:22Z</time></trkpt>
      <trkpt lat="22.5396796" lon="113.9355051"><ele>15.8</ele><time>2023-09-12T23:20:23Z</time></trkpt>
      <trkpt lat="22.5396642" lon="113.9355015"><ele>15.8</ele><time>2023-09-12T23:20:24Z</time></trkpt>
      <trkpt lat="22.5396490" lon="113.9354975"><ele>15.8</ele><time>2023-09-12T23:20:25Z</time></trkpt>
      <trkpt lat="22.5396340" lon="113.9354933"><ele>15.7</ele><time>2023-09-12T23:20:26Z</time></trkpt>
      <trkpt lat="22.5396189" lon="113.9354889"><ele>15.7</ele><time>2023-09-12T23:20:27Z</time></trkpt>
      <trkpt lat="22.5396040" lon="113.9354847"><ele>15.7</ele><time>2023-09-12T23:20:28Z</time></trkpt>
      <trkpt lat="22.5395891" lon="113.9354807"><ele>15.7</ele><time>2023-09-12T23:20:29Z</time></trkpt>
      <trkpt lat="22.5395741" lon="113.9354778"><ele>15.6</ele><time>2023-09-12T23:20:30Z</time></trkpt>
      <trkpt lat="22.5395587" lon="113.9354767"><ele>15.6</ele><time>2023-09-12T23:20:31Z</time></trkpt>
      <trkpt lat="22.5395433" lon="113.9354763"><ele>15.6</ele><time>2023-09-12T23:20:32Z</time></trkpt>
      <trkpt lat="22.5395279" lon="113.9354759"><ele>15.6</ele><time>2023-09-12T23:20:33Z</time></trkpt>
      <trkpt lat="22.5395127" lon="113.9354749"><ele>15.6</ele><time>2023-09-12T23:20:34Z</time></trkpt>
      <trkpt lat="22.5394977" lon="113.9354741"><ele>15.5</ele><time>2023-09-12T23:20:35Z</time></trkpt>
      <trkpt lat="22.5394826" lon="113.9354744"><ele>15.5</ele><time>2023-09-12T23:20:36Z</time></trkpt>
      <trkpt lat="22.5394675" lon="113.9354756"><ele>15.5</ele><time>2023-09-12T23:20:37Z</time></trkpt>
      <trkpt lat="22.5394524" lon="113.9354771"><ele>15.5</ele><time>2023-09-12T23:20:38Z</time></trkpt>
      <trkpt lat="22.5394372" lon="113.9354785"><ele>15.5</ele><time>2023-09-12T23:20:39Z</time></trkpt>
      <trkpt lat="22.5394219" lon="113.9354797"><ele>15.5</ele><time>2023-09-12T23:20:40Z</time></trkpt>
      <trkpt lat="22.5394064" lon="113.9354802"><ele>15.4</ele><time>2023-09-12T23:20:41Z</time></trkpt>
      <trkpt lat="22.5393909" lon="113.9354798"><ele>15.4</ele><time>2023-09-12T23:20:42Z</time></trkpt>
      <trkpt lat="22.5393752" lon="113.9354796"><ele>15.4</ele><time>2023-09-12T23:20:43Z</time></trkpt>
      <trkpt lat="22.5393595" lon="113.9354803"><ele>15.4</ele><time>2023-09-12T23:20:44Z</time></trkpt>
      <trkpt lat="22.5393437" lon="113.9354811"><ele>15.4</ele><time>2023-09-12T23:20:45Z</time></trkpt>
      <trkpt lat="22.5393280" lon="113.9354811"><ele>15.3</ele><time>2023-09-12T23:20:46Z</time></trkpt>
      <trkpt lat="22.5393122" lon="113.9354807"><ele>15.3</ele><time>2023-09-12T23:20:47Z</time></trkpt>
      <trkpt lat="22.5392964" lon="113.9354801"><ele>15.3</ele><time>2023-09-12T23:20:48Z</time></trkpt>
      <trkpt lat="22.5392806" lon="113.9354797"><ele>15.3</ele><time>2023-09-12T23:20:49Z</time></trkpt>
      <trkpt lat="22.5392648" lon="113.9354789"><ele>15.3</ele><time>2023-09-12T23:20:50Z</time></trkpt>
      <trkpt lat="22.5392487" lon="113.9354777"><ele>15.3</ele><time>2023-09-12T23:20:51Z</time></trkpt>
      <trkpt lat="22.5392317" lon="113.9354766"><ele>15.3</ele><time>2023-09-12T23:20:52Z</time></trkpt>
      <trkpt lat="22.5392140" lon="113.9354762"><ele>15.2</ele><time>2023-09-12T23:20:53Z</time></trkpt>
      <trkpt lat="22.5391963" lon="113.9354760"><ele>15.2</ele><time>2023-09-12T23:20:54Z</time></trkpt>
      <trkpt lat="22.5391784" lon="113.9354756"><ele>15.2</ele><time>2023-09-12T23:20:55Z</time></trkpt>
      <trkpt lat="22.5391605" lon="113.9354750"><ele>15.2</ele><time>2023-09-12T23:20:56Z</time></trkpt>
      <trkpt lat="22.5391424" lon="113.9354754"><ele>15.2</ele><time>2023-09-12T23:20:57Z</time></trkpt>
      <trkpt lat="22.5391241" lon="113.9354767"><ele>15.2</ele><time>2023-09-12T23:20:58Z</time></trkpt>
      <trkpt lat="22.5391057" lon="113.9354779"><ele>15.2</ele><time>2023-09-12T23:20:59Z</time></trkpt>
      <trkpt lat="22.5390870" lon="113.9354784"><ele>15.2</ele><time>2023-09-12T23:21:00Z</time></trkpt>
      <trkpt lat="22.5390686" lon="113.9354783"><ele>15.1</ele><time>2023-09-12T23:21:01Z</time></trkpt>
      <trkpt lat="22.5390508" lon="113.9354784"><ele>15.1</ele><time>2023-09-12T23:21:02Z</time></trkpt>
      <trkpt lat="22.5390330" lon="113.9354790"><ele>15.1</ele><time>2023-09-12T23:21:03Z</time></trkpt>
      <trkpt lat="22.5390151" lon="113.9354794"><ele>15.1</ele><time>2023-09-12T23:21:04Z</time></trkpt>
      <trkpt lat="22.5389971" lon="113.9354798"><ele>15.1</ele><time>2023-09-12T23:21:05Z</time></trkpt>
      <trkpt lat="22.5389792" lon="113.9354810"><ele>15.1</ele><time>2023-09-12T23:21:06Z</time></trkpt>
      <trkpt lat="22.5389616" lon="113.9354823"><ele>15.1</ele><time>2023-09-12T23:21:07Z</time></trkpt>
      <trkpt lat="22.5389442" lon="113.9354818"><ele>15.1</ele><time>2023-09-12T23:21:08Z</time></trkpt>
      <trkpt lat="22.5389266" lon="113.9354796"><ele>15.1</ele><time>2023-09-12T23:21:09Z</time></trkpt>
      <trkpt lat="22.5389089" lon="113.9354767"><ele>15.1</ele><time>2023-09-12T23:21:10Z</time></trkpt>
      <trkpt lat="22.5388911" lon="113.9354732"><ele>15.1</ele><time>2023-09-12T23:21:11Z</time></trkpt>
      <trkpt lat="22.5388733" lon="113.9354707"><ele>15.1</ele><time>2023-09-12T23:21:12Z</time></trkpt>
      <trkpt lat="22.5388559" lon="113.9354692"><ele>15.2</ele><time>2023-09-12T23:21:13Z</time></trkpt>
      <trkpt lat="22.5388389" lon="113.9354678"><ele>15.2</ele><time>2023-09-12T23:21:14Z</time></trkpt>
      <trkpt lat="22.5388219" lon="113.9354660"><ele>15.2</ele><time>2023-09-12T23:21:15Z</time></trkpt>
      <trkpt lat="22.5388052" lon="113.9354637"><ele>15.2</ele><time>2023-09-12T23:21:16Z</time></trkpt>
      <trkpt lat="22.5387884" lon="113.9354618"><ele>15.3</ele><time>2023-09-12T23:21:17Z</time></trkpt>
      <trkpt lat="22.5387714" lon="113.9354605"><ele>15.3</ele><time>2023-09-12T23:21:18Z</time></trkpt>
      <trkpt lat="22.5387546" lon="113.9354593"><ele>15.3</ele><time>2023-09-12T23:21:19Z</time></trkpt>
      <trkpt lat="22.5387379" lon="113.9354591"><ele>15.4</ele><time>2023-09-12T23:21:20Z</time></trkpt>
      <trkpt lat="22.5387210" lon="113.9354603"><ele>15.4</ele><time>2023-09-12T23:21:21Z</time></trkpt>
      <trkpt lat="22.5387044" lon="113.9354621"><ele>15.5</ele><time>2023-09-12T23:21:22Z</time></trkpt>
      <trkpt lat="22.5386879" lon="113.9354649"><ele>15.5</ele><time>2023-09-12T23:21:23Z</time></trkpt>
      <trkpt lat="22.5386713" lon="113.9354693"><ele>15.6</ele><time>2023-09-12T23:21:24Z</time></trkpt>
      <trkpt lat="22.5386547" lon="113.9354750"><ele>15.6</ele><time>2023-09-12T23:21:25Z</time></trkpt>
      <trkpt lat="22.5386384" lon="113.9354813"><ele>15.7</ele><time>2023-09-12T23:21:26Z</time></trkpt>
      <trkpt lat="22.5386223" lon="113.9354889"><ele>15.7</ele><time>2023-09-12T23:21:27Z</time></trkpt>
      <trkpt lat="22.5386068" lon="113.9354974"><ele>15.8</ele><time>2023-09-12T23:21:28Z</time></trkpt>
      <trkpt lat="22.5385916" lon="113.9355063"><ele>15.9</ele><time>2023-09-12T23:21:29Z</time></trkpt>
      <trkpt lat="22.5385766" lon="113.9355162"><ele>15.9</ele><time>2023-09-12T23:21:30Z</time></trkpt>
      <trkpt lat="22.5385620" lon="113.9355263"><ele>16.0</ele><time>2023-09-12T23:21:31Z</time></trkpt>
      <trkpt lat="22.5385476" lon="113.9355361"><ele>16.0</ele><time>2023-09-12T23:21:32Z</time></trkpt>
      <trkpt lat="22.5385334" lon="113.9355457"><ele>16.1</ele><time>2023-09-12T23:21:33Z</time></trkpt>
      <trkpt lat="22.5385195" lon="113.9355559"><ele>16.2</ele><time>2023-09-12T23:21:34Z</time></trkpt>
      <trkpt lat="22.5385063" lon="113.9355668"><ele>16.2</ele><time>2023-09-12T23:21:35Z</time></trkpt>
      <trkpt lat="22.5384937" lon="113.9355785"><ele>16.3</ele><time>2023-09-12T23:21:36Z</time></trkpt>
      <trkpt lat="22.5384815" lon="113.9355906"><ele>16.3</ele><time>2023-09-12T23:21:37Z</time></trkpt>
      <trkpt lat="22.5384699" lon="113.9356024"><ele>16.4</ele><time>2023-09-12T23:21:38Z</time></trkpt>
      <trkpt lat="22.5384588" lon="113.9356150"><ele>16.4</ele><time>2023-09-12T23:21:39Z</time></trkpt>
      <trkpt lat="22.5384480" lon="113.9356291"><ele>16.5</ele><time>2023-09-12T23:21:40Z</time></trkpt>
      <trkpt lat="22.5384376" lon="113.9356433"><ele>16.5</ele><time>2023-09-12T23:21:41Z</time></trkpt>
      <trkpt lat="22.5384277" lon="113.9356574"><ele>16.6</ele><time>2023-09-12T23:21:42Z</time></trkpt>
      <trkpt lat="22.5384185" lon="113.9356722"><ele>16.6</ele><time>2023-09-12T23:21:43Z</time></trkpt>
      <trkpt lat="22.5384101" lon="113.9356874"><ele>16.6</ele><time>2023-09-12T23:21:44Z</time></trkpt>
      <trkpt lat="22.5384021" lon="113.9357028"><ele>16.7</ele><time>2023-09-12T23:21:45Z</time></trkpt>
      <trkpt lat="22.5383945" lon="113.9357187"><ele>16.7</ele><time>2023-09-12T23:21:46Z</time></trkpt>
      <trkpt lat="22.5383872" lon="113.9357346"><ele>16.7</ele><time>2023-09-12T23:21:47Z</time></trkpt>
      <trkpt lat="22.5383803" lon="113.9357502"><ele>16.7</ele><time>2023-09-12T23:21:48Z</time></trkpt>
      <trkpt lat="22.5383737" lon="113.9357662"><ele>16.7</ele><time>2023-09-12T23:21:49Z</time></trkpt>
      <trkpt lat="22.5383676" lon="113.9357830"><ele>16.8</ele><time>2023-09-12T23:21:50Z</time></trkpt>
      <trkpt lat="22.5383628" lon="113.9358003"><ele>16.8</ele><time>2023-09-12T23:21:51Z</time></trkpt>
      <trkpt lat="22.5383588" lon="113.9358178"><ele>16.8</ele><time>2023-09-12T23:21:52Z</time></trkpt>
      <trkpt lat="22.5383558" lon="113.9358354"><ele>16.8</ele><time>2023-09-12T23:21:53Z</time></trkpt>
      <trkpt lat="22.5383553" lon="113.9358534"><ele>16.8</ele><time>2023-09-12T23:21:54Z</time></trkpt>
      <trkpt lat="22.5383567" lon="113.9358717"><ele>16.8</ele><time>2023-09-12T23:21:55Z</time></trkpt>
      <trkpt lat="22.5383590" lon="113.9358898"><ele>16.8</ele><time>2023-09-12T23:21:56Z</time></trkpt>
      <trkpt lat="22.5383603" lon="113.9359077"><ele>16.8</ele><time>2023-09-12T23:21:57Z</time></trkpt>
      <trkpt lat="22.5383604" lon="113.9359259"><ele>16.8</ele><time>2023-09-12T23:21:58Z</time></trkpt>
      <trkpt lat="22.5383606" lon="113.9359440"><ele>16.8</ele><time>2023-09-12T23:21:59Z</time></trkpt>
      <trkpt lat="22.5383608" lon="113.9359618"><ele>16.8</ele><time>2023-09-12T23:22:00Z</time></trkpt>
      <trkpt lat="22.5383618" lon="113.9359797"><ele>16.8</ele><time>2023-09-12T23:22:01Z</time></trkpt>
      <trkpt lat="22.5383634" lon="113.9359975"><ele>16.8</ele><time>2023-09-12T23:22:02Z</time></trkpt>
      <trkpt lat="22.5383646" lon="113.9360152"><ele>16.8</ele><time>2023-09-12T23:22:03Z</time></trkpt>
      <trkpt lat="22.5383670" lon="113.9360327"><ele>16.8</ele><time>2023-09-12T23:22:04Z</time></trkpt>
      <trkpt lat="22.5383704" lon="113.9360501"><ele>16.8</ele><time>2023-09-12T23:22:05Z</time></trkpt>
      <trkpt lat="22.5383740" lon="113.9360673"><ele>16.7</ele><time>2023-09-12T23:22:06Z</time></trkpt>
      <trkpt lat="22.5383788" lon="113.9360843"><ele>16.7</ele><time>2023-09-12T23:22:07Z</time></trkpt>
      <trkpt lat="22.5383841" lon="113.9361010"><ele>16.7</ele><time>2023-09-12T23:22:08Z</time></trkpt>
      <trkpt lat="22.5383893" lon="113.9361174"><ele>16.7</ele><time>2023-09-12T23:22:09Z</time></trkpt>
      <trkpt lat="22.5383960" lon="113.9361334"><ele>16.6</ele><time>2023-09-12T23:22:10Z</time></trkpt>
      <trkpt lat="22.5384034" lon="113.9361494"><ele>16.6</ele><time>2023-09-12T23:22:11Z</time></trkpt>
      <trkpt lat="22.5384109" lon="113.9361650"><ele>16.6</ele><time>2023-09-12T23:22:12Z</time></trkpt>
      <trkpt lat="22.5384191" lon="113.9361800"><ele>16.5</ele><time>2023-09-12T23:22:13Z</time></trkpt>
      <trkpt lat="22.5384285" lon="113.9361943"><ele>16.5</ele><time>2023-09-12T23:22:14Z</time></trkpt>
      <trkpt lat="22.5384386" lon="113.9362081"><ele>16.4</ele><time>2023-09-12T23:22:15Z</time></trkpt>
      <trkpt lat="22.5384487" lon="113.9362217"><ele>16.4</ele><time>2023-09-12T23:22:16Z</time></trkpt>
      <trkpt lat="22.5384589" lon="113.9362352"><ele>16.3</ele><time>2023-09-12T23:22:17Z</time></trkpt>
      <trkpt lat="22.5384691" lon="113.9362484"><ele>16.3</ele><time>2023-09-12T23:22:18Z</time></trkpt>
      <trkpt lat="22.5384801" lon="113.9362609"><ele>16.2</ele><time>2023-09-12T23:22:19Z</time></trkpt>
      <trkpt lat="22.5384919" lon="113.9362724"><ele>16.2</ele><time>2023-09-12T23:22:20Z</time></trkpt>
      <trkpt lat="22.5385035" lon="113.9362834"><ele>16.1</ele><time>2023-09-12T23:22:21Z</time></trkpt>
      <trkpt lat="22.5385144" lon="113.9362933"><ele>16.0</ele><time>2023-09-12T23:22:22Z</time></trkpt>
      <trkpt lat="22.5385261" lon="113.9363033"><ele>16.0</ele><time>2023-09-12T23:22:23Z</time></trkpt>
      <trkpt lat="22.5385392" lon="113.9363135"><ele>15.9</ele><time>2023-09-12T23:22:24Z</time></trkpt>
      <trkpt lat="22.5385524" lon="113.9363231"><ele>15.8</ele><time>2023-09-12T23:22:25Z</time></trkpt>
      <trkpt lat="22.5385659" lon="113.9363320"><ele>15.8</ele><time>2023-09-12T23:22:26Z</time></trkpt>
      <trkpt lat="22.5385793" lon="113.9363409"><ele>15.7</ele><time>2023-09-12T23:22:27Z</time></trkpt>
      <trkpt lat="22.5385929" lon="113.9363493"><ele>15.6</ele><time>2023-09-12T23:22:28Z</time></trkpt>
      <trkpt lat="22.5386074" lon="113.9363561"><ele>15.5</ele><time>2023-09-12T23:22:29Z</time></trkpt>
      <trkpt lat="22.5386222" lon="113.9363622"><ele>15.5</ele><time>2023-09-12T23:22:30Z</time></trkpt>
      <trkpt lat="22.5386368" lon="113.9363687"><ele>15.4</ele><time>2023-09-12T23:22:31Z</time></trkpt>
      <trkpt lat="22.5386512" lon="113.9363753"><ele>15.3</ele><time>2023-09-12T23:22:32Z</time></trkpt>
      <trkpt lat="22.5386657" lon="113.9363814"><ele>15.2</ele><time>2023-09-12T23:22:33Z</time></trkpt>
      <trkpt lat="22.5386803" lon="113.9363867"><ele>15.2</ele><time>2023-09-12T23:22:34Z</time></trkpt>
      <trkpt lat="22.5386952" lon="113.9363913"><ele>15.1</ele><time>2023-09-12T23:22:35Z</time></trkpt>
      <trkpt lat="22.5387101" lon="113.9363955"><ele>15.0</ele><time>2023-09-12T23:22:36Z</time></trkpt>
      <trkpt lat="22.5387249" lon="113.9363993"><ele>15.0</ele><time>2023-09-12T23:22:37Z</time></trkpt>
      <trkpt lat="22.5387397" lon="113.9364026"><ele>14.9</ele><time>2023-09-12T23:22:38Z</time></trkpt>
      <trkpt lat="22.5387545" lon="113.9364060"><ele>14.8</ele><time>2023-09-12T23:22:39Z</time></trkpt>
      <trkpt lat="22.5387694" lon="113.9364089"><ele>14.8</ele><time>2023-09-12T23:22:40Z</time></trkpt>
      <trkpt lat="22.5387844" lon="113.9364111"><ele>14.7</ele><time>2023-09-12T23:22:41Z</time></trkpt>
      <trkpt lat="22.5387994" lon="113.9364128"><ele>14.7</ele><time>2023-09-12T23:22:42Z</time></trkpt>
      <trkpt lat="22.5388145" lon="113.9364141"><ele>14.6</ele><time>2023-09-12T23:22:43Z</time></trkpt>
      <trkpt lat="22.5388296" lon="113.9364146"><ele>14.6</ele><time>2023-09-12T23:22:44Z</time></trkpt>
      <trkpt lat="22.5388446" lon="113.9364146"><ele>14.6</ele><time>2023-09-12T23:22:45Z</time></trkpt>
      <trkpt lat="22.5388595" lon="113.9364150"><ele>14.6</ele><time>2023-09-12T23:22:46Z</time></trkpt>
      <trkpt lat="22.5388744" lon="113.9364152"><ele>14.5</ele><time>2023-09-12T23:22:47Z</time></trkpt>
      <trkpt lat="22.5388892" lon="113.9364156"><ele>14.5</ele><time>2023-09-12T23:22:48Z</time></trkpt>
      <trkpt lat="22.5389040" lon="113.9364168"><ele>14.5</ele><time>2023-09-12T23:22:49Z</time></trkpt>
      <trkpt lat="22.5389188" lon="113.9364176"><ele>14.5</ele><time>2023-09-12T23:22:50Z</time></trkpt>
      <trkpt lat="22.5389338" lon="113.9364180"><ele>14.5</ele><time>2023-09-12T23:22:51Z</time></trkpt>
      <trkpt lat="22.5389488" lon="113.9364183"><ele>14.6</ele><time>2023-09-12T23:22:52Z</time></trkpt>
      <trkpt lat="22.5389637" lon="113.9364184"><ele>14.6</ele><time>2023-09-12T23:22:53Z</time></trkpt>
      <trkpt lat="22.5389786" lon="113.9364179"><ele>14.6</ele><time>2023-09-12T23:22:54Z</time></trkpt>
      <trkpt lat="22.5389935" lon="113.9364171"><ele>14.7</ele><time>2023-09-12T23:22:55Z</time></trkpt>
      <trkpt lat="22.5390082" lon="113.9364168"><ele>14.7</ele><time>2023-09-12T23:22:56Z</time></trkpt>
      <trkpt lat="22.5390229" lon="113.9364171"><ele>14.8</ele><time>2023-09-12T23:22:57Z</time></trkpt>
      <trkpt lat="22.5390377" lon="113.9364172"><ele>14.8</ele><time>2023-09-12T23:22:58Z</time></trkpt>
      <trkpt lat="22.5390524" lon="113.9364167"><ele>14.9</ele><time>2023-09-12T23:22:59Z</time></trkpt>
      <trkpt lat="22.5390670" lon="113.9364156"><ele>15.0</ele><time>2023-09-12T23:23:00Z</time></trkpt>
      <trkpt lat="22.5390817" lon="113.9364143"><ele>15.1</ele><time>2023-09-12T23:23:01Z</time></trkpt>
      <trkpt lat="22.5390965" lon="113.9364137"><ele>15.2</ele><time>2023-09-12T23:23:02Z</time></trkpt>
      <trkpt lat="22.5391112" lon="113.9364132"><ele>15.3</ele><time>2023-09-12T23:23:03Z</time></trkpt>
      <trkpt lat="22.5391259" lon="113.9364127"><ele>15.4</ele><time>2023-09-12T23:23:04Z</time></trkpt>
      <trkpt lat="22.5391405" lon="113.9364125"><ele>15.5</ele><time>2023-09-12T23:23:05Z</time></trkpt>
      <trkpt lat="22.5391550" lon="113.9364126"><ele>15.6</ele><time>2023-09-12T23:23:06Z</time></trkpt>
      <trkpt lat="22.5391694" lon="113.9364127"><ele>15.7</ele><time>2023-09-12T23:23:07Z</time></trkpt>
      <trkpt lat="22.5391839" lon="113.9364121"><ele>15.9</ele><time>2023-09-12T23:23:08Z</time></trkpt>
      <trkpt lat="22.5391985" lon="113.9364112"><ele>16.0</ele><time>2023-09-12T23:23:09Z</time></trkpt>
      <trkpt lat="22.5392130" lon="113.9364109"><ele>16.1</ele><time>2023-09-12T23:23:10Z</time></trkpt>
      <trkpt lat="22.5392274" lon="113.9364116"><ele>16.3</ele><time>2023-09-12T23:23:11Z</time></trkpt>
      <trkpt lat="22.5392420" lon="113.9364121"><ele>16.4</ele><time>2023-09-12T23:23:12Z</time></trkpt>
      <trkpt lat="22.5392566" lon="113.9364115"><ele>16.5</ele><time>2023-09-12T23:23:13Z</time></trkpt>
      <trkpt lat="22.5392709" lon="113.9364101"><ele>16.7</ele><time>2023-09-12T23:23:14Z</time></trkpt>
      <trkpt lat="22.5392854" lon="113.9364087"><ele>16.8</ele><time>2023-09-12T23:23:15Z</time></trkpt>
      <trkpt lat="22.5393003" lon="113.9364081"><ele>16.9</ele><time>2023-09-12T23:23:16Z</time></trkpt>
      <trkpt lat="22.5393152" lon="113.9364085"><ele>17.1</ele><time>2023-09-12T23:23:17Z</time></trkpt>
      <trkpt lat="22.5393300" lon="113.9364092"><ele>17.2</ele><time>2023-09-12T23:23:18Z</time></trkpt>
      <trkpt lat="22.5393447" lon="113.9364093"><ele>17.3</ele><time>2023-09-12T23:23:19Z</time></trkpt>
      <trkpt lat="22.5393593" lon="113.9364085"><ele>17.5</ele><time>2023-09-12T23:23:20Z</time></trkpt>
      <trkpt lat="22.5393737" lon="113.9364069"><ele>17.6</ele><time>2023-09-12T23:23:21Z</time></trkpt>
      <trkpt lat="22.5393881" lon="113.9364051"><ele>17.7</ele><time>2023-09-12T23:23:22Z</time></trkpt>
      <trkpt lat="22.5394024" lon="113.9364031"><ele>17.8</ele><time>2023-09-12T23:23:23Z</time></trkpt>
      <trkpt lat="22.5394168" lon="113.9364016"><ele>17.9</ele><time>2023-09-12T23:23:24Z</time></trkpt>
      <trkpt lat="22.5394312" lon="113.9364005"><ele>18.0</ele><time>2023-09-12T23:23:25Z</time></trkpt>
      <trkpt lat="22.5394457" lon="113.9363996"><ele>18.1</ele><time>2023-09-12T23:23:26Z</time></trkpt>
      <trkpt lat="22.5394603" lon="113.9363990"><ele>18.2</ele><time>2023-09-12T23:23:27Z</time></trkpt>
      <trkpt lat="22.5394749" lon="113.9363992"><ele>18.3</ele><time>2023-09-12T23:23:28Z</time></trkpt>
      <trkpt lat="22.5394894" lon="113.9363998"><ele>18.4</ele><time>2023-09-12T23:23:29Z</time></trkpt>
      <trkpt lat="22.5395039" lon="113.9364006"><ele>18.5</ele><time>2023-09-12T23:23:30Z</time></trkpt>
      <trkpt lat="22.5395185" lon="113.9364011"><ele>18.6</ele><time>2023-09-12T23:23:31Z</time></trkpt>
      <trkpt lat="22.5395332" lon="113.9364012"><ele>18.6</ele><time>2023-09-12T23:23:32Z</time></trkpt>
      <trkpt lat="22.5395481" lon="113.9364010"><ele>18.7</ele><time>2023-09-12T23:23:33Z</time></trkpt>
      <trkpt lat="22.5395629" lon="113.9364000"><ele>18.7</ele><time>2023-09-12T23:23:34Z</time></trkpt>
      <trkpt lat="22.5395775" lon="113.9363979"><ele>18.8</ele><time>2023-09-12T23:23:35Z</time></trkpt>
      <trkpt lat="22.5395920" lon="113.9363951"><ele>18.8</ele><time>2023-09-12T23:23:36Z</time></trkpt>
      <trkpt lat="22.5396066" lon="113.9363919"><ele>18.9</ele><time>2023-09-12T23:23:37Z</time></trkpt>
      <trkpt lat="22.5396213" lon="113.9363894"><ele>18.9</ele><time>2023-09-12T23:23:38Z</time></trkpt>
      <trkpt lat="22.5396360" lon="113.9363873"><ele>18.9</ele><time>2023-09-12T23:23:39Z</time></trkpt>
    </trkseg>
  </trk>
  <extensions>
    <distance>5026.64</distance>
    <moving_time>2664.74</moving_time>
    <elapsed_time>2717.95</elapsed_time>
    <average_speed>1.89</average_speed>
    <start_time>2023-09-12T22:40:17Z</start_time>
    <end_time>2023-09-12T23:25:35Z</end_time>
    <average_hr>132.41</average_hr>
  </extensions>
</gpx>
