<?xml version="1.0" encoding="UTF-8"?>
<gpx version="1.1" creator="RunSync" xmlns="http://www.topografix.com/GPX/1/1">
  <metadata><time>2023-06-10T00:03:11Z</time></metadata>
  <trk>
    <name>跑步</name>
    <type>running</type>
    <trkseg>
      <trkpt lat="22.5326679" lon="113.9321107"><ele>11.9</ele><time>2023-06-10T00:04:56Z</time></trkpt>
      <trkpt lat="22.5326830" lon="113.9321206"><ele>11.9</ele><time>2023-06-10T00:04:57Z</time></trkpt>
      <trkpt lat="22.5326985" lon="113.9321300"><ele>11.9</ele><time>2023-06-10T00:04:58Z</time></trkpt>
      <trkpt lat="22.5327147" lon="113.9321379"><ele>11.8</ele><time>2023-06-10T00:04:59Z</time></trkpt>
      <trkpt lat="22.5327314" lon="113.9321445"><ele>11.8</ele><time>2023-06-10T00:05:00Z</time></trkpt>
      <trkpt lat="22.5327485" lon="113.9321499"><ele>11.7</ele><time>2023-06-10T00:05:01Z</time></trkpt>
      <trkpt lat="22.5327656" lon="113.9321556"><ele>11.7</ele><time>2023-06-10T00:05:02Z</time></trkpt>
      <trkpt lat="22.5327826" lon="113.9321618"><ele>11.6</ele><time>2023-06-10T00:05:03Z</time></trkpt>
      <trkpt lat="22.5327998" lon="113.9321681"><ele>11.5</ele><time>2023-06-10T00:05:04Z</time></trkpt>
      <trkpt lat="22.5328169" lon="113.9321756"><ele>11.4</ele><time>2023-06-10T00:05:05Z</time></trkpt>
      <trkpt lat="22.5328334" lon="113.9321848"><ele>11.3</ele><time>2023-06-10T00:05:06Z</time></trkpt>
      <trkpt lat="22.5328492" lon="113.9321947"><ele>11.2</ele><time>2023-06-10T00:05:07Z</time></trkpt>
      <trkpt lat="22.5328652" lon="113.9322031"><ele>11.1</ele><time>2023-06-10T00:05:08Z</time></trkpt>
      <trkpt lat="22.5328816" lon="113.9322103"><ele>11.0</ele><time>2023-06-10T00:05:09Z</time></trkpt>
      <trkpt lat="22.5328979" lon="113.9322176"><ele>10.8</ele><time>2023-06-10T00:05:10Z</time></trkpt>
      <trkpt lat="22.5329147" lon="113.9322252"><ele>10.7</ele><time>2023-06-10T00:05:11Z</time></trkpt>
      <trkpt lat="22.5329314" lon="113.9322337"><ele>10.5</ele><time>2023-06-10T00:05:12Z</time></trkpt>
      <trkpt lat="22.5329471" lon="113.9322437"><ele>10.4</ele><time>2023-06-10T00:05:13Z</time></trkpt>
      <trkpt lat="22.5329618" lon="113.9322555"><ele>10.2</ele><time>2023-06-10T00:05:14Z</time></trkpt>
      <trkpt lat="22.5329759" lon="113.9322681"><ele>10.0</ele><time>2023-06-10T00:05:15Z</time></trkpt>
      <trkpt lat="22.5329903" lon="113.9322804"><ele>9.8</ele><time>2023-06-10T00:05:16Z</time></trkpt>
      <trkpt lat="22.5330053" lon="113.9322921"><ele>9.6</ele><time>2023-06-10T00:05:17Z</time></trkpt>
      <trkpt lat="22.5330206" lon="113.9323036"><ele>9.4</ele><time>2023-06-10T00:05:18Z</time></trkpt>
      <trkpt lat="22.5330349" lon="113.9323162"><ele>9.2</ele><time>2023-06-10T00:05:19Z</time></trkpt>
      <trkpt lat="22.5330489" lon="113.9323295"><ele>9.0</ele><time>2023-06-10T00:05:20Z</time></trkpt>
      <trkpt lat="22.5330634" lon="113.9323423"><ele>8.8</ele><time>2023-06-10T00:05:21Z</time></trkpt>
      <trkpt lat="22.5330777" lon="113.9323554"><ele>8.6</ele><time>2023-06-10T00:05:22Z</time></trkpt>
      <trkpt lat="22.5330920" lon="113.9323693"><ele>8.4</ele><time>2023-06-10T00:05:23Z</time></trkpt>
      <trkpt lat="22.5331064" lon="113.9323828"><ele>8.2</ele><time>2023-06-10T00:05:24Z</time></trkpt>
      <trkpt lat="22.5331202" lon="113.9323961"><ele>8.0</ele><time>2023-06-10T00:05:25Z</time></trkpt>
      <trkpt lat="22.5331336" lon="113.9324103"><ele>7.8</ele><time>2023-06-10T00:05:26Z</time></trkpt>
      <trkpt lat="22.5331478" lon="113.9324247"><ele>7.6</ele><time>2023-06-10T00:05:27Z</time></trkpt>
      <trkpt lat="22.5331620" lon="113.9324391"><ele>7.4</ele><time>2023-06-10T00:05:28Z</time></trkpt>
      <trkpt lat="22.5331755" lon="113.9324534"><ele>7.2</ele><time>2023-06-10T00:05:29Z</time></trkpt>
      <trkpt lat="22.5331890" lon="113.9324670"><ele>7.1</ele><time>2023-06-10T00:05:30Z</time></trkpt>
      <trkpt lat="22.5332032" lon="113.9324796"><ele>7.0</ele><time>2023-06-10T00:05:31Z</time></trkpt>
      <trkpt lat="22.5332181" lon="113.9324919"><ele>6.8</ele><time>2023-06-10T00:05:32Z</time></trkpt>
      <trkpt lat="22.5332330" lon="113.9325041"><ele>6.7</ele><time>2023-06-10T00:05:33Z</time></trkpt>
      <trkpt lat="22.5332482" lon="113.9325161"><ele>6.6</ele><time>2023-06-10T00:05:34Z</time></trkpt>
      <trkpt lat="22.5332634" lon="113.9325282"><ele>6.5</ele><time>2023-06-10T00:05:35Z</time></trkpt>
      <trkpt lat="22.5332786" lon="113.9325405"><ele>6.4</ele><time>2023-06-10T00:05:36Z</time></trkpt>
      <trkpt lat="22.5332945" lon="113.9325519"><ele>6.4</ele><time>2023-06-10T00:05:37Z</time></trkpt>
      <trkpt lat="22.5333102" lon="113.9325631"><ele>6.3</ele><time>2023-06-10T00:05:38Z</time></trkpt>
      <trkpt lat="22.5333261" lon="113.9325736"><ele>6.3</ele><time>2023-06-10T00:05:39Z</time></trkpt>
      <trkpt lat="22.5333429" lon="113.9325833"><ele>6.3</ele><time>2023-06-10T00:05:40Z</time></trkpt>
      <trkpt lat="22.5333601" lon="113.9325927"><ele>6.3</ele><time>2023-06-10T00:05:41Z</time></trkpt>
      <trkpt lat="22.5333771" lon="113.9326023"><ele>6.3</ele><time>2023-06-10T00:05:42Z</time></trkpt>
      <trkpt lat="22.5333939" lon="113.9326119"><ele>6.3</ele><time>2023-06-10T00:05:43Z</time></trkpt>
      <trkpt lat="22.5334106" lon="113.9326212"><ele>6.3</ele><time>2023-06-10T00:05:44Z</time></trkpt>
      <trkpt lat="22.5334276" lon="113.9326297"><ele>6.4</ele><time>2023-06-10T00:05:45Z</time></trkpt>
      <trkpt lat="22.5334448" lon="113.9326374"><ele>6.4</ele><time>2023-06-10T00:05:46Z</time></trkpt>
      <trkpt lat="22.5334618" lon="113.9326450"><ele>6.5</ele><time>2023-06-10T00:05:47Z</time></trkpt>
      <trkpt lat="22.5334782" lon="113.9326523"><ele>6.6</ele><time>2023-06-10T00:05:48Z</time></trkpt>
      <trkpt lat="22.5334944" lon="113.9326596"><ele>6.6</ele><time>2023-06-10T00:05:49Z</time></trkpt>
      <trkpt lat="22.5335107" lon="113.9326669"><ele>6.7</ele><time>2023-06-10T00:05:50Z</time></trkpt>
      <trkpt lat="22.5335274" lon="113.9326752"><ele>6.8</ele><time>2023-06-10T00:05:51Z</time></trkpt>
      <trkpt lat="22.5335440" lon="113.9326848"><ele>6.9</ele><time>2023-06-10T00:05:52Z</time></trkpt>
      <trkpt lat="22.5335601" lon="113.9326947"><ele>7.0</ele><time>2023-06-10T00:05:53Z</time></trkpt>
      <trkpt lat="22.5335756" lon="113.9327050"><ele>7.1</ele><time>2023-06-10T00:05:54Z</time></trkpt>
      <trkpt lat="22.5335911" lon="113.9327153"><ele>7.3</ele><time>2023-06-10T00:05:55Z</time></trkpt>
      <trkpt lat="22.5336067" lon="113.9327250"><ele>7.4</ele><time>2023-06-10T00:05:56Z</time></trkpt>
      <trkpt lat="22.5336229" lon="113.9327341"><ele>7.5</ele><time>2023-06-10T00:05:57Z</time></trkpt>
      <trkpt lat="22.5336395" lon="113.9327418"><ele>7.6</ele><time>2023-06-10T00:05:58Z</time></trkpt>
      <trkpt lat="22.5336560" lon="113.9327493"><ele>7.8</ele><time>2023-06-10T00:05:59Z</time></trkpt>
      <trkpt lat="22.5336722" lon="113.9327578"><ele>7.9</ele><time>2023-06-10T00:06:00Z</time></trkpt>
      <trkpt lat="22.5336882" lon="113.9327672"><ele>8.0</ele><time>2023-06-10T00:06:01Z</time></trkpt>
      <trkpt lat="22.5337038" lon="113.9327771"><ele>8.2</ele><time>2023-06-10T00:06:02Z</time></trkpt>
      <trkpt lat="22.5337188" lon="113.9327878"><ele>8.3</ele><time>2023-06-10T00:06:03Z</time></trkpt>
      <trkpt lat="22.5337326" lon="113.9327997"><ele>8.4</ele><time>2023-06-10T00:06:04Z</time></trkpt>
      <trkpt lat="22.5337457" lon="113.9328124"><ele>8.6</ele><time>2023-06-10T00:06:05Z</time></trkpt>
      <trkpt lat="22.5337592" lon="113.9328246"><ele>8.7</ele><time>2023-06-10T00:06:06Z</time></trkpt>
      <trkpt lat="22.5337736" lon="113.9328355"><ele>8.8</ele><time>2023-06-10T00:06:07Z</time></trkpt>
      <trkpt lat="22.5337885" lon="113.9328454"><ele>9.0</ele><time>2023-06-10T00:06:08Z</time></trkpt>
      <trkpt lat="22.5338042" lon="113.9328541"><ele>9.1</ele><time>2023-06-10T00:06:09Z</time></trkpt>
      <trkpt lat="22.5338203" lon="113.9328617"><ele>9.2</ele><time>2023-06-10T00:06:10Z</time></trkpt>
      <trkpt lat="22.5338363" lon="113.9328700"><ele>9.3</ele><time>2023-06-10T00:06:11Z</time></trkpt>
      <trkpt lat="22.5338520" lon="113.9328796"><ele>9.4</ele><time>2023-06-10T00:06:12Z</time></trkpt>
      <trkpt lat="22.5338674" lon="113.9328895"><ele>9.5</ele><time>2023-06-10T00:06:13Z</time></trkpt>
      <trkpt lat="22.5338828" lon="113.9328996"><ele>9.6</ele><time>2023-06-10T00:06:14Z</time></trkpt>
      <trkpt lat="22.5338982" lon="113.9329100"><ele>9.7</ele><time>2023-06-10T00:06:15Z</time></trkpt>
      <trkpt lat="22.5339132" lon="113.9329211"><ele>9.8</ele><time>2023-06-10T00:06:16Z</time></trkpt>
      <trkpt lat="22.5339281" lon="113.9329327"><ele>9.9</ele><time>2023-06-10T00:06:17Z</time></trkpt>
      <trkpt lat="22.5339432" lon="113.9329437"><ele>10.0</ele><time>2023-06-10T00:06:18Z</time></trkpt>
      <trkpt lat="22.5339579" lon="113.9329543"><ele>10.1</ele><time>2023-06-10T00:06:19Z</time></trkpt>
      <trkpt lat="22.5339723" lon="113.9329648"><ele>10.2</ele><time>2023-06-10T00:06:20Z</time></trkpt>
      <trkpt lat="22.5339867" lon="113.9329751"><ele>10.2</ele><time>2023-06-10T00:06:21Z</time></trkpt>
      <trkpt lat="22.5340010" lon="113.9329862"><ele>10.3</ele><time>2023-06-10T00:06:22Z</time></trkpt>
      <trkpt lat="22.5340153" lon="113.9329975"><ele>10.3</ele><time>2023-06-10T00:06:23Z</time></trkpt>
      <trkpt lat="22.5340301" lon="113.9330086"><ele>10.4</ele><time>2023-06-10T00:06:24Z</time></trkpt>
      <trkpt lat="22.5340444" lon="113.9330202"><ele>10.5</ele><time>2023-06-10T00:06:25Z</time></trkpt>
      <trkpt lat="22.5340581" lon="113.9330321"><ele>10.5</ele><time>2023-06-10T00:06:26Z</time></trkpt>
      <trkpt lat="22.5340720" lon="113.9330439"><ele>10.6</ele><time>2023-06-10T00:06:27Z</time></trkpt>
      <trkpt lat="22.5340871" lon="113.9330538"><ele>10.6</ele><time>2023-06-10T00:06:28Z</time></trkpt>
      <trkpt lat="22.5341025" lon="113.9330631"><ele>10.7</ele><time>2023-06-10T00:06:29Z</time></trkpt>
      <trkpt lat="22.5341164" lon="113.9330744"><ele>10.7</ele><time>2023-06-10T00:06:30Z</time></trkpt>
      <trkpt lat="22.5341298" lon="113.9330867"><ele>10.8</ele><time>2023-06-10T00:06:31Z</time></trkpt>
      <trkpt lat="22.5341435" lon="113.9330983"><ele>10.8</ele><time>2023-06-10T00:06:32Z</time></trkpt>
      <trkpt lat="22.5341582" lon="113.9331086"><ele>10.9</ele><time>2023-06-10T00:06:33Z</time></trkpt>
      <trkpt lat="22.5341734" lon="113.9331186"><ele>11.0</ele><time>2023-06-10T00:06:34Z</time></trkpt>
      <trkpt lat="22.5341883" lon="113.9331293"><ele>11.0</ele><time>2023-06-10T00:06:35Z</time></trkpt>
      <trkpt lat="22.5342036" lon="113.9331401"><ele>11.1</ele><time>2023-06-10T00:06:36Z</time></trkpt>
      <trkpt lat="22.5342186" lon="113.9331510"><ele>11.2</ele><time>2023-06-10T00:06:37Z</time></trkpt>
      <trkpt lat="22.5342330" lon="113.9331621"><ele>11.3</ele><time>2023-06-10T00:06:38Z</time></trkpt>
      <trkpt lat="22.5342474" lon="113.9331728"><ele>11.4</ele><time>2023-06-10T00:06:39Z</time></trkpt>
      <trkpt lat="22.5342618" lon="113.9331835"><ele>11.5</ele><time>2023-06-10T00:06:40Z</time></trkpt>
      <trkpt lat="22.5342759" lon="113.9331950"><ele>11.6</ele><time>2023-06-10T00:06:41Z</time></trkpt>
      <trkpt lat="22.5342897" lon="113.9332073"><ele>11.7</ele><time>2023-06-10T00:06:42Z</time></trkpt>
      <trkpt lat="22.5343040" lon="113.9332188"><ele>11.8</ele><time>2023-06-10T00:06:43Z</time></trkpt>
      <trkpt lat="22.5343187" lon="113.9332299"><ele>11.9</ele><time>2023-06-10T00:06:44Z</time></trkpt>
      <trkpt lat="22.5343331" lon="113.9332416"><ele>12.0</ele><time>2023-06-10T00:06:45Z</time></trkpt>
      <trkpt lat="22.5343476" lon="113.9332530"><ele>12.1</ele><time>2023-06-10T00:06:46Z</time></trkpt>
      <trkpt lat="22.5343628" lon="113.9332633"><ele>12.2</ele><time>2023-06-10T00:06:47Z</time></trkpt>
      <trkpt lat="22.5343781" lon="113.9332731"><ele>12.3</ele><time>2023-06-10T00:06:48Z</time></trkpt>
      <trkpt lat="22.5343930" lon="113.9332835"><ele>12.5</ele><time>2023-06-10T00:06:49Z</time></trkpt>
      <trkpt lat="22.5344074" lon="113.9332949"><ele>12.6</ele><time>2023-06-10T00:06:50Z</time></trkpt>
      <trkpt lat="22.5344216" lon="113.9333067"><ele>12.7</ele><time>2023-06-10T00:06:51Z</time></trkpt>
      <trkpt lat="22.5344354" lon="113.9333189"><ele>12.8</ele><time>2023-06-10T00:06:52Z</time></trkpt>
      <trkpt lat="22.5344484" lon="113.9333320"><ele>12.9</ele><time>2023-06-10T00:06:53Z</time></trkpt>
      <trkpt lat="22.5344611" lon="113.9333452"><ele>13.1</ele><time>2023-06-10T00:06:54Z</time></trkpt>
      <trkpt lat="22.5344742" lon="113.9333578"><ele>13.2</ele><time>2023-06-10T00:06:55Z</time></trkpt>
      <trkpt lat="22.5344878" lon="113.9333698"><ele>13.3</ele><time>2023-06-10T00:06:56Z</time></trkpt>
      <trkpt lat="22.5345014" lon="113.9333817"><ele>13.4</ele><time>2023-06-10T00:06:57Z</time></trkpt>
      <trkpt lat="22.5345148" lon="113.9333940"><ele>13.5</ele><time>2023-06-10T00:06:58Z</time></trkpt>
      <trkpt lat="22.5345277" lon="113.9334067"><ele>13.6</ele><time>2023-06-10T00:06:59Z</time></trkpt>
      <trkpt lat="22.5345408" lon="113.9334197"><ele>13.7</ele><time>2023-06-10T00:07:00Z</time></trkpt>
      <trkpt lat="22.5345539" lon="113.9334325"><ele>13.8</ele><time>2023-06-10T00:07:01Z</time></trkpt>
      <trkpt lat="22.5345671" lon="113.9334450"><ele>13.8</ele><time>2023-06-10T00:07:02Z</time></trkpt>
      <trkpt lat="22.5345801" lon="113.9334578"><ele>13.9</ele><time>2023-06-10T00:07:03Z</time></trkpt>
      <trkpt lat="22.5345927" lon="113.9334709"><ele>14.0</ele><time>2023-06-10T00:07:04Z</time></trkpt>
      <trkpt lat="22.5346056" lon="113.9334838"><ele>14.0</ele><time>2023-06-10T00:07:05Z</time></trkpt>
      <trkpt lat="22.5346190" lon="113.9334960"><ele>14.1</ele><time>2023-06-10T00:07:06Z</time></trkpt>
      <trkpt lat="22.5346327" lon="113.9335081"><ele>14.1</ele><time>2023-06-10T00:07:07Z</time></trkpt>
      <trkpt lat="22.5346463" lon="113.9335204"><ele>14.2</ele><time>2023-06-10T00:07:08Z</time></trkpt>
      <trkpt lat="22.5346595" lon="113.9335333"><ele>14.2</ele><time>2023-06-10T00:07:09Z</time></trkpt>
      <trkpt lat="22.5346725" lon="113.9335465"><ele>14.3</ele><time>2023-06-10T00:07:10Z</time></trkpt>
      <trkpt lat="22.5346857" lon="113.9335593"><ele>14.3</ele><time>2023-06-10T00:07:11Z</time></trkpt>
      <trkpt lat="22.5346986" lon="113.9335720"><ele>14.3</ele><time>2023-06-10T00:07:12Z</time></trkpt>
      <trkpt lat="22.5347116" lon="113.9335846"><ele>14.3</ele><time>2023-06-10T00:07:13Z</time></trkpt>
      <trkpt lat="22.5347255" lon="113.9335959"><ele>14.3</ele><time>2023-06-10T00:07:14Z</time></trkpt>
      <trkpt lat="22.5347400" lon="113.9336063"><ele>14.4</ele><time>2023-06-10T00:07:15Z</time></trkpt>
      <trkpt lat="22.5347539" lon="113.9336177"><ele>14.4</ele><time>2023-06-10T00:07:16Z</time></trkpt>
      <trkpt lat="22.5347675" lon="113.9336299"><ele>14.4</ele><time>2023-06-10T00:07:17Z</time></trkpt>
      <trkpt lat="22.5347812" lon="113.9336417"><ele>14.4</ele><time>2023-06-10T00:07:18Z</time></trkpt>
      <trkpt lat="22.5347949" lon="113.9336531"><ele>14.4</ele><time>2023-06-10T00:07:19Z</time></trkpt>
      <trkpt lat="22.5348073" lon="113.9336657"><ele>14.4</ele><time>2023-06-10T00:07:20Z</time></trkpt>
      <trkpt lat="22.5348182" lon="113.9336793"><ele>14.4</ele><time>2023-06-10T00:07:21Z</time></trkpt>
      <trkpt lat="22.5348292" lon="113.9336926"><ele>14.4</ele><time>2023-06-10T00:07:22Z</time></trkpt>
      <trkpt lat="22.5348415" lon="113.9337049"><ele>14.4</ele><time>2023-06-10T00:07:23Z</time></trkpt>
      <trkpt lat="22.5348552" lon="113.9337156"><ele>14.4</ele><time>2023-06-10T00:07:24Z</time></trkpt>
      <trkpt lat="22.5348689" lon="113.9337267"><ele>14.4</ele><time>2023-06-10T00:07:25Z</time></trkpt>
      <trkpt lat="22.5348813" lon="113.9337394"><ele>14.4</ele><time>2023-06-10T00:07:26Z</time></trkpt>
      <trkpt lat="22.5348926" lon="113.9337532"><ele>14.4</ele><time>2023-06-10T00:07:27Z</time></trkpt>
      <trkpt lat="22.5349037" lon="113.9337672"><ele>14.4</ele><time>2023-06-10T00:07:28Z</time></trkpt>
      <trkpt lat="22.5349145" lon="113.9337812"><ele>14.3</ele><time>2023-06-10T00:07:29Z</time></trkpt>
      <trkpt lat="22.5349251" lon="113.9337952"><ele>14.3</ele><time>2023-06-10T00:07:30Z</time></trkpt>
      <trkpt lat="22.5349360" lon="113.9338091"><ele>14.3</ele><time>2023-06-10T00:07:31Z</time></trkpt>
      <trkpt lat="22.5349472" lon="113.9338228"><ele>14.3</ele><time>2023-06-10T00:07:32Z</time></trkpt>
      <trkpt lat="22.5349595" lon="113.9338354"><ele>14.3</ele><time>2023-06-10T00:07:33Z</time></trkpt>
      <trkpt lat="22.5349724" lon="113.9338472"><ele>14.3</ele><time>2023-06-10T00:07:34Z</time></trkpt>
      <trkpt lat="22.5349852" lon="113.9338592"><ele>14.3</ele><time>2023-06-10T00:07:35Z</time></trkpt>
      <trkpt lat="22.5349982" lon="113.9338710"><ele>14.3</ele><time>2023-06-10T00:07:36Z</time></trkpt>
      <trkpt lat="22.5350116" lon="113.9338823"><ele>14.3</ele><time>2023-06-10T00:07:37Z</time></trkpt>
      <trkpt lat="22.5350259" lon="113.9338924"><ele>14.3</ele><time>2023-06-10T00:07:38Z</time></trkpt>
      <trkpt lat="22.5350405" lon="113.9339020"><ele>14.3</ele><time>2023-06-10T00:07:39Z</time></trkpt>
      <trkpt lat="22.5350545" lon="113.9339123"><ele>14.3</ele><time>2023-06-10T00:07:40Z</time></trkpt>
      <trkpt lat="22.5350682" lon="113.9339232"><ele>14.2</ele><time>2023-06-10T00:07:41Z</time></trkpt>
      <trkpt lat="22.5350822" lon="113.9339337"><ele>14.2</ele><time>2023-06-10T00:07:42Z</time></trkpt>
      <trkpt lat="22.5350970" lon="113.9339432"><ele>14.2</ele><time>2023-06-10T00:07:43Z</time></trkpt>
      <trkpt lat="22.5351124" lon="113.9339520"><ele>14.2</ele><time>2023-06-10T00:07:44Z</time></trkpt>
      <trkpt lat="22.5351276" lon="113.9339609"><ele>14.2</ele><time>2023-06-10T00:07:45Z</time></trkpt>
      <trkpt lat="22.5351425" lon="113.9339700"><ele>14.2</ele><time>2023-06-10T00:07:46Z</time></trkpt>
      <trkpt lat="22.5351572" lon="113.9339792"><ele>14.2</ele><time>2023-06-10T00:07:47Z</time></trkpt>
      <trkpt lat="22.5351720" lon="113.9339877"><ele>14.2</ele><time>2023-06-10T00:07:48Z</time></trkpt>
      <trkpt lat="22.5351878" lon="113.9339948"><ele>14.2</ele><time>2023-06-10T00:07:49Z</time></trkpt>
      <trkpt lat="22.5352039" lon="113.9340015"><ele>14.2</ele><time>2023-06-10T00:07:50Z</time></trkpt>
      <trkpt lat="22.5352195" lon="113.9340091"><ele>14.2</ele><time>2023-06-10T00:07:51Z</time></trkpt>
      <trkpt lat="22.5352346" lon="113.9340176"><ele>14.2</ele><time>2023-06-10T00:07:52Z</time></trkpt>
      <trkpt lat="22.5352501" lon="113.9340252"><ele>14.2</ele><time>2023-06-10T00:07:53Z</time></trkpt>
      <trkpt lat="22.5352658" lon="113.9340327"><ele>14.3</ele><time>2023-06-10T00:07:54Z</time></trkpt>
      <trkpt lat="22.5352810" lon="113.9340408"><ele>14.3</ele><time>2023-06-10T00:07:55Z</time></trkpt>
      <trkpt lat="22.5352962" lon="113.9340490"><ele>14.3</ele><time>2023-06-10T00:07:56Z</time></trkpt>
      <trkpt lat="22.5353111" lon="113.9340574"><ele>14.3</ele><time>2023-06-10T00:07:57Z</time></trkpt>
      <trkpt lat="22.5353259" lon="113.9340661"><ele>14.3</ele><time>2023-06-10T00:07:58Z</time></trkpt>
      <trkpt lat="22.5353404" lon="113.9340753"><ele>14.3</ele><time>2023-06-10T00:07:59Z</time></trkpt>
      <trkpt lat="22.5353546" lon="113.9340846"><ele>14.4</ele><time>2023-06-10T00:08:00Z</time></trkpt>
      <trkpt lat="22.5353690" lon="113.9340937"><ele>14.4</ele><time>2023-06-10T00:08:01Z</time></trkpt>
      <trkpt lat="22.5353830" lon="113.9341033"><ele>14.4</ele><time>2023-06-10T00:08:02Z</time></trkpt>
      <trkpt lat="22.5353970" lon="113.9341135"><ele>14.4</ele><time>2023-06-10T00:08:03Z</time></trkpt>
      <trkpt lat="22.5354108" lon="113.9341241"><ele>14.5</ele><time>2023-06-10T00:08:04Z</time></trkpt>
      <trkpt lat="22.5354242" lon="113.9341351"><ele>14.5</ele><time>2023-06-10T00:08:05Z</time></trkpt>
      <trkpt lat="22.5354380" lon="113.9341453"><ele>14.6</ele><time>2023-06-10T00:08:06Z</time></trkpt>
      <trkpt lat="22.5354525" lon="113.9341545"><ele>14.6</ele><time>2023-06-10T00:08:07Z</time></trkpt>
      <trkpt lat="22.5354669" lon="113.9341639"><ele>14.6</ele><time>2023-06-10T00:08:08Z</time></trkpt>
      <trkpt lat="22.5354806" lon="113.9341744"><ele>14.7</ele><time>2023-06-10T00:08:09Z</time></trkpt>
      <trkpt lat="22.5354938" lon="113.9341855"><ele>14.7</ele><time>2023-06-10T00:08:10Z</time></trkpt>
      <trkpt lat="22.5355071" lon="113.9341969"><ele>14.8</ele><time>2023-06-10T00:08:11Z</time></trkpt>
      <trkpt lat="22.5355203" lon="113.9342086"><ele>14.8</ele><time>2023-06-10T00:08:12Z</time></trkpt>
      <trkpt lat="22.5355334" lon="113.9342204"><ele>14.9</ele><time>2023-06-10T00:08:13Z</time></trkpt>
      <trkpt lat="22.5355468" lon="113.9342320"><ele>15.0</ele><time>2023-06-10T00:08:14Z</time></trkpt>
      <trkpt lat="22.5355599" lon="113.9342440"><ele>15.0</ele><time>2023-06-10T00:08:15Z</time></trkpt>
      <trkpt lat="22.5355724" lon="113.9342568"><ele>15.1</ele><time>2023-06-10T00:08:16Z</time></trkpt>
      <trkpt lat="22.5355854" lon="113.9342693"><ele>15.2</ele><time>2023-06-10T00:08:17Z</time></trkpt>
      <trkpt lat="22.5355989" lon="113.9342812"><ele>15.2</ele><time>2023-06-10T00:08:18Z</time></trkpt>
      <trkpt lat="22.5356127" lon="113.9342929"><ele>15.3</ele><time>2023-06-10T00:08:19Z</time></trkpt>
      <trkpt lat="22.5356265" lon="113.9343046"><ele>15.4</ele><time>2023-06-10T00:08:20Z</time></trkpt>
      <trkpt lat="22.5356401" lon="113.9343168"><ele>15.5</ele><time>2023-06-10T00:08:21Z</time></trkpt>
      <trkpt lat="22.5356540" lon="113.9343286"><ele>15.5</ele><time>2023-06-10T00:08:22Z</time></trkpt>
      <trkpt lat="22.5356686" lon="113.9343386"><ele>15.6</ele><time>2023-06-10T00:08:23Z</time></trkpt>
      <trkpt lat="22.5356840" lon="113.9343475"><ele>15.7</ele><time>2023-06-10T00:08:24Z</time></trkpt>
      <trkpt lat="22.5357001" lon="113.9343562"><ele>15.8</ele><time>2023-06-10T00:08:25Z</time></trkpt>
      <trkpt lat="22.5357163" lon="113.9343650"><ele>15.9</ele><time>2023-06-10T00:08:26Z</time></trkpt>
      <trkpt lat="22.5357328" lon="113.9343734"><ele>16.0</ele><time>2023-06-10T00:08:27Z</time></trkpt>
      <trkpt lat="22.5357496" lon="113.9343816"><ele>16.1</ele><time>2023-06-10T00:08:28Z</time></trkpt>
      <trkpt lat="22.5357662" lon="113.9343902"><ele>16.1</ele><time>2023-06-10T00:08:29Z</time></trkpt>
      <trkpt lat="22.5357829" lon="113.9343983"><ele>16.2</ele><time>2023-06-10T00:08:30Z</time></trkpt>
      <trkpt lat="22.5357997" lon="113.9344061"><ele>16.3</ele><time>2023-06-10T00:08:31Z</time></trkpt>
      <trkpt lat="22.5358170" lon="113.9344118"><ele>16.4</ele><time>2023-06-10T00:08:32Z</time></trkpt>
      <trkpt lat="22.5358355" lon="113.9344152"><ele>16.5</ele><time>2023-06-10T00:08:33Z</time></trkpt>
      <trkpt lat="22.5358542" lon="113.9344178"><ele>16.6</ele><time>2023-06-10T00:08:34Z</time></trkpt>
      <trkpt lat="22.5358730" lon="113.9344206"><ele>16.7</ele><time>2023-06-10T00:08:35Z</time></trkpt>
      <trkpt lat="22.5358917" lon="113.9344247"><ele>16.8</ele><time>2023-06-10T00:08:36Z</time></trkpt>
      <trkpt lat="22.5359104" lon="113.9344294"><ele>16.9</ele><time>2023-06-10T00:08:37Z</time></trkpt>
      <trkpt lat="22.5359289" lon="113.9344346"><ele>17.0</ele><time>2023-06-10T00:08:38Z</time></trkpt>
      <trkpt lat="22.5359472" lon="113.9344405"><ele>17.0</ele><time>2023-06-10T00:08:39Z</time></trkpt>
      <trkpt lat="22.5359651" lon="113.9344465"><ele>17.1</ele><time>2023-06-10T00:08:40Z</time></trkpt>
      <trkpt lat="22.5359824" lon="113.9344533"><ele>17.2</ele><time>2023-06-10T00:08:41Z</time></trkpt>
      <trkpt lat="22.5359992" lon="113.9344611"><ele>17.3</ele><time>2023-06-10T00:08:42Z</time></trkpt>
      <trkpt lat="22.5360158" lon="113.9344691"><ele>17.3</ele><time>2023-06-10T00:08:43Z</time></trkpt>
      <trkpt lat="22.5360330" lon="113.9344750"><ele>17.4</ele><time>2023-06-10T00:08:44Z</time></trkpt>
      <trkpt lat="22.5360505" lon="113.9344800"><ele>17.4</ele><time>2023-06-10T00:08:45Z</time></trkpt>
      <trkpt lat="22.5360675" lon="113.9344867"><ele>17.5</ele><time>2023-06-10T00:08:46Z</time></trkpt>
      <trkpt lat="22.5360840" lon="113.9344947"><ele>17.5</ele><time>2023-06-10T00:08:47Z</time></trkpt>
      <trkpt lat="22.5361006" lon="113.9345034"><ele>17.6</ele><time>2023-06-10T00:08:48Z</time></trkpt>
      <trkpt lat="22.5361171" lon="113.9345124"><ele>17.6</ele><time>2023-06-10T00:08:49Z</time></trkpt>
      <trkpt lat="22.5361332" lon="113.9345221"><ele>17.7</ele><time>2023-06-10T00:08:50Z</time></trkpt>
      <trkpt lat="22.5361489" lon="113.9345318"><ele>17.7</ele><time>2023-06-10T00:08:51Z</time></trkpt>
      <trkpt lat="22.5361643" lon="113.9345415"><ele>17.7</ele><time>2023-06-10T00:08:52Z</time></trkpt>
      <trkpt lat="22.5361793" lon="113.9345523"><ele>17.8</ele><time>2023-06-10T00:08:53Z</time></trkpt>
      <trkpt lat="22.5361943" lon="113.9345634"><ele>17.8</ele><time>2023-06-10T00:08:54Z</time></trkpt>
      <trkpt lat="22.5362092" lon="113.9345745"><ele>17.8</ele><time>2023-06-10T00:08:55Z</time></trkpt>
      <trkpt lat="22.5362239" lon="113.9345862"><ele>17.9</ele><time>2023-06-10T00:08:56Z</time></trkpt>
      <trkpt lat="22.5362382" lon="113.9345979"><ele>17.9</ele><time>2023-06-10T00:08:57Z</time></trkpt>
      <trkpt lat="22.5362522" lon="113.9346094"><ele>17.9</ele><time>2023-06-10T00:08:58Z</time></trkpt>
      <trkpt lat="22.5362654" lon="113.9346216"><ele>17.9</ele><time>2023-06-10T00:08:59Z</time></trkpt>
      <trkpt lat="22.5362783" lon="113.9346336"><ele>18.0</ele><time>2023-06-10T00:09:00Z</time></trkpt>
      <trkpt lat="22.5362916" lon="113.9346450"><ele>18.0</ele><time>2023-06-10T00:09:01Z</time></trkpt>
      <trkpt lat="22.5363054" lon="113.9346563"><ele>18.0</ele><time>2023-06-10T00:09:02Z</time></trkpt>
      <trkpt lat="22.5363198" lon="113.9346671"><ele>18.0</ele><time>2023-06-10T00:09:03Z</time></trkpt>
      <trkpt lat="22.5363344" lon="113.9346772"><ele>18.1</ele><time>2023-06-10T00:09:04Z</time></trkpt>
      <trkpt lat="22.5363485" lon="113.9346879"><ele>18.1</ele><time>2023-06-10T00:09:05Z</time></trkpt>
      <trkpt lat="22.5363623" lon="113.9346989"><ele>18.1</ele><time>2023-06-10T00:09:06Z</time></trkpt>
      <trkpt lat="22.5363770" lon="113.9347090"><ele>18.1</ele><time>2023-06-10T00:09:07Z</time></trkpt>
      <trkpt lat="22.5363925" lon="113.9347188"><ele>18.2</ele><time>2023-06-10T00:09:08Z</time></trkpt>
      <trkpt lat="22.5364086" lon="113.9347277"><ele>18.2</ele><time>2023-06-10T00:09:09Z</time></trkpt>
      <trkpt lat="22.5364242" lon="113.9347370"><ele>18.2</ele><time>2023-06-10T00:09:10Z</time></trkpt>
      <trkpt lat="22.5364390" lon="113.9347469"><ele>18.2</ele><time>2023-06-10T00:09:11Z</time></trkpt>
      <trkpt lat="22.5364534" lon="113.9347570"><ele>18.2</ele><time>2023-06-10T00:09:12Z</time></trkpt>
      <trkpt lat="22.5364677" lon="113.9347663"><ele>18.3</ele><time>2023-06-10T00:09:13Z</time></trkpt>
      <trkpt lat="22.5364828" lon="113.9347744"><ele>18.3</ele><time>2023-06-10T00:09:14Z</time></trkpt>
      <trkpt lat="22.5364980" lon="113.9347823"><ele>18.3</ele><time>2023-06-10T00:09:15Z</time></trkpt>
      <trkpt lat="22.5365132" lon="113.9347902"><ele>18.3</ele><time>2023-06-10T00:09:16Z</time></trkpt>
      <trkpt lat="22.5365286" lon="113.9347966"><ele>18.4</ele><time>2023-06-10T00:09:17Z</time></trkpt>
      <trkpt lat="22.5365440" lon="113.9348025"><ele>18.4</ele><time>2023-06-10T00:09:18Z</time></trkpt>
      <trkpt lat="22.5365591" lon="113.9348099"><ele>18.4</ele><time>2023-06-10T00:09:19Z</time></trkpt>
      <trkpt lat="22.5365740" lon="113.9348179"><ele>18.4</ele><time>2023-06-10T00:09:20Z</time></trkpt>
      <trkpt lat="22.5365885" lon="113.9348262"><ele>18.5</ele><time>2023-06-10T00:09:21Z</time></trkpt>
      <trkpt lat="22.5366029" lon="113.9348340"><ele>18.5</ele><time>2023-06-10T00:09:22Z</time></trkpt>
      <trkpt lat="22.5366173" lon="113.9348412"><ele>18.5</ele><time>2023-06-10T00:09:23Z</time></trkpt>
      <trkpt lat="22.5366312" lon="113.9348501"><ele>18.6</ele><time>2023-06-10T00:09:24Z</time></trkpt>
      <trkpt lat="22.5366449" lon="113.9348607"><ele>18.6</ele><time>2023-06-10T00:09:25Z</time></trkpt>
      <trkpt lat="22.5366585" lon="113.9348719"><ele>18.7</ele><time>2023-06-10T00:09:26Z</time></trkpt>
      <trkpt lat="22.5366715" lon="113.9348846"><ele>18.7</ele><time>2023-06-10T00:09:27Z</time></trkpt>
      <trkpt lat="22.5366839" lon="113.9348984"><ele>18.8</ele><time>2023-06-10T00:09:28Z</time></trkpt>
      <trkpt lat="22.5366961" lon="113.9349121"><ele>18.8</ele><time>2023-06-10T00:09:29Z</time></trkpt>
      <trkpt lat="22.5367084" lon="113.9349254"><ele>18.9</ele><time>2023-06-10T00:09:30Z</time></trkpt>
      <trkpt lat="22.5367202" lon="113.9349391"><ele>19.0</ele><time>2023-06-10T00:09:31Z</time></trkpt>
      <trkpt lat="22.5367318" lon="113.9349533"><ele>19.0</ele><time>2023-06-10T00:09:32Z</time></trkpt>
      <trkpt lat="22.5367440" lon="113.9349667"><ele>19.1</ele><time>2023-06-10T00:09:33Z</time></trkpt>
      <trkpt lat="22.5367569" lon="113.9349792"><ele>19.2</ele><time>2023-06-10T00:09:34Z</time></trkpt>
      <trkpt lat="22.5367704" lon="113.9349904"><ele>19.3</ele><time>2023-06-10T00:09:35Z</time></trkpt>
      <trkpt lat="22.5367841" lon="113.9350010"><ele>19.3</ele><time>2023-06-10T00:09:36Z</time></trkpt>
      <trkpt lat="22.5367967" lon="113.9350133"><ele>19.4</ele><time>2023-06-10T00:09:37Z</time></trkpt>
      <trkpt lat="22.5368083" lon="113.9350272"><ele>19.5</ele><time>2023-06-10T00:09:38Z</time></trkpt>
      <trkpt lat="22.5368203" lon="113.9350405"><ele>19.6</ele><time>2023-06-10T00:09:39Z</time></trkpt>
      <trkpt lat="22.5368329" lon="113.9350528"><ele>19.6</ele><time>2023-06-10T00:09:40Z</time></trkpt>
      <trkpt lat="22.5368457" lon="113.9350652"><ele>19.7</ele><time>2023-06-10T00:09:41Z</time></trkpt>
      <trkpt lat="22.5368588" lon="113.9350774"><ele>19.8</ele><time>2023-06-10T00:09:42Z</time></trkpt>
      <trkpt lat="22.5368726" lon="113.9350884"><ele>19.8</ele><time>2023-06-10T00:09:43Z</time></trkpt>
      <trkpt lat="22.5368864" lon="113.9350994"><ele>19.9</ele><time>2023-06-10T00:09:44Z</time></trkpt>
      <trkpt lat="22.5368996" lon="113.9351109"><ele>20.0</ele><time>2023-06-10T00:09:45Z</time></trkpt>
      <trkpt lat="22.5369127" lon="113.9351224"><ele>20.0</ele><time>2023-06-10T00:09:46Z</time></trkpt>
      <trkpt lat="22.5369260" lon="113.9351336"><ele>20.1</ele><time>2023-06-10T00:09:47Z</time></trkpt>
      <trkpt lat="22.5369396" lon="113.9351441"><ele>20.1</ele><time>2023-06-10T00:09:48Z</time></trkpt>
      <trkpt lat="22.5369541" lon="113.9351543"><ele>20.2</ele><time>2023-06-10T00:09:49Z</time></trkpt>
      <trkpt lat="22.5369694" lon="113.9351651"><ele>20.2</ele><time>2023-06-10T00:09:50Z</time></trkpt>
      <trkpt lat="22.5369845" lon="113.9351757"><ele>20.3</ele><time>2023-06-10T00:09:51Z</time></trkpt>
      <trkpt lat="22.5369990" lon="113.9351858"><ele>20.3</ele><time>2023-06-10T00:09:52Z</time></trkpt>
      <trkpt lat="22.5370131" lon="113.9351960"><ele>20.3</ele><time>2023-06-10T00:09:53Z</time></trkpt>
      <trkpt lat="22.5370274" lon="113.9352062"><ele>20.4</ele><time>2023-06-10T00:09:54Z</time></trkpt>
      <trkpt lat="22.5370424" lon="113.9352157"><ele>20.4</ele><time>2023-06-10T00:09:55Z</time></trkpt>
      <trkpt lat="22.5370581" lon="113.9352241"><ele>20.4</ele><time>2023-06-10T00:09:56Z</time></trkpt>
      <trkpt lat="22.5370746" lon="113.9352309"><ele>20.5</ele><time>2023-06-10T00:09:57Z</time></trkpt>
      <trkpt lat="22.5370913" lon="113.9352366"><ele>20.5</ele><time>2023-06-10T00:09:58Z</time></trkpt>
      <trkpt lat="22.5371062" lon="113.9352434"><ele>20.5</ele><time>2023-06-10T00:09:59Z</time></trkpt>
      <trkpt lat="22.5371198" lon="113.9352516"><ele>20.5</ele><time>2023-06-10T00:10:00Z</time></trkpt>
      <trkpt lat="22.5371341" lon="113.9352609"><ele>20.5</ele><time>2023-06-10T00:10:01Z</time></trkpt>
      <trkpt lat="22.5371492" lon="113.9352701"><ele>20.5</ele><time>2023-06-10T00:10:02Z</time></trkpt>
      <trkpt lat="22.5371645" lon="113.9352791"><ele>20.5</ele><time>2023-06-10T00:10:03Z</time></trkpt>
      <trkpt lat="22.5371795" lon="113.9352887"><ele>20.5</ele><time>2023-06-10T00:10:04Z</time></trkpt>
      <trkpt lat="22.5371946" lon="113.9352985"><ele>20.6</ele><time>2023-06-10T00:10:05Z</time></trkpt>
      <trkpt lat="22.5372099" lon="113.9353078"><ele>20.6</ele><time>2023-06-10T00:10:06Z</time></trkpt>
      <trkpt lat="22.5372256" lon="113.9353163"><ele>20.6</ele><time>2023-06-10T00:10:07Z</time></trkpt>
      <trkpt lat="22.5372413" lon="113.9353247"><ele>20.6</ele><time>2023-06-10T00:10:08Z</time></trkpt>
      <trkpt lat="22.5372569" lon="113.9353333"><ele>20.6</ele><time>2023-06-10T00:10:09Z</time></trkpt>
      <trkpt lat="22.5372724" lon="113.9353423"><ele>20.6</ele><time>2023-06-10T00:10:10Z</time></trkpt>
      <trkpt lat="22.5372880" lon="113.9353508"><ele>20.6</ele><time>2023-06-10T00:10:11Z</time></trkpt>
      <trkpt lat="22.5373038" lon="113.9353583"><ele>20.6</ele><time>2023-06-10T00:10:12Z</time></trkpt>
      <trkpt lat="22.5373197" lon="113.9353650"><ele>20.6</ele><time>2023-06-10T00:10:13Z</time></trkpt>
      <trkpt lat="22.5373357" lon="113.9353709"><ele>20.6</ele><time>2023-06-10T00:10:14Z</time></trkpt>
      <trkpt lat="22.5373518" lon="113.9353766"><ele>20.6</ele><time>2023-06-10T00:10:15Z</time></trkpt>
      <trkpt lat="22.5373680" lon="113.9353831"><ele>20.6</ele><time>2023-06-10T00:10:16Z</time></trkpt>
      <trkpt lat="22.5373840" lon="113.9353904"><ele>20.6</ele><time>2023-06-10T00:10:17Z</time></trkpt>
      <trkpt lat="22.5373989" lon="113.9353993"><ele>20.6</ele><time>2023-06-10T00:10:18Z</time></trkpt>
      <trkpt lat="22.5374133" lon="113.9354096"><ele>20.5</ele><time>2023-06-10T00:10:19Z</time></trkpt>
      <trkpt lat="22.5374278" lon="113.9354199"><ele>20.5</ele><time>2023-06-10T00:10:20Z</time></trkpt>
      <trkpt lat="22.5374423" lon="113.9354301"><ele>20.5</ele><time>2023-06-10T00:10:21Z</time></trkpt>
      <trkpt lat="22.5374569" lon="113.9354398"><ele>20.5</ele><time>2023-06-10T00:10:22Z</time></trkpt>
      <trkpt lat="22.5374714" lon="113.9354493"><ele>20.5</ele><time>2023-06-10T00:10:23Z</time></trkpt>
      <trkpt lat="22.5374856" lon="113.9354595"><ele>20.5</ele><time>2023-06-10T00:10:24Z</time></trkpt>
      <trkpt lat="22.5374998" lon="113.9354697"><ele>20.5</ele><time>2023-06-10T00:10:25Z</time></trkpt>
      <trkpt lat="22.5375141" lon="113.9354798"><ele>20.5</ele><time>2023-06-10T00:10:26Z</time></trkpt>
      <trkpt lat="22.5375281" lon="113.9354904"><ele>20.4</ele><time>2023-06-10T00:10:27Z</time></trkpt>
      <trkpt lat="22.5375421" lon="113.9355008"><ele>20.4</ele><time>2023-06-10T00:10:28Z</time></trkpt>
      <trkpt lat="22.5375562" lon="113.9355106"><ele>20.4</ele><time>2023-06-10T00:10:29Z</time></trkpt>
      <trkpt lat="22.5375695" lon="113.9355214"><ele>20.4</ele><time>2023-06-10T00:10:30Z</time></trkpt>
      <trkpt lat="22.5375823" lon="113.9355328"><ele>20.4</ele><time>2023-06-10T00:10:31Z</time></trkpt>
      <trkpt lat="22.5375952" lon="113.9355435"><ele>20.3</ele><time>2023-06-10T00:10:32Z</time></trkpt>
      <trkpt lat="22.5376085" lon="113.9355533"><ele>20.3</ele><time>2023-06-10T00:10:33Z</time></trkpt>
      <trkpt lat="22.5376220" lon="113.9355625"><ele>20.3</ele><time>2023-06-10T00:10:34Z</time></trkpt>
      <trkpt lat="22.5376356" lon="113.9355712"><ele>20.2</ele><time>2023-06-10T00:10:35Z</time></trkpt>
      <trkpt lat="22.5376492" lon="113.9355786"><ele>20.2</ele><time>2023-06-10T00:10:36Z</time></trkpt>
      <trkpt lat="22.5376626" lon="113.9355856"><ele>20.1</ele><time>2023-06-10T00:10:37Z</time></trkpt>
      <trkpt lat="22.5376759" lon="113.9355935"><ele>20.1</ele><time>2023-06-10T00:10:38Z</time></trkpt>
      <trkpt lat="22.5376893" lon="113.9356000"><ele>20.0</ele><time>2023-06-10T00:10:39Z</time></trkpt>
      <trkpt lat="22.5377030" lon="113.9356039"><ele>20.0</ele><time>2023-06-10T00:10:40Z</time></trkpt>
      <trkpt lat="22.5377166" lon="113.9356057"><ele>19.9</ele><time>2023-06-10T00:10:41Z</time></trkpt>
      <trkpt lat="22.5377299" lon="113.9356066"><ele>19.8</ele><time>2023-06-10T00:10:42Z</time></trkpt>
      <trkpt lat="22.5377431" lon="113.9356069"><ele>19.8</ele><time>2023-06-10T00:10:43Z</time></trkpt>
      <trkpt lat="22.5377563" lon="113.9356054"><ele>19.7</ele><time>2023-06-10T00:10:44Z</time></trkpt>
      <trkpt lat="22.5377692" lon="113.9356024"><ele>19.6</ele><time>2023-06-10T00:10:45Z</time></trkpt>
      <trkpt lat="22.5377818" lon="113.9355987"><ele>19.6</ele><time>2023-06-10T00:10:46Z</time></trkpt>
      <trkpt lat="22.5377941" lon="113.9355944"><ele>19.5</ele><time>2023-06-10T00:10:47Z</time></trkpt>
      <trkpt lat="22.5378054" lon="113.9355875"><ele>19.4</ele><time>2023-06-10T00:10:48Z</time></trkpt>
      <trkpt lat="22.5378152" lon="113.9355772"><ele>19.4</ele><time>2023-06-10T00:10:49Z</time></trkpt>
      <trkpt lat="22.5378233" lon="113.9355645"><ele>19.3</ele><time>2023-06-10T00:10:50Z</time></trkpt>
      <trkpt lat="22.5378311" lon="113.9355513"><ele>19.2</ele><time>2023-06-10T00:10:51Z</time></trkpt>
      <trkpt lat="22.5378398" lon="113.9355391"><ele>19.2</ele><time>2023-06-10T00:10:52Z</time></trkpt>
      <trkpt lat="22.5378489" lon="113.9355270"><ele>19.1</ele><time>2023-06-10T00:10:53Z</time></trkpt>
      <trkpt lat="22.5378577" lon="113.9355145"><ele>19.0</ele><time>2023-06-10T00:10:54Z</time></trkpt>
      <trkpt lat="22.5378658" lon="113.9355014"><ele>19.0</ele><time>2023-06-10T00:10:55Z</time></trkpt>
      <trkpt lat="22.5378733" lon="113.9354879"><ele>18.9</ele><time>2023-06-10T00:10:56Z</time></trkpt>
      <trkpt lat="22.5378805" lon="113.9354740"><ele>18.8</ele><time>2023-06-10T00:10:57Z</time></trkpt>
      <trkpt lat="22.5378874" lon="113.9354598"><ele>18.8</ele><time>2023-06-10T00:10:58Z</time></trkpt>
      <trkpt lat="22.5378939" lon="113.9354452"><ele>18.7</ele><time>2023-06-10T00:10:59Z</time></trkpt>
      <trkpt lat="22.5379005" lon="113.9354309"><ele>18.6</ele><time>2023-06-10T00:11:00Z</time></trkpt>
      <trkpt lat="22.5379080" lon="113.9354171"><ele>18.5</ele><time>2023-06-10T00:11:01Z</time></trkpt>
      <trkpt lat="22.5379161" lon="113.9354036"><ele>18.5</ele><time>2023-06-10T00:11:02Z</time></trkpt>
      <trkpt lat="22.5379247" lon="113.9353904"><ele>18.4</ele><time>2023-06-10T00:11:03Z</time></trkpt>
      <trkpt lat="22.5379335" lon="113.9353774"><ele>18.3</ele><time>2023-06-10T00:11:04Z</time></trkpt>
      <trkpt lat="22.5379427" lon="113.9353645"><ele>18.3</ele><time>2023-06-10T00:11:05Z</time></trkpt>
      <trkpt lat="22.5379527" lon="113.9353526"><ele>18.2</ele><time>2023-06-10T00:11:06Z</time></trkpt>
      <trkpt lat="22.5379640" lon="113.9353421"><ele>18.1</ele><time>2023-06-10T00:11:07Z</time></trkpt>
      <trkpt lat="22.5379757" lon="113.9353319"><ele>18.1</ele><time>2023-06-10T00:11:08Z</time></trkpt>
      <trkpt lat="22.5379873" lon="113.9353215"><ele>18.0</ele><time>2023-06-10T00:11:09Z</time></trkpt>
      <trkpt lat="22.5379982" lon="113.9353103"><ele>17.9</ele><time>2023-06-10T00:11:10Z</time></trkpt>
      <trkpt lat="22.5380085" lon="113.9352986"><ele>17.9</ele><time>2023-06-10T00:11:11Z</time></trkpt>
      <trkpt lat="22.5380186" lon="113.9352866"><ele>17.8</ele><time>2023-06-10T00:11:12Z</time></trkpt>
      <trkpt lat="22.5380289" lon="113.9352748"><ele>17.7</ele><time>2023-06-10T00:11:13Z</time></trkpt>
      <trkpt lat="22.5380394" lon="113.9352633"><ele>17.6</ele><time>2023-06-10T00:11:14Z</time></trkpt>
      <trkpt lat="22.5380499" lon="113.9352515"><ele>17.5</ele><time>2023-06-10T00:11:15Z</time></trkpt>
      <trkpt lat="22.5380601" lon="113.9352392"><ele>17.4</ele><time>2023-06-10T00:11:16Z</time></trkpt>
      <trkpt lat="22.5380707" lon="113.9352271"><ele>17.3</ele><time>2023-06-10T00:11:17Z</time></trkpt>
      <trkpt lat="22.5380819" lon="113.9352155"><ele>17.2</ele><time>2023-06-10T00:11:18Z</time></trkpt>
      <trkpt lat="22.5380932" lon="113.9352040"><ele>17.1</ele><time>2023-06-10T00:11:19Z</time></trkpt>
      <trkpt lat="22.5381043" lon="113.9351924"><ele>17.0</ele><time>2023-06-10T00:11:20Z</time></trkpt>
      <trkpt lat="22.5381153" lon="113.9351805"><ele>16.9</ele><time>2023-06-10T00:11:21Z</time></trkpt>
      <trkpt lat="22.5381266" lon="113.9351688"><ele>16.8</ele><time>2023-06-10T00:11:22Z</time></trkpt>
      <trkpt lat="22.5381373" lon="113.9351564"><ele>16.7</ele><time>2023-06-10T00:11:23Z</time></trkpt>
      <trkpt lat="22.5381472" lon="113.9351429"><ele>16.6</ele><time>2023-06-10T00:11:24Z</time></trkpt>
      <trkpt lat="22.5381570" lon="113.9351291"><ele>16.5</ele><time>2023-06-10T00:11:25Z</time></trkpt>
      <trkpt lat="22.5381671" lon="113.9351156"><ele>16.4</ele><time>2023-06-10T00:11:26Z</time></trkpt>
      <trkpt lat="22.5381775" lon="113.9351023"><ele>16.2</ele><time>2023-06-10T00:11:27Z</time></trkpt>
      <trkpt lat="22.5381882" lon="113.9350892"><ele>16.1</ele><time>2023-06-10T00:11:28Z</time></trkpt>
      <trkpt lat="22.5381993" lon="113.9350765"><ele>16.0</ele><time>2023-06-10T00:11:29Z</time></trkpt>
      <trkpt lat="22.5382115" lon="113.9350648"><ele>15.9</ele><time>2023-06-10T00:11:30Z</time></trkpt>
      <trkpt lat="22.5382246" lon="113.9350540"><ele>15.8</ele><time>2023-06-10T00:11:31Z</time></trkpt>
      <trkpt lat="22.5382382" lon="113.9350440"><ele>15.7</ele><time>2023-06-10T00:11:32Z</time></trkpt>
      <trkpt lat="22.5382528" lon="113.9350357"><ele>15.6</ele><time>2023-06-10T00:11:33Z</time></trkpt>
      <trkpt lat="22.5382685" lon="113.9350315"><ele>15.5</ele><time>2023-06-10T00:11:34Z</time></trkpt>
      <trkpt lat="22.5382853" lon="113.9350322"><ele>15.4</ele><time>2023-06-10T00:11:35Z</time></trkpt>
      <trkpt lat="22.5383020" lon="113.9350359"><ele>15.3</ele><time>2023-06-10T00:11:36Z</time></trkpt>
      <trkpt lat="22.5383177" lon="113.9350429"><ele>15.2</ele><time>2023-06-10T00:11:37Z</time></trkpt>
      <trkpt lat="22.5383321" lon="113.9350528"><ele>15.1</ele><time>2023-06-10T00:11:38Z</time></trkpt>
      <trkpt lat="22.5383456" lon="113.9350641"><ele>15.1</ele><time>2023-06-10T00:11:39Z</time></trkpt>
      <trkpt lat="22.5383581" lon="113.9350761"><ele>15.0</ele><time>2023-06-10T00:11:40Z</time></trkpt>
      <trkpt lat="22.5383697" lon="113.9350889"><ele>14.9</ele><time>2023-06-10T00:11:41Z</time></trkpt>
      <trkpt lat="22.5383814" lon="113.9351013"><ele>14.8</ele><time>2023-06-10T00:11:42Z</time></trkpt>
      <trkpt lat="22.5383933" lon="113.9351132"><ele>14.8</ele><time>2023-06-10T00:11:43Z</time></trkpt>
      <trkpt lat="22.5384055" lon="113.9351248"><ele>14.7</ele><time>2023-06-10T00:11:44Z</time></trkpt>
      <trkpt lat="22.5384197" lon="113.9351323"><ele>14.6</ele><time>2023-06-10T00:11:45Z</time></trkpt>
      <trkpt lat="22.5384363" lon="113.9351330"><ele>14.6</ele><time>2023-06-10T00:11:46Z</time></trkpt>
      <trkpt lat="22.5384535" lon="113.9351295"><ele>14.5</ele><time>2023-06-10T00:11:47Z</time></trkpt>
      <trkpt lat="22.5384701" lon="113.9351233"><ele>14.5</ele><time>2023-06-10T00:11:48Z</time></trkpt>
      <trkpt lat="22.5384853" lon="113.9351146"><ele>14.4</ele><time>2023-06-10T00:11:49Z</time></trkpt>
      <trkpt lat="22.5385000" lon="113.9351049"><ele>14.4</ele><time>2023-06-10T00:11:50Z</time></trkpt>
      <trkpt lat="22.5385152" lon="113.9350966"><ele>14.3</ele><time>2023-06-10T00:11:51Z</time></trkpt>
      <trkpt lat="22.5385308" lon="113.9350895"><ele>14.3</ele><time>2023-06-10T00:11:52Z</time></trkpt>
      <trkpt lat="22.5385464" lon="113.9350823"><ele>14.3</ele><time>2023-06-10T00:11:53Z</time></trkpt>
      <trkpt lat="22.5385616" lon="113.9350750"><ele>14.2</ele><time>2023-06-10T00:11:54Z</time></trkpt>
      <trkpt lat="22.5385767" lon="113.9350680"><ele>14.2</ele><time>2023-06-10T00:11:55Z</time></trkpt>
      <trkpt lat="22.5385922" lon="113.9350626"><ele>14.1</ele><time>2023-06-10T00:11:56Z</time></trkpt>
      <trkpt lat="22.5386085" lon="113.9350597"><ele>14.1</ele><time>2023-06-10T00:11:57Z</time></trkpt>
      <trkpt lat="22.5386252" lon="113.9350577"><ele>14.0</ele><time>2023-06-10T00:11:58Z</time></trkpt>
      <trkpt lat="22.5386420" lon="113.9350559"><ele>14.0</ele><time>2023-06-10T00:11:59Z</time></trkpt>
      <trkpt lat="22.5386588" lon="113.9350561"><ele>13.9</ele><time>2023-06-10T00:12:00Z</time></trkpt>
      <trkpt lat="22.5386755" lon="113.9350583"><ele>13.9</ele><time>2023-06-10T00:12:01Z</time></trkpt>
      <trkpt lat="22.5386922" lon="113.9350616"><ele>13.8</ele><time>2023-06-10T00:12:02Z</time></trkpt>
      <trkpt lat="22.5387090" lon="113.9350654"><ele>13.8</ele><time>2023-06-10T00:12:03Z</time></trkpt>
      <trkpt lat="22.5387258" lon="113.9350687"><ele>13.7</ele><time>2023-06-10T00:12:04Z</time></trkpt>
      <trkpt lat="22.5387427" lon="113.9350712"><ele>13.7</ele><time>2023-06-10T00:12:05Z</time></trkpt>
      <trkpt lat="22.5387596" lon="113.9350733"><ele>13.6</ele><time>2023-06-10T00:12:06Z</time></trkpt>
      <trkpt lat="22.5387764" lon="113.9350754"><ele>13.5</ele><time>2023-06-10T00:12:07Z</time></trkpt>
      <trkpt lat="22.5387932" lon="113.9350776"><ele>13.5</ele><time>2023-06-10T00:12:08Z</time></trkpt>
      <trkpt lat="22.5388098" lon="113.9350814"><ele>13.4</ele><time>2023-06-10T00:12:09Z</time></trkpt>
      <trkpt lat="22.5388249" lon="113.9350901"><ele>13.3</ele><time>2023-06-10T00:12:10Z</time></trkpt>
      <trkpt lat="22.5388363" lon="113.9351047"><ele>13.3</ele><time>2023-06-10T00:12:11Z</time></trkpt>
      <trkpt lat="22.5388413" lon="113.9351221"><ele>13.2</ele><time>2023-06-10T00:12:12Z</time></trkpt>
      <trkpt lat="22.5388412" lon="113.9351391"><ele>13.1</ele><time>2023-06-10T00:12:13Z</time></trkpt>
      <trkpt lat="22.5388393" lon="113.9351544"><ele>13.0</ele><time>2023-06-10T00:12:14Z</time></trkpt>
      <trkpt lat="22.5388370" lon="113.9351683"><ele>12.9</ele><time>2023-06-10T00:12:15Z</time></trkpt>
      <trkpt lat="22.5388344" lon="113.9351836"><ele>12.9</ele><time>2023-06-10T00:12:16Z</time></trkpt>
      <trkpt lat="22.5388318" lon="113.9352016"><ele>12.8</ele><time>2023-06-10T00:12:17Z</time></trkpt>
      <trkpt lat="22.5388292" lon="113.9352215"><ele>12.7</ele><time>2023-06-10T00:12:18Z</time></trkpt>
      <trkpt lat="22.5388269" lon="113.9352415"><ele>12.6</ele><time>2023-06-10T00:12:19Z</time></trkpt>
      <trkpt lat="22.5388246" lon="113.9352611"><ele>12.5</ele><time>2023-06-10T00:12:20Z</time></trkpt>
      <trkpt lat="22.5388219" lon="113.9352815"><ele>12.4</ele><time>2023-06-10T00:12:21Z</time></trkpt>
      <trkpt lat="22.5388197" lon="113.9353027"><ele>12.3</ele><time>2023-06-10T00:12:22Z</time></trkpt>
      <trkpt lat="22.5388186" lon="113.9353242"><ele>12.3</ele><time>2023-06-10T00:12:23Z</time></trkpt>
      <trkpt lat="22.5388168" lon="113.9353457"><ele>12.2</ele><time>2023-06-10T00:12:24Z</time></trkpt>
      <trkpt lat="22.5388117" lon="113.9353662"><ele>12.1</ele><time>2023-06-10T00:12:25Z</time></trkpt>
      <trkpt lat="22.5388022" lon="113.9353843"><ele>12.0</ele><time>2023-06-10T00:12:26Z</time></trkpt>
      <trkpt lat="22.5387897" lon="113.9353996"><ele>11.9</ele><time>2023-06-10T00:12:27Z</time></trkpt>
      <trkpt lat="22.5387766" lon="113.9354136"><ele>11.9</ele><time>2023-06-10T00:12:28Z</time></trkpt>
      <trkpt lat="22.5387635" lon="113.9354266"><ele>11.8</ele><time>2023-06-10T00:12:29Z</time></trkpt>
      <trkpt lat="22.5387494" lon="113.9354383"><ele>11.7</ele><time>2023-06-10T00:12:30Z</time></trkpt>
      <trkpt lat="22.5387342" lon="113.9354485"><ele>11.7</ele><time>2023-06-10T00:12:31Z</time></trkpt>
      <trkpt lat="22.5387185" lon="113.9354571"><ele>11.6</ele><time>2023-06-10T00:12:32Z</time></trkpt>
      <trkpt lat="22.5387024" lon="113.9354643"><ele>11.6</ele><time>2023-06-10T00:12:33Z</time></trkpt>
      <trkpt lat="22.5386861" lon="113.9354709"><ele>11.5</ele><time>2023-06-10T00:12:34Z</time></trkpt>
      <trkpt lat="22.5386700" lon="113.9354778"><ele>11.5</ele><time>2023-06-10T00:12:35Z</time></trkpt>
      <trkpt lat="22.5386541" lon="113.9354854"><ele>11.4</ele><time>2023-06-10T00:12:36Z</time></trkpt>
      <trkpt lat="22.5386386" lon="113.9354938"><ele>11.4</ele><time>2023-06-10T00:12:37Z</time></trkpt>
      <trkpt lat="22.5386238" lon="113.9355031"><ele>11.4</ele><time>2023-06-10T00:12:38Z</time></trkpt>
      <trkpt lat="22.5386094" lon="113.9355132"><ele>11.3</ele><time>2023-06-10T00:12:39Z</time></trkpt>
      <trkpt lat="22.5385953" lon="113.9355236"><ele>11.3</ele><time>2023-06-10T00:12:40Z</time></trkpt>
      <trkpt lat="22.5385812" lon="113.9355339"><ele>11.3</ele><time>2023-06-10T00:12:41Z</time></trkpt>
      <trkpt lat="22.5385673" lon="113.9355439"><ele>11.2</ele><time>2023-06-10T00:12:42Z</time></trkpt>
      <trkpt lat="22.5385536" lon="113.9355535"><ele>11.2</ele><time>2023-06-10T00:12:43Z</time></trkpt>
      <trkpt lat="22.5385400" lon="113.9355633"><ele>11.2</ele><time>2023-06-10T00:12:44Z</time></trkpt>
      <trkpt lat="22.5385268" lon="113.9355739"><ele>11.2</ele><time>2023-06-10T00:12:45Z</time></trkpt>
      <trkpt lat="22.5385141" lon="113.9355848"><ele>11.1</ele><time>2023-06-10T00:12:46Z</time></trkpt>
      <trkpt lat="22.5385023" lon="113.9355965"><ele>11.1</ele><time>2023-06-10T00:12:47Z</time></trkpt>
      <trkpt lat="22.5384913" lon="113.9356092"><ele>11.1</ele><time>2023-06-10T00:12:48Z</time></trkpt>
      <trkpt lat="22.5384804" lon="113.9356218"><ele>11.1</ele><time>2023-06-10T00:12:49Z</time></trkpt>
      <trkpt lat="22.5384688" lon="113.9356335"><ele>11.1</ele><time>2023-06-10T00:12:50Z</time></trkpt>
      <trkpt lat="22.5384575" lon="113.9356451"><ele>11.1</ele><time>2023-06-10T00:12:51Z</time></trkpt>
      <trkpt lat="22.5384470" lon="113.9356577"><ele>11.1</ele><time>2023-06-10T00:12:52Z</time></trkpt>
      <trkpt lat="22.5384373" lon="113.9356711"><ele>11.0</ele><time>2023-06-10T00:12:53Z</time></trkpt>
      <trkpt lat="22.5384277" lon="113.9356846"><ele>11.0</ele><time>2023-06-10T00:12:54Z</time></trkpt>
      <trkpt lat="22.5384182" lon="113.9356979"><ele>11.0</ele><time>2023-06-10T00:12:55Z</time></trkpt>
      <trkpt lat="22.5384094" lon="113.9357118"><ele>11.0</ele><time>2023-06-10T00:12:56Z</time></trkpt>
      <trkpt lat="22.5384019" lon="113.9357253"><ele>11.0</ele><time>2023-06-10T00:12:57Z</time></trkpt>
      <trkpt lat="22.5383955" lon="113.9357377"><ele>11.0</ele><time>2023-06-10T00:12:58Z</time></trkpt>
      <trkpt lat="22.5383901" lon="113.9357502"><ele>10.9</ele><time>2023-06-10T00:12:59Z</time></trkpt>
      <trkpt lat="22.5383841" lon="113.9357637"><ele>10.9</ele><time>2023-06-10T00:13:00Z</time></trkpt>
      <trkpt lat="22.5383769" lon="113.9357782"><ele>10.9</ele><time>2023-06-10T00:13:01Z</time></trkpt>
      <trkpt lat="22.5383700" lon="113.9357931"><ele>10.9</ele><time>2023-06-10T00:13:02Z</time></trkpt>
      <trkpt lat="22.5383638" lon="113.9358081"><ele>10.8</ele><time>2023-06-10T00:13:03Z</time></trkpt>
      <trkpt lat="22.5383591" lon="113.9358238"><ele>10.8</ele><time>2023-06-10T00:13:04Z</time></trkpt>
      <trkpt lat="22.5383559" lon="113.9358401"><ele>10.8</ele><time>2023-06-10T00:13:05Z</time></trkpt>
      <trkpt lat="22.5383533" lon="113.9358563"><ele>10.8</ele><time>2023-06-10T00:13:06Z</time></trkpt>
      <trkpt lat="22.5383500" lon="113.9358722"><ele>10.7</ele><time>2023-06-10T00:13:07Z</time></trkpt>
      <trkpt lat="22.5383468" lon="113.9358880"><ele>10.7</ele><time>2023-06-10T00:13:08Z</time></trkpt>
      <trkpt lat="22.5383453" lon="113.9359041"><ele>10.7</ele><time>2023-06-10T00:13:09Z</time></trkpt>
      <trkpt lat="22.5383447" lon="113.9359204"><ele>10.6</ele><time>2023-06-10T00:13:10Z</time></trkpt>
      <trkpt lat="22.5383441" lon="113.9359365"><ele>10.6</ele><time>2023-06-10T00:13:11Z</time></trkpt>
      <trkpt lat="22.5383446" lon="113.9359526"><ele>10.6</ele><time>2023-06-10T00:13:12Z</time></trkpt>
      <trkpt lat="22.5383463" lon="113.9359687"><ele>10.6</ele><time>2023-06-10T00:13:13Z</time></trkpt>
      <trkpt lat="22.5383486" lon="113.9359847"><ele>10.5</ele><time>2023-06-10T00:13:14Z</time></trkpt>
      <trkpt lat="22.5383514" lon="113.9360006"><ele>10.5</ele><time>2023-06-10T00:13:15Z</time></trkpt>
      <trkpt lat="22.5383544" lon="113.9360162"><ele>10.5</ele><time>2023-06-10T00:13:16Z</time></trkpt>
      <trkpt lat="22.5383577" lon="113.9360318"><ele>10.5</ele><time>2023-06-10T00:13:17Z</time></trkpt>
      <trkpt lat="22.5383606" lon="113.9360480"><ele>10.5</ele><time>2023-06-10T00:13:18Z</time></trkpt>
      <trkpt lat="22.5383635" lon="113.9360645"><ele>10.4</ele><time>2023-06-10T00:13:19Z</time></trkpt>
      <trkpt lat="22.5383671" lon="113.9360808"><ele>10.4</ele><time>2023-06-10T00:13:20Z</time></trkpt>
      <trkpt lat="22.5383719" lon="113.9360968"><ele>10.4</ele><time>2023-06-10T00:13:21Z</time></trkpt>
      <trkpt lat="22.5383779" lon="113.9361124"><ele>10.4</ele><time>2023-06-10T00:13:22Z</time></trkpt>
      <trkpt lat="22.5383849" lon="113.9361269"><ele>10.4</ele><time>2023-06-10T00:13:23Z</time></trkpt>
      <trkpt lat="22.5383919" lon="113.9361411"><ele>10.4</ele><time>2023-06-10T00:13:24Z</time></trkpt>
      <trkpt lat="22.5383982" lon="113.9361555"><ele>10.5</ele><time>2023-06-10T00:13:25Z</time></trkpt>
      <trkpt lat="22.5384049" lon="113.9361696"><ele>10.5</ele><time>2023-06-10T00:13:26Z</time></trkpt>
      <trkpt lat="22.5384126" lon="113.9361835"><ele>10.5</ele><time>2023-06-10T00:13:27Z</time></trkpt>
      <trkpt lat="22.5384201" lon="113.9361974"><ele>10.5</ele><time>2023-06-10T00:13:28Z</time></trkpt>
      <trkpt lat="22.5384265" lon="113.9362117"><ele>10.5</ele><time>2023-06-10T00:13:29Z</time></trkpt>
      <trkpt lat="22.5384334" lon="113.9362258"><ele>10.5</ele><time>2023-06-10T00:13:30Z</time></trkpt>
      <trkpt lat="22.5384420" lon="113.9362389"><ele>10.6</ele><time>2023-06-10T00:13:31Z</time></trkpt>
      <trkpt lat="22.5384520" lon="113.9362510"><ele>10.6</ele><time>2023-06-10T00:13:32Z</time></trkpt>
      <trkpt lat="22.5384629" lon="113.9362625"><ele>10.6</ele><time>2023-06-10T00:13:33Z</time></trkpt>
      <trkpt lat="22.5384742" lon="113.9362737"><ele>10.7</ele><time>2023-06-10T00:13:34Z</time></trkpt>
      <trkpt lat="22.5384862" lon="113.9362842"><ele>10.7</ele><time>2023-06-10T00:13:35Z</time></trkpt>
      <trkpt lat="22.5384990" lon="113.9362937"><ele>10.7</ele><time>2023-06-10T00:13:36Z</time></trkpt>
      <trkpt lat="22.5385123" lon="113.9363023"><ele>10.8</ele><time>2023-06-10T00:13:37Z</time></trkpt>
      <trkpt lat="22.5385264" lon="113.9363096"><ele>10.8</ele><time>2023-06-10T00:13:38Z</time></trkpt>
      <trkpt lat="22.5385408" lon="113.9363167"><ele>10.9</ele><time>2023-06-10T00:13:39Z</time></trkpt>
      <trkpt lat="22.5385543" lon="113.9363249"><ele>11.0</ele><time>2023-06-10T00:13:40Z</time></trkpt>
      <trkpt lat="22.5385675" lon="113.9363338"><ele>11.0</ele><time>2023-06-10T00:13:41Z</time></trkpt>
      <trkpt lat="22.5385811" lon="113.9363423"><ele>11.1</ele><time>2023-06-10T00:13:42Z</time></trkpt>
      <trkpt lat="22.5385955" lon="113.9363495"><ele>11.2</ele><time>2023-06-10T00:13:43Z</time></trkpt>
      <trkpt lat="22.5386107" lon="113.9363550"><ele>11.3</ele><time>2023-06-10T00:13:44Z</time></trkpt>
      <trkpt lat="22.5386257" lon="113.9363602"><ele>11.4</ele><time>2023-06-10T00:13:45Z</time></trkpt>
      <trkpt lat="22.5386408" lon="113.9363651"><ele>11.5</ele><time>2023-06-10T00:13:46Z</time></trkpt>
      <trkpt lat="22.5386558" lon="113.9363703"><ele>11.6</ele><time>2023-06-10T00:13:47Z</time></trkpt>
      <trkpt lat="22.5386709" lon="113.9363753"><ele>11.7</ele><time>2023-06-10T00:13:48Z</time></trkpt>
      <trkpt lat="22.5386866" lon="113.9363788"><ele>11.8</ele><time>2023-06-10T00:13:49Z</time></trkpt>
      <trkpt lat="22.5387025" lon="113.9363818"><ele>11.9</ele><time>2023-06-10T00:13:50Z</time></trkpt>
      <trkpt lat="22.5387185" lon="113.9363837"><ele>12.0</ele><time>2023-06-10T00:13:51Z</time></trkpt>
      <trkpt lat="22.5387346" lon="113.9363848"><ele>12.2</ele><time>2023-06-10T00:13:52Z</time></trkpt>
      <trkpt lat="22.5387506" lon="113.9363858"><ele>12.3</ele><time>2023-06-10T00:13:53Z</time></trkpt>
      <trkpt lat="22.5387668" lon="113.9363863"><ele>12.4</ele><time>2023-06-10T00:13:54Z</time></trkpt>
      <trkpt lat="22.5387831" lon="113.9363852"><ele>12.6</ele><time>2023-06-10T00:13:55Z</time></trkpt>
      <trkpt lat="22.5387995" lon="113.9363837"><ele>12.7</ele><time>2023-06-10T00:13:56Z</time></trkpt>
      <trkpt lat="22.5388159" lon="113.9363828"><ele>12.8</ele><time>2023-06-10T00:13:57Z</time></trkpt>
      <trkpt lat="22.5388322" lon="113.9363818"><ele>13.0</ele><time>2023-06-10T00:13:58Z</time></trkpt>
      <trkpt lat="22.5388487" lon="113.9363803"><ele>13.1</ele><time>2023-06-10T00:13:59Z</time></trkpt>
      <trkpt lat="22.5388656" lon="113.9363790"><ele>13.2</ele><time>2023-06-10T00:14:00Z</time></trkpt>
      <trkpt lat="22.5388825" lon="113.9363788"><ele>13.4</ele><time>2023-06-10T00:14:01Z</time></trkpt>
      <trkpt lat="22.5388993" lon="113.9363798"><ele>13.5</ele><time>2023-06-10T00:14:02Z</time></trkpt>
      <trkpt lat="22.5389161" lon="113.9363797"><ele>13.6</ele><time>2023-06-10T00:14:03Z</time></trkpt>
      <trkpt lat="22.5389329" lon="113.9363781"><ele>13.8</ele><time>2023-06-10T00:14:04Z</time></trkpt>
      <trkpt lat="22.5389497" lon="113.9363774"><ele>13.9</ele><time>2023-06-10T00:14:05Z</time></trkpt>
      <trkpt lat="22.5389664" lon="113.9363775"><ele>14.0</ele><time>2023-06-10T00:14:06Z</time></trkpt>
      <trkpt lat="22.5389833" lon="113.9363765"><ele>14.1</ele><time>2023-06-10T00:14:07Z</time></trkpt>
      <trkpt lat="22.5390001" lon="113.9363750"><ele>14.3</ele><time>2023-06-10T00:14:08Z</time></trkpt>
      <trkpt lat="22.5390165" lon="113.9363753"><ele>14.4</ele><time>2023-06-10T00:14:09Z</time></trkpt>
      <trkpt lat="22.5390324" lon="113.9363766"><ele>14.5</ele><time>2023-06-10T00:14:10Z</time></trkpt>
      <trkpt lat="22.5390480" lon="113.9363780"><ele>14.6</ele><time>2023-06-10T00:14:11Z</time></trkpt>
      <trkpt lat="22.5390631" lon="113.9363790"><ele>14.7</ele><time>2023-06-10T00:14:12Z</time></trkpt>
      <trkpt lat="22.5390785" lon="113.9363789"><ele>14.8</ele><time>2023-06-10T00:14:13Z</time></trkpt>
      <trkpt lat="22.5390946" lon="113.9363782"><ele>14.9</ele><time>2023-06-10T00:14:14Z</time></trkpt>
      <trkpt lat="22.5391110" lon="113.9363775"><ele>15.0</ele><time>2023-06-10T00:14:15Z</time></trkpt>
      <trkpt lat="22.5391272" lon="113.9363748"><ele>15.1</ele><time>2023-06-10T00:14:16Z</time></trkpt>
      <trkpt lat="22.5391432" lon="113.9363707"><ele>15.2</ele><time>2023-06-10T00:14:17Z</time></trkpt>
      <trkpt lat="22.5391594" lon="113.9363681"><ele>15.3</ele><time>2023-06-10T00:14:18Z</time></trkpt>
      <trkpt lat="22.5391757" lon="113.9363667"><ele>15.4</ele><time>2023-06-10T00:14:19Z</time></trkpt>
      <trkpt lat="22.5391919" lon="113.9363665"><ele>15.5</ele><time>2023-06-10T00:14:20Z</time></trkpt>
      <trkpt lat="22.5392080" lon="113.9363677"><ele>15.6</ele><time>2023-06-10T00:14:21Z</time></trkpt>
      <trkpt lat="22.5392241" lon="113.9363690"><ele>15.7</ele><time>2023-06-10T00:14:22Z</time></trkpt>
      <trkpt lat="22.5392402" lon="113.9363685"><ele>15.8</ele><time>2023-06-10T00:14:23Z</time></trkpt>
      <trkpt lat="22.5392562" lon="113.9363663"><ele>15.9</ele><time>2023-06-10T00:14:24Z</time></trkpt>
      <trkpt lat="22.5392723" lon="113.9363644"><ele>16.0</ele><time>2023-06-10T00:14:25Z</time></trkpt>
      <trkpt lat="22.5392886" lon="113.9363632"><ele>16.1</ele><time>2023-06-10T00:14:26Z</time></trkpt>
      <trkpt lat="22.5393048" lon="113.9363623"><ele>16.2</ele><time>2023-06-10T00:14:27Z</time></trkpt>
      <trkpt lat="22.5393210" lon="113.9363613"><ele>16.3</ele><time>2023-06-10T00:14:28Z</time></trkpt>
      <trkpt lat="22.5393373" lon="113.9363604"><ele>16.4</ele><time>2023-06-10T00:14:29Z</time></trkpt>
      <trkpt lat="22.5393534" lon="113.9363600"><ele>16.4</ele><time>2023-06-10T00:14:30Z</time></trkpt>
      <trkpt lat="22.5393695" lon="113.9363601"><ele>16.5</ele><time>2023-06-10T00:14:31Z</time></trkpt>
      <trkpt lat="22.5393857" lon="113.9363604"><ele>16.6</ele><time>2023-06-10T00:14:32Z</time></trkpt>
      <trkpt lat="22.5394019" lon="113.9363606"><ele>16.6</ele><time>2023-06-10T00:14:33Z</time></trkpt>
      <trkpt lat="22.5394181" lon="113.9363605"><ele>16.7</ele><time>2023-06-10T00:14:34Z</time></trkpt>
      <trkpt lat="22.5394347" lon="113.9363602"><ele>16.8</ele><time>2023-06-10T00:14:35Z</time></trkpt>
      <trkpt lat="22.5394512" lon="113.9363597"><ele>16.8</ele><time>2023-06-10T00:14:36Z</time></trkpt>
      <trkpt lat="22.5394675" lon="113.9363588"><ele>16.8</ele><time>2023-06-10T00:14:37Z</time></trkpt>
      <trkpt lat="22.5394840" lon="113.9363578"><ele>16.9</ele><time>2023-06-10T00:14:38Z</time></trkpt>
      <trkpt lat="22.5395003" lon="113.9363570"><ele>16.9</ele><time>2023-06-10T00:14:39Z</time></trkpt>
      <trkpt lat="22.5395164" lon="113.9363563"><ele>16.9</ele><time>2023-06-10T00:14:40Z</time></trkpt>
      <trkpt lat="22.5395325" lon="113.9363559"><ele>16.9</ele><time>2023-06-10T00:14:41Z</time></trkpt>
      <trkpt lat="22.5395486" lon="113.9363572"><ele>16.9</ele><time>2023-06-10T00:14:42Z</time></trkpt>
      <trkpt lat="22.5395649" lon="113.9363579"><ele>16.9</ele><time>2023-06-10T00:14:43Z</time></trkpt>
      <trkpt lat="22.5395812" lon="113.9363561"><ele>16.9</ele><time>2023-06-10T00:14:44Z</time></trkpt>
      <trkpt lat="22.5395972" lon="113.9363534"><ele>16.9</ele><time>2023-06-10T00:14:45Z</time></trkpt>
      <trkpt lat="22.5396132" lon="113.9363504"><ele>16.9</ele><time>2023-06-10T00:14:46Z</time></trkpt>
      <trkpt lat="22.5396292" lon="113.9363468"><ele>16.8</ele><time>2023-06-10T00:14:47Z</time></trkpt>
      <trkpt lat="22.5396447" lon="113.9363416"><ele>16.8</ele><time>2023-06-10T00:14:48Z</time></trkpt>
      <trkpt lat="22.5396598" lon="113.9363353"><ele>16.8</ele><time>2023-06-10T00:14:49Z</time></trkpt>
      <trkpt lat="22.5396747" lon="113.9363281"><ele>16.7</ele><time>2023-06-10T00:14:50Z</time></trkpt>
      <trkpt lat="22.5396891" lon="113.9363201"><ele>16.7</ele><time>2023-06-10T00:14:51Z</time></trkpt>
      <trkpt lat="22.5397033" lon="113.9363117"><ele>16.6</ele><time>2023-06-10T00:14:52Z</time></trkpt>
      <trkpt lat="22.5397174" lon="113.9363025"><ele>16.5</ele><time>2023-06-10T00:14:53Z</time></trkpt>
      <trkpt lat="22.5397314" lon="113.9362929"><ele>16.5</ele><time>2023-06-10T00:14:54Z</time></trkpt>
      <trkpt lat="22.5397450" lon="113.9362832"><ele>16.4</ele><time>2023-06-10T00:14:55Z</time></trkpt>
      <trkpt lat="22.5397582" lon="113.9362729"><ele>16.3</ele><time>2023-06-10T00:14:56Z</time></trkpt>
      <trkpt lat="22.5397713" lon="113.9362632"><ele>16.3</ele><time>2023-06-10T00:14:57Z</time></trkpt>
      <trkpt lat="22.5397845" lon="113.9362537"><ele>16.2</ele><time>2023-06-10T00:14:58Z</time></trkpt>
      <trkpt lat="22.5397972" lon="113.9362430"><ele>16.1</ele><time>2023-06-10T00:14:59Z</time></trkpt>
      <trkpt lat="22.5398095" lon="113.9362314"><ele>16.0</ele><time>2023-06-10T00:15:00Z</time></trkpt>
      <trkpt lat="22.5398214" lon="113.9362195"><ele>15.9</ele><time>2023-06-10T00:15:01Z</time></trkpt>
      <trkpt lat="22.5398334" lon="113.9362078"><ele>15.9</ele><time>2023-06-10T00:15:02Z</time></trkpt>
      <trkpt lat="22.5398452" lon="113.9361958"><ele>15.8</ele><time>2023-06-10T00:15:03Z</time></trkpt>
      <trkpt lat="22.5398566" lon="113.9361838"><ele>15.7</ele><time>2023-06-10T00:15:04Z</time></trkpt>
      <trkpt lat="22.5398677" lon="113.9361719"><ele>15.6</ele><time>2023-06-10T00:15:05Z</time></trkpt>
      <trkpt lat="22.5398778" lon="113.9361589"><ele>15.5</ele><time>2023-06-10T00:15:06Z</time></trkpt>
      <trkpt lat="22.5398868" lon="113.9361447"><ele>15.4</ele><time>2023-06-10T00:15:07Z</time></trkpt>
      <trkpt lat="22.5398942" lon="113.9361292"><ele>15.2</ele><time>2023-06-10T00:15:08Z</time></trkpt>
      <trkpt lat="22.5398998" lon="113.9361126"><ele>15.1</ele><time>2023-06-10T00:15:09Z</time></trkpt>
      <trkpt lat="22.5399059" lon="113.9360963"><ele>15.0</ele><time>2023-06-10T00:15:10Z</time></trkpt>
      <trkpt lat="22.5399120" lon="113.9360806"><ele>14.9</ele><time>2023-06-10T00:15:11Z</time></trkpt>
      <trkpt lat="22.5399170" lon="113.9360644"><ele>14.8</ele><time>2023-06-10T00:15:12Z</time></trkpt>
      <trkpt lat="22.5399217" lon="113.9360479"><ele>14.7</ele><time>2023-06-10T00:15:13Z</time></trkpt>
      <trkpt lat="22.5399255" lon="113.9360311"><ele>14.6</ele><time>2023-06-10T00:15:14Z</time></trkpt>
      <trkpt lat="22.5399279" lon="113.9360137"><ele>14.5</ele><time>2023-06-10T00:15:15Z</time></trkpt>
      <trkpt lat="22.5399296" lon="113.9359962"><ele>14.3</ele><time>2023-06-10T00:15:16Z</time></trkpt>
      <trkpt lat="22.5399312" lon="113.9359785"><ele>14.2</ele><time>2023-06-10T00:15:17Z</time></trkpt>
      <trkpt lat="22.5399327" lon="113.9359607"><ele>14.1</ele><time>2023-06-10T00:15:18Z</time></trkpt>
      <trkpt lat="22.5399336" lon="113.9359429"><ele>14.0</ele><time>2023-06-10T00:15:19Z</time></trkpt>
      <trkpt lat="22.5399331" lon="113.9359250"><ele>13.9</ele><time>2023-06-10T00:15:20Z</time></trkpt>
      <trkpt lat="22.5399315" lon="113.9359071"><ele>13.8</ele><time>2023-06-10T00:15:21Z</time></trkpt>
      <trkpt lat="22.5399295" lon="113.9358893"><ele>13.7</ele><time>2023-06-10T00:15:22Z</time></trkpt>
      <trkpt lat="22.5399276" lon="113.9358716"><ele>13.6</ele><time>2023-06-10T00:15:23Z</time></trkpt>
      <trkpt lat="22.5399259" lon="113.9358538"><ele>13.6</ele><time>2023-06-10T00:15:24Z</time></trkpt>
      <trkpt lat="22.5399242" lon="113.9358359"><ele>13.5</ele><time>2023-06-10T00:15:25Z</time></trkpt>
      <trkpt lat="22.5399220" lon="113.9358182"><ele>13.4</ele><time>2023-06-10T00:15:26Z</time></trkpt>
      <trkpt lat="22.5399186" lon="113.9358005"><ele>13.3</ele><time>2023-06-10T00:15:27Z</time></trkpt>
      <trkpt lat="22.5399152" lon="113.9357827"><ele>13.3</ele><time>2023-06-10T00:15:28Z</time></trkpt>
      <trkpt lat="22.5399112" lon="113.9357653"><ele>13.2</ele><time>2023-06-10T00:15:29Z</time></trkpt>
      <trkpt lat="22.5399066" lon="113.9357481"><ele>13.2</ele><time>2023-06-10T00:15:30Z</time></trkpt>
      <trkpt lat="22.5399023" lon="113.9357307"><ele>13.1</ele><time>2023-06-10T00:15:31Z</time></trkpt>
      <trkpt lat="22.5398979" lon="113.9357133"><ele>13.1</ele><time>2023-06-10T00:15:32Z</time></trkpt>
      <trkpt lat="22.5398926" lon="113.9356963"><ele>13.0</ele><time>2023-06-10T00:15:33Z</time></trkpt>
      <trkpt lat="22.5398875" lon="113.9356797"><ele>13.0</ele><time>2023-06-10T00:15:34Z</time></trkpt>
      <trkpt lat="22.5398818" lon="113.9356631"><ele>13.0</ele><time>2023-06-10T00:15:35Z</time></trkpt>
      <trkpt lat="22.5398731" lon="113.9356472"><ele>12.9</ele><time>2023-06-10T00:15:36Z</time></trkpt>
      <trkpt lat="22.5398628" lon="113.9356322"><ele>12.9</ele><time>2023-06-10T00:15:37Z</time></trkpt>
      <trkpt lat="22.5398527" lon="113.9356172"><ele>12.9</ele><time>2023-06-10T00:15:38Z</time></trkpt>
      <trkpt lat="22.5398423" lon="113.9356024"><ele>12.9</ele><time>2023-06-10T00:15:39Z</time></trkpt>
      <trkpt lat="22.5398315" lon="113.9355880"><ele>12.9</ele><time>2023-06-10T00:15:40Z</time></trkpt>
      <trkpt lat="22.5398200" lon="113.9355743"><ele>12.9</ele><time>2023-06-10T00:15:41Z</time></trkpt>
      <trkpt lat="22.5398073" lon="113.9355620"><ele>12.8</ele><time>2023-06-10T00:15:42Z</time></trkpt>
      <trkpt lat="22.5397943" lon="113.9355503"><ele>12.8</ele><time>2023-06-10T00:15:43Z</time></trkpt>
      <trkpt lat="22.5397805" lon="113.9355394"><ele>12.8</ele><time>2023-06-10T00:15:44Z</time></trkpt>
      <trkpt lat="22.5397659" lon="113.9355293"><ele>12.8</ele><time>2023-06-10T00:15:45Z</time></trkpt>
      <trkpt lat="22.5397512" lon="113.9355196"><ele>12.9</ele><time>2023-06-10T00:15:46Z</time></trkpt>
      <trkpt lat="22.5397363" lon="113.9355105"><ele>12.9</ele><time>2023-06-10T00:15:47Z</time></trkpt>
      <trkpt lat="22.5397208" lon="113.9355024"><ele>12.9</ele><time>2023-06-10T00:15:48Z</time></trkpt>
      <trkpt lat="22.5397048" lon="113.9354957"><ele>12.9</ele><time>2023-06-10T00:15:49Z</time></trkpt>
      <trkpt lat="22.5396886" lon="113.9354897"><ele>12.9</ele><time>2023-06-10T00:15:50Z</time></trkpt>
      <trkpt lat="22.5396721" lon="113.9354837"><ele>12.9</ele><time>2023-06-10T00:15:51Z</time></trkpt>
      <trkpt lat="22.5396555" lon="113.9354792"><ele>12.9</ele><time>2023-06-10T00:15:52Z</time></trkpt>
      <trkpt lat="22.5396389" lon="113.9354750"><ele>12.9</ele><time>2023-06-10T00:15:53Z</time></trkpt>
      <trkpt lat="22.5396224" lon="113.9354704"><ele>13.0</ele><time>2023-06-10T00:15:54Z</time></trkpt>
      <trkpt lat="22.5396059" lon="113.9354663"><ele>13.0</ele><time>2023-06-10T00:15:55Z</time></trkpt>
      <trkpt lat="22.5395894" lon="113.9354628"><ele>13.0</ele><time>2023-06-10T00:15:56Z</time></trkpt>
      <trkpt lat="22.5395730" lon="113.9354599"><ele>13.0</ele><time>2023-06-10T00:15:57Z</time></trkpt>
      <trkpt lat="22.5395565" lon="113.9354584"><ele>13.0</ele><time>2023-06-10T00:15:58Z</time></trkpt>
      <trkpt lat="22.5395398" lon="113.9354575"><ele>13.1</ele><time>2023-06-10T00:15:59Z</time></trkpt>
      <trkpt lat="22.5395230" lon="113.9354573"><ele>13.1</ele><time>2023-06-10T00:16:00Z</time></trkpt>
      <trkpt lat="22.5395062" lon="113.9354574"><ele>13.1</ele><time>2023-06-10T00:16:01Z</time></trkpt>
      <trkpt lat="22.5394893" lon="113.9354577"><ele>13.1</ele><time>2023-06-10T00:16:02Z</time></trkpt>
      <trkpt lat="22.5394725" lon="113.9354579"><ele>13.1</ele><time>2023-06-10T00:16:03Z</time></trkpt>
      <trkpt lat="22.5394555" lon="113.9354571"><ele>13.2</ele><time>2023-06-10T00:16:04Z</time></trkpt>
      <trkpt lat="22.5394385" lon="113.9354568"><ele>13.2</ele><time>2023-06-10T00:16:05Z</time></trkpt>
      <trkpt lat="22.5394216" lon="113.9354564"><ele>13.2</ele><time>2023-06-10T00:16:06Z</time></trkpt>
      <trkpt lat="22.5394048" lon="113.9354552"><ele>13.2</ele><time>2023-06-10T00:16:07Z</time></trkpt>
      <trkpt lat="22.5393880" lon="113.9354544"><ele>13.2</ele><time>2023-06-10T00:16:08Z</time></trkpt>
      <trkpt lat="22.5393713" lon="113.9354548"><ele>13.2</ele><time>2023-06-10T00:16:09Z</time></trkpt>
      <trkpt lat="22.5393546" lon="113.9354553"><ele>13.2</ele><time>2023-06-10T00:16:10Z</time></trkpt>
      <trkpt lat="22.5393379" lon="113.9354559"><ele>13.2</ele><time>2023-06-10T00:16:11Z</time></trkpt>
      <trkpt lat="22.5393211" lon="113.9354566"><ele>13.2</ele><time>2023-06-10T00:16:12Z</time></trkpt>
      <trkpt lat="22.5393043" lon="113.9354570"><ele>13.2</ele><time>2023-06-10T00:16:13Z</time></trkpt>
      <trkpt lat="22.5392877" lon="113.9354570"><ele>13.2</ele><time>2023-06-10T00:16:14Z</time></trkpt>
      <trkpt lat="22.5392711" lon="113.9354555"><ele>13.2</ele><time>2023-06-10T00:16:15Z</time></trkpt>
      <trkpt lat="22.5392547" lon="113.9354527"><ele>13.2</ele><time>2023-06-10T00:16:16Z</time></trkpt>
      <trkpt lat="22.5392383" lon="113.9354510"><ele>13.2</ele><time>2023-06-10T00:16:17Z</time></trkpt>
      <trkpt lat="22.5392220" lon="113.9354507"><ele>13.1</ele><time>2023-06-10T00:16:18Z</time></trkpt>
      <trkpt lat="22.5392056" lon="113.9354514"><ele>13.1</ele><time>2023-06-10T00:16:19Z</time></trkpt>
      <trkpt lat="22.5391893" lon="113.9354529"><ele>13.1</ele><time>2023-06-10T00:16:20Z</time></trkpt>
      <trkpt lat="22.5391730" lon="113.9354547"><ele>13.1</ele><time>2023-06-10T00:16:21Z</time></trkpt>
      <trkpt lat="22.5391567" lon="113.9354564"><ele>13.0</ele><time>2023-06-10T00:16:22Z</time></trkpt>
      <trkpt lat="22.5391406" lon="113.9354580"><ele>13.0</ele><time>2023-06-10T00:16:23Z</time></trkpt>
      <trkpt lat="22.5391244" lon="113.9354595"><ele>13.0</ele><time>2023-06-10T00:16:24Z</time></trkpt>
      <trkpt lat="22.5391081" lon="113.9354609"><ele>12.9</ele><time>2023-06-10T00:16:25Z</time></trkpt>
      <trkpt lat="22.5390920" lon="113.9354620"><ele>12.9</ele><time>2023-06-10T00:16:26Z</time></trkpt>
      <trkpt lat="22.5390760" lon="113.9354630"><ele>12.9</ele><time>2023-06-10T00:16:27Z</time></trkpt>
      <trkpt lat="22.5390600" lon="113.9354639"><ele>12.8</ele><time>2023-06-10T00:16:28Z</time></trkpt>
      <trkpt lat="22.5390440" lon="113.9354642"><ele>12.8</ele><time>2023-06-10T00:16:29Z</time></trkpt>
      <trkpt lat="22.5390282" lon="113.9354646"><ele>12.8</ele><time>2023-06-10T00:16:30Z</time></trkpt>
      <trkpt lat="22.5390122" lon="113.9354655"><ele>12.7</ele><time>2023-06-10T00:16:31Z</time></trkpt>
      <trkpt lat="22.5389962" lon="113.9354667"><ele>12.7</ele><time>2023-06-10T00:16:32Z</time></trkpt>
      <trkpt lat="22.5389802" lon="113.9354671"><ele>12.7</ele><time>2023-06-10T00:16:33Z</time></trkpt>
      <trkpt lat="22.5389642" lon="113.9354662"><ele>12.6</ele><time>2023-06-10T00:16:34Z</time></trkpt>
      <trkpt lat="22.5389489" lon="113.9354648"><ele>12.6</ele><time>2023-06-10T00:16:35Z</time></trkpt>
      <trkpt lat="22.5389348" lon="113.9354636"><ele>12.6</ele><time>2023-06-10T00:16:36Z</time></trkpt>
      <trkpt lat="22.5389203" lon="113.9354627"><ele>12.6</ele><time>2023-06-10T00:16:37Z</time></trkpt>
      <trkpt lat="22.5389047" lon="113.9354624"><ele>12.5</ele><time>2023-06-10T00:16:38Z</time></trkpt>
      <trkpt lat="22.5388889" lon="113.9354628"><ele>12.5</ele><time>2023-06-10T00:16:39Z</time></trkpt>
      <trkpt lat="22.5388733" lon="113.9354643"><ele>12.5</ele><time>2023-06-10T00:16:40Z</time></trkpt>
      <trkpt lat="22.5388578" lon="113.9354667"><ele>12.5</ele><time>2023-06-10T00:16:41Z</time></trkpt>
      <trkpt lat="22.5388424" lon="113.9354681"><ele>12.5</ele><time>2023-06-10T00:16:42Z</time></trkpt>
      <trkpt lat="22.5388270" lon="113.9354673"><ele>12.5</ele><time>2023-06-10T00:16:43Z</time></trkpt>
      <trkpt lat="22.5388116" lon="113.9354656"><ele>12.5</ele><time>2023-06-10T00:16:44Z</time></trkpt>
      <trkpt lat="22.5387961" lon="113.9354644"><ele>12.5</ele><time>2023-06-10T00:16:45Z</time></trkpt>
      <trkpt lat="22.5387807" lon="113.9354644"><ele>12.5</ele><time>2023-06-10T00:16:46Z</time></trkpt>
      <trkpt lat="22.5387653" lon="113.9354650"><ele>12.5</ele><time>2023-06-10T00:16:47Z</time></trkpt>
      <trkpt lat="22.5387499" lon="113.9354661"><ele>12.6</ele><time>2023-06-10T00:16:48Z</time></trkpt>
      <trkpt lat="22.5387346" lon="113.9354675"><ele>12.6</ele><time>2023-06-10T00:16:49Z</time></trkpt>
      <trkpt lat="22.5387193" lon="113.9354685"><ele>12.6</ele><time>2023-06-10T00:16:50Z</time></trkpt>
      <trkpt lat="22.5387041" lon="113.9354708"><ele>12.6</ele><time>2023-06-10T00:16:51Z</time></trkpt>
      <trkpt lat="22.5386899" lon="113.9354767"><ele>12.7</ele><time>2023-06-10T00:16:52Z</time></trkpt>
      <trkpt lat="22.5386767" lon="113.9354861"><ele>12.7</ele><time>2023-06-10T00:16:53Z</time></trkpt>
      <trkpt lat="22.5386637" lon="113.9354960"><ele>12.7</ele><time>2023-06-10T00:16:54Z</time></trkpt>
      <trkpt lat="22.5386511" lon="113.9355063"><ele>12.8</ele><time>2023-06-10T00:16:55Z</time></trkpt>
      <trkpt lat="22.5386395" lon="113.9355176"><ele>12.8</ele><time>2023-06-10T00:16:56Z</time></trkpt>
      <trkpt lat="22.5386279" lon="113.9355284"><ele>12.9</ele><time>2023-06-10T00:16:57Z</time></trkpt>
      <trkpt lat="22.5386164" lon="113.9355378"><ele>12.9</ele><time>2023-06-10T00:16:58Z</time></trkpt>
      <trkpt lat="22.5386057" lon="113.9355457"><ele>13.0</ele><time>2023-06-10T00:16:59Z</time></trkpt>
      <trkpt lat="22.5385957" lon="113.9355531"><ele>13.0</ele><time>2023-06-10T00:17:00Z</time></trkpt>
      <trkpt lat="22.5385860" lon="113.9355606"><ele>13.1</ele><time>2023-06-10T00:17:01Z</time></trkpt>
      <trkpt lat="22.5385759" lon="113.9355688"><ele>13.1</ele><time>2023-06-10T00:17:02Z</time></trkpt>
      <trkpt lat="22.5385645" lon="113.9355781"><ele>13.2</ele><time>2023-06-10T00:17:03Z</time></trkpt>
      <trkpt lat="22.5385520" lon="113.9355880"><ele>13.2</ele><time>2023-06-10T00:17:04Z</time></trkpt>
      <trkpt lat="22.5385398" lon="113.9355985"><ele>13.3</ele><time>2023-06-10T00:17:05Z</time></trkpt>
      <trkpt lat="22.5385282" lon="113.9356100"><ele>13.4</ele><time>2023-06-10T00:17:06Z</time></trkpt>
      <trkpt lat="22.5385166" lon="113.9356215"><ele>13.4</ele><time>2023-06-10T00:17:07Z</time></trkpt>
      <trkpt lat="22.5385047" lon="113.9356327"><ele>13.5</ele><time>2023-06-10T00:17:08Z</time></trkpt>
      <trkpt lat="22.5384932" lon="113.9356443"><ele>13.5</ele><time>2023-06-10T00:17:09Z</time></trkpt>
      <trkpt lat="22.5384823" lon="113.9356563"><ele>13.6</ele><time>2023-06-10T00:17:10Z</time></trkpt>
      <trkpt lat="22.5384718" lon="113.9356688"><ele>13.7</ele><time>2023-06-10T00:17:11Z</time></trkpt>
      <trkpt lat="22.5384623" lon="113.9356821"><ele>13.7</ele><time>2023-06-10T00:17:12Z</time></trkpt>
      <trkpt lat="22.5384530" lon="113.9356956"><ele>13.8</ele><time>2023-06-10T00:17:13Z</time></trkpt>
      <trkpt lat="22.5384438" lon="113.9357093"><ele>13.9</ele><time>2023-06-10T00:17:14Z</time></trkpt>
      <trkpt lat="22.5384354" lon="113.9357235"><ele>13.9</ele><time>2023-06-10T00:17:15Z</time></trkpt>
      <trkpt lat="22.5384276" lon="113.9357381"><ele>14.0</ele><time>2023-06-10T00:17:16Z</time></trkpt>
      <trkpt lat="22.5384205" lon="113.9357528"><ele>14.0</ele><time>2023-06-10T00:17:17Z</time></trkpt>
      <trkpt lat="22.5384138" lon="113.9357678"><ele>14.1</ele><time>2023-06-10T00:17:18Z</time></trkpt>
      <trkpt lat="22.5384069" lon="113.9357829"><ele>14.1</ele><time>2023-06-10T00:17:19Z</time></trkpt>
      <trkpt lat="22.5383998" lon="113.9357978"><ele>14.2</ele><time>2023-06-10T00:17:20Z</time></trkpt>
      <trkpt lat="22.5383935" lon="113.9358129"><ele>14.2</ele><time>2023-06-10T00:17:21Z</time></trkpt>
      <trkpt lat="22.5383880" lon="113.9358284"><ele>14.3</ele><time>2023-06-10T00:17:22Z</time></trkpt>
      <trkpt lat="22.5383833" lon="113.9358441"><ele>14.3</ele><time>2023-06-10T00:17:23Z</time></trkpt>
      <trkpt lat="22.5383791" lon="113.9358603"><ele>14.3</ele><time>2023-06-10T00:17:24Z</time></trkpt>
      <trkpt lat="22.5383756" lon="113.9358766"><ele>14.4</ele><time>2023-06-10T00:17:25Z</time></trkpt>
      <trkpt lat="22.5383730" lon="113.9358929"><ele>14.4</ele><time>2023-06-10T00:17:26Z</time></trkpt>
      <trkpt lat="22.5383711" lon="113.9359092"><ele>14.4</ele><time>2023-06-10T00:17:27Z</time></trkpt>
      <trkpt lat="22.5383694" lon="113.9359256"><ele>14.4</ele><time>2023-06-10T00:17:28Z</time></trkpt>
      <trkpt lat="22.5383673" lon="113.9359419"><ele>14.4</ele><time>2023-06-10T00:17:29Z</time></trkpt>
      <trkpt lat="22.5383654" lon="113.9359582"><ele>14.4</ele><time>2023-06-10T00:17:30Z</time></trkpt>
      <trkpt lat="22.5383654" lon="113.9359745"><ele>14.4</ele><time>2023-06-10T00:17:31Z</time></trkpt>
      <trkpt lat="22.5383670" lon="113.9359909"><ele>14.4</ele><time>2023-06-10T00:17:32Z</time></trkpt>
      <trkpt lat="22.5383691" lon="113.9360072"><ele>14.4</ele><time>2023-06-10T00:17:33Z</time></trkpt>
      <trkpt lat="22.5383724" lon="113.9360233"><ele>14.4</ele><time>2023-06-10T00:17:34Z</time></trkpt>
      <trkpt lat="22.5383764" lon="113.9360393"><ele>14.4</ele><time>2023-06-10T00:17:35Z</time></trkpt>
      <trkpt lat="22.5383811" lon="113.9360552"><ele>14.4</ele><time>2023-06-10T00:17:36Z</time></trkpt>
      <trkpt lat="22.5383866" lon="113.9360708"><ele>14.4</ele><time>2023-06-10T00:17:37Z</time></trkpt>
      <trkpt lat="22.5383922" lon="113.9360862"><ele>14.3</ele><time>2023-06-10T00:17:38Z</time></trkpt>
      <trkpt lat="22.5383975" lon="113.9361017"><ele>14.3</ele><time>2023-06-10T00:17:39Z</time></trkpt>
      <trkpt lat="22.5384036" lon="113.9361169"><ele>14.3</ele><time>2023-06-10T00:17:40Z</time></trkpt>
      <trkpt lat="22.5384106" lon="113.9361316"><ele>14.3</ele><time>2023-06-10T00:17:41Z</time></trkpt>
      <trkpt lat="22.5384180" lon="113.9361459"><ele>14.3</ele><time>2023-06-10T00:17:42Z</time></trkpt>
      <trkpt lat="22.5384259" lon="113.9361599"><ele>14.2</ele><time>2023-06-10T00:17:43Z</time></trkpt>
      <trkpt lat="22.5384340" lon="113.9361739"><ele>14.2</ele><time>2023-06-10T00:17:44Z</time></trkpt>
      <trkpt lat="22.5384423" lon="113.9361878"><ele>14.2</ele><time>2023-06-10T00:17:45Z</time></trkpt>
      <trkpt lat="22.5384516" lon="113.9362011"><ele>14.2</ele><time>2023-06-10T00:17:46Z</time></trkpt>
      <trkpt lat="22.5384608" lon="113.9362144"><ele>14.2</ele><time>2023-06-10T00:17:47Z</time></trkpt>
      <trkpt lat="22.5384700" lon="113.9362279"><ele>14.2</ele><time>2023-06-10T00:17:48Z</time></trkpt>
      <trkpt lat="22.5384804" lon="113.9362406"><ele>14.2</ele><time>2023-06-10T00:17:49Z</time></trkpt>
      <trkpt lat="22.5384916" lon="113.9362523"><ele>14.2</ele><time>2023-06-10T00:17:50Z</time></trkpt>
      <trkpt lat="22.5385033" lon="113.9362636"><ele>14.2</ele><time>2023-06-10T00:17:51Z</time></trkpt>
      <trkpt lat="22.5385155" lon="113.9362742"><ele>14.2</ele><time>2023-06-10T00:17:52Z</time></trkpt>
      <trkpt lat="22.5385282" lon="113.9362843"><ele>14.2</ele><time>2023-06-10T00:17:53Z</time></trkpt>
      <trkpt lat="22.5385413" lon="113.9362937"><ele>14.2</ele><time>2023-06-10T00:17:54Z</time></trkpt>
      <trkpt lat="22.5385549" lon="113.9363023"><ele>14.2</ele><time>2023-06-10T00:17:55Z</time></trkpt>
      <trkpt lat="22.5385687" lon="113.9363109"><ele>14.2</ele><time>2023-06-10T00:17:56Z</time></trkpt>
      <trkpt lat="22.5385822" lon="113.9363197"><ele>14.2</ele><time>2023-06-10T00:17:57Z</time></trkpt>
      <trkpt lat="22.5385956" lon="113.9363286"><ele>14.3</ele><time>2023-06-10T00:17:58Z</time></trkpt>
      <trkpt lat="22.5386094" lon="113.9363375"><ele>14.3</ele><time>2023-06-10T00:17:59Z</time></trkpt>
      <trkpt lat="22.5386238" lon="113.9363457"><ele>14.3</ele><time>2023-06-10T00:18:00Z</time></trkpt>
      <trkpt lat="22.5386386" lon="113.9363532"><ele>14.4</ele><time>2023-06-10T00:18:01Z</time></trkpt>
      <trkpt lat="22.5386535" lon="113.9363602"><ele>14.4</ele><time>2023-06-10T00:18:02Z</time></trkpt>
      <trkpt lat="22.5386685" lon="113.9363669"><ele>14.5</ele><time>2023-06-10T00:18:03Z</time></trkpt>
      <trkpt lat="22.5386835" lon="113.9363730"><ele>14.5</ele><time>2023-06-10T00:18:04Z</time></trkpt>
      <trkpt lat="22.5386988" lon="113.9363779"><ele>14.6</ele><time>2023-06-10T00:18:05Z</time></trkpt>
      <trkpt lat="22.5387145" lon="113.9363813"><ele>14.6</ele><time>2023-06-10T00:18:06Z</time></trkpt>
      <trkpt lat="22.5387302" lon="113.9363843"><ele>14.7</ele><time>2023-06-10T00:18:07Z</time></trkpt>
      <trkpt lat="22.5387458" lon="113.9363870"><ele>14.8</ele><time>2023-06-10T00:18:08Z</time></trkpt>
      <trkpt lat="22.5387614" lon="113.9363895"><ele>14.8</ele><time>2023-06-10T00:18:09Z</time></trkpt>
      <trkpt lat="22.5387771" lon="113.9363918"><ele>14.9</ele><time>2023-06-10T00:18:10Z</time></trkpt>
      <trkpt lat="22.5387928" lon="113.9363938"><ele>14.9</ele><time>2023-06-10T00:18:11Z</time></trkpt>
      <trkpt lat="22.5388086" lon="113.9363949"><ele>15.0</ele><time>2023-06-10T00:18:12Z</time></trkpt>
      <trkpt lat="22.5388244" lon="113.9363951"><ele>15.0</ele><time>2023-06-10T00:18:13Z</time></trkpt>
      <trkpt lat="22.5388402" lon="113.9363951"><ele>15.1</ele><time>2023-06-10T00:18:14Z</time></trkpt>
      <trkpt lat="22.5388558" lon="113.9363941"><ele>15.1</ele><time>2023-06-10T00:18:15Z</time></trkpt>
      <trkpt lat="22.5388715" lon="113.9363923"><ele>15.2</ele><time>2023-06-10T00:18:16Z</time></trkpt>
      <trkpt lat="22.5388871" lon="113.9363912"><ele>15.2</ele><time>2023-06-10T00:18:17Z</time></trkpt>
      <trkpt lat="22.5389027" lon="113.9363906"><ele>15.2</ele><time>2023-06-10T00:18:18Z</time></trkpt>
      <trkpt lat="22.5389182" lon="113.9363901"><ele>15.3</ele><time>2023-06-10T00:18:19Z</time></trkpt>
      <trkpt lat="22.5389337" lon="113.9363902"><ele>15.3</ele><time>2023-06-10T00:18:20Z</time></trkpt>
      <trkpt lat="22.5389491" lon="113.9363905"><ele>15.3</ele><time>2023-06-10T00:18:21Z</time></trkpt>
      <trkpt lat="22.5389645" lon="113.9363909"><ele>15.3</ele><time>2023-06-10T00:18:22Z</time></trkpt>
      <trkpt lat="22.5389798" lon="113.9363913"><ele>15.4</ele><time>2023-06-10T00:18:23Z</time></trkpt>
      <trkpt lat="22.5389952" lon="113.9363915"><ele>15.4</ele><time>2023-06-10T00:18:24Z</time></trkpt>
      <trkpt lat="22.5390106" lon="113.9363908"><ele>15.4</ele><time>2023-06-10T00:18:25Z</time></trkpt>
      <trkpt lat="22.5390260" lon="113.9363899"><ele>15.4</ele><time>2023-06-10T00:18:26Z</time></trkpt>
      <trkpt lat="22.5390413" lon="113.9363894"><ele>15.4</ele><time>2023-06-10T00:18:27Z</time></trkpt>
      <trkpt lat="22.5390568" lon="113.9363890"><ele>15.5</ele><time>2023-06-10T00:18:28Z</time></trkpt>
      <trkpt lat="22.5390721" lon="113.9363888"><ele>15.5</ele><time>2023-06-10T00:18:29Z</time></trkpt>
      <trkpt lat="22.5390875" lon="113.9363891"><ele>15.5</ele><time>2023-06-10T00:18:30Z</time></trkpt>
      <trkpt lat="22.5391029" lon="113.9363893"><ele>15.5</ele><time>2023-06-10T00:18:31Z</time></trkpt>
      <trkpt lat="22.5391183" lon="113.9363892"><ele>15.5</ele><time>2023-06-10T00:18:32Z</time></trkpt>
      <trkpt lat="22.5391336" lon="113.9363894"><ele>15.5</ele><time>2023-06-10T00:18:33Z</time></trkpt>
      <trkpt lat="22.5391490" lon="113.9363901"><ele>15.6</ele><time>2023-06-10T00:18:34Z</time></trkpt>
      <trkpt lat="22.5391645" lon="113.9363912"><ele>15.6</ele><time>2023-06-10T00:18:35Z</time></trkpt>
      <trkpt lat="22.5391799" lon="113.9363925"><ele>15.6</ele><time>2023-06-10T00:18:36Z</time></trkpt>
      <trkpt lat="22.5391955" lon="113.9363930"><ele>15.6</ele><time>2023-06-10T00:18:37Z</time></trkpt>
      <trkpt lat="22.5392112" lon="113.9363926"><ele>15.6</ele><time>2023-06-10T00:18:38Z</time></trkpt>
      <trkpt lat="22.5392268" lon="113.9363921"><ele>15.6</ele><time>2023-06-10T00:18:39Z</time></trkpt>
      <trkpt lat="22.5392423" lon="113.9363915"><ele>15.6</ele><time>2023-06-10T00:18:40Z</time></trkpt>
      <trkpt lat="22.5392578" lon="113.9363904"><ele>15.6</ele><time>2023-06-10T00:18:41Z</time></trkpt>
      <trkpt lat="22.5392732" lon="113.9363906"><ele>15.6</ele><time>2023-06-10T00:18:42Z</time></trkpt>
      <trkpt lat="22.5392885" lon="113.9363921"><ele>15.6</ele><time>2023-06-10T00:18:43Z</time></trkpt>
      <trkpt lat="22.5393038" lon="113.9363937"><ele>15.6</ele><time>2023-06-10T00:18:44Z</time></trkpt>
      <trkpt lat="22.5393195" lon="113.9363952"><ele>15.6</ele><time>2023-06-10T00:18:45Z</time></trkpt>
      <trkpt lat="22.5393355" lon="113.9363950"><ele>15.6</ele><time>2023-06-10T00:18:46Z</time></trkpt>
      <trkpt lat="22.5393512" lon="113.9363934"><ele>15.6</ele><time>2023-06-10T00:18:47Z</time></trkpt>
      <trkpt lat="22.5393665" lon="113.9363926"><ele>15.6</ele><time>2023-06-10T00:18:48Z</time></trkpt>
      <trkpt lat="22.5393816" lon="113.9363935"><ele>15.6</ele><time>2023-06-10T00:18:49Z</time></trkpt>
      <trkpt lat="22.5393968" lon="113.9363946"><ele>15.6</ele><time>2023-06-10T00:18:50Z</time></trkpt>
      <trkpt lat="22.5394121" lon="113.9363942"><ele>15.6</ele><time>2023-06-10T00:18:51Z</time></trkpt>
      <trkpt lat="22.5394274" lon="113.9363929"><ele>15.5</ele><time>2023-06-10T00:18:52Z</time></trkpt>
      <trkpt lat="22.5394426" lon="113.9363921"><ele>15.5</ele><time>2023-06-10T00:18:53Z</time></trkpt>
      <trkpt lat="22.5394579" lon="113.9363913"><ele>15.5</ele><time>2023-06-10T00:18:54Z</time></trkpt>
      <trkpt lat="22.5394734" lon="113.9363909"><ele>15.4</ele><time>2023-06-10T00:18:55Z</time></trkpt>
      <trkpt lat="22.5394890" lon="113.9363913"><ele>15.4</ele><time>2023-06-10T00:18:56Z</time></trkpt>
      <trkpt lat="22.5395042" lon="113.9363906"><ele>15.3</ele><time>2023-06-10T00:18:57Z</time></trkpt>
      <trkpt lat="22.5395182" lon="113.9363886"><ele>15.3</ele><time>2023-06-10T00:18:58Z</time></trkpt>
      <trkpt lat="22.5395317" lon="113.9363863"><ele>15.2</ele><time>2023-06-10T00:18:59Z</time></trkpt>
      <trkpt lat="22.5395464" lon="113.9363843"><ele>15.2</ele><time>2023-06-10T00:19:00Z</time></trkpt>
      <trkpt lat="22.5395622" lon="113.9363825"><ele>15.1</ele><time>2023-06-10T00:19:01Z</time></trkpt>
      <trkpt lat="22.5395782" lon="113.9363807"><ele>15.1</ele><time>2023-06-10T00:19:02Z</time></trkpt>
      <trkpt lat="22.5395942" lon="113.9363784"><ele>15.0</ele><time>2023-06-10T00:19:03Z</time></trkpt>
      <trkpt lat="22.5396100" lon="113.9363750"><ele>14.9</ele><time>2023-06-10T00:19:04Z</time></trkpt>
      <trkpt lat="22.5396260" lon="113.9363716"><ele>14.9</ele><time>2023-06-10T00:19:05Z</time></trkpt>
      <trkpt lat="22.5396418" lon="113.9363683"><ele>14.8</ele><time>2023-06-10T00:19:06Z</time></trkpt>
      <trkpt lat="22.5396572" lon="113.9363647"><ele>14.7</ele><time>2023-06-10T00:19:07Z</time></trkpt>
      <trkpt lat="22.5396723" lon="113.9363614"><ele>14.6</ele><time>2023-06-10T00:19:08Z</time></trkpt>
      <trkpt lat="22.5396868" lon="113.9363578"><ele>14.5</ele><time>2023-06-10T00:19:09Z</time></trkpt>
      <trkpt lat="22.5397009" lon="113.9363529"><ele>14.5</ele><time>2023-06-10T00:19:10Z</time></trkpt>
      <trkpt lat="22.5397149" lon="113.9363469"><ele>14.4</ele><time>2023-06-10T00:19:11Z</time></trkpt>
      <trkpt lat="22.5397285" lon="113.9363392"><ele>14.3</ele><time>2023-06-10T00:19:12Z</time></trkpt>
      <trkpt lat="22.5397419" lon="113.9363306"><ele>14.2</ele><time>2023-06-10T00:19:13Z</time></trkpt>
      <trkpt lat="22.5397555" lon="113.9363224"><ele>14.1</ele><time>2023-06-10T00:19:14Z</time></trkpt>
      <trkpt lat="22.5397691" lon="113.9363145"><ele>14.1</ele><time>2023-06-10T00:19:15Z</time></trkpt>
      <trkpt lat="22.5397828" lon="113.9363070"><ele>14.0</ele><time>2023-06-10T00:19:16Z</time></trkpt>
      <trkpt lat="22.5397964" lon="113.9362993"><ele>13.9</ele><time>2023-06-10T00:19:17Z</time></trkpt>
      <trkpt lat="22.5398095" lon="113.9362908"><ele>13.8</ele><time>2023-06-10T00:19:18Z</time></trkpt>
      <trkpt lat="22.5398219" lon="113.9362809"><ele>13.8</ele><time>2023-06-10T00:19:19Z</time></trkpt>
      <trkpt lat="22.5398334" lon="113.9362698"><ele>13.7</ele><time>2023-06-10T00:19:20Z</time></trkpt>
      <trkpt lat="22.5398439" lon="113.9362582"><ele>13.6</ele><time>2023-06-10T00:19:21Z</time></trkpt>
      <trkpt lat="22.5398531" lon="113.9362470"><ele>13.6</ele><time>2023-06-10T00:19:22Z</time></trkpt>
      <trkpt lat="22.5398613" lon="113.9362364"><ele>13.5</ele><time>2023-06-10T00:19:23Z</time></trkpt>
      <trkpt lat="22.5398687" lon="113.9362256"><ele>13.5</ele><time>2023-06-10T00:19:24Z</time></trkpt>
      <trkpt lat="22.5398762" lon="113.9362136"><ele>13.4</ele><time>2023-06-10T00:19:25Z</time></trkpt>
      <trkpt lat="22.5398851" lon="113.9362004"><ele>13.4</ele><time>2023-06-10T00:19:26Z</time></trkpt>
      <trkpt lat="22.5398947" lon="113.9361871"><ele>13.3</ele><time>2023-06-10T00:19:27Z</time></trkpt>
      <trkpt lat="22.5399041" lon="113.9361738"><ele>13.3</ele><time>2023-06-10T00:19:28Z</time></trkpt>
      <trkpt lat="22.5399118" lon="113.9361592"><ele>13.3</ele><time>2023-06-10T00:19:29Z</time></trkpt>
      <trkpt lat="22.5399176" lon="113.9361430"><ele>13.3</ele><time>2023-06-10T00:19:30Z</time></trkpt>
      <trkpt lat="22.5399225" lon="113.9361263"><ele>13.3</ele><time>2023-06-10T00:19:31Z</time></trkpt>
      <trkpt lat="22.5399279" lon="113.9361101"><ele>13.3</ele><time>2023-06-10T00:19:32Z</time></trkpt>
      <trkpt lat="22.5399343" lon="113.9360947"><ele>13.3</ele><time>2023-06-10T00:19:33Z</time></trkpt>
      <trkpt lat="22.5399409" lon="113.9360795"><ele>13.3</ele><time>2023-06-10T00:19:34Z</time></trkpt>
      <trkpt lat="22.5399466" lon="113.9360637"><ele>13.3</ele><time>2023-06-10T00:19:35Z</time></trkpt>
      <trkpt lat="22.5399506" lon="113.9360472"><ele>13.3</ele><time>2023-06-10T00:19:36Z</time></trkpt>
      <trkpt lat="22.5399534" lon="113.9360302"><ele>13.3</ele><time>2023-06-10T00:19:37Z</time></trkpt>
      <trkpt lat="22.5399555" lon="113.9360130"><ele>13.3</ele><time>2023-06-10T00:19:38Z</time></trkpt>
      <trkpt lat="22.5399571" lon="113.9359959"><ele>13.3</ele><time>2023-06-10T00:19:39Z</time></trkpt>
      <trkpt lat="22.5399585" lon="113.9359789"><ele>13.3</ele><time>2023-06-10T00:19:40Z</time></trkpt>
      <trkpt lat="22.5399599" lon="113.9359622"><ele>13.3</ele><time>2023-06-10T00:19:41Z</time></trkpt>
      <trkpt lat="22.5399606" lon="113.9359453"><ele>13.3</ele><time>2023-06-10T00:19:42Z</time></trkpt>
      <trkpt lat="22.5399599" lon="113.9359282"><ele>13.3</ele><time>2023-06-10T00:19:43Z</time></trkpt>
      <trkpt lat="22.5399582" lon="113.9359122"><ele>13.3</ele><time>2023-06-10T00:19:44Z</time></trkpt>
      <trkpt lat="22.5399559" lon="113.9358976"><ele>13.3</ele><time>2023-06-10T00:19:45Z</time></trkpt>
      <trkpt lat="22.5399534" lon="113.9358833"><ele>13.4</ele><time>2023-06-10T00:19:46Z</time></trkpt>
      <trkpt lat="22.5399506" lon="113.9358688"><ele>13.4</ele><time>2023-06-10T00:19:47Z</time></trkpt>
      <trkpt lat="22.5399475" lon="113.9358540"><ele>13.4</ele><time>2023-06-10T00:19:48Z</time></trkpt>
      <trkpt lat="22.5399442" lon="113.9358383"><ele>13.4</ele><time>2023-06-10T00:19:49Z</time></trkpt>
      <trkpt lat="22.5399403" lon="113.9358216"><ele>13.4</ele><time>2023-06-10T00:19:50Z</time></trkpt>
      <trkpt lat="22.5399356" lon="113.9358048"><ele>13.4</ele><time>2023-06-10T00:19:51Z</time></trkpt>
      <trkpt lat="22.5399300" lon="113.9357884"><ele>13.4</ele><time>2023-06-10T00:19:52Z</time></trkpt>
      <trkpt lat="22.5399242" lon="113.9357722"><ele>13.4</ele><time>2023-06-10T00:19:53Z</time></trkpt>
      <trkpt lat="22.5399182" lon="113.9357559"><ele>13.5</ele><time>2023-06-10T00:19:54Z</time></trkpt>
      <trkpt lat="22.5399121" lon="113.9357399"><ele>13.5</ele><time>2023-06-10T00:19:55Z</time></trkpt>
      <trkpt lat="22.5399055" lon="113.9357241"><ele>13.5</ele><time>2023-06-10T00:19:56Z</time></trkpt>
      <trkpt lat="22.5398984" lon="113.9357083"><ele>13.5</ele><time>2023-06-10T00:19:57Z</time></trkpt>
      <trkpt lat="22.5398912" lon="113.9356925"><ele>13.5</ele><time>2023-06-10T00:19:58Z</time></trkpt>
      <trkpt lat="22.5398838" lon="113.9356766"><ele>13.6</ele><time>2023-06-10T00:19:59Z</time></trkpt>
      <trkpt lat="22.5398751" lon="113.9356614"><ele>13.6</ele><time>2023-06-10T00:20:00Z</time></trkpt>
      <trkpt lat="22.5398652" lon="113.9356471"><ele>13.6</ele><time>2023-06-10T00:20:01Z</time></trkpt>
      <trkpt lat="22.5398550" lon="113.9356333"><ele>13.6</ele><time>2023-06-10T00:20:02Z</time></trkpt>
      <trkpt lat="22.5398443" lon="113.9356201"><ele>13.7</ele><time>2023-06-10T00:20:03Z</time></trkpt>
      <trkpt lat="22.5398335" lon="113.9356073"><ele>13.7</ele><time>2023-06-10T00:20:04Z</time></trkpt>
      <trkpt lat="22.5398234" lon="113.9355944"><ele>13.7</ele><time>2023-06-10T00:20:05Z</time></trkpt>
      <trkpt lat="22.5398127" lon="113.9355821"><ele>13.8</ele><time>2023-06-10T00:20:06Z</time></trkpt>
      <trkpt lat="22.5398006" lon="113.9355709"><ele>13.8</ele><time>2023-06-10T00:20:07Z</time></trkpt>
      <trkpt lat="22.5397882" lon="113.9355601"><ele>13.9</ele><time>2023-06-10T00:20:08Z</time></trkpt>
      <trkpt lat="22.5397749" lon="113.9355503"><ele>13.9</ele><time>2023-06-10T00:20:09Z</time></trkpt>
      <trkpt lat="22.5397595" lon="113.9355436"><ele>14.0</ele><time>2023-06-10T00:20:10Z</time></trkpt>
      <trkpt lat="22.5397433" lon="113.9355381"><ele>14.0</ele><time>2023-06-10T00:20:11Z</time></trkpt>
      <trkpt lat="22.5397279" lon="113.9355310"><ele>14.1</ele><time>2023-06-10T00:20:12Z</time></trkpt>
      <trkpt lat="22.5397131" lon="113.9355230"><ele>14.1</ele><time>2023-06-10T00:20:13Z</time></trkpt>
      <trkpt lat="22.5396983" lon="113.9355155"><ele>14.2</ele><time>2023-06-10T00:20:14Z</time></trkpt>
      <trkpt lat="22.5396831" lon="113.9355090"><ele>14.2</ele><time>2023-06-10T00:20:15Z</time></trkpt>
      <trkpt lat="22.5396672" lon="113.9355039"><ele>14.3</ele><time>2023-06-10T00:20:16Z</time></trkpt>
      <trkpt lat="22.5396506" lon="113.9354993"><ele>14.3</ele><time>2023-06-10T00:20:17Z</time></trkpt>
      <trkpt lat="22.5396342" lon="113.9354943"><ele>14.4</ele><time>2023-06-10T00:20:18Z</time></trkpt>
      <trkpt lat="22.5396178" lon="113.9354896"><ele>14.4</ele><time>2023-06-10T00:20:19Z</time></trkpt>
      <trkpt lat="22.5396013" lon="113.9354851"><ele>14.5</ele><time>2023-06-10T00:20:20Z</time></trkpt>
      <trkpt lat="22.5395851" lon="113.9354806"><ele>14.5</ele><time>2023-06-10T00:20:21Z</time></trkpt>
      <trkpt lat="22.5395686" lon="113.9354776"><ele>14.6</ele><time>2023-06-10T00:20:22Z</time></trkpt>
      <trkpt lat="22.5395521" lon="113.9354751"><ele>14.6</ele><time>2023-06-10T00:20:23Z</time></trkpt>
      <trkpt lat="22.5395356" lon="113.9354728"><ele>14.7</ele><time>2023-06-10T00:20:24Z</time></trkpt>
      <trkpt lat="22.5395190" lon="113.9354718"><ele>14.7</ele><time>2023-06-10T00:20:25Z</time></trkpt>
      <trkpt lat="22.5395021" lon="113.9354719"><ele>14.7</ele><time>2023-06-10T00:20:26Z</time></trkpt>
      <trkpt lat="22.5394852" lon="113.9354722"><ele>14.8</ele><time>2023-06-10T00:20:27Z</time></trkpt>
      <trkpt lat="22.5394683" lon="113.9354717"><ele>14.8</ele><time>2023-06-10T00:20:28Z</time></trkpt>
      <trkpt lat="22.5394516" lon="113.9354704"><ele>14.8</ele><time>2023-06-10T00:20:29Z</time></trkpt>
      <trkpt lat="22.5394347" lon="113.9354696"><ele>14.8</ele><time>2023-06-10T00:20:30Z</time></trkpt>
      <trkpt lat="22.5394179" lon="113.9354694"><ele>14.9</ele><time>2023-06-10T00:20:31Z</time></trkpt>
      <trkpt lat="22.5394013" lon="113.9354696"><ele>14.9</ele><time>2023-06-10T00:20:32Z</time></trkpt>
      <trkpt lat="22.5393848" lon="113.9354698"><ele>14.9</ele><time>2023-06-10T00:20:33Z</time></trkpt>
      <trkpt lat="22.5393684" lon="113.9354692"><ele>14.9</ele><time>2023-06-10T00:20:34Z</time></trkpt>
      <trkpt lat="22.5393518" lon="113.9354677"><ele>14.9</ele><time>2023-06-10T00:20:35Z</time></trkpt>
      <trkpt lat="22.5393353" lon="113.9354662"><ele>14.9</ele><time>2023-06-10T00:20:36Z</time></trkpt>
      <trkpt lat="22.5393188" lon="113.9354657"><ele>14.9</ele><time>2023-06-10T00:20:37Z</time></trkpt>
      <trkpt lat="22.5393025" lon="113.9354665"><ele>14.9</ele><time>2023-06-10T00:20:38Z</time></trkpt>
      <trkpt lat="22.5392863" lon="113.9354675"><ele>14.9</ele><time>2023-06-10T00:20:39Z</time></trkpt>
      <trkpt lat="22.5392701" lon="113.9354683"><ele>14.9</ele><time>2023-06-10T00:20:40Z</time></trkpt>
      <trkpt lat="22.5392538" lon="113.9354689"><ele>14.9</ele><time>2023-06-10T00:20:41Z</time></trkpt>
      <trkpt lat="22.5392377" lon="113.9354704"><ele>14.9</ele><time>2023-06-10T00:20:42Z</time></trkpt>
      <trkpt lat="22.5392216" lon="113.9354728"><ele>14.8</ele><time>2023-06-10T00:20:43Z</time></trkpt>
      <trkpt lat="22.5392057" lon="113.9354746"><ele>14.8</ele><time>2023-06-10T00:20:44Z</time></trkpt>
      <trkpt lat="22.5391898" lon="113.9354754"><ele>14.8</ele><time>2023-06-10T00:20:45Z</time></trkpt>
      <trkpt lat="22.5391740" lon="113.9354756"><ele>14.8</ele><time>2023-06-10T00:20:46Z</time></trkpt>
      <trkpt lat="22.5391583" lon="113.9354747"><ele>14.8</ele><time>2023-06-10T00:20:47Z</time></trkpt>
      <trkpt lat="22.5391427" lon="113.9354722"><ele>14.7</ele><time>2023-06-10T00:20:48Z</time></trkpt>
      <trkpt lat="22.5391273" lon="113.9354688"><ele>14.7</ele><time>2023-06-10T00:20:49Z</time></trkpt>
      <trkpt lat="22.5391118" lon="113.9354666"><ele>14.7</ele><time>2023-06-10T00:20:50Z</time></trkpt>
      <trkpt lat="22.5390960" lon="113.9354664"><ele>14.7</ele><time>2023-06-10T00:20:51Z</time></trkpt>
      <trkpt lat="22.5390803" lon="113.9354678"><ele>14.6</ele><time>2023-06-10T00:20:52Z</time></trkpt>
      <trkpt lat="22.5390647" lon="113.9354698"><ele>14.6</ele><time>2023-06-10T00:20:53Z</time></trkpt>
      <trkpt lat="22.5390489" lon="113.9354717"><ele>14.6</ele><time>2023-06-10T00:20:54Z</time></trkpt>
      <trkpt lat="22.5390331" lon="113.9354731"><ele>14.5</ele><time>2023-06-10T00:20:55Z</time></trkpt>
      <trkpt lat="22.5390174" lon="113.9354740"><ele>14.5</ele><time>2023-06-10T00:20:56Z</time></trkpt>
      <trkpt lat="22.5390019" lon="113.9354743"><ele>14.5</ele><time>2023-06-10T00:20:57Z</time></trkpt>
      <trkpt lat="22.5389881" lon="113.9354744"><ele>14.4</ele><time>2023-06-10T00:20:58Z</time></trkpt>
      <trkpt lat="22.5389764" lon="113.9354748"><ele>14.4</ele><time>2023-06-10T00:20:59Z</time></trkpt>
      <trkpt lat="22.5389652" lon="113.9354753"><ele>14.4</ele><time>2023-06-10T00:21:00Z</time></trkpt>
      <trkpt lat="22.5389532" lon="113.9354761"><ele>14.3</ele><time>2023-06-10T00:21:01Z</time></trkpt>
      <trkpt lat="22.5389396" lon="113.9354769"><ele>14.3</ele><time>2023-06-10T00:21:02Z</time></trkpt>
      <trkpt lat="22.5389244" lon="113.9354774"><ele>14.3</ele><time>2023-06-10T00:21:03Z</time></trkpt>
      <trkpt lat="22.5389091" lon="113.9354777"><ele>14.2</ele><time>2023-06-10T00:21:04Z</time></trkpt>
      <trkpt lat="22.5388938" lon="113.9354773"><ele>14.2</ele><time>2023-06-10T00:21:05Z</time></trkpt>
      <trkpt lat="22.5388785" lon="113.9354761"><ele>14.1</ele><time>2023-06-10T00:21:06Z</time></trkpt>
      <trkpt lat="22.5388634" lon="113.9354748"><ele>14.1</ele><time>2023-06-10T00:21:07Z</time></trkpt>
      <trkpt lat="22.5388486" lon="113.9354740"><ele>14.1</ele><time>2023-06-10T00:21:08Z</time></trkpt>
      <trkpt lat="22.5388338" lon="113.9354735"><ele>14.0</ele><time>2023-06-10T00:21:09Z</time></trkpt>
      <trkpt lat="22.5388188" lon="113.9354725"><ele>14.0</ele><time>2023-06-10T00:21:10Z</time></trkpt>
      <trkpt lat="22.5388038" lon="113.9354712"><ele>14.0</ele><time>2023-06-10T00:21:11Z</time></trkpt>
      <trkpt lat="22.5387889" lon="113.9354705"><ele>13.9</ele><time>2023-06-10T00:21:12Z</time></trkpt>
      <trkpt lat="22.5387741" lon="113.9354709"><ele>13.9</ele><time>2023-06-10T00:21:13Z</time></trkpt>
      <trkpt lat="22.5387593" lon="113.9354724"><ele>13.8</ele><time>2023-06-10T00:21:14Z</time></trkpt>
      <trkpt lat="22.5387448" lon="113.9354748"><ele>13.8</ele><time>2023-06-10T00:21:15Z</time></trkpt>
      <trkpt lat="22.5387306" lon="113.9354780"><ele>13.7</ele><time>2023-06-10T00:21:16Z</time></trkpt>
      <trkpt lat="22.5387166" lon="113.9354818"><ele>13.7</ele><time>2023-06-10T00:21:17Z</time></trkpt>
      <trkpt lat="22.5387026" lon="113.9354855"><ele>13.6</ele><time>2023-06-10T00:21:18Z</time></trkpt>
      <trkpt lat="22.5386884" lon="113.9354887"><ele>13.6</ele><time>2023-06-10T00:21:19Z</time></trkpt>
      <trkpt lat="22.5386742" lon="113.9354921"><ele>13.5</ele><time>2023-06-10T00:21:20Z</time></trkpt>
      <trkpt lat="22.5386598" lon="113.9354961"><ele>13.5</ele><time>2023-06-10T00:21:21Z</time></trkpt>
      <trkpt lat="22.5386455" lon="113.9354996"><ele>13.5</ele><time>2023-06-10T00:21:22Z</time></trkpt>
      <trkpt lat="22.5386313" lon="113.9355021"><ele>13.4</ele><time>2023-06-10T00:21:23Z</time></trkpt>
      <trkpt lat="22.5386171" lon="113.9355043"><ele>13.4</ele><time>2023-06-10T00:21:24Z</time></trkpt>
      <trkpt lat="22.5386030" lon="113.9355075"><ele>13.3</ele><time>2023-06-10T00:21:25Z</time></trkpt>
      <trkpt lat="22.5385890" lon="113.9355122"><ele>13.3</ele><time>2023-06-10T00:21:26Z</time></trkpt>
      <trkpt lat="22.5385755" lon="113.9355175"><ele>13.2</ele><time>2023-06-10T00:21:27Z</time></trkpt>
      <trkpt lat="22.5385621" lon="113.9355233"><ele>13.2</ele><time>2023-06-10T00:21:28Z</time></trkpt>
      <trkpt lat="22.5385488" lon="113.9355298"><ele>13.1</ele><time>2023-06-10T00:21:29Z</time></trkpt>
      <trkpt lat="22.5385356" lon="113.9355363"><ele>13.1</ele><time>2023-06-10T00:21:30Z</time></trkpt>
      <trkpt lat="22.5385223" lon="113.9355421"><ele>13.0</ele><time>2023-06-10T00:21:31Z</time></trkpt>
      <trkpt lat="22.5385089" lon="113.9355479"><ele>13.0</ele><time>2023-06-10T00:21:32Z</time></trkpt>
      <trkpt lat="22.5384958" lon="113.9355539"><ele>13.0</ele><time>2023-06-10T00:21:33Z</time></trkpt>
      <trkpt lat="22.5384827" lon="113.9355596"><ele>12.9</ele><time>2023-06-10T00:21:34Z</time></trkpt>
      <trkpt lat="22.5384696" lon="113.9355655"><ele>12.9</ele><time>2023-06-10T00:21:35Z</time></trkpt>
      <trkpt lat="22.5384569" lon="113.9355729"><ele>12.9</ele><time>2023-06-10T00:21:36Z</time></trkpt>
      <trkpt lat="22.5384449" lon="113.9355816"><ele>12.9</ele><time>2023-06-10T00:21:37Z</time></trkpt>
      <trkpt lat="22.5384336" lon="113.9355919"><ele>12.8</ele><time>2023-06-10T00:21:38Z</time></trkpt>
      <trkpt lat="22.5384231" lon="113.9356037"><ele>12.8</ele><time>2023-06-10T00:21:39Z</time></trkpt>
      <trkpt lat="22.5384135" lon="113.9356163"><ele>12.8</ele><time>2023-06-10T00:21:40Z</time></trkpt>
      <trkpt lat="22.5384055" lon="113.9356297"><ele>12.8</ele><time>2023-06-10T00:21:41Z</time></trkpt>
      <trkpt lat="22.5383992" lon="113.9356440"><ele>12.8</ele><time>2023-06-10T00:21:42Z</time></trkpt>
      <trkpt lat="22.5383933" lon="113.9356584"><ele>12.7</ele><time>2023-06-10T00:21:43Z</time></trkpt>
      <trkpt lat="22.5383862" lon="113.9356717"><ele>12.7</ele><time>2023-06-10T00:21:44Z</time></trkpt>
      <trkpt lat="22.5383785" lon="113.9356844"><ele>12.7</ele><time>2023-06-10T00:21:45Z</time></trkpt>
      <trkpt lat="22.5383714" lon="113.9356977"><ele>12.7</ele><time>2023-06-10T00:21:46Z</time></trkpt>
      <trkpt lat="22.5383655" lon="113.9357120"><ele>12.7</ele><time>2023-06-10T00:21:47Z</time></trkpt>
      <trkpt lat="22.5383607" lon="113.9357265"><ele>12.6</ele><time>2023-06-10T00:21:48Z</time></trkpt>
      <trkpt lat="22.5383571" lon="113.9357407"><ele>12.6</ele><time>2023-06-10T00:21:49Z</time></trkpt>
      <trkpt lat="22.5383551" lon="113.9357548"><ele>12.6</ele><time>2023-06-10T00:21:50Z</time></trkpt>
      <trkpt lat="22.5383536" lon="113.9357692"><ele>12.6</ele><time>2023-06-10T00:21:51Z</time></trkpt>
      <trkpt lat="22.5383511" lon="113.9357842"><ele>12.6</ele><time>2023-06-10T00:21:52Z</time></trkpt>
      <trkpt lat="22.5383480" lon="113.9358001"><ele>12.5</ele><time>2023-06-10T00:21:53Z</time></trkpt>
      <trkpt lat="22.5383458" lon="113.9358165"><ele>12.5</ele><time>2023-06-10T00:21:54Z</time></trkpt>
      <trkpt lat="22.5383430" lon="113.9358329"><ele>12.5</ele><time>2023-06-10T00:21:55Z</time></trkpt>
      <trkpt lat="22.5383398" lon="113.9358491"><ele>12.4</ele><time>2023-06-10T00:21:56Z</time></trkpt>
      <trkpt lat="22.5383367" lon="113.9358651"><ele>12.4</ele><time>2023-06-10T00:21:57Z</time></trkpt>
      <trkpt lat="22.5383347" lon="113.9358813"><ele>12.4</ele><time>2023-06-10T00:21:58Z</time></trkpt>
      <trkpt lat="22.5383345" lon="113.9358978"><ele>12.3</ele><time>2023-06-10T00:21:59Z</time></trkpt>
      <trkpt lat="22.5383354" lon="113.9359142"><ele>12.3</ele><time>2023-06-10T00:22:00Z</time></trkpt>
      <trkpt lat="22.5383362" lon="113.9359306"><ele>12.3</ele><time>2023-06-10T00:22:01Z</time></trkpt>
      <trkpt lat="22.5383370" lon="113.9359470"><ele>12.2</ele><time>2023-06-10T00:22:02Z</time></trkpt>
      <trkpt lat="22.5383385" lon="113.9359634"><ele>12.2</ele><time>2023-06-10T00:22:03Z</time></trkpt>
      <trkpt lat="22.5383409" lon="113.9359797"><ele>12.2</ele><time>2023-06-10T00:22:04Z</time></trkpt>
      <trkpt lat="22.5383438" lon="113.9359960"><ele>12.1</ele><time>2023-06-10T00:22:05Z</time></trkpt>
      <trkpt lat="22.5383464" lon="113.9360121"><ele>12.1</ele><time>2023-06-10T00:22:06Z</time></trkpt>
      <trkpt lat="22.5383488" lon="113.9360281"><ele>12.1</ele><time>2023-06-10T00:22:07Z</time></trkpt>
      <trkpt lat="22.5383513" lon="113.9360440"><ele>12.1</ele><time>2023-06-10T00:22:08Z</time></trkpt>
      <trkpt lat="22.5383543" lon="113.9360598"><ele>12.1</ele><time>2023-06-10T00:22:09Z</time></trkpt>
      <trkpt lat="22.5383579" lon="113.9360755"><ele>12.0</ele><time>2023-06-10T00:22:10Z</time></trkpt>
      <trkpt lat="22.5383623" lon="113.9360903"><ele>12.0</ele><time>2023-06-10T00:22:11Z</time></trkpt>
      <trkpt lat="22.5383678" lon="113.9361043"><ele>12.0</ele><time>2023-06-10T00:22:12Z</time></trkpt>
      <trkpt lat="22.5383739" lon="113.9361182"><ele>12.0</ele><time>2023-06-10T00:22:13Z</time></trkpt>
      <trkpt lat="22.5383799" lon="113.9361320"><ele>12.0</ele><time>2023-06-10T00:22:14Z</time></trkpt>
      <trkpt lat="22.5383865" lon="113.9361454"><ele>12.1</ele><time>2023-06-10T00:22:15Z</time></trkpt>
      <trkpt lat="22.5383948" lon="113.9361579"><ele>12.1</ele><time>2023-06-10T00:22:16Z</time></trkpt>
      <trkpt lat="22.5384039" lon="113.9361701"><ele>12.1</ele><time>2023-06-10T00:22:17Z</time></trkpt>
      <trkpt lat="22.5384129" lon="113.9361825"><ele>12.1</ele><time>2023-06-10T00:22:18Z</time></trkpt>
      <trkpt lat="22.5384220" lon="113.9361946"><ele>12.2</ele><time>2023-06-10T00:22:19Z</time></trkpt>
      <trkpt lat="22.5384313" lon="113.9362067"><ele>12.2</ele><time>2023-06-10T00:22:20Z</time></trkpt>
      <trkpt lat="22.5384403" lon="113.9362189"><ele>12.3</ele><time>2023-06-10T00:22:21Z</time></trkpt>
      <trkpt lat="22.5384491" lon="113.9362312"><ele>12.3</ele><time>2023-06-10T00:22:22Z</time></trkpt>
      <trkpt lat="22.5384582" lon="113.9362434"><ele>12.4</ele><time>2023-06-10T00:22:23Z</time></trkpt>
      <trkpt lat="22.5384678" lon="113.9362550"><ele>12.5</ele><time>2023-06-10T00:22:24Z</time></trkpt>
      <trkpt lat="22.5384778" lon="113.9362664"><ele>12.5</ele><time>2023-06-10T00:22:25Z</time></trkpt>
      <trkpt lat="22.5384882" lon="113.9362778"><ele>12.6</ele><time>2023-06-10T00:22:26Z</time></trkpt>
      <trkpt lat="22.5384987" lon="113.9362892"><ele>12.7</ele><time>2023-06-10T00:22:27Z</time></trkpt>
      <trkpt lat="22.5385098" lon="113.9363000"><ele>12.8</ele><time>2023-06-10T00:22:28Z</time></trkpt>
      <trkpt lat="22.5385220" lon="113.9363097"><ele>12.9</ele><time>2023-06-10T00:22:29Z</time></trkpt>
      <trkpt lat="22.5385344" lon="113.9363188"><ele>13.0</ele><time>2023-06-10T00:22:30Z</time></trkpt>
      <trkpt lat="22.5385470" lon="113.9363274"><ele>13.1</ele><time>2023-06-10T00:22:31Z</time></trkpt>
      <trkpt lat="22.5385600" lon="113.9363347"><ele>13.1</ele><time>2023-06-10T00:22:32Z</time></trkpt>
      <trkpt lat="22.5385738" lon="113.9363404"><ele>13.2</ele><time>2023-06-10T00:22:33Z</time></trkpt>
      <trkpt lat="22.5385881" lon="113.9363452"><ele>13.3</ele><time>2023-06-10T00:22:34Z</time></trkpt>
      <trkpt lat="22.5386027" lon="113.9363500"><ele>13.4</ele><time>2023-06-10T00:22:35Z</time></trkpt>
      <trkpt lat="22.5386168" lon="113.9363563"><ele>13.5</ele><time>2023-06-10T00:22:36Z</time></trkpt>
      <trkpt lat="22.5386301" lon="113.9363640"><ele>13.6</ele><time>2023-06-10T00:22:37Z</time></trkpt>
      <trkpt lat="22.5386431" lon="113.9363721"><ele>13.8</ele><time>2023-06-10T00:22:38Z</time></trkpt>
      <trkpt lat="22.5386561" lon="113.9363796"><ele>13.9</ele><time>2023-06-10T00:22:39Z</time></trkpt>
      <trkpt lat="22.5386693" lon="113.9363861"><ele>14.0</ele><time>2023-06-10T00:22:40Z</time></trkpt>
      <trkpt lat="22.5386833" lon="113.9363913"><ele>14.1</ele><time>2023-06-10T00:22:41Z</time></trkpt>
      <trkpt lat="22.5386983" lon="113.9363961"><ele>14.2</ele><time>2023-06-10T00:22:42Z</time></trkpt>
      <trkpt lat="22.5387141" lon="113.9364000"><ele>14.3</ele><time>2023-06-10T00:22:43Z</time></trkpt>
      <trkpt lat="22.5387304" lon="113.9364016"><ele>14.4</ele><time>2023-06-10T00:22:44Z</time></trkpt>
      <trkpt lat="22.5387468" lon="113.9364024"><ele>14.5</ele><time>2023-06-10T00:22:45Z</time></trkpt>
      <trkpt lat="22.5387632" lon="113.9364043"><ele>14.6</ele><time>2023-06-10T00:22:46Z</time></trkpt>
      <trkpt lat="22.5387793" lon="113.9364075"><ele>14.7</ele><time>2023-06-10T00:22:47Z</time></trkpt>
      <trkpt lat="22.5387955" lon="113.9364099"><ele>14.8</ele><time>2023-06-10T00:22:48Z</time></trkpt>
      <trkpt lat="22.5388118" lon="113.9364111"><ele>14.9</ele><time>2023-06-10T00:22:49Z</time></trkpt>
      <trkpt lat="22.5388277" lon="113.9364115"><ele>15.0</ele><time>2023-06-10T00:22:50Z</time></trkpt>
      <trkpt lat="22.5388433" lon="113.9364102"><ele>15.1</ele><time>2023-06-10T00:22:51Z</time></trkpt>
      <trkpt lat="22.5388592" lon="113.9364086"><ele>15.2</ele><time>2023-06-10T00:22:52Z</time></trkpt>
      <trkpt lat="22.5388751" lon="113.9364081"><ele>15.3</ele><time>2023-06-10T00:22:53Z</time></trkpt>
      <trkpt lat="22.5388911" lon="113.9364080"><ele>15.4</ele><time>2023-06-10T00:22:54Z</time></trkpt>
      <trkpt lat="22.5389069" lon="113.9364093"><ele>15.5</ele><time>2023-06-10T00:22:55Z</time></trkpt>
      <trkpt lat="22.5389226" lon="113.9364111"><ele>15.6</ele><time>2023-06-10T00:22:56Z</time></trkpt>
      <trkpt lat="22.5389385" lon="113.9364108"><ele>15.7</ele><time>2023-06-10T00:22:57Z</time></trkpt>
      <trkpt lat="22.5389544" lon="113.9364091"><ele>15.8</ele><time>2023-06-10T00:22:58Z</time></trkpt>
      <trkpt lat="22.5389702" lon="113.9364076"><ele>15.9</ele><time>2023-06-10T00:22:59Z</time></trkpt>
      <trkpt lat="22.5389862" lon="113.9364060"><ele>15.9</ele><time>2023-06-10T00:23:00Z</time></trkpt>
      <trkpt lat="22.5390022" lon="113.9364041"><ele>16.0</ele><time>2023-06-10T00:23:01Z</time></trkpt>
      <trkpt lat="22.5390182" lon="113.9364025"><ele>16.1</ele><time>2023-06-10T00:23:02Z</time></trkpt>
      <trkpt lat="22.5390343" lon="113.9364003"><ele>16.2</ele><time>2023-06-10T00:23:03Z</time></trkpt>
      <trkpt lat="22.5390503" lon="113.9363981"><ele>16.3</ele><time>2023-06-10T00:23:04Z</time></trkpt>
      <trkpt lat="22.5390664" lon="113.9363967"><ele>16.4</ele><time>2023-06-10T00:23:05Z</time></trkpt>
      <trkpt lat="22.5390823" lon="113.9363948"><ele>16.4</ele><time>2023-06-10T00:23:06Z</time></trkpt>
      <trkpt lat="22.5390983" lon="113.9363934"><ele>16.5</ele><time>2023-06-10T00:23:07Z</time></trkpt>
      <trkpt lat="22.5391144" lon="113.9363928"><ele>16.6</ele><time>2023-06-10T00:23:08Z</time></trkpt>
      <trkpt lat="22.5391306" lon="113.9363919"><ele>16.6</ele><time>2023-06-10T00:23:09Z</time></trkpt>
      <trkpt lat="22.5391466" lon="113.9363914"><ele>16.7</ele><time>2023-06-10T00:23:10Z</time></trkpt>
      <trkpt lat="22.5391626" lon="113.9363912"><ele>16.7</ele><time>2023-06-10T00:23:11Z</time></trkpt>
      <trkpt lat="22.5391786" lon="113.9363910"><ele>16.8</ele><time>2023-06-10T00:23:12Z</time></trkpt>
      <trkpt lat="22.5391946" lon="113.9363909"><ele>16.8</ele><time>2023-06-10T00:23:13Z</time></trkpt>
      <trkpt lat="22.5392106" lon="113.9363902"><ele>16.9</ele><time>2023-06-10T00:23:14Z</time></trkpt>
      <trkpt lat="22.5392266" lon="113.9363888"><ele>16.9</ele><time>2023-06-10T00:23:15Z</time></trkpt>
      <trkpt lat="22.5392426" lon="113.9363873"><ele>17.0</ele><time>2023-06-10T00:23:16Z</time></trkpt>
      <trkpt lat="22.5392584" lon="113.9363860"><ele>17.0</ele><time>2023-06-10T00:23:17Z</time></trkpt>
      <trkpt lat="22.5392744" lon="113.9363848"><ele>17.0</ele><time>2023-06-10T00:23:18Z</time></trkpt>
      <trkpt lat="22.5392903" lon="113.9363838"><ele>17.0</ele><time>2023-06-10T00:23:19Z</time></trkpt>
      <trkpt lat="22.5393060" lon="113.9363836"><ele>17.1</ele><time>2023-06-10T00:23:20Z</time></trkpt>
      <trkpt lat="22.5393212" lon="113.9363833"><ele>17.1</ele><time>2023-06-10T00:23:21Z</time></trkpt>
      <trkpt lat="22.5393361" lon="113.9363821"><ele>17.1</ele><time>2023-06-10T00:23:22Z</time></trkpt>
      <trkpt lat="22.5393514" lon="113.9363806"><ele>17.1</ele><time>2023-06-10T00:23:23Z</time></trkpt>
      <trkpt lat="22.5393671" lon="113.9363793"><ele>17.1</ele><time>2023-06-10T00:23:24Z</time></trkpt>
      <trkpt lat="22.5393829" lon="113.9363776"><ele>17.1</ele><time>2023-06-10T00:23:25Z</time></trkpt>
      <trkpt lat="22.5393989" lon="113.9363767"><ele>17.1</ele><time>2023-06-10T00:23:26Z</time></trkpt>
      <trkpt lat="22.5394149" lon="113.9363765"><ele>17.1</ele><time>2023-06-10T00:23:27Z</time></trkpt>
      <trkpt lat="22.5394307" lon="113.9363756"><ele>17.1</ele><time>2023-06-10T00:23:28Z</time></trkpt>
      <trkpt lat="22.5394466" lon="113.9363746"><ele>17.1</ele><time>2023-06-10T00:23:29Z</time></trkpt>
      <trkpt lat="22.5394623" lon="113.9363744"><ele>17.1</ele><time>2023-06-10T00:23:30Z</time></trkpt>
      <trkpt lat="22.5394782" lon="113.9363742"><ele>17.1</ele><time>2023-06-10T00:23:31Z</time></trkpt>
      <trkpt lat="22.5394942" lon="113.9363738"><ele>17.0</ele><time>2023-06-10T00:23:32Z</time></trkpt>
      <trkpt lat="22.5395100" lon="113.9363733"><ele>17.0</ele><time>2023-06-10T00:23:33Z</time></trkpt>
      <trkpt lat="22.5395255" lon="113.9363716"><ele>17.0</ele><time>2023-06-10T00:23:34Z</time></trkpt>
      <trkpt lat="22.5395411" lon="113.9363695"><ele>17.0</ele><time>2023-06-10T00:23:35Z</time></trkpt>
      <trkpt lat="22.5395568" lon="113.9363670"><ele>16.9</ele><time>2023-06-10T00:23:36Z</time></trkpt>
      <trkpt lat="22.5395725" lon="113.9363641"><ele>16.9</ele><time>2023-06-10T00:23:37Z</time></trkpt>
      <trkpt lat="22.5395884" lon="113.9363613"><ele>16.8</ele><time>2023-06-10T00:23:38Z</time></trkpt>
      <trkpt lat="22.5396042" lon="113.9363587"><ele>16.8</ele><time>2023-06-10T00:23:39Z</time></trkpt>
      <trkpt lat="22.5396199" lon="113.9363552"><ele>16.7</ele><time>2023-06-10T00:23:40Z</time></trkpt>
      <trkpt lat="22.5396354" lon="113.9363500"><ele>16.7</ele><time>2023-06-10T00:23:41Z</time></trkpt>
      <trkpt lat="22.5396503" lon="113.9363432"><ele>16.6</ele><time>2023-06-10T00:23:42Z</time></trkpt>
      <trkpt lat="22.5396649" lon="113.9363355"><ele>16.6</ele><time>2023-06-10T00:23:43Z</time></trkpt>
      <trkpt lat="22.5396795" lon="113.9363276"><ele>16.5</ele><time>2023-06-10T00:23:44Z</time></trkpt>
      <trkpt lat="22.5396941" lon="113.9363196"><ele>16.5</ele><time>2023-06-10T00:23:45Z</time></trkpt>
      <trkpt lat="22.5397087" lon="113.9363113"><ele>16.4</ele><time>2023-06-10T00:23:46Z</time></trkpt>
      <trkpt lat="22.5397229" lon="113.9363024"><ele>16.3</ele><time>2023-06-10T00:23:47Z</time></trkpt>
      <trkpt lat="22.5397369" lon="113.9362933"><ele>16.3</ele><time>2023-06-10T00:23:48Z</time></trkpt>
      <trkpt lat="22.5397506" lon="113.9362839"><ele>16.2</ele><time>2023-06-10T00:23:49Z</time></trkpt>
      <trkpt lat="22.5397637" lon="113.9362735"><ele>16.2</ele><time>2023-06-10T00:23:50Z</time></trkpt>
      <trkpt lat="22.5397763" lon="113.9362623"><ele>16.1</ele><time>2023-06-10T00:23:51Z</time></trkpt>
      <trkpt lat="22.5397887" lon="113.9362508"><ele>16.0</ele><time>2023-06-10T00:23:52Z</time></trkpt>
      <trkpt lat="22.5398008" lon="113.9362386"><ele>16.0</ele><time>2023-06-10T00:23:53Z</time></trkpt>
      <trkpt lat="22.5398127" lon="113.9362263"><ele>15.9</ele><time>2023-06-10T00:23:54Z</time></trkpt>
      <trkpt lat="22.5398246" lon="113.9362145"><ele>15.9</ele><time>2023-06-10T00:23:55Z</time></trkpt>
      <trkpt lat="22.5398358" lon="113.9362020"><ele>15.8</ele><time>2023-06-10T00:23:56Z</time></trkpt>
      <trkpt lat="22.5398453" lon="113.9361878"><ele>15.8</ele><time>2023-06-10T00:23:57Z</time></trkpt>
      <trkpt lat="22.5398533" lon="113.9361725"><ele>15.7</ele><time>2023-06-10T00:23:58Z</time></trkpt>
      <trkpt lat="22.5398606" lon="113.9361566"><ele>15.7</ele><time>2023-06-10T00:23:59Z</time></trkpt>
      <trkpt lat="22.5398683" lon="113.9361411"><ele>15.7</ele><time>2023-06-10T00:24:00Z</time></trkpt>
      <trkpt lat="22.5398773" lon="113.9361268"><ele>15.7</ele><time>2023-06-10T00:24:01Z</time></trkpt>
      <trkpt lat="22.5398875" lon="113.9361135"><ele>15.6</ele><time>2023-06-10T00:24:02Z</time></trkpt>
      <trkpt lat="22.5398976" lon="113.9361001"><ele>15.6</ele><time>2023-06-10T00:24:03Z</time></trkpt>
      <trkpt lat="22.5399067" lon="113.9360860"><ele>15.6</ele><time>2023-06-10T00:24:04Z</time></trkpt>
      <trkpt lat="22.5399151" lon="113.9360714"><ele>15.6</ele><time>2023-06-10T00:24:05Z</time></trkpt>
      <trkpt lat="22.5399224" lon="113.9360561"><ele>15.6</ele><time>2023-06-10T00:24:06Z</time></trkpt>
      <trkpt lat="22.5399281" lon="113.9360397"><ele>15.6</ele><time>2023-06-10T00:24:07Z</time></trkpt>
      <trkpt lat="22.5399333" lon="113.9360229"><ele>15.6</ele><time>2023-06-10T00:24:08Z</time></trkpt>
      <trkpt lat="22.5399384" lon="113.9360060"><ele>15.6</ele><time>2023-06-10T00:24:09Z</time></trkpt>
      <trkpt lat="22.5399424" lon="113.9359886"><ele>15.6</ele><time>2023-06-10T00:24:10Z</time></trkpt>
      <trkpt lat="22.5399444" lon="113.9359707"><ele>15.6</ele><time>2023-06-10T00:24:11Z</time></trkpt>
      <trkpt lat="22.5399452" lon="113.9359525"><ele>15.7</ele><time>2023-06-10T00:24:12Z</time></trkpt>
      <trkpt lat="22.5399449" lon="113.9359343"><ele>15.7</ele><time>2023-06-10T00:24:13Z</time></trkpt>
      <trkpt lat="22.5399439" lon="113.9359157"><ele>15.7</ele><time>2023-06-10T00:24:14Z</time></trkpt>
      <trkpt lat="22.5399430" lon="113.9358972"><ele>15.7</ele><time>2023-06-10T00:24:15Z</time></trkpt>
      <trkpt lat="22.5399419" lon="113.9358787"><ele>15.7</ele><time>2023-06-10T00:24:16Z</time></trkpt>
      <trkpt lat="22.5399390" lon="113.9358603"><ele>15.7</ele><time>2023-06-10T00:24:17Z</time></trkpt>
      <trkpt lat="22.5399339" lon="113.9358422"><ele>15.7</ele><time>2023-06-10T00:24:18Z</time></trkpt>
      <trkpt lat="22.5399277" lon="113.9358243"><ele>15.8</ele><time>2023-06-10T00:24:19Z</time></trkpt>
      <trkpt lat="22.5399220" lon="113.9358062"><ele>15.8</ele><time>2023-06-10T00:24:20Z</time></trkpt>
      <trkpt lat="22.5399176" lon="113.9357879"><ele>15.8</ele><time>2023-06-10T00:24:21Z</time></trkpt>
      <trkpt lat="22.5399124" lon="113.9357699"><ele>15.8</ele><time>2023-06-10T00:24:22Z</time></trkpt>
      <trkpt lat="22.5399053" lon="113.9357526"><ele>15.8</ele><time>2023-06-10T00:24:23Z</time></trkpt>
      <trkpt lat="22.5398974" lon="113.9357357"><ele>15.8</ele><time>2023-06-10T00:24:24Z</time></trkpt>
      <trkpt lat="22.5398887" lon="113.9357193"><ele>15.8</ele><time>2023-06-10T00:24:25Z</time></trkpt>
      <trkpt lat="22.5398796" lon="113.9357032"><ele>15.8</ele><time>2023-06-10T00:24:26Z</time></trkpt>
      <trkpt lat="22.5398713" lon="113.9356868"><ele>15.8</ele><time>2023-06-10T00:24:27Z</time></trkpt>
      <trkpt lat="22.5398631" lon="113.9356704"><ele>15.8</ele><time>2023-06-10T00:24:28Z</time></trkpt>
      <trkpt lat="22.5398548" lon="113.9356543"><ele>15.8</ele><time>2023-06-10T00:24:29Z</time></trkpt>
      <trkpt lat="22.5398454" lon="113.9356389"><ele>15.8</ele><time>2023-06-10T00:24:30Z</time></trkpt>
      <trkpt lat="22.5398339" lon="113.9356247"><ele>15.7</ele><time>2023-06-10T00:24:31Z</time></trkpt>
      <trkpt lat="22.5398210" lon="113.9356118"><ele>15.7</ele><time>2023-06-10T00:24:32Z</time></trkpt>
      <trkpt lat="22.5398075" lon="113.9356001"><ele>15.7</ele><time>2023-06-10T00:24:33Z</time></trkpt>
      <trkpt lat="22.5397933" lon="113.9355894"><ele>15.7</ele><time>2023-06-10T00:24:34Z</time></trkpt>
      <trkpt lat="22.5397784" lon="113.9355796"><ele>15.6</ele><time>2023-06-10T00:24:35Z</time></trkpt>
      <trkpt lat="22.5397632" lon="113.9355703"><ele>15.6</ele><time>2023-06-10T00:24:36Z</time></trkpt>
      <trkpt lat="22.5397482" lon="113.9355610"><ele>15.6</ele><time>2023-06-10T00:24:37Z</time></trkpt>
      <trkpt lat="22.5397336" lon="113.9355515"><ele>15.5</ele><time>2023-06-10T00:24:38Z</time></trkpt>
      <trkpt lat="22.5397189" lon="113.9355423"><ele>15.5</ele><time>2023-06-10T00:24:39Z</time></trkpt>
      <trkpt lat="22.5397039" lon="113.9355332"><ele>15.4</ele><time>2023-06-10T00:24:40Z</time></trkpt>
      <trkpt lat="22.5396889" lon="113.9355238"><ele>15.4</ele><time>2023-06-10T00:24:41Z</time></trkpt>
      <trkpt lat="22.5396739" lon="113.9355147"><ele>15.3</ele><time>2023-06-10T00:24:42Z</time></trkpt>
      <trkpt lat="22.5396585" lon="113.9355064"><ele>15.3</ele><time>2023-06-10T00:24:43Z</time></trkpt>
      <trkpt lat="22.5396424" lon="113.9355002"><ele>15.2</ele><time>2023-06-10T00:24:44Z</time></trkpt>
      <trkpt lat="22.5396255" lon="113.9354963"><ele>15.1</ele><time>2023-06-10T00:24:45Z</time></trkpt>
      <trkpt lat="22.5396080" lon="113.9354929"><ele>15.1</ele><time>2023-06-10T00:24:46Z</time></trkpt>
      <trkpt lat="22.5395905" lon="113.9354885"><ele>15.0</ele><time>2023-06-10T00:24:47Z</time></trkpt>
      <trkpt lat="22.5395732" lon="113.9354837"><ele>14.9</ele><time>2023-06-10T00:24:48Z</time></trkpt>
      <trkpt lat="22.5395559" lon="113.9354793"><ele>14.9</ele><time>2023-06-10T00:24:49Z</time></trkpt>
      <trkpt lat="22.5395386" lon="113.9354762"><ele>14.8</ele><time>2023-06-10T00:24:50Z</time></trkpt>
      <trkpt lat="22.5395210" lon="113.9354747"><ele>14.8</ele><time>2023-06-10T00:24:51Z</time></trkpt>
      <trkpt lat="22.5395036" lon="113.9354733"><ele>14.7</ele><time>2023-06-10T00:24:52Z</time></trkpt>
      <trkpt lat="22.5394864" lon="113.9354705"><ele>14.6</ele><time>2023-06-10T00:24:53Z</time></trkpt>
      <trkpt lat="22.5394693" lon="113.9354675"><ele>14.6</ele><time>2023-06-10T00:24:54Z</time></trkpt>
      <trkpt lat="22.5394518" lon="113.9354657"><ele>14.5</ele><time>2023-06-10T00:24:55Z</time></trkpt>
      <trkpt lat="22.5394346" lon="113.9354646"><ele>14.5</ele><time>2023-06-10T00:24:56Z</time></trkpt>
      <trkpt lat="22.5394172" lon="113.9354628"><ele>14.5</ele><time>2023-06-10T00:24:57Z</time></trkpt>
      <trkpt lat="22.5393993" lon="113.9354599"><ele>14.4</ele><time>2023-06-10T00:24:58Z</time></trkpt>
      <trkpt lat="22.5393812" lon="113.9354576"><ele>14.4</ele><time>2023-06-10T00:24:59Z</time></trkpt>
      <trkpt lat="22.5393628" lon="113.9354573"><ele>14.4</ele><time>2023-06-10T00:25:00Z</time></trkpt>
      <trkpt lat="22.5393445" lon="113.9354579"><ele>14.3</ele><time>2023-06-10T00:25:01Z</time></trkpt>
      <trkpt lat="22.5393266" lon="113.9354588"><ele>14.3</ele><time>2023-06-10T00:25:02Z</time></trkpt>
      <trkpt lat="22.5393087" lon="113.9354598"><ele>14.3</ele><time>2023-06-10T00:25:03Z</time></trkpt>
      <trkpt lat="22.5392911" lon="113.9354604"><ele>14.3</ele><time>2023-06-10T00:25:04Z</time></trkpt>
      <trkpt lat="22.5392739" lon="113.9354598"><ele>14.2</ele><time>2023-06-10T00:25:05Z</time></trkpt>
      <trkpt lat="22.5392567" lon="113.9354589"><ele>14.2</ele><time>2023-06-10T00:25:06Z</time></trkpt>
      <trkpt lat="22.5392392" lon="113.9354574"><ele>14.2</ele><time>2023-06-10T00:25:07Z</time></trkpt>
      <trkpt lat="22.5392216" lon="113.9354551"><ele>14.2</ele><time>2023-06-10T00:25:08Z</time></trkpt>
      <trkpt lat="22.5392036" lon="113.9354533"><ele>14.2</ele><time>2023-06-10T00:25:09Z</time></trkpt>
      <trkpt lat="22.5391855" lon="113.9354525"><ele>14.2</ele><time>2023-06-10T00:25:10Z</time></trkpt>
      <trkpt lat="22.5391677" lon="113.9354525"><ele>14.2</ele><time>2023-06-10T00:25:11Z</time></trkpt>
      <trkpt lat="22.5391500" lon="113.9354523"><ele>14.1</ele><time>2023-06-10T00:25:12Z</time></trkpt>
      <trkpt lat="22.5391325" lon="113.9354521"><ele>14.1</ele><time>2023-06-10T00:25:13Z</time></trkpt>
      <trkpt lat="22.5391153" lon="113.9354524"><ele>14.1</ele><time>2023-06-10T00:25:14Z</time></trkpt>
      <trkpt lat="22.5390981" lon="113.9354526"><ele>14.1</ele><time>2023-06-10T00:25:15Z</time></trkpt>
      <trkpt lat="22.5390808" lon="113.9354525"><ele>14.1</ele><time>2023-06-10T00:25:16Z</time></trkpt>
      <trkpt lat="22.5390637" lon="113.9354533"><ele>14.1</ele><time>2023-06-10T00:25:17Z</time></trkpt>
      <trkpt lat="22.5390467" lon="113.9354545"><ele>14.1</ele><time>2023-06-10T00:25:18Z</time></trkpt>
      <trkpt lat="22.5390297" lon="113.9354551"><ele>14.1</ele><time>2023-06-10T00:25:19Z</time></trkpt>
      <trkpt lat="22.5390126" lon="113.9354552"><ele>14.1</ele><time>2023-06-10T00:25:20Z</time></trkpt>
      <trkpt lat="22.5389952" lon="113.9354556"><ele>14.1</ele><time>2023-06-10T00:25:21Z</time></trkpt>
      <trkpt lat="22.5389776" lon="113.9354561"><ele>14.1</ele><time>2023-06-10T00:25:22Z</time></trkpt>
      <trkpt lat="22.5389601" lon="113.9354566"><ele>14.1</ele><time>2023-06-10T00:25:23Z</time></trkpt>
      <trkpt lat="22.5389428" lon="113.9354575"><ele>14.1</ele><time>2023-06-10T00:25:24Z</time></trkpt>
      <trkpt lat="22.5389258" lon="113.9354585"><ele>14.1</ele><time>2023-06-10T00:25:25Z</time></trkpt>
      <trkpt lat="22.5389090" lon="113.9354592"><ele>14.1</ele><time>2023-06-10T00:25:26Z</time></trkpt>
      <trkpt lat="22.5388920" lon="113.9354599"><ele>14.1</ele><time>2023-06-10T00:25:27Z</time></trkpt>
      <trkpt lat="22.5388748" lon="113.9354603"><ele>14.1</ele><time>2023-06-10T00:25:28Z</time></trkpt>
      <trkpt lat="22.5388579" lon="113.9354601"><ele>14.0</ele><time>2023-06-10T00:25:29Z</time></trkpt>
      <trkpt lat="22.5388410" lon="113.9354595"><ele>14.0</ele><time>2023-06-10T00:25:30Z</time></trkpt>
      <trkpt lat="22.5388240" lon="113.9354594"><ele>14.0</ele><time>2023-06-10T00:25:31Z</time></trkpt>
      <trkpt lat="22.5388074" lon="113.9354602"><ele>14.0</ele><time>2023-06-10T00:25:32Z</time></trkpt>
      <trkpt lat="22.5387907" lon="113.9354616"><ele>14.0</ele><time>2023-06-10T00:25:33Z</time></trkpt>
      <trkpt lat="22.5387740" lon="113.9354636"><ele>14.0</ele><time>2023-06-10T00:25:34Z</time></trkpt>
      <trkpt lat="22.5387573" lon="113.9354660"><ele>14.0</ele><time>2023-06-10T00:25:35Z</time></trkpt>
      <trkpt lat="22.5387407" lon="113.9354685"><ele>14.0</ele><time>2023-06-10T00:25:36Z</time></trkpt>
      <trkpt lat="22.5387245" lon="113.9354716"><ele>14.0</ele><time>2023-06-10T00:25:37Z</time></trkpt>
      <trkpt lat="22.5387086" lon="113.9354770"><ele>14.0</ele><time>2023-06-10T00:25:38Z</time></trkpt>
      <trkpt lat="22.5386930" lon="113.9354841"><ele>14.0</ele><time>2023-06-10T00:25:39Z</time></trkpt>
      <trkpt lat="22.5386774" lon="113.9354909"><ele>14.0</ele><time>2023-06-10T00:25:40Z</time></trkpt>
      <trkpt lat="22.5386617" lon="113.9354975"><ele>14.0</ele><time>2023-06-10T00:25:41Z</time></trkpt>
      <trkpt lat="22.5386465" lon="113.9355042"><ele>14.0</ele><time>2023-06-10T00:25:42Z</time></trkpt>
      <trkpt lat="22.5386328" lon="113.9355121"><ele>14.0</ele><time>2023-06-10T00:25:43Z</time></trkpt>
      <trkpt lat="22.5386204" lon="113.9355215"><ele>14.0</ele><time>2023-06-10T00:25:44Z</time></trkpt>
      <trkpt lat="22.5386086" lon="113.9355320"><ele>14.0</ele><time>2023-06-10T00:25:45Z</time></trkpt>
      <trkpt lat="22.5385964" lon="113.9355428"><ele>14.0</ele><time>2023-06-10T00:25:46Z</time></trkpt>
      <trkpt lat="22.5385838" lon="113.9355536"><ele>14.0</ele><time>2023-06-10T00:25:47Z</time></trkpt>
      <trkpt lat="22.5385718" lon="113.9355653"><ele>14.0</ele><time>2023-06-10T00:25:48Z</time></trkpt>
      <trkpt lat="22.5385608" lon="113.9355781"><ele>14.0</ele><time>2023-06-10T00:25:49Z</time></trkpt>
      <trkpt lat="22.5385500" lon="113.9355915"><ele>14.1</ele><time>2023-06-10T00:25:50Z</time></trkpt>
      <trkpt lat="22.5385387" lon="113.9356045"><ele>14.1</ele><time>2023-06-10T00:25:51Z</time></trkpt>
      <trkpt lat="22.5385268" lon="113.9356171"><ele>14.1</ele><time>2023-06-10T00:25:52Z</time></trkpt>
      <trkpt lat="22.5385153" lon="113.9356298"><ele>14.1</ele><time>2023-06-10T00:25:53Z</time></trkpt>
      <trkpt lat="22.5385043" lon="113.9356427"><ele>14.1</ele><time>2023-06-10T00:25:54Z</time></trkpt>
      <trkpt lat="22.5384935" lon="113.9356556"><ele>14.1</ele><time>2023-06-10T00:25:55Z</time></trkpt>
      <trkpt lat="22.5384828" lon="113.9356690"><ele>14.2</ele><time>2023-06-10T00:25:56Z</time></trkpt>
      <trkpt lat="22.5384723" lon="113.9356825"><ele>14.2</ele><time>2023-06-10T00:25:57Z</time></trkpt>
      <trkpt lat="22.5384622" lon="113.9356963"><ele>14.2</ele><time>2023-06-10T00:25:58Z</time></trkpt>
      <trkpt lat="22.5384533" lon="113.9357110"><ele>14.2</ele><time>2023-06-10T00:25:59Z</time></trkpt>
      <trkpt lat="22.5384452" lon="113.9357265"><ele>14.3</ele><time>2023-06-10T00:26:00Z</time></trkpt>
      <trkpt lat="22.5384376" lon="113.9357421"><ele>14.3</ele><time>2023-06-10T00:26:01Z</time></trkpt>
      <trkpt lat="22.5384306" lon="113.9357580"><ele>14.3</ele><time>2023-06-10T00:26:02Z</time></trkpt>
      <trkpt lat="22.5384243" lon="113.9357745"><ele>14.4</ele><time>2023-06-10T00:26:03Z</time></trkpt>
      <trkpt lat="22.5384191" lon="113.9357912"><ele>14.4</ele><time>2023-06-10T00:26:04Z</time></trkpt>
      <trkpt lat="22.5384151" lon="113.9358081"><ele>14.4</ele><time>2023-06-10T00:26:05Z</time></trkpt>
      <trkpt lat="22.5384116" lon="113.9358248"><ele>14.5</ele><time>2023-06-10T00:26:06Z</time></trkpt>
      <trkpt lat="22.5384084" lon="113.9358405"><ele>14.5</ele><time>2023-06-10T00:26:07Z</time></trkpt>
      <trkpt lat="22.5384056" lon="113.9358559"><ele>14.5</ele><time>2023-06-10T00:26:08Z</time></trkpt>
      <trkpt lat="22.5384021" lon="113.9358721"><ele>14.6</ele><time>2023-06-10T00:26:09Z</time></trkpt>
      <trkpt lat="22.5383984" lon="113.9358889"><ele>14.6</ele><time>2023-06-10T00:26:10Z</time></trkpt>
      <trkpt lat="22.5383954" lon="113.9359058"><ele>14.7</ele><time>2023-06-10T00:26:11Z</time></trkpt>
      <trkpt lat="22.5383930" lon="113.9359228"><ele>14.7</ele><time>2023-06-10T00:26:12Z</time></trkpt>
      <trkpt lat="22.5383915" lon="113.9359399"><ele>14.8</ele><time>2023-06-10T00:26:13Z</time></trkpt>
      <trkpt lat="22.5383919" lon="113.9359569"><ele>14.8</ele><time>2023-06-10T00:26:14Z</time></trkpt>
      <trkpt lat="22.5383932" lon="113.9359737"><ele>14.9</ele><time>2023-06-10T00:26:15Z</time></trkpt>
      <trkpt lat="22.5383945" lon="113.9359905"><ele>14.9</ele><time>2023-06-10T00:26:16Z</time></trkpt>
      <trkpt lat="22.5383956" lon="113.9360073"><ele>15.0</ele><time>2023-06-10T00:26:17Z</time></trkpt>
      <trkpt lat="22.5383969" lon="113.9360241"><ele>15.0</ele><time>2023-06-10T00:26:18Z</time></trkpt>
      <trkpt lat="22.5383983" lon="113.9360409"><ele>15.1</ele><time>2023-06-10T00:26:19Z</time></trkpt>
      <trkpt lat="22.5383985" lon="113.9360576"><ele>15.1</ele><time>2023-06-10T00:26:20Z</time></trkpt>
      <trkpt lat="22.5383987" lon="113.9360741"><ele>15.2</ele><time>2023-06-10T00:26:21Z</time></trkpt>
      <trkpt lat="22.5384015" lon="113.9360906"><ele>15.3</ele><time>2023-06-10T00:26:22Z</time></trkpt>
      <trkpt lat="22.5384063" lon="113.9361068"><ele>15.3</ele><time>2023-06-10T00:26:23Z</time></trkpt>
      <trkpt lat="22.5384118" lon="113.9361227"><ele>15.4</ele><time>2023-06-10T00:26:24Z</time></trkpt>
      <trkpt lat="22.5384176" lon="113.9361384"><ele>15.5</ele><time>2023-06-10T00:26:25Z</time></trkpt>
      <trkpt lat="22.5384240" lon="113.9361539"><ele>15.5</ele><time>2023-06-10T00:26:26Z</time></trkpt>
      <trkpt lat="22.5384312" lon="113.9361691"><ele>15.6</ele><time>2023-06-10T00:26:27Z</time></trkpt>
      <trkpt lat="22.5384388" lon="113.9361841"><ele>15.7</ele><time>2023-06-10T00:26:28Z</time></trkpt>
      <trkpt lat="22.5384469" lon="113.9361987"><ele>15.7</ele><time>2023-06-10T00:26:29Z</time></trkpt>
      <trkpt lat="22.5384564" lon="113.9362125"><ele>15.8</ele><time>2023-06-10T00:26:30Z</time></trkpt>
      <trkpt lat="22.5384670" lon="113.9362254"><ele>15.9</ele><time>2023-06-10T00:26:31Z</time></trkpt>
      <trkpt lat="22.5384775" lon="113.9362382"><ele>15.9</ele><time>2023-06-10T00:26:32Z</time></trkpt>
      <trkpt lat="22.5384881" lon="113.9362510"><ele>16.0</ele><time>2023-06-10T00:26:33Z</time></trkpt>
      <trkpt lat="22.5384997" lon="113.9362630"><ele>16.1</ele><time>2023-06-10T00:26:34Z</time></trkpt>
      <trkpt lat="22.5385128" lon="113.9362732"><ele>16.1</ele><time>2023-06-10T00:26:35Z</time></trkpt>
      <trkpt lat="22.5385269" lon="113.9362820"><ele>16.2</ele><time>2023-06-10T00:26:36Z</time></trkpt>
      <trkpt lat="22.5385410" lon="113.9362909"><ele>16.2</ele><time>2023-06-10T00:26:37Z</time></trkpt>
      <trkpt lat="22.5385544" lon="113.9363007"><ele>16.2</ele><time>2023-06-10T00:26:38Z</time></trkpt>
      <trkpt lat="22.5385673" lon="113.9363110"><ele>16.3</ele><time>2023-06-10T00:26:39Z</time></trkpt>
      <trkpt lat="22.5385801" lon="113.9363216"><ele>16.3</ele><time>2023-06-10T00:26:40Z</time></trkpt>
      <trkpt lat="22.5385928" lon="113.9363321"><ele>16.4</ele><time>2023-06-10T00:26:41Z</time></trkpt>
      <trkpt lat="22.5386061" lon="113.9363418"><ele>16.4</ele><time>2023-06-10T00:26:42Z</time></trkpt>
      <trkpt lat="22.5386197" lon="113.9363510"><ele>16.4</ele><time>2023-06-10T00:26:43Z</time></trkpt>
      <trkpt lat="22.5386338" lon="113.9363597"><ele>16.4</ele><time>2023-06-10T00:26:44Z</time></trkpt>
      <trkpt lat="22.5386486" lon="113.9363672"><ele>16.4</ele><time>2023-06-10T00:26:45Z</time></trkpt>
      <trkpt lat="22.5386642" lon="113.9363729"><ele>16.4</ele><time>2023-06-10T00:26:46Z</time></trkpt>
      <trkpt lat="22.5386802" lon="113.9363775"><ele>16.4</ele><time>2023-06-10T00:26:47Z</time></trkpt>
      <trkpt lat="22.5386962" lon="113.9363818"><ele>16.4</ele><time>2023-06-10T00:26:48Z</time></trkpt>
      <trkpt lat="22.5387123" lon="113.9363853"><ele>16.4</ele><time>2023-06-10T00:26:49Z</time></trkpt>
      <trkpt lat="22.5387285" lon="113.9363880"><ele>16.3</ele><time>2023-06-10T00:26:50Z</time></trkpt>
      <trkpt lat="22.5387446" lon="113.9363905"><ele>16.3</ele><time>2023-06-10T00:26:51Z</time></trkpt>
      <trkpt lat="22.5387608" lon="113.9363920"><ele>16.3</ele><time>2023-06-10T00:26:52Z</time></trkpt>
      <trkpt lat="22.5387769" lon="113.9363929"><ele>16.2</ele><time>2023-06-10T00:26:53Z</time></trkpt>
      <trkpt lat="22.5387929" lon="113.9363937"><ele>16.2</ele><time>2023-06-10T00:26:54Z</time></trkpt>
      <trkpt lat="22.5388090" lon="113.9363938"><ele>16.1</ele><time>2023-06-10T00:26:55Z</time></trkpt>
      <trkpt lat="22.5388250" lon="113.9363941"><ele>16.1</ele><time>2023-06-10T00:26:56Z</time></trkpt>
      <trkpt lat="22.5388409" lon="113.9363949"><ele>16.0</ele><time>2023-06-10T00:26:57Z</time></trkpt>
      <trkpt lat="22.5388567" lon="113.9363951"><ele>16.0</ele><time>2023-06-10T00:26:58Z</time></trkpt>
      <trkpt lat="22.5388726" lon="113.9363957"><ele>15.9</ele><time>2023-06-10T00:26:59Z</time></trkpt>
      <trkpt lat="22.5388884" lon="113.9363977"><ele>15.8</ele><time>2023-06-10T00:27:00Z</time></trkpt>
      <trkpt lat="22.5389041" lon="113.9363992"><ele>15.8</ele><time>2023-06-10T00:27:01Z</time></trkpt>
      <trkpt lat="22.5389198" lon="113.9364002"><ele>15.7</ele><time>2023-06-10T00:27:02Z</time></trkpt>
      <trkpt lat="22.5389356" lon="113.9364009"><ele>15.6</ele><time>2023-06-10T00:27:03Z</time></trkpt>
      <trkpt lat="22.5389515" lon="113.9364003"><ele>15.6</ele><time>2023-06-10T00:27:04Z</time></trkpt>
      <trkpt lat="22.5389674" lon="113.9364002"><ele>15.5</ele><time>2023-06-10T00:27:05Z</time></trkpt>
      <trkpt lat="22.5389831" lon="113.9364014"><ele>15.4</ele><time>2023-06-10T00:27:06Z</time></trkpt>
      <trkpt lat="22.5389987" lon="113.9364025"><ele>15.4</ele><time>2023-06-10T00:27:07Z</time></trkpt>
      <trkpt lat="22.5390142" lon="113.9364035"><ele>15.3</ele><time>2023-06-10T00:27:08Z</time></trkpt>
      <trkpt lat="22.5390298" lon="113.9364034"><ele>15.2</ele><time>2023-06-10T00:27:09Z</time></trkpt>
      <trkpt lat="22.5390454" lon="113.9364012"><ele>15.2</ele><time>2023-06-10T00:27:10Z</time></trkpt>
      <trkpt lat="22.5390612" lon="113.9363985"><ele>15.1</ele><time>2023-06-10T00:27:11Z</time></trkpt>
      <trkpt lat="22.5390769" lon="113.9363961"><ele>15.0</ele><time>2023-06-10T00:27:12Z</time></trkpt>
      <trkpt lat="22.5390927" lon="113.9363940"><ele>15.0</ele><time>2023-06-10T00:27:13Z</time></trkpt>
      <trkpt lat="22.5391084" lon="113.9363927"><ele>14.9</ele><time>2023-06-10T00:27:14Z</time></trkpt>
      <trkpt lat="22.5391242" lon="113.9363922"><ele>14.9</ele><time>2023-06-10T00:27:15Z</time></trkpt>
      <trkpt lat="22.5391400" lon="113.9363910"><ele>14.8</ele><time>2023-06-10T00:27:16Z</time></trkpt>
      <trkpt lat="22.5391558" lon="113.9363885"><ele>14.8</ele><time>2023-06-10T00:27:17Z</time></trkpt>
      <trkpt lat="22.5391714" lon="113.9363862"><ele>14.7</ele><time>2023-06-10T00:27:18Z</time></trkpt>
      <trkpt lat="22.5391866" lon="113.9363852"><ele>14.7</ele><time>2023-06-10T00:27:19Z</time></trkpt>
      <trkpt lat="22.5392018" lon="113.9363853"><ele>14.7</ele><time>2023-06-10T00:27:20Z</time></trkpt>
      <trkpt lat="22.5392173" lon="113.9363860"><ele>14.6</ele><time>2023-06-10T00:27:21Z</time></trkpt>
      <trkpt lat="22.5392329" lon="113.9363865"><ele>14.6</ele><time>2023-06-10T00:27:22Z</time></trkpt>
      <trkpt lat="22.5392486" lon="113.9363853"><ele>14.6</ele><time>2023-06-10T00:27:23Z</time></trkpt>
      <trkpt lat="22.5392644" lon="113.9363835"><ele>14.5</ele><time>2023-06-10T00:27:24Z</time></trkpt>
      <trkpt lat="22.5392801" lon="113.9363821"><ele>14.5</ele><time>2023-06-10T00:27:25Z</time></trkpt>
      <trkpt lat="22.5392956" lon="113.9363809"><ele>14.5</ele><time>2023-06-10T00:27:26Z</time></trkpt>
      <trkpt lat="22.5393109" lon="113.9363799"><ele>14.5</ele><time>2023-06-10T00:27:27Z</time></trkpt>
      <trkpt lat="22.5393260" lon="113.9363795"><ele>14.4</ele><time>2023-06-10T00:27:28Z</time></trkpt>
      <trkpt lat="22.5393414" lon="113.9363789"><ele>14.4</ele><time>2023-06-10T00:27:29Z</time></trkpt>
      <trkpt lat="22.5393567" lon="113.9363775"><ele>14.4</ele><time>2023-06-10T00:27:30Z</time></trkpt>
      <trkpt lat="22.5393719" lon="113.9363768"><ele>14.4</ele><time>2023-06-10T00:27:31Z</time></trkpt>
      <trkpt lat="22.5393870" lon="113.9363767"><ele>14.4</ele><time>2023-06-10T00:27:32Z</time></trkpt>
      <trkpt lat="22.5394024" lon="113.9363762"><ele>14.4</ele><time>2023-06-10T00:27:33Z</time></trkpt>
      <trkpt lat="22.5394178" lon="113.9363761"><ele>14.4</ele><time>2023-06-10T00:27:34Z</time></trkpt>
      <trkpt lat="22.5394330" lon="113.9363757"><ele>14.3</ele><time>2023-06-10T00:27:35Z</time></trkpt>
      <trkpt lat="22.5394482" lon="113.9363743"><ele>14.3</ele><time>2023-06-10T00:27:36Z</time></trkpt>
      <trkpt lat="22.5394632" lon="113.9363725"><ele>14.3</ele><time>2023-06-10T00:27:37Z</time></trkpt>
      <trkpt lat="22.5394779" lon="113.9363704"><ele>14.3</ele><time>2023-06-10T00:27:38Z</time></trkpt>
      <trkpt lat="22.5394929" lon="113.9363686"><ele>14.3</ele><time>2023-06-10T00:27:39Z</time></trkpt>
      <trkpt lat="22.5395084" lon="113.9363678"><ele>14.3</ele><time>2023-06-10T00:27:40Z</time></trkpt>
      <trkpt lat="22.5395238" lon="113.9363673"><ele>14.3</ele><time>2023-06-10T00:27:41Z</time></trkpt>
      <trkpt lat="22.5395390" lon="113.9363668"><ele>14.3</ele><time>2023-06-10T00:27:42Z</time></trkpt>
      <trkpt lat="22.5395533" lon="113.9363666"><ele>14.3</ele><time>2023-06-10T00:27:43Z</time></trkpt>
      <trkpt lat="22.5395656" lon="113.9363664"><ele>14.3</ele><time>2023-06-10T00:27:44Z</time></trkpt>
      <trkpt lat="22.5395775" lon="113.9363671"><ele>14.3</ele><time>2023-06-10T00:27:45Z</time></trkpt>
      <trkpt lat="22.5395912" lon="113.9363683"><ele>14.3</ele><time>2023-06-10T00:27:46Z</time></trkpt>
      <trkpt lat="22.5396060" lon="113.9363679"><ele>14.3</ele><time>2023-06-10T00:27:47Z</time></trkpt>
      <trkpt lat="22.5396209" lon="113.9363649"><ele>14.3</ele><time>2023-06-10T00:27:48Z</time></trkpt>
      <trkpt lat="22.5396358" lon="113.9363603"><ele>14.3</ele><time>2023-06-10T00:27:49Z</time></trkpt>
      <trkpt lat="22.5396504" lon="113.9363542"><ele>14.3</ele><time>2023-06-10T00:27:50Z</time></trkpt>
      <trkpt lat="22.5396643" lon="113.9363466"><ele>14.3</ele><time>2023-06-10T00:27:51Z</time></trkpt>
      <trkpt lat="22.5396779" lon="113.9363386"><ele>14.3</ele><time>2023-06-10T00:27:52Z</time></trkpt>
      <trkpt lat="22.5396918" lon="113.9363311"><ele>14.4</ele><time>2023-06-10T00:27:53Z</time></trkpt>
      <trkpt lat="22.5397056" lon="113.9363236"><ele>14.4</ele><time>2023-06-10T00:27:54Z</time></trkpt>
      <trkpt lat="22.5397195" lon="113.9363160"><ele>14.4</ele><time>2023-06-10T00:27:55Z</time></trkpt>
      <trkpt lat="22.5397336" lon="113.9363085"><ele>14.4</ele><time>2023-06-10T00:27:56Z</time></trkpt>
      <trkpt lat="22.5397477" lon="113.9363011"><ele>14.4</ele><time>2023-06-10T00:27:57Z</time></trkpt>
      <trkpt lat="22.5397615" lon="113.9362930"><ele>14.4</ele><time>2023-06-10T00:27:58Z</time></trkpt>
      <trkpt lat="22.5397746" lon="113.9362836"><ele>14.4</ele><time>2023-06-10T00:27:59Z</time></trkpt>
      <trkpt lat="22.5397869" lon="113.9362730"><ele>14.4</ele><time>2023-06-10T00:28:00Z</time></trkpt>
      <trkpt lat="22.5397986" lon="113.9362613"><ele>14.5</ele><time>2023-06-10T00:28:01Z</time></trkpt>
      <trkpt lat="22.5398104" lon="113.9362499"><ele>14.5</ele><time>2023-06-10T00:28:02Z</time></trkpt>
      <trkpt lat="22.5398221" lon="113.9362385"><ele>14.5</ele><time>2023-06-10T00:28:03Z</time></trkpt>
      <trkpt lat="22.5398330" lon="113.9362262"><ele>14.6</ele><time>2023-06-10T00:28:04Z</time></trkpt>
      <trkpt lat="22.5398433" lon="113.9362132"><ele>14.6</ele><time>2023-06-10T00:28:05Z</time></trkpt>
      <trkpt lat="22.5398526" lon="113.9361996"><ele>14.6</ele><time>2023-06-10T00:28:06Z</time></trkpt>
      <trkpt lat="22.5398607" lon="113.9361845"><ele>14.7</ele><time>2023-06-10T00:28:07Z</time></trkpt>
      <trkpt lat="22.5398683" lon="113.9361681"><ele>14.7</ele><time>2023-06-10T00:28:08Z</time></trkpt>
      <trkpt lat="22.5398761" lon="113.9361523"><ele>14.8</ele><time>2023-06-10T00:28:09Z</time></trkpt>
      <trkpt lat="22.5398842" lon="113.9361373"><ele>14.8</ele><time>2023-06-10T00:28:10Z</time></trkpt>
      <trkpt lat="22.5398918" lon="113.9361222"><ele>14.9</ele><time>2023-06-10T00:28:11Z</time></trkpt>
      <trkpt lat="22.5398990" lon="113.9361066"><ele>14.9</ele><time>2023-06-10T00:28:12Z</time></trkpt>
      <trkpt lat="22.5399052" lon="113.9360905"><ele>15.0</ele><time>2023-06-10T00:28:13Z</time></trkpt>
      <trkpt lat="22.5399104" lon="113.9360738"><ele>15.0</ele><time>2023-06-10T00:28:14Z</time></trkpt>
      <trkpt lat="22.5399142" lon="113.9360567"><ele>15.1</ele><time>2023-06-10T00:28:15Z</time></trkpt>
      <trkpt lat="22.5399164" lon="113.9360391"><ele>15.1</ele><time>2023-06-10T00:28:16Z</time></trkpt>
      <trkpt lat="22.5399170" lon="113.9360212"><ele>15.2</ele><time>2023-06-10T00:28:17Z</time></trkpt>
      <trkpt lat="22.5399164" lon="113.9360031"><ele>15.2</ele><time>2023-06-10T00:28:18Z</time></trkpt>
      <trkpt lat="22.5399147" lon="113.9359851"><ele>15.3</ele><time>2023-06-10T00:28:19Z</time></trkpt>
      <trkpt lat="22.5399129" lon="113.9359672"><ele>15.4</ele><time>2023-06-10T00:28:20Z</time></trkpt>
      <trkpt lat="22.5399128" lon="113.9359497"><ele>15.4</ele><time>2023-06-10T00:28:21Z</time></trkpt>
      <trkpt lat="22.5399135" lon="113.9359326"><ele>15.5</ele><time>2023-06-10T00:28:22Z</time></trkpt>
      <trkpt lat="22.5399139" lon="113.9359155"><ele>15.5</ele><time>2023-06-10T00:28:23Z</time></trkpt>
      <trkpt lat="22.5399137" lon="113.9358982"><ele>15.6</ele><time>2023-06-10T00:28:24Z</time></trkpt>
      <trkpt lat="22.5399126" lon="113.9358810"><ele>15.6</ele><time>2023-06-10T00:28:25Z</time></trkpt>
      <trkpt lat="22.5399107" lon="113.9358639"><ele>15.7</ele><time>2023-06-10T00:28:26Z</time></trkpt>
      <trkpt lat="22.5399088" lon="113.9358468"><ele>15.7</ele><time>2023-06-10T00:28:27Z</time></trkpt>
      <trkpt lat="22.5399064" lon="113.9358298"><ele>15.8</ele><time>2023-06-10T00:28:28Z</time></trkpt>
      <trkpt lat="22.5399024" lon="113.9358133"><ele>15.8</ele><time>2023-06-10T00:28:29Z</time></trkpt>
      <trkpt lat="22.5398979" lon="113.9357970"><ele>15.9</ele><time>2023-06-10T00:28:30Z</time></trkpt>
      <trkpt lat="22.5398932" lon="113.9357809"><ele>15.9</ele><time>2023-06-10T00:28:31Z</time></trkpt>
      <trkpt lat="22.5398882" lon="113.9357647"><ele>15.9</ele><time>2023-06-10T00:28:32Z</time></trkpt>
      <trkpt lat="22.5398828" lon="113.9357487"><ele>16.0</ele><time>2023-06-10T00:28:33Z</time></trkpt>
      <trkpt lat="22.5398770" lon="113.9357328"><ele>16.0</ele><time>2023-06-10T00:28:34Z</time></trkpt>
      <trkpt lat="22.5398710" lon="113.9357170"><ele>16.0</ele><time>2023-06-10T00:28:35Z</time></trkpt>
      <trkpt lat="22.5398648" lon="113.9357014"><ele>16.0</ele><time>2023-06-10T00:28:36Z</time></trkpt>
      <trkpt lat="22.5398587" lon="113.9356857"><ele>16.1</ele><time>2023-06-10T00:28:37Z</time></trkpt>
      <trkpt lat="22.5398514" lon="113.9356704"><ele>16.1</ele><time>2023-06-10T00:28:38Z</time></trkpt>
      <trkpt lat="22.5398422" lon="113.9356559"><ele>16.1</ele><time>2023-06-10T00:28:39Z</time></trkpt>
      <trkpt lat="22.5398324" lon="113.9356420"><ele>16.1</ele><time>2023-06-10T00:28:40Z</time></trkpt>
      <trkpt lat="22.5398221" lon="113.9356283"><ele>16.1</ele><time>2023-06-10T00:28:41Z</time></trkpt>
      <trkpt lat="22.5398117" lon="113.9356147"><ele>16.1</ele><time>2023-06-10T00:28:42Z</time></trkpt>
      <trkpt lat="22.5398006" lon="113.9356020"><ele>16.1</ele><time>2023-06-10T00:28:43Z</time></trkpt>
      <trkpt lat="22.5397877" lon="113.9355911"><ele>16.1</ele><time>2023-06-10T00:28:44Z</time></trkpt>
      <trkpt lat="22.5397743" lon="113.9355808"><ele>16.0</ele><time>2023-06-10T00:28:45Z</time></trkpt>
      <trkpt lat="22.5397613" lon="113.9355702"><ele>16.0</ele><time>2023-06-10T00:28:46Z</time></trkpt>
      <trkpt lat="22.5397479" lon="113.9355602"><ele>16.0</ele><time>2023-06-10T00:28:47Z</time></trkpt>
      <trkpt lat="22.5397339" lon="113.9355512"><ele>16.0</ele><time>2023-06-10T00:28:48Z</time></trkpt>
      <trkpt lat="22.5397196" lon="113.9355425"><ele>15.9</ele><time>2023-06-10T00:28:49Z</time></trkpt>
      <trkpt lat="22.5397051" lon="113.9355336"><ele>15.9</ele><time>2023-06-10T00:28:50Z</time></trkpt>
      <trkpt lat="22.5396906" lon="113.9355246"><ele>15.9</ele><time>2023-06-10T00:28:51Z</time></trkpt>
      <trkpt lat="22.5396759" lon="113.9355164"><ele>15.8</ele><time>2023-06-10T00:28:52Z</time></trkpt>
      <trkpt lat="22.5396608" lon="113.9355094"><ele>15.8</ele><time>2023-06-10T00:28:53Z</time></trkpt>
      <trkpt lat="22.5396452" lon="113.9355035"><ele>15.7</ele><time>2023-06-10T00:28:54Z</time></trkpt>
      <trkpt lat="22.5396295" lon="113.9354981"><ele>15.7</ele><time>2023-06-10T00:28:55Z</time></trkpt>
      <trkpt lat="22.5396135" lon="113.9354933"><ele>15.6</ele><time>2023-06-10T00:28:56Z</time></trkpt>
      <trkpt lat="22.5395972" lon="113.9354893"><ele>15.6</ele><time>2023-06-10T00:28:57Z</time></trkpt>
      <trkpt lat="22.5395809" lon="113.9354853"><ele>15.5</ele><time>2023-06-10T00:28:58Z</time></trkpt>
      <trkpt lat="22.5395645" lon="113.9354815"><ele>15.4</ele><time>2023-06-10T00:28:59Z</time></trkpt>
      <trkpt lat="22.5395481" lon="113.9354782"><ele>15.3</ele><time>2023-06-10T00:29:00Z</time></trkpt>
      <trkpt lat="22.5395319" lon="113.9354744"><ele>15.2</ele><time>2023-06-10T00:29:01Z</time></trkpt>
      <trkpt lat="22.5395157" lon="113.9354711"><ele>15.2</ele><time>2023-06-10T00:29:02Z</time></trkpt>
      <trkpt lat="22.5394992" lon="113.9354693"><ele>15.1</ele><time>2023-06-10T00:29:03Z</time></trkpt>
      <trkpt lat="22.5394826" lon="113.9354688"><ele>14.9</ele><time>2023-06-10T00:29:04Z</time></trkpt>
      <trkpt lat="22.5394659" lon="113.9354700"><ele>14.8</ele><time>2023-06-10T00:29:05Z</time></trkpt>
      <trkpt lat="22.5394493" lon="113.9354728"><ele>14.7</ele><time>2023-06-10T00:29:06Z</time></trkpt>
      <trkpt lat="22.5394329" lon="113.9354765"><ele>14.6</ele><time>2023-06-10T00:29:07Z</time></trkpt>
      <trkpt lat="22.5394163" lon="113.9354787"><ele>14.5</ele><time>2023-06-10T00:29:08Z</time></trkpt>
      <trkpt lat="22.5393996" lon="113.9354793"><ele>14.4</ele><time>2023-06-10T00:29:09Z</time></trkpt>
      <trkpt lat="22.5393830" lon="113.9354797"><ele>14.2</ele><time>2023-06-10T00:29:10Z</time></trkpt>
      <trkpt lat="22.5393666" lon="113.9354798"><ele>14.1</ele><time>2023-06-10T00:29:11Z</time></trkpt>
      <trkpt lat="22.5393502" lon="113.9354801"><ele>13.9</ele><time>2023-06-10T00:29:12Z</time></trkpt>
      <trkpt lat="22.5393340" lon="113.9354813"><ele>13.8</ele><time>2023-06-10T00:29:13Z</time></trkpt>
      <trkpt lat="22.5393179" lon="113.9354822"><ele>13.6</ele><time>2023-06-10T00:29:14Z</time></trkpt>
      <trkpt lat="22.5393018" lon="113.9354831"><ele>13.5</ele><time>2023-06-10T00:29:15Z</time></trkpt>
      <trkpt lat="22.5392858" lon="113.9354844"><ele>13.3</ele><time>2023-06-10T00:29:16Z</time></trkpt>
      <trkpt lat="22.5392699" lon="113.9354857"><ele>13.2</ele><time>2023-06-10T00:29:17Z</time></trkpt>
      <trkpt lat="22.5392541" lon="113.9354871"><ele>13.0</ele><time>2023-06-10T00:29:18Z</time></trkpt>
      <trkpt lat="22.5392382" lon="113.9354885"><ele>12.9</ele><time>2023-06-10T00:29:19Z</time></trkpt>
      <trkpt lat="22.5392224" lon="113.9354887"><ele>12.7</ele><time>2023-06-10T00:29:20Z</time></trkpt>
      <trkpt lat="22.5392067" lon="113.9354883"><ele>12.6</ele><time>2023-06-10T00:29:21Z</time></trkpt>
      <trkpt lat="22.5391911" lon="113.9354884"><ele>12.4</ele><time>2023-06-10T00:29:22Z</time></trkpt>
      <trkpt lat="22.5391755" lon="113.9354881"><ele>12.3</ele><time>2023-06-10T00:29:23Z</time></trkpt>
      <trkpt lat="22.5391598" lon="113.9354880"><ele>12.1</ele><time>2023-06-10T00:29:24Z</time></trkpt>
      <trkpt lat="22.5391443" lon="113.9354889"><ele>12.0</ele><time>2023-06-10T00:29:25Z</time></trkpt>
      <trkpt lat="22.5391289" lon="113.9354897"><ele>11.9</ele><time>2023-06-10T00:29:26Z</time></trkpt>
      <trkpt lat="22.5391135" lon="113.9354897"><ele>11.7</ele><time>2023-06-10T00:29:27Z</time></trkpt>
      <trkpt lat="22.5390980" lon="113.9354898"><ele>11.6</ele><time>2023-06-10T00:29:28Z</time></trkpt>
      <trkpt lat="22.5390824" lon="113.9354894"><ele>11.5</ele><time>2023-06-10T00:29:29Z</time></trkpt>
      <trkpt lat="22.5390668" lon="113.9354882"><ele>11.4</ele><time>2023-06-10T00:29:30Z</time></trkpt>
      <trkpt lat="22.5390512" lon="113.9354873"><ele>11.3</ele><time>2023-06-10T00:29:31Z</time></trkpt>
      <trkpt lat="22.5390355" lon="113.9354869"><ele>11.2</ele><time>2023-06-10T00:29:32Z</time></trkpt>
      <trkpt lat="22.5390198" lon="113.9354863"><ele>11.1</ele><time>2023-06-10T00:29:33Z</time></trkpt>
      <trkpt lat="22.5390041" lon="113.9354857"><ele>11.0</ele><time>2023-06-10T00:29:34Z</time></trkpt>
      <trkpt lat="22.5389883" lon="113.9354854"><ele>10.9</ele><time>2023-06-10T00:29:35Z</time></trkpt>
      <trkpt lat="22.5389727" lon="113.9354850"><ele>10.9</ele><time>2023-06-10T00:29:36Z</time></trkpt>
      <trkpt lat="22.5389571" lon="113.9354847"><ele>10.8</ele><time>2023-06-10T00:29:37Z</time></trkpt>
      <trkpt lat="22.5389415" lon="113.9354849"><ele>10.7</ele><time>2023-06-10T00:29:38Z</time></trkpt>
      <trkpt lat="22.5389259" lon="113.9354852"><ele>10.7</ele><time>2023-06-10T00:29:39Z</time></trkpt>
      <trkpt lat="22.5389102" lon="113.9354860"><ele>10.7</ele><time>2023-06-10T00:29:40Z</time></trkpt>
      <trkpt lat="22.5388946" lon="113.9354881"><ele>10.6</ele><time>2023-06-10T00:29:41Z</time></trkpt>
      <trkpt lat="22.5388790" lon="113.9354902"><ele>10.6</ele><time>2023-06-10T00:29:42Z</time></trkpt>
      <trkpt lat="22.5388634" lon="113.9354914"><ele>10.6</ele><time>2023-06-10T00:29:43Z</time></trkpt>
      <trkpt lat="22.5388476" lon="113.9354919"><ele>10.5</ele><time>2023-06-10T00:29:44Z</time></trkpt>
      <trkpt lat="22.5388320" lon="113.9354925"><ele>10.5</ele><time>2023-06-10T00:29:45Z</time></trkpt>
      <trkpt lat="22.5388164" lon="113.9354933"><ele>10.5</ele><time>2023-06-10T00:29:46Z</time></trkpt>
      <trkpt lat="22.5388008" lon="113.9354942"><ele>10.5</ele><time>2023-06-10T00:29:47Z</time></trkpt>
      <trkpt lat="22.5387852" lon="113.9354956"><ele>10.5</ele><time>2023-06-10T00:29:48Z</time></trkpt>
      <trkpt lat="22.5387696" lon="113.9354978"><ele>10.5</ele><time>2023-06-10T00:29:49Z</time></trkpt>
      <trkpt lat="22.5387540" lon="113.9355008"><ele>10.5</ele><time>2023-06-10T00:29:50Z</time></trkpt>
      <trkpt lat="22.5387387" lon="113.9355045"><ele>10.5</ele><time>2023-06-10T00:29:51Z</time></trkpt>
      <trkpt lat="22.5387236" lon="113.9355094"><ele>10.6</ele><time>2023-06-10T00:29:52Z</time></trkpt>
      <trkpt lat="22.5387086" lon="113.9355148"><ele>10.6</ele><time>2023-06-10T00:29:53Z</time></trkpt>
      <trkpt lat="22.5386935" lon="113.9355196"><ele>10.6</ele><time>2023-06-10T00:29:54Z</time></trkpt>
      <trkpt lat="22.5386782" lon="113.9355238"><ele>10.6</ele><time>2023-06-10T00:29:55Z</time></trkpt>
      <trkpt lat="22.5386629" lon="113.9355279"><ele>10.7</ele><time>2023-06-10T00:29:56Z</time></trkpt>
      <trkpt lat="22.5386477" lon="113.9355323"><ele>10.7</ele><time>2023-06-10T00:29:57Z</time></trkpt>
      <trkpt lat="22.5386331" lon="113.9355385"><ele>10.7</ele><time>2023-06-10T00:29:58Z</time></trkpt>
      <trkpt lat="22.5386189" lon="113.9355465"><ele>10.8</ele><time>2023-06-10T00:29:59Z</time></trkpt>
      <trkpt lat="22.5386048" lon="113.9355549"><ele>10.8</ele><time>2023-06-10T00:30:00Z</time></trkpt>
      <trkpt lat="22.5385906" lon="113.9355634"><ele>10.9</ele><time>2023-06-10T00:30:01Z</time></trkpt>
      <trkpt lat="22.5385769" lon="113.9355727"><ele>10.9</ele><time>2023-06-10T00:30:02Z</time></trkpt>
      <trkpt lat="22.5385636" lon="113.9355824"><ele>11.0</ele><time>2023-06-10T00:30:03Z</time></trkpt>
      <trkpt lat="22.5385505" lon="113.9355924"><ele>11.1</ele><time>2023-06-10T00:30:04Z</time></trkpt>
      <trkpt lat="22.5385382" lon="113.9356038"><ele>11.1</ele><time>2023-06-10T00:30:05Z</time></trkpt>
      <trkpt lat="22.5385264" lon="113.9356160"><ele>11.2</ele><time>2023-06-10T00:30:06Z</time></trkpt>
      <trkpt lat="22.5385151" lon="113.9356291"><ele>11.2</ele><time>2023-06-10T00:30:07Z</time></trkpt>
      <trkpt lat="22.5385049" lon="113.9356429"><ele>11.3</ele><time>2023-06-10T00:30:08Z</time></trkpt>
      <trkpt lat="22.5384949" lon="113.9356564"><ele>11.4</ele><time>2023-06-10T00:30:09Z</time></trkpt>
      <trkpt lat="22.5384851" lon="113.9356701"><ele>11.4</ele><time>2023-06-10T00:30:10Z</time></trkpt>
      <trkpt lat="22.5384758" lon="113.9356845"><ele>11.5</ele><time>2023-06-10T00:30:11Z</time></trkpt>
      <trkpt lat="22.5384667" lon="113.9356989"><ele>11.6</ele><time>2023-06-10T00:30:12Z</time></trkpt>
      <trkpt lat="22.5384575" lon="113.9357133"><ele>11.7</ele><time>2023-06-10T00:30:13Z</time></trkpt>
      <trkpt lat="22.5384488" lon="113.9357281"><ele>11.8</ele><time>2023-06-10T00:30:14Z</time></trkpt>
      <trkpt lat="22.5384404" lon="113.9357432"><ele>11.8</ele><time>2023-06-10T00:30:15Z</time></trkpt>
      <trkpt lat="22.5384321" lon="113.9357581"><ele>11.9</ele><time>2023-06-10T00:30:16Z</time></trkpt>
      <trkpt lat="22.5384244" lon="113.9357734"><ele>12.0</ele><time>2023-06-10T00:30:17Z</time></trkpt>
      <trkpt lat="22.5384183" lon="113.9357896"><ele>12.1</ele><time>2023-06-10T00:30:18Z</time></trkpt>
      <trkpt lat="22.5384135" lon="113.9358064"><ele>12.2</ele><time>2023-06-10T00:30:19Z</time></trkpt>
      <trkpt lat="22.5384093" lon="113.9358235"><ele>12.3</ele><time>2023-06-10T00:30:20Z</time></trkpt>
      <trkpt lat="22.5384054" lon="113.9358407"><ele>12.4</ele><time>2023-06-10T00:30:21Z</time></trkpt>
      <trkpt lat="22.5384021" lon="113.9358580"><ele>12.5</ele><time>2023-06-10T00:30:22Z</time></trkpt>
      <trkpt lat="22.5383998" lon="113.9358755"><ele>12.6</ele><time>2023-06-10T00:30:23Z</time></trkpt>
      <trkpt lat="22.5383982" lon="113.9358930"><ele>12.7</ele><time>2023-06-10T00:30:24Z</time></trkpt>
      <trkpt lat="22.5383968" lon="113.9359104"><ele>12.9</ele><time>2023-06-10T00:30:25Z</time></trkpt>
      <trkpt lat="22.5383957" lon="113.9359278"><ele>13.0</ele><time>2023-06-10T00:30:26Z</time></trkpt>
      <trkpt lat="22.5383952" lon="113.9359452"><ele>13.1</ele><time>2023-06-10T00:30:27Z</time></trkpt>
      <trkpt lat="22.5383956" lon="113.9359623"><ele>13.2</ele><time>2023-06-10T00:30:28Z</time></trkpt>
      <trkpt lat="22.5383971" lon="113.9359789"><ele>13.3</ele><time>2023-06-10T00:30:29Z</time></trkpt>
      <trkpt lat="22.5383998" lon="113.9359949"><ele>13.5</ele><time>2023-06-10T00:30:30Z</time></trkpt>
      <trkpt lat="22.5384035" lon="113.9360102"><ele>13.6</ele><time>2023-06-10T00:30:31Z</time></trkpt>
      <trkpt lat="22.5384072" lon="113.9360260"><ele>13.7</ele><time>2023-06-10T00:30:32Z</time></trkpt>
      <trkpt lat="22.5384102" lon="113.9360425"><ele>13.9</ele><time>2023-06-10T00:30:33Z</time></trkpt>
      <trkpt lat="22.5384137" lon="113.9360589"><ele>14.0</ele><time>2023-06-10T00:30:34Z</time></trkpt>
      <trkpt lat="22.5384185" lon="113.9360751"><ele>14.2</ele><time>2023-06-10T00:30:35Z</time></trkpt>
      <trkpt lat="22.5384247" lon="113.9360909"><ele>14.3</ele><time>2023-06-10T00:30:36Z</time></trkpt>
      <trkpt lat="22.5384317" lon="113.9361062"><ele>14.4</ele><time>2023-06-10T00:30:37Z</time></trkpt>
      <trkpt lat="22.5384398" lon="113.9361210"><ele>14.6</ele><time>2023-06-10T00:30:38Z</time></trkpt>
      <trkpt lat="22.5384486" lon="113.9361354"><ele>14.7</ele><time>2023-06-10T00:30:39Z</time></trkpt>
      <trkpt lat="22.5384576" lon="113.9361498"><ele>14.9</ele><time>2023-06-10T00:30:40Z</time></trkpt>
      <trkpt lat="22.5384664" lon="113.9361642"><ele>15.0</ele><time>2023-06-10T00:30:41Z</time></trkpt>
      <trkpt lat="22.5384755" lon="113.9361784"><ele>15.1</ele><time>2023-06-10T00:30:42Z</time></trkpt>
      <trkpt lat="22.5384857" lon="113.9361917"><ele>15.3</ele><time>2023-06-10T00:30:43Z</time></trkpt>
      <trkpt lat="22.5384976" lon="113.9362038"><ele>15.4</ele><time>2023-06-10T00:30:44Z</time></trkpt>
      <trkpt lat="22.5385103" lon="113.9362152"><ele>15.6</ele><time>2023-06-10T00:30:45Z</time></trkpt>
      <trkpt lat="22.5385231" lon="113.9362264"><ele>15.7</ele><time>2023-06-10T00:30:46Z</time></trkpt>
      <trkpt lat="22.5385353" lon="113.9362378"><ele>15.8</ele><time>2023-06-10T00:30:47Z</time></trkpt>
      <trkpt lat="22.5385477" lon="113.9362490"><ele>16.0</ele><time>2023-06-10T00:30:48Z</time></trkpt>
      <trkpt lat="22.5385612" lon="113.9362591"><ele>16.1</ele><time>2023-06-10T00:30:49Z</time></trkpt>
      <trkpt lat="22.5385757" lon="113.9362682"><ele>16.2</ele><time>2023-06-10T00:30:50Z</time></trkpt>
      <trkpt lat="22.5385902" lon="113.9362773"><ele>16.4</ele><time>2023-06-10T00:30:51Z</time></trkpt>
      <trkpt lat="22.5386045" lon="113.9362864"><ele>16.5</ele><time>2023-06-10T00:30:52Z</time></trkpt>
      <trkpt lat="22.5386195" lon="113.9362945"><ele>16.6</ele><time>2023-06-10T00:30:53Z</time></trkpt>
      <trkpt lat="22.5386348" lon="113.9363023"><ele>16.8</ele><time>2023-06-10T00:30:54Z</time></trkpt>
      <trkpt lat="22.5386504" lon="113.9363091"><ele>16.9</ele><time>2023-06-10T00:30:55Z</time></trkpt>
      <trkpt lat="22.5386666" lon="113.9363146"><ele>17.0</ele><time>2023-06-10T00:30:56Z</time></trkpt>
      <trkpt lat="22.5386828" lon="113.9363185"><ele>17.2</ele><time>2023-06-10T00:30:57Z</time></trkpt>
      <trkpt lat="22.5386984" lon="113.9363209"><ele>17.3</ele><time>2023-06-10T00:30:58Z</time></trkpt>
      <trkpt lat="22.5387140" lon="113.9363215"><ele>17.4</ele><time>2023-06-10T00:30:59Z</time></trkpt>
      <trkpt lat="22.5387296" lon="113.9363207"><ele>17.5</ele><time>2023-06-10T00:31:00Z</time></trkpt>
      <trkpt lat="22.5387452" lon="113.9363194"><ele>17.6</ele><time>2023-06-10T00:31:01Z</time></trkpt>
      <trkpt lat="22.5387611" lon="113.9363184"><ele>17.7</ele><time>2023-06-10T00:31:02Z</time></trkpt>
      <trkpt lat="22.5387774" lon="113.9363182"><ele>17.9</ele><time>2023-06-10T00:31:03Z</time></trkpt>
      <trkpt lat="22.5387939" lon="113.9363181"><ele>18.0</ele><time>2023-06-10T00:31:04Z</time></trkpt>
      <trkpt lat="22.5388106" lon="113.9363179"><ele>18.1</ele><time>2023-06-10T00:31:05Z</time></trkpt>
      <trkpt lat="22.5388273" lon="113.9363185"><ele>18.1</ele><time>2023-06-10T00:31:06Z</time></trkpt>
      <trkpt lat="22.5388440" lon="113.9363187"><ele>18.2</ele><time>2023-06-10T00:31:07Z</time></trkpt>
      <trkpt lat="22.5388608" lon="113.9363175"><ele>18.3</ele><time>2023-06-10T00:31:08Z</time></trkpt>
      <trkpt lat="22.5388774" lon="113.9363157"><ele>18.4</ele><time>2023-06-10T00:31:09Z</time></trkpt>
      <trkpt lat="22.5388939" lon="113.9363143"><ele>18.4</ele><time>2023-06-10T00:31:10Z</time></trkpt>
      <trkpt lat="22.5389104" lon="113.9363143"><ele>18.5</ele><time>2023-06-10T00:31:11Z</time></trkpt>
      <trkpt lat="22.5389269" lon="113.9363144"><ele>18.6</ele><time>2023-06-10T00:31:12Z</time></trkpt>
      <trkpt lat="22.5389435" lon="113.9363129"><ele>18.6</ele><time>2023-06-10T00:31:13Z</time></trkpt>
      <trkpt lat="22.5389603" lon="113.9363111"><ele>18.6</ele><time>2023-06-10T00:31:14Z</time></trkpt>
      <trkpt lat="22.5389771" lon="113.9363103"><ele>18.7</ele><time>2023-06-10T00:31:15Z</time></trkpt>
      <trkpt lat="22.5389937" lon="113.9363090"><ele>18.7</ele><time>2023-06-10T00:31:16Z</time></trkpt>
      <trkpt lat="22.5390101" lon="113.9363087"><ele>18.7</ele><time>2023-06-10T00:31:17Z</time></trkpt>
      <trkpt lat="22.5390270" lon="113.9363101"><ele>18.7</ele><time>2023-06-10T00:31:18Z</time></trkpt>
      <trkpt lat="22.5390445" lon="113.9363107"><ele>18.7</ele><time>2023-06-10T00:31:19Z</time></trkpt>
      <trkpt lat="22.5390620" lon="113.9363100"><ele>18.7</ele><time>2023-06-10T00:31:20Z</time></trkpt>
      <trkpt lat="22.5390792" lon="113.9363087"><ele>18.7</ele><time>2023-06-10T00:31:21Z</time></trkpt>
      <trkpt lat="22.5390963" lon="113.9363076"><ele>18.6</ele><time>2023-06-10T00:31:22Z</time></trkpt>
      <trkpt lat="22.5391130" lon="113.9363071"><ele>18.6</ele><time>2023-06-10T00:31:23Z</time></trkpt>
      <trkpt lat="22.5391296" lon="113.9363060"><ele>18.5</ele><time>2023-06-10T00:31:24Z</time></trkpt>
      <trkpt lat="22.5391462" lon="113.9363043"><ele>18.5</ele><time>2023-06-10T00:31:25Z</time></trkpt>
      <trkpt lat="22.5391628" lon="113.9363036"><ele>18.4</ele><time>2023-06-10T00:31:26Z</time></trkpt>
    </trkseg>
  </trk>
  <extensions>
    <distance>3283.92</distance>
    <moving_time>1820.70</moving_time>
    <elapsed_time>1820.70</elapsed_time>
    <average_speed>1.80</average_speed>
    <start_time>2023-06-10T00:03:11Z</start_time>
    <end_time>2023-06-10T00:33:32Z</end_time>
    <average_hr>123.64</average_hr>
  </extensions>
</gpx>
