<?xml version="1.0" encoding="UTF-8"?>
<gpx version="1.1" creator="RunSync" xmlns="http://www.topografix.com/GPX/1/1">
  <metadata><time>2023-12-09T00:02:15Z</time></metadata>
  <trk>
    <name>跑步</name>
    <type>running</type>
    <trkseg>
      <trkpt lat="25.7387119" lon="100.1677731"><ele>1968.3</ele><time>2023-12-09T00:03:40Z</time></trkpt>
      <trkpt lat="25.7387182" lon="100.1677967"><ele>1968.4</ele><time>2023-12-09T00:03:41Z</time></trkpt>
      <trkpt lat="25.7387233" lon="100.1678204"><ele>1968.4</ele><time>2023-12-09T00:03:42Z</time></trkpt>
      <trkpt lat="25.7387268" lon="100.1678443"><ele>1968.5</ele><time>2023-12-09T00:03:43Z</time></trkpt>
      <trkpt lat="25.7387277" lon="100.1678683"><ele>1968.5</ele><time>2023-12-09T00:03:44Z</time></trkpt>
      <trkpt lat="25.7387257" lon="100.1678921"><ele>1968.6</ele><time>2023-12-09T00:03:45Z</time></trkpt>
      <trkpt lat="25.7387213" lon="100.1679156"><ele>1968.6</ele><time>2023-12-09T00:03:46Z</time></trkpt>
      <trkpt lat="25.7387153" lon="100.1679386"><ele>1968.7</ele><time>2023-12-09T00:03:47Z</time></trkpt>
      <trkpt lat="25.7387090" lon="100.1679616"><ele>1968.8</ele><time>2023-12-09T00:03:48Z</time></trkpt>
      <trkpt lat="25.7387028" lon="100.1679852"><ele>1968.8</ele><time>2023-12-09T00:03:49Z</time></trkpt>
      <trkpt lat="25.7386963" lon="100.1680091"><ele>1968.9</ele><time>2023-12-09T00:03:50Z</time></trkpt>
      <trkpt lat="25.7386883" lon="100.1680329"><ele>1969.0</ele><time>2023-12-09T00:03:51Z</time></trkpt>
      <trkpt lat="25.7386787" lon="100.1680561"><ele>1969.0</ele><time>2023-12-09T00:03:52Z</time></trkpt>
      <trkpt lat="25.7386688" lon="100.1680792"><ele>1969.1</ele><time>2023-12-09T00:03:53Z</time></trkpt>
      <trkpt lat="25.7386594" lon="100.1681023"><ele>1969.1</ele><time>2023-12-09T00:03:54Z</time></trkpt>
      <trkpt lat="25.7386502" lon="100.1681254"><ele>1969.2</ele><time>2023-12-09T00:03:55Z</time></trkpt>
      <trkpt lat="25.7386414" lon="100.1681479"><ele>1969.2</ele><time>2023-12-09T00:03:56Z</time></trkpt>
      <trkpt lat="25.7386334" lon="100.1681697"><ele>1969.2</ele><time>2023-12-09T00:03:57Z</time></trkpt>
      <trkpt lat="25.7386258" lon="100.1681913"><ele>1969.3</ele><time>2023-12-09T00:03:58Z</time></trkpt>
      <trkpt lat="25.7386180" lon="100.1682134"><ele>1969.3</ele><time>2023-12-09T00:03:59Z</time></trkpt>
      <trkpt lat="25.7386095" lon="100.1682358"><ele>1969.3</ele><time>2023-12-09T00:04:00Z</time></trkpt>
      <trkpt lat="25.7386001" lon="100.1682579"><ele>1969.3</ele><time>2023-12-09T00:04:01Z</time></trkpt>
      <trkpt lat="25.7385898" lon="100.1682791"><ele>1969.3</ele><time>2023-12-09T00:04:02Z</time></trkpt>
      <trkpt lat="25.7385789" lon="100.1682998"><ele>1969.3</ele><time>2023-12-09T00:04:03Z</time></trkpt>
      <trkpt lat="25.7385686" lon="100.1683208"><ele>1969.3</ele><time>2023-12-09T00:04:04Z</time></trkpt>
      <trkpt lat="25.7385588" lon="100.1683425"><ele>1969.3</ele><time>2023-12-09T00:04:05Z</time></trkpt>
      <trkpt lat="25.7385491" lon="100.1683644"><ele>1969.3</ele><time>2023-12-09T00:04:06Z</time></trkpt>
      <trkpt lat="25.7385394" lon="100.1683864"><ele>1969.2</ele><time>2023-12-09T00:04:07Z</time></trkpt>
      <trkpt lat="25.7385294" lon="100.1684079"><ele>1969.2</ele><time>2023-12-09T00:04:08Z</time></trkpt>
      <trkpt lat="25.7385197" lon="100.1684291"><ele>1969.2</ele><time>2023-12-09T00:04:09Z</time></trkpt>
      <trkpt lat="25.7385110" lon="100.1684510"><ele>1969.2</ele><time>2023-12-09T00:04:10Z</time></trkpt>
      <trkpt lat="25.7385028" lon="100.1684728"><ele>1969.1</ele><time>2023-12-09T00:04:11Z</time></trkpt>
      <trkpt lat="25.7384938" lon="100.1684938"><ele>1969.1</ele><time>2023-12-09T00:04:12Z</time></trkpt>
      <trkpt lat="25.7384843" lon="100.1685139"><ele>1969.0</ele><time>2023-12-09T00:04:13Z</time></trkpt>
      <trkpt lat="25.7384746" lon="100.1685337"><ele>1969.0</ele><time>2023-12-09T00:04:14Z</time></trkpt>
      <trkpt lat="25.7384654" lon="100.1685537"><ele>1968.9</ele><time>2023-12-09T00:04:15Z</time></trkpt>
      <trkpt lat="25.7384568" lon="100.1685739"><ele>1968.8</ele><time>2023-12-09T00:04:16Z</time></trkpt>
      <trkpt lat="25.7384485" lon="100.1685947"><ele>1968.7</ele><time>2023-12-09T00:04:17Z</time></trkpt>
      <trkpt lat="25.7384405" lon="100.1686163"><ele>1968.7</ele><time>2023-12-09T00:04:18Z</time></trkpt>
      <trkpt lat="25.7384331" lon="100.1686388"><ele>1968.6</ele><time>2023-12-09T00:04:19Z</time></trkpt>
      <trkpt lat="25.7384263" lon="100.1686620"><ele>1968.6</ele><time>2023-12-09T00:04:20Z</time></trkpt>
      <trkpt lat="25.7384193" lon="100.1686850"><ele>1968.5</ele><time>2023-12-09T00:04:21Z</time></trkpt>
      <trkpt lat="25.7384121" lon="100.1687075"><ele>1968.5</ele><time>2023-12-09T00:04:22Z</time></trkpt>
      <trkpt lat="25.7384052" lon="100.1687300"><ele>1968.4</ele><time>2023-12-09T00:04:23Z</time></trkpt>
      <trkpt lat="25.7383982" lon="100.1687530"><ele>1968.4</ele><time>2023-12-09T00:04:24Z</time></trkpt>
      <trkpt lat="25.7383905" lon="100.1687760"><ele>1968.3</ele><time>2023-12-09T00:04:25Z</time></trkpt>
      <trkpt lat="25.7383819" lon="100.1687989"><ele>1968.3</ele><time>2023-12-09T00:04:26Z</time></trkpt>
      <trkpt lat="25.7383726" lon="100.1688218"><ele>1968.3</ele><time>2023-12-09T00:04:27Z</time></trkpt>
      <trkpt lat="25.7383631" lon="100.1688447"><ele>1968.3</ele><time>2023-12-09T00:04:28Z</time></trkpt>
      <trkpt lat="25.7383535" lon="100.1688673"><ele>1968.4</ele><time>2023-12-09T00:04:29Z</time></trkpt>
      <trkpt lat="25.7383444" lon="100.1688891"><ele>1968.4</ele><time>2023-12-09T00:04:30Z</time></trkpt>
      <trkpt lat="25.7383366" lon="100.1689106"><ele>1968.4</ele><time>2023-12-09T00:04:31Z</time></trkpt>
      <trkpt lat="25.7383300" lon="100.1689321"><ele>1968.5</ele><time>2023-12-09T00:04:32Z</time></trkpt>
      <trkpt lat="25.7383239" lon="100.1689536"><ele>1968.5</ele><time>2023-12-09T00:04:33Z</time></trkpt>
      <trkpt lat="25.7383182" lon="100.1689764"><ele>1968.6</ele><time>2023-12-09T00:04:34Z</time></trkpt>
      <trkpt lat="25.7383134" lon="100.1690005"><ele>1968.7</ele><time>2023-12-09T00:04:35Z</time></trkpt>
      <trkpt lat="25.7383082" lon="100.1690253"><ele>1968.8</ele><time>2023-12-09T00:04:36Z</time></trkpt>
      <trkpt lat="25.7383023" lon="100.1690497"><ele>1968.9</ele><time>2023-12-09T00:04:37Z</time></trkpt>
      <trkpt lat="25.7382959" lon="100.1690738"><ele>1969.0</ele><time>2023-12-09T00:04:38Z</time></trkpt>
      <trkpt lat="25.7382889" lon="100.1690979"><ele>1969.1</ele><time>2023-12-09T00:04:39Z</time></trkpt>
      <trkpt lat="25.7382823" lon="100.1691225"><ele>1969.2</ele><time>2023-12-09T00:04:40Z</time></trkpt>
      <trkpt lat="25.7382770" lon="100.1691486"><ele>1969.3</ele><time>2023-12-09T00:04:41Z</time></trkpt>
      <trkpt lat="25.7382731" lon="100.1691759"><ele>1969.4</ele><time>2023-12-09T00:04:42Z</time></trkpt>
      <trkpt lat="25.7382699" lon="100.1692040"><ele>1969.5</ele><time>2023-12-09T00:04:43Z</time></trkpt>
      <trkpt lat="25.7382670" lon="100.1692327"><ele>1969.6</ele><time>2023-12-09T00:04:44Z</time></trkpt>
      <trkpt lat="25.7382643" lon="100.1692621"><ele>1969.7</ele><time>2023-12-09T00:04:45Z</time></trkpt>
      <trkpt lat="25.7382613" lon="100.1692916"><ele>1969.7</ele><time>2023-12-09T00:04:46Z</time></trkpt>
      <trkpt lat="25.7382574" lon="100.1693205"><ele>1969.7</ele><time>2023-12-09T00:04:47Z</time></trkpt>
      <trkpt lat="25.7382529" lon="100.1693487"><ele>1969.8</ele><time>2023-12-09T00:04:48Z</time></trkpt>
      <trkpt lat="25.7382493" lon="100.1693761"><ele>1969.8</ele><time>2023-12-09T00:04:49Z</time></trkpt>
      <trkpt lat="25.7382481" lon="100.1694031"><ele>1969.7</ele><time>2023-12-09T00:04:50Z</time></trkpt>
      <trkpt lat="25.7382494" lon="100.1694299"><ele>1969.7</ele><time>2023-12-09T00:04:51Z</time></trkpt>
      <trkpt lat="25.7382511" lon="100.1694566"><ele>1969.7</ele><time>2023-12-09T00:04:52Z</time></trkpt>
      <trkpt lat="25.7382502" lon="100.1694827"><ele>1969.6</ele><time>2023-12-09T00:04:53Z</time></trkpt>
      <trkpt lat="25.7382454" lon="100.1695075"><ele>1969.5</ele><time>2023-12-09T00:04:54Z</time></trkpt>
      <trkpt lat="25.7382377" lon="100.1695309"><ele>1969.5</ele><time>2023-12-09T00:04:55Z</time></trkpt>
      <trkpt lat="25.7382296" lon="100.1695543"><ele>1969.4</ele><time>2023-12-09T00:04:56Z</time></trkpt>
      <trkpt lat="25.7382230" lon="100.1695789"><ele>1969.3</ele><time>2023-12-09T00:04:57Z</time></trkpt>
      <trkpt lat="25.7382180" lon="100.1696043"><ele>1969.2</ele><time>2023-12-09T00:04:58Z</time></trkpt>
      <trkpt lat="25.7382136" lon="100.1696299"><ele>1969.1</ele><time>2023-12-09T00:04:59Z</time></trkpt>
      <trkpt lat="25.7382098" lon="100.1696554"><ele>1969.0</ele><time>2023-12-09T00:05:00Z</time></trkpt>
      <trkpt lat="25.7382067" lon="100.1696813"><ele>1968.9</ele><time>2023-12-09T00:05:01Z</time></trkpt>
      <trkpt lat="25.7382044" lon="100.1697077"><ele>1968.8</ele><time>2023-12-09T00:05:02Z</time></trkpt>
      <trkpt lat="25.7382027" lon="100.1697340"><ele>1968.7</ele><time>2023-12-09T00:05:03Z</time></trkpt>
      <trkpt lat="25.7382000" lon="100.1697603"><ele>1968.7</ele><time>2023-12-09T00:05:04Z</time></trkpt>
      <trkpt lat="25.7381957" lon="100.1697863"><ele>1968.6</ele><time>2023-12-09T00:05:05Z</time></trkpt>
      <trkpt lat="25.7381907" lon="100.1698111"><ele>1968.5</ele><time>2023-12-09T00:05:06Z</time></trkpt>
      <trkpt lat="25.7381863" lon="100.1698346"><ele>1968.4</ele><time>2023-12-09T00:05:07Z</time></trkpt>
      <trkpt lat="25.7381827" lon="100.1698577"><ele>1968.4</ele><time>2023-12-09T00:05:08Z</time></trkpt>
      <trkpt lat="25.7381788" lon="100.1698809"><ele>1968.3</ele><time>2023-12-09T00:05:09Z</time></trkpt>
      <trkpt lat="25.7381744" lon="100.1699045"><ele>1968.2</ele><time>2023-12-09T00:05:10Z</time></trkpt>
      <trkpt lat="25.7381703" lon="100.1699290"><ele>1968.2</ele><time>2023-12-09T00:05:11Z</time></trkpt>
      <trkpt lat="25.7381669" lon="100.1699538"><ele>1968.1</ele><time>2023-12-09T00:05:12Z</time></trkpt>
      <trkpt lat="25.7381640" lon="100.1699784"><ele>1968.1</ele><time>2023-12-09T00:05:13Z</time></trkpt>
      <trkpt lat="25.7381607" lon="100.1700026"><ele>1968.1</ele><time>2023-12-09T00:05:14Z</time></trkpt>
      <trkpt lat="25.7381579" lon="100.1700265"><ele>1968.0</ele><time>2023-12-09T00:05:15Z</time></trkpt>
      <trkpt lat="25.7381565" lon="100.1700507"><ele>1968.0</ele><time>2023-12-09T00:05:16Z</time></trkpt>
      <trkpt lat="25.7381556" lon="100.1700747"><ele>1968.0</ele><time>2023-12-09T00:05:17Z</time></trkpt>
      <trkpt lat="25.7381541" lon="100.1700982"><ele>1968.0</ele><time>2023-12-09T00:05:18Z</time></trkpt>
      <trkpt lat="25.7381516" lon="100.1701216"><ele>1968.0</ele><time>2023-12-09T00:05:19Z</time></trkpt>
      <trkpt lat="25.7381487" lon="100.1701452"><ele>1968.0</ele><time>2023-12-09T00:05:20Z</time></trkpt>
      <trkpt lat="25.7381460" lon="100.1701691"><ele>1968.1</ele><time>2023-12-09T00:05:21Z</time></trkpt>
      <trkpt lat="25.7381441" lon="100.1701935"><ele>1968.1</ele><time>2023-12-09T00:05:22Z</time></trkpt>
      <trkpt lat="25.7381426" lon="100.1702183"><ele>1968.1</ele><time>2023-12-09T00:05:23Z</time></trkpt>
      <trkpt lat="25.7381412" lon="100.1702427"><ele>1968.1</ele><time>2023-12-09T00:05:24Z</time></trkpt>
      <trkpt lat="25.7381396" lon="100.1702670"><ele>1968.1</ele><time>2023-12-09T00:05:25Z</time></trkpt>
      <trkpt lat="25.7381369" lon="100.1702914"><ele>1968.1</ele><time>2023-12-09T00:05:26Z</time></trkpt>
      <trkpt lat="25.7381330" lon="100.1703153"><ele>1968.1</ele><time>2023-12-09T00:05:27Z</time></trkpt>
      <trkpt lat="25.7381276" lon="100.1703387"><ele>1968.2</ele><time>2023-12-09T00:05:28Z</time></trkpt>
      <trkpt lat="25.7381210" lon="100.1703618"><ele>1968.1</ele><time>2023-12-09T00:05:29Z</time></trkpt>
      <trkpt lat="25.7381136" lon="100.1703847"><ele>1968.1</ele><time>2023-12-09T00:05:30Z</time></trkpt>
      <trkpt lat="25.7381057" lon="100.1704073"><ele>1968.1</ele><time>2023-12-09T00:05:31Z</time></trkpt>
      <trkpt lat="25.7380980" lon="100.1704299"><ele>1968.1</ele><time>2023-12-09T00:05:32Z</time></trkpt>
      <trkpt lat="25.7380908" lon="100.1704530"><ele>1968.0</ele><time>2023-12-09T00:05:33Z</time></trkpt>
      <trkpt lat="25.7380839" lon="100.1704765"><ele>1968.0</ele><time>2023-12-09T00:05:34Z</time></trkpt>
      <trkpt lat="25.7380769" lon="100.1705003"><ele>1968.0</ele><time>2023-12-09T00:05:35Z</time></trkpt>
      <trkpt lat="25.7380697" lon="100.1705236"><ele>1968.0</ele><time>2023-12-09T00:05:36Z</time></trkpt>
      <trkpt lat="25.7380623" lon="100.1705465"><ele>1968.0</ele><time>2023-12-09T00:05:37Z</time></trkpt>
      <trkpt lat="25.7380544" lon="100.1705692"><ele>1968.0</ele><time>2023-12-09T00:05:38Z</time></trkpt>
      <trkpt lat="25.7380460" lon="100.1705915"><ele>1967.9</ele><time>2023-12-09T00:05:39Z</time></trkpt>
      <trkpt lat="25.7380367" lon="100.1706136"><ele>1967.9</ele><time>2023-12-09T00:05:40Z</time></trkpt>
      <trkpt lat="25.7380254" lon="100.1706344"><ele>1967.8</ele><time>2023-12-09T00:05:41Z</time></trkpt>
      <trkpt lat="25.7380127" lon="100.1706543"><ele>1967.8</ele><time>2023-12-09T00:05:42Z</time></trkpt>
      <trkpt lat="25.7379992" lon="100.1706747"><ele>1967.7</ele><time>2023-12-09T00:05:43Z</time></trkpt>
      <trkpt lat="25.7379846" lon="100.1706958"><ele>1967.6</ele><time>2023-12-09T00:05:44Z</time></trkpt>
      <trkpt lat="25.7379690" lon="100.1707168"><ele>1967.6</ele><time>2023-12-09T00:05:45Z</time></trkpt>
      <trkpt lat="25.7379525" lon="100.1707364"><ele>1967.5</ele><time>2023-12-09T00:05:46Z</time></trkpt>
      <trkpt lat="25.7379347" lon="100.1707544"><ele>1967.4</ele><time>2023-12-09T00:05:47Z</time></trkpt>
      <trkpt lat="25.7379163" lon="100.1707711"><ele>1967.4</ele><time>2023-12-09T00:05:48Z</time></trkpt>
      <trkpt lat="25.7378974" lon="100.1707869"><ele>1967.3</ele><time>2023-12-09T00:05:49Z</time></trkpt>
      <trkpt lat="25.7378784" lon="100.1708022"><ele>1967.3</ele><time>2023-12-09T00:05:50Z</time></trkpt>
      <trkpt lat="25.7378589" lon="100.1708168"><ele>1967.3</ele><time>2023-12-09T00:05:51Z</time></trkpt>
      <trkpt lat="25.7378382" lon="100.1708298"><ele>1967.3</ele><time>2023-12-09T00:05:52Z</time></trkpt>
      <trkpt lat="25.7378163" lon="100.1708409"><ele>1967.2</ele><time>2023-12-09T00:05:53Z</time></trkpt>
      <trkpt lat="25.7377936" lon="100.1708496"><ele>1967.2</ele><time>2023-12-09T00:05:54Z</time></trkpt>
      <trkpt lat="25.7377706" lon="100.1708560"><ele>1967.2</ele><time>2023-12-09T00:05:55Z</time></trkpt>
      <trkpt lat="25.7377477" lon="100.1708606"><ele>1967.3</ele><time>2023-12-09T00:05:56Z</time></trkpt>
      <trkpt lat="25.7377249" lon="100.1708643"><ele>1967.3</ele><time>2023-12-09T00:05:57Z</time></trkpt>
      <trkpt lat="25.7377017" lon="100.1708674"><ele>1967.4</ele><time>2023-12-09T00:05:58Z</time></trkpt>
      <trkpt lat="25.7376771" lon="100.1708693"><ele>1967.4</ele><time>2023-12-09T00:05:59Z</time></trkpt>
      <trkpt lat="25.7376513" lon="100.1708699"><ele>1967.5</ele><time>2023-12-09T00:06:00Z</time></trkpt>
      <trkpt lat="25.7376246" lon="100.1708703"><ele>1967.5</ele><time>2023-12-09T00:06:01Z</time></trkpt>
      <trkpt lat="25.7375979" lon="100.1708712"><ele>1967.5</ele><time>2023-12-09T00:06:02Z</time></trkpt>
      <trkpt lat="25.7375724" lon="100.1708730"><ele>1967.6</ele><time>2023-12-09T00:06:03Z</time></trkpt>
      <trkpt lat="25.7375489" lon="100.1708753"><ele>1967.6</ele><time>2023-12-09T00:06:04Z</time></trkpt>
      <trkpt lat="25.7375271" lon="100.1708775"><ele>1967.6</ele><time>2023-12-09T00:06:05Z</time></trkpt>
      <trkpt lat="25.7375058" lon="100.1708796"><ele>1967.6</ele><time>2023-12-09T00:06:06Z</time></trkpt>
      <trkpt lat="25.7374848" lon="100.1708815"><ele>1967.6</ele><time>2023-12-09T00:06:07Z</time></trkpt>
      <trkpt lat="25.7374637" lon="100.1708832"><ele>1967.6</ele><time>2023-12-09T00:06:08Z</time></trkpt>
      <trkpt lat="25.7374424" lon="100.1708843"><ele>1967.6</ele><time>2023-12-09T00:06:09Z</time></trkpt>
      <trkpt lat="25.7374202" lon="100.1708843"><ele>1967.6</ele><time>2023-12-09T00:06:10Z</time></trkpt>
      <trkpt lat="25.7373970" lon="100.1708837"><ele>1967.6</ele><time>2023-12-09T00:06:11Z</time></trkpt>
      <trkpt lat="25.7373734" lon="100.1708839"><ele>1967.5</ele><time>2023-12-09T00:06:12Z</time></trkpt>
      <trkpt lat="25.7373499" lon="100.1708842"><ele>1967.5</ele><time>2023-12-09T00:06:13Z</time></trkpt>
      <trkpt lat="25.7373269" lon="100.1708835"><ele>1967.5</ele><time>2023-12-09T00:06:14Z</time></trkpt>
      <trkpt lat="25.7373036" lon="100.1708816"><ele>1967.5</ele><time>2023-12-09T00:06:15Z</time></trkpt>
      <trkpt lat="25.7372801" lon="100.1708788"><ele>1967.5</ele><time>2023-12-09T00:06:16Z</time></trkpt>
      <trkpt lat="25.7372572" lon="100.1708762"><ele>1967.5</ele><time>2023-12-09T00:06:17Z</time></trkpt>
      <trkpt lat="25.7372350" lon="100.1708746"><ele>1967.5</ele><time>2023-12-09T00:06:18Z</time></trkpt>
      <trkpt lat="25.7372139" lon="100.1708749"><ele>1967.5</ele><time>2023-12-09T00:06:19Z</time></trkpt>
      <trkpt lat="25.7371935" lon="100.1708765"><ele>1967.5</ele><time>2023-12-09T00:06:20Z</time></trkpt>
      <trkpt lat="25.7371728" lon="100.1708773"><ele>1967.5</ele><time>2023-12-09T00:06:21Z</time></trkpt>
      <trkpt lat="25.7371514" lon="100.1708760"><ele>1967.6</ele><time>2023-12-09T00:06:22Z</time></trkpt>
      <trkpt lat="25.7371297" lon="100.1708729"><ele>1967.6</ele><time>2023-12-09T00:06:23Z</time></trkpt>
      <trkpt lat="25.7371086" lon="100.1708691"><ele>1967.6</ele><time>2023-12-09T00:06:24Z</time></trkpt>
      <trkpt lat="25.7370884" lon="100.1708656"><ele>1967.6</ele><time>2023-12-09T00:06:25Z</time></trkpt>
      <trkpt lat="25.7370688" lon="100.1708630"><ele>1967.6</ele><time>2023-12-09T00:06:26Z</time></trkpt>
      <trkpt lat="25.7370489" lon="100.1708606"><ele>1967.5</ele><time>2023-12-09T00:06:27Z</time></trkpt>
      <trkpt lat="25.7370284" lon="100.1708579"><ele>1967.5</ele><time>2023-12-09T00:06:28Z</time></trkpt>
      <trkpt lat="25.7370073" lon="100.1708550"><ele>1967.5</ele><time>2023-12-09T00:06:29Z</time></trkpt>
      <trkpt lat="25.7369861" lon="100.1708522"><ele>1967.4</ele><time>2023-12-09T00:06:30Z</time></trkpt>
      <trkpt lat="25.7369651" lon="100.1708491"><ele>1967.4</ele><time>2023-12-09T00:06:31Z</time></trkpt>
      <trkpt lat="25.7369441" lon="100.1708445"><ele>1967.3</ele><time>2023-12-09T00:06:32Z</time></trkpt>
      <trkpt lat="25.7369238" lon="100.1708384"><ele>1967.3</ele><time>2023-12-09T00:06:33Z</time></trkpt>
      <trkpt lat="25.7369044" lon="100.1708310"><ele>1967.2</ele><time>2023-12-09T00:06:34Z</time></trkpt>
      <trkpt lat="25.7368857" lon="100.1708232"><ele>1967.2</ele><time>2023-12-09T00:06:35Z</time></trkpt>
      <trkpt lat="25.7368671" lon="100.1708158"><ele>1967.1</ele><time>2023-12-09T00:06:36Z</time></trkpt>
      <trkpt lat="25.7368485" lon="100.1708089"><ele>1967.1</ele><time>2023-12-09T00:06:37Z</time></trkpt>
      <trkpt lat="25.7368295" lon="100.1708024"><ele>1967.1</ele><time>2023-12-09T00:06:38Z</time></trkpt>
      <trkpt lat="25.7368099" lon="100.1707969"><ele>1967.1</ele><time>2023-12-09T00:06:39Z</time></trkpt>
      <trkpt lat="25.7367898" lon="100.1707921"><ele>1967.1</ele><time>2023-12-09T00:06:40Z</time></trkpt>
      <trkpt lat="25.7367692" lon="100.1707873"><ele>1967.2</ele><time>2023-12-09T00:06:41Z</time></trkpt>
      <trkpt lat="25.7367487" lon="100.1707824"><ele>1967.2</ele><time>2023-12-09T00:06:42Z</time></trkpt>
      <trkpt lat="25.7367286" lon="100.1707781"><ele>1967.2</ele><time>2023-12-09T00:06:43Z</time></trkpt>
      <trkpt lat="25.7367090" lon="100.1707756"><ele>1967.3</ele><time>2023-12-09T00:06:44Z</time></trkpt>
      <trkpt lat="25.7366895" lon="100.1707764"><ele>1967.3</ele><time>2023-12-09T00:06:45Z</time></trkpt>
      <trkpt lat="25.7366696" lon="100.1707804"><ele>1967.3</ele><time>2023-12-09T00:06:46Z</time></trkpt>
      <trkpt lat="25.7366495" lon="100.1707859"><ele>1967.4</ele><time>2023-12-09T00:06:47Z</time></trkpt>
      <trkpt lat="25.7366295" lon="100.1707909"><ele>1967.5</ele><time>2023-12-09T00:06:48Z</time></trkpt>
      <trkpt lat="25.7366095" lon="100.1707962"><ele>1967.5</ele><time>2023-12-09T00:06:49Z</time></trkpt>
      <trkpt lat="25.7365900" lon="100.1708034"><ele>1967.6</ele><time>2023-12-09T00:06:50Z</time></trkpt>
      <trkpt lat="25.7365711" lon="100.1708129"><ele>1967.6</ele><time>2023-12-09T00:06:51Z</time></trkpt>
      <trkpt lat="25.7365525" lon="100.1708224"><ele>1967.7</ele><time>2023-12-09T00:06:52Z</time></trkpt>
      <trkpt lat="25.7365334" lon="100.1708307"><ele>1967.8</ele><time>2023-12-09T00:06:53Z</time></trkpt>
      <trkpt lat="25.7365137" lon="100.1708385"><ele>1967.8</ele><time>2023-12-09T00:06:54Z</time></trkpt>
      <trkpt lat="25.7364940" lon="100.1708473"><ele>1967.9</ele><time>2023-12-09T00:06:55Z</time></trkpt>
      <trkpt lat="25.7364747" lon="100.1708566"><ele>1968.0</ele><time>2023-12-09T00:06:56Z</time></trkpt>
      <trkpt lat="25.7364554" lon="100.1708664"><ele>1968.0</ele><time>2023-12-09T00:06:57Z</time></trkpt>
      <trkpt lat="25.7364358" lon="100.1708760"><ele>1968.1</ele><time>2023-12-09T00:06:58Z</time></trkpt>
      <trkpt lat="25.7364164" lon="100.1708852"><ele>1968.1</ele><time>2023-12-09T00:06:59Z</time></trkpt>
      <trkpt lat="25.7363968" lon="100.1708946"><ele>1968.2</ele><time>2023-12-09T00:07:00Z</time></trkpt>
      <trkpt lat="25.7363771" lon="100.1709040"><ele>1968.3</ele><time>2023-12-09T00:07:01Z</time></trkpt>
      <trkpt lat="25.7363573" lon="100.1709130"><ele>1968.3</ele><time>2023-12-09T00:07:02Z</time></trkpt>
      <trkpt lat="25.7363372" lon="100.1709212"><ele>1968.3</ele><time>2023-12-09T00:07:03Z</time></trkpt>
      <trkpt lat="25.7363172" lon="100.1709287"><ele>1968.3</ele><time>2023-12-09T00:07:04Z</time></trkpt>
      <trkpt lat="25.7362971" lon="100.1709360"><ele>1968.4</ele><time>2023-12-09T00:07:05Z</time></trkpt>
      <trkpt lat="25.7362768" lon="100.1709427"><ele>1968.4</ele><time>2023-12-09T00:07:06Z</time></trkpt>
      <trkpt lat="25.7362562" lon="100.1709480"><ele>1968.4</ele><time>2023-12-09T00:07:07Z</time></trkpt>
      <trkpt lat="25.7362354" lon="100.1709523"><ele>1968.4</ele><time>2023-12-09T00:07:08Z</time></trkpt>
      <trkpt lat="25.7362142" lon="100.1709559"><ele>1968.4</ele><time>2023-12-09T00:07:09Z</time></trkpt>
      <trkpt lat="25.7361927" lon="100.1709594"><ele>1968.4</ele><time>2023-12-09T00:07:10Z</time></trkpt>
      <trkpt lat="25.7361715" lon="100.1709627"><ele>1968.4</ele><time>2023-12-09T00:07:11Z</time></trkpt>
      <trkpt lat="25.7361511" lon="100.1709646"><ele>1968.4</ele><time>2023-12-09T00:07:12Z</time></trkpt>
      <trkpt lat="25.7361311" lon="100.1709648"><ele>1968.4</ele><time>2023-12-09T00:07:13Z</time></trkpt>
      <trkpt lat="25.7361112" lon="100.1709639"><ele>1968.3</ele><time>2023-12-09T00:07:14Z</time></trkpt>
      <trkpt lat="25.7360907" lon="100.1709625"><ele>1968.3</ele><time>2023-12-09T00:07:15Z</time></trkpt>
      <trkpt lat="25.7360700" lon="100.1709614"><ele>1968.2</ele><time>2023-12-09T00:07:16Z</time></trkpt>
      <trkpt lat="25.7360492" lon="100.1709603"><ele>1968.2</ele><time>2023-12-09T00:07:17Z</time></trkpt>
      <trkpt lat="25.7360283" lon="100.1709594"><ele>1968.2</ele><time>2023-12-09T00:07:18Z</time></trkpt>
      <trkpt lat="25.7360075" lon="100.1709590"><ele>1968.1</ele><time>2023-12-09T00:07:19Z</time></trkpt>
      <trkpt lat="25.7359866" lon="100.1709584"><ele>1968.1</ele><time>2023-12-09T00:07:20Z</time></trkpt>
      <trkpt lat="25.7359660" lon="100.1709578"><ele>1968.1</ele><time>2023-12-09T00:07:21Z</time></trkpt>
      <trkpt lat="25.7359453" lon="100.1709572"><ele>1968.1</ele><time>2023-12-09T00:07:22Z</time></trkpt>
      <trkpt lat="25.7359250" lon="100.1709565"><ele>1968.1</ele><time>2023-12-09T00:07:23Z</time></trkpt>
      <trkpt lat="25.7359055" lon="100.1709558"><ele>1968.0</ele><time>2023-12-09T00:07:24Z</time></trkpt>
      <trkpt lat="25.7358865" lon="100.1709557"><ele>1968.0</ele><time>2023-12-09T00:07:25Z</time></trkpt>
      <trkpt lat="25.7358676" lon="100.1709561"><ele>1968.0</ele><time>2023-12-09T00:07:26Z</time></trkpt>
      <trkpt lat="25.7358484" lon="100.1709566"><ele>1968.0</ele><time>2023-12-09T00:07:27Z</time></trkpt>
      <trkpt lat="25.7358289" lon="100.1709578"><ele>1968.0</ele><time>2023-12-09T00:07:28Z</time></trkpt>
      <trkpt lat="25.7358087" lon="100.1709598"><ele>1968.0</ele><time>2023-12-09T00:07:29Z</time></trkpt>
      <trkpt lat="25.7357880" lon="100.1709617"><ele>1968.0</ele><time>2023-12-09T00:07:30Z</time></trkpt>
      <trkpt lat="25.7357669" lon="100.1709630"><ele>1967.9</ele><time>2023-12-09T00:07:31Z</time></trkpt>
      <trkpt lat="25.7357455" lon="100.1709645"><ele>1967.9</ele><time>2023-12-09T00:07:32Z</time></trkpt>
      <trkpt lat="25.7357243" lon="100.1709664"><ele>1967.9</ele><time>2023-12-09T00:07:33Z</time></trkpt>
      <trkpt lat="25.7357030" lon="100.1709673"><ele>1967.9</ele><time>2023-12-09T00:07:34Z</time></trkpt>
      <trkpt lat="25.7356817" lon="100.1709672"><ele>1967.9</ele><time>2023-12-09T00:07:35Z</time></trkpt>
      <trkpt lat="25.7356604" lon="100.1709669"><ele>1967.9</ele><time>2023-12-09T00:07:36Z</time></trkpt>
      <trkpt lat="25.7356390" lon="100.1709676"><ele>1967.9</ele><time>2023-12-09T00:07:37Z</time></trkpt>
      <trkpt lat="25.7356174" lon="100.1709701"><ele>1967.8</ele><time>2023-12-09T00:07:38Z</time></trkpt>
      <trkpt lat="25.7355961" lon="100.1709740"><ele>1967.8</ele><time>2023-12-09T00:07:39Z</time></trkpt>
      <trkpt lat="25.7355757" lon="100.1709795"><ele>1967.8</ele><time>2023-12-09T00:07:40Z</time></trkpt>
      <trkpt lat="25.7355554" lon="100.1709867"><ele>1967.8</ele><time>2023-12-09T00:07:41Z</time></trkpt>
      <trkpt lat="25.7355350" lon="100.1709946"><ele>1967.8</ele><time>2023-12-09T00:07:42Z</time></trkpt>
      <trkpt lat="25.7355149" lon="100.1710027"><ele>1967.8</ele><time>2023-12-09T00:07:43Z</time></trkpt>
      <trkpt lat="25.7354951" lon="100.1710108"><ele>1967.7</ele><time>2023-12-09T00:07:44Z</time></trkpt>
      <trkpt lat="25.7354759" lon="100.1710188"><ele>1967.7</ele><time>2023-12-09T00:07:45Z</time></trkpt>
      <trkpt lat="25.7354572" lon="100.1710268"><ele>1967.7</ele><time>2023-12-09T00:07:46Z</time></trkpt>
      <trkpt lat="25.7354395" lon="100.1710360"><ele>1967.7</ele><time>2023-12-09T00:07:47Z</time></trkpt>
      <trkpt lat="25.7354228" lon="100.1710475"><ele>1967.8</ele><time>2023-12-09T00:07:48Z</time></trkpt>
      <trkpt lat="25.7354068" lon="100.1710607"><ele>1967.8</ele><time>2023-12-09T00:07:49Z</time></trkpt>
      <trkpt lat="25.7353914" lon="100.1710754"><ele>1967.8</ele><time>2023-12-09T00:07:50Z</time></trkpt>
      <trkpt lat="25.7353768" lon="100.1710923"><ele>1967.9</ele><time>2023-12-09T00:07:51Z</time></trkpt>
      <trkpt lat="25.7353634" lon="100.1711109"><ele>1967.9</ele><time>2023-12-09T00:07:52Z</time></trkpt>
      <trkpt lat="25.7353507" lon="100.1711302"><ele>1968.0</ele><time>2023-12-09T00:07:53Z</time></trkpt>
      <trkpt lat="25.7353390" lon="100.1711494"><ele>1968.0</ele><time>2023-12-09T00:07:54Z</time></trkpt>
      <trkpt lat="25.7353281" lon="100.1711690"><ele>1968.1</ele><time>2023-12-09T00:07:55Z</time></trkpt>
      <trkpt lat="25.7353178" lon="100.1711889"><ele>1968.1</ele><time>2023-12-09T00:07:56Z</time></trkpt>
      <trkpt lat="25.7353085" lon="100.1712097"><ele>1968.2</ele><time>2023-12-09T00:07:57Z</time></trkpt>
      <trkpt lat="25.7353002" lon="100.1712315"><ele>1968.2</ele><time>2023-12-09T00:07:58Z</time></trkpt>
      <trkpt lat="25.7352926" lon="100.1712538"><ele>1968.2</ele><time>2023-12-09T00:07:59Z</time></trkpt>
      <trkpt lat="25.7352859" lon="100.1712766"><ele>1968.2</ele><time>2023-12-09T00:08:00Z</time></trkpt>
      <trkpt lat="25.7352795" lon="100.1712993"><ele>1968.3</ele><time>2023-12-09T00:08:01Z</time></trkpt>
      <trkpt lat="25.7352734" lon="100.1713218"><ele>1968.3</ele><time>2023-12-09T00:08:02Z</time></trkpt>
      <trkpt lat="25.7352673" lon="100.1713442"><ele>1968.2</ele><time>2023-12-09T00:08:03Z</time></trkpt>
      <trkpt lat="25.7352609" lon="100.1713661"><ele>1968.2</ele><time>2023-12-09T00:08:04Z</time></trkpt>
      <trkpt lat="25.7352544" lon="100.1713879"><ele>1968.2</ele><time>2023-12-09T00:08:05Z</time></trkpt>
      <trkpt lat="25.7352485" lon="100.1714093"><ele>1968.2</ele><time>2023-12-09T00:08:06Z</time></trkpt>
      <trkpt lat="25.7352432" lon="100.1714308"><ele>1968.2</ele><time>2023-12-09T00:08:07Z</time></trkpt>
      <trkpt lat="25.7352388" lon="100.1714525"><ele>1968.2</ele><time>2023-12-09T00:08:08Z</time></trkpt>
      <trkpt lat="25.7352357" lon="100.1714741"><ele>1968.2</ele><time>2023-12-09T00:08:09Z</time></trkpt>
      <trkpt lat="25.7352339" lon="100.1714963"><ele>1968.3</ele><time>2023-12-09T00:08:10Z</time></trkpt>
      <trkpt lat="25.7352324" lon="100.1715188"><ele>1968.3</ele><time>2023-12-09T00:08:11Z</time></trkpt>
      <trkpt lat="25.7352305" lon="100.1715414"><ele>1968.3</ele><time>2023-12-09T00:08:12Z</time></trkpt>
      <trkpt lat="25.7352280" lon="100.1715637"><ele>1968.4</ele><time>2023-12-09T00:08:13Z</time></trkpt>
      <trkpt lat="25.7352253" lon="100.1715858"><ele>1968.4</ele><time>2023-12-09T00:08:14Z</time></trkpt>
      <trkpt lat="25.7352224" lon="100.1716076"><ele>1968.5</ele><time>2023-12-09T00:08:15Z</time></trkpt>
      <trkpt lat="25.7352194" lon="100.1716290"><ele>1968.5</ele><time>2023-12-09T00:08:16Z</time></trkpt>
      <trkpt lat="25.7352165" lon="100.1716507"><ele>1968.5</ele><time>2023-12-09T00:08:17Z</time></trkpt>
      <trkpt lat="25.7352141" lon="100.1716725"><ele>1968.6</ele><time>2023-12-09T00:08:18Z</time></trkpt>
      <trkpt lat="25.7352122" lon="100.1716941"><ele>1968.6</ele><time>2023-12-09T00:08:19Z</time></trkpt>
      <trkpt lat="25.7352106" lon="100.1717153"><ele>1968.6</ele><time>2023-12-09T00:08:20Z</time></trkpt>
      <trkpt lat="25.7352090" lon="100.1717361"><ele>1968.6</ele><time>2023-12-09T00:08:21Z</time></trkpt>
      <trkpt lat="25.7352073" lon="100.1717574"><ele>1968.6</ele><time>2023-12-09T00:08:22Z</time></trkpt>
      <trkpt lat="25.7352052" lon="100.1717788"><ele>1968.6</ele><time>2023-12-09T00:08:23Z</time></trkpt>
      <trkpt lat="25.7352030" lon="100.1718006"><ele>1968.6</ele><time>2023-12-09T00:08:24Z</time></trkpt>
      <trkpt lat="25.7352006" lon="100.1718229"><ele>1968.5</ele><time>2023-12-09T00:08:25Z</time></trkpt>
      <trkpt lat="25.7351982" lon="100.1718454"><ele>1968.5</ele><time>2023-12-09T00:08:26Z</time></trkpt>
      <trkpt lat="25.7351961" lon="100.1718682"><ele>1968.4</ele><time>2023-12-09T00:08:27Z</time></trkpt>
      <trkpt lat="25.7351940" lon="100.1718911"><ele>1968.4</ele><time>2023-12-09T00:08:28Z</time></trkpt>
      <trkpt lat="25.7351918" lon="100.1719142"><ele>1968.3</ele><time>2023-12-09T00:08:29Z</time></trkpt>
      <trkpt lat="25.7351899" lon="100.1719372"><ele>1968.2</ele><time>2023-12-09T00:08:30Z</time></trkpt>
      <trkpt lat="25.7351886" lon="100.1719606"><ele>1968.1</ele><time>2023-12-09T00:08:31Z</time></trkpt>
      <trkpt lat="25.7351876" lon="100.1719847"><ele>1968.1</ele><time>2023-12-09T00:08:32Z</time></trkpt>
      <trkpt lat="25.7351864" lon="100.1720088"><ele>1968.0</ele><time>2023-12-09T00:08:33Z</time></trkpt>
      <trkpt lat="25.7351854" lon="100.1720329"><ele>1967.9</ele><time>2023-12-09T00:08:34Z</time></trkpt>
      <trkpt lat="25.7351843" lon="100.1720568"><ele>1967.8</ele><time>2023-12-09T00:08:35Z</time></trkpt>
      <trkpt lat="25.7351828" lon="100.1720803"><ele>1967.7</ele><time>2023-12-09T00:08:36Z</time></trkpt>
      <trkpt lat="25.7351824" lon="100.1721038"><ele>1967.6</ele><time>2023-12-09T00:08:37Z</time></trkpt>
      <trkpt lat="25.7351825" lon="100.1721274"><ele>1967.5</ele><time>2023-12-09T00:08:38Z</time></trkpt>
      <trkpt lat="25.7351821" lon="100.1721512"><ele>1967.4</ele><time>2023-12-09T00:08:39Z</time></trkpt>
      <trkpt lat="25.7351816" lon="100.1721754"><ele>1967.4</ele><time>2023-12-09T00:08:40Z</time></trkpt>
      <trkpt lat="25.7351808" lon="100.1721997"><ele>1967.3</ele><time>2023-12-09T00:08:41Z</time></trkpt>
      <trkpt lat="25.7351789" lon="100.1722238"><ele>1967.3</ele><time>2023-12-09T00:08:42Z</time></trkpt>
      <trkpt lat="25.7351760" lon="100.1722467"><ele>1967.2</ele><time>2023-12-09T00:08:43Z</time></trkpt>
      <trkpt lat="25.7351723" lon="100.1722687"><ele>1967.2</ele><time>2023-12-09T00:08:44Z</time></trkpt>
      <trkpt lat="25.7351679" lon="100.1722901"><ele>1967.2</ele><time>2023-12-09T00:08:45Z</time></trkpt>
      <trkpt lat="25.7351629" lon="100.1723113"><ele>1967.1</ele><time>2023-12-09T00:08:46Z</time></trkpt>
      <trkpt lat="25.7351570" lon="100.1723324"><ele>1967.1</ele><time>2023-12-09T00:08:47Z</time></trkpt>
      <trkpt lat="25.7351498" lon="100.1723529"><ele>1967.2</ele><time>2023-12-09T00:08:48Z</time></trkpt>
      <trkpt lat="25.7351420" lon="100.1723730"><ele>1967.2</ele><time>2023-12-09T00:08:49Z</time></trkpt>
      <trkpt lat="25.7351344" lon="100.1723928"><ele>1967.2</ele><time>2023-12-09T00:08:50Z</time></trkpt>
      <trkpt lat="25.7351274" lon="100.1724132"><ele>1967.3</ele><time>2023-12-09T00:08:51Z</time></trkpt>
      <trkpt lat="25.7351207" lon="100.1724339"><ele>1967.3</ele><time>2023-12-09T00:08:52Z</time></trkpt>
      <trkpt lat="25.7351136" lon="100.1724549"><ele>1967.3</ele><time>2023-12-09T00:08:53Z</time></trkpt>
      <trkpt lat="25.7351062" lon="100.1724759"><ele>1967.4</ele><time>2023-12-09T00:08:54Z</time></trkpt>
      <trkpt lat="25.7350986" lon="100.1724968"><ele>1967.4</ele><time>2023-12-09T00:08:55Z</time></trkpt>
      <trkpt lat="25.7350909" lon="100.1725180"><ele>1967.4</ele><time>2023-12-09T00:08:56Z</time></trkpt>
      <trkpt lat="25.7350832" lon="100.1725391"><ele>1967.5</ele><time>2023-12-09T00:08:57Z</time></trkpt>
      <trkpt lat="25.7350755" lon="100.1725604"><ele>1967.5</ele><time>2023-12-09T00:08:58Z</time></trkpt>
      <trkpt lat="25.7350680" lon="100.1725814"><ele>1967.5</ele><time>2023-12-09T00:08:59Z</time></trkpt>
      <trkpt lat="25.7350609" lon="100.1726020"><ele>1967.6</ele><time>2023-12-09T00:09:00Z</time></trkpt>
      <trkpt lat="25.7350541" lon="100.1726222"><ele>1967.6</ele><time>2023-12-09T00:09:01Z</time></trkpt>
      <trkpt lat="25.7350470" lon="100.1726419"><ele>1967.7</ele><time>2023-12-09T00:09:02Z</time></trkpt>
      <trkpt lat="25.7350392" lon="100.1726615"><ele>1967.7</ele><time>2023-12-09T00:09:03Z</time></trkpt>
      <trkpt lat="25.7350308" lon="100.1726811"><ele>1967.7</ele><time>2023-12-09T00:09:04Z</time></trkpt>
      <trkpt lat="25.7350219" lon="100.1727010"><ele>1967.8</ele><time>2023-12-09T00:09:05Z</time></trkpt>
      <trkpt lat="25.7350127" lon="100.1727209"><ele>1967.8</ele><time>2023-12-09T00:09:06Z</time></trkpt>
      <trkpt lat="25.7350036" lon="100.1727411"><ele>1967.8</ele><time>2023-12-09T00:09:07Z</time></trkpt>
      <trkpt lat="25.7349946" lon="100.1727617"><ele>1967.9</ele><time>2023-12-09T00:09:08Z</time></trkpt>
      <trkpt lat="25.7349857" lon="100.1727822"><ele>1967.9</ele><time>2023-12-09T00:09:09Z</time></trkpt>
      <trkpt lat="25.7349766" lon="100.1728026"><ele>1968.0</ele><time>2023-12-09T00:09:10Z</time></trkpt>
      <trkpt lat="25.7349672" lon="100.1728227"><ele>1968.1</ele><time>2023-12-09T00:09:11Z</time></trkpt>
      <trkpt lat="25.7349579" lon="100.1728423"><ele>1968.2</ele><time>2023-12-09T00:09:12Z</time></trkpt>
      <trkpt lat="25.7349488" lon="100.1728616"><ele>1968.2</ele><time>2023-12-09T00:09:13Z</time></trkpt>
      <trkpt lat="25.7349399" lon="100.1728805"><ele>1968.3</ele><time>2023-12-09T00:09:14Z</time></trkpt>
      <trkpt lat="25.7349309" lon="100.1728996"><ele>1968.4</ele><time>2023-12-09T00:09:15Z</time></trkpt>
      <trkpt lat="25.7349216" lon="100.1729188"><ele>1968.5</ele><time>2023-12-09T00:09:16Z</time></trkpt>
      <trkpt lat="25.7349119" lon="100.1729378"><ele>1968.5</ele><time>2023-12-09T00:09:17Z</time></trkpt>
      <trkpt lat="25.7349013" lon="100.1729565"><ele>1968.6</ele><time>2023-12-09T00:09:18Z</time></trkpt>
      <trkpt lat="25.7348902" lon="100.1729753"><ele>1968.6</ele><time>2023-12-09T00:09:19Z</time></trkpt>
      <trkpt lat="25.7348787" lon="100.1729945"><ele>1968.7</ele><time>2023-12-09T00:09:20Z</time></trkpt>
      <trkpt lat="25.7348670" lon="100.1730138"><ele>1968.7</ele><time>2023-12-09T00:09:21Z</time></trkpt>
      <trkpt lat="25.7348555" lon="100.1730335"><ele>1968.7</ele><time>2023-12-09T00:09:22Z</time></trkpt>
      <trkpt lat="25.7348441" lon="100.1730537"><ele>1968.7</ele><time>2023-12-09T00:09:23Z</time></trkpt>
      <trkpt lat="25.7348326" lon="100.1730738"><ele>1968.7</ele><time>2023-12-09T00:09:24Z</time></trkpt>
      <trkpt lat="25.7348205" lon="100.1730934"><ele>1968.7</ele><time>2023-12-09T00:09:25Z</time></trkpt>
      <trkpt lat="25.7348078" lon="100.1731122"><ele>1968.7</ele><time>2023-12-09T00:09:26Z</time></trkpt>
      <trkpt lat="25.7347951" lon="100.1731309"><ele>1968.7</ele><time>2023-12-09T00:09:27Z</time></trkpt>
      <trkpt lat="25.7347830" lon="100.1731494"><ele>1968.7</ele><time>2023-12-09T00:09:28Z</time></trkpt>
      <trkpt lat="25.7347711" lon="100.1731679"><ele>1968.6</ele><time>2023-12-09T00:09:29Z</time></trkpt>
      <trkpt lat="25.7347593" lon="100.1731868"><ele>1968.6</ele><time>2023-12-09T00:09:30Z</time></trkpt>
      <trkpt lat="25.7347477" lon="100.1732063"><ele>1968.5</ele><time>2023-12-09T00:09:31Z</time></trkpt>
      <trkpt lat="25.7347356" lon="100.1732258"><ele>1968.4</ele><time>2023-12-09T00:09:32Z</time></trkpt>
      <trkpt lat="25.7347235" lon="100.1732451"><ele>1968.4</ele><time>2023-12-09T00:09:33Z</time></trkpt>
      <trkpt lat="25.7347120" lon="100.1732648"><ele>1968.3</ele><time>2023-12-09T00:09:34Z</time></trkpt>
      <trkpt lat="25.7347006" lon="100.1732845"><ele>1968.3</ele><time>2023-12-09T00:09:35Z</time></trkpt>
      <trkpt lat="25.7346884" lon="100.1733038"><ele>1968.2</ele><time>2023-12-09T00:09:36Z</time></trkpt>
      <trkpt lat="25.7346750" lon="100.1733225"><ele>1968.2</ele><time>2023-12-09T00:09:37Z</time></trkpt>
      <trkpt lat="25.7346612" lon="100.1733411"><ele>1968.1</ele><time>2023-12-09T00:09:38Z</time></trkpt>
      <trkpt lat="25.7346477" lon="100.1733603"><ele>1968.1</ele><time>2023-12-09T00:09:39Z</time></trkpt>
      <trkpt lat="25.7346345" lon="100.1733795"><ele>1968.1</ele><time>2023-12-09T00:09:40Z</time></trkpt>
      <trkpt lat="25.7346212" lon="100.1733984"><ele>1968.1</ele><time>2023-12-09T00:09:41Z</time></trkpt>
      <trkpt lat="25.7346076" lon="100.1734165"><ele>1968.1</ele><time>2023-12-09T00:09:42Z</time></trkpt>
      <trkpt lat="25.7345941" lon="100.1734344"><ele>1968.0</ele><time>2023-12-09T00:09:43Z</time></trkpt>
      <trkpt lat="25.7345802" lon="100.1734524"><ele>1968.0</ele><time>2023-12-09T00:09:44Z</time></trkpt>
      <trkpt lat="25.7345658" lon="100.1734704"><ele>1968.0</ele><time>2023-12-09T00:09:45Z</time></trkpt>
      <trkpt lat="25.7345507" lon="100.1734886"><ele>1968.0</ele><time>2023-12-09T00:09:46Z</time></trkpt>
      <trkpt lat="25.7345352" lon="100.1735068"><ele>1968.1</ele><time>2023-12-09T00:09:47Z</time></trkpt>
      <trkpt lat="25.7345201" lon="100.1735248"><ele>1968.1</ele><time>2023-12-09T00:09:48Z</time></trkpt>
      <trkpt lat="25.7345056" lon="100.1735426"><ele>1968.1</ele><time>2023-12-09T00:09:49Z</time></trkpt>
      <trkpt lat="25.7344916" lon="100.1735602"><ele>1968.2</ele><time>2023-12-09T00:09:50Z</time></trkpt>
      <trkpt lat="25.7344776" lon="100.1735779"><ele>1968.2</ele><time>2023-12-09T00:09:51Z</time></trkpt>
      <trkpt lat="25.7344636" lon="100.1735954"><ele>1968.3</ele><time>2023-12-09T00:09:52Z</time></trkpt>
      <trkpt lat="25.7344487" lon="100.1736130"><ele>1968.4</ele><time>2023-12-09T00:09:53Z</time></trkpt>
      <trkpt lat="25.7344330" lon="100.1736304"><ele>1968.4</ele><time>2023-12-09T00:09:54Z</time></trkpt>
      <trkpt lat="25.7344174" lon="100.1736474"><ele>1968.5</ele><time>2023-12-09T00:09:55Z</time></trkpt>
      <trkpt lat="25.7344022" lon="100.1736642"><ele>1968.6</ele><time>2023-12-09T00:09:56Z</time></trkpt>
      <trkpt lat="25.7343875" lon="100.1736813"><ele>1968.6</ele><time>2023-12-09T00:09:57Z</time></trkpt>
      <trkpt lat="25.7343727" lon="100.1736989"><ele>1968.7</ele><time>2023-12-09T00:09:58Z</time></trkpt>
      <trkpt lat="25.7343575" lon="100.1737158"><ele>1968.8</ele><time>2023-12-09T00:09:59Z</time></trkpt>
      <trkpt lat="25.7343419" lon="100.1737317"><ele>1968.8</ele><time>2023-12-09T00:10:00Z</time></trkpt>
      <trkpt lat="25.7343262" lon="100.1737470"><ele>1968.9</ele><time>2023-12-09T00:10:01Z</time></trkpt>
      <trkpt lat="25.7343112" lon="100.1737627"><ele>1969.0</ele><time>2023-12-09T00:10:02Z</time></trkpt>
      <trkpt lat="25.7342963" lon="100.1737792"><ele>1969.0</ele><time>2023-12-09T00:10:03Z</time></trkpt>
      <trkpt lat="25.7342811" lon="100.1737957"><ele>1969.1</ele><time>2023-12-09T00:10:04Z</time></trkpt>
      <trkpt lat="25.7342658" lon="100.1738121"><ele>1969.1</ele><time>2023-12-09T00:10:05Z</time></trkpt>
      <trkpt lat="25.7342502" lon="100.1738276"><ele>1969.1</ele><time>2023-12-09T00:10:06Z</time></trkpt>
      <trkpt lat="25.7342346" lon="100.1738428"><ele>1969.1</ele><time>2023-12-09T00:10:07Z</time></trkpt>
      <trkpt lat="25.7342191" lon="100.1738582"><ele>1969.1</ele><time>2023-12-09T00:10:08Z</time></trkpt>
      <trkpt lat="25.7342039" lon="100.1738735"><ele>1969.0</ele><time>2023-12-09T00:10:09Z</time></trkpt>
      <trkpt lat="25.7341886" lon="100.1738889"><ele>1969.0</ele><time>2023-12-09T00:10:10Z</time></trkpt>
      <trkpt lat="25.7341732" lon="100.1739049"><ele>1969.0</ele><time>2023-12-09T00:10:11Z</time></trkpt>
      <trkpt lat="25.7341580" lon="100.1739214"><ele>1969.0</ele><time>2023-12-09T00:10:12Z</time></trkpt>
      <trkpt lat="25.7341425" lon="100.1739376"><ele>1968.9</ele><time>2023-12-09T00:10:13Z</time></trkpt>
      <trkpt lat="25.7341269" lon="100.1739525"><ele>1968.9</ele><time>2023-12-09T00:10:14Z</time></trkpt>
      <trkpt lat="25.7341108" lon="100.1739664"><ele>1968.8</ele><time>2023-12-09T00:10:15Z</time></trkpt>
      <trkpt lat="25.7340942" lon="100.1739796"><ele>1968.8</ele><time>2023-12-09T00:10:16Z</time></trkpt>
      <trkpt lat="25.7340775" lon="100.1739931"><ele>1968.7</ele><time>2023-12-09T00:10:17Z</time></trkpt>
      <trkpt lat="25.7340607" lon="100.1740072"><ele>1968.7</ele><time>2023-12-09T00:10:18Z</time></trkpt>
      <trkpt lat="25.7340433" lon="100.1740214"><ele>1968.7</ele><time>2023-12-09T00:10:19Z</time></trkpt>
      <trkpt lat="25.7340253" lon="100.1740354"><ele>1968.7</ele><time>2023-12-09T00:10:20Z</time></trkpt>
      <trkpt lat="25.7340073" lon="100.1740489"><ele>1968.7</ele><time>2023-12-09T00:10:21Z</time></trkpt>
      <trkpt lat="25.7339900" lon="100.1740622"><ele>1968.7</ele><time>2023-12-09T00:10:22Z</time></trkpt>
      <trkpt lat="25.7339732" lon="100.1740757"><ele>1968.7</ele><time>2023-12-09T00:10:23Z</time></trkpt>
      <trkpt lat="25.7339563" lon="100.1740894"><ele>1968.6</ele><time>2023-12-09T00:10:23Z</time></trkpt>
      <trkpt lat="25.7339384" lon="100.1741028"><ele>1968.6</ele><time>2023-12-09T00:10:24Z</time></trkpt>
      <trkpt lat="25.7339203" lon="100.1741157"><ele>1968.6</ele><time>2023-12-09T00:10:25Z</time></trkpt>
      <trkpt lat="25.7339029" lon="100.1741291"><ele>1968.6</ele><time>2023-12-09T00:10:26Z</time></trkpt>
      <trkpt lat="25.7338862" lon="100.1741432"><ele>1968.6</ele><time>2023-12-09T00:10:27Z</time></trkpt>
      <trkpt lat="25.7338694" lon="100.1741573"><ele>1968.6</ele><time>2023-12-09T00:10:28Z</time></trkpt>
      <trkpt lat="25.7338521" lon="100.1741710"><ele>1968.6</ele><time>2023-12-09T00:10:29Z</time></trkpt>
      <trkpt lat="25.7338345" lon="100.1741842"><ele>1968.6</ele><time>2023-12-09T00:10:30Z</time></trkpt>
      <trkpt lat="25.7338166" lon="100.1741968"><ele>1968.6</ele><time>2023-12-09T00:10:31Z</time></trkpt>
      <trkpt lat="25.7337984" lon="100.1742090"><ele>1968.6</ele><time>2023-12-09T00:10:32Z</time></trkpt>
      <trkpt lat="25.7337805" lon="100.1742210"><ele>1968.6</ele><time>2023-12-09T00:10:33Z</time></trkpt>
      <trkpt lat="25.7337627" lon="100.1742329"><ele>1968.6</ele><time>2023-12-09T00:10:34Z</time></trkpt>
      <trkpt lat="25.7337453" lon="100.1742444"><ele>1968.6</ele><time>2023-12-09T00:10:35Z</time></trkpt>
      <trkpt lat="25.7337278" lon="100.1742557"><ele>1968.6</ele><time>2023-12-09T00:10:36Z</time></trkpt>
      <trkpt lat="25.7337100" lon="100.1742670"><ele>1968.6</ele><time>2023-12-09T00:10:37Z</time></trkpt>
      <trkpt lat="25.7336924" lon="100.1742789"><ele>1968.6</ele><time>2023-12-09T00:10:38Z</time></trkpt>
      <trkpt lat="25.7336750" lon="100.1742915"><ele>1968.7</ele><time>2023-12-09T00:10:39Z</time></trkpt>
      <trkpt lat="25.7336577" lon="100.1743042"><ele>1968.7</ele><time>2023-12-09T00:10:40Z</time></trkpt>
      <trkpt lat="25.7336400" lon="100.1743175"><ele>1968.7</ele><time>2023-12-09T00:10:41Z</time></trkpt>
      <trkpt lat="25.7336224" lon="100.1743317"><ele>1968.7</ele><time>2023-12-09T00:10:42Z</time></trkpt>
      <trkpt lat="25.7336046" lon="100.1743461"><ele>1968.8</ele><time>2023-12-09T00:10:43Z</time></trkpt>
      <trkpt lat="25.7335864" lon="100.1743606"><ele>1968.8</ele><time>2023-12-09T00:10:44Z</time></trkpt>
      <trkpt lat="25.7335681" lon="100.1743751"><ele>1968.8</ele><time>2023-12-09T00:10:45Z</time></trkpt>
      <trkpt lat="25.7335503" lon="100.1743897"><ele>1968.8</ele><time>2023-12-09T00:10:46Z</time></trkpt>
      <trkpt lat="25.7335335" lon="100.1744043"><ele>1968.8</ele><time>2023-12-09T00:10:47Z</time></trkpt>
      <trkpt lat="25.7335166" lon="100.1744174"><ele>1968.8</ele><time>2023-12-09T00:10:48Z</time></trkpt>
      <trkpt lat="25.7334989" lon="100.1744296"><ele>1968.7</ele><time>2023-12-09T00:10:49Z</time></trkpt>
      <trkpt lat="25.7334816" lon="100.1744430"><ele>1968.7</ele><time>2023-12-09T00:10:50Z</time></trkpt>
      <trkpt lat="25.7334650" lon="100.1744576"><ele>1968.6</ele><time>2023-12-09T00:10:51Z</time></trkpt>
      <trkpt lat="25.7334488" lon="100.1744720"><ele>1968.6</ele><time>2023-12-09T00:10:52Z</time></trkpt>
      <trkpt lat="25.7334327" lon="100.1744861"><ele>1968.5</ele><time>2023-12-09T00:10:53Z</time></trkpt>
      <trkpt lat="25.7334166" lon="100.1745004"><ele>1968.4</ele><time>2023-12-09T00:10:54Z</time></trkpt>
      <trkpt lat="25.7334010" lon="100.1745150"><ele>1968.4</ele><time>2023-12-09T00:10:55Z</time></trkpt>
      <trkpt lat="25.7333860" lon="100.1745308"><ele>1968.3</ele><time>2023-12-09T00:10:56Z</time></trkpt>
      <trkpt lat="25.7333718" lon="100.1745474"><ele>1968.2</ele><time>2023-12-09T00:10:57Z</time></trkpt>
      <trkpt lat="25.7333576" lon="100.1745639"><ele>1968.1</ele><time>2023-12-09T00:10:58Z</time></trkpt>
      <trkpt lat="25.7333434" lon="100.1745801"><ele>1968.1</ele><time>2023-12-09T00:10:59Z</time></trkpt>
      <trkpt lat="25.7333293" lon="100.1745964"><ele>1968.0</ele><time>2023-12-09T00:11:00Z</time></trkpt>
      <trkpt lat="25.7333152" lon="100.1746129"><ele>1968.0</ele><time>2023-12-09T00:11:01Z</time></trkpt>
      <trkpt lat="25.7333014" lon="100.1746293"><ele>1967.9</ele><time>2023-12-09T00:11:02Z</time></trkpt>
      <trkpt lat="25.7332880" lon="100.1746453"><ele>1967.9</ele><time>2023-12-09T00:11:03Z</time></trkpt>
      <trkpt lat="25.7332749" lon="100.1746609"><ele>1967.9</ele><time>2023-12-09T00:11:04Z</time></trkpt>
      <trkpt lat="25.7332623" lon="100.1746764"><ele>1967.9</ele><time>2023-12-09T00:11:06Z</time></trkpt>
      <trkpt lat="25.7332497" lon="100.1746915"><ele>1967.9</ele><time>2023-12-09T00:11:06Z</time></trkpt>
      <trkpt lat="25.7332371" lon="100.1747066"><ele>1967.8</ele><time>2023-12-09T00:11:07Z</time></trkpt>
      <trkpt lat="25.7332243" lon="100.1747231"><ele>1967.8</ele><time>2023-12-09T00:11:08Z</time></trkpt>
      <trkpt lat="25.7332111" lon="100.1747402"><ele>1967.8</ele><time>2023-12-09T00:11:09Z</time></trkpt>
      <trkpt lat="25.7331975" lon="100.1747572"><ele>1967.8</ele><time>2023-12-09T00:11:10Z</time></trkpt>
      <trkpt lat="25.7331845" lon="100.1747739"><ele>1967.8</ele><time>2023-12-09T00:11:11Z</time></trkpt>
      <trkpt lat="25.7331728" lon="100.1747904"><ele>1967.8</ele><time>2023-12-09T00:11:12Z</time></trkpt>
      <trkpt lat="25.7331611" lon="100.1748067"><ele>1967.8</ele><time>2023-12-09T00:11:13Z</time></trkpt>
      <trkpt lat="25.7331489" lon="100.1748225"><ele>1967.8</ele><time>2023-12-09T00:11:14Z</time></trkpt>
      <trkpt lat="25.7331362" lon="100.1748384"><ele>1967.8</ele><time>2023-12-09T00:11:15Z</time></trkpt>
      <trkpt lat="25.7331230" lon="100.1748553"><ele>1967.8</ele><time>2023-12-09T00:11:16Z</time></trkpt>
      <trkpt lat="25.7331098" lon="100.1748730"><ele>1967.9</ele><time>2023-12-09T00:11:17Z</time></trkpt>
      <trkpt lat="25.7330964" lon="100.1748909"><ele>1967.9</ele><time>2023-12-09T00:11:18Z</time></trkpt>
      <trkpt lat="25.7330836" lon="100.1749084"><ele>1967.9</ele><time>2023-12-09T00:11:19Z</time></trkpt>
      <trkpt lat="25.7330715" lon="100.1749252"><ele>1968.0</ele><time>2023-12-09T00:11:20Z</time></trkpt>
      <trkpt lat="25.7330597" lon="100.1749416"><ele>1968.0</ele><time>2023-12-09T00:11:21Z</time></trkpt>
      <trkpt lat="25.7330482" lon="100.1749579"><ele>1968.1</ele><time>2023-12-09T00:11:22Z</time></trkpt>
      <trkpt lat="25.7330370" lon="100.1749747"><ele>1968.1</ele><time>2023-12-09T00:11:23Z</time></trkpt>
      <trkpt lat="25.7330261" lon="100.1749918"><ele>1968.2</ele><time>2023-12-09T00:11:24Z</time></trkpt>
      <trkpt lat="25.7330152" lon="100.1750092"><ele>1968.2</ele><time>2023-12-09T00:11:25Z</time></trkpt>
      <trkpt lat="25.7330040" lon="100.1750265"><ele>1968.2</ele><time>2023-12-09T00:11:26Z</time></trkpt>
      <trkpt lat="25.7329927" lon="100.1750434"><ele>1968.3</ele><time>2023-12-09T00:11:27Z</time></trkpt>
      <trkpt lat="25.7329816" lon="100.1750609"><ele>1968.3</ele><time>2023-12-09T00:11:28Z</time></trkpt>
      <trkpt lat="25.7329715" lon="100.1750792"><ele>1968.3</ele><time>2023-12-09T00:11:29Z</time></trkpt>
      <trkpt lat="25.7329625" lon="100.1750976"><ele>1968.2</ele><time>2023-12-09T00:11:30Z</time></trkpt>
      <trkpt lat="25.7329543" lon="100.1751161"><ele>1968.2</ele><time>2023-12-09T00:11:31Z</time></trkpt>
      <trkpt lat="25.7329461" lon="100.1751342"><ele>1968.2</ele><time>2023-12-09T00:11:32Z</time></trkpt>
      <trkpt lat="25.7329373" lon="100.1751523"><ele>1968.2</ele><time>2023-12-09T00:11:33Z</time></trkpt>
      <trkpt lat="25.7329282" lon="100.1751707"><ele>1968.1</ele><time>2023-12-09T00:11:34Z</time></trkpt>
      <trkpt lat="25.7329186" lon="100.1751888"><ele>1968.1</ele><time>2023-12-09T00:11:35Z</time></trkpt>
      <trkpt lat="25.7329083" lon="100.1752062"><ele>1968.1</ele><time>2023-12-09T00:11:36Z</time></trkpt>
      <trkpt lat="25.7328974" lon="100.1752231"><ele>1968.0</ele><time>2023-12-09T00:11:37Z</time></trkpt>
      <trkpt lat="25.7328862" lon="100.1752397"><ele>1968.0</ele><time>2023-12-09T00:11:38Z</time></trkpt>
      <trkpt lat="25.7328751" lon="100.1752565"><ele>1967.9</ele><time>2023-12-09T00:11:39Z</time></trkpt>
      <trkpt lat="25.7328647" lon="100.1752739"><ele>1967.9</ele><time>2023-12-09T00:11:40Z</time></trkpt>
      <trkpt lat="25.7328550" lon="100.1752919"><ele>1967.8</ele><time>2023-12-09T00:11:41Z</time></trkpt>
      <trkpt lat="25.7328456" lon="100.1753095"><ele>1967.8</ele><time>2023-12-09T00:11:42Z</time></trkpt>
      <trkpt lat="25.7328363" lon="100.1753268"><ele>1967.7</ele><time>2023-12-09T00:11:43Z</time></trkpt>
      <trkpt lat="25.7328274" lon="100.1753444"><ele>1967.7</ele><time>2023-12-09T00:11:44Z</time></trkpt>
      <trkpt lat="25.7328195" lon="100.1753625"><ele>1967.6</ele><time>2023-12-09T00:11:45Z</time></trkpt>
      <trkpt lat="25.7328120" lon="100.1753813"><ele>1967.6</ele><time>2023-12-09T00:11:46Z</time></trkpt>
      <trkpt lat="25.7328045" lon="100.1754002"><ele>1967.5</ele><time>2023-12-09T00:11:47Z</time></trkpt>
      <trkpt lat="25.7327963" lon="100.1754185"><ele>1967.5</ele><time>2023-12-09T00:11:48Z</time></trkpt>
      <trkpt lat="25.7327879" lon="100.1754367"><ele>1967.4</ele><time>2023-12-09T00:11:49Z</time></trkpt>
      <trkpt lat="25.7327801" lon="100.1754548"><ele>1967.4</ele><time>2023-12-09T00:11:50Z</time></trkpt>
      <trkpt lat="25.7327723" lon="100.1754729"><ele>1967.4</ele><time>2023-12-09T00:11:51Z</time></trkpt>
      <trkpt lat="25.7327642" lon="100.1754905"><ele>1967.4</ele><time>2023-12-09T00:11:52Z</time></trkpt>
      <trkpt lat="25.7327555" lon="100.1755080"><ele>1967.4</ele><time>2023-12-09T00:11:53Z</time></trkpt>
      <trkpt lat="25.7327472" lon="100.1755260"><ele>1967.4</ele><time>2023-12-09T00:11:54Z</time></trkpt>
      <trkpt lat="25.7327403" lon="100.1755451"><ele>1967.4</ele><time>2023-12-09T00:11:55Z</time></trkpt>
      <trkpt lat="25.7327338" lon="100.1755649"><ele>1967.4</ele><time>2023-12-09T00:11:56Z</time></trkpt>
      <trkpt lat="25.7327273" lon="100.1755846"><ele>1967.4</ele><time>2023-12-09T00:11:57Z</time></trkpt>
      <trkpt lat="25.7327210" lon="100.1756039"><ele>1967.5</ele><time>2023-12-09T00:11:58Z</time></trkpt>
      <trkpt lat="25.7327150" lon="100.1756230"><ele>1967.5</ele><time>2023-12-09T00:11:59Z</time></trkpt>
      <trkpt lat="25.7327096" lon="100.1756420"><ele>1967.6</ele><time>2023-12-09T00:12:00Z</time></trkpt>
      <trkpt lat="25.7327045" lon="100.1756613"><ele>1967.6</ele><time>2023-12-09T00:12:01Z</time></trkpt>
      <trkpt lat="25.7326999" lon="100.1756807"><ele>1967.7</ele><time>2023-12-09T00:12:02Z</time></trkpt>
      <trkpt lat="25.7326966" lon="100.1757005"><ele>1967.7</ele><time>2023-12-09T00:12:03Z</time></trkpt>
      <trkpt lat="25.7326941" lon="100.1757207"><ele>1967.8</ele><time>2023-12-09T00:12:04Z</time></trkpt>
      <trkpt lat="25.7326913" lon="100.1757410"><ele>1967.8</ele><time>2023-12-09T00:12:05Z</time></trkpt>
      <trkpt lat="25.7326874" lon="100.1757613"><ele>1967.9</ele><time>2023-12-09T00:12:06Z</time></trkpt>
      <trkpt lat="25.7326827" lon="100.1757815"><ele>1967.9</ele><time>2023-12-09T00:12:07Z</time></trkpt>
      <trkpt lat="25.7326777" lon="100.1758022"><ele>1967.9</ele><time>2023-12-09T00:12:08Z</time></trkpt>
      <trkpt lat="25.7326728" lon="100.1758231"><ele>1968.0</ele><time>2023-12-09T00:12:09Z</time></trkpt>
      <trkpt lat="25.7326687" lon="100.1758445"><ele>1968.0</ele><time>2023-12-09T00:12:10Z</time></trkpt>
      <trkpt lat="25.7326650" lon="100.1758662"><ele>1968.0</ele><time>2023-12-09T00:12:11Z</time></trkpt>
      <trkpt lat="25.7326619" lon="100.1758876"><ele>1968.0</ele><time>2023-12-09T00:12:12Z</time></trkpt>
      <trkpt lat="25.7326595" lon="100.1759091"><ele>1967.9</ele><time>2023-12-09T00:12:13Z</time></trkpt>
      <trkpt lat="25.7326575" lon="100.1759309"><ele>1967.9</ele><time>2023-12-09T00:12:14Z</time></trkpt>
      <trkpt lat="25.7326557" lon="100.1759526"><ele>1967.9</ele><time>2023-12-09T00:12:15Z</time></trkpt>
      <trkpt lat="25.7326533" lon="100.1759742"><ele>1967.9</ele><time>2023-12-09T00:12:16Z</time></trkpt>
      <trkpt lat="25.7326509" lon="100.1759957"><ele>1967.8</ele><time>2023-12-09T00:12:17Z</time></trkpt>
      <trkpt lat="25.7326491" lon="100.1760174"><ele>1967.8</ele><time>2023-12-09T00:12:18Z</time></trkpt>
      <trkpt lat="25.7326479" lon="100.1760391"><ele>1967.8</ele><time>2023-12-09T00:12:19Z</time></trkpt>
      <trkpt lat="25.7326471" lon="100.1760606"><ele>1967.8</ele><time>2023-12-09T00:12:20Z</time></trkpt>
      <trkpt lat="25.7326465" lon="100.1760821"><ele>1967.8</ele><time>2023-12-09T00:12:21Z</time></trkpt>
      <trkpt lat="25.7326455" lon="100.1761035"><ele>1967.9</ele><time>2023-12-09T00:12:22Z</time></trkpt>
      <trkpt lat="25.7326440" lon="100.1761249"><ele>1967.9</ele><time>2023-12-09T00:12:23Z</time></trkpt>
      <trkpt lat="25.7326426" lon="100.1761463"><ele>1967.9</ele><time>2023-12-09T00:12:24Z</time></trkpt>
      <trkpt lat="25.7326417" lon="100.1761674"><ele>1968.0</ele><time>2023-12-09T00:12:25Z</time></trkpt>
      <trkpt lat="25.7326417" lon="100.1761884"><ele>1968.0</ele><time>2023-12-09T00:12:26Z</time></trkpt>
      <trkpt lat="25.7326422" lon="100.1762094"><ele>1968.1</ele><time>2023-12-09T00:12:27Z</time></trkpt>
      <trkpt lat="25.7326435" lon="100.1762303"><ele>1968.2</ele><time>2023-12-09T00:12:28Z</time></trkpt>
      <trkpt lat="25.7326458" lon="100.1762516"><ele>1968.2</ele><time>2023-12-09T00:12:29Z</time></trkpt>
      <trkpt lat="25.7326488" lon="100.1762731"><ele>1968.3</ele><time>2023-12-09T00:12:30Z</time></trkpt>
      <trkpt lat="25.7326513" lon="100.1762950"><ele>1968.3</ele><time>2023-12-09T00:12:31Z</time></trkpt>
      <trkpt lat="25.7326533" lon="100.1763165"><ele>1968.4</ele><time>2023-12-09T00:12:32Z</time></trkpt>
      <trkpt lat="25.7326559" lon="100.1763379"><ele>1968.4</ele><time>2023-12-09T00:12:33Z</time></trkpt>
      <trkpt lat="25.7326592" lon="100.1763596"><ele>1968.5</ele><time>2023-12-09T00:12:34Z</time></trkpt>
      <trkpt lat="25.7326628" lon="100.1763811"><ele>1968.5</ele><time>2023-12-09T00:12:35Z</time></trkpt>
      <trkpt lat="25.7326666" lon="100.1764024"><ele>1968.6</ele><time>2023-12-09T00:12:36Z</time></trkpt>
      <trkpt lat="25.7326706" lon="100.1764236"><ele>1968.6</ele><time>2023-12-09T00:12:37Z</time></trkpt>
      <trkpt lat="25.7326748" lon="100.1764448"><ele>1968.6</ele><time>2023-12-09T00:12:38Z</time></trkpt>
      <trkpt lat="25.7326791" lon="100.1764659"><ele>1968.6</ele><time>2023-12-09T00:12:39Z</time></trkpt>
      <trkpt lat="25.7326834" lon="100.1764870"><ele>1968.6</ele><time>2023-12-09T00:12:40Z</time></trkpt>
      <trkpt lat="25.7326875" lon="100.1765084"><ele>1968.6</ele><time>2023-12-09T00:12:41Z</time></trkpt>
      <trkpt lat="25.7326913" lon="100.1765299"><ele>1968.5</ele><time>2023-12-09T00:12:42Z</time></trkpt>
      <trkpt lat="25.7326950" lon="100.1765514"><ele>1968.5</ele><time>2023-12-09T00:12:43Z</time></trkpt>
      <trkpt lat="25.7326989" lon="100.1765729"><ele>1968.4</ele><time>2023-12-09T00:12:44Z</time></trkpt>
      <trkpt lat="25.7327030" lon="100.1765943"><ele>1968.4</ele><time>2023-12-09T00:12:45Z</time></trkpt>
      <trkpt lat="25.7327078" lon="100.1766159"><ele>1968.3</ele><time>2023-12-09T00:12:46Z</time></trkpt>
      <trkpt lat="25.7327140" lon="100.1766372"><ele>1968.3</ele><time>2023-12-09T00:12:47Z</time></trkpt>
      <trkpt lat="25.7327215" lon="100.1766581"><ele>1968.2</ele><time>2023-12-09T00:12:48Z</time></trkpt>
      <trkpt lat="25.7327289" lon="100.1766792"><ele>1968.2</ele><time>2023-12-09T00:12:49Z</time></trkpt>
      <trkpt lat="25.7327359" lon="100.1767003"><ele>1968.1</ele><time>2023-12-09T00:12:50Z</time></trkpt>
      <trkpt lat="25.7327425" lon="100.1767214"><ele>1968.1</ele><time>2023-12-09T00:12:51Z</time></trkpt>
      <trkpt lat="25.7327493" lon="100.1767420"><ele>1968.1</ele><time>2023-12-09T00:12:52Z</time></trkpt>
      <trkpt lat="25.7327568" lon="100.1767623"><ele>1968.1</ele><time>2023-12-09T00:12:53Z</time></trkpt>
      <trkpt lat="25.7327645" lon="100.1767825"><ele>1968.1</ele><time>2023-12-09T00:12:54Z</time></trkpt>
      <trkpt lat="25.7327727" lon="100.1768026"><ele>1968.1</ele><time>2023-12-09T00:12:55Z</time></trkpt>
      <trkpt lat="25.7327811" lon="100.1768229"><ele>1968.1</ele><time>2023-12-09T00:12:56Z</time></trkpt>
      <trkpt lat="25.7327896" lon="100.1768432"><ele>1968.2</ele><time>2023-12-09T00:12:57Z</time></trkpt>
      <trkpt lat="25.7327987" lon="100.1768634"><ele>1968.2</ele><time>2023-12-09T00:12:58Z</time></trkpt>
      <trkpt lat="25.7328080" lon="100.1768835"><ele>1968.2</ele><time>2023-12-09T00:12:59Z</time></trkpt>
      <trkpt lat="25.7328172" lon="100.1769037"><ele>1968.2</ele><time>2023-12-09T00:13:00Z</time></trkpt>
      <trkpt lat="25.7328267" lon="100.1769240"><ele>1968.3</ele><time>2023-12-09T00:13:01Z</time></trkpt>
      <trkpt lat="25.7328368" lon="100.1769440"><ele>1968.3</ele><time>2023-12-09T00:13:02Z</time></trkpt>
      <trkpt lat="25.7328474" lon="100.1769639"><ele>1968.4</ele><time>2023-12-09T00:13:03Z</time></trkpt>
      <trkpt lat="25.7328578" lon="100.1769832"><ele>1968.4</ele><time>2023-12-09T00:13:04Z</time></trkpt>
      <trkpt lat="25.7328677" lon="100.1770019"><ele>1968.5</ele><time>2023-12-09T00:13:05Z</time></trkpt>
      <trkpt lat="25.7328777" lon="100.1770206"><ele>1968.5</ele><time>2023-12-09T00:13:06Z</time></trkpt>
      <trkpt lat="25.7328881" lon="100.1770393"><ele>1968.6</ele><time>2023-12-09T00:13:07Z</time></trkpt>
      <trkpt lat="25.7328989" lon="100.1770577"><ele>1968.6</ele><time>2023-12-09T00:13:08Z</time></trkpt>
      <trkpt lat="25.7329104" lon="100.1770751"><ele>1968.6</ele><time>2023-12-09T00:13:09Z</time></trkpt>
      <trkpt lat="25.7329227" lon="100.1770919"><ele>1968.7</ele><time>2023-12-09T00:13:10Z</time></trkpt>
      <trkpt lat="25.7329355" lon="100.1771086"><ele>1968.7</ele><time>2023-12-09T00:13:11Z</time></trkpt>
      <trkpt lat="25.7329477" lon="100.1771255"><ele>1968.7</ele><time>2023-12-09T00:13:12Z</time></trkpt>
      <trkpt lat="25.7329586" lon="100.1771431"><ele>1968.7</ele><time>2023-12-09T00:13:13Z</time></trkpt>
      <trkpt lat="25.7329688" lon="100.1771612"><ele>1968.8</ele><time>2023-12-09T00:13:14Z</time></trkpt>
      <trkpt lat="25.7329800" lon="100.1771790"><ele>1968.8</ele><time>2023-12-09T00:13:15Z</time></trkpt>
      <trkpt lat="25.7329923" lon="100.1771965"><ele>1968.8</ele><time>2023-12-09T00:13:16Z</time></trkpt>
      <trkpt lat="25.7330048" lon="100.1772133"><ele>1968.8</ele><time>2023-12-09T00:13:17Z</time></trkpt>
      <trkpt lat="25.7330169" lon="100.1772295"><ele>1968.8</ele><time>2023-12-09T00:13:18Z</time></trkpt>
      <trkpt lat="25.7330288" lon="100.1772457"><ele>1968.8</ele><time>2023-12-09T00:13:19Z</time></trkpt>
      <trkpt lat="25.7330411" lon="100.1772616"><ele>1968.7</ele><time>2023-12-09T00:13:20Z</time></trkpt>
      <trkpt lat="25.7330539" lon="100.1772778"><ele>1968.7</ele><time>2023-12-09T00:13:21Z</time></trkpt>
      <trkpt lat="25.7330667" lon="100.1772939"><ele>1968.7</ele><time>2023-12-09T00:13:22Z</time></trkpt>
      <trkpt lat="25.7330798" lon="100.1773097"><ele>1968.6</ele><time>2023-12-09T00:13:23Z</time></trkpt>
      <trkpt lat="25.7330937" lon="100.1773249"><ele>1968.6</ele><time>2023-12-09T00:13:24Z</time></trkpt>
      <trkpt lat="25.7331085" lon="100.1773394"><ele>1968.5</ele><time>2023-12-09T00:13:25Z</time></trkpt>
      <trkpt lat="25.7331237" lon="100.1773541"><ele>1968.5</ele><time>2023-12-09T00:13:26Z</time></trkpt>
      <trkpt lat="25.7331388" lon="100.1773694"><ele>1968.4</ele><time>2023-12-09T00:13:27Z</time></trkpt>
      <trkpt lat="25.7331542" lon="100.1773846"><ele>1968.4</ele><time>2023-12-09T00:13:28Z</time></trkpt>
      <trkpt lat="25.7331697" lon="100.1773993"><ele>1968.4</ele><time>2023-12-09T00:13:29Z</time></trkpt>
      <trkpt lat="25.7331852" lon="100.1774137"><ele>1968.4</ele><time>2023-12-09T00:13:30Z</time></trkpt>
      <trkpt lat="25.7332003" lon="100.1774286"><ele>1968.3</ele><time>2023-12-09T00:13:31Z</time></trkpt>
      <trkpt lat="25.7332142" lon="100.1774447"><ele>1968.3</ele><time>2023-12-09T00:13:32Z</time></trkpt>
      <trkpt lat="25.7332266" lon="100.1774619"><ele>1968.2</ele><time>2023-12-09T00:13:33Z</time></trkpt>
      <trkpt lat="25.7332376" lon="100.1774799"><ele>1968.2</ele><time>2023-12-09T00:13:34Z</time></trkpt>
      <trkpt lat="25.7332478" lon="100.1774981"><ele>1968.2</ele><time>2023-12-09T00:13:35Z</time></trkpt>
      <trkpt lat="25.7332576" lon="100.1775165"><ele>1968.1</ele><time>2023-12-09T00:13:36Z</time></trkpt>
      <trkpt lat="25.7332667" lon="100.1775351"><ele>1968.1</ele><time>2023-12-09T00:13:37Z</time></trkpt>
      <trkpt lat="25.7332753" lon="100.1775543"><ele>1968.1</ele><time>2023-12-09T00:13:38Z</time></trkpt>
      <trkpt lat="25.7332836" lon="100.1775741"><ele>1968.0</ele><time>2023-12-09T00:13:39Z</time></trkpt>
      <trkpt lat="25.7332911" lon="100.1775942"><ele>1968.0</ele><time>2023-12-09T00:13:40Z</time></trkpt>
      <trkpt lat="25.7332983" lon="100.1776147"><ele>1967.9</ele><time>2023-12-09T00:13:41Z</time></trkpt>
      <trkpt lat="25.7333053" lon="100.1776351"><ele>1967.9</ele><time>2023-12-09T00:13:42Z</time></trkpt>
      <trkpt lat="25.7333118" lon="100.1776559"><ele>1967.9</ele><time>2023-12-09T00:13:43Z</time></trkpt>
      <trkpt lat="25.7333175" lon="100.1776776"><ele>1967.8</ele><time>2023-12-09T00:13:44Z</time></trkpt>
      <trkpt lat="25.7333226" lon="100.1776998"><ele>1967.8</ele><time>2023-12-09T00:13:45Z</time></trkpt>
      <trkpt lat="25.7333276" lon="100.1777219"><ele>1967.8</ele><time>2023-12-09T00:13:46Z</time></trkpt>
      <trkpt lat="25.7333322" lon="100.1777438"><ele>1967.9</ele><time>2023-12-09T00:13:47Z</time></trkpt>
      <trkpt lat="25.7333366" lon="100.1777655"><ele>1967.9</ele><time>2023-12-09T00:13:48Z</time></trkpt>
      <trkpt lat="25.7333420" lon="100.1777871"><ele>1967.9</ele><time>2023-12-09T00:13:49Z</time></trkpt>
      <trkpt lat="25.7333479" lon="100.1778085"><ele>1968.0</ele><time>2023-12-09T00:13:50Z</time></trkpt>
      <trkpt lat="25.7333530" lon="100.1778300"><ele>1968.0</ele><time>2023-12-09T00:13:51Z</time></trkpt>
      <trkpt lat="25.7333569" lon="100.1778514"><ele>1968.0</ele><time>2023-12-09T00:13:52Z</time></trkpt>
      <trkpt lat="25.7333592" lon="100.1778728"><ele>1968.1</ele><time>2023-12-09T00:13:53Z</time></trkpt>
      <trkpt lat="25.7333597" lon="100.1778943"><ele>1968.1</ele><time>2023-12-09T00:13:54Z</time></trkpt>
      <trkpt lat="25.7333596" lon="100.1779156"><ele>1968.1</ele><time>2023-12-09T00:13:55Z</time></trkpt>
      <trkpt lat="25.7333599" lon="100.1779371"><ele>1968.2</ele><time>2023-12-09T00:13:56Z</time></trkpt>
      <trkpt lat="25.7333603" lon="100.1779587"><ele>1968.2</ele><time>2023-12-09T00:13:57Z</time></trkpt>
      <trkpt lat="25.7333603" lon="100.1779803"><ele>1968.2</ele><time>2023-12-09T00:13:58Z</time></trkpt>
      <trkpt lat="25.7333601" lon="100.1780019"><ele>1968.3</ele><time>2023-12-09T00:13:59Z</time></trkpt>
      <trkpt lat="25.7333605" lon="100.1780235"><ele>1968.3</ele><time>2023-12-09T00:14:00Z</time></trkpt>
      <trkpt lat="25.7333617" lon="100.1780457"><ele>1968.3</ele><time>2023-12-09T00:14:01Z</time></trkpt>
      <trkpt lat="25.7333634" lon="100.1780680"><ele>1968.3</ele><time>2023-12-09T00:14:02Z</time></trkpt>
      <trkpt lat="25.7333652" lon="100.1780903"><ele>1968.3</ele><time>2023-12-09T00:14:03Z</time></trkpt>
      <trkpt lat="25.7333666" lon="100.1781123"><ele>1968.4</ele><time>2023-12-09T00:14:04Z</time></trkpt>
      <trkpt lat="25.7333682" lon="100.1781341"><ele>1968.4</ele><time>2023-12-09T00:14:05Z</time></trkpt>
      <trkpt lat="25.7333695" lon="100.1781562"><ele>1968.4</ele><time>2023-12-09T00:14:06Z</time></trkpt>
      <trkpt lat="25.7333711" lon="100.1781786"><ele>1968.5</ele><time>2023-12-09T00:14:07Z</time></trkpt>
      <trkpt lat="25.7333735" lon="100.1782010"><ele>1968.5</ele><time>2023-12-09T00:14:08Z</time></trkpt>
      <trkpt lat="25.7333751" lon="100.1782237"><ele>1968.5</ele><time>2023-12-09T00:14:09Z</time></trkpt>
      <trkpt lat="25.7333756" lon="100.1782465"><ele>1968.6</ele><time>2023-12-09T00:14:10Z</time></trkpt>
      <trkpt lat="25.7333748" lon="100.1782693"><ele>1968.6</ele><time>2023-12-09T00:14:11Z</time></trkpt>
      <trkpt lat="25.7333726" lon="100.1782918"><ele>1968.7</ele><time>2023-12-09T00:14:12Z</time></trkpt>
      <trkpt lat="25.7333694" lon="100.1783139"><ele>1968.7</ele><time>2023-12-09T00:14:13Z</time></trkpt>
      <trkpt lat="25.7333661" lon="100.1783357"><ele>1968.8</ele><time>2023-12-09T00:14:14Z</time></trkpt>
      <trkpt lat="25.7333636" lon="100.1783574"><ele>1968.8</ele><time>2023-12-09T00:14:15Z</time></trkpt>
      <trkpt lat="25.7333617" lon="100.1783793"><ele>1968.9</ele><time>2023-12-09T00:14:16Z</time></trkpt>
      <trkpt lat="25.7333600" lon="100.1784015"><ele>1968.9</ele><time>2023-12-09T00:14:17Z</time></trkpt>
      <trkpt lat="25.7333587" lon="100.1784238"><ele>1968.9</ele><time>2023-12-09T00:14:18Z</time></trkpt>
      <trkpt lat="25.7333577" lon="100.1784461"><ele>1969.0</ele><time>2023-12-09T00:14:19Z</time></trkpt>
      <trkpt lat="25.7333571" lon="100.1784679"><ele>1969.0</ele><time>2023-12-09T00:14:20Z</time></trkpt>
      <trkpt lat="25.7333568" lon="100.1784897"><ele>1969.0</ele><time>2023-12-09T00:14:21Z</time></trkpt>
      <trkpt lat="25.7333567" lon="100.1785116"><ele>1969.0</ele><time>2023-12-09T00:14:22Z</time></trkpt>
      <trkpt lat="25.7333566" lon="100.1785334"><ele>1969.0</ele><time>2023-12-09T00:14:23Z</time></trkpt>
      <trkpt lat="25.7333557" lon="100.1785553"><ele>1968.9</ele><time>2023-12-09T00:14:24Z</time></trkpt>
      <trkpt lat="25.7333544" lon="100.1785772"><ele>1968.9</ele><time>2023-12-09T00:14:25Z</time></trkpt>
      <trkpt lat="25.7333529" lon="100.1785993"><ele>1968.8</ele><time>2023-12-09T00:14:27Z</time></trkpt>
      <trkpt lat="25.7333507" lon="100.1786213"><ele>1968.8</ele><time>2023-12-09T00:14:28Z</time></trkpt>
      <trkpt lat="25.7333486" lon="100.1786432"><ele>1968.7</ele><time>2023-12-09T00:14:29Z</time></trkpt>
      <trkpt lat="25.7333473" lon="100.1786654"><ele>1968.7</ele><time>2023-12-09T00:14:30Z</time></trkpt>
      <trkpt lat="25.7333473" lon="100.1786878"><ele>1968.6</ele><time>2023-12-09T00:14:31Z</time></trkpt>
      <trkpt lat="25.7333484" lon="100.1787105"><ele>1968.5</ele><time>2023-12-09T00:14:32Z</time></trkpt>
      <trkpt lat="25.7333490" lon="100.1787329"><ele>1968.5</ele><time>2023-12-09T00:14:33Z</time></trkpt>
      <trkpt lat="25.7333483" lon="100.1787550"><ele>1968.4</ele><time>2023-12-09T00:14:34Z</time></trkpt>
      <trkpt lat="25.7333463" lon="100.1787770"><ele>1968.4</ele><time>2023-12-09T00:14:35Z</time></trkpt>
      <trkpt lat="25.7333437" lon="100.1787990"><ele>1968.3</ele><time>2023-12-09T00:14:36Z</time></trkpt>
      <trkpt lat="25.7333406" lon="100.1788213"><ele>1968.3</ele><time>2023-12-09T00:14:37Z</time></trkpt>
      <trkpt lat="25.7333370" lon="100.1788438"><ele>1968.3</ele><time>2023-12-09T00:14:38Z</time></trkpt>
      <trkpt lat="25.7333341" lon="100.1788665"><ele>1968.3</ele><time>2023-12-09T00:14:39Z</time></trkpt>
      <trkpt lat="25.7333323" lon="100.1788893"><ele>1968.3</ele><time>2023-12-09T00:14:40Z</time></trkpt>
      <trkpt lat="25.7333316" lon="100.1789120"><ele>1968.3</ele><time>2023-12-09T00:14:41Z</time></trkpt>
      <trkpt lat="25.7333318" lon="100.1789350"><ele>1968.3</ele><time>2023-12-09T00:14:42Z</time></trkpt>
      <trkpt lat="25.7333316" lon="100.1789581"><ele>1968.4</ele><time>2023-12-09T00:14:43Z</time></trkpt>
      <trkpt lat="25.7333306" lon="100.1789813"><ele>1968.5</ele><time>2023-12-09T00:14:44Z</time></trkpt>
      <trkpt lat="25.7333292" lon="100.1790048"><ele>1968.5</ele><time>2023-12-09T00:14:45Z</time></trkpt>
      <trkpt lat="25.7333281" lon="100.1790283"><ele>1968.6</ele><time>2023-12-09T00:14:46Z</time></trkpt>
      <trkpt lat="25.7333275" lon="100.1790513"><ele>1968.7</ele><time>2023-12-09T00:14:47Z</time></trkpt>
      <trkpt lat="25.7333264" lon="100.1790737"><ele>1968.8</ele><time>2023-12-09T00:14:48Z</time></trkpt>
      <trkpt lat="25.7333249" lon="100.1790957"><ele>1968.8</ele><time>2023-12-09T00:14:49Z</time></trkpt>
      <trkpt lat="25.7333237" lon="100.1791179"><ele>1968.9</ele><time>2023-12-09T00:14:50Z</time></trkpt>
      <trkpt lat="25.7333227" lon="100.1791403"><ele>1969.0</ele><time>2023-12-09T00:14:51Z</time></trkpt>
      <trkpt lat="25.7333209" lon="100.1791629"><ele>1969.0</ele><time>2023-12-09T00:14:52Z</time></trkpt>
      <trkpt lat="25.7333173" lon="100.1791849"><ele>1969.1</ele><time>2023-12-09T00:14:53Z</time></trkpt>
      <trkpt lat="25.7333121" lon="100.1792064"><ele>1969.1</ele><time>2023-12-09T00:14:54Z</time></trkpt>
      <trkpt lat="25.7333047" lon="100.1792274"><ele>1969.2</ele><time>2023-12-09T00:14:55Z</time></trkpt>
      <trkpt lat="25.7332947" lon="100.1792476"><ele>1969.2</ele><time>2023-12-09T00:14:56Z</time></trkpt>
      <trkpt lat="25.7332825" lon="100.1792666"><ele>1969.3</ele><time>2023-12-09T00:14:57Z</time></trkpt>
      <trkpt lat="25.7332692" lon="100.1792843"><ele>1969.4</ele><time>2023-12-09T00:14:58Z</time></trkpt>
      <trkpt lat="25.7332567" lon="100.1793020"><ele>1969.4</ele><time>2023-12-09T00:14:59Z</time></trkpt>
      <trkpt lat="25.7332457" lon="100.1793204"><ele>1969.5</ele><time>2023-12-09T00:15:00Z</time></trkpt>
      <trkpt lat="25.7332358" lon="100.1793391"><ele>1969.5</ele><time>2023-12-09T00:15:01Z</time></trkpt>
      <trkpt lat="25.7332263" lon="100.1793577"><ele>1969.5</ele><time>2023-12-09T00:15:02Z</time></trkpt>
      <trkpt lat="25.7332167" lon="100.1793759"><ele>1969.6</ele><time>2023-12-09T00:15:03Z</time></trkpt>
      <trkpt lat="25.7332074" lon="100.1793939"><ele>1969.5</ele><time>2023-12-09T00:15:04Z</time></trkpt>
      <trkpt lat="25.7331982" lon="100.1794119"><ele>1969.5</ele><time>2023-12-09T00:15:05Z</time></trkpt>
      <trkpt lat="25.7331890" lon="100.1794301"><ele>1969.5</ele><time>2023-12-09T00:15:06Z</time></trkpt>
      <trkpt lat="25.7331796" lon="100.1794486"><ele>1969.5</ele><time>2023-12-09T00:15:07Z</time></trkpt>
      <trkpt lat="25.7331696" lon="100.1794664"><ele>1969.4</ele><time>2023-12-09T00:15:08Z</time></trkpt>
      <trkpt lat="25.7331590" lon="100.1794833"><ele>1969.4</ele><time>2023-12-09T00:15:09Z</time></trkpt>
      <trkpt lat="25.7331489" lon="100.1795007"><ele>1969.4</ele><time>2023-12-09T00:15:10Z</time></trkpt>
      <trkpt lat="25.7331395" lon="100.1795189"><ele>1969.3</ele><time>2023-12-09T00:15:11Z</time></trkpt>
      <trkpt lat="25.7331302" lon="100.1795377"><ele>1969.3</ele><time>2023-12-09T00:15:12Z</time></trkpt>
      <trkpt lat="25.7331207" lon="100.1795565"><ele>1969.3</ele><time>2023-12-09T00:15:13Z</time></trkpt>
      <trkpt lat="25.7331103" lon="100.1795756"><ele>1969.2</ele><time>2023-12-09T00:15:14Z</time></trkpt>
      <trkpt lat="25.7331000" lon="100.1795958"><ele>1969.2</ele><time>2023-12-09T00:15:15Z</time></trkpt>
      <trkpt lat="25.7330904" lon="100.1796170"><ele>1969.1</ele><time>2023-12-09T00:15:16Z</time></trkpt>
      <trkpt lat="25.7330807" lon="100.1796385"><ele>1969.1</ele><time>2023-12-09T00:15:17Z</time></trkpt>
      <trkpt lat="25.7330703" lon="100.1796590"><ele>1969.1</ele><time>2023-12-09T00:15:18Z</time></trkpt>
      <trkpt lat="25.7330591" lon="100.1796780"><ele>1969.1</ele><time>2023-12-09T00:15:19Z</time></trkpt>
      <trkpt lat="25.7330475" lon="100.1796961"><ele>1969.0</ele><time>2023-12-09T00:15:20Z</time></trkpt>
      <trkpt lat="25.7330363" lon="100.1797145"><ele>1969.0</ele><time>2023-12-09T00:15:21Z</time></trkpt>
      <trkpt lat="25.7330255" lon="100.1797335"><ele>1969.0</ele><time>2023-12-09T00:15:22Z</time></trkpt>
      <trkpt lat="25.7330153" lon="100.1797528"><ele>1968.9</ele><time>2023-12-09T00:15:23Z</time></trkpt>
      <trkpt lat="25.7330053" lon="100.1797728"><ele>1968.9</ele><time>2023-12-09T00:15:24Z</time></trkpt>
      <trkpt lat="25.7329955" lon="100.1797931"><ele>1968.9</ele><time>2023-12-09T00:15:25Z</time></trkpt>
      <trkpt lat="25.7329862" lon="100.1798133"><ele>1968.8</ele><time>2023-12-09T00:15:26Z</time></trkpt>
      <trkpt lat="25.7329777" lon="100.1798333"><ele>1968.8</ele><time>2023-12-09T00:15:27Z</time></trkpt>
      <trkpt lat="25.7329698" lon="100.1798527"><ele>1968.8</ele><time>2023-12-09T00:15:28Z</time></trkpt>
      <trkpt lat="25.7329621" lon="100.1798719"><ele>1968.8</ele><time>2023-12-09T00:15:29Z</time></trkpt>
      <trkpt lat="25.7329546" lon="100.1798916"><ele>1968.7</ele><time>2023-12-09T00:15:30Z</time></trkpt>
      <trkpt lat="25.7329476" lon="100.1799120"><ele>1968.7</ele><time>2023-12-09T00:15:31Z</time></trkpt>
      <trkpt lat="25.7329415" lon="100.1799331"><ele>1968.7</ele><time>2023-12-09T00:15:32Z</time></trkpt>
      <trkpt lat="25.7329358" lon="100.1799549"><ele>1968.7</ele><time>2023-12-09T00:15:33Z</time></trkpt>
      <trkpt lat="25.7329296" lon="100.1799770"><ele>1968.7</ele><time>2023-12-09T00:15:34Z</time></trkpt>
      <trkpt lat="25.7329229" lon="100.1799993"><ele>1968.6</ele><time>2023-12-09T00:15:35Z</time></trkpt>
      <trkpt lat="25.7329157" lon="100.1800216"><ele>1968.6</ele><time>2023-12-09T00:15:36Z</time></trkpt>
      <trkpt lat="25.7329082" lon="100.1800437"><ele>1968.6</ele><time>2023-12-09T00:15:37Z</time></trkpt>
      <trkpt lat="25.7329012" lon="100.1800662"><ele>1968.6</ele><time>2023-12-09T00:15:38Z</time></trkpt>
      <trkpt lat="25.7328949" lon="100.1800895"><ele>1968.6</ele><time>2023-12-09T00:15:39Z</time></trkpt>
      <trkpt lat="25.7328894" lon="100.1801135"><ele>1968.6</ele><time>2023-12-09T00:15:40Z</time></trkpt>
      <trkpt lat="25.7328849" lon="100.1801381"><ele>1968.6</ele><time>2023-12-09T00:15:41Z</time></trkpt>
      <trkpt lat="25.7328807" lon="100.1801628"><ele>1968.6</ele><time>2023-12-09T00:15:42Z</time></trkpt>
      <trkpt lat="25.7328765" lon="100.1801874"><ele>1968.7</ele><time>2023-12-09T00:15:43Z</time></trkpt>
      <trkpt lat="25.7328718" lon="100.1802116"><ele>1968.7</ele><time>2023-12-09T00:15:44Z</time></trkpt>
      <trkpt lat="25.7328667" lon="100.1802353"><ele>1968.7</ele><time>2023-12-09T00:15:45Z</time></trkpt>
      <trkpt lat="25.7328608" lon="100.1802584"><ele>1968.8</ele><time>2023-12-09T00:15:46Z</time></trkpt>
      <trkpt lat="25.7328548" lon="100.1802814"><ele>1968.8</ele><time>2023-12-09T00:15:47Z</time></trkpt>
      <trkpt lat="25.7328495" lon="100.1803046"><ele>1968.9</ele><time>2023-12-09T00:15:48Z</time></trkpt>
      <trkpt lat="25.7328448" lon="100.1803286"><ele>1968.9</ele><time>2023-12-09T00:15:49Z</time></trkpt>
      <trkpt lat="25.7328410" lon="100.1803534"><ele>1969.0</ele><time>2023-12-09T00:15:50Z</time></trkpt>
      <trkpt lat="25.7328380" lon="100.1803784"><ele>1969.0</ele><time>2023-12-09T00:15:51Z</time></trkpt>
      <trkpt lat="25.7328354" lon="100.1804033"><ele>1969.1</ele><time>2023-12-09T00:15:52Z</time></trkpt>
      <trkpt lat="25.7328322" lon="100.1804281"><ele>1969.1</ele><time>2023-12-09T00:15:53Z</time></trkpt>
      <trkpt lat="25.7328280" lon="100.1804516"><ele>1969.2</ele><time>2023-12-09T00:15:54Z</time></trkpt>
      <trkpt lat="25.7328232" lon="100.1804736"><ele>1969.2</ele><time>2023-12-09T00:15:55Z</time></trkpt>
      <trkpt lat="25.7328183" lon="100.1804947"><ele>1969.3</ele><time>2023-12-09T00:15:56Z</time></trkpt>
      <trkpt lat="25.7328138" lon="100.1805152"><ele>1969.3</ele><time>2023-12-09T00:15:57Z</time></trkpt>
      <trkpt lat="25.7328097" lon="100.1805356"><ele>1969.4</ele><time>2023-12-09T00:15:58Z</time></trkpt>
      <trkpt lat="25.7328054" lon="100.1805558"><ele>1969.4</ele><time>2023-12-09T00:15:59Z</time></trkpt>
      <trkpt lat="25.7328008" lon="100.1805757"><ele>1969.4</ele><time>2023-12-09T00:16:00Z</time></trkpt>
      <trkpt lat="25.7327961" lon="100.1805956"><ele>1969.5</ele><time>2023-12-09T00:16:01Z</time></trkpt>
      <trkpt lat="25.7327915" lon="100.1806156"><ele>1969.5</ele><time>2023-12-09T00:16:02Z</time></trkpt>
      <trkpt lat="25.7327869" lon="100.1806354"><ele>1969.5</ele><time>2023-12-09T00:16:03Z</time></trkpt>
      <trkpt lat="25.7327823" lon="100.1806549"><ele>1969.5</ele><time>2023-12-09T00:16:04Z</time></trkpt>
      <trkpt lat="25.7327780" lon="100.1806744"><ele>1969.5</ele><time>2023-12-09T00:16:05Z</time></trkpt>
      <trkpt lat="25.7327739" lon="100.1806939"><ele>1969.4</ele><time>2023-12-09T00:16:06Z</time></trkpt>
      <trkpt lat="25.7327693" lon="100.1807132"><ele>1969.4</ele><time>2023-12-09T00:16:07Z</time></trkpt>
      <trkpt lat="25.7327640" lon="100.1807320"><ele>1969.4</ele><time>2023-12-09T00:16:08Z</time></trkpt>
      <trkpt lat="25.7327584" lon="100.1807502"><ele>1969.4</ele><time>2023-12-09T00:16:09Z</time></trkpt>
      <trkpt lat="25.7327533" lon="100.1807682"><ele>1969.4</ele><time>2023-12-09T00:16:10Z</time></trkpt>
      <trkpt lat="25.7327492" lon="100.1807863"><ele>1969.4</ele><time>2023-12-09T00:16:11Z</time></trkpt>
      <trkpt lat="25.7327455" lon="100.1808044"><ele>1969.4</ele><time>2023-12-09T00:16:12Z</time></trkpt>
      <trkpt lat="25.7327417" lon="100.1808226"><ele>1969.3</ele><time>2023-12-09T00:16:13Z</time></trkpt>
      <trkpt lat="25.7327376" lon="100.1808408"><ele>1969.3</ele><time>2023-12-09T00:16:14Z</time></trkpt>
      <trkpt lat="25.7327336" lon="100.1808591"><ele>1969.3</ele><time>2023-12-09T00:16:15Z</time></trkpt>
      <trkpt lat="25.7327302" lon="100.1808778"><ele>1969.3</ele><time>2023-12-09T00:16:16Z</time></trkpt>
      <trkpt lat="25.7327270" lon="100.1808967"><ele>1969.3</ele><time>2023-12-09T00:16:17Z</time></trkpt>
      <trkpt lat="25.7327237" lon="100.1809155"><ele>1969.3</ele><time>2023-12-09T00:16:18Z</time></trkpt>
      <trkpt lat="25.7327206" lon="100.1809342"><ele>1969.3</ele><time>2023-12-09T00:16:19Z</time></trkpt>
      <trkpt lat="25.7327177" lon="100.1809529"><ele>1969.3</ele><time>2023-12-09T00:16:20Z</time></trkpt>
      <trkpt lat="25.7327146" lon="100.1809718"><ele>1969.3</ele><time>2023-12-09T00:16:21Z</time></trkpt>
      <trkpt lat="25.7327115" lon="100.1809910"><ele>1969.3</ele><time>2023-12-09T00:16:22Z</time></trkpt>
      <trkpt lat="25.7327082" lon="100.1810107"><ele>1969.3</ele><time>2023-12-09T00:16:23Z</time></trkpt>
      <trkpt lat="25.7327041" lon="100.1810306"><ele>1969.4</ele><time>2023-12-09T00:16:24Z</time></trkpt>
      <trkpt lat="25.7326992" lon="100.1810500"><ele>1969.4</ele><time>2023-12-09T00:16:25Z</time></trkpt>
      <trkpt lat="25.7326941" lon="100.1810694"><ele>1969.4</ele><time>2023-12-09T00:16:26Z</time></trkpt>
      <trkpt lat="25.7326895" lon="100.1810886"><ele>1969.4</ele><time>2023-12-09T00:16:27Z</time></trkpt>
      <trkpt lat="25.7326854" lon="100.1811076"><ele>1969.4</ele><time>2023-12-09T00:16:28Z</time></trkpt>
      <trkpt lat="25.7326813" lon="100.1811263"><ele>1969.4</ele><time>2023-12-09T00:16:29Z</time></trkpt>
      <trkpt lat="25.7326774" lon="100.1811449"><ele>1969.4</ele><time>2023-12-09T00:16:30Z</time></trkpt>
      <trkpt lat="25.7326736" lon="100.1811633"><ele>1969.4</ele><time>2023-12-09T00:16:31Z</time></trkpt>
      <trkpt lat="25.7326696" lon="100.1811815"><ele>1969.4</ele><time>2023-12-09T00:16:32Z</time></trkpt>
      <trkpt lat="25.7326660" lon="100.1811994"><ele>1969.5</ele><time>2023-12-09T00:16:33Z</time></trkpt>
      <trkpt lat="25.7326627" lon="100.1812171"><ele>1969.5</ele><time>2023-12-09T00:16:34Z</time></trkpt>
      <trkpt lat="25.7326590" lon="100.1812344"><ele>1969.6</ele><time>2023-12-09T00:16:35Z</time></trkpt>
      <trkpt lat="25.7326547" lon="100.1812511"><ele>1969.6</ele><time>2023-12-09T00:16:36Z</time></trkpt>
      <trkpt lat="25.7326499" lon="100.1812676"><ele>1969.6</ele><time>2023-12-09T00:16:37Z</time></trkpt>
      <trkpt lat="25.7326454" lon="100.1812842"><ele>1969.7</ele><time>2023-12-09T00:16:38Z</time></trkpt>
      <trkpt lat="25.7326412" lon="100.1813010"><ele>1969.7</ele><time>2023-12-09T00:16:39Z</time></trkpt>
      <trkpt lat="25.7326372" lon="100.1813183"><ele>1969.8</ele><time>2023-12-09T00:16:40Z</time></trkpt>
      <trkpt lat="25.7326331" lon="100.1813359"><ele>1969.8</ele><time>2023-12-09T00:16:41Z</time></trkpt>
      <trkpt lat="25.7326287" lon="100.1813541"><ele>1969.9</ele><time>2023-12-09T00:16:42Z</time></trkpt>
      <trkpt lat="25.7326241" lon="100.1813725"><ele>1969.9</ele><time>2023-12-09T00:16:43Z</time></trkpt>
      <trkpt lat="25.7326193" lon="100.1813903"><ele>1970.0</ele><time>2023-12-09T00:16:44Z</time></trkpt>
      <trkpt lat="25.7326147" lon="100.1814080"><ele>1970.1</ele><time>2023-12-09T00:16:45Z</time></trkpt>
      <trkpt lat="25.7326101" lon="100.1814259"><ele>1970.2</ele><time>2023-12-09T00:16:46Z</time></trkpt>
      <trkpt lat="25.7326046" lon="100.1814446"><ele>1970.3</ele><time>2023-12-09T00:16:47Z</time></trkpt>
      <trkpt lat="25.7325981" lon="100.1814638"><ele>1970.4</ele><time>2023-12-09T00:16:48Z</time></trkpt>
      <trkpt lat="25.7325911" lon="100.1814829"><ele>1970.5</ele><time>2023-12-09T00:16:49Z</time></trkpt>
      <trkpt lat="25.7325844" lon="100.1815015"><ele>1970.5</ele><time>2023-12-09T00:16:50Z</time></trkpt>
      <trkpt lat="25.7325781" lon="100.1815198"><ele>1970.6</ele><time>2023-12-09T00:16:51Z</time></trkpt>
      <trkpt lat="25.7325720" lon="100.1815382"><ele>1970.7</ele><time>2023-12-09T00:16:52Z</time></trkpt>
      <trkpt lat="25.7325658" lon="100.1815567"><ele>1970.7</ele><time>2023-12-09T00:16:53Z</time></trkpt>
      <trkpt lat="25.7325594" lon="100.1815756"><ele>1970.8</ele><time>2023-12-09T00:16:54Z</time></trkpt>
      <trkpt lat="25.7325524" lon="100.1815949"><ele>1970.8</ele><time>2023-12-09T00:16:55Z</time></trkpt>
      <trkpt lat="25.7325452" lon="100.1816143"><ele>1970.8</ele><time>2023-12-09T00:16:56Z</time></trkpt>
      <trkpt lat="25.7325377" lon="100.1816335"><ele>1970.8</ele><time>2023-12-09T00:16:57Z</time></trkpt>
      <trkpt lat="25.7325299" lon="100.1816520"><ele>1970.8</ele><time>2023-12-09T00:16:58Z</time></trkpt>
      <trkpt lat="25.7325218" lon="100.1816696"><ele>1970.8</ele><time>2023-12-09T00:16:59Z</time></trkpt>
      <trkpt lat="25.7325138" lon="100.1816866"><ele>1970.7</ele><time>2023-12-09T00:17:00Z</time></trkpt>
      <trkpt lat="25.7325059" lon="100.1817038"><ele>1970.7</ele><time>2023-12-09T00:17:01Z</time></trkpt>
      <trkpt lat="25.7324982" lon="100.1817212"><ele>1970.6</ele><time>2023-12-09T00:17:02Z</time></trkpt>
      <trkpt lat="25.7324903" lon="100.1817388"><ele>1970.5</ele><time>2023-12-09T00:17:03Z</time></trkpt>
      <trkpt lat="25.7324818" lon="100.1817564"><ele>1970.5</ele><time>2023-12-09T00:17:04Z</time></trkpt>
      <trkpt lat="25.7324735" lon="100.1817741"><ele>1970.4</ele><time>2023-12-09T00:17:05Z</time></trkpt>
      <trkpt lat="25.7324658" lon="100.1817923"><ele>1970.3</ele><time>2023-12-09T00:17:06Z</time></trkpt>
      <trkpt lat="25.7324587" lon="100.1818101"><ele>1970.2</ele><time>2023-12-09T00:17:07Z</time></trkpt>
      <trkpt lat="25.7324522" lon="100.1818280"><ele>1970.1</ele><time>2023-12-09T00:17:08Z</time></trkpt>
      <trkpt lat="25.7324460" lon="100.1818465"><ele>1970.0</ele><time>2023-12-09T00:17:09Z</time></trkpt>
      <trkpt lat="25.7324399" lon="100.1818656"><ele>1970.0</ele><time>2023-12-09T00:17:10Z</time></trkpt>
      <trkpt lat="25.7324336" lon="100.1818852"><ele>1969.9</ele><time>2023-12-09T00:17:11Z</time></trkpt>
      <trkpt lat="25.7324276" lon="100.1819052"><ele>1969.8</ele><time>2023-12-09T00:17:12Z</time></trkpt>
      <trkpt lat="25.7324225" lon="100.1819259"><ele>1969.8</ele><time>2023-12-09T00:17:13Z</time></trkpt>
      <trkpt lat="25.7324175" lon="100.1819468"><ele>1969.8</ele><time>2023-12-09T00:17:14Z</time></trkpt>
      <trkpt lat="25.7324124" lon="100.1819672"><ele>1969.7</ele><time>2023-12-09T00:17:15Z</time></trkpt>
      <trkpt lat="25.7324072" lon="100.1819867"><ele>1969.7</ele><time>2023-12-09T00:17:16Z</time></trkpt>
      <trkpt lat="25.7324024" lon="100.1820057"><ele>1969.7</ele><time>2023-12-09T00:17:17Z</time></trkpt>
      <trkpt lat="25.7323983" lon="100.1820251"><ele>1969.8</ele><time>2023-12-09T00:17:18Z</time></trkpt>
      <trkpt lat="25.7323944" lon="100.1820448"><ele>1969.8</ele><time>2023-12-09T00:17:19Z</time></trkpt>
      <trkpt lat="25.7323903" lon="100.1820651"><ele>1969.8</ele><time>2023-12-09T00:17:20Z</time></trkpt>
      <trkpt lat="25.7323859" lon="100.1820856"><ele>1969.9</ele><time>2023-12-09T00:17:21Z</time></trkpt>
      <trkpt lat="25.7323816" lon="100.1821064"><ele>1969.9</ele><time>2023-12-09T00:17:22Z</time></trkpt>
      <trkpt lat="25.7323772" lon="100.1821272"><ele>1969.9</ele><time>2023-12-09T00:17:23Z</time></trkpt>
      <trkpt lat="25.7323726" lon="100.1821481"><ele>1970.0</ele><time>2023-12-09T00:17:24Z</time></trkpt>
      <trkpt lat="25.7323684" lon="100.1821693"><ele>1970.0</ele><time>2023-12-09T00:17:25Z</time></trkpt>
      <trkpt lat="25.7323647" lon="100.1821908"><ele>1970.0</ele><time>2023-12-09T00:17:26Z</time></trkpt>
      <trkpt lat="25.7323611" lon="100.1822126"><ele>1970.0</ele><time>2023-12-09T00:17:27Z</time></trkpt>
      <trkpt lat="25.7323582" lon="100.1822348"><ele>1970.1</ele><time>2023-12-09T00:17:28Z</time></trkpt>
      <trkpt lat="25.7323563" lon="100.1822572"><ele>1970.1</ele><time>2023-12-09T00:17:29Z</time></trkpt>
      <trkpt lat="25.7323554" lon="100.1822803"><ele>1970.0</ele><time>2023-12-09T00:17:30Z</time></trkpt>
      <trkpt lat="25.7323551" lon="100.1823036"><ele>1970.0</ele><time>2023-12-09T00:17:31Z</time></trkpt>
      <trkpt lat="25.7323549" lon="100.1823269"><ele>1970.0</ele><time>2023-12-09T00:17:32Z</time></trkpt>
      <trkpt lat="25.7323547" lon="100.1823502"><ele>1970.0</ele><time>2023-12-09T00:17:33Z</time></trkpt>
      <trkpt lat="25.7323547" lon="100.1823734"><ele>1970.0</ele><time>2023-12-09T00:17:34Z</time></trkpt>
      <trkpt lat="25.7323553" lon="100.1823966"><ele>1970.0</ele><time>2023-12-09T00:17:35Z</time></trkpt>
      <trkpt lat="25.7323566" lon="100.1824197"><ele>1969.9</ele><time>2023-12-09T00:17:36Z</time></trkpt>
      <trkpt lat="25.7323575" lon="100.1824427"><ele>1969.9</ele><time>2023-12-09T00:17:37Z</time></trkpt>
      <trkpt lat="25.7323576" lon="100.1824653"><ele>1969.8</ele><time>2023-12-09T00:17:38Z</time></trkpt>
      <trkpt lat="25.7323576" lon="100.1824873"><ele>1969.8</ele><time>2023-12-09T00:17:39Z</time></trkpt>
      <trkpt lat="25.7323581" lon="100.1825089"><ele>1969.7</ele><time>2023-12-09T00:17:40Z</time></trkpt>
      <trkpt lat="25.7323600" lon="100.1825306"><ele>1969.6</ele><time>2023-12-09T00:17:41Z</time></trkpt>
      <trkpt lat="25.7323625" lon="100.1825534"><ele>1969.5</ele><time>2023-12-09T00:17:42Z</time></trkpt>
      <trkpt lat="25.7323651" lon="100.1825766"><ele>1969.5</ele><time>2023-12-09T00:17:43Z</time></trkpt>
      <trkpt lat="25.7323681" lon="100.1826000"><ele>1969.4</ele><time>2023-12-09T00:17:44Z</time></trkpt>
      <trkpt lat="25.7323715" lon="100.1826234"><ele>1969.3</ele><time>2023-12-09T00:17:45Z</time></trkpt>
      <trkpt lat="25.7323751" lon="100.1826468"><ele>1969.2</ele><time>2023-12-09T00:17:46Z</time></trkpt>
      <trkpt lat="25.7323784" lon="100.1826705"><ele>1969.1</ele><time>2023-12-09T00:17:47Z</time></trkpt>
      <trkpt lat="25.7323818" lon="100.1826943"><ele>1969.0</ele><time>2023-12-09T00:17:48Z</time></trkpt>
      <trkpt lat="25.7323857" lon="100.1827179"><ele>1969.0</ele><time>2023-12-09T00:17:49Z</time></trkpt>
      <trkpt lat="25.7323899" lon="100.1827414"><ele>1968.9</ele><time>2023-12-09T00:17:50Z</time></trkpt>
      <trkpt lat="25.7323941" lon="100.1827650"><ele>1968.8</ele><time>2023-12-09T00:17:51Z</time></trkpt>
      <trkpt lat="25.7323974" lon="100.1827889"><ele>1968.8</ele><time>2023-12-09T00:17:52Z</time></trkpt>
      <trkpt lat="25.7324003" lon="100.1828126"><ele>1968.8</ele><time>2023-12-09T00:17:53Z</time></trkpt>
      <trkpt lat="25.7324038" lon="100.1828359"><ele>1968.8</ele><time>2023-12-09T00:17:54Z</time></trkpt>
      <trkpt lat="25.7324082" lon="100.1828587"><ele>1968.8</ele><time>2023-12-09T00:17:55Z</time></trkpt>
      <trkpt lat="25.7324136" lon="100.1828812"><ele>1968.8</ele><time>2023-12-09T00:17:56Z</time></trkpt>
      <trkpt lat="25.7324195" lon="100.1829036"><ele>1968.8</ele><time>2023-12-09T00:17:57Z</time></trkpt>
      <trkpt lat="25.7324261" lon="100.1829259"><ele>1968.9</ele><time>2023-12-09T00:17:58Z</time></trkpt>
      <trkpt lat="25.7324335" lon="100.1829478"><ele>1968.9</ele><time>2023-12-09T00:17:59Z</time></trkpt>
      <trkpt lat="25.7324414" lon="100.1829691"><ele>1969.0</ele><time>2023-12-09T00:18:00Z</time></trkpt>
      <trkpt lat="25.7324493" lon="100.1829904"><ele>1969.0</ele><time>2023-12-09T00:18:01Z</time></trkpt>
      <trkpt lat="25.7324567" lon="100.1830118"><ele>1969.1</ele><time>2023-12-09T00:18:02Z</time></trkpt>
      <trkpt lat="25.7324641" lon="100.1830333"><ele>1969.2</ele><time>2023-12-09T00:18:03Z</time></trkpt>
      <trkpt lat="25.7324723" lon="100.1830545"><ele>1969.2</ele><time>2023-12-09T00:18:04Z</time></trkpt>
      <trkpt lat="25.7324819" lon="100.1830751"><ele>1969.3</ele><time>2023-12-09T00:18:05Z</time></trkpt>
      <trkpt lat="25.7324927" lon="100.1830954"><ele>1969.4</ele><time>2023-12-09T00:18:06Z</time></trkpt>
      <trkpt lat="25.7325038" lon="100.1831156"><ele>1969.4</ele><time>2023-12-09T00:18:07Z</time></trkpt>
      <trkpt lat="25.7325150" lon="100.1831357"><ele>1969.5</ele><time>2023-12-09T00:18:08Z</time></trkpt>
      <trkpt lat="25.7325266" lon="100.1831560"><ele>1969.5</ele><time>2023-12-09T00:18:09Z</time></trkpt>
      <trkpt lat="25.7325381" lon="100.1831757"><ele>1969.6</ele><time>2023-12-09T00:18:10Z</time></trkpt>
      <trkpt lat="25.7325492" lon="100.1831952"><ele>1969.6</ele><time>2023-12-09T00:18:11Z</time></trkpt>
      <trkpt lat="25.7325594" lon="100.1832152"><ele>1969.6</ele><time>2023-12-09T00:18:12Z</time></trkpt>
      <trkpt lat="25.7325691" lon="100.1832360"><ele>1969.6</ele><time>2023-12-09T00:18:13Z</time></trkpt>
      <trkpt lat="25.7325787" lon="100.1832575"><ele>1969.6</ele><time>2023-12-09T00:18:14Z</time></trkpt>
      <trkpt lat="25.7325886" lon="100.1832787"><ele>1969.6</ele><time>2023-12-09T00:18:15Z</time></trkpt>
      <trkpt lat="25.7325985" lon="100.1832998"><ele>1969.5</ele><time>2023-12-09T00:18:16Z</time></trkpt>
      <trkpt lat="25.7326075" lon="100.1833215"><ele>1969.5</ele><time>2023-12-09T00:18:17Z</time></trkpt>
      <trkpt lat="25.7326152" lon="100.1833437"><ele>1969.5</ele><time>2023-12-09T00:18:18Z</time></trkpt>
      <trkpt lat="25.7326221" lon="100.1833663"><ele>1969.4</ele><time>2023-12-09T00:18:19Z</time></trkpt>
      <trkpt lat="25.7326277" lon="100.1833889"><ele>1969.4</ele><time>2023-12-09T00:18:20Z</time></trkpt>
      <trkpt lat="25.7326325" lon="100.1834115"><ele>1969.4</ele><time>2023-12-09T00:18:21Z</time></trkpt>
      <trkpt lat="25.7326368" lon="100.1834342"><ele>1969.4</ele><time>2023-12-09T00:18:22Z</time></trkpt>
      <trkpt lat="25.7326402" lon="100.1834573"><ele>1969.4</ele><time>2023-12-09T00:18:23Z</time></trkpt>
      <trkpt lat="25.7326419" lon="100.1834810"><ele>1969.5</ele><time>2023-12-09T00:18:24Z</time></trkpt>
      <trkpt lat="25.7326426" lon="100.1835049"><ele>1969.5</ele><time>2023-12-09T00:18:25Z</time></trkpt>
      <trkpt lat="25.7326435" lon="100.1835291"><ele>1969.5</ele><time>2023-12-09T00:18:26Z</time></trkpt>
      <trkpt lat="25.7326440" lon="100.1835532"><ele>1969.5</ele><time>2023-12-09T00:18:27Z</time></trkpt>
      <trkpt lat="25.7326424" lon="100.1835773"><ele>1969.6</ele><time>2023-12-09T00:18:28Z</time></trkpt>
      <trkpt lat="25.7326383" lon="100.1836015"><ele>1969.6</ele><time>2023-12-09T00:18:29Z</time></trkpt>
      <trkpt lat="25.7326330" lon="100.1836258"><ele>1969.6</ele><time>2023-12-09T00:18:30Z</time></trkpt>
      <trkpt lat="25.7326274" lon="100.1836504"><ele>1969.7</ele><time>2023-12-09T00:18:31Z</time></trkpt>
      <trkpt lat="25.7326221" lon="100.1836744"><ele>1969.7</ele><time>2023-12-09T00:18:32Z</time></trkpt>
      <trkpt lat="25.7326166" lon="100.1836981"><ele>1969.7</ele><time>2023-12-09T00:18:33Z</time></trkpt>
      <trkpt lat="25.7326104" lon="100.1837219"><ele>1969.7</ele><time>2023-12-09T00:18:34Z</time></trkpt>
      <trkpt lat="25.7326043" lon="100.1837462"><ele>1969.8</ele><time>2023-12-09T00:18:35Z</time></trkpt>
      <trkpt lat="25.7325979" lon="100.1837706"><ele>1969.8</ele><time>2023-12-09T00:18:36Z</time></trkpt>
      <trkpt lat="25.7325916" lon="100.1837952"><ele>1969.8</ele><time>2023-12-09T00:18:37Z</time></trkpt>
      <trkpt lat="25.7325859" lon="100.1838201"><ele>1969.8</ele><time>2023-12-09T00:18:38Z</time></trkpt>
      <trkpt lat="25.7325803" lon="100.1838445"><ele>1969.8</ele><time>2023-12-09T00:18:39Z</time></trkpt>
      <trkpt lat="25.7325753" lon="100.1838689"><ele>1969.9</ele><time>2023-12-09T00:18:40Z</time></trkpt>
      <trkpt lat="25.7325706" lon="100.1838938"><ele>1969.9</ele><time>2023-12-09T00:18:41Z</time></trkpt>
      <trkpt lat="25.7325656" lon="100.1839186"><ele>1969.9</ele><time>2023-12-09T00:18:42Z</time></trkpt>
      <trkpt lat="25.7325610" lon="100.1839432"><ele>1970.0</ele><time>2023-12-09T00:18:43Z</time></trkpt>
      <trkpt lat="25.7325572" lon="100.1839675"><ele>1970.0</ele><time>2023-12-09T00:18:44Z</time></trkpt>
      <trkpt lat="25.7325533" lon="100.1839918"><ele>1970.1</ele><time>2023-12-09T00:18:45Z</time></trkpt>
      <trkpt lat="25.7325492" lon="100.1840165"><ele>1970.1</ele><time>2023-12-09T00:18:46Z</time></trkpt>
      <trkpt lat="25.7325461" lon="100.1840414"><ele>1970.1</ele><time>2023-12-09T00:18:47Z</time></trkpt>
      <trkpt lat="25.7325437" lon="100.1840664"><ele>1970.2</ele><time>2023-12-09T00:18:48Z</time></trkpt>
      <trkpt lat="25.7325411" lon="100.1840911"><ele>1970.2</ele><time>2023-12-09T00:18:49Z</time></trkpt>
      <trkpt lat="25.7325382" lon="100.1841159"><ele>1970.2</ele><time>2023-12-09T00:18:50Z</time></trkpt>
      <trkpt lat="25.7325342" lon="100.1841408"><ele>1970.2</ele><time>2023-12-09T00:18:51Z</time></trkpt>
      <trkpt lat="25.7325287" lon="100.1841657"><ele>1970.2</ele><time>2023-12-09T00:18:52Z</time></trkpt>
      <trkpt lat="25.7325230" lon="100.1841908"><ele>1970.2</ele><time>2023-12-09T00:18:53Z</time></trkpt>
      <trkpt lat="25.7325177" lon="100.1842156"><ele>1970.1</ele><time>2023-12-09T00:18:54Z</time></trkpt>
      <trkpt lat="25.7325124" lon="100.1842401"><ele>1970.1</ele><time>2023-12-09T00:18:55Z</time></trkpt>
      <trkpt lat="25.7325066" lon="100.1842642"><ele>1970.0</ele><time>2023-12-09T00:18:56Z</time></trkpt>
      <trkpt lat="25.7324998" lon="100.1842879"><ele>1970.0</ele><time>2023-12-09T00:18:57Z</time></trkpt>
      <trkpt lat="25.7324923" lon="100.1843113"><ele>1969.9</ele><time>2023-12-09T00:18:58Z</time></trkpt>
      <trkpt lat="25.7324849" lon="100.1843345"><ele>1969.8</ele><time>2023-12-09T00:18:59Z</time></trkpt>
      <trkpt lat="25.7324779" lon="100.1843577"><ele>1969.8</ele><time>2023-12-09T00:19:00Z</time></trkpt>
      <trkpt lat="25.7324705" lon="100.1843803"><ele>1969.7</ele><time>2023-12-09T00:19:01Z</time></trkpt>
      <trkpt lat="25.7324624" lon="100.1844024"><ele>1969.6</ele><time>2023-12-09T00:19:02Z</time></trkpt>
      <trkpt lat="25.7324537" lon="100.1844242"><ele>1969.6</ele><time>2023-12-09T00:19:03Z</time></trkpt>
      <trkpt lat="25.7324441" lon="100.1844454"><ele>1969.5</ele><time>2023-12-09T00:19:04Z</time></trkpt>
      <trkpt lat="25.7324333" lon="100.1844659"><ele>1969.4</ele><time>2023-12-09T00:19:05Z</time></trkpt>
      <trkpt lat="25.7324219" lon="100.1844860"><ele>1969.4</ele><time>2023-12-09T00:19:06Z</time></trkpt>
      <trkpt lat="25.7324095" lon="100.1845054"><ele>1969.3</ele><time>2023-12-09T00:19:07Z</time></trkpt>
      <trkpt lat="25.7323962" lon="100.1845238"><ele>1969.2</ele><time>2023-12-09T00:19:08Z</time></trkpt>
      <trkpt lat="25.7323826" lon="100.1845417"><ele>1969.1</ele><time>2023-12-09T00:19:09Z</time></trkpt>
      <trkpt lat="25.7323688" lon="100.1845595"><ele>1969.1</ele><time>2023-12-09T00:19:10Z</time></trkpt>
      <trkpt lat="25.7323544" lon="100.1845766"><ele>1969.0</ele><time>2023-12-09T00:19:11Z</time></trkpt>
      <trkpt lat="25.7323389" lon="100.1845933"><ele>1968.9</ele><time>2023-12-09T00:19:12Z</time></trkpt>
      <trkpt lat="25.7323229" lon="100.1846094"><ele>1968.8</ele><time>2023-12-09T00:19:13Z</time></trkpt>
      <trkpt lat="25.7323060" lon="100.1846253"><ele>1968.8</ele><time>2023-12-09T00:19:14Z</time></trkpt>
      <trkpt lat="25.7322880" lon="100.1846405"><ele>1968.7</ele><time>2023-12-09T00:19:15Z</time></trkpt>
      <trkpt lat="25.7322690" lon="100.1846545"><ele>1968.7</ele><time>2023-12-09T00:19:16Z</time></trkpt>
      <trkpt lat="25.7322494" lon="100.1846684"><ele>1968.6</ele><time>2023-12-09T00:19:17Z</time></trkpt>
      <trkpt lat="25.7322298" lon="100.1846815"><ele>1968.6</ele><time>2023-12-09T00:19:18Z</time></trkpt>
      <trkpt lat="25.7322102" lon="100.1846936"><ele>1968.6</ele><time>2023-12-09T00:19:19Z</time></trkpt>
      <trkpt lat="25.7321908" lon="100.1847046"><ele>1968.6</ele><time>2023-12-09T00:19:20Z</time></trkpt>
      <trkpt lat="25.7321716" lon="100.1847150"><ele>1968.6</ele><time>2023-12-09T00:19:21Z</time></trkpt>
      <trkpt lat="25.7321525" lon="100.1847254"><ele>1968.7</ele><time>2023-12-09T00:19:22Z</time></trkpt>
      <trkpt lat="25.7321335" lon="100.1847359"><ele>1968.7</ele><time>2023-12-09T00:19:23Z</time></trkpt>
      <trkpt lat="25.7321143" lon="100.1847469"><ele>1968.8</ele><time>2023-12-09T00:19:24Z</time></trkpt>
      <trkpt lat="25.7320957" lon="100.1847582"><ele>1968.8</ele><time>2023-12-09T00:19:25Z</time></trkpt>
      <trkpt lat="25.7320774" lon="100.1847698"><ele>1968.9</ele><time>2023-12-09T00:19:26Z</time></trkpt>
      <trkpt lat="25.7320594" lon="100.1847820"><ele>1968.9</ele><time>2023-12-09T00:19:27Z</time></trkpt>
      <trkpt lat="25.7320417" lon="100.1847951"><ele>1969.0</ele><time>2023-12-09T00:19:28Z</time></trkpt>
      <trkpt lat="25.7320244" lon="100.1848092"><ele>1969.1</ele><time>2023-12-09T00:19:29Z</time></trkpt>
      <trkpt lat="25.7320080" lon="100.1848244"><ele>1969.2</ele><time>2023-12-09T00:19:30Z</time></trkpt>
      <trkpt lat="25.7319926" lon="100.1848407"><ele>1969.2</ele><time>2023-12-09T00:19:31Z</time></trkpt>
      <trkpt lat="25.7319784" lon="100.1848580"><ele>1969.3</ele><time>2023-12-09T00:19:32Z</time></trkpt>
      <trkpt lat="25.7319649" lon="100.1848757"><ele>1969.4</ele><time>2023-12-09T00:19:33Z</time></trkpt>
      <trkpt lat="25.7319518" lon="100.1848938"><ele>1969.5</ele><time>2023-12-09T00:19:34Z</time></trkpt>
      <trkpt lat="25.7319396" lon="100.1849130"><ele>1969.6</ele><time>2023-12-09T00:19:35Z</time></trkpt>
      <trkpt lat="25.7319283" lon="100.1849334"><ele>1969.6</ele><time>2023-12-09T00:19:36Z</time></trkpt>
      <trkpt lat="25.7319175" lon="100.1849544"><ele>1969.7</ele><time>2023-12-09T00:19:37Z</time></trkpt>
      <trkpt lat="25.7319068" lon="100.1849757"><ele>1969.7</ele><time>2023-12-09T00:19:38Z</time></trkpt>
      <trkpt lat="25.7318964" lon="100.1849971"><ele>1969.7</ele><time>2023-12-09T00:19:39Z</time></trkpt>
      <trkpt lat="25.7318866" lon="100.1850183"><ele>1969.8</ele><time>2023-12-09T00:19:40Z</time></trkpt>
      <trkpt lat="25.7318776" lon="100.1850398"><ele>1969.8</ele><time>2023-12-09T00:19:41Z</time></trkpt>
      <trkpt lat="25.7318693" lon="100.1850618"><ele>1969.8</ele><time>2023-12-09T00:19:42Z</time></trkpt>
      <trkpt lat="25.7318610" lon="100.1850841"><ele>1969.8</ele><time>2023-12-09T00:19:43Z</time></trkpt>
      <trkpt lat="25.7318529" lon="100.1851062"><ele>1969.9</ele><time>2023-12-09T00:19:44Z</time></trkpt>
      <trkpt lat="25.7318449" lon="100.1851279"><ele>1969.9</ele><time>2023-12-09T00:19:45Z</time></trkpt>
      <trkpt lat="25.7318364" lon="100.1851492"><ele>1969.9</ele><time>2023-12-09T00:19:46Z</time></trkpt>
      <trkpt lat="25.7318273" lon="100.1851697"><ele>1969.9</ele><time>2023-12-09T00:19:47Z</time></trkpt>
      <trkpt lat="25.7318172" lon="100.1851896"><ele>1969.9</ele><time>2023-12-09T00:19:48Z</time></trkpt>
      <trkpt lat="25.7318062" lon="100.1852087"><ele>1969.9</ele><time>2023-12-09T00:19:49Z</time></trkpt>
      <trkpt lat="25.7317946" lon="100.1852276"><ele>1969.9</ele><time>2023-12-09T00:19:50Z</time></trkpt>
      <trkpt lat="25.7317834" lon="100.1852468"><ele>1969.9</ele><time>2023-12-09T00:19:51Z</time></trkpt>
      <trkpt lat="25.7317730" lon="100.1852667"><ele>1969.9</ele><time>2023-12-09T00:19:52Z</time></trkpt>
      <trkpt lat="25.7317626" lon="100.1852870"><ele>1969.9</ele><time>2023-12-09T00:19:53Z</time></trkpt>
      <trkpt lat="25.7317517" lon="100.1853073"><ele>1969.9</ele><time>2023-12-09T00:19:54Z</time></trkpt>
      <trkpt lat="25.7317402" lon="100.1853272"><ele>1969.9</ele><time>2023-12-09T00:19:55Z</time></trkpt>
      <trkpt lat="25.7317282" lon="100.1853469"><ele>1969.9</ele><time>2023-12-09T00:19:56Z</time></trkpt>
      <trkpt lat="25.7317162" lon="100.1853663"><ele>1970.0</ele><time>2023-12-09T00:19:57Z</time></trkpt>
      <trkpt lat="25.7317035" lon="100.1853848"><ele>1970.0</ele><time>2023-12-09T00:19:58Z</time></trkpt>
      <trkpt lat="25.7316895" lon="100.1854021"><ele>1970.0</ele><time>2023-12-09T00:19:59Z</time></trkpt>
      <trkpt lat="25.7316740" lon="100.1854190"><ele>1970.0</ele><time>2023-12-09T00:20:00Z</time></trkpt>
      <trkpt lat="25.7316588" lon="100.1854369"><ele>1970.0</ele><time>2023-12-09T00:20:01Z</time></trkpt>
      <trkpt lat="25.7316444" lon="100.1854562"><ele>1970.0</ele><time>2023-12-09T00:20:02Z</time></trkpt>
      <trkpt lat="25.7316309" lon="100.1854760"><ele>1969.9</ele><time>2023-12-09T00:20:03Z</time></trkpt>
      <trkpt lat="25.7316177" lon="100.1854957"><ele>1969.9</ele><time>2023-12-09T00:20:04Z</time></trkpt>
      <trkpt lat="25.7316051" lon="100.1855158"><ele>1969.9</ele><time>2023-12-09T00:20:05Z</time></trkpt>
      <trkpt lat="25.7315930" lon="100.1855365"><ele>1969.8</ele><time>2023-12-09T00:20:06Z</time></trkpt>
      <trkpt lat="25.7315809" lon="100.1855574"><ele>1969.7</ele><time>2023-12-09T00:20:07Z</time></trkpt>
      <trkpt lat="25.7315686" lon="100.1855777"><ele>1969.6</ele><time>2023-12-09T00:20:08Z</time></trkpt>
      <trkpt lat="25.7315561" lon="100.1855975"><ele>1969.5</ele><time>2023-12-09T00:20:09Z</time></trkpt>
      <trkpt lat="25.7315436" lon="100.1856170"><ele>1969.4</ele><time>2023-12-09T00:20:10Z</time></trkpt>
      <trkpt lat="25.7315308" lon="100.1856362"><ele>1969.4</ele><time>2023-12-09T00:20:11Z</time></trkpt>
      <trkpt lat="25.7315169" lon="100.1856550"><ele>1969.3</ele><time>2023-12-09T00:20:12Z</time></trkpt>
      <trkpt lat="25.7315027" lon="100.1856739"><ele>1969.3</ele><time>2023-12-09T00:20:13Z</time></trkpt>
      <trkpt lat="25.7314888" lon="100.1856937"><ele>1969.2</ele><time>2023-12-09T00:20:14Z</time></trkpt>
      <trkpt lat="25.7314754" lon="100.1857139"><ele>1969.2</ele><time>2023-12-09T00:20:15Z</time></trkpt>
      <trkpt lat="25.7314624" lon="100.1857341"><ele>1969.2</ele><time>2023-12-09T00:20:16Z</time></trkpt>
      <trkpt lat="25.7314498" lon="100.1857547"><ele>1969.2</ele><time>2023-12-09T00:20:17Z</time></trkpt>
      <trkpt lat="25.7314373" lon="100.1857756"><ele>1969.2</ele><time>2023-12-09T00:20:18Z</time></trkpt>
      <trkpt lat="25.7314249" lon="100.1857972"><ele>1969.3</ele><time>2023-12-09T00:20:19Z</time></trkpt>
      <trkpt lat="25.7314125" lon="100.1858188"><ele>1969.3</ele><time>2023-12-09T00:20:20Z</time></trkpt>
      <trkpt lat="25.7313999" lon="100.1858401"><ele>1969.4</ele><time>2023-12-09T00:20:21Z</time></trkpt>
      <trkpt lat="25.7313873" lon="100.1858612"><ele>1969.5</ele><time>2023-12-09T00:20:22Z</time></trkpt>
      <trkpt lat="25.7313749" lon="100.1858822"><ele>1969.5</ele><time>2023-12-09T00:20:23Z</time></trkpt>
      <trkpt lat="25.7313628" lon="100.1859030"><ele>1969.6</ele><time>2023-12-09T00:20:24Z</time></trkpt>
      <trkpt lat="25.7313500" lon="100.1859238"><ele>1969.7</ele><time>2023-12-09T00:20:25Z</time></trkpt>
      <trkpt lat="25.7313363" lon="100.1859450"><ele>1969.7</ele><time>2023-12-09T00:20:26Z</time></trkpt>
      <trkpt lat="25.7313227" lon="100.1859662"><ele>1969.8</ele><time>2023-12-09T00:20:27Z</time></trkpt>
      <trkpt lat="25.7313096" lon="100.1859872"><ele>1969.9</ele><time>2023-12-09T00:20:28Z</time></trkpt>
      <trkpt lat="25.7312971" lon="100.1860082"><ele>1969.9</ele><time>2023-12-09T00:20:29Z</time></trkpt>
      <trkpt lat="25.7312854" lon="100.1860293"><ele>1970.0</ele><time>2023-12-09T00:20:30Z</time></trkpt>
      <trkpt lat="25.7312744" lon="100.1860508"><ele>1970.1</ele><time>2023-12-09T00:20:31Z</time></trkpt>
      <trkpt lat="25.7312629" lon="100.1860716"><ele>1970.2</ele><time>2023-12-09T00:20:32Z</time></trkpt>
      <trkpt lat="25.7312508" lon="100.1860915"><ele>1970.2</ele><time>2023-12-09T00:20:33Z</time></trkpt>
      <trkpt lat="25.7312387" lon="100.1861112"><ele>1970.2</ele><time>2023-12-09T00:20:34Z</time></trkpt>
      <trkpt lat="25.7312270" lon="100.1861310"><ele>1970.3</ele><time>2023-12-09T00:20:35Z</time></trkpt>
      <trkpt lat="25.7312157" lon="100.1861511"><ele>1970.3</ele><time>2023-12-09T00:20:36Z</time></trkpt>
      <trkpt lat="25.7312046" lon="100.1861713"><ele>1970.3</ele><time>2023-12-09T00:20:37Z</time></trkpt>
      <trkpt lat="25.7311931" lon="100.1861916"><ele>1970.4</ele><time>2023-12-09T00:20:38Z</time></trkpt>
      <trkpt lat="25.7311807" lon="100.1862116"><ele>1970.4</ele><time>2023-12-09T00:20:39Z</time></trkpt>
      <trkpt lat="25.7311673" lon="100.1862313"><ele>1970.4</ele><time>2023-12-09T00:20:40Z</time></trkpt>
      <trkpt lat="25.7311530" lon="100.1862503"><ele>1970.4</ele><time>2023-12-09T00:20:41Z</time></trkpt>
      <trkpt lat="25.7311386" lon="100.1862685"><ele>1970.4</ele><time>2023-12-09T00:20:42Z</time></trkpt>
      <trkpt lat="25.7311243" lon="100.1862861"><ele>1970.4</ele><time>2023-12-09T00:20:43Z</time></trkpt>
      <trkpt lat="25.7311100" lon="100.1863032"><ele>1970.4</ele><time>2023-12-09T00:20:44Z</time></trkpt>
      <trkpt lat="25.7310956" lon="100.1863202"><ele>1970.3</ele><time>2023-12-09T00:20:45Z</time></trkpt>
      <trkpt lat="25.7310814" lon="100.1863370"><ele>1970.3</ele><time>2023-12-09T00:20:46Z</time></trkpt>
      <trkpt lat="25.7310677" lon="100.1863539"><ele>1970.3</ele><time>2023-12-09T00:20:47Z</time></trkpt>
      <trkpt lat="25.7310537" lon="100.1863709"><ele>1970.2</ele><time>2023-12-09T00:20:48Z</time></trkpt>
      <trkpt lat="25.7310389" lon="100.1863869"><ele>1970.2</ele><time>2023-12-09T00:20:49Z</time></trkpt>
      <trkpt lat="25.7310230" lon="100.1864013"><ele>1970.1</ele><time>2023-12-09T00:20:50Z</time></trkpt>
      <trkpt lat="25.7310062" lon="100.1864144"><ele>1970.0</ele><time>2023-12-09T00:20:51Z</time></trkpt>
      <trkpt lat="25.7309886" lon="100.1864275"><ele>1970.0</ele><time>2023-12-09T00:20:52Z</time></trkpt>
      <trkpt lat="25.7309704" lon="100.1864403"><ele>1969.9</ele><time>2023-12-09T00:20:53Z</time></trkpt>
      <trkpt lat="25.7309524" lon="100.1864526"><ele>1969.8</ele><time>2023-12-09T00:20:54Z</time></trkpt>
      <trkpt lat="25.7309345" lon="100.1864646"><ele>1969.7</ele><time>2023-12-09T00:20:55Z</time></trkpt>
      <trkpt lat="25.7309163" lon="100.1864756"><ele>1969.6</ele><time>2023-12-09T00:20:56Z</time></trkpt>
      <trkpt lat="25.7308969" lon="100.1864854"><ele>1969.5</ele><time>2023-12-09T00:20:57Z</time></trkpt>
      <trkpt lat="25.7308766" lon="100.1864949"><ele>1969.4</ele><time>2023-12-09T00:20:58Z</time></trkpt>
      <trkpt lat="25.7308557" lon="100.1865037"><ele>1969.4</ele><time>2023-12-09T00:20:59Z</time></trkpt>
      <trkpt lat="25.7308343" lon="100.1865115"><ele>1969.3</ele><time>2023-12-09T00:21:00Z</time></trkpt>
      <trkpt lat="25.7308120" lon="100.1865179"><ele>1969.3</ele><time>2023-12-09T00:21:01Z</time></trkpt>
      <trkpt lat="25.7307893" lon="100.1865226"><ele>1969.2</ele><time>2023-12-09T00:21:02Z</time></trkpt>
      <trkpt lat="25.7307668" lon="100.1865259"><ele>1969.2</ele><time>2023-12-09T00:21:03Z</time></trkpt>
      <trkpt lat="25.7307448" lon="100.1865283"><ele>1969.1</ele><time>2023-12-09T00:21:04Z</time></trkpt>
      <trkpt lat="25.7307234" lon="100.1865302"><ele>1969.1</ele><time>2023-12-09T00:21:05Z</time></trkpt>
      <trkpt lat="25.7307020" lon="100.1865308"><ele>1969.1</ele><time>2023-12-09T00:21:06Z</time></trkpt>
      <trkpt lat="25.7306801" lon="100.1865301"><ele>1969.1</ele><time>2023-12-09T00:21:07Z</time></trkpt>
      <trkpt lat="25.7306581" lon="100.1865286"><ele>1969.1</ele><time>2023-12-09T00:21:08Z</time></trkpt>
      <trkpt lat="25.7306360" lon="100.1865260"><ele>1969.1</ele><time>2023-12-09T00:21:09Z</time></trkpt>
      <trkpt lat="25.7306146" lon="100.1865224"><ele>1969.2</ele><time>2023-12-09T00:21:10Z</time></trkpt>
      <trkpt lat="25.7305940" lon="100.1865180"><ele>1969.2</ele><time>2023-12-09T00:21:11Z</time></trkpt>
      <trkpt lat="25.7305740" lon="100.1865130"><ele>1969.2</ele><time>2023-12-09T00:21:12Z</time></trkpt>
      <trkpt lat="25.7305542" lon="100.1865080"><ele>1969.2</ele><time>2023-12-09T00:21:13Z</time></trkpt>
      <trkpt lat="25.7305338" lon="100.1865037"><ele>1969.2</ele><time>2023-12-09T00:21:14Z</time></trkpt>
      <trkpt lat="25.7305129" lon="100.1865011"><ele>1969.2</ele><time>2023-12-09T00:21:15Z</time></trkpt>
      <trkpt lat="25.7304919" lon="100.1864996"><ele>1969.2</ele><time>2023-12-09T00:21:16Z</time></trkpt>
      <trkpt lat="25.7304712" lon="100.1864984"><ele>1969.3</ele><time>2023-12-09T00:21:17Z</time></trkpt>
      <trkpt lat="25.7304510" lon="100.1864985"><ele>1969.3</ele><time>2023-12-09T00:21:18Z</time></trkpt>
      <trkpt lat="25.7304309" lon="100.1865002"><ele>1969.3</ele><time>2023-12-09T00:21:19Z</time></trkpt>
      <trkpt lat="25.7304106" lon="100.1865040"><ele>1969.2</ele><time>2023-12-09T00:21:20Z</time></trkpt>
      <trkpt lat="25.7303900" lon="100.1865097"><ele>1969.1</ele><time>2023-12-09T00:21:21Z</time></trkpt>
      <trkpt lat="25.7303695" lon="100.1865159"><ele>1969.0</ele><time>2023-12-09T00:21:22Z</time></trkpt>
      <trkpt lat="25.7303486" lon="100.1865214"><ele>1969.0</ele><time>2023-12-09T00:21:23Z</time></trkpt>
      <trkpt lat="25.7303269" lon="100.1865264"><ele>1968.9</ele><time>2023-12-09T00:21:24Z</time></trkpt>
      <trkpt lat="25.7303052" lon="100.1865316"><ele>1968.8</ele><time>2023-12-09T00:21:25Z</time></trkpt>
      <trkpt lat="25.7302839" lon="100.1865377"><ele>1968.8</ele><time>2023-12-09T00:21:26Z</time></trkpt>
      <trkpt lat="25.7302627" lon="100.1865448"><ele>1968.7</ele><time>2023-12-09T00:21:27Z</time></trkpt>
      <trkpt lat="25.7302415" lon="100.1865522"><ele>1968.7</ele><time>2023-12-09T00:21:28Z</time></trkpt>
      <trkpt lat="25.7302201" lon="100.1865597"><ele>1968.6</ele><time>2023-12-09T00:21:29Z</time></trkpt>
      <trkpt lat="25.7301989" lon="100.1865670"><ele>1968.6</ele><time>2023-12-09T00:21:30Z</time></trkpt>
      <trkpt lat="25.7301779" lon="100.1865731"><ele>1968.6</ele><time>2023-12-09T00:21:31Z</time></trkpt>
      <trkpt lat="25.7301571" lon="100.1865788"><ele>1968.5</ele><time>2023-12-09T00:21:32Z</time></trkpt>
      <trkpt lat="25.7301366" lon="100.1865853"><ele>1968.6</ele><time>2023-12-09T00:21:33Z</time></trkpt>
      <trkpt lat="25.7301161" lon="100.1865929"><ele>1968.6</ele><time>2023-12-09T00:21:34Z</time></trkpt>
      <trkpt lat="25.7300961" lon="100.1866014"><ele>1968.6</ele><time>2023-12-09T00:21:35Z</time></trkpt>
      <trkpt lat="25.7300764" lon="100.1866105"><ele>1968.6</ele><time>2023-12-09T00:21:36Z</time></trkpt>
      <trkpt lat="25.7300571" lon="100.1866203"><ele>1968.7</ele><time>2023-12-09T00:21:37Z</time></trkpt>
      <trkpt lat="25.7300380" lon="100.1866311"><ele>1968.7</ele><time>2023-12-09T00:21:38Z</time></trkpt>
      <trkpt lat="25.7300186" lon="100.1866420"><ele>1968.8</ele><time>2023-12-09T00:21:39Z</time></trkpt>
      <trkpt lat="25.7299987" lon="100.1866520"><ele>1968.8</ele><time>2023-12-09T00:21:40Z</time></trkpt>
      <trkpt lat="25.7299786" lon="100.1866614"><ele>1968.9</ele><time>2023-12-09T00:21:41Z</time></trkpt>
      <trkpt lat="25.7299586" lon="100.1866720"><ele>1968.9</ele><time>2023-12-09T00:21:42Z</time></trkpt>
      <trkpt lat="25.7299382" lon="100.1866840"><ele>1968.9</ele><time>2023-12-09T00:21:43Z</time></trkpt>
      <trkpt lat="25.7299172" lon="100.1866964"><ele>1968.9</ele><time>2023-12-09T00:21:44Z</time></trkpt>
      <trkpt lat="25.7298961" lon="100.1867084"><ele>1968.9</ele><time>2023-12-09T00:21:45Z</time></trkpt>
      <trkpt lat="25.7298753" lon="100.1867203"><ele>1968.9</ele><time>2023-12-09T00:21:46Z</time></trkpt>
      <trkpt lat="25.7298550" lon="100.1867331"><ele>1968.9</ele><time>2023-12-09T00:21:47Z</time></trkpt>
      <trkpt lat="25.7298351" lon="100.1867476"><ele>1968.9</ele><time>2023-12-09T00:21:48Z</time></trkpt>
      <trkpt lat="25.7298154" lon="100.1867631"><ele>1968.9</ele><time>2023-12-09T00:21:49Z</time></trkpt>
      <trkpt lat="25.7297950" lon="100.1867790"><ele>1968.9</ele><time>2023-12-09T00:21:50Z</time></trkpt>
      <trkpt lat="25.7297735" lon="100.1867949"><ele>1968.9</ele><time>2023-12-09T00:21:51Z</time></trkpt>
      <trkpt lat="25.7297517" lon="100.1868109"><ele>1968.9</ele><time>2023-12-09T00:21:52Z</time></trkpt>
      <trkpt lat="25.7297306" lon="100.1868271"><ele>1968.9</ele><time>2023-12-09T00:21:53Z</time></trkpt>
      <trkpt lat="25.7297104" lon="100.1868438"><ele>1968.9</ele><time>2023-12-09T00:21:54Z</time></trkpt>
      <trkpt lat="25.7296906" lon="100.1868611"><ele>1968.9</ele><time>2023-12-09T00:21:55Z</time></trkpt>
      <trkpt lat="25.7296716" lon="100.1868787"><ele>1968.9</ele><time>2023-12-09T00:21:56Z</time></trkpt>
      <trkpt lat="25.7296533" lon="100.1868959"><ele>1968.9</ele><time>2023-12-09T00:21:57Z</time></trkpt>
      <trkpt lat="25.7296351" lon="100.1869128"><ele>1969.0</ele><time>2023-12-09T00:21:58Z</time></trkpt>
      <trkpt lat="25.7296172" lon="100.1869297"><ele>1969.0</ele><time>2023-12-09T00:21:59Z</time></trkpt>
      <trkpt lat="25.7295997" lon="100.1869459"><ele>1969.0</ele><time>2023-12-09T00:22:00Z</time></trkpt>
      <trkpt lat="25.7295827" lon="100.1869615"><ele>1969.0</ele><time>2023-12-09T00:22:01Z</time></trkpt>
      <trkpt lat="25.7295665" lon="100.1869777"><ele>1969.0</ele><time>2023-12-09T00:22:02Z</time></trkpt>
      <trkpt lat="25.7295511" lon="100.1869947"><ele>1969.0</ele><time>2023-12-09T00:22:03Z</time></trkpt>
      <trkpt lat="25.7295360" lon="100.1870121"><ele>1969.0</ele><time>2023-12-09T00:22:04Z</time></trkpt>
      <trkpt lat="25.7295210" lon="100.1870301"><ele>1969.0</ele><time>2023-12-09T00:22:05Z</time></trkpt>
      <trkpt lat="25.7295065" lon="100.1870489"><ele>1969.0</ele><time>2023-12-09T00:22:06Z</time></trkpt>
      <trkpt lat="25.7294925" lon="100.1870684"><ele>1968.9</ele><time>2023-12-09T00:22:07Z</time></trkpt>
      <trkpt lat="25.7294785" lon="100.1870880"><ele>1968.9</ele><time>2023-12-09T00:22:08Z</time></trkpt>
      <trkpt lat="25.7294639" lon="100.1871073"><ele>1968.8</ele><time>2023-12-09T00:22:09Z</time></trkpt>
      <trkpt lat="25.7294491" lon="100.1871261"><ele>1968.8</ele><time>2023-12-09T00:22:10Z</time></trkpt>
      <trkpt lat="25.7294345" lon="100.1871449"><ele>1968.8</ele><time>2023-12-09T00:22:11Z</time></trkpt>
      <trkpt lat="25.7294207" lon="100.1871646"><ele>1968.7</ele><time>2023-12-09T00:22:12Z</time></trkpt>
      <trkpt lat="25.7294072" lon="100.1871848"><ele>1968.6</ele><time>2023-12-09T00:22:13Z</time></trkpt>
      <trkpt lat="25.7293936" lon="100.1872050"><ele>1968.6</ele><time>2023-12-09T00:22:14Z</time></trkpt>
      <trkpt lat="25.7293794" lon="100.1872247"><ele>1968.5</ele><time>2023-12-09T00:22:15Z</time></trkpt>
      <trkpt lat="25.7293642" lon="100.1872431"><ele>1968.5</ele><time>2023-12-09T00:22:16Z</time></trkpt>
      <trkpt lat="25.7293484" lon="100.1872605"><ele>1968.4</ele><time>2023-12-09T00:22:17Z</time></trkpt>
      <trkpt lat="25.7293323" lon="100.1872768"><ele>1968.4</ele><time>2023-12-09T00:22:18Z</time></trkpt>
      <trkpt lat="25.7293156" lon="100.1872922"><ele>1968.4</ele><time>2023-12-09T00:22:19Z</time></trkpt>
      <trkpt lat="25.7292982" lon="100.1873069"><ele>1968.4</ele><time>2023-12-09T00:22:20Z</time></trkpt>
      <trkpt lat="25.7292793" lon="100.1873200"><ele>1968.4</ele><time>2023-12-09T00:22:21Z</time></trkpt>
      <trkpt lat="25.7292590" lon="100.1873313"><ele>1968.5</ele><time>2023-12-09T00:22:22Z</time></trkpt>
      <trkpt lat="25.7292377" lon="100.1873414"><ele>1968.5</ele><time>2023-12-09T00:22:23Z</time></trkpt>
      <trkpt lat="25.7292160" lon="100.1873512"><ele>1968.5</ele><time>2023-12-09T00:22:24Z</time></trkpt>
      <trkpt lat="25.7291940" lon="100.1873613"><ele>1968.6</ele><time>2023-12-09T00:22:25Z</time></trkpt>
      <trkpt lat="25.7291719" lon="100.1873724"><ele>1968.7</ele><time>2023-12-09T00:22:26Z</time></trkpt>
      <trkpt lat="25.7291497" lon="100.1873843"><ele>1968.7</ele><time>2023-12-09T00:22:27Z</time></trkpt>
      <trkpt lat="25.7291278" lon="100.1873962"><ele>1968.8</ele><time>2023-12-09T00:22:28Z</time></trkpt>
      <trkpt lat="25.7291066" lon="100.1874073"><ele>1968.8</ele><time>2023-12-09T00:22:29Z</time></trkpt>
      <trkpt lat="25.7290861" lon="100.1874176"><ele>1968.8</ele><time>2023-12-09T00:22:30Z</time></trkpt>
      <trkpt lat="25.7290660" lon="100.1874283"><ele>1968.9</ele><time>2023-12-09T00:22:31Z</time></trkpt>
      <trkpt lat="25.7290462" lon="100.1874399"><ele>1968.9</ele><time>2023-12-09T00:22:32Z</time></trkpt>
      <trkpt lat="25.7290266" lon="100.1874519"><ele>1968.9</ele><time>2023-12-09T00:22:33Z</time></trkpt>
      <trkpt lat="25.7290071" lon="100.1874632"><ele>1968.9</ele><time>2023-12-09T00:22:34Z</time></trkpt>
      <trkpt lat="25.7289873" lon="100.1874738"><ele>1968.9</ele><time>2023-12-09T00:22:35Z</time></trkpt>
      <trkpt lat="25.7289672" lon="100.1874847"><ele>1968.9</ele><time>2023-12-09T00:22:36Z</time></trkpt>
      <trkpt lat="25.7289477" lon="100.1874959"><ele>1968.8</ele><time>2023-12-09T00:22:37Z</time></trkpt>
      <trkpt lat="25.7289285" lon="100.1875070"><ele>1968.8</ele><time>2023-12-09T00:22:38Z</time></trkpt>
      <trkpt lat="25.7289096" lon="100.1875172"><ele>1968.7</ele><time>2023-12-09T00:22:39Z</time></trkpt>
      <trkpt lat="25.7288910" lon="100.1875258"><ele>1968.6</ele><time>2023-12-09T00:22:40Z</time></trkpt>
      <trkpt lat="25.7288729" lon="100.1875329"><ele>1968.5</ele><time>2023-12-09T00:22:41Z</time></trkpt>
      <trkpt lat="25.7288554" lon="100.1875398"><ele>1968.4</ele><time>2023-12-09T00:22:42Z</time></trkpt>
      <trkpt lat="25.7288382" lon="100.1875473"><ele>1968.4</ele><time>2023-12-09T00:22:43Z</time></trkpt>
      <trkpt lat="25.7288209" lon="100.1875557"><ele>1968.3</ele><time>2023-12-09T00:22:44Z</time></trkpt>
      <trkpt lat="25.7288033" lon="100.1875647"><ele>1968.2</ele><time>2023-12-09T00:22:45Z</time></trkpt>
      <trkpt lat="25.7287855" lon="100.1875736"><ele>1968.1</ele><time>2023-12-09T00:22:46Z</time></trkpt>
      <trkpt lat="25.7287676" lon="100.1875820"><ele>1968.0</ele><time>2023-12-09T00:22:47Z</time></trkpt>
      <trkpt lat="25.7287498" lon="100.1875897"><ele>1968.0</ele><time>2023-12-09T00:22:48Z</time></trkpt>
      <trkpt lat="25.7287317" lon="100.1875975"><ele>1967.9</ele><time>2023-12-09T00:22:49Z</time></trkpt>
      <trkpt lat="25.7287138" lon="100.1876068"><ele>1967.9</ele><time>2023-12-09T00:22:50Z</time></trkpt>
      <trkpt lat="25.7286964" lon="100.1876179"><ele>1967.8</ele><time>2023-12-09T00:22:51Z</time></trkpt>
      <trkpt lat="25.7286789" lon="100.1876301"><ele>1967.8</ele><time>2023-12-09T00:22:52Z</time></trkpt>
      <trkpt lat="25.7286615" lon="100.1876436"><ele>1967.8</ele><time>2023-12-09T00:22:53Z</time></trkpt>
      <trkpt lat="25.7286445" lon="100.1876590"><ele>1967.8</ele><time>2023-12-09T00:22:54Z</time></trkpt>
      <trkpt lat="25.7286285" lon="100.1876761"><ele>1967.8</ele><time>2023-12-09T00:22:55Z</time></trkpt>
      <trkpt lat="25.7286140" lon="100.1876939"><ele>1967.8</ele><time>2023-12-09T00:22:56Z</time></trkpt>
      <trkpt lat="25.7286012" lon="100.1877118"><ele>1967.9</ele><time>2023-12-09T00:22:57Z</time></trkpt>
      <trkpt lat="25.7285904" lon="100.1877296"><ele>1967.9</ele><time>2023-12-09T00:22:58Z</time></trkpt>
      <trkpt lat="25.7285811" lon="100.1877476"><ele>1968.0</ele><time>2023-12-09T00:22:59Z</time></trkpt>
      <trkpt lat="25.7285726" lon="100.1877670"><ele>1968.0</ele><time>2023-12-09T00:23:00Z</time></trkpt>
      <trkpt lat="25.7285656" lon="100.1877888"><ele>1968.0</ele><time>2023-12-09T00:23:01Z</time></trkpt>
      <trkpt lat="25.7285606" lon="100.1878124"><ele>1968.1</ele><time>2023-12-09T00:23:02Z</time></trkpt>
      <trkpt lat="25.7285571" lon="100.1878368"><ele>1968.1</ele><time>2023-12-09T00:23:03Z</time></trkpt>
      <trkpt lat="25.7285546" lon="100.1878612"><ele>1968.2</ele><time>2023-12-09T00:23:04Z</time></trkpt>
      <trkpt lat="25.7285518" lon="100.1878855"><ele>1968.2</ele><time>2023-12-09T00:23:05Z</time></trkpt>
      <trkpt lat="25.7285492" lon="100.1879098"><ele>1968.3</ele><time>2023-12-09T00:23:06Z</time></trkpt>
      <trkpt lat="25.7285486" lon="100.1879343"><ele>1968.3</ele><time>2023-12-09T00:23:07Z</time></trkpt>
      <trkpt lat="25.7285500" lon="100.1879583"><ele>1968.3</ele><time>2023-12-09T00:23:08Z</time></trkpt>
      <trkpt lat="25.7285523" lon="100.1879820"><ele>1968.4</ele><time>2023-12-09T00:23:09Z</time></trkpt>
      <trkpt lat="25.7285550" lon="100.1880056"><ele>1968.5</ele><time>2023-12-09T00:23:10Z</time></trkpt>
      <trkpt lat="25.7285578" lon="100.1880294"><ele>1968.5</ele><time>2023-12-09T00:23:11Z</time></trkpt>
      <trkpt lat="25.7285609" lon="100.1880536"><ele>1968.5</ele><time>2023-12-09T00:23:12Z</time></trkpt>
      <trkpt lat="25.7285643" lon="100.1880778"><ele>1968.6</ele><time>2023-12-09T00:23:13Z</time></trkpt>
      <trkpt lat="25.7285678" lon="100.1881018"><ele>1968.6</ele><time>2023-12-09T00:23:14Z</time></trkpt>
      <trkpt lat="25.7285705" lon="100.1881253"><ele>1968.7</ele><time>2023-12-09T00:23:15Z</time></trkpt>
      <trkpt lat="25.7285717" lon="100.1881486"><ele>1968.7</ele><time>2023-12-09T00:23:16Z</time></trkpt>
      <trkpt lat="25.7285724" lon="100.1881721"><ele>1968.8</ele><time>2023-12-09T00:23:17Z</time></trkpt>
      <trkpt lat="25.7285740" lon="100.1881956"><ele>1968.8</ele><time>2023-12-09T00:23:18Z</time></trkpt>
      <trkpt lat="25.7285754" lon="100.1882190"><ele>1968.9</ele><time>2023-12-09T00:23:19Z</time></trkpt>
      <trkpt lat="25.7285762" lon="100.1882424"><ele>1968.9</ele><time>2023-12-09T00:23:20Z</time></trkpt>
      <trkpt lat="25.7285771" lon="100.1882662"><ele>1969.0</ele><time>2023-12-09T00:23:21Z</time></trkpt>
      <trkpt lat="25.7285784" lon="100.1882902"><ele>1969.1</ele><time>2023-12-09T00:23:22Z</time></trkpt>
      <trkpt lat="25.7285797" lon="100.1883142"><ele>1969.2</ele><time>2023-12-09T00:23:23Z</time></trkpt>
      <trkpt lat="25.7285810" lon="100.1883382"><ele>1969.3</ele><time>2023-12-09T00:23:24Z</time></trkpt>
      <trkpt lat="25.7285823" lon="100.1883622"><ele>1969.3</ele><time>2023-12-09T00:23:25Z</time></trkpt>
      <trkpt lat="25.7285829" lon="100.1883860"><ele>1969.4</ele><time>2023-12-09T00:23:26Z</time></trkpt>
      <trkpt lat="25.7285832" lon="100.1884096"><ele>1969.4</ele><time>2023-12-09T00:23:27Z</time></trkpt>
      <trkpt lat="25.7285834" lon="100.1884335"><ele>1969.4</ele><time>2023-12-09T00:23:28Z</time></trkpt>
      <trkpt lat="25.7285842" lon="100.1884577"><ele>1969.4</ele><time>2023-12-09T00:23:29Z</time></trkpt>
      <trkpt lat="25.7285860" lon="100.1884820"><ele>1969.4</ele><time>2023-12-09T00:23:30Z</time></trkpt>
      <trkpt lat="25.7285884" lon="100.1885061"><ele>1969.4</ele><time>2023-12-09T00:23:31Z</time></trkpt>
      <trkpt lat="25.7285902" lon="100.1885299"><ele>1969.4</ele><time>2023-12-09T00:23:32Z</time></trkpt>
      <trkpt lat="25.7285919" lon="100.1885534"><ele>1969.3</ele><time>2023-12-09T00:23:33Z</time></trkpt>
      <trkpt lat="25.7285935" lon="100.1885764"><ele>1969.2</ele><time>2023-12-09T00:23:34Z</time></trkpt>
      <trkpt lat="25.7285938" lon="100.1885991"><ele>1969.2</ele><time>2023-12-09T00:23:35Z</time></trkpt>
      <trkpt lat="25.7285925" lon="100.1886218"><ele>1969.1</ele><time>2023-12-09T00:23:36Z</time></trkpt>
      <trkpt lat="25.7285893" lon="100.1886443"><ele>1969.0</ele><time>2023-12-09T00:23:37Z</time></trkpt>
      <trkpt lat="25.7285840" lon="100.1886667"><ele>1969.0</ele><time>2023-12-09T00:23:38Z</time></trkpt>
      <trkpt lat="25.7285765" lon="100.1886883"><ele>1968.9</ele><time>2023-12-09T00:23:39Z</time></trkpt>
      <trkpt lat="25.7285671" lon="100.1887090"><ele>1968.8</ele><time>2023-12-09T00:23:40Z</time></trkpt>
      <trkpt lat="25.7285563" lon="100.1887290"><ele>1968.8</ele><time>2023-12-09T00:23:41Z</time></trkpt>
      <trkpt lat="25.7285441" lon="100.1887483"><ele>1968.7</ele><time>2023-12-09T00:23:42Z</time></trkpt>
      <trkpt lat="25.7285306" lon="100.1887670"><ele>1968.7</ele><time>2023-12-09T00:23:43Z</time></trkpt>
      <trkpt lat="25.7285159" lon="100.1887843"><ele>1968.7</ele><time>2023-12-09T00:23:44Z</time></trkpt>
      <trkpt lat="25.7284994" lon="100.1887997"><ele>1968.6</ele><time>2023-12-09T00:23:45Z</time></trkpt>
      <trkpt lat="25.7284809" lon="100.1888129"><ele>1968.6</ele><time>2023-12-09T00:23:46Z</time></trkpt>
      <trkpt lat="25.7284612" lon="100.1888249"><ele>1968.6</ele><time>2023-12-09T00:23:47Z</time></trkpt>
      <trkpt lat="25.7284414" lon="100.1888368"><ele>1968.6</ele><time>2023-12-09T00:23:48Z</time></trkpt>
      <trkpt lat="25.7284220" lon="100.1888481"><ele>1968.6</ele><time>2023-12-09T00:23:49Z</time></trkpt>
      <trkpt lat="25.7284026" lon="100.1888585"><ele>1968.6</ele><time>2023-12-09T00:23:50Z</time></trkpt>
      <trkpt lat="25.7283827" lon="100.1888679"><ele>1968.6</ele><time>2023-12-09T00:23:51Z</time></trkpt>
      <trkpt lat="25.7283616" lon="100.1888764"><ele>1968.6</ele><time>2023-12-09T00:23:52Z</time></trkpt>
      <trkpt lat="25.7283399" lon="100.1888841"><ele>1968.6</ele><time>2023-12-09T00:23:53Z</time></trkpt>
      <trkpt lat="25.7283185" lon="100.1888919"><ele>1968.6</ele><time>2023-12-09T00:23:54Z</time></trkpt>
      <trkpt lat="25.7282976" lon="100.1889007"><ele>1968.5</ele><time>2023-12-09T00:23:55Z</time></trkpt>
      <trkpt lat="25.7282770" lon="100.1889110"><ele>1968.5</ele><time>2023-12-09T00:23:56Z</time></trkpt>
      <trkpt lat="25.7282555" lon="100.1889215"><ele>1968.5</ele><time>2023-12-09T00:23:57Z</time></trkpt>
      <trkpt lat="25.7282330" lon="100.1889311"><ele>1968.4</ele><time>2023-12-09T00:23:58Z</time></trkpt>
      <trkpt lat="25.7282100" lon="100.1889406"><ele>1968.4</ele><time>2023-12-09T00:23:59Z</time></trkpt>
      <trkpt lat="25.7281876" lon="100.1889509"><ele>1968.4</ele><time>2023-12-09T00:24:00Z</time></trkpt>
      <trkpt lat="25.7281664" lon="100.1889618"><ele>1968.4</ele><time>2023-12-09T00:24:01Z</time></trkpt>
      <trkpt lat="25.7281455" lon="100.1889724"><ele>1968.4</ele><time>2023-12-09T00:24:02Z</time></trkpt>
      <trkpt lat="25.7281246" lon="100.1889823"><ele>1968.4</ele><time>2023-12-09T00:24:03Z</time></trkpt>
      <trkpt lat="25.7281034" lon="100.1889915"><ele>1968.3</ele><time>2023-12-09T00:24:04Z</time></trkpt>
      <trkpt lat="25.7280824" lon="100.1889998"><ele>1968.4</ele><time>2023-12-09T00:24:05Z</time></trkpt>
      <trkpt lat="25.7280619" lon="100.1890079"><ele>1968.4</ele><time>2023-12-09T00:24:06Z</time></trkpt>
      <trkpt lat="25.7280419" lon="100.1890159"><ele>1968.4</ele><time>2023-12-09T00:24:07Z</time></trkpt>
      <trkpt lat="25.7280225" lon="100.1890243"><ele>1968.4</ele><time>2023-12-09T00:24:08Z</time></trkpt>
      <trkpt lat="25.7280029" lon="100.1890328"><ele>1968.4</ele><time>2023-12-09T00:24:09Z</time></trkpt>
      <trkpt lat="25.7279830" lon="100.1890413"><ele>1968.4</ele><time>2023-12-09T00:24:10Z</time></trkpt>
      <trkpt lat="25.7279629" lon="100.1890501"><ele>1968.4</ele><time>2023-12-09T00:24:11Z</time></trkpt>
      <trkpt lat="25.7279428" lon="100.1890592"><ele>1968.4</ele><time>2023-12-09T00:24:12Z</time></trkpt>
      <trkpt lat="25.7279227" lon="100.1890686"><ele>1968.4</ele><time>2023-12-09T00:24:13Z</time></trkpt>
      <trkpt lat="25.7279029" lon="100.1890786"><ele>1968.4</ele><time>2023-12-09T00:24:14Z</time></trkpt>
      <trkpt lat="25.7278836" lon="100.1890890"><ele>1968.4</ele><time>2023-12-09T00:24:15Z</time></trkpt>
      <trkpt lat="25.7278643" lon="100.1890993"><ele>1968.4</ele><time>2023-12-09T00:24:16Z</time></trkpt>
      <trkpt lat="25.7278451" lon="100.1891093"><ele>1968.4</ele><time>2023-12-09T00:24:17Z</time></trkpt>
      <trkpt lat="25.7278266" lon="100.1891197"><ele>1968.4</ele><time>2023-12-09T00:24:18Z</time></trkpt>
      <trkpt lat="25.7278086" lon="100.1891300"><ele>1968.4</ele><time>2023-12-09T00:24:19Z</time></trkpt>
      <trkpt lat="25.7277911" lon="100.1891400"><ele>1968.5</ele><time>2023-12-09T00:24:20Z</time></trkpt>
      <trkpt lat="25.7277738" lon="100.1891499"><ele>1968.5</ele><time>2023-12-09T00:24:21Z</time></trkpt>
      <trkpt lat="25.7277566" lon="100.1891598"><ele>1968.5</ele><time>2023-12-09T00:24:22Z</time></trkpt>
      <trkpt lat="25.7277390" lon="100.1891703"><ele>1968.5</ele><time>2023-12-09T00:24:23Z</time></trkpt>
      <trkpt lat="25.7277210" lon="100.1891820"><ele>1968.6</ele><time>2023-12-09T00:24:24Z</time></trkpt>
      <trkpt lat="25.7277039" lon="100.1891947"><ele>1968.6</ele><time>2023-12-09T00:24:25Z</time></trkpt>
      <trkpt lat="25.7276878" lon="100.1892089"><ele>1968.7</ele><time>2023-12-09T00:24:26Z</time></trkpt>
      <trkpt lat="25.7276732" lon="100.1892249"><ele>1968.7</ele><time>2023-12-09T00:24:27Z</time></trkpt>
      <trkpt lat="25.7276602" lon="100.1892429"><ele>1968.8</ele><time>2023-12-09T00:24:28Z</time></trkpt>
      <trkpt lat="25.7276483" lon="100.1892628"><ele>1968.9</ele><time>2023-12-09T00:24:29Z</time></trkpt>
      <trkpt lat="25.7276372" lon="100.1892834"><ele>1969.0</ele><time>2023-12-09T00:24:30Z</time></trkpt>
      <trkpt lat="25.7276256" lon="100.1893030"><ele>1969.0</ele><time>2023-12-09T00:24:31Z</time></trkpt>
      <trkpt lat="25.7276124" lon="100.1893204"><ele>1969.1</ele><time>2023-12-09T00:24:32Z</time></trkpt>
      <trkpt lat="25.7275976" lon="100.1893357"><ele>1969.2</ele><time>2023-12-09T00:24:33Z</time></trkpt>
      <trkpt lat="25.7275812" lon="100.1893497"><ele>1969.2</ele><time>2023-12-09T00:24:34Z</time></trkpt>
      <trkpt lat="25.7275638" lon="100.1893624"><ele>1969.2</ele><time>2023-12-09T00:24:35Z</time></trkpt>
      <trkpt lat="25.7275453" lon="100.1893735"><ele>1969.2</ele><time>2023-12-09T00:24:36Z</time></trkpt>
      <trkpt lat="25.7275256" lon="100.1893827"><ele>1969.2</ele><time>2023-12-09T00:24:37Z</time></trkpt>
      <trkpt lat="25.7275048" lon="100.1893896"><ele>1969.2</ele><time>2023-12-09T00:24:38Z</time></trkpt>
      <trkpt lat="25.7274835" lon="100.1893956"><ele>1969.2</ele><time>2023-12-09T00:24:39Z</time></trkpt>
      <trkpt lat="25.7274622" lon="100.1894019"><ele>1969.1</ele><time>2023-12-09T00:24:40Z</time></trkpt>
      <trkpt lat="25.7274404" lon="100.1894088"><ele>1969.1</ele><time>2023-12-09T00:24:41Z</time></trkpt>
      <trkpt lat="25.7274182" lon="100.1894153"><ele>1969.0</ele><time>2023-12-09T00:24:42Z</time></trkpt>
      <trkpt lat="25.7273959" lon="100.1894207"><ele>1969.0</ele><time>2023-12-09T00:24:43Z</time></trkpt>
      <trkpt lat="25.7273740" lon="100.1894255"><ele>1968.9</ele><time>2023-12-09T00:24:44Z</time></trkpt>
      <trkpt lat="25.7273524" lon="100.1894307"><ele>1968.8</ele><time>2023-12-09T00:24:45Z</time></trkpt>
      <trkpt lat="25.7273310" lon="100.1894364"><ele>1968.7</ele><time>2023-12-09T00:24:46Z</time></trkpt>
      <trkpt lat="25.7273098" lon="100.1894425"><ele>1968.6</ele><time>2023-12-09T00:24:47Z</time></trkpt>
      <trkpt lat="25.7272887" lon="100.1894486"><ele>1968.5</ele><time>2023-12-09T00:24:48Z</time></trkpt>
      <trkpt lat="25.7272677" lon="100.1894550"><ele>1968.5</ele><time>2023-12-09T00:24:49Z</time></trkpt>
      <trkpt lat="25.7272469" lon="100.1894615"><ele>1968.4</ele><time>2023-12-09T00:24:50Z</time></trkpt>
      <trkpt lat="25.7272261" lon="100.1894674"><ele>1968.4</ele><time>2023-12-09T00:24:51Z</time></trkpt>
      <trkpt lat="25.7272053" lon="100.1894725"><ele>1968.3</ele><time>2023-12-09T00:24:52Z</time></trkpt>
      <trkpt lat="25.7271845" lon="100.1894773"><ele>1968.2</ele><time>2023-12-09T00:24:53Z</time></trkpt>
      <trkpt lat="25.7271638" lon="100.1894821"><ele>1968.2</ele><time>2023-12-09T00:24:54Z</time></trkpt>
      <trkpt lat="25.7271432" lon="100.1894871"><ele>1968.1</ele><time>2023-12-09T00:24:55Z</time></trkpt>
      <trkpt lat="25.7271227" lon="100.1894913"><ele>1968.1</ele><time>2023-12-09T00:24:56Z</time></trkpt>
      <trkpt lat="25.7271021" lon="100.1894943"><ele>1968.0</ele><time>2023-12-09T00:24:57Z</time></trkpt>
      <trkpt lat="25.7270814" lon="100.1894965"><ele>1968.0</ele><time>2023-12-09T00:24:58Z</time></trkpt>
      <trkpt lat="25.7270610" lon="100.1894993"><ele>1967.9</ele><time>2023-12-09T00:24:59Z</time></trkpt>
      <trkpt lat="25.7270415" lon="100.1895036"><ele>1967.9</ele><time>2023-12-09T00:25:00Z</time></trkpt>
      <trkpt lat="25.7270224" lon="100.1895087"><ele>1967.9</ele><time>2023-12-09T00:25:01Z</time></trkpt>
      <trkpt lat="25.7270033" lon="100.1895139"><ele>1967.9</ele><time>2023-12-09T00:25:02Z</time></trkpt>
      <trkpt lat="25.7269837" lon="100.1895189"><ele>1967.9</ele><time>2023-12-09T00:25:03Z</time></trkpt>
      <trkpt lat="25.7269637" lon="100.1895242"><ele>1967.9</ele><time>2023-12-09T00:25:04Z</time></trkpt>
      <trkpt lat="25.7269434" lon="100.1895307"><ele>1967.9</ele><time>2023-12-09T00:25:05Z</time></trkpt>
      <trkpt lat="25.7269232" lon="100.1895371"><ele>1968.0</ele><time>2023-12-09T00:25:06Z</time></trkpt>
      <trkpt lat="25.7269032" lon="100.1895429"><ele>1968.0</ele><time>2023-12-09T00:25:07Z</time></trkpt>
      <trkpt lat="25.7268829" lon="100.1895481"><ele>1968.1</ele><time>2023-12-09T00:25:08Z</time></trkpt>
      <trkpt lat="25.7268623" lon="100.1895521"><ele>1968.1</ele><time>2023-12-09T00:25:09Z</time></trkpt>
      <trkpt lat="25.7268414" lon="100.1895553"><ele>1968.1</ele><time>2023-12-09T00:25:10Z</time></trkpt>
      <trkpt lat="25.7268203" lon="100.1895585"><ele>1968.2</ele><time>2023-12-09T00:25:11Z</time></trkpt>
      <trkpt lat="25.7267990" lon="100.1895627"><ele>1968.2</ele><time>2023-12-09T00:25:12Z</time></trkpt>
      <trkpt lat="25.7267772" lon="100.1895684"><ele>1968.2</ele><time>2023-12-09T00:25:13Z</time></trkpt>
      <trkpt lat="25.7267554" lon="100.1895747"><ele>1968.2</ele><time>2023-12-09T00:25:14Z</time></trkpt>
      <trkpt lat="25.7267339" lon="100.1895807"><ele>1968.2</ele><time>2023-12-09T00:25:15Z</time></trkpt>
      <trkpt lat="25.7267120" lon="100.1895844"><ele>1968.3</ele><time>2023-12-09T00:25:16Z</time></trkpt>
      <trkpt lat="25.7266891" lon="100.1895836"><ele>1968.3</ele><time>2023-12-09T00:25:17Z</time></trkpt>
      <trkpt lat="25.7266653" lon="100.1895786"><ele>1968.3</ele><time>2023-12-09T00:25:18Z</time></trkpt>
      <trkpt lat="25.7266425" lon="100.1895707"><ele>1968.3</ele><time>2023-12-09T00:25:19Z</time></trkpt>
      <trkpt lat="25.7266215" lon="100.1895600"><ele>1968.4</ele><time>2023-12-09T00:25:20Z</time></trkpt>
      <trkpt lat="25.7266019" lon="100.1895466"><ele>1968.4</ele><time>2023-12-09T00:25:21Z</time></trkpt>
      <trkpt lat="25.7265828" lon="100.1895313"><ele>1968.4</ele><time>2023-12-09T00:25:22Z</time></trkpt>
      <trkpt lat="25.7265639" lon="100.1895155"><ele>1968.4</ele><time>2023-12-09T00:25:23Z</time></trkpt>
      <trkpt lat="25.7265451" lon="100.1894997"><ele>1968.4</ele><time>2023-12-09T00:25:24Z</time></trkpt>
      <trkpt lat="25.7265260" lon="100.1894837"><ele>1968.5</ele><time>2023-12-09T00:25:25Z</time></trkpt>
      <trkpt lat="25.7265065" lon="100.1894679"><ele>1968.5</ele><time>2023-12-09T00:25:26Z</time></trkpt>
      <trkpt lat="25.7264870" lon="100.1894520"><ele>1968.5</ele><time>2023-12-09T00:25:27Z</time></trkpt>
      <trkpt lat="25.7264680" lon="100.1894359"><ele>1968.6</ele><time>2023-12-09T00:25:28Z</time></trkpt>
      <trkpt lat="25.7264498" lon="100.1894201"><ele>1968.6</ele><time>2023-12-09T00:25:29Z</time></trkpt>
      <trkpt lat="25.7264318" lon="100.1894049"><ele>1968.6</ele><time>2023-12-09T00:25:30Z</time></trkpt>
      <trkpt lat="25.7264139" lon="100.1893903"><ele>1968.6</ele><time>2023-12-09T00:25:31Z</time></trkpt>
      <trkpt lat="25.7263956" lon="100.1893756"><ele>1968.6</ele><time>2023-12-09T00:25:32Z</time></trkpt>
      <trkpt lat="25.7263777" lon="100.1893606"><ele>1968.6</ele><time>2023-12-09T00:25:33Z</time></trkpt>
      <trkpt lat="25.7263601" lon="100.1893453"><ele>1968.6</ele><time>2023-12-09T00:25:34Z</time></trkpt>
      <trkpt lat="25.7263429" lon="100.1893302"><ele>1968.5</ele><time>2023-12-09T00:25:35Z</time></trkpt>
      <trkpt lat="25.7263263" lon="100.1893156"><ele>1968.5</ele><time>2023-12-09T00:25:36Z</time></trkpt>
      <trkpt lat="25.7263102" lon="100.1893011"><ele>1968.4</ele><time>2023-12-09T00:25:37Z</time></trkpt>
      <trkpt lat="25.7262943" lon="100.1892867"><ele>1968.4</ele><time>2023-12-09T00:25:38Z</time></trkpt>
      <trkpt lat="25.7262781" lon="100.1892726"><ele>1968.4</ele><time>2023-12-09T00:25:39Z</time></trkpt>
      <trkpt lat="25.7262615" lon="100.1892590"><ele>1968.3</ele><time>2023-12-09T00:25:40Z</time></trkpt>
      <trkpt lat="25.7262441" lon="100.1892464"><ele>1968.2</ele><time>2023-12-09T00:25:41Z</time></trkpt>
      <trkpt lat="25.7262261" lon="100.1892342"><ele>1968.1</ele><time>2023-12-09T00:25:42Z</time></trkpt>
      <trkpt lat="25.7262081" lon="100.1892236"><ele>1968.1</ele><time>2023-12-09T00:25:43Z</time></trkpt>
      <trkpt lat="25.7261894" lon="100.1892152"><ele>1968.0</ele><time>2023-12-09T00:25:44Z</time></trkpt>
      <trkpt lat="25.7261701" lon="100.1892090"><ele>1967.9</ele><time>2023-12-09T00:25:45Z</time></trkpt>
      <trkpt lat="25.7261510" lon="100.1892046"><ele>1967.8</ele><time>2023-12-09T00:25:46Z</time></trkpt>
      <trkpt lat="25.7261319" lon="100.1892020"><ele>1967.7</ele><time>2023-12-09T00:25:47Z</time></trkpt>
      <trkpt lat="25.7261121" lon="100.1892020"><ele>1967.6</ele><time>2023-12-09T00:25:48Z</time></trkpt>
      <trkpt lat="25.7260916" lon="100.1892047"><ele>1967.6</ele><time>2023-12-09T00:25:49Z</time></trkpt>
      <trkpt lat="25.7260710" lon="100.1892087"><ele>1967.5</ele><time>2023-12-09T00:25:50Z</time></trkpt>
      <trkpt lat="25.7260506" lon="100.1892138"><ele>1967.4</ele><time>2023-12-09T00:25:51Z</time></trkpt>
      <trkpt lat="25.7260302" lon="100.1892201"><ele>1967.4</ele><time>2023-12-09T00:25:52Z</time></trkpt>
      <trkpt lat="25.7260097" lon="100.1892272"><ele>1967.3</ele><time>2023-12-09T00:25:53Z</time></trkpt>
      <trkpt lat="25.7259886" lon="100.1892346"><ele>1967.3</ele><time>2023-12-09T00:25:54Z</time></trkpt>
      <trkpt lat="25.7259673" lon="100.1892409"><ele>1967.3</ele><time>2023-12-09T00:25:55Z</time></trkpt>
      <trkpt lat="25.7259460" lon="100.1892462"><ele>1967.3</ele><time>2023-12-09T00:25:56Z</time></trkpt>
      <trkpt lat="25.7259246" lon="100.1892506"><ele>1967.4</ele><time>2023-12-09T00:25:57Z</time></trkpt>
      <trkpt lat="25.7259034" lon="100.1892548"><ele>1967.4</ele><time>2023-12-09T00:25:58Z</time></trkpt>
      <trkpt lat="25.7258822" lon="100.1892596"><ele>1967.5</ele><time>2023-12-09T00:25:59Z</time></trkpt>
      <trkpt lat="25.7258612" lon="100.1892651"><ele>1967.6</ele><time>2023-12-09T00:26:00Z</time></trkpt>
      <trkpt lat="25.7258406" lon="100.1892721"><ele>1967.7</ele><time>2023-12-09T00:26:01Z</time></trkpt>
      <trkpt lat="25.7258205" lon="100.1892811"><ele>1967.8</ele><time>2023-12-09T00:26:02Z</time></trkpt>
      <trkpt lat="25.7258005" lon="100.1892921"><ele>1967.9</ele><time>2023-12-09T00:26:03Z</time></trkpt>
      <trkpt lat="25.7257801" lon="100.1893049"><ele>1968.0</ele><time>2023-12-09T00:26:04Z</time></trkpt>
      <trkpt lat="25.7257603" lon="100.1893192"><ele>1968.2</ele><time>2023-12-09T00:26:05Z</time></trkpt>
      <trkpt lat="25.7257415" lon="100.1893349"><ele>1968.3</ele><time>2023-12-09T00:26:06Z</time></trkpt>
      <trkpt lat="25.7257232" lon="100.1893509"><ele>1968.5</ele><time>2023-12-09T00:26:07Z</time></trkpt>
      <trkpt lat="25.7257052" lon="100.1893664"><ele>1968.7</ele><time>2023-12-09T00:26:08Z</time></trkpt>
      <trkpt lat="25.7256875" lon="100.1893815"><ele>1968.9</ele><time>2023-12-09T00:26:09Z</time></trkpt>
      <trkpt lat="25.7256711" lon="100.1893977"><ele>1969.0</ele><time>2023-12-09T00:26:10Z</time></trkpt>
      <trkpt lat="25.7256567" lon="100.1894158"><ele>1969.2</ele><time>2023-12-09T00:26:11Z</time></trkpt>
      <trkpt lat="25.7256438" lon="100.1894354"><ele>1969.3</ele><time>2023-12-09T00:26:12Z</time></trkpt>
      <trkpt lat="25.7256328" lon="100.1894566"><ele>1969.5</ele><time>2023-12-09T00:26:13Z</time></trkpt>
      <trkpt lat="25.7256237" lon="100.1894794"><ele>1969.6</ele><time>2023-12-09T00:26:14Z</time></trkpt>
      <trkpt lat="25.7256170" lon="100.1895033"><ele>1969.7</ele><time>2023-12-09T00:26:15Z</time></trkpt>
      <trkpt lat="25.7256124" lon="100.1895267"><ele>1969.8</ele><time>2023-12-09T00:26:16Z</time></trkpt>
      <trkpt lat="25.7256096" lon="100.1895483"><ele>1969.8</ele><time>2023-12-09T00:26:17Z</time></trkpt>
      <trkpt lat="25.7256092" lon="100.1895700"><ele>1969.9</ele><time>2023-12-09T00:26:18Z</time></trkpt>
      <trkpt lat="25.7256109" lon="100.1895930"><ele>1969.9</ele><time>2023-12-09T00:26:19Z</time></trkpt>
      <trkpt lat="25.7256125" lon="100.1896170"><ele>1970.0</ele><time>2023-12-09T00:26:20Z</time></trkpt>
      <trkpt lat="25.7256140" lon="100.1896421"><ele>1970.0</ele><time>2023-12-09T00:26:21Z</time></trkpt>
      <trkpt lat="25.7256173" lon="100.1896677"><ele>1969.9</ele><time>2023-12-09T00:26:22Z</time></trkpt>
      <trkpt lat="25.7256231" lon="100.1896931"><ele>1969.9</ele><time>2023-12-09T00:26:23Z</time></trkpt>
      <trkpt lat="25.7256305" lon="100.1897179"><ele>1969.8</ele><time>2023-12-09T00:26:24Z</time></trkpt>
      <trkpt lat="25.7256389" lon="100.1897421"><ele>1969.8</ele><time>2023-12-09T00:26:25Z</time></trkpt>
      <trkpt lat="25.7256480" lon="100.1897654"><ele>1969.7</ele><time>2023-12-09T00:26:26Z</time></trkpt>
      <trkpt lat="25.7256579" lon="100.1897882"><ele>1969.6</ele><time>2023-12-09T00:26:27Z</time></trkpt>
      <trkpt lat="25.7256675" lon="100.1898106"><ele>1969.5</ele><time>2023-12-09T00:26:28Z</time></trkpt>
      <trkpt lat="25.7256760" lon="100.1898325"><ele>1969.4</ele><time>2023-12-09T00:26:29Z</time></trkpt>
      <trkpt lat="25.7256838" lon="100.1898544"><ele>1969.3</ele><time>2023-12-09T00:26:30Z</time></trkpt>
      <trkpt lat="25.7256912" lon="100.1898767"><ele>1969.2</ele><time>2023-12-09T00:26:31Z</time></trkpt>
      <trkpt lat="25.7256987" lon="100.1898994"><ele>1969.1</ele><time>2023-12-09T00:26:32Z</time></trkpt>
      <trkpt lat="25.7257069" lon="100.1899220"><ele>1969.0</ele><time>2023-12-09T00:26:33Z</time></trkpt>
      <trkpt lat="25.7257153" lon="100.1899440"><ele>1968.9</ele><time>2023-12-09T00:26:34Z</time></trkpt>
      <trkpt lat="25.7257228" lon="100.1899655"><ele>1968.8</ele><time>2023-12-09T00:26:35Z</time></trkpt>
      <trkpt lat="25.7257291" lon="100.1899869"><ele>1968.7</ele><time>2023-12-09T00:26:36Z</time></trkpt>
      <trkpt lat="25.7257346" lon="100.1900086"><ele>1968.6</ele><time>2023-12-09T00:26:37Z</time></trkpt>
      <trkpt lat="25.7257396" lon="100.1900309"><ele>1968.6</ele><time>2023-12-09T00:26:38Z</time></trkpt>
      <trkpt lat="25.7257444" lon="100.1900530"><ele>1968.6</ele><time>2023-12-09T00:26:39Z</time></trkpt>
      <trkpt lat="25.7257490" lon="100.1900747"><ele>1968.6</ele><time>2023-12-09T00:26:40Z</time></trkpt>
      <trkpt lat="25.7257534" lon="100.1900965"><ele>1968.6</ele><time>2023-12-09T00:26:41Z</time></trkpt>
      <trkpt lat="25.7257583" lon="100.1901185"><ele>1968.6</ele><time>2023-12-09T00:26:42Z</time></trkpt>
      <trkpt lat="25.7257635" lon="100.1901408"><ele>1968.7</ele><time>2023-12-09T00:26:43Z</time></trkpt>
      <trkpt lat="25.7257689" lon="100.1901630"><ele>1968.7</ele><time>2023-12-09T00:26:44Z</time></trkpt>
      <trkpt lat="25.7257737" lon="100.1901850"><ele>1968.8</ele><time>2023-12-09T00:26:45Z</time></trkpt>
      <trkpt lat="25.7257780" lon="100.1902070"><ele>1968.8</ele><time>2023-12-09T00:26:46Z</time></trkpt>
      <trkpt lat="25.7257823" lon="100.1902291"><ele>1968.9</ele><time>2023-12-09T00:26:47Z</time></trkpt>
      <trkpt lat="25.7257867" lon="100.1902520"><ele>1968.9</ele><time>2023-12-09T00:26:48Z</time></trkpt>
      <trkpt lat="25.7257911" lon="100.1902751"><ele>1969.0</ele><time>2023-12-09T00:26:49Z</time></trkpt>
      <trkpt lat="25.7257950" lon="100.1902983"><ele>1969.1</ele><time>2023-12-09T00:26:50Z</time></trkpt>
      <trkpt lat="25.7257969" lon="100.1903212"><ele>1969.1</ele><time>2023-12-09T00:26:51Z</time></trkpt>
      <trkpt lat="25.7257966" lon="100.1903437"><ele>1969.2</ele><time>2023-12-09T00:26:52Z</time></trkpt>
      <trkpt lat="25.7257945" lon="100.1903654"><ele>1969.3</ele><time>2023-12-09T00:26:53Z</time></trkpt>
      <trkpt lat="25.7257892" lon="100.1903861"><ele>1969.3</ele><time>2023-12-09T00:26:54Z</time></trkpt>
      <trkpt lat="25.7257793" lon="100.1904057"><ele>1969.3</ele><time>2023-12-09T00:26:55Z</time></trkpt>
      <trkpt lat="25.7257652" lon="100.1904235"><ele>1969.4</ele><time>2023-12-09T00:26:56Z</time></trkpt>
      <trkpt lat="25.7257469" lon="100.1904386"><ele>1969.4</ele><time>2023-12-09T00:26:57Z</time></trkpt>
      <trkpt lat="25.7257255" lon="100.1904503"><ele>1969.4</ele><time>2023-12-09T00:26:58Z</time></trkpt>
      <trkpt lat="25.7257025" lon="100.1904587"><ele>1969.4</ele><time>2023-12-09T00:26:59Z</time></trkpt>
      <trkpt lat="25.7256794" lon="100.1904643"><ele>1969.4</ele><time>2023-12-09T00:27:00Z</time></trkpt>
      <trkpt lat="25.7256567" lon="100.1904680"><ele>1969.4</ele><time>2023-12-09T00:27:01Z</time></trkpt>
      <trkpt lat="25.7256346" lon="100.1904723"><ele>1969.5</ele><time>2023-12-09T00:27:02Z</time></trkpt>
      <trkpt lat="25.7256129" lon="100.1904780"><ele>1969.5</ele><time>2023-12-09T00:27:03Z</time></trkpt>
      <trkpt lat="25.7255912" lon="100.1904850"><ele>1969.5</ele><time>2023-12-09T00:27:04Z</time></trkpt>
      <trkpt lat="25.7255699" lon="100.1904930"><ele>1969.5</ele><time>2023-12-09T00:27:05Z</time></trkpt>
      <trkpt lat="25.7255491" lon="100.1905010"><ele>1969.5</ele><time>2023-12-09T00:27:06Z</time></trkpt>
      <trkpt lat="25.7255280" lon="100.1905084"><ele>1969.5</ele><time>2023-12-09T00:27:07Z</time></trkpt>
      <trkpt lat="25.7255064" lon="100.1905151"><ele>1969.5</ele><time>2023-12-09T00:27:08Z</time></trkpt>
      <trkpt lat="25.7254844" lon="100.1905214"><ele>1969.5</ele><time>2023-12-09T00:27:09Z</time></trkpt>
      <trkpt lat="25.7254631" lon="100.1905285"><ele>1969.5</ele><time>2023-12-09T00:27:10Z</time></trkpt>
      <trkpt lat="25.7254429" lon="100.1905373"><ele>1969.5</ele><time>2023-12-09T00:27:11Z</time></trkpt>
      <trkpt lat="25.7254234" lon="100.1905470"><ele>1969.5</ele><time>2023-12-09T00:27:12Z</time></trkpt>
      <trkpt lat="25.7254040" lon="100.1905562"><ele>1969.5</ele><time>2023-12-09T00:27:13Z</time></trkpt>
      <trkpt lat="25.7253840" lon="100.1905635"><ele>1969.5</ele><time>2023-12-09T00:27:14Z</time></trkpt>
      <trkpt lat="25.7253639" lon="100.1905699"><ele>1969.5</ele><time>2023-12-09T00:27:15Z</time></trkpt>
      <trkpt lat="25.7253432" lon="100.1905763"><ele>1969.5</ele><time>2023-12-09T00:27:16Z</time></trkpt>
      <trkpt lat="25.7253220" lon="100.1905825"><ele>1969.5</ele><time>2023-12-09T00:27:17Z</time></trkpt>
      <trkpt lat="25.7253004" lon="100.1905886"><ele>1969.5</ele><time>2023-12-09T00:27:18Z</time></trkpt>
      <trkpt lat="25.7252787" lon="100.1905941"><ele>1969.4</ele><time>2023-12-09T00:27:19Z</time></trkpt>
      <trkpt lat="25.7252571" lon="100.1906002"><ele>1969.3</ele><time>2023-12-09T00:27:20Z</time></trkpt>
      <trkpt lat="25.7252360" lon="100.1906076"><ele>1969.2</ele><time>2023-12-09T00:27:21Z</time></trkpt>
      <trkpt lat="25.7252151" lon="100.1906160"><ele>1969.2</ele><time>2023-12-09T00:27:22Z</time></trkpt>
      <trkpt lat="25.7251942" lon="100.1906248"><ele>1969.1</ele><time>2023-12-09T00:27:23Z</time></trkpt>
      <trkpt lat="25.7251730" lon="100.1906329"><ele>1969.0</ele><time>2023-12-09T00:27:24Z</time></trkpt>
      <trkpt lat="25.7251516" lon="100.1906398"><ele>1969.0</ele><time>2023-12-09T00:27:25Z</time></trkpt>
      <trkpt lat="25.7251307" lon="100.1906471"><ele>1968.9</ele><time>2023-12-09T00:27:26Z</time></trkpt>
      <trkpt lat="25.7251105" lon="100.1906550"><ele>1968.9</ele><time>2023-12-09T00:27:27Z</time></trkpt>
      <trkpt lat="25.7250906" lon="100.1906633"><ele>1968.8</ele><time>2023-12-09T00:27:28Z</time></trkpt>
      <trkpt lat="25.7250709" lon="100.1906714"><ele>1968.8</ele><time>2023-12-09T00:27:29Z</time></trkpt>
      <trkpt lat="25.7250512" lon="100.1906791"><ele>1968.8</ele><time>2023-12-09T00:27:30Z</time></trkpt>
      <trkpt lat="25.7250312" lon="100.1906868"><ele>1968.8</ele><time>2023-12-09T00:27:31Z</time></trkpt>
      <trkpt lat="25.7250107" lon="100.1906944"><ele>1968.8</ele><time>2023-12-09T00:27:32Z</time></trkpt>
      <trkpt lat="25.7249898" lon="100.1907013"><ele>1968.8</ele><time>2023-12-09T00:27:33Z</time></trkpt>
      <trkpt lat="25.7249690" lon="100.1907074"><ele>1968.8</ele><time>2023-12-09T00:27:34Z</time></trkpt>
      <trkpt lat="25.7249483" lon="100.1907128"><ele>1968.7</ele><time>2023-12-09T00:27:35Z</time></trkpt>
      <trkpt lat="25.7249274" lon="100.1907180"><ele>1968.7</ele><time>2023-12-09T00:27:36Z</time></trkpt>
      <trkpt lat="25.7249066" lon="100.1907238"><ele>1968.7</ele><time>2023-12-09T00:27:37Z</time></trkpt>
      <trkpt lat="25.7248859" lon="100.1907306"><ele>1968.6</ele><time>2023-12-09T00:27:38Z</time></trkpt>
      <trkpt lat="25.7248657" lon="100.1907382"><ele>1968.6</ele><time>2023-12-09T00:27:39Z</time></trkpt>
      <trkpt lat="25.7248456" lon="100.1907461"><ele>1968.5</ele><time>2023-12-09T00:27:40Z</time></trkpt>
      <trkpt lat="25.7248255" lon="100.1907535"><ele>1968.5</ele><time>2023-12-09T00:27:41Z</time></trkpt>
      <trkpt lat="25.7248055" lon="100.1907603"><ele>1968.4</ele><time>2023-12-09T00:27:42Z</time></trkpt>
      <trkpt lat="25.7247855" lon="100.1907663"><ele>1968.3</ele><time>2023-12-09T00:27:43Z</time></trkpt>
      <trkpt lat="25.7247659" lon="100.1907715"><ele>1968.2</ele><time>2023-12-09T00:27:44Z</time></trkpt>
      <trkpt lat="25.7247465" lon="100.1907760"><ele>1968.2</ele><time>2023-12-09T00:27:45Z</time></trkpt>
      <trkpt lat="25.7247272" lon="100.1907807"><ele>1968.1</ele><time>2023-12-09T00:27:46Z</time></trkpt>
      <trkpt lat="25.7247079" lon="100.1907867"><ele>1968.0</ele><time>2023-12-09T00:27:46Z</time></trkpt>
      <trkpt lat="25.7246884" lon="100.1907936"><ele>1967.9</ele><time>2023-12-09T00:27:47Z</time></trkpt>
      <trkpt lat="25.7246688" lon="100.1908008"><ele>1967.8</ele><time>2023-12-09T00:27:48Z</time></trkpt>
      <trkpt lat="25.7246489" lon="100.1908088"><ele>1967.7</ele><time>2023-12-09T00:27:49Z</time></trkpt>
      <trkpt lat="25.7246293" lon="100.1908173"><ele>1967.6</ele><time>2023-12-09T00:27:50Z</time></trkpt>
      <trkpt lat="25.7246100" lon="100.1908268"><ele>1967.5</ele><time>2023-12-09T00:27:51Z</time></trkpt>
      <trkpt lat="25.7245906" lon="100.1908370"><ele>1967.5</ele><time>2023-12-09T00:27:52Z</time></trkpt>
      <trkpt lat="25.7245708" lon="100.1908462"><ele>1967.4</ele><time>2023-12-09T00:27:53Z</time></trkpt>
      <trkpt lat="25.7245502" lon="100.1908536"><ele>1967.4</ele><time>2023-12-09T00:27:54Z</time></trkpt>
      <trkpt lat="25.7245288" lon="100.1908592"><ele>1967.3</ele><time>2023-12-09T00:27:55Z</time></trkpt>
      <trkpt lat="25.7245075" lon="100.1908639"><ele>1967.3</ele><time>2023-12-09T00:27:56Z</time></trkpt>
      <trkpt lat="25.7244863" lon="100.1908682"><ele>1967.3</ele><time>2023-12-09T00:27:57Z</time></trkpt>
      <trkpt lat="25.7244651" lon="100.1908717"><ele>1967.3</ele><time>2023-12-09T00:27:58Z</time></trkpt>
      <trkpt lat="25.7244436" lon="100.1908736"><ele>1967.2</ele><time>2023-12-09T00:27:59Z</time></trkpt>
      <trkpt lat="25.7244223" lon="100.1908734"><ele>1967.2</ele><time>2023-12-09T00:28:00Z</time></trkpt>
      <trkpt lat="25.7244018" lon="100.1908706"><ele>1967.2</ele><time>2023-12-09T00:28:01Z</time></trkpt>
      <trkpt lat="25.7243823" lon="100.1908649"><ele>1967.2</ele><time>2023-12-09T00:28:02Z</time></trkpt>
      <trkpt lat="25.7243643" lon="100.1908558"><ele>1967.2</ele><time>2023-12-09T00:28:03Z</time></trkpt>
      <trkpt lat="25.7243480" lon="100.1908435"><ele>1967.2</ele><time>2023-12-09T00:28:04Z</time></trkpt>
      <trkpt lat="25.7243334" lon="100.1908298"><ele>1967.2</ele><time>2023-12-09T00:28:05Z</time></trkpt>
      <trkpt lat="25.7243192" lon="100.1908167"><ele>1967.3</ele><time>2023-12-09T00:28:06Z</time></trkpt>
      <trkpt lat="25.7243044" lon="100.1908052"><ele>1967.4</ele><time>2023-12-09T00:28:07Z</time></trkpt>
      <trkpt lat="25.7242885" lon="100.1907956"><ele>1967.5</ele><time>2023-12-09T00:28:08Z</time></trkpt>
      <trkpt lat="25.7242715" lon="100.1907881"><ele>1967.7</ele><time>2023-12-09T00:28:09Z</time></trkpt>
      <trkpt lat="25.7242534" lon="100.1907837"><ele>1967.8</ele><time>2023-12-09T00:28:10Z</time></trkpt>
      <trkpt lat="25.7242341" lon="100.1907820"><ele>1968.0</ele><time>2023-12-09T00:28:11Z</time></trkpt>
      <trkpt lat="25.7242141" lon="100.1907822"><ele>1968.2</ele><time>2023-12-09T00:28:12Z</time></trkpt>
      <trkpt lat="25.7241936" lon="100.1907841"><ele>1968.4</ele><time>2023-12-09T00:28:13Z</time></trkpt>
      <trkpt lat="25.7241725" lon="100.1907876"><ele>1968.6</ele><time>2023-12-09T00:28:14Z</time></trkpt>
      <trkpt lat="25.7241515" lon="100.1907927"><ele>1968.8</ele><time>2023-12-09T00:28:15Z</time></trkpt>
      <trkpt lat="25.7241308" lon="100.1907995"><ele>1969.0</ele><time>2023-12-09T00:28:16Z</time></trkpt>
      <trkpt lat="25.7241104" lon="100.1908071"><ele>1969.1</ele><time>2023-12-09T00:28:17Z</time></trkpt>
      <trkpt lat="25.7240898" lon="100.1908150"><ele>1969.3</ele><time>2023-12-09T00:28:18Z</time></trkpt>
      <trkpt lat="25.7240693" lon="100.1908229"><ele>1969.5</ele><time>2023-12-09T00:28:19Z</time></trkpt>
      <trkpt lat="25.7240486" lon="100.1908299"><ele>1969.6</ele><time>2023-12-09T00:28:20Z</time></trkpt>
      <trkpt lat="25.7240282" lon="100.1908355"><ele>1969.7</ele><time>2023-12-09T00:28:21Z</time></trkpt>
      <trkpt lat="25.7240086" lon="100.1908411"><ele>1969.7</ele><time>2023-12-09T00:28:22Z</time></trkpt>
      <trkpt lat="25.7239896" lon="100.1908483"><ele>1969.8</ele><time>2023-12-09T00:28:23Z</time></trkpt>
      <trkpt lat="25.7239710" lon="100.1908570"><ele>1969.8</ele><time>2023-12-09T00:28:24Z</time></trkpt>
      <trkpt lat="25.7239521" lon="100.1908662"><ele>1969.8</ele><time>2023-12-09T00:28:25Z</time></trkpt>
      <trkpt lat="25.7239328" lon="100.1908754"><ele>1969.8</ele><time>2023-12-09T00:28:26Z</time></trkpt>
      <trkpt lat="25.7239136" lon="100.1908847"><ele>1969.8</ele><time>2023-12-09T00:28:27Z</time></trkpt>
      <trkpt lat="25.7238940" lon="100.1908934"><ele>1969.8</ele><time>2023-12-09T00:28:28Z</time></trkpt>
      <trkpt lat="25.7238742" lon="100.1909006"><ele>1969.7</ele><time>2023-12-09T00:28:29Z</time></trkpt>
      <trkpt lat="25.7238541" lon="100.1909071"><ele>1969.7</ele><time>2023-12-09T00:28:30Z</time></trkpt>
      <trkpt lat="25.7238338" lon="100.1909144"><ele>1969.6</ele><time>2023-12-09T00:28:31Z</time></trkpt>
      <trkpt lat="25.7238135" lon="100.1909226"><ele>1969.5</ele><time>2023-12-09T00:28:32Z</time></trkpt>
      <trkpt lat="25.7237931" lon="100.1909305"><ele>1969.4</ele><time>2023-12-09T00:28:33Z</time></trkpt>
      <trkpt lat="25.7237729" lon="100.1909371"><ele>1969.4</ele><time>2023-12-09T00:28:34Z</time></trkpt>
      <trkpt lat="25.7237529" lon="100.1909427"><ele>1969.3</ele><time>2023-12-09T00:28:35Z</time></trkpt>
      <trkpt lat="25.7237334" lon="100.1909483"><ele>1969.2</ele><time>2023-12-09T00:28:36Z</time></trkpt>
      <trkpt lat="25.7237144" lon="100.1909539"><ele>1969.1</ele><time>2023-12-09T00:28:37Z</time></trkpt>
      <trkpt lat="25.7236950" lon="100.1909592"><ele>1969.1</ele><time>2023-12-09T00:28:38Z</time></trkpt>
      <trkpt lat="25.7236755" lon="100.1909640"><ele>1969.0</ele><time>2023-12-09T00:28:39Z</time></trkpt>
      <trkpt lat="25.7236561" lon="100.1909688"><ele>1969.0</ele><time>2023-12-09T00:28:40Z</time></trkpt>
      <trkpt lat="25.7236364" lon="100.1909737"><ele>1968.9</ele><time>2023-12-09T00:28:41Z</time></trkpt>
      <trkpt lat="25.7236169" lon="100.1909787"><ele>1968.9</ele><time>2023-12-09T00:28:42Z</time></trkpt>
      <trkpt lat="25.7235975" lon="100.1909837"><ele>1968.8</ele><time>2023-12-09T00:28:43Z</time></trkpt>
      <trkpt lat="25.7235779" lon="100.1909886"><ele>1968.8</ele><time>2023-12-09T00:28:44Z</time></trkpt>
      <trkpt lat="25.7235581" lon="100.1909935"><ele>1968.8</ele><time>2023-12-09T00:28:45Z</time></trkpt>
      <trkpt lat="25.7235383" lon="100.1909984"><ele>1968.8</ele><time>2023-12-09T00:28:46Z</time></trkpt>
      <trkpt lat="25.7235187" lon="100.1910031"><ele>1968.7</ele><time>2023-12-09T00:28:47Z</time></trkpt>
      <trkpt lat="25.7234989" lon="100.1910074"><ele>1968.7</ele><time>2023-12-09T00:28:48Z</time></trkpt>
      <trkpt lat="25.7234786" lon="100.1910109"><ele>1968.7</ele><time>2023-12-09T00:28:49Z</time></trkpt>
      <trkpt lat="25.7234583" lon="100.1910140"><ele>1968.7</ele><time>2023-12-09T00:28:50Z</time></trkpt>
      <trkpt lat="25.7234379" lon="100.1910170"><ele>1968.7</ele><time>2023-12-09T00:28:51Z</time></trkpt>
      <trkpt lat="25.7234177" lon="100.1910196"><ele>1968.7</ele><time>2023-12-09T00:28:52Z</time></trkpt>
      <trkpt lat="25.7233974" lon="100.1910222"><ele>1968.7</ele><time>2023-12-09T00:28:53Z</time></trkpt>
      <trkpt lat="25.7233770" lon="100.1910253"><ele>1968.6</ele><time>2023-12-09T00:28:54Z</time></trkpt>
      <trkpt lat="25.7233569" lon="100.1910287"><ele>1968.6</ele><time>2023-12-09T00:28:55Z</time></trkpt>
      <trkpt lat="25.7233370" lon="100.1910324"><ele>1968.6</ele><time>2023-12-09T00:28:56Z</time></trkpt>
      <trkpt lat="25.7233166" lon="100.1910360"><ele>1968.6</ele><time>2023-12-09T00:28:57Z</time></trkpt>
      <trkpt lat="25.7232956" lon="100.1910386"><ele>1968.5</ele><time>2023-12-09T00:28:58Z</time></trkpt>
      <trkpt lat="25.7232744" lon="100.1910404"><ele>1968.4</ele><time>2023-12-09T00:28:59Z</time></trkpt>
      <trkpt lat="25.7232535" lon="100.1910426"><ele>1968.4</ele><time>2023-12-09T00:29:00Z</time></trkpt>
      <trkpt lat="25.7232323" lon="100.1910456"><ele>1968.3</ele><time>2023-12-09T00:29:01Z</time></trkpt>
      <trkpt lat="25.7232108" lon="100.1910494"><ele>1968.3</ele><time>2023-12-09T00:29:02Z</time></trkpt>
      <trkpt lat="25.7231896" lon="100.1910546"><ele>1968.2</ele><time>2023-12-09T00:29:03Z</time></trkpt>
      <trkpt lat="25.7231688" lon="100.1910609"><ele>1968.1</ele><time>2023-12-09T00:29:04Z</time></trkpt>
      <trkpt lat="25.7231488" lon="100.1910670"><ele>1968.1</ele><time>2023-12-09T00:29:05Z</time></trkpt>
      <trkpt lat="25.7231293" lon="100.1910720"><ele>1968.0</ele><time>2023-12-09T00:29:06Z</time></trkpt>
      <trkpt lat="25.7231104" lon="100.1910758"><ele>1967.9</ele><time>2023-12-09T00:29:07Z</time></trkpt>
      <trkpt lat="25.7230918" lon="100.1910782"><ele>1967.9</ele><time>2023-12-09T00:29:08Z</time></trkpt>
      <trkpt lat="25.7230731" lon="100.1910795"><ele>1967.8</ele><time>2023-12-09T00:29:09Z</time></trkpt>
      <trkpt lat="25.7230544" lon="100.1910808"><ele>1967.8</ele><time>2023-12-09T00:29:10Z</time></trkpt>
      <trkpt lat="25.7230355" lon="100.1910834"><ele>1967.8</ele><time>2023-12-09T00:29:11Z</time></trkpt>
      <trkpt lat="25.7230162" lon="100.1910866"><ele>1967.8</ele><time>2023-12-09T00:29:12Z</time></trkpt>
      <trkpt lat="25.7229964" lon="100.1910894"><ele>1967.9</ele><time>2023-12-09T00:29:13Z</time></trkpt>
      <trkpt lat="25.7229764" lon="100.1910912"><ele>1967.9</ele><time>2023-12-09T00:29:14Z</time></trkpt>
      <trkpt lat="25.7229568" lon="100.1910937"><ele>1967.9</ele><time>2023-12-09T00:29:15Z</time></trkpt>
      <trkpt lat="25.7229374" lon="100.1910977"><ele>1968.0</ele><time>2023-12-09T00:29:16Z</time></trkpt>
      <trkpt lat="25.7229183" lon="100.1911027"><ele>1968.0</ele><time>2023-12-09T00:29:17Z</time></trkpt>
      <trkpt lat="25.7228995" lon="100.1911087"><ele>1968.1</ele><time>2023-12-09T00:29:18Z</time></trkpt>
      <trkpt lat="25.7228807" lon="100.1911159"><ele>1968.1</ele><time>2023-12-09T00:29:19Z</time></trkpt>
      <trkpt lat="25.7228623" lon="100.1911239"><ele>1968.2</ele><time>2023-12-09T00:29:20Z</time></trkpt>
      <trkpt lat="25.7228440" lon="100.1911317"><ele>1968.3</ele><time>2023-12-09T00:29:21Z</time></trkpt>
      <trkpt lat="25.7228255" lon="100.1911381"><ele>1968.3</ele><time>2023-12-09T00:29:22Z</time></trkpt>
      <trkpt lat="25.7228066" lon="100.1911430"><ele>1968.4</ele><time>2023-12-09T00:29:23Z</time></trkpt>
      <trkpt lat="25.7227877" lon="100.1911468"><ele>1968.5</ele><time>2023-12-09T00:29:24Z</time></trkpt>
      <trkpt lat="25.7227687" lon="100.1911497"><ele>1968.6</ele><time>2023-12-09T00:29:25Z</time></trkpt>
      <trkpt lat="25.7227492" lon="100.1911515"><ele>1968.7</ele><time>2023-12-09T00:29:26Z</time></trkpt>
      <trkpt lat="25.7227293" lon="100.1911526"><ele>1968.8</ele><time>2023-12-09T00:29:27Z</time></trkpt>
      <trkpt lat="25.7227092" lon="100.1911534"><ele>1968.9</ele><time>2023-12-09T00:29:28Z</time></trkpt>
      <trkpt lat="25.7226890" lon="100.1911546"><ele>1969.0</ele><time>2023-12-09T00:29:29Z</time></trkpt>
      <trkpt lat="25.7226696" lon="100.1911572"><ele>1969.1</ele><time>2023-12-09T00:29:30Z</time></trkpt>
      <trkpt lat="25.7226515" lon="100.1911611"><ele>1969.2</ele><time>2023-12-09T00:29:31Z</time></trkpt>
      <trkpt lat="25.7226342" lon="100.1911661"><ele>1969.3</ele><time>2023-12-09T00:29:32Z</time></trkpt>
      <trkpt lat="25.7226174" lon="100.1911725"><ele>1969.4</ele><time>2023-12-09T00:29:33Z</time></trkpt>
      <trkpt lat="25.7226006" lon="100.1911787"><ele>1969.5</ele><time>2023-12-09T00:29:34Z</time></trkpt>
      <trkpt lat="25.7225833" lon="100.1911829"><ele>1969.6</ele><time>2023-12-09T00:29:35Z</time></trkpt>
      <trkpt lat="25.7225656" lon="100.1911864"><ele>1969.6</ele><time>2023-12-09T00:29:36Z</time></trkpt>
      <trkpt lat="25.7225478" lon="100.1911905"><ele>1969.7</ele><time>2023-12-09T00:29:37Z</time></trkpt>
      <trkpt lat="25.7225305" lon="100.1911947"><ele>1969.7</ele><time>2023-12-09T00:29:38Z</time></trkpt>
      <trkpt lat="25.7225139" lon="100.1911983"><ele>1969.8</ele><time>2023-12-09T00:29:39Z</time></trkpt>
      <trkpt lat="25.7224976" lon="100.1912008"><ele>1969.8</ele><time>2023-12-09T00:29:40Z</time></trkpt>
      <trkpt lat="25.7224804" lon="100.1912032"><ele>1969.8</ele><time>2023-12-09T00:29:41Z</time></trkpt>
      <trkpt lat="25.7224618" lon="100.1912065"><ele>1969.7</ele><time>2023-12-09T00:29:42Z</time></trkpt>
      <trkpt lat="25.7224426" lon="100.1912106"><ele>1969.7</ele><time>2023-12-09T00:29:43Z</time></trkpt>
      <trkpt lat="25.7224232" lon="100.1912148"><ele>1969.6</ele><time>2023-12-09T00:29:44Z</time></trkpt>
      <trkpt lat="25.7224042" lon="100.1912188"><ele>1969.6</ele><time>2023-12-09T00:29:45Z</time></trkpt>
      <trkpt lat="25.7223852" lon="100.1912231"><ele>1969.5</ele><time>2023-12-09T00:29:46Z</time></trkpt>
      <trkpt lat="25.7223660" lon="100.1912282"><ele>1969.4</ele><time>2023-12-09T00:29:47Z</time></trkpt>
      <trkpt lat="25.7223464" lon="100.1912344"><ele>1969.3</ele><time>2023-12-09T00:29:48Z</time></trkpt>
      <trkpt lat="25.7223263" lon="100.1912414"><ele>1969.2</ele><time>2023-12-09T00:29:49Z</time></trkpt>
      <trkpt lat="25.7223065" lon="100.1912486"><ele>1969.1</ele><time>2023-12-09T00:29:50Z</time></trkpt>
      <trkpt lat="25.7222878" lon="100.1912558"><ele>1969.1</ele><time>2023-12-09T00:29:51Z</time></trkpt>
      <trkpt lat="25.7222700" lon="100.1912633"><ele>1969.0</ele><time>2023-12-09T00:29:52Z</time></trkpt>
      <trkpt lat="25.7222530" lon="100.1912716"><ele>1968.9</ele><time>2023-12-09T00:29:53Z</time></trkpt>
      <trkpt lat="25.7222365" lon="100.1912807"><ele>1968.8</ele><time>2023-12-09T00:29:54Z</time></trkpt>
      <trkpt lat="25.7222209" lon="100.1912908"><ele>1968.7</ele><time>2023-12-09T00:29:55Z</time></trkpt>
      <trkpt lat="25.7222063" lon="100.1913023"><ele>1968.7</ele><time>2023-12-09T00:29:56Z</time></trkpt>
      <trkpt lat="25.7221919" lon="100.1913133"><ele>1968.6</ele><time>2023-12-09T00:29:57Z</time></trkpt>
      <trkpt lat="25.7221775" lon="100.1913231"><ele>1968.6</ele><time>2023-12-09T00:29:58Z</time></trkpt>
      <trkpt lat="25.7221627" lon="100.1913326"><ele>1968.5</ele><time>2023-12-09T00:29:59Z</time></trkpt>
      <trkpt lat="25.7221474" lon="100.1913421"><ele>1968.5</ele><time>2023-12-09T00:30:00Z</time></trkpt>
      <trkpt lat="25.7221319" lon="100.1913518"><ele>1968.5</ele><time>2023-12-09T00:30:01Z</time></trkpt>
      <trkpt lat="25.7221167" lon="100.1913622"><ele>1968.5</ele><time>2023-12-09T00:30:02Z</time></trkpt>
      <trkpt lat="25.7221028" lon="100.1913730"><ele>1968.6</ele><time>2023-12-09T00:30:04Z</time></trkpt>
      <trkpt lat="25.7220902" lon="100.1913843"><ele>1968.6</ele><time>2023-12-09T00:30:05Z</time></trkpt>
      <trkpt lat="25.7220782" lon="100.1913956"><ele>1968.6</ele><time>2023-12-09T00:30:06Z</time></trkpt>
      <trkpt lat="25.7220660" lon="100.1914064"><ele>1968.7</ele><time>2023-12-09T00:30:07Z</time></trkpt>
      <trkpt lat="25.7220537" lon="100.1914167"><ele>1968.8</ele><time>2023-12-09T00:30:08Z</time></trkpt>
      <trkpt lat="25.7220414" lon="100.1914264"><ele>1968.8</ele><time>2023-12-09T00:30:09Z</time></trkpt>
      <trkpt lat="25.7220293" lon="100.1914356"><ele>1968.9</ele><time>2023-12-09T00:30:10Z</time></trkpt>
      <trkpt lat="25.7220182" lon="100.1914439"><ele>1969.0</ele><time>2023-12-09T00:30:11Z</time></trkpt>
      <trkpt lat="25.7220086" lon="100.1914513"><ele>1969.1</ele><time>2023-12-09T00:30:12Z</time></trkpt>
      <trkpt lat="25.7220015" lon="100.1914571"><ele>1969.3</ele><time>2023-12-09T00:30:13Z</time></trkpt>
      <trkpt lat="25.7219990" lon="100.1914598"><ele>1969.4</ele><time>2023-12-09T00:30:14Z</time></trkpt>
      <trkpt lat="25.7220048" lon="100.1914567"><ele>1969.5</ele><time>2023-12-09T00:30:15Z</time></trkpt>
      <trkpt lat="25.7220192" lon="100.1914480"><ele>1969.5</ele><time>2023-12-09T00:30:16Z</time></trkpt>
      <trkpt lat="25.7220371" lon="100.1914363"><ele>1969.6</ele><time>2023-12-09T00:30:17Z</time></trkpt>
      <trkpt lat="25.7220548" lon="100.1914239"><ele>1969.6</ele><time>2023-12-09T00:30:18Z</time></trkpt>
      <trkpt lat="25.7220718" lon="100.1914116"><ele>1969.6</ele><time>2023-12-09T00:30:19Z</time></trkpt>
      <trkpt lat="25.7220883" lon="100.1913996"><ele>1969.6</ele><time>2023-12-09T00:30:20Z</time></trkpt>
      <trkpt lat="25.7221045" lon="100.1913877"><ele>1969.6</ele><time>2023-12-09T00:30:21Z</time></trkpt>
      <trkpt lat="25.7221203" lon="100.1913759"><ele>1969.5</ele><time>2023-12-09T00:30:22Z</time></trkpt>
      <trkpt lat="25.7221355" lon="100.1913638"><ele>1969.5</ele><time>2023-12-09T00:30:23Z</time></trkpt>
      <trkpt lat="25.7221500" lon="100.1913511"><ele>1969.4</ele><time>2023-12-09T00:30:24Z</time></trkpt>
      <trkpt lat="25.7221634" lon="100.1913382"><ele>1969.3</ele><time>2023-12-09T00:30:25Z</time></trkpt>
      <trkpt lat="25.7221761" lon="100.1913255"><ele>1969.2</ele><time>2023-12-09T00:30:26Z</time></trkpt>
      <trkpt lat="25.7221881" lon="100.1913140"><ele>1969.1</ele><time>2023-12-09T00:30:27Z</time></trkpt>
      <trkpt lat="25.7221994" lon="100.1913041"><ele>1969.0</ele><time>2023-12-09T00:30:28Z</time></trkpt>
      <trkpt lat="25.7222113" lon="100.1912955"><ele>1968.9</ele><time>2023-12-09T00:30:29Z</time></trkpt>
      <trkpt lat="25.7222241" lon="100.1912871"><ele>1968.9</ele><time>2023-12-09T00:30:30Z</time></trkpt>
      <trkpt lat="25.7222373" lon="100.1912781"><ele>1968.8</ele><time>2023-12-09T00:30:31Z</time></trkpt>
      <trkpt lat="25.7222514" lon="100.1912682"><ele>1968.8</ele><time>2023-12-09T00:30:32Z</time></trkpt>
      <trkpt lat="25.7222665" lon="100.1912580"><ele>1968.8</ele><time>2023-12-09T00:30:33Z</time></trkpt>
      <trkpt lat="25.7222822" lon="100.1912483"><ele>1968.8</ele><time>2023-12-09T00:30:34Z</time></trkpt>
      <trkpt lat="25.7222987" lon="100.1912393"><ele>1968.8</ele><time>2023-12-09T00:30:35Z</time></trkpt>
      <trkpt lat="25.7223159" lon="100.1912313"><ele>1968.8</ele><time>2023-12-09T00:30:36Z</time></trkpt>
      <trkpt lat="25.7223341" lon="100.1912253"><ele>1968.9</ele><time>2023-12-09T00:30:37Z</time></trkpt>
      <trkpt lat="25.7223530" lon="100.1912205"><ele>1968.9</ele><time>2023-12-09T00:30:38Z</time></trkpt>
      <trkpt lat="25.7223725" lon="100.1912158"><ele>1968.9</ele><time>2023-12-09T00:30:39Z</time></trkpt>
      <trkpt lat="25.7223922" lon="100.1912107"><ele>1968.9</ele><time>2023-12-09T00:30:40Z</time></trkpt>
      <trkpt lat="25.7224122" lon="100.1912046"><ele>1968.9</ele><time>2023-12-09T00:30:41Z</time></trkpt>
      <trkpt lat="25.7224326" lon="100.1911982"><ele>1969.0</ele><time>2023-12-09T00:30:42Z</time></trkpt>
      <trkpt lat="25.7224532" lon="100.1911920"><ele>1969.0</ele><time>2023-12-09T00:30:43Z</time></trkpt>
      <trkpt lat="25.7224736" lon="100.1911865"><ele>1969.0</ele><time>2023-12-09T00:30:44Z</time></trkpt>
      <trkpt lat="25.7224931" lon="100.1911822"><ele>1969.0</ele><time>2023-12-09T00:30:45Z</time></trkpt>
      <trkpt lat="25.7225115" lon="100.1911783"><ele>1969.0</ele><time>2023-12-09T00:30:46Z</time></trkpt>
      <trkpt lat="25.7225301" lon="100.1911732"><ele>1969.0</ele><time>2023-12-09T00:30:47Z</time></trkpt>
      <trkpt lat="25.7225488" lon="100.1911674"><ele>1968.9</ele><time>2023-12-09T00:30:48Z</time></trkpt>
      <trkpt lat="25.7225677" lon="100.1911618"><ele>1968.9</ele><time>2023-12-09T00:30:49Z</time></trkpt>
      <trkpt lat="25.7225870" lon="100.1911566"><ele>1968.9</ele><time>2023-12-09T00:30:50Z</time></trkpt>
      <trkpt lat="25.7226063" lon="100.1911510"><ele>1968.9</ele><time>2023-12-09T00:30:51Z</time></trkpt>
      <trkpt lat="25.7226253" lon="100.1911455"><ele>1968.9</ele><time>2023-12-09T00:30:52Z</time></trkpt>
      <trkpt lat="25.7226438" lon="100.1911397"><ele>1968.9</ele><time>2023-12-09T00:30:53Z</time></trkpt>
      <trkpt lat="25.7226620" lon="100.1911333"><ele>1968.9</ele><time>2023-12-09T00:30:54Z</time></trkpt>
      <trkpt lat="25.7226804" lon="100.1911269"><ele>1968.9</ele><time>2023-12-09T00:30:55Z</time></trkpt>
      <trkpt lat="25.7226991" lon="100.1911209"><ele>1968.9</ele><time>2023-12-09T00:30:56Z</time></trkpt>
      <trkpt lat="25.7227184" lon="100.1911152"><ele>1968.9</ele><time>2023-12-09T00:30:57Z</time></trkpt>
      <trkpt lat="25.7227379" lon="100.1911096"><ele>1968.9</ele><time>2023-12-09T00:30:58Z</time></trkpt>
      <trkpt lat="25.7227571" lon="100.1911042"><ele>1968.9</ele><time>2023-12-09T00:30:59Z</time></trkpt>
      <trkpt lat="25.7227759" lon="100.1910984"><ele>1968.9</ele><time>2023-12-09T00:31:00Z</time></trkpt>
      <trkpt lat="25.7227944" lon="100.1910922"><ele>1969.0</ele><time>2023-12-09T00:31:01Z</time></trkpt>
      <trkpt lat="25.7228131" lon="100.1910861"><ele>1969.0</ele><time>2023-12-09T00:31:02Z</time></trkpt>
      <trkpt lat="25.7228316" lon="100.1910803"><ele>1969.1</ele><time>2023-12-09T00:31:03Z</time></trkpt>
      <trkpt lat="25.7228501" lon="100.1910750"><ele>1969.1</ele><time>2023-12-09T00:31:04Z</time></trkpt>
      <trkpt lat="25.7228688" lon="100.1910695"><ele>1969.2</ele><time>2023-12-09T00:31:05Z</time></trkpt>
      <trkpt lat="25.7228878" lon="100.1910638"><ele>1969.3</ele><time>2023-12-09T00:31:06Z</time></trkpt>
      <trkpt lat="25.7229072" lon="100.1910577"><ele>1969.4</ele><time>2023-12-09T00:31:07Z</time></trkpt>
      <trkpt lat="25.7229271" lon="100.1910517"><ele>1969.5</ele><time>2023-12-09T00:31:08Z</time></trkpt>
      <trkpt lat="25.7229474" lon="100.1910466"><ele>1969.6</ele><time>2023-12-09T00:31:09Z</time></trkpt>
      <trkpt lat="25.7229681" lon="100.1910427"><ele>1969.7</ele><time>2023-12-09T00:31:10Z</time></trkpt>
      <trkpt lat="25.7229888" lon="100.1910393"><ele>1969.9</ele><time>2023-12-09T00:31:11Z</time></trkpt>
      <trkpt lat="25.7230094" lon="100.1910353"><ele>1970.1</ele><time>2023-12-09T00:31:12Z</time></trkpt>
      <trkpt lat="25.7230298" lon="100.1910309"><ele>1970.2</ele><time>2023-12-09T00:31:13Z</time></trkpt>
      <trkpt lat="25.7230498" lon="100.1910264"><ele>1970.4</ele><time>2023-12-09T00:31:14Z</time></trkpt>
      <trkpt lat="25.7230697" lon="100.1910220"><ele>1970.6</ele><time>2023-12-09T00:31:15Z</time></trkpt>
      <trkpt lat="25.7230895" lon="100.1910179"><ele>1970.7</ele><time>2023-12-09T00:31:16Z</time></trkpt>
      <trkpt lat="25.7231089" lon="100.1910136"><ele>1970.9</ele><time>2023-12-09T00:31:17Z</time></trkpt>
      <trkpt lat="25.7231286" lon="100.1910084"><ele>1971.1</ele><time>2023-12-09T00:31:18Z</time></trkpt>
      <trkpt lat="25.7231486" lon="100.1910030"><ele>1971.3</ele><time>2023-12-09T00:31:19Z</time></trkpt>
      <trkpt lat="25.7231686" lon="100.1909975"><ele>1971.5</ele><time>2023-12-09T00:31:20Z</time></trkpt>
      <trkpt lat="25.7231890" lon="100.1909921"><ele>1971.7</ele><time>2023-12-09T00:31:21Z</time></trkpt>
      <trkpt lat="25.7232097" lon="100.1909872"><ele>1971.9</ele><time>2023-12-09T00:31:22Z</time></trkpt>
      <trkpt lat="25.7232308" lon="100.1909824"><ele>1972.1</ele><time>2023-12-09T00:31:23Z</time></trkpt>
      <trkpt lat="25.7232519" lon="100.1909779"><ele>1972.3</ele><time>2023-12-09T00:31:24Z</time></trkpt>
      <trkpt lat="25.7232728" lon="100.1909737"><ele>1972.5</ele><time>2023-12-09T00:31:25Z</time></trkpt>
      <trkpt lat="25.7232936" lon="100.1909692"><ele>1972.7</ele><time>2023-12-09T00:31:26Z</time></trkpt>
      <trkpt lat="25.7233138" lon="100.1909641"><ele>1972.8</ele><time>2023-12-09T00:31:27Z</time></trkpt>
      <trkpt lat="25.7233333" lon="100.1909589"><ele>1972.9</ele><time>2023-12-09T00:31:28Z</time></trkpt>
      <trkpt lat="25.7233520" lon="100.1909537"><ele>1973.0</ele><time>2023-12-09T00:31:29Z</time></trkpt>
      <trkpt lat="25.7233699" lon="100.1909488"><ele>1973.1</ele><time>2023-12-09T00:31:30Z</time></trkpt>
      <trkpt lat="25.7233873" lon="100.1909442"><ele>1973.2</ele><time>2023-12-09T00:31:31Z</time></trkpt>
      <trkpt lat="25.7234045" lon="100.1909403"><ele>1973.3</ele><time>2023-12-09T00:31:32Z</time></trkpt>
      <trkpt lat="25.7234219" lon="100.1909364"><ele>1973.3</ele><time>2023-12-09T00:31:33Z</time></trkpt>
      <trkpt lat="25.7234398" lon="100.1909321"><ele>1973.3</ele><time>2023-12-09T00:31:34Z</time></trkpt>
      <trkpt lat="25.7234578" lon="100.1909272"><ele>1973.2</ele><time>2023-12-09T00:31:35Z</time></trkpt>
      <trkpt lat="25.7234760" lon="100.1909217"><ele>1973.2</ele><time>2023-12-09T00:31:36Z</time></trkpt>
      <trkpt lat="25.7234945" lon="100.1909159"><ele>1973.1</ele><time>2023-12-09T00:31:37Z</time></trkpt>
      <trkpt lat="25.7235129" lon="100.1909098"><ele>1973.0</ele><time>2023-12-09T00:31:38Z</time></trkpt>
      <trkpt lat="25.7235318" lon="100.1909034"><ele>1972.9</ele><time>2023-12-09T00:31:39Z</time></trkpt>
      <trkpt lat="25.7235512" lon="100.1908968"><ele>1972.8</ele><time>2023-12-09T00:31:40Z</time></trkpt>
      <trkpt lat="25.7235710" lon="100.1908899"><ele>1972.7</ele><time>2023-12-09T00:31:41Z</time></trkpt>
      <trkpt lat="25.7235913" lon="100.1908832"><ele>1972.6</ele><time>2023-12-09T00:31:42Z</time></trkpt>
      <trkpt lat="25.7236115" lon="100.1908771"><ele>1972.5</ele><time>2023-12-09T00:31:43Z</time></trkpt>
      <trkpt lat="25.7236315" lon="100.1908715"><ele>1972.4</ele><time>2023-12-09T00:31:44Z</time></trkpt>
      <trkpt lat="25.7236515" lon="100.1908660"><ele>1972.3</ele><time>2023-12-09T00:31:45Z</time></trkpt>
      <trkpt lat="25.7236716" lon="100.1908602"><ele>1972.2</ele><time>2023-12-09T00:31:46Z</time></trkpt>
      <trkpt lat="25.7236921" lon="100.1908544"><ele>1972.1</ele><time>2023-12-09T00:31:47Z</time></trkpt>
      <trkpt lat="25.7237125" lon="100.1908492"><ele>1972.0</ele><time>2023-12-09T00:31:48Z</time></trkpt>
      <trkpt lat="25.7237328" lon="100.1908437"><ele>1972.0</ele><time>2023-12-09T00:31:49Z</time></trkpt>
      <trkpt lat="25.7237530" lon="100.1908379"><ele>1971.9</ele><time>2023-12-09T00:31:50Z</time></trkpt>
      <trkpt lat="25.7237725" lon="100.1908317"><ele>1971.9</ele><time>2023-12-09T00:31:51Z</time></trkpt>
      <trkpt lat="25.7237917" lon="100.1908251"><ele>1971.9</ele><time>2023-12-09T00:31:52Z</time></trkpt>
      <trkpt lat="25.7238110" lon="100.1908192"><ele>1971.8</ele><time>2023-12-09T00:31:53Z</time></trkpt>
      <trkpt lat="25.7238308" lon="100.1908138"><ele>1971.9</ele><time>2023-12-09T00:31:54Z</time></trkpt>
      <trkpt lat="25.7238505" lon="100.1908081"><ele>1971.9</ele><time>2023-12-09T00:31:55Z</time></trkpt>
      <trkpt lat="25.7238700" lon="100.1908019"><ele>1971.9</ele><time>2023-12-09T00:31:56Z</time></trkpt>
      <trkpt lat="25.7238902" lon="100.1907951"><ele>1971.9</ele><time>2023-12-09T00:31:57Z</time></trkpt>
      <trkpt lat="25.7239109" lon="100.1907878"><ele>1972.0</ele><time>2023-12-09T00:31:58Z</time></trkpt>
      <trkpt lat="25.7239318" lon="100.1907798"><ele>1972.0</ele><time>2023-12-09T00:31:59Z</time></trkpt>
      <trkpt lat="25.7239528" lon="100.1907710"><ele>1972.1</ele><time>2023-12-09T00:32:00Z</time></trkpt>
      <trkpt lat="25.7239741" lon="100.1907619"><ele>1972.3</ele><time>2023-12-09T00:32:01Z</time></trkpt>
      <trkpt lat="25.7239950" lon="100.1907523"><ele>1972.4</ele><time>2023-12-09T00:32:02Z</time></trkpt>
      <trkpt lat="25.7240153" lon="100.1907430"><ele>1972.6</ele><time>2023-12-09T00:32:03Z</time></trkpt>
      <trkpt lat="25.7240359" lon="100.1907341"><ele>1972.7</ele><time>2023-12-09T00:32:04Z</time></trkpt>
      <trkpt lat="25.7240573" lon="100.1907254"><ele>1973.0</ele><time>2023-12-09T00:32:05Z</time></trkpt>
      <trkpt lat="25.7240793" lon="100.1907165"><ele>1973.2</ele><time>2023-12-09T00:32:06Z</time></trkpt>
      <trkpt lat="25.7241017" lon="100.1907071"><ele>1973.5</ele><time>2023-12-09T00:32:07Z</time></trkpt>
      <trkpt lat="25.7241239" lon="100.1906978"><ele>1973.8</ele><time>2023-12-09T00:32:08Z</time></trkpt>
      <trkpt lat="25.7241463" lon="100.1906895"><ele>1974.1</ele><time>2023-12-09T00:32:09Z</time></trkpt>
      <trkpt lat="25.7241689" lon="100.1906826"><ele>1974.3</ele><time>2023-12-09T00:32:10Z</time></trkpt>
      <trkpt lat="25.7241917" lon="100.1906780"><ele>1974.5</ele><time>2023-12-09T00:32:11Z</time></trkpt>
      <trkpt lat="25.7242145" lon="100.1906772"><ele>1974.7</ele><time>2023-12-09T00:32:12Z</time></trkpt>
      <trkpt lat="25.7242372" lon="100.1906826"><ele>1974.9</ele><time>2023-12-09T00:32:13Z</time></trkpt>
      <trkpt lat="25.7242595" lon="100.1906956"><ele>1975.0</ele><time>2023-12-09T00:32:14Z</time></trkpt>
      <trkpt lat="25.7242813" lon="100.1907138"><ele>1975.2</ele><time>2023-12-09T00:32:15Z</time></trkpt>
      <trkpt lat="25.7243036" lon="100.1907330"><ele>1975.3</ele><time>2023-12-09T00:32:16Z</time></trkpt>
      <trkpt lat="25.7243273" lon="100.1907498"><ele>1975.3</ele><time>2023-12-09T00:32:17Z</time></trkpt>
      <trkpt lat="25.7243533" lon="100.1907633"><ele>1975.3</ele><time>2023-12-09T00:32:18Z</time></trkpt>
      <trkpt lat="25.7243810" lon="100.1907750"><ele>1975.3</ele><time>2023-12-09T00:32:19Z</time></trkpt>
      <trkpt lat="25.7244087" lon="100.1907850"><ele>1975.2</ele><time>2023-12-09T00:32:20Z</time></trkpt>
      <trkpt lat="25.7244351" lon="100.1907923"><ele>1975.2</ele><time>2023-12-09T00:32:21Z</time></trkpt>
      <trkpt lat="25.7244596" lon="100.1907961"><ele>1975.1</ele><time>2023-12-09T00:32:22Z</time></trkpt>
      <trkpt lat="25.7244827" lon="100.1907975"><ele>1974.9</ele><time>2023-12-09T00:32:23Z</time></trkpt>
      <trkpt lat="25.7245049" lon="100.1907976"><ele>1974.8</ele><time>2023-12-09T00:32:24Z</time></trkpt>
      <trkpt lat="25.7245262" lon="100.1907957"><ele>1974.6</ele><time>2023-12-09T00:32:25Z</time></trkpt>
      <trkpt lat="25.7245472" lon="100.1907922"><ele>1974.4</ele><time>2023-12-09T00:32:26Z</time></trkpt>
      <trkpt lat="25.7245678" lon="100.1907879"><ele>1974.3</ele><time>2023-12-09T00:32:27Z</time></trkpt>
      <trkpt lat="25.7245880" lon="100.1907833"><ele>1974.1</ele><time>2023-12-09T00:32:28Z</time></trkpt>
      <trkpt lat="25.7246081" lon="100.1907778"><ele>1974.0</ele><time>2023-12-09T00:32:29Z</time></trkpt>
      <trkpt lat="25.7246282" lon="100.1907718"><ele>1973.8</ele><time>2023-12-09T00:32:30Z</time></trkpt>
      <trkpt lat="25.7246480" lon="100.1907658"><ele>1973.7</ele><time>2023-12-09T00:32:31Z</time></trkpt>
      <trkpt lat="25.7246672" lon="100.1907604"><ele>1973.5</ele><time>2023-12-09T00:32:32Z</time></trkpt>
      <trkpt lat="25.7246863" lon="100.1907553"><ele>1973.4</ele><time>2023-12-09T00:32:33Z</time></trkpt>
      <trkpt lat="25.7247059" lon="100.1907500"><ele>1973.3</ele><time>2023-12-09T00:32:34Z</time></trkpt>
      <trkpt lat="25.7247258" lon="100.1907442"><ele>1973.2</ele><time>2023-12-09T00:32:35Z</time></trkpt>
      <trkpt lat="25.7247461" lon="100.1907383"><ele>1973.0</ele><time>2023-12-09T00:32:36Z</time></trkpt>
      <trkpt lat="25.7247666" lon="100.1907321"><ele>1972.9</ele><time>2023-12-09T00:32:37Z</time></trkpt>
      <trkpt lat="25.7247870" lon="100.1907255"><ele>1972.8</ele><time>2023-12-09T00:32:38Z</time></trkpt>
      <trkpt lat="25.7248076" lon="100.1907184"><ele>1972.6</ele><time>2023-12-09T00:32:39Z</time></trkpt>
      <trkpt lat="25.7248277" lon="100.1907101"><ele>1972.5</ele><time>2023-12-09T00:32:40Z</time></trkpt>
      <trkpt lat="25.7248475" lon="100.1907003"><ele>1972.4</ele><time>2023-12-09T00:32:41Z</time></trkpt>
      <trkpt lat="25.7248673" lon="100.1906901"><ele>1972.3</ele><time>2023-12-09T00:32:42Z</time></trkpt>
      <trkpt lat="25.7248876" lon="100.1906807"><ele>1972.1</ele><time>2023-12-09T00:32:43Z</time></trkpt>
      <trkpt lat="25.7249087" lon="100.1906722"><ele>1972.0</ele><time>2023-12-09T00:32:44Z</time></trkpt>
      <trkpt lat="25.7249300" lon="100.1906635"><ele>1971.8</ele><time>2023-12-09T00:32:45Z</time></trkpt>
      <trkpt lat="25.7249520" lon="100.1906543"><ele>1971.7</ele><time>2023-12-09T00:32:46Z</time></trkpt>
      <trkpt lat="25.7249746" lon="100.1906458"><ele>1971.6</ele><time>2023-12-09T00:32:47Z</time></trkpt>
      <trkpt lat="25.7249973" lon="100.1906373"><ele>1971.4</ele><time>2023-12-09T00:32:48Z</time></trkpt>
      <trkpt lat="25.7250195" lon="100.1906281"><ele>1971.2</ele><time>2023-12-09T00:32:49Z</time></trkpt>
      <trkpt lat="25.7250408" lon="100.1906184"><ele>1971.1</ele><time>2023-12-09T00:32:50Z</time></trkpt>
      <trkpt lat="25.7250615" lon="100.1906084"><ele>1971.0</ele><time>2023-12-09T00:32:51Z</time></trkpt>
      <trkpt lat="25.7250822" lon="100.1905985"><ele>1971.0</ele><time>2023-12-09T00:32:52Z</time></trkpt>
      <trkpt lat="25.7251037" lon="100.1905890"><ele>1970.9</ele><time>2023-12-09T00:32:53Z</time></trkpt>
      <trkpt lat="25.7251258" lon="100.1905803"><ele>1970.9</ele><time>2023-12-09T00:32:54Z</time></trkpt>
      <trkpt lat="25.7251482" lon="100.1905720"><ele>1970.9</ele><time>2023-12-09T00:32:55Z</time></trkpt>
      <trkpt lat="25.7251702" lon="100.1905642"><ele>1971.0</ele><time>2023-12-09T00:32:56Z</time></trkpt>
      <trkpt lat="25.7251918" lon="100.1905569"><ele>1971.0</ele><time>2023-12-09T00:32:57Z</time></trkpt>
      <trkpt lat="25.7252136" lon="100.1905494"><ele>1971.1</ele><time>2023-12-09T00:32:58Z</time></trkpt>
      <trkpt lat="25.7252356" lon="100.1905421"><ele>1971.2</ele><time>2023-12-09T00:32:59Z</time></trkpt>
      <trkpt lat="25.7252573" lon="100.1905349"><ele>1971.4</ele><time>2023-12-09T00:33:00Z</time></trkpt>
      <trkpt lat="25.7252783" lon="100.1905274"><ele>1971.5</ele><time>2023-12-09T00:33:01Z</time></trkpt>
      <trkpt lat="25.7252988" lon="100.1905199"><ele>1971.6</ele><time>2023-12-09T00:33:02Z</time></trkpt>
      <trkpt lat="25.7253188" lon="100.1905132"><ele>1971.8</ele><time>2023-12-09T00:33:03Z</time></trkpt>
      <trkpt lat="25.7253385" lon="100.1905068"><ele>1971.9</ele><time>2023-12-09T00:33:04Z</time></trkpt>
      <trkpt lat="25.7253584" lon="100.1904993"><ele>1972.1</ele><time>2023-12-09T00:33:05Z</time></trkpt>
      <trkpt lat="25.7253791" lon="100.1904905"><ele>1972.3</ele><time>2023-12-09T00:33:06Z</time></trkpt>
      <trkpt lat="25.7254005" lon="100.1904813"><ele>1972.4</ele><time>2023-12-09T00:33:07Z</time></trkpt>
      <trkpt lat="25.7254219" lon="100.1904717"><ele>1972.6</ele><time>2023-12-09T00:33:08Z</time></trkpt>
      <trkpt lat="25.7254427" lon="100.1904620"><ele>1972.7</ele><time>2023-12-09T00:33:09Z</time></trkpt>
      <trkpt lat="25.7254633" lon="100.1904525"><ele>1972.8</ele><time>2023-12-09T00:33:10Z</time></trkpt>
      <trkpt lat="25.7254841" lon="100.1904429"><ele>1972.9</ele><time>2023-12-09T00:33:11Z</time></trkpt>
      <trkpt lat="25.7255056" lon="100.1904329"><ele>1972.9</ele><time>2023-12-09T00:33:12Z</time></trkpt>
      <trkpt lat="25.7255276" lon="100.1904233"><ele>1973.0</ele><time>2023-12-09T00:33:13Z</time></trkpt>
      <trkpt lat="25.7255500" lon="100.1904141"><ele>1973.1</ele><time>2023-12-09T00:33:14Z</time></trkpt>
      <trkpt lat="25.7255722" lon="100.1904048"><ele>1973.1</ele><time>2023-12-09T00:33:15Z</time></trkpt>
      <trkpt lat="25.7255939" lon="100.1903953"><ele>1973.1</ele><time>2023-12-09T00:33:16Z</time></trkpt>
      <trkpt lat="25.7256147" lon="100.1903852"><ele>1973.0</ele><time>2023-12-09T00:33:17Z</time></trkpt>
      <trkpt lat="25.7256344" lon="100.1903751"><ele>1972.9</ele><time>2023-12-09T00:33:18Z</time></trkpt>
      <trkpt lat="25.7256535" lon="100.1903652"><ele>1972.8</ele><time>2023-12-09T00:33:19Z</time></trkpt>
      <trkpt lat="25.7256722" lon="100.1903558"><ele>1972.7</ele><time>2023-12-09T00:33:20Z</time></trkpt>
      <trkpt lat="25.7256908" lon="100.1903473"><ele>1972.6</ele><time>2023-12-09T00:33:21Z</time></trkpt>
      <trkpt lat="25.7257098" lon="100.1903398"><ele>1972.4</ele><time>2023-12-09T00:33:22Z</time></trkpt>
      <trkpt lat="25.7257291" lon="100.1903327"><ele>1972.3</ele><time>2023-12-09T00:33:23Z</time></trkpt>
      <trkpt lat="25.7257485" lon="100.1903256"><ele>1972.1</ele><time>2023-12-09T00:33:24Z</time></trkpt>
      <trkpt lat="25.7257670" lon="100.1903177"><ele>1971.9</ele><time>2023-12-09T00:33:25Z</time></trkpt>
      <trkpt lat="25.7257835" lon="100.1903075"><ele>1971.8</ele><time>2023-12-09T00:33:26Z</time></trkpt>
      <trkpt lat="25.7257968" lon="100.1902947"><ele>1971.6</ele><time>2023-12-09T00:33:27Z</time></trkpt>
      <trkpt lat="25.7258068" lon="100.1902804"><ele>1971.4</ele><time>2023-12-09T00:33:28Z</time></trkpt>
      <trkpt lat="25.7258135" lon="100.1902649"><ele>1971.3</ele><time>2023-12-09T00:33:29Z</time></trkpt>
      <trkpt lat="25.7258164" lon="100.1902481"><ele>1971.1</ele><time>2023-12-09T00:33:30Z</time></trkpt>
      <trkpt lat="25.7258153" lon="100.1902299"><ele>1971.0</ele><time>2023-12-09T00:33:31Z</time></trkpt>
      <trkpt lat="25.7258110" lon="100.1902107"><ele>1970.8</ele><time>2023-12-09T00:33:32Z</time></trkpt>
      <trkpt lat="25.7258040" lon="100.1901907"><ele>1970.7</ele><time>2023-12-09T00:33:33Z</time></trkpt>
      <trkpt lat="25.7257950" lon="100.1901708"><ele>1970.5</ele><time>2023-12-09T00:33:34Z</time></trkpt>
      <trkpt lat="25.7257851" lon="100.1901508"><ele>1970.4</ele><time>2023-12-09T00:33:35Z</time></trkpt>
      <trkpt lat="25.7257753" lon="100.1901299"><ele>1970.3</ele><time>2023-12-09T00:33:36Z</time></trkpt>
      <trkpt lat="25.7257659" lon="100.1901081"><ele>1970.2</ele><time>2023-12-09T00:33:37Z</time></trkpt>
      <trkpt lat="25.7257571" lon="100.1900856"><ele>1970.1</ele><time>2023-12-09T00:33:38Z</time></trkpt>
      <trkpt lat="25.7257484" lon="100.1900634"><ele>1970.0</ele><time>2023-12-09T00:33:39Z</time></trkpt>
      <trkpt lat="25.7257398" lon="100.1900421"><ele>1970.0</ele><time>2023-12-09T00:33:40Z</time></trkpt>
      <trkpt lat="25.7257318" lon="100.1900214"><ele>1969.9</ele><time>2023-12-09T00:33:41Z</time></trkpt>
      <trkpt lat="25.7257244" lon="100.1900014"><ele>1969.8</ele><time>2023-12-09T00:33:42Z</time></trkpt>
      <trkpt lat="25.7257172" lon="100.1899813"><ele>1969.7</ele><time>2023-12-09T00:33:43Z</time></trkpt>
      <trkpt lat="25.7257108" lon="100.1899607"><ele>1969.7</ele><time>2023-12-09T00:33:44Z</time></trkpt>
      <trkpt lat="25.7257045" lon="100.1899394"><ele>1969.6</ele><time>2023-12-09T00:33:45Z</time></trkpt>
      <trkpt lat="25.7256980" lon="100.1899175"><ele>1969.6</ele><time>2023-12-09T00:33:46Z</time></trkpt>
      <trkpt lat="25.7256916" lon="100.1898951"><ele>1969.5</ele><time>2023-12-09T00:33:47Z</time></trkpt>
      <trkpt lat="25.7256854" lon="100.1898723"><ele>1969.5</ele><time>2023-12-09T00:33:48Z</time></trkpt>
      <trkpt lat="25.7256795" lon="100.1898491"><ele>1969.5</ele><time>2023-12-09T00:33:49Z</time></trkpt>
      <trkpt lat="25.7256741" lon="100.1898253"><ele>1969.5</ele><time>2023-12-09T00:33:50Z</time></trkpt>
      <trkpt lat="25.7256699" lon="100.1898005"><ele>1969.6</ele><time>2023-12-09T00:33:51Z</time></trkpt>
      <trkpt lat="25.7256656" lon="100.1897752"><ele>1969.6</ele><time>2023-12-09T00:33:52Z</time></trkpt>
      <trkpt lat="25.7256597" lon="100.1897501"><ele>1969.6</ele><time>2023-12-09T00:33:53Z</time></trkpt>
      <trkpt lat="25.7256535" lon="100.1897255"><ele>1969.6</ele><time>2023-12-09T00:33:54Z</time></trkpt>
      <trkpt lat="25.7256477" lon="100.1897016"><ele>1969.6</ele><time>2023-12-09T00:33:55Z</time></trkpt>
      <trkpt lat="25.7256420" lon="100.1896782"><ele>1969.6</ele><time>2023-12-09T00:33:56Z</time></trkpt>
      <trkpt lat="25.7256371" lon="100.1896542"><ele>1969.6</ele><time>2023-12-09T00:33:57Z</time></trkpt>
      <trkpt lat="25.7256332" lon="100.1896294"><ele>1969.6</ele><time>2023-12-09T00:33:58Z</time></trkpt>
      <trkpt lat="25.7256300" lon="100.1896052"><ele>1969.5</ele><time>2023-12-09T00:33:59Z</time></trkpt>
      <trkpt lat="25.7256281" lon="100.1895810"><ele>1969.5</ele><time>2023-12-09T00:34:00Z</time></trkpt>
      <trkpt lat="25.7256286" lon="100.1895564"><ele>1969.5</ele><time>2023-12-09T00:34:01Z</time></trkpt>
      <trkpt lat="25.7256318" lon="100.1895313"><ele>1969.4</ele><time>2023-12-09T00:34:02Z</time></trkpt>
      <trkpt lat="25.7256375" lon="100.1895056"><ele>1969.3</ele><time>2023-12-09T00:34:03Z</time></trkpt>
      <trkpt lat="25.7256449" lon="100.1894800"><ele>1969.3</ele><time>2023-12-09T00:34:04Z</time></trkpt>
      <trkpt lat="25.7256543" lon="100.1894550"><ele>1969.2</ele><time>2023-12-09T00:34:05Z</time></trkpt>
      <trkpt lat="25.7256657" lon="100.1894315"><ele>1969.2</ele><time>2023-12-09T00:34:06Z</time></trkpt>
      <trkpt lat="25.7256789" lon="100.1894095"><ele>1969.1</ele><time>2023-12-09T00:34:07Z</time></trkpt>
      <trkpt lat="25.7256937" lon="100.1893895"><ele>1969.1</ele><time>2023-12-09T00:34:08Z</time></trkpt>
      <trkpt lat="25.7257100" lon="100.1893715"><ele>1969.1</ele><time>2023-12-09T00:34:09Z</time></trkpt>
      <trkpt lat="25.7257279" lon="100.1893553"><ele>1969.0</ele><time>2023-12-09T00:34:10Z</time></trkpt>
      <trkpt lat="25.7257470" lon="100.1893410"><ele>1969.0</ele><time>2023-12-09T00:34:11Z</time></trkpt>
      <trkpt lat="25.7257674" lon="100.1893285"><ele>1969.0</ele><time>2023-12-09T00:34:12Z</time></trkpt>
      <trkpt lat="25.7257887" lon="100.1893187"><ele>1968.9</ele><time>2023-12-09T00:34:13Z</time></trkpt>
      <trkpt lat="25.7258102" lon="100.1893108"><ele>1968.9</ele><time>2023-12-09T00:34:14Z</time></trkpt>
      <trkpt lat="25.7258319" lon="100.1893038"><ele>1968.9</ele><time>2023-12-09T00:34:15Z</time></trkpt>
      <trkpt lat="25.7258539" lon="100.1892969"><ele>1968.9</ele><time>2023-12-09T00:34:16Z</time></trkpt>
      <trkpt lat="25.7258764" lon="100.1892898"><ele>1968.9</ele><time>2023-12-09T00:34:17Z</time></trkpt>
      <trkpt lat="25.7258989" lon="100.1892828"><ele>1969.0</ele><time>2023-12-09T00:34:18Z</time></trkpt>
      <trkpt lat="25.7259213" lon="100.1892757"><ele>1969.0</ele><time>2023-12-09T00:34:19Z</time></trkpt>
      <trkpt lat="25.7259438" lon="100.1892684"><ele>1969.0</ele><time>2023-12-09T00:34:20Z</time></trkpt>
      <trkpt lat="25.7259662" lon="100.1892611"><ele>1969.0</ele><time>2023-12-09T00:34:21Z</time></trkpt>
      <trkpt lat="25.7259885" lon="100.1892541"><ele>1969.1</ele><time>2023-12-09T00:34:22Z</time></trkpt>
      <trkpt lat="25.7260106" lon="100.1892476"><ele>1969.1</ele><time>2023-12-09T00:34:23Z</time></trkpt>
      <trkpt lat="25.7260332" lon="100.1892419"><ele>1969.1</ele><time>2023-12-09T00:34:24Z</time></trkpt>
      <trkpt lat="25.7260569" lon="100.1892374"><ele>1969.2</ele><time>2023-12-09T00:34:25Z</time></trkpt>
      <trkpt lat="25.7260817" lon="100.1892341"><ele>1969.2</ele><time>2023-12-09T00:34:26Z</time></trkpt>
      <trkpt lat="25.7261080" lon="100.1892324"><ele>1969.3</ele><time>2023-12-09T00:34:27Z</time></trkpt>
      <trkpt lat="25.7261354" lon="100.1892340"><ele>1969.4</ele><time>2023-12-09T00:34:28Z</time></trkpt>
      <trkpt lat="25.7261632" lon="100.1892402"><ele>1969.4</ele><time>2023-12-09T00:34:29Z</time></trkpt>
      <trkpt lat="25.7261900" lon="100.1892501"><ele>1969.5</ele><time>2023-12-09T00:34:30Z</time></trkpt>
      <trkpt lat="25.7262155" lon="100.1892619"><ele>1969.6</ele><time>2023-12-09T00:34:31Z</time></trkpt>
      <trkpt lat="25.7262399" lon="100.1892745"><ele>1969.7</ele><time>2023-12-09T00:34:32Z</time></trkpt>
      <trkpt lat="25.7262630" lon="100.1892876"><ele>1969.8</ele><time>2023-12-09T00:34:33Z</time></trkpt>
      <trkpt lat="25.7262851" lon="100.1893014"><ele>1969.9</ele><time>2023-12-09T00:34:34Z</time></trkpt>
      <trkpt lat="25.7263068" lon="100.1893156"><ele>1970.1</ele><time>2023-12-09T00:34:35Z</time></trkpt>
      <trkpt lat="25.7263280" lon="100.1893310"><ele>1970.2</ele><time>2023-12-09T00:34:36Z</time></trkpt>
      <trkpt lat="25.7263489" lon="100.1893476"><ele>1970.3</ele><time>2023-12-09T00:34:37Z</time></trkpt>
      <trkpt lat="25.7263700" lon="100.1893647"><ele>1970.4</ele><time>2023-12-09T00:34:38Z</time></trkpt>
      <trkpt lat="25.7263912" lon="100.1893819"><ele>1970.5</ele><time>2023-12-09T00:34:39Z</time></trkpt>
      <trkpt lat="25.7264121" lon="100.1893991"><ele>1970.6</ele><time>2023-12-09T00:34:40Z</time></trkpt>
      <trkpt lat="25.7264327" lon="100.1894170"><ele>1970.7</ele><time>2023-12-09T00:34:41Z</time></trkpt>
      <trkpt lat="25.7264529" lon="100.1894359"><ele>1970.7</ele><time>2023-12-09T00:34:42Z</time></trkpt>
      <trkpt lat="25.7264728" lon="100.1894547"><ele>1970.8</ele><time>2023-12-09T00:34:43Z</time></trkpt>
      <trkpt lat="25.7264923" lon="100.1894725"><ele>1970.8</ele><time>2023-12-09T00:34:44Z</time></trkpt>
      <trkpt lat="25.7265115" lon="100.1894884"><ele>1970.8</ele><time>2023-12-09T00:34:45Z</time></trkpt>
      <trkpt lat="25.7265308" lon="100.1895021"><ele>1970.8</ele><time>2023-12-09T00:34:46Z</time></trkpt>
      <trkpt lat="25.7265501" lon="100.1895143"><ele>1970.7</ele><time>2023-12-09T00:34:47Z</time></trkpt>
      <trkpt lat="25.7265695" lon="100.1895256"><ele>1970.7</ele><time>2023-12-09T00:34:48Z</time></trkpt>
      <trkpt lat="25.7265894" lon="100.1895363"><ele>1970.6</ele><time>2023-12-09T00:34:49Z</time></trkpt>
      <trkpt lat="25.7266104" lon="100.1895460"><ele>1970.5</ele><time>2023-12-09T00:34:50Z</time></trkpt>
      <trkpt lat="25.7266323" lon="100.1895552"><ele>1970.4</ele><time>2023-12-09T00:34:51Z</time></trkpt>
      <trkpt lat="25.7266537" lon="100.1895636"><ele>1970.3</ele><time>2023-12-09T00:34:52Z</time></trkpt>
      <trkpt lat="25.7266748" lon="100.1895697"><ele>1970.3</ele><time>2023-12-09T00:34:53Z</time></trkpt>
      <trkpt lat="25.7266958" lon="100.1895737"><ele>1970.2</ele><time>2023-12-09T00:34:54Z</time></trkpt>
      <trkpt lat="25.7267166" lon="100.1895764"><ele>1970.2</ele><time>2023-12-09T00:34:55Z</time></trkpt>
      <trkpt lat="25.7267373" lon="100.1895776"><ele>1970.2</ele><time>2023-12-09T00:34:56Z</time></trkpt>
      <trkpt lat="25.7267579" lon="100.1895770"><ele>1970.3</ele><time>2023-12-09T00:34:57Z</time></trkpt>
      <trkpt lat="25.7267787" lon="100.1895738"><ele>1970.4</ele><time>2023-12-09T00:34:58Z</time></trkpt>
      <trkpt lat="25.7267997" lon="100.1895673"><ele>1970.5</ele><time>2023-12-09T00:34:59Z</time></trkpt>
      <trkpt lat="25.7268208" lon="100.1895588"><ele>1970.7</ele><time>2023-12-09T00:35:00Z</time></trkpt>
      <trkpt lat="25.7268420" lon="100.1895494"><ele>1970.8</ele><time>2023-12-09T00:35:01Z</time></trkpt>
      <trkpt lat="25.7268629" lon="100.1895395"><ele>1971.0</ele><time>2023-12-09T00:35:02Z</time></trkpt>
      <trkpt lat="25.7268841" lon="100.1895292"><ele>1971.3</ele><time>2023-12-09T00:35:03Z</time></trkpt>
      <trkpt lat="25.7269063" lon="100.1895196"><ele>1971.5</ele><time>2023-12-09T00:35:04Z</time></trkpt>
      <trkpt lat="25.7269297" lon="100.1895116"><ele>1971.7</ele><time>2023-12-09T00:35:05Z</time></trkpt>
      <trkpt lat="25.7269538" lon="100.1895053"><ele>1971.9</ele><time>2023-12-09T00:35:06Z</time></trkpt>
      <trkpt lat="25.7269783" lon="100.1895004"><ele>1972.1</ele><time>2023-12-09T00:35:07Z</time></trkpt>
      <trkpt lat="25.7270027" lon="100.1894969"><ele>1972.3</ele><time>2023-12-09T00:35:08Z</time></trkpt>
      <trkpt lat="25.7270269" lon="100.1894936"><ele>1972.5</ele><time>2023-12-09T00:35:09Z</time></trkpt>
      <trkpt lat="25.7270511" lon="100.1894898"><ele>1972.6</ele><time>2023-12-09T00:35:10Z</time></trkpt>
      <trkpt lat="25.7270748" lon="100.1894857"><ele>1972.7</ele><time>2023-12-09T00:35:11Z</time></trkpt>
      <trkpt lat="25.7270985" lon="100.1894803"><ele>1972.7</ele><time>2023-12-09T00:35:12Z</time></trkpt>
      <trkpt lat="25.7271220" lon="100.1894736"><ele>1972.8</ele><time>2023-12-09T00:35:13Z</time></trkpt>
      <trkpt lat="25.7271454" lon="100.1894659"><ele>1972.8</ele><time>2023-12-09T00:35:14Z</time></trkpt>
      <trkpt lat="25.7271687" lon="100.1894583"><ele>1972.7</ele><time>2023-12-09T00:35:15Z</time></trkpt>
      <trkpt lat="25.7271915" lon="100.1894510"><ele>1972.6</ele><time>2023-12-09T00:35:16Z</time></trkpt>
      <trkpt lat="25.7272137" lon="100.1894433"><ele>1972.5</ele><time>2023-12-09T00:35:17Z</time></trkpt>
      <trkpt lat="25.7272354" lon="100.1894353"><ele>1972.4</ele><time>2023-12-09T00:35:18Z</time></trkpt>
      <trkpt lat="25.7272569" lon="100.1894273"><ele>1972.3</ele><time>2023-12-09T00:35:19Z</time></trkpt>
      <trkpt lat="25.7272788" lon="100.1894200"><ele>1972.2</ele><time>2023-12-09T00:35:20Z</time></trkpt>
      <trkpt lat="25.7273006" lon="100.1894127"><ele>1972.0</ele><time>2023-12-09T00:35:21Z</time></trkpt>
      <trkpt lat="25.7273226" lon="100.1894051"><ele>1971.9</ele><time>2023-12-09T00:35:22Z</time></trkpt>
      <trkpt lat="25.7273448" lon="100.1893977"><ele>1971.8</ele><time>2023-12-09T00:35:23Z</time></trkpt>
      <trkpt lat="25.7273667" lon="100.1893908"><ele>1971.7</ele><time>2023-12-09T00:35:24Z</time></trkpt>
      <trkpt lat="25.7273880" lon="100.1893830"><ele>1971.5</ele><time>2023-12-09T00:35:25Z</time></trkpt>
      <trkpt lat="25.7274087" lon="100.1893744"><ele>1971.4</ele><time>2023-12-09T00:35:26Z</time></trkpt>
      <trkpt lat="25.7274296" lon="100.1893661"><ele>1971.3</ele><time>2023-12-09T00:35:27Z</time></trkpt>
      <trkpt lat="25.7274509" lon="100.1893587"><ele>1971.2</ele><time>2023-12-09T00:35:28Z</time></trkpt>
      <trkpt lat="25.7274726" lon="100.1893522"><ele>1971.1</ele><time>2023-12-09T00:35:29Z</time></trkpt>
      <trkpt lat="25.7274942" lon="100.1893464"><ele>1971.0</ele><time>2023-12-09T00:35:30Z</time></trkpt>
      <trkpt lat="25.7275151" lon="100.1893406"><ele>1970.8</ele><time>2023-12-09T00:35:31Z</time></trkpt>
      <trkpt lat="25.7275351" lon="100.1893335"><ele>1970.7</ele><time>2023-12-09T00:35:32Z</time></trkpt>
      <trkpt lat="25.7275542" lon="100.1893248"><ele>1970.6</ele><time>2023-12-09T00:35:33Z</time></trkpt>
      <trkpt lat="25.7275729" lon="100.1893144"><ele>1970.4</ele><time>2023-12-09T00:35:34Z</time></trkpt>
      <trkpt lat="25.7275912" lon="100.1893028"><ele>1970.3</ele><time>2023-12-09T00:35:35Z</time></trkpt>
      <trkpt lat="25.7276082" lon="100.1892901"><ele>1970.2</ele><time>2023-12-09T00:35:36Z</time></trkpt>
      <trkpt lat="25.7276243" lon="100.1892766"><ele>1970.0</ele><time>2023-12-09T00:35:37Z</time></trkpt>
      <trkpt lat="25.7276393" lon="100.1892625"><ele>1969.9</ele><time>2023-12-09T00:35:38Z</time></trkpt>
      <trkpt lat="25.7276530" lon="100.1892480"><ele>1969.7</ele><time>2023-12-09T00:35:39Z</time></trkpt>
      <trkpt lat="25.7276663" lon="100.1892327"><ele>1969.6</ele><time>2023-12-09T00:35:40Z</time></trkpt>
      <trkpt lat="25.7276806" lon="100.1892173"><ele>1969.5</ele><time>2023-12-09T00:35:41Z</time></trkpt>
      <trkpt lat="25.7276972" lon="100.1892026"><ele>1969.3</ele><time>2023-12-09T00:35:42Z</time></trkpt>
      <trkpt lat="25.7277153" lon="100.1891892"><ele>1969.2</ele><time>2023-12-09T00:35:43Z</time></trkpt>
      <trkpt lat="25.7277347" lon="100.1891770"><ele>1969.1</ele><time>2023-12-09T00:35:44Z</time></trkpt>
      <trkpt lat="25.7277546" lon="100.1891652"><ele>1969.1</ele><time>2023-12-09T00:35:45Z</time></trkpt>
      <trkpt lat="25.7277744" lon="100.1891538"><ele>1969.0</ele><time>2023-12-09T00:35:46Z</time></trkpt>
      <trkpt lat="25.7277945" lon="100.1891430"><ele>1969.0</ele><time>2023-12-09T00:35:47Z</time></trkpt>
      <trkpt lat="25.7278149" lon="100.1891325"><ele>1969.0</ele><time>2023-12-09T00:35:48Z</time></trkpt>
      <trkpt lat="25.7278352" lon="100.1891213"><ele>1969.0</ele><time>2023-12-09T00:35:49Z</time></trkpt>
      <trkpt lat="25.7278552" lon="100.1891085"><ele>1969.0</ele><time>2023-12-09T00:35:50Z</time></trkpt>
      <trkpt lat="25.7278744" lon="100.1890948"><ele>1969.0</ele><time>2023-12-09T00:35:51Z</time></trkpt>
      <trkpt lat="25.7278932" lon="100.1890807"><ele>1969.1</ele><time>2023-12-09T00:35:52Z</time></trkpt>
      <trkpt lat="25.7279120" lon="100.1890669"><ele>1969.1</ele><time>2023-12-09T00:35:53Z</time></trkpt>
      <trkpt lat="25.7279310" lon="100.1890536"><ele>1969.2</ele><time>2023-12-09T00:35:54Z</time></trkpt>
      <trkpt lat="25.7279502" lon="100.1890415"><ele>1969.3</ele><time>2023-12-09T00:35:55Z</time></trkpt>
      <trkpt lat="25.7279697" lon="100.1890304"><ele>1969.3</ele><time>2023-12-09T00:35:56Z</time></trkpt>
      <trkpt lat="25.7279901" lon="100.1890208"><ele>1969.4</ele><time>2023-12-09T00:35:57Z</time></trkpt>
      <trkpt lat="25.7280115" lon="100.1890133"><ele>1969.5</ele><time>2023-12-09T00:35:58Z</time></trkpt>
      <trkpt lat="25.7280329" lon="100.1890065"><ele>1969.5</ele><time>2023-12-09T00:35:59Z</time></trkpt>
      <trkpt lat="25.7280538" lon="100.1889997"><ele>1969.6</ele><time>2023-12-09T00:36:00Z</time></trkpt>
      <trkpt lat="25.7280740" lon="100.1889923"><ele>1969.7</ele><time>2023-12-09T00:36:01Z</time></trkpt>
      <trkpt lat="25.7280940" lon="100.1889837"><ele>1969.8</ele><time>2023-12-09T00:36:02Z</time></trkpt>
      <trkpt lat="25.7281135" lon="100.1889743"><ele>1969.9</ele><time>2023-12-09T00:36:03Z</time></trkpt>
      <trkpt lat="25.7281325" lon="100.1889644"><ele>1970.0</ele><time>2023-12-09T00:36:04Z</time></trkpt>
      <trkpt lat="25.7281514" lon="100.1889546"><ele>1970.1</ele><time>2023-12-09T00:36:05Z</time></trkpt>
      <trkpt lat="25.7281701" lon="100.1889449"><ele>1970.2</ele><time>2023-12-09T00:36:06Z</time></trkpt>
      <trkpt lat="25.7281885" lon="100.1889346"><ele>1970.3</ele><time>2023-12-09T00:36:07Z</time></trkpt>
      <trkpt lat="25.7282066" lon="100.1889243"><ele>1970.5</ele><time>2023-12-09T00:36:08Z</time></trkpt>
      <trkpt lat="25.7282242" lon="100.1889149"><ele>1970.6</ele><time>2023-12-09T00:36:09Z</time></trkpt>
      <trkpt lat="25.7282416" lon="100.1889059"><ele>1970.7</ele><time>2023-12-09T00:36:10Z</time></trkpt>
      <trkpt lat="25.7282593" lon="100.1888972"><ele>1970.8</ele><time>2023-12-09T00:36:11Z</time></trkpt>
      <trkpt lat="25.7282777" lon="100.1888885"><ele>1970.9</ele><time>2023-12-09T00:36:12Z</time></trkpt>
      <trkpt lat="25.7282965" lon="100.1888794"><ele>1970.9</ele><time>2023-12-09T00:36:13Z</time></trkpt>
      <trkpt lat="25.7283154" lon="100.1888703"><ele>1971.0</ele><time>2023-12-09T00:36:14Z</time></trkpt>
      <trkpt lat="25.7283349" lon="100.1888616"><ele>1971.0</ele><time>2023-12-09T00:36:15Z</time></trkpt>
      <trkpt lat="25.7283551" lon="100.1888535"><ele>1971.1</ele><time>2023-12-09T00:36:16Z</time></trkpt>
      <trkpt lat="25.7283753" lon="100.1888451"><ele>1971.1</ele><time>2023-12-09T00:36:17Z</time></trkpt>
      <trkpt lat="25.7283952" lon="100.1888359"><ele>1971.1</ele><time>2023-12-09T00:36:18Z</time></trkpt>
      <trkpt lat="25.7284147" lon="100.1888263"><ele>1971.1</ele><time>2023-12-09T00:36:19Z</time></trkpt>
      <trkpt lat="25.7284342" lon="100.1888159"><ele>1971.1</ele><time>2023-12-09T00:36:20Z</time></trkpt>
      <trkpt lat="25.7284534" lon="100.1888049"><ele>1971.0</ele><time>2023-12-09T00:36:21Z</time></trkpt>
      <trkpt lat="25.7284716" lon="100.1887932"><ele>1971.0</ele><time>2023-12-09T00:36:22Z</time></trkpt>
      <trkpt lat="25.7284890" lon="100.1887814"><ele>1971.0</ele><time>2023-12-09T00:36:23Z</time></trkpt>
      <trkpt lat="25.7285056" lon="100.1887692"><ele>1970.9</ele><time>2023-12-09T00:36:24Z</time></trkpt>
      <trkpt lat="25.7285215" lon="100.1887553"><ele>1970.9</ele><time>2023-12-09T00:36:25Z</time></trkpt>
      <trkpt lat="25.7285354" lon="100.1887388"><ele>1970.8</ele><time>2023-12-09T00:36:26Z</time></trkpt>
      <trkpt lat="25.7285470" lon="100.1887201"><ele>1970.7</ele><time>2023-12-09T00:36:27Z</time></trkpt>
      <trkpt lat="25.7285567" lon="100.1887004"><ele>1970.7</ele><time>2023-12-09T00:36:28Z</time></trkpt>
      <trkpt lat="25.7285655" lon="100.1886805"><ele>1970.6</ele><time>2023-12-09T00:36:29Z</time></trkpt>
      <trkpt lat="25.7285731" lon="100.1886602"><ele>1970.5</ele><time>2023-12-09T00:36:30Z</time></trkpt>
      <trkpt lat="25.7285788" lon="100.1886393"><ele>1970.4</ele><time>2023-12-09T00:36:31Z</time></trkpt>
      <trkpt lat="25.7285826" lon="100.1886174"><ele>1970.3</ele><time>2023-12-09T00:36:32Z</time></trkpt>
      <trkpt lat="25.7285853" lon="100.1885947"><ele>1970.2</ele><time>2023-12-09T00:36:33Z</time></trkpt>
      <trkpt lat="25.7285873" lon="100.1885717"><ele>1970.1</ele><time>2023-12-09T00:36:34Z</time></trkpt>
      <trkpt lat="25.7285889" lon="100.1885485"><ele>1970.1</ele><time>2023-12-09T00:36:35Z</time></trkpt>
      <trkpt lat="25.7285893" lon="100.1885257"><ele>1970.0</ele><time>2023-12-09T00:36:36Z</time></trkpt>
      <trkpt lat="25.7285887" lon="100.1885034"><ele>1969.9</ele><time>2023-12-09T00:36:37Z</time></trkpt>
      <trkpt lat="25.7285870" lon="100.1884819"><ele>1969.9</ele><time>2023-12-09T00:36:38Z</time></trkpt>
      <trkpt lat="25.7285843" lon="100.1884611"><ele>1969.9</ele><time>2023-12-09T00:36:39Z</time></trkpt>
      <trkpt lat="25.7285813" lon="100.1884407"><ele>1969.8</ele><time>2023-12-09T00:36:40Z</time></trkpt>
      <trkpt lat="25.7285785" lon="100.1884209"><ele>1969.8</ele><time>2023-12-09T00:36:41Z</time></trkpt>
      <trkpt lat="25.7285762" lon="100.1884015"><ele>1969.8</ele><time>2023-12-09T00:36:42Z</time></trkpt>
      <trkpt lat="25.7285741" lon="100.1883821"><ele>1969.8</ele><time>2023-12-09T00:36:43Z</time></trkpt>
      <trkpt lat="25.7285723" lon="100.1883624"><ele>1969.8</ele><time>2023-12-09T00:36:44Z</time></trkpt>
      <trkpt lat="25.7285703" lon="100.1883421"><ele>1969.8</ele><time>2023-12-09T00:36:45Z</time></trkpt>
      <trkpt lat="25.7285683" lon="100.1883210"><ele>1969.7</ele><time>2023-12-09T00:36:46Z</time></trkpt>
      <trkpt lat="25.7285663" lon="100.1882992"><ele>1969.7</ele><time>2023-12-09T00:36:47Z</time></trkpt>
      <trkpt lat="25.7285653" lon="100.1882768"><ele>1969.7</ele><time>2023-12-09T00:36:48Z</time></trkpt>
      <trkpt lat="25.7285650" lon="100.1882538"><ele>1969.7</ele><time>2023-12-09T00:36:49Z</time></trkpt>
      <trkpt lat="25.7285648" lon="100.1882298"><ele>1969.8</ele><time>2023-12-09T00:36:50Z</time></trkpt>
      <trkpt lat="25.7285639" lon="100.1882049"><ele>1969.8</ele><time>2023-12-09T00:36:51Z</time></trkpt>
      <trkpt lat="25.7285617" lon="100.1881797"><ele>1969.8</ele><time>2023-12-09T00:36:52Z</time></trkpt>
      <trkpt lat="25.7285590" lon="100.1881547"><ele>1969.9</ele><time>2023-12-09T00:36:53Z</time></trkpt>
      <trkpt lat="25.7285563" lon="100.1881301"><ele>1969.9</ele><time>2023-12-09T00:36:54Z</time></trkpt>
      <trkpt lat="25.7285537" lon="100.1881054"><ele>1969.9</ele><time>2023-12-09T00:36:55Z</time></trkpt>
      <trkpt lat="25.7285515" lon="100.1880808"><ele>1970.0</ele><time>2023-12-09T00:36:56Z</time></trkpt>
      <trkpt lat="25.7285491" lon="100.1880566"><ele>1970.0</ele><time>2023-12-09T00:36:57Z</time></trkpt>
      <trkpt lat="25.7285470" lon="100.1880329"><ele>1970.0</ele><time>2023-12-09T00:36:58Z</time></trkpt>
      <trkpt lat="25.7285459" lon="100.1880095"><ele>1970.1</ele><time>2023-12-09T00:36:59Z</time></trkpt>
      <trkpt lat="25.7285452" lon="100.1879861"><ele>1970.1</ele><time>2023-12-09T00:37:00Z</time></trkpt>
      <trkpt lat="25.7285445" lon="100.1879629"><ele>1970.1</ele><time>2023-12-09T00:37:01Z</time></trkpt>
      <trkpt lat="25.7285440" lon="100.1879401"><ele>1970.2</ele><time>2023-12-09T00:37:02Z</time></trkpt>
      <trkpt lat="25.7285433" lon="100.1879179"><ele>1970.2</ele><time>2023-12-09T00:37:03Z</time></trkpt>
      <trkpt lat="25.7285424" lon="100.1878958"><ele>1970.2</ele><time>2023-12-09T00:37:04Z</time></trkpt>
      <trkpt lat="25.7285418" lon="100.1878732"><ele>1970.2</ele><time>2023-12-09T00:37:05Z</time></trkpt>
      <trkpt lat="25.7285420" lon="100.1878506"><ele>1970.2</ele><time>2023-12-09T00:37:06Z</time></trkpt>
      <trkpt lat="25.7285435" lon="100.1878282"><ele>1970.2</ele><time>2023-12-09T00:37:07Z</time></trkpt>
      <trkpt lat="25.7285474" lon="100.1878062"><ele>1970.2</ele><time>2023-12-09T00:37:08Z</time></trkpt>
      <trkpt lat="25.7285542" lon="100.1877848"><ele>1970.2</ele><time>2023-12-09T00:37:09Z</time></trkpt>
      <trkpt lat="25.7285628" lon="100.1877636"><ele>1970.2</ele><time>2023-12-09T00:37:10Z</time></trkpt>
      <trkpt lat="25.7285729" lon="100.1877428"><ele>1970.3</ele><time>2023-12-09T00:37:11Z</time></trkpt>
      <trkpt lat="25.7285844" lon="100.1877225"><ele>1970.3</ele><time>2023-12-09T00:37:12Z</time></trkpt>
      <trkpt lat="25.7285979" lon="100.1877031"><ele>1970.3</ele><time>2023-12-09T00:37:13Z</time></trkpt>
      <trkpt lat="25.7286137" lon="100.1876852"><ele>1970.3</ele><time>2023-12-09T00:37:14Z</time></trkpt>
      <trkpt lat="25.7286308" lon="100.1876683"><ele>1970.4</ele><time>2023-12-09T00:37:15Z</time></trkpt>
      <trkpt lat="25.7286482" lon="100.1876524"><ele>1970.4</ele><time>2023-12-09T00:37:16Z</time></trkpt>
      <trkpt lat="25.7286656" lon="100.1876371"><ele>1970.4</ele><time>2023-12-09T00:37:17Z</time></trkpt>
      <trkpt lat="25.7286830" lon="100.1876224"><ele>1970.4</ele><time>2023-12-09T00:37:18Z</time></trkpt>
      <trkpt lat="25.7287000" lon="100.1876077"><ele>1970.5</ele><time>2023-12-09T00:37:19Z</time></trkpt>
      <trkpt lat="25.7287170" lon="100.1875927"><ele>1970.5</ele><time>2023-12-09T00:37:20Z</time></trkpt>
      <trkpt lat="25.7287341" lon="100.1875787"><ele>1970.5</ele><time>2023-12-09T00:37:21Z</time></trkpt>
      <trkpt lat="25.7287519" lon="100.1875663"><ele>1970.5</ele><time>2023-12-09T00:37:22Z</time></trkpt>
      <trkpt lat="25.7287705" lon="100.1875550"><ele>1970.6</ele><time>2023-12-09T00:37:23Z</time></trkpt>
      <trkpt lat="25.7287895" lon="100.1875438"><ele>1970.6</ele><time>2023-12-09T00:37:24Z</time></trkpt>
      <trkpt lat="25.7288088" lon="100.1875323"><ele>1970.6</ele><time>2023-12-09T00:37:25Z</time></trkpt>
      <trkpt lat="25.7288282" lon="100.1875213"><ele>1970.6</ele><time>2023-12-09T00:37:26Z</time></trkpt>
      <trkpt lat="25.7288475" lon="100.1875108"><ele>1970.6</ele><time>2023-12-09T00:37:27Z</time></trkpt>
      <trkpt lat="25.7288666" lon="100.1875009"><ele>1970.6</ele><time>2023-12-09T00:37:28Z</time></trkpt>
      <trkpt lat="25.7288858" lon="100.1874918"><ele>1970.6</ele><time>2023-12-09T00:37:29Z</time></trkpt>
      <trkpt lat="25.7289051" lon="100.1874829"><ele>1970.6</ele><time>2023-12-09T00:37:30Z</time></trkpt>
      <trkpt lat="25.7289238" lon="100.1874737"><ele>1970.6</ele><time>2023-12-09T00:37:31Z</time></trkpt>
      <trkpt lat="25.7289423" lon="100.1874645"><ele>1970.5</ele><time>2023-12-09T00:37:32Z</time></trkpt>
      <trkpt lat="25.7289611" lon="100.1874559"><ele>1970.5</ele><time>2023-12-09T00:37:33Z</time></trkpt>
      <trkpt lat="25.7289803" lon="100.1874479"><ele>1970.4</ele><time>2023-12-09T00:37:34Z</time></trkpt>
      <trkpt lat="25.7289996" lon="100.1874397"><ele>1970.4</ele><time>2023-12-09T00:37:35Z</time></trkpt>
      <trkpt lat="25.7290187" lon="100.1874318"><ele>1970.3</ele><time>2023-12-09T00:37:36Z</time></trkpt>
      <trkpt lat="25.7290379" lon="100.1874245"><ele>1970.3</ele><time>2023-12-09T00:37:37Z</time></trkpt>
      <trkpt lat="25.7290577" lon="100.1874178"><ele>1970.2</ele><time>2023-12-09T00:37:38Z</time></trkpt>
      <trkpt lat="25.7290774" lon="100.1874107"><ele>1970.2</ele><time>2023-12-09T00:37:39Z</time></trkpt>
      <trkpt lat="25.7290971" lon="100.1874025"><ele>1970.2</ele><time>2023-12-09T00:37:40Z</time></trkpt>
      <trkpt lat="25.7291165" lon="100.1873943"><ele>1970.2</ele><time>2023-12-09T00:37:41Z</time></trkpt>
      <trkpt lat="25.7291358" lon="100.1873866"><ele>1970.1</ele><time>2023-12-09T00:37:42Z</time></trkpt>
      <trkpt lat="25.7291552" lon="100.1873788"><ele>1970.1</ele><time>2023-12-09T00:37:43Z</time></trkpt>
      <trkpt lat="25.7291736" lon="100.1873704"><ele>1970.1</ele><time>2023-12-09T00:37:44Z</time></trkpt>
      <trkpt lat="25.7291912" lon="100.1873612"><ele>1970.1</ele><time>2023-12-09T00:37:45Z</time></trkpt>
      <trkpt lat="25.7292089" lon="100.1873511"><ele>1970.1</ele><time>2023-12-09T00:37:46Z</time></trkpt>
      <trkpt lat="25.7292264" lon="100.1873406"><ele>1970.0</ele><time>2023-12-09T00:37:47Z</time></trkpt>
      <trkpt lat="25.7292437" lon="100.1873299"><ele>1970.0</ele><time>2023-12-09T00:37:48Z</time></trkpt>
      <trkpt lat="25.7292602" lon="100.1873189"><ele>1970.1</ele><time>2023-12-09T00:37:49Z</time></trkpt>
      <trkpt lat="25.7292766" lon="100.1873071"><ele>1970.1</ele><time>2023-12-09T00:37:50Z</time></trkpt>
      <trkpt lat="25.7292936" lon="100.1872949"><ele>1970.1</ele><time>2023-12-09T00:37:51Z</time></trkpt>
      <trkpt lat="25.7293111" lon="100.1872827"><ele>1970.1</ele><time>2023-12-09T00:37:52Z</time></trkpt>
      <trkpt lat="25.7293286" lon="100.1872703"><ele>1970.1</ele><time>2023-12-09T00:37:53Z</time></trkpt>
      <trkpt lat="25.7293456" lon="100.1872582"><ele>1970.1</ele><time>2023-12-09T00:37:54Z</time></trkpt>
      <trkpt lat="25.7293615" lon="100.1872457"><ele>1970.1</ele><time>2023-12-09T00:37:55Z</time></trkpt>
      <trkpt lat="25.7293763" lon="100.1872323"><ele>1970.1</ele><time>2023-12-09T00:37:56Z</time></trkpt>
      <trkpt lat="25.7293900" lon="100.1872180"><ele>1970.1</ele><time>2023-12-09T00:37:57Z</time></trkpt>
      <trkpt lat="25.7294031" lon="100.1872025"><ele>1970.1</ele><time>2023-12-09T00:37:58Z</time></trkpt>
      <trkpt lat="25.7294163" lon="100.1871865"><ele>1970.1</ele><time>2023-12-09T00:37:59Z</time></trkpt>
      <trkpt lat="25.7294298" lon="100.1871700"><ele>1970.0</ele><time>2023-12-09T00:38:00Z</time></trkpt>
      <trkpt lat="25.7294436" lon="100.1871533"><ele>1970.0</ele><time>2023-12-09T00:38:01Z</time></trkpt>
      <trkpt lat="25.7294574" lon="100.1871371"><ele>1969.9</ele><time>2023-12-09T00:38:02Z</time></trkpt>
      <trkpt lat="25.7294704" lon="100.1871207"><ele>1969.8</ele><time>2023-12-09T00:38:03Z</time></trkpt>
      <trkpt lat="25.7294826" lon="100.1871039"><ele>1969.7</ele><time>2023-12-09T00:38:04Z</time></trkpt>
      <trkpt lat="25.7294944" lon="100.1870866"><ele>1969.6</ele><time>2023-12-09T00:38:05Z</time></trkpt>
      <trkpt lat="25.7295064" lon="100.1870690"><ele>1969.6</ele><time>2023-12-09T00:38:06Z</time></trkpt>
      <trkpt lat="25.7295186" lon="100.1870512"><ele>1969.5</ele><time>2023-12-09T00:38:07Z</time></trkpt>
      <trkpt lat="25.7295313" lon="100.1870332"><ele>1969.4</ele><time>2023-12-09T00:38:08Z</time></trkpt>
      <trkpt lat="25.7295449" lon="100.1870161"><ele>1969.4</ele><time>2023-12-09T00:38:09Z</time></trkpt>
      <trkpt lat="25.7295592" lon="100.1869994"><ele>1969.3</ele><time>2023-12-09T00:38:10Z</time></trkpt>
      <trkpt lat="25.7295730" lon="100.1869824"><ele>1969.3</ele><time>2023-12-09T00:38:11Z</time></trkpt>
      <trkpt lat="25.7295865" lon="100.1869655"><ele>1969.3</ele><time>2023-12-09T00:38:12Z</time></trkpt>
      <trkpt lat="25.7296005" lon="100.1869488"><ele>1969.3</ele><time>2023-12-09T00:38:13Z</time></trkpt>
      <trkpt lat="25.7296145" lon="100.1869322"><ele>1969.3</ele><time>2023-12-09T00:38:14Z</time></trkpt>
      <trkpt lat="25.7296287" lon="100.1869156"><ele>1969.3</ele><time>2023-12-09T00:38:15Z</time></trkpt>
      <trkpt lat="25.7296439" lon="100.1868999"><ele>1969.3</ele><time>2023-12-09T00:38:16Z</time></trkpt>
      <trkpt lat="25.7296595" lon="100.1868853"><ele>1969.3</ele><time>2023-12-09T00:38:17Z</time></trkpt>
      <trkpt lat="25.7296746" lon="100.1868704"><ele>1969.4</ele><time>2023-12-09T00:38:18Z</time></trkpt>
      <trkpt lat="25.7296894" lon="100.1868553"><ele>1969.4</ele><time>2023-12-09T00:38:19Z</time></trkpt>
      <trkpt lat="25.7297043" lon="100.1868402"><ele>1969.5</ele><time>2023-12-09T00:38:20Z</time></trkpt>
      <trkpt lat="25.7297197" lon="100.1868252"><ele>1969.5</ele><time>2023-12-09T00:38:21Z</time></trkpt>
      <trkpt lat="25.7297356" lon="100.1868102"><ele>1969.5</ele><time>2023-12-09T00:38:22Z</time></trkpt>
      <trkpt lat="25.7297522" lon="100.1867946"><ele>1969.6</ele><time>2023-12-09T00:38:23Z</time></trkpt>
      <trkpt lat="25.7297692" lon="100.1867792"><ele>1969.6</ele><time>2023-12-09T00:38:24Z</time></trkpt>
      <trkpt lat="25.7297862" lon="100.1867647"><ele>1969.7</ele><time>2023-12-09T00:38:25Z</time></trkpt>
      <trkpt lat="25.7298031" lon="100.1867508"><ele>1969.7</ele><time>2023-12-09T00:38:26Z</time></trkpt>
      <trkpt lat="25.7298197" lon="100.1867374"><ele>1969.7</ele><time>2023-12-09T00:38:27Z</time></trkpt>
      <trkpt lat="25.7298366" lon="100.1867245"><ele>1969.8</ele><time>2023-12-09T00:38:28Z</time></trkpt>
      <trkpt lat="25.7298539" lon="100.1867121"><ele>1969.8</ele><time>2023-12-09T00:38:29Z</time></trkpt>
      <trkpt lat="25.7298716" lon="100.1867007"><ele>1969.8</ele><time>2023-12-09T00:38:30Z</time></trkpt>
      <trkpt lat="25.7298897" lon="100.1866906"><ele>1969.9</ele><time>2023-12-09T00:38:31Z</time></trkpt>
      <trkpt lat="25.7299079" lon="100.1866807"><ele>1969.9</ele><time>2023-12-09T00:38:32Z</time></trkpt>
      <trkpt lat="25.7299262" lon="100.1866701"><ele>1969.9</ele><time>2023-12-09T00:38:33Z</time></trkpt>
      <trkpt lat="25.7299444" lon="100.1866594"><ele>1970.0</ele><time>2023-12-09T00:38:34Z</time></trkpt>
      <trkpt lat="25.7299626" lon="100.1866489"><ele>1970.0</ele><time>2023-12-09T00:38:35Z</time></trkpt>
      <trkpt lat="25.7299816" lon="100.1866390"><ele>1970.0</ele><time>2023-12-09T00:38:36Z</time></trkpt>
      <trkpt lat="25.7300012" lon="100.1866301"><ele>1970.0</ele><time>2023-12-09T00:38:37Z</time></trkpt>
      <trkpt lat="25.7300214" lon="100.1866222"><ele>1970.1</ele><time>2023-12-09T00:38:38Z</time></trkpt>
      <trkpt lat="25.7300416" lon="100.1866148"><ele>1970.1</ele><time>2023-12-09T00:38:39Z</time></trkpt>
      <trkpt lat="25.7300612" lon="100.1866067"><ele>1970.2</ele><time>2023-12-09T00:38:40Z</time></trkpt>
      <trkpt lat="25.7300807" lon="100.1865982"><ele>1970.3</ele><time>2023-12-09T00:38:41Z</time></trkpt>
      <trkpt lat="25.7301006" lon="100.1865905"><ele>1970.3</ele><time>2023-12-09T00:38:42Z</time></trkpt>
      <trkpt lat="25.7301206" lon="100.1865832"><ele>1970.4</ele><time>2023-12-09T00:38:43Z</time></trkpt>
      <trkpt lat="25.7301402" lon="100.1865754"><ele>1970.5</ele><time>2023-12-09T00:38:44Z</time></trkpt>
      <trkpt lat="25.7301594" lon="100.1865664"><ele>1970.6</ele><time>2023-12-09T00:38:45Z</time></trkpt>
      <trkpt lat="25.7301795" lon="100.1865574"><ele>1970.7</ele><time>2023-12-09T00:38:46Z</time></trkpt>
      <trkpt lat="25.7302003" lon="100.1865499"><ele>1970.8</ele><time>2023-12-09T00:38:47Z</time></trkpt>
      <trkpt lat="25.7302215" lon="100.1865438"><ele>1970.9</ele><time>2023-12-09T00:38:48Z</time></trkpt>
      <trkpt lat="25.7302426" lon="100.1865385"><ele>1971.0</ele><time>2023-12-09T00:38:49Z</time></trkpt>
      <trkpt lat="25.7302635" lon="100.1865340"><ele>1971.2</ele><time>2023-12-09T00:38:50Z</time></trkpt>
      <trkpt lat="25.7302845" lon="100.1865304"><ele>1971.3</ele><time>2023-12-09T00:38:51Z</time></trkpt>
      <trkpt lat="25.7303057" lon="100.1865271"><ele>1971.5</ele><time>2023-12-09T00:38:52Z</time></trkpt>
      <trkpt lat="25.7303268" lon="100.1865228"><ele>1971.6</ele><time>2023-12-09T00:38:53Z</time></trkpt>
      <trkpt lat="25.7303480" lon="100.1865177"><ele>1971.7</ele><time>2023-12-09T00:38:54Z</time></trkpt>
      <trkpt lat="25.7303699" lon="100.1865134"><ele>1971.8</ele><time>2023-12-09T00:38:55Z</time></trkpt>
      <trkpt lat="25.7303924" lon="100.1865111"><ele>1971.9</ele><time>2023-12-09T00:38:56Z</time></trkpt>
      <trkpt lat="25.7304150" lon="100.1865115"><ele>1972.0</ele><time>2023-12-09T00:38:57Z</time></trkpt>
      <trkpt lat="25.7304372" lon="100.1865129"><ele>1972.0</ele><time>2023-12-09T00:38:58Z</time></trkpt>
      <trkpt lat="25.7304592" lon="100.1865139"><ele>1972.0</ele><time>2023-12-09T00:38:59Z</time></trkpt>
      <trkpt lat="25.7304812" lon="100.1865147"><ele>1972.0</ele><time>2023-12-09T00:39:00Z</time></trkpt>
      <trkpt lat="25.7305034" lon="100.1865162"><ele>1972.0</ele><time>2023-12-09T00:39:01Z</time></trkpt>
      <trkpt lat="25.7305257" lon="100.1865187"><ele>1971.9</ele><time>2023-12-09T00:39:02Z</time></trkpt>
      <trkpt lat="25.7305482" lon="100.1865223"><ele>1971.9</ele><time>2023-12-09T00:39:03Z</time></trkpt>
      <trkpt lat="25.7305710" lon="100.1865270"><ele>1971.8</ele><time>2023-12-09T00:39:04Z</time></trkpt>
      <trkpt lat="25.7305940" lon="100.1865327"><ele>1971.6</ele><time>2023-12-09T00:39:05Z</time></trkpt>
      <trkpt lat="25.7306169" lon="100.1865388"><ele>1971.5</ele><time>2023-12-09T00:39:06Z</time></trkpt>
      <trkpt lat="25.7306394" lon="100.1865445"><ele>1971.4</ele><time>2023-12-09T00:39:07Z</time></trkpt>
      <trkpt lat="25.7306615" lon="100.1865494"><ele>1971.2</ele><time>2023-12-09T00:39:08Z</time></trkpt>
      <trkpt lat="25.7306837" lon="100.1865529"><ele>1971.0</ele><time>2023-12-09T00:39:09Z</time></trkpt>
      <trkpt lat="25.7307059" lon="100.1865540"><ele>1970.8</ele><time>2023-12-09T00:39:10Z</time></trkpt>
      <trkpt lat="25.7307282" lon="100.1865532"><ele>1970.6</ele><time>2023-12-09T00:39:11Z</time></trkpt>
      <trkpt lat="25.7307499" lon="100.1865514"><ele>1970.4</ele><time>2023-12-09T00:39:12Z</time></trkpt>
      <trkpt lat="25.7307712" lon="100.1865493"><ele>1970.2</ele><time>2023-12-09T00:39:13Z</time></trkpt>
      <trkpt lat="25.7307921" lon="100.1865482"><ele>1970.0</ele><time>2023-12-09T00:39:14Z</time></trkpt>
      <trkpt lat="25.7308129" lon="100.1865471"><ele>1969.8</ele><time>2023-12-09T00:39:15Z</time></trkpt>
      <trkpt lat="25.7308336" lon="100.1865442"><ele>1969.6</ele><time>2023-12-09T00:39:16Z</time></trkpt>
      <trkpt lat="25.7308538" lon="100.1865389"><ele>1969.4</ele><time>2023-12-09T00:39:17Z</time></trkpt>
      <trkpt lat="25.7308732" lon="100.1865312"><ele>1969.2</ele><time>2023-12-09T00:39:18Z</time></trkpt>
      <trkpt lat="25.7308918" lon="100.1865220"><ele>1969.0</ele><time>2023-12-09T00:39:19Z</time></trkpt>
      <trkpt lat="25.7309100" lon="100.1865116"><ele>1968.9</ele><time>2023-12-09T00:39:20Z</time></trkpt>
      <trkpt lat="25.7309279" lon="100.1865004"><ele>1968.7</ele><time>2023-12-09T00:39:21Z</time></trkpt>
      <trkpt lat="25.7309452" lon="100.1864887"><ele>1968.6</ele><time>2023-12-09T00:39:22Z</time></trkpt>
      <trkpt lat="25.7309622" lon="100.1864761"><ele>1968.5</ele><time>2023-12-09T00:39:23Z</time></trkpt>
      <trkpt lat="25.7309787" lon="100.1864626"><ele>1968.4</ele><time>2023-12-09T00:39:24Z</time></trkpt>
      <trkpt lat="25.7309945" lon="100.1864485"><ele>1968.3</ele><time>2023-12-09T00:39:25Z</time></trkpt>
      <trkpt lat="25.7310099" lon="100.1864340"><ele>1968.3</ele><time>2023-12-09T00:39:26Z</time></trkpt>
      <trkpt lat="25.7310252" lon="100.1864197"><ele>1968.2</ele><time>2023-12-09T00:39:27Z</time></trkpt>
      <trkpt lat="25.7310406" lon="100.1864056"><ele>1968.3</ele><time>2023-12-09T00:39:28Z</time></trkpt>
      <trkpt lat="25.7310556" lon="100.1863915"><ele>1968.3</ele><time>2023-12-09T00:39:29Z</time></trkpt>
      <trkpt lat="25.7310701" lon="100.1863768"><ele>1968.4</ele><time>2023-12-09T00:39:30Z</time></trkpt>
      <trkpt lat="25.7310841" lon="100.1863613"><ele>1968.4</ele><time>2023-12-09T00:39:31Z</time></trkpt>
      <trkpt lat="25.7310976" lon="100.1863452"><ele>1968.6</ele><time>2023-12-09T00:39:32Z</time></trkpt>
      <trkpt lat="25.7311110" lon="100.1863291"><ele>1968.7</ele><time>2023-12-09T00:39:33Z</time></trkpt>
      <trkpt lat="25.7311244" lon="100.1863138"><ele>1968.8</ele><time>2023-12-09T00:39:34Z</time></trkpt>
      <trkpt lat="25.7311385" lon="100.1862992"><ele>1968.9</ele><time>2023-12-09T00:39:35Z</time></trkpt>
      <trkpt lat="25.7311528" lon="100.1862852"><ele>1969.1</ele><time>2023-12-09T00:39:36Z</time></trkpt>
      <trkpt lat="25.7311660" lon="100.1862707"><ele>1969.2</ele><time>2023-12-09T00:39:37Z</time></trkpt>
      <trkpt lat="25.7311781" lon="100.1862553"><ele>1969.3</ele><time>2023-12-09T00:39:38Z</time></trkpt>
      <trkpt lat="25.7311896" lon="100.1862397"><ele>1969.5</ele><time>2023-12-09T00:39:39Z</time></trkpt>
      <trkpt lat="25.7312013" lon="100.1862241"><ele>1969.6</ele><time>2023-12-09T00:39:40Z</time></trkpt>
      <trkpt lat="25.7312134" lon="100.1862082"><ele>1969.7</ele><time>2023-12-09T00:39:41Z</time></trkpt>
      <trkpt lat="25.7312257" lon="100.1861919"><ele>1969.8</ele><time>2023-12-09T00:39:42Z</time></trkpt>
      <trkpt lat="25.7312376" lon="100.1861750"><ele>1969.9</ele><time>2023-12-09T00:39:43Z</time></trkpt>
      <trkpt lat="25.7312486" lon="100.1861582"><ele>1970.0</ele><time>2023-12-09T00:39:44Z</time></trkpt>
      <trkpt lat="25.7312592" lon="100.1861416"><ele>1970.1</ele><time>2023-12-09T00:39:45Z</time></trkpt>
      <trkpt lat="25.7312697" lon="100.1861255"><ele>1970.2</ele><time>2023-12-09T00:39:46Z</time></trkpt>
      <trkpt lat="25.7312802" lon="100.1861093"><ele>1970.2</ele><time>2023-12-09T00:39:47Z</time></trkpt>
      <trkpt lat="25.7312911" lon="100.1860924"><ele>1970.2</ele><time>2023-12-09T00:39:48Z</time></trkpt>
      <trkpt lat="25.7313021" lon="100.1860752"><ele>1970.3</ele><time>2023-12-09T00:39:49Z</time></trkpt>
      <trkpt lat="25.7313134" lon="100.1860577"><ele>1970.3</ele><time>2023-12-09T00:39:50Z</time></trkpt>
      <trkpt lat="25.7313246" lon="100.1860401"><ele>1970.3</ele><time>2023-12-09T00:39:51Z</time></trkpt>
      <trkpt lat="25.7313352" lon="100.1860221"><ele>1970.3</ele><time>2023-12-09T00:39:52Z</time></trkpt>
      <trkpt lat="25.7313456" lon="100.1860034"><ele>1970.3</ele><time>2023-12-09T00:39:53Z</time></trkpt>
      <trkpt lat="25.7313563" lon="100.1859842"><ele>1970.2</ele><time>2023-12-09T00:39:54Z</time></trkpt>
      <trkpt lat="25.7313672" lon="100.1859644"><ele>1970.2</ele><time>2023-12-09T00:39:55Z</time></trkpt>
      <trkpt lat="25.7313785" lon="100.1859447"><ele>1970.1</ele><time>2023-12-09T00:39:56Z</time></trkpt>
      <trkpt lat="25.7313899" lon="100.1859254"><ele>1970.1</ele><time>2023-12-09T00:39:57Z</time></trkpt>
      <trkpt lat="25.7314008" lon="100.1859064"><ele>1970.0</ele><time>2023-12-09T00:39:58Z</time></trkpt>
      <trkpt lat="25.7314114" lon="100.1858879"><ele>1970.0</ele><time>2023-12-09T00:39:59Z</time></trkpt>
      <trkpt lat="25.7314219" lon="100.1858697"><ele>1969.9</ele><time>2023-12-09T00:40:00Z</time></trkpt>
      <trkpt lat="25.7314322" lon="100.1858520"><ele>1969.8</ele><time>2023-12-09T00:40:01Z</time></trkpt>
      <trkpt lat="25.7314421" lon="100.1858347"><ele>1969.8</ele><time>2023-12-09T00:40:02Z</time></trkpt>
      <trkpt lat="25.7314518" lon="100.1858175"><ele>1969.7</ele><time>2023-12-09T00:40:03Z</time></trkpt>
      <trkpt lat="25.7314620" lon="100.1858002"><ele>1969.7</ele><time>2023-12-09T00:40:04Z</time></trkpt>
      <trkpt lat="25.7314732" lon="100.1857823"><ele>1969.7</ele><time>2023-12-09T00:40:05Z</time></trkpt>
      <trkpt lat="25.7314852" lon="100.1857642"><ele>1969.6</ele><time>2023-12-09T00:40:06Z</time></trkpt>
      <trkpt lat="25.7314969" lon="100.1857459"><ele>1969.6</ele><time>2023-12-09T00:40:07Z</time></trkpt>
      <trkpt lat="25.7315087" lon="100.1857275"><ele>1969.5</ele><time>2023-12-09T00:40:08Z</time></trkpt>
      <trkpt lat="25.7315213" lon="100.1857094"><ele>1969.4</ele><time>2023-12-09T00:40:09Z</time></trkpt>
      <trkpt lat="25.7315340" lon="100.1856912"><ele>1969.4</ele><time>2023-12-09T00:40:10Z</time></trkpt>
      <trkpt lat="25.7315463" lon="100.1856727"><ele>1969.3</ele><time>2023-12-09T00:40:11Z</time></trkpt>
      <trkpt lat="25.7315585" lon="100.1856535"><ele>1969.2</ele><time>2023-12-09T00:40:12Z</time></trkpt>
      <trkpt lat="25.7315704" lon="100.1856335"><ele>1969.2</ele><time>2023-12-09T00:40:13Z</time></trkpt>
      <trkpt lat="25.7315816" lon="100.1856131"><ele>1969.1</ele><time>2023-12-09T00:40:14Z</time></trkpt>
      <trkpt lat="25.7315932" lon="100.1855928"><ele>1969.0</ele><time>2023-12-09T00:40:15Z</time></trkpt>
      <trkpt lat="25.7316052" lon="100.1855731"><ele>1968.9</ele><time>2023-12-09T00:40:16Z</time></trkpt>
      <trkpt lat="25.7316173" lon="100.1855537"><ele>1968.8</ele><time>2023-12-09T00:40:17Z</time></trkpt>
      <trkpt lat="25.7316304" lon="100.1855350"><ele>1968.8</ele><time>2023-12-09T00:40:18Z</time></trkpt>
      <trkpt lat="25.7316443" lon="100.1855168"><ele>1968.7</ele><time>2023-12-09T00:40:19Z</time></trkpt>
      <trkpt lat="25.7316578" lon="100.1854984"><ele>1968.7</ele><time>2023-12-09T00:40:20Z</time></trkpt>
      <trkpt lat="25.7316705" lon="100.1854801"><ele>1968.6</ele><time>2023-12-09T00:40:21Z</time></trkpt>
      <trkpt lat="25.7316829" lon="100.1854614"><ele>1968.5</ele><time>2023-12-09T00:40:22Z</time></trkpt>
      <trkpt lat="25.7316955" lon="100.1854429"><ele>1968.5</ele><time>2023-12-09T00:40:23Z</time></trkpt>
      <trkpt lat="25.7317079" lon="100.1854247"><ele>1968.5</ele><time>2023-12-09T00:40:24Z</time></trkpt>
      <trkpt lat="25.7317196" lon="100.1854065"><ele>1968.4</ele><time>2023-12-09T00:40:25Z</time></trkpt>
      <trkpt lat="25.7317309" lon="100.1853881"><ele>1968.4</ele><time>2023-12-09T00:40:26Z</time></trkpt>
      <trkpt lat="25.7317421" lon="100.1853695"><ele>1968.4</ele><time>2023-12-09T00:40:27Z</time></trkpt>
      <trkpt lat="25.7317537" lon="100.1853511"><ele>1968.3</ele><time>2023-12-09T00:40:28Z</time></trkpt>
      <trkpt lat="25.7317655" lon="100.1853330"><ele>1968.3</ele><time>2023-12-09T00:40:29Z</time></trkpt>
      <trkpt lat="25.7317773" lon="100.1853147"><ele>1968.3</ele><time>2023-12-09T00:40:30Z</time></trkpt>
      <trkpt lat="25.7317885" lon="100.1852961"><ele>1968.3</ele><time>2023-12-09T00:40:31Z</time></trkpt>
      <trkpt lat="25.7317994" lon="100.1852772"><ele>1968.3</ele><time>2023-12-09T00:40:32Z</time></trkpt>
      <trkpt lat="25.7318110" lon="100.1852587"><ele>1968.3</ele><time>2023-12-09T00:40:33Z</time></trkpt>
      <trkpt lat="25.7318231" lon="100.1852404"><ele>1968.3</ele><time>2023-12-09T00:40:34Z</time></trkpt>
      <trkpt lat="25.7318348" lon="100.1852218"><ele>1968.3</ele><time>2023-12-09T00:40:35Z</time></trkpt>
      <trkpt lat="25.7318454" lon="100.1852026"><ele>1968.4</ele><time>2023-12-09T00:40:36Z</time></trkpt>
      <trkpt lat="25.7318549" lon="100.1851823"><ele>1968.5</ele><time>2023-12-09T00:40:37Z</time></trkpt>
      <trkpt lat="25.7318642" lon="100.1851617"><ele>1968.5</ele><time>2023-12-09T00:40:38Z</time></trkpt>
      <trkpt lat="25.7318733" lon="100.1851410"><ele>1968.6</ele><time>2023-12-09T00:40:39Z</time></trkpt>
      <trkpt lat="25.7318819" lon="100.1851202"><ele>1968.7</ele><time>2023-12-09T00:40:40Z</time></trkpt>
      <trkpt lat="25.7318905" lon="100.1850996"><ele>1968.8</ele><time>2023-12-09T00:40:41Z</time></trkpt>
      <trkpt lat="25.7318998" lon="100.1850792"><ele>1968.8</ele><time>2023-12-09T00:40:42Z</time></trkpt>
      <trkpt lat="25.7319093" lon="100.1850590"><ele>1968.9</ele><time>2023-12-09T00:40:43Z</time></trkpt>
      <trkpt lat="25.7319188" lon="100.1850387"><ele>1969.0</ele><time>2023-12-09T00:40:44Z</time></trkpt>
      <trkpt lat="25.7319287" lon="100.1850181"><ele>1969.1</ele><time>2023-12-09T00:40:45Z</time></trkpt>
      <trkpt lat="25.7319392" lon="100.1849973"><ele>1969.2</ele><time>2023-12-09T00:40:46Z</time></trkpt>
      <trkpt lat="25.7319500" lon="100.1849763"><ele>1969.3</ele><time>2023-12-09T00:40:47Z</time></trkpt>
      <trkpt lat="25.7319614" lon="100.1849559"><ele>1969.4</ele><time>2023-12-09T00:40:48Z</time></trkpt>
      <trkpt lat="25.7319737" lon="100.1849360"><ele>1969.5</ele><time>2023-12-09T00:40:49Z</time></trkpt>
      <trkpt lat="25.7319865" lon="100.1849166"><ele>1969.5</ele><time>2023-12-09T00:40:50Z</time></trkpt>
      <trkpt lat="25.7319998" lon="100.1848978"><ele>1969.6</ele><time>2023-12-09T00:40:51Z</time></trkpt>
      <trkpt lat="25.7320135" lon="100.1848792"><ele>1969.7</ele><time>2023-12-09T00:40:52Z</time></trkpt>
      <trkpt lat="25.7320283" lon="100.1848613"><ele>1969.7</ele><time>2023-12-09T00:40:53Z</time></trkpt>
      <trkpt lat="25.7320441" lon="100.1848438"><ele>1969.7</ele><time>2023-12-09T00:40:54Z</time></trkpt>
      <trkpt lat="25.7320602" lon="100.1848264"><ele>1969.8</ele><time>2023-12-09T00:40:55Z</time></trkpt>
      <trkpt lat="25.7320768" lon="100.1848096"><ele>1969.8</ele><time>2023-12-09T00:40:56Z</time></trkpt>
      <trkpt lat="25.7320939" lon="100.1847935"><ele>1969.8</ele><time>2023-12-09T00:40:57Z</time></trkpt>
      <trkpt lat="25.7321115" lon="100.1847785"><ele>1969.7</ele><time>2023-12-09T00:40:58Z</time></trkpt>
      <trkpt lat="25.7321298" lon="100.1847638"><ele>1969.7</ele><time>2023-12-09T00:40:59Z</time></trkpt>
      <trkpt lat="25.7321491" lon="100.1847494"><ele>1969.6</ele><time>2023-12-09T00:41:00Z</time></trkpt>
      <trkpt lat="25.7321701" lon="100.1847359"><ele>1969.6</ele><time>2023-12-09T00:41:01Z</time></trkpt>
      <trkpt lat="25.7321926" lon="100.1847230"><ele>1969.5</ele><time>2023-12-09T00:41:02Z</time></trkpt>
      <trkpt lat="25.7322154" lon="100.1847098"><ele>1969.4</ele><time>2023-12-09T00:41:03Z</time></trkpt>
      <trkpt lat="25.7322384" lon="100.1846959"><ele>1969.3</ele><time>2023-12-09T00:41:04Z</time></trkpt>
      <trkpt lat="25.7322619" lon="100.1846818"><ele>1969.2</ele><time>2023-12-09T00:41:05Z</time></trkpt>
      <trkpt lat="25.7322855" lon="100.1846680"><ele>1969.1</ele><time>2023-12-09T00:41:06Z</time></trkpt>
      <trkpt lat="25.7323089" lon="100.1846534"><ele>1969.0</ele><time>2023-12-09T00:41:07Z</time></trkpt>
      <trkpt lat="25.7323311" lon="100.1846365"><ele>1968.9</ele><time>2023-12-09T00:41:08Z</time></trkpt>
      <trkpt lat="25.7323507" lon="100.1846174"><ele>1968.8</ele><time>2023-12-09T00:41:09Z</time></trkpt>
      <trkpt lat="25.7323676" lon="100.1845977"><ele>1968.8</ele><time>2023-12-09T00:41:10Z</time></trkpt>
      <trkpt lat="25.7323836" lon="100.1845786"><ele>1968.7</ele><time>2023-12-09T00:41:11Z</time></trkpt>
      <trkpt lat="25.7323996" lon="100.1845602"><ele>1968.6</ele><time>2023-12-09T00:41:12Z</time></trkpt>
      <trkpt lat="25.7324153" lon="100.1845414"><ele>1968.5</ele><time>2023-12-09T00:41:13Z</time></trkpt>
      <trkpt lat="25.7324299" lon="100.1845214"><ele>1968.5</ele><time>2023-12-09T00:41:14Z</time></trkpt>
      <trkpt lat="25.7324430" lon="100.1845006"><ele>1968.4</ele><time>2023-12-09T00:41:15Z</time></trkpt>
      <trkpt lat="25.7324554" lon="100.1844800"><ele>1968.4</ele><time>2023-12-09T00:41:16Z</time></trkpt>
      <trkpt lat="25.7324676" lon="100.1844603"><ele>1968.4</ele><time>2023-12-09T00:41:17Z</time></trkpt>
      <trkpt lat="25.7324796" lon="100.1844404"><ele>1968.5</ele><time>2023-12-09T00:41:18Z</time></trkpt>
      <trkpt lat="25.7324908" lon="100.1844199"><ele>1968.5</ele><time>2023-12-09T00:41:19Z</time></trkpt>
      <trkpt lat="25.7325004" lon="100.1843990"><ele>1968.5</ele><time>2023-12-09T00:41:20Z</time></trkpt>
      <trkpt lat="25.7325092" lon="100.1843777"><ele>1968.5</ele><time>2023-12-09T00:41:21Z</time></trkpt>
      <trkpt lat="25.7325184" lon="100.1843566"><ele>1968.5</ele><time>2023-12-09T00:41:22Z</time></trkpt>
      <trkpt lat="25.7325278" lon="100.1843352"><ele>1968.5</ele><time>2023-12-09T00:41:23Z</time></trkpt>
      <trkpt lat="25.7325364" lon="100.1843135"><ele>1968.6</ele><time>2023-12-09T00:41:24Z</time></trkpt>
      <trkpt lat="25.7325438" lon="100.1842917"><ele>1968.6</ele><time>2023-12-09T00:41:25Z</time></trkpt>
      <trkpt lat="25.7325502" lon="100.1842700"><ele>1968.6</ele><time>2023-12-09T00:41:26Z</time></trkpt>
      <trkpt lat="25.7325556" lon="100.1842482"><ele>1968.7</ele><time>2023-12-09T00:41:27Z</time></trkpt>
      <trkpt lat="25.7325597" lon="100.1842258"><ele>1968.7</ele><time>2023-12-09T00:41:28Z</time></trkpt>
      <trkpt lat="25.7325633" lon="100.1842029"><ele>1968.7</ele><time>2023-12-09T00:41:29Z</time></trkpt>
      <trkpt lat="25.7325668" lon="100.1841799"><ele>1968.7</ele><time>2023-12-09T00:41:30Z</time></trkpt>
      <trkpt lat="25.7325703" lon="100.1841571"><ele>1968.8</ele><time>2023-12-09T00:41:31Z</time></trkpt>
      <trkpt lat="25.7325743" lon="100.1841348"><ele>1968.8</ele><time>2023-12-09T00:41:32Z</time></trkpt>
      <trkpt lat="25.7325786" lon="100.1841126"><ele>1968.9</ele><time>2023-12-09T00:41:33Z</time></trkpt>
      <trkpt lat="25.7325826" lon="100.1840903"><ele>1968.9</ele><time>2023-12-09T00:41:34Z</time></trkpt>
      <trkpt lat="25.7325854" lon="100.1840671"><ele>1969.0</ele><time>2023-12-09T00:41:35Z</time></trkpt>
      <trkpt lat="25.7325872" lon="100.1840428"><ele>1969.0</ele><time>2023-12-09T00:41:36Z</time></trkpt>
      <trkpt lat="25.7325888" lon="100.1840179"><ele>1969.1</ele><time>2023-12-09T00:41:37Z</time></trkpt>
      <trkpt lat="25.7325903" lon="100.1839931"><ele>1969.1</ele><time>2023-12-09T00:41:38Z</time></trkpt>
      <trkpt lat="25.7325921" lon="100.1839692"><ele>1969.2</ele><time>2023-12-09T00:41:39Z</time></trkpt>
      <trkpt lat="25.7325938" lon="100.1839463"><ele>1969.2</ele><time>2023-12-09T00:41:40Z</time></trkpt>
      <trkpt lat="25.7325956" lon="100.1839234"><ele>1969.2</ele><time>2023-12-09T00:41:41Z</time></trkpt>
      <trkpt lat="25.7325979" lon="100.1839002"><ele>1969.3</ele><time>2023-12-09T00:41:42Z</time></trkpt>
      <trkpt lat="25.7326009" lon="100.1838761"><ele>1969.3</ele><time>2023-12-09T00:41:43Z</time></trkpt>
      <trkpt lat="25.7326035" lon="100.1838513"><ele>1969.3</ele><time>2023-12-09T00:41:44Z</time></trkpt>
      <trkpt lat="25.7326055" lon="100.1838262"><ele>1969.3</ele><time>2023-12-09T00:41:45Z</time></trkpt>
      <trkpt lat="25.7326076" lon="100.1838015"><ele>1969.3</ele><time>2023-12-09T00:41:46Z</time></trkpt>
      <trkpt lat="25.7326101" lon="100.1837778"><ele>1969.3</ele><time>2023-12-09T00:41:47Z</time></trkpt>
      <trkpt lat="25.7326126" lon="100.1837549"><ele>1969.3</ele><time>2023-12-09T00:41:48Z</time></trkpt>
      <trkpt lat="25.7326148" lon="100.1837324"><ele>1969.3</ele><time>2023-12-09T00:41:49Z</time></trkpt>
      <trkpt lat="25.7326169" lon="100.1837100"><ele>1969.2</ele><time>2023-12-09T00:41:50Z</time></trkpt>
      <trkpt lat="25.7326188" lon="100.1836879"><ele>1969.2</ele><time>2023-12-09T00:41:51Z</time></trkpt>
      <trkpt lat="25.7326201" lon="100.1836662"><ele>1969.2</ele><time>2023-12-09T00:41:52Z</time></trkpt>
      <trkpt lat="25.7326213" lon="100.1836449"><ele>1969.2</ele><time>2023-12-09T00:41:53Z</time></trkpt>
      <trkpt lat="25.7326233" lon="100.1836243"><ele>1969.2</ele><time>2023-12-09T00:41:54Z</time></trkpt>
      <trkpt lat="25.7326259" lon="100.1836039"><ele>1969.2</ele><time>2023-12-09T00:41:55Z</time></trkpt>
      <trkpt lat="25.7326278" lon="100.1835832"><ele>1969.2</ele><time>2023-12-09T00:41:56Z</time></trkpt>
      <trkpt lat="25.7326284" lon="100.1835620"><ele>1969.2</ele><time>2023-12-09T00:41:57Z</time></trkpt>
      <trkpt lat="25.7326289" lon="100.1835402"><ele>1969.2</ele><time>2023-12-09T00:41:58Z</time></trkpt>
      <trkpt lat="25.7326300" lon="100.1835179"><ele>1969.3</ele><time>2023-12-09T00:41:59Z</time></trkpt>
      <trkpt lat="25.7326318" lon="100.1834959"><ele>1969.3</ele><time>2023-12-09T00:42:00Z</time></trkpt>
      <trkpt lat="25.7326331" lon="100.1834750"><ele>1969.4</ele><time>2023-12-09T00:42:01Z</time></trkpt>
      <trkpt lat="25.7326329" lon="100.1834552"><ele>1969.4</ele><time>2023-12-09T00:42:02Z</time></trkpt>
      <trkpt lat="25.7326317" lon="100.1834358"><ele>1969.4</ele><time>2023-12-09T00:42:03Z</time></trkpt>
      <trkpt lat="25.7326305" lon="100.1834161"><ele>1969.5</ele><time>2023-12-09T00:42:04Z</time></trkpt>
      <trkpt lat="25.7326293" lon="100.1833960"><ele>1969.5</ele><time>2023-12-09T00:42:05Z</time></trkpt>
      <trkpt lat="25.7326277" lon="100.1833760"><ele>1969.5</ele><time>2023-12-09T00:42:06Z</time></trkpt>
      <trkpt lat="25.7326250" lon="100.1833564"><ele>1969.6</ele><time>2023-12-09T00:42:07Z</time></trkpt>
      <trkpt lat="25.7326215" lon="100.1833366"><ele>1969.6</ele><time>2023-12-09T00:42:08Z</time></trkpt>
      <trkpt lat="25.7326176" lon="100.1833167"><ele>1969.6</ele><time>2023-12-09T00:42:09Z</time></trkpt>
      <trkpt lat="25.7326137" lon="100.1832966"><ele>1969.7</ele><time>2023-12-09T00:42:10Z</time></trkpt>
      <trkpt lat="25.7326099" lon="100.1832765"><ele>1969.7</ele><time>2023-12-09T00:42:11Z</time></trkpt>
      <trkpt lat="25.7326057" lon="100.1832566"><ele>1969.7</ele><time>2023-12-09T00:42:12Z</time></trkpt>
      <trkpt lat="25.7326011" lon="100.1832370"><ele>1969.7</ele><time>2023-12-09T00:42:13Z</time></trkpt>
      <trkpt lat="25.7325954" lon="100.1832181"><ele>1969.8</ele><time>2023-12-09T00:42:14Z</time></trkpt>
      <trkpt lat="25.7325881" lon="100.1831998"><ele>1969.8</ele><time>2023-12-09T00:42:15Z</time></trkpt>
      <trkpt lat="25.7325793" lon="100.1831821"><ele>1969.8</ele><time>2023-12-09T00:42:16Z</time></trkpt>
      <trkpt lat="25.7325696" lon="100.1831650"><ele>1969.9</ele><time>2023-12-09T00:42:17Z</time></trkpt>
      <trkpt lat="25.7325598" lon="100.1831482"><ele>1969.9</ele><time>2023-12-09T00:42:18Z</time></trkpt>
      <trkpt lat="25.7325503" lon="100.1831314"><ele>1969.9</ele><time>2023-12-09T00:42:19Z</time></trkpt>
      <trkpt lat="25.7325410" lon="100.1831143"><ele>1970.0</ele><time>2023-12-09T00:42:20Z</time></trkpt>
      <trkpt lat="25.7325320" lon="100.1830967"><ele>1970.0</ele><time>2023-12-09T00:42:21Z</time></trkpt>
      <trkpt lat="25.7325234" lon="100.1830786"><ele>1970.0</ele><time>2023-12-09T00:42:22Z</time></trkpt>
      <trkpt lat="25.7325156" lon="100.1830598"><ele>1970.0</ele><time>2023-12-09T00:42:23Z</time></trkpt>
      <trkpt lat="25.7325086" lon="100.1830403"><ele>1970.1</ele><time>2023-12-09T00:42:24Z</time></trkpt>
      <trkpt lat="25.7325018" lon="100.1830203"><ele>1970.1</ele><time>2023-12-09T00:42:25Z</time></trkpt>
      <trkpt lat="25.7324951" lon="100.1829999"><ele>1970.1</ele><time>2023-12-09T00:42:26Z</time></trkpt>
      <trkpt lat="25.7324881" lon="100.1829790"><ele>1970.1</ele><time>2023-12-09T00:42:27Z</time></trkpt>
      <trkpt lat="25.7324808" lon="100.1829578"><ele>1970.1</ele><time>2023-12-09T00:42:28Z</time></trkpt>
      <trkpt lat="25.7324735" lon="100.1829369"><ele>1970.1</ele><time>2023-12-09T00:42:29Z</time></trkpt>
      <trkpt lat="25.7324662" lon="100.1829163"><ele>1970.1</ele><time>2023-12-09T00:42:30Z</time></trkpt>
      <trkpt lat="25.7324597" lon="100.1828956"><ele>1970.1</ele><time>2023-12-09T00:42:31Z</time></trkpt>
      <trkpt lat="25.7324537" lon="100.1828748"><ele>1970.0</ele><time>2023-12-09T00:42:32Z</time></trkpt>
      <trkpt lat="25.7324479" lon="100.1828529"><ele>1970.0</ele><time>2023-12-09T00:42:33Z</time></trkpt>
      <trkpt lat="25.7324427" lon="100.1828294"><ele>1970.0</ele><time>2023-12-09T00:42:34Z</time></trkpt>
      <trkpt lat="25.7324381" lon="100.1828047"><ele>1970.0</ele><time>2023-12-09T00:42:35Z</time></trkpt>
      <trkpt lat="25.7324346" lon="100.1827798"><ele>1970.0</ele><time>2023-12-09T00:42:36Z</time></trkpt>
      <trkpt lat="25.7324312" lon="100.1827552"><ele>1970.0</ele><time>2023-12-09T00:42:37Z</time></trkpt>
      <trkpt lat="25.7324275" lon="100.1827310"><ele>1970.0</ele><time>2023-12-09T00:42:38Z</time></trkpt>
      <trkpt lat="25.7324235" lon="100.1827070"><ele>1970.1</ele><time>2023-12-09T00:42:39Z</time></trkpt>
      <trkpt lat="25.7324188" lon="100.1826831"><ele>1970.1</ele><time>2023-12-09T00:42:40Z</time></trkpt>
      <trkpt lat="25.7324141" lon="100.1826593"><ele>1970.2</ele><time>2023-12-09T00:42:41Z</time></trkpt>
      <trkpt lat="25.7324106" lon="100.1826349"><ele>1970.2</ele><time>2023-12-09T00:42:42Z</time></trkpt>
      <trkpt lat="25.7324077" lon="100.1826099"><ele>1970.3</ele><time>2023-12-09T00:42:43Z</time></trkpt>
      <trkpt lat="25.7324045" lon="100.1825843"><ele>1970.3</ele><time>2023-12-09T00:42:44Z</time></trkpt>
      <trkpt lat="25.7324013" lon="100.1825587"><ele>1970.3</ele><time>2023-12-09T00:42:45Z</time></trkpt>
      <trkpt lat="25.7323986" lon="100.1825332"><ele>1970.4</ele><time>2023-12-09T00:42:46Z</time></trkpt>
      <trkpt lat="25.7323968" lon="100.1825078"><ele>1970.4</ele><time>2023-12-09T00:42:47Z</time></trkpt>
      <trkpt lat="25.7323960" lon="100.1824830"><ele>1970.4</ele><time>2023-12-09T00:42:48Z</time></trkpt>
      <trkpt lat="25.7323954" lon="100.1824582"><ele>1970.4</ele><time>2023-12-09T00:42:49Z</time></trkpt>
      <trkpt lat="25.7323952" lon="100.1824332"><ele>1970.4</ele><time>2023-12-09T00:42:50Z</time></trkpt>
      <trkpt lat="25.7323953" lon="100.1824083"><ele>1970.3</ele><time>2023-12-09T00:42:51Z</time></trkpt>
      <trkpt lat="25.7323953" lon="100.1823834"><ele>1970.3</ele><time>2023-12-09T00:42:52Z</time></trkpt>
      <trkpt lat="25.7323960" lon="100.1823588"><ele>1970.2</ele><time>2023-12-09T00:42:53Z</time></trkpt>
      <trkpt lat="25.7323976" lon="100.1823337"><ele>1970.2</ele><time>2023-12-09T00:42:54Z</time></trkpt>
      <trkpt lat="25.7323994" lon="100.1823085"><ele>1970.1</ele><time>2023-12-09T00:42:55Z</time></trkpt>
      <trkpt lat="25.7324004" lon="100.1822834"><ele>1970.0</ele><time>2023-12-09T00:42:56Z</time></trkpt>
      <trkpt lat="25.7324005" lon="100.1822583"><ele>1969.9</ele><time>2023-12-09T00:42:57Z</time></trkpt>
      <trkpt lat="25.7324007" lon="100.1822334"><ele>1969.9</ele><time>2023-12-09T00:42:58Z</time></trkpt>
      <trkpt lat="25.7324015" lon="100.1822086"><ele>1969.8</ele><time>2023-12-09T00:42:59Z</time></trkpt>
      <trkpt lat="25.7324028" lon="100.1821838"><ele>1969.7</ele><time>2023-12-09T00:43:00Z</time></trkpt>
      <trkpt lat="25.7324045" lon="100.1821590"><ele>1969.6</ele><time>2023-12-09T00:43:01Z</time></trkpt>
      <trkpt lat="25.7324066" lon="100.1821338"><ele>1969.6</ele><time>2023-12-09T00:43:02Z</time></trkpt>
      <trkpt lat="25.7324098" lon="100.1821087"><ele>1969.5</ele><time>2023-12-09T00:43:03Z</time></trkpt>
      <trkpt lat="25.7324141" lon="100.1820840"><ele>1969.4</ele><time>2023-12-09T00:43:04Z</time></trkpt>
      <trkpt lat="25.7324187" lon="100.1820599"><ele>1969.4</ele><time>2023-12-09T00:43:05Z</time></trkpt>
      <trkpt lat="25.7324229" lon="100.1820361"><ele>1969.4</ele><time>2023-12-09T00:43:06Z</time></trkpt>
      <trkpt lat="25.7324271" lon="100.1820124"><ele>1969.4</ele><time>2023-12-09T00:43:07Z</time></trkpt>
      <trkpt lat="25.7324318" lon="100.1819888"><ele>1969.4</ele><time>2023-12-09T00:43:08Z</time></trkpt>
      <trkpt lat="25.7324366" lon="100.1819648"><ele>1969.4</ele><time>2023-12-09T00:43:09Z</time></trkpt>
      <trkpt lat="25.7324411" lon="100.1819408"><ele>1969.5</ele><time>2023-12-09T00:43:10Z</time></trkpt>
      <trkpt lat="25.7324461" lon="100.1819170"><ele>1969.5</ele><time>2023-12-09T00:43:11Z</time></trkpt>
      <trkpt lat="25.7324521" lon="100.1818939"><ele>1969.5</ele><time>2023-12-09T00:43:12Z</time></trkpt>
      <trkpt lat="25.7324586" lon="100.1818714"><ele>1969.5</ele><time>2023-12-09T00:43:13Z</time></trkpt>
      <trkpt lat="25.7324647" lon="100.1818487"><ele>1969.6</ele><time>2023-12-09T00:43:14Z</time></trkpt>
      <trkpt lat="25.7324709" lon="100.1818263"><ele>1969.7</ele><time>2023-12-09T00:43:15Z</time></trkpt>
      <trkpt lat="25.7324783" lon="100.1818042"><ele>1969.8</ele><time>2023-12-09T00:43:16Z</time></trkpt>
      <trkpt lat="25.7324873" lon="100.1817823"><ele>1969.8</ele><time>2023-12-09T00:43:17Z</time></trkpt>
      <trkpt lat="25.7324968" lon="100.1817605"><ele>1969.9</ele><time>2023-12-09T00:43:18Z</time></trkpt>
      <trkpt lat="25.7325059" lon="100.1817385"><ele>1970.0</ele><time>2023-12-09T00:43:19Z</time></trkpt>
      <trkpt lat="25.7325145" lon="100.1817167"><ele>1970.1</ele><time>2023-12-09T00:43:20Z</time></trkpt>
      <trkpt lat="25.7325226" lon="100.1816947"><ele>1970.2</ele><time>2023-12-09T00:43:21Z</time></trkpt>
      <trkpt lat="25.7325305" lon="100.1816725"><ele>1970.3</ele><time>2023-12-09T00:43:22Z</time></trkpt>
      <trkpt lat="25.7325383" lon="100.1816506"><ele>1970.3</ele><time>2023-12-09T00:43:23Z</time></trkpt>
      <trkpt lat="25.7325460" lon="100.1816287"><ele>1970.4</ele><time>2023-12-09T00:43:24Z</time></trkpt>
      <trkpt lat="25.7325537" lon="100.1816070"><ele>1970.5</ele><time>2023-12-09T00:43:25Z</time></trkpt>
      <trkpt lat="25.7325615" lon="100.1815837"><ele>1970.5</ele><time>2023-12-09T00:43:26Z</time></trkpt>
      <trkpt lat="25.7325710" lon="100.1815580"><ele>1970.6</ele><time>2023-12-09T00:43:27Z</time></trkpt>
      <trkpt lat="25.7325826" lon="100.1815316"><ele>1970.6</ele><time>2023-12-09T00:43:28Z</time></trkpt>
      <trkpt lat="25.7325945" lon="100.1815058"><ele>1970.6</ele><time>2023-12-09T00:43:29Z</time></trkpt>
      <trkpt lat="25.7326048" lon="100.1814811"><ele>1970.6</ele><time>2023-12-09T00:43:30Z</time></trkpt>
      <trkpt lat="25.7326125" lon="100.1814558"><ele>1970.6</ele><time>2023-12-09T00:43:31Z</time></trkpt>
      <trkpt lat="25.7326180" lon="100.1814302"><ele>1970.6</ele><time>2023-12-09T00:43:32Z</time></trkpt>
      <trkpt lat="25.7326229" lon="100.1814057"><ele>1970.5</ele><time>2023-12-09T00:43:33Z</time></trkpt>
      <trkpt lat="25.7326283" lon="100.1813824"><ele>1970.5</ele><time>2023-12-09T00:43:34Z</time></trkpt>
      <trkpt lat="25.7326337" lon="100.1813596"><ele>1970.5</ele><time>2023-12-09T00:43:35Z</time></trkpt>
      <trkpt lat="25.7326394" lon="100.1813362"><ele>1970.4</ele><time>2023-12-09T00:43:36Z</time></trkpt>
      <trkpt lat="25.7326461" lon="100.1813119"><ele>1970.4</ele><time>2023-12-09T00:43:37Z</time></trkpt>
      <trkpt lat="25.7326531" lon="100.1812874"><ele>1970.3</ele><time>2023-12-09T00:43:38Z</time></trkpt>
      <trkpt lat="25.7326602" lon="100.1812631"><ele>1970.3</ele><time>2023-12-09T00:43:39Z</time></trkpt>
      <trkpt lat="25.7326673" lon="100.1812398"><ele>1970.2</ele><time>2023-12-09T00:43:40Z</time></trkpt>
      <trkpt lat="25.7326746" lon="100.1812172"><ele>1970.2</ele><time>2023-12-09T00:43:41Z</time></trkpt>
      <trkpt lat="25.7326813" lon="100.1811946"><ele>1970.1</ele><time>2023-12-09T00:43:42Z</time></trkpt>
      <trkpt lat="25.7326862" lon="100.1811723"><ele>1970.0</ele><time>2023-12-09T00:43:43Z</time></trkpt>
      <trkpt lat="25.7326902" lon="100.1811503"><ele>1970.0</ele><time>2023-12-09T00:43:44Z</time></trkpt>
      <trkpt lat="25.7326947" lon="100.1811288"><ele>1969.9</ele><time>2023-12-09T00:43:45Z</time></trkpt>
      <trkpt lat="25.7327001" lon="100.1811072"><ele>1969.8</ele><time>2023-12-09T00:43:46Z</time></trkpt>
      <trkpt lat="25.7327064" lon="100.1810857"><ele>1969.8</ele><time>2023-12-09T00:43:47Z</time></trkpt>
      <trkpt lat="25.7327131" lon="100.1810644"><ele>1969.7</ele><time>2023-12-09T00:43:48Z</time></trkpt>
      <trkpt lat="25.7327197" lon="100.1810432"><ele>1969.7</ele><time>2023-12-09T00:43:49Z</time></trkpt>
      <trkpt lat="25.7327257" lon="100.1810220"><ele>1969.7</ele><time>2023-12-09T00:43:50Z</time></trkpt>
      <trkpt lat="25.7327306" lon="100.1810002"><ele>1969.6</ele><time>2023-12-09T00:43:51Z</time></trkpt>
      <trkpt lat="25.7327349" lon="100.1809783"><ele>1969.6</ele><time>2023-12-09T00:43:52Z</time></trkpt>
      <trkpt lat="25.7327389" lon="100.1809565"><ele>1969.6</ele><time>2023-12-09T00:43:53Z</time></trkpt>
      <trkpt lat="25.7327430" lon="100.1809347"><ele>1969.6</ele><time>2023-12-09T00:43:54Z</time></trkpt>
      <trkpt lat="25.7327472" lon="100.1809129"><ele>1969.6</ele><time>2023-12-09T00:43:55Z</time></trkpt>
      <trkpt lat="25.7327517" lon="100.1808904"><ele>1969.6</ele><time>2023-12-09T00:43:56Z</time></trkpt>
      <trkpt lat="25.7327563" lon="100.1808670"><ele>1969.6</ele><time>2023-12-09T00:43:57Z</time></trkpt>
      <trkpt lat="25.7327609" lon="100.1808429"><ele>1969.7</ele><time>2023-12-09T00:43:58Z</time></trkpt>
      <trkpt lat="25.7327657" lon="100.1808189"><ele>1969.7</ele><time>2023-12-09T00:43:59Z</time></trkpt>
      <trkpt lat="25.7327706" lon="100.1807954"><ele>1969.7</ele><time>2023-12-09T00:44:00Z</time></trkpt>
      <trkpt lat="25.7327753" lon="100.1807723"><ele>1969.8</ele><time>2023-12-09T00:44:01Z</time></trkpt>
      <trkpt lat="25.7327797" lon="100.1807499"><ele>1969.8</ele><time>2023-12-09T00:44:02Z</time></trkpt>
      <trkpt lat="25.7327839" lon="100.1807277"><ele>1969.9</ele><time>2023-12-09T00:44:03Z</time></trkpt>
      <trkpt lat="25.7327881" lon="100.1807056"><ele>1969.9</ele><time>2023-12-09T00:44:04Z</time></trkpt>
      <trkpt lat="25.7327931" lon="100.1806836"><ele>1969.9</ele><time>2023-12-09T00:44:05Z</time></trkpt>
      <trkpt lat="25.7327986" lon="100.1806615"><ele>1969.9</ele><time>2023-12-09T00:44:06Z</time></trkpt>
      <trkpt lat="25.7328037" lon="100.1806397"><ele>1969.9</ele><time>2023-12-09T00:44:07Z</time></trkpt>
      <trkpt lat="25.7328074" lon="100.1806180"><ele>1970.0</ele><time>2023-12-09T00:44:08Z</time></trkpt>
      <trkpt lat="25.7328091" lon="100.1805964"><ele>1970.0</ele><time>2023-12-09T00:44:09Z</time></trkpt>
      <trkpt lat="25.7328099" lon="100.1805748"><ele>1969.9</ele><time>2023-12-09T00:44:10Z</time></trkpt>
      <trkpt lat="25.7328116" lon="100.1805526"><ele>1969.9</ele><time>2023-12-09T00:44:11Z</time></trkpt>
      <trkpt lat="25.7328149" lon="100.1805297"><ele>1969.9</ele><time>2023-12-09T00:44:12Z</time></trkpt>
      <trkpt lat="25.7328190" lon="100.1805061"><ele>1969.9</ele><time>2023-12-09T00:44:13Z</time></trkpt>
      <trkpt lat="25.7328226" lon="100.1804824"><ele>1969.8</ele><time>2023-12-09T00:44:14Z</time></trkpt>
      <trkpt lat="25.7328254" lon="100.1804589"><ele>1969.8</ele><time>2023-12-09T00:44:15Z</time></trkpt>
      <trkpt lat="25.7328277" lon="100.1804352"><ele>1969.7</ele><time>2023-12-09T00:44:16Z</time></trkpt>
      <trkpt lat="25.7328298" lon="100.1804115"><ele>1969.7</ele><time>2023-12-09T00:44:17Z</time></trkpt>
      <trkpt lat="25.7328319" lon="100.1803874"><ele>1969.6</ele><time>2023-12-09T00:44:18Z</time></trkpt>
      <trkpt lat="25.7328340" lon="100.1803636"><ele>1969.6</ele><time>2023-12-09T00:44:19Z</time></trkpt>
      <trkpt lat="25.7328362" lon="100.1803402"><ele>1969.5</ele><time>2023-12-09T00:44:20Z</time></trkpt>
      <trkpt lat="25.7328395" lon="100.1803175"><ele>1969.5</ele><time>2023-12-09T00:44:21Z</time></trkpt>
      <trkpt lat="25.7328441" lon="100.1802955"><ele>1969.5</ele><time>2023-12-09T00:44:22Z</time></trkpt>
      <trkpt lat="25.7328485" lon="100.1802733"><ele>1969.5</ele><time>2023-12-09T00:44:23Z</time></trkpt>
      <trkpt lat="25.7328521" lon="100.1802504"><ele>1969.5</ele><time>2023-12-09T00:44:24Z</time></trkpt>
      <trkpt lat="25.7328555" lon="100.1802266"><ele>1969.5</ele><time>2023-12-09T00:44:25Z</time></trkpt>
      <trkpt lat="25.7328588" lon="100.1802020"><ele>1969.6</ele><time>2023-12-09T00:44:26Z</time></trkpt>
      <trkpt lat="25.7328619" lon="100.1801776"><ele>1969.7</ele><time>2023-12-09T00:44:27Z</time></trkpt>
      <trkpt lat="25.7328656" lon="100.1801536"><ele>1969.7</ele><time>2023-12-09T00:44:28Z</time></trkpt>
      <trkpt lat="25.7328700" lon="100.1801305"><ele>1969.8</ele><time>2023-12-09T00:44:29Z</time></trkpt>
      <trkpt lat="25.7328749" lon="100.1801082"><ele>1969.9</ele><time>2023-12-09T00:44:30Z</time></trkpt>
      <trkpt lat="25.7328808" lon="100.1800868"><ele>1970.0</ele><time>2023-12-09T00:44:31Z</time></trkpt>
      <trkpt lat="25.7328872" lon="100.1800658"><ele>1970.1</ele><time>2023-12-09T00:44:32Z</time></trkpt>
      <trkpt lat="25.7328938" lon="100.1800441"><ele>1970.3</ele><time>2023-12-09T00:44:33Z</time></trkpt>
      <trkpt lat="25.7329011" lon="100.1800222"><ele>1970.4</ele><time>2023-12-09T00:44:34Z</time></trkpt>
      <trkpt lat="25.7329087" lon="100.1799996"><ele>1970.5</ele><time>2023-12-09T00:44:35Z</time></trkpt>
      <trkpt lat="25.7329164" lon="100.1799768"><ele>1970.5</ele><time>2023-12-09T00:44:36Z</time></trkpt>
      <trkpt lat="25.7329249" lon="100.1799541"><ele>1970.6</ele><time>2023-12-09T00:44:37Z</time></trkpt>
      <trkpt lat="25.7329346" lon="100.1799320"><ele>1970.6</ele><time>2023-12-09T00:44:38Z</time></trkpt>
      <trkpt lat="25.7329450" lon="100.1799102"><ele>1970.6</ele><time>2023-12-09T00:44:39Z</time></trkpt>
      <trkpt lat="25.7329557" lon="100.1798882"><ele>1970.6</ele><time>2023-12-09T00:44:40Z</time></trkpt>
      <trkpt lat="25.7329665" lon="100.1798662"><ele>1970.6</ele><time>2023-12-09T00:44:41Z</time></trkpt>
      <trkpt lat="25.7329773" lon="100.1798442"><ele>1970.6</ele><time>2023-12-09T00:44:42Z</time></trkpt>
      <trkpt lat="25.7329879" lon="100.1798224"><ele>1970.5</ele><time>2023-12-09T00:44:43Z</time></trkpt>
      <trkpt lat="25.7329981" lon="100.1798011"><ele>1970.4</ele><time>2023-12-09T00:44:44Z</time></trkpt>
      <trkpt lat="25.7330086" lon="100.1797801"><ele>1970.4</ele><time>2023-12-09T00:44:45Z</time></trkpt>
      <trkpt lat="25.7330195" lon="100.1797597"><ele>1970.3</ele><time>2023-12-09T00:44:46Z</time></trkpt>
      <trkpt lat="25.7330304" lon="100.1797396"><ele>1970.2</ele><time>2023-12-09T00:44:47Z</time></trkpt>
      <trkpt lat="25.7330411" lon="100.1797196"><ele>1970.0</ele><time>2023-12-09T00:44:48Z</time></trkpt>
      <trkpt lat="25.7330516" lon="100.1796996"><ele>1969.9</ele><time>2023-12-09T00:44:49Z</time></trkpt>
      <trkpt lat="25.7330619" lon="100.1796793"><ele>1969.8</ele><time>2023-12-09T00:44:50Z</time></trkpt>
      <trkpt lat="25.7330724" lon="100.1796592"><ele>1969.7</ele><time>2023-12-09T00:44:51Z</time></trkpt>
      <trkpt lat="25.7330838" lon="100.1796394"><ele>1969.6</ele><time>2023-12-09T00:44:52Z</time></trkpt>
      <trkpt lat="25.7330958" lon="100.1796198"><ele>1969.5</ele><time>2023-12-09T00:44:53Z</time></trkpt>
      <trkpt lat="25.7331079" lon="100.1795998"><ele>1969.4</ele><time>2023-12-09T00:44:54Z</time></trkpt>
      <trkpt lat="25.7331212" lon="100.1795794"><ele>1969.4</ele><time>2023-12-09T00:44:55Z</time></trkpt>
      <trkpt lat="25.7331364" lon="100.1795598"><ele>1969.3</ele><time>2023-12-09T00:44:56Z</time></trkpt>
      <trkpt lat="25.7331512" lon="100.1795408"><ele>1969.2</ele><time>2023-12-09T00:44:57Z</time></trkpt>
      <trkpt lat="25.7331635" lon="100.1795206"><ele>1969.2</ele><time>2023-12-09T00:44:58Z</time></trkpt>
      <trkpt lat="25.7331733" lon="100.1794992"><ele>1969.1</ele><time>2023-12-09T00:44:59Z</time></trkpt>
      <trkpt lat="25.7331825" lon="100.1794774"><ele>1969.1</ele><time>2023-12-09T00:45:00Z</time></trkpt>
      <trkpt lat="25.7331922" lon="100.1794560"><ele>1969.0</ele><time>2023-12-09T00:45:01Z</time></trkpt>
      <trkpt lat="25.7332019" lon="100.1794346"><ele>1969.0</ele><time>2023-12-09T00:45:02Z</time></trkpt>
      <trkpt lat="25.7332114" lon="100.1794127"><ele>1969.0</ele><time>2023-12-09T00:45:03Z</time></trkpt>
      <trkpt lat="25.7332204" lon="100.1793905"><ele>1969.0</ele><time>2023-12-09T00:45:04Z</time></trkpt>
      <trkpt lat="25.7332296" lon="100.1793687"><ele>1969.0</ele><time>2023-12-09T00:45:05Z</time></trkpt>
      <trkpt lat="25.7332397" lon="100.1793480"><ele>1969.0</ele><time>2023-12-09T00:45:06Z</time></trkpt>
      <trkpt lat="25.7332505" lon="100.1793279"><ele>1969.0</ele><time>2023-12-09T00:45:07Z</time></trkpt>
      <trkpt lat="25.7332614" lon="100.1793080"><ele>1969.0</ele><time>2023-12-09T00:45:08Z</time></trkpt>
      <trkpt lat="25.7332722" lon="100.1792885"><ele>1969.1</ele><time>2023-12-09T00:45:09Z</time></trkpt>
      <trkpt lat="25.7332832" lon="100.1792690"><ele>1969.1</ele><time>2023-12-09T00:45:10Z</time></trkpt>
      <trkpt lat="25.7332940" lon="100.1792492"><ele>1969.2</ele><time>2023-12-09T00:45:11Z</time></trkpt>
      <trkpt lat="25.7333044" lon="100.1792295"><ele>1969.2</ele><time>2023-12-09T00:45:12Z</time></trkpt>
      <trkpt lat="25.7333143" lon="100.1792111"><ele>1969.3</ele><time>2023-12-09T00:45:13Z</time></trkpt>
      <trkpt lat="25.7333234" lon="100.1791934"><ele>1969.4</ele><time>2023-12-09T00:45:14Z</time></trkpt>
      <trkpt lat="25.7333316" lon="100.1791752"><ele>1969.5</ele><time>2023-12-09T00:45:15Z</time></trkpt>
      <trkpt lat="25.7333390" lon="100.1791564"><ele>1969.6</ele><time>2023-12-09T00:45:16Z</time></trkpt>
      <trkpt lat="25.7333458" lon="100.1791371"><ele>1969.7</ele><time>2023-12-09T00:45:17Z</time></trkpt>
      <trkpt lat="25.7333513" lon="100.1791177"><ele>1969.8</ele><time>2023-12-09T00:45:18Z</time></trkpt>
      <trkpt lat="25.7333553" lon="100.1790980"><ele>1969.9</ele><time>2023-12-09T00:45:19Z</time></trkpt>
      <trkpt lat="25.7333579" lon="100.1790778"><ele>1970.0</ele><time>2023-12-09T00:45:20Z</time></trkpt>
      <trkpt lat="25.7333592" lon="100.1790572"><ele>1970.1</ele><time>2023-12-09T00:45:21Z</time></trkpt>
      <trkpt lat="25.7333598" lon="100.1790364"><ele>1970.2</ele><time>2023-12-09T00:45:22Z</time></trkpt>
      <trkpt lat="25.7333600" lon="100.1790161"><ele>1970.3</ele><time>2023-12-09T00:45:23Z</time></trkpt>
      <trkpt lat="25.7333598" lon="100.1789962"><ele>1970.4</ele><time>2023-12-09T00:45:24Z</time></trkpt>
      <trkpt lat="25.7333590" lon="100.1789765"><ele>1970.5</ele><time>2023-12-09T00:45:25Z</time></trkpt>
      <trkpt lat="25.7333576" lon="100.1789568"><ele>1970.5</ele><time>2023-12-09T00:45:26Z</time></trkpt>
      <trkpt lat="25.7333562" lon="100.1789370"><ele>1970.6</ele><time>2023-12-09T00:45:27Z</time></trkpt>
      <trkpt lat="25.7333550" lon="100.1789174"><ele>1970.6</ele><time>2023-12-09T00:45:28Z</time></trkpt>
      <trkpt lat="25.7333540" lon="100.1788979"><ele>1970.7</ele><time>2023-12-09T00:45:29Z</time></trkpt>
      <trkpt lat="25.7333525" lon="100.1788783"><ele>1970.7</ele><time>2023-12-09T00:45:30Z</time></trkpt>
      <trkpt lat="25.7333504" lon="100.1788585"><ele>1970.7</ele><time>2023-12-09T00:45:31Z</time></trkpt>
      <trkpt lat="25.7333483" lon="100.1788379"><ele>1970.7</ele><time>2023-12-09T00:45:32Z</time></trkpt>
      <trkpt lat="25.7333471" lon="100.1788164"><ele>1970.7</ele><time>2023-12-09T00:45:33Z</time></trkpt>
      <trkpt lat="25.7333462" lon="100.1787945"><ele>1970.6</ele><time>2023-12-09T00:45:34Z</time></trkpt>
      <trkpt lat="25.7333450" lon="100.1787723"><ele>1970.6</ele><time>2023-12-09T00:45:35Z</time></trkpt>
      <trkpt lat="25.7333443" lon="100.1787497"><ele>1970.5</ele><time>2023-12-09T00:45:36Z</time></trkpt>
      <trkpt lat="25.7333437" lon="100.1787265"><ele>1970.5</ele><time>2023-12-09T00:45:37Z</time></trkpt>
      <trkpt lat="25.7333432" lon="100.1787028"><ele>1970.4</ele><time>2023-12-09T00:45:38Z</time></trkpt>
      <trkpt lat="25.7333428" lon="100.1786788"><ele>1970.3</ele><time>2023-12-09T00:45:39Z</time></trkpt>
      <trkpt lat="25.7333428" lon="100.1786548"><ele>1970.3</ele><time>2023-12-09T00:45:40Z</time></trkpt>
      <trkpt lat="25.7333436" lon="100.1786315"><ele>1970.2</ele><time>2023-12-09T00:45:41Z</time></trkpt>
      <trkpt lat="25.7333454" lon="100.1786084"><ele>1970.1</ele><time>2023-12-09T00:45:42Z</time></trkpt>
      <trkpt lat="25.7333468" lon="100.1785852"><ele>1969.9</ele><time>2023-12-09T00:45:43Z</time></trkpt>
      <trkpt lat="25.7333482" lon="100.1785617"><ele>1969.8</ele><time>2023-12-09T00:45:44Z</time></trkpt>
      <trkpt lat="25.7333504" lon="100.1785378"><ele>1969.7</ele><time>2023-12-09T00:45:45Z</time></trkpt>
      <trkpt lat="25.7333532" lon="100.1785142"><ele>1969.6</ele><time>2023-12-09T00:45:46Z</time></trkpt>
      <trkpt lat="25.7333566" lon="100.1784910"><ele>1969.6</ele><time>2023-12-09T00:45:47Z</time></trkpt>
      <trkpt lat="25.7333604" lon="100.1784682"><ele>1969.5</ele><time>2023-12-09T00:45:48Z</time></trkpt>
      <trkpt lat="25.7333641" lon="100.1784455"><ele>1969.4</ele><time>2023-12-09T00:45:49Z</time></trkpt>
      <trkpt lat="25.7333671" lon="100.1784228"><ele>1969.4</ele><time>2023-12-09T00:45:50Z</time></trkpt>
      <trkpt lat="25.7333705" lon="100.1783998"><ele>1969.3</ele><time>2023-12-09T00:45:51Z</time></trkpt>
      <trkpt lat="25.7333747" lon="100.1783763"><ele>1969.3</ele><time>2023-12-09T00:45:52Z</time></trkpt>
      <trkpt lat="25.7333788" lon="100.1783531"><ele>1969.3</ele><time>2023-12-09T00:45:53Z</time></trkpt>
      <trkpt lat="25.7333824" lon="100.1783303"><ele>1969.3</ele><time>2023-12-09T00:45:54Z</time></trkpt>
      <trkpt lat="25.7333853" lon="100.1783078"><ele>1969.3</ele><time>2023-12-09T00:45:55Z</time></trkpt>
      <trkpt lat="25.7333874" lon="100.1782853"><ele>1969.3</ele><time>2023-12-09T00:45:56Z</time></trkpt>
      <trkpt lat="25.7333890" lon="100.1782629"><ele>1969.3</ele><time>2023-12-09T00:45:57Z</time></trkpt>
      <trkpt lat="25.7333900" lon="100.1782409"><ele>1969.4</ele><time>2023-12-09T00:45:58Z</time></trkpt>
      <trkpt lat="25.7333903" lon="100.1782193"><ele>1969.4</ele><time>2023-12-09T00:45:59Z</time></trkpt>
      <trkpt lat="25.7333899" lon="100.1781978"><ele>1969.4</ele><time>2023-12-09T00:46:00Z</time></trkpt>
      <trkpt lat="25.7333895" lon="100.1781763"><ele>1969.4</ele><time>2023-12-09T00:46:01Z</time></trkpt>
      <trkpt lat="25.7333893" lon="100.1781546"><ele>1969.4</ele><time>2023-12-09T00:46:02Z</time></trkpt>
      <trkpt lat="25.7333889" lon="100.1781328"><ele>1969.4</ele><time>2023-12-09T00:46:03Z</time></trkpt>
      <trkpt lat="25.7333883" lon="100.1781108"><ele>1969.4</ele><time>2023-12-09T00:46:04Z</time></trkpt>
      <trkpt lat="25.7333876" lon="100.1780890"><ele>1969.4</ele><time>2023-12-09T00:46:05Z</time></trkpt>
      <trkpt lat="25.7333868" lon="100.1780677"><ele>1969.3</ele><time>2023-12-09T00:46:06Z</time></trkpt>
      <trkpt lat="25.7333859" lon="100.1780466"><ele>1969.3</ele><time>2023-12-09T00:46:07Z</time></trkpt>
      <trkpt lat="25.7333852" lon="100.1780259"><ele>1969.3</ele><time>2023-12-09T00:46:08Z</time></trkpt>
      <trkpt lat="25.7333838" lon="100.1780054"><ele>1969.2</ele><time>2023-12-09T00:46:09Z</time></trkpt>
      <trkpt lat="25.7333819" lon="100.1779845"><ele>1969.2</ele><time>2023-12-09T00:46:10Z</time></trkpt>
      <trkpt lat="25.7333807" lon="100.1779631"><ele>1969.1</ele><time>2023-12-09T00:46:11Z</time></trkpt>
      <trkpt lat="25.7333800" lon="100.1779412"><ele>1969.1</ele><time>2023-12-09T00:46:12Z</time></trkpt>
      <trkpt lat="25.7333790" lon="100.1779193"><ele>1969.0</ele><time>2023-12-09T00:46:13Z</time></trkpt>
      <trkpt lat="25.7333775" lon="100.1778975"><ele>1969.0</ele><time>2023-12-09T00:46:14Z</time></trkpt>
      <trkpt lat="25.7333755" lon="100.1778754"><ele>1969.0</ele><time>2023-12-09T00:46:15Z</time></trkpt>
      <trkpt lat="25.7333735" lon="100.1778535"><ele>1968.9</ele><time>2023-12-09T00:46:16Z</time></trkpt>
      <trkpt lat="25.7333714" lon="100.1778319"><ele>1968.9</ele><time>2023-12-09T00:46:17Z</time></trkpt>
      <trkpt lat="25.7333688" lon="100.1778112"><ele>1968.8</ele><time>2023-12-09T00:46:18Z</time></trkpt>
      <trkpt lat="25.7333656" lon="100.1777910"><ele>1968.9</ele><time>2023-12-09T00:46:19Z</time></trkpt>
      <trkpt lat="25.7333624" lon="100.1777706"><ele>1968.9</ele><time>2023-12-09T00:46:20Z</time></trkpt>
      <trkpt lat="25.7333592" lon="100.1777499"><ele>1968.9</ele><time>2023-12-09T00:46:21Z</time></trkpt>
      <trkpt lat="25.7333559" lon="100.1777286"><ele>1968.9</ele><time>2023-12-09T00:46:22Z</time></trkpt>
      <trkpt lat="25.7333519" lon="100.1777073"><ele>1968.9</ele><time>2023-12-09T00:46:23Z</time></trkpt>
      <trkpt lat="25.7333472" lon="100.1776862"><ele>1968.9</ele><time>2023-12-09T00:46:24Z</time></trkpt>
      <trkpt lat="25.7333423" lon="100.1776656"><ele>1968.9</ele><time>2023-12-09T00:46:25Z</time></trkpt>
      <trkpt lat="25.7333369" lon="100.1776457"><ele>1968.9</ele><time>2023-12-09T00:46:26Z</time></trkpt>
      <trkpt lat="25.7333310" lon="100.1776262"><ele>1968.9</ele><time>2023-12-09T00:46:27Z</time></trkpt>
      <trkpt lat="25.7333244" lon="100.1776068"><ele>1968.9</ele><time>2023-12-09T00:46:28Z</time></trkpt>
      <trkpt lat="25.7333170" lon="100.1775875"><ele>1969.0</ele><time>2023-12-09T00:46:29Z</time></trkpt>
      <trkpt lat="25.7333088" lon="100.1775688"><ele>1969.0</ele><time>2023-12-09T00:46:30Z</time></trkpt>
      <trkpt lat="25.7333001" lon="100.1775504"><ele>1969.0</ele><time>2023-12-09T00:46:31Z</time></trkpt>
      <trkpt lat="25.7332908" lon="100.1775314"><ele>1969.0</ele><time>2023-12-09T00:46:32Z</time></trkpt>
      <trkpt lat="25.7332817" lon="100.1775114"><ele>1969.0</ele><time>2023-12-09T00:46:33Z</time></trkpt>
      <trkpt lat="25.7332734" lon="100.1774909"><ele>1969.0</ele><time>2023-12-09T00:46:34Z</time></trkpt>
      <trkpt lat="25.7332646" lon="100.1774705"><ele>1969.0</ele><time>2023-12-09T00:46:35Z</time></trkpt>
      <trkpt lat="25.7332542" lon="100.1774507"><ele>1968.9</ele><time>2023-12-09T00:46:36Z</time></trkpt>
      <trkpt lat="25.7332425" lon="100.1774318"><ele>1968.9</ele><time>2023-12-09T00:46:37Z</time></trkpt>
      <trkpt lat="25.7332304" lon="100.1774135"><ele>1969.0</ele><time>2023-12-09T00:46:38Z</time></trkpt>
      <trkpt lat="25.7332181" lon="100.1773952"><ele>1969.0</ele><time>2023-12-09T00:46:39Z</time></trkpt>
      <trkpt lat="25.7332050" lon="100.1773771"><ele>1969.0</ele><time>2023-12-09T00:46:40Z</time></trkpt>
      <trkpt lat="25.7331917" lon="100.1773595"><ele>1969.0</ele><time>2023-12-09T00:46:41Z</time></trkpt>
      <trkpt lat="25.7331786" lon="100.1773427"><ele>1969.0</ele><time>2023-12-09T00:46:42Z</time></trkpt>
      <trkpt lat="25.7331655" lon="100.1773271"><ele>1969.0</ele><time>2023-12-09T00:46:43Z</time></trkpt>
      <trkpt lat="25.7331520" lon="100.1773123"><ele>1969.1</ele><time>2023-12-09T00:46:44Z</time></trkpt>
      <trkpt lat="25.7331381" lon="100.1772981"><ele>1969.1</ele><time>2023-12-09T00:46:45Z</time></trkpt>
      <trkpt lat="25.7331241" lon="100.1772844"><ele>1969.2</ele><time>2023-12-09T00:46:46Z</time></trkpt>
      <trkpt lat="25.7331101" lon="100.1772707"><ele>1969.2</ele><time>2023-12-09T00:46:47Z</time></trkpt>
      <trkpt lat="25.7330962" lon="100.1772563"><ele>1969.3</ele><time>2023-12-09T00:46:48Z</time></trkpt>
      <trkpt lat="25.7330822" lon="100.1772404"><ele>1969.3</ele><time>2023-12-09T00:46:49Z</time></trkpt>
      <trkpt lat="25.7330682" lon="100.1772236"><ele>1969.4</ele><time>2023-12-09T00:46:50Z</time></trkpt>
      <trkpt lat="25.7330543" lon="100.1772065"><ele>1969.5</ele><time>2023-12-09T00:46:51Z</time></trkpt>
      <trkpt lat="25.7330408" lon="100.1771893"><ele>1969.6</ele><time>2023-12-09T00:46:52Z</time></trkpt>
      <trkpt lat="25.7330277" lon="100.1771723"><ele>1969.7</ele><time>2023-12-09T00:46:53Z</time></trkpt>
      <trkpt lat="25.7330150" lon="100.1771548"><ele>1969.8</ele><time>2023-12-09T00:46:53Z</time></trkpt>
      <trkpt lat="25.7330030" lon="100.1771371"><ele>1969.8</ele><time>2023-12-09T00:46:54Z</time></trkpt>
      <trkpt lat="25.7329913" lon="100.1771188"><ele>1969.9</ele><time>2023-12-09T00:46:55Z</time></trkpt>
      <trkpt lat="25.7329802" lon="100.1770997"><ele>1970.0</ele><time>2023-12-09T00:46:56Z</time></trkpt>
      <trkpt lat="25.7329689" lon="100.1770801"><ele>1970.1</ele><time>2023-12-09T00:46:57Z</time></trkpt>
      <trkpt lat="25.7329566" lon="100.1770601"><ele>1970.1</ele><time>2023-12-09T00:46:58Z</time></trkpt>
      <trkpt lat="25.7329436" lon="100.1770398"><ele>1970.2</ele><time>2023-12-09T00:46:59Z</time></trkpt>
      <trkpt lat="25.7329312" lon="100.1770195"><ele>1970.2</ele><time>2023-12-09T00:47:00Z</time></trkpt>
      <trkpt lat="25.7329202" lon="100.1769991"><ele>1970.1</ele><time>2023-12-09T00:47:01Z</time></trkpt>
      <trkpt lat="25.7329107" lon="100.1769784"><ele>1970.1</ele><time>2023-12-09T00:47:02Z</time></trkpt>
      <trkpt lat="25.7329018" lon="100.1769569"><ele>1970.0</ele><time>2023-12-09T00:47:03Z</time></trkpt>
      <trkpt lat="25.7328931" lon="100.1769350"><ele>1969.9</ele><time>2023-12-09T00:47:04Z</time></trkpt>
      <trkpt lat="25.7328837" lon="100.1769130"><ele>1969.8</ele><time>2023-12-09T00:47:05Z</time></trkpt>
      <trkpt lat="25.7328733" lon="100.1768909"><ele>1969.7</ele><time>2023-12-09T00:47:06Z</time></trkpt>
      <trkpt lat="25.7328622" lon="100.1768687"><ele>1969.6</ele><time>2023-12-09T00:47:07Z</time></trkpt>
      <trkpt lat="25.7328514" lon="100.1768462"><ele>1969.4</ele><time>2023-12-09T00:47:08Z</time></trkpt>
      <trkpt lat="25.7328410" lon="100.1768236"><ele>1969.3</ele><time>2023-12-09T00:47:09Z</time></trkpt>
      <trkpt lat="25.7328314" lon="100.1768012"><ele>1969.1</ele><time>2023-12-09T00:47:10Z</time></trkpt>
      <trkpt lat="25.7328229" lon="100.1767791"><ele>1969.0</ele><time>2023-12-09T00:47:11Z</time></trkpt>
      <trkpt lat="25.7328152" lon="100.1767569"><ele>1968.9</ele><time>2023-12-09T00:47:12Z</time></trkpt>
      <trkpt lat="25.7328073" lon="100.1767349"><ele>1968.7</ele><time>2023-12-09T00:47:13Z</time></trkpt>
      <trkpt lat="25.7327984" lon="100.1767134"><ele>1968.6</ele><time>2023-12-09T00:47:14Z</time></trkpt>
      <trkpt lat="25.7327881" lon="100.1766926"><ele>1968.6</ele><time>2023-12-09T00:47:15Z</time></trkpt>
      <trkpt lat="25.7327775" lon="100.1766723"><ele>1968.5</ele><time>2023-12-09T00:47:16Z</time></trkpt>
      <trkpt lat="25.7327678" lon="100.1766513"><ele>1968.4</ele><time>2023-12-09T00:47:17Z</time></trkpt>
      <trkpt lat="25.7327596" lon="100.1766296"><ele>1968.4</ele><time>2023-12-09T00:47:18Z</time></trkpt>
      <trkpt lat="25.7327530" lon="100.1766072"><ele>1968.4</ele><time>2023-12-09T00:47:19Z</time></trkpt>
      <trkpt lat="25.7327479" lon="100.1765843"><ele>1968.4</ele><time>2023-12-09T00:47:20Z</time></trkpt>
      <trkpt lat="25.7327437" lon="100.1765613"><ele>1968.4</ele><time>2023-12-09T00:47:21Z</time></trkpt>
      <trkpt lat="25.7327395" lon="100.1765381"><ele>1968.4</ele><time>2023-12-09T00:47:22Z</time></trkpt>
      <trkpt lat="25.7327348" lon="100.1765145"><ele>1968.4</ele><time>2023-12-09T00:47:23Z</time></trkpt>
      <trkpt lat="25.7327294" lon="100.1764903"><ele>1968.5</ele><time>2023-12-09T00:47:24Z</time></trkpt>
      <trkpt lat="25.7327239" lon="100.1764656"><ele>1968.5</ele><time>2023-12-09T00:47:25Z</time></trkpt>
      <trkpt lat="25.7327202" lon="100.1764408"><ele>1968.5</ele><time>2023-12-09T00:47:26Z</time></trkpt>
      <trkpt lat="25.7327180" lon="100.1764160"><ele>1968.5</ele><time>2023-12-09T00:47:27Z</time></trkpt>
      <trkpt lat="25.7327159" lon="100.1763917"><ele>1968.6</ele><time>2023-12-09T00:47:28Z</time></trkpt>
      <trkpt lat="25.7327130" lon="100.1763680"><ele>1968.6</ele><time>2023-12-09T00:47:29Z</time></trkpt>
      <trkpt lat="25.7327091" lon="100.1763453"><ele>1968.6</ele><time>2023-12-09T00:47:30Z</time></trkpt>
      <trkpt lat="25.7327045" lon="100.1763232"><ele>1968.6</ele><time>2023-12-09T00:47:31Z</time></trkpt>
      <trkpt lat="25.7327008" lon="100.1763005"><ele>1968.6</ele><time>2023-12-09T00:47:32Z</time></trkpt>
      <trkpt lat="25.7326980" lon="100.1762773"><ele>1968.6</ele><time>2023-12-09T00:47:33Z</time></trkpt>
      <trkpt lat="25.7326952" lon="100.1762538"><ele>1968.6</ele><time>2023-12-09T00:47:34Z</time></trkpt>
      <trkpt lat="25.7326940" lon="100.1762303"><ele>1968.6</ele><time>2023-12-09T00:47:35Z</time></trkpt>
      <trkpt lat="25.7326940" lon="100.1762069"><ele>1968.6</ele><time>2023-12-09T00:47:36Z</time></trkpt>
      <trkpt lat="25.7326935" lon="100.1761835"><ele>1968.7</ele><time>2023-12-09T00:47:37Z</time></trkpt>
      <trkpt lat="25.7326924" lon="100.1761600"><ele>1968.7</ele><time>2023-12-09T00:47:39Z</time></trkpt>
      <trkpt lat="25.7326921" lon="100.1761366"><ele>1968.7</ele><time>2023-12-09T00:47:40Z</time></trkpt>
      <trkpt lat="25.7326930" lon="100.1761133"><ele>1968.7</ele><time>2023-12-09T00:47:41Z</time></trkpt>
      <trkpt lat="25.7326940" lon="100.1760900"><ele>1968.7</ele><time>2023-12-09T00:47:42Z</time></trkpt>
      <trkpt lat="25.7326947" lon="100.1760664"><ele>1968.7</ele><time>2023-12-09T00:47:43Z</time></trkpt>
      <trkpt lat="25.7326951" lon="100.1760430"><ele>1968.8</ele><time>2023-12-09T00:47:44Z</time></trkpt>
      <trkpt lat="25.7326953" lon="100.1760199"><ele>1968.8</ele><time>2023-12-09T00:47:45Z</time></trkpt>
      <trkpt lat="25.7326957" lon="100.1759973"><ele>1968.8</ele><time>2023-12-09T00:47:46Z</time></trkpt>
      <trkpt lat="25.7326972" lon="100.1759752"><ele>1968.8</ele><time>2023-12-09T00:47:47Z</time></trkpt>
      <trkpt lat="25.7326997" lon="100.1759531"><ele>1968.8</ele><time>2023-12-09T00:47:48Z</time></trkpt>
      <trkpt lat="25.7327026" lon="100.1759306"><ele>1968.9</ele><time>2023-12-09T00:47:49Z</time></trkpt>
      <trkpt lat="25.7327058" lon="100.1759075"><ele>1968.9</ele><time>2023-12-09T00:47:50Z</time></trkpt>
      <trkpt lat="25.7327094" lon="100.1758845"><ele>1969.0</ele><time>2023-12-09T00:47:51Z</time></trkpt>
      <trkpt lat="25.7327129" lon="100.1758617"><ele>1969.0</ele><time>2023-12-09T00:47:52Z</time></trkpt>
      <trkpt lat="25.7327164" lon="100.1758391"><ele>1969.1</ele><time>2023-12-09T00:47:53Z</time></trkpt>
      <trkpt lat="25.7327201" lon="100.1758168"><ele>1969.2</ele><time>2023-12-09T00:47:54Z</time></trkpt>
      <trkpt lat="25.7327246" lon="100.1757949"><ele>1969.2</ele><time>2023-12-09T00:47:55Z</time></trkpt>
      <trkpt lat="25.7327300" lon="100.1757735"><ele>1969.3</ele><time>2023-12-09T00:47:56Z</time></trkpt>
      <trkpt lat="25.7327355" lon="100.1757523"><ele>1969.3</ele><time>2023-12-09T00:47:57Z</time></trkpt>
      <trkpt lat="25.7327408" lon="100.1757309"><ele>1969.3</ele><time>2023-12-09T00:47:58Z</time></trkpt>
      <trkpt lat="25.7327460" lon="100.1757095"><ele>1969.3</ele><time>2023-12-09T00:47:59Z</time></trkpt>
      <trkpt lat="25.7327510" lon="100.1756880"><ele>1969.3</ele><time>2023-12-09T00:48:00Z</time></trkpt>
      <trkpt lat="25.7327564" lon="100.1756662"><ele>1969.3</ele><time>2023-12-09T00:48:01Z</time></trkpt>
      <trkpt lat="25.7327622" lon="100.1756444"><ele>1969.3</ele><time>2023-12-09T00:48:02Z</time></trkpt>
      <trkpt lat="25.7327682" lon="100.1756226"><ele>1969.3</ele><time>2023-12-09T00:48:03Z</time></trkpt>
      <trkpt lat="25.7327744" lon="100.1756010"><ele>1969.2</ele><time>2023-12-09T00:48:04Z</time></trkpt>
      <trkpt lat="25.7327808" lon="100.1755790"><ele>1969.2</ele><time>2023-12-09T00:48:05Z</time></trkpt>
      <trkpt lat="25.7327879" lon="100.1755569"><ele>1969.1</ele><time>2023-12-09T00:48:06Z</time></trkpt>
      <trkpt lat="25.7327956" lon="100.1755348"><ele>1969.0</ele><time>2023-12-09T00:48:07Z</time></trkpt>
      <trkpt lat="25.7328030" lon="100.1755127"><ele>1968.9</ele><time>2023-12-09T00:48:08Z</time></trkpt>
      <trkpt lat="25.7328092" lon="100.1754904"><ele>1968.8</ele><time>2023-12-09T00:48:09Z</time></trkpt>
      <trkpt lat="25.7328155" lon="100.1754680"><ele>1968.8</ele><time>2023-12-09T00:48:10Z</time></trkpt>
    </trkseg>
  </trk>
  <extensions>
    <distance>6599.09</distance>
    <moving_time>2842.51</moving_time>
    <elapsed_time>2842.51</elapsed_time>
    <average_speed>2.32</average_speed>
    <start_time>2023-12-09T00:02:15Z</start_time>
    <end_time>2023-12-09T00:49:38Z</end_time>
    <average_hr>139.10</average_hr>
  </extensions>
</gpx>
