<?xml version="1.0" encoding="UTF-8"?>
<gpx version="1.1" creator="RunSync" xmlns="http://www.topografix.com/GPX/1/1">
  <metadata><time>2023-07-22T00:12:26Z</time></metadata>
  <trk>
    <name>跑步</name>
    <type>running</type>
    <trkseg>
      <trkpt lat="22.0711108" lon="113.3782213"><ele>9.2</ele><time>2023-07-22T00:14:03Z</time></trkpt>
      <trkpt lat="22.0711247" lon="113.3782098"><ele>9.1</ele><time>2023-07-22T00:14:04Z</time></trkpt>
      <trkpt lat="22.0711386" lon="113.3781983"><ele>9.1</ele><time>2023-07-22T00:14:05Z</time></trkpt>
      <trkpt lat="22.0711514" lon="113.3781868"><ele>9.1</ele><time>2023-07-22T00:14:06Z</time></trkpt>
      <trkpt lat="22.0711629" lon="113.3781742"><ele>9.1</ele><time>2023-07-22T00:14:07Z</time></trkpt>
      <trkpt lat="22.0711720" lon="113.3781596"><ele>9.2</ele><time>2023-07-22T00:14:08Z</time></trkpt>
      <trkpt lat="22.0711764" lon="113.3781420"><ele>9.2</ele><time>2023-07-22T00:14:09Z</time></trkpt>
      <trkpt lat="22.0711780" lon="113.3781221"><ele>9.2</ele><time>2023-07-22T00:14:10Z</time></trkpt>
      <trkpt lat="22.0711783" lon="113.3781017"><ele>9.3</ele><time>2023-07-22T00:14:11Z</time></trkpt>
      <trkpt lat="22.0711755" lon="113.3780819"><ele>9.3</ele><time>2023-07-22T00:14:12Z</time></trkpt>
      <trkpt lat="22.0711704" lon="113.3780634"><ele>9.4</ele><time>2023-07-22T00:14:13Z</time></trkpt>
      <trkpt lat="22.0711636" lon="113.3780468"><ele>9.5</ele><time>2023-07-22T00:14:14Z</time></trkpt>
      <trkpt lat="22.0711540" lon="113.3780316"><ele>9.6</ele><time>2023-07-22T00:14:15Z</time></trkpt>
      <trkpt lat="22.0711425" lon="113.3780170"><ele>9.6</ele><time>2023-07-22T00:14:16Z</time></trkpt>
      <trkpt lat="22.0711314" lon="113.3780031"><ele>9.7</ele><time>2023-07-22T00:14:17Z</time></trkpt>
      <trkpt lat="22.0711204" lon="113.3779890"><ele>9.8</ele><time>2023-07-22T00:14:18Z</time></trkpt>
      <trkpt lat="22.0711089" lon="113.3779742"><ele>9.9</ele><time>2023-07-22T00:14:19Z</time></trkpt>
      <trkpt lat="22.0710971" lon="113.3779598"><ele>10.0</ele><time>2023-07-22T00:14:20Z</time></trkpt>
      <trkpt lat="22.0710855" lon="113.3779456"><ele>10.1</ele><time>2023-07-22T00:14:21Z</time></trkpt>
      <trkpt lat="22.0710736" lon="113.3779317"><ele>10.1</ele><time>2023-07-22T00:14:22Z</time></trkpt>
      <trkpt lat="22.0710619" lon="113.3779185"><ele>10.2</ele><time>2023-07-22T00:14:23Z</time></trkpt>
      <trkpt lat="22.0710506" lon="113.3779058"><ele>10.3</ele><time>2023-07-22T00:14:24Z</time></trkpt>
      <trkpt lat="22.0710394" lon="113.3778937"><ele>10.4</ele><time>2023-07-22T00:14:25Z</time></trkpt>
      <trkpt lat="22.0710286" lon="113.3778817"><ele>10.5</ele><time>2023-07-22T00:14:26Z</time></trkpt>
      <trkpt lat="22.0710185" lon="113.3778691"><ele>10.6</ele><time>2023-07-22T00:14:27Z</time></trkpt>
      <trkpt lat="22.0710087" lon="113.3778565"><ele>10.7</ele><time>2023-07-22T00:14:28Z</time></trkpt>
      <trkpt lat="22.0709986" lon="113.3778446"><ele>10.8</ele><time>2023-07-22T00:14:29Z</time></trkpt>
      <trkpt lat="22.0709864" lon="113.3778364"><ele>10.9</ele><time>2023-07-22T00:14:30Z</time></trkpt>
      <trkpt lat="22.0709718" lon="113.3778338"><ele>11.0</ele><time>2023-07-22T00:14:31Z</time></trkpt>
      <trkpt lat="22.0709564" lon="113.3778357"><ele>11.0</ele><time>2023-07-22T00:14:32Z</time></trkpt>
      <trkpt lat="22.0709409" lon="113.3778405"><ele>11.1</ele><time>2023-07-22T00:14:33Z</time></trkpt>
      <trkpt lat="22.0709258" lon="113.3778480"><ele>11.1</ele><time>2023-07-22T00:14:34Z</time></trkpt>
      <trkpt lat="22.0709114" lon="113.3778577"><ele>11.2</ele><time>2023-07-22T00:14:35Z</time></trkpt>
      <trkpt lat="22.0708969" lon="113.3778681"><ele>11.2</ele><time>2023-07-22T00:14:36Z</time></trkpt>
      <trkpt lat="22.0708824" lon="113.3778792"><ele>11.2</ele><time>2023-07-22T00:14:37Z</time></trkpt>
      <trkpt lat="22.0708680" lon="113.3778906"><ele>11.2</ele><time>2023-07-22T00:14:38Z</time></trkpt>
      <trkpt lat="22.0708530" lon="113.3779013"><ele>11.2</ele><time>2023-07-22T00:14:39Z</time></trkpt>
      <trkpt lat="22.0708375" lon="113.3779128"><ele>11.2</ele><time>2023-07-22T00:14:40Z</time></trkpt>
      <trkpt lat="22.0708214" lon="113.3779254"><ele>11.2</ele><time>2023-07-22T00:14:41Z</time></trkpt>
      <trkpt lat="22.0708049" lon="113.3779384"><ele>11.1</ele><time>2023-07-22T00:14:42Z</time></trkpt>
      <trkpt lat="22.0707887" lon="113.3779516"><ele>11.1</ele><time>2023-07-22T00:14:43Z</time></trkpt>
      <trkpt lat="22.0707729" lon="113.3779646"><ele>11.0</ele><time>2023-07-22T00:14:44Z</time></trkpt>
      <trkpt lat="22.0707574" lon="113.3779769"><ele>11.0</ele><time>2023-07-22T00:14:45Z</time></trkpt>
      <trkpt lat="22.0707419" lon="113.3779894"><ele>10.9</ele><time>2023-07-22T00:14:46Z</time></trkpt>
      <trkpt lat="22.0707267" lon="113.3780017"><ele>10.8</ele><time>2023-07-22T00:14:47Z</time></trkpt>
      <trkpt lat="22.0707114" lon="113.3780136"><ele>10.8</ele><time>2023-07-22T00:14:48Z</time></trkpt>
      <trkpt lat="22.0706959" lon="113.3780258"><ele>10.7</ele><time>2023-07-22T00:14:49Z</time></trkpt>
      <trkpt lat="22.0706806" lon="113.3780379"><ele>10.7</ele><time>2023-07-22T00:14:50Z</time></trkpt>
      <trkpt lat="22.0706655" lon="113.3780503"><ele>10.6</ele><time>2023-07-22T00:14:51Z</time></trkpt>
      <trkpt lat="22.0706505" lon="113.3780632"><ele>10.5</ele><time>2023-07-22T00:14:52Z</time></trkpt>
      <trkpt lat="22.0706357" lon="113.3780754"><ele>10.5</ele><time>2023-07-22T00:14:53Z</time></trkpt>
      <trkpt lat="22.0706223" lon="113.3780875"><ele>10.4</ele><time>2023-07-22T00:14:54Z</time></trkpt>
      <trkpt lat="22.0706107" lon="113.3781009"><ele>10.4</ele><time>2023-07-22T00:14:55Z</time></trkpt>
      <trkpt lat="22.0706011" lon="113.3781154"><ele>10.3</ele><time>2023-07-22T00:14:56Z</time></trkpt>
      <trkpt lat="22.0705941" lon="113.3781308"><ele>10.3</ele><time>2023-07-22T00:14:57Z</time></trkpt>
      <trkpt lat="22.0705909" lon="113.3781478"><ele>10.3</ele><time>2023-07-22T00:14:58Z</time></trkpt>
      <trkpt lat="22.0705941" lon="113.3781645"><ele>10.3</ele><time>2023-07-22T00:14:59Z</time></trkpt>
      <trkpt lat="22.0706048" lon="113.3781784"><ele>10.2</ele><time>2023-07-22T00:15:00Z</time></trkpt>
      <trkpt lat="22.0706193" lon="113.3781906"><ele>10.2</ele><time>2023-07-22T00:15:01Z</time></trkpt>
      <trkpt lat="22.0706337" lon="113.3782028"><ele>10.2</ele><time>2023-07-22T00:15:02Z</time></trkpt>
      <trkpt lat="22.0706475" lon="113.3782131"><ele>10.2</ele><time>2023-07-22T00:15:03Z</time></trkpt>
      <trkpt lat="22.0706618" lon="113.3782197"><ele>10.2</ele><time>2023-07-22T00:15:04Z</time></trkpt>
      <trkpt lat="22.0706768" lon="113.3782241"><ele>10.2</ele><time>2023-07-22T00:15:05Z</time></trkpt>
      <trkpt lat="22.0706919" lon="113.3782279"><ele>10.2</ele><time>2023-07-22T00:15:06Z</time></trkpt>
      <trkpt lat="22.0707072" lon="113.3782315"><ele>10.2</ele><time>2023-07-22T00:15:07Z</time></trkpt>
      <trkpt lat="22.0707231" lon="113.3782358"><ele>10.2</ele><time>2023-07-22T00:15:08Z</time></trkpt>
      <trkpt lat="22.0707398" lon="113.3782402"><ele>10.2</ele><time>2023-07-22T00:15:09Z</time></trkpt>
      <trkpt lat="22.0707570" lon="113.3782445"><ele>10.3</ele><time>2023-07-22T00:15:10Z</time></trkpt>
      <trkpt lat="22.0707739" lon="113.3782499"><ele>10.3</ele><time>2023-07-22T00:15:11Z</time></trkpt>
      <trkpt lat="22.0707899" lon="113.3782576"><ele>10.3</ele><time>2023-07-22T00:15:12Z</time></trkpt>
      <trkpt lat="22.0708049" lon="113.3782669"><ele>10.3</ele><time>2023-07-22T00:15:13Z</time></trkpt>
      <trkpt lat="22.0708203" lon="113.3782752"><ele>10.3</ele><time>2023-07-22T00:15:14Z</time></trkpt>
      <trkpt lat="22.0708370" lon="113.3782810"><ele>10.3</ele><time>2023-07-22T00:15:15Z</time></trkpt>
      <trkpt lat="22.0708545" lon="113.3782851"><ele>10.4</ele><time>2023-07-22T00:15:16Z</time></trkpt>
      <trkpt lat="22.0708718" lon="113.3782891"><ele>10.4</ele><time>2023-07-22T00:15:17Z</time></trkpt>
      <trkpt lat="22.0708881" lon="113.3782949"><ele>10.3</ele><time>2023-07-22T00:15:18Z</time></trkpt>
      <trkpt lat="22.0709036" lon="113.3783019"><ele>10.3</ele><time>2023-07-22T00:15:19Z</time></trkpt>
      <trkpt lat="22.0709190" lon="113.3783081"><ele>10.2</ele><time>2023-07-22T00:15:20Z</time></trkpt>
      <trkpt lat="22.0709356" lon="113.3783117"><ele>10.2</ele><time>2023-07-22T00:15:21Z</time></trkpt>
      <trkpt lat="22.0709524" lon="113.3783129"><ele>10.1</ele><time>2023-07-22T00:15:22Z</time></trkpt>
      <trkpt lat="22.0709683" lon="113.3783127"><ele>10.0</ele><time>2023-07-22T00:15:23Z</time></trkpt>
      <trkpt lat="22.0709839" lon="113.3783121"><ele>9.9</ele><time>2023-07-22T00:15:24Z</time></trkpt>
      <trkpt lat="22.0709992" lon="113.3783102"><ele>9.8</ele><time>2023-07-22T00:15:25Z</time></trkpt>
      <trkpt lat="22.0710138" lon="113.3783042"><ele>9.7</ele><time>2023-07-22T00:15:26Z</time></trkpt>
      <trkpt lat="22.0710277" lon="113.3782927"><ele>9.5</ele><time>2023-07-22T00:15:27Z</time></trkpt>
      <trkpt lat="22.0710401" lon="113.3782782"><ele>9.4</ele><time>2023-07-22T00:15:28Z</time></trkpt>
      <trkpt lat="22.0710514" lon="113.3782635"><ele>9.3</ele><time>2023-07-22T00:15:29Z</time></trkpt>
      <trkpt lat="22.0710633" lon="113.3782500"><ele>9.2</ele><time>2023-07-22T00:15:30Z</time></trkpt>
      <trkpt lat="22.0710766" lon="113.3782399"><ele>9.1</ele><time>2023-07-22T00:15:31Z</time></trkpt>
      <trkpt lat="22.0710903" lon="113.3782325"><ele>9.0</ele><time>2023-07-22T00:15:32Z</time></trkpt>
      <trkpt lat="22.0711029" lon="113.3782241"><ele>9.0</ele><time>2023-07-22T00:15:33Z</time></trkpt>
      <trkpt lat="22.0711148" lon="113.3782145"><ele>9.0</ele><time>2023-07-22T00:15:34Z</time></trkpt>
      <trkpt lat="22.0711266" lon="113.3782052"><ele>9.0</ele><time>2023-07-22T00:15:35Z</time></trkpt>
      <trkpt lat="22.0711383" lon="113.3781950"><ele>9.0</ele><time>2023-07-22T00:15:36Z</time></trkpt>
      <trkpt lat="22.0711495" lon="113.3781832"><ele>9.1</ele><time>2023-07-22T00:15:37Z</time></trkpt>
      <trkpt lat="22.0711598" lon="113.3781707"><ele>9.2</ele><time>2023-07-22T00:15:38Z</time></trkpt>
      <trkpt lat="22.0711683" lon="113.3781572"><ele>9.2</ele><time>2023-07-22T00:15:39Z</time></trkpt>
      <trkpt lat="22.0711751" lon="113.3781429"><ele>9.3</ele><time>2023-07-22T00:15:40Z</time></trkpt>
      <trkpt lat="22.0711803" lon="113.3781281"><ele>9.4</ele><time>2023-07-22T00:15:41Z</time></trkpt>
      <trkpt lat="22.0711826" lon="113.3781120"><ele>9.5</ele><time>2023-07-22T00:15:42Z</time></trkpt>
      <trkpt lat="22.0711810" lon="113.3780944"><ele>9.7</ele><time>2023-07-22T00:15:43Z</time></trkpt>
      <trkpt lat="22.0711763" lon="113.3780767"><ele>9.8</ele><time>2023-07-22T00:15:44Z</time></trkpt>
      <trkpt lat="22.0711688" lon="113.3780597"><ele>9.9</ele><time>2023-07-22T00:15:45Z</time></trkpt>
      <trkpt lat="22.0711590" lon="113.3780429"><ele>10.0</ele><time>2023-07-22T00:15:46Z</time></trkpt>
      <trkpt lat="22.0711484" lon="113.3780264"><ele>10.1</ele><time>2023-07-22T00:15:47Z</time></trkpt>
      <trkpt lat="22.0711376" lon="113.3780106"><ele>10.2</ele><time>2023-07-22T00:15:48Z</time></trkpt>
      <trkpt lat="22.0711263" lon="113.3779953"><ele>10.2</ele><time>2023-07-22T00:15:49Z</time></trkpt>
      <trkpt lat="22.0711151" lon="113.3779804"><ele>10.3</ele><time>2023-07-22T00:15:50Z</time></trkpt>
      <trkpt lat="22.0711029" lon="113.3779663"><ele>10.3</ele><time>2023-07-22T00:15:51Z</time></trkpt>
      <trkpt lat="22.0710904" lon="113.3779531"><ele>10.4</ele><time>2023-07-22T00:15:52Z</time></trkpt>
      <trkpt lat="22.0710805" lon="113.3779390"><ele>10.4</ele><time>2023-07-22T00:15:53Z</time></trkpt>
      <trkpt lat="22.0710730" lon="113.3779233"><ele>10.4</ele><time>2023-07-22T00:15:54Z</time></trkpt>
      <trkpt lat="22.0710658" lon="113.3779072"><ele>10.4</ele><time>2023-07-22T00:15:55Z</time></trkpt>
      <trkpt lat="22.0710572" lon="113.3778922"><ele>10.5</ele><time>2023-07-22T00:15:56Z</time></trkpt>
      <trkpt lat="22.0710463" lon="113.3778793"><ele>10.5</ele><time>2023-07-22T00:15:57Z</time></trkpt>
      <trkpt lat="22.0710345" lon="113.3778674"><ele>10.5</ele><time>2023-07-22T00:15:58Z</time></trkpt>
      <trkpt lat="22.0710240" lon="113.3778549"><ele>10.6</ele><time>2023-07-22T00:15:59Z</time></trkpt>
      <trkpt lat="22.0710145" lon="113.3778419"><ele>10.6</ele><time>2023-07-22T00:16:00Z</time></trkpt>
      <trkpt lat="22.0710055" lon="113.3778292"><ele>10.6</ele><time>2023-07-22T00:16:01Z</time></trkpt>
      <trkpt lat="22.0709960" lon="113.3778170"><ele>10.7</ele><time>2023-07-22T00:16:02Z</time></trkpt>
      <trkpt lat="22.0709853" lon="113.3778080"><ele>10.7</ele><time>2023-07-22T00:16:03Z</time></trkpt>
      <trkpt lat="22.0709734" lon="113.3778032"><ele>10.8</ele><time>2023-07-22T00:16:04Z</time></trkpt>
      <trkpt lat="22.0709608" lon="113.3778002"><ele>10.8</ele><time>2023-07-22T00:16:05Z</time></trkpt>
      <trkpt lat="22.0709483" lon="113.3777990"><ele>10.8</ele><time>2023-07-22T00:16:06Z</time></trkpt>
      <trkpt lat="22.0709352" lon="113.3778011"><ele>10.9</ele><time>2023-07-22T00:16:07Z</time></trkpt>
      <trkpt lat="22.0709218" lon="113.3778078"><ele>10.9</ele><time>2023-07-22T00:16:08Z</time></trkpt>
      <trkpt lat="22.0709090" lon="113.3778189"><ele>10.9</ele><time>2023-07-22T00:16:09Z</time></trkpt>
      <trkpt lat="22.0708967" lon="113.3778317"><ele>10.9</ele><time>2023-07-22T00:16:10Z</time></trkpt>
      <trkpt lat="22.0708843" lon="113.3778445"><ele>10.9</ele><time>2023-07-22T00:16:11Z</time></trkpt>
      <trkpt lat="22.0708715" lon="113.3778560"><ele>10.9</ele><time>2023-07-22T00:16:12Z</time></trkpt>
      <trkpt lat="22.0708582" lon="113.3778668"><ele>10.9</ele><time>2023-07-22T00:16:13Z</time></trkpt>
      <trkpt lat="22.0708440" lon="113.3778779"><ele>10.9</ele><time>2023-07-22T00:16:14Z</time></trkpt>
      <trkpt lat="22.0708288" lon="113.3778892"><ele>10.8</ele><time>2023-07-22T00:16:15Z</time></trkpt>
      <trkpt lat="22.0708133" lon="113.3779014"><ele>10.8</ele><time>2023-07-22T00:16:16Z</time></trkpt>
      <trkpt lat="22.0707981" lon="113.3779140"><ele>10.7</ele><time>2023-07-22T00:16:17Z</time></trkpt>
      <trkpt lat="22.0707827" lon="113.3779253"><ele>10.7</ele><time>2023-07-22T00:16:18Z</time></trkpt>
      <trkpt lat="22.0707674" lon="113.3779360"><ele>10.6</ele><time>2023-07-22T00:16:19Z</time></trkpt>
      <trkpt lat="22.0707525" lon="113.3779478"><ele>10.5</ele><time>2023-07-22T00:16:20Z</time></trkpt>
      <trkpt lat="22.0707369" lon="113.3779598"><ele>10.5</ele><time>2023-07-22T00:16:21Z</time></trkpt>
      <trkpt lat="22.0707204" lon="113.3779714"><ele>10.4</ele><time>2023-07-22T00:16:22Z</time></trkpt>
      <trkpt lat="22.0707047" lon="113.3779837"><ele>10.4</ele><time>2023-07-22T00:16:23Z</time></trkpt>
      <trkpt lat="22.0706904" lon="113.3779964"><ele>10.3</ele><time>2023-07-22T00:16:24Z</time></trkpt>
      <trkpt lat="22.0706769" lon="113.3780089"><ele>10.3</ele><time>2023-07-22T00:16:25Z</time></trkpt>
      <trkpt lat="22.0706633" lon="113.3780212"><ele>10.2</ele><time>2023-07-22T00:16:26Z</time></trkpt>
      <trkpt lat="22.0706493" lon="113.3780326"><ele>10.2</ele><time>2023-07-22T00:16:27Z</time></trkpt>
      <trkpt lat="22.0706356" lon="113.3780439"><ele>10.2</ele><time>2023-07-22T00:16:28Z</time></trkpt>
      <trkpt lat="22.0706223" lon="113.3780561"><ele>10.2</ele><time>2023-07-22T00:16:29Z</time></trkpt>
      <trkpt lat="22.0706098" lon="113.3780691"><ele>10.1</ele><time>2023-07-22T00:16:30Z</time></trkpt>
      <trkpt lat="22.0705985" lon="113.3780824"><ele>10.1</ele><time>2023-07-22T00:16:31Z</time></trkpt>
      <trkpt lat="22.0705899" lon="113.3780960"><ele>10.2</ele><time>2023-07-22T00:16:32Z</time></trkpt>
      <trkpt lat="22.0705842" lon="113.3781105"><ele>10.2</ele><time>2023-07-22T00:16:33Z</time></trkpt>
      <trkpt lat="22.0705814" lon="113.3781250"><ele>10.2</ele><time>2023-07-22T00:16:34Z</time></trkpt>
      <trkpt lat="22.0705832" lon="113.3781391"><ele>10.2</ele><time>2023-07-22T00:16:35Z</time></trkpt>
      <trkpt lat="22.0705905" lon="113.3781530"><ele>10.3</ele><time>2023-07-22T00:16:36Z</time></trkpt>
      <trkpt lat="22.0706016" lon="113.3781664"><ele>10.3</ele><time>2023-07-22T00:16:37Z</time></trkpt>
      <trkpt lat="22.0706142" lon="113.3781784"><ele>10.4</ele><time>2023-07-22T00:16:38Z</time></trkpt>
      <trkpt lat="22.0706272" lon="113.3781887"><ele>10.4</ele><time>2023-07-22T00:16:39Z</time></trkpt>
      <trkpt lat="22.0706404" lon="113.3781980"><ele>10.5</ele><time>2023-07-22T00:16:40Z</time></trkpt>
      <trkpt lat="22.0706541" lon="113.3782061"><ele>10.5</ele><time>2023-07-22T00:16:41Z</time></trkpt>
      <trkpt lat="22.0706686" lon="113.3782128"><ele>10.6</ele><time>2023-07-22T00:16:42Z</time></trkpt>
      <trkpt lat="22.0706838" lon="113.3782187"><ele>10.6</ele><time>2023-07-22T00:16:43Z</time></trkpt>
      <trkpt lat="22.0706993" lon="113.3782244"><ele>10.7</ele><time>2023-07-22T00:16:44Z</time></trkpt>
      <trkpt lat="22.0707146" lon="113.3782303"><ele>10.7</ele><time>2023-07-22T00:16:45Z</time></trkpt>
      <trkpt lat="22.0707291" lon="113.3782367"><ele>10.7</ele><time>2023-07-22T00:16:46Z</time></trkpt>
      <trkpt lat="22.0707429" lon="113.3782433"><ele>10.7</ele><time>2023-07-22T00:16:47Z</time></trkpt>
      <trkpt lat="22.0707576" lon="113.3782498"><ele>10.7</ele><time>2023-07-22T00:16:48Z</time></trkpt>
      <trkpt lat="22.0707735" lon="113.3782566"><ele>10.7</ele><time>2023-07-22T00:16:49Z</time></trkpt>
      <trkpt lat="22.0707897" lon="113.3782640"><ele>10.7</ele><time>2023-07-22T00:16:50Z</time></trkpt>
      <trkpt lat="22.0708064" lon="113.3782713"><ele>10.6</ele><time>2023-07-22T00:16:51Z</time></trkpt>
      <trkpt lat="22.0708232" lon="113.3782778"><ele>10.6</ele><time>2023-07-22T00:16:52Z</time></trkpt>
      <trkpt lat="22.0708397" lon="113.3782843"><ele>10.6</ele><time>2023-07-22T00:16:53Z</time></trkpt>
      <trkpt lat="22.0708565" lon="113.3782905"><ele>10.5</ele><time>2023-07-22T00:16:54Z</time></trkpt>
      <trkpt lat="22.0708731" lon="113.3782962"><ele>10.5</ele><time>2023-07-22T00:16:55Z</time></trkpt>
      <trkpt lat="22.0708886" lon="113.3783024"><ele>10.4</ele><time>2023-07-22T00:16:56Z</time></trkpt>
      <trkpt lat="22.0709041" lon="113.3783072"><ele>10.4</ele><time>2023-07-22T00:16:57Z</time></trkpt>
      <trkpt lat="22.0709207" lon="113.3783094"><ele>10.3</ele><time>2023-07-22T00:16:58Z</time></trkpt>
      <trkpt lat="22.0709373" lon="113.3783106"><ele>10.2</ele><time>2023-07-22T00:16:59Z</time></trkpt>
      <trkpt lat="22.0709532" lon="113.3783116"><ele>10.2</ele><time>2023-07-22T00:17:00Z</time></trkpt>
      <trkpt lat="22.0709690" lon="113.3783116"><ele>10.1</ele><time>2023-07-22T00:17:01Z</time></trkpt>
      <trkpt lat="22.0709846" lon="113.3783106"><ele>10.1</ele><time>2023-07-22T00:17:02Z</time></trkpt>
      <trkpt lat="22.0709996" lon="113.3783070"><ele>10.0</ele><time>2023-07-22T00:17:03Z</time></trkpt>
      <trkpt lat="22.0710139" lon="113.3782991"><ele>9.9</ele><time>2023-07-22T00:17:04Z</time></trkpt>
      <trkpt lat="22.0710273" lon="113.3782877"><ele>9.9</ele><time>2023-07-22T00:17:05Z</time></trkpt>
      <trkpt lat="22.0710397" lon="113.3782746"><ele>9.8</ele><time>2023-07-22T00:17:06Z</time></trkpt>
      <trkpt lat="22.0710506" lon="113.3782604"><ele>9.8</ele><time>2023-07-22T00:17:07Z</time></trkpt>
      <trkpt lat="22.0710609" lon="113.3782465"><ele>9.8</ele><time>2023-07-22T00:17:08Z</time></trkpt>
      <trkpt lat="22.0710718" lon="113.3782336"><ele>9.7</ele><time>2023-07-22T00:17:09Z</time></trkpt>
      <trkpt lat="22.0710834" lon="113.3782211"><ele>9.7</ele><time>2023-07-22T00:17:10Z</time></trkpt>
      <trkpt lat="22.0710956" lon="113.3782090"><ele>9.7</ele><time>2023-07-22T00:17:11Z</time></trkpt>
      <trkpt lat="22.0711084" lon="113.3781976"><ele>9.7</ele><time>2023-07-22T00:17:12Z</time></trkpt>
      <trkpt lat="22.0711209" lon="113.3781866"><ele>9.7</ele><time>2023-07-22T00:17:13Z</time></trkpt>
      <trkpt lat="22.0711324" lon="113.3781753"><ele>9.8</ele><time>2023-07-22T00:17:14Z</time></trkpt>
      <trkpt lat="22.0711427" lon="113.3781632"><ele>9.8</ele><time>2023-07-22T00:17:15Z</time></trkpt>
      <trkpt lat="22.0711515" lon="113.3781497"><ele>9.8</ele><time>2023-07-22T00:17:16Z</time></trkpt>
      <trkpt lat="22.0711578" lon="113.3781355"><ele>9.9</ele><time>2023-07-22T00:17:17Z</time></trkpt>
      <trkpt lat="22.0711616" lon="113.3781214"><ele>9.9</ele><time>2023-07-22T00:17:18Z</time></trkpt>
      <trkpt lat="22.0711637" lon="113.3781077"><ele>9.9</ele><time>2023-07-22T00:17:19Z</time></trkpt>
      <trkpt lat="22.0711645" lon="113.3780937"><ele>10.0</ele><time>2023-07-22T00:17:20Z</time></trkpt>
      <trkpt lat="22.0711643" lon="113.3780791"><ele>10.0</ele><time>2023-07-22T00:17:21Z</time></trkpt>
      <trkpt lat="22.0711636" lon="113.3780649"><ele>10.1</ele><time>2023-07-22T00:17:22Z</time></trkpt>
      <trkpt lat="22.0711615" lon="113.3780518"><ele>10.1</ele><time>2023-07-22T00:17:23Z</time></trkpt>
      <trkpt lat="22.0711567" lon="113.3780388"><ele>10.1</ele><time>2023-07-22T00:17:24Z</time></trkpt>
      <trkpt lat="22.0711489" lon="113.3780255"><ele>10.2</ele><time>2023-07-22T00:17:25Z</time></trkpt>
      <trkpt lat="22.0711386" lon="113.3780119"><ele>10.2</ele><time>2023-07-22T00:17:26Z</time></trkpt>
      <trkpt lat="22.0711268" lon="113.3779991"><ele>10.2</ele><time>2023-07-22T00:17:27Z</time></trkpt>
      <trkpt lat="22.0711150" lon="113.3779871"><ele>10.2</ele><time>2023-07-22T00:17:28Z</time></trkpt>
      <trkpt lat="22.0711040" lon="113.3779756"><ele>10.2</ele><time>2023-07-22T00:17:29Z</time></trkpt>
      <trkpt lat="22.0710932" lon="113.3779639"><ele>10.2</ele><time>2023-07-22T00:17:30Z</time></trkpt>
      <trkpt lat="22.0710830" lon="113.3779516"><ele>10.3</ele><time>2023-07-22T00:17:31Z</time></trkpt>
      <trkpt lat="22.0710740" lon="113.3779394"><ele>10.3</ele><time>2023-07-22T00:17:32Z</time></trkpt>
      <trkpt lat="22.0710658" lon="113.3779283"><ele>10.3</ele><time>2023-07-22T00:17:33Z</time></trkpt>
      <trkpt lat="22.0710578" lon="113.3779183"><ele>10.4</ele><time>2023-07-22T00:17:34Z</time></trkpt>
      <trkpt lat="22.0710500" lon="113.3779084"><ele>10.4</ele><time>2023-07-22T00:17:35Z</time></trkpt>
      <trkpt lat="22.0710415" lon="113.3778974"><ele>10.5</ele><time>2023-07-22T00:17:36Z</time></trkpt>
      <trkpt lat="22.0710325" lon="113.3778843"><ele>10.5</ele><time>2023-07-22T00:17:37Z</time></trkpt>
      <trkpt lat="22.0710238" lon="113.3778701"><ele>10.6</ele><time>2023-07-22T00:17:38Z</time></trkpt>
      <trkpt lat="22.0710138" lon="113.3778577"><ele>10.7</ele><time>2023-07-22T00:17:39Z</time></trkpt>
      <trkpt lat="22.0710018" lon="113.3778480"><ele>10.7</ele><time>2023-07-22T00:17:40Z</time></trkpt>
      <trkpt lat="22.0709889" lon="113.3778406"><ele>10.8</ele><time>2023-07-22T00:17:41Z</time></trkpt>
      <trkpt lat="22.0709755" lon="113.3778350"><ele>10.8</ele><time>2023-07-22T00:17:42Z</time></trkpt>
      <trkpt lat="22.0709619" lon="113.3778325"><ele>10.9</ele><time>2023-07-22T00:17:43Z</time></trkpt>
      <trkpt lat="22.0709476" lon="113.3778342"><ele>10.9</ele><time>2023-07-22T00:17:44Z</time></trkpt>
      <trkpt lat="22.0709324" lon="113.3778401"><ele>11.0</ele><time>2023-07-22T00:17:45Z</time></trkpt>
      <trkpt lat="22.0709169" lon="113.3778496"><ele>11.0</ele><time>2023-07-22T00:17:46Z</time></trkpt>
      <trkpt lat="22.0709020" lon="113.3778605"><ele>11.0</ele><time>2023-07-22T00:17:47Z</time></trkpt>
      <trkpt lat="22.0708876" lon="113.3778711"><ele>11.0</ele><time>2023-07-22T00:17:48Z</time></trkpt>
      <trkpt lat="22.0708734" lon="113.3778815"><ele>11.1</ele><time>2023-07-22T00:17:49Z</time></trkpt>
      <trkpt lat="22.0708596" lon="113.3778923"><ele>11.1</ele><time>2023-07-22T00:17:50Z</time></trkpt>
      <trkpt lat="22.0708457" lon="113.3779032"><ele>11.1</ele><time>2023-07-22T00:17:51Z</time></trkpt>
      <trkpt lat="22.0708320" lon="113.3779149"><ele>11.1</ele><time>2023-07-22T00:17:52Z</time></trkpt>
      <trkpt lat="22.0708187" lon="113.3779279"><ele>11.1</ele><time>2023-07-22T00:17:53Z</time></trkpt>
      <trkpt lat="22.0708051" lon="113.3779407"><ele>11.1</ele><time>2023-07-22T00:17:54Z</time></trkpt>
      <trkpt lat="22.0707911" lon="113.3779532"><ele>11.0</ele><time>2023-07-22T00:17:55Z</time></trkpt>
      <trkpt lat="22.0707771" lon="113.3779660"><ele>11.0</ele><time>2023-07-22T00:17:56Z</time></trkpt>
      <trkpt lat="22.0707624" lon="113.3779782"><ele>11.0</ele><time>2023-07-22T00:17:57Z</time></trkpt>
      <trkpt lat="22.0707473" lon="113.3779903"><ele>10.9</ele><time>2023-07-22T00:17:58Z</time></trkpt>
      <trkpt lat="22.0707327" lon="113.3780031"><ele>10.9</ele><time>2023-07-22T00:17:59Z</time></trkpt>
      <trkpt lat="22.0707181" lon="113.3780167"><ele>10.9</ele><time>2023-07-22T00:18:00Z</time></trkpt>
      <trkpt lat="22.0707029" lon="113.3780302"><ele>10.9</ele><time>2023-07-22T00:18:01Z</time></trkpt>
      <trkpt lat="22.0706873" lon="113.3780418"><ele>10.8</ele><time>2023-07-22T00:18:02Z</time></trkpt>
      <trkpt lat="22.0706717" lon="113.3780516"><ele>10.8</ele><time>2023-07-22T00:18:03Z</time></trkpt>
      <trkpt lat="22.0706567" lon="113.3780622"><ele>10.7</ele><time>2023-07-22T00:18:04Z</time></trkpt>
      <trkpt lat="22.0706424" lon="113.3780740"><ele>10.7</ele><time>2023-07-22T00:18:05Z</time></trkpt>
      <trkpt lat="22.0706293" lon="113.3780863"><ele>10.6</ele><time>2023-07-22T00:18:06Z</time></trkpt>
      <trkpt lat="22.0706190" lon="113.3781008"><ele>10.6</ele><time>2023-07-22T00:18:07Z</time></trkpt>
      <trkpt lat="22.0706120" lon="113.3781173"><ele>10.6</ele><time>2023-07-22T00:18:08Z</time></trkpt>
      <trkpt lat="22.0706071" lon="113.3781341"><ele>10.5</ele><time>2023-07-22T00:18:09Z</time></trkpt>
      <trkpt lat="22.0706058" lon="113.3781512"><ele>10.5</ele><time>2023-07-22T00:18:10Z</time></trkpt>
      <trkpt lat="22.0706091" lon="113.3781685"><ele>10.5</ele><time>2023-07-22T00:18:11Z</time></trkpt>
      <trkpt lat="22.0706182" lon="113.3781850"><ele>10.4</ele><time>2023-07-22T00:18:12Z</time></trkpt>
      <trkpt lat="22.0706329" lon="113.3781988"><ele>10.4</ele><time>2023-07-22T00:18:13Z</time></trkpt>
      <trkpt lat="22.0706489" lon="113.3782101"><ele>10.3</ele><time>2023-07-22T00:18:14Z</time></trkpt>
      <trkpt lat="22.0706643" lon="113.3782194"><ele>10.3</ele><time>2023-07-22T00:18:15Z</time></trkpt>
      <trkpt lat="22.0706809" lon="113.3782256"><ele>10.2</ele><time>2023-07-22T00:18:16Z</time></trkpt>
      <trkpt lat="22.0706983" lon="113.3782303"><ele>10.2</ele><time>2023-07-22T00:18:17Z</time></trkpt>
      <trkpt lat="22.0707154" lon="113.3782359"><ele>10.1</ele><time>2023-07-22T00:18:18Z</time></trkpt>
      <trkpt lat="22.0707327" lon="113.3782431"><ele>10.0</ele><time>2023-07-22T00:18:19Z</time></trkpt>
      <trkpt lat="22.0707498" lon="113.3782516"><ele>10.0</ele><time>2023-07-22T00:18:20Z</time></trkpt>
      <trkpt lat="22.0707662" lon="113.3782604"><ele>9.9</ele><time>2023-07-22T00:18:21Z</time></trkpt>
      <trkpt lat="22.0707824" lon="113.3782683"><ele>9.9</ele><time>2023-07-22T00:18:22Z</time></trkpt>
      <trkpt lat="22.0707987" lon="113.3782757"><ele>9.8</ele><time>2023-07-22T00:18:23Z</time></trkpt>
      <trkpt lat="22.0708152" lon="113.3782832"><ele>9.8</ele><time>2023-07-22T00:18:24Z</time></trkpt>
      <trkpt lat="22.0708319" lon="113.3782909"><ele>9.7</ele><time>2023-07-22T00:18:25Z</time></trkpt>
      <trkpt lat="22.0708488" lon="113.3782981"><ele>9.7</ele><time>2023-07-22T00:18:26Z</time></trkpt>
      <trkpt lat="22.0708654" lon="113.3783048"><ele>9.7</ele><time>2023-07-22T00:18:27Z</time></trkpt>
      <trkpt lat="22.0708817" lon="113.3783112"><ele>9.7</ele><time>2023-07-22T00:18:28Z</time></trkpt>
      <trkpt lat="22.0708981" lon="113.3783172"><ele>9.7</ele><time>2023-07-22T00:18:29Z</time></trkpt>
      <trkpt lat="22.0709143" lon="113.3783232"><ele>9.7</ele><time>2023-07-22T00:18:30Z</time></trkpt>
      <trkpt lat="22.0709306" lon="113.3783280"><ele>9.7</ele><time>2023-07-22T00:18:31Z</time></trkpt>
      <trkpt lat="22.0709470" lon="113.3783300"><ele>9.7</ele><time>2023-07-22T00:18:32Z</time></trkpt>
      <trkpt lat="22.0709629" lon="113.3783292"><ele>9.8</ele><time>2023-07-22T00:18:33Z</time></trkpt>
      <trkpt lat="22.0709786" lon="113.3783267"><ele>9.8</ele><time>2023-07-22T00:18:34Z</time></trkpt>
      <trkpt lat="22.0709947" lon="113.3783226"><ele>9.8</ele><time>2023-07-22T00:18:35Z</time></trkpt>
      <trkpt lat="22.0710104" lon="113.3783152"><ele>9.8</ele><time>2023-07-22T00:18:36Z</time></trkpt>
      <trkpt lat="22.0710250" lon="113.3783037"><ele>9.8</ele><time>2023-07-22T00:18:37Z</time></trkpt>
      <trkpt lat="22.0710378" lon="113.3782889"><ele>9.8</ele><time>2023-07-22T00:18:38Z</time></trkpt>
      <trkpt lat="22.0710490" lon="113.3782722"><ele>9.7</ele><time>2023-07-22T00:18:39Z</time></trkpt>
      <trkpt lat="22.0710598" lon="113.3782559"><ele>9.7</ele><time>2023-07-22T00:18:40Z</time></trkpt>
      <trkpt lat="22.0710719" lon="113.3782421"><ele>9.7</ele><time>2023-07-22T00:18:41Z</time></trkpt>
      <trkpt lat="22.0710847" lon="113.3782310"><ele>9.6</ele><time>2023-07-22T00:18:42Z</time></trkpt>
      <trkpt lat="22.0710973" lon="113.3782221"><ele>9.6</ele><time>2023-07-22T00:18:43Z</time></trkpt>
      <trkpt lat="22.0711094" lon="113.3782135"><ele>9.6</ele><time>2023-07-22T00:18:44Z</time></trkpt>
      <trkpt lat="22.0711216" lon="113.3782040"><ele>9.6</ele><time>2023-07-22T00:18:45Z</time></trkpt>
      <trkpt lat="22.0711330" lon="113.3781943"><ele>9.6</ele><time>2023-07-22T00:18:46Z</time></trkpt>
      <trkpt lat="22.0711426" lon="113.3781861"><ele>9.7</ele><time>2023-07-22T00:18:47Z</time></trkpt>
      <trkpt lat="22.0711512" lon="113.3781789"><ele>9.7</ele><time>2023-07-22T00:18:48Z</time></trkpt>
      <trkpt lat="22.0711604" lon="113.3781704"><ele>9.8</ele><time>2023-07-22T00:18:49Z</time></trkpt>
      <trkpt lat="22.0711692" lon="113.3781596"><ele>9.9</ele><time>2023-07-22T00:18:50Z</time></trkpt>
      <trkpt lat="22.0711755" lon="113.3781468"><ele>9.9</ele><time>2023-07-22T00:18:51Z</time></trkpt>
      <trkpt lat="22.0711783" lon="113.3781332"><ele>10.0</ele><time>2023-07-22T00:18:52Z</time></trkpt>
      <trkpt lat="22.0711784" lon="113.3781190"><ele>10.1</ele><time>2023-07-22T00:18:53Z</time></trkpt>
      <trkpt lat="22.0711768" lon="113.3781041"><ele>10.2</ele><time>2023-07-22T00:18:54Z</time></trkpt>
      <trkpt lat="22.0711737" lon="113.3780887"><ele>10.2</ele><time>2023-07-22T00:18:55Z</time></trkpt>
      <trkpt lat="22.0711696" lon="113.3780738"><ele>10.3</ele><time>2023-07-22T00:18:56Z</time></trkpt>
      <trkpt lat="22.0711637" lon="113.3780600"><ele>10.3</ele><time>2023-07-22T00:18:57Z</time></trkpt>
      <trkpt lat="22.0711544" lon="113.3780460"><ele>10.3</ele><time>2023-07-22T00:18:58Z</time></trkpt>
      <trkpt lat="22.0711436" lon="113.3780308"><ele>10.3</ele><time>2023-07-22T00:18:59Z</time></trkpt>
      <trkpt lat="22.0711325" lon="113.3780155"><ele>10.3</ele><time>2023-07-22T00:19:00Z</time></trkpt>
      <trkpt lat="22.0711207" lon="113.3780013"><ele>10.2</ele><time>2023-07-22T00:19:01Z</time></trkpt>
      <trkpt lat="22.0711095" lon="113.3779869"><ele>10.2</ele><time>2023-07-22T00:19:02Z</time></trkpt>
      <trkpt lat="22.0710995" lon="113.3779716"><ele>10.1</ele><time>2023-07-22T00:19:03Z</time></trkpt>
      <trkpt lat="22.0710902" lon="113.3779558"><ele>10.1</ele><time>2023-07-22T00:19:04Z</time></trkpt>
      <trkpt lat="22.0710809" lon="113.3779404"><ele>10.0</ele><time>2023-07-22T00:19:05Z</time></trkpt>
      <trkpt lat="22.0710717" lon="113.3779258"><ele>10.0</ele><time>2023-07-22T00:19:06Z</time></trkpt>
      <trkpt lat="22.0710636" lon="113.3779107"><ele>10.0</ele><time>2023-07-22T00:19:07Z</time></trkpt>
      <trkpt lat="22.0710559" lon="113.3778954"><ele>9.9</ele><time>2023-07-22T00:19:08Z</time></trkpt>
      <trkpt lat="22.0710474" lon="113.3778814"><ele>10.0</ele><time>2023-07-22T00:19:09Z</time></trkpt>
      <trkpt lat="22.0710385" lon="113.3778693"><ele>10.0</ele><time>2023-07-22T00:19:10Z</time></trkpt>
      <trkpt lat="22.0710288" lon="113.3778584"><ele>10.1</ele><time>2023-07-22T00:19:11Z</time></trkpt>
      <trkpt lat="22.0710183" lon="113.3778464"><ele>10.2</ele><time>2023-07-22T00:19:12Z</time></trkpt>
      <trkpt lat="22.0710085" lon="113.3778327"><ele>10.3</ele><time>2023-07-22T00:19:13Z</time></trkpt>
      <trkpt lat="22.0709994" lon="113.3778190"><ele>10.5</ele><time>2023-07-22T00:19:14Z</time></trkpt>
      <trkpt lat="22.0709897" lon="113.3778072"><ele>10.7</ele><time>2023-07-22T00:19:15Z</time></trkpt>
      <trkpt lat="22.0709791" lon="113.3777979"><ele>10.9</ele><time>2023-07-22T00:19:16Z</time></trkpt>
      <trkpt lat="22.0709682" lon="113.3777898"><ele>11.1</ele><time>2023-07-22T00:19:17Z</time></trkpt>
      <trkpt lat="22.0709579" lon="113.3777828"><ele>11.3</ele><time>2023-07-22T00:19:18Z</time></trkpt>
      <trkpt lat="22.0709463" lon="113.3777812"><ele>11.5</ele><time>2023-07-22T00:19:19Z</time></trkpt>
      <trkpt lat="22.0709348" lon="113.3777893"><ele>11.8</ele><time>2023-07-22T00:19:20Z</time></trkpt>
      <trkpt lat="22.0709244" lon="113.3778037"><ele>12.0</ele><time>2023-07-22T00:19:21Z</time></trkpt>
      <trkpt lat="22.0709130" lon="113.3778174"><ele>12.2</ele><time>2023-07-22T00:19:22Z</time></trkpt>
      <trkpt lat="22.0709009" lon="113.3778285"><ele>12.4</ele><time>2023-07-22T00:19:23Z</time></trkpt>
      <trkpt lat="22.0708883" lon="113.3778385"><ele>12.5</ele><time>2023-07-22T00:19:24Z</time></trkpt>
      <trkpt lat="22.0708750" lon="113.3778482"><ele>12.6</ele><time>2023-07-22T00:19:25Z</time></trkpt>
      <trkpt lat="22.0708617" lon="113.3778581"><ele>12.8</ele><time>2023-07-22T00:19:26Z</time></trkpt>
      <trkpt lat="22.0708485" lon="113.3778694"><ele>12.9</ele><time>2023-07-22T00:19:27Z</time></trkpt>
      <trkpt lat="22.0708347" lon="113.3778808"><ele>12.9</ele><time>2023-07-22T00:19:28Z</time></trkpt>
      <trkpt lat="22.0708201" lon="113.3778920"><ele>12.9</ele><time>2023-07-22T00:19:29Z</time></trkpt>
      <trkpt lat="22.0708054" lon="113.3779041"><ele>12.9</ele><time>2023-07-22T00:19:30Z</time></trkpt>
      <trkpt lat="22.0707903" lon="113.3779167"><ele>12.9</ele><time>2023-07-22T00:19:31Z</time></trkpt>
      <trkpt lat="22.0707748" lon="113.3779291"><ele>12.8</ele><time>2023-07-22T00:19:32Z</time></trkpt>
      <trkpt lat="22.0707596" lon="113.3779418"><ele>12.8</ele><time>2023-07-22T00:19:33Z</time></trkpt>
      <trkpt lat="22.0707449" lon="113.3779547"><ele>12.7</ele><time>2023-07-22T00:19:34Z</time></trkpt>
      <trkpt lat="22.0707309" lon="113.3779683"><ele>12.6</ele><time>2023-07-22T00:19:35Z</time></trkpt>
      <trkpt lat="22.0707176" lon="113.3779827"><ele>12.5</ele><time>2023-07-22T00:19:36Z</time></trkpt>
      <trkpt lat="22.0707051" lon="113.3779974"><ele>12.4</ele><time>2023-07-22T00:19:37Z</time></trkpt>
      <trkpt lat="22.0706925" lon="113.3780116"><ele>12.3</ele><time>2023-07-22T00:19:38Z</time></trkpt>
      <trkpt lat="22.0706799" lon="113.3780249"><ele>12.2</ele><time>2023-07-22T00:19:39Z</time></trkpt>
      <trkpt lat="22.0706679" lon="113.3780382"><ele>12.1</ele><time>2023-07-22T00:19:40Z</time></trkpt>
      <trkpt lat="22.0706556" lon="113.3780515"><ele>12.0</ele><time>2023-07-22T00:19:41Z</time></trkpt>
      <trkpt lat="22.0706427" lon="113.3780642"><ele>11.9</ele><time>2023-07-22T00:19:42Z</time></trkpt>
      <trkpt lat="22.0706302" lon="113.3780766"><ele>11.9</ele><time>2023-07-22T00:19:43Z</time></trkpt>
      <trkpt lat="22.0706175" lon="113.3780859"><ele>11.8</ele><time>2023-07-22T00:19:44Z</time></trkpt>
      <trkpt lat="22.0706063" lon="113.3780952"><ele>11.7</ele><time>2023-07-22T00:19:45Z</time></trkpt>
      <trkpt lat="22.0706004" lon="113.3781100"><ele>11.6</ele><time>2023-07-22T00:19:46Z</time></trkpt>
      <trkpt lat="22.0706015" lon="113.3781289"><ele>11.5</ele><time>2023-07-22T00:19:47Z</time></trkpt>
      <trkpt lat="22.0706082" lon="113.3781484"><ele>11.5</ele><time>2023-07-22T00:19:48Z</time></trkpt>
      <trkpt lat="22.0706186" lon="113.3781659"><ele>11.4</ele><time>2023-07-22T00:19:49Z</time></trkpt>
      <trkpt lat="22.0706313" lon="113.3781806"><ele>11.3</ele><time>2023-07-22T00:19:50Z</time></trkpt>
      <trkpt lat="22.0706452" lon="113.3781930"><ele>11.2</ele><time>2023-07-22T00:19:51Z</time></trkpt>
      <trkpt lat="22.0706603" lon="113.3782032"><ele>11.1</ele><time>2023-07-22T00:19:52Z</time></trkpt>
      <trkpt lat="22.0706765" lon="113.3782111"><ele>11.0</ele><time>2023-07-22T00:19:53Z</time></trkpt>
      <trkpt lat="22.0706931" lon="113.3782181"><ele>10.9</ele><time>2023-07-22T00:19:54Z</time></trkpt>
      <trkpt lat="22.0707096" lon="113.3782253"><ele>10.8</ele><time>2023-07-22T00:19:55Z</time></trkpt>
      <trkpt lat="22.0707269" lon="113.3782316"><ele>10.7</ele><time>2023-07-22T00:19:56Z</time></trkpt>
      <trkpt lat="22.0707453" lon="113.3782367"><ele>10.6</ele><time>2023-07-22T00:19:57Z</time></trkpt>
      <trkpt lat="22.0707638" lon="113.3782423"><ele>10.6</ele><time>2023-07-22T00:19:58Z</time></trkpt>
      <trkpt lat="22.0707819" lon="113.3782494"><ele>10.5</ele><time>2023-07-22T00:19:59Z</time></trkpt>
      <trkpt lat="22.0707990" lon="113.3782588"><ele>10.4</ele><time>2023-07-22T00:20:00Z</time></trkpt>
      <trkpt lat="22.0708160" lon="113.3782687"><ele>10.4</ele><time>2023-07-22T00:20:01Z</time></trkpt>
      <trkpt lat="22.0708335" lon="113.3782783"><ele>10.4</ele><time>2023-07-22T00:20:02Z</time></trkpt>
      <trkpt lat="22.0708509" lon="113.3782869"><ele>10.3</ele><time>2023-07-22T00:20:03Z</time></trkpt>
      <trkpt lat="22.0708680" lon="113.3782938"><ele>10.3</ele><time>2023-07-22T00:20:04Z</time></trkpt>
      <trkpt lat="22.0708846" lon="113.3783014"><ele>10.3</ele><time>2023-07-22T00:20:05Z</time></trkpt>
      <trkpt lat="22.0709008" lon="113.3783094"><ele>10.3</ele><time>2023-07-22T00:20:06Z</time></trkpt>
      <trkpt lat="22.0709176" lon="113.3783149"><ele>10.3</ele><time>2023-07-22T00:20:07Z</time></trkpt>
      <trkpt lat="22.0709353" lon="113.3783165"><ele>10.2</ele><time>2023-07-22T00:20:08Z</time></trkpt>
      <trkpt lat="22.0709530" lon="113.3783150"><ele>10.2</ele><time>2023-07-22T00:20:09Z</time></trkpt>
      <trkpt lat="22.0709700" lon="113.3783125"><ele>10.2</ele><time>2023-07-22T00:20:10Z</time></trkpt>
      <trkpt lat="22.0709867" lon="113.3783104"><ele>10.1</ele><time>2023-07-22T00:20:11Z</time></trkpt>
      <trkpt lat="22.0710028" lon="113.3783077"><ele>10.1</ele><time>2023-07-22T00:20:12Z</time></trkpt>
      <trkpt lat="22.0710177" lon="113.3783028"><ele>10.0</ele><time>2023-07-22T00:20:13Z</time></trkpt>
      <trkpt lat="22.0710313" lon="113.3782940"><ele>9.9</ele><time>2023-07-22T00:20:14Z</time></trkpt>
      <trkpt lat="22.0710437" lon="113.3782820"><ele>9.9</ele><time>2023-07-22T00:20:15Z</time></trkpt>
      <trkpt lat="22.0710542" lon="113.3782681"><ele>9.8</ele><time>2023-07-22T00:20:16Z</time></trkpt>
      <trkpt lat="22.0710635" lon="113.3782532"><ele>9.7</ele><time>2023-07-22T00:20:17Z</time></trkpt>
      <trkpt lat="22.0710733" lon="113.3782394"><ele>9.5</ele><time>2023-07-22T00:20:18Z</time></trkpt>
      <trkpt lat="22.0710844" lon="113.3782270"><ele>9.4</ele><time>2023-07-22T00:20:19Z</time></trkpt>
      <trkpt lat="22.0710961" lon="113.3782150"><ele>9.3</ele><time>2023-07-22T00:20:20Z</time></trkpt>
      <trkpt lat="22.0711080" lon="113.3782035"><ele>9.2</ele><time>2023-07-22T00:20:21Z</time></trkpt>
      <trkpt lat="22.0711200" lon="113.3781928"><ele>9.2</ele><time>2023-07-22T00:20:22Z</time></trkpt>
      <trkpt lat="22.0711319" lon="113.3781815"><ele>9.1</ele><time>2023-07-22T00:20:23Z</time></trkpt>
      <trkpt lat="22.0711440" lon="113.3781701"><ele>9.1</ele><time>2023-07-22T00:20:24Z</time></trkpt>
      <trkpt lat="22.0711561" lon="113.3781595"><ele>9.0</ele><time>2023-07-22T00:20:25Z</time></trkpt>
      <trkpt lat="22.0711674" lon="113.3781496"><ele>9.0</ele><time>2023-07-22T00:20:26Z</time></trkpt>
      <trkpt lat="22.0711768" lon="113.3781385"><ele>9.0</ele><time>2023-07-22T00:20:27Z</time></trkpt>
      <trkpt lat="22.0711839" lon="113.3781259"><ele>9.1</ele><time>2023-07-22T00:20:28Z</time></trkpt>
      <trkpt lat="22.0711883" lon="113.3781124"><ele>9.1</ele><time>2023-07-22T00:20:29Z</time></trkpt>
      <trkpt lat="22.0711898" lon="113.3780979"><ele>9.2</ele><time>2023-07-22T00:20:30Z</time></trkpt>
      <trkpt lat="22.0711892" lon="113.3780822"><ele>9.2</ele><time>2023-07-22T00:20:31Z</time></trkpt>
      <trkpt lat="22.0711865" lon="113.3780665"><ele>9.3</ele><time>2023-07-22T00:20:32Z</time></trkpt>
      <trkpt lat="22.0711803" lon="113.3780512"><ele>9.3</ele><time>2023-07-22T00:20:33Z</time></trkpt>
      <trkpt lat="22.0711709" lon="113.3780363"><ele>9.4</ele><time>2023-07-22T00:20:34Z</time></trkpt>
      <trkpt lat="22.0711612" lon="113.3780218"><ele>9.5</ele><time>2023-07-22T00:20:35Z</time></trkpt>
      <trkpt lat="22.0711515" lon="113.3780074"><ele>9.5</ele><time>2023-07-22T00:20:36Z</time></trkpt>
      <trkpt lat="22.0711402" lon="113.3779934"><ele>9.6</ele><time>2023-07-22T00:20:37Z</time></trkpt>
      <trkpt lat="22.0711282" lon="113.3779789"><ele>9.7</ele><time>2023-07-22T00:20:38Z</time></trkpt>
      <trkpt lat="22.0711167" lon="113.3779655"><ele>9.7</ele><time>2023-07-22T00:20:39Z</time></trkpt>
      <trkpt lat="22.0711057" lon="113.3779540"><ele>9.8</ele><time>2023-07-22T00:20:40Z</time></trkpt>
      <trkpt lat="22.0710950" lon="113.3779423"><ele>9.8</ele><time>2023-07-22T00:20:41Z</time></trkpt>
      <trkpt lat="22.0710854" lon="113.3779294"><ele>9.8</ele><time>2023-07-22T00:20:42Z</time></trkpt>
      <trkpt lat="22.0710762" lon="113.3779163"><ele>9.9</ele><time>2023-07-22T00:20:43Z</time></trkpt>
      <trkpt lat="22.0710664" lon="113.3779036"><ele>10.0</ele><time>2023-07-22T00:20:44Z</time></trkpt>
      <trkpt lat="22.0710556" lon="113.3778920"><ele>10.1</ele><time>2023-07-22T00:20:45Z</time></trkpt>
      <trkpt lat="22.0710439" lon="113.3778809"><ele>10.3</ele><time>2023-07-22T00:20:46Z</time></trkpt>
      <trkpt lat="22.0710323" lon="113.3778698"><ele>10.4</ele><time>2023-07-22T00:20:47Z</time></trkpt>
      <trkpt lat="22.0710214" lon="113.3778579"><ele>10.6</ele><time>2023-07-22T00:20:48Z</time></trkpt>
      <trkpt lat="22.0710110" lon="113.3778452"><ele>10.8</ele><time>2023-07-22T00:20:49Z</time></trkpt>
      <trkpt lat="22.0710010" lon="113.3778325"><ele>11.0</ele><time>2023-07-22T00:20:50Z</time></trkpt>
      <trkpt lat="22.0709907" lon="113.3778202"><ele>11.2</ele><time>2023-07-22T00:20:51Z</time></trkpt>
      <trkpt lat="22.0709798" lon="113.3778085"><ele>11.3</ele><time>2023-07-22T00:20:52Z</time></trkpt>
      <trkpt lat="22.0709701" lon="113.3777978"><ele>11.5</ele><time>2023-07-22T00:20:53Z</time></trkpt>
      <trkpt lat="22.0709612" lon="113.3777919"><ele>11.7</ele><time>2023-07-22T00:20:54Z</time></trkpt>
      <trkpt lat="22.0709516" lon="113.3777967"><ele>11.9</ele><time>2023-07-22T00:20:55Z</time></trkpt>
      <trkpt lat="22.0709400" lon="113.3778095"><ele>12.0</ele><time>2023-07-22T00:20:56Z</time></trkpt>
      <trkpt lat="22.0709270" lon="113.3778236"><ele>12.1</ele><time>2023-07-22T00:20:57Z</time></trkpt>
      <trkpt lat="22.0709130" lon="113.3778366"><ele>12.2</ele><time>2023-07-22T00:20:58Z</time></trkpt>
      <trkpt lat="22.0708979" lon="113.3778477"><ele>12.2</ele><time>2023-07-22T00:20:59Z</time></trkpt>
      <trkpt lat="22.0708819" lon="113.3778569"><ele>12.3</ele><time>2023-07-22T00:21:00Z</time></trkpt>
      <trkpt lat="22.0708658" lon="113.3778659"><ele>12.3</ele><time>2023-07-22T00:21:01Z</time></trkpt>
      <trkpt lat="22.0708508" lon="113.3778760"><ele>12.3</ele><time>2023-07-22T00:21:02Z</time></trkpt>
      <trkpt lat="22.0708363" lon="113.3778882"><ele>12.3</ele><time>2023-07-22T00:21:03Z</time></trkpt>
      <trkpt lat="22.0708221" lon="113.3779018"><ele>12.3</ele><time>2023-07-22T00:21:04Z</time></trkpt>
      <trkpt lat="22.0708081" lon="113.3779152"><ele>12.2</ele><time>2023-07-22T00:21:05Z</time></trkpt>
      <trkpt lat="22.0707937" lon="113.3779280"><ele>12.1</ele><time>2023-07-22T00:21:06Z</time></trkpt>
      <trkpt lat="22.0707787" lon="113.3779405"><ele>12.0</ele><time>2023-07-22T00:21:07Z</time></trkpt>
      <trkpt lat="22.0707632" lon="113.3779527"><ele>12.0</ele><time>2023-07-22T00:21:08Z</time></trkpt>
      <trkpt lat="22.0707474" lon="113.3779656"><ele>11.9</ele><time>2023-07-22T00:21:09Z</time></trkpt>
      <trkpt lat="22.0707313" lon="113.3779798"><ele>11.8</ele><time>2023-07-22T00:21:10Z</time></trkpt>
      <trkpt lat="22.0707150" lon="113.3779936"><ele>11.7</ele><time>2023-07-22T00:21:11Z</time></trkpt>
      <trkpt lat="22.0706997" lon="113.3780060"><ele>11.6</ele><time>2023-07-22T00:21:12Z</time></trkpt>
      <trkpt lat="22.0706854" lon="113.3780178"><ele>11.5</ele><time>2023-07-22T00:21:13Z</time></trkpt>
      <trkpt lat="22.0706715" lon="113.3780298"><ele>11.4</ele><time>2023-07-22T00:21:14Z</time></trkpt>
      <trkpt lat="22.0706577" lon="113.3780417"><ele>11.4</ele><time>2023-07-22T00:21:15Z</time></trkpt>
      <trkpt lat="22.0706438" lon="113.3780534"><ele>11.3</ele><time>2023-07-22T00:21:16Z</time></trkpt>
      <trkpt lat="22.0706309" lon="113.3780649"><ele>11.2</ele><time>2023-07-22T00:21:17Z</time></trkpt>
      <trkpt lat="22.0706194" lon="113.3780768"><ele>11.1</ele><time>2023-07-22T00:21:18Z</time></trkpt>
      <trkpt lat="22.0706092" lon="113.3780899"><ele>11.1</ele><time>2023-07-22T00:21:19Z</time></trkpt>
      <trkpt lat="22.0706024" lon="113.3781051"><ele>11.1</ele><time>2023-07-22T00:21:20Z</time></trkpt>
      <trkpt lat="22.0706009" lon="113.3781216"><ele>11.0</ele><time>2023-07-22T00:21:21Z</time></trkpt>
      <trkpt lat="22.0706051" lon="113.3781384"><ele>11.0</ele><time>2023-07-22T00:21:22Z</time></trkpt>
      <trkpt lat="22.0706129" lon="113.3781541"><ele>11.1</ele><time>2023-07-22T00:21:23Z</time></trkpt>
      <trkpt lat="22.0706210" lon="113.3781686"><ele>11.1</ele><time>2023-07-22T00:21:24Z</time></trkpt>
      <trkpt lat="22.0706303" lon="113.3781820"><ele>11.1</ele><time>2023-07-22T00:21:25Z</time></trkpt>
      <trkpt lat="22.0706416" lon="113.3781945"><ele>11.1</ele><time>2023-07-22T00:21:26Z</time></trkpt>
      <trkpt lat="22.0706535" lon="113.3782056"><ele>11.1</ele><time>2023-07-22T00:21:27Z</time></trkpt>
      <trkpt lat="22.0706664" lon="113.3782138"><ele>11.2</ele><time>2023-07-22T00:21:28Z</time></trkpt>
      <trkpt lat="22.0706812" lon="113.3782188"><ele>11.2</ele><time>2023-07-22T00:21:29Z</time></trkpt>
      <trkpt lat="22.0706973" lon="113.3782213"><ele>11.2</ele><time>2023-07-22T00:21:30Z</time></trkpt>
      <trkpt lat="22.0707138" lon="113.3782202"><ele>11.3</ele><time>2023-07-22T00:21:31Z</time></trkpt>
      <trkpt lat="22.0707306" lon="113.3782169"><ele>11.3</ele><time>2023-07-22T00:21:32Z</time></trkpt>
      <trkpt lat="22.0707473" lon="113.3782149"><ele>11.3</ele><time>2023-07-22T00:21:33Z</time></trkpt>
      <trkpt lat="22.0707635" lon="113.3782154"><ele>11.3</ele><time>2023-07-22T00:21:34Z</time></trkpt>
      <trkpt lat="22.0707792" lon="113.3782181"><ele>11.3</ele><time>2023-07-22T00:21:35Z</time></trkpt>
      <trkpt lat="22.0707942" lon="113.3782241"><ele>11.3</ele><time>2023-07-22T00:21:36Z</time></trkpt>
      <trkpt lat="22.0708082" lon="113.3782341"><ele>11.2</ele><time>2023-07-22T00:21:37Z</time></trkpt>
      <trkpt lat="22.0708216" lon="113.3782455"><ele>11.2</ele><time>2023-07-22T00:21:38Z</time></trkpt>
      <trkpt lat="22.0708361" lon="113.3782546"><ele>11.1</ele><time>2023-07-22T00:21:39Z</time></trkpt>
      <trkpt lat="22.0708509" lon="113.3782605"><ele>11.1</ele><time>2023-07-22T00:21:40Z</time></trkpt>
      <trkpt lat="22.0708654" lon="113.3782654"><ele>11.0</ele><time>2023-07-22T00:21:41Z</time></trkpt>
      <trkpt lat="22.0708799" lon="113.3782711"><ele>11.0</ele><time>2023-07-22T00:21:42Z</time></trkpt>
      <trkpt lat="22.0708943" lon="113.3782789"><ele>10.9</ele><time>2023-07-22T00:21:43Z</time></trkpt>
      <trkpt lat="22.0709083" lon="113.3782875"><ele>10.8</ele><time>2023-07-22T00:21:44Z</time></trkpt>
      <trkpt lat="22.0709225" lon="113.3782956"><ele>10.8</ele><time>2023-07-22T00:21:45Z</time></trkpt>
      <trkpt lat="22.0709365" lon="113.3783033"><ele>10.7</ele><time>2023-07-22T00:21:46Z</time></trkpt>
      <trkpt lat="22.0709503" lon="113.3783102"><ele>10.6</ele><time>2023-07-22T00:21:47Z</time></trkpt>
      <trkpt lat="22.0709647" lon="113.3783146"><ele>10.5</ele><time>2023-07-22T00:21:48Z</time></trkpt>
      <trkpt lat="22.0709800" lon="113.3783141"><ele>10.4</ele><time>2023-07-22T00:21:49Z</time></trkpt>
      <trkpt lat="22.0709950" lon="113.3783097"><ele>10.3</ele><time>2023-07-22T00:21:50Z</time></trkpt>
      <trkpt lat="22.0710089" lon="113.3783028"><ele>10.2</ele><time>2023-07-22T00:21:51Z</time></trkpt>
      <trkpt lat="22.0710214" lon="113.3782933"><ele>10.1</ele><time>2023-07-22T00:21:52Z</time></trkpt>
      <trkpt lat="22.0710334" lon="113.3782829"><ele>10.0</ele><time>2023-07-22T00:21:53Z</time></trkpt>
      <trkpt lat="22.0710452" lon="113.3782724"><ele>9.9</ele><time>2023-07-22T00:21:54Z</time></trkpt>
      <trkpt lat="22.0710564" lon="113.3782610"><ele>9.8</ele><time>2023-07-22T00:21:55Z</time></trkpt>
      <trkpt lat="22.0710672" lon="113.3782491"><ele>9.7</ele><time>2023-07-22T00:21:56Z</time></trkpt>
      <trkpt lat="22.0710788" lon="113.3782390"><ele>9.6</ele><time>2023-07-22T00:21:57Z</time></trkpt>
      <trkpt lat="22.0710913" lon="113.3782309"><ele>9.5</ele><time>2023-07-22T00:21:58Z</time></trkpt>
      <trkpt lat="22.0711040" lon="113.3782228"><ele>9.5</ele><time>2023-07-22T00:21:59Z</time></trkpt>
      <trkpt lat="22.0711156" lon="113.3782141"><ele>9.4</ele><time>2023-07-22T00:22:00Z</time></trkpt>
      <trkpt lat="22.0711258" lon="113.3782047"><ele>9.4</ele><time>2023-07-22T00:22:01Z</time></trkpt>
      <trkpt lat="22.0711365" lon="113.3781942"><ele>9.4</ele><time>2023-07-22T00:22:02Z</time></trkpt>
      <trkpt lat="22.0711483" lon="113.3781842"><ele>9.5</ele><time>2023-07-22T00:22:03Z</time></trkpt>
      <trkpt lat="22.0711605" lon="113.3781751"><ele>9.5</ele><time>2023-07-22T00:22:04Z</time></trkpt>
      <trkpt lat="22.0711716" lon="113.3781648"><ele>9.6</ele><time>2023-07-22T00:22:05Z</time></trkpt>
      <trkpt lat="22.0711804" lon="113.3781525"><ele>9.6</ele><time>2023-07-22T00:22:06Z</time></trkpt>
      <trkpt lat="22.0711862" lon="113.3781388"><ele>9.7</ele><time>2023-07-22T00:22:07Z</time></trkpt>
      <trkpt lat="22.0711890" lon="113.3781240"><ele>9.7</ele><time>2023-07-22T00:22:08Z</time></trkpt>
      <trkpt lat="22.0711903" lon="113.3781087"><ele>9.7</ele><time>2023-07-22T00:22:09Z</time></trkpt>
      <trkpt lat="22.0711909" lon="113.3780935"><ele>9.8</ele><time>2023-07-22T00:22:10Z</time></trkpt>
      <trkpt lat="22.0711887" lon="113.3780778"><ele>9.8</ele><time>2023-07-22T00:22:11Z</time></trkpt>
      <trkpt lat="22.0711829" lon="113.3780614"><ele>9.8</ele><time>2023-07-22T00:22:12Z</time></trkpt>
      <trkpt lat="22.0711749" lon="113.3780457"><ele>9.8</ele><time>2023-07-22T00:22:13Z</time></trkpt>
      <trkpt lat="22.0711644" lon="113.3780314"><ele>9.8</ele><time>2023-07-22T00:22:14Z</time></trkpt>
      <trkpt lat="22.0711522" lon="113.3780182"><ele>9.8</ele><time>2023-07-22T00:22:15Z</time></trkpt>
      <trkpt lat="22.0711408" lon="113.3780049"><ele>9.8</ele><time>2023-07-22T00:22:16Z</time></trkpt>
      <trkpt lat="22.0711302" lon="113.3779910"><ele>9.8</ele><time>2023-07-22T00:22:17Z</time></trkpt>
      <trkpt lat="22.0711199" lon="113.3779765"><ele>9.8</ele><time>2023-07-22T00:22:18Z</time></trkpt>
      <trkpt lat="22.0711107" lon="113.3779613"><ele>9.8</ele><time>2023-07-22T00:22:19Z</time></trkpt>
      <trkpt lat="22.0711017" lon="113.3779460"><ele>9.7</ele><time>2023-07-22T00:22:20Z</time></trkpt>
      <trkpt lat="22.0710925" lon="113.3779311"><ele>9.7</ele><time>2023-07-22T00:22:21Z</time></trkpt>
      <trkpt lat="22.0710837" lon="113.3779165"><ele>9.7</ele><time>2023-07-22T00:22:22Z</time></trkpt>
      <trkpt lat="22.0710752" lon="113.3779021"><ele>9.7</ele><time>2023-07-22T00:22:23Z</time></trkpt>
      <trkpt lat="22.0710658" lon="113.3778890"><ele>9.7</ele><time>2023-07-22T00:22:24Z</time></trkpt>
      <trkpt lat="22.0710559" lon="113.3778760"><ele>9.7</ele><time>2023-07-22T00:22:25Z</time></trkpt>
      <trkpt lat="22.0710452" lon="113.3778638"><ele>9.8</ele><time>2023-07-22T00:22:26Z</time></trkpt>
      <trkpt lat="22.0710329" lon="113.3778543"><ele>9.9</ele><time>2023-07-22T00:22:27Z</time></trkpt>
      <trkpt lat="22.0710196" lon="113.3778474"><ele>9.9</ele><time>2023-07-22T00:22:28Z</time></trkpt>
      <trkpt lat="22.0710062" lon="113.3778407"><ele>10.0</ele><time>2023-07-22T00:22:29Z</time></trkpt>
      <trkpt lat="22.0709922" lon="113.3778339"><ele>10.1</ele><time>2023-07-22T00:22:30Z</time></trkpt>
      <trkpt lat="22.0709773" lon="113.3778294"><ele>10.2</ele><time>2023-07-22T00:22:31Z</time></trkpt>
      <trkpt lat="22.0709617" lon="113.3778313"><ele>10.3</ele><time>2023-07-22T00:22:32Z</time></trkpt>
      <trkpt lat="22.0709462" lon="113.3778382"><ele>10.4</ele><time>2023-07-22T00:22:33Z</time></trkpt>
      <trkpt lat="22.0709321" lon="113.3778479"><ele>10.4</ele><time>2023-07-22T00:22:34Z</time></trkpt>
      <trkpt lat="22.0709193" lon="113.3778593"><ele>10.5</ele><time>2023-07-22T00:22:35Z</time></trkpt>
      <trkpt lat="22.0709061" lon="113.3778685"><ele>10.5</ele><time>2023-07-22T00:22:36Z</time></trkpt>
      <trkpt lat="22.0708921" lon="113.3778766"><ele>10.6</ele><time>2023-07-22T00:22:37Z</time></trkpt>
      <trkpt lat="22.0708779" lon="113.3778856"><ele>10.6</ele><time>2023-07-22T00:22:38Z</time></trkpt>
      <trkpt lat="22.0708641" lon="113.3778957"><ele>10.6</ele><time>2023-07-22T00:22:39Z</time></trkpt>
      <trkpt lat="22.0708512" lon="113.3779078"><ele>10.6</ele><time>2023-07-22T00:22:40Z</time></trkpt>
      <trkpt lat="22.0708388" lon="113.3779213"><ele>10.6</ele><time>2023-07-22T00:22:41Z</time></trkpt>
      <trkpt lat="22.0708263" lon="113.3779346"><ele>10.6</ele><time>2023-07-22T00:22:42Z</time></trkpt>
      <trkpt lat="22.0708132" lon="113.3779476"><ele>10.5</ele><time>2023-07-22T00:22:43Z</time></trkpt>
      <trkpt lat="22.0707993" lon="113.3779603"><ele>10.5</ele><time>2023-07-22T00:22:44Z</time></trkpt>
      <trkpt lat="22.0707849" lon="113.3779727"><ele>10.4</ele><time>2023-07-22T00:22:45Z</time></trkpt>
      <trkpt lat="22.0707707" lon="113.3779846"><ele>10.4</ele><time>2023-07-22T00:22:46Z</time></trkpt>
      <trkpt lat="22.0707564" lon="113.3779962"><ele>10.3</ele><time>2023-07-22T00:22:47Z</time></trkpt>
      <trkpt lat="22.0707414" lon="113.3780075"><ele>10.3</ele><time>2023-07-22T00:22:48Z</time></trkpt>
      <trkpt lat="22.0707262" lon="113.3780195"><ele>10.2</ele><time>2023-07-22T00:22:49Z</time></trkpt>
      <trkpt lat="22.0707116" lon="113.3780329"><ele>10.2</ele><time>2023-07-22T00:22:50Z</time></trkpt>
      <trkpt lat="22.0706975" lon="113.3780457"><ele>10.2</ele><time>2023-07-22T00:22:51Z</time></trkpt>
      <trkpt lat="22.0706830" lon="113.3780577"><ele>10.2</ele><time>2023-07-22T00:22:52Z</time></trkpt>
      <trkpt lat="22.0706685" lon="113.3780695"><ele>10.3</ele><time>2023-07-22T00:22:53Z</time></trkpt>
      <trkpt lat="22.0706544" lon="113.3780813"><ele>10.3</ele><time>2023-07-22T00:22:54Z</time></trkpt>
      <trkpt lat="22.0706412" lon="113.3780933"><ele>10.3</ele><time>2023-07-22T00:22:55Z</time></trkpt>
      <trkpt lat="22.0706292" lon="113.3781063"><ele>10.3</ele><time>2023-07-22T00:22:56Z</time></trkpt>
      <trkpt lat="22.0706186" lon="113.3781205"><ele>10.4</ele><time>2023-07-22T00:22:57Z</time></trkpt>
      <trkpt lat="22.0706117" lon="113.3781372"><ele>10.4</ele><time>2023-07-22T00:22:58Z</time></trkpt>
      <trkpt lat="22.0706110" lon="113.3781560"><ele>10.5</ele><time>2023-07-22T00:22:59Z</time></trkpt>
      <trkpt lat="22.0706116" lon="113.3781730"><ele>10.5</ele><time>2023-07-22T00:23:00Z</time></trkpt>
      <trkpt lat="22.0706145" lon="113.3781881"><ele>10.5</ele><time>2023-07-22T00:23:01Z</time></trkpt>
      <trkpt lat="22.0706235" lon="113.3782032"><ele>10.5</ele><time>2023-07-22T00:23:02Z</time></trkpt>
      <trkpt lat="22.0706364" lon="113.3782166"><ele>10.6</ele><time>2023-07-22T00:23:03Z</time></trkpt>
      <trkpt lat="22.0706520" lon="113.3782278"><ele>10.6</ele><time>2023-07-22T00:23:04Z</time></trkpt>
      <trkpt lat="22.0706690" lon="113.3782367"><ele>10.5</ele><time>2023-07-22T00:23:05Z</time></trkpt>
      <trkpt lat="22.0706872" lon="113.3782429"><ele>10.5</ele><time>2023-07-22T00:23:06Z</time></trkpt>
      <trkpt lat="22.0707058" lon="113.3782469"><ele>10.5</ele><time>2023-07-22T00:23:07Z</time></trkpt>
      <trkpt lat="22.0707242" lon="113.3782495"><ele>10.5</ele><time>2023-07-22T00:23:08Z</time></trkpt>
      <trkpt lat="22.0707423" lon="113.3782526"><ele>10.5</ele><time>2023-07-22T00:23:09Z</time></trkpt>
      <trkpt lat="22.0707598" lon="113.3782559"><ele>10.4</ele><time>2023-07-22T00:23:10Z</time></trkpt>
      <trkpt lat="22.0707772" lon="113.3782603"><ele>10.4</ele><time>2023-07-22T00:23:11Z</time></trkpt>
      <trkpt lat="22.0707947" lon="113.3782665"><ele>10.3</ele><time>2023-07-22T00:23:12Z</time></trkpt>
      <trkpt lat="22.0708122" lon="113.3782729"><ele>10.3</ele><time>2023-07-22T00:23:13Z</time></trkpt>
      <trkpt lat="22.0708297" lon="113.3782794"><ele>10.3</ele><time>2023-07-22T00:23:14Z</time></trkpt>
      <trkpt lat="22.0708469" lon="113.3782880"><ele>10.2</ele><time>2023-07-22T00:23:15Z</time></trkpt>
      <trkpt lat="22.0708633" lon="113.3782979"><ele>10.2</ele><time>2023-07-22T00:23:16Z</time></trkpt>
      <trkpt lat="22.0708794" lon="113.3783068"><ele>10.2</ele><time>2023-07-22T00:23:17Z</time></trkpt>
      <trkpt lat="22.0708959" lon="113.3783149"><ele>10.2</ele><time>2023-07-22T00:23:18Z</time></trkpt>
      <trkpt lat="22.0709127" lon="113.3783213"><ele>10.2</ele><time>2023-07-22T00:23:19Z</time></trkpt>
      <trkpt lat="22.0709303" lon="113.3783233"><ele>10.2</ele><time>2023-07-22T00:23:20Z</time></trkpt>
      <trkpt lat="22.0709483" lon="113.3783211"><ele>10.2</ele><time>2023-07-22T00:23:21Z</time></trkpt>
      <trkpt lat="22.0709661" lon="113.3783164"><ele>10.2</ele><time>2023-07-22T00:23:22Z</time></trkpt>
      <trkpt lat="22.0709840" lon="113.3783091"><ele>10.2</ele><time>2023-07-22T00:23:23Z</time></trkpt>
      <trkpt lat="22.0710012" lon="113.3782990"><ele>10.2</ele><time>2023-07-22T00:23:24Z</time></trkpt>
      <trkpt lat="22.0710175" lon="113.3782876"><ele>10.2</ele><time>2023-07-22T00:23:25Z</time></trkpt>
      <trkpt lat="22.0710331" lon="113.3782754"><ele>10.2</ele><time>2023-07-22T00:23:26Z</time></trkpt>
      <trkpt lat="22.0710478" lon="113.3782621"><ele>10.2</ele><time>2023-07-22T00:23:27Z</time></trkpt>
      <trkpt lat="22.0710623" lon="113.3782491"><ele>10.1</ele><time>2023-07-22T00:23:28Z</time></trkpt>
      <trkpt lat="22.0710773" lon="113.3782371"><ele>10.1</ele><time>2023-07-22T00:23:29Z</time></trkpt>
      <trkpt lat="22.0710926" lon="113.3782260"><ele>10.1</ele><time>2023-07-22T00:23:30Z</time></trkpt>
      <trkpt lat="22.0711076" lon="113.3782142"><ele>10.1</ele><time>2023-07-22T00:23:31Z</time></trkpt>
      <trkpt lat="22.0711220" lon="113.3782014"><ele>10.1</ele><time>2023-07-22T00:23:32Z</time></trkpt>
      <trkpt lat="22.0711361" lon="113.3781888"><ele>10.1</ele><time>2023-07-22T00:23:33Z</time></trkpt>
      <trkpt lat="22.0711496" lon="113.3781760"><ele>10.1</ele><time>2023-07-22T00:23:34Z</time></trkpt>
      <trkpt lat="22.0711625" lon="113.3781636"><ele>10.1</ele><time>2023-07-22T00:23:35Z</time></trkpt>
      <trkpt lat="22.0711745" lon="113.3781527"><ele>10.1</ele><time>2023-07-22T00:23:36Z</time></trkpt>
      <trkpt lat="22.0711824" lon="113.3781412"><ele>10.1</ele><time>2023-07-22T00:23:37Z</time></trkpt>
      <trkpt lat="22.0711843" lon="113.3781282"><ele>10.1</ele><time>2023-07-22T00:23:38Z</time></trkpt>
      <trkpt lat="22.0711797" lon="113.3781135"><ele>10.1</ele><time>2023-07-22T00:23:39Z</time></trkpt>
      <trkpt lat="22.0711675" lon="113.3780986"><ele>10.2</ele><time>2023-07-22T00:23:40Z</time></trkpt>
      <trkpt lat="22.0711521" lon="113.3780839"><ele>10.2</ele><time>2023-07-22T00:23:41Z</time></trkpt>
      <trkpt lat="22.0711373" lon="113.3780688"><ele>10.3</ele><time>2023-07-22T00:23:42Z</time></trkpt>
      <trkpt lat="22.0711227" lon="113.3780542"><ele>10.3</ele><time>2023-07-22T00:23:43Z</time></trkpt>
      <trkpt lat="22.0711079" lon="113.3780400"><ele>10.3</ele><time>2023-07-22T00:23:44Z</time></trkpt>
      <trkpt lat="22.0710917" lon="113.3780245"><ele>10.3</ele><time>2023-07-22T00:23:45Z</time></trkpt>
      <trkpt lat="22.0710744" lon="113.3780069"><ele>10.3</ele><time>2023-07-22T00:23:46Z</time></trkpt>
      <trkpt lat="22.0710575" lon="113.3779882"><ele>10.4</ele><time>2023-07-22T00:23:47Z</time></trkpt>
      <trkpt lat="22.0710416" lon="113.3779692"><ele>10.4</ele><time>2023-07-22T00:23:48Z</time></trkpt>
      <trkpt lat="22.0710281" lon="113.3779497"><ele>10.5</ele><time>2023-07-22T00:23:49Z</time></trkpt>
      <trkpt lat="22.0710162" lon="113.3779305"><ele>10.5</ele><time>2023-07-22T00:23:50Z</time></trkpt>
      <trkpt lat="22.0710050" lon="113.3779119"><ele>10.5</ele><time>2023-07-22T00:23:51Z</time></trkpt>
      <trkpt lat="22.0709938" lon="113.3778932"><ele>10.6</ele><time>2023-07-22T00:23:52Z</time></trkpt>
      <trkpt lat="22.0709801" lon="113.3778764"><ele>10.6</ele><time>2023-07-22T00:23:53Z</time></trkpt>
      <trkpt lat="22.0709637" lon="113.3778638"><ele>10.6</ele><time>2023-07-22T00:23:54Z</time></trkpt>
      <trkpt lat="22.0709466" lon="113.3778567"><ele>10.7</ele><time>2023-07-22T00:23:55Z</time></trkpt>
      <trkpt lat="22.0709301" lon="113.3778556"><ele>10.7</ele><time>2023-07-22T00:23:56Z</time></trkpt>
      <trkpt lat="22.0709162" lon="113.3778591"><ele>10.7</ele><time>2023-07-22T00:23:57Z</time></trkpt>
      <trkpt lat="22.0709042" lon="113.3778655"><ele>10.8</ele><time>2023-07-22T00:23:58Z</time></trkpt>
      <trkpt lat="22.0708907" lon="113.3778741"><ele>10.8</ele><time>2023-07-22T00:23:59Z</time></trkpt>
      <trkpt lat="22.0708748" lon="113.3778842"><ele>10.8</ele><time>2023-07-22T00:24:00Z</time></trkpt>
      <trkpt lat="22.0708577" lon="113.3778953"><ele>10.7</ele><time>2023-07-22T00:24:01Z</time></trkpt>
      <trkpt lat="22.0708404" lon="113.3779079"><ele>10.7</ele><time>2023-07-22T00:24:02Z</time></trkpt>
      <trkpt lat="22.0708239" lon="113.3779206"><ele>10.7</ele><time>2023-07-22T00:24:03Z</time></trkpt>
      <trkpt lat="22.0708079" lon="113.3779329"><ele>10.6</ele><time>2023-07-22T00:24:04Z</time></trkpt>
      <trkpt lat="22.0707914" lon="113.3779456"><ele>10.6</ele><time>2023-07-22T00:24:05Z</time></trkpt>
      <trkpt lat="22.0707745" lon="113.3779575"><ele>10.5</ele><time>2023-07-22T00:24:06Z</time></trkpt>
      <trkpt lat="22.0707581" lon="113.3779687"><ele>10.5</ele><time>2023-07-22T00:24:07Z</time></trkpt>
      <trkpt lat="22.0707430" lon="113.3779810"><ele>10.4</ele><time>2023-07-22T00:24:08Z</time></trkpt>
      <trkpt lat="22.0707287" lon="113.3779936"><ele>10.4</ele><time>2023-07-22T00:24:09Z</time></trkpt>
      <trkpt lat="22.0707146" lon="113.3780059"><ele>10.4</ele><time>2023-07-22T00:24:10Z</time></trkpt>
      <trkpt lat="22.0707002" lon="113.3780179"><ele>10.4</ele><time>2023-07-22T00:24:11Z</time></trkpt>
      <trkpt lat="22.0706862" lon="113.3780296"><ele>10.4</ele><time>2023-07-22T00:24:12Z</time></trkpt>
      <trkpt lat="22.0706730" lon="113.3780406"><ele>10.4</ele><time>2023-07-22T00:24:13Z</time></trkpt>
      <trkpt lat="22.0706603" lon="113.3780516"><ele>10.4</ele><time>2023-07-22T00:24:14Z</time></trkpt>
      <trkpt lat="22.0706479" lon="113.3780628"><ele>10.5</ele><time>2023-07-22T00:24:15Z</time></trkpt>
      <trkpt lat="22.0706360" lon="113.3780744"><ele>10.5</ele><time>2023-07-22T00:24:16Z</time></trkpt>
      <trkpt lat="22.0706259" lon="113.3780870"><ele>10.5</ele><time>2023-07-22T00:24:17Z</time></trkpt>
      <trkpt lat="22.0706193" lon="113.3781008"><ele>10.6</ele><time>2023-07-22T00:24:18Z</time></trkpt>
      <trkpt lat="22.0706157" lon="113.3781160"><ele>10.6</ele><time>2023-07-22T00:24:19Z</time></trkpt>
      <trkpt lat="22.0706125" lon="113.3781322"><ele>10.7</ele><time>2023-07-22T00:24:20Z</time></trkpt>
      <trkpt lat="22.0706099" lon="113.3781482"><ele>10.7</ele><time>2023-07-22T00:24:21Z</time></trkpt>
      <trkpt lat="22.0706114" lon="113.3781623"><ele>10.8</ele><time>2023-07-22T00:24:22Z</time></trkpt>
      <trkpt lat="22.0706182" lon="113.3781744"><ele>10.8</ele><time>2023-07-22T00:24:23Z</time></trkpt>
      <trkpt lat="22.0706291" lon="113.3781843"><ele>10.8</ele><time>2023-07-22T00:24:24Z</time></trkpt>
      <trkpt lat="22.0706418" lon="113.3781930"><ele>10.9</ele><time>2023-07-22T00:24:25Z</time></trkpt>
      <trkpt lat="22.0706553" lon="113.3782004"><ele>10.9</ele><time>2023-07-22T00:24:26Z</time></trkpt>
      <trkpt lat="22.0706697" lon="113.3782053"><ele>10.8</ele><time>2023-07-22T00:24:27Z</time></trkpt>
      <trkpt lat="22.0706842" lon="113.3782089"><ele>10.8</ele><time>2023-07-22T00:24:28Z</time></trkpt>
      <trkpt lat="22.0706983" lon="113.3782120"><ele>10.8</ele><time>2023-07-22T00:24:29Z</time></trkpt>
      <trkpt lat="22.0707130" lon="113.3782144"><ele>10.8</ele><time>2023-07-22T00:24:30Z</time></trkpt>
      <trkpt lat="22.0707281" lon="113.3782171"><ele>10.8</ele><time>2023-07-22T00:24:31Z</time></trkpt>
      <trkpt lat="22.0707426" lon="113.3782212"><ele>10.8</ele><time>2023-07-22T00:24:32Z</time></trkpt>
      <trkpt lat="22.0707571" lon="113.3782255"><ele>10.8</ele><time>2023-07-22T00:24:33Z</time></trkpt>
      <trkpt lat="22.0707725" lon="113.3782294"><ele>10.8</ele><time>2023-07-22T00:24:34Z</time></trkpt>
      <trkpt lat="22.0707884" lon="113.3782347"><ele>10.7</ele><time>2023-07-22T00:24:35Z</time></trkpt>
      <trkpt lat="22.0708043" lon="113.3782427"><ele>10.7</ele><time>2023-07-22T00:24:36Z</time></trkpt>
      <trkpt lat="22.0708201" lon="113.3782523"><ele>10.7</ele><time>2023-07-22T00:24:37Z</time></trkpt>
      <trkpt lat="22.0708355" lon="113.3782608"><ele>10.7</ele><time>2023-07-22T00:24:38Z</time></trkpt>
      <trkpt lat="22.0708502" lon="113.3782678"><ele>10.7</ele><time>2023-07-22T00:24:39Z</time></trkpt>
      <trkpt lat="22.0708646" lon="113.3782738"><ele>10.7</ele><time>2023-07-22T00:24:40Z</time></trkpt>
      <trkpt lat="22.0708796" lon="113.3782790"><ele>10.7</ele><time>2023-07-22T00:24:41Z</time></trkpt>
      <trkpt lat="22.0708948" lon="113.3782846"><ele>10.7</ele><time>2023-07-22T00:24:42Z</time></trkpt>
      <trkpt lat="22.0709100" lon="113.3782912"><ele>10.7</ele><time>2023-07-22T00:24:43Z</time></trkpt>
      <trkpt lat="22.0709252" lon="113.3782972"><ele>10.7</ele><time>2023-07-22T00:24:44Z</time></trkpt>
      <trkpt lat="22.0709405" lon="113.3783023"><ele>10.7</ele><time>2023-07-22T00:24:45Z</time></trkpt>
      <trkpt lat="22.0709554" lon="113.3783065"><ele>10.8</ele><time>2023-07-22T00:24:46Z</time></trkpt>
      <trkpt lat="22.0709696" lon="113.3783081"><ele>10.8</ele><time>2023-07-22T00:24:47Z</time></trkpt>
      <trkpt lat="22.0709835" lon="113.3783054"><ele>10.8</ele><time>2023-07-22T00:24:48Z</time></trkpt>
      <trkpt lat="22.0709972" lon="113.3782992"><ele>10.8</ele><time>2023-07-22T00:24:49Z</time></trkpt>
      <trkpt lat="22.0710102" lon="113.3782916"><ele>10.8</ele><time>2023-07-22T00:24:50Z</time></trkpt>
      <trkpt lat="22.0710221" lon="113.3782828"><ele>10.8</ele><time>2023-07-22T00:24:51Z</time></trkpt>
      <trkpt lat="22.0710332" lon="113.3782729"><ele>10.8</ele><time>2023-07-22T00:24:52Z</time></trkpt>
      <trkpt lat="22.0710437" lon="113.3782626"><ele>10.7</ele><time>2023-07-22T00:24:53Z</time></trkpt>
      <trkpt lat="22.0710529" lon="113.3782510"><ele>10.7</ele><time>2023-07-22T00:24:54Z</time></trkpt>
      <trkpt lat="22.0710615" lon="113.3782384"><ele>10.7</ele><time>2023-07-22T00:24:55Z</time></trkpt>
      <trkpt lat="22.0710712" lon="113.3782277"><ele>10.6</ele><time>2023-07-22T00:24:56Z</time></trkpt>
      <trkpt lat="22.0710821" lon="113.3782192"><ele>10.5</ele><time>2023-07-22T00:24:57Z</time></trkpt>
      <trkpt lat="22.0710932" lon="113.3782113"><ele>10.4</ele><time>2023-07-22T00:24:58Z</time></trkpt>
      <trkpt lat="22.0711046" lon="113.3782041"><ele>10.4</ele><time>2023-07-22T00:24:59Z</time></trkpt>
      <trkpt lat="22.0711164" lon="113.3781970"><ele>10.3</ele><time>2023-07-22T00:25:00Z</time></trkpt>
      <trkpt lat="22.0711279" lon="113.3781894"><ele>10.3</ele><time>2023-07-22T00:25:01Z</time></trkpt>
      <trkpt lat="22.0711391" lon="113.3781821"><ele>10.2</ele><time>2023-07-22T00:25:02Z</time></trkpt>
      <trkpt lat="22.0711505" lon="113.3781749"><ele>10.2</ele><time>2023-07-22T00:25:03Z</time></trkpt>
      <trkpt lat="22.0711608" lon="113.3781665"><ele>10.2</ele><time>2023-07-22T00:25:04Z</time></trkpt>
      <trkpt lat="22.0711692" lon="113.3781574"><ele>10.1</ele><time>2023-07-22T00:25:05Z</time></trkpt>
      <trkpt lat="22.0711755" lon="113.3781486"><ele>10.1</ele><time>2023-07-22T00:25:06Z</time></trkpt>
      <trkpt lat="22.0711800" lon="113.3781395"><ele>10.1</ele><time>2023-07-22T00:25:07Z</time></trkpt>
      <trkpt lat="22.0711796" lon="113.3781274"><ele>10.0</ele><time>2023-07-22T00:25:08Z</time></trkpt>
      <trkpt lat="22.0711710" lon="113.3781141"><ele>10.0</ele><time>2023-07-22T00:25:09Z</time></trkpt>
      <trkpt lat="22.0711576" lon="113.3781025"><ele>10.0</ele><time>2023-07-22T00:25:10Z</time></trkpt>
      <trkpt lat="22.0711434" lon="113.3780921"><ele>10.0</ele><time>2023-07-22T00:25:11Z</time></trkpt>
      <trkpt lat="22.0711298" lon="113.3780810"><ele>9.9</ele><time>2023-07-22T00:25:12Z</time></trkpt>
      <trkpt lat="22.0711172" lon="113.3780690"><ele>9.9</ele><time>2023-07-22T00:25:13Z</time></trkpt>
      <trkpt lat="22.0711049" lon="113.3780562"><ele>9.9</ele><time>2023-07-22T00:25:14Z</time></trkpt>
      <trkpt lat="22.0710942" lon="113.3780415"><ele>9.9</ele><time>2023-07-22T00:25:15Z</time></trkpt>
      <trkpt lat="22.0710842" lon="113.3780258"><ele>9.9</ele><time>2023-07-22T00:25:16Z</time></trkpt>
      <trkpt lat="22.0710719" lon="113.3780117"><ele>9.9</ele><time>2023-07-22T00:25:17Z</time></trkpt>
      <trkpt lat="22.0710590" lon="113.3779976"><ele>9.8</ele><time>2023-07-22T00:25:18Z</time></trkpt>
      <trkpt lat="22.0710486" lon="113.3779818"><ele>9.9</ele><time>2023-07-22T00:25:19Z</time></trkpt>
      <trkpt lat="22.0710398" lon="113.3779656"><ele>9.9</ele><time>2023-07-22T00:25:20Z</time></trkpt>
      <trkpt lat="22.0710312" lon="113.3779495"><ele>9.9</ele><time>2023-07-22T00:25:21Z</time></trkpt>
      <trkpt lat="22.0710230" lon="113.3779333"><ele>10.0</ele><time>2023-07-22T00:25:22Z</time></trkpt>
      <trkpt lat="22.0710150" lon="113.3779171"><ele>10.1</ele><time>2023-07-22T00:25:23Z</time></trkpt>
      <trkpt lat="22.0710068" lon="113.3779013"><ele>10.1</ele><time>2023-07-22T00:25:24Z</time></trkpt>
      <trkpt lat="22.0709989" lon="113.3778855"><ele>10.2</ele><time>2023-07-22T00:25:25Z</time></trkpt>
      <trkpt lat="22.0709897" lon="113.3778709"><ele>10.4</ele><time>2023-07-22T00:25:26Z</time></trkpt>
      <trkpt lat="22.0709778" lon="113.3778596"><ele>10.5</ele><time>2023-07-22T00:25:27Z</time></trkpt>
      <trkpt lat="22.0709643" lon="113.3778512"><ele>10.6</ele><time>2023-07-22T00:25:28Z</time></trkpt>
      <trkpt lat="22.0709503" lon="113.3778453"><ele>10.7</ele><time>2023-07-22T00:25:29Z</time></trkpt>
      <trkpt lat="22.0709362" lon="113.3778447"><ele>10.8</ele><time>2023-07-22T00:25:30Z</time></trkpt>
      <trkpt lat="22.0709230" lon="113.3778504"><ele>10.9</ele><time>2023-07-22T00:25:31Z</time></trkpt>
      <trkpt lat="22.0709109" lon="113.3778594"><ele>11.0</ele><time>2023-07-22T00:25:32Z</time></trkpt>
      <trkpt lat="22.0708988" lon="113.3778685"><ele>11.1</ele><time>2023-07-22T00:25:33Z</time></trkpt>
      <trkpt lat="22.0708862" lon="113.3778777"><ele>11.2</ele><time>2023-07-22T00:25:34Z</time></trkpt>
      <trkpt lat="22.0708735" lon="113.3778871"><ele>11.2</ele><time>2023-07-22T00:25:35Z</time></trkpt>
      <trkpt lat="22.0708601" lon="113.3778966"><ele>11.2</ele><time>2023-07-22T00:25:36Z</time></trkpt>
      <trkpt lat="22.0708460" lon="113.3779065"><ele>11.2</ele><time>2023-07-22T00:25:37Z</time></trkpt>
      <trkpt lat="22.0708316" lon="113.3779166"><ele>11.2</ele><time>2023-07-22T00:25:38Z</time></trkpt>
      <trkpt lat="22.0708170" lon="113.3779276"><ele>11.2</ele><time>2023-07-22T00:25:39Z</time></trkpt>
      <trkpt lat="22.0708029" lon="113.3779401"><ele>11.1</ele><time>2023-07-22T00:25:40Z</time></trkpt>
      <trkpt lat="22.0707889" lon="113.3779531"><ele>11.1</ele><time>2023-07-22T00:25:41Z</time></trkpt>
      <trkpt lat="22.0707749" lon="113.3779658"><ele>11.1</ele><time>2023-07-22T00:25:42Z</time></trkpt>
      <trkpt lat="22.0707609" lon="113.3779780"><ele>11.0</ele><time>2023-07-22T00:25:43Z</time></trkpt>
      <trkpt lat="22.0707466" lon="113.3779898"><ele>11.0</ele><time>2023-07-22T00:25:44Z</time></trkpt>
      <trkpt lat="22.0707324" lon="113.3780014"><ele>11.0</ele><time>2023-07-22T00:25:45Z</time></trkpt>
      <trkpt lat="22.0707189" lon="113.3780136"><ele>10.9</ele><time>2023-07-22T00:25:46Z</time></trkpt>
      <trkpt lat="22.0707056" lon="113.3780260"><ele>10.9</ele><time>2023-07-22T00:25:47Z</time></trkpt>
      <trkpt lat="22.0706926" lon="113.3780383"><ele>10.9</ele><time>2023-07-22T00:25:48Z</time></trkpt>
      <trkpt lat="22.0706803" lon="113.3780513"><ele>10.9</ele><time>2023-07-22T00:25:49Z</time></trkpt>
      <trkpt lat="22.0706687" lon="113.3780647"><ele>10.9</ele><time>2023-07-22T00:25:50Z</time></trkpt>
      <trkpt lat="22.0706571" lon="113.3780774"><ele>10.9</ele><time>2023-07-22T00:25:51Z</time></trkpt>
      <trkpt lat="22.0706453" lon="113.3780889"><ele>10.8</ele><time>2023-07-22T00:25:52Z</time></trkpt>
      <trkpt lat="22.0706334" lon="113.3780990"><ele>10.8</ele><time>2023-07-22T00:25:53Z</time></trkpt>
      <trkpt lat="22.0706225" lon="113.3781092"><ele>10.8</ele><time>2023-07-22T00:25:54Z</time></trkpt>
      <trkpt lat="22.0706159" lon="113.3781215"><ele>10.8</ele><time>2023-07-22T00:25:55Z</time></trkpt>
      <trkpt lat="22.0706158" lon="113.3781353"><ele>10.8</ele><time>2023-07-22T00:25:56Z</time></trkpt>
      <trkpt lat="22.0706188" lon="113.3781494"><ele>10.8</ele><time>2023-07-22T00:25:57Z</time></trkpt>
      <trkpt lat="22.0706223" lon="113.3781642"><ele>10.8</ele><time>2023-07-22T00:25:58Z</time></trkpt>
      <trkpt lat="22.0706280" lon="113.3781791"><ele>10.8</ele><time>2023-07-22T00:25:59Z</time></trkpt>
      <trkpt lat="22.0706372" lon="113.3781922"><ele>10.8</ele><time>2023-07-22T00:26:00Z</time></trkpt>
      <trkpt lat="22.0706494" lon="113.3782024"><ele>10.8</ele><time>2023-07-22T00:26:01Z</time></trkpt>
      <trkpt lat="22.0706635" lon="113.3782091"><ele>10.8</ele><time>2023-07-22T00:26:02Z</time></trkpt>
      <trkpt lat="22.0706771" lon="113.3782152"><ele>10.7</ele><time>2023-07-22T00:26:03Z</time></trkpt>
      <trkpt lat="22.0706898" lon="113.3782220"><ele>10.7</ele><time>2023-07-22T00:26:04Z</time></trkpt>
      <trkpt lat="22.0707029" lon="113.3782273"><ele>10.7</ele><time>2023-07-22T00:26:05Z</time></trkpt>
      <trkpt lat="22.0707163" lon="113.3782299"><ele>10.7</ele><time>2023-07-22T00:26:06Z</time></trkpt>
      <trkpt lat="22.0707298" lon="113.3782310"><ele>10.7</ele><time>2023-07-22T00:26:07Z</time></trkpt>
      <trkpt lat="22.0707436" lon="113.3782324"><ele>10.7</ele><time>2023-07-22T00:26:08Z</time></trkpt>
      <trkpt lat="22.0707577" lon="113.3782354"><ele>10.7</ele><time>2023-07-22T00:26:09Z</time></trkpt>
      <trkpt lat="22.0707724" lon="113.3782400"><ele>10.6</ele><time>2023-07-22T00:26:10Z</time></trkpt>
      <trkpt lat="22.0707871" lon="113.3782450"><ele>10.6</ele><time>2023-07-22T00:26:11Z</time></trkpt>
      <trkpt lat="22.0708022" lon="113.3782461"><ele>10.6</ele><time>2023-07-22T00:26:12Z</time></trkpt>
      <trkpt lat="22.0708181" lon="113.3782439"><ele>10.6</ele><time>2023-07-22T00:26:13Z</time></trkpt>
      <trkpt lat="22.0708343" lon="113.3782424"><ele>10.6</ele><time>2023-07-22T00:26:14Z</time></trkpt>
      <trkpt lat="22.0708506" lon="113.3782425"><ele>10.5</ele><time>2023-07-22T00:26:15Z</time></trkpt>
      <trkpt lat="22.0708665" lon="113.3782448"><ele>10.5</ele><time>2023-07-22T00:26:16Z</time></trkpt>
      <trkpt lat="22.0708825" lon="113.3782493"><ele>10.4</ele><time>2023-07-22T00:26:17Z</time></trkpt>
      <trkpt lat="22.0708988" lon="113.3782552"><ele>10.4</ele><time>2023-07-22T00:26:18Z</time></trkpt>
      <trkpt lat="22.0709151" lon="113.3782612"><ele>10.3</ele><time>2023-07-22T00:26:19Z</time></trkpt>
      <trkpt lat="22.0709316" lon="113.3782650"><ele>10.3</ele><time>2023-07-22T00:26:20Z</time></trkpt>
      <trkpt lat="22.0709490" lon="113.3782656"><ele>10.3</ele><time>2023-07-22T00:26:21Z</time></trkpt>
      <trkpt lat="22.0709666" lon="113.3782646"><ele>10.3</ele><time>2023-07-22T00:26:22Z</time></trkpt>
      <trkpt lat="22.0709833" lon="113.3782628"><ele>10.3</ele><time>2023-07-22T00:26:23Z</time></trkpt>
      <trkpt lat="22.0709991" lon="113.3782596"><ele>10.2</ele><time>2023-07-22T00:26:24Z</time></trkpt>
      <trkpt lat="22.0710144" lon="113.3782542"><ele>10.2</ele><time>2023-07-22T00:26:25Z</time></trkpt>
      <trkpt lat="22.0710291" lon="113.3782473"><ele>10.2</ele><time>2023-07-22T00:26:26Z</time></trkpt>
      <trkpt lat="22.0710433" lon="113.3782391"><ele>10.2</ele><time>2023-07-22T00:26:27Z</time></trkpt>
      <trkpt lat="22.0710568" lon="113.3782286"><ele>10.2</ele><time>2023-07-22T00:26:28Z</time></trkpt>
      <trkpt lat="22.0710698" lon="113.3782180"><ele>10.2</ele><time>2023-07-22T00:26:29Z</time></trkpt>
      <trkpt lat="22.0710824" lon="113.3782082"><ele>10.1</ele><time>2023-07-22T00:26:30Z</time></trkpt>
      <trkpt lat="22.0710939" lon="113.3781969"><ele>10.1</ele><time>2023-07-22T00:26:31Z</time></trkpt>
      <trkpt lat="22.0711046" lon="113.3781840"><ele>10.1</ele><time>2023-07-22T00:26:32Z</time></trkpt>
      <trkpt lat="22.0711141" lon="113.3781711"><ele>10.1</ele><time>2023-07-22T00:26:33Z</time></trkpt>
      <trkpt lat="22.0711231" lon="113.3781584"><ele>10.1</ele><time>2023-07-22T00:26:34Z</time></trkpt>
      <trkpt lat="22.0711319" lon="113.3781459"><ele>10.0</ele><time>2023-07-22T00:26:35Z</time></trkpt>
      <trkpt lat="22.0711396" lon="113.3781325"><ele>10.0</ele><time>2023-07-22T00:26:36Z</time></trkpt>
      <trkpt lat="22.0711450" lon="113.3781179"><ele>9.9</ele><time>2023-07-22T00:26:37Z</time></trkpt>
      <trkpt lat="22.0711476" lon="113.3781029"><ele>9.9</ele><time>2023-07-22T00:26:38Z</time></trkpt>
      <trkpt lat="22.0711467" lon="113.3780875"><ele>9.8</ele><time>2023-07-22T00:26:39Z</time></trkpt>
      <trkpt lat="22.0711409" lon="113.3780728"><ele>9.8</ele><time>2023-07-22T00:26:40Z</time></trkpt>
      <trkpt lat="22.0711314" lon="113.3780588"><ele>9.7</ele><time>2023-07-22T00:26:41Z</time></trkpt>
      <trkpt lat="22.0711211" lon="113.3780450"><ele>9.6</ele><time>2023-07-22T00:26:42Z</time></trkpt>
      <trkpt lat="22.0711107" lon="113.3780314"><ele>9.6</ele><time>2023-07-22T00:26:43Z</time></trkpt>
      <trkpt lat="22.0710998" lon="113.3780184"><ele>9.5</ele><time>2023-07-22T00:26:44Z</time></trkpt>
      <trkpt lat="22.0710895" lon="113.3780057"><ele>9.4</ele><time>2023-07-22T00:26:45Z</time></trkpt>
      <trkpt lat="22.0710795" lon="113.3779929"><ele>9.3</ele><time>2023-07-22T00:26:46Z</time></trkpt>
      <trkpt lat="22.0710692" lon="113.3779802"><ele>9.3</ele><time>2023-07-22T00:26:47Z</time></trkpt>
      <trkpt lat="22.0710586" lon="113.3779679"><ele>9.2</ele><time>2023-07-22T00:26:48Z</time></trkpt>
      <trkpt lat="22.0710482" lon="113.3779554"><ele>9.1</ele><time>2023-07-22T00:26:49Z</time></trkpt>
      <trkpt lat="22.0710383" lon="113.3779425"><ele>9.1</ele><time>2023-07-22T00:26:50Z</time></trkpt>
      <trkpt lat="22.0710292" lon="113.3779290"><ele>9.1</ele><time>2023-07-22T00:26:51Z</time></trkpt>
      <trkpt lat="22.0710208" lon="113.3779154"><ele>9.1</ele><time>2023-07-22T00:26:52Z</time></trkpt>
      <trkpt lat="22.0710129" lon="113.3779016"><ele>9.1</ele><time>2023-07-22T00:26:53Z</time></trkpt>
      <trkpt lat="22.0710051" lon="113.3778877"><ele>9.1</ele><time>2023-07-22T00:26:54Z</time></trkpt>
      <trkpt lat="22.0709973" lon="113.3778744"><ele>9.2</ele><time>2023-07-22T00:26:55Z</time></trkpt>
      <trkpt lat="22.0709884" lon="113.3778618"><ele>9.3</ele><time>2023-07-22T00:26:56Z</time></trkpt>
      <trkpt lat="22.0709774" lon="113.3778507"><ele>9.3</ele><time>2023-07-22T00:26:57Z</time></trkpt>
      <trkpt lat="22.0709647" lon="113.3778422"><ele>9.4</ele><time>2023-07-22T00:26:58Z</time></trkpt>
      <trkpt lat="22.0709513" lon="113.3778359"><ele>9.6</ele><time>2023-07-22T00:26:59Z</time></trkpt>
      <trkpt lat="22.0709372" lon="113.3778333"><ele>9.7</ele><time>2023-07-22T00:27:00Z</time></trkpt>
      <trkpt lat="22.0709230" lon="113.3778363"><ele>9.8</ele><time>2023-07-22T00:27:01Z</time></trkpt>
      <trkpt lat="22.0709095" lon="113.3778426"><ele>10.0</ele><time>2023-07-22T00:27:02Z</time></trkpt>
      <trkpt lat="22.0708960" lon="113.3778506"><ele>10.1</ele><time>2023-07-22T00:27:03Z</time></trkpt>
      <trkpt lat="22.0708826" lon="113.3778609"><ele>10.2</ele><time>2023-07-22T00:27:04Z</time></trkpt>
      <trkpt lat="22.0708701" lon="113.3778727"><ele>10.3</ele><time>2023-07-22T00:27:05Z</time></trkpt>
      <trkpt lat="22.0708583" lon="113.3778851"><ele>10.4</ele><time>2023-07-22T00:27:06Z</time></trkpt>
      <trkpt lat="22.0708466" lon="113.3778977"><ele>10.5</ele><time>2023-07-22T00:27:07Z</time></trkpt>
      <trkpt lat="22.0708348" lon="113.3779100"><ele>10.6</ele><time>2023-07-22T00:27:08Z</time></trkpt>
      <trkpt lat="22.0708231" lon="113.3779222"><ele>10.6</ele><time>2023-07-22T00:27:09Z</time></trkpt>
      <trkpt lat="22.0708113" lon="113.3779351"><ele>10.7</ele><time>2023-07-22T00:27:10Z</time></trkpt>
      <trkpt lat="22.0707987" lon="113.3779473"><ele>10.7</ele><time>2023-07-22T00:27:11Z</time></trkpt>
      <trkpt lat="22.0707852" lon="113.3779585"><ele>10.7</ele><time>2023-07-22T00:27:12Z</time></trkpt>
      <trkpt lat="22.0707718" lon="113.3779698"><ele>10.7</ele><time>2023-07-22T00:27:13Z</time></trkpt>
      <trkpt lat="22.0707583" lon="113.3779808"><ele>10.8</ele><time>2023-07-22T00:27:14Z</time></trkpt>
      <trkpt lat="22.0707448" lon="113.3779912"><ele>10.8</ele><time>2023-07-22T00:27:15Z</time></trkpt>
      <trkpt lat="22.0707321" lon="113.3780025"><ele>10.7</ele><time>2023-07-22T00:27:16Z</time></trkpt>
      <trkpt lat="22.0707204" lon="113.3780148"><ele>10.7</ele><time>2023-07-22T00:27:17Z</time></trkpt>
      <trkpt lat="22.0707083" lon="113.3780265"><ele>10.7</ele><time>2023-07-22T00:27:18Z</time></trkpt>
      <trkpt lat="22.0706956" lon="113.3780375"><ele>10.7</ele><time>2023-07-22T00:27:19Z</time></trkpt>
      <trkpt lat="22.0706826" lon="113.3780483"><ele>10.7</ele><time>2023-07-22T00:27:20Z</time></trkpt>
      <trkpt lat="22.0706696" lon="113.3780582"><ele>10.7</ele><time>2023-07-22T00:27:21Z</time></trkpt>
      <trkpt lat="22.0706565" lon="113.3780673"><ele>10.7</ele><time>2023-07-22T00:27:22Z</time></trkpt>
      <trkpt lat="22.0706443" lon="113.3780770"><ele>10.7</ele><time>2023-07-22T00:27:23Z</time></trkpt>
      <trkpt lat="22.0706333" lon="113.3780875"><ele>10.7</ele><time>2023-07-22T00:27:24Z</time></trkpt>
      <trkpt lat="22.0706235" lon="113.3780988"><ele>10.7</ele><time>2023-07-22T00:27:25Z</time></trkpt>
      <trkpt lat="22.0706164" lon="113.3781122"><ele>10.6</ele><time>2023-07-22T00:27:26Z</time></trkpt>
      <trkpt lat="22.0706139" lon="113.3781274"><ele>10.6</ele><time>2023-07-22T00:27:27Z</time></trkpt>
      <trkpt lat="22.0706147" lon="113.3781429"><ele>10.6</ele><time>2023-07-22T00:27:28Z</time></trkpt>
      <trkpt lat="22.0706163" lon="113.3781578"><ele>10.6</ele><time>2023-07-22T00:27:29Z</time></trkpt>
      <trkpt lat="22.0706164" lon="113.3781718"><ele>10.6</ele><time>2023-07-22T00:27:30Z</time></trkpt>
      <trkpt lat="22.0706185" lon="113.3781854"><ele>10.6</ele><time>2023-07-22T00:27:31Z</time></trkpt>
      <trkpt lat="22.0706266" lon="113.3781992"><ele>10.6</ele><time>2023-07-22T00:27:32Z</time></trkpt>
      <trkpt lat="22.0706380" lon="113.3782120"><ele>10.6</ele><time>2023-07-22T00:27:33Z</time></trkpt>
      <trkpt lat="22.0706516" lon="113.3782219"><ele>10.6</ele><time>2023-07-22T00:27:34Z</time></trkpt>
      <trkpt lat="22.0706680" lon="113.3782274"><ele>10.6</ele><time>2023-07-22T00:27:35Z</time></trkpt>
      <trkpt lat="22.0706857" lon="113.3782300"><ele>10.6</ele><time>2023-07-22T00:27:36Z</time></trkpt>
      <trkpt lat="22.0707034" lon="113.3782324"><ele>10.6</ele><time>2023-07-22T00:27:37Z</time></trkpt>
      <trkpt lat="22.0707205" lon="113.3782360"><ele>10.6</ele><time>2023-07-22T00:27:38Z</time></trkpt>
      <trkpt lat="22.0707372" lon="113.3782403"><ele>10.6</ele><time>2023-07-22T00:27:39Z</time></trkpt>
      <trkpt lat="22.0707535" lon="113.3782446"><ele>10.6</ele><time>2023-07-22T00:27:40Z</time></trkpt>
      <trkpt lat="22.0707702" lon="113.3782466"><ele>10.6</ele><time>2023-07-22T00:27:41Z</time></trkpt>
      <trkpt lat="22.0707874" lon="113.3782465"><ele>10.6</ele><time>2023-07-22T00:27:42Z</time></trkpt>
      <trkpt lat="22.0708043" lon="113.3782465"><ele>10.6</ele><time>2023-07-22T00:27:43Z</time></trkpt>
      <trkpt lat="22.0708202" lon="113.3782485"><ele>10.6</ele><time>2023-07-22T00:27:44Z</time></trkpt>
      <trkpt lat="22.0708349" lon="113.3782525"><ele>10.6</ele><time>2023-07-22T00:27:45Z</time></trkpt>
      <trkpt lat="22.0708484" lon="113.3782587"><ele>10.6</ele><time>2023-07-22T00:27:46Z</time></trkpt>
      <trkpt lat="22.0708610" lon="113.3782671"><ele>10.7</ele><time>2023-07-22T00:27:47Z</time></trkpt>
      <trkpt lat="22.0708742" lon="113.3782752"><ele>10.7</ele><time>2023-07-22T00:27:48Z</time></trkpt>
      <trkpt lat="22.0708882" lon="113.3782826"><ele>10.7</ele><time>2023-07-22T00:27:49Z</time></trkpt>
      <trkpt lat="22.0709022" lon="113.3782898"><ele>10.7</ele><time>2023-07-22T00:27:50Z</time></trkpt>
      <trkpt lat="22.0709164" lon="113.3782970"><ele>10.7</ele><time>2023-07-22T00:27:51Z</time></trkpt>
      <trkpt lat="22.0709315" lon="113.3783035"><ele>10.7</ele><time>2023-07-22T00:27:52Z</time></trkpt>
      <trkpt lat="22.0709470" lon="113.3783089"><ele>10.7</ele><time>2023-07-22T00:27:53Z</time></trkpt>
      <trkpt lat="22.0709619" lon="113.3783122"><ele>10.8</ele><time>2023-07-22T00:27:54Z</time></trkpt>
      <trkpt lat="22.0709764" lon="113.3783136"><ele>10.8</ele><time>2023-07-22T00:27:55Z</time></trkpt>
      <trkpt lat="22.0709912" lon="113.3783137"><ele>10.8</ele><time>2023-07-22T00:27:56Z</time></trkpt>
      <trkpt lat="22.0710057" lon="113.3783112"><ele>10.7</ele><time>2023-07-22T00:27:57Z</time></trkpt>
      <trkpt lat="22.0710200" lon="113.3783057"><ele>10.7</ele><time>2023-07-22T00:27:58Z</time></trkpt>
      <trkpt lat="22.0710334" lon="113.3782975"><ele>10.7</ele><time>2023-07-22T00:27:59Z</time></trkpt>
      <trkpt lat="22.0710458" lon="113.3782871"><ele>10.6</ele><time>2023-07-22T00:28:00Z</time></trkpt>
      <trkpt lat="22.0710570" lon="113.3782744"><ele>10.6</ele><time>2023-07-22T00:28:01Z</time></trkpt>
      <trkpt lat="22.0710683" lon="113.3782615"><ele>10.5</ele><time>2023-07-22T00:28:02Z</time></trkpt>
      <trkpt lat="22.0710807" lon="113.3782505"><ele>10.4</ele><time>2023-07-22T00:28:03Z</time></trkpt>
      <trkpt lat="22.0710927" lon="113.3782400"><ele>10.3</ele><time>2023-07-22T00:28:04Z</time></trkpt>
      <trkpt lat="22.0711042" lon="113.3782291"><ele>10.2</ele><time>2023-07-22T00:28:05Z</time></trkpt>
      <trkpt lat="22.0711153" lon="113.3782180"><ele>10.2</ele><time>2023-07-22T00:28:06Z</time></trkpt>
      <trkpt lat="22.0711257" lon="113.3782061"><ele>10.1</ele><time>2023-07-22T00:28:07Z</time></trkpt>
      <trkpt lat="22.0711359" lon="113.3781935"><ele>10.0</ele><time>2023-07-22T00:28:08Z</time></trkpt>
      <trkpt lat="22.0711464" lon="113.3781817"><ele>10.0</ele><time>2023-07-22T00:28:09Z</time></trkpt>
      <trkpt lat="22.0711566" lon="113.3781699"><ele>9.9</ele><time>2023-07-22T00:28:10Z</time></trkpt>
      <trkpt lat="22.0711654" lon="113.3781570"><ele>9.9</ele><time>2023-07-22T00:28:11Z</time></trkpt>
      <trkpt lat="22.0711722" lon="113.3781430"><ele>9.9</ele><time>2023-07-22T00:28:12Z</time></trkpt>
      <trkpt lat="22.0711755" lon="113.3781274"><ele>9.9</ele><time>2023-07-22T00:28:13Z</time></trkpt>
      <trkpt lat="22.0711741" lon="113.3781108"><ele>9.8</ele><time>2023-07-22T00:28:14Z</time></trkpt>
      <trkpt lat="22.0711699" lon="113.3780946"><ele>9.8</ele><time>2023-07-22T00:28:15Z</time></trkpt>
      <trkpt lat="22.0711643" lon="113.3780792"><ele>9.8</ele><time>2023-07-22T00:28:16Z</time></trkpt>
      <trkpt lat="22.0711570" lon="113.3780636"><ele>9.9</ele><time>2023-07-22T00:28:17Z</time></trkpt>
      <trkpt lat="22.0711463" lon="113.3780485"><ele>9.9</ele><time>2023-07-22T00:28:18Z</time></trkpt>
      <trkpt lat="22.0711320" lon="113.3780343"><ele>9.9</ele><time>2023-07-22T00:28:19Z</time></trkpt>
      <trkpt lat="22.0711174" lon="113.3780203"><ele>10.0</ele><time>2023-07-22T00:28:20Z</time></trkpt>
      <trkpt lat="22.0711057" lon="113.3780052"><ele>10.0</ele><time>2023-07-22T00:28:21Z</time></trkpt>
      <trkpt lat="22.0710966" lon="113.3779897"><ele>10.0</ele><time>2023-07-22T00:28:22Z</time></trkpt>
      <trkpt lat="22.0710862" lon="113.3779757"><ele>10.1</ele><time>2023-07-22T00:28:23Z</time></trkpt>
      <trkpt lat="22.0710731" lon="113.3779643"><ele>10.1</ele><time>2023-07-22T00:28:24Z</time></trkpt>
      <trkpt lat="22.0710580" lon="113.3779551"><ele>10.1</ele><time>2023-07-22T00:28:25Z</time></trkpt>
      <trkpt lat="22.0710424" lon="113.3779462"><ele>10.2</ele><time>2023-07-22T00:28:26Z</time></trkpt>
      <trkpt lat="22.0710279" lon="113.3779358"><ele>10.2</ele><time>2023-07-22T00:28:27Z</time></trkpt>
      <trkpt lat="22.0710151" lon="113.3779241"><ele>10.2</ele><time>2023-07-22T00:28:28Z</time></trkpt>
      <trkpt lat="22.0710037" lon="113.3779115"><ele>10.3</ele><time>2023-07-22T00:28:29Z</time></trkpt>
      <trkpt lat="22.0709938" lon="113.3778979"><ele>10.3</ele><time>2023-07-22T00:28:30Z</time></trkpt>
      <trkpt lat="22.0709845" lon="113.3778839"><ele>10.3</ele><time>2023-07-22T00:28:31Z</time></trkpt>
      <trkpt lat="22.0709741" lon="113.3778701"><ele>10.3</ele><time>2023-07-22T00:28:32Z</time></trkpt>
      <trkpt lat="22.0709623" lon="113.3778580"><ele>10.4</ele><time>2023-07-22T00:28:33Z</time></trkpt>
      <trkpt lat="22.0709494" lon="113.3778489"><ele>10.4</ele><time>2023-07-22T00:28:34Z</time></trkpt>
      <trkpt lat="22.0709348" lon="113.3778453"><ele>10.4</ele><time>2023-07-22T00:28:35Z</time></trkpt>
      <trkpt lat="22.0709194" lon="113.3778470"><ele>10.5</ele><time>2023-07-22T00:28:36Z</time></trkpt>
      <trkpt lat="22.0709043" lon="113.3778526"><ele>10.5</ele><time>2023-07-22T00:28:37Z</time></trkpt>
      <trkpt lat="22.0708897" lon="113.3778608"><ele>10.5</ele><time>2023-07-22T00:28:38Z</time></trkpt>
      <trkpt lat="22.0708753" lon="113.3778697"><ele>10.6</ele><time>2023-07-22T00:28:39Z</time></trkpt>
      <trkpt lat="22.0708609" lon="113.3778784"><ele>10.6</ele><time>2023-07-22T00:28:40Z</time></trkpt>
      <trkpt lat="22.0708466" lon="113.3778876"><ele>10.6</ele><time>2023-07-22T00:28:41Z</time></trkpt>
      <trkpt lat="22.0708321" lon="113.3778970"><ele>10.6</ele><time>2023-07-22T00:28:42Z</time></trkpt>
      <trkpt lat="22.0708179" lon="113.3779073"><ele>10.6</ele><time>2023-07-22T00:28:43Z</time></trkpt>
      <trkpt lat="22.0708053" lon="113.3779201"><ele>10.7</ele><time>2023-07-22T00:28:44Z</time></trkpt>
      <trkpt lat="22.0707928" lon="113.3779338"><ele>10.7</ele><time>2023-07-22T00:28:45Z</time></trkpt>
      <trkpt lat="22.0707798" lon="113.3779470"><ele>10.6</ele><time>2023-07-22T00:28:46Z</time></trkpt>
      <trkpt lat="22.0707666" lon="113.3779603"><ele>10.6</ele><time>2023-07-22T00:28:47Z</time></trkpt>
      <trkpt lat="22.0707536" lon="113.3779738"><ele>10.6</ele><time>2023-07-22T00:28:48Z</time></trkpt>
      <trkpt lat="22.0707404" lon="113.3779871"><ele>10.6</ele><time>2023-07-22T00:28:49Z</time></trkpt>
      <trkpt lat="22.0707271" lon="113.3779995"><ele>10.6</ele><time>2023-07-22T00:28:50Z</time></trkpt>
      <trkpt lat="22.0707134" lon="113.3780113"><ele>10.5</ele><time>2023-07-22T00:28:51Z</time></trkpt>
      <trkpt lat="22.0706996" lon="113.3780224"><ele>10.5</ele><time>2023-07-22T00:28:52Z</time></trkpt>
      <trkpt lat="22.0706866" lon="113.3780336"><ele>10.5</ele><time>2023-07-22T00:28:53Z</time></trkpt>
      <trkpt lat="22.0706748" lon="113.3780458"><ele>10.5</ele><time>2023-07-22T00:28:54Z</time></trkpt>
      <trkpt lat="22.0706635" lon="113.3780580"><ele>10.5</ele><time>2023-07-22T00:28:55Z</time></trkpt>
      <trkpt lat="22.0706523" lon="113.3780696"><ele>10.5</ele><time>2023-07-22T00:28:56Z</time></trkpt>
      <trkpt lat="22.0706412" lon="113.3780809"><ele>10.5</ele><time>2023-07-22T00:28:57Z</time></trkpt>
      <trkpt lat="22.0706306" lon="113.3780923"><ele>10.5</ele><time>2023-07-22T00:28:58Z</time></trkpt>
      <trkpt lat="22.0706219" lon="113.3781050"><ele>10.5</ele><time>2023-07-22T00:28:59Z</time></trkpt>
      <trkpt lat="22.0706167" lon="113.3781196"><ele>10.5</ele><time>2023-07-22T00:29:00Z</time></trkpt>
      <trkpt lat="22.0706140" lon="113.3781353"><ele>10.5</ele><time>2023-07-22T00:29:01Z</time></trkpt>
      <trkpt lat="22.0706121" lon="113.3781509"><ele>10.5</ele><time>2023-07-22T00:29:02Z</time></trkpt>
      <trkpt lat="22.0706126" lon="113.3781661"><ele>10.5</ele><time>2023-07-22T00:29:03Z</time></trkpt>
      <trkpt lat="22.0706182" lon="113.3781801"><ele>10.5</ele><time>2023-07-22T00:29:04Z</time></trkpt>
      <trkpt lat="22.0706280" lon="113.3781922"><ele>10.5</ele><time>2023-07-22T00:29:05Z</time></trkpt>
      <trkpt lat="22.0706396" lon="113.3782026"><ele>10.6</ele><time>2023-07-22T00:29:06Z</time></trkpt>
      <trkpt lat="22.0706530" lon="113.3782113"><ele>10.6</ele><time>2023-07-22T00:29:07Z</time></trkpt>
      <trkpt lat="22.0706672" lon="113.3782189"><ele>10.6</ele><time>2023-07-22T00:29:08Z</time></trkpt>
      <trkpt lat="22.0706815" lon="113.3782257"><ele>10.7</ele><time>2023-07-22T00:29:09Z</time></trkpt>
      <trkpt lat="22.0706964" lon="113.3782301"><ele>10.7</ele><time>2023-07-22T00:29:10Z</time></trkpt>
      <trkpt lat="22.0707120" lon="113.3782315"><ele>10.8</ele><time>2023-07-22T00:29:11Z</time></trkpt>
      <trkpt lat="22.0707272" lon="113.3782318"><ele>10.8</ele><time>2023-07-22T00:29:12Z</time></trkpt>
      <trkpt lat="22.0707418" lon="113.3782329"><ele>10.9</ele><time>2023-07-22T00:29:13Z</time></trkpt>
      <trkpt lat="22.0707563" lon="113.3782344"><ele>11.0</ele><time>2023-07-22T00:29:14Z</time></trkpt>
      <trkpt lat="22.0707711" lon="113.3782369"><ele>11.0</ele><time>2023-07-22T00:29:15Z</time></trkpt>
      <trkpt lat="22.0707861" lon="113.3782402"><ele>11.1</ele><time>2023-07-22T00:29:16Z</time></trkpt>
      <trkpt lat="22.0708009" lon="113.3782440"><ele>11.1</ele><time>2023-07-22T00:29:17Z</time></trkpt>
      <trkpt lat="22.0708160" lon="113.3782488"><ele>11.2</ele><time>2023-07-22T00:29:18Z</time></trkpt>
      <trkpt lat="22.0708315" lon="113.3782540"><ele>11.3</ele><time>2023-07-22T00:29:19Z</time></trkpt>
      <trkpt lat="22.0708475" lon="113.3782594"><ele>11.3</ele><time>2023-07-22T00:29:20Z</time></trkpt>
      <trkpt lat="22.0708633" lon="113.3782653"><ele>11.3</ele><time>2023-07-22T00:29:21Z</time></trkpt>
      <trkpt lat="22.0708789" lon="113.3782713"><ele>11.4</ele><time>2023-07-22T00:29:22Z</time></trkpt>
      <trkpt lat="22.0708941" lon="113.3782790"><ele>11.4</ele><time>2023-07-22T00:29:23Z</time></trkpt>
      <trkpt lat="22.0709100" lon="113.3782859"><ele>11.4</ele><time>2023-07-22T00:29:24Z</time></trkpt>
      <trkpt lat="22.0709277" lon="113.3782886"><ele>11.4</ele><time>2023-07-22T00:29:25Z</time></trkpt>
      <trkpt lat="22.0709455" lon="113.3782888"><ele>11.4</ele><time>2023-07-22T00:29:26Z</time></trkpt>
      <trkpt lat="22.0709631" lon="113.3782882"><ele>11.4</ele><time>2023-07-22T00:29:27Z</time></trkpt>
      <trkpt lat="22.0709805" lon="113.3782887"><ele>11.4</ele><time>2023-07-22T00:29:28Z</time></trkpt>
      <trkpt lat="22.0709973" lon="113.3782897"><ele>11.3</ele><time>2023-07-22T00:29:29Z</time></trkpt>
      <trkpt lat="22.0710133" lon="113.3782847"><ele>11.3</ele><time>2023-07-22T00:29:30Z</time></trkpt>
      <trkpt lat="22.0710283" lon="113.3782727"><ele>11.2</ele><time>2023-07-22T00:29:31Z</time></trkpt>
      <trkpt lat="22.0710423" lon="113.3782582"><ele>11.2</ele><time>2023-07-22T00:29:32Z</time></trkpt>
      <trkpt lat="22.0710559" lon="113.3782432"><ele>11.1</ele><time>2023-07-22T00:29:33Z</time></trkpt>
      <trkpt lat="22.0710690" lon="113.3782294"><ele>11.0</ele><time>2023-07-22T00:29:34Z</time></trkpt>
      <trkpt lat="22.0710823" lon="113.3782179"><ele>11.0</ele><time>2023-07-22T00:29:35Z</time></trkpt>
      <trkpt lat="22.0710947" lon="113.3782066"><ele>10.9</ele><time>2023-07-22T00:29:36Z</time></trkpt>
      <trkpt lat="22.0711064" lon="113.3781950"><ele>10.9</ele><time>2023-07-22T00:29:37Z</time></trkpt>
      <trkpt lat="22.0711183" lon="113.3781845"><ele>10.8</ele><time>2023-07-22T00:29:38Z</time></trkpt>
      <trkpt lat="22.0711306" lon="113.3781749"><ele>10.8</ele><time>2023-07-22T00:29:39Z</time></trkpt>
      <trkpt lat="22.0711426" lon="113.3781658"><ele>10.7</ele><time>2023-07-22T00:29:40Z</time></trkpt>
      <trkpt lat="22.0711524" lon="113.3781560"><ele>10.7</ele><time>2023-07-22T00:29:41Z</time></trkpt>
      <trkpt lat="22.0711597" lon="113.3781448"><ele>10.7</ele><time>2023-07-22T00:29:42Z</time></trkpt>
      <trkpt lat="22.0711658" lon="113.3781330"><ele>10.7</ele><time>2023-07-22T00:29:43Z</time></trkpt>
      <trkpt lat="22.0711698" lon="113.3781204"><ele>10.6</ele><time>2023-07-22T00:29:44Z</time></trkpt>
      <trkpt lat="22.0711703" lon="113.3781066"><ele>10.6</ele><time>2023-07-22T00:29:45Z</time></trkpt>
      <trkpt lat="22.0711672" lon="113.3780923"><ele>10.5</ele><time>2023-07-22T00:29:46Z</time></trkpt>
      <trkpt lat="22.0711612" lon="113.3780781"><ele>10.5</ele><time>2023-07-22T00:29:47Z</time></trkpt>
      <trkpt lat="22.0711525" lon="113.3780639"><ele>10.5</ele><time>2023-07-22T00:29:48Z</time></trkpt>
      <trkpt lat="22.0711420" lon="113.3780504"><ele>10.5</ele><time>2023-07-22T00:29:49Z</time></trkpt>
      <trkpt lat="22.0711309" lon="113.3780371"><ele>10.5</ele><time>2023-07-22T00:29:50Z</time></trkpt>
      <trkpt lat="22.0711194" lon="113.3780236"><ele>10.4</ele><time>2023-07-22T00:29:51Z</time></trkpt>
      <trkpt lat="22.0711079" lon="113.3780096"><ele>10.4</ele><time>2023-07-22T00:29:52Z</time></trkpt>
      <trkpt lat="22.0710973" lon="113.3779941"><ele>10.4</ele><time>2023-07-22T00:29:53Z</time></trkpt>
      <trkpt lat="22.0710867" lon="113.3779779"><ele>10.3</ele><time>2023-07-22T00:29:54Z</time></trkpt>
      <trkpt lat="22.0710756" lon="113.3779619"><ele>10.3</ele><time>2023-07-22T00:29:55Z</time></trkpt>
      <trkpt lat="22.0710643" lon="113.3779461"><ele>10.3</ele><time>2023-07-22T00:29:56Z</time></trkpt>
      <trkpt lat="22.0710534" lon="113.3779303"><ele>10.3</ele><time>2023-07-22T00:29:57Z</time></trkpt>
      <trkpt lat="22.0710437" lon="113.3779144"><ele>10.3</ele><time>2023-07-22T00:29:58Z</time></trkpt>
      <trkpt lat="22.0710337" lon="113.3778989"><ele>10.3</ele><time>2023-07-22T00:29:59Z</time></trkpt>
      <trkpt lat="22.0710221" lon="113.3778846"><ele>10.4</ele><time>2023-07-22T00:30:00Z</time></trkpt>
      <trkpt lat="22.0710101" lon="113.3778709"><ele>10.4</ele><time>2023-07-22T00:30:01Z</time></trkpt>
      <trkpt lat="22.0709968" lon="113.3778592"><ele>10.5</ele><time>2023-07-22T00:30:02Z</time></trkpt>
      <trkpt lat="22.0709812" lon="113.3778511"><ele>10.5</ele><time>2023-07-22T00:30:03Z</time></trkpt>
      <trkpt lat="22.0709652" lon="113.3778450"><ele>10.6</ele><time>2023-07-22T00:30:04Z</time></trkpt>
      <trkpt lat="22.0709495" lon="113.3778407"><ele>10.6</ele><time>2023-07-22T00:30:05Z</time></trkpt>
      <trkpt lat="22.0709331" lon="113.3778414"><ele>10.7</ele><time>2023-07-22T00:30:06Z</time></trkpt>
      <trkpt lat="22.0709165" lon="113.3778473"><ele>10.7</ele><time>2023-07-22T00:30:07Z</time></trkpt>
      <trkpt lat="22.0709002" lon="113.3778565"><ele>10.8</ele><time>2023-07-22T00:30:08Z</time></trkpt>
      <trkpt lat="22.0708842" lon="113.3778676"><ele>10.8</ele><time>2023-07-22T00:30:09Z</time></trkpt>
      <trkpt lat="22.0708688" lon="113.3778794"><ele>10.8</ele><time>2023-07-22T00:30:10Z</time></trkpt>
      <trkpt lat="22.0708534" lon="113.3778920"><ele>10.8</ele><time>2023-07-22T00:30:11Z</time></trkpt>
      <trkpt lat="22.0708373" lon="113.3779047"><ele>10.8</ele><time>2023-07-22T00:30:12Z</time></trkpt>
      <trkpt lat="22.0708207" lon="113.3779178"><ele>10.7</ele><time>2023-07-22T00:30:13Z</time></trkpt>
      <trkpt lat="22.0708049" lon="113.3779328"><ele>10.7</ele><time>2023-07-22T00:30:14Z</time></trkpt>
      <trkpt lat="22.0707880" lon="113.3779474"><ele>10.7</ele><time>2023-07-22T00:30:15Z</time></trkpt>
      <trkpt lat="22.0707704" lon="113.3779612"><ele>10.7</ele><time>2023-07-22T00:30:16Z</time></trkpt>
      <trkpt lat="22.0707545" lon="113.3779757"><ele>10.7</ele><time>2023-07-22T00:30:17Z</time></trkpt>
      <trkpt lat="22.0707397" lon="113.3779898"><ele>10.7</ele><time>2023-07-22T00:30:18Z</time></trkpt>
      <trkpt lat="22.0707248" lon="113.3780034"><ele>10.8</ele><time>2023-07-22T00:30:19Z</time></trkpt>
      <trkpt lat="22.0707103" lon="113.3780177"><ele>10.8</ele><time>2023-07-22T00:30:20Z</time></trkpt>
      <trkpt lat="22.0706964" lon="113.3780320"><ele>10.8</ele><time>2023-07-22T00:30:21Z</time></trkpt>
      <trkpt lat="22.0706823" lon="113.3780455"><ele>10.9</ele><time>2023-07-22T00:30:22Z</time></trkpt>
      <trkpt lat="22.0706690" lon="113.3780584"><ele>10.9</ele><time>2023-07-22T00:30:23Z</time></trkpt>
      <trkpt lat="22.0706561" lon="113.3780702"><ele>11.0</ele><time>2023-07-22T00:30:24Z</time></trkpt>
      <trkpt lat="22.0706443" lon="113.3780817"><ele>11.0</ele><time>2023-07-22T00:30:25Z</time></trkpt>
      <trkpt lat="22.0706357" lon="113.3780955"><ele>11.1</ele><time>2023-07-22T00:30:26Z</time></trkpt>
      <trkpt lat="22.0706314" lon="113.3781117"><ele>11.1</ele><time>2023-07-22T00:30:27Z</time></trkpt>
      <trkpt lat="22.0706296" lon="113.3781285"><ele>11.1</ele><time>2023-07-22T00:30:28Z</time></trkpt>
      <trkpt lat="22.0706294" lon="113.3781454"><ele>11.1</ele><time>2023-07-22T00:30:29Z</time></trkpt>
      <trkpt lat="22.0706314" lon="113.3781624"><ele>11.1</ele><time>2023-07-22T00:30:30Z</time></trkpt>
      <trkpt lat="22.0706353" lon="113.3781777"><ele>11.1</ele><time>2023-07-22T00:30:31Z</time></trkpt>
      <trkpt lat="22.0706411" lon="113.3781904"><ele>11.0</ele><time>2023-07-22T00:30:32Z</time></trkpt>
      <trkpt lat="22.0706508" lon="113.3782004"><ele>11.0</ele><time>2023-07-22T00:30:33Z</time></trkpt>
      <trkpt lat="22.0706647" lon="113.3782079"><ele>10.9</ele><time>2023-07-22T00:30:34Z</time></trkpt>
      <trkpt lat="22.0706800" lon="113.3782133"><ele>10.8</ele><time>2023-07-22T00:30:35Z</time></trkpt>
      <trkpt lat="22.0706949" lon="113.3782175"><ele>10.7</ele><time>2023-07-22T00:30:36Z</time></trkpt>
      <trkpt lat="22.0707095" lon="113.3782214"><ele>10.6</ele><time>2023-07-22T00:30:37Z</time></trkpt>
      <trkpt lat="22.0707235" lon="113.3782255"><ele>10.5</ele><time>2023-07-22T00:30:38Z</time></trkpt>
      <trkpt lat="22.0707369" lon="113.3782318"><ele>10.4</ele><time>2023-07-22T00:30:39Z</time></trkpt>
      <trkpt lat="22.0707502" lon="113.3782395"><ele>10.3</ele><time>2023-07-22T00:30:40Z</time></trkpt>
      <trkpt lat="22.0707628" lon="113.3782470"><ele>10.2</ele><time>2023-07-22T00:30:41Z</time></trkpt>
      <trkpt lat="22.0707746" lon="113.3782541"><ele>10.1</ele><time>2023-07-22T00:30:42Z</time></trkpt>
      <trkpt lat="22.0707873" lon="113.3782614"><ele>10.0</ele><time>2023-07-22T00:30:43Z</time></trkpt>
      <trkpt lat="22.0708015" lon="113.3782695"><ele>9.9</ele><time>2023-07-22T00:30:44Z</time></trkpt>
      <trkpt lat="22.0708161" lon="113.3782773"><ele>9.9</ele><time>2023-07-22T00:30:45Z</time></trkpt>
      <trkpt lat="22.0708311" lon="113.3782838"><ele>9.8</ele><time>2023-07-22T00:30:46Z</time></trkpt>
      <trkpt lat="22.0708463" lon="113.3782890"><ele>9.8</ele><time>2023-07-22T00:30:47Z</time></trkpt>
      <trkpt lat="22.0708618" lon="113.3782932"><ele>9.8</ele><time>2023-07-22T00:30:48Z</time></trkpt>
      <trkpt lat="22.0708774" lon="113.3782968"><ele>9.8</ele><time>2023-07-22T00:30:49Z</time></trkpt>
      <trkpt lat="22.0708930" lon="113.3783008"><ele>9.9</ele><time>2023-07-22T00:30:50Z</time></trkpt>
      <trkpt lat="22.0709090" lon="113.3783041"><ele>9.9</ele><time>2023-07-22T00:30:51Z</time></trkpt>
      <trkpt lat="22.0709255" lon="113.3783061"><ele>10.0</ele><time>2023-07-22T00:30:52Z</time></trkpt>
      <trkpt lat="22.0709422" lon="113.3783064"><ele>10.1</ele><time>2023-07-22T00:30:53Z</time></trkpt>
      <trkpt lat="22.0709587" lon="113.3783058"><ele>10.1</ele><time>2023-07-22T00:30:54Z</time></trkpt>
      <trkpt lat="22.0709749" lon="113.3783044"><ele>10.2</ele><time>2023-07-22T00:30:55Z</time></trkpt>
      <trkpt lat="22.0709910" lon="113.3783010"><ele>10.2</ele><time>2023-07-22T00:30:56Z</time></trkpt>
      <trkpt lat="22.0710067" lon="113.3782949"><ele>10.3</ele><time>2023-07-22T00:30:57Z</time></trkpt>
      <trkpt lat="22.0710210" lon="113.3782862"><ele>10.3</ele><time>2023-07-22T00:30:58Z</time></trkpt>
      <trkpt lat="22.0710331" lon="113.3782744"><ele>10.3</ele><time>2023-07-22T00:30:59Z</time></trkpt>
      <trkpt lat="22.0710434" lon="113.3782612"><ele>10.3</ele><time>2023-07-22T00:31:00Z</time></trkpt>
      <trkpt lat="22.0710538" lon="113.3782488"><ele>10.3</ele><time>2023-07-22T00:31:01Z</time></trkpt>
      <trkpt lat="22.0710647" lon="113.3782379"><ele>10.3</ele><time>2023-07-22T00:31:02Z</time></trkpt>
      <trkpt lat="22.0710758" lon="113.3782280"><ele>10.3</ele><time>2023-07-22T00:31:03Z</time></trkpt>
      <trkpt lat="22.0710869" lon="113.3782178"><ele>10.2</ele><time>2023-07-22T00:31:04Z</time></trkpt>
      <trkpt lat="22.0710970" lon="113.3782077"><ele>10.2</ele><time>2023-07-22T00:31:05Z</time></trkpt>
      <trkpt lat="22.0711062" lon="113.3781977"><ele>10.1</ele><time>2023-07-22T00:31:06Z</time></trkpt>
      <trkpt lat="22.0711160" lon="113.3781875"><ele>10.0</ele><time>2023-07-22T00:31:07Z</time></trkpt>
      <trkpt lat="22.0711264" lon="113.3781780"><ele>9.9</ele><time>2023-07-22T00:31:08Z</time></trkpt>
      <trkpt lat="22.0711375" lon="113.3781696"><ele>9.8</ele><time>2023-07-22T00:31:09Z</time></trkpt>
      <trkpt lat="22.0711480" lon="113.3781608"><ele>9.8</ele><time>2023-07-22T00:31:10Z</time></trkpt>
      <trkpt lat="22.0711570" lon="113.3781508"><ele>9.7</ele><time>2023-07-22T00:31:11Z</time></trkpt>
      <trkpt lat="22.0711654" lon="113.3781401"><ele>9.7</ele><time>2023-07-22T00:31:12Z</time></trkpt>
      <trkpt lat="22.0711741" lon="113.3781290"><ele>9.6</ele><time>2023-07-22T00:31:13Z</time></trkpt>
      <trkpt lat="22.0711821" lon="113.3781176"><ele>9.6</ele><time>2023-07-22T00:31:14Z</time></trkpt>
      <trkpt lat="22.0711867" lon="113.3781050"><ele>9.6</ele><time>2023-07-22T00:31:15Z</time></trkpt>
      <trkpt lat="22.0711865" lon="113.3780912"><ele>9.5</ele><time>2023-07-22T00:31:16Z</time></trkpt>
      <trkpt lat="22.0711825" lon="113.3780775"><ele>9.5</ele><time>2023-07-22T00:31:17Z</time></trkpt>
      <trkpt lat="22.0711758" lon="113.3780642"><ele>9.5</ele><time>2023-07-22T00:31:18Z</time></trkpt>
      <trkpt lat="22.0711671" lon="113.3780518"><ele>9.5</ele><time>2023-07-22T00:31:19Z</time></trkpt>
      <trkpt lat="22.0711566" lon="113.3780410"><ele>9.5</ele><time>2023-07-22T00:31:20Z</time></trkpt>
      <trkpt lat="22.0711445" lon="113.3780324"><ele>9.5</ele><time>2023-07-22T00:31:21Z</time></trkpt>
      <trkpt lat="22.0711319" lon="113.3780244"><ele>9.5</ele><time>2023-07-22T00:31:22Z</time></trkpt>
      <trkpt lat="22.0711202" lon="113.3780152"><ele>9.5</ele><time>2023-07-22T00:31:23Z</time></trkpt>
      <trkpt lat="22.0711097" lon="113.3780048"><ele>9.6</ele><time>2023-07-22T00:31:24Z</time></trkpt>
      <trkpt lat="22.0711003" lon="113.3779934"><ele>9.6</ele><time>2023-07-22T00:31:25Z</time></trkpt>
      <trkpt lat="22.0710919" lon="113.3779812"><ele>9.6</ele><time>2023-07-22T00:31:26Z</time></trkpt>
      <trkpt lat="22.0710832" lon="113.3779690"><ele>9.7</ele><time>2023-07-22T00:31:27Z</time></trkpt>
      <trkpt lat="22.0710727" lon="113.3779577"><ele>9.7</ele><time>2023-07-22T00:31:28Z</time></trkpt>
      <trkpt lat="22.0710607" lon="113.3779478"><ele>9.7</ele><time>2023-07-22T00:31:29Z</time></trkpt>
      <trkpt lat="22.0710482" lon="113.3779387"><ele>9.8</ele><time>2023-07-22T00:31:30Z</time></trkpt>
      <trkpt lat="22.0710361" lon="113.3779301"><ele>9.8</ele><time>2023-07-22T00:31:31Z</time></trkpt>
      <trkpt lat="22.0710241" lon="113.3779220"><ele>9.9</ele><time>2023-07-22T00:31:32Z</time></trkpt>
      <trkpt lat="22.0710128" lon="113.3779130"><ele>9.9</ele><time>2023-07-22T00:31:33Z</time></trkpt>
      <trkpt lat="22.0710030" lon="113.3779022"><ele>10.0</ele><time>2023-07-22T00:31:34Z</time></trkpt>
      <trkpt lat="22.0709942" lon="113.3778903"><ele>10.0</ele><time>2023-07-22T00:31:35Z</time></trkpt>
      <trkpt lat="22.0709858" lon="113.3778774"><ele>10.1</ele><time>2023-07-22T00:31:36Z</time></trkpt>
      <trkpt lat="22.0709774" lon="113.3778642"><ele>10.2</ele><time>2023-07-22T00:31:37Z</time></trkpt>
      <trkpt lat="22.0709672" lon="113.3778530"><ele>10.3</ele><time>2023-07-22T00:31:38Z</time></trkpt>
      <trkpt lat="22.0709551" lon="113.3778447"><ele>10.3</ele><time>2023-07-22T00:31:39Z</time></trkpt>
      <trkpt lat="22.0709420" lon="113.3778386"><ele>10.4</ele><time>2023-07-22T00:31:40Z</time></trkpt>
      <trkpt lat="22.0709280" lon="113.3778369"><ele>10.5</ele><time>2023-07-22T00:31:41Z</time></trkpt>
      <trkpt lat="22.0709141" lon="113.3778409"><ele>10.6</ele><time>2023-07-22T00:31:42Z</time></trkpt>
      <trkpt lat="22.0709008" lon="113.3778481"><ele>10.6</ele><time>2023-07-22T00:31:43Z</time></trkpt>
      <trkpt lat="22.0708881" lon="113.3778569"><ele>10.7</ele><time>2023-07-22T00:31:44Z</time></trkpt>
      <trkpt lat="22.0708767" lon="113.3778676"><ele>10.8</ele><time>2023-07-22T00:31:45Z</time></trkpt>
      <trkpt lat="22.0708657" lon="113.3778791"><ele>10.8</ele><time>2023-07-22T00:31:46Z</time></trkpt>
      <trkpt lat="22.0708542" lon="113.3778900"><ele>10.9</ele><time>2023-07-22T00:31:47Z</time></trkpt>
      <trkpt lat="22.0708424" lon="113.3779013"><ele>10.9</ele><time>2023-07-22T00:31:48Z</time></trkpt>
      <trkpt lat="22.0708309" lon="113.3779135"><ele>11.0</ele><time>2023-07-22T00:31:49Z</time></trkpt>
      <trkpt lat="22.0708192" lon="113.3779255"><ele>11.0</ele><time>2023-07-22T00:31:50Z</time></trkpt>
      <trkpt lat="22.0708066" lon="113.3779369"><ele>11.0</ele><time>2023-07-22T00:31:51Z</time></trkpt>
      <trkpt lat="22.0707936" lon="113.3779482"><ele>11.0</ele><time>2023-07-22T00:31:52Z</time></trkpt>
      <trkpt lat="22.0707802" lon="113.3779592"><ele>11.0</ele><time>2023-07-22T00:31:53Z</time></trkpt>
      <trkpt lat="22.0707667" lon="113.3779705"><ele>11.1</ele><time>2023-07-22T00:31:54Z</time></trkpt>
      <trkpt lat="22.0707535" lon="113.3779826"><ele>11.1</ele><time>2023-07-22T00:31:55Z</time></trkpt>
      <trkpt lat="22.0707405" lon="113.3779948"><ele>11.1</ele><time>2023-07-22T00:31:56Z</time></trkpt>
      <trkpt lat="22.0707278" lon="113.3780065"><ele>11.1</ele><time>2023-07-22T00:31:57Z</time></trkpt>
      <trkpt lat="22.0707155" lon="113.3780188"><ele>11.0</ele><time>2023-07-22T00:31:58Z</time></trkpt>
      <trkpt lat="22.0707036" lon="113.3780316"><ele>11.0</ele><time>2023-07-22T00:31:59Z</time></trkpt>
      <trkpt lat="22.0706917" lon="113.3780440"><ele>11.0</ele><time>2023-07-22T00:32:00Z</time></trkpt>
      <trkpt lat="22.0706795" lon="113.3780555"><ele>11.0</ele><time>2023-07-22T00:32:01Z</time></trkpt>
      <trkpt lat="22.0706670" lon="113.3780658"><ele>11.0</ele><time>2023-07-22T00:32:02Z</time></trkpt>
      <trkpt lat="22.0706549" lon="113.3780758"><ele>11.0</ele><time>2023-07-22T00:32:03Z</time></trkpt>
      <trkpt lat="22.0706440" lon="113.3780868"><ele>11.0</ele><time>2023-07-22T00:32:04Z</time></trkpt>
      <trkpt lat="22.0706350" lon="113.3780997"><ele>11.0</ele><time>2023-07-22T00:32:05Z</time></trkpt>
      <trkpt lat="22.0706287" lon="113.3781142"><ele>10.9</ele><time>2023-07-22T00:32:06Z</time></trkpt>
      <trkpt lat="22.0706247" lon="113.3781297"><ele>10.9</ele><time>2023-07-22T00:32:07Z</time></trkpt>
      <trkpt lat="22.0706211" lon="113.3781454"><ele>10.9</ele><time>2023-07-22T00:32:08Z</time></trkpt>
      <trkpt lat="22.0706180" lon="113.3781609"><ele>10.9</ele><time>2023-07-22T00:32:09Z</time></trkpt>
      <trkpt lat="22.0706178" lon="113.3781762"><ele>10.9</ele><time>2023-07-22T00:32:10Z</time></trkpt>
      <trkpt lat="22.0706243" lon="113.3781902"><ele>10.8</ele><time>2023-07-22T00:32:11Z</time></trkpt>
      <trkpt lat="22.0706361" lon="113.3782019"><ele>10.8</ele><time>2023-07-22T00:32:12Z</time></trkpt>
      <trkpt lat="22.0706494" lon="113.3782115"><ele>10.8</ele><time>2023-07-22T00:32:13Z</time></trkpt>
      <trkpt lat="22.0706633" lon="113.3782191"><ele>10.7</ele><time>2023-07-22T00:32:14Z</time></trkpt>
      <trkpt lat="22.0706773" lon="113.3782250"><ele>10.7</ele><time>2023-07-22T00:32:15Z</time></trkpt>
      <trkpt lat="22.0706915" lon="113.3782294"><ele>10.6</ele><time>2023-07-22T00:32:16Z</time></trkpt>
      <trkpt lat="22.0707059" lon="113.3782331"><ele>10.6</ele><time>2023-07-22T00:32:17Z</time></trkpt>
      <trkpt lat="22.0707204" lon="113.3782370"><ele>10.6</ele><time>2023-07-22T00:32:18Z</time></trkpt>
      <trkpt lat="22.0707349" lon="113.3782415"><ele>10.5</ele><time>2023-07-22T00:32:19Z</time></trkpt>
      <trkpt lat="22.0707490" lon="113.3782466"><ele>10.5</ele><time>2023-07-22T00:32:20Z</time></trkpt>
      <trkpt lat="22.0707630" lon="113.3782525"><ele>10.4</ele><time>2023-07-22T00:32:21Z</time></trkpt>
      <trkpt lat="22.0707770" lon="113.3782590"><ele>10.3</ele><time>2023-07-22T00:32:22Z</time></trkpt>
      <trkpt lat="22.0707907" lon="113.3782658"><ele>10.3</ele><time>2023-07-22T00:32:23Z</time></trkpt>
      <trkpt lat="22.0708048" lon="113.3782724"><ele>10.3</ele><time>2023-07-22T00:32:24Z</time></trkpt>
      <trkpt lat="22.0708200" lon="113.3782781"><ele>10.2</ele><time>2023-07-22T00:32:25Z</time></trkpt>
      <trkpt lat="22.0708358" lon="113.3782826"><ele>10.2</ele><time>2023-07-22T00:32:26Z</time></trkpt>
      <trkpt lat="22.0708521" lon="113.3782866"><ele>10.2</ele><time>2023-07-22T00:32:27Z</time></trkpt>
      <trkpt lat="22.0708684" lon="113.3782911"><ele>10.1</ele><time>2023-07-22T00:32:28Z</time></trkpt>
      <trkpt lat="22.0708844" lon="113.3782978"><ele>10.1</ele><time>2023-07-22T00:32:29Z</time></trkpt>
      <trkpt lat="22.0709006" lon="113.3783037"><ele>10.1</ele><time>2023-07-22T00:32:30Z</time></trkpt>
      <trkpt lat="22.0709178" lon="113.3783059"><ele>10.1</ele><time>2023-07-22T00:32:31Z</time></trkpt>
      <trkpt lat="22.0709354" lon="113.3783061"><ele>10.1</ele><time>2023-07-22T00:32:32Z</time></trkpt>
      <trkpt lat="22.0709526" lon="113.3783053"><ele>10.1</ele><time>2023-07-22T00:32:33Z</time></trkpt>
      <trkpt lat="22.0709694" lon="113.3783044"><ele>10.0</ele><time>2023-07-22T00:32:34Z</time></trkpt>
      <trkpt lat="22.0709860" lon="113.3783031"><ele>10.0</ele><time>2023-07-22T00:32:35Z</time></trkpt>
      <trkpt lat="22.0710022" lon="113.3783004"><ele>10.0</ele><time>2023-07-22T00:32:36Z</time></trkpt>
      <trkpt lat="22.0710174" lon="113.3782954"><ele>10.0</ele><time>2023-07-22T00:32:37Z</time></trkpt>
      <trkpt lat="22.0710315" lon="113.3782875"><ele>10.0</ele><time>2023-07-22T00:32:38Z</time></trkpt>
      <trkpt lat="22.0710443" lon="113.3782781"><ele>9.9</ele><time>2023-07-22T00:32:39Z</time></trkpt>
      <trkpt lat="22.0710564" lon="113.3782678"><ele>9.9</ele><time>2023-07-22T00:32:40Z</time></trkpt>
      <trkpt lat="22.0710671" lon="113.3782562"><ele>9.8</ele><time>2023-07-22T00:32:41Z</time></trkpt>
      <trkpt lat="22.0710771" lon="113.3782441"><ele>9.7</ele><time>2023-07-22T00:32:42Z</time></trkpt>
      <trkpt lat="22.0710868" lon="113.3782322"><ele>9.7</ele><time>2023-07-22T00:32:43Z</time></trkpt>
      <trkpt lat="22.0710961" lon="113.3782200"><ele>9.6</ele><time>2023-07-22T00:32:44Z</time></trkpt>
      <trkpt lat="22.0711062" lon="113.3782080"><ele>9.5</ele><time>2023-07-22T00:32:45Z</time></trkpt>
      <trkpt lat="22.0711175" lon="113.3781973"><ele>9.4</ele><time>2023-07-22T00:32:46Z</time></trkpt>
      <trkpt lat="22.0711293" lon="113.3781875"><ele>9.4</ele><time>2023-07-22T00:32:47Z</time></trkpt>
      <trkpt lat="22.0711404" lon="113.3781770"><ele>9.3</ele><time>2023-07-22T00:32:48Z</time></trkpt>
      <trkpt lat="22.0711511" lon="113.3781658"><ele>9.3</ele><time>2023-07-22T00:32:49Z</time></trkpt>
      <trkpt lat="22.0711609" lon="113.3781540"><ele>9.3</ele><time>2023-07-22T00:32:50Z</time></trkpt>
      <trkpt lat="22.0711686" lon="113.3781412"><ele>9.2</ele><time>2023-07-22T00:32:51Z</time></trkpt>
      <trkpt lat="22.0711742" lon="113.3781285"><ele>9.2</ele><time>2023-07-22T00:32:52Z</time></trkpt>
      <trkpt lat="22.0711772" lon="113.3781163"><ele>9.2</ele><time>2023-07-22T00:32:53Z</time></trkpt>
      <trkpt lat="22.0711772" lon="113.3781027"><ele>9.2</ele><time>2023-07-22T00:32:54Z</time></trkpt>
      <trkpt lat="22.0711745" lon="113.3780880"><ele>9.2</ele><time>2023-07-22T00:32:55Z</time></trkpt>
      <trkpt lat="22.0711691" lon="113.3780733"><ele>9.1</ele><time>2023-07-22T00:32:56Z</time></trkpt>
      <trkpt lat="22.0711606" lon="113.3780593"><ele>9.2</ele><time>2023-07-22T00:32:57Z</time></trkpt>
      <trkpt lat="22.0711491" lon="113.3780463"><ele>9.2</ele><time>2023-07-22T00:32:58Z</time></trkpt>
      <trkpt lat="22.0711368" lon="113.3780339"><ele>9.2</ele><time>2023-07-22T00:32:59Z</time></trkpt>
      <trkpt lat="22.0711245" lon="113.3780218"><ele>9.2</ele><time>2023-07-22T00:33:00Z</time></trkpt>
      <trkpt lat="22.0711128" lon="113.3780096"><ele>9.2</ele><time>2023-07-22T00:33:01Z</time></trkpt>
      <trkpt lat="22.0711026" lon="113.3779963"><ele>9.2</ele><time>2023-07-22T00:33:02Z</time></trkpt>
      <trkpt lat="22.0710929" lon="113.3779824"><ele>9.2</ele><time>2023-07-22T00:33:03Z</time></trkpt>
      <trkpt lat="22.0710818" lon="113.3779690"><ele>9.3</ele><time>2023-07-22T00:33:04Z</time></trkpt>
      <trkpt lat="22.0710702" lon="113.3779558"><ele>9.3</ele><time>2023-07-22T00:33:05Z</time></trkpt>
      <trkpt lat="22.0710589" lon="113.3779426"><ele>9.3</ele><time>2023-07-22T00:33:06Z</time></trkpt>
      <trkpt lat="22.0710469" lon="113.3779300"><ele>9.3</ele><time>2023-07-22T00:33:07Z</time></trkpt>
      <trkpt lat="22.0710346" lon="113.3779180"><ele>9.4</ele><time>2023-07-22T00:33:08Z</time></trkpt>
      <trkpt lat="22.0710228" lon="113.3779061"><ele>9.4</ele><time>2023-07-22T00:33:09Z</time></trkpt>
      <trkpt lat="22.0710121" lon="113.3778937"><ele>9.5</ele><time>2023-07-22T00:33:10Z</time></trkpt>
      <trkpt lat="22.0710022" lon="113.3778806"><ele>9.6</ele><time>2023-07-22T00:33:11Z</time></trkpt>
      <trkpt lat="22.0709929" lon="113.3778670"><ele>9.7</ele><time>2023-07-22T00:33:12Z</time></trkpt>
      <trkpt lat="22.0709825" lon="113.3778543"><ele>9.8</ele><time>2023-07-22T00:33:13Z</time></trkpt>
      <trkpt lat="22.0709702" lon="113.3778440"><ele>9.9</ele><time>2023-07-22T00:33:14Z</time></trkpt>
      <trkpt lat="22.0709571" lon="113.3778364"><ele>10.0</ele><time>2023-07-22T00:33:15Z</time></trkpt>
      <trkpt lat="22.0709430" lon="113.3778323"><ele>10.2</ele><time>2023-07-22T00:33:16Z</time></trkpt>
      <trkpt lat="22.0709278" lon="113.3778353"><ele>10.3</ele><time>2023-07-22T00:33:17Z</time></trkpt>
      <trkpt lat="22.0709129" lon="113.3778435"><ele>10.4</ele><time>2023-07-22T00:33:18Z</time></trkpt>
      <trkpt lat="22.0708987" lon="113.3778528"><ele>10.6</ele><time>2023-07-22T00:33:19Z</time></trkpt>
      <trkpt lat="22.0708849" lon="113.3778628"><ele>10.7</ele><time>2023-07-22T00:33:20Z</time></trkpt>
      <trkpt lat="22.0708712" lon="113.3778729"><ele>10.8</ele><time>2023-07-22T00:33:21Z</time></trkpt>
      <trkpt lat="22.0708578" lon="113.3778832"><ele>10.9</ele><time>2023-07-22T00:33:22Z</time></trkpt>
      <trkpt lat="22.0708445" lon="113.3778940"><ele>11.0</ele><time>2023-07-22T00:33:23Z</time></trkpt>
      <trkpt lat="22.0708312" lon="113.3779057"><ele>11.1</ele><time>2023-07-22T00:33:24Z</time></trkpt>
      <trkpt lat="22.0708183" lon="113.3779186"><ele>11.2</ele><time>2023-07-22T00:33:25Z</time></trkpt>
      <trkpt lat="22.0708060" lon="113.3779325"><ele>11.2</ele><time>2023-07-22T00:33:26Z</time></trkpt>
      <trkpt lat="22.0707936" lon="113.3779472"><ele>11.3</ele><time>2023-07-22T00:33:27Z</time></trkpt>
      <trkpt lat="22.0707804" lon="113.3779611"><ele>11.3</ele><time>2023-07-22T00:33:28Z</time></trkpt>
      <trkpt lat="22.0707669" lon="113.3779745"><ele>11.4</ele><time>2023-07-22T00:33:29Z</time></trkpt>
      <trkpt lat="22.0707534" lon="113.3779880"><ele>11.4</ele><time>2023-07-22T00:33:30Z</time></trkpt>
      <trkpt lat="22.0707398" lon="113.3780008"><ele>11.5</ele><time>2023-07-22T00:33:31Z</time></trkpt>
      <trkpt lat="22.0707260" lon="113.3780130"><ele>11.5</ele><time>2023-07-22T00:33:32Z</time></trkpt>
      <trkpt lat="22.0707119" lon="113.3780250"><ele>11.6</ele><time>2023-07-22T00:33:33Z</time></trkpt>
      <trkpt lat="22.0706979" lon="113.3780366"><ele>11.6</ele><time>2023-07-22T00:33:34Z</time></trkpt>
      <trkpt lat="22.0706843" lon="113.3780479"><ele>11.6</ele><time>2023-07-22T00:33:35Z</time></trkpt>
      <trkpt lat="22.0706709" lon="113.3780587"><ele>11.7</ele><time>2023-07-22T00:33:36Z</time></trkpt>
      <trkpt lat="22.0706583" lon="113.3780694"><ele>11.7</ele><time>2023-07-22T00:33:37Z</time></trkpt>
      <trkpt lat="22.0706475" lon="113.3780816"><ele>11.7</ele><time>2023-07-22T00:33:38Z</time></trkpt>
      <trkpt lat="22.0706393" lon="113.3780949"><ele>11.7</ele><time>2023-07-22T00:33:39Z</time></trkpt>
      <trkpt lat="22.0706343" lon="113.3781092"><ele>11.7</ele><time>2023-07-22T00:33:40Z</time></trkpt>
      <trkpt lat="22.0706332" lon="113.3781248"><ele>11.7</ele><time>2023-07-22T00:33:41Z</time></trkpt>
      <trkpt lat="22.0706332" lon="113.3781409"><ele>11.6</ele><time>2023-07-22T00:33:42Z</time></trkpt>
      <trkpt lat="22.0706317" lon="113.3781565"><ele>11.6</ele><time>2023-07-22T00:33:43Z</time></trkpt>
      <trkpt lat="22.0706302" lon="113.3781713"><ele>11.6</ele><time>2023-07-22T00:33:44Z</time></trkpt>
      <trkpt lat="22.0706331" lon="113.3781855"><ele>11.5</ele><time>2023-07-22T00:33:45Z</time></trkpt>
      <trkpt lat="22.0706418" lon="113.3781980"><ele>11.5</ele><time>2023-07-22T00:33:46Z</time></trkpt>
      <trkpt lat="22.0706540" lon="113.3782084"><ele>11.4</ele><time>2023-07-22T00:33:47Z</time></trkpt>
      <trkpt lat="22.0706678" lon="113.3782171"><ele>11.3</ele><time>2023-07-22T00:33:48Z</time></trkpt>
      <trkpt lat="22.0706825" lon="113.3782241"><ele>11.3</ele><time>2023-07-22T00:33:49Z</time></trkpt>
      <trkpt lat="22.0706973" lon="113.3782300"><ele>11.2</ele><time>2023-07-22T00:33:50Z</time></trkpt>
      <trkpt lat="22.0707123" lon="113.3782357"><ele>11.1</ele><time>2023-07-22T00:33:51Z</time></trkpt>
      <trkpt lat="22.0707277" lon="113.3782407"><ele>11.1</ele><time>2023-07-22T00:33:52Z</time></trkpt>
      <trkpt lat="22.0707433" lon="113.3782457"><ele>11.0</ele><time>2023-07-22T00:33:53Z</time></trkpt>
      <trkpt lat="22.0707589" lon="113.3782509"><ele>10.9</ele><time>2023-07-22T00:33:54Z</time></trkpt>
      <trkpt lat="22.0707745" lon="113.3782561"><ele>10.8</ele><time>2023-07-22T00:33:55Z</time></trkpt>
      <trkpt lat="22.0707899" lon="113.3782614"><ele>10.8</ele><time>2023-07-22T00:33:56Z</time></trkpt>
      <trkpt lat="22.0708051" lon="113.3782668"><ele>10.7</ele><time>2023-07-22T00:33:57Z</time></trkpt>
      <trkpt lat="22.0708206" lon="113.3782731"><ele>10.7</ele><time>2023-07-22T00:33:58Z</time></trkpt>
      <trkpt lat="22.0708360" lon="113.3782805"><ele>10.6</ele><time>2023-07-22T00:33:59Z</time></trkpt>
      <trkpt lat="22.0708510" lon="113.3782884"><ele>10.5</ele><time>2023-07-22T00:34:00Z</time></trkpt>
      <trkpt lat="22.0708657" lon="113.3782967"><ele>10.5</ele><time>2023-07-22T00:34:01Z</time></trkpt>
      <trkpt lat="22.0708812" lon="113.3783040"><ele>10.4</ele><time>2023-07-22T00:34:02Z</time></trkpt>
      <trkpt lat="22.0708977" lon="113.3783092"><ele>10.4</ele><time>2023-07-22T00:34:03Z</time></trkpt>
      <trkpt lat="22.0709146" lon="113.3783128"><ele>10.4</ele><time>2023-07-22T00:34:04Z</time></trkpt>
      <trkpt lat="22.0709322" lon="113.3783147"><ele>10.3</ele><time>2023-07-22T00:34:05Z</time></trkpt>
      <trkpt lat="22.0709499" lon="113.3783160"><ele>10.3</ele><time>2023-07-22T00:34:06Z</time></trkpt>
      <trkpt lat="22.0709673" lon="113.3783171"><ele>10.3</ele><time>2023-07-22T00:34:07Z</time></trkpt>
      <trkpt lat="22.0709830" lon="113.3783172"><ele>10.2</ele><time>2023-07-22T00:34:08Z</time></trkpt>
      <trkpt lat="22.0709979" lon="113.3783150"><ele>10.2</ele><time>2023-07-22T00:34:09Z</time></trkpt>
      <trkpt lat="22.0710124" lon="113.3783097"><ele>10.2</ele><time>2023-07-22T00:34:10Z</time></trkpt>
      <trkpt lat="22.0710252" lon="113.3783026"><ele>10.1</ele><time>2023-07-22T00:34:11Z</time></trkpt>
      <trkpt lat="22.0710373" lon="113.3782931"><ele>10.1</ele><time>2023-07-22T00:34:12Z</time></trkpt>
      <trkpt lat="22.0710485" lon="113.3782824"><ele>10.0</ele><time>2023-07-22T00:34:13Z</time></trkpt>
      <trkpt lat="22.0710589" lon="113.3782721"><ele>10.0</ele><time>2023-07-22T00:34:14Z</time></trkpt>
      <trkpt lat="22.0710695" lon="113.3782627"><ele>9.9</ele><time>2023-07-22T00:34:15Z</time></trkpt>
      <trkpt lat="22.0710808" lon="113.3782531"><ele>9.9</ele><time>2023-07-22T00:34:16Z</time></trkpt>
      <trkpt lat="22.0710919" lon="113.3782420"><ele>9.8</ele><time>2023-07-22T00:34:17Z</time></trkpt>
      <trkpt lat="22.0711023" lon="113.3782315"><ele>9.7</ele><time>2023-07-22T00:34:18Z</time></trkpt>
      <trkpt lat="22.0711128" lon="113.3782219"><ele>9.7</ele><time>2023-07-22T00:34:19Z</time></trkpt>
      <trkpt lat="22.0711232" lon="113.3782123"><ele>9.7</ele><time>2023-07-22T00:34:20Z</time></trkpt>
      <trkpt lat="22.0711331" lon="113.3782028"><ele>9.7</ele><time>2023-07-22T00:34:21Z</time></trkpt>
      <trkpt lat="22.0711426" lon="113.3781930"><ele>9.7</ele><time>2023-07-22T00:34:22Z</time></trkpt>
      <trkpt lat="22.0711522" lon="113.3781824"><ele>9.7</ele><time>2023-07-22T00:34:23Z</time></trkpt>
      <trkpt lat="22.0711625" lon="113.3781709"><ele>9.7</ele><time>2023-07-22T00:34:24Z</time></trkpt>
      <trkpt lat="22.0711715" lon="113.3781581"><ele>9.7</ele><time>2023-07-22T00:34:25Z</time></trkpt>
      <trkpt lat="22.0711765" lon="113.3781436"><ele>9.7</ele><time>2023-07-22T00:34:26Z</time></trkpt>
      <trkpt lat="22.0711762" lon="113.3781285"><ele>9.7</ele><time>2023-07-22T00:34:27Z</time></trkpt>
      <trkpt lat="22.0711713" lon="113.3781143"><ele>9.6</ele><time>2023-07-22T00:34:28Z</time></trkpt>
      <trkpt lat="22.0711632" lon="113.3781016"><ele>9.6</ele><time>2023-07-22T00:34:29Z</time></trkpt>
      <trkpt lat="22.0711529" lon="113.3780898"><ele>9.6</ele><time>2023-07-22T00:34:30Z</time></trkpt>
      <trkpt lat="22.0711416" lon="113.3780778"><ele>9.6</ele><time>2023-07-22T00:34:31Z</time></trkpt>
      <trkpt lat="22.0711293" lon="113.3780669"><ele>9.6</ele><time>2023-07-22T00:34:32Z</time></trkpt>
      <trkpt lat="22.0711156" lon="113.3780577"><ele>9.6</ele><time>2023-07-22T00:34:33Z</time></trkpt>
      <trkpt lat="22.0711030" lon="113.3780475"><ele>9.6</ele><time>2023-07-22T00:34:34Z</time></trkpt>
      <trkpt lat="22.0710922" lon="113.3780348"><ele>9.6</ele><time>2023-07-22T00:34:35Z</time></trkpt>
      <trkpt lat="22.0710823" lon="113.3780201"><ele>9.6</ele><time>2023-07-22T00:34:36Z</time></trkpt>
      <trkpt lat="22.0710728" lon="113.3780049"><ele>9.5</ele><time>2023-07-22T00:34:37Z</time></trkpt>
      <trkpt lat="22.0710632" lon="113.3779903"><ele>9.5</ele><time>2023-07-22T00:34:38Z</time></trkpt>
      <trkpt lat="22.0710527" lon="113.3779759"><ele>9.5</ele><time>2023-07-22T00:34:39Z</time></trkpt>
      <trkpt lat="22.0710416" lon="113.3779620"><ele>9.6</ele><time>2023-07-22T00:34:40Z</time></trkpt>
      <trkpt lat="22.0710313" lon="113.3779473"><ele>9.6</ele><time>2023-07-22T00:34:41Z</time></trkpt>
      <trkpt lat="22.0710214" lon="113.3779324"><ele>9.6</ele><time>2023-07-22T00:34:42Z</time></trkpt>
      <trkpt lat="22.0710113" lon="113.3779175"><ele>9.6</ele><time>2023-07-22T00:34:43Z</time></trkpt>
      <trkpt lat="22.0710020" lon="113.3779017"><ele>9.7</ele><time>2023-07-22T00:34:44Z</time></trkpt>
      <trkpt lat="22.0709934" lon="113.3778858"><ele>9.7</ele><time>2023-07-22T00:34:45Z</time></trkpt>
      <trkpt lat="22.0709847" lon="113.3778705"><ele>9.8</ele><time>2023-07-22T00:34:46Z</time></trkpt>
      <trkpt lat="22.0709743" lon="113.3778571"><ele>9.9</ele><time>2023-07-22T00:34:47Z</time></trkpt>
      <trkpt lat="22.0709621" lon="113.3778468"><ele>10.0</ele><time>2023-07-22T00:34:48Z</time></trkpt>
      <trkpt lat="22.0709486" lon="113.3778405"><ele>10.1</ele><time>2023-07-22T00:34:49Z</time></trkpt>
      <trkpt lat="22.0709340" lon="113.3778396"><ele>10.2</ele><time>2023-07-22T00:34:50Z</time></trkpt>
      <trkpt lat="22.0709192" lon="113.3778429"><ele>10.3</ele><time>2023-07-22T00:34:51Z</time></trkpt>
      <trkpt lat="22.0709050" lon="113.3778489"><ele>10.5</ele><time>2023-07-22T00:34:52Z</time></trkpt>
      <trkpt lat="22.0708919" lon="113.3778577"><ele>10.6</ele><time>2023-07-22T00:34:53Z</time></trkpt>
      <trkpt lat="22.0708793" lon="113.3778677"><ele>10.7</ele><time>2023-07-22T00:34:54Z</time></trkpt>
      <trkpt lat="22.0708669" lon="113.3778782"><ele>10.8</ele><time>2023-07-22T00:34:55Z</time></trkpt>
      <trkpt lat="22.0708553" lon="113.3778895"><ele>10.9</ele><time>2023-07-22T00:34:56Z</time></trkpt>
      <trkpt lat="22.0708434" lon="113.3779004"><ele>11.0</ele><time>2023-07-22T00:34:57Z</time></trkpt>
      <trkpt lat="22.0708314" lon="113.3779113"><ele>11.1</ele><time>2023-07-22T00:34:58Z</time></trkpt>
      <trkpt lat="22.0708201" lon="113.3779229"><ele>11.1</ele><time>2023-07-22T00:34:59Z</time></trkpt>
      <trkpt lat="22.0708089" lon="113.3779344"><ele>11.2</ele><time>2023-07-22T00:35:00Z</time></trkpt>
      <trkpt lat="22.0707971" lon="113.3779457"><ele>11.2</ele><time>2023-07-22T00:35:01Z</time></trkpt>
      <trkpt lat="22.0707851" lon="113.3779575"><ele>11.2</ele><time>2023-07-22T00:35:02Z</time></trkpt>
      <trkpt lat="22.0707731" lon="113.3779695"><ele>11.3</ele><time>2023-07-22T00:35:03Z</time></trkpt>
      <trkpt lat="22.0707605" lon="113.3779809"><ele>11.3</ele><time>2023-07-22T00:35:04Z</time></trkpt>
      <trkpt lat="22.0707476" lon="113.3779924"><ele>11.2</ele><time>2023-07-22T00:35:05Z</time></trkpt>
      <trkpt lat="22.0707351" lon="113.3780045"><ele>11.2</ele><time>2023-07-22T00:35:06Z</time></trkpt>
      <trkpt lat="22.0707228" lon="113.3780164"><ele>11.2</ele><time>2023-07-22T00:35:07Z</time></trkpt>
      <trkpt lat="22.0707103" lon="113.3780281"><ele>11.2</ele><time>2023-07-22T00:35:08Z</time></trkpt>
      <trkpt lat="22.0706978" lon="113.3780399"><ele>11.2</ele><time>2023-07-22T00:35:09Z</time></trkpt>
      <trkpt lat="22.0706850" lon="113.3780510"><ele>11.3</ele><time>2023-07-22T00:35:10Z</time></trkpt>
      <trkpt lat="22.0706720" lon="113.3780612"><ele>11.3</ele><time>2023-07-22T00:35:11Z</time></trkpt>
      <trkpt lat="22.0706591" lon="113.3780715"><ele>11.2</ele><time>2023-07-22T00:35:12Z</time></trkpt>
      <trkpt lat="22.0706463" lon="113.3780816"><ele>11.2</ele><time>2023-07-22T00:35:13Z</time></trkpt>
      <trkpt lat="22.0706342" lon="113.3780920"><ele>11.2</ele><time>2023-07-22T00:35:14Z</time></trkpt>
      <trkpt lat="22.0706241" lon="113.3781037"><ele>11.2</ele><time>2023-07-22T00:35:15Z</time></trkpt>
      <trkpt lat="22.0706171" lon="113.3781173"><ele>11.3</ele><time>2023-07-22T00:35:16Z</time></trkpt>
      <trkpt lat="22.0706131" lon="113.3781325"><ele>11.3</ele><time>2023-07-22T00:35:17Z</time></trkpt>
      <trkpt lat="22.0706095" lon="113.3781482"><ele>11.3</ele><time>2023-07-22T00:35:18Z</time></trkpt>
      <trkpt lat="22.0706070" lon="113.3781641"><ele>11.3</ele><time>2023-07-22T00:35:19Z</time></trkpt>
      <trkpt lat="22.0706089" lon="113.3781794"><ele>11.3</ele><time>2023-07-22T00:35:20Z</time></trkpt>
      <trkpt lat="22.0706173" lon="113.3781929"><ele>11.4</ele><time>2023-07-22T00:35:21Z</time></trkpt>
      <trkpt lat="22.0706292" lon="113.3782049"><ele>11.4</ele><time>2023-07-22T00:35:22Z</time></trkpt>
      <trkpt lat="22.0706422" lon="113.3782149"><ele>11.4</ele><time>2023-07-22T00:35:23Z</time></trkpt>
      <trkpt lat="22.0706565" lon="113.3782221"><ele>11.5</ele><time>2023-07-22T00:35:24Z</time></trkpt>
      <trkpt lat="22.0706715" lon="113.3782278"><ele>11.5</ele><time>2023-07-22T00:35:25Z</time></trkpt>
      <trkpt lat="22.0706868" lon="113.3782327"><ele>11.5</ele><time>2023-07-22T00:35:26Z</time></trkpt>
      <trkpt lat="22.0707013" lon="113.3782372"><ele>11.5</ele><time>2023-07-22T00:35:27Z</time></trkpt>
      <trkpt lat="22.0707146" lon="113.3782409"><ele>11.5</ele><time>2023-07-22T00:35:28Z</time></trkpt>
      <trkpt lat="22.0707279" lon="113.3782441"><ele>11.5</ele><time>2023-07-22T00:35:29Z</time></trkpt>
      <trkpt lat="22.0707428" lon="113.3782477"><ele>11.6</ele><time>2023-07-22T00:35:30Z</time></trkpt>
      <trkpt lat="22.0707587" lon="113.3782513"><ele>11.6</ele><time>2023-07-22T00:35:31Z</time></trkpt>
      <trkpt lat="22.0707747" lon="113.3782548"><ele>11.5</ele><time>2023-07-22T00:35:32Z</time></trkpt>
      <trkpt lat="22.0707904" lon="113.3782590"><ele>11.5</ele><time>2023-07-22T00:35:33Z</time></trkpt>
      <trkpt lat="22.0708059" lon="113.3782640"><ele>11.5</ele><time>2023-07-22T00:35:34Z</time></trkpt>
      <trkpt lat="22.0708214" lon="113.3782698"><ele>11.5</ele><time>2023-07-22T00:35:35Z</time></trkpt>
      <trkpt lat="22.0708366" lon="113.3782761"><ele>11.4</ele><time>2023-07-22T00:35:36Z</time></trkpt>
      <trkpt lat="22.0708519" lon="113.3782819"><ele>11.4</ele><time>2023-07-22T00:35:37Z</time></trkpt>
      <trkpt lat="22.0708677" lon="113.3782867"><ele>11.4</ele><time>2023-07-22T00:35:38Z</time></trkpt>
      <trkpt lat="22.0708836" lon="113.3782920"><ele>11.4</ele><time>2023-07-22T00:35:39Z</time></trkpt>
      <trkpt lat="22.0708993" lon="113.3782978"><ele>11.4</ele><time>2023-07-22T00:35:40Z</time></trkpt>
      <trkpt lat="22.0709152" lon="113.3783024"><ele>11.4</ele><time>2023-07-22T00:35:41Z</time></trkpt>
      <trkpt lat="22.0709315" lon="113.3783056"><ele>11.4</ele><time>2023-07-22T00:35:42Z</time></trkpt>
      <trkpt lat="22.0709480" lon="113.3783076"><ele>11.4</ele><time>2023-07-22T00:35:43Z</time></trkpt>
      <trkpt lat="22.0709645" lon="113.3783074"><ele>11.4</ele><time>2023-07-22T00:35:44Z</time></trkpt>
      <trkpt lat="22.0709807" lon="113.3783037"><ele>11.3</ele><time>2023-07-22T00:35:45Z</time></trkpt>
      <trkpt lat="22.0709960" lon="113.3782975"><ele>11.3</ele><time>2023-07-22T00:35:46Z</time></trkpt>
      <trkpt lat="22.0710103" lon="113.3782892"><ele>11.2</ele><time>2023-07-22T00:35:47Z</time></trkpt>
      <trkpt lat="22.0710234" lon="113.3782786"><ele>11.2</ele><time>2023-07-22T00:35:48Z</time></trkpt>
      <trkpt lat="22.0710359" lon="113.3782672"><ele>11.1</ele><time>2023-07-22T00:35:49Z</time></trkpt>
      <trkpt lat="22.0710484" lon="113.3782561"><ele>11.0</ele><time>2023-07-22T00:35:50Z</time></trkpt>
      <trkpt lat="22.0710596" lon="113.3782440"><ele>10.9</ele><time>2023-07-22T00:35:51Z</time></trkpt>
      <trkpt lat="22.0710698" lon="113.3782310"><ele>10.8</ele><time>2023-07-22T00:35:52Z</time></trkpt>
      <trkpt lat="22.0710810" lon="113.3782197"><ele>10.7</ele><time>2023-07-22T00:35:53Z</time></trkpt>
      <trkpt lat="22.0710929" lon="113.3782101"><ele>10.5</ele><time>2023-07-22T00:35:54Z</time></trkpt>
      <trkpt lat="22.0711045" lon="113.3782003"><ele>10.4</ele><time>2023-07-22T00:35:55Z</time></trkpt>
      <trkpt lat="22.0711153" lon="113.3781907"><ele>10.3</ele><time>2023-07-22T00:35:56Z</time></trkpt>
      <trkpt lat="22.0711261" lon="113.3781811"><ele>10.2</ele><time>2023-07-22T00:35:57Z</time></trkpt>
      <trkpt lat="22.0711367" lon="113.3781706"><ele>10.1</ele><time>2023-07-22T00:35:58Z</time></trkpt>
      <trkpt lat="22.0711465" lon="113.3781595"><ele>10.0</ele><time>2023-07-22T00:35:59Z</time></trkpt>
      <trkpt lat="22.0711563" lon="113.3781496"><ele>10.0</ele><time>2023-07-22T00:36:00Z</time></trkpt>
      <trkpt lat="22.0711652" lon="113.3781408"><ele>9.9</ele><time>2023-07-22T00:36:01Z</time></trkpt>
      <trkpt lat="22.0711715" lon="113.3781306"><ele>9.8</ele><time>2023-07-22T00:36:02Z</time></trkpt>
      <trkpt lat="22.0711752" lon="113.3781190"><ele>9.7</ele><time>2023-07-22T00:36:03Z</time></trkpt>
      <trkpt lat="22.0711770" lon="113.3781069"><ele>9.7</ele><time>2023-07-22T00:36:04Z</time></trkpt>
      <trkpt lat="22.0711758" lon="113.3780947"><ele>9.6</ele><time>2023-07-22T00:36:05Z</time></trkpt>
      <trkpt lat="22.0711710" lon="113.3780830"><ele>9.5</ele><time>2023-07-22T00:36:06Z</time></trkpt>
      <trkpt lat="22.0711631" lon="113.3780722"><ele>9.5</ele><time>2023-07-22T00:36:07Z</time></trkpt>
      <trkpt lat="22.0711533" lon="113.3780617"><ele>9.4</ele><time>2023-07-22T00:36:08Z</time></trkpt>
      <trkpt lat="22.0711433" lon="113.3780505"><ele>9.4</ele><time>2023-07-22T00:36:09Z</time></trkpt>
      <trkpt lat="22.0711337" lon="113.3780389"><ele>9.4</ele><time>2023-07-22T00:36:10Z</time></trkpt>
      <trkpt lat="22.0711235" lon="113.3780278"><ele>9.4</ele><time>2023-07-22T00:36:11Z</time></trkpt>
      <trkpt lat="22.0711133" lon="113.3780167"><ele>9.3</ele><time>2023-07-22T00:36:12Z</time></trkpt>
      <trkpt lat="22.0711043" lon="113.3780045"><ele>9.3</ele><time>2023-07-22T00:36:13Z</time></trkpt>
      <trkpt lat="22.0710959" lon="113.3779916"><ele>9.4</ele><time>2023-07-22T00:36:14Z</time></trkpt>
      <trkpt lat="22.0710871" lon="113.3779783"><ele>9.4</ele><time>2023-07-22T00:36:15Z</time></trkpt>
      <trkpt lat="22.0710778" lon="113.3779647"><ele>9.4</ele><time>2023-07-22T00:36:16Z</time></trkpt>
      <trkpt lat="22.0710696" lon="113.3779507"><ele>9.5</ele><time>2023-07-22T00:36:17Z</time></trkpt>
      <trkpt lat="22.0710630" lon="113.3779365"><ele>9.5</ele><time>2023-07-22T00:36:18Z</time></trkpt>
      <trkpt lat="22.0710569" lon="113.3779223"><ele>9.6</ele><time>2023-07-22T00:36:19Z</time></trkpt>
      <trkpt lat="22.0710511" lon="113.3779078"><ele>9.6</ele><time>2023-07-22T00:36:20Z</time></trkpt>
      <trkpt lat="22.0710439" lon="113.3778936"><ele>9.7</ele><time>2023-07-22T00:36:21Z</time></trkpt>
      <trkpt lat="22.0710331" lon="113.3778808"><ele>9.7</ele><time>2023-07-22T00:36:22Z</time></trkpt>
      <trkpt lat="22.0710196" lon="113.3778702"><ele>9.8</ele><time>2023-07-22T00:36:23Z</time></trkpt>
      <trkpt lat="22.0710045" lon="113.3778616"><ele>9.9</ele><time>2023-07-22T00:36:24Z</time></trkpt>
      <trkpt lat="22.0709885" lon="113.3778548"><ele>9.9</ele><time>2023-07-22T00:36:25Z</time></trkpt>
      <trkpt lat="22.0709727" lon="113.3778491"><ele>10.0</ele><time>2023-07-22T00:36:26Z</time></trkpt>
      <trkpt lat="22.0709568" lon="113.3778461"><ele>10.0</ele><time>2023-07-22T00:36:27Z</time></trkpt>
      <trkpt lat="22.0709408" lon="113.3778499"><ele>10.1</ele><time>2023-07-22T00:36:28Z</time></trkpt>
      <trkpt lat="22.0709251" lon="113.3778579"><ele>10.2</ele><time>2023-07-22T00:36:29Z</time></trkpt>
      <trkpt lat="22.0709099" lon="113.3778656"><ele>10.2</ele><time>2023-07-22T00:36:30Z</time></trkpt>
      <trkpt lat="22.0708949" lon="113.3778734"><ele>10.3</ele><time>2023-07-22T00:36:31Z</time></trkpt>
      <trkpt lat="22.0708801" lon="113.3778818"><ele>10.4</ele><time>2023-07-22T00:36:32Z</time></trkpt>
      <trkpt lat="22.0708662" lon="113.3778912"><ele>10.4</ele><time>2023-07-22T00:36:33Z</time></trkpt>
      <trkpt lat="22.0708530" lon="113.3779021"><ele>10.5</ele><time>2023-07-22T00:36:34Z</time></trkpt>
      <trkpt lat="22.0708395" lon="113.3779138"><ele>10.5</ele><time>2023-07-22T00:36:35Z</time></trkpt>
      <trkpt lat="22.0708262" lon="113.3779254"><ele>10.6</ele><time>2023-07-22T00:36:36Z</time></trkpt>
      <trkpt lat="22.0708138" lon="113.3779375"><ele>10.6</ele><time>2023-07-22T00:36:37Z</time></trkpt>
      <trkpt lat="22.0708018" lon="113.3779504"><ele>10.7</ele><time>2023-07-22T00:36:38Z</time></trkpt>
      <trkpt lat="22.0707889" lon="113.3779628"><ele>10.7</ele><time>2023-07-22T00:36:39Z</time></trkpt>
      <trkpt lat="22.0707753" lon="113.3779741"><ele>10.7</ele><time>2023-07-22T00:36:40Z</time></trkpt>
      <trkpt lat="22.0707618" lon="113.3779852"><ele>10.7</ele><time>2023-07-22T00:36:41Z</time></trkpt>
      <trkpt lat="22.0707486" lon="113.3779964"><ele>10.8</ele><time>2023-07-22T00:36:42Z</time></trkpt>
      <trkpt lat="22.0707355" lon="113.3780079"><ele>10.8</ele><time>2023-07-22T00:36:43Z</time></trkpt>
      <trkpt lat="22.0707221" lon="113.3780196"><ele>10.8</ele><time>2023-07-22T00:36:44Z</time></trkpt>
      <trkpt lat="22.0707086" lon="113.3780310"><ele>10.8</ele><time>2023-07-22T00:36:45Z</time></trkpt>
      <trkpt lat="22.0706956" lon="113.3780422"><ele>10.8</ele><time>2023-07-22T00:36:46Z</time></trkpt>
      <trkpt lat="22.0706828" lon="113.3780538"><ele>10.9</ele><time>2023-07-22T00:36:47Z</time></trkpt>
      <trkpt lat="22.0706700" lon="113.3780652"><ele>10.9</ele><time>2023-07-22T00:36:48Z</time></trkpt>
      <trkpt lat="22.0706574" lon="113.3780763"><ele>10.9</ele><time>2023-07-22T00:36:49Z</time></trkpt>
      <trkpt lat="22.0706456" lon="113.3780879"><ele>10.9</ele><time>2023-07-22T00:36:50Z</time></trkpt>
      <trkpt lat="22.0706352" lon="113.3781007"><ele>10.8</ele><time>2023-07-22T00:36:51Z</time></trkpt>
      <trkpt lat="22.0706268" lon="113.3781145"><ele>10.8</ele><time>2023-07-22T00:36:52Z</time></trkpt>
      <trkpt lat="22.0706214" lon="113.3781295"><ele>10.8</ele><time>2023-07-22T00:36:53Z</time></trkpt>
      <trkpt lat="22.0706173" lon="113.3781447"><ele>10.8</ele><time>2023-07-22T00:36:54Z</time></trkpt>
      <trkpt lat="22.0706128" lon="113.3781593"><ele>10.8</ele><time>2023-07-22T00:36:55Z</time></trkpt>
      <trkpt lat="22.0706105" lon="113.3781736"><ele>10.8</ele><time>2023-07-22T00:36:56Z</time></trkpt>
      <trkpt lat="22.0706140" lon="113.3781880"><ele>10.8</ele><time>2023-07-22T00:36:57Z</time></trkpt>
      <trkpt lat="22.0706245" lon="113.3782006"><ele>10.7</ele><time>2023-07-22T00:36:58Z</time></trkpt>
      <trkpt lat="22.0706383" lon="113.3782110"><ele>10.8</ele><time>2023-07-22T00:36:59Z</time></trkpt>
      <trkpt lat="22.0706524" lon="113.3782205"><ele>10.8</ele><time>2023-07-22T00:37:00Z</time></trkpt>
      <trkpt lat="22.0706655" lon="113.3782307"><ele>10.8</ele><time>2023-07-22T00:37:01Z</time></trkpt>
      <trkpt lat="22.0706770" lon="113.3782416"><ele>10.8</ele><time>2023-07-22T00:37:02Z</time></trkpt>
      <trkpt lat="22.0706881" lon="113.3782526"><ele>10.8</ele><time>2023-07-22T00:37:03Z</time></trkpt>
      <trkpt lat="22.0707010" lon="113.3782617"><ele>10.8</ele><time>2023-07-22T00:37:04Z</time></trkpt>
      <trkpt lat="22.0707160" lon="113.3782671"><ele>10.7</ele><time>2023-07-22T00:37:05Z</time></trkpt>
      <trkpt lat="22.0707317" lon="113.3782702"><ele>10.7</ele><time>2023-07-22T00:37:06Z</time></trkpt>
      <trkpt lat="22.0707476" lon="113.3782717"><ele>10.7</ele><time>2023-07-22T00:37:07Z</time></trkpt>
      <trkpt lat="22.0707636" lon="113.3782722"><ele>10.7</ele><time>2023-07-22T00:37:08Z</time></trkpt>
      <trkpt lat="22.0707795" lon="113.3782730"><ele>10.7</ele><time>2023-07-22T00:37:09Z</time></trkpt>
      <trkpt lat="22.0707952" lon="113.3782751"><ele>10.7</ele><time>2023-07-22T00:37:10Z</time></trkpt>
      <trkpt lat="22.0708111" lon="113.3782777"><ele>10.7</ele><time>2023-07-22T00:37:11Z</time></trkpt>
      <trkpt lat="22.0708271" lon="113.3782804"><ele>10.7</ele><time>2023-07-22T00:37:12Z</time></trkpt>
      <trkpt lat="22.0708428" lon="113.3782840"><ele>10.6</ele><time>2023-07-22T00:37:13Z</time></trkpt>
      <trkpt lat="22.0708582" lon="113.3782889"><ele>10.6</ele><time>2023-07-22T00:37:14Z</time></trkpt>
      <trkpt lat="22.0708734" lon="113.3782941"><ele>10.6</ele><time>2023-07-22T00:37:15Z</time></trkpt>
      <trkpt lat="22.0708884" lon="113.3782994"><ele>10.6</ele><time>2023-07-22T00:37:16Z</time></trkpt>
      <trkpt lat="22.0709036" lon="113.3783033"><ele>10.6</ele><time>2023-07-22T00:37:17Z</time></trkpt>
      <trkpt lat="22.0709190" lon="113.3783042"><ele>10.5</ele><time>2023-07-22T00:37:18Z</time></trkpt>
      <trkpt lat="22.0709345" lon="113.3783036"><ele>10.5</ele><time>2023-07-22T00:37:19Z</time></trkpt>
      <trkpt lat="22.0709498" lon="113.3783023"><ele>10.5</ele><time>2023-07-22T00:37:20Z</time></trkpt>
      <trkpt lat="22.0709649" lon="113.3783000"><ele>10.4</ele><time>2023-07-22T00:37:21Z</time></trkpt>
      <trkpt lat="22.0709800" lon="113.3782973"><ele>10.4</ele><time>2023-07-22T00:37:22Z</time></trkpt>
      <trkpt lat="22.0709948" lon="113.3782942"><ele>10.3</ele><time>2023-07-22T00:37:23Z</time></trkpt>
      <trkpt lat="22.0710094" lon="113.3782908"><ele>10.3</ele><time>2023-07-22T00:37:24Z</time></trkpt>
      <trkpt lat="22.0710237" lon="113.3782870"><ele>10.2</ele><time>2023-07-22T00:37:25Z</time></trkpt>
      <trkpt lat="22.0710373" lon="113.3782822"><ele>10.1</ele><time>2023-07-22T00:37:26Z</time></trkpt>
      <trkpt lat="22.0710504" lon="113.3782762"><ele>10.1</ele><time>2023-07-22T00:37:27Z</time></trkpt>
      <trkpt lat="22.0710626" lon="113.3782692"><ele>10.0</ele><time>2023-07-22T00:37:28Z</time></trkpt>
      <trkpt lat="22.0710738" lon="113.3782603"><ele>9.9</ele><time>2023-07-22T00:37:29Z</time></trkpt>
      <trkpt lat="22.0710843" lon="113.3782479"><ele>9.8</ele><time>2023-07-22T00:37:30Z</time></trkpt>
      <trkpt lat="22.0710944" lon="113.3782340"><ele>9.7</ele><time>2023-07-22T00:37:31Z</time></trkpt>
      <trkpt lat="22.0711047" lon="113.3782201"><ele>9.6</ele><time>2023-07-22T00:37:32Z</time></trkpt>
      <trkpt lat="22.0711152" lon="113.3782061"><ele>9.6</ele><time>2023-07-22T00:37:33Z</time></trkpt>
      <trkpt lat="22.0711257" lon="113.3781922"><ele>9.5</ele><time>2023-07-22T00:37:34Z</time></trkpt>
      <trkpt lat="22.0711357" lon="113.3781797"><ele>9.5</ele><time>2023-07-22T00:37:35Z</time></trkpt>
      <trkpt lat="22.0711455" lon="113.3781680"><ele>9.5</ele><time>2023-07-22T00:37:36Z</time></trkpt>
      <trkpt lat="22.0711546" lon="113.3781570"><ele>9.5</ele><time>2023-07-22T00:37:37Z</time></trkpt>
      <trkpt lat="22.0711614" lon="113.3781475"><ele>9.5</ele><time>2023-07-22T00:37:38Z</time></trkpt>
      <trkpt lat="22.0711641" lon="113.3781393"><ele>9.5</ele><time>2023-07-22T00:37:39Z</time></trkpt>
      <trkpt lat="22.0711634" lon="113.3781331"><ele>9.5</ele><time>2023-07-22T00:37:40Z</time></trkpt>
      <trkpt lat="22.0711605" lon="113.3781300"><ele>9.5</ele><time>2023-07-22T00:37:41Z</time></trkpt>
      <trkpt lat="22.0711551" lon="113.3781282"><ele>9.6</ele><time>2023-07-22T00:37:42Z</time></trkpt>
      <trkpt lat="22.0711479" lon="113.3781236"><ele>9.6</ele><time>2023-07-22T00:37:43Z</time></trkpt>
      <trkpt lat="22.0711404" lon="113.3781148"><ele>9.6</ele><time>2023-07-22T00:37:44Z</time></trkpt>
      <trkpt lat="22.0711326" lon="113.3781030"><ele>9.6</ele><time>2023-07-22T00:37:45Z</time></trkpt>
      <trkpt lat="22.0711236" lon="113.3780889"><ele>9.7</ele><time>2023-07-22T00:37:46Z</time></trkpt>
      <trkpt lat="22.0711139" lon="113.3780741"><ele>9.7</ele><time>2023-07-22T00:37:47Z</time></trkpt>
      <trkpt lat="22.0711038" lon="113.3780595"><ele>9.7</ele><time>2023-07-22T00:37:48Z</time></trkpt>
      <trkpt lat="22.0710926" lon="113.3780454"><ele>9.7</ele><time>2023-07-22T00:37:49Z</time></trkpt>
      <trkpt lat="22.0710803" lon="113.3780312"><ele>9.7</ele><time>2023-07-22T00:37:50Z</time></trkpt>
      <trkpt lat="22.0710684" lon="113.3780166"><ele>9.7</ele><time>2023-07-22T00:37:51Z</time></trkpt>
      <trkpt lat="22.0710565" lon="113.3780010"><ele>9.8</ele><time>2023-07-22T00:37:52Z</time></trkpt>
      <trkpt lat="22.0710444" lon="113.3779858"><ele>9.8</ele><time>2023-07-22T00:37:53Z</time></trkpt>
      <trkpt lat="22.0710335" lon="113.3779713"><ele>9.9</ele><time>2023-07-22T00:37:54Z</time></trkpt>
      <trkpt lat="22.0710235" lon="113.3779564"><ele>9.9</ele><time>2023-07-22T00:37:55Z</time></trkpt>
      <trkpt lat="22.0710136" lon="113.3779415"><ele>9.9</ele><time>2023-07-22T00:37:56Z</time></trkpt>
      <trkpt lat="22.0710030" lon="113.3779272"><ele>9.9</ele><time>2023-07-22T00:37:57Z</time></trkpt>
      <trkpt lat="22.0709926" lon="113.3779126"><ele>9.9</ele><time>2023-07-22T00:37:58Z</time></trkpt>
      <trkpt lat="22.0709828" lon="113.3778975"><ele>9.9</ele><time>2023-07-22T00:37:59Z</time></trkpt>
      <trkpt lat="22.0709730" lon="113.3778825"><ele>10.0</ele><time>2023-07-22T00:38:00Z</time></trkpt>
      <trkpt lat="22.0709627" lon="113.3778684"><ele>10.0</ele><time>2023-07-22T00:38:01Z</time></trkpt>
      <trkpt lat="22.0709507" lon="113.3778567"><ele>10.0</ele><time>2023-07-22T00:38:02Z</time></trkpt>
      <trkpt lat="22.0709365" lon="113.3778492"><ele>10.0</ele><time>2023-07-22T00:38:03Z</time></trkpt>
      <trkpt lat="22.0709206" lon="113.3778464"><ele>10.1</ele><time>2023-07-22T00:38:04Z</time></trkpt>
      <trkpt lat="22.0709043" lon="113.3778496"><ele>10.1</ele><time>2023-07-22T00:38:05Z</time></trkpt>
      <trkpt lat="22.0708887" lon="113.3778579"><ele>10.1</ele><time>2023-07-22T00:38:06Z</time></trkpt>
      <trkpt lat="22.0708738" lon="113.3778668"><ele>10.1</ele><time>2023-07-22T00:38:07Z</time></trkpt>
      <trkpt lat="22.0708597" lon="113.3778756"><ele>10.1</ele><time>2023-07-22T00:38:08Z</time></trkpt>
      <trkpt lat="22.0708461" lon="113.3778851"><ele>10.2</ele><time>2023-07-22T00:38:09Z</time></trkpt>
      <trkpt lat="22.0708328" lon="113.3778949"><ele>10.1</ele><time>2023-07-22T00:38:10Z</time></trkpt>
      <trkpt lat="22.0708203" lon="113.3779054"><ele>10.1</ele><time>2023-07-22T00:38:11Z</time></trkpt>
      <trkpt lat="22.0708086" lon="113.3779171"><ele>10.1</ele><time>2023-07-22T00:38:12Z</time></trkpt>
      <trkpt lat="22.0707970" lon="113.3779294"><ele>10.1</ele><time>2023-07-22T00:38:13Z</time></trkpt>
      <trkpt lat="22.0707851" lon="113.3779415"><ele>10.1</ele><time>2023-07-22T00:38:14Z</time></trkpt>
      <trkpt lat="22.0707729" lon="113.3779536"><ele>10.1</ele><time>2023-07-22T00:38:15Z</time></trkpt>
      <trkpt lat="22.0707607" lon="113.3779661"><ele>10.1</ele><time>2023-07-22T00:38:16Z</time></trkpt>
      <trkpt lat="22.0707487" lon="113.3779791"><ele>10.1</ele><time>2023-07-22T00:38:17Z</time></trkpt>
      <trkpt lat="22.0707363" lon="113.3779913"><ele>10.0</ele><time>2023-07-22T00:38:18Z</time></trkpt>
      <trkpt lat="22.0707231" lon="113.3780025"><ele>10.1</ele><time>2023-07-22T00:38:19Z</time></trkpt>
      <trkpt lat="22.0707094" lon="113.3780136"><ele>10.1</ele><time>2023-07-22T00:38:20Z</time></trkpt>
      <trkpt lat="22.0706970" lon="113.3780261"><ele>10.1</ele><time>2023-07-22T00:38:21Z</time></trkpt>
      <trkpt lat="22.0706857" lon="113.3780389"><ele>10.1</ele><time>2023-07-22T00:38:22Z</time></trkpt>
      <trkpt lat="22.0706739" lon="113.3780504"><ele>10.2</ele><time>2023-07-22T00:38:23Z</time></trkpt>
      <trkpt lat="22.0706619" lon="113.3780616"><ele>10.2</ele><time>2023-07-22T00:38:24Z</time></trkpt>
      <trkpt lat="22.0706502" lon="113.3780734"><ele>10.3</ele><time>2023-07-22T00:38:25Z</time></trkpt>
      <trkpt lat="22.0706388" lon="113.3780853"><ele>10.3</ele><time>2023-07-22T00:38:26Z</time></trkpt>
      <trkpt lat="22.0706279" lon="113.3780969"><ele>10.4</ele><time>2023-07-22T00:38:27Z</time></trkpt>
      <trkpt lat="22.0706175" lon="113.3781091"><ele>10.4</ele><time>2023-07-22T00:38:28Z</time></trkpt>
      <trkpt lat="22.0706081" lon="113.3781224"><ele>10.5</ele><time>2023-07-22T00:38:29Z</time></trkpt>
      <trkpt lat="22.0706017" lon="113.3781369"><ele>10.5</ele><time>2023-07-22T00:38:30Z</time></trkpt>
      <trkpt lat="22.0706013" lon="113.3781527"><ele>10.6</ele><time>2023-07-22T00:38:31Z</time></trkpt>
      <trkpt lat="22.0706080" lon="113.3781682"><ele>10.6</ele><time>2023-07-22T00:38:32Z</time></trkpt>
      <trkpt lat="22.0706188" lon="113.3781816"><ele>10.6</ele><time>2023-07-22T00:38:33Z</time></trkpt>
      <trkpt lat="22.0706310" lon="113.3781923"><ele>10.6</ele><time>2023-07-22T00:38:34Z</time></trkpt>
      <trkpt lat="22.0706442" lon="113.3782009"><ele>10.6</ele><time>2023-07-22T00:38:35Z</time></trkpt>
      <trkpt lat="22.0706577" lon="113.3782087"><ele>10.6</ele><time>2023-07-22T00:38:36Z</time></trkpt>
      <trkpt lat="22.0706715" lon="113.3782164"><ele>10.6</ele><time>2023-07-22T00:38:37Z</time></trkpt>
      <trkpt lat="22.0706855" lon="113.3782237"><ele>10.6</ele><time>2023-07-22T00:38:38Z</time></trkpt>
      <trkpt lat="22.0706993" lon="113.3782301"><ele>10.5</ele><time>2023-07-22T00:38:39Z</time></trkpt>
      <trkpt lat="22.0707135" lon="113.3782348"><ele>10.5</ele><time>2023-07-22T00:38:40Z</time></trkpt>
      <trkpt lat="22.0707282" lon="113.3782368"><ele>10.5</ele><time>2023-07-22T00:38:41Z</time></trkpt>
      <trkpt lat="22.0707428" lon="113.3782369"><ele>10.5</ele><time>2023-07-22T00:38:42Z</time></trkpt>
      <trkpt lat="22.0707571" lon="113.3782367"><ele>10.6</ele><time>2023-07-22T00:38:43Z</time></trkpt>
      <trkpt lat="22.0707714" lon="113.3782364"><ele>10.6</ele><time>2023-07-22T00:38:44Z</time></trkpt>
      <trkpt lat="22.0707855" lon="113.3782362"><ele>10.6</ele><time>2023-07-22T00:38:45Z</time></trkpt>
      <trkpt lat="22.0707998" lon="113.3782367"><ele>10.7</ele><time>2023-07-22T00:38:46Z</time></trkpt>
      <trkpt lat="22.0708144" lon="113.3782383"><ele>10.8</ele><time>2023-07-22T00:38:47Z</time></trkpt>
      <trkpt lat="22.0708295" lon="113.3782406"><ele>10.8</ele><time>2023-07-22T00:38:48Z</time></trkpt>
      <trkpt lat="22.0708449" lon="113.3782431"><ele>10.9</ele><time>2023-07-22T00:38:49Z</time></trkpt>
      <trkpt lat="22.0708598" lon="113.3782465"><ele>11.0</ele><time>2023-07-22T00:38:50Z</time></trkpt>
      <trkpt lat="22.0708744" lon="113.3782501"><ele>11.0</ele><time>2023-07-22T00:38:51Z</time></trkpt>
      <trkpt lat="22.0708897" lon="113.3782518"><ele>11.0</ele><time>2023-07-22T00:38:52Z</time></trkpt>
      <trkpt lat="22.0709049" lon="113.3782530"><ele>11.1</ele><time>2023-07-22T00:38:53Z</time></trkpt>
      <trkpt lat="22.0709200" lon="113.3782541"><ele>11.1</ele><time>2023-07-22T00:38:54Z</time></trkpt>
      <trkpt lat="22.0709352" lon="113.3782533"><ele>11.1</ele><time>2023-07-22T00:38:55Z</time></trkpt>
      <trkpt lat="22.0709497" lon="113.3782501"><ele>11.0</ele><time>2023-07-22T00:38:56Z</time></trkpt>
      <trkpt lat="22.0709634" lon="113.3782448"><ele>11.0</ele><time>2023-07-22T00:38:57Z</time></trkpt>
      <trkpt lat="22.0709772" lon="113.3782388"><ele>10.9</ele><time>2023-07-22T00:38:58Z</time></trkpt>
      <trkpt lat="22.0709914" lon="113.3782339"><ele>10.9</ele><time>2023-07-22T00:38:59Z</time></trkpt>
      <trkpt lat="22.0710056" lon="113.3782295"><ele>10.8</ele><time>2023-07-22T00:39:00Z</time></trkpt>
      <trkpt lat="22.0710191" lon="113.3782235"><ele>10.7</ele><time>2023-07-22T00:39:01Z</time></trkpt>
      <trkpt lat="22.0710318" lon="113.3782157"><ele>10.6</ele><time>2023-07-22T00:39:02Z</time></trkpt>
      <trkpt lat="22.0710439" lon="113.3782065"><ele>10.5</ele><time>2023-07-22T00:39:03Z</time></trkpt>
      <trkpt lat="22.0710552" lon="113.3781966"><ele>10.4</ele><time>2023-07-22T00:39:04Z</time></trkpt>
      <trkpt lat="22.0710660" lon="113.3781870"><ele>10.3</ele><time>2023-07-22T00:39:05Z</time></trkpt>
      <trkpt lat="22.0710763" lon="113.3781776"><ele>10.2</ele><time>2023-07-22T00:39:06Z</time></trkpt>
      <trkpt lat="22.0710862" lon="113.3781676"><ele>10.0</ele><time>2023-07-22T00:39:07Z</time></trkpt>
      <trkpt lat="22.0710958" lon="113.3781568"><ele>9.9</ele><time>2023-07-22T00:39:08Z</time></trkpt>
      <trkpt lat="22.0711051" lon="113.3781451"><ele>9.8</ele><time>2023-07-22T00:39:09Z</time></trkpt>
      <trkpt lat="22.0711137" lon="113.3781325"><ele>9.7</ele><time>2023-07-22T00:39:10Z</time></trkpt>
      <trkpt lat="22.0711210" lon="113.3781192"><ele>9.6</ele><time>2023-07-22T00:39:11Z</time></trkpt>
      <trkpt lat="22.0711268" lon="113.3781059"><ele>9.5</ele><time>2023-07-22T00:39:12Z</time></trkpt>
      <trkpt lat="22.0711309" lon="113.3780921"><ele>9.4</ele><time>2023-07-22T00:39:13Z</time></trkpt>
      <trkpt lat="22.0711325" lon="113.3780771"><ele>9.3</ele><time>2023-07-22T00:39:14Z</time></trkpt>
      <trkpt lat="22.0711302" lon="113.3780620"><ele>9.3</ele><time>2023-07-22T00:39:15Z</time></trkpt>
      <trkpt lat="22.0711239" lon="113.3780472"><ele>9.2</ele><time>2023-07-22T00:39:16Z</time></trkpt>
      <trkpt lat="22.0711148" lon="113.3780335"><ele>9.2</ele><time>2023-07-22T00:39:17Z</time></trkpt>
      <trkpt lat="22.0711037" lon="113.3780212"><ele>9.2</ele><time>2023-07-22T00:39:18Z</time></trkpt>
      <trkpt lat="22.0710926" lon="113.3780089"><ele>9.2</ele><time>2023-07-22T00:39:19Z</time></trkpt>
      <trkpt lat="22.0710835" lon="113.3779949"><ele>9.2</ele><time>2023-07-22T00:39:20Z</time></trkpt>
      <trkpt lat="22.0710749" lon="113.3779802"><ele>9.2</ele><time>2023-07-22T00:39:21Z</time></trkpt>
      <trkpt lat="22.0710655" lon="113.3779657"><ele>9.2</ele><time>2023-07-22T00:39:22Z</time></trkpt>
      <trkpt lat="22.0710551" lon="113.3779519"><ele>9.3</ele><time>2023-07-22T00:39:23Z</time></trkpt>
      <trkpt lat="22.0710443" lon="113.3779383"><ele>9.3</ele><time>2023-07-22T00:39:24Z</time></trkpt>
      <trkpt lat="22.0710336" lon="113.3779249"><ele>9.4</ele><time>2023-07-22T00:39:25Z</time></trkpt>
      <trkpt lat="22.0710224" lon="113.3779118"><ele>9.5</ele><time>2023-07-22T00:39:26Z</time></trkpt>
      <trkpt lat="22.0710105" lon="113.3778994"><ele>9.5</ele><time>2023-07-22T00:39:27Z</time></trkpt>
      <trkpt lat="22.0709988" lon="113.3778873"><ele>9.6</ele><time>2023-07-22T00:39:28Z</time></trkpt>
      <trkpt lat="22.0709876" lon="113.3778751"><ele>9.7</ele><time>2023-07-22T00:39:29Z</time></trkpt>
      <trkpt lat="22.0709758" lon="113.3778634"><ele>9.7</ele><time>2023-07-22T00:39:30Z</time></trkpt>
      <trkpt lat="22.0709627" lon="113.3778530"><ele>9.8</ele><time>2023-07-22T00:39:31Z</time></trkpt>
      <trkpt lat="22.0709484" lon="113.3778449"><ele>9.9</ele><time>2023-07-22T00:39:32Z</time></trkpt>
      <trkpt lat="22.0709329" lon="113.3778415"><ele>9.9</ele><time>2023-07-22T00:39:33Z</time></trkpt>
      <trkpt lat="22.0709165" lon="113.3778446"><ele>9.9</ele><time>2023-07-22T00:39:34Z</time></trkpt>
      <trkpt lat="22.0709005" lon="113.3778528"><ele>10.0</ele><time>2023-07-22T00:39:35Z</time></trkpt>
      <trkpt lat="22.0708846" lon="113.3778621"><ele>10.0</ele><time>2023-07-22T00:39:36Z</time></trkpt>
      <trkpt lat="22.0708694" lon="113.3778725"><ele>10.0</ele><time>2023-07-22T00:39:37Z</time></trkpt>
      <trkpt lat="22.0708561" lon="113.3778849"><ele>10.0</ele><time>2023-07-22T00:39:38Z</time></trkpt>
      <trkpt lat="22.0708435" lon="113.3778981"><ele>10.0</ele><time>2023-07-22T00:39:39Z</time></trkpt>
      <trkpt lat="22.0708309" lon="113.3779114"><ele>10.0</ele><time>2023-07-22T00:39:40Z</time></trkpt>
      <trkpt lat="22.0708184" lon="113.3779244"><ele>10.0</ele><time>2023-07-22T00:39:41Z</time></trkpt>
      <trkpt lat="22.0708059" lon="113.3779373"><ele>10.0</ele><time>2023-07-22T00:39:42Z</time></trkpt>
      <trkpt lat="22.0707940" lon="113.3779509"><ele>9.9</ele><time>2023-07-22T00:39:43Z</time></trkpt>
      <trkpt lat="22.0707821" lon="113.3779645"><ele>9.9</ele><time>2023-07-22T00:39:44Z</time></trkpt>
      <trkpt lat="22.0707695" lon="113.3779772"><ele>9.9</ele><time>2023-07-22T00:39:45Z</time></trkpt>
      <trkpt lat="22.0707569" lon="113.3779898"><ele>9.9</ele><time>2023-07-22T00:39:46Z</time></trkpt>
      <trkpt lat="22.0707438" lon="113.3780020"><ele>9.9</ele><time>2023-07-22T00:39:47Z</time></trkpt>
      <trkpt lat="22.0707307" lon="113.3780144"><ele>9.9</ele><time>2023-07-22T00:39:48Z</time></trkpt>
      <trkpt lat="22.0707182" lon="113.3780271"><ele>9.9</ele><time>2023-07-22T00:39:49Z</time></trkpt>
      <trkpt lat="22.0707061" lon="113.3780397"><ele>9.9</ele><time>2023-07-22T00:39:50Z</time></trkpt>
      <trkpt lat="22.0706938" lon="113.3780520"><ele>9.9</ele><time>2023-07-22T00:39:51Z</time></trkpt>
      <trkpt lat="22.0706813" lon="113.3780638"><ele>9.9</ele><time>2023-07-22T00:39:52Z</time></trkpt>
      <trkpt lat="22.0706686" lon="113.3780746"><ele>10.0</ele><time>2023-07-22T00:39:53Z</time></trkpt>
      <trkpt lat="22.0706561" lon="113.3780850"><ele>10.0</ele><time>2023-07-22T00:39:54Z</time></trkpt>
      <trkpt lat="22.0706445" lon="113.3780958"><ele>10.1</ele><time>2023-07-22T00:39:55Z</time></trkpt>
      <trkpt lat="22.0706338" lon="113.3781071"><ele>10.1</ele><time>2023-07-22T00:39:56Z</time></trkpt>
      <trkpt lat="22.0706246" lon="113.3781193"><ele>10.2</ele><time>2023-07-22T00:39:57Z</time></trkpt>
      <trkpt lat="22.0706178" lon="113.3781327"><ele>10.2</ele><time>2023-07-22T00:39:58Z</time></trkpt>
      <trkpt lat="22.0706128" lon="113.3781475"><ele>10.3</ele><time>2023-07-22T00:39:59Z</time></trkpt>
      <trkpt lat="22.0706090" lon="113.3781622"><ele>10.3</ele><time>2023-07-22T00:40:00Z</time></trkpt>
      <trkpt lat="22.0706077" lon="113.3781768"><ele>10.4</ele><time>2023-07-22T00:40:01Z</time></trkpt>
      <trkpt lat="22.0706114" lon="113.3781914"><ele>10.4</ele><time>2023-07-22T00:40:02Z</time></trkpt>
      <trkpt lat="22.0706207" lon="113.3782043"><ele>10.5</ele><time>2023-07-22T00:40:03Z</time></trkpt>
      <trkpt lat="22.0706332" lon="113.3782153"><ele>10.5</ele><time>2023-07-22T00:40:04Z</time></trkpt>
      <trkpt lat="22.0706468" lon="113.3782254"><ele>10.5</ele><time>2023-07-22T00:40:05Z</time></trkpt>
      <trkpt lat="22.0706613" lon="113.3782345"><ele>10.6</ele><time>2023-07-22T00:40:06Z</time></trkpt>
      <trkpt lat="22.0706763" lon="113.3782419"><ele>10.6</ele><time>2023-07-22T00:40:07Z</time></trkpt>
      <trkpt lat="22.0706923" lon="113.3782467"><ele>10.6</ele><time>2023-07-22T00:40:08Z</time></trkpt>
      <trkpt lat="22.0707092" lon="113.3782484"><ele>10.6</ele><time>2023-07-22T00:40:09Z</time></trkpt>
      <trkpt lat="22.0707264" lon="113.3782491"><ele>10.6</ele><time>2023-07-22T00:40:10Z</time></trkpt>
      <trkpt lat="22.0707435" lon="113.3782502"><ele>10.6</ele><time>2023-07-22T00:40:11Z</time></trkpt>
      <trkpt lat="22.0707607" lon="113.3782520"><ele>10.6</ele><time>2023-07-22T00:40:12Z</time></trkpt>
      <trkpt lat="22.0707784" lon="113.3782555"><ele>10.5</ele><time>2023-07-22T00:40:13Z</time></trkpt>
      <trkpt lat="22.0707975" lon="113.3782615"><ele>10.5</ele><time>2023-07-22T00:40:14Z</time></trkpt>
      <trkpt lat="22.0708165" lon="113.3782695"><ele>10.5</ele><time>2023-07-22T00:40:15Z</time></trkpt>
      <trkpt lat="22.0708335" lon="113.3782772"><ele>10.4</ele><time>2023-07-22T00:40:16Z</time></trkpt>
      <trkpt lat="22.0708493" lon="113.3782837"><ele>10.4</ele><time>2023-07-22T00:40:17Z</time></trkpt>
      <trkpt lat="22.0708652" lon="113.3782902"><ele>10.3</ele><time>2023-07-22T00:40:18Z</time></trkpt>
      <trkpt lat="22.0708811" lon="113.3782964"><ele>10.3</ele><time>2023-07-22T00:40:19Z</time></trkpt>
      <trkpt lat="22.0708972" lon="113.3783019"><ele>10.3</ele><time>2023-07-22T00:40:20Z</time></trkpt>
      <trkpt lat="22.0709139" lon="113.3783074"><ele>10.2</ele><time>2023-07-22T00:40:21Z</time></trkpt>
      <trkpt lat="22.0709303" lon="113.3783123"><ele>10.2</ele><time>2023-07-22T00:40:22Z</time></trkpt>
      <trkpt lat="22.0709470" lon="113.3783139"><ele>10.1</ele><time>2023-07-22T00:40:23Z</time></trkpt>
      <trkpt lat="22.0709642" lon="113.3783113"><ele>10.1</ele><time>2023-07-22T00:40:24Z</time></trkpt>
      <trkpt lat="22.0709808" lon="113.3783060"><ele>10.0</ele><time>2023-07-22T00:40:25Z</time></trkpt>
      <trkpt lat="22.0709966" lon="113.3782988"><ele>10.0</ele><time>2023-07-22T00:40:26Z</time></trkpt>
      <trkpt lat="22.0710115" lon="113.3782896"><ele>9.9</ele><time>2023-07-22T00:40:27Z</time></trkpt>
      <trkpt lat="22.0710259" lon="113.3782792"><ele>9.9</ele><time>2023-07-22T00:40:28Z</time></trkpt>
      <trkpt lat="22.0710397" lon="113.3782679"><ele>9.8</ele><time>2023-07-22T00:40:29Z</time></trkpt>
      <trkpt lat="22.0710522" lon="113.3782554"><ele>9.7</ele><time>2023-07-22T00:40:30Z</time></trkpt>
      <trkpt lat="22.0710642" lon="113.3782431"><ele>9.7</ele><time>2023-07-22T00:40:31Z</time></trkpt>
      <trkpt lat="22.0710761" lon="113.3782311"><ele>9.6</ele><time>2023-07-22T00:40:32Z</time></trkpt>
      <trkpt lat="22.0710875" lon="113.3782188"><ele>9.6</ele><time>2023-07-22T00:40:33Z</time></trkpt>
      <trkpt lat="22.0710988" lon="113.3782067"><ele>9.5</ele><time>2023-07-22T00:40:34Z</time></trkpt>
      <trkpt lat="22.0711107" lon="113.3781959"><ele>9.4</ele><time>2023-07-22T00:40:35Z</time></trkpt>
      <trkpt lat="22.0711223" lon="113.3781856"><ele>9.4</ele><time>2023-07-22T00:40:36Z</time></trkpt>
      <trkpt lat="22.0711335" lon="113.3781753"><ele>9.3</ele><time>2023-07-22T00:40:37Z</time></trkpt>
      <trkpt lat="22.0711447" lon="113.3781654"><ele>9.2</ele><time>2023-07-22T00:40:38Z</time></trkpt>
      <trkpt lat="22.0711556" lon="113.3781557"><ele>9.2</ele><time>2023-07-22T00:40:39Z</time></trkpt>
      <trkpt lat="22.0711653" lon="113.3781447"><ele>9.1</ele><time>2023-07-22T00:40:40Z</time></trkpt>
      <trkpt lat="22.0711722" lon="113.3781315"><ele>9.1</ele><time>2023-07-22T00:40:41Z</time></trkpt>
      <trkpt lat="22.0711755" lon="113.3781167"><ele>9.0</ele><time>2023-07-22T00:40:42Z</time></trkpt>
      <trkpt lat="22.0711743" lon="113.3781013"><ele>8.9</ele><time>2023-07-22T00:40:43Z</time></trkpt>
      <trkpt lat="22.0711692" lon="113.3780860"><ele>8.9</ele><time>2023-07-22T00:40:44Z</time></trkpt>
      <trkpt lat="22.0711633" lon="113.3780710"><ele>8.8</ele><time>2023-07-22T00:40:45Z</time></trkpt>
      <trkpt lat="22.0711569" lon="113.3780564"><ele>8.8</ele><time>2023-07-22T00:40:46Z</time></trkpt>
      <trkpt lat="22.0711482" lon="113.3780429"><ele>8.8</ele><time>2023-07-22T00:40:47Z</time></trkpt>
      <trkpt lat="22.0711374" lon="113.3780303"><ele>8.8</ele><time>2023-07-22T00:40:48Z</time></trkpt>
      <trkpt lat="22.0711267" lon="113.3780176"><ele>8.7</ele><time>2023-07-22T00:40:49Z</time></trkpt>
      <trkpt lat="22.0711162" lon="113.3780046"><ele>8.7</ele><time>2023-07-22T00:40:50Z</time></trkpt>
      <trkpt lat="22.0711057" lon="113.3779913"><ele>8.7</ele><time>2023-07-22T00:40:51Z</time></trkpt>
      <trkpt lat="22.0710957" lon="113.3779776"><ele>8.8</ele><time>2023-07-22T00:40:52Z</time></trkpt>
      <trkpt lat="22.0710867" lon="113.3779632"><ele>8.8</ele><time>2023-07-22T00:40:53Z</time></trkpt>
      <trkpt lat="22.0710774" lon="113.3779490"><ele>8.8</ele><time>2023-07-22T00:40:54Z</time></trkpt>
      <trkpt lat="22.0710667" lon="113.3779359"><ele>8.9</ele><time>2023-07-22T00:40:55Z</time></trkpt>
      <trkpt lat="22.0710538" lon="113.3779248"><ele>9.0</ele><time>2023-07-22T00:40:56Z</time></trkpt>
      <trkpt lat="22.0710396" lon="113.3779153"><ele>9.2</ele><time>2023-07-22T00:40:57Z</time></trkpt>
      <trkpt lat="22.0710262" lon="113.3779058"><ele>9.4</ele><time>2023-07-22T00:40:58Z</time></trkpt>
      <trkpt lat="22.0710142" lon="113.3778952"><ele>9.5</ele><time>2023-07-22T00:40:59Z</time></trkpt>
      <trkpt lat="22.0710027" lon="113.3778844"><ele>9.7</ele><time>2023-07-22T00:41:00Z</time></trkpt>
      <trkpt lat="22.0709918" lon="113.3778731"><ele>10.0</ele><time>2023-07-22T00:41:01Z</time></trkpt>
      <trkpt lat="22.0709822" lon="113.3778609"><ele>10.2</ele><time>2023-07-22T00:41:02Z</time></trkpt>
      <trkpt lat="22.0709731" lon="113.3778484"><ele>10.4</ele><time>2023-07-22T00:41:03Z</time></trkpt>
      <trkpt lat="22.0709638" lon="113.3778368"><ele>10.6</ele><time>2023-07-22T00:41:04Z</time></trkpt>
      <trkpt lat="22.0709552" lon="113.3778265"><ele>10.9</ele><time>2023-07-22T00:41:05Z</time></trkpt>
      <trkpt lat="22.0709463" lon="113.3778194"><ele>11.1</ele><time>2023-07-22T00:41:06Z</time></trkpt>
      <trkpt lat="22.0709343" lon="113.3778181"><ele>11.2</ele><time>2023-07-22T00:41:07Z</time></trkpt>
      <trkpt lat="22.0709199" lon="113.3778230"><ele>11.4</ele><time>2023-07-22T00:41:08Z</time></trkpt>
      <trkpt lat="22.0709059" lon="113.3778331"><ele>11.5</ele><time>2023-07-22T00:41:09Z</time></trkpt>
      <trkpt lat="22.0708926" lon="113.3778458"><ele>11.6</ele><time>2023-07-22T00:41:10Z</time></trkpt>
      <trkpt lat="22.0708786" lon="113.3778580"><ele>11.7</ele><time>2023-07-22T00:41:11Z</time></trkpt>
      <trkpt lat="22.0708645" lon="113.3778697"><ele>11.8</ele><time>2023-07-22T00:41:12Z</time></trkpt>
      <trkpt lat="22.0708508" lon="113.3778823"><ele>11.8</ele><time>2023-07-22T00:41:13Z</time></trkpt>
      <trkpt lat="22.0708377" lon="113.3778957"><ele>11.8</ele><time>2023-07-22T00:41:14Z</time></trkpt>
      <trkpt lat="22.0708253" lon="113.3779104"><ele>11.8</ele><time>2023-07-22T00:41:15Z</time></trkpt>
      <trkpt lat="22.0708140" lon="113.3779270"><ele>11.8</ele><time>2023-07-22T00:41:16Z</time></trkpt>
      <trkpt lat="22.0708024" lon="113.3779430"><ele>11.8</ele><time>2023-07-22T00:41:17Z</time></trkpt>
      <trkpt lat="22.0707888" lon="113.3779571"><ele>11.7</ele><time>2023-07-22T00:41:18Z</time></trkpt>
      <trkpt lat="22.0707737" lon="113.3779705"><ele>11.7</ele><time>2023-07-22T00:41:19Z</time></trkpt>
      <trkpt lat="22.0707587" lon="113.3779831"><ele>11.7</ele><time>2023-07-22T00:41:20Z</time></trkpt>
      <trkpt lat="22.0707440" lon="113.3779954"><ele>11.6</ele><time>2023-07-22T00:41:21Z</time></trkpt>
      <trkpt lat="22.0707293" lon="113.3780075"><ele>11.6</ele><time>2023-07-22T00:41:22Z</time></trkpt>
      <trkpt lat="22.0707147" lon="113.3780198"><ele>11.5</ele><time>2023-07-22T00:41:23Z</time></trkpt>
      <trkpt lat="22.0707001" lon="113.3780321"><ele>11.5</ele><time>2023-07-22T00:41:24Z</time></trkpt>
      <trkpt lat="22.0706857" lon="113.3780443"><ele>11.5</ele><time>2023-07-22T00:41:25Z</time></trkpt>
      <trkpt lat="22.0706728" lon="113.3780576"><ele>11.5</ele><time>2023-07-22T00:41:26Z</time></trkpt>
      <trkpt lat="22.0706600" lon="113.3780701"><ele>11.5</ele><time>2023-07-22T00:41:27Z</time></trkpt>
      <trkpt lat="22.0706473" lon="113.3780813"><ele>11.5</ele><time>2023-07-22T00:41:28Z</time></trkpt>
      <trkpt lat="22.0706358" lon="113.3780934"><ele>11.5</ele><time>2023-07-22T00:41:29Z</time></trkpt>
      <trkpt lat="22.0706263" lon="113.3781067"><ele>11.5</ele><time>2023-07-22T00:41:30Z</time></trkpt>
      <trkpt lat="22.0706196" lon="113.3781215"><ele>11.4</ele><time>2023-07-22T00:41:31Z</time></trkpt>
      <trkpt lat="22.0706174" lon="113.3781377"><ele>11.4</ele><time>2023-07-22T00:41:32Z</time></trkpt>
      <trkpt lat="22.0706173" lon="113.3781539"><ele>11.4</ele><time>2023-07-22T00:41:33Z</time></trkpt>
      <trkpt lat="22.0706176" lon="113.3781691"><ele>11.3</ele><time>2023-07-22T00:41:34Z</time></trkpt>
      <trkpt lat="22.0706219" lon="113.3781836"><ele>11.3</ele><time>2023-07-22T00:41:35Z</time></trkpt>
      <trkpt lat="22.0706307" lon="113.3781966"><ele>11.2</ele><time>2023-07-22T00:41:36Z</time></trkpt>
      <trkpt lat="22.0706411" lon="113.3782082"><ele>11.1</ele><time>2023-07-22T00:41:37Z</time></trkpt>
      <trkpt lat="22.0706524" lon="113.3782185"><ele>11.0</ele><time>2023-07-22T00:41:38Z</time></trkpt>
      <trkpt lat="22.0706650" lon="113.3782271"><ele>11.0</ele><time>2023-07-22T00:41:39Z</time></trkpt>
      <trkpt lat="22.0706784" lon="113.3782339"><ele>10.9</ele><time>2023-07-22T00:41:40Z</time></trkpt>
      <trkpt lat="22.0706920" lon="113.3782394"><ele>10.8</ele><time>2023-07-22T00:41:41Z</time></trkpt>
      <trkpt lat="22.0707060" lon="113.3782441"><ele>10.7</ele><time>2023-07-22T00:41:42Z</time></trkpt>
      <trkpt lat="22.0707200" lon="113.3782494"><ele>10.6</ele><time>2023-07-22T00:41:43Z</time></trkpt>
      <trkpt lat="22.0707336" lon="113.3782561"><ele>10.6</ele><time>2023-07-22T00:41:44Z</time></trkpt>
      <trkpt lat="22.0707478" lon="113.3782622"><ele>10.5</ele><time>2023-07-22T00:41:45Z</time></trkpt>
      <trkpt lat="22.0707627" lon="113.3782674"><ele>10.4</ele><time>2023-07-22T00:41:46Z</time></trkpt>
      <trkpt lat="22.0707778" lon="113.3782720"><ele>10.4</ele><time>2023-07-22T00:41:47Z</time></trkpt>
      <trkpt lat="22.0707933" lon="113.3782757"><ele>10.3</ele><time>2023-07-22T00:41:48Z</time></trkpt>
      <trkpt lat="22.0708092" lon="113.3782789"><ele>10.3</ele><time>2023-07-22T00:41:49Z</time></trkpt>
      <trkpt lat="22.0708252" lon="113.3782822"><ele>10.2</ele><time>2023-07-22T00:41:50Z</time></trkpt>
      <trkpt lat="22.0708406" lon="113.3782874"><ele>10.2</ele><time>2023-07-22T00:41:51Z</time></trkpt>
      <trkpt lat="22.0708559" lon="113.3782934"><ele>10.2</ele><time>2023-07-22T00:41:52Z</time></trkpt>
      <trkpt lat="22.0708716" lon="113.3782979"><ele>10.2</ele><time>2023-07-22T00:41:53Z</time></trkpt>
      <trkpt lat="22.0708872" lon="113.3783015"><ele>10.2</ele><time>2023-07-22T00:41:54Z</time></trkpt>
      <trkpt lat="22.0709029" lon="113.3783036"><ele>10.1</ele><time>2023-07-22T00:41:55Z</time></trkpt>
      <trkpt lat="22.0709188" lon="113.3783053"><ele>10.1</ele><time>2023-07-22T00:41:56Z</time></trkpt>
      <trkpt lat="22.0709341" lon="113.3783070"><ele>10.1</ele><time>2023-07-22T00:41:57Z</time></trkpt>
      <trkpt lat="22.0709493" lon="113.3783069"><ele>10.1</ele><time>2023-07-22T00:41:58Z</time></trkpt>
      <trkpt lat="22.0709648" lon="113.3783052"><ele>10.1</ele><time>2023-07-22T00:41:59Z</time></trkpt>
      <trkpt lat="22.0709800" lon="113.3783029"><ele>10.1</ele><time>2023-07-22T00:42:00Z</time></trkpt>
      <trkpt lat="22.0709945" lon="113.3782992"><ele>10.0</ele><time>2023-07-22T00:42:01Z</time></trkpt>
      <trkpt lat="22.0710082" lon="113.3782931"><ele>10.0</ele><time>2023-07-22T00:42:02Z</time></trkpt>
      <trkpt lat="22.0710214" lon="113.3782850"><ele>10.0</ele><time>2023-07-22T00:42:03Z</time></trkpt>
      <trkpt lat="22.0710342" lon="113.3782760"><ele>10.0</ele><time>2023-07-22T00:42:04Z</time></trkpt>
      <trkpt lat="22.0710467" lon="113.3782663"><ele>10.0</ele><time>2023-07-22T00:42:05Z</time></trkpt>
      <trkpt lat="22.0710588" lon="113.3782563"><ele>9.9</ele><time>2023-07-22T00:42:06Z</time></trkpt>
      <trkpt lat="22.0710707" lon="113.3782464"><ele>9.9</ele><time>2023-07-22T00:42:07Z</time></trkpt>
      <trkpt lat="22.0710823" lon="113.3782365"><ele>9.9</ele><time>2023-07-22T00:42:08Z</time></trkpt>
      <trkpt lat="22.0710939" lon="113.3782264"><ele>9.8</ele><time>2023-07-22T00:42:09Z</time></trkpt>
      <trkpt lat="22.0711057" lon="113.3782166"><ele>9.7</ele><time>2023-07-22T00:42:10Z</time></trkpt>
      <trkpt lat="22.0711166" lon="113.3782065"><ele>9.7</ele><time>2023-07-22T00:42:11Z</time></trkpt>
      <trkpt lat="22.0711261" lon="113.3781956"><ele>9.7</ele><time>2023-07-22T00:42:12Z</time></trkpt>
      <trkpt lat="22.0711354" lon="113.3781844"><ele>9.6</ele><time>2023-07-22T00:42:13Z</time></trkpt>
      <trkpt lat="22.0711447" lon="113.3781733"><ele>9.6</ele><time>2023-07-22T00:42:14Z</time></trkpt>
      <trkpt lat="22.0711532" lon="113.3781622"><ele>9.5</ele><time>2023-07-22T00:42:15Z</time></trkpt>
      <trkpt lat="22.0711595" lon="113.3781500"><ele>9.5</ele><time>2023-07-22T00:42:16Z</time></trkpt>
      <trkpt lat="22.0711635" lon="113.3781371"><ele>9.4</ele><time>2023-07-22T00:42:17Z</time></trkpt>
      <trkpt lat="22.0711658" lon="113.3781235"><ele>9.4</ele><time>2023-07-22T00:42:18Z</time></trkpt>
      <trkpt lat="22.0711665" lon="113.3781097"><ele>9.3</ele><time>2023-07-22T00:42:19Z</time></trkpt>
      <trkpt lat="22.0711664" lon="113.3780962"><ele>9.3</ele><time>2023-07-22T00:42:20Z</time></trkpt>
      <trkpt lat="22.0711655" lon="113.3780826"><ele>9.3</ele><time>2023-07-22T00:42:21Z</time></trkpt>
      <trkpt lat="22.0711616" lon="113.3780691"><ele>9.3</ele><time>2023-07-22T00:42:22Z</time></trkpt>
      <trkpt lat="22.0711544" lon="113.3780565"><ele>9.3</ele><time>2023-07-22T00:42:23Z</time></trkpt>
      <trkpt lat="22.0711465" lon="113.3780442"><ele>9.2</ele><time>2023-07-22T00:42:24Z</time></trkpt>
      <trkpt lat="22.0711375" lon="113.3780319"><ele>9.2</ele><time>2023-07-22T00:42:25Z</time></trkpt>
      <trkpt lat="22.0711261" lon="113.3780214"><ele>9.2</ele><time>2023-07-22T00:42:26Z</time></trkpt>
      <trkpt lat="22.0711143" lon="113.3780119"><ele>9.2</ele><time>2023-07-22T00:42:27Z</time></trkpt>
      <trkpt lat="22.0711032" lon="113.3780024"><ele>9.2</ele><time>2023-07-22T00:42:28Z</time></trkpt>
      <trkpt lat="22.0710923" lon="113.3779920"><ele>9.2</ele><time>2023-07-22T00:42:29Z</time></trkpt>
      <trkpt lat="22.0710821" lon="113.3779806"><ele>9.3</ele><time>2023-07-22T00:42:30Z</time></trkpt>
      <trkpt lat="22.0710723" lon="113.3779689"><ele>9.3</ele><time>2023-07-22T00:42:31Z</time></trkpt>
      <trkpt lat="22.0710632" lon="113.3779575"><ele>9.3</ele><time>2023-07-22T00:42:32Z</time></trkpt>
      <trkpt lat="22.0710541" lon="113.3779461"><ele>9.3</ele><time>2023-07-22T00:42:33Z</time></trkpt>
      <trkpt lat="22.0710434" lon="113.3779356"><ele>9.4</ele><time>2023-07-22T00:42:34Z</time></trkpt>
      <trkpt lat="22.0710315" lon="113.3779261"><ele>9.4</ele><time>2023-07-22T00:42:35Z</time></trkpt>
      <trkpt lat="22.0710195" lon="113.3779175"><ele>9.5</ele><time>2023-07-22T00:42:36Z</time></trkpt>
      <trkpt lat="22.0710086" lon="113.3779087"><ele>9.6</ele><time>2023-07-22T00:42:37Z</time></trkpt>
      <trkpt lat="22.0710002" lon="113.3778991"><ele>9.7</ele><time>2023-07-22T00:42:38Z</time></trkpt>
      <trkpt lat="22.0709927" lon="113.3778882"><ele>9.8</ele><time>2023-07-22T00:42:39Z</time></trkpt>
      <trkpt lat="22.0709837" lon="113.3778760"><ele>10.0</ele><time>2023-07-22T00:42:40Z</time></trkpt>
      <trkpt lat="22.0709732" lon="113.3778634"><ele>10.2</ele><time>2023-07-22T00:42:41Z</time></trkpt>
      <trkpt lat="22.0709623" lon="113.3778508"><ele>10.4</ele><time>2023-07-22T00:42:42Z</time></trkpt>
      <trkpt lat="22.0709518" lon="113.3778386"><ele>10.6</ele><time>2023-07-22T00:42:43Z</time></trkpt>
      <trkpt lat="22.0709399" lon="113.3778288"><ele>10.9</ele><time>2023-07-22T00:42:44Z</time></trkpt>
      <trkpt lat="22.0709255" lon="113.3778240"><ele>11.1</ele><time>2023-07-22T00:42:45Z</time></trkpt>
      <trkpt lat="22.0709097" lon="113.3778255"><ele>11.3</ele><time>2023-07-22T00:42:46Z</time></trkpt>
      <trkpt lat="22.0708947" lon="113.3778325"><ele>11.5</ele><time>2023-07-22T00:42:47Z</time></trkpt>
      <trkpt lat="22.0708808" lon="113.3778420"><ele>11.6</ele><time>2023-07-22T00:42:48Z</time></trkpt>
      <trkpt lat="22.0708677" lon="113.3778519"><ele>11.8</ele><time>2023-07-22T00:42:49Z</time></trkpt>
      <trkpt lat="22.0708554" lon="113.3778621"><ele>11.9</ele><time>2023-07-22T00:42:50Z</time></trkpt>
      <trkpt lat="22.0708430" lon="113.3778719"><ele>12.0</ele><time>2023-07-22T00:42:51Z</time></trkpt>
      <trkpt lat="22.0708300" lon="113.3778812"><ele>12.0</ele><time>2023-07-22T00:42:52Z</time></trkpt>
      <trkpt lat="22.0708175" lon="113.3778921"><ele>12.0</ele><time>2023-07-22T00:42:53Z</time></trkpt>
      <trkpt lat="22.0708060" lon="113.3779053"><ele>12.0</ele><time>2023-07-22T00:42:54Z</time></trkpt>
      <trkpt lat="22.0707946" lon="113.3779190"><ele>12.0</ele><time>2023-07-22T00:42:55Z</time></trkpt>
      <trkpt lat="22.0707827" lon="113.3779326"><ele>11.9</ele><time>2023-07-22T00:42:56Z</time></trkpt>
      <trkpt lat="22.0707709" lon="113.3779463"><ele>11.9</ele><time>2023-07-22T00:42:57Z</time></trkpt>
      <trkpt lat="22.0707590" lon="113.3779594"><ele>11.8</ele><time>2023-07-22T00:42:58Z</time></trkpt>
      <trkpt lat="22.0707468" lon="113.3779724"><ele>11.7</ele><time>2023-07-22T00:42:59Z</time></trkpt>
      <trkpt lat="22.0707339" lon="113.3779849"><ele>11.6</ele><time>2023-07-22T00:43:00Z</time></trkpt>
      <trkpt lat="22.0707205" lon="113.3779962"><ele>11.5</ele><time>2023-07-22T00:43:01Z</time></trkpt>
      <trkpt lat="22.0707075" lon="113.3780074"><ele>11.4</ele><time>2023-07-22T00:43:02Z</time></trkpt>
      <trkpt lat="22.0706949" lon="113.3780195"><ele>11.3</ele><time>2023-07-22T00:43:03Z</time></trkpt>
      <trkpt lat="22.0706827" lon="113.3780315"><ele>11.2</ele><time>2023-07-22T00:43:04Z</time></trkpt>
      <trkpt lat="22.0706710" lon="113.3780434"><ele>11.1</ele><time>2023-07-22T00:43:05Z</time></trkpt>
      <trkpt lat="22.0706602" lon="113.3780556"><ele>11.0</ele><time>2023-07-22T00:43:06Z</time></trkpt>
      <trkpt lat="22.0706494" lon="113.3780675"><ele>11.0</ele><time>2023-07-22T00:43:07Z</time></trkpt>
      <trkpt lat="22.0706390" lon="113.3780791"><ele>10.9</ele><time>2023-07-22T00:43:08Z</time></trkpt>
      <trkpt lat="22.0706296" lon="113.3780911"><ele>10.9</ele><time>2023-07-22T00:43:09Z</time></trkpt>
      <trkpt lat="22.0706215" lon="113.3781041"><ele>10.9</ele><time>2023-07-22T00:43:10Z</time></trkpt>
      <trkpt lat="22.0706154" lon="113.3781183"><ele>10.8</ele><time>2023-07-22T00:43:11Z</time></trkpt>
      <trkpt lat="22.0706116" lon="113.3781330"><ele>10.8</ele><time>2023-07-22T00:43:12Z</time></trkpt>
      <trkpt lat="22.0706097" lon="113.3781480"><ele>10.8</ele><time>2023-07-22T00:43:13Z</time></trkpt>
      <trkpt lat="22.0706106" lon="113.3781634"><ele>10.8</ele><time>2023-07-22T00:43:14Z</time></trkpt>
      <trkpt lat="22.0706161" lon="113.3781779"><ele>10.8</ele><time>2023-07-22T00:43:15Z</time></trkpt>
      <trkpt lat="22.0706258" lon="113.3781904"><ele>10.9</ele><time>2023-07-22T00:43:16Z</time></trkpt>
      <trkpt lat="22.0706377" lon="113.3782007"><ele>10.9</ele><time>2023-07-22T00:43:17Z</time></trkpt>
      <trkpt lat="22.0706510" lon="113.3782091"><ele>10.9</ele><time>2023-07-22T00:43:18Z</time></trkpt>
      <trkpt lat="22.0706660" lon="113.3782155"><ele>11.0</ele><time>2023-07-22T00:43:19Z</time></trkpt>
      <trkpt lat="22.0706816" lon="113.3782200"><ele>11.0</ele><time>2023-07-22T00:43:20Z</time></trkpt>
      <trkpt lat="22.0706967" lon="113.3782242"><ele>11.0</ele><time>2023-07-22T00:43:21Z</time></trkpt>
      <trkpt lat="22.0707116" lon="113.3782270"><ele>11.0</ele><time>2023-07-22T00:43:22Z</time></trkpt>
      <trkpt lat="22.0707267" lon="113.3782289"><ele>11.1</ele><time>2023-07-22T00:43:23Z</time></trkpt>
      <trkpt lat="22.0707417" lon="113.3782314"><ele>11.1</ele><time>2023-07-22T00:43:24Z</time></trkpt>
      <trkpt lat="22.0707567" lon="113.3782351"><ele>11.1</ele><time>2023-07-22T00:43:25Z</time></trkpt>
      <trkpt lat="22.0707716" lon="113.3782399"><ele>11.1</ele><time>2023-07-22T00:43:26Z</time></trkpt>
      <trkpt lat="22.0707866" lon="113.3782447"><ele>11.0</ele><time>2023-07-22T00:43:27Z</time></trkpt>
      <trkpt lat="22.0708015" lon="113.3782495"><ele>11.0</ele><time>2023-07-22T00:43:28Z</time></trkpt>
      <trkpt lat="22.0708167" lon="113.3782546"><ele>11.0</ele><time>2023-07-22T00:43:29Z</time></trkpt>
      <trkpt lat="22.0708325" lon="113.3782598"><ele>11.0</ele><time>2023-07-22T00:43:30Z</time></trkpt>
      <trkpt lat="22.0708480" lon="113.3782661"><ele>11.0</ele><time>2023-07-22T00:43:31Z</time></trkpt>
      <trkpt lat="22.0708631" lon="113.3782731"><ele>10.9</ele><time>2023-07-22T00:43:32Z</time></trkpt>
      <trkpt lat="22.0708784" lon="113.3782791"><ele>10.9</ele><time>2023-07-22T00:43:33Z</time></trkpt>
      <trkpt lat="22.0708938" lon="113.3782848"><ele>10.8</ele><time>2023-07-22T00:43:34Z</time></trkpt>
      <trkpt lat="22.0709090" lon="113.3782903"><ele>10.7</ele><time>2023-07-22T00:43:35Z</time></trkpt>
      <trkpt lat="22.0709243" lon="113.3782935"><ele>10.6</ele><time>2023-07-22T00:43:36Z</time></trkpt>
      <trkpt lat="22.0709396" lon="113.3782941"><ele>10.5</ele><time>2023-07-22T00:43:37Z</time></trkpt>
      <trkpt lat="22.0709546" lon="113.3782935"><ele>10.4</ele><time>2023-07-22T00:43:38Z</time></trkpt>
      <trkpt lat="22.0709691" lon="113.3782928"><ele>10.4</ele><time>2023-07-22T00:43:39Z</time></trkpt>
      <trkpt lat="22.0709833" lon="113.3782914"><ele>10.3</ele><time>2023-07-22T00:43:40Z</time></trkpt>
      <trkpt lat="22.0709970" lon="113.3782888"><ele>10.2</ele><time>2023-07-22T00:43:41Z</time></trkpt>
      <trkpt lat="22.0710097" lon="113.3782840"><ele>10.0</ele><time>2023-07-22T00:43:42Z</time></trkpt>
      <trkpt lat="22.0710216" lon="113.3782766"><ele>9.9</ele><time>2023-07-22T00:43:43Z</time></trkpt>
      <trkpt lat="22.0710334" lon="113.3782682"><ele>9.8</ele><time>2023-07-22T00:43:44Z</time></trkpt>
      <trkpt lat="22.0710455" lon="113.3782605"><ele>9.7</ele><time>2023-07-22T00:43:45Z</time></trkpt>
      <trkpt lat="22.0710573" lon="113.3782524"><ele>9.6</ele><time>2023-07-22T00:43:46Z</time></trkpt>
      <trkpt lat="22.0710689" lon="113.3782433"><ele>9.5</ele><time>2023-07-22T00:43:47Z</time></trkpt>
      <trkpt lat="22.0710802" lon="113.3782338"><ele>9.4</ele><time>2023-07-22T00:43:48Z</time></trkpt>
      <trkpt lat="22.0710914" lon="113.3782243"><ele>9.3</ele><time>2023-07-22T00:43:49Z</time></trkpt>
      <trkpt lat="22.0711026" lon="113.3782147"><ele>9.3</ele><time>2023-07-22T00:43:50Z</time></trkpt>
      <trkpt lat="22.0711135" lon="113.3782045"><ele>9.2</ele><time>2023-07-22T00:43:51Z</time></trkpt>
      <trkpt lat="22.0711239" lon="113.3781948"><ele>9.2</ele><time>2023-07-22T00:43:52Z</time></trkpt>
      <trkpt lat="22.0711342" lon="113.3781850"><ele>9.1</ele><time>2023-07-22T00:43:53Z</time></trkpt>
      <trkpt lat="22.0711438" lon="113.3781746"><ele>9.1</ele><time>2023-07-22T00:43:54Z</time></trkpt>
      <trkpt lat="22.0711521" lon="113.3781635"><ele>9.1</ele><time>2023-07-22T00:43:55Z</time></trkpt>
      <trkpt lat="22.0711587" lon="113.3781517"><ele>9.1</ele><time>2023-07-22T00:43:56Z</time></trkpt>
      <trkpt lat="22.0711636" lon="113.3781396"><ele>9.1</ele><time>2023-07-22T00:43:57Z</time></trkpt>
      <trkpt lat="22.0711670" lon="113.3781271"><ele>9.1</ele><time>2023-07-22T00:43:58Z</time></trkpt>
      <trkpt lat="22.0711691" lon="113.3781139"><ele>9.1</ele><time>2023-07-22T00:43:59Z</time></trkpt>
      <trkpt lat="22.0711692" lon="113.3781005"><ele>9.1</ele><time>2023-07-22T00:44:00Z</time></trkpt>
      <trkpt lat="22.0711674" lon="113.3780876"><ele>9.1</ele><time>2023-07-22T00:44:01Z</time></trkpt>
      <trkpt lat="22.0711626" lon="113.3780755"><ele>9.1</ele><time>2023-07-22T00:44:02Z</time></trkpt>
      <trkpt lat="22.0711545" lon="113.3780638"><ele>9.1</ele><time>2023-07-22T00:44:03Z</time></trkpt>
      <trkpt lat="22.0711446" lon="113.3780529"><ele>9.2</ele><time>2023-07-22T00:44:04Z</time></trkpt>
      <trkpt lat="22.0711345" lon="113.3780423"><ele>9.2</ele><time>2023-07-22T00:44:05Z</time></trkpt>
      <trkpt lat="22.0711250" lon="113.3780309"><ele>9.2</ele><time>2023-07-22T00:44:06Z</time></trkpt>
      <trkpt lat="22.0711160" lon="113.3780190"><ele>9.2</ele><time>2023-07-22T00:44:07Z</time></trkpt>
      <trkpt lat="22.0711078" lon="113.3780062"><ele>9.2</ele><time>2023-07-22T00:44:08Z</time></trkpt>
      <trkpt lat="22.0711009" lon="113.3779930"><ele>9.2</ele><time>2023-07-22T00:44:09Z</time></trkpt>
      <trkpt lat="22.0710923" lon="113.3779807"><ele>9.3</ele><time>2023-07-22T00:44:10Z</time></trkpt>
      <trkpt lat="22.0710804" lon="113.3779703"><ele>9.3</ele><time>2023-07-22T00:44:11Z</time></trkpt>
      <trkpt lat="22.0710679" lon="113.3779607"><ele>9.3</ele><time>2023-07-22T00:44:12Z</time></trkpt>
      <trkpt lat="22.0710557" lon="113.3779509"><ele>9.3</ele><time>2023-07-22T00:44:13Z</time></trkpt>
      <trkpt lat="22.0710434" lon="113.3779410"><ele>9.4</ele><time>2023-07-22T00:44:14Z</time></trkpt>
      <trkpt lat="22.0710307" lon="113.3779315"><ele>9.4</ele><time>2023-07-22T00:44:15Z</time></trkpt>
      <trkpt lat="22.0710184" lon="113.3779215"><ele>9.5</ele><time>2023-07-22T00:44:16Z</time></trkpt>
      <trkpt lat="22.0710073" lon="113.3779107"><ele>9.5</ele><time>2023-07-22T00:44:17Z</time></trkpt>
      <trkpt lat="22.0709962" lon="113.3778996"><ele>9.6</ele><time>2023-07-22T00:44:18Z</time></trkpt>
      <trkpt lat="22.0709848" lon="113.3778884"><ele>9.7</ele><time>2023-07-22T00:44:19Z</time></trkpt>
      <trkpt lat="22.0709737" lon="113.3778764"><ele>9.7</ele><time>2023-07-22T00:44:20Z</time></trkpt>
      <trkpt lat="22.0709619" lon="113.3778647"><ele>9.8</ele><time>2023-07-22T00:44:21Z</time></trkpt>
      <trkpt lat="22.0709491" lon="113.3778544"><ele>9.9</ele><time>2023-07-22T00:44:22Z</time></trkpt>
      <trkpt lat="22.0709344" lon="113.3778483"><ele>10.0</ele><time>2023-07-22T00:44:23Z</time></trkpt>
      <trkpt lat="22.0709178" lon="113.3778481"><ele>10.1</ele><time>2023-07-22T00:44:24Z</time></trkpt>
      <trkpt lat="22.0709017" lon="113.3778527"><ele>10.2</ele><time>2023-07-22T00:44:25Z</time></trkpt>
      <trkpt lat="22.0708869" lon="113.3778612"><ele>10.3</ele><time>2023-07-22T00:44:26Z</time></trkpt>
      <trkpt lat="22.0708737" lon="113.3778725"><ele>10.3</ele><time>2023-07-22T00:44:27Z</time></trkpt>
      <trkpt lat="22.0708611" lon="113.3778847"><ele>10.4</ele><time>2023-07-22T00:44:28Z</time></trkpt>
      <trkpt lat="22.0708480" lon="113.3778964"><ele>10.5</ele><time>2023-07-22T00:44:29Z</time></trkpt>
      <trkpt lat="22.0708342" lon="113.3779071"><ele>10.5</ele><time>2023-07-22T00:44:30Z</time></trkpt>
      <trkpt lat="22.0708199" lon="113.3779169"><ele>10.6</ele><time>2023-07-22T00:44:31Z</time></trkpt>
      <trkpt lat="22.0708057" lon="113.3779270"><ele>10.6</ele><time>2023-07-22T00:44:32Z</time></trkpt>
      <trkpt lat="22.0707927" lon="113.3779384"><ele>10.6</ele><time>2023-07-22T00:44:33Z</time></trkpt>
      <trkpt lat="22.0707801" lon="113.3779503"><ele>10.7</ele><time>2023-07-22T00:44:34Z</time></trkpt>
      <trkpt lat="22.0707669" lon="113.3779617"><ele>10.7</ele><time>2023-07-22T00:44:35Z</time></trkpt>
      <trkpt lat="22.0707535" lon="113.3779731"><ele>10.7</ele><time>2023-07-22T00:44:36Z</time></trkpt>
      <trkpt lat="22.0707408" lon="113.3779847"><ele>10.7</ele><time>2023-07-22T00:44:37Z</time></trkpt>
      <trkpt lat="22.0707284" lon="113.3779963"><ele>10.6</ele><time>2023-07-22T00:44:38Z</time></trkpt>
      <trkpt lat="22.0707163" lon="113.3780084"><ele>10.6</ele><time>2023-07-22T00:44:39Z</time></trkpt>
      <trkpt lat="22.0707042" lon="113.3780206"><ele>10.6</ele><time>2023-07-22T00:44:40Z</time></trkpt>
      <trkpt lat="22.0706912" lon="113.3780314"><ele>10.5</ele><time>2023-07-22T00:44:41Z</time></trkpt>
      <trkpt lat="22.0706776" lon="113.3780411"><ele>10.5</ele><time>2023-07-22T00:44:42Z</time></trkpt>
      <trkpt lat="22.0706645" lon="113.3780507"><ele>10.5</ele><time>2023-07-22T00:44:43Z</time></trkpt>
      <trkpt lat="22.0706521" lon="113.3780604"><ele>10.4</ele><time>2023-07-22T00:44:44Z</time></trkpt>
      <trkpt lat="22.0706403" lon="113.3780704"><ele>10.4</ele><time>2023-07-22T00:44:45Z</time></trkpt>
      <trkpt lat="22.0706297" lon="113.3780814"><ele>10.4</ele><time>2023-07-22T00:44:46Z</time></trkpt>
      <trkpt lat="22.0706200" lon="113.3780931"><ele>10.4</ele><time>2023-07-22T00:44:47Z</time></trkpt>
      <trkpt lat="22.0706116" lon="113.3781056"><ele>10.4</ele><time>2023-07-22T00:44:48Z</time></trkpt>
      <trkpt lat="22.0706059" lon="113.3781194"><ele>10.3</ele><time>2023-07-22T00:44:49Z</time></trkpt>
      <trkpt lat="22.0706024" lon="113.3781340"><ele>10.3</ele><time>2023-07-22T00:44:50Z</time></trkpt>
      <trkpt lat="22.0705989" lon="113.3781485"><ele>10.3</ele><time>2023-07-22T00:44:51Z</time></trkpt>
      <trkpt lat="22.0705952" lon="113.3781621"><ele>10.3</ele><time>2023-07-22T00:44:52Z</time></trkpt>
      <trkpt lat="22.0705945" lon="113.3781759"><ele>10.3</ele><time>2023-07-22T00:44:53Z</time></trkpt>
      <trkpt lat="22.0705996" lon="113.3781892"><ele>10.3</ele><time>2023-07-22T00:44:54Z</time></trkpt>
      <trkpt lat="22.0706099" lon="113.3782003"><ele>10.3</ele><time>2023-07-22T00:44:55Z</time></trkpt>
      <trkpt lat="22.0706227" lon="113.3782095"><ele>10.3</ele><time>2023-07-22T00:44:56Z</time></trkpt>
      <trkpt lat="22.0706365" lon="113.3782174"><ele>10.3</ele><time>2023-07-22T00:44:57Z</time></trkpt>
      <trkpt lat="22.0706507" lon="113.3782246"><ele>10.3</ele><time>2023-07-22T00:44:58Z</time></trkpt>
      <trkpt lat="22.0706650" lon="113.3782308"><ele>10.4</ele><time>2023-07-22T00:44:59Z</time></trkpt>
      <trkpt lat="22.0706798" lon="113.3782349"><ele>10.4</ele><time>2023-07-22T00:45:00Z</time></trkpt>
      <trkpt lat="22.0706953" lon="113.3782383"><ele>10.4</ele><time>2023-07-22T00:45:01Z</time></trkpt>
      <trkpt lat="22.0707106" lon="113.3782426"><ele>10.4</ele><time>2023-07-22T00:45:02Z</time></trkpt>
      <trkpt lat="22.0707256" lon="113.3782472"><ele>10.4</ele><time>2023-07-22T00:45:03Z</time></trkpt>
      <trkpt lat="22.0707408" lon="113.3782517"><ele>10.4</ele><time>2023-07-22T00:45:04Z</time></trkpt>
      <trkpt lat="22.0707557" lon="113.3782573"><ele>10.4</ele><time>2023-07-22T00:45:05Z</time></trkpt>
      <trkpt lat="22.0707700" lon="113.3782639"><ele>10.4</ele><time>2023-07-22T00:45:06Z</time></trkpt>
      <trkpt lat="22.0707842" lon="113.3782709"><ele>10.4</ele><time>2023-07-22T00:45:07Z</time></trkpt>
      <trkpt lat="22.0707990" lon="113.3782771"><ele>10.4</ele><time>2023-07-22T00:45:08Z</time></trkpt>
      <trkpt lat="22.0708146" lon="113.3782820"><ele>10.4</ele><time>2023-07-22T00:45:09Z</time></trkpt>
      <trkpt lat="22.0708308" lon="113.3782867"><ele>10.4</ele><time>2023-07-22T00:45:10Z</time></trkpt>
      <trkpt lat="22.0708466" lon="113.3782925"><ele>10.4</ele><time>2023-07-22T00:45:11Z</time></trkpt>
      <trkpt lat="22.0708620" lon="113.3782990"><ele>10.3</ele><time>2023-07-22T00:45:12Z</time></trkpt>
      <trkpt lat="22.0708778" lon="113.3783043"><ele>10.3</ele><time>2023-07-22T00:45:13Z</time></trkpt>
      <trkpt lat="22.0708938" lon="113.3783085"><ele>10.2</ele><time>2023-07-22T00:45:14Z</time></trkpt>
      <trkpt lat="22.0709100" lon="113.3783114"><ele>10.2</ele><time>2023-07-22T00:45:15Z</time></trkpt>
      <trkpt lat="22.0709266" lon="113.3783113"><ele>10.1</ele><time>2023-07-22T00:45:16Z</time></trkpt>
      <trkpt lat="22.0709431" lon="113.3783095"><ele>10.1</ele><time>2023-07-22T00:45:17Z</time></trkpt>
      <trkpt lat="22.0709591" lon="113.3783070"><ele>10.0</ele><time>2023-07-22T00:45:18Z</time></trkpt>
      <trkpt lat="22.0709747" lon="113.3783019"><ele>10.0</ele><time>2023-07-22T00:45:19Z</time></trkpt>
      <trkpt lat="22.0709901" lon="113.3782938"><ele>9.9</ele><time>2023-07-22T00:45:20Z</time></trkpt>
      <trkpt lat="22.0710056" lon="113.3782847"><ele>9.9</ele><time>2023-07-22T00:45:21Z</time></trkpt>
      <trkpt lat="22.0710199" lon="113.3782744"><ele>9.8</ele><time>2023-07-22T00:45:22Z</time></trkpt>
      <trkpt lat="22.0710327" lon="113.3782626"><ele>9.8</ele><time>2023-07-22T00:45:23Z</time></trkpt>
      <trkpt lat="22.0710448" lon="113.3782501"><ele>9.8</ele><time>2023-07-22T00:45:24Z</time></trkpt>
      <trkpt lat="22.0710564" lon="113.3782373"><ele>9.7</ele><time>2023-07-22T00:45:25Z</time></trkpt>
      <trkpt lat="22.0710678" lon="113.3782248"><ele>9.6</ele><time>2023-07-22T00:45:26Z</time></trkpt>
      <trkpt lat="22.0710792" lon="113.3782129"><ele>9.6</ele><time>2023-07-22T00:45:27Z</time></trkpt>
      <trkpt lat="22.0710907" lon="113.3782020"><ele>9.5</ele><time>2023-07-22T00:45:28Z</time></trkpt>
      <trkpt lat="22.0711027" lon="113.3781920"><ele>9.5</ele><time>2023-07-22T00:45:29Z</time></trkpt>
      <trkpt lat="22.0711151" lon="113.3781830"><ele>9.5</ele><time>2023-07-22T00:45:30Z</time></trkpt>
      <trkpt lat="22.0711275" lon="113.3781743"><ele>9.5</ele><time>2023-07-22T00:45:31Z</time></trkpt>
      <trkpt lat="22.0711393" lon="113.3781643"><ele>9.5</ele><time>2023-07-22T00:45:32Z</time></trkpt>
      <trkpt lat="22.0711489" lon="113.3781526"><ele>9.5</ele><time>2023-07-22T00:45:33Z</time></trkpt>
      <trkpt lat="22.0711574" lon="113.3781401"><ele>9.5</ele><time>2023-07-22T00:45:34Z</time></trkpt>
      <trkpt lat="22.0711649" lon="113.3781275"><ele>9.5</ele><time>2023-07-22T00:45:35Z</time></trkpt>
      <trkpt lat="22.0711694" lon="113.3781150"><ele>9.4</ele><time>2023-07-22T00:45:36Z</time></trkpt>
      <trkpt lat="22.0711703" lon="113.3781025"><ele>9.4</ele><time>2023-07-22T00:45:37Z</time></trkpt>
      <trkpt lat="22.0711677" lon="113.3780894"><ele>9.4</ele><time>2023-07-22T00:45:38Z</time></trkpt>
      <trkpt lat="22.0711616" lon="113.3780766"><ele>9.4</ele><time>2023-07-22T00:45:39Z</time></trkpt>
      <trkpt lat="22.0711534" lon="113.3780645"><ele>9.4</ele><time>2023-07-22T00:45:40Z</time></trkpt>
      <trkpt lat="22.0711436" lon="113.3780533"><ele>9.4</ele><time>2023-07-22T00:45:41Z</time></trkpt>
      <trkpt lat="22.0711333" lon="113.3780422"><ele>9.3</ele><time>2023-07-22T00:45:42Z</time></trkpt>
      <trkpt lat="22.0711246" lon="113.3780300"><ele>9.3</ele><time>2023-07-22T00:45:43Z</time></trkpt>
      <trkpt lat="22.0711169" lon="113.3780177"><ele>9.3</ele><time>2023-07-22T00:45:44Z</time></trkpt>
      <trkpt lat="22.0711080" lon="113.3780059"><ele>9.3</ele><time>2023-07-22T00:45:45Z</time></trkpt>
      <trkpt lat="22.0710976" lon="113.3779945"><ele>9.3</ele><time>2023-07-22T00:45:46Z</time></trkpt>
      <trkpt lat="22.0710873" lon="113.3779829"><ele>9.3</ele><time>2023-07-22T00:45:47Z</time></trkpt>
      <trkpt lat="22.0710766" lon="113.3779715"><ele>9.3</ele><time>2023-07-22T00:45:48Z</time></trkpt>
      <trkpt lat="22.0710648" lon="113.3779612"><ele>9.3</ele><time>2023-07-22T00:45:49Z</time></trkpt>
      <trkpt lat="22.0710529" lon="113.3779512"><ele>9.3</ele><time>2023-07-22T00:45:50Z</time></trkpt>
      <trkpt lat="22.0710412" lon="113.3779408"><ele>9.4</ele><time>2023-07-22T00:45:51Z</time></trkpt>
      <trkpt lat="22.0710297" lon="113.3779301"><ele>9.5</ele><time>2023-07-22T00:45:52Z</time></trkpt>
      <trkpt lat="22.0710186" lon="113.3779188"><ele>9.6</ele><time>2023-07-22T00:45:53Z</time></trkpt>
      <trkpt lat="22.0710085" lon="113.3779070"><ele>9.8</ele><time>2023-07-22T00:45:54Z</time></trkpt>
      <trkpt lat="22.0709995" lon="113.3778947"><ele>9.9</ele><time>2023-07-22T00:45:55Z</time></trkpt>
      <trkpt lat="22.0709907" lon="113.3778821"><ele>10.0</ele><time>2023-07-22T00:45:56Z</time></trkpt>
      <trkpt lat="22.0709814" lon="113.3778697"><ele>10.2</ele><time>2023-07-22T00:45:57Z</time></trkpt>
      <trkpt lat="22.0709718" lon="113.3778570"><ele>10.4</ele><time>2023-07-22T00:45:58Z</time></trkpt>
      <trkpt lat="22.0709617" lon="113.3778449"><ele>10.6</ele><time>2023-07-22T00:45:59Z</time></trkpt>
      <trkpt lat="22.0709504" lon="113.3778348"><ele>10.7</ele><time>2023-07-22T00:46:00Z</time></trkpt>
      <trkpt lat="22.0709382" lon="113.3778269"><ele>10.9</ele><time>2023-07-22T00:46:01Z</time></trkpt>
      <trkpt lat="22.0709262" lon="113.3778213"><ele>11.1</ele><time>2023-07-22T00:46:02Z</time></trkpt>
      <trkpt lat="22.0709134" lon="113.3778216"><ele>11.3</ele><time>2023-07-22T00:46:03Z</time></trkpt>
      <trkpt lat="22.0708995" lon="113.3778303"><ele>11.4</ele><time>2023-07-22T00:46:04Z</time></trkpt>
      <trkpt lat="22.0708859" lon="113.3778424"><ele>11.5</ele><time>2023-07-22T00:46:05Z</time></trkpt>
      <trkpt lat="22.0708727" lon="113.3778548"><ele>11.5</ele><time>2023-07-22T00:46:06Z</time></trkpt>
      <trkpt lat="22.0708601" lon="113.3778675"><ele>11.6</ele><time>2023-07-22T00:46:07Z</time></trkpt>
      <trkpt lat="22.0708473" lon="113.3778795"><ele>11.6</ele><time>2023-07-22T00:46:08Z</time></trkpt>
      <trkpt lat="22.0708340" lon="113.3778911"><ele>11.7</ele><time>2023-07-22T00:46:09Z</time></trkpt>
      <trkpt lat="22.0708208" lon="113.3779026"><ele>11.6</ele><time>2023-07-22T00:46:10Z</time></trkpt>
      <trkpt lat="22.0708083" lon="113.3779146"><ele>11.6</ele><time>2023-07-22T00:46:11Z</time></trkpt>
      <trkpt lat="22.0707965" lon="113.3779272"><ele>11.6</ele><time>2023-07-22T00:46:12Z</time></trkpt>
      <trkpt lat="22.0707844" lon="113.3779394"><ele>11.5</ele><time>2023-07-22T00:46:13Z</time></trkpt>
      <trkpt lat="22.0707721" lon="113.3779510"><ele>11.4</ele><time>2023-07-22T00:46:14Z</time></trkpt>
      <trkpt lat="22.0707602" lon="113.3779626"><ele>11.3</ele><time>2023-07-22T00:46:15Z</time></trkpt>
      <trkpt lat="22.0707486" lon="113.3779741"><ele>11.3</ele><time>2023-07-22T00:46:16Z</time></trkpt>
      <trkpt lat="22.0707370" lon="113.3779855"><ele>11.2</ele><time>2023-07-22T00:46:17Z</time></trkpt>
      <trkpt lat="22.0707256" lon="113.3779969"><ele>11.1</ele><time>2023-07-22T00:46:18Z</time></trkpt>
      <trkpt lat="22.0707145" lon="113.3780086"><ele>11.1</ele><time>2023-07-22T00:46:19Z</time></trkpt>
      <trkpt lat="22.0707034" lon="113.3780201"><ele>11.1</ele><time>2023-07-22T00:46:20Z</time></trkpt>
      <trkpt lat="22.0706925" lon="113.3780318"><ele>11.0</ele><time>2023-07-22T00:46:21Z</time></trkpt>
      <trkpt lat="22.0706822" lon="113.3780436"><ele>11.0</ele><time>2023-07-22T00:46:22Z</time></trkpt>
      <trkpt lat="22.0706722" lon="113.3780550"><ele>11.0</ele><time>2023-07-22T00:46:23Z</time></trkpt>
      <trkpt lat="22.0706621" lon="113.3780659"><ele>11.1</ele><time>2023-07-22T00:46:24Z</time></trkpt>
      <trkpt lat="22.0706518" lon="113.3780768"><ele>11.1</ele><time>2023-07-22T00:46:25Z</time></trkpt>
      <trkpt lat="22.0706421" lon="113.3780881"><ele>11.1</ele><time>2023-07-22T00:46:26Z</time></trkpt>
      <trkpt lat="22.0706339" lon="113.3781004"><ele>11.2</ele><time>2023-07-22T00:46:27Z</time></trkpt>
      <trkpt lat="22.0706273" lon="113.3781132"><ele>11.2</ele><time>2023-07-22T00:46:28Z</time></trkpt>
      <trkpt lat="22.0706220" lon="113.3781266"><ele>11.2</ele><time>2023-07-22T00:46:29Z</time></trkpt>
      <trkpt lat="22.0706179" lon="113.3781408"><ele>11.2</ele><time>2023-07-22T00:46:30Z</time></trkpt>
      <trkpt lat="22.0706154" lon="113.3781553"><ele>11.2</ele><time>2023-07-22T00:46:31Z</time></trkpt>
      <trkpt lat="22.0706154" lon="113.3781697"><ele>11.2</ele><time>2023-07-22T00:46:32Z</time></trkpt>
      <trkpt lat="22.0706205" lon="113.3781834"><ele>11.2</ele><time>2023-07-22T00:46:33Z</time></trkpt>
      <trkpt lat="22.0706306" lon="113.3781954"><ele>11.1</ele><time>2023-07-22T00:46:34Z</time></trkpt>
      <trkpt lat="22.0706419" lon="113.3782064"><ele>11.1</ele><time>2023-07-22T00:46:35Z</time></trkpt>
      <trkpt lat="22.0706535" lon="113.3782168"><ele>11.0</ele><time>2023-07-22T00:46:36Z</time></trkpt>
      <trkpt lat="22.0706657" lon="113.3782261"><ele>11.0</ele><time>2023-07-22T00:46:37Z</time></trkpt>
      <trkpt lat="22.0706785" lon="113.3782342"><ele>10.9</ele><time>2023-07-22T00:46:38Z</time></trkpt>
      <trkpt lat="22.0706921" lon="113.3782407"><ele>10.9</ele><time>2023-07-22T00:46:39Z</time></trkpt>
      <trkpt lat="22.0707064" lon="113.3782457"><ele>10.8</ele><time>2023-07-22T00:46:40Z</time></trkpt>
      <trkpt lat="22.0707211" lon="113.3782504"><ele>10.7</ele><time>2023-07-22T00:46:41Z</time></trkpt>
      <trkpt lat="22.0707355" lon="113.3782565"><ele>10.7</ele><time>2023-07-22T00:46:42Z</time></trkpt>
      <trkpt lat="22.0707493" lon="113.3782637"><ele>10.7</ele><time>2023-07-22T00:46:43Z</time></trkpt>
      <trkpt lat="22.0707634" lon="113.3782702"><ele>10.7</ele><time>2023-07-22T00:46:44Z</time></trkpt>
      <trkpt lat="22.0707782" lon="113.3782754"><ele>10.6</ele><time>2023-07-22T00:46:45Z</time></trkpt>
      <trkpt lat="22.0707932" lon="113.3782801"><ele>10.6</ele><time>2023-07-22T00:46:46Z</time></trkpt>
      <trkpt lat="22.0708083" lon="113.3782834"><ele>10.6</ele><time>2023-07-22T00:46:47Z</time></trkpt>
      <trkpt lat="22.0708240" lon="113.3782845"><ele>10.6</ele><time>2023-07-22T00:46:48Z</time></trkpt>
      <trkpt lat="22.0708396" lon="113.3782846"><ele>10.6</ele><time>2023-07-22T00:46:49Z</time></trkpt>
      <trkpt lat="22.0708552" lon="113.3782855"><ele>10.6</ele><time>2023-07-22T00:46:50Z</time></trkpt>
      <trkpt lat="22.0708706" lon="113.3782880"><ele>10.6</ele><time>2023-07-22T00:46:51Z</time></trkpt>
      <trkpt lat="22.0708854" lon="113.3782930"><ele>10.6</ele><time>2023-07-22T00:46:52Z</time></trkpt>
      <trkpt lat="22.0708995" lon="113.3782990"><ele>10.6</ele><time>2023-07-22T00:46:53Z</time></trkpt>
      <trkpt lat="22.0709139" lon="113.3783039"><ele>10.5</ele><time>2023-07-22T00:46:54Z</time></trkpt>
      <trkpt lat="22.0709286" lon="113.3783070"><ele>10.5</ele><time>2023-07-22T00:46:55Z</time></trkpt>
      <trkpt lat="22.0709432" lon="113.3783076"><ele>10.4</ele><time>2023-07-22T00:46:56Z</time></trkpt>
      <trkpt lat="22.0709575" lon="113.3783056"><ele>10.4</ele><time>2023-07-22T00:46:57Z</time></trkpt>
      <trkpt lat="22.0709717" lon="113.3783022"><ele>10.3</ele><time>2023-07-22T00:46:58Z</time></trkpt>
      <trkpt lat="22.0709859" lon="113.3782992"><ele>10.2</ele><time>2023-07-22T00:46:59Z</time></trkpt>
      <trkpt lat="22.0709997" lon="113.3782950"><ele>10.1</ele><time>2023-07-22T00:47:00Z</time></trkpt>
      <trkpt lat="22.0710129" lon="113.3782883"><ele>10.0</ele><time>2023-07-22T00:47:01Z</time></trkpt>
      <trkpt lat="22.0710252" lon="113.3782798"><ele>9.9</ele><time>2023-07-22T00:47:02Z</time></trkpt>
      <trkpt lat="22.0710362" lon="113.3782699"><ele>9.9</ele><time>2023-07-22T00:47:03Z</time></trkpt>
      <trkpt lat="22.0710463" lon="113.3782585"><ele>9.8</ele><time>2023-07-22T00:47:04Z</time></trkpt>
      <trkpt lat="22.0710561" lon="113.3782471"><ele>9.7</ele><time>2023-07-22T00:47:05Z</time></trkpt>
      <trkpt lat="22.0710667" lon="113.3782366"><ele>9.6</ele><time>2023-07-22T00:47:06Z</time></trkpt>
      <trkpt lat="22.0710774" lon="113.3782264"><ele>9.5</ele><time>2023-07-22T00:47:07Z</time></trkpt>
      <trkpt lat="22.0710876" lon="113.3782155"><ele>9.4</ele><time>2023-07-22T00:47:08Z</time></trkpt>
      <trkpt lat="22.0710978" lon="113.3782052"><ele>9.3</ele><time>2023-07-22T00:47:09Z</time></trkpt>
      <trkpt lat="22.0711086" lon="113.3781962"><ele>9.2</ele><time>2023-07-22T00:47:10Z</time></trkpt>
      <trkpt lat="22.0711195" lon="113.3781875"><ele>9.2</ele><time>2023-07-22T00:47:11Z</time></trkpt>
      <trkpt lat="22.0711298" lon="113.3781786"><ele>9.1</ele><time>2023-07-22T00:47:12Z</time></trkpt>
      <trkpt lat="22.0711397" lon="113.3781694"><ele>9.1</ele><time>2023-07-22T00:47:13Z</time></trkpt>
      <trkpt lat="22.0711498" lon="113.3781595"><ele>9.1</ele><time>2023-07-22T00:47:14Z</time></trkpt>
      <trkpt lat="22.0711586" lon="113.3781493"><ele>9.1</ele><time>2023-07-22T00:47:15Z</time></trkpt>
      <trkpt lat="22.0711654" lon="113.3781382"><ele>9.1</ele><time>2023-07-22T00:47:16Z</time></trkpt>
      <trkpt lat="22.0711703" lon="113.3781259"><ele>9.1</ele><time>2023-07-22T00:47:17Z</time></trkpt>
      <trkpt lat="22.0711733" lon="113.3781127"><ele>9.1</ele><time>2023-07-22T00:47:18Z</time></trkpt>
      <trkpt lat="22.0711735" lon="113.3780985"><ele>9.2</ele><time>2023-07-22T00:47:19Z</time></trkpt>
      <trkpt lat="22.0711712" lon="113.3780840"><ele>9.2</ele><time>2023-07-22T00:47:20Z</time></trkpt>
      <trkpt lat="22.0711664" lon="113.3780700"><ele>9.3</ele><time>2023-07-22T00:47:21Z</time></trkpt>
      <trkpt lat="22.0711585" lon="113.3780574"><ele>9.3</ele><time>2023-07-22T00:47:22Z</time></trkpt>
      <trkpt lat="22.0711475" lon="113.3780467"><ele>9.3</ele><time>2023-07-22T00:47:23Z</time></trkpt>
      <trkpt lat="22.0711342" lon="113.3780367"><ele>9.4</ele><time>2023-07-22T00:47:24Z</time></trkpt>
      <trkpt lat="22.0711208" lon="113.3780260"><ele>9.4</ele><time>2023-07-22T00:47:25Z</time></trkpt>
      <trkpt lat="22.0711081" lon="113.3780147"><ele>9.5</ele><time>2023-07-22T00:47:26Z</time></trkpt>
      <trkpt lat="22.0710960" lon="113.3780025"><ele>9.5</ele><time>2023-07-22T00:47:27Z</time></trkpt>
      <trkpt lat="22.0710845" lon="113.3779891"><ele>9.5</ele><time>2023-07-22T00:47:28Z</time></trkpt>
      <trkpt lat="22.0710735" lon="113.3779757"><ele>9.6</ele><time>2023-07-22T00:47:29Z</time></trkpt>
      <trkpt lat="22.0710626" lon="113.3779625"><ele>9.6</ele><time>2023-07-22T00:47:30Z</time></trkpt>
      <trkpt lat="22.0710508" lon="113.3779500"><ele>9.7</ele><time>2023-07-22T00:47:31Z</time></trkpt>
      <trkpt lat="22.0710385" lon="113.3779373"><ele>9.8</ele><time>2023-07-22T00:47:32Z</time></trkpt>
      <trkpt lat="22.0710268" lon="113.3779243"><ele>9.9</ele><time>2023-07-22T00:47:33Z</time></trkpt>
      <trkpt lat="22.0710150" lon="113.3779116"><ele>10.0</ele><time>2023-07-22T00:47:34Z</time></trkpt>
      <trkpt lat="22.0710030" lon="113.3778987"><ele>10.1</ele><time>2023-07-22T00:47:35Z</time></trkpt>
      <trkpt lat="22.0709914" lon="113.3778857"><ele>10.2</ele><time>2023-07-22T00:47:36Z</time></trkpt>
      <trkpt lat="22.0709795" lon="113.3778732"><ele>10.4</ele><time>2023-07-22T00:47:37Z</time></trkpt>
      <trkpt lat="22.0709670" lon="113.3778618"><ele>10.5</ele><time>2023-07-22T00:47:38Z</time></trkpt>
      <trkpt lat="22.0709548" lon="113.3778509"><ele>10.7</ele><time>2023-07-22T00:47:39Z</time></trkpt>
      <trkpt lat="22.0709427" lon="113.3778412"><ele>10.8</ele><time>2023-07-22T00:47:40Z</time></trkpt>
      <trkpt lat="22.0709286" lon="113.3778374"><ele>11.0</ele><time>2023-07-22T00:47:41Z</time></trkpt>
      <trkpt lat="22.0709126" lon="113.3778409"><ele>11.1</ele><time>2023-07-22T00:47:42Z</time></trkpt>
      <trkpt lat="22.0708972" lon="113.3778488"><ele>11.3</ele><time>2023-07-22T00:47:43Z</time></trkpt>
      <trkpt lat="22.0708830" lon="113.3778589"><ele>11.4</ele><time>2023-07-22T00:47:44Z</time></trkpt>
      <trkpt lat="22.0708688" lon="113.3778691"><ele>11.5</ele><time>2023-07-22T00:47:45Z</time></trkpt>
      <trkpt lat="22.0708546" lon="113.3778787"><ele>11.6</ele><time>2023-07-22T00:47:46Z</time></trkpt>
      <trkpt lat="22.0708401" lon="113.3778894"><ele>11.6</ele><time>2023-07-22T00:47:47Z</time></trkpt>
      <trkpt lat="22.0708255" lon="113.3779003"><ele>11.7</ele><time>2023-07-22T00:47:48Z</time></trkpt>
      <trkpt lat="22.0708120" lon="113.3779112"><ele>11.7</ele><time>2023-07-22T00:47:49Z</time></trkpt>
      <trkpt lat="22.0707990" lon="113.3779229"><ele>11.7</ele><time>2023-07-22T00:47:50Z</time></trkpt>
      <trkpt lat="22.0707856" lon="113.3779349"><ele>11.7</ele><time>2023-07-22T00:47:51Z</time></trkpt>
      <trkpt lat="22.0707721" lon="113.3779470"><ele>11.7</ele><time>2023-07-22T00:47:52Z</time></trkpt>
      <trkpt lat="22.0707589" lon="113.3779593"><ele>11.6</ele><time>2023-07-22T00:47:53Z</time></trkpt>
      <trkpt lat="22.0707456" lon="113.3779721"><ele>11.6</ele><time>2023-07-22T00:47:54Z</time></trkpt>
      <trkpt lat="22.0707322" lon="113.3779850"><ele>11.6</ele><time>2023-07-22T00:47:55Z</time></trkpt>
      <trkpt lat="22.0707194" lon="113.3779983"><ele>11.6</ele><time>2023-07-22T00:47:56Z</time></trkpt>
      <trkpt lat="22.0707061" lon="113.3780111"><ele>11.5</ele><time>2023-07-22T00:47:57Z</time></trkpt>
      <trkpt lat="22.0706925" lon="113.3780230"><ele>11.5</ele><time>2023-07-22T00:47:58Z</time></trkpt>
      <trkpt lat="22.0706802" lon="113.3780353"><ele>11.5</ele><time>2023-07-22T00:47:59Z</time></trkpt>
      <trkpt lat="22.0706683" lon="113.3780482"><ele>11.5</ele><time>2023-07-22T00:48:00Z</time></trkpt>
      <trkpt lat="22.0706565" lon="113.3780606"><ele>11.5</ele><time>2023-07-22T00:48:01Z</time></trkpt>
      <trkpt lat="22.0706455" lon="113.3780731"><ele>11.5</ele><time>2023-07-22T00:48:02Z</time></trkpt>
      <trkpt lat="22.0706357" lon="113.3780865"><ele>11.5</ele><time>2023-07-22T00:48:03Z</time></trkpt>
      <trkpt lat="22.0706270" lon="113.3781004"><ele>11.5</ele><time>2023-07-22T00:48:04Z</time></trkpt>
      <trkpt lat="22.0706203" lon="113.3781155"><ele>11.5</ele><time>2023-07-22T00:48:05Z</time></trkpt>
      <trkpt lat="22.0706156" lon="113.3781318"><ele>11.5</ele><time>2023-07-22T00:48:06Z</time></trkpt>
      <trkpt lat="22.0706118" lon="113.3781477"><ele>11.4</ele><time>2023-07-22T00:48:07Z</time></trkpt>
      <trkpt lat="22.0706101" lon="113.3781632"><ele>11.4</ele><time>2023-07-22T00:48:08Z</time></trkpt>
      <trkpt lat="22.0706152" lon="113.3781780"><ele>11.4</ele><time>2023-07-22T00:48:09Z</time></trkpt>
      <trkpt lat="22.0706261" lon="113.3781900"><ele>11.3</ele><time>2023-07-22T00:48:10Z</time></trkpt>
      <trkpt lat="22.0706402" lon="113.3781970"><ele>11.2</ele><time>2023-07-22T00:48:11Z</time></trkpt>
      <trkpt lat="22.0706564" lon="113.3781963"><ele>11.1</ele><time>2023-07-22T00:48:12Z</time></trkpt>
      <trkpt lat="22.0706729" lon="113.3781913"><ele>11.0</ele><time>2023-07-22T00:48:13Z</time></trkpt>
      <trkpt lat="22.0706888" lon="113.3781866"><ele>10.9</ele><time>2023-07-22T00:48:14Z</time></trkpt>
      <trkpt lat="22.0707040" lon="113.3781872"><ele>10.8</ele><time>2023-07-22T00:48:15Z</time></trkpt>
      <trkpt lat="22.0707178" lon="113.3781949"><ele>10.7</ele><time>2023-07-22T00:48:16Z</time></trkpt>
      <trkpt lat="22.0707304" lon="113.3782052"><ele>10.6</ele><time>2023-07-22T00:48:17Z</time></trkpt>
      <trkpt lat="22.0707429" lon="113.3782157"><ele>10.5</ele><time>2023-07-22T00:48:18Z</time></trkpt>
      <trkpt lat="22.0707564" lon="113.3782248"><ele>10.4</ele><time>2023-07-22T00:48:19Z</time></trkpt>
      <trkpt lat="22.0707710" lon="113.3782318"><ele>10.4</ele><time>2023-07-22T00:48:20Z</time></trkpt>
      <trkpt lat="22.0707868" lon="113.3782367"><ele>10.3</ele><time>2023-07-22T00:48:21Z</time></trkpt>
      <trkpt lat="22.0708028" lon="113.3782406"><ele>10.3</ele><time>2023-07-22T00:48:22Z</time></trkpt>
      <trkpt lat="22.0708182" lon="113.3782452"><ele>10.2</ele><time>2023-07-22T00:48:23Z</time></trkpt>
      <trkpt lat="22.0708334" lon="113.3782502"><ele>10.2</ele><time>2023-07-22T00:48:24Z</time></trkpt>
      <trkpt lat="22.0708489" lon="113.3782535"><ele>10.2</ele><time>2023-07-22T00:48:25Z</time></trkpt>
      <trkpt lat="22.0708649" lon="113.3782549"><ele>10.2</ele><time>2023-07-22T00:48:26Z</time></trkpt>
      <trkpt lat="22.0708808" lon="113.3782568"><ele>10.1</ele><time>2023-07-22T00:48:27Z</time></trkpt>
      <trkpt lat="22.0708965" lon="113.3782594"><ele>10.1</ele><time>2023-07-22T00:48:28Z</time></trkpt>
      <trkpt lat="22.0709121" lon="113.3782613"><ele>10.1</ele><time>2023-07-22T00:48:29Z</time></trkpt>
      <trkpt lat="22.0709275" lon="113.3782613"><ele>10.1</ele><time>2023-07-22T00:48:30Z</time></trkpt>
      <trkpt lat="22.0709427" lon="113.3782597"><ele>10.1</ele><time>2023-07-22T00:48:31Z</time></trkpt>
      <trkpt lat="22.0709577" lon="113.3782562"><ele>10.0</ele><time>2023-07-22T00:48:32Z</time></trkpt>
      <trkpt lat="22.0709722" lon="113.3782512"><ele>10.0</ele><time>2023-07-22T00:48:33Z</time></trkpt>
      <trkpt lat="22.0709862" lon="113.3782449"><ele>10.0</ele><time>2023-07-22T00:48:34Z</time></trkpt>
      <trkpt lat="22.0709994" lon="113.3782373"><ele>10.0</ele><time>2023-07-22T00:48:35Z</time></trkpt>
      <trkpt lat="22.0710121" lon="113.3782288"><ele>10.0</ele><time>2023-07-22T00:48:36Z</time></trkpt>
      <trkpt lat="22.0710248" lon="113.3782203"><ele>9.9</ele><time>2023-07-22T00:48:37Z</time></trkpt>
      <trkpt lat="22.0710376" lon="113.3782117"><ele>9.9</ele><time>2023-07-22T00:48:38Z</time></trkpt>
      <trkpt lat="22.0710505" lon="113.3782031"><ele>9.8</ele><time>2023-07-22T00:48:39Z</time></trkpt>
      <trkpt lat="22.0710633" lon="113.3781950"><ele>9.8</ele><time>2023-07-22T00:48:40Z</time></trkpt>
      <trkpt lat="22.0710755" lon="113.3781866"><ele>9.7</ele><time>2023-07-22T00:48:41Z</time></trkpt>
      <trkpt lat="22.0710868" lon="113.3781772"><ele>9.7</ele><time>2023-07-22T00:48:42Z</time></trkpt>
      <trkpt lat="22.0710979" lon="113.3781679"><ele>9.7</ele><time>2023-07-22T00:48:43Z</time></trkpt>
      <trkpt lat="22.0711090" lon="113.3781594"><ele>9.6</ele><time>2023-07-22T00:48:44Z</time></trkpt>
      <trkpt lat="22.0711195" lon="113.3781510"><ele>9.6</ele><time>2023-07-22T00:48:45Z</time></trkpt>
      <trkpt lat="22.0711293" lon="113.3781424"><ele>9.5</ele><time>2023-07-22T00:48:46Z</time></trkpt>
      <trkpt lat="22.0711382" lon="113.3781333"><ele>9.5</ele><time>2023-07-22T00:48:47Z</time></trkpt>
      <trkpt lat="22.0711448" lon="113.3781223"><ele>9.5</ele><time>2023-07-22T00:48:48Z</time></trkpt>
      <trkpt lat="22.0711466" lon="113.3781093"><ele>9.4</ele><time>2023-07-22T00:48:49Z</time></trkpt>
      <trkpt lat="22.0711458" lon="113.3780961"><ele>9.4</ele><time>2023-07-22T00:48:50Z</time></trkpt>
      <trkpt lat="22.0711438" lon="113.3780831"><ele>9.4</ele><time>2023-07-22T00:48:51Z</time></trkpt>
      <trkpt lat="22.0711395" lon="113.3780695"><ele>9.4</ele><time>2023-07-22T00:48:52Z</time></trkpt>
      <trkpt lat="22.0711324" lon="113.3780565"><ele>9.4</ele><time>2023-07-22T00:48:53Z</time></trkpt>
      <trkpt lat="22.0711232" lon="113.3780443"><ele>9.5</ele><time>2023-07-22T00:48:54Z</time></trkpt>
      <trkpt lat="22.0711130" lon="113.3780329"><ele>9.5</ele><time>2023-07-22T00:48:55Z</time></trkpt>
      <trkpt lat="22.0711023" lon="113.3780222"><ele>9.5</ele><time>2023-07-22T00:48:56Z</time></trkpt>
      <trkpt lat="22.0710919" lon="113.3780114"><ele>9.6</ele><time>2023-07-22T00:48:57Z</time></trkpt>
      <trkpt lat="22.0710822" lon="113.3779998"><ele>9.6</ele><time>2023-07-22T00:48:58Z</time></trkpt>
      <trkpt lat="22.0710721" lon="113.3779879"><ele>9.6</ele><time>2023-07-22T00:48:59Z</time></trkpt>
      <trkpt lat="22.0710617" lon="113.3779760"><ele>9.7</ele><time>2023-07-22T00:49:00Z</time></trkpt>
      <trkpt lat="22.0710516" lon="113.3779637"><ele>9.7</ele><time>2023-07-22T00:49:01Z</time></trkpt>
    </trkseg>
  </trk>
  <extensions>
    <distance>4027.89</distance>
    <moving_time>2316.00</moving_time>
    <elapsed_time>2316.00</elapsed_time>
    <average_speed>1.74</average_speed>
    <start_time>2023-07-22T00:12:26Z</start_time>
    <end_time>2023-07-22T00:51:02Z</end_time>
    <average_hr>131.96</average_hr>
  </extensions>
</gpx>
