<?xml version="1.0" encoding="UTF-8"?>
<gpx version="1.1" creator="RunSync" xmlns="http://www.topografix.com/GPX/1/1">
  <metadata><time>2023-08-21T22:36:13Z</time></metadata>
  <trk>
    <name>跑步</name>
    <type>running</type>
    <trkseg>
      <trkpt lat="22.5398853" lon="113.9361312"><ele>11.1</ele><time>2023-08-21T22:47:49Z</time></trkpt>
      <trkpt lat="22.5398911" lon="113.9361156"><ele>11.2</ele><time>2023-08-21T22:47:50Z</time></trkpt>
      <trkpt lat="22.5398970" lon="113.9360998"><ele>11.2</ele><time>2023-08-21T22:47:51Z</time></trkpt>
      <trkpt lat="22.5399028" lon="113.9360840"><ele>11.3</ele><time>2023-08-21T22:47:52Z</time></trkpt>
      <trkpt lat="22.5399080" lon="113.9360678"><ele>11.3</ele><time>2023-08-21T22:47:53Z</time></trkpt>
      <trkpt lat="22.5399126" lon="113.9360510"><ele>11.4</ele><time>2023-08-21T22:47:54Z</time></trkpt>
      <trkpt lat="22.5399167" lon="113.9360336"><ele>11.4</ele><time>2023-08-21T22:47:55Z</time></trkpt>
      <trkpt lat="22.5399206" lon="113.9360160"><ele>11.5</ele><time>2023-08-21T22:47:56Z</time></trkpt>
      <trkpt lat="22.5399240" lon="113.9359983"><ele>11.5</ele><time>2023-08-21T22:47:57Z</time></trkpt>
      <trkpt lat="22.5399269" lon="113.9359804"><ele>11.6</ele><time>2023-08-21T22:47:58Z</time></trkpt>
      <trkpt lat="22.5399295" lon="113.9359626"><ele>11.6</ele><time>2023-08-21T22:47:59Z</time></trkpt>
      <trkpt lat="22.5399319" lon="113.9359450"><ele>11.7</ele><time>2023-08-21T22:48:00Z</time></trkpt>
      <trkpt lat="22.5399339" lon="113.9359277"><ele>11.7</ele><time>2023-08-21T22:48:01Z</time></trkpt>
      <trkpt lat="22.5399353" lon="113.9359107"><ele>11.7</ele><time>2023-08-21T22:48:02Z</time></trkpt>
      <trkpt lat="22.5399356" lon="113.9358936"><ele>11.8</ele><time>2023-08-21T22:48:03Z</time></trkpt>
      <trkpt lat="22.5399352" lon="113.9358765"><ele>11.9</ele><time>2023-08-21T22:48:04Z</time></trkpt>
      <trkpt lat="22.5399345" lon="113.9358594"><ele>11.9</ele><time>2023-08-21T22:48:05Z</time></trkpt>
      <trkpt lat="22.5399337" lon="113.9358422"><ele>12.0</ele><time>2023-08-21T22:48:06Z</time></trkpt>
      <trkpt lat="22.5399326" lon="113.9358251"><ele>12.0</ele><time>2023-08-21T22:48:07Z</time></trkpt>
      <trkpt lat="22.5399307" lon="113.9358082"><ele>12.1</ele><time>2023-08-21T22:48:08Z</time></trkpt>
      <trkpt lat="22.5399284" lon="113.9357917"><ele>12.1</ele><time>2023-08-21T22:48:09Z</time></trkpt>
      <trkpt lat="22.5399259" lon="113.9357755"><ele>12.2</ele><time>2023-08-21T22:48:10Z</time></trkpt>
      <trkpt lat="22.5399230" lon="113.9357596"><ele>12.2</ele><time>2023-08-21T22:48:11Z</time></trkpt>
      <trkpt lat="22.5399195" lon="113.9357438"><ele>12.3</ele><time>2023-08-21T22:48:12Z</time></trkpt>
      <trkpt lat="22.5399156" lon="113.9357282"><ele>12.4</ele><time>2023-08-21T22:48:13Z</time></trkpt>
      <trkpt lat="22.5399106" lon="113.9357127"><ele>12.4</ele><time>2023-08-21T22:48:14Z</time></trkpt>
      <trkpt lat="22.5399048" lon="113.9356975"><ele>12.5</ele><time>2023-08-21T22:48:15Z</time></trkpt>
      <trkpt lat="22.5398982" lon="113.9356824"><ele>12.6</ele><time>2023-08-21T22:48:16Z</time></trkpt>
      <trkpt lat="22.5398908" lon="113.9356676"><ele>12.6</ele><time>2023-08-21T22:48:17Z</time></trkpt>
      <trkpt lat="22.5398829" lon="113.9356529"><ele>12.7</ele><time>2023-08-21T22:48:18Z</time></trkpt>
      <trkpt lat="22.5398749" lon="113.9356382"><ele>12.8</ele><time>2023-08-21T22:48:19Z</time></trkpt>
      <trkpt lat="22.5398665" lon="113.9356232"><ele>12.8</ele><time>2023-08-21T22:48:20Z</time></trkpt>
      <trkpt lat="22.5398544" lon="113.9356094"><ele>12.9</ele><time>2023-08-21T22:48:21Z</time></trkpt>
      <trkpt lat="22.5398386" lon="113.9355974"><ele>13.0</ele><time>2023-08-21T22:48:22Z</time></trkpt>
      <trkpt lat="22.5398226" lon="113.9355865"><ele>13.0</ele><time>2023-08-21T22:48:23Z</time></trkpt>
      <trkpt lat="22.5398077" lon="113.9355757"><ele>13.1</ele><time>2023-08-21T22:48:24Z</time></trkpt>
      <trkpt lat="22.5397934" lon="113.9355654"><ele>13.2</ele><time>2023-08-21T22:48:25Z</time></trkpt>
      <trkpt lat="22.5397789" lon="113.9355555"><ele>13.2</ele><time>2023-08-21T22:48:26Z</time></trkpt>
      <trkpt lat="22.5397652" lon="113.9355449"><ele>13.3</ele><time>2023-08-21T22:48:27Z</time></trkpt>
      <trkpt lat="22.5397517" lon="113.9355341"><ele>13.4</ele><time>2023-08-21T22:48:28Z</time></trkpt>
      <trkpt lat="22.5397374" lon="113.9355239"><ele>13.4</ele><time>2023-08-21T22:48:29Z</time></trkpt>
      <trkpt lat="22.5397205" lon="113.9355149"><ele>13.5</ele><time>2023-08-21T22:48:30Z</time></trkpt>
      <trkpt lat="22.5397011" lon="113.9355068"><ele>13.5</ele><time>2023-08-21T22:48:31Z</time></trkpt>
      <trkpt lat="22.5396827" lon="113.9355001"><ele>13.5</ele><time>2023-08-21T22:48:32Z</time></trkpt>
      <trkpt lat="22.5396657" lon="113.9354948"><ele>13.6</ele><time>2023-08-21T22:48:33Z</time></trkpt>
      <trkpt lat="22.5396491" lon="113.9354894"><ele>13.6</ele><time>2023-08-21T22:48:34Z</time></trkpt>
      <trkpt lat="22.5396327" lon="113.9354839"><ele>13.6</ele><time>2023-08-21T22:48:35Z</time></trkpt>
      <trkpt lat="22.5396161" lon="113.9354793"><ele>13.7</ele><time>2023-08-21T22:48:36Z</time></trkpt>
      <trkpt lat="22.5395993" lon="113.9354750"><ele>13.7</ele><time>2023-08-21T22:48:37Z</time></trkpt>
      <trkpt lat="22.5395825" lon="113.9354711"><ele>13.7</ele><time>2023-08-21T22:48:38Z</time></trkpt>
      <trkpt lat="22.5395656" lon="113.9354685"><ele>13.7</ele><time>2023-08-21T22:48:39Z</time></trkpt>
      <trkpt lat="22.5395485" lon="113.9354668"><ele>13.7</ele><time>2023-08-21T22:48:40Z</time></trkpt>
      <trkpt lat="22.5395315" lon="113.9354647"><ele>13.7</ele><time>2023-08-21T22:48:41Z</time></trkpt>
      <trkpt lat="22.5395144" lon="113.9354630"><ele>13.7</ele><time>2023-08-21T22:48:42Z</time></trkpt>
      <trkpt lat="22.5394971" lon="113.9354629"><ele>13.7</ele><time>2023-08-21T22:48:43Z</time></trkpt>
      <trkpt lat="22.5394799" lon="113.9354636"><ele>13.7</ele><time>2023-08-21T22:48:44Z</time></trkpt>
      <trkpt lat="22.5394628" lon="113.9354644"><ele>13.7</ele><time>2023-08-21T22:48:45Z</time></trkpt>
      <trkpt lat="22.5394457" lon="113.9354657"><ele>13.6</ele><time>2023-08-21T22:48:46Z</time></trkpt>
      <trkpt lat="22.5394287" lon="113.9354671"><ele>13.6</ele><time>2023-08-21T22:48:47Z</time></trkpt>
      <trkpt lat="22.5394117" lon="113.9354687"><ele>13.6</ele><time>2023-08-21T22:48:48Z</time></trkpt>
      <trkpt lat="22.5393947" lon="113.9354705"><ele>13.5</ele><time>2023-08-21T22:48:49Z</time></trkpt>
      <trkpt lat="22.5393778" lon="113.9354719"><ele>13.5</ele><time>2023-08-21T22:48:50Z</time></trkpt>
      <trkpt lat="22.5393610" lon="113.9354734"><ele>13.5</ele><time>2023-08-21T22:48:51Z</time></trkpt>
      <trkpt lat="22.5393443" lon="113.9354744"><ele>13.4</ele><time>2023-08-21T22:48:52Z</time></trkpt>
      <trkpt lat="22.5393275" lon="113.9354745"><ele>13.4</ele><time>2023-08-21T22:48:53Z</time></trkpt>
      <trkpt lat="22.5393111" lon="113.9354744"><ele>13.3</ele><time>2023-08-21T22:48:54Z</time></trkpt>
      <trkpt lat="22.5392947" lon="113.9354736"><ele>13.3</ele><time>2023-08-21T22:48:55Z</time></trkpt>
      <trkpt lat="22.5392783" lon="113.9354727"><ele>13.2</ele><time>2023-08-21T22:48:56Z</time></trkpt>
      <trkpt lat="22.5392620" lon="113.9354733"><ele>13.2</ele><time>2023-08-21T22:48:57Z</time></trkpt>
      <trkpt lat="22.5392457" lon="113.9354755"><ele>13.1</ele><time>2023-08-21T22:48:58Z</time></trkpt>
      <trkpt lat="22.5392294" lon="113.9354777"><ele>13.1</ele><time>2023-08-21T22:48:59Z</time></trkpt>
      <trkpt lat="22.5392133" lon="113.9354794"><ele>13.0</ele><time>2023-08-21T22:49:00Z</time></trkpt>
      <trkpt lat="22.5391972" lon="113.9354801"><ele>13.0</ele><time>2023-08-21T22:49:01Z</time></trkpt>
      <trkpt lat="22.5391806" lon="113.9354796"><ele>12.9</ele><time>2023-08-21T22:49:02Z</time></trkpt>
      <trkpt lat="22.5391636" lon="113.9354787"><ele>12.9</ele><time>2023-08-21T22:49:03Z</time></trkpt>
      <trkpt lat="22.5391464" lon="113.9354775"><ele>12.8</ele><time>2023-08-21T22:49:04Z</time></trkpt>
      <trkpt lat="22.5391288" lon="113.9354763"><ele>12.8</ele><time>2023-08-21T22:49:05Z</time></trkpt>
      <trkpt lat="22.5391113" lon="113.9354755"><ele>12.7</ele><time>2023-08-21T22:49:06Z</time></trkpt>
      <trkpt lat="22.5390940" lon="113.9354752"><ele>12.7</ele><time>2023-08-21T22:49:07Z</time></trkpt>
      <trkpt lat="22.5390769" lon="113.9354753"><ele>12.6</ele><time>2023-08-21T22:49:08Z</time></trkpt>
      <trkpt lat="22.5390596" lon="113.9354755"><ele>12.6</ele><time>2023-08-21T22:49:09Z</time></trkpt>
      <trkpt lat="22.5390430" lon="113.9354760"><ele>12.6</ele><time>2023-08-21T22:49:10Z</time></trkpt>
      <trkpt lat="22.5390270" lon="113.9354764"><ele>12.6</ele><time>2023-08-21T22:49:11Z</time></trkpt>
      <trkpt lat="22.5390112" lon="113.9354766"><ele>12.5</ele><time>2023-08-21T22:49:12Z</time></trkpt>
      <trkpt lat="22.5389955" lon="113.9354767"><ele>12.5</ele><time>2023-08-21T22:49:13Z</time></trkpt>
      <trkpt lat="22.5389800" lon="113.9354768"><ele>12.5</ele><time>2023-08-21T22:49:14Z</time></trkpt>
      <trkpt lat="22.5389644" lon="113.9354770"><ele>12.5</ele><time>2023-08-21T22:49:15Z</time></trkpt>
      <trkpt lat="22.5389488" lon="113.9354767"><ele>12.4</ele><time>2023-08-21T22:49:16Z</time></trkpt>
      <trkpt lat="22.5389332" lon="113.9354758"><ele>12.4</ele><time>2023-08-21T22:49:17Z</time></trkpt>
      <trkpt lat="22.5389177" lon="113.9354752"><ele>12.4</ele><time>2023-08-21T22:49:18Z</time></trkpt>
      <trkpt lat="22.5389022" lon="113.9354750"><ele>12.4</ele><time>2023-08-21T22:49:19Z</time></trkpt>
      <trkpt lat="22.5388868" lon="113.9354752"><ele>12.4</ele><time>2023-08-21T22:49:20Z</time></trkpt>
      <trkpt lat="22.5388713" lon="113.9354760"><ele>12.4</ele><time>2023-08-21T22:49:21Z</time></trkpt>
      <trkpt lat="22.5388558" lon="113.9354769"><ele>12.4</ele><time>2023-08-21T22:49:22Z</time></trkpt>
      <trkpt lat="22.5388405" lon="113.9354770"><ele>12.4</ele><time>2023-08-21T22:49:23Z</time></trkpt>
      <trkpt lat="22.5388252" lon="113.9354771"><ele>12.4</ele><time>2023-08-21T22:49:24Z</time></trkpt>
      <trkpt lat="22.5388099" lon="113.9354779"><ele>12.4</ele><time>2023-08-21T22:49:25Z</time></trkpt>
      <trkpt lat="22.5387947" lon="113.9354785"><ele>12.4</ele><time>2023-08-21T22:49:26Z</time></trkpt>
      <trkpt lat="22.5387796" lon="113.9354784"><ele>12.4</ele><time>2023-08-21T22:49:27Z</time></trkpt>
      <trkpt lat="22.5387645" lon="113.9354783"><ele>12.4</ele><time>2023-08-21T22:49:28Z</time></trkpt>
      <trkpt lat="22.5387494" lon="113.9354780"><ele>12.5</ele><time>2023-08-21T22:49:29Z</time></trkpt>
      <trkpt lat="22.5387345" lon="113.9354774"><ele>12.5</ele><time>2023-08-21T22:49:30Z</time></trkpt>
      <trkpt lat="22.5387196" lon="113.9354771"><ele>12.5</ele><time>2023-08-21T22:49:31Z</time></trkpt>
      <trkpt lat="22.5387047" lon="113.9354774"><ele>12.5</ele><time>2023-08-21T22:49:32Z</time></trkpt>
      <trkpt lat="22.5386900" lon="113.9354780"><ele>12.5</ele><time>2023-08-21T22:49:33Z</time></trkpt>
      <trkpt lat="22.5386753" lon="113.9354794"><ele>12.5</ele><time>2023-08-21T22:49:34Z</time></trkpt>
      <trkpt lat="22.5386604" lon="113.9354815"><ele>12.5</ele><time>2023-08-21T22:49:35Z</time></trkpt>
      <trkpt lat="22.5386456" lon="113.9354840"><ele>12.6</ele><time>2023-08-21T22:49:36Z</time></trkpt>
      <trkpt lat="22.5386310" lon="113.9354876"><ele>12.6</ele><time>2023-08-21T22:49:37Z</time></trkpt>
      <trkpt lat="22.5386166" lon="113.9354930"><ele>12.6</ele><time>2023-08-21T22:49:38Z</time></trkpt>
      <trkpt lat="22.5386024" lon="113.9354994"><ele>12.6</ele><time>2023-08-21T22:49:39Z</time></trkpt>
      <trkpt lat="22.5385881" lon="113.9355056"><ele>12.6</ele><time>2023-08-21T22:49:40Z</time></trkpt>
      <trkpt lat="22.5385729" lon="113.9355111"><ele>12.6</ele><time>2023-08-21T22:49:41Z</time></trkpt>
      <trkpt lat="22.5385570" lon="113.9355166"><ele>12.6</ele><time>2023-08-21T22:49:42Z</time></trkpt>
      <trkpt lat="22.5385416" lon="113.9355243"><ele>12.7</ele><time>2023-08-21T22:49:43Z</time></trkpt>
      <trkpt lat="22.5385268" lon="113.9355341"><ele>12.7</ele><time>2023-08-21T22:49:44Z</time></trkpt>
      <trkpt lat="22.5385126" lon="113.9355446"><ele>12.7</ele><time>2023-08-21T22:49:45Z</time></trkpt>
      <trkpt lat="22.5384996" lon="113.9355555"><ele>12.7</ele><time>2023-08-21T22:49:46Z</time></trkpt>
      <trkpt lat="22.5384880" lon="113.9355668"><ele>12.7</ele><time>2023-08-21T22:49:47Z</time></trkpt>
      <trkpt lat="22.5384767" lon="113.9355784"><ele>12.7</ele><time>2023-08-21T22:49:48Z</time></trkpt>
      <trkpt lat="22.5384662" lon="113.9355905"><ele>12.8</ele><time>2023-08-21T22:49:49Z</time></trkpt>
      <trkpt lat="22.5384566" lon="113.9356034"><ele>12.8</ele><time>2023-08-21T22:49:50Z</time></trkpt>
      <trkpt lat="22.5384473" lon="113.9356167"><ele>12.8</ele><time>2023-08-21T22:49:51Z</time></trkpt>
      <trkpt lat="22.5384383" lon="113.9356304"><ele>12.8</ele><time>2023-08-21T22:49:52Z</time></trkpt>
      <trkpt lat="22.5384295" lon="113.9356443"><ele>12.8</ele><time>2023-08-21T22:49:53Z</time></trkpt>
      <trkpt lat="22.5384204" lon="113.9356588"><ele>12.9</ele><time>2023-08-21T22:49:54Z</time></trkpt>
      <trkpt lat="22.5384114" lon="113.9356740"><ele>12.9</ele><time>2023-08-21T22:49:55Z</time></trkpt>
      <trkpt lat="22.5384034" lon="113.9356897"><ele>12.9</ele><time>2023-08-21T22:49:56Z</time></trkpt>
      <trkpt lat="22.5383961" lon="113.9357058"><ele>13.0</ele><time>2023-08-21T22:49:57Z</time></trkpt>
      <trkpt lat="22.5383896" lon="113.9357225"><ele>13.0</ele><time>2023-08-21T22:49:58Z</time></trkpt>
      <trkpt lat="22.5383840" lon="113.9357398"><ele>13.0</ele><time>2023-08-21T22:49:59Z</time></trkpt>
      <trkpt lat="22.5383784" lon="113.9357569"><ele>13.0</ele><time>2023-08-21T22:50:00Z</time></trkpt>
      <trkpt lat="22.5383730" lon="113.9357733"><ele>13.1</ele><time>2023-08-21T22:50:01Z</time></trkpt>
      <trkpt lat="22.5383688" lon="113.9357894"><ele>13.1</ele><time>2023-08-21T22:50:02Z</time></trkpt>
      <trkpt lat="22.5383656" lon="113.9358057"><ele>13.2</ele><time>2023-08-21T22:50:03Z</time></trkpt>
      <trkpt lat="22.5383637" lon="113.9358225"><ele>13.2</ele><time>2023-08-21T22:50:04Z</time></trkpt>
      <trkpt lat="22.5383629" lon="113.9358395"><ele>13.2</ele><time>2023-08-21T22:50:05Z</time></trkpt>
      <trkpt lat="22.5383626" lon="113.9358566"><ele>13.3</ele><time>2023-08-21T22:50:06Z</time></trkpt>
      <trkpt lat="22.5383613" lon="113.9358735"><ele>13.3</ele><time>2023-08-21T22:50:07Z</time></trkpt>
      <trkpt lat="22.5383588" lon="113.9358901"><ele>13.4</ele><time>2023-08-21T22:50:08Z</time></trkpt>
      <trkpt lat="22.5383558" lon="113.9359066"><ele>13.4</ele><time>2023-08-21T22:50:09Z</time></trkpt>
      <trkpt lat="22.5383530" lon="113.9359232"><ele>13.5</ele><time>2023-08-21T22:50:10Z</time></trkpt>
      <trkpt lat="22.5383519" lon="113.9359402"><ele>13.5</ele><time>2023-08-21T22:50:11Z</time></trkpt>
      <trkpt lat="22.5383528" lon="113.9359575"><ele>13.6</ele><time>2023-08-21T22:50:12Z</time></trkpt>
      <trkpt lat="22.5383552" lon="113.9359748"><ele>13.6</ele><time>2023-08-21T22:50:13Z</time></trkpt>
      <trkpt lat="22.5383589" lon="113.9359917"><ele>13.7</ele><time>2023-08-21T22:50:14Z</time></trkpt>
      <trkpt lat="22.5383637" lon="113.9360083"><ele>13.7</ele><time>2023-08-21T22:50:15Z</time></trkpt>
      <trkpt lat="22.5383685" lon="113.9360250"><ele>13.7</ele><time>2023-08-21T22:50:16Z</time></trkpt>
      <trkpt lat="22.5383734" lon="113.9360415"><ele>13.8</ele><time>2023-08-21T22:50:17Z</time></trkpt>
      <trkpt lat="22.5383789" lon="113.9360578"><ele>13.8</ele><time>2023-08-21T22:50:18Z</time></trkpt>
      <trkpt lat="22.5383847" lon="113.9360741"><ele>13.8</ele><time>2023-08-21T22:50:19Z</time></trkpt>
      <trkpt lat="22.5383905" lon="113.9360905"><ele>13.9</ele><time>2023-08-21T22:50:20Z</time></trkpt>
      <trkpt lat="22.5383975" lon="113.9361062"><ele>13.9</ele><time>2023-08-21T22:50:21Z</time></trkpt>
      <trkpt lat="22.5384056" lon="113.9361212"><ele>13.9</ele><time>2023-08-21T22:50:22Z</time></trkpt>
      <trkpt lat="22.5384138" lon="113.9361363"><ele>13.9</ele><time>2023-08-21T22:50:23Z</time></trkpt>
      <trkpt lat="22.5384222" lon="113.9361511"><ele>14.0</ele><time>2023-08-21T22:50:24Z</time></trkpt>
      <trkpt lat="22.5384312" lon="113.9361656"><ele>14.0</ele><time>2023-08-21T22:50:25Z</time></trkpt>
      <trkpt lat="22.5384405" lon="113.9361799"><ele>14.0</ele><time>2023-08-21T22:50:26Z</time></trkpt>
      <trkpt lat="22.5384501" lon="113.9361940"><ele>14.0</ele><time>2023-08-21T22:50:27Z</time></trkpt>
      <trkpt lat="22.5384598" lon="113.9362080"><ele>14.0</ele><time>2023-08-21T22:50:28Z</time></trkpt>
      <trkpt lat="22.5384699" lon="113.9362221"><ele>14.0</ele><time>2023-08-21T22:50:29Z</time></trkpt>
      <trkpt lat="22.5384811" lon="113.9362359"><ele>14.0</ele><time>2023-08-21T22:50:30Z</time></trkpt>
      <trkpt lat="22.5384926" lon="113.9362499"><ele>14.0</ele><time>2023-08-21T22:50:31Z</time></trkpt>
      <trkpt lat="22.5385039" lon="113.9362635"><ele>13.9</ele><time>2023-08-21T22:50:32Z</time></trkpt>
      <trkpt lat="22.5385154" lon="113.9362761"><ele>13.9</ele><time>2023-08-21T22:50:33Z</time></trkpt>
      <trkpt lat="22.5385279" lon="113.9362874"><ele>13.9</ele><time>2023-08-21T22:50:34Z</time></trkpt>
      <trkpt lat="22.5385412" lon="113.9362975"><ele>13.8</ele><time>2023-08-21T22:50:35Z</time></trkpt>
      <trkpt lat="22.5385545" lon="113.9363075"><ele>13.8</ele><time>2023-08-21T22:50:36Z</time></trkpt>
      <trkpt lat="22.5385675" lon="113.9363178"><ele>13.8</ele><time>2023-08-21T22:50:37Z</time></trkpt>
      <trkpt lat="22.5385805" lon="113.9363281"><ele>13.7</ele><time>2023-08-21T22:50:38Z</time></trkpt>
      <trkpt lat="22.5385932" lon="113.9363387"><ele>13.7</ele><time>2023-08-21T22:50:39Z</time></trkpt>
      <trkpt lat="22.5386066" lon="113.9363480"><ele>13.6</ele><time>2023-08-21T22:50:40Z</time></trkpt>
      <trkpt lat="22.5386213" lon="113.9363548"><ele>13.6</ele><time>2023-08-21T22:50:41Z</time></trkpt>
      <trkpt lat="22.5386364" lon="113.9363609"><ele>13.5</ele><time>2023-08-21T22:50:42Z</time></trkpt>
      <trkpt lat="22.5386510" lon="113.9363677"><ele>13.5</ele><time>2023-08-21T22:50:43Z</time></trkpt>
      <trkpt lat="22.5386656" lon="113.9363740"><ele>13.5</ele><time>2023-08-21T22:50:44Z</time></trkpt>
      <trkpt lat="22.5386807" lon="113.9363786"><ele>13.4</ele><time>2023-08-21T22:50:45Z</time></trkpt>
      <trkpt lat="22.5386960" lon="113.9363823"><ele>13.4</ele><time>2023-08-21T22:50:46Z</time></trkpt>
      <trkpt lat="22.5387114" lon="113.9363856"><ele>13.3</ele><time>2023-08-21T22:50:47Z</time></trkpt>
      <trkpt lat="22.5387267" lon="113.9363882"><ele>13.3</ele><time>2023-08-21T22:50:48Z</time></trkpt>
      <trkpt lat="22.5387423" lon="113.9363897"><ele>13.2</ele><time>2023-08-21T22:50:49Z</time></trkpt>
      <trkpt lat="22.5387577" lon="113.9363915"><ele>13.2</ele><time>2023-08-21T22:50:50Z</time></trkpt>
      <trkpt lat="22.5387727" lon="113.9363945"><ele>13.2</ele><time>2023-08-21T22:50:51Z</time></trkpt>
      <trkpt lat="22.5387874" lon="113.9363969"><ele>13.1</ele><time>2023-08-21T22:50:52Z</time></trkpt>
      <trkpt lat="22.5388019" lon="113.9363977"><ele>13.1</ele><time>2023-08-21T22:50:53Z</time></trkpt>
      <trkpt lat="22.5388169" lon="113.9363974"><ele>13.1</ele><time>2023-08-21T22:50:54Z</time></trkpt>
      <trkpt lat="22.5388328" lon="113.9363959"><ele>13.1</ele><time>2023-08-21T22:50:55Z</time></trkpt>
      <trkpt lat="22.5388491" lon="113.9363946"><ele>13.0</ele><time>2023-08-21T22:50:56Z</time></trkpt>
      <trkpt lat="22.5388650" lon="113.9363940"><ele>13.0</ele><time>2023-08-21T22:50:57Z</time></trkpt>
      <trkpt lat="22.5388806" lon="113.9363940"><ele>13.0</ele><time>2023-08-21T22:50:58Z</time></trkpt>
      <trkpt lat="22.5388959" lon="113.9363940"><ele>13.0</ele><time>2023-08-21T22:50:59Z</time></trkpt>
      <trkpt lat="22.5389111" lon="113.9363939"><ele>13.0</ele><time>2023-08-21T22:51:00Z</time></trkpt>
      <trkpt lat="22.5389264" lon="113.9363943"><ele>13.0</ele><time>2023-08-21T22:51:01Z</time></trkpt>
      <trkpt lat="22.5389416" lon="113.9363955"><ele>13.0</ele><time>2023-08-21T22:51:02Z</time></trkpt>
      <trkpt lat="22.5389568" lon="113.9363969"><ele>13.0</ele><time>2023-08-21T22:51:03Z</time></trkpt>
      <trkpt lat="22.5389721" lon="113.9363982"><ele>13.0</ele><time>2023-08-21T22:51:04Z</time></trkpt>
      <trkpt lat="22.5389873" lon="113.9363997"><ele>13.0</ele><time>2023-08-21T22:51:05Z</time></trkpt>
      <trkpt lat="22.5390024" lon="113.9364006"><ele>13.0</ele><time>2023-08-21T22:51:06Z</time></trkpt>
      <trkpt lat="22.5390176" lon="113.9364007"><ele>13.0</ele><time>2023-08-21T22:51:07Z</time></trkpt>
      <trkpt lat="22.5390329" lon="113.9364009"><ele>13.1</ele><time>2023-08-21T22:51:08Z</time></trkpt>
      <trkpt lat="22.5390481" lon="113.9364013"><ele>13.1</ele><time>2023-08-21T22:51:09Z</time></trkpt>
      <trkpt lat="22.5390631" lon="113.9364016"><ele>13.1</ele><time>2023-08-21T22:51:10Z</time></trkpt>
      <trkpt lat="22.5390781" lon="113.9364021"><ele>13.2</ele><time>2023-08-21T22:51:11Z</time></trkpt>
      <trkpt lat="22.5390930" lon="113.9364028"><ele>13.2</ele><time>2023-08-21T22:51:12Z</time></trkpt>
      <trkpt lat="22.5391078" lon="113.9364036"><ele>13.2</ele><time>2023-08-21T22:51:13Z</time></trkpt>
      <trkpt lat="22.5391227" lon="113.9364038"><ele>13.3</ele><time>2023-08-21T22:51:14Z</time></trkpt>
      <trkpt lat="22.5391376" lon="113.9364030"><ele>13.3</ele><time>2023-08-21T22:51:15Z</time></trkpt>
      <trkpt lat="22.5391523" lon="113.9364025"><ele>13.3</ele><time>2023-08-21T22:51:16Z</time></trkpt>
      <trkpt lat="22.5391671" lon="113.9364023"><ele>13.4</ele><time>2023-08-21T22:51:17Z</time></trkpt>
      <trkpt lat="22.5391819" lon="113.9364022"><ele>13.4</ele><time>2023-08-21T22:51:18Z</time></trkpt>
      <trkpt lat="22.5391968" lon="113.9364025"><ele>13.5</ele><time>2023-08-21T22:51:19Z</time></trkpt>
      <trkpt lat="22.5392116" lon="113.9364030"><ele>13.5</ele><time>2023-08-21T22:51:20Z</time></trkpt>
      <trkpt lat="22.5392265" lon="113.9364029"><ele>13.6</ele><time>2023-08-21T22:51:21Z</time></trkpt>
      <trkpt lat="22.5392414" lon="113.9364022"><ele>13.6</ele><time>2023-08-21T22:51:22Z</time></trkpt>
      <trkpt lat="22.5392563" lon="113.9364017"><ele>13.6</ele><time>2023-08-21T22:51:23Z</time></trkpt>
      <trkpt lat="22.5392712" lon="113.9364011"><ele>13.7</ele><time>2023-08-21T22:51:24Z</time></trkpt>
      <trkpt lat="22.5392862" lon="113.9364005"><ele>13.7</ele><time>2023-08-21T22:51:25Z</time></trkpt>
      <trkpt lat="22.5393012" lon="113.9363998"><ele>13.8</ele><time>2023-08-21T22:51:26Z</time></trkpt>
      <trkpt lat="22.5393162" lon="113.9363993"><ele>13.8</ele><time>2023-08-21T22:51:27Z</time></trkpt>
      <trkpt lat="22.5393312" lon="113.9363985"><ele>13.8</ele><time>2023-08-21T22:51:28Z</time></trkpt>
      <trkpt lat="22.5393462" lon="113.9363976"><ele>13.9</ele><time>2023-08-21T22:51:29Z</time></trkpt>
      <trkpt lat="22.5393611" lon="113.9363968"><ele>13.9</ele><time>2023-08-21T22:51:30Z</time></trkpt>
      <trkpt lat="22.5393761" lon="113.9363966"><ele>13.9</ele><time>2023-08-21T22:51:31Z</time></trkpt>
      <trkpt lat="22.5393910" lon="113.9363964"><ele>13.9</ele><time>2023-08-21T22:51:32Z</time></trkpt>
      <trkpt lat="22.5394056" lon="113.9363949"><ele>14.0</ele><time>2023-08-21T22:51:33Z</time></trkpt>
      <trkpt lat="22.5394202" lon="113.9363927"><ele>14.0</ele><time>2023-08-21T22:51:34Z</time></trkpt>
      <trkpt lat="22.5394349" lon="113.9363911"><ele>14.0</ele><time>2023-08-21T22:51:35Z</time></trkpt>
      <trkpt lat="22.5394497" lon="113.9363902"><ele>14.0</ele><time>2023-08-21T22:51:36Z</time></trkpt>
      <trkpt lat="22.5394643" lon="113.9363898"><ele>14.1</ele><time>2023-08-21T22:51:37Z</time></trkpt>
      <trkpt lat="22.5394790" lon="113.9363889"><ele>14.1</ele><time>2023-08-21T22:51:38Z</time></trkpt>
      <trkpt lat="22.5394935" lon="113.9363876"><ele>14.1</ele><time>2023-08-21T22:51:39Z</time></trkpt>
      <trkpt lat="22.5395082" lon="113.9363861"><ele>14.1</ele><time>2023-08-21T22:51:40Z</time></trkpt>
      <trkpt lat="22.5395229" lon="113.9363846"><ele>14.2</ele><time>2023-08-21T22:51:41Z</time></trkpt>
      <trkpt lat="22.5395376" lon="113.9363831"><ele>14.2</ele><time>2023-08-21T22:51:42Z</time></trkpt>
      <trkpt lat="22.5395522" lon="113.9363811"><ele>14.2</ele><time>2023-08-21T22:51:43Z</time></trkpt>
      <trkpt lat="22.5395669" lon="113.9363779"><ele>14.3</ele><time>2023-08-21T22:51:44Z</time></trkpt>
      <trkpt lat="22.5395816" lon="113.9363741"><ele>14.3</ele><time>2023-08-21T22:51:45Z</time></trkpt>
      <trkpt lat="22.5395962" lon="113.9363699"><ele>14.3</ele><time>2023-08-21T22:51:46Z</time></trkpt>
      <trkpt lat="22.5396105" lon="113.9363651"><ele>14.4</ele><time>2023-08-21T22:51:47Z</time></trkpt>
      <trkpt lat="22.5396249" lon="113.9363598"><ele>14.4</ele><time>2023-08-21T22:51:48Z</time></trkpt>
      <trkpt lat="22.5396391" lon="113.9363541"><ele>14.4</ele><time>2023-08-21T22:51:49Z</time></trkpt>
      <trkpt lat="22.5396533" lon="113.9363479"><ele>14.5</ele><time>2023-08-21T22:51:50Z</time></trkpt>
      <trkpt lat="22.5396673" lon="113.9363409"><ele>14.5</ele><time>2023-08-21T22:51:51Z</time></trkpt>
      <trkpt lat="22.5396809" lon="113.9363330"><ele>14.6</ele><time>2023-08-21T22:51:52Z</time></trkpt>
      <trkpt lat="22.5396944" lon="113.9363249"><ele>14.6</ele><time>2023-08-21T22:51:53Z</time></trkpt>
      <trkpt lat="22.5397076" lon="113.9363161"><ele>14.7</ele><time>2023-08-21T22:51:54Z</time></trkpt>
      <trkpt lat="22.5397204" lon="113.9363065"><ele>14.7</ele><time>2023-08-21T22:51:55Z</time></trkpt>
      <trkpt lat="22.5397330" lon="113.9362966"><ele>14.8</ele><time>2023-08-21T22:51:56Z</time></trkpt>
      <trkpt lat="22.5397452" lon="113.9362862"><ele>14.8</ele><time>2023-08-21T22:51:57Z</time></trkpt>
      <trkpt lat="22.5397571" lon="113.9362751"><ele>14.8</ele><time>2023-08-21T22:51:58Z</time></trkpt>
      <trkpt lat="22.5397688" lon="113.9362637"><ele>14.9</ele><time>2023-08-21T22:51:59Z</time></trkpt>
      <trkpt lat="22.5397807" lon="113.9362525"><ele>14.9</ele><time>2023-08-21T22:52:00Z</time></trkpt>
      <trkpt lat="22.5397925" lon="113.9362413"><ele>15.0</ele><time>2023-08-21T22:52:01Z</time></trkpt>
      <trkpt lat="22.5398037" lon="113.9362290"><ele>15.0</ele><time>2023-08-21T22:52:02Z</time></trkpt>
      <trkpt lat="22.5398146" lon="113.9362165"><ele>15.1</ele><time>2023-08-21T22:52:03Z</time></trkpt>
      <trkpt lat="22.5398256" lon="113.9362040"><ele>15.1</ele><time>2023-08-21T22:52:04Z</time></trkpt>
      <trkpt lat="22.5398363" lon="113.9361911"><ele>15.2</ele><time>2023-08-21T22:52:05Z</time></trkpt>
      <trkpt lat="22.5398465" lon="113.9361777"><ele>15.2</ele><time>2023-08-21T22:52:06Z</time></trkpt>
      <trkpt lat="22.5398555" lon="113.9361635"><ele>15.3</ele><time>2023-08-21T22:52:07Z</time></trkpt>
      <trkpt lat="22.5398630" lon="113.9361482"><ele>15.3</ele><time>2023-08-21T22:52:08Z</time></trkpt>
      <trkpt lat="22.5398696" lon="113.9361323"><ele>15.4</ele><time>2023-08-21T22:52:09Z</time></trkpt>
      <trkpt lat="22.5398759" lon="113.9361162"><ele>15.4</ele><time>2023-08-21T22:52:10Z</time></trkpt>
      <trkpt lat="22.5398820" lon="113.9361001"><ele>15.5</ele><time>2023-08-21T22:52:11Z</time></trkpt>
      <trkpt lat="22.5398873" lon="113.9360837"><ele>15.5</ele><time>2023-08-21T22:52:12Z</time></trkpt>
      <trkpt lat="22.5398923" lon="113.9360672"><ele>15.6</ele><time>2023-08-21T22:52:13Z</time></trkpt>
      <trkpt lat="22.5398969" lon="113.9360506"><ele>15.6</ele><time>2023-08-21T22:52:14Z</time></trkpt>
      <trkpt lat="22.5399010" lon="113.9360338"><ele>15.6</ele><time>2023-08-21T22:52:15Z</time></trkpt>
      <trkpt lat="22.5399047" lon="113.9360171"><ele>15.7</ele><time>2023-08-21T22:52:16Z</time></trkpt>
      <trkpt lat="22.5399078" lon="113.9360002"><ele>15.7</ele><time>2023-08-21T22:52:17Z</time></trkpt>
      <trkpt lat="22.5399113" lon="113.9359833"><ele>15.8</ele><time>2023-08-21T22:52:18Z</time></trkpt>
      <trkpt lat="22.5399149" lon="113.9359667"><ele>15.8</ele><time>2023-08-21T22:52:19Z</time></trkpt>
      <trkpt lat="22.5399178" lon="113.9359499"><ele>15.8</ele><time>2023-08-21T22:52:20Z</time></trkpt>
      <trkpt lat="22.5399194" lon="113.9359329"><ele>15.9</ele><time>2023-08-21T22:52:21Z</time></trkpt>
      <trkpt lat="22.5399192" lon="113.9359158"><ele>15.9</ele><time>2023-08-21T22:52:22Z</time></trkpt>
      <trkpt lat="22.5399177" lon="113.9358990"><ele>15.9</ele><time>2023-08-21T22:52:23Z</time></trkpt>
      <trkpt lat="22.5399158" lon="113.9358823"><ele>16.0</ele><time>2023-08-21T22:52:24Z</time></trkpt>
      <trkpt lat="22.5399138" lon="113.9358655"><ele>16.0</ele><time>2023-08-21T22:52:25Z</time></trkpt>
      <trkpt lat="22.5399109" lon="113.9358489"><ele>16.0</ele><time>2023-08-21T22:52:26Z</time></trkpt>
      <trkpt lat="22.5399069" lon="113.9358326"><ele>16.0</ele><time>2023-08-21T22:52:27Z</time></trkpt>
      <trkpt lat="22.5399024" lon="113.9358164"><ele>16.1</ele><time>2023-08-21T22:52:28Z</time></trkpt>
      <trkpt lat="22.5398979" lon="113.9358004"><ele>16.1</ele><time>2023-08-21T22:52:29Z</time></trkpt>
      <trkpt lat="22.5398934" lon="113.9357843"><ele>16.1</ele><time>2023-08-21T22:52:30Z</time></trkpt>
      <trkpt lat="22.5398894" lon="113.9357681"><ele>16.1</ele><time>2023-08-21T22:52:31Z</time></trkpt>
      <trkpt lat="22.5398852" lon="113.9357520"><ele>16.1</ele><time>2023-08-21T22:52:32Z</time></trkpt>
      <trkpt lat="22.5398799" lon="113.9357364"><ele>16.2</ele><time>2023-08-21T22:52:33Z</time></trkpt>
      <trkpt lat="22.5398744" lon="113.9357210"><ele>16.2</ele><time>2023-08-21T22:52:34Z</time></trkpt>
      <trkpt lat="22.5398688" lon="113.9357058"><ele>16.2</ele><time>2023-08-21T22:52:35Z</time></trkpt>
      <trkpt lat="22.5398621" lon="113.9356912"><ele>16.2</ele><time>2023-08-21T22:52:36Z</time></trkpt>
      <trkpt lat="22.5398542" lon="113.9356772"><ele>16.2</ele><time>2023-08-21T22:52:37Z</time></trkpt>
      <trkpt lat="22.5398450" lon="113.9356642"><ele>16.2</ele><time>2023-08-21T22:52:38Z</time></trkpt>
      <trkpt lat="22.5398346" lon="113.9356522"><ele>16.2</ele><time>2023-08-21T22:52:39Z</time></trkpt>
      <trkpt lat="22.5398241" lon="113.9356402"><ele>16.2</ele><time>2023-08-21T22:52:40Z</time></trkpt>
      <trkpt lat="22.5398139" lon="113.9356281"><ele>16.2</ele><time>2023-08-21T22:52:41Z</time></trkpt>
      <trkpt lat="22.5398038" lon="113.9356161"><ele>16.2</ele><time>2023-08-21T22:52:42Z</time></trkpt>
      <trkpt lat="22.5397936" lon="113.9356042"><ele>16.2</ele><time>2023-08-21T22:52:43Z</time></trkpt>
      <trkpt lat="22.5397828" lon="113.9355927"><ele>16.2</ele><time>2023-08-21T22:52:44Z</time></trkpt>
      <trkpt lat="22.5397718" lon="113.9355817"><ele>16.2</ele><time>2023-08-21T22:52:45Z</time></trkpt>
      <trkpt lat="22.5397606" lon="113.9355709"><ele>16.2</ele><time>2023-08-21T22:52:46Z</time></trkpt>
      <trkpt lat="22.5397495" lon="113.9355601"><ele>16.2</ele><time>2023-08-21T22:52:47Z</time></trkpt>
      <trkpt lat="22.5397382" lon="113.9355497"><ele>16.2</ele><time>2023-08-21T22:52:48Z</time></trkpt>
      <trkpt lat="22.5397264" lon="113.9355400"><ele>16.2</ele><time>2023-08-21T22:52:49Z</time></trkpt>
      <trkpt lat="22.5397140" lon="113.9355311"><ele>16.2</ele><time>2023-08-21T22:52:50Z</time></trkpt>
      <trkpt lat="22.5397012" lon="113.9355230"><ele>16.2</ele><time>2023-08-21T22:52:51Z</time></trkpt>
      <trkpt lat="22.5396881" lon="113.9355157"><ele>16.2</ele><time>2023-08-21T22:52:52Z</time></trkpt>
      <trkpt lat="22.5396745" lon="113.9355097"><ele>16.1</ele><time>2023-08-21T22:52:53Z</time></trkpt>
      <trkpt lat="22.5396602" lon="113.9355047"><ele>16.1</ele><time>2023-08-21T22:52:54Z</time></trkpt>
      <trkpt lat="22.5396459" lon="113.9354998"><ele>16.1</ele><time>2023-08-21T22:52:55Z</time></trkpt>
      <trkpt lat="22.5396317" lon="113.9354945"><ele>16.1</ele><time>2023-08-21T22:52:56Z</time></trkpt>
      <trkpt lat="22.5396173" lon="113.9354894"><ele>16.1</ele><time>2023-08-21T22:52:57Z</time></trkpt>
      <trkpt lat="22.5396027" lon="113.9354852"><ele>16.1</ele><time>2023-08-21T22:52:58Z</time></trkpt>
      <trkpt lat="22.5395879" lon="113.9354816"><ele>16.0</ele><time>2023-08-21T22:52:59Z</time></trkpt>
      <trkpt lat="22.5395727" lon="113.9354789"><ele>16.0</ele><time>2023-08-21T22:53:00Z</time></trkpt>
      <trkpt lat="22.5395574" lon="113.9354766"><ele>16.0</ele><time>2023-08-21T22:53:01Z</time></trkpt>
      <trkpt lat="22.5395421" lon="113.9354745"><ele>16.0</ele><time>2023-08-21T22:53:02Z</time></trkpt>
      <trkpt lat="22.5395267" lon="113.9354731"><ele>15.9</ele><time>2023-08-21T22:53:03Z</time></trkpt>
      <trkpt lat="22.5395111" lon="113.9354725"><ele>15.9</ele><time>2023-08-21T22:53:04Z</time></trkpt>
      <trkpt lat="22.5394955" lon="113.9354722"><ele>15.9</ele><time>2023-08-21T22:53:05Z</time></trkpt>
      <trkpt lat="22.5394799" lon="113.9354722"><ele>15.9</ele><time>2023-08-21T22:53:06Z</time></trkpt>
      <trkpt lat="22.5394642" lon="113.9354728"><ele>15.9</ele><time>2023-08-21T22:53:07Z</time></trkpt>
      <trkpt lat="22.5394486" lon="113.9354733"><ele>15.8</ele><time>2023-08-21T22:53:08Z</time></trkpt>
      <trkpt lat="22.5394330" lon="113.9354735"><ele>15.8</ele><time>2023-08-21T22:53:09Z</time></trkpt>
      <trkpt lat="22.5394174" lon="113.9354735"><ele>15.8</ele><time>2023-08-21T22:53:10Z</time></trkpt>
      <trkpt lat="22.5394018" lon="113.9354735"><ele>15.8</ele><time>2023-08-21T22:53:11Z</time></trkpt>
      <trkpt lat="22.5393861" lon="113.9354730"><ele>15.8</ele><time>2023-08-21T22:53:12Z</time></trkpt>
      <trkpt lat="22.5393704" lon="113.9354731"><ele>15.7</ele><time>2023-08-21T22:53:13Z</time></trkpt>
      <trkpt lat="22.5393547" lon="113.9354741"><ele>15.7</ele><time>2023-08-21T22:53:14Z</time></trkpt>
      <trkpt lat="22.5393392" lon="113.9354754"><ele>15.7</ele><time>2023-08-21T22:53:15Z</time></trkpt>
      <trkpt lat="22.5393235" lon="113.9354766"><ele>15.7</ele><time>2023-08-21T22:53:16Z</time></trkpt>
      <trkpt lat="22.5393079" lon="113.9354778"><ele>15.7</ele><time>2023-08-21T22:53:17Z</time></trkpt>
      <trkpt lat="22.5392922" lon="113.9354793"><ele>15.7</ele><time>2023-08-21T22:53:18Z</time></trkpt>
      <trkpt lat="22.5392766" lon="113.9354806"><ele>15.7</ele><time>2023-08-21T22:53:19Z</time></trkpt>
      <trkpt lat="22.5392608" lon="113.9354815"><ele>15.7</ele><time>2023-08-21T22:53:20Z</time></trkpt>
      <trkpt lat="22.5392451" lon="113.9354812"><ele>15.6</ele><time>2023-08-21T22:53:21Z</time></trkpt>
      <trkpt lat="22.5392293" lon="113.9354804"><ele>15.6</ele><time>2023-08-21T22:53:22Z</time></trkpt>
      <trkpt lat="22.5392135" lon="113.9354801"><ele>15.6</ele><time>2023-08-21T22:53:23Z</time></trkpt>
      <trkpt lat="22.5391977" lon="113.9354796"><ele>15.6</ele><time>2023-08-21T22:53:24Z</time></trkpt>
      <trkpt lat="22.5391820" lon="113.9354785"><ele>15.6</ele><time>2023-08-21T22:53:25Z</time></trkpt>
      <trkpt lat="22.5391661" lon="113.9354773"><ele>15.6</ele><time>2023-08-21T22:53:26Z</time></trkpt>
      <trkpt lat="22.5391502" lon="113.9354765"><ele>15.6</ele><time>2023-08-21T22:53:27Z</time></trkpt>
      <trkpt lat="22.5391344" lon="113.9354763"><ele>15.6</ele><time>2023-08-21T22:53:28Z</time></trkpt>
      <trkpt lat="22.5391187" lon="113.9354762"><ele>15.6</ele><time>2023-08-21T22:53:29Z</time></trkpt>
      <trkpt lat="22.5391031" lon="113.9354758"><ele>15.5</ele><time>2023-08-21T22:53:30Z</time></trkpt>
      <trkpt lat="22.5390875" lon="113.9354756"><ele>15.5</ele><time>2023-08-21T22:53:31Z</time></trkpt>
      <trkpt lat="22.5390718" lon="113.9354754"><ele>15.5</ele><time>2023-08-21T22:53:32Z</time></trkpt>
      <trkpt lat="22.5390560" lon="113.9354755"><ele>15.5</ele><time>2023-08-21T22:53:33Z</time></trkpt>
      <trkpt lat="22.5390402" lon="113.9354763"><ele>15.5</ele><time>2023-08-21T22:53:34Z</time></trkpt>
      <trkpt lat="22.5390243" lon="113.9354774"><ele>15.5</ele><time>2023-08-21T22:53:35Z</time></trkpt>
      <trkpt lat="22.5390085" lon="113.9354785"><ele>15.4</ele><time>2023-08-21T22:53:36Z</time></trkpt>
      <trkpt lat="22.5389928" lon="113.9354799"><ele>15.4</ele><time>2023-08-21T22:53:37Z</time></trkpt>
      <trkpt lat="22.5389773" lon="113.9354816"><ele>15.4</ele><time>2023-08-21T22:53:38Z</time></trkpt>
      <trkpt lat="22.5389618" lon="113.9354842"><ele>15.4</ele><time>2023-08-21T22:53:39Z</time></trkpt>
      <trkpt lat="22.5389463" lon="113.9354869"><ele>15.4</ele><time>2023-08-21T22:53:40Z</time></trkpt>
      <trkpt lat="22.5389306" lon="113.9354888"><ele>15.4</ele><time>2023-08-21T22:53:41Z</time></trkpt>
      <trkpt lat="22.5389149" lon="113.9354897"><ele>15.3</ele><time>2023-08-21T22:53:42Z</time></trkpt>
      <trkpt lat="22.5388991" lon="113.9354901"><ele>15.3</ele><time>2023-08-21T22:53:43Z</time></trkpt>
      <trkpt lat="22.5388832" lon="113.9354902"><ele>15.3</ele><time>2023-08-21T22:53:44Z</time></trkpt>
      <trkpt lat="22.5388674" lon="113.9354902"><ele>15.3</ele><time>2023-08-21T22:53:45Z</time></trkpt>
      <trkpt lat="22.5388516" lon="113.9354905"><ele>15.3</ele><time>2023-08-21T22:53:46Z</time></trkpt>
      <trkpt lat="22.5388360" lon="113.9354909"><ele>15.2</ele><time>2023-08-21T22:53:47Z</time></trkpt>
      <trkpt lat="22.5388203" lon="113.9354914"><ele>15.2</ele><time>2023-08-21T22:53:48Z</time></trkpt>
      <trkpt lat="22.5388047" lon="113.9354926"><ele>15.2</ele><time>2023-08-21T22:53:49Z</time></trkpt>
      <trkpt lat="22.5387891" lon="113.9354944"><ele>15.2</ele><time>2023-08-21T22:53:50Z</time></trkpt>
      <trkpt lat="22.5387735" lon="113.9354959"><ele>15.2</ele><time>2023-08-21T22:53:51Z</time></trkpt>
      <trkpt lat="22.5387580" lon="113.9354975"><ele>15.2</ele><time>2023-08-21T22:53:52Z</time></trkpt>
      <trkpt lat="22.5387425" lon="113.9354988"><ele>15.1</ele><time>2023-08-21T22:53:53Z</time></trkpt>
      <trkpt lat="22.5387270" lon="113.9355001"><ele>15.1</ele><time>2023-08-21T22:53:54Z</time></trkpt>
      <trkpt lat="22.5387116" lon="113.9355015"><ele>15.1</ele><time>2023-08-21T22:53:55Z</time></trkpt>
      <trkpt lat="22.5386963" lon="113.9355032"><ele>15.1</ele><time>2023-08-21T22:53:56Z</time></trkpt>
      <trkpt lat="22.5386812" lon="113.9355050"><ele>15.0</ele><time>2023-08-21T22:53:57Z</time></trkpt>
      <trkpt lat="22.5386664" lon="113.9355077"><ele>15.0</ele><time>2023-08-21T22:53:58Z</time></trkpt>
      <trkpt lat="22.5386518" lon="113.9355114"><ele>15.0</ele><time>2023-08-21T22:53:59Z</time></trkpt>
      <trkpt lat="22.5386375" lon="113.9355159"><ele>14.9</ele><time>2023-08-21T22:54:00Z</time></trkpt>
      <trkpt lat="22.5386231" lon="113.9355214"><ele>14.9</ele><time>2023-08-21T22:54:01Z</time></trkpt>
      <trkpt lat="22.5386083" lon="113.9355281"><ele>14.9</ele><time>2023-08-21T22:54:02Z</time></trkpt>
      <trkpt lat="22.5385931" lon="113.9355354"><ele>14.8</ele><time>2023-08-21T22:54:03Z</time></trkpt>
      <trkpt lat="22.5385782" lon="113.9355423"><ele>14.8</ele><time>2023-08-21T22:54:04Z</time></trkpt>
      <trkpt lat="22.5385634" lon="113.9355481"><ele>14.7</ele><time>2023-08-21T22:54:05Z</time></trkpt>
      <trkpt lat="22.5385486" lon="113.9355541"><ele>14.7</ele><time>2023-08-21T22:54:06Z</time></trkpt>
      <trkpt lat="22.5385340" lon="113.9355614"><ele>14.6</ele><time>2023-08-21T22:54:07Z</time></trkpt>
      <trkpt lat="22.5385201" lon="113.9355700"><ele>14.6</ele><time>2023-08-21T22:54:08Z</time></trkpt>
      <trkpt lat="22.5385067" lon="113.9355794"><ele>14.5</ele><time>2023-08-21T22:54:09Z</time></trkpt>
      <trkpt lat="22.5384942" lon="113.9355900"><ele>14.5</ele><time>2023-08-21T22:54:10Z</time></trkpt>
      <trkpt lat="22.5384829" lon="113.9356019"><ele>14.4</ele><time>2023-08-21T22:54:11Z</time></trkpt>
      <trkpt lat="22.5384729" lon="113.9356146"><ele>14.3</ele><time>2023-08-21T22:54:12Z</time></trkpt>
      <trkpt lat="22.5384640" lon="113.9356282"><ele>14.3</ele><time>2023-08-21T22:54:13Z</time></trkpt>
      <trkpt lat="22.5384553" lon="113.9356420"><ele>14.2</ele><time>2023-08-21T22:54:14Z</time></trkpt>
      <trkpt lat="22.5384465" lon="113.9356560"><ele>14.2</ele><time>2023-08-21T22:54:15Z</time></trkpt>
      <trkpt lat="22.5384377" lon="113.9356700"><ele>14.1</ele><time>2023-08-21T22:54:16Z</time></trkpt>
      <trkpt lat="22.5384291" lon="113.9356840"><ele>14.0</ele><time>2023-08-21T22:54:17Z</time></trkpt>
      <trkpt lat="22.5384202" lon="113.9356974"><ele>13.9</ele><time>2023-08-21T22:54:18Z</time></trkpt>
      <trkpt lat="22.5384115" lon="113.9357093"><ele>13.9</ele><time>2023-08-21T22:54:19Z</time></trkpt>
      <trkpt lat="22.5384043" lon="113.9357200"><ele>13.8</ele><time>2023-08-21T22:54:20Z</time></trkpt>
      <trkpt lat="22.5383982" lon="113.9357308"><ele>13.7</ele><time>2023-08-21T22:54:21Z</time></trkpt>
      <trkpt lat="22.5383925" lon="113.9357419"><ele>13.7</ele><time>2023-08-21T22:54:22Z</time></trkpt>
      <trkpt lat="22.5383870" lon="113.9357540"><ele>13.6</ele><time>2023-08-21T22:54:23Z</time></trkpt>
      <trkpt lat="22.5383818" lon="113.9357670"><ele>13.6</ele><time>2023-08-21T22:54:24Z</time></trkpt>
      <trkpt lat="22.5383764" lon="113.9357799"><ele>13.5</ele><time>2023-08-21T22:54:25Z</time></trkpt>
      <trkpt lat="22.5383709" lon="113.9357928"><ele>13.4</ele><time>2023-08-21T22:54:26Z</time></trkpt>
      <trkpt lat="22.5383658" lon="113.9358067"><ele>13.4</ele><time>2023-08-21T22:54:27Z</time></trkpt>
      <trkpt lat="22.5383613" lon="113.9358221"><ele>13.3</ele><time>2023-08-21T22:54:28Z</time></trkpt>
      <trkpt lat="22.5383572" lon="113.9358387"><ele>13.3</ele><time>2023-08-21T22:54:29Z</time></trkpt>
      <trkpt lat="22.5383537" lon="113.9358559"><ele>13.2</ele><time>2023-08-21T22:54:30Z</time></trkpt>
      <trkpt lat="22.5383510" lon="113.9358733"><ele>13.2</ele><time>2023-08-21T22:54:31Z</time></trkpt>
      <trkpt lat="22.5383491" lon="113.9358896"><ele>13.1</ele><time>2023-08-21T22:54:32Z</time></trkpt>
      <trkpt lat="22.5383482" lon="113.9359048"><ele>13.0</ele><time>2023-08-21T22:54:33Z</time></trkpt>
      <trkpt lat="22.5383478" lon="113.9359200"><ele>13.0</ele><time>2023-08-21T22:54:34Z</time></trkpt>
      <trkpt lat="22.5383474" lon="113.9359350"><ele>12.9</ele><time>2023-08-21T22:54:35Z</time></trkpt>
      <trkpt lat="22.5383470" lon="113.9359502"><ele>12.9</ele><time>2023-08-21T22:54:36Z</time></trkpt>
      <trkpt lat="22.5383469" lon="113.9359655"><ele>12.8</ele><time>2023-08-21T22:54:37Z</time></trkpt>
      <trkpt lat="22.5383475" lon="113.9359809"><ele>12.7</ele><time>2023-08-21T22:54:38Z</time></trkpt>
      <trkpt lat="22.5383494" lon="113.9359962"><ele>12.7</ele><time>2023-08-21T22:54:39Z</time></trkpt>
      <trkpt lat="22.5383522" lon="113.9360113"><ele>12.6</ele><time>2023-08-21T22:54:40Z</time></trkpt>
      <trkpt lat="22.5383552" lon="113.9360263"><ele>12.5</ele><time>2023-08-21T22:54:41Z</time></trkpt>
      <trkpt lat="22.5383588" lon="113.9360422"><ele>12.5</ele><time>2023-08-21T22:54:42Z</time></trkpt>
      <trkpt lat="22.5383632" lon="113.9360589"><ele>12.4</ele><time>2023-08-21T22:54:43Z</time></trkpt>
      <trkpt lat="22.5383680" lon="113.9360756"><ele>12.3</ele><time>2023-08-21T22:54:44Z</time></trkpt>
      <trkpt lat="22.5383732" lon="113.9360920"><ele>12.3</ele><time>2023-08-21T22:54:45Z</time></trkpt>
      <trkpt lat="22.5383792" lon="113.9361079"><ele>12.2</ele><time>2023-08-21T22:54:46Z</time></trkpt>
      <trkpt lat="22.5383863" lon="113.9361232"><ele>12.1</ele><time>2023-08-21T22:54:47Z</time></trkpt>
      <trkpt lat="22.5383945" lon="113.9361381"><ele>12.1</ele><time>2023-08-21T22:54:48Z</time></trkpt>
      <trkpt lat="22.5384026" lon="113.9361532"><ele>12.0</ele><time>2023-08-21T22:54:49Z</time></trkpt>
      <trkpt lat="22.5384101" lon="113.9361683"><ele>11.9</ele><time>2023-08-21T22:54:50Z</time></trkpt>
      <trkpt lat="22.5384176" lon="113.9361833"><ele>11.8</ele><time>2023-08-21T22:54:51Z</time></trkpt>
      <trkpt lat="22.5384257" lon="113.9361976"><ele>11.8</ele><time>2023-08-21T22:54:52Z</time></trkpt>
      <trkpt lat="22.5384344" lon="113.9362114"><ele>11.7</ele><time>2023-08-21T22:54:53Z</time></trkpt>
      <trkpt lat="22.5384431" lon="113.9362253"><ele>11.6</ele><time>2023-08-21T22:54:54Z</time></trkpt>
      <trkpt lat="22.5384520" lon="113.9362390"><ele>11.6</ele><time>2023-08-21T22:54:55Z</time></trkpt>
      <trkpt lat="22.5384624" lon="113.9362515"><ele>11.5</ele><time>2023-08-21T22:54:56Z</time></trkpt>
      <trkpt lat="22.5384740" lon="113.9362630"><ele>11.5</ele><time>2023-08-21T22:54:57Z</time></trkpt>
      <trkpt lat="22.5384858" lon="113.9362743"><ele>11.4</ele><time>2023-08-21T22:54:58Z</time></trkpt>
      <trkpt lat="22.5384973" lon="113.9362854"><ele>11.4</ele><time>2023-08-21T22:54:59Z</time></trkpt>
      <trkpt lat="22.5385086" lon="113.9362963"><ele>11.3</ele><time>2023-08-21T22:55:00Z</time></trkpt>
      <trkpt lat="22.5385203" lon="113.9363071"><ele>11.3</ele><time>2023-08-21T22:55:01Z</time></trkpt>
      <trkpt lat="22.5385326" lon="113.9363170"><ele>11.2</ele><time>2023-08-21T22:55:02Z</time></trkpt>
      <trkpt lat="22.5385452" lon="113.9363260"><ele>11.2</ele><time>2023-08-21T22:55:03Z</time></trkpt>
      <trkpt lat="22.5385575" lon="113.9363348"><ele>11.2</ele><time>2023-08-21T22:55:04Z</time></trkpt>
      <trkpt lat="22.5385697" lon="113.9363436"><ele>11.1</ele><time>2023-08-21T22:55:05Z</time></trkpt>
      <trkpt lat="22.5385821" lon="113.9363525"><ele>11.1</ele><time>2023-08-21T22:55:06Z</time></trkpt>
      <trkpt lat="22.5385950" lon="113.9363605"><ele>11.1</ele><time>2023-08-21T22:55:07Z</time></trkpt>
      <trkpt lat="22.5386086" lon="113.9363669"><ele>11.1</ele><time>2023-08-21T22:55:08Z</time></trkpt>
      <trkpt lat="22.5386226" lon="113.9363729"><ele>11.1</ele><time>2023-08-21T22:55:09Z</time></trkpt>
      <trkpt lat="22.5386366" lon="113.9363787"><ele>11.1</ele><time>2023-08-21T22:55:10Z</time></trkpt>
      <trkpt lat="22.5386506" lon="113.9363839"><ele>11.1</ele><time>2023-08-21T22:55:11Z</time></trkpt>
      <trkpt lat="22.5386647" lon="113.9363881"><ele>11.1</ele><time>2023-08-21T22:55:12Z</time></trkpt>
      <trkpt lat="22.5386789" lon="113.9363912"><ele>11.1</ele><time>2023-08-21T22:55:13Z</time></trkpt>
      <trkpt lat="22.5386934" lon="113.9363928"><ele>11.1</ele><time>2023-08-21T22:55:14Z</time></trkpt>
      <trkpt lat="22.5387082" lon="113.9363936"><ele>11.1</ele><time>2023-08-21T22:55:15Z</time></trkpt>
      <trkpt lat="22.5387230" lon="113.9363948"><ele>11.1</ele><time>2023-08-21T22:55:16Z</time></trkpt>
      <trkpt lat="22.5387377" lon="113.9363966"><ele>11.1</ele><time>2023-08-21T22:55:17Z</time></trkpt>
      <trkpt lat="22.5387522" lon="113.9363997"><ele>11.1</ele><time>2023-08-21T22:55:18Z</time></trkpt>
      <trkpt lat="22.5387664" lon="113.9364042"><ele>11.2</ele><time>2023-08-21T22:55:19Z</time></trkpt>
      <trkpt lat="22.5387802" lon="113.9364097"><ele>11.2</ele><time>2023-08-21T22:55:20Z</time></trkpt>
      <trkpt lat="22.5387939" lon="113.9364143"><ele>11.2</ele><time>2023-08-21T22:55:21Z</time></trkpt>
      <trkpt lat="22.5388080" lon="113.9364162"><ele>11.2</ele><time>2023-08-21T22:55:22Z</time></trkpt>
      <trkpt lat="22.5388224" lon="113.9364160"><ele>11.2</ele><time>2023-08-21T22:55:23Z</time></trkpt>
      <trkpt lat="22.5388370" lon="113.9364144"><ele>11.2</ele><time>2023-08-21T22:55:24Z</time></trkpt>
      <trkpt lat="22.5388514" lon="113.9364119"><ele>11.3</ele><time>2023-08-21T22:55:25Z</time></trkpt>
      <trkpt lat="22.5388661" lon="113.9364098"><ele>11.3</ele><time>2023-08-21T22:55:26Z</time></trkpt>
      <trkpt lat="22.5388808" lon="113.9364075"><ele>11.3</ele><time>2023-08-21T22:55:27Z</time></trkpt>
      <trkpt lat="22.5388954" lon="113.9364050"><ele>11.3</ele><time>2023-08-21T22:55:28Z</time></trkpt>
      <trkpt lat="22.5389098" lon="113.9364032"><ele>11.4</ele><time>2023-08-21T22:55:29Z</time></trkpt>
      <trkpt lat="22.5389242" lon="113.9364025"><ele>11.4</ele><time>2023-08-21T22:55:30Z</time></trkpt>
      <trkpt lat="22.5389385" lon="113.9364017"><ele>11.4</ele><time>2023-08-21T22:55:31Z</time></trkpt>
      <trkpt lat="22.5389525" lon="113.9364007"><ele>11.4</ele><time>2023-08-21T22:55:32Z</time></trkpt>
      <trkpt lat="22.5389663" lon="113.9363997"><ele>11.4</ele><time>2023-08-21T22:55:33Z</time></trkpt>
      <trkpt lat="22.5389801" lon="113.9363985"><ele>11.5</ele><time>2023-08-21T22:55:34Z</time></trkpt>
      <trkpt lat="22.5389938" lon="113.9363977"><ele>11.5</ele><time>2023-08-21T22:55:35Z</time></trkpt>
      <trkpt lat="22.5390074" lon="113.9363975"><ele>11.5</ele><time>2023-08-21T22:55:36Z</time></trkpt>
      <trkpt lat="22.5390213" lon="113.9363973"><ele>11.5</ele><time>2023-08-21T22:55:37Z</time></trkpt>
      <trkpt lat="22.5390351" lon="113.9363967"><ele>11.5</ele><time>2023-08-21T22:55:38Z</time></trkpt>
      <trkpt lat="22.5390488" lon="113.9363960"><ele>11.5</ele><time>2023-08-21T22:55:39Z</time></trkpt>
      <trkpt lat="22.5390623" lon="113.9363954"><ele>11.5</ele><time>2023-08-21T22:55:40Z</time></trkpt>
      <trkpt lat="22.5390759" lon="113.9363952"><ele>11.6</ele><time>2023-08-21T22:55:41Z</time></trkpt>
      <trkpt lat="22.5390895" lon="113.9363953"><ele>11.6</ele><time>2023-08-21T22:55:42Z</time></trkpt>
      <trkpt lat="22.5391031" lon="113.9363952"><ele>11.6</ele><time>2023-08-21T22:55:43Z</time></trkpt>
      <trkpt lat="22.5391168" lon="113.9363940"><ele>11.6</ele><time>2023-08-21T22:55:44Z</time></trkpt>
      <trkpt lat="22.5391305" lon="113.9363922"><ele>11.6</ele><time>2023-08-21T22:55:45Z</time></trkpt>
      <trkpt lat="22.5391442" lon="113.9363912"><ele>11.6</ele><time>2023-08-21T22:55:46Z</time></trkpt>
      <trkpt lat="22.5391579" lon="113.9363908"><ele>11.5</ele><time>2023-08-21T22:55:47Z</time></trkpt>
      <trkpt lat="22.5391716" lon="113.9363898"><ele>11.5</ele><time>2023-08-21T22:55:48Z</time></trkpt>
      <trkpt lat="22.5391855" lon="113.9363881"><ele>11.5</ele><time>2023-08-21T22:55:49Z</time></trkpt>
      <trkpt lat="22.5391996" lon="113.9363864"><ele>11.5</ele><time>2023-08-21T22:55:50Z</time></trkpt>
      <trkpt lat="22.5392136" lon="113.9363840"><ele>11.5</ele><time>2023-08-21T22:55:51Z</time></trkpt>
      <trkpt lat="22.5392274" lon="113.9363814"><ele>11.5</ele><time>2023-08-21T22:55:52Z</time></trkpt>
      <trkpt lat="22.5392413" lon="113.9363795"><ele>11.5</ele><time>2023-08-21T22:55:53Z</time></trkpt>
      <trkpt lat="22.5392551" lon="113.9363792"><ele>11.5</ele><time>2023-08-21T22:55:54Z</time></trkpt>
      <trkpt lat="22.5392688" lon="113.9363796"><ele>11.4</ele><time>2023-08-21T22:55:55Z</time></trkpt>
      <trkpt lat="22.5392826" lon="113.9363788"><ele>11.4</ele><time>2023-08-21T22:55:56Z</time></trkpt>
      <trkpt lat="22.5392964" lon="113.9363770"><ele>11.4</ele><time>2023-08-21T22:55:57Z</time></trkpt>
      <trkpt lat="22.5393100" lon="113.9363757"><ele>11.4</ele><time>2023-08-21T22:55:58Z</time></trkpt>
      <trkpt lat="22.5393234" lon="113.9363753"><ele>11.3</ele><time>2023-08-21T22:55:59Z</time></trkpt>
      <trkpt lat="22.5393369" lon="113.9363752"><ele>11.3</ele><time>2023-08-21T22:56:00Z</time></trkpt>
      <trkpt lat="22.5393504" lon="113.9363746"><ele>11.3</ele><time>2023-08-21T22:56:01Z</time></trkpt>
      <trkpt lat="22.5393640" lon="113.9363741"><ele>11.3</ele><time>2023-08-21T22:56:02Z</time></trkpt>
      <trkpt lat="22.5393777" lon="113.9363737"><ele>11.2</ele><time>2023-08-21T22:56:03Z</time></trkpt>
      <trkpt lat="22.5393912" lon="113.9363735"><ele>11.2</ele><time>2023-08-21T22:56:04Z</time></trkpt>
      <trkpt lat="22.5394044" lon="113.9363727"><ele>11.2</ele><time>2023-08-21T22:56:05Z</time></trkpt>
      <trkpt lat="22.5394175" lon="113.9363714"><ele>11.1</ele><time>2023-08-21T22:56:06Z</time></trkpt>
      <trkpt lat="22.5394306" lon="113.9363704"><ele>11.1</ele><time>2023-08-21T22:56:07Z</time></trkpt>
      <trkpt lat="22.5394436" lon="113.9363700"><ele>11.0</ele><time>2023-08-21T22:56:08Z</time></trkpt>
      <trkpt lat="22.5394565" lon="113.9363700"><ele>11.0</ele><time>2023-08-21T22:56:09Z</time></trkpt>
      <trkpt lat="22.5394693" lon="113.9363697"><ele>11.0</ele><time>2023-08-21T22:56:10Z</time></trkpt>
      <trkpt lat="22.5394822" lon="113.9363692"><ele>10.9</ele><time>2023-08-21T22:56:11Z</time></trkpt>
      <trkpt lat="22.5394952" lon="113.9363690"><ele>10.9</ele><time>2023-08-21T22:56:12Z</time></trkpt>
      <trkpt lat="22.5395082" lon="113.9363693"><ele>10.8</ele><time>2023-08-21T22:56:13Z</time></trkpt>
      <trkpt lat="22.5395211" lon="113.9363693"><ele>10.8</ele><time>2023-08-21T22:56:14Z</time></trkpt>
      <trkpt lat="22.5395340" lon="113.9363682"><ele>10.7</ele><time>2023-08-21T22:56:15Z</time></trkpt>
      <trkpt lat="22.5395468" lon="113.9363656"><ele>10.7</ele><time>2023-08-21T22:56:16Z</time></trkpt>
      <trkpt lat="22.5395594" lon="113.9363627"><ele>10.7</ele><time>2023-08-21T22:56:17Z</time></trkpt>
      <trkpt lat="22.5395723" lon="113.9363616"><ele>10.6</ele><time>2023-08-21T22:56:18Z</time></trkpt>
      <trkpt lat="22.5395851" lon="113.9363622"><ele>10.6</ele><time>2023-08-21T22:56:19Z</time></trkpt>
      <trkpt lat="22.5395980" lon="113.9363632"><ele>10.6</ele><time>2023-08-21T22:56:20Z</time></trkpt>
      <trkpt lat="22.5396110" lon="113.9363633"><ele>10.5</ele><time>2023-08-21T22:56:21Z</time></trkpt>
      <trkpt lat="22.5396238" lon="113.9363622"><ele>10.5</ele><time>2023-08-21T22:56:22Z</time></trkpt>
      <trkpt lat="22.5396365" lon="113.9363599"><ele>10.5</ele><time>2023-08-21T22:56:23Z</time></trkpt>
      <trkpt lat="22.5396488" lon="113.9363566"><ele>10.5</ele><time>2023-08-21T22:56:24Z</time></trkpt>
      <trkpt lat="22.5396611" lon="113.9363531"><ele>10.5</ele><time>2023-08-21T22:56:25Z</time></trkpt>
      <trkpt lat="22.5396733" lon="113.9363493"><ele>10.5</ele><time>2023-08-21T22:56:26Z</time></trkpt>
      <trkpt lat="22.5396856" lon="113.9363452"><ele>10.5</ele><time>2023-08-21T22:56:27Z</time></trkpt>
      <trkpt lat="22.5396975" lon="113.9363401"><ele>10.5</ele><time>2023-08-21T22:56:28Z</time></trkpt>
      <trkpt lat="22.5397091" lon="113.9363335"><ele>10.5</ele><time>2023-08-21T22:56:29Z</time></trkpt>
      <trkpt lat="22.5397207" lon="113.9363263"><ele>10.6</ele><time>2023-08-21T22:56:30Z</time></trkpt>
      <trkpt lat="22.5397322" lon="113.9363189"><ele>10.6</ele><time>2023-08-21T22:56:31Z</time></trkpt>
      <trkpt lat="22.5397440" lon="113.9363119"><ele>10.6</ele><time>2023-08-21T22:56:32Z</time></trkpt>
      <trkpt lat="22.5397560" lon="113.9363055"><ele>10.7</ele><time>2023-08-21T22:56:33Z</time></trkpt>
      <trkpt lat="22.5397680" lon="113.9362994"><ele>10.7</ele><time>2023-08-21T22:56:34Z</time></trkpt>
      <trkpt lat="22.5397795" lon="113.9362924"><ele>10.8</ele><time>2023-08-21T22:56:35Z</time></trkpt>
      <trkpt lat="22.5397902" lon="113.9362839"><ele>10.8</ele><time>2023-08-21T22:56:36Z</time></trkpt>
      <trkpt lat="22.5398001" lon="113.9362740"><ele>10.9</ele><time>2023-08-21T22:56:37Z</time></trkpt>
      <trkpt lat="22.5398098" lon="113.9362638"><ele>10.9</ele><time>2023-08-21T22:56:38Z</time></trkpt>
      <trkpt lat="22.5398200" lon="113.9362541"><ele>11.0</ele><time>2023-08-21T22:56:39Z</time></trkpt>
      <trkpt lat="22.5398304" lon="113.9362442"><ele>11.1</ele><time>2023-08-21T22:56:40Z</time></trkpt>
      <trkpt lat="22.5398401" lon="113.9362332"><ele>11.1</ele><time>2023-08-21T22:56:41Z</time></trkpt>
      <trkpt lat="22.5398490" lon="113.9362208"><ele>11.2</ele><time>2023-08-21T22:56:42Z</time></trkpt>
      <trkpt lat="22.5398579" lon="113.9362079"><ele>11.3</ele><time>2023-08-21T22:56:43Z</time></trkpt>
      <trkpt lat="22.5398668" lon="113.9361949"><ele>11.4</ele><time>2023-08-21T22:56:44Z</time></trkpt>
      <trkpt lat="22.5398751" lon="113.9361813"><ele>11.5</ele><time>2023-08-21T22:56:45Z</time></trkpt>
      <trkpt lat="22.5398829" lon="113.9361674"><ele>11.6</ele><time>2023-08-21T22:56:46Z</time></trkpt>
      <trkpt lat="22.5398893" lon="113.9361545"><ele>11.7</ele><time>2023-08-21T22:56:47Z</time></trkpt>
      <trkpt lat="22.5398942" lon="113.9361422"><ele>11.8</ele><time>2023-08-21T22:56:48Z</time></trkpt>
      <trkpt lat="22.5398988" lon="113.9361282"><ele>11.8</ele><time>2023-08-21T22:56:49Z</time></trkpt>
      <trkpt lat="22.5399036" lon="113.9361131"><ele>11.9</ele><time>2023-08-21T22:56:50Z</time></trkpt>
      <trkpt lat="22.5399083" lon="113.9360981"><ele>12.0</ele><time>2023-08-21T22:56:51Z</time></trkpt>
      <trkpt lat="22.5399125" lon="113.9360826"><ele>12.1</ele><time>2023-08-21T22:56:52Z</time></trkpt>
      <trkpt lat="22.5399164" lon="113.9360669"><ele>12.2</ele><time>2023-08-21T22:56:53Z</time></trkpt>
      <trkpt lat="22.5399201" lon="113.9360511"><ele>12.3</ele><time>2023-08-21T22:56:54Z</time></trkpt>
      <trkpt lat="22.5399232" lon="113.9360349"><ele>12.4</ele><time>2023-08-21T22:56:55Z</time></trkpt>
      <trkpt lat="22.5399257" lon="113.9360183"><ele>12.5</ele><time>2023-08-21T22:56:56Z</time></trkpt>
      <trkpt lat="22.5399283" lon="113.9360017"><ele>12.6</ele><time>2023-08-21T22:56:57Z</time></trkpt>
      <trkpt lat="22.5399306" lon="113.9359850"><ele>12.7</ele><time>2023-08-21T22:56:58Z</time></trkpt>
      <trkpt lat="22.5399318" lon="113.9359682"><ele>12.8</ele><time>2023-08-21T22:56:59Z</time></trkpt>
      <trkpt lat="22.5399318" lon="113.9359513"><ele>12.9</ele><time>2023-08-21T22:57:00Z</time></trkpt>
      <trkpt lat="22.5399316" lon="113.9359344"><ele>13.0</ele><time>2023-08-21T22:57:01Z</time></trkpt>
      <trkpt lat="22.5399309" lon="113.9359176"><ele>13.1</ele><time>2023-08-21T22:57:02Z</time></trkpt>
      <trkpt lat="22.5399298" lon="113.9359009"><ele>13.1</ele><time>2023-08-21T22:57:03Z</time></trkpt>
      <trkpt lat="22.5399282" lon="113.9358843"><ele>13.2</ele><time>2023-08-21T22:57:04Z</time></trkpt>
      <trkpt lat="22.5399262" lon="113.9358677"><ele>13.3</ele><time>2023-08-21T22:57:05Z</time></trkpt>
      <trkpt lat="22.5399240" lon="113.9358511"><ele>13.4</ele><time>2023-08-21T22:57:06Z</time></trkpt>
      <trkpt lat="22.5399220" lon="113.9358347"><ele>13.5</ele><time>2023-08-21T22:57:07Z</time></trkpt>
      <trkpt lat="22.5399195" lon="113.9358184"><ele>13.5</ele><time>2023-08-21T22:57:08Z</time></trkpt>
      <trkpt lat="22.5399160" lon="113.9358023"><ele>13.6</ele><time>2023-08-21T22:57:09Z</time></trkpt>
      <trkpt lat="22.5399122" lon="113.9357863"><ele>13.7</ele><time>2023-08-21T22:57:10Z</time></trkpt>
      <trkpt lat="22.5399079" lon="113.9357704"><ele>13.7</ele><time>2023-08-21T22:57:11Z</time></trkpt>
      <trkpt lat="22.5399026" lon="113.9357548"><ele>13.8</ele><time>2023-08-21T22:57:12Z</time></trkpt>
      <trkpt lat="22.5398966" lon="113.9357396"><ele>13.8</ele><time>2023-08-21T22:57:13Z</time></trkpt>
      <trkpt lat="22.5398904" lon="113.9357245"><ele>13.9</ele><time>2023-08-21T22:57:14Z</time></trkpt>
      <trkpt lat="22.5398834" lon="113.9357098"><ele>14.0</ele><time>2023-08-21T22:57:15Z</time></trkpt>
      <trkpt lat="22.5398759" lon="113.9356955"><ele>14.0</ele><time>2023-08-21T22:57:16Z</time></trkpt>
      <trkpt lat="22.5398680" lon="113.9356815"><ele>14.1</ele><time>2023-08-21T22:57:17Z</time></trkpt>
      <trkpt lat="22.5398595" lon="113.9356678"><ele>14.1</ele><time>2023-08-21T22:57:18Z</time></trkpt>
      <trkpt lat="22.5398501" lon="113.9356548"><ele>14.2</ele><time>2023-08-21T22:57:19Z</time></trkpt>
      <trkpt lat="22.5398403" lon="113.9356423"><ele>14.2</ele><time>2023-08-21T22:57:20Z</time></trkpt>
      <trkpt lat="22.5398302" lon="113.9356299"><ele>14.3</ele><time>2023-08-21T22:57:21Z</time></trkpt>
      <trkpt lat="22.5398197" lon="113.9356179"><ele>14.3</ele><time>2023-08-21T22:57:22Z</time></trkpt>
      <trkpt lat="22.5398092" lon="113.9356062"><ele>14.3</ele><time>2023-08-21T22:57:23Z</time></trkpt>
      <trkpt lat="22.5397982" lon="113.9355954"><ele>14.4</ele><time>2023-08-21T22:57:24Z</time></trkpt>
      <trkpt lat="22.5397864" lon="113.9355854"><ele>14.4</ele><time>2023-08-21T22:57:25Z</time></trkpt>
      <trkpt lat="22.5397745" lon="113.9355753"><ele>14.4</ele><time>2023-08-21T22:57:26Z</time></trkpt>
      <trkpt lat="22.5397625" lon="113.9355652"><ele>14.5</ele><time>2023-08-21T22:57:27Z</time></trkpt>
      <trkpt lat="22.5397503" lon="113.9355554"><ele>14.5</ele><time>2023-08-21T22:57:28Z</time></trkpt>
      <trkpt lat="22.5397376" lon="113.9355463"><ele>14.5</ele><time>2023-08-21T22:57:29Z</time></trkpt>
      <trkpt lat="22.5397244" lon="113.9355381"><ele>14.5</ele><time>2023-08-21T22:57:30Z</time></trkpt>
      <trkpt lat="22.5397107" lon="113.9355307"><ele>14.6</ele><time>2023-08-21T22:57:31Z</time></trkpt>
      <trkpt lat="22.5396970" lon="113.9355232"><ele>14.6</ele><time>2023-08-21T22:57:32Z</time></trkpt>
      <trkpt lat="22.5396836" lon="113.9355155"><ele>14.6</ele><time>2023-08-21T22:57:33Z</time></trkpt>
      <trkpt lat="22.5396702" lon="113.9355078"><ele>14.6</ele><time>2023-08-21T22:57:34Z</time></trkpt>
      <trkpt lat="22.5396565" lon="113.9355004"><ele>14.6</ele><time>2023-08-21T22:57:35Z</time></trkpt>
      <trkpt lat="22.5396425" lon="113.9354938"><ele>14.6</ele><time>2023-08-21T22:57:36Z</time></trkpt>
      <trkpt lat="22.5396279" lon="113.9354887"><ele>14.7</ele><time>2023-08-21T22:57:37Z</time></trkpt>
      <trkpt lat="22.5396125" lon="113.9354848"><ele>14.7</ele><time>2023-08-21T22:57:38Z</time></trkpt>
      <trkpt lat="22.5395971" lon="113.9354813"><ele>14.7</ele><time>2023-08-21T22:57:39Z</time></trkpt>
      <trkpt lat="22.5395819" lon="113.9354774"><ele>14.7</ele><time>2023-08-21T22:57:40Z</time></trkpt>
      <trkpt lat="22.5395666" lon="113.9354735"><ele>14.7</ele><time>2023-08-21T22:57:41Z</time></trkpt>
      <trkpt lat="22.5395514" lon="113.9354700"><ele>14.7</ele><time>2023-08-21T22:57:42Z</time></trkpt>
      <trkpt lat="22.5395360" lon="113.9354678"><ele>14.7</ele><time>2023-08-21T22:57:43Z</time></trkpt>
      <trkpt lat="22.5395204" lon="113.9354669"><ele>14.7</ele><time>2023-08-21T22:57:44Z</time></trkpt>
      <trkpt lat="22.5395048" lon="113.9354665"><ele>14.8</ele><time>2023-08-21T22:57:45Z</time></trkpt>
      <trkpt lat="22.5394891" lon="113.9354662"><ele>14.8</ele><time>2023-08-21T22:57:46Z</time></trkpt>
      <trkpt lat="22.5394734" lon="113.9354658"><ele>14.8</ele><time>2023-08-21T22:57:47Z</time></trkpt>
      <trkpt lat="22.5394577" lon="113.9354650"><ele>14.8</ele><time>2023-08-21T22:57:48Z</time></trkpt>
      <trkpt lat="22.5394420" lon="113.9354644"><ele>14.8</ele><time>2023-08-21T22:57:49Z</time></trkpt>
      <trkpt lat="22.5394262" lon="113.9354647"><ele>14.8</ele><time>2023-08-21T22:57:50Z</time></trkpt>
      <trkpt lat="22.5394103" lon="113.9354652"><ele>14.8</ele><time>2023-08-21T22:57:51Z</time></trkpt>
      <trkpt lat="22.5393943" lon="113.9354661"><ele>14.8</ele><time>2023-08-21T22:57:52Z</time></trkpt>
      <trkpt lat="22.5393783" lon="113.9354671"><ele>14.8</ele><time>2023-08-21T22:57:53Z</time></trkpt>
      <trkpt lat="22.5393625" lon="113.9354679"><ele>14.8</ele><time>2023-08-21T22:57:54Z</time></trkpt>
      <trkpt lat="22.5393467" lon="113.9354682"><ele>14.8</ele><time>2023-08-21T22:57:55Z</time></trkpt>
      <trkpt lat="22.5393308" lon="113.9354676"><ele>14.8</ele><time>2023-08-21T22:57:56Z</time></trkpt>
      <trkpt lat="22.5393146" lon="113.9354674"><ele>14.8</ele><time>2023-08-21T22:57:57Z</time></trkpt>
      <trkpt lat="22.5392986" lon="113.9354694"><ele>14.8</ele><time>2023-08-21T22:57:58Z</time></trkpt>
      <trkpt lat="22.5392831" lon="113.9354726"><ele>14.8</ele><time>2023-08-21T22:57:59Z</time></trkpt>
      <trkpt lat="22.5392676" lon="113.9354754"><ele>14.8</ele><time>2023-08-21T22:58:00Z</time></trkpt>
      <trkpt lat="22.5392519" lon="113.9354777"><ele>14.8</ele><time>2023-08-21T22:58:01Z</time></trkpt>
      <trkpt lat="22.5392362" lon="113.9354793"><ele>14.7</ele><time>2023-08-21T22:58:02Z</time></trkpt>
      <trkpt lat="22.5392203" lon="113.9354800"><ele>14.7</ele><time>2023-08-21T22:58:03Z</time></trkpt>
      <trkpt lat="22.5392044" lon="113.9354797"><ele>14.7</ele><time>2023-08-21T22:58:04Z</time></trkpt>
      <trkpt lat="22.5391883" lon="113.9354791"><ele>14.7</ele><time>2023-08-21T22:58:05Z</time></trkpt>
      <trkpt lat="22.5391722" lon="113.9354793"><ele>14.7</ele><time>2023-08-21T22:58:06Z</time></trkpt>
      <trkpt lat="22.5391561" lon="113.9354802"><ele>14.7</ele><time>2023-08-21T22:58:07Z</time></trkpt>
      <trkpt lat="22.5391400" lon="113.9354811"><ele>14.7</ele><time>2023-08-21T22:58:08Z</time></trkpt>
      <trkpt lat="22.5391238" lon="113.9354820"><ele>14.7</ele><time>2023-08-21T22:58:09Z</time></trkpt>
      <trkpt lat="22.5391076" lon="113.9354827"><ele>14.7</ele><time>2023-08-21T22:58:10Z</time></trkpt>
      <trkpt lat="22.5390916" lon="113.9354829"><ele>14.7</ele><time>2023-08-21T22:58:11Z</time></trkpt>
      <trkpt lat="22.5390755" lon="113.9354831"><ele>14.7</ele><time>2023-08-21T22:58:12Z</time></trkpt>
      <trkpt lat="22.5390594" lon="113.9354833"><ele>14.6</ele><time>2023-08-21T22:58:13Z</time></trkpt>
      <trkpt lat="22.5390433" lon="113.9354839"><ele>14.6</ele><time>2023-08-21T22:58:14Z</time></trkpt>
      <trkpt lat="22.5390273" lon="113.9354852"><ele>14.6</ele><time>2023-08-21T22:58:15Z</time></trkpt>
      <trkpt lat="22.5390112" lon="113.9354871"><ele>14.6</ele><time>2023-08-21T22:58:16Z</time></trkpt>
      <trkpt lat="22.5389951" lon="113.9354880"><ele>14.6</ele><time>2023-08-21T22:58:17Z</time></trkpt>
      <trkpt lat="22.5389789" lon="113.9354877"><ele>14.6</ele><time>2023-08-21T22:58:18Z</time></trkpt>
      <trkpt lat="22.5389626" lon="113.9354874"><ele>14.6</ele><time>2023-08-21T22:58:19Z</time></trkpt>
      <trkpt lat="22.5389464" lon="113.9354870"><ele>14.6</ele><time>2023-08-21T22:58:20Z</time></trkpt>
      <trkpt lat="22.5389302" lon="113.9354863"><ele>14.6</ele><time>2023-08-21T22:58:21Z</time></trkpt>
      <trkpt lat="22.5389141" lon="113.9354857"><ele>14.6</ele><time>2023-08-21T22:58:22Z</time></trkpt>
      <trkpt lat="22.5388979" lon="113.9354857"><ele>14.6</ele><time>2023-08-21T22:58:23Z</time></trkpt>
      <trkpt lat="22.5388817" lon="113.9354865"><ele>14.6</ele><time>2023-08-21T22:58:24Z</time></trkpt>
      <trkpt lat="22.5388655" lon="113.9354874"><ele>14.6</ele><time>2023-08-21T22:58:25Z</time></trkpt>
      <trkpt lat="22.5388494" lon="113.9354884"><ele>14.6</ele><time>2023-08-21T22:58:26Z</time></trkpt>
      <trkpt lat="22.5388332" lon="113.9354899"><ele>14.6</ele><time>2023-08-21T22:58:27Z</time></trkpt>
      <trkpt lat="22.5388170" lon="113.9354914"><ele>14.6</ele><time>2023-08-21T22:58:28Z</time></trkpt>
      <trkpt lat="22.5388007" lon="113.9354918"><ele>14.6</ele><time>2023-08-21T22:58:29Z</time></trkpt>
      <trkpt lat="22.5387846" lon="113.9354918"><ele>14.6</ele><time>2023-08-21T22:58:30Z</time></trkpt>
      <trkpt lat="22.5387686" lon="113.9354926"><ele>14.6</ele><time>2023-08-21T22:58:31Z</time></trkpt>
      <trkpt lat="22.5387526" lon="113.9354941"><ele>14.6</ele><time>2023-08-21T22:58:32Z</time></trkpt>
      <trkpt lat="22.5387367" lon="113.9354952"><ele>14.6</ele><time>2023-08-21T22:58:33Z</time></trkpt>
      <trkpt lat="22.5387207" lon="113.9354966"><ele>14.5</ele><time>2023-08-21T22:58:34Z</time></trkpt>
      <trkpt lat="22.5387048" lon="113.9354993"><ele>14.5</ele><time>2023-08-21T22:58:35Z</time></trkpt>
      <trkpt lat="22.5386892" lon="113.9355028"><ele>14.5</ele><time>2023-08-21T22:58:36Z</time></trkpt>
      <trkpt lat="22.5386736" lon="113.9355061"><ele>14.5</ele><time>2023-08-21T22:58:37Z</time></trkpt>
      <trkpt lat="22.5386581" lon="113.9355098"><ele>14.5</ele><time>2023-08-21T22:58:38Z</time></trkpt>
      <trkpt lat="22.5386427" lon="113.9355145"><ele>14.5</ele><time>2023-08-21T22:58:39Z</time></trkpt>
      <trkpt lat="22.5386275" lon="113.9355197"><ele>14.4</ele><time>2023-08-21T22:58:40Z</time></trkpt>
      <trkpt lat="22.5386123" lon="113.9355250"><ele>14.4</ele><time>2023-08-21T22:58:41Z</time></trkpt>
      <trkpt lat="22.5385971" lon="113.9355306"><ele>14.4</ele><time>2023-08-21T22:58:42Z</time></trkpt>
      <trkpt lat="22.5385820" lon="113.9355371"><ele>14.4</ele><time>2023-08-21T22:58:43Z</time></trkpt>
      <trkpt lat="22.5385675" lon="113.9355450"><ele>14.3</ele><time>2023-08-21T22:58:44Z</time></trkpt>
      <trkpt lat="22.5385536" lon="113.9355536"><ele>14.3</ele><time>2023-08-21T22:58:45Z</time></trkpt>
      <trkpt lat="22.5385399" lon="113.9355623"><ele>14.3</ele><time>2023-08-21T22:58:46Z</time></trkpt>
      <trkpt lat="22.5385264" lon="113.9355713"><ele>14.2</ele><time>2023-08-21T22:58:47Z</time></trkpt>
      <trkpt lat="22.5385133" lon="113.9355810"><ele>14.2</ele><time>2023-08-21T22:58:48Z</time></trkpt>
      <trkpt lat="22.5385008" lon="113.9355915"><ele>14.2</ele><time>2023-08-21T22:58:49Z</time></trkpt>
      <trkpt lat="22.5384888" lon="113.9356026"><ele>14.1</ele><time>2023-08-21T22:58:50Z</time></trkpt>
      <trkpt lat="22.5384773" lon="113.9356144"><ele>14.1</ele><time>2023-08-21T22:58:51Z</time></trkpt>
      <trkpt lat="22.5384664" lon="113.9356265"><ele>14.0</ele><time>2023-08-21T22:58:52Z</time></trkpt>
      <trkpt lat="22.5384556" lon="113.9356387"><ele>14.0</ele><time>2023-08-21T22:58:53Z</time></trkpt>
      <trkpt lat="22.5384451" lon="113.9356513"><ele>14.0</ele><time>2023-08-21T22:58:54Z</time></trkpt>
      <trkpt lat="22.5384348" lon="113.9356640"><ele>13.9</ele><time>2023-08-21T22:58:55Z</time></trkpt>
      <trkpt lat="22.5384245" lon="113.9356764"><ele>13.9</ele><time>2023-08-21T22:58:56Z</time></trkpt>
      <trkpt lat="22.5384152" lon="113.9356897"><ele>13.8</ele><time>2023-08-21T22:58:57Z</time></trkpt>
      <trkpt lat="22.5384073" lon="113.9357042"><ele>13.8</ele><time>2023-08-21T22:58:58Z</time></trkpt>
      <trkpt lat="22.5384005" lon="113.9357192"><ele>13.7</ele><time>2023-08-21T22:58:59Z</time></trkpt>
      <trkpt lat="22.5383945" lon="113.9357347"><ele>13.7</ele><time>2023-08-21T22:59:00Z</time></trkpt>
      <trkpt lat="22.5383895" lon="113.9357507"><ele>13.6</ele><time>2023-08-21T22:59:01Z</time></trkpt>
      <trkpt lat="22.5383847" lon="113.9357668"><ele>13.6</ele><time>2023-08-21T22:59:02Z</time></trkpt>
      <trkpt lat="22.5383801" lon="113.9357828"><ele>13.5</ele><time>2023-08-21T22:59:03Z</time></trkpt>
      <trkpt lat="22.5383759" lon="113.9357989"><ele>13.5</ele><time>2023-08-21T22:59:04Z</time></trkpt>
      <trkpt lat="22.5383720" lon="113.9358151"><ele>13.4</ele><time>2023-08-21T22:59:05Z</time></trkpt>
      <trkpt lat="22.5383684" lon="113.9358314"><ele>13.4</ele><time>2023-08-21T22:59:06Z</time></trkpt>
      <trkpt lat="22.5383657" lon="113.9358480"><ele>13.3</ele><time>2023-08-21T22:59:07Z</time></trkpt>
      <trkpt lat="22.5383626" lon="113.9358644"><ele>13.3</ele><time>2023-08-21T22:59:08Z</time></trkpt>
      <trkpt lat="22.5383587" lon="113.9358804"><ele>13.2</ele><time>2023-08-21T22:59:09Z</time></trkpt>
      <trkpt lat="22.5383557" lon="113.9358967"><ele>13.2</ele><time>2023-08-21T22:59:10Z</time></trkpt>
      <trkpt lat="22.5383546" lon="113.9359134"><ele>13.1</ele><time>2023-08-21T22:59:11Z</time></trkpt>
      <trkpt lat="22.5383544" lon="113.9359302"><ele>13.1</ele><time>2023-08-21T22:59:12Z</time></trkpt>
      <trkpt lat="22.5383548" lon="113.9359470"><ele>13.0</ele><time>2023-08-21T22:59:13Z</time></trkpt>
      <trkpt lat="22.5383557" lon="113.9359639"><ele>13.0</ele><time>2023-08-21T22:59:14Z</time></trkpt>
      <trkpt lat="22.5383570" lon="113.9359807"><ele>12.9</ele><time>2023-08-21T22:59:15Z</time></trkpt>
      <trkpt lat="22.5383591" lon="113.9359975"><ele>12.9</ele><time>2023-08-21T22:59:16Z</time></trkpt>
      <trkpt lat="22.5383626" lon="113.9360141"><ele>12.9</ele><time>2023-08-21T22:59:17Z</time></trkpt>
      <trkpt lat="22.5383670" lon="113.9360306"><ele>12.8</ele><time>2023-08-21T22:59:18Z</time></trkpt>
      <trkpt lat="22.5383715" lon="113.9360469"><ele>12.8</ele><time>2023-08-21T22:59:19Z</time></trkpt>
      <trkpt lat="22.5383764" lon="113.9360632"><ele>12.8</ele><time>2023-08-21T22:59:20Z</time></trkpt>
      <trkpt lat="22.5383815" lon="113.9360793"><ele>12.7</ele><time>2023-08-21T22:59:21Z</time></trkpt>
      <trkpt lat="22.5383867" lon="113.9360953"><ele>12.7</ele><time>2023-08-21T22:59:22Z</time></trkpt>
      <trkpt lat="22.5383923" lon="113.9361111"><ele>12.7</ele><time>2023-08-21T22:59:23Z</time></trkpt>
      <trkpt lat="22.5383986" lon="113.9361267"><ele>12.7</ele><time>2023-08-21T22:59:24Z</time></trkpt>
      <trkpt lat="22.5384058" lon="113.9361418"><ele>12.7</ele><time>2023-08-21T22:59:25Z</time></trkpt>
      <trkpt lat="22.5384141" lon="113.9361563"><ele>12.7</ele><time>2023-08-21T22:59:26Z</time></trkpt>
      <trkpt lat="22.5384229" lon="113.9361704"><ele>12.7</ele><time>2023-08-21T22:59:27Z</time></trkpt>
      <trkpt lat="22.5384318" lon="113.9361844"><ele>12.7</ele><time>2023-08-21T22:59:28Z</time></trkpt>
      <trkpt lat="22.5384407" lon="113.9361984"><ele>12.7</ele><time>2023-08-21T22:59:29Z</time></trkpt>
      <trkpt lat="22.5384502" lon="113.9362118"><ele>12.7</ele><time>2023-08-21T22:59:30Z</time></trkpt>
      <trkpt lat="22.5384599" lon="113.9362250"><ele>12.7</ele><time>2023-08-21T22:59:31Z</time></trkpt>
      <trkpt lat="22.5384696" lon="113.9362379"><ele>12.7</ele><time>2023-08-21T22:59:32Z</time></trkpt>
      <trkpt lat="22.5384800" lon="113.9362504"><ele>12.7</ele><time>2023-08-21T22:59:33Z</time></trkpt>
      <trkpt lat="22.5384909" lon="113.9362626"><ele>12.7</ele><time>2023-08-21T22:59:34Z</time></trkpt>
      <trkpt lat="22.5385020" lon="113.9362745"><ele>12.7</ele><time>2023-08-21T22:59:35Z</time></trkpt>
      <trkpt lat="22.5385139" lon="113.9362855"><ele>12.7</ele><time>2023-08-21T22:59:36Z</time></trkpt>
      <trkpt lat="22.5385263" lon="113.9362960"><ele>12.7</ele><time>2023-08-21T22:59:37Z</time></trkpt>
      <trkpt lat="22.5385391" lon="113.9363056"><ele>12.7</ele><time>2023-08-21T22:59:38Z</time></trkpt>
      <trkpt lat="22.5385527" lon="113.9363144"><ele>12.7</ele><time>2023-08-21T22:59:39Z</time></trkpt>
      <trkpt lat="22.5385668" lon="113.9363230"><ele>12.8</ele><time>2023-08-21T22:59:40Z</time></trkpt>
      <trkpt lat="22.5385806" lon="113.9363314"><ele>12.8</ele><time>2023-08-21T22:59:41Z</time></trkpt>
      <trkpt lat="22.5385943" lon="113.9363394"><ele>12.8</ele><time>2023-08-21T22:59:42Z</time></trkpt>
      <trkpt lat="22.5386083" lon="113.9363469"><ele>12.8</ele><time>2023-08-21T22:59:43Z</time></trkpt>
      <trkpt lat="22.5386222" lon="113.9363544"><ele>12.8</ele><time>2023-08-21T22:59:44Z</time></trkpt>
      <trkpt lat="22.5386361" lon="113.9363616"><ele>12.8</ele><time>2023-08-21T22:59:45Z</time></trkpt>
      <trkpt lat="22.5386505" lon="113.9363679"><ele>12.8</ele><time>2023-08-21T22:59:46Z</time></trkpt>
      <trkpt lat="22.5386650" lon="113.9363734"><ele>12.8</ele><time>2023-08-21T22:59:47Z</time></trkpt>
      <trkpt lat="22.5386796" lon="113.9363787"><ele>12.9</ele><time>2023-08-21T22:59:48Z</time></trkpt>
      <trkpt lat="22.5386943" lon="113.9363837"><ele>12.9</ele><time>2023-08-21T22:59:49Z</time></trkpt>
      <trkpt lat="22.5387095" lon="113.9363877"><ele>12.9</ele><time>2023-08-21T22:59:50Z</time></trkpt>
      <trkpt lat="22.5387248" lon="113.9363907"><ele>12.9</ele><time>2023-08-21T22:59:51Z</time></trkpt>
      <trkpt lat="22.5387403" lon="113.9363929"><ele>13.0</ele><time>2023-08-21T22:59:52Z</time></trkpt>
      <trkpt lat="22.5387560" lon="113.9363941"><ele>13.0</ele><time>2023-08-21T22:59:53Z</time></trkpt>
      <trkpt lat="22.5387716" lon="113.9363945"><ele>13.1</ele><time>2023-08-21T22:59:54Z</time></trkpt>
      <trkpt lat="22.5387873" lon="113.9363944"><ele>13.1</ele><time>2023-08-21T22:59:55Z</time></trkpt>
      <trkpt lat="22.5388030" lon="113.9363937"><ele>13.1</ele><time>2023-08-21T22:59:56Z</time></trkpt>
      <trkpt lat="22.5388186" lon="113.9363928"><ele>13.2</ele><time>2023-08-21T22:59:57Z</time></trkpt>
      <trkpt lat="22.5388340" lon="113.9363923"><ele>13.2</ele><time>2023-08-21T22:59:58Z</time></trkpt>
      <trkpt lat="22.5388494" lon="113.9363924"><ele>13.3</ele><time>2023-08-21T22:59:59Z</time></trkpt>
      <trkpt lat="22.5388650" lon="113.9363930"><ele>13.3</ele><time>2023-08-21T23:00:00Z</time></trkpt>
      <trkpt lat="22.5388805" lon="113.9363938"><ele>13.4</ele><time>2023-08-21T23:00:01Z</time></trkpt>
      <trkpt lat="22.5388959" lon="113.9363940"><ele>13.4</ele><time>2023-08-21T23:00:02Z</time></trkpt>
      <trkpt lat="22.5389109" lon="113.9363936"><ele>13.5</ele><time>2023-08-21T23:00:03Z</time></trkpt>
      <trkpt lat="22.5389260" lon="113.9363930"><ele>13.5</ele><time>2023-08-21T23:00:04Z</time></trkpt>
      <trkpt lat="22.5389415" lon="113.9363924"><ele>13.6</ele><time>2023-08-21T23:00:05Z</time></trkpt>
      <trkpt lat="22.5389573" lon="113.9363916"><ele>13.7</ele><time>2023-08-21T23:00:06Z</time></trkpt>
      <trkpt lat="22.5389732" lon="113.9363902"><ele>13.7</ele><time>2023-08-21T23:00:07Z</time></trkpt>
      <trkpt lat="22.5389892" lon="113.9363886"><ele>13.8</ele><time>2023-08-21T23:00:08Z</time></trkpt>
      <trkpt lat="22.5390055" lon="113.9363869"><ele>13.8</ele><time>2023-08-21T23:00:09Z</time></trkpt>
      <trkpt lat="22.5390218" lon="113.9363863"><ele>13.9</ele><time>2023-08-21T23:00:10Z</time></trkpt>
      <trkpt lat="22.5390380" lon="113.9363863"><ele>14.0</ele><time>2023-08-21T23:00:11Z</time></trkpt>
      <trkpt lat="22.5390540" lon="113.9363846"><ele>14.0</ele><time>2023-08-21T23:00:12Z</time></trkpt>
      <trkpt lat="22.5390701" lon="113.9363833"><ele>14.1</ele><time>2023-08-21T23:00:13Z</time></trkpt>
      <trkpt lat="22.5390864" lon="113.9363830"><ele>14.1</ele><time>2023-08-21T23:00:14Z</time></trkpt>
      <trkpt lat="22.5391027" lon="113.9363822"><ele>14.2</ele><time>2023-08-21T23:00:15Z</time></trkpt>
      <trkpt lat="22.5391189" lon="113.9363814"><ele>14.3</ele><time>2023-08-21T23:00:16Z</time></trkpt>
      <trkpt lat="22.5391351" lon="113.9363808"><ele>14.3</ele><time>2023-08-21T23:00:17Z</time></trkpt>
      <trkpt lat="22.5391514" lon="113.9363800"><ele>14.4</ele><time>2023-08-21T23:00:18Z</time></trkpt>
      <trkpt lat="22.5391676" lon="113.9363797"><ele>14.4</ele><time>2023-08-21T23:00:19Z</time></trkpt>
      <trkpt lat="22.5391838" lon="113.9363793"><ele>14.5</ele><time>2023-08-21T23:00:20Z</time></trkpt>
      <trkpt lat="22.5391998" lon="113.9363780"><ele>14.6</ele><time>2023-08-21T23:00:21Z</time></trkpt>
      <trkpt lat="22.5392156" lon="113.9363768"><ele>14.6</ele><time>2023-08-21T23:00:22Z</time></trkpt>
      <trkpt lat="22.5392315" lon="113.9363756"><ele>14.7</ele><time>2023-08-21T23:00:23Z</time></trkpt>
      <trkpt lat="22.5392476" lon="113.9363738"><ele>14.8</ele><time>2023-08-21T23:00:24Z</time></trkpt>
      <trkpt lat="22.5392637" lon="113.9363721"><ele>14.8</ele><time>2023-08-21T23:00:25Z</time></trkpt>
      <trkpt lat="22.5392799" lon="113.9363714"><ele>14.9</ele><time>2023-08-21T23:00:26Z</time></trkpt>
      <trkpt lat="22.5392963" lon="113.9363709"><ele>15.0</ele><time>2023-08-21T23:00:27Z</time></trkpt>
      <trkpt lat="22.5393127" lon="113.9363707"><ele>15.0</ele><time>2023-08-21T23:00:28Z</time></trkpt>
      <trkpt lat="22.5393290" lon="113.9363708"><ele>15.1</ele><time>2023-08-21T23:00:29Z</time></trkpt>
      <trkpt lat="22.5393453" lon="113.9363705"><ele>15.1</ele><time>2023-08-21T23:00:30Z</time></trkpt>
      <trkpt lat="22.5393618" lon="113.9363699"><ele>15.2</ele><time>2023-08-21T23:00:31Z</time></trkpt>
      <trkpt lat="22.5393783" lon="113.9363691"><ele>15.3</ele><time>2023-08-21T23:00:32Z</time></trkpt>
      <trkpt lat="22.5393948" lon="113.9363680"><ele>15.3</ele><time>2023-08-21T23:00:33Z</time></trkpt>
      <trkpt lat="22.5394114" lon="113.9363671"><ele>15.4</ele><time>2023-08-21T23:00:34Z</time></trkpt>
      <trkpt lat="22.5394278" lon="113.9363670"><ele>15.4</ele><time>2023-08-21T23:00:35Z</time></trkpt>
      <trkpt lat="22.5394441" lon="113.9363675"><ele>15.5</ele><time>2023-08-21T23:00:36Z</time></trkpt>
      <trkpt lat="22.5394605" lon="113.9363677"><ele>15.5</ele><time>2023-08-21T23:00:37Z</time></trkpt>
      <trkpt lat="22.5394769" lon="113.9363672"><ele>15.6</ele><time>2023-08-21T23:00:38Z</time></trkpt>
      <trkpt lat="22.5394930" lon="113.9363660"><ele>15.6</ele><time>2023-08-21T23:00:39Z</time></trkpt>
      <trkpt lat="22.5395092" lon="113.9363650"><ele>15.6</ele><time>2023-08-21T23:00:40Z</time></trkpt>
      <trkpt lat="22.5395256" lon="113.9363642"><ele>15.6</ele><time>2023-08-21T23:00:41Z</time></trkpt>
      <trkpt lat="22.5395422" lon="113.9363633"><ele>15.7</ele><time>2023-08-21T23:00:42Z</time></trkpt>
      <trkpt lat="22.5395587" lon="113.9363617"><ele>15.7</ele><time>2023-08-21T23:00:43Z</time></trkpt>
      <trkpt lat="22.5395750" lon="113.9363591"><ele>15.7</ele><time>2023-08-21T23:00:44Z</time></trkpt>
      <trkpt lat="22.5395913" lon="113.9363561"><ele>15.7</ele><time>2023-08-21T23:00:45Z</time></trkpt>
      <trkpt lat="22.5396073" lon="113.9363519"><ele>15.7</ele><time>2023-08-21T23:00:46Z</time></trkpt>
      <trkpt lat="22.5396229" lon="113.9363464"><ele>15.7</ele><time>2023-08-21T23:00:47Z</time></trkpt>
      <trkpt lat="22.5396383" lon="113.9363400"><ele>15.7</ele><time>2023-08-21T23:00:48Z</time></trkpt>
      <trkpt lat="22.5396534" lon="113.9363328"><ele>15.7</ele><time>2023-08-21T23:00:49Z</time></trkpt>
      <trkpt lat="22.5396684" lon="113.9363251"><ele>15.6</ele><time>2023-08-21T23:00:50Z</time></trkpt>
      <trkpt lat="22.5396832" lon="113.9363173"><ele>15.6</ele><time>2023-08-21T23:00:51Z</time></trkpt>
      <trkpt lat="22.5396975" lon="113.9363086"><ele>15.6</ele><time>2023-08-21T23:00:52Z</time></trkpt>
      <trkpt lat="22.5397115" lon="113.9362997"><ele>15.6</ele><time>2023-08-21T23:00:53Z</time></trkpt>
      <trkpt lat="22.5397254" lon="113.9362905"><ele>15.5</ele><time>2023-08-21T23:00:54Z</time></trkpt>
      <trkpt lat="22.5397394" lon="113.9362810"><ele>15.5</ele><time>2023-08-21T23:00:55Z</time></trkpt>
      <trkpt lat="22.5397530" lon="113.9362711"><ele>15.5</ele><time>2023-08-21T23:00:56Z</time></trkpt>
      <trkpt lat="22.5397662" lon="113.9362605"><ele>15.4</ele><time>2023-08-21T23:00:57Z</time></trkpt>
      <trkpt lat="22.5397787" lon="113.9362489"><ele>15.4</ele><time>2023-08-21T23:00:58Z</time></trkpt>
      <trkpt lat="22.5397905" lon="113.9362367"><ele>15.3</ele><time>2023-08-21T23:00:59Z</time></trkpt>
      <trkpt lat="22.5398019" lon="113.9362242"><ele>15.3</ele><time>2023-08-21T23:01:00Z</time></trkpt>
      <trkpt lat="22.5398124" lon="113.9362105"><ele>15.3</ele><time>2023-08-21T23:01:01Z</time></trkpt>
      <trkpt lat="22.5398221" lon="113.9361961"><ele>15.2</ele><time>2023-08-21T23:01:02Z</time></trkpt>
      <trkpt lat="22.5398313" lon="113.9361816"><ele>15.2</ele><time>2023-08-21T23:01:03Z</time></trkpt>
      <trkpt lat="22.5398403" lon="113.9361668"><ele>15.2</ele><time>2023-08-21T23:01:04Z</time></trkpt>
      <trkpt lat="22.5398485" lon="113.9361515"><ele>15.1</ele><time>2023-08-21T23:01:05Z</time></trkpt>
      <trkpt lat="22.5398562" lon="113.9361360"><ele>15.1</ele><time>2023-08-21T23:01:06Z</time></trkpt>
      <trkpt lat="22.5398633" lon="113.9361203"><ele>15.1</ele><time>2023-08-21T23:01:07Z</time></trkpt>
      <trkpt lat="22.5398700" lon="113.9361044"><ele>15.1</ele><time>2023-08-21T23:01:08Z</time></trkpt>
      <trkpt lat="22.5398767" lon="113.9360891"><ele>15.0</ele><time>2023-08-21T23:01:09Z</time></trkpt>
      <trkpt lat="22.5398833" lon="113.9360738"><ele>15.0</ele><time>2023-08-21T23:01:10Z</time></trkpt>
      <trkpt lat="22.5398892" lon="113.9360577"><ele>15.0</ele><time>2023-08-21T23:01:11Z</time></trkpt>
      <trkpt lat="22.5398938" lon="113.9360411"><ele>15.0</ele><time>2023-08-21T23:01:12Z</time></trkpt>
      <trkpt lat="22.5398974" lon="113.9360244"><ele>15.0</ele><time>2023-08-21T23:01:13Z</time></trkpt>
      <trkpt lat="22.5399006" lon="113.9360076"><ele>15.0</ele><time>2023-08-21T23:01:14Z</time></trkpt>
      <trkpt lat="22.5399035" lon="113.9359908"><ele>15.0</ele><time>2023-08-21T23:01:15Z</time></trkpt>
      <trkpt lat="22.5399062" lon="113.9359741"><ele>15.0</ele><time>2023-08-21T23:01:16Z</time></trkpt>
      <trkpt lat="22.5399085" lon="113.9359574"><ele>15.0</ele><time>2023-08-21T23:01:17Z</time></trkpt>
      <trkpt lat="22.5399099" lon="113.9359405"><ele>15.0</ele><time>2023-08-21T23:01:18Z</time></trkpt>
      <trkpt lat="22.5399107" lon="113.9359237"><ele>15.0</ele><time>2023-08-21T23:01:19Z</time></trkpt>
      <trkpt lat="22.5399110" lon="113.9359070"><ele>15.0</ele><time>2023-08-21T23:01:20Z</time></trkpt>
      <trkpt lat="22.5399107" lon="113.9358903"><ele>15.0</ele><time>2023-08-21T23:01:21Z</time></trkpt>
      <trkpt lat="22.5399101" lon="113.9358737"><ele>15.0</ele><time>2023-08-21T23:01:22Z</time></trkpt>
      <trkpt lat="22.5399089" lon="113.9358573"><ele>15.0</ele><time>2023-08-21T23:01:23Z</time></trkpt>
      <trkpt lat="22.5399067" lon="113.9358409"><ele>15.0</ele><time>2023-08-21T23:01:24Z</time></trkpt>
      <trkpt lat="22.5399044" lon="113.9358247"><ele>15.0</ele><time>2023-08-21T23:01:25Z</time></trkpt>
      <trkpt lat="22.5399022" lon="113.9358085"><ele>15.0</ele><time>2023-08-21T23:01:26Z</time></trkpt>
      <trkpt lat="22.5398998" lon="113.9357924"><ele>15.0</ele><time>2023-08-21T23:01:27Z</time></trkpt>
      <trkpt lat="22.5398962" lon="113.9357765"><ele>15.0</ele><time>2023-08-21T23:01:28Z</time></trkpt>
      <trkpt lat="22.5398913" lon="113.9357609"><ele>15.0</ele><time>2023-08-21T23:01:29Z</time></trkpt>
      <trkpt lat="22.5398855" lon="113.9357458"><ele>15.0</ele><time>2023-08-21T23:01:30Z</time></trkpt>
      <trkpt lat="22.5398791" lon="113.9357310"><ele>15.0</ele><time>2023-08-21T23:01:31Z</time></trkpt>
      <trkpt lat="22.5398726" lon="113.9357163"><ele>15.0</ele><time>2023-08-21T23:01:32Z</time></trkpt>
      <trkpt lat="22.5398659" lon="113.9357016"><ele>15.0</ele><time>2023-08-21T23:01:33Z</time></trkpt>
      <trkpt lat="22.5398587" lon="113.9356874"><ele>15.0</ele><time>2023-08-21T23:01:34Z</time></trkpt>
      <trkpt lat="22.5398509" lon="113.9356736"><ele>15.0</ele><time>2023-08-21T23:01:35Z</time></trkpt>
      <trkpt lat="22.5398429" lon="113.9356601"><ele>15.0</ele><time>2023-08-21T23:01:36Z</time></trkpt>
      <trkpt lat="22.5398346" lon="113.9356468"><ele>15.0</ele><time>2023-08-21T23:01:37Z</time></trkpt>
      <trkpt lat="22.5398258" lon="113.9356336"><ele>15.0</ele><time>2023-08-21T23:01:38Z</time></trkpt>
      <trkpt lat="22.5398170" lon="113.9356204"><ele>15.0</ele><time>2023-08-21T23:01:39Z</time></trkpt>
      <trkpt lat="22.5398085" lon="113.9356071"><ele>15.0</ele><time>2023-08-21T23:01:40Z</time></trkpt>
      <trkpt lat="22.5397990" lon="113.9355937"><ele>15.0</ele><time>2023-08-21T23:01:41Z</time></trkpt>
      <trkpt lat="22.5397882" lon="113.9355807"><ele>15.0</ele><time>2023-08-21T23:01:42Z</time></trkpt>
      <trkpt lat="22.5397765" lon="113.9355685"><ele>15.0</ele><time>2023-08-21T23:01:43Z</time></trkpt>
      <trkpt lat="22.5397641" lon="113.9355571"><ele>15.0</ele><time>2023-08-21T23:01:44Z</time></trkpt>
      <trkpt lat="22.5397510" lon="113.9355461"><ele>15.0</ele><time>2023-08-21T23:01:45Z</time></trkpt>
      <trkpt lat="22.5397380" lon="113.9355363"><ele>14.9</ele><time>2023-08-21T23:01:46Z</time></trkpt>
      <trkpt lat="22.5397255" lon="113.9355272"><ele>14.9</ele><time>2023-08-21T23:01:47Z</time></trkpt>
      <trkpt lat="22.5397128" lon="113.9355186"><ele>14.9</ele><time>2023-08-21T23:01:48Z</time></trkpt>
      <trkpt lat="22.5396998" lon="113.9355104"><ele>14.9</ele><time>2023-08-21T23:01:49Z</time></trkpt>
      <trkpt lat="22.5396869" lon="113.9355024"><ele>14.8</ele><time>2023-08-21T23:01:50Z</time></trkpt>
      <trkpt lat="22.5396736" lon="113.9354953"><ele>14.8</ele><time>2023-08-21T23:01:51Z</time></trkpt>
      <trkpt lat="22.5396597" lon="113.9354892"><ele>14.8</ele><time>2023-08-21T23:01:52Z</time></trkpt>
      <trkpt lat="22.5396454" lon="113.9354839"><ele>14.8</ele><time>2023-08-21T23:01:53Z</time></trkpt>
      <trkpt lat="22.5396315" lon="113.9354778"><ele>14.7</ele><time>2023-08-21T23:01:54Z</time></trkpt>
      <trkpt lat="22.5396176" lon="113.9354713"><ele>14.7</ele><time>2023-08-21T23:01:55Z</time></trkpt>
      <trkpt lat="22.5396034" lon="113.9354656"><ele>14.6</ele><time>2023-08-21T23:01:56Z</time></trkpt>
      <trkpt lat="22.5395891" lon="113.9354601"><ele>14.6</ele><time>2023-08-21T23:01:57Z</time></trkpt>
      <trkpt lat="22.5395745" lon="113.9354557"><ele>14.6</ele><time>2023-08-21T23:01:58Z</time></trkpt>
      <trkpt lat="22.5395593" lon="113.9354530"><ele>14.5</ele><time>2023-08-21T23:01:59Z</time></trkpt>
      <trkpt lat="22.5395437" lon="113.9354514"><ele>14.5</ele><time>2023-08-21T23:02:00Z</time></trkpt>
      <trkpt lat="22.5395279" lon="113.9354507"><ele>14.4</ele><time>2023-08-21T23:02:01Z</time></trkpt>
      <trkpt lat="22.5395122" lon="113.9354508"><ele>14.4</ele><time>2023-08-21T23:02:02Z</time></trkpt>
      <trkpt lat="22.5394967" lon="113.9354512"><ele>14.3</ele><time>2023-08-21T23:02:03Z</time></trkpt>
      <trkpt lat="22.5394810" lon="113.9354524"><ele>14.3</ele><time>2023-08-21T23:02:04Z</time></trkpt>
      <trkpt lat="22.5394652" lon="113.9354545"><ele>14.3</ele><time>2023-08-21T23:02:05Z</time></trkpt>
      <trkpt lat="22.5394494" lon="113.9354567"><ele>14.2</ele><time>2023-08-21T23:02:06Z</time></trkpt>
      <trkpt lat="22.5394337" lon="113.9354586"><ele>14.2</ele><time>2023-08-21T23:02:07Z</time></trkpt>
      <trkpt lat="22.5394180" lon="113.9354604"><ele>14.1</ele><time>2023-08-21T23:02:08Z</time></trkpt>
      <trkpt lat="22.5394023" lon="113.9354614"><ele>14.1</ele><time>2023-08-21T23:02:09Z</time></trkpt>
      <trkpt lat="22.5393866" lon="113.9354615"><ele>14.1</ele><time>2023-08-21T23:02:10Z</time></trkpt>
      <trkpt lat="22.5393710" lon="113.9354616"><ele>14.0</ele><time>2023-08-21T23:02:11Z</time></trkpt>
      <trkpt lat="22.5393554" lon="113.9354623"><ele>14.0</ele><time>2023-08-21T23:02:12Z</time></trkpt>
      <trkpt lat="22.5393399" lon="113.9354630"><ele>13.9</ele><time>2023-08-21T23:02:13Z</time></trkpt>
      <trkpt lat="22.5393245" lon="113.9354641"><ele>13.9</ele><time>2023-08-21T23:02:14Z</time></trkpt>
      <trkpt lat="22.5393092" lon="113.9354660"><ele>13.9</ele><time>2023-08-21T23:02:15Z</time></trkpt>
      <trkpt lat="22.5392939" lon="113.9354675"><ele>13.8</ele><time>2023-08-21T23:02:16Z</time></trkpt>
      <trkpt lat="22.5392787" lon="113.9354690"><ele>13.8</ele><time>2023-08-21T23:02:17Z</time></trkpt>
      <trkpt lat="22.5392634" lon="113.9354706"><ele>13.8</ele><time>2023-08-21T23:02:18Z</time></trkpt>
      <trkpt lat="22.5392481" lon="113.9354721"><ele>13.7</ele><time>2023-08-21T23:02:19Z</time></trkpt>
      <trkpt lat="22.5392328" lon="113.9354731"><ele>13.7</ele><time>2023-08-21T23:02:20Z</time></trkpt>
      <trkpt lat="22.5392177" lon="113.9354736"><ele>13.7</ele><time>2023-08-21T23:02:21Z</time></trkpt>
      <trkpt lat="22.5392025" lon="113.9354742"><ele>13.7</ele><time>2023-08-21T23:02:22Z</time></trkpt>
      <trkpt lat="22.5391874" lon="113.9354749"><ele>13.6</ele><time>2023-08-21T23:02:23Z</time></trkpt>
      <trkpt lat="22.5391724" lon="113.9354755"><ele>13.6</ele><time>2023-08-21T23:02:24Z</time></trkpt>
      <trkpt lat="22.5391572" lon="113.9354760"><ele>13.6</ele><time>2023-08-21T23:02:25Z</time></trkpt>
      <trkpt lat="22.5391422" lon="113.9354759"><ele>13.6</ele><time>2023-08-21T23:02:26Z</time></trkpt>
      <trkpt lat="22.5391273" lon="113.9354749"><ele>13.6</ele><time>2023-08-21T23:02:27Z</time></trkpt>
      <trkpt lat="22.5391123" lon="113.9354743"><ele>13.5</ele><time>2023-08-21T23:02:28Z</time></trkpt>
      <trkpt lat="22.5390972" lon="113.9354743"><ele>13.5</ele><time>2023-08-21T23:02:29Z</time></trkpt>
      <trkpt lat="22.5390821" lon="113.9354743"><ele>13.5</ele><time>2023-08-21T23:02:30Z</time></trkpt>
      <trkpt lat="22.5390670" lon="113.9354737"><ele>13.5</ele><time>2023-08-21T23:02:31Z</time></trkpt>
      <trkpt lat="22.5390518" lon="113.9354734"><ele>13.5</ele><time>2023-08-21T23:02:32Z</time></trkpt>
      <trkpt lat="22.5390366" lon="113.9354736"><ele>13.4</ele><time>2023-08-21T23:02:33Z</time></trkpt>
      <trkpt lat="22.5390213" lon="113.9354739"><ele>13.4</ele><time>2023-08-21T23:02:34Z</time></trkpt>
      <trkpt lat="22.5390059" lon="113.9354737"><ele>13.4</ele><time>2023-08-21T23:02:35Z</time></trkpt>
      <trkpt lat="22.5389905" lon="113.9354725"><ele>13.4</ele><time>2023-08-21T23:02:36Z</time></trkpt>
      <trkpt lat="22.5389752" lon="113.9354717"><ele>13.4</ele><time>2023-08-21T23:02:37Z</time></trkpt>
      <trkpt lat="22.5389599" lon="113.9354720"><ele>13.3</ele><time>2023-08-21T23:02:38Z</time></trkpt>
      <trkpt lat="22.5389446" lon="113.9354735"><ele>13.3</ele><time>2023-08-21T23:02:39Z</time></trkpt>
      <trkpt lat="22.5389293" lon="113.9354752"><ele>13.3</ele><time>2023-08-21T23:02:40Z</time></trkpt>
      <trkpt lat="22.5389142" lon="113.9354765"><ele>13.3</ele><time>2023-08-21T23:02:41Z</time></trkpt>
      <trkpt lat="22.5388989" lon="113.9354779"><ele>13.2</ele><time>2023-08-21T23:02:42Z</time></trkpt>
      <trkpt lat="22.5388836" lon="113.9354793"><ele>13.2</ele><time>2023-08-21T23:02:43Z</time></trkpt>
      <trkpt lat="22.5388684" lon="113.9354807"><ele>13.2</ele><time>2023-08-21T23:02:44Z</time></trkpt>
      <trkpt lat="22.5388531" lon="113.9354818"><ele>13.1</ele><time>2023-08-21T23:02:45Z</time></trkpt>
      <trkpt lat="22.5388379" lon="113.9354830"><ele>13.1</ele><time>2023-08-21T23:02:46Z</time></trkpt>
      <trkpt lat="22.5388227" lon="113.9354842"><ele>13.1</ele><time>2023-08-21T23:02:47Z</time></trkpt>
      <trkpt lat="22.5388076" lon="113.9354854"><ele>13.0</ele><time>2023-08-21T23:02:48Z</time></trkpt>
      <trkpt lat="22.5387924" lon="113.9354874"><ele>13.0</ele><time>2023-08-21T23:02:49Z</time></trkpt>
      <trkpt lat="22.5387773" lon="113.9354898"><ele>12.9</ele><time>2023-08-21T23:02:50Z</time></trkpt>
      <trkpt lat="22.5387623" lon="113.9354918"><ele>12.9</ele><time>2023-08-21T23:02:51Z</time></trkpt>
      <trkpt lat="22.5387474" lon="113.9354940"><ele>12.9</ele><time>2023-08-21T23:02:52Z</time></trkpt>
      <trkpt lat="22.5387325" lon="113.9354967"><ele>12.8</ele><time>2023-08-21T23:02:53Z</time></trkpt>
      <trkpt lat="22.5387176" lon="113.9354996"><ele>12.8</ele><time>2023-08-21T23:02:54Z</time></trkpt>
      <trkpt lat="22.5387026" lon="113.9355019"><ele>12.7</ele><time>2023-08-21T23:02:55Z</time></trkpt>
      <trkpt lat="22.5386876" lon="113.9355038"><ele>12.7</ele><time>2023-08-21T23:02:56Z</time></trkpt>
      <trkpt lat="22.5386727" lon="113.9355058"><ele>12.6</ele><time>2023-08-21T23:02:57Z</time></trkpt>
      <trkpt lat="22.5386581" lon="113.9355085"><ele>12.6</ele><time>2023-08-21T23:02:58Z</time></trkpt>
      <trkpt lat="22.5386440" lon="113.9355131"><ele>12.5</ele><time>2023-08-21T23:02:59Z</time></trkpt>
      <trkpt lat="22.5386304" lon="113.9355195"><ele>12.5</ele><time>2023-08-21T23:03:00Z</time></trkpt>
      <trkpt lat="22.5386170" lon="113.9355263"><ele>12.4</ele><time>2023-08-21T23:03:01Z</time></trkpt>
      <trkpt lat="22.5386038" lon="113.9355333"><ele>12.4</ele><time>2023-08-21T23:03:02Z</time></trkpt>
      <trkpt lat="22.5385908" lon="113.9355409"><ele>12.3</ele><time>2023-08-21T23:03:03Z</time></trkpt>
      <trkpt lat="22.5385780" lon="113.9355488"><ele>12.3</ele><time>2023-08-21T23:03:04Z</time></trkpt>
      <trkpt lat="22.5385653" lon="113.9355566"><ele>12.2</ele><time>2023-08-21T23:03:05Z</time></trkpt>
      <trkpt lat="22.5385523" lon="113.9355642"><ele>12.2</ele><time>2023-08-21T23:03:06Z</time></trkpt>
      <trkpt lat="22.5385394" lon="113.9355719"><ele>12.1</ele><time>2023-08-21T23:03:07Z</time></trkpt>
      <trkpt lat="22.5385269" lon="113.9355802"><ele>12.1</ele><time>2023-08-21T23:03:08Z</time></trkpt>
      <trkpt lat="22.5385149" lon="113.9355892"><ele>12.1</ele><time>2023-08-21T23:03:09Z</time></trkpt>
      <trkpt lat="22.5385032" lon="113.9355988"><ele>12.0</ele><time>2023-08-21T23:03:10Z</time></trkpt>
      <trkpt lat="22.5384915" lon="113.9356084"><ele>12.0</ele><time>2023-08-21T23:03:11Z</time></trkpt>
      <trkpt lat="22.5384798" lon="113.9356181"><ele>12.0</ele><time>2023-08-21T23:03:12Z</time></trkpt>
      <trkpt lat="22.5384687" lon="113.9356288"><ele>11.9</ele><time>2023-08-21T23:03:13Z</time></trkpt>
      <trkpt lat="22.5384582" lon="113.9356401"><ele>11.9</ele><time>2023-08-21T23:03:14Z</time></trkpt>
      <trkpt lat="22.5384483" lon="113.9356519"><ele>11.9</ele><time>2023-08-21T23:03:15Z</time></trkpt>
      <trkpt lat="22.5384394" lon="113.9356646"><ele>11.8</ele><time>2023-08-21T23:03:16Z</time></trkpt>
      <trkpt lat="22.5384314" lon="113.9356781"><ele>11.8</ele><time>2023-08-21T23:03:17Z</time></trkpt>
      <trkpt lat="22.5384240" lon="113.9356917"><ele>11.8</ele><time>2023-08-21T23:03:18Z</time></trkpt>
      <trkpt lat="22.5384171" lon="113.9357057"><ele>11.8</ele><time>2023-08-21T23:03:19Z</time></trkpt>
      <trkpt lat="22.5384109" lon="113.9357203"><ele>11.7</ele><time>2023-08-21T23:03:20Z</time></trkpt>
      <trkpt lat="22.5384049" lon="113.9357348"><ele>11.7</ele><time>2023-08-21T23:03:21Z</time></trkpt>
      <trkpt lat="22.5383986" lon="113.9357491"><ele>11.7</ele><time>2023-08-21T23:03:22Z</time></trkpt>
      <trkpt lat="22.5383919" lon="113.9357632"><ele>11.7</ele><time>2023-08-21T23:03:23Z</time></trkpt>
      <trkpt lat="22.5383848" lon="113.9357771"><ele>11.7</ele><time>2023-08-21T23:03:24Z</time></trkpt>
      <trkpt lat="22.5383768" lon="113.9357908"><ele>11.7</ele><time>2023-08-21T23:03:25Z</time></trkpt>
      <trkpt lat="22.5383700" lon="113.9358059"><ele>11.6</ele><time>2023-08-21T23:03:26Z</time></trkpt>
      <trkpt lat="22.5383661" lon="113.9358227"><ele>11.6</ele><time>2023-08-21T23:03:27Z</time></trkpt>
      <trkpt lat="22.5383632" lon="113.9358398"><ele>11.6</ele><time>2023-08-21T23:03:28Z</time></trkpt>
      <trkpt lat="22.5383608" lon="113.9358571"><ele>11.6</ele><time>2023-08-21T23:03:29Z</time></trkpt>
      <trkpt lat="22.5383599" lon="113.9358743"><ele>11.6</ele><time>2023-08-21T23:03:30Z</time></trkpt>
      <trkpt lat="22.5383600" lon="113.9358908"><ele>11.6</ele><time>2023-08-21T23:03:31Z</time></trkpt>
      <trkpt lat="22.5383597" lon="113.9359068"><ele>11.6</ele><time>2023-08-21T23:03:32Z</time></trkpt>
      <trkpt lat="22.5383593" lon="113.9359227"><ele>11.6</ele><time>2023-08-21T23:03:33Z</time></trkpt>
      <trkpt lat="22.5383594" lon="113.9359389"><ele>11.6</ele><time>2023-08-21T23:03:34Z</time></trkpt>
      <trkpt lat="22.5383600" lon="113.9359550"><ele>11.6</ele><time>2023-08-21T23:03:35Z</time></trkpt>
      <trkpt lat="22.5383612" lon="113.9359711"><ele>11.6</ele><time>2023-08-21T23:03:36Z</time></trkpt>
      <trkpt lat="22.5383633" lon="113.9359873"><ele>11.6</ele><time>2023-08-21T23:03:37Z</time></trkpt>
      <trkpt lat="22.5383656" lon="113.9360034"><ele>11.6</ele><time>2023-08-21T23:03:38Z</time></trkpt>
      <trkpt lat="22.5383680" lon="113.9360196"><ele>11.6</ele><time>2023-08-21T23:03:39Z</time></trkpt>
      <trkpt lat="22.5383719" lon="113.9360356"><ele>11.6</ele><time>2023-08-21T23:03:40Z</time></trkpt>
      <trkpt lat="22.5383770" lon="113.9360515"><ele>11.6</ele><time>2023-08-21T23:03:41Z</time></trkpt>
      <trkpt lat="22.5383825" lon="113.9360671"><ele>11.6</ele><time>2023-08-21T23:03:42Z</time></trkpt>
      <trkpt lat="22.5383881" lon="113.9360826"><ele>11.7</ele><time>2023-08-21T23:03:43Z</time></trkpt>
      <trkpt lat="22.5383939" lon="113.9360980"><ele>11.7</ele><time>2023-08-21T23:03:44Z</time></trkpt>
      <trkpt lat="22.5383997" lon="113.9361134"><ele>11.7</ele><time>2023-08-21T23:03:45Z</time></trkpt>
      <trkpt lat="22.5384058" lon="113.9361285"><ele>11.7</ele><time>2023-08-21T23:03:46Z</time></trkpt>
      <trkpt lat="22.5384131" lon="113.9361433"><ele>11.7</ele><time>2023-08-21T23:03:47Z</time></trkpt>
      <trkpt lat="22.5384209" lon="113.9361578"><ele>11.7</ele><time>2023-08-21T23:03:48Z</time></trkpt>
      <trkpt lat="22.5384287" lon="113.9361720"><ele>11.8</ele><time>2023-08-21T23:03:49Z</time></trkpt>
      <trkpt lat="22.5384371" lon="113.9361859"><ele>11.8</ele><time>2023-08-21T23:03:50Z</time></trkpt>
      <trkpt lat="22.5384453" lon="113.9362004"><ele>11.8</ele><time>2023-08-21T23:03:51Z</time></trkpt>
      <trkpt lat="22.5384535" lon="113.9362148"><ele>11.8</ele><time>2023-08-21T23:03:52Z</time></trkpt>
      <trkpt lat="22.5384630" lon="113.9362280"><ele>11.9</ele><time>2023-08-21T23:03:53Z</time></trkpt>
      <trkpt lat="22.5384736" lon="113.9362403"><ele>11.9</ele><time>2023-08-21T23:03:54Z</time></trkpt>
      <trkpt lat="22.5384846" lon="113.9362521"><ele>11.9</ele><time>2023-08-21T23:03:55Z</time></trkpt>
      <trkpt lat="22.5384957" lon="113.9362638"><ele>12.0</ele><time>2023-08-21T23:03:56Z</time></trkpt>
      <trkpt lat="22.5385069" lon="113.9362753"><ele>12.0</ele><time>2023-08-21T23:03:57Z</time></trkpt>
      <trkpt lat="22.5385184" lon="113.9362864"><ele>12.0</ele><time>2023-08-21T23:03:58Z</time></trkpt>
      <trkpt lat="22.5385302" lon="113.9362972"><ele>12.1</ele><time>2023-08-21T23:03:59Z</time></trkpt>
      <trkpt lat="22.5385425" lon="113.9363074"><ele>12.1</ele><time>2023-08-21T23:04:00Z</time></trkpt>
      <trkpt lat="22.5385550" lon="113.9363174"><ele>12.1</ele><time>2023-08-21T23:04:01Z</time></trkpt>
      <trkpt lat="22.5385676" lon="113.9363273"><ele>12.2</ele><time>2023-08-21T23:04:02Z</time></trkpt>
      <trkpt lat="22.5385805" lon="113.9363364"><ele>12.2</ele><time>2023-08-21T23:04:03Z</time></trkpt>
      <trkpt lat="22.5385939" lon="113.9363446"><ele>12.2</ele><time>2023-08-21T23:04:04Z</time></trkpt>
      <trkpt lat="22.5386080" lon="113.9363518"><ele>12.3</ele><time>2023-08-21T23:04:05Z</time></trkpt>
      <trkpt lat="22.5386226" lon="113.9363580"><ele>12.3</ele><time>2023-08-21T23:04:06Z</time></trkpt>
      <trkpt lat="22.5386373" lon="113.9363640"><ele>12.3</ele><time>2023-08-21T23:04:07Z</time></trkpt>
      <trkpt lat="22.5386521" lon="113.9363697"><ele>12.4</ele><time>2023-08-21T23:04:08Z</time></trkpt>
      <trkpt lat="22.5386673" lon="113.9363738"><ele>12.4</ele><time>2023-08-21T23:04:09Z</time></trkpt>
      <trkpt lat="22.5386828" lon="113.9363774"><ele>12.4</ele><time>2023-08-21T23:04:10Z</time></trkpt>
      <trkpt lat="22.5386980" lon="113.9363816"><ele>12.4</ele><time>2023-08-21T23:04:11Z</time></trkpt>
      <trkpt lat="22.5387134" lon="113.9363850"><ele>12.5</ele><time>2023-08-21T23:04:12Z</time></trkpt>
      <trkpt lat="22.5387288" lon="113.9363879"><ele>12.5</ele><time>2023-08-21T23:04:13Z</time></trkpt>
      <trkpt lat="22.5387442" lon="113.9363907"><ele>12.5</ele><time>2023-08-21T23:04:14Z</time></trkpt>
      <trkpt lat="22.5387598" lon="113.9363923"><ele>12.5</ele><time>2023-08-21T23:04:15Z</time></trkpt>
      <trkpt lat="22.5387755" lon="113.9363930"><ele>12.6</ele><time>2023-08-21T23:04:16Z</time></trkpt>
      <trkpt lat="22.5387912" lon="113.9363937"><ele>12.6</ele><time>2023-08-21T23:04:17Z</time></trkpt>
      <trkpt lat="22.5388068" lon="113.9363937"><ele>12.6</ele><time>2023-08-21T23:04:18Z</time></trkpt>
      <trkpt lat="22.5388224" lon="113.9363923"><ele>12.6</ele><time>2023-08-21T23:04:18Z</time></trkpt>
      <trkpt lat="22.5388378" lon="113.9363908"><ele>12.6</ele><time>2023-08-21T23:04:19Z</time></trkpt>
      <trkpt lat="22.5388533" lon="113.9363896"><ele>12.6</ele><time>2023-08-21T23:04:20Z</time></trkpt>
      <trkpt lat="22.5388689" lon="113.9363881"><ele>12.6</ele><time>2023-08-21T23:04:21Z</time></trkpt>
      <trkpt lat="22.5388844" lon="113.9363865"><ele>12.6</ele><time>2023-08-21T23:04:22Z</time></trkpt>
      <trkpt lat="22.5388996" lon="113.9363851"><ele>12.7</ele><time>2023-08-21T23:04:23Z</time></trkpt>
      <trkpt lat="22.5389145" lon="113.9363839"><ele>12.7</ele><time>2023-08-21T23:04:24Z</time></trkpt>
      <trkpt lat="22.5389298" lon="113.9363829"><ele>12.7</ele><time>2023-08-21T23:04:25Z</time></trkpt>
      <trkpt lat="22.5389453" lon="113.9363820"><ele>12.7</ele><time>2023-08-21T23:04:26Z</time></trkpt>
      <trkpt lat="22.5389609" lon="113.9363810"><ele>12.7</ele><time>2023-08-21T23:04:27Z</time></trkpt>
      <trkpt lat="22.5389767" lon="113.9363804"><ele>12.7</ele><time>2023-08-21T23:04:28Z</time></trkpt>
      <trkpt lat="22.5389924" lon="113.9363803"><ele>12.7</ele><time>2023-08-21T23:04:29Z</time></trkpt>
      <trkpt lat="22.5390080" lon="113.9363804"><ele>12.7</ele><time>2023-08-21T23:04:30Z</time></trkpt>
      <trkpt lat="22.5390235" lon="113.9363801"><ele>12.7</ele><time>2023-08-21T23:04:31Z</time></trkpt>
      <trkpt lat="22.5390391" lon="113.9363797"><ele>12.7</ele><time>2023-08-21T23:04:32Z</time></trkpt>
      <trkpt lat="22.5390547" lon="113.9363799"><ele>12.7</ele><time>2023-08-21T23:04:33Z</time></trkpt>
      <trkpt lat="22.5390704" lon="113.9363803"><ele>12.7</ele><time>2023-08-21T23:04:34Z</time></trkpt>
      <trkpt lat="22.5390860" lon="113.9363807"><ele>12.7</ele><time>2023-08-21T23:04:35Z</time></trkpt>
      <trkpt lat="22.5391015" lon="113.9363818"><ele>12.7</ele><time>2023-08-21T23:04:36Z</time></trkpt>
      <trkpt lat="22.5391170" lon="113.9363833"><ele>12.7</ele><time>2023-08-21T23:04:37Z</time></trkpt>
      <trkpt lat="22.5391326" lon="113.9363845"><ele>12.8</ele><time>2023-08-21T23:04:38Z</time></trkpt>
      <trkpt lat="22.5391481" lon="113.9363853"><ele>12.8</ele><time>2023-08-21T23:04:39Z</time></trkpt>
      <trkpt lat="22.5391636" lon="113.9363858"><ele>12.8</ele><time>2023-08-21T23:04:40Z</time></trkpt>
      <trkpt lat="22.5391792" lon="113.9363865"><ele>12.8</ele><time>2023-08-21T23:04:41Z</time></trkpt>
      <trkpt lat="22.5391949" lon="113.9363873"><ele>12.9</ele><time>2023-08-21T23:04:43Z</time></trkpt>
      <trkpt lat="22.5392107" lon="113.9363875"><ele>12.9</ele><time>2023-08-21T23:04:43Z</time></trkpt>
      <trkpt lat="22.5392265" lon="113.9363866"><ele>12.9</ele><time>2023-08-21T23:04:44Z</time></trkpt>
      <trkpt lat="22.5392422" lon="113.9363855"><ele>13.0</ele><time>2023-08-21T23:04:45Z</time></trkpt>
      <trkpt lat="22.5392578" lon="113.9363847"><ele>13.0</ele><time>2023-08-21T23:04:46Z</time></trkpt>
      <trkpt lat="22.5392736" lon="113.9363846"><ele>13.0</ele><time>2023-08-21T23:04:47Z</time></trkpt>
      <trkpt lat="22.5392892" lon="113.9363847"><ele>13.1</ele><time>2023-08-21T23:04:48Z</time></trkpt>
      <trkpt lat="22.5393047" lon="113.9363843"><ele>13.2</ele><time>2023-08-21T23:04:49Z</time></trkpt>
      <trkpt lat="22.5393202" lon="113.9363831"><ele>13.2</ele><time>2023-08-21T23:04:50Z</time></trkpt>
      <trkpt lat="22.5393356" lon="113.9363811"><ele>13.3</ele><time>2023-08-21T23:04:51Z</time></trkpt>
      <trkpt lat="22.5393509" lon="113.9363790"><ele>13.3</ele><time>2023-08-21T23:04:52Z</time></trkpt>
      <trkpt lat="22.5393664" lon="113.9363770"><ele>13.4</ele><time>2023-08-21T23:04:53Z</time></trkpt>
      <trkpt lat="22.5393820" lon="113.9363752"><ele>13.5</ele><time>2023-08-21T23:04:54Z</time></trkpt>
      <trkpt lat="22.5393974" lon="113.9363733"><ele>13.5</ele><time>2023-08-21T23:04:55Z</time></trkpt>
      <trkpt lat="22.5394128" lon="113.9363713"><ele>13.6</ele><time>2023-08-21T23:04:56Z</time></trkpt>
      <trkpt lat="22.5394281" lon="113.9363697"><ele>13.7</ele><time>2023-08-21T23:04:57Z</time></trkpt>
      <trkpt lat="22.5394432" lon="113.9363680"><ele>13.8</ele><time>2023-08-21T23:04:58Z</time></trkpt>
      <trkpt lat="22.5394585" lon="113.9363664"><ele>13.8</ele><time>2023-08-21T23:05:00Z</time></trkpt>
      <trkpt lat="22.5394739" lon="113.9363650"><ele>13.9</ele><time>2023-08-21T23:05:01Z</time></trkpt>
      <trkpt lat="22.5394892" lon="113.9363635"><ele>14.0</ele><time>2023-08-21T23:05:02Z</time></trkpt>
      <trkpt lat="22.5395044" lon="113.9363617"><ele>14.1</ele><time>2023-08-21T23:05:03Z</time></trkpt>
      <trkpt lat="22.5395197" lon="113.9363600"><ele>14.2</ele><time>2023-08-21T23:05:04Z</time></trkpt>
      <trkpt lat="22.5395349" lon="113.9363582"><ele>14.2</ele><time>2023-08-21T23:05:05Z</time></trkpt>
      <trkpt lat="22.5395501" lon="113.9363563"><ele>14.3</ele><time>2023-08-21T23:05:06Z</time></trkpt>
      <trkpt lat="22.5395653" lon="113.9363545"><ele>14.4</ele><time>2023-08-21T23:05:07Z</time></trkpt>
      <trkpt lat="22.5395805" lon="113.9363527"><ele>14.5</ele><time>2023-08-21T23:05:08Z</time></trkpt>
      <trkpt lat="22.5395956" lon="113.9363510"><ele>14.5</ele><time>2023-08-21T23:05:09Z</time></trkpt>
      <trkpt lat="22.5396106" lon="113.9363492"><ele>14.6</ele><time>2023-08-21T23:05:10Z</time></trkpt>
      <trkpt lat="22.5396255" lon="113.9363466"><ele>14.7</ele><time>2023-08-21T23:05:11Z</time></trkpt>
      <trkpt lat="22.5396403" lon="113.9363432"><ele>14.7</ele><time>2023-08-21T23:05:12Z</time></trkpt>
      <trkpt lat="22.5396548" lon="113.9363386"><ele>14.8</ele><time>2023-08-21T23:05:13Z</time></trkpt>
      <trkpt lat="22.5396690" lon="113.9363325"><ele>14.9</ele><time>2023-08-21T23:05:14Z</time></trkpt>
      <trkpt lat="22.5396829" lon="113.9363252"><ele>14.9</ele><time>2023-08-21T23:05:15Z</time></trkpt>
      <trkpt lat="22.5396964" lon="113.9363173"><ele>15.0</ele><time>2023-08-21T23:05:16Z</time></trkpt>
      <trkpt lat="22.5397096" lon="113.9363087"><ele>15.0</ele><time>2023-08-21T23:05:17Z</time></trkpt>
      <trkpt lat="22.5397226" lon="113.9362997"><ele>15.1</ele><time>2023-08-21T23:05:18Z</time></trkpt>
      <trkpt lat="22.5397356" lon="113.9362908"><ele>15.1</ele><time>2023-08-21T23:05:19Z</time></trkpt>
      <trkpt lat="22.5397486" lon="113.9362821"><ele>15.2</ele><time>2023-08-21T23:05:20Z</time></trkpt>
      <trkpt lat="22.5397613" lon="113.9362727"><ele>15.2</ele><time>2023-08-21T23:05:21Z</time></trkpt>
      <trkpt lat="22.5397736" lon="113.9362627"><ele>15.3</ele><time>2023-08-21T23:05:22Z</time></trkpt>
      <trkpt lat="22.5397855" lon="113.9362521"><ele>15.3</ele><time>2023-08-21T23:05:23Z</time></trkpt>
      <trkpt lat="22.5397966" lon="113.9362406"><ele>15.3</ele><time>2023-08-21T23:05:24Z</time></trkpt>
      <trkpt lat="22.5398075" lon="113.9362289"><ele>15.4</ele><time>2023-08-21T23:05:25Z</time></trkpt>
      <trkpt lat="22.5398187" lon="113.9362176"><ele>15.4</ele><time>2023-08-21T23:05:26Z</time></trkpt>
      <trkpt lat="22.5398300" lon="113.9362063"><ele>15.4</ele><time>2023-08-21T23:05:27Z</time></trkpt>
      <trkpt lat="22.5398404" lon="113.9361940"><ele>15.4</ele><time>2023-08-21T23:05:28Z</time></trkpt>
      <trkpt lat="22.5398499" lon="113.9361808"><ele>15.4</ele><time>2023-08-21T23:05:29Z</time></trkpt>
      <trkpt lat="22.5398587" lon="113.9361671"><ele>15.4</ele><time>2023-08-21T23:05:30Z</time></trkpt>
      <trkpt lat="22.5398670" lon="113.9361530"><ele>15.4</ele><time>2023-08-21T23:05:31Z</time></trkpt>
      <trkpt lat="22.5398749" lon="113.9361386"><ele>15.4</ele><time>2023-08-21T23:05:32Z</time></trkpt>
      <trkpt lat="22.5398822" lon="113.9361238"><ele>15.4</ele><time>2023-08-21T23:05:33Z</time></trkpt>
      <trkpt lat="22.5398889" lon="113.9361086"><ele>15.4</ele><time>2023-08-21T23:05:34Z</time></trkpt>
      <trkpt lat="22.5398956" lon="113.9360935"><ele>15.4</ele><time>2023-08-21T23:05:35Z</time></trkpt>
      <trkpt lat="22.5399021" lon="113.9360786"><ele>15.4</ele><time>2023-08-21T23:05:36Z</time></trkpt>
      <trkpt lat="22.5399072" lon="113.9360630"><ele>15.4</ele><time>2023-08-21T23:05:37Z</time></trkpt>
      <trkpt lat="22.5399112" lon="113.9360467"><ele>15.3</ele><time>2023-08-21T23:05:38Z</time></trkpt>
      <trkpt lat="22.5399149" lon="113.9360304"><ele>15.3</ele><time>2023-08-21T23:05:39Z</time></trkpt>
      <trkpt lat="22.5399181" lon="113.9360139"><ele>15.3</ele><time>2023-08-21T23:05:40Z</time></trkpt>
      <trkpt lat="22.5399203" lon="113.9359971"><ele>15.3</ele><time>2023-08-21T23:05:41Z</time></trkpt>
      <trkpt lat="22.5399212" lon="113.9359802"><ele>15.3</ele><time>2023-08-21T23:05:42Z</time></trkpt>
      <trkpt lat="22.5399213" lon="113.9359632"><ele>15.3</ele><time>2023-08-21T23:05:43Z</time></trkpt>
      <trkpt lat="22.5399209" lon="113.9359462"><ele>15.3</ele><time>2023-08-21T23:05:44Z</time></trkpt>
      <trkpt lat="22.5399203" lon="113.9359293"><ele>15.3</ele><time>2023-08-21T23:05:45Z</time></trkpt>
      <trkpt lat="22.5399190" lon="113.9359125"><ele>15.3</ele><time>2023-08-21T23:05:46Z</time></trkpt>
      <trkpt lat="22.5399170" lon="113.9358957"><ele>15.3</ele><time>2023-08-21T23:05:47Z</time></trkpt>
      <trkpt lat="22.5399146" lon="113.9358790"><ele>15.3</ele><time>2023-08-21T23:05:48Z</time></trkpt>
      <trkpt lat="22.5399124" lon="113.9358625"><ele>15.3</ele><time>2023-08-21T23:05:49Z</time></trkpt>
      <trkpt lat="22.5399100" lon="113.9358460"><ele>15.3</ele><time>2023-08-21T23:05:50Z</time></trkpt>
      <trkpt lat="22.5399076" lon="113.9358297"><ele>15.3</ele><time>2023-08-21T23:05:51Z</time></trkpt>
      <trkpt lat="22.5399053" lon="113.9358135"><ele>15.3</ele><time>2023-08-21T23:05:52Z</time></trkpt>
      <trkpt lat="22.5399024" lon="113.9357974"><ele>15.3</ele><time>2023-08-21T23:05:53Z</time></trkpt>
      <trkpt lat="22.5398987" lon="113.9357816"><ele>15.3</ele><time>2023-08-21T23:05:54Z</time></trkpt>
      <trkpt lat="22.5398946" lon="113.9357658"><ele>15.3</ele><time>2023-08-21T23:05:55Z</time></trkpt>
      <trkpt lat="22.5398898" lon="113.9357504"><ele>15.4</ele><time>2023-08-21T23:05:56Z</time></trkpt>
      <trkpt lat="22.5398846" lon="113.9357351"><ele>15.4</ele><time>2023-08-21T23:05:57Z</time></trkpt>
      <trkpt lat="22.5398791" lon="113.9357200"><ele>15.4</ele><time>2023-08-21T23:05:58Z</time></trkpt>
      <trkpt lat="22.5398719" lon="113.9357056"><ele>15.4</ele><time>2023-08-21T23:05:59Z</time></trkpt>
      <trkpt lat="22.5398635" lon="113.9356920"><ele>15.5</ele><time>2023-08-21T23:06:00Z</time></trkpt>
      <trkpt lat="22.5398553" lon="113.9356783"><ele>15.5</ele><time>2023-08-21T23:06:01Z</time></trkpt>
      <trkpt lat="22.5398471" lon="113.9356646"><ele>15.5</ele><time>2023-08-21T23:06:02Z</time></trkpt>
      <trkpt lat="22.5398385" lon="113.9356511"><ele>15.5</ele><time>2023-08-21T23:06:03Z</time></trkpt>
      <trkpt lat="22.5398300" lon="113.9356377"><ele>15.6</ele><time>2023-08-21T23:06:04Z</time></trkpt>
      <trkpt lat="22.5398215" lon="113.9356244"><ele>15.6</ele><time>2023-08-21T23:06:05Z</time></trkpt>
      <trkpt lat="22.5398129" lon="113.9356111"><ele>15.6</ele><time>2023-08-21T23:06:06Z</time></trkpt>
      <trkpt lat="22.5398040" lon="113.9355981"><ele>15.6</ele><time>2023-08-21T23:06:07Z</time></trkpt>
      <trkpt lat="22.5397938" lon="113.9355861"><ele>15.7</ele><time>2023-08-21T23:06:08Z</time></trkpt>
      <trkpt lat="22.5397825" lon="113.9355751"><ele>15.7</ele><time>2023-08-21T23:06:09Z</time></trkpt>
      <trkpt lat="22.5397706" lon="113.9355645"><ele>15.7</ele><time>2023-08-21T23:06:10Z</time></trkpt>
      <trkpt lat="22.5397589" lon="113.9355539"><ele>15.8</ele><time>2023-08-21T23:06:11Z</time></trkpt>
      <trkpt lat="22.5397474" lon="113.9355428"><ele>15.8</ele><time>2023-08-21T23:06:12Z</time></trkpt>
      <trkpt lat="22.5397351" lon="113.9355323"><ele>15.8</ele><time>2023-08-21T23:06:13Z</time></trkpt>
      <trkpt lat="22.5397223" lon="113.9355224"><ele>15.9</ele><time>2023-08-21T23:06:14Z</time></trkpt>
      <trkpt lat="22.5397091" lon="113.9355131"><ele>15.9</ele><time>2023-08-21T23:06:15Z</time></trkpt>
      <trkpt lat="22.5396947" lon="113.9355055"><ele>16.0</ele><time>2023-08-21T23:06:16Z</time></trkpt>
      <trkpt lat="22.5396799" lon="113.9354983"><ele>16.0</ele><time>2023-08-21T23:06:17Z</time></trkpt>
      <trkpt lat="22.5396654" lon="113.9354905"><ele>16.0</ele><time>2023-08-21T23:06:18Z</time></trkpt>
      <trkpt lat="22.5396506" lon="113.9354830"><ele>16.1</ele><time>2023-08-21T23:06:19Z</time></trkpt>
      <trkpt lat="22.5396349" lon="113.9354773"><ele>16.1</ele><time>2023-08-21T23:06:20Z</time></trkpt>
      <trkpt lat="22.5396178" lon="113.9354744"><ele>16.2</ele><time>2023-08-21T23:06:21Z</time></trkpt>
      <trkpt lat="22.5396002" lon="113.9354729"><ele>16.2</ele><time>2023-08-21T23:06:22Z</time></trkpt>
      <trkpt lat="22.5395830" lon="113.9354699"><ele>16.3</ele><time>2023-08-21T23:06:23Z</time></trkpt>
      <trkpt lat="22.5395658" lon="113.9354657"><ele>16.3</ele><time>2023-08-21T23:06:24Z</time></trkpt>
      <trkpt lat="22.5395488" lon="113.9354610"><ele>16.4</ele><time>2023-08-21T23:06:25Z</time></trkpt>
      <trkpt lat="22.5395317" lon="113.9354567"><ele>16.4</ele><time>2023-08-21T23:06:26Z</time></trkpt>
      <trkpt lat="22.5395140" lon="113.9354533"><ele>16.5</ele><time>2023-08-21T23:06:27Z</time></trkpt>
      <trkpt lat="22.5394961" lon="113.9354503"><ele>16.5</ele><time>2023-08-21T23:06:28Z</time></trkpt>
      <trkpt lat="22.5394779" lon="113.9354480"><ele>16.6</ele><time>2023-08-21T23:06:29Z</time></trkpt>
      <trkpt lat="22.5394598" lon="113.9354454"><ele>16.6</ele><time>2023-08-21T23:06:30Z</time></trkpt>
      <trkpt lat="22.5394417" lon="113.9354424"><ele>16.7</ele><time>2023-08-21T23:06:31Z</time></trkpt>
      <trkpt lat="22.5394230" lon="113.9354402"><ele>16.7</ele><time>2023-08-21T23:06:32Z</time></trkpt>
      <trkpt lat="22.5394040" lon="113.9354389"><ele>16.7</ele><time>2023-08-21T23:06:33Z</time></trkpt>
      <trkpt lat="22.5393846" lon="113.9354385"><ele>16.8</ele><time>2023-08-21T23:06:34Z</time></trkpt>
      <trkpt lat="22.5393648" lon="113.9354382"><ele>16.8</ele><time>2023-08-21T23:06:35Z</time></trkpt>
      <trkpt lat="22.5393449" lon="113.9354375"><ele>16.8</ele><time>2023-08-21T23:06:36Z</time></trkpt>
      <trkpt lat="22.5393248" lon="113.9354380"><ele>16.9</ele><time>2023-08-21T23:06:37Z</time></trkpt>
      <trkpt lat="22.5393049" lon="113.9354393"><ele>16.9</ele><time>2023-08-21T23:06:38Z</time></trkpt>
      <trkpt lat="22.5392850" lon="113.9354399"><ele>16.9</ele><time>2023-08-21T23:06:39Z</time></trkpt>
      <trkpt lat="22.5392648" lon="113.9354402"><ele>16.9</ele><time>2023-08-21T23:06:40Z</time></trkpt>
      <trkpt lat="22.5392444" lon="113.9354408"><ele>16.9</ele><time>2023-08-21T23:06:41Z</time></trkpt>
      <trkpt lat="22.5392240" lon="113.9354428"><ele>16.9</ele><time>2023-08-21T23:06:42Z</time></trkpt>
      <trkpt lat="22.5392038" lon="113.9354452"><ele>16.9</ele><time>2023-08-21T23:06:43Z</time></trkpt>
      <trkpt lat="22.5391838" lon="113.9354469"><ele>16.9</ele><time>2023-08-21T23:06:44Z</time></trkpt>
      <trkpt lat="22.5391635" lon="113.9354480"><ele>16.9</ele><time>2023-08-21T23:06:45Z</time></trkpt>
      <trkpt lat="22.5391431" lon="113.9354486"><ele>16.9</ele><time>2023-08-21T23:06:46Z</time></trkpt>
      <trkpt lat="22.5391225" lon="113.9354495"><ele>16.9</ele><time>2023-08-21T23:06:47Z</time></trkpt>
      <trkpt lat="22.5391015" lon="113.9354504"><ele>16.9</ele><time>2023-08-21T23:06:48Z</time></trkpt>
      <trkpt lat="22.5390805" lon="113.9354503"><ele>16.8</ele><time>2023-08-21T23:06:49Z</time></trkpt>
      <trkpt lat="22.5390596" lon="113.9354514"><ele>16.8</ele><time>2023-08-21T23:06:50Z</time></trkpt>
      <trkpt lat="22.5390390" lon="113.9354538"><ele>16.8</ele><time>2023-08-21T23:06:51Z</time></trkpt>
      <trkpt lat="22.5390188" lon="113.9354563"><ele>16.7</ele><time>2023-08-21T23:06:52Z</time></trkpt>
      <trkpt lat="22.5389985" lon="113.9354588"><ele>16.7</ele><time>2023-08-21T23:06:53Z</time></trkpt>
      <trkpt lat="22.5389781" lon="113.9354624"><ele>16.7</ele><time>2023-08-21T23:06:54Z</time></trkpt>
      <trkpt lat="22.5389582" lon="113.9354662"><ele>16.6</ele><time>2023-08-21T23:06:55Z</time></trkpt>
      <trkpt lat="22.5389389" lon="113.9354690"><ele>16.6</ele><time>2023-08-21T23:06:56Z</time></trkpt>
      <trkpt lat="22.5389196" lon="113.9354711"><ele>16.5</ele><time>2023-08-21T23:06:57Z</time></trkpt>
      <trkpt lat="22.5389003" lon="113.9354722"><ele>16.5</ele><time>2023-08-21T23:06:58Z</time></trkpt>
      <trkpt lat="22.5388814" lon="113.9354712"><ele>16.4</ele><time>2023-08-21T23:06:59Z</time></trkpt>
      <trkpt lat="22.5388631" lon="113.9354683"><ele>16.4</ele><time>2023-08-21T23:07:00Z</time></trkpt>
      <trkpt lat="22.5388449" lon="113.9354650"><ele>16.3</ele><time>2023-08-21T23:07:01Z</time></trkpt>
      <trkpt lat="22.5388266" lon="113.9354629"><ele>16.3</ele><time>2023-08-21T23:07:02Z</time></trkpt>
      <trkpt lat="22.5388079" lon="113.9354627"><ele>16.2</ele><time>2023-08-21T23:07:03Z</time></trkpt>
      <trkpt lat="22.5387893" lon="113.9354640"><ele>16.2</ele><time>2023-08-21T23:07:04Z</time></trkpt>
      <trkpt lat="22.5387709" lon="113.9354650"><ele>16.1</ele><time>2023-08-21T23:07:05Z</time></trkpt>
      <trkpt lat="22.5387525" lon="113.9354665"><ele>16.1</ele><time>2023-08-21T23:07:06Z</time></trkpt>
      <trkpt lat="22.5387341" lon="113.9354694"><ele>16.0</ele><time>2023-08-21T23:07:07Z</time></trkpt>
      <trkpt lat="22.5387160" lon="113.9354735"><ele>16.0</ele><time>2023-08-21T23:07:08Z</time></trkpt>
      <trkpt lat="22.5386982" lon="113.9354778"><ele>16.0</ele><time>2023-08-21T23:07:09Z</time></trkpt>
      <trkpt lat="22.5386808" lon="113.9354828"><ele>15.9</ele><time>2023-08-21T23:07:10Z</time></trkpt>
      <trkpt lat="22.5386639" lon="113.9354891"><ele>15.9</ele><time>2023-08-21T23:07:11Z</time></trkpt>
      <trkpt lat="22.5386471" lon="113.9354963"><ele>15.8</ele><time>2023-08-21T23:07:12Z</time></trkpt>
      <trkpt lat="22.5386308" lon="113.9355041"><ele>15.8</ele><time>2023-08-21T23:07:13Z</time></trkpt>
      <trkpt lat="22.5386147" lon="113.9355120"><ele>15.7</ele><time>2023-08-21T23:07:14Z</time></trkpt>
      <trkpt lat="22.5385986" lon="113.9355198"><ele>15.7</ele><time>2023-08-21T23:07:15Z</time></trkpt>
      <trkpt lat="22.5385827" lon="113.9355282"><ele>15.7</ele><time>2023-08-21T23:07:16Z</time></trkpt>
      <trkpt lat="22.5385676" lon="113.9355379"><ele>15.6</ele><time>2023-08-21T23:07:17Z</time></trkpt>
      <trkpt lat="22.5385530" lon="113.9355486"><ele>15.6</ele><time>2023-08-21T23:07:18Z</time></trkpt>
      <trkpt lat="22.5385385" lon="113.9355593"><ele>15.5</ele><time>2023-08-21T23:07:19Z</time></trkpt>
      <trkpt lat="22.5385243" lon="113.9355696"><ele>15.5</ele><time>2023-08-21T23:07:20Z</time></trkpt>
      <trkpt lat="22.5385107" lon="113.9355803"><ele>15.4</ele><time>2023-08-21T23:07:21Z</time></trkpt>
      <trkpt lat="22.5384977" lon="113.9355914"><ele>15.4</ele><time>2023-08-21T23:07:22Z</time></trkpt>
      <trkpt lat="22.5384844" lon="113.9356024"><ele>15.4</ele><time>2023-08-21T23:07:23Z</time></trkpt>
      <trkpt lat="22.5384715" lon="113.9356133"><ele>15.3</ele><time>2023-08-21T23:07:24Z</time></trkpt>
      <trkpt lat="22.5384593" lon="113.9356252"><ele>15.3</ele><time>2023-08-21T23:07:25Z</time></trkpt>
      <trkpt lat="22.5384473" lon="113.9356375"><ele>15.2</ele><time>2023-08-21T23:07:26Z</time></trkpt>
      <trkpt lat="22.5384360" lon="113.9356498"><ele>15.2</ele><time>2023-08-21T23:07:27Z</time></trkpt>
      <trkpt lat="22.5384260" lon="113.9356634"><ele>15.1</ele><time>2023-08-21T23:07:28Z</time></trkpt>
      <trkpt lat="22.5384174" lon="113.9356786"><ele>15.1</ele><time>2023-08-21T23:07:29Z</time></trkpt>
      <trkpt lat="22.5384097" lon="113.9356943"><ele>15.0</ele><time>2023-08-21T23:07:30Z</time></trkpt>
      <trkpt lat="22.5384024" lon="113.9357106"><ele>15.0</ele><time>2023-08-21T23:07:31Z</time></trkpt>
      <trkpt lat="22.5383958" lon="113.9357272"><ele>14.9</ele><time>2023-08-21T23:07:32Z</time></trkpt>
      <trkpt lat="22.5383899" lon="113.9357437"><ele>14.8</ele><time>2023-08-21T23:07:33Z</time></trkpt>
      <trkpt lat="22.5383843" lon="113.9357602"><ele>14.8</ele><time>2023-08-21T23:07:34Z</time></trkpt>
      <trkpt lat="22.5383786" lon="113.9357768"><ele>14.7</ele><time>2023-08-21T23:07:35Z</time></trkpt>
      <trkpt lat="22.5383722" lon="113.9357929"><ele>14.6</ele><time>2023-08-21T23:07:36Z</time></trkpt>
      <trkpt lat="22.5383664" lon="113.9358088"><ele>14.6</ele><time>2023-08-21T23:07:37Z</time></trkpt>
      <trkpt lat="22.5383620" lon="113.9358251"><ele>14.5</ele><time>2023-08-21T23:07:38Z</time></trkpt>
      <trkpt lat="22.5383583" lon="113.9358415"><ele>14.4</ele><time>2023-08-21T23:07:39Z</time></trkpt>
      <trkpt lat="22.5383557" lon="113.9358581"><ele>14.4</ele><time>2023-08-21T23:07:40Z</time></trkpt>
      <trkpt lat="22.5383548" lon="113.9358750"><ele>14.3</ele><time>2023-08-21T23:07:41Z</time></trkpt>
      <trkpt lat="22.5383545" lon="113.9358920"><ele>14.2</ele><time>2023-08-21T23:07:42Z</time></trkpt>
      <trkpt lat="22.5383530" lon="113.9359088"><ele>14.1</ele><time>2023-08-21T23:07:43Z</time></trkpt>
      <trkpt lat="22.5383513" lon="113.9359254"><ele>14.0</ele><time>2023-08-21T23:07:44Z</time></trkpt>
      <trkpt lat="22.5383510" lon="113.9359422"><ele>14.0</ele><time>2023-08-21T23:07:45Z</time></trkpt>
      <trkpt lat="22.5383516" lon="113.9359589"><ele>13.9</ele><time>2023-08-21T23:07:46Z</time></trkpt>
      <trkpt lat="22.5383528" lon="113.9359756"><ele>13.8</ele><time>2023-08-21T23:07:47Z</time></trkpt>
      <trkpt lat="22.5383554" lon="113.9359922"><ele>13.7</ele><time>2023-08-21T23:07:48Z</time></trkpt>
      <trkpt lat="22.5383592" lon="113.9360086"><ele>13.7</ele><time>2023-08-21T23:07:49Z</time></trkpt>
      <trkpt lat="22.5383635" lon="113.9360249"><ele>13.6</ele><time>2023-08-21T23:07:50Z</time></trkpt>
      <trkpt lat="22.5383677" lon="113.9360412"><ele>13.5</ele><time>2023-08-21T23:07:51Z</time></trkpt>
      <trkpt lat="22.5383719" lon="113.9360574"><ele>13.4</ele><time>2023-08-21T23:07:52Z</time></trkpt>
      <trkpt lat="22.5383773" lon="113.9360732"><ele>13.4</ele><time>2023-08-21T23:07:53Z</time></trkpt>
      <trkpt lat="22.5383846" lon="113.9360883"><ele>13.3</ele><time>2023-08-21T23:07:54Z</time></trkpt>
      <trkpt lat="22.5383924" lon="113.9361033"><ele>13.2</ele><time>2023-08-21T23:07:55Z</time></trkpt>
      <trkpt lat="22.5383993" lon="113.9361185"><ele>13.1</ele><time>2023-08-21T23:07:56Z</time></trkpt>
      <trkpt lat="22.5384062" lon="113.9361337"><ele>13.1</ele><time>2023-08-21T23:07:57Z</time></trkpt>
      <trkpt lat="22.5384136" lon="113.9361485"><ele>13.0</ele><time>2023-08-21T23:07:58Z</time></trkpt>
      <trkpt lat="22.5384211" lon="113.9361632"><ele>12.9</ele><time>2023-08-21T23:07:59Z</time></trkpt>
      <trkpt lat="22.5384286" lon="113.9361779"><ele>12.9</ele><time>2023-08-21T23:08:00Z</time></trkpt>
      <trkpt lat="22.5384371" lon="113.9361920"><ele>12.8</ele><time>2023-08-21T23:08:01Z</time></trkpt>
      <trkpt lat="22.5384459" lon="113.9362059"><ele>12.7</ele><time>2023-08-21T23:08:02Z</time></trkpt>
      <trkpt lat="22.5384545" lon="113.9362199"><ele>12.7</ele><time>2023-08-21T23:08:03Z</time></trkpt>
      <trkpt lat="22.5384641" lon="113.9362332"><ele>12.6</ele><time>2023-08-21T23:08:04Z</time></trkpt>
      <trkpt lat="22.5384733" lon="113.9362466"><ele>12.5</ele><time>2023-08-21T23:08:05Z</time></trkpt>
      <trkpt lat="22.5384827" lon="113.9362601"><ele>12.5</ele><time>2023-08-21T23:08:06Z</time></trkpt>
      <trkpt lat="22.5384929" lon="113.9362731"><ele>12.4</ele><time>2023-08-21T23:08:07Z</time></trkpt>
      <trkpt lat="22.5385024" lon="113.9362864"><ele>12.3</ele><time>2023-08-21T23:08:08Z</time></trkpt>
      <trkpt lat="22.5385122" lon="113.9362996"><ele>12.3</ele><time>2023-08-21T23:08:09Z</time></trkpt>
      <trkpt lat="22.5385231" lon="113.9363117"><ele>12.2</ele><time>2023-08-21T23:08:10Z</time></trkpt>
      <trkpt lat="22.5385342" lon="113.9363234"><ele>12.2</ele><time>2023-08-21T23:08:11Z</time></trkpt>
      <trkpt lat="22.5385444" lon="113.9363358"><ele>12.1</ele><time>2023-08-21T23:08:12Z</time></trkpt>
      <trkpt lat="22.5385549" lon="113.9363479"><ele>12.1</ele><time>2023-08-21T23:08:13Z</time></trkpt>
      <trkpt lat="22.5385670" lon="113.9363587"><ele>12.0</ele><time>2023-08-21T23:08:14Z</time></trkpt>
      <trkpt lat="22.5385805" lon="113.9363678"><ele>12.0</ele><time>2023-08-21T23:08:15Z</time></trkpt>
      <trkpt lat="22.5385951" lon="113.9363755"><ele>11.9</ele><time>2023-08-21T23:08:16Z</time></trkpt>
      <trkpt lat="22.5386097" lon="113.9363826"><ele>11.9</ele><time>2023-08-21T23:08:17Z</time></trkpt>
      <trkpt lat="22.5386242" lon="113.9363898"><ele>11.9</ele><time>2023-08-21T23:08:18Z</time></trkpt>
      <trkpt lat="22.5386392" lon="113.9363963"><ele>11.8</ele><time>2023-08-21T23:08:19Z</time></trkpt>
      <trkpt lat="22.5386546" lon="113.9364018"><ele>11.8</ele><time>2023-08-21T23:08:20Z</time></trkpt>
      <trkpt lat="22.5386700" lon="113.9364072"><ele>11.8</ele><time>2023-08-21T23:08:21Z</time></trkpt>
      <trkpt lat="22.5386856" lon="113.9364114"><ele>11.8</ele><time>2023-08-21T23:08:22Z</time></trkpt>
      <trkpt lat="22.5387018" lon="113.9364139"><ele>11.7</ele><time>2023-08-21T23:08:23Z</time></trkpt>
      <trkpt lat="22.5387181" lon="113.9364159"><ele>11.7</ele><time>2023-08-21T23:08:24Z</time></trkpt>
      <trkpt lat="22.5387344" lon="113.9364173"><ele>11.7</ele><time>2023-08-21T23:08:25Z</time></trkpt>
      <trkpt lat="22.5387509" lon="113.9364178"><ele>11.7</ele><time>2023-08-21T23:08:26Z</time></trkpt>
      <trkpt lat="22.5387674" lon="113.9364176"><ele>11.7</ele><time>2023-08-21T23:08:27Z</time></trkpt>
      <trkpt lat="22.5387837" lon="113.9364174"><ele>11.7</ele><time>2023-08-21T23:08:28Z</time></trkpt>
      <trkpt lat="22.5388000" lon="113.9364162"><ele>11.7</ele><time>2023-08-21T23:08:29Z</time></trkpt>
      <trkpt lat="22.5388162" lon="113.9364139"><ele>11.7</ele><time>2023-08-21T23:08:30Z</time></trkpt>
      <trkpt lat="22.5388321" lon="113.9364115"><ele>11.7</ele><time>2023-08-21T23:08:31Z</time></trkpt>
      <trkpt lat="22.5388480" lon="113.9364096"><ele>11.7</ele><time>2023-08-21T23:08:32Z</time></trkpt>
      <trkpt lat="22.5388639" lon="113.9364081"><ele>11.7</ele><time>2023-08-21T23:08:33Z</time></trkpt>
      <trkpt lat="22.5388800" lon="113.9364074"><ele>11.7</ele><time>2023-08-21T23:08:34Z</time></trkpt>
      <trkpt lat="22.5388964" lon="113.9364074"><ele>11.7</ele><time>2023-08-21T23:08:35Z</time></trkpt>
      <trkpt lat="22.5389131" lon="113.9364082"><ele>11.7</ele><time>2023-08-21T23:08:36Z</time></trkpt>
      <trkpt lat="22.5389300" lon="113.9364099"><ele>11.7</ele><time>2023-08-21T23:08:37Z</time></trkpt>
      <trkpt lat="22.5389469" lon="113.9364108"><ele>11.7</ele><time>2023-08-21T23:08:38Z</time></trkpt>
      <trkpt lat="22.5389637" lon="113.9364097"><ele>11.7</ele><time>2023-08-21T23:08:39Z</time></trkpt>
      <trkpt lat="22.5389800" lon="113.9364073"><ele>11.8</ele><time>2023-08-21T23:08:40Z</time></trkpt>
      <trkpt lat="22.5389957" lon="113.9364055"><ele>11.8</ele><time>2023-08-21T23:08:41Z</time></trkpt>
      <trkpt lat="22.5390113" lon="113.9364042"><ele>11.8</ele><time>2023-08-21T23:08:42Z</time></trkpt>
      <trkpt lat="22.5390269" lon="113.9364029"><ele>11.8</ele><time>2023-08-21T23:08:43Z</time></trkpt>
      <trkpt lat="22.5390424" lon="113.9364014"><ele>11.8</ele><time>2023-08-21T23:08:44Z</time></trkpt>
      <trkpt lat="22.5390580" lon="113.9363995"><ele>11.9</ele><time>2023-08-21T23:08:45Z</time></trkpt>
      <trkpt lat="22.5390736" lon="113.9363976"><ele>11.9</ele><time>2023-08-21T23:08:46Z</time></trkpt>
      <trkpt lat="22.5390892" lon="113.9363957"><ele>11.9</ele><time>2023-08-21T23:08:47Z</time></trkpt>
      <trkpt lat="22.5391047" lon="113.9363938"><ele>11.9</ele><time>2023-08-21T23:08:48Z</time></trkpt>
      <trkpt lat="22.5391202" lon="113.9363917"><ele>12.0</ele><time>2023-08-21T23:08:49Z</time></trkpt>
      <trkpt lat="22.5391357" lon="113.9363891"><ele>12.0</ele><time>2023-08-21T23:08:50Z</time></trkpt>
      <trkpt lat="22.5391513" lon="113.9363871"><ele>12.0</ele><time>2023-08-21T23:08:51Z</time></trkpt>
      <trkpt lat="22.5391670" lon="113.9363861"><ele>12.1</ele><time>2023-08-21T23:08:52Z</time></trkpt>
      <trkpt lat="22.5391826" lon="113.9363851"><ele>12.1</ele><time>2023-08-21T23:08:53Z</time></trkpt>
      <trkpt lat="22.5391980" lon="113.9363837"><ele>12.2</ele><time>2023-08-21T23:08:54Z</time></trkpt>
      <trkpt lat="22.5392134" lon="113.9363820"><ele>12.2</ele><time>2023-08-21T23:08:55Z</time></trkpt>
      <trkpt lat="22.5392288" lon="113.9363800"><ele>12.2</ele><time>2023-08-21T23:08:56Z</time></trkpt>
      <trkpt lat="22.5392442" lon="113.9363781"><ele>12.3</ele><time>2023-08-21T23:08:57Z</time></trkpt>
      <trkpt lat="22.5392595" lon="113.9363763"><ele>12.3</ele><time>2023-08-21T23:08:58Z</time></trkpt>
      <trkpt lat="22.5392749" lon="113.9363741"><ele>12.4</ele><time>2023-08-21T23:08:59Z</time></trkpt>
      <trkpt lat="22.5392903" lon="113.9363723"><ele>12.4</ele><time>2023-08-21T23:09:00Z</time></trkpt>
      <trkpt lat="22.5393058" lon="113.9363712"><ele>12.5</ele><time>2023-08-21T23:09:01Z</time></trkpt>
      <trkpt lat="22.5393212" lon="113.9363706"><ele>12.5</ele><time>2023-08-21T23:09:02Z</time></trkpt>
      <trkpt lat="22.5393366" lon="113.9363701"><ele>12.6</ele><time>2023-08-21T23:09:03Z</time></trkpt>
      <trkpt lat="22.5393520" lon="113.9363695"><ele>12.6</ele><time>2023-08-21T23:09:04Z</time></trkpt>
      <trkpt lat="22.5393675" lon="113.9363686"><ele>12.7</ele><time>2023-08-21T23:09:05Z</time></trkpt>
      <trkpt lat="22.5393830" lon="113.9363677"><ele>12.7</ele><time>2023-08-21T23:09:06Z</time></trkpt>
      <trkpt lat="22.5393985" lon="113.9363668"><ele>12.8</ele><time>2023-08-21T23:09:07Z</time></trkpt>
      <trkpt lat="22.5394139" lon="113.9363660"><ele>12.8</ele><time>2023-08-21T23:09:08Z</time></trkpt>
      <trkpt lat="22.5394293" lon="113.9363654"><ele>12.9</ele><time>2023-08-21T23:09:09Z</time></trkpt>
      <trkpt lat="22.5394446" lon="113.9363654"><ele>12.9</ele><time>2023-08-21T23:09:10Z</time></trkpt>
      <trkpt lat="22.5394606" lon="113.9363655"><ele>13.0</ele><time>2023-08-21T23:09:11Z</time></trkpt>
      <trkpt lat="22.5394782" lon="113.9363650"><ele>13.1</ele><time>2023-08-21T23:09:12Z</time></trkpt>
      <trkpt lat="22.5394953" lon="113.9363643"><ele>13.1</ele><time>2023-08-21T23:09:13Z</time></trkpt>
      <trkpt lat="22.5395110" lon="113.9363638"><ele>13.2</ele><time>2023-08-21T23:09:14Z</time></trkpt>
      <trkpt lat="22.5395265" lon="113.9363631"><ele>13.3</ele><time>2023-08-21T23:09:15Z</time></trkpt>
      <trkpt lat="22.5395421" lon="113.9363622"><ele>13.3</ele><time>2023-08-21T23:09:16Z</time></trkpt>
      <trkpt lat="22.5395576" lon="113.9363606"><ele>13.4</ele><time>2023-08-21T23:09:17Z</time></trkpt>
      <trkpt lat="22.5395732" lon="113.9363581"><ele>13.5</ele><time>2023-08-21T23:09:18Z</time></trkpt>
      <trkpt lat="22.5395889" lon="113.9363548"><ele>13.6</ele><time>2023-08-21T23:09:19Z</time></trkpt>
      <trkpt lat="22.5396044" lon="113.9363507"><ele>13.6</ele><time>2023-08-21T23:09:20Z</time></trkpt>
      <trkpt lat="22.5396198" lon="113.9363452"><ele>13.7</ele><time>2023-08-21T23:09:21Z</time></trkpt>
      <trkpt lat="22.5396348" lon="113.9363386"><ele>13.8</ele><time>2023-08-21T23:09:22Z</time></trkpt>
      <trkpt lat="22.5396496" lon="113.9363311"><ele>13.9</ele><time>2023-08-21T23:09:23Z</time></trkpt>
      <trkpt lat="22.5396645" lon="113.9363236"><ele>14.0</ele><time>2023-08-21T23:09:24Z</time></trkpt>
      <trkpt lat="22.5396793" lon="113.9363162"><ele>14.0</ele><time>2023-08-21T23:09:25Z</time></trkpt>
      <trkpt lat="22.5396937" lon="113.9363078"><ele>14.1</ele><time>2023-08-21T23:09:26Z</time></trkpt>
      <trkpt lat="22.5397076" lon="113.9362985"><ele>14.2</ele><time>2023-08-21T23:09:27Z</time></trkpt>
      <trkpt lat="22.5397213" lon="113.9362887"><ele>14.3</ele><time>2023-08-21T23:09:28Z</time></trkpt>
      <trkpt lat="22.5397347" lon="113.9362786"><ele>14.4</ele><time>2023-08-21T23:09:29Z</time></trkpt>
      <trkpt lat="22.5397478" lon="113.9362683"><ele>14.5</ele><time>2023-08-21T23:09:30Z</time></trkpt>
      <trkpt lat="22.5397608" lon="113.9362577"><ele>14.6</ele><time>2023-08-21T23:09:31Z</time></trkpt>
      <trkpt lat="22.5397734" lon="113.9362466"><ele>14.6</ele><time>2023-08-21T23:09:32Z</time></trkpt>
      <trkpt lat="22.5397856" lon="113.9362352"><ele>14.7</ele><time>2023-08-21T23:09:33Z</time></trkpt>
      <trkpt lat="22.5397975" lon="113.9362236"><ele>14.8</ele><time>2023-08-21T23:09:34Z</time></trkpt>
      <trkpt lat="22.5398091" lon="113.9362117"><ele>14.9</ele><time>2023-08-21T23:09:35Z</time></trkpt>
      <trkpt lat="22.5398203" lon="113.9361996"><ele>15.0</ele><time>2023-08-21T23:09:36Z</time></trkpt>
      <trkpt lat="22.5398311" lon="113.9361871"><ele>15.1</ele><time>2023-08-21T23:09:37Z</time></trkpt>
      <trkpt lat="22.5398412" lon="113.9361740"><ele>15.1</ele><time>2023-08-21T23:09:38Z</time></trkpt>
      <trkpt lat="22.5398504" lon="113.9361601"><ele>15.2</ele><time>2023-08-21T23:09:39Z</time></trkpt>
      <trkpt lat="22.5398592" lon="113.9361455"><ele>15.3</ele><time>2023-08-21T23:09:40Z</time></trkpt>
      <trkpt lat="22.5398674" lon="113.9361306"><ele>15.4</ele><time>2023-08-21T23:09:41Z</time></trkpt>
      <trkpt lat="22.5398753" lon="113.9361155"><ele>15.5</ele><time>2023-08-21T23:09:42Z</time></trkpt>
      <trkpt lat="22.5398827" lon="113.9361002"><ele>15.5</ele><time>2023-08-21T23:09:43Z</time></trkpt>
      <trkpt lat="22.5398891" lon="113.9360845"><ele>15.6</ele><time>2023-08-21T23:09:44Z</time></trkpt>
      <trkpt lat="22.5398944" lon="113.9360682"><ele>15.7</ele><time>2023-08-21T23:09:45Z</time></trkpt>
      <trkpt lat="22.5398991" lon="113.9360516"><ele>15.8</ele><time>2023-08-21T23:09:46Z</time></trkpt>
      <trkpt lat="22.5399043" lon="113.9360352"><ele>15.9</ele><time>2023-08-21T23:09:47Z</time></trkpt>
      <trkpt lat="22.5399096" lon="113.9360188"><ele>15.9</ele><time>2023-08-21T23:09:48Z</time></trkpt>
      <trkpt lat="22.5399143" lon="113.9360021"><ele>16.0</ele><time>2023-08-21T23:09:49Z</time></trkpt>
      <trkpt lat="22.5399181" lon="113.9359853"><ele>16.1</ele><time>2023-08-21T23:09:50Z</time></trkpt>
      <trkpt lat="22.5399212" lon="113.9359682"><ele>16.2</ele><time>2023-08-21T23:09:51Z</time></trkpt>
      <trkpt lat="22.5399227" lon="113.9359508"><ele>16.2</ele><time>2023-08-21T23:09:52Z</time></trkpt>
      <trkpt lat="22.5399229" lon="113.9359332"><ele>16.3</ele><time>2023-08-21T23:09:53Z</time></trkpt>
      <trkpt lat="22.5399231" lon="113.9359157"><ele>16.4</ele><time>2023-08-21T23:09:54Z</time></trkpt>
      <trkpt lat="22.5399233" lon="113.9358979"><ele>16.4</ele><time>2023-08-21T23:09:55Z</time></trkpt>
      <trkpt lat="22.5399227" lon="113.9358798"><ele>16.5</ele><time>2023-08-21T23:09:56Z</time></trkpt>
      <trkpt lat="22.5399214" lon="113.9358615"><ele>16.5</ele><time>2023-08-21T23:09:57Z</time></trkpt>
      <trkpt lat="22.5399200" lon="113.9358433"><ele>16.6</ele><time>2023-08-21T23:09:58Z</time></trkpt>
      <trkpt lat="22.5399180" lon="113.9358255"><ele>16.7</ele><time>2023-08-21T23:09:59Z</time></trkpt>
      <trkpt lat="22.5399146" lon="113.9358077"><ele>16.7</ele><time>2023-08-21T23:10:00Z</time></trkpt>
      <trkpt lat="22.5399089" lon="113.9357893"><ele>16.8</ele><time>2023-08-21T23:10:01Z</time></trkpt>
      <trkpt lat="22.5398999" lon="113.9357690"><ele>16.8</ele><time>2023-08-21T23:10:02Z</time></trkpt>
      <trkpt lat="22.5398888" lon="113.9357470"><ele>16.8</ele><time>2023-08-21T23:10:03Z</time></trkpt>
      <trkpt lat="22.5398778" lon="113.9357245"><ele>16.9</ele><time>2023-08-21T23:10:04Z</time></trkpt>
      <trkpt lat="22.5398671" lon="113.9357014"><ele>16.9</ele><time>2023-08-21T23:10:05Z</time></trkpt>
      <trkpt lat="22.5398560" lon="113.9356795"><ele>16.9</ele><time>2023-08-21T23:10:06Z</time></trkpt>
      <trkpt lat="22.5398434" lon="113.9356609"><ele>17.0</ele><time>2023-08-21T23:10:07Z</time></trkpt>
      <trkpt lat="22.5398294" lon="113.9356452"><ele>17.0</ele><time>2023-08-21T23:10:08Z</time></trkpt>
      <trkpt lat="22.5398148" lon="113.9356302"><ele>17.0</ele><time>2023-08-21T23:10:09Z</time></trkpt>
      <trkpt lat="22.5397998" lon="113.9356144"><ele>17.0</ele><time>2023-08-21T23:10:10Z</time></trkpt>
      <trkpt lat="22.5397850" lon="113.9355988"><ele>17.0</ele><time>2023-08-21T23:10:11Z</time></trkpt>
      <trkpt lat="22.5397709" lon="113.9355842"><ele>17.0</ele><time>2023-08-21T23:10:12Z</time></trkpt>
      <trkpt lat="22.5397563" lon="113.9355703"><ele>17.1</ele><time>2023-08-21T23:10:13Z</time></trkpt>
      <trkpt lat="22.5397412" lon="113.9355573"><ele>17.1</ele><time>2023-08-21T23:10:14Z</time></trkpt>
      <trkpt lat="22.5397244" lon="113.9355457"><ele>17.1</ele><time>2023-08-21T23:10:15Z</time></trkpt>
      <trkpt lat="22.5397064" lon="113.9355352"><ele>17.1</ele><time>2023-08-21T23:10:16Z</time></trkpt>
      <trkpt lat="22.5396883" lon="113.9355251"><ele>17.1</ele><time>2023-08-21T23:10:17Z</time></trkpt>
      <trkpt lat="22.5396698" lon="113.9355165"><ele>17.1</ele><time>2023-08-21T23:10:18Z</time></trkpt>
      <trkpt lat="22.5396511" lon="113.9355099"><ele>17.1</ele><time>2023-08-21T23:10:19Z</time></trkpt>
      <trkpt lat="22.5396319" lon="113.9355045"><ele>17.1</ele><time>2023-08-21T23:10:20Z</time></trkpt>
      <trkpt lat="22.5396125" lon="113.9354985"><ele>17.1</ele><time>2023-08-21T23:10:21Z</time></trkpt>
      <trkpt lat="22.5395933" lon="113.9354924"><ele>17.1</ele><time>2023-08-21T23:10:22Z</time></trkpt>
      <trkpt lat="22.5395730" lon="113.9354882"><ele>17.1</ele><time>2023-08-21T23:10:23Z</time></trkpt>
      <trkpt lat="22.5395519" lon="113.9354850"><ele>17.1</ele><time>2023-08-21T23:10:24Z</time></trkpt>
      <trkpt lat="22.5395310" lon="113.9354822"><ele>17.1</ele><time>2023-08-21T23:10:25Z</time></trkpt>
      <trkpt lat="22.5395108" lon="113.9354791"><ele>17.1</ele><time>2023-08-21T23:10:26Z</time></trkpt>
      <trkpt lat="22.5394920" lon="113.9354751"><ele>17.1</ele><time>2023-08-21T23:10:27Z</time></trkpt>
      <trkpt lat="22.5394732" lon="113.9354722"><ele>17.1</ele><time>2023-08-21T23:10:28Z</time></trkpt>
      <trkpt lat="22.5394539" lon="113.9354709"><ele>17.1</ele><time>2023-08-21T23:10:29Z</time></trkpt>
      <trkpt lat="22.5394343" lon="113.9354707"><ele>17.1</ele><time>2023-08-21T23:10:30Z</time></trkpt>
      <trkpt lat="22.5394144" lon="113.9354720"><ele>17.1</ele><time>2023-08-21T23:10:31Z</time></trkpt>
      <trkpt lat="22.5393945" lon="113.9354734"><ele>17.1</ele><time>2023-08-21T23:10:32Z</time></trkpt>
      <trkpt lat="22.5393749" lon="113.9354742"><ele>17.1</ele><time>2023-08-21T23:10:33Z</time></trkpt>
      <trkpt lat="22.5393556" lon="113.9354746"><ele>17.1</ele><time>2023-08-21T23:10:34Z</time></trkpt>
      <trkpt lat="22.5393366" lon="113.9354748"><ele>17.1</ele><time>2023-08-21T23:10:35Z</time></trkpt>
      <trkpt lat="22.5393173" lon="113.9354751"><ele>17.1</ele><time>2023-08-21T23:10:36Z</time></trkpt>
      <trkpt lat="22.5392982" lon="113.9354750"><ele>17.1</ele><time>2023-08-21T23:10:37Z</time></trkpt>
      <trkpt lat="22.5392793" lon="113.9354743"><ele>17.1</ele><time>2023-08-21T23:10:38Z</time></trkpt>
      <trkpt lat="22.5392606" lon="113.9354742"><ele>17.1</ele><time>2023-08-21T23:10:39Z</time></trkpt>
      <trkpt lat="22.5392420" lon="113.9354740"><ele>17.1</ele><time>2023-08-21T23:10:40Z</time></trkpt>
      <trkpt lat="22.5392235" lon="113.9354743"><ele>17.1</ele><time>2023-08-21T23:10:41Z</time></trkpt>
      <trkpt lat="22.5392051" lon="113.9354760"><ele>17.1</ele><time>2023-08-21T23:10:42Z</time></trkpt>
      <trkpt lat="22.5391868" lon="113.9354774"><ele>17.0</ele><time>2023-08-21T23:10:43Z</time></trkpt>
      <trkpt lat="22.5391685" lon="113.9354781"><ele>17.0</ele><time>2023-08-21T23:10:44Z</time></trkpt>
      <trkpt lat="22.5391500" lon="113.9354789"><ele>17.0</ele><time>2023-08-21T23:10:45Z</time></trkpt>
      <trkpt lat="22.5391316" lon="113.9354794"><ele>17.0</ele><time>2023-08-21T23:10:46Z</time></trkpt>
      <trkpt lat="22.5391131" lon="113.9354796"><ele>17.0</ele><time>2023-08-21T23:10:47Z</time></trkpt>
      <trkpt lat="22.5390943" lon="113.9354795"><ele>16.9</ele><time>2023-08-21T23:10:48Z</time></trkpt>
      <trkpt lat="22.5390754" lon="113.9354790"><ele>16.9</ele><time>2023-08-21T23:10:49Z</time></trkpt>
      <trkpt lat="22.5390567" lon="113.9354790"><ele>16.9</ele><time>2023-08-21T23:10:50Z</time></trkpt>
      <trkpt lat="22.5390384" lon="113.9354794"><ele>16.9</ele><time>2023-08-21T23:10:51Z</time></trkpt>
      <trkpt lat="22.5390205" lon="113.9354802"><ele>16.8</ele><time>2023-08-21T23:10:52Z</time></trkpt>
      <trkpt lat="22.5390025" lon="113.9354824"><ele>16.8</ele><time>2023-08-21T23:10:53Z</time></trkpt>
      <trkpt lat="22.5389846" lon="113.9354849"><ele>16.7</ele><time>2023-08-21T23:10:54Z</time></trkpt>
      <trkpt lat="22.5389667" lon="113.9354864"><ele>16.7</ele><time>2023-08-21T23:10:55Z</time></trkpt>
      <trkpt lat="22.5389486" lon="113.9354868"><ele>16.6</ele><time>2023-08-21T23:10:56Z</time></trkpt>
      <trkpt lat="22.5389308" lon="113.9354864"><ele>16.6</ele><time>2023-08-21T23:10:57Z</time></trkpt>
      <trkpt lat="22.5389131" lon="113.9354861"><ele>16.5</ele><time>2023-08-21T23:10:58Z</time></trkpt>
      <trkpt lat="22.5388954" lon="113.9354866"><ele>16.5</ele><time>2023-08-21T23:10:59Z</time></trkpt>
      <trkpt lat="22.5388779" lon="113.9354868"><ele>16.4</ele><time>2023-08-21T23:11:00Z</time></trkpt>
      <trkpt lat="22.5388606" lon="113.9354863"><ele>16.4</ele><time>2023-08-21T23:11:01Z</time></trkpt>
      <trkpt lat="22.5388430" lon="113.9354856"><ele>16.3</ele><time>2023-08-21T23:11:02Z</time></trkpt>
      <trkpt lat="22.5388254" lon="113.9354844"><ele>16.3</ele><time>2023-08-21T23:11:03Z</time></trkpt>
      <trkpt lat="22.5388082" lon="113.9354823"><ele>16.2</ele><time>2023-08-21T23:11:04Z</time></trkpt>
      <trkpt lat="22.5387913" lon="113.9354800"><ele>16.1</ele><time>2023-08-21T23:11:05Z</time></trkpt>
      <trkpt lat="22.5387743" lon="113.9354775"><ele>16.1</ele><time>2023-08-21T23:11:06Z</time></trkpt>
      <trkpt lat="22.5387572" lon="113.9354757"><ele>16.0</ele><time>2023-08-21T23:11:07Z</time></trkpt>
      <trkpt lat="22.5387403" lon="113.9354764"><ele>15.9</ele><time>2023-08-21T23:11:08Z</time></trkpt>
      <trkpt lat="22.5387240" lon="113.9354796"><ele>15.9</ele><time>2023-08-21T23:11:09Z</time></trkpt>
      <trkpt lat="22.5387078" lon="113.9354831"><ele>15.8</ele><time>2023-08-21T23:11:10Z</time></trkpt>
      <trkpt lat="22.5386908" lon="113.9354856"><ele>15.8</ele><time>2023-08-21T23:11:11Z</time></trkpt>
      <trkpt lat="22.5386734" lon="113.9354889"><ele>15.7</ele><time>2023-08-21T23:11:12Z</time></trkpt>
      <trkpt lat="22.5386569" lon="113.9354944"><ele>15.6</ele><time>2023-08-21T23:11:13Z</time></trkpt>
      <trkpt lat="22.5386420" lon="113.9355014"><ele>15.6</ele><time>2023-08-21T23:11:14Z</time></trkpt>
      <trkpt lat="22.5386279" lon="113.9355087"><ele>15.5</ele><time>2023-08-21T23:11:15Z</time></trkpt>
      <trkpt lat="22.5386134" lon="113.9355148"><ele>15.4</ele><time>2023-08-21T23:11:16Z</time></trkpt>
      <trkpt lat="22.5385981" lon="113.9355204"><ele>15.4</ele><time>2023-08-21T23:11:17Z</time></trkpt>
      <trkpt lat="22.5385829" lon="113.9355264"><ele>15.3</ele><time>2023-08-21T23:11:18Z</time></trkpt>
      <trkpt lat="22.5385681" lon="113.9355332"><ele>15.2</ele><time>2023-08-21T23:11:19Z</time></trkpt>
      <trkpt lat="22.5385535" lon="113.9355420"><ele>15.2</ele><time>2023-08-21T23:11:20Z</time></trkpt>
      <trkpt lat="22.5385394" lon="113.9355519"><ele>15.1</ele><time>2023-08-21T23:11:21Z</time></trkpt>
      <trkpt lat="22.5385256" lon="113.9355609"><ele>15.0</ele><time>2023-08-21T23:11:22Z</time></trkpt>
      <trkpt lat="22.5385116" lon="113.9355685"><ele>15.0</ele><time>2023-08-21T23:11:23Z</time></trkpt>
      <trkpt lat="22.5384974" lon="113.9355753"><ele>14.9</ele><time>2023-08-21T23:11:24Z</time></trkpt>
      <trkpt lat="22.5384836" lon="113.9355834"><ele>14.9</ele><time>2023-08-21T23:11:25Z</time></trkpt>
      <trkpt lat="22.5384710" lon="113.9355940"><ele>14.8</ele><time>2023-08-21T23:11:26Z</time></trkpt>
      <trkpt lat="22.5384596" lon="113.9356064"><ele>14.7</ele><time>2023-08-21T23:11:27Z</time></trkpt>
      <trkpt lat="22.5384490" lon="113.9356191"><ele>14.7</ele><time>2023-08-21T23:11:28Z</time></trkpt>
      <trkpt lat="22.5384389" lon="113.9356322"><ele>14.6</ele><time>2023-08-21T23:11:29Z</time></trkpt>
      <trkpt lat="22.5384293" lon="113.9356461"><ele>14.6</ele><time>2023-08-21T23:11:30Z</time></trkpt>
      <trkpt lat="22.5384200" lon="113.9356603"><ele>14.5</ele><time>2023-08-21T23:11:31Z</time></trkpt>
      <trkpt lat="22.5384104" lon="113.9356742"><ele>14.5</ele><time>2023-08-21T23:11:32Z</time></trkpt>
      <trkpt lat="22.5384005" lon="113.9356879"><ele>14.5</ele><time>2023-08-21T23:11:33Z</time></trkpt>
      <trkpt lat="22.5383913" lon="113.9357023"><ele>14.4</ele><time>2023-08-21T23:11:34Z</time></trkpt>
      <trkpt lat="22.5383830" lon="113.9357175"><ele>14.4</ele><time>2023-08-21T23:11:35Z</time></trkpt>
      <trkpt lat="22.5383755" lon="113.9357335"><ele>14.3</ele><time>2023-08-21T23:11:36Z</time></trkpt>
      <trkpt lat="22.5383687" lon="113.9357497"><ele>14.3</ele><time>2023-08-21T23:11:37Z</time></trkpt>
      <trkpt lat="22.5383624" lon="113.9357659"><ele>14.3</ele><time>2023-08-21T23:11:38Z</time></trkpt>
      <trkpt lat="22.5383565" lon="113.9357825"><ele>14.2</ele><time>2023-08-21T23:11:39Z</time></trkpt>
      <trkpt lat="22.5383514" lon="113.9357995"><ele>14.2</ele><time>2023-08-21T23:11:40Z</time></trkpt>
      <trkpt lat="22.5383471" lon="113.9358169"><ele>14.2</ele><time>2023-08-21T23:11:41Z</time></trkpt>
      <trkpt lat="22.5383433" lon="113.9358345"><ele>14.1</ele><time>2023-08-21T23:11:42Z</time></trkpt>
      <trkpt lat="22.5383398" lon="113.9358523"><ele>14.1</ele><time>2023-08-21T23:11:43Z</time></trkpt>
      <trkpt lat="22.5383369" lon="113.9358704"><ele>14.1</ele><time>2023-08-21T23:11:44Z</time></trkpt>
      <trkpt lat="22.5383348" lon="113.9358889"><ele>14.0</ele><time>2023-08-21T23:11:45Z</time></trkpt>
      <trkpt lat="22.5383327" lon="113.9359073"><ele>14.0</ele><time>2023-08-21T23:11:46Z</time></trkpt>
      <trkpt lat="22.5383319" lon="113.9359256"><ele>14.0</ele><time>2023-08-21T23:11:47Z</time></trkpt>
      <trkpt lat="22.5383326" lon="113.9359443"><ele>13.9</ele><time>2023-08-21T23:11:48Z</time></trkpt>
      <trkpt lat="22.5383336" lon="113.9359630"><ele>13.9</ele><time>2023-08-21T23:11:49Z</time></trkpt>
      <trkpt lat="22.5383353" lon="113.9359816"><ele>13.8</ele><time>2023-08-21T23:11:50Z</time></trkpt>
      <trkpt lat="22.5383375" lon="113.9360000"><ele>13.8</ele><time>2023-08-21T23:11:51Z</time></trkpt>
      <trkpt lat="22.5383405" lon="113.9360183"><ele>13.7</ele><time>2023-08-21T23:11:52Z</time></trkpt>
      <trkpt lat="22.5383459" lon="113.9360362"><ele>13.7</ele><time>2023-08-21T23:11:53Z</time></trkpt>
      <trkpt lat="22.5383523" lon="113.9360535"><ele>13.6</ele><time>2023-08-21T23:11:54Z</time></trkpt>
      <trkpt lat="22.5383594" lon="113.9360705"><ele>13.6</ele><time>2023-08-21T23:11:55Z</time></trkpt>
      <trkpt lat="22.5383674" lon="113.9360873"><ele>13.5</ele><time>2023-08-21T23:11:56Z</time></trkpt>
      <trkpt lat="22.5383745" lon="113.9361042"><ele>13.4</ele><time>2023-08-21T23:11:57Z</time></trkpt>
      <trkpt lat="22.5383815" lon="113.9361210"><ele>13.4</ele><time>2023-08-21T23:11:58Z</time></trkpt>
      <trkpt lat="22.5383896" lon="113.9361372"><ele>13.3</ele><time>2023-08-21T23:11:59Z</time></trkpt>
      <trkpt lat="22.5383977" lon="113.9361529"><ele>13.2</ele><time>2023-08-21T23:12:00Z</time></trkpt>
      <trkpt lat="22.5384059" lon="113.9361683"><ele>13.2</ele><time>2023-08-21T23:12:01Z</time></trkpt>
      <trkpt lat="22.5384153" lon="113.9361831"><ele>13.1</ele><time>2023-08-21T23:12:02Z</time></trkpt>
      <trkpt lat="22.5384251" lon="113.9361976"><ele>13.0</ele><time>2023-08-21T23:12:03Z</time></trkpt>
      <trkpt lat="22.5384354" lon="113.9362122"><ele>12.9</ele><time>2023-08-21T23:12:04Z</time></trkpt>
      <trkpt lat="22.5384470" lon="113.9362260"><ele>12.9</ele><time>2023-08-21T23:12:05Z</time></trkpt>
      <trkpt lat="22.5384588" lon="113.9362392"><ele>12.8</ele><time>2023-08-21T23:12:06Z</time></trkpt>
      <trkpt lat="22.5384707" lon="113.9362519"><ele>12.7</ele><time>2023-08-21T23:12:07Z</time></trkpt>
      <trkpt lat="22.5384835" lon="113.9362638"><ele>12.6</ele><time>2023-08-21T23:12:08Z</time></trkpt>
      <trkpt lat="22.5384961" lon="113.9362755"><ele>12.6</ele><time>2023-08-21T23:12:09Z</time></trkpt>
      <trkpt lat="22.5385092" lon="113.9362865"><ele>12.5</ele><time>2023-08-21T23:12:10Z</time></trkpt>
      <trkpt lat="22.5385232" lon="113.9362967"><ele>12.4</ele><time>2023-08-21T23:12:11Z</time></trkpt>
      <trkpt lat="22.5385372" lon="113.9363071"><ele>12.3</ele><time>2023-08-21T23:12:12Z</time></trkpt>
      <trkpt lat="22.5385514" lon="113.9363171"><ele>12.3</ele><time>2023-08-21T23:12:13Z</time></trkpt>
      <trkpt lat="22.5385662" lon="113.9363267"><ele>12.2</ele><time>2023-08-21T23:12:14Z</time></trkpt>
      <trkpt lat="22.5385806" lon="113.9363368"><ele>12.1</ele><time>2023-08-21T23:12:15Z</time></trkpt>
      <trkpt lat="22.5385948" lon="113.9363470"><ele>12.1</ele><time>2023-08-21T23:12:16Z</time></trkpt>
      <trkpt lat="22.5386095" lon="113.9363565"><ele>12.0</ele><time>2023-08-21T23:12:17Z</time></trkpt>
      <trkpt lat="22.5386242" lon="113.9363658"><ele>11.9</ele><time>2023-08-21T23:12:18Z</time></trkpt>
      <trkpt lat="22.5386388" lon="113.9363751"><ele>11.9</ele><time>2023-08-21T23:12:19Z</time></trkpt>
      <trkpt lat="22.5386535" lon="113.9363838"><ele>11.8</ele><time>2023-08-21T23:12:20Z</time></trkpt>
      <trkpt lat="22.5386684" lon="113.9363918"><ele>11.7</ele><time>2023-08-21T23:12:21Z</time></trkpt>
      <trkpt lat="22.5386839" lon="113.9363987"><ele>11.7</ele><time>2023-08-21T23:12:22Z</time></trkpt>
      <trkpt lat="22.5387001" lon="113.9364042"><ele>11.6</ele><time>2023-08-21T23:12:23Z</time></trkpt>
      <trkpt lat="22.5387167" lon="113.9364083"><ele>11.6</ele><time>2023-08-21T23:12:24Z</time></trkpt>
      <trkpt lat="22.5387335" lon="113.9364105"><ele>11.5</ele><time>2023-08-21T23:12:25Z</time></trkpt>
      <trkpt lat="22.5387503" lon="113.9364114"><ele>11.5</ele><time>2023-08-21T23:12:26Z</time></trkpt>
      <trkpt lat="22.5387674" lon="113.9364118"><ele>11.5</ele><time>2023-08-21T23:12:27Z</time></trkpt>
      <trkpt lat="22.5387845" lon="113.9364121"><ele>11.4</ele><time>2023-08-21T23:12:28Z</time></trkpt>
      <trkpt lat="22.5388016" lon="113.9364115"><ele>11.4</ele><time>2023-08-21T23:12:29Z</time></trkpt>
      <trkpt lat="22.5388188" lon="113.9364097"><ele>11.4</ele><time>2023-08-21T23:12:30Z</time></trkpt>
      <trkpt lat="22.5388357" lon="113.9364082"><ele>11.4</ele><time>2023-08-21T23:12:31Z</time></trkpt>
      <trkpt lat="22.5388524" lon="113.9364076"><ele>11.4</ele><time>2023-08-21T23:12:32Z</time></trkpt>
      <trkpt lat="22.5388691" lon="113.9364068"><ele>11.4</ele><time>2023-08-21T23:12:33Z</time></trkpt>
      <trkpt lat="22.5388857" lon="113.9364057"><ele>11.4</ele><time>2023-08-21T23:12:34Z</time></trkpt>
      <trkpt lat="22.5389022" lon="113.9364052"><ele>11.4</ele><time>2023-08-21T23:12:35Z</time></trkpt>
      <trkpt lat="22.5389186" lon="113.9364049"><ele>11.4</ele><time>2023-08-21T23:12:36Z</time></trkpt>
      <trkpt lat="22.5389350" lon="113.9364046"><ele>11.4</ele><time>2023-08-21T23:12:37Z</time></trkpt>
      <trkpt lat="22.5389514" lon="113.9364053"><ele>11.4</ele><time>2023-08-21T23:12:38Z</time></trkpt>
      <trkpt lat="22.5389674" lon="113.9364063"><ele>11.4</ele><time>2023-08-21T23:12:39Z</time></trkpt>
      <trkpt lat="22.5389832" lon="113.9364059"><ele>11.4</ele><time>2023-08-21T23:12:40Z</time></trkpt>
      <trkpt lat="22.5389991" lon="113.9364046"><ele>11.5</ele><time>2023-08-21T23:12:41Z</time></trkpt>
      <trkpt lat="22.5390150" lon="113.9364025"><ele>11.5</ele><time>2023-08-21T23:12:42Z</time></trkpt>
      <trkpt lat="22.5390308" lon="113.9363993"><ele>11.5</ele><time>2023-08-21T23:12:43Z</time></trkpt>
      <trkpt lat="22.5390465" lon="113.9363957"><ele>11.6</ele><time>2023-08-21T23:12:44Z</time></trkpt>
      <trkpt lat="22.5390618" lon="113.9363924"><ele>11.6</ele><time>2023-08-21T23:12:45Z</time></trkpt>
      <trkpt lat="22.5390771" lon="113.9363900"><ele>11.6</ele><time>2023-08-21T23:12:46Z</time></trkpt>
      <trkpt lat="22.5390924" lon="113.9363888"><ele>11.7</ele><time>2023-08-21T23:12:47Z</time></trkpt>
      <trkpt lat="22.5391076" lon="113.9363885"><ele>11.7</ele><time>2023-08-21T23:12:48Z</time></trkpt>
      <trkpt lat="22.5391228" lon="113.9363878"><ele>11.7</ele><time>2023-08-21T23:12:49Z</time></trkpt>
      <trkpt lat="22.5391380" lon="113.9363862"><ele>11.8</ele><time>2023-08-21T23:12:50Z</time></trkpt>
      <trkpt lat="22.5391531" lon="113.9363848"><ele>11.8</ele><time>2023-08-21T23:12:51Z</time></trkpt>
      <trkpt lat="22.5391681" lon="113.9363843"><ele>11.9</ele><time>2023-08-21T23:12:52Z</time></trkpt>
      <trkpt lat="22.5391833" lon="113.9363842"><ele>11.9</ele><time>2023-08-21T23:12:53Z</time></trkpt>
      <trkpt lat="22.5391984" lon="113.9363839"><ele>12.0</ele><time>2023-08-21T23:12:54Z</time></trkpt>
      <trkpt lat="22.5392134" lon="113.9363828"><ele>12.0</ele><time>2023-08-21T23:12:55Z</time></trkpt>
      <trkpt lat="22.5392285" lon="113.9363810"><ele>12.1</ele><time>2023-08-21T23:12:56Z</time></trkpt>
      <trkpt lat="22.5392436" lon="113.9363791"><ele>12.1</ele><time>2023-08-21T23:12:57Z</time></trkpt>
      <trkpt lat="22.5392587" lon="113.9363774"><ele>12.2</ele><time>2023-08-21T23:12:58Z</time></trkpt>
      <trkpt lat="22.5392738" lon="113.9363757"><ele>12.2</ele><time>2023-08-21T23:12:59Z</time></trkpt>
      <trkpt lat="22.5392888" lon="113.9363740"><ele>12.3</ele><time>2023-08-21T23:13:00Z</time></trkpt>
      <trkpt lat="22.5393036" lon="113.9363723"><ele>12.3</ele><time>2023-08-21T23:13:01Z</time></trkpt>
      <trkpt lat="22.5393186" lon="113.9363710"><ele>12.4</ele><time>2023-08-21T23:13:02Z</time></trkpt>
      <trkpt lat="22.5393336" lon="113.9363700"><ele>12.5</ele><time>2023-08-21T23:13:03Z</time></trkpt>
      <trkpt lat="22.5393485" lon="113.9363694"><ele>12.5</ele><time>2023-08-21T23:13:04Z</time></trkpt>
      <trkpt lat="22.5393632" lon="113.9363690"><ele>12.6</ele><time>2023-08-21T23:13:05Z</time></trkpt>
      <trkpt lat="22.5393780" lon="113.9363685"><ele>12.6</ele><time>2023-08-21T23:13:06Z</time></trkpt>
      <trkpt lat="22.5393927" lon="113.9363683"><ele>12.7</ele><time>2023-08-21T23:13:07Z</time></trkpt>
      <trkpt lat="22.5394074" lon="113.9363684"><ele>12.8</ele><time>2023-08-21T23:13:08Z</time></trkpt>
      <trkpt lat="22.5394221" lon="113.9363678"><ele>12.8</ele><time>2023-08-21T23:13:09Z</time></trkpt>
      <trkpt lat="22.5394369" lon="113.9363666"><ele>12.9</ele><time>2023-08-21T23:13:10Z</time></trkpt>
      <trkpt lat="22.5394515" lon="113.9363657"><ele>13.0</ele><time>2023-08-21T23:13:11Z</time></trkpt>
      <trkpt lat="22.5394662" lon="113.9363642"><ele>13.0</ele><time>2023-08-21T23:13:12Z</time></trkpt>
      <trkpt lat="22.5394809" lon="113.9363617"><ele>13.1</ele><time>2023-08-21T23:13:13Z</time></trkpt>
      <trkpt lat="22.5394955" lon="113.9363594"><ele>13.2</ele><time>2023-08-21T23:13:14Z</time></trkpt>
      <trkpt lat="22.5395102" lon="113.9363583"><ele>13.2</ele><time>2023-08-21T23:13:15Z</time></trkpt>
      <trkpt lat="22.5395250" lon="113.9363584"><ele>13.3</ele><time>2023-08-21T23:13:16Z</time></trkpt>
      <trkpt lat="22.5395397" lon="113.9363589"><ele>13.4</ele><time>2023-08-21T23:13:17Z</time></trkpt>
      <trkpt lat="22.5395545" lon="113.9363590"><ele>13.5</ele><time>2023-08-21T23:13:18Z</time></trkpt>
      <trkpt lat="22.5395693" lon="113.9363581"><ele>13.6</ele><time>2023-08-21T23:13:19Z</time></trkpt>
      <trkpt lat="22.5395842" lon="113.9363561"><ele>13.6</ele><time>2023-08-21T23:13:20Z</time></trkpt>
      <trkpt lat="22.5395991" lon="113.9363534"><ele>13.7</ele><time>2023-08-21T23:13:21Z</time></trkpt>
      <trkpt lat="22.5396138" lon="113.9363494"><ele>13.8</ele><time>2023-08-21T23:13:22Z</time></trkpt>
      <trkpt lat="22.5396286" lon="113.9363442"><ele>13.9</ele><time>2023-08-21T23:13:23Z</time></trkpt>
      <trkpt lat="22.5396433" lon="113.9363389"><ele>14.0</ele><time>2023-08-21T23:13:24Z</time></trkpt>
      <trkpt lat="22.5396581" lon="113.9363338"><ele>14.1</ele><time>2023-08-21T23:13:25Z</time></trkpt>
      <trkpt lat="22.5396729" lon="113.9363287"><ele>14.2</ele><time>2023-08-21T23:13:26Z</time></trkpt>
      <trkpt lat="22.5396875" lon="113.9363228"><ele>14.3</ele><time>2023-08-21T23:13:27Z</time></trkpt>
      <trkpt lat="22.5397018" lon="113.9363153"><ele>14.4</ele><time>2023-08-21T23:13:28Z</time></trkpt>
      <trkpt lat="22.5397157" lon="113.9363070"><ele>14.5</ele><time>2023-08-21T23:13:29Z</time></trkpt>
      <trkpt lat="22.5397293" lon="113.9362982"><ele>14.6</ele><time>2023-08-21T23:13:30Z</time></trkpt>
      <trkpt lat="22.5397426" lon="113.9362883"><ele>14.7</ele><time>2023-08-21T23:13:31Z</time></trkpt>
      <trkpt lat="22.5397552" lon="113.9362771"><ele>14.8</ele><time>2023-08-21T23:13:32Z</time></trkpt>
      <trkpt lat="22.5397671" lon="113.9362648"><ele>14.9</ele><time>2023-08-21T23:13:33Z</time></trkpt>
      <trkpt lat="22.5397785" lon="113.9362515"><ele>15.0</ele><time>2023-08-21T23:13:34Z</time></trkpt>
      <trkpt lat="22.5397890" lon="113.9362375"><ele>15.1</ele><time>2023-08-21T23:13:35Z</time></trkpt>
      <trkpt lat="22.5397989" lon="113.9362232"><ele>15.2</ele><time>2023-08-21T23:13:36Z</time></trkpt>
      <trkpt lat="22.5398087" lon="113.9362087"><ele>15.3</ele><time>2023-08-21T23:13:37Z</time></trkpt>
      <trkpt lat="22.5398189" lon="113.9361947"><ele>15.4</ele><time>2023-08-21T23:13:38Z</time></trkpt>
      <trkpt lat="22.5398296" lon="113.9361813"><ele>15.5</ele><time>2023-08-21T23:13:39Z</time></trkpt>
      <trkpt lat="22.5398401" lon="113.9361678"><ele>15.5</ele><time>2023-08-21T23:13:40Z</time></trkpt>
      <trkpt lat="22.5398500" lon="113.9361538"><ele>15.6</ele><time>2023-08-21T23:13:41Z</time></trkpt>
      <trkpt lat="22.5398598" lon="113.9361397"><ele>15.7</ele><time>2023-08-21T23:13:42Z</time></trkpt>
      <trkpt lat="22.5398694" lon="113.9361253"><ele>15.8</ele><time>2023-08-21T23:13:43Z</time></trkpt>
      <trkpt lat="22.5398786" lon="113.9361107"><ele>15.9</ele><time>2023-08-21T23:13:44Z</time></trkpt>
      <trkpt lat="22.5398871" lon="113.9360956"><ele>15.9</ele><time>2023-08-21T23:13:45Z</time></trkpt>
      <trkpt lat="22.5398937" lon="113.9360795"><ele>16.0</ele><time>2023-08-21T23:13:46Z</time></trkpt>
      <trkpt lat="22.5398989" lon="113.9360627"><ele>16.0</ele><time>2023-08-21T23:13:47Z</time></trkpt>
      <trkpt lat="22.5399033" lon="113.9360455"><ele>16.1</ele><time>2023-08-21T23:13:48Z</time></trkpt>
      <trkpt lat="22.5399075" lon="113.9360283"><ele>16.2</ele><time>2023-08-21T23:13:49Z</time></trkpt>
      <trkpt lat="22.5399110" lon="113.9360109"><ele>16.2</ele><time>2023-08-21T23:13:50Z</time></trkpt>
      <trkpt lat="22.5399143" lon="113.9359937"><ele>16.2</ele><time>2023-08-21T23:13:51Z</time></trkpt>
      <trkpt lat="22.5399175" lon="113.9359765"><ele>16.3</ele><time>2023-08-21T23:13:52Z</time></trkpt>
      <trkpt lat="22.5399196" lon="113.9359589"><ele>16.3</ele><time>2023-08-21T23:13:53Z</time></trkpt>
      <trkpt lat="22.5399207" lon="113.9359412"><ele>16.4</ele><time>2023-08-21T23:13:54Z</time></trkpt>
      <trkpt lat="22.5399211" lon="113.9359237"><ele>16.4</ele><time>2023-08-21T23:13:55Z</time></trkpt>
      <trkpt lat="22.5399206" lon="113.9359059"><ele>16.4</ele><time>2023-08-21T23:13:56Z</time></trkpt>
      <trkpt lat="22.5399197" lon="113.9358877"><ele>16.5</ele><time>2023-08-21T23:13:57Z</time></trkpt>
      <trkpt lat="22.5399186" lon="113.9358692"><ele>16.5</ele><time>2023-08-21T23:13:58Z</time></trkpt>
      <trkpt lat="22.5399167" lon="113.9358511"><ele>16.5</ele><time>2023-08-21T23:13:59Z</time></trkpt>
      <trkpt lat="22.5399141" lon="113.9358334"><ele>16.5</ele><time>2023-08-21T23:14:00Z</time></trkpt>
      <trkpt lat="22.5399106" lon="113.9358162"><ele>16.5</ele><time>2023-08-21T23:14:01Z</time></trkpt>
      <trkpt lat="22.5399058" lon="113.9357992"><ele>16.6</ele><time>2023-08-21T23:14:02Z</time></trkpt>
      <trkpt lat="22.5399005" lon="113.9357824"><ele>16.6</ele><time>2023-08-21T23:14:03Z</time></trkpt>
      <trkpt lat="22.5398949" lon="113.9357657"><ele>16.6</ele><time>2023-08-21T23:14:04Z</time></trkpt>
      <trkpt lat="22.5398886" lon="113.9357493"><ele>16.6</ele><time>2023-08-21T23:14:05Z</time></trkpt>
      <trkpt lat="22.5398817" lon="113.9357331"><ele>16.6</ele><time>2023-08-21T23:14:06Z</time></trkpt>
      <trkpt lat="22.5398747" lon="113.9357172"><ele>16.6</ele><time>2023-08-21T23:14:07Z</time></trkpt>
      <trkpt lat="22.5398674" lon="113.9357012"><ele>16.6</ele><time>2023-08-21T23:14:08Z</time></trkpt>
      <trkpt lat="22.5398593" lon="113.9356855"><ele>16.6</ele><time>2023-08-21T23:14:09Z</time></trkpt>
      <trkpt lat="22.5398501" lon="113.9356705"><ele>16.6</ele><time>2023-08-21T23:14:10Z</time></trkpt>
      <trkpt lat="22.5398396" lon="113.9356559"><ele>16.6</ele><time>2023-08-21T23:14:11Z</time></trkpt>
      <trkpt lat="22.5398281" lon="113.9356415"><ele>16.6</ele><time>2023-08-21T23:14:12Z</time></trkpt>
      <trkpt lat="22.5398170" lon="113.9356271"><ele>16.6</ele><time>2023-08-21T23:14:13Z</time></trkpt>
      <trkpt lat="22.5398065" lon="113.9356125"><ele>16.6</ele><time>2023-08-21T23:14:14Z</time></trkpt>
      <trkpt lat="22.5397959" lon="113.9355980"><ele>16.6</ele><time>2023-08-21T23:14:15Z</time></trkpt>
      <trkpt lat="22.5397842" lon="113.9355847"><ele>16.6</ele><time>2023-08-21T23:14:16Z</time></trkpt>
      <trkpt lat="22.5397710" lon="113.9355728"><ele>16.6</ele><time>2023-08-21T23:14:17Z</time></trkpt>
      <trkpt lat="22.5397574" lon="113.9355613"><ele>16.6</ele><time>2023-08-21T23:14:18Z</time></trkpt>
      <trkpt lat="22.5397437" lon="113.9355501"><ele>16.6</ele><time>2023-08-21T23:14:19Z</time></trkpt>
      <trkpt lat="22.5397295" lon="113.9355396"><ele>16.6</ele><time>2023-08-21T23:14:20Z</time></trkpt>
      <trkpt lat="22.5397150" lon="113.9355302"><ele>16.6</ele><time>2023-08-21T23:14:21Z</time></trkpt>
      <trkpt lat="22.5397004" lon="113.9355210"><ele>16.6</ele><time>2023-08-21T23:14:22Z</time></trkpt>
      <trkpt lat="22.5396859" lon="113.9355113"><ele>16.6</ele><time>2023-08-21T23:14:23Z</time></trkpt>
      <trkpt lat="22.5396712" lon="113.9355025"><ele>16.6</ele><time>2023-08-21T23:14:24Z</time></trkpt>
      <trkpt lat="22.5396560" lon="113.9354953"><ele>16.5</ele><time>2023-08-21T23:14:25Z</time></trkpt>
      <trkpt lat="22.5396399" lon="113.9354902"><ele>16.5</ele><time>2023-08-21T23:14:26Z</time></trkpt>
      <trkpt lat="22.5396236" lon="113.9354864"><ele>16.5</ele><time>2023-08-21T23:14:27Z</time></trkpt>
      <trkpt lat="22.5396071" lon="113.9354837"><ele>16.5</ele><time>2023-08-21T23:14:28Z</time></trkpt>
      <trkpt lat="22.5395903" lon="113.9354821"><ele>16.4</ele><time>2023-08-21T23:14:29Z</time></trkpt>
      <trkpt lat="22.5395733" lon="113.9354809"><ele>16.4</ele><time>2023-08-21T23:14:30Z</time></trkpt>
      <trkpt lat="22.5395563" lon="113.9354795"><ele>16.4</ele><time>2023-08-21T23:14:31Z</time></trkpt>
      <trkpt lat="22.5395394" lon="113.9354782"><ele>16.3</ele><time>2023-08-21T23:14:32Z</time></trkpt>
      <trkpt lat="22.5395225" lon="113.9354778"><ele>16.3</ele><time>2023-08-21T23:14:33Z</time></trkpt>
      <trkpt lat="22.5395056" lon="113.9354782"><ele>16.3</ele><time>2023-08-21T23:14:34Z</time></trkpt>
      <trkpt lat="22.5394889" lon="113.9354797"><ele>16.2</ele><time>2023-08-21T23:14:35Z</time></trkpt>
      <trkpt lat="22.5394722" lon="113.9354822"><ele>16.2</ele><time>2023-08-21T23:14:36Z</time></trkpt>
      <trkpt lat="22.5394556" lon="113.9354843"><ele>16.2</ele><time>2023-08-21T23:14:37Z</time></trkpt>
      <trkpt lat="22.5394391" lon="113.9354858"><ele>16.1</ele><time>2023-08-21T23:14:38Z</time></trkpt>
      <trkpt lat="22.5394226" lon="113.9354867"><ele>16.1</ele><time>2023-08-21T23:14:39Z</time></trkpt>
      <trkpt lat="22.5394061" lon="113.9354863"><ele>16.0</ele><time>2023-08-21T23:14:40Z</time></trkpt>
      <trkpt lat="22.5393895" lon="113.9354855"><ele>16.0</ele><time>2023-08-21T23:14:41Z</time></trkpt>
      <trkpt lat="22.5393728" lon="113.9354850"><ele>15.9</ele><time>2023-08-21T23:14:42Z</time></trkpt>
      <trkpt lat="22.5393561" lon="113.9354850"><ele>15.9</ele><time>2023-08-21T23:14:43Z</time></trkpt>
      <trkpt lat="22.5393392" lon="113.9354859"><ele>15.8</ele><time>2023-08-21T23:14:44Z</time></trkpt>
      <trkpt lat="22.5393222" lon="113.9354861"><ele>15.8</ele><time>2023-08-21T23:14:45Z</time></trkpt>
      <trkpt lat="22.5393056" lon="113.9354853"><ele>15.7</ele><time>2023-08-21T23:14:46Z</time></trkpt>
      <trkpt lat="22.5392891" lon="113.9354855"><ele>15.7</ele><time>2023-08-21T23:14:47Z</time></trkpt>
      <trkpt lat="22.5392725" lon="113.9354872"><ele>15.6</ele><time>2023-08-21T23:14:48Z</time></trkpt>
      <trkpt lat="22.5392559" lon="113.9354892"><ele>15.5</ele><time>2023-08-21T23:14:49Z</time></trkpt>
      <trkpt lat="22.5392394" lon="113.9354905"><ele>15.4</ele><time>2023-08-21T23:14:50Z</time></trkpt>
      <trkpt lat="22.5392229" lon="113.9354908"><ele>15.4</ele><time>2023-08-21T23:14:51Z</time></trkpt>
      <trkpt lat="22.5392067" lon="113.9354908"><ele>15.3</ele><time>2023-08-21T23:14:52Z</time></trkpt>
      <trkpt lat="22.5391905" lon="113.9354916"><ele>15.2</ele><time>2023-08-21T23:14:53Z</time></trkpt>
      <trkpt lat="22.5391741" lon="113.9354930"><ele>15.1</ele><time>2023-08-21T23:14:54Z</time></trkpt>
      <trkpt lat="22.5391578" lon="113.9354941"><ele>15.0</ele><time>2023-08-21T23:14:55Z</time></trkpt>
      <trkpt lat="22.5391416" lon="113.9354946"><ele>15.0</ele><time>2023-08-21T23:14:56Z</time></trkpt>
      <trkpt lat="22.5391255" lon="113.9354950"><ele>14.9</ele><time>2023-08-21T23:14:57Z</time></trkpt>
      <trkpt lat="22.5391093" lon="113.9354954"><ele>14.8</ele><time>2023-08-21T23:14:58Z</time></trkpt>
      <trkpt lat="22.5390932" lon="113.9354963"><ele>14.7</ele><time>2023-08-21T23:14:59Z</time></trkpt>
      <trkpt lat="22.5390771" lon="113.9354976"><ele>14.6</ele><time>2023-08-21T23:15:00Z</time></trkpt>
      <trkpt lat="22.5390612" lon="113.9354988"><ele>14.5</ele><time>2023-08-21T23:15:01Z</time></trkpt>
      <trkpt lat="22.5390453" lon="113.9354992"><ele>14.4</ele><time>2023-08-21T23:15:02Z</time></trkpt>
      <trkpt lat="22.5390292" lon="113.9354992"><ele>14.3</ele><time>2023-08-21T23:15:03Z</time></trkpt>
      <trkpt lat="22.5390132" lon="113.9354995"><ele>14.2</ele><time>2023-08-21T23:15:04Z</time></trkpt>
      <trkpt lat="22.5389973" lon="113.9355007"><ele>14.1</ele><time>2023-08-21T23:15:05Z</time></trkpt>
      <trkpt lat="22.5389815" lon="113.9355013"><ele>14.0</ele><time>2023-08-21T23:15:06Z</time></trkpt>
      <trkpt lat="22.5389657" lon="113.9355003"><ele>13.9</ele><time>2023-08-21T23:15:07Z</time></trkpt>
      <trkpt lat="22.5389499" lon="113.9354985"><ele>13.8</ele><time>2023-08-21T23:15:08Z</time></trkpt>
      <trkpt lat="22.5389342" lon="113.9354966"><ele>13.7</ele><time>2023-08-21T23:15:09Z</time></trkpt>
      <trkpt lat="22.5389183" lon="113.9354958"><ele>13.7</ele><time>2023-08-21T23:15:10Z</time></trkpt>
      <trkpt lat="22.5389023" lon="113.9354956"><ele>13.6</ele><time>2023-08-21T23:15:11Z</time></trkpt>
      <trkpt lat="22.5388865" lon="113.9354946"><ele>13.5</ele><time>2023-08-21T23:15:12Z</time></trkpt>
      <trkpt lat="22.5388707" lon="113.9354938"><ele>13.4</ele><time>2023-08-21T23:15:13Z</time></trkpt>
      <trkpt lat="22.5388549" lon="113.9354935"><ele>13.3</ele><time>2023-08-21T23:15:14Z</time></trkpt>
      <trkpt lat="22.5388393" lon="113.9354931"><ele>13.3</ele><time>2023-08-21T23:15:15Z</time></trkpt>
      <trkpt lat="22.5388238" lon="113.9354925"><ele>13.2</ele><time>2023-08-21T23:15:16Z</time></trkpt>
      <trkpt lat="22.5388082" lon="113.9354922"><ele>13.1</ele><time>2023-08-21T23:15:17Z</time></trkpt>
      <trkpt lat="22.5387928" lon="113.9354922"><ele>13.1</ele><time>2023-08-21T23:15:18Z</time></trkpt>
      <trkpt lat="22.5387775" lon="113.9354917"><ele>13.0</ele><time>2023-08-21T23:15:19Z</time></trkpt>
      <trkpt lat="22.5387619" lon="113.9354910"><ele>12.9</ele><time>2023-08-21T23:15:20Z</time></trkpt>
      <trkpt lat="22.5387459" lon="113.9354902"><ele>12.9</ele><time>2023-08-21T23:15:21Z</time></trkpt>
      <trkpt lat="22.5387298" lon="113.9354896"><ele>12.8</ele><time>2023-08-21T23:15:22Z</time></trkpt>
      <trkpt lat="22.5387134" lon="113.9354902"><ele>12.8</ele><time>2023-08-21T23:15:23Z</time></trkpt>
      <trkpt lat="22.5386970" lon="113.9354927"><ele>12.7</ele><time>2023-08-21T23:15:24Z</time></trkpt>
      <trkpt lat="22.5386811" lon="113.9354964"><ele>12.7</ele><time>2023-08-21T23:15:25Z</time></trkpt>
      <trkpt lat="22.5386658" lon="113.9355006"><ele>12.6</ele><time>2023-08-21T23:15:26Z</time></trkpt>
      <trkpt lat="22.5386510" lon="113.9355049"><ele>12.6</ele><time>2023-08-21T23:15:27Z</time></trkpt>
      <trkpt lat="22.5386363" lon="113.9355094"><ele>12.6</ele><time>2023-08-21T23:15:28Z</time></trkpt>
      <trkpt lat="22.5386217" lon="113.9355143"><ele>12.5</ele><time>2023-08-21T23:15:29Z</time></trkpt>
      <trkpt lat="22.5386073" lon="113.9355200"><ele>12.5</ele><time>2023-08-21T23:15:30Z</time></trkpt>
      <trkpt lat="22.5385932" lon="113.9355265"><ele>12.5</ele><time>2023-08-21T23:15:31Z</time></trkpt>
      <trkpt lat="22.5385794" lon="113.9355339"><ele>12.5</ele><time>2023-08-21T23:15:32Z</time></trkpt>
      <trkpt lat="22.5385659" lon="113.9355420"><ele>12.4</ele><time>2023-08-21T23:15:33Z</time></trkpt>
      <trkpt lat="22.5385526" lon="113.9355504"><ele>12.4</ele><time>2023-08-21T23:15:34Z</time></trkpt>
      <trkpt lat="22.5385395" lon="113.9355590"><ele>12.4</ele><time>2023-08-21T23:15:35Z</time></trkpt>
      <trkpt lat="22.5385264" lon="113.9355677"><ele>12.4</ele><time>2023-08-21T23:15:36Z</time></trkpt>
      <trkpt lat="22.5385134" lon="113.9355767"><ele>12.3</ele><time>2023-08-21T23:15:37Z</time></trkpt>
      <trkpt lat="22.5385011" lon="113.9355864"><ele>12.3</ele><time>2023-08-21T23:15:38Z</time></trkpt>
      <trkpt lat="22.5384893" lon="113.9355968"><ele>12.3</ele><time>2023-08-21T23:15:39Z</time></trkpt>
      <trkpt lat="22.5384777" lon="113.9356074"><ele>12.3</ele><time>2023-08-21T23:15:40Z</time></trkpt>
      <trkpt lat="22.5384658" lon="113.9356174"><ele>12.3</ele><time>2023-08-21T23:15:41Z</time></trkpt>
      <trkpt lat="22.5384544" lon="113.9356278"><ele>12.2</ele><time>2023-08-21T23:15:42Z</time></trkpt>
      <trkpt lat="22.5384441" lon="113.9356398"><ele>12.2</ele><time>2023-08-21T23:15:43Z</time></trkpt>
      <trkpt lat="22.5384349" lon="113.9356527"><ele>12.2</ele><time>2023-08-21T23:15:44Z</time></trkpt>
      <trkpt lat="22.5384262" lon="113.9356659"><ele>12.2</ele><time>2023-08-21T23:15:45Z</time></trkpt>
      <trkpt lat="22.5384176" lon="113.9356793"><ele>12.2</ele><time>2023-08-21T23:15:46Z</time></trkpt>
      <trkpt lat="22.5384094" lon="113.9356929"><ele>12.2</ele><time>2023-08-21T23:15:47Z</time></trkpt>
      <trkpt lat="22.5384015" lon="113.9357067"><ele>12.1</ele><time>2023-08-21T23:15:48Z</time></trkpt>
      <trkpt lat="22.5383941" lon="113.9357208"><ele>12.1</ele><time>2023-08-21T23:15:49Z</time></trkpt>
      <trkpt lat="22.5383878" lon="113.9357355"><ele>12.1</ele><time>2023-08-21T23:15:50Z</time></trkpt>
      <trkpt lat="22.5383825" lon="113.9357507"><ele>12.1</ele><time>2023-08-21T23:15:51Z</time></trkpt>
      <trkpt lat="22.5383774" lon="113.9357661"><ele>12.0</ele><time>2023-08-21T23:15:52Z</time></trkpt>
      <trkpt lat="22.5383721" lon="113.9357815"><ele>12.0</ele><time>2023-08-21T23:15:53Z</time></trkpt>
      <trkpt lat="22.5383668" lon="113.9357966"><ele>12.0</ele><time>2023-08-21T23:15:54Z</time></trkpt>
      <trkpt lat="22.5383617" lon="113.9358116"><ele>12.0</ele><time>2023-08-21T23:15:55Z</time></trkpt>
      <trkpt lat="22.5383578" lon="113.9358273"><ele>12.0</ele><time>2023-08-21T23:15:56Z</time></trkpt>
      <trkpt lat="22.5383556" lon="113.9358436"><ele>11.9</ele><time>2023-08-21T23:15:57Z</time></trkpt>
      <trkpt lat="22.5383540" lon="113.9358600"><ele>11.9</ele><time>2023-08-21T23:15:58Z</time></trkpt>
      <trkpt lat="22.5383526" lon="113.9358763"><ele>11.9</ele><time>2023-08-21T23:15:59Z</time></trkpt>
      <trkpt lat="22.5383516" lon="113.9358928"><ele>11.9</ele><time>2023-08-21T23:16:00Z</time></trkpt>
      <trkpt lat="22.5383508" lon="113.9359093"><ele>11.8</ele><time>2023-08-21T23:16:01Z</time></trkpt>
      <trkpt lat="22.5383498" lon="113.9359257"><ele>11.8</ele><time>2023-08-21T23:16:02Z</time></trkpt>
      <trkpt lat="22.5383490" lon="113.9359420"><ele>11.8</ele><time>2023-08-21T23:16:03Z</time></trkpt>
      <trkpt lat="22.5383481" lon="113.9359583"><ele>11.8</ele><time>2023-08-21T23:16:04Z</time></trkpt>
      <trkpt lat="22.5383479" lon="113.9359745"><ele>11.8</ele><time>2023-08-21T23:16:05Z</time></trkpt>
      <trkpt lat="22.5383496" lon="113.9359908"><ele>11.7</ele><time>2023-08-21T23:16:06Z</time></trkpt>
      <trkpt lat="22.5383533" lon="113.9360071"><ele>11.7</ele><time>2023-08-21T23:16:07Z</time></trkpt>
      <trkpt lat="22.5383575" lon="113.9360231"><ele>11.7</ele><time>2023-08-21T23:16:08Z</time></trkpt>
      <trkpt lat="22.5383620" lon="113.9360391"><ele>11.7</ele><time>2023-08-21T23:16:09Z</time></trkpt>
      <trkpt lat="22.5383668" lon="113.9360550"><ele>11.7</ele><time>2023-08-21T23:16:10Z</time></trkpt>
      <trkpt lat="22.5383717" lon="113.9360706"><ele>11.7</ele><time>2023-08-21T23:16:11Z</time></trkpt>
      <trkpt lat="22.5383761" lon="113.9360863"><ele>11.7</ele><time>2023-08-21T23:16:12Z</time></trkpt>
      <trkpt lat="22.5383813" lon="113.9361018"><ele>11.6</ele><time>2023-08-21T23:16:13Z</time></trkpt>
      <trkpt lat="22.5383876" lon="113.9361169"><ele>11.6</ele><time>2023-08-21T23:16:14Z</time></trkpt>
      <trkpt lat="22.5383945" lon="113.9361318"><ele>11.6</ele><time>2023-08-21T23:16:15Z</time></trkpt>
      <trkpt lat="22.5384020" lon="113.9361462"><ele>11.6</ele><time>2023-08-21T23:16:16Z</time></trkpt>
      <trkpt lat="22.5384097" lon="113.9361605"><ele>11.6</ele><time>2023-08-21T23:16:17Z</time></trkpt>
      <trkpt lat="22.5384173" lon="113.9361745"><ele>11.6</ele><time>2023-08-21T23:16:18Z</time></trkpt>
      <trkpt lat="22.5384256" lon="113.9361881"><ele>11.6</ele><time>2023-08-21T23:16:19Z</time></trkpt>
      <trkpt lat="22.5384345" lon="113.9362012"><ele>11.6</ele><time>2023-08-21T23:16:20Z</time></trkpt>
      <trkpt lat="22.5384437" lon="113.9362139"><ele>11.6</ele><time>2023-08-21T23:16:21Z</time></trkpt>
      <trkpt lat="22.5384527" lon="113.9362266"><ele>11.6</ele><time>2023-08-21T23:16:22Z</time></trkpt>
      <trkpt lat="22.5384620" lon="113.9362394"><ele>11.6</ele><time>2023-08-21T23:16:23Z</time></trkpt>
      <trkpt lat="22.5384714" lon="113.9362520"><ele>11.6</ele><time>2023-08-21T23:16:24Z</time></trkpt>
      <trkpt lat="22.5384812" lon="113.9362642"><ele>11.6</ele><time>2023-08-21T23:16:25Z</time></trkpt>
      <trkpt lat="22.5384920" lon="113.9362754"><ele>11.6</ele><time>2023-08-21T23:16:26Z</time></trkpt>
      <trkpt lat="22.5385034" lon="113.9362860"><ele>11.6</ele><time>2023-08-21T23:16:27Z</time></trkpt>
      <trkpt lat="22.5385149" lon="113.9362965"><ele>11.6</ele><time>2023-08-21T23:16:28Z</time></trkpt>
      <trkpt lat="22.5385268" lon="113.9363067"><ele>11.6</ele><time>2023-08-21T23:16:29Z</time></trkpt>
      <trkpt lat="22.5385396" lon="113.9363166"><ele>11.6</ele><time>2023-08-21T23:16:30Z</time></trkpt>
      <trkpt lat="22.5385534" lon="113.9363261"><ele>11.6</ele><time>2023-08-21T23:16:31Z</time></trkpt>
      <trkpt lat="22.5385679" lon="113.9363348"><ele>11.6</ele><time>2023-08-21T23:16:32Z</time></trkpt>
      <trkpt lat="22.5385827" lon="113.9363432"><ele>11.7</ele><time>2023-08-21T23:16:33Z</time></trkpt>
      <trkpt lat="22.5385975" lon="113.9363515"><ele>11.7</ele><time>2023-08-21T23:16:34Z</time></trkpt>
      <trkpt lat="22.5386123" lon="113.9363592"><ele>11.7</ele><time>2023-08-21T23:16:35Z</time></trkpt>
      <trkpt lat="22.5386274" lon="113.9363660"><ele>11.7</ele><time>2023-08-21T23:16:36Z</time></trkpt>
      <trkpt lat="22.5386427" lon="113.9363723"><ele>11.7</ele><time>2023-08-21T23:16:37Z</time></trkpt>
      <trkpt lat="22.5386584" lon="113.9363776"><ele>11.7</ele><time>2023-08-21T23:16:38Z</time></trkpt>
      <trkpt lat="22.5386744" lon="113.9363816"><ele>11.8</ele><time>2023-08-21T23:16:39Z</time></trkpt>
      <trkpt lat="22.5386901" lon="113.9363844"><ele>11.8</ele><time>2023-08-21T23:16:40Z</time></trkpt>
      <trkpt lat="22.5387050" lon="113.9363873"><ele>11.8</ele><time>2023-08-21T23:16:41Z</time></trkpt>
      <trkpt lat="22.5387195" lon="113.9363911"><ele>11.8</ele><time>2023-08-21T23:16:42Z</time></trkpt>
      <trkpt lat="22.5387340" lon="113.9363946"><ele>11.8</ele><time>2023-08-21T23:16:43Z</time></trkpt>
      <trkpt lat="22.5387488" lon="113.9363974"><ele>11.8</ele><time>2023-08-21T23:16:44Z</time></trkpt>
      <trkpt lat="22.5387637" lon="113.9363993"><ele>11.9</ele><time>2023-08-21T23:16:45Z</time></trkpt>
      <trkpt lat="22.5387789" lon="113.9364000"><ele>11.9</ele><time>2023-08-21T23:16:46Z</time></trkpt>
      <trkpt lat="22.5387941" lon="113.9363998"><ele>11.9</ele><time>2023-08-21T23:16:47Z</time></trkpt>
      <trkpt lat="22.5388093" lon="113.9363986"><ele>11.9</ele><time>2023-08-21T23:16:48Z</time></trkpt>
      <trkpt lat="22.5388246" lon="113.9363962"><ele>11.9</ele><time>2023-08-21T23:16:49Z</time></trkpt>
      <trkpt lat="22.5388398" lon="113.9363935"><ele>11.9</ele><time>2023-08-21T23:16:50Z</time></trkpt>
      <trkpt lat="22.5388549" lon="113.9363915"><ele>11.9</ele><time>2023-08-21T23:16:51Z</time></trkpt>
      <trkpt lat="22.5388701" lon="113.9363906"><ele>11.9</ele><time>2023-08-21T23:16:52Z</time></trkpt>
      <trkpt lat="22.5388852" lon="113.9363905"><ele>11.9</ele><time>2023-08-21T23:16:53Z</time></trkpt>
      <trkpt lat="22.5389002" lon="113.9363909"><ele>11.9</ele><time>2023-08-21T23:16:54Z</time></trkpt>
      <trkpt lat="22.5389153" lon="113.9363905"><ele>12.0</ele><time>2023-08-21T23:16:55Z</time></trkpt>
      <trkpt lat="22.5389305" lon="113.9363891"><ele>12.0</ele><time>2023-08-21T23:16:56Z</time></trkpt>
      <trkpt lat="22.5389457" lon="113.9363880"><ele>12.0</ele><time>2023-08-21T23:16:57Z</time></trkpt>
      <trkpt lat="22.5389609" lon="113.9363877"><ele>12.0</ele><time>2023-08-21T23:16:58Z</time></trkpt>
      <trkpt lat="22.5389759" lon="113.9363872"><ele>12.0</ele><time>2023-08-21T23:16:59Z</time></trkpt>
      <trkpt lat="22.5389909" lon="113.9363862"><ele>12.0</ele><time>2023-08-21T23:17:00Z</time></trkpt>
      <trkpt lat="22.5390058" lon="113.9363850"><ele>12.0</ele><time>2023-08-21T23:17:01Z</time></trkpt>
      <trkpt lat="22.5390208" lon="113.9363837"><ele>12.0</ele><time>2023-08-21T23:17:02Z</time></trkpt>
      <trkpt lat="22.5390360" lon="113.9363828"><ele>12.0</ele><time>2023-08-21T23:17:03Z</time></trkpt>
      <trkpt lat="22.5390511" lon="113.9363824"><ele>12.0</ele><time>2023-08-21T23:17:04Z</time></trkpt>
      <trkpt lat="22.5390662" lon="113.9363820"><ele>12.1</ele><time>2023-08-21T23:17:05Z</time></trkpt>
      <trkpt lat="22.5390813" lon="113.9363814"><ele>12.1</ele><time>2023-08-21T23:17:06Z</time></trkpt>
      <trkpt lat="22.5390965" lon="113.9363806"><ele>12.1</ele><time>2023-08-21T23:17:07Z</time></trkpt>
      <trkpt lat="22.5391119" lon="113.9363795"><ele>12.1</ele><time>2023-08-21T23:17:08Z</time></trkpt>
      <trkpt lat="22.5391271" lon="113.9363780"><ele>12.1</ele><time>2023-08-21T23:17:09Z</time></trkpt>
      <trkpt lat="22.5391423" lon="113.9363767"><ele>12.1</ele><time>2023-08-21T23:17:10Z</time></trkpt>
      <trkpt lat="22.5391574" lon="113.9363757"><ele>12.1</ele><time>2023-08-21T23:17:11Z</time></trkpt>
      <trkpt lat="22.5391726" lon="113.9363748"><ele>12.1</ele><time>2023-08-21T23:17:12Z</time></trkpt>
      <trkpt lat="22.5391880" lon="113.9363745"><ele>12.1</ele><time>2023-08-21T23:17:13Z</time></trkpt>
      <trkpt lat="22.5392034" lon="113.9363744"><ele>12.1</ele><time>2023-08-21T23:17:14Z</time></trkpt>
      <trkpt lat="22.5392188" lon="113.9363734"><ele>12.1</ele><time>2023-08-21T23:17:15Z</time></trkpt>
      <trkpt lat="22.5392341" lon="113.9363722"><ele>12.1</ele><time>2023-08-21T23:17:16Z</time></trkpt>
      <trkpt lat="22.5392495" lon="113.9363718"><ele>12.1</ele><time>2023-08-21T23:17:17Z</time></trkpt>
      <trkpt lat="22.5392648" lon="113.9363717"><ele>12.1</ele><time>2023-08-21T23:17:18Z</time></trkpt>
      <trkpt lat="22.5392801" lon="113.9363715"><ele>12.2</ele><time>2023-08-21T23:17:19Z</time></trkpt>
      <trkpt lat="22.5392953" lon="113.9363714"><ele>12.2</ele><time>2023-08-21T23:17:20Z</time></trkpt>
      <trkpt lat="22.5393105" lon="113.9363710"><ele>12.2</ele><time>2023-08-21T23:17:21Z</time></trkpt>
      <trkpt lat="22.5393259" lon="113.9363700"><ele>12.2</ele><time>2023-08-21T23:17:22Z</time></trkpt>
      <trkpt lat="22.5393413" lon="113.9363693"><ele>12.2</ele><time>2023-08-21T23:17:23Z</time></trkpt>
      <trkpt lat="22.5393567" lon="113.9363693"><ele>12.2</ele><time>2023-08-21T23:17:24Z</time></trkpt>
      <trkpt lat="22.5393720" lon="113.9363690"><ele>12.2</ele><time>2023-08-21T23:17:25Z</time></trkpt>
      <trkpt lat="22.5393873" lon="113.9363691"><ele>12.2</ele><time>2023-08-21T23:17:26Z</time></trkpt>
      <trkpt lat="22.5394027" lon="113.9363695"><ele>12.3</ele><time>2023-08-21T23:17:27Z</time></trkpt>
      <trkpt lat="22.5394182" lon="113.9363698"><ele>12.3</ele><time>2023-08-21T23:17:28Z</time></trkpt>
      <trkpt lat="22.5394338" lon="113.9363701"><ele>12.3</ele><time>2023-08-21T23:17:29Z</time></trkpt>
      <trkpt lat="22.5394495" lon="113.9363694"><ele>12.3</ele><time>2023-08-21T23:17:30Z</time></trkpt>
      <trkpt lat="22.5394651" lon="113.9363672"><ele>12.3</ele><time>2023-08-21T23:17:31Z</time></trkpt>
      <trkpt lat="22.5394804" lon="113.9363650"><ele>12.4</ele><time>2023-08-21T23:17:32Z</time></trkpt>
      <trkpt lat="22.5394958" lon="113.9363643"><ele>12.4</ele><time>2023-08-21T23:17:33Z</time></trkpt>
      <trkpt lat="22.5395113" lon="113.9363646"><ele>12.4</ele><time>2023-08-21T23:17:34Z</time></trkpt>
      <trkpt lat="22.5395270" lon="113.9363646"><ele>12.4</ele><time>2023-08-21T23:17:35Z</time></trkpt>
      <trkpt lat="22.5395425" lon="113.9363635"><ele>12.5</ele><time>2023-08-21T23:17:36Z</time></trkpt>
      <trkpt lat="22.5395581" lon="113.9363610"><ele>12.5</ele><time>2023-08-21T23:17:37Z</time></trkpt>
      <trkpt lat="22.5395736" lon="113.9363579"><ele>12.5</ele><time>2023-08-21T23:17:38Z</time></trkpt>
      <trkpt lat="22.5395890" lon="113.9363548"><ele>12.5</ele><time>2023-08-21T23:17:39Z</time></trkpt>
      <trkpt lat="22.5396044" lon="113.9363510"><ele>12.6</ele><time>2023-08-21T23:17:40Z</time></trkpt>
      <trkpt lat="22.5396198" lon="113.9363468"><ele>12.6</ele><time>2023-08-21T23:17:41Z</time></trkpt>
      <trkpt lat="22.5396349" lon="113.9363427"><ele>12.6</ele><time>2023-08-21T23:17:42Z</time></trkpt>
      <trkpt lat="22.5396499" lon="113.9363381"><ele>12.6</ele><time>2023-08-21T23:17:43Z</time></trkpt>
      <trkpt lat="22.5396645" lon="113.9363320"><ele>12.7</ele><time>2023-08-21T23:17:44Z</time></trkpt>
      <trkpt lat="22.5396787" lon="113.9363245"><ele>12.7</ele><time>2023-08-21T23:17:45Z</time></trkpt>
      <trkpt lat="22.5396930" lon="113.9363171"><ele>12.7</ele><time>2023-08-21T23:17:46Z</time></trkpt>
      <trkpt lat="22.5397073" lon="113.9363097"><ele>12.8</ele><time>2023-08-21T23:17:47Z</time></trkpt>
      <trkpt lat="22.5397212" lon="113.9363017"><ele>12.8</ele><time>2023-08-21T23:17:48Z</time></trkpt>
      <trkpt lat="22.5397350" lon="113.9362935"><ele>12.8</ele><time>2023-08-21T23:17:49Z</time></trkpt>
      <trkpt lat="22.5397485" lon="113.9362848"><ele>12.9</ele><time>2023-08-21T23:17:50Z</time></trkpt>
      <trkpt lat="22.5397617" lon="113.9362756"><ele>12.9</ele><time>2023-08-21T23:17:51Z</time></trkpt>
      <trkpt lat="22.5397749" lon="113.9362665"><ele>13.0</ele><time>2023-08-21T23:17:52Z</time></trkpt>
      <trkpt lat="22.5397875" lon="113.9362563"><ele>13.0</ele><time>2023-08-21T23:17:53Z</time></trkpt>
      <trkpt lat="22.5397996" lon="113.9362453"><ele>13.1</ele><time>2023-08-21T23:17:54Z</time></trkpt>
      <trkpt lat="22.5398110" lon="113.9362333"><ele>13.1</ele><time>2023-08-21T23:17:55Z</time></trkpt>
      <trkpt lat="22.5398208" lon="113.9362198"><ele>13.2</ele><time>2023-08-21T23:17:56Z</time></trkpt>
      <trkpt lat="22.5398302" lon="113.9362060"><ele>13.2</ele><time>2023-08-21T23:17:57Z</time></trkpt>
      <trkpt lat="22.5398401" lon="113.9361926"><ele>13.3</ele><time>2023-08-21T23:17:58Z</time></trkpt>
      <trkpt lat="22.5398497" lon="113.9361791"><ele>13.4</ele><time>2023-08-21T23:17:59Z</time></trkpt>
      <trkpt lat="22.5398588" lon="113.9361651"><ele>13.4</ele><time>2023-08-21T23:18:00Z</time></trkpt>
      <trkpt lat="22.5398674" lon="113.9361509"><ele>13.5</ele><time>2023-08-21T23:18:01Z</time></trkpt>
      <trkpt lat="22.5398754" lon="113.9361361"><ele>13.6</ele><time>2023-08-21T23:18:02Z</time></trkpt>
      <trkpt lat="22.5398824" lon="113.9361207"><ele>13.6</ele><time>2023-08-21T23:18:03Z</time></trkpt>
      <trkpt lat="22.5398896" lon="113.9361055"><ele>13.7</ele><time>2023-08-21T23:18:04Z</time></trkpt>
      <trkpt lat="22.5398966" lon="113.9360904"><ele>13.7</ele><time>2023-08-21T23:18:05Z</time></trkpt>
      <trkpt lat="22.5399022" lon="113.9360745"><ele>13.8</ele><time>2023-08-21T23:18:06Z</time></trkpt>
      <trkpt lat="22.5399070" lon="113.9360582"><ele>13.9</ele><time>2023-08-21T23:18:07Z</time></trkpt>
      <trkpt lat="22.5399119" lon="113.9360421"><ele>13.9</ele><time>2023-08-21T23:18:08Z</time></trkpt>
      <trkpt lat="22.5399162" lon="113.9360260"><ele>14.0</ele><time>2023-08-21T23:18:09Z</time></trkpt>
      <trkpt lat="22.5399196" lon="113.9360095"><ele>14.0</ele><time>2023-08-21T23:18:10Z</time></trkpt>
      <trkpt lat="22.5399224" lon="113.9359930"><ele>14.1</ele><time>2023-08-21T23:18:11Z</time></trkpt>
      <trkpt lat="22.5399249" lon="113.9359764"><ele>14.1</ele><time>2023-08-21T23:18:12Z</time></trkpt>
      <trkpt lat="22.5399265" lon="113.9359596"><ele>14.2</ele><time>2023-08-21T23:18:13Z</time></trkpt>
      <trkpt lat="22.5399274" lon="113.9359427"><ele>14.2</ele><time>2023-08-21T23:18:14Z</time></trkpt>
      <trkpt lat="22.5399282" lon="113.9359259"><ele>14.3</ele><time>2023-08-21T23:18:15Z</time></trkpt>
      <trkpt lat="22.5399284" lon="113.9359090"><ele>14.3</ele><time>2023-08-21T23:18:16Z</time></trkpt>
      <trkpt lat="22.5399278" lon="113.9358922"><ele>14.3</ele><time>2023-08-21T23:18:17Z</time></trkpt>
      <trkpt lat="22.5399274" lon="113.9358756"><ele>14.4</ele><time>2023-08-21T23:18:18Z</time></trkpt>
      <trkpt lat="22.5399269" lon="113.9358591"><ele>14.4</ele><time>2023-08-21T23:18:19Z</time></trkpt>
      <trkpt lat="22.5399253" lon="113.9358428"><ele>14.4</ele><time>2023-08-21T23:18:20Z</time></trkpt>
      <trkpt lat="22.5399222" lon="113.9358266"><ele>14.5</ele><time>2023-08-21T23:18:21Z</time></trkpt>
      <trkpt lat="22.5399184" lon="113.9358104"><ele>14.5</ele><time>2023-08-21T23:18:22Z</time></trkpt>
      <trkpt lat="22.5399145" lon="113.9357944"><ele>14.5</ele><time>2023-08-21T23:18:23Z</time></trkpt>
      <trkpt lat="22.5399104" lon="113.9357784"><ele>14.5</ele><time>2023-08-21T23:18:24Z</time></trkpt>
      <trkpt lat="22.5399056" lon="113.9357625"><ele>14.5</ele><time>2023-08-21T23:18:25Z</time></trkpt>
      <trkpt lat="22.5398999" lon="113.9357470"><ele>14.6</ele><time>2023-08-21T23:18:26Z</time></trkpt>
      <trkpt lat="22.5398934" lon="113.9357318"><ele>14.6</ele><time>2023-08-21T23:18:27Z</time></trkpt>
      <trkpt lat="22.5398874" lon="113.9357164"><ele>14.6</ele><time>2023-08-21T23:18:28Z</time></trkpt>
      <trkpt lat="22.5398819" lon="113.9357008"><ele>14.6</ele><time>2023-08-21T23:18:29Z</time></trkpt>
      <trkpt lat="22.5398761" lon="113.9356854"><ele>14.6</ele><time>2023-08-21T23:18:30Z</time></trkpt>
      <trkpt lat="22.5398699" lon="113.9356703"><ele>14.6</ele><time>2023-08-21T23:18:31Z</time></trkpt>
      <trkpt lat="22.5398624" lon="113.9356556"><ele>14.6</ele><time>2023-08-21T23:18:32Z</time></trkpt>
      <trkpt lat="22.5398537" lon="113.9356414"><ele>14.6</ele><time>2023-08-21T23:18:33Z</time></trkpt>
      <trkpt lat="22.5398448" lon="113.9356273"><ele>14.6</ele><time>2023-08-21T23:18:34Z</time></trkpt>
      <trkpt lat="22.5398355" lon="113.9356137"><ele>14.6</ele><time>2023-08-21T23:18:35Z</time></trkpt>
      <trkpt lat="22.5398253" lon="113.9356010"><ele>14.6</ele><time>2023-08-21T23:18:36Z</time></trkpt>
      <trkpt lat="22.5398146" lon="113.9355884"><ele>14.6</ele><time>2023-08-21T23:18:37Z</time></trkpt>
      <trkpt lat="22.5398031" lon="113.9355766"><ele>14.6</ele><time>2023-08-21T23:18:38Z</time></trkpt>
      <trkpt lat="22.5397909" lon="113.9355657"><ele>14.6</ele><time>2023-08-21T23:18:39Z</time></trkpt>
      <trkpt lat="22.5397783" lon="113.9355553"><ele>14.6</ele><time>2023-08-21T23:18:40Z</time></trkpt>
      <trkpt lat="22.5397648" lon="113.9355455"><ele>14.6</ele><time>2023-08-21T23:18:41Z</time></trkpt>
      <trkpt lat="22.5397501" lon="113.9355369"><ele>14.6</ele><time>2023-08-21T23:18:42Z</time></trkpt>
      <trkpt lat="22.5397340" lon="113.9355288"><ele>14.5</ele><time>2023-08-21T23:18:43Z</time></trkpt>
      <trkpt lat="22.5397172" lon="113.9355204"><ele>14.5</ele><time>2023-08-21T23:18:44Z</time></trkpt>
      <trkpt lat="22.5397013" lon="113.9355120"><ele>14.5</ele><time>2023-08-21T23:18:45Z</time></trkpt>
      <trkpt lat="22.5396854" lon="113.9355051"><ele>14.5</ele><time>2023-08-21T23:18:46Z</time></trkpt>
      <trkpt lat="22.5396689" lon="113.9354993"><ele>14.5</ele><time>2023-08-21T23:18:47Z</time></trkpt>
      <trkpt lat="22.5396531" lon="113.9354927"><ele>14.5</ele><time>2023-08-21T23:18:48Z</time></trkpt>
      <trkpt lat="22.5396373" lon="113.9354856"><ele>14.4</ele><time>2023-08-21T23:18:49Z</time></trkpt>
      <trkpt lat="22.5396214" lon="113.9354788"><ele>14.4</ele><time>2023-08-21T23:18:50Z</time></trkpt>
      <trkpt lat="22.5396052" lon="113.9354724"><ele>14.4</ele><time>2023-08-21T23:18:51Z</time></trkpt>
      <trkpt lat="22.5395882" lon="113.9354677"><ele>14.4</ele><time>2023-08-21T23:18:52Z</time></trkpt>
      <trkpt lat="22.5395707" lon="113.9354645"><ele>14.4</ele><time>2023-08-21T23:18:53Z</time></trkpt>
      <trkpt lat="22.5395530" lon="113.9354628"><ele>14.4</ele><time>2023-08-21T23:18:54Z</time></trkpt>
      <trkpt lat="22.5395352" lon="113.9354613"><ele>14.3</ele><time>2023-08-21T23:18:55Z</time></trkpt>
      <trkpt lat="22.5395174" lon="113.9354594"><ele>14.3</ele><time>2023-08-21T23:18:56Z</time></trkpt>
      <trkpt lat="22.5394995" lon="113.9354585"><ele>14.3</ele><time>2023-08-21T23:18:57Z</time></trkpt>
      <trkpt lat="22.5394812" lon="113.9354585"><ele>14.3</ele><time>2023-08-21T23:18:58Z</time></trkpt>
      <trkpt lat="22.5394629" lon="113.9354588"><ele>14.3</ele><time>2023-08-21T23:18:59Z</time></trkpt>
      <trkpt lat="22.5394446" lon="113.9354593"><ele>14.2</ele><time>2023-08-21T23:19:00Z</time></trkpt>
      <trkpt lat="22.5394263" lon="113.9354592"><ele>14.2</ele><time>2023-08-21T23:19:01Z</time></trkpt>
      <trkpt lat="22.5394080" lon="113.9354591"><ele>14.2</ele><time>2023-08-21T23:19:02Z</time></trkpt>
      <trkpt lat="22.5393898" lon="113.9354582"><ele>14.2</ele><time>2023-08-21T23:19:03Z</time></trkpt>
      <trkpt lat="22.5393718" lon="113.9354556"><ele>14.2</ele><time>2023-08-21T23:19:04Z</time></trkpt>
      <trkpt lat="22.5393535" lon="113.9354538"><ele>14.2</ele><time>2023-08-21T23:19:05Z</time></trkpt>
      <trkpt lat="22.5393349" lon="113.9354539"><ele>14.1</ele><time>2023-08-21T23:19:06Z</time></trkpt>
      <trkpt lat="22.5393164" lon="113.9354554"><ele>14.1</ele><time>2023-08-21T23:19:07Z</time></trkpt>
      <trkpt lat="22.5392978" lon="113.9354570"><ele>14.1</ele><time>2023-08-21T23:19:08Z</time></trkpt>
      <trkpt lat="22.5392790" lon="113.9354576"><ele>14.1</ele><time>2023-08-21T23:19:09Z</time></trkpt>
      <trkpt lat="22.5392604" lon="113.9354583"><ele>14.1</ele><time>2023-08-21T23:19:10Z</time></trkpt>
      <trkpt lat="22.5392420" lon="113.9354602"><ele>14.0</ele><time>2023-08-21T23:19:11Z</time></trkpt>
      <trkpt lat="22.5392237" lon="113.9354624"><ele>14.0</ele><time>2023-08-21T23:19:12Z</time></trkpt>
      <trkpt lat="22.5392051" lon="113.9354643"><ele>14.0</ele><time>2023-08-21T23:19:13Z</time></trkpt>
      <trkpt lat="22.5391866" lon="113.9354665"><ele>14.0</ele><time>2023-08-21T23:19:14Z</time></trkpt>
      <trkpt lat="22.5391683" lon="113.9354689"><ele>14.0</ele><time>2023-08-21T23:19:15Z</time></trkpt>
      <trkpt lat="22.5391499" lon="113.9354713"><ele>13.9</ele><time>2023-08-21T23:19:16Z</time></trkpt>
      <trkpt lat="22.5391313" lon="113.9354727"><ele>13.9</ele><time>2023-08-21T23:19:17Z</time></trkpt>
      <trkpt lat="22.5391126" lon="113.9354736"><ele>13.9</ele><time>2023-08-21T23:19:18Z</time></trkpt>
      <trkpt lat="22.5390939" lon="113.9354744"><ele>13.9</ele><time>2023-08-21T23:19:19Z</time></trkpt>
      <trkpt lat="22.5390754" lon="113.9354742"><ele>13.9</ele><time>2023-08-21T23:19:20Z</time></trkpt>
      <trkpt lat="22.5390569" lon="113.9354741"><ele>13.8</ele><time>2023-08-21T23:19:21Z</time></trkpt>
      <trkpt lat="22.5390380" lon="113.9354742"><ele>13.8</ele><time>2023-08-21T23:19:22Z</time></trkpt>
      <trkpt lat="22.5390194" lon="113.9354727"><ele>13.8</ele><time>2023-08-21T23:19:23Z</time></trkpt>
      <trkpt lat="22.5390011" lon="113.9354701"><ele>13.7</ele><time>2023-08-21T23:19:24Z</time></trkpt>
      <trkpt lat="22.5389826" lon="113.9354684"><ele>13.7</ele><time>2023-08-21T23:19:25Z</time></trkpt>
      <trkpt lat="22.5389643" lon="113.9354681"><ele>13.7</ele><time>2023-08-21T23:19:26Z</time></trkpt>
      <trkpt lat="22.5389460" lon="113.9354685"><ele>13.6</ele><time>2023-08-21T23:19:27Z</time></trkpt>
      <trkpt lat="22.5389278" lon="113.9354681"><ele>13.6</ele><time>2023-08-21T23:19:28Z</time></trkpt>
      <trkpt lat="22.5389102" lon="113.9354653"><ele>13.5</ele><time>2023-08-21T23:19:29Z</time></trkpt>
      <trkpt lat="22.5388928" lon="113.9354614"><ele>13.5</ele><time>2023-08-21T23:19:30Z</time></trkpt>
      <trkpt lat="22.5388754" lon="113.9354574"><ele>13.5</ele><time>2023-08-21T23:19:31Z</time></trkpt>
      <trkpt lat="22.5388582" lon="113.9354535"><ele>13.4</ele><time>2023-08-21T23:19:32Z</time></trkpt>
      <trkpt lat="22.5388406" lon="113.9354509"><ele>13.4</ele><time>2023-08-21T23:19:33Z</time></trkpt>
      <trkpt lat="22.5388227" lon="113.9354491"><ele>13.3</ele><time>2023-08-21T23:19:34Z</time></trkpt>
      <trkpt lat="22.5388049" lon="113.9354472"><ele>13.3</ele><time>2023-08-21T23:19:35Z</time></trkpt>
      <trkpt lat="22.5387874" lon="113.9354453"><ele>13.2</ele><time>2023-08-21T23:19:36Z</time></trkpt>
      <trkpt lat="22.5387701" lon="113.9354438"><ele>13.2</ele><time>2023-08-21T23:19:37Z</time></trkpt>
      <trkpt lat="22.5387527" lon="113.9354434"><ele>13.2</ele><time>2023-08-21T23:19:38Z</time></trkpt>
      <trkpt lat="22.5387350" lon="113.9354440"><ele>13.1</ele><time>2023-08-21T23:19:39Z</time></trkpt>
      <trkpt lat="22.5387179" lon="113.9354446"><ele>13.1</ele><time>2023-08-21T23:19:40Z</time></trkpt>
      <trkpt lat="22.5387011" lon="113.9354445"><ele>13.0</ele><time>2023-08-21T23:19:41Z</time></trkpt>
      <trkpt lat="22.5386840" lon="113.9354442"><ele>13.0</ele><time>2023-08-21T23:19:42Z</time></trkpt>
      <trkpt lat="22.5386670" lon="113.9354439"><ele>13.0</ele><time>2023-08-21T23:19:43Z</time></trkpt>
      <trkpt lat="22.5386504" lon="113.9354443"><ele>13.0</ele><time>2023-08-21T23:19:44Z</time></trkpt>
      <trkpt lat="22.5386338" lon="113.9354474"><ele>12.9</ele><time>2023-08-21T23:19:45Z</time></trkpt>
      <trkpt lat="22.5386169" lon="113.9354520"><ele>12.9</ele><time>2023-08-21T23:19:46Z</time></trkpt>
      <trkpt lat="22.5385998" lon="113.9354583"><ele>12.9</ele><time>2023-08-21T23:19:47Z</time></trkpt>
      <trkpt lat="22.5385830" lon="113.9354669"><ele>12.9</ele><time>2023-08-21T23:19:48Z</time></trkpt>
      <trkpt lat="22.5385668" lon="113.9354769"><ele>12.9</ele><time>2023-08-21T23:19:49Z</time></trkpt>
      <trkpt lat="22.5385521" lon="113.9354890"><ele>12.8</ele><time>2023-08-21T23:19:50Z</time></trkpt>
      <trkpt lat="22.5385385" lon="113.9355024"><ele>12.8</ele><time>2023-08-21T23:19:51Z</time></trkpt>
      <trkpt lat="22.5385250" lon="113.9355157"><ele>12.8</ele><time>2023-08-21T23:19:52Z</time></trkpt>
      <trkpt lat="22.5385111" lon="113.9355285"><ele>12.8</ele><time>2023-08-21T23:19:53Z</time></trkpt>
      <trkpt lat="22.5384969" lon="113.9355403"><ele>12.8</ele><time>2023-08-21T23:19:54Z</time></trkpt>
      <trkpt lat="22.5384829" lon="113.9355517"><ele>12.8</ele><time>2023-08-21T23:19:55Z</time></trkpt>
      <trkpt lat="22.5384698" lon="113.9355641"><ele>12.8</ele><time>2023-08-21T23:19:56Z</time></trkpt>
      <trkpt lat="22.5384573" lon="113.9355770"><ele>12.8</ele><time>2023-08-21T23:19:57Z</time></trkpt>
      <trkpt lat="22.5384454" lon="113.9355903"><ele>12.8</ele><time>2023-08-21T23:19:58Z</time></trkpt>
      <trkpt lat="22.5398368" lon="113.9362176"><ele>9.6</ele><time>2023-08-21T23:22:01Z</time></trkpt>
      <trkpt lat="22.5398468" lon="113.9362042"><ele>9.7</ele><time>2023-08-21T23:22:02Z</time></trkpt>
      <trkpt lat="22.5398559" lon="113.9361904"><ele>9.7</ele><time>2023-08-21T23:22:03Z</time></trkpt>
      <trkpt lat="22.5398648" lon="113.9361761"><ele>9.8</ele><time>2023-08-21T23:22:04Z</time></trkpt>
      <trkpt lat="22.5398731" lon="113.9361612"><ele>9.8</ele><time>2023-08-21T23:22:05Z</time></trkpt>
      <trkpt lat="22.5398804" lon="113.9361456"><ele>9.9</ele><time>2023-08-21T23:22:06Z</time></trkpt>
      <trkpt lat="22.5398870" lon="113.9361298"><ele>10.0</ele><time>2023-08-21T23:22:07Z</time></trkpt>
      <trkpt lat="22.5398935" lon="113.9361142"><ele>10.0</ele><time>2023-08-21T23:22:08Z</time></trkpt>
      <trkpt lat="22.5398994" lon="113.9360983"><ele>10.1</ele><time>2023-08-21T23:22:09Z</time></trkpt>
      <trkpt lat="22.5399044" lon="113.9360822"><ele>10.2</ele><time>2023-08-21T23:22:10Z</time></trkpt>
      <trkpt lat="22.5399096" lon="113.9360662"><ele>10.3</ele><time>2023-08-21T23:22:11Z</time></trkpt>
      <trkpt lat="22.5399149" lon="113.9360503"><ele>10.3</ele><time>2023-08-21T23:22:12Z</time></trkpt>
      <trkpt lat="22.5399199" lon="113.9360346"><ele>10.4</ele><time>2023-08-21T23:22:13Z</time></trkpt>
      <trkpt lat="22.5399248" lon="113.9360192"><ele>10.5</ele><time>2023-08-21T23:22:14Z</time></trkpt>
      <trkpt lat="22.5399293" lon="113.9360038"><ele>10.6</ele><time>2023-08-21T23:22:15Z</time></trkpt>
      <trkpt lat="22.5399333" lon="113.9359881"><ele>10.7</ele><time>2023-08-21T23:22:16Z</time></trkpt>
      <trkpt lat="22.5399371" lon="113.9359719"><ele>10.9</ele><time>2023-08-21T23:22:17Z</time></trkpt>
      <trkpt lat="22.5399404" lon="113.9359554"><ele>11.0</ele><time>2023-08-21T23:22:18Z</time></trkpt>
      <trkpt lat="22.5399432" lon="113.9359386"><ele>11.1</ele><time>2023-08-21T23:22:19Z</time></trkpt>
      <trkpt lat="22.5399450" lon="113.9359215"><ele>11.2</ele><time>2023-08-21T23:22:20Z</time></trkpt>
      <trkpt lat="22.5399462" lon="113.9359041"><ele>11.4</ele><time>2023-08-21T23:22:21Z</time></trkpt>
      <trkpt lat="22.5399463" lon="113.9358866"><ele>11.5</ele><time>2023-08-21T23:22:22Z</time></trkpt>
      <trkpt lat="22.5399456" lon="113.9358690"><ele>11.7</ele><time>2023-08-21T23:22:23Z</time></trkpt>
      <trkpt lat="22.5399445" lon="113.9358512"><ele>11.8</ele><time>2023-08-21T23:22:24Z</time></trkpt>
      <trkpt lat="22.5399426" lon="113.9358330"><ele>12.0</ele><time>2023-08-21T23:22:25Z</time></trkpt>
      <trkpt lat="22.5399406" lon="113.9358149"><ele>12.1</ele><time>2023-08-21T23:22:26Z</time></trkpt>
      <trkpt lat="22.5399377" lon="113.9357966"><ele>12.3</ele><time>2023-08-21T23:22:27Z</time></trkpt>
      <trkpt lat="22.5399335" lon="113.9357781"><ele>12.4</ele><time>2023-08-21T23:22:28Z</time></trkpt>
      <trkpt lat="22.5399281" lon="113.9357594"><ele>12.6</ele><time>2023-08-21T23:22:29Z</time></trkpt>
      <trkpt lat="22.5399223" lon="113.9357404"><ele>12.7</ele><time>2023-08-21T23:22:30Z</time></trkpt>
      <trkpt lat="22.5399159" lon="113.9357216"><ele>12.9</ele><time>2023-08-21T23:22:31Z</time></trkpt>
      <trkpt lat="22.5399082" lon="113.9357032"><ele>13.1</ele><time>2023-08-21T23:22:32Z</time></trkpt>
      <trkpt lat="22.5398955" lon="113.9356858"><ele>13.2</ele><time>2023-08-21T23:22:33Z</time></trkpt>
      <trkpt lat="22.5398786" lon="113.9356696"><ele>13.4</ele><time>2023-08-21T23:22:34Z</time></trkpt>
      <trkpt lat="22.5398612" lon="113.9356539"><ele>13.5</ele><time>2023-08-21T23:22:35Z</time></trkpt>
      <trkpt lat="22.5398452" lon="113.9356387"><ele>13.6</ele><time>2023-08-21T23:22:36Z</time></trkpt>
      <trkpt lat="22.5398315" lon="113.9356241"><ele>13.7</ele><time>2023-08-21T23:22:37Z</time></trkpt>
      <trkpt lat="22.5398177" lon="113.9356102"><ele>13.8</ele><time>2023-08-21T23:22:38Z</time></trkpt>
      <trkpt lat="22.5398029" lon="113.9355972"><ele>13.9</ele><time>2023-08-21T23:22:39Z</time></trkpt>
      <trkpt lat="22.5397875" lon="113.9355848"><ele>14.0</ele><time>2023-08-21T23:22:40Z</time></trkpt>
      <trkpt lat="22.5397713" lon="113.9355736"><ele>14.1</ele><time>2023-08-21T23:22:41Z</time></trkpt>
      <trkpt lat="22.5397545" lon="113.9355631"><ele>14.2</ele><time>2023-08-21T23:22:42Z</time></trkpt>
      <trkpt lat="22.5397375" lon="113.9355526"><ele>14.2</ele><time>2023-08-21T23:22:43Z</time></trkpt>
      <trkpt lat="22.5397204" lon="113.9355415"><ele>14.3</ele><time>2023-08-21T23:22:44Z</time></trkpt>
      <trkpt lat="22.5397034" lon="113.9355303"><ele>14.3</ele><time>2023-08-21T23:22:45Z</time></trkpt>
      <trkpt lat="22.5396862" lon="113.9355197"><ele>14.3</ele><time>2023-08-21T23:22:46Z</time></trkpt>
      <trkpt lat="22.5396686" lon="113.9355098"><ele>14.4</ele><time>2023-08-21T23:22:47Z</time></trkpt>
      <trkpt lat="22.5396502" lon="113.9355013"><ele>14.4</ele><time>2023-08-21T23:22:48Z</time></trkpt>
      <trkpt lat="22.5396309" lon="113.9354941"><ele>14.4</ele><time>2023-08-21T23:22:49Z</time></trkpt>
      <trkpt lat="22.5396109" lon="113.9354887"><ele>14.4</ele><time>2023-08-21T23:22:50Z</time></trkpt>
      <trkpt lat="22.5395905" lon="113.9354842"><ele>14.4</ele><time>2023-08-21T23:22:51Z</time></trkpt>
      <trkpt lat="22.5395705" lon="113.9354802"><ele>14.3</ele><time>2023-08-21T23:22:52Z</time></trkpt>
      <trkpt lat="22.5395509" lon="113.9354777"><ele>14.3</ele><time>2023-08-21T23:22:53Z</time></trkpt>
      <trkpt lat="22.5395313" lon="113.9354760"><ele>14.3</ele><time>2023-08-21T23:22:54Z</time></trkpt>
      <trkpt lat="22.5395118" lon="113.9354748"><ele>14.3</ele><time>2023-08-21T23:22:55Z</time></trkpt>
      <trkpt lat="22.5394924" lon="113.9354748"><ele>14.2</ele><time>2023-08-21T23:22:56Z</time></trkpt>
      <trkpt lat="22.5394732" lon="113.9354761"><ele>14.2</ele><time>2023-08-21T23:22:57Z</time></trkpt>
      <trkpt lat="22.5394544" lon="113.9354776"><ele>14.2</ele><time>2023-08-21T23:22:58Z</time></trkpt>
      <trkpt lat="22.5394356" lon="113.9354781"><ele>14.1</ele><time>2023-08-21T23:22:59Z</time></trkpt>
      <trkpt lat="22.5394168" lon="113.9354785"><ele>14.1</ele><time>2023-08-21T23:23:00Z</time></trkpt>
      <trkpt lat="22.5393984" lon="113.9354787"><ele>14.0</ele><time>2023-08-21T23:23:01Z</time></trkpt>
      <trkpt lat="22.5393801" lon="113.9354791"><ele>14.0</ele><time>2023-08-21T23:23:02Z</time></trkpt>
      <trkpt lat="22.5393618" lon="113.9354796"><ele>13.9</ele><time>2023-08-21T23:23:03Z</time></trkpt>
      <trkpt lat="22.5393441" lon="113.9354798"><ele>13.9</ele><time>2023-08-21T23:23:04Z</time></trkpt>
      <trkpt lat="22.5393264" lon="113.9354801"><ele>13.8</ele><time>2023-08-21T23:23:05Z</time></trkpt>
      <trkpt lat="22.5393086" lon="113.9354805"><ele>13.8</ele><time>2023-08-21T23:23:06Z</time></trkpt>
      <trkpt lat="22.5392910" lon="113.9354805"><ele>13.7</ele><time>2023-08-21T23:23:07Z</time></trkpt>
      <trkpt lat="22.5392734" lon="113.9354793"><ele>13.7</ele><time>2023-08-21T23:23:08Z</time></trkpt>
      <trkpt lat="22.5392560" lon="113.9354769"><ele>13.6</ele><time>2023-08-21T23:23:09Z</time></trkpt>
      <trkpt lat="22.5392386" lon="113.9354749"><ele>13.6</ele><time>2023-08-21T23:23:10Z</time></trkpt>
      <trkpt lat="22.5392211" lon="113.9354740"><ele>13.5</ele><time>2023-08-21T23:23:11Z</time></trkpt>
      <trkpt lat="22.5392035" lon="113.9354737"><ele>13.5</ele><time>2023-08-21T23:23:12Z</time></trkpt>
      <trkpt lat="22.5391864" lon="113.9354750"><ele>13.4</ele><time>2023-08-21T23:23:13Z</time></trkpt>
      <trkpt lat="22.5391694" lon="113.9354774"><ele>13.4</ele><time>2023-08-21T23:23:14Z</time></trkpt>
      <trkpt lat="22.5391521" lon="113.9354796"><ele>13.3</ele><time>2023-08-21T23:23:15Z</time></trkpt>
      <trkpt lat="22.5391349" lon="113.9354805"><ele>13.3</ele><time>2023-08-21T23:23:16Z</time></trkpt>
      <trkpt lat="22.5391177" lon="113.9354802"><ele>13.3</ele><time>2023-08-21T23:23:17Z</time></trkpt>
      <trkpt lat="22.5391007" lon="113.9354797"><ele>13.2</ele><time>2023-08-21T23:23:18Z</time></trkpt>
      <trkpt lat="22.5390839" lon="113.9354787"><ele>13.2</ele><time>2023-08-21T23:23:19Z</time></trkpt>
      <trkpt lat="22.5390672" lon="113.9354774"><ele>13.2</ele><time>2023-08-21T23:23:20Z</time></trkpt>
      <trkpt lat="22.5390503" lon="113.9354765"><ele>13.1</ele><time>2023-08-21T23:23:21Z</time></trkpt>
      <trkpt lat="22.5390335" lon="113.9354753"><ele>13.1</ele><time>2023-08-21T23:23:22Z</time></trkpt>
      <trkpt lat="22.5390167" lon="113.9354727"><ele>13.1</ele><time>2023-08-21T23:23:23Z</time></trkpt>
      <trkpt lat="22.5390003" lon="113.9354689"><ele>13.1</ele><time>2023-08-21T23:23:24Z</time></trkpt>
      <trkpt lat="22.5389843" lon="113.9354652"><ele>13.1</ele><time>2023-08-21T23:23:25Z</time></trkpt>
      <trkpt lat="22.5389681" lon="113.9354620"><ele>13.0</ele><time>2023-08-21T23:23:26Z</time></trkpt>
      <trkpt lat="22.5389519" lon="113.9354589"><ele>13.0</ele><time>2023-08-21T23:23:27Z</time></trkpt>
      <trkpt lat="22.5389358" lon="113.9354555"><ele>13.0</ele><time>2023-08-21T23:23:28Z</time></trkpt>
      <trkpt lat="22.5389200" lon="113.9354515"><ele>13.0</ele><time>2023-08-21T23:23:29Z</time></trkpt>
      <trkpt lat="22.5389041" lon="113.9354482"><ele>13.0</ele><time>2023-08-21T23:23:30Z</time></trkpt>
      <trkpt lat="22.5388882" lon="113.9354461"><ele>13.0</ele><time>2023-08-21T23:23:31Z</time></trkpt>
      <trkpt lat="22.5388722" lon="113.9354446"><ele>13.0</ele><time>2023-08-21T23:23:32Z</time></trkpt>
      <trkpt lat="22.5388563" lon="113.9354437"><ele>13.0</ele><time>2023-08-21T23:23:33Z</time></trkpt>
      <trkpt lat="22.5388402" lon="113.9354444"><ele>13.0</ele><time>2023-08-21T23:23:34Z</time></trkpt>
      <trkpt lat="22.5388240" lon="113.9354459"><ele>13.0</ele><time>2023-08-21T23:23:35Z</time></trkpt>
      <trkpt lat="22.5388079" lon="113.9354476"><ele>13.0</ele><time>2023-08-21T23:23:36Z</time></trkpt>
      <trkpt lat="22.5387920" lon="113.9354502"><ele>13.0</ele><time>2023-08-21T23:23:37Z</time></trkpt>
      <trkpt lat="22.5387758" lon="113.9354531"><ele>13.0</ele><time>2023-08-21T23:23:38Z</time></trkpt>
      <trkpt lat="22.5387597" lon="113.9354564"><ele>13.0</ele><time>2023-08-21T23:23:39Z</time></trkpt>
      <trkpt lat="22.5387437" lon="113.9354599"><ele>13.0</ele><time>2023-08-21T23:23:40Z</time></trkpt>
      <trkpt lat="22.5387277" lon="113.9354632"><ele>13.0</ele><time>2023-08-21T23:23:41Z</time></trkpt>
      <trkpt lat="22.5387119" lon="113.9354672"><ele>13.0</ele><time>2023-08-21T23:23:42Z</time></trkpt>
      <trkpt lat="22.5386961" lon="113.9354717"><ele>13.0</ele><time>2023-08-21T23:23:43Z</time></trkpt>
      <trkpt lat="22.5386803" lon="113.9354758"><ele>13.0</ele><time>2023-08-21T23:23:44Z</time></trkpt>
      <trkpt lat="22.5386647" lon="113.9354799"><ele>13.0</ele><time>2023-08-21T23:23:45Z</time></trkpt>
      <trkpt lat="22.5386495" lon="113.9354847"><ele>13.0</ele><time>2023-08-21T23:23:46Z</time></trkpt>
      <trkpt lat="22.5386344" lon="113.9354903"><ele>13.0</ele><time>2023-08-21T23:23:47Z</time></trkpt>
      <trkpt lat="22.5386193" lon="113.9354964"><ele>13.0</ele><time>2023-08-21T23:23:48Z</time></trkpt>
      <trkpt lat="22.5386046" lon="113.9355032"><ele>13.0</ele><time>2023-08-21T23:23:49Z</time></trkpt>
      <trkpt lat="22.5385905" lon="113.9355109"><ele>13.1</ele><time>2023-08-21T23:23:50Z</time></trkpt>
      <trkpt lat="22.5385767" lon="113.9355194"><ele>13.1</ele><time>2023-08-21T23:23:51Z</time></trkpt>
      <trkpt lat="22.5385637" lon="113.9355283"><ele>13.1</ele><time>2023-08-21T23:23:52Z</time></trkpt>
      <trkpt lat="22.5385512" lon="113.9355381"><ele>13.1</ele><time>2023-08-21T23:23:53Z</time></trkpt>
      <trkpt lat="22.5385385" lon="113.9355485"><ele>13.1</ele><time>2023-08-21T23:23:54Z</time></trkpt>
      <trkpt lat="22.5385258" lon="113.9355587"><ele>13.1</ele><time>2023-08-21T23:23:55Z</time></trkpt>
      <trkpt lat="22.5385131" lon="113.9355690"><ele>13.1</ele><time>2023-08-21T23:23:56Z</time></trkpt>
      <trkpt lat="22.5385009" lon="113.9355800"><ele>13.1</ele><time>2023-08-21T23:23:57Z</time></trkpt>
      <trkpt lat="22.5384890" lon="113.9355912"><ele>13.1</ele><time>2023-08-21T23:23:58Z</time></trkpt>
      <trkpt lat="22.5384775" lon="113.9356029"><ele>13.1</ele><time>2023-08-21T23:23:59Z</time></trkpt>
      <trkpt lat="22.5384662" lon="113.9356148"><ele>13.1</ele><time>2023-08-21T23:24:00Z</time></trkpt>
      <trkpt lat="22.5384550" lon="113.9356268"><ele>13.1</ele><time>2023-08-21T23:24:01Z</time></trkpt>
      <trkpt lat="22.5384442" lon="113.9356390"><ele>13.1</ele><time>2023-08-21T23:24:02Z</time></trkpt>
      <trkpt lat="22.5384337" lon="113.9356516"><ele>13.1</ele><time>2023-08-21T23:24:03Z</time></trkpt>
      <trkpt lat="22.5384234" lon="113.9356644"><ele>13.1</ele><time>2023-08-21T23:24:04Z</time></trkpt>
      <trkpt lat="22.5384140" lon="113.9356777"><ele>13.1</ele><time>2023-08-21T23:24:05Z</time></trkpt>
      <trkpt lat="22.5384055" lon="113.9356918"><ele>13.1</ele><time>2023-08-21T23:24:06Z</time></trkpt>
      <trkpt lat="22.5383972" lon="113.9357060"><ele>13.1</ele><time>2023-08-21T23:24:07Z</time></trkpt>
      <trkpt lat="22.5383892" lon="113.9357201"><ele>13.1</ele><time>2023-08-21T23:24:08Z</time></trkpt>
      <trkpt lat="22.5383818" lon="113.9357347"><ele>13.1</ele><time>2023-08-21T23:24:09Z</time></trkpt>
      <trkpt lat="22.5383757" lon="113.9357501"><ele>13.1</ele><time>2023-08-21T23:24:10Z</time></trkpt>
      <trkpt lat="22.5383707" lon="113.9357661"><ele>13.1</ele><time>2023-08-21T23:24:11Z</time></trkpt>
      <trkpt lat="22.5383660" lon="113.9357821"><ele>13.1</ele><time>2023-08-21T23:24:12Z</time></trkpt>
      <trkpt lat="22.5383621" lon="113.9357982"><ele>13.1</ele><time>2023-08-21T23:24:13Z</time></trkpt>
      <trkpt lat="22.5383596" lon="113.9358147"><ele>13.1</ele><time>2023-08-21T23:24:14Z</time></trkpt>
      <trkpt lat="22.5383581" lon="113.9358315"><ele>13.1</ele><time>2023-08-21T23:24:15Z</time></trkpt>
      <trkpt lat="22.5383566" lon="113.9358483"><ele>13.1</ele><time>2023-08-21T23:24:16Z</time></trkpt>
      <trkpt lat="22.5383556" lon="113.9358652"><ele>13.0</ele><time>2023-08-21T23:24:17Z</time></trkpt>
      <trkpt lat="22.5383554" lon="113.9358821"><ele>13.0</ele><time>2023-08-21T23:24:18Z</time></trkpt>
      <trkpt lat="22.5383551" lon="113.9358990"><ele>13.0</ele><time>2023-08-21T23:24:19Z</time></trkpt>
      <trkpt lat="22.5383550" lon="113.9359159"><ele>13.0</ele><time>2023-08-21T23:24:20Z</time></trkpt>
      <trkpt lat="22.5383554" lon="113.9359328"><ele>13.0</ele><time>2023-08-21T23:24:21Z</time></trkpt>
      <trkpt lat="22.5383566" lon="113.9359497"><ele>12.9</ele><time>2023-08-21T23:24:22Z</time></trkpt>
      <trkpt lat="22.5383583" lon="113.9359665"><ele>12.9</ele><time>2023-08-21T23:24:23Z</time></trkpt>
      <trkpt lat="22.5383607" lon="113.9359832"><ele>12.9</ele><time>2023-08-21T23:24:24Z</time></trkpt>
      <trkpt lat="22.5383632" lon="113.9359997"><ele>12.9</ele><time>2023-08-21T23:24:25Z</time></trkpt>
      <trkpt lat="22.5383659" lon="113.9360161"><ele>12.8</ele><time>2023-08-21T23:24:26Z</time></trkpt>
      <trkpt lat="22.5383686" lon="113.9360326"><ele>12.8</ele><time>2023-08-21T23:24:27Z</time></trkpt>
      <trkpt lat="22.5383718" lon="113.9360490"><ele>12.8</ele><time>2023-08-21T23:24:28Z</time></trkpt>
      <trkpt lat="22.5383761" lon="113.9360651"><ele>12.7</ele><time>2023-08-21T23:24:29Z</time></trkpt>
      <trkpt lat="22.5383809" lon="113.9360812"><ele>12.7</ele><time>2023-08-21T23:24:30Z</time></trkpt>
      <trkpt lat="22.5383860" lon="113.9360970"><ele>12.7</ele><time>2023-08-21T23:24:31Z</time></trkpt>
      <trkpt lat="22.5383915" lon="113.9361125"><ele>12.6</ele><time>2023-08-21T23:24:32Z</time></trkpt>
      <trkpt lat="22.5383980" lon="113.9361274"><ele>12.6</ele><time>2023-08-21T23:24:33Z</time></trkpt>
      <trkpt lat="22.5384055" lon="113.9361418"><ele>12.6</ele><time>2023-08-21T23:24:34Z</time></trkpt>
      <trkpt lat="22.5384131" lon="113.9361561"><ele>12.5</ele><time>2023-08-21T23:24:35Z</time></trkpt>
      <trkpt lat="22.5384204" lon="113.9361707"><ele>12.5</ele><time>2023-08-21T23:24:36Z</time></trkpt>
      <trkpt lat="22.5384279" lon="113.9361848"><ele>12.5</ele><time>2023-08-21T23:24:37Z</time></trkpt>
      <trkpt lat="22.5384365" lon="113.9361983"><ele>12.4</ele><time>2023-08-21T23:24:38Z</time></trkpt>
      <trkpt lat="22.5384460" lon="113.9362111"><ele>12.4</ele><time>2023-08-21T23:24:39Z</time></trkpt>
      <trkpt lat="22.5384555" lon="113.9362237"><ele>12.4</ele><time>2023-08-21T23:24:40Z</time></trkpt>
      <trkpt lat="22.5384649" lon="113.9362364"><ele>12.3</ele><time>2023-08-21T23:24:41Z</time></trkpt>
      <trkpt lat="22.5384745" lon="113.9362489"><ele>12.3</ele><time>2023-08-21T23:24:42Z</time></trkpt>
      <trkpt lat="22.5384844" lon="113.9362611"><ele>12.3</ele><time>2023-08-21T23:24:43Z</time></trkpt>
      <trkpt lat="22.5384943" lon="113.9362732"><ele>12.3</ele><time>2023-08-21T23:24:44Z</time></trkpt>
      <trkpt lat="22.5385050" lon="113.9362845"><ele>12.2</ele><time>2023-08-21T23:24:45Z</time></trkpt>
      <trkpt lat="22.5385168" lon="113.9362944"><ele>12.2</ele><time>2023-08-21T23:24:46Z</time></trkpt>
      <trkpt lat="22.5385291" lon="113.9363032"><ele>12.2</ele><time>2023-08-21T23:24:47Z</time></trkpt>
      <trkpt lat="22.5385416" lon="113.9363118"><ele>12.1</ele><time>2023-08-21T23:24:48Z</time></trkpt>
      <trkpt lat="22.5385543" lon="113.9363203"><ele>12.1</ele><time>2023-08-21T23:24:49Z</time></trkpt>
      <trkpt lat="22.5385672" lon="113.9363285"><ele>12.1</ele><time>2023-08-21T23:24:50Z</time></trkpt>
      <trkpt lat="22.5385803" lon="113.9363361"><ele>12.1</ele><time>2023-08-21T23:24:51Z</time></trkpt>
      <trkpt lat="22.5385939" lon="113.9363431"><ele>12.0</ele><time>2023-08-21T23:24:52Z</time></trkpt>
      <trkpt lat="22.5386082" lon="113.9363498"><ele>12.0</ele><time>2023-08-21T23:24:53Z</time></trkpt>
      <trkpt lat="22.5386230" lon="113.9363562"><ele>12.0</ele><time>2023-08-21T23:24:54Z</time></trkpt>
      <trkpt lat="22.5386377" lon="113.9363625"><ele>12.0</ele><time>2023-08-21T23:24:55Z</time></trkpt>
      <trkpt lat="22.5386524" lon="113.9363683"><ele>11.9</ele><time>2023-08-21T23:24:56Z</time></trkpt>
      <trkpt lat="22.5386671" lon="113.9363733"><ele>11.9</ele><time>2023-08-21T23:24:57Z</time></trkpt>
      <trkpt lat="22.5386816" lon="113.9363774"><ele>11.9</ele><time>2023-08-21T23:24:58Z</time></trkpt>
      <trkpt lat="22.5386960" lon="113.9363814"><ele>11.9</ele><time>2023-08-21T23:24:59Z</time></trkpt>
      <trkpt lat="22.5387104" lon="113.9363854"><ele>11.9</ele><time>2023-08-21T23:25:00Z</time></trkpt>
      <trkpt lat="22.5387249" lon="113.9363884"><ele>11.9</ele><time>2023-08-21T23:25:01Z</time></trkpt>
      <trkpt lat="22.5387395" lon="113.9363903"><ele>11.8</ele><time>2023-08-21T23:25:02Z</time></trkpt>
      <trkpt lat="22.5387542" lon="113.9363921"><ele>11.8</ele><time>2023-08-21T23:25:03Z</time></trkpt>
      <trkpt lat="22.5387689" lon="113.9363938"><ele>11.8</ele><time>2023-08-21T23:25:04Z</time></trkpt>
      <trkpt lat="22.5387838" lon="113.9363946"><ele>11.8</ele><time>2023-08-21T23:25:05Z</time></trkpt>
      <trkpt lat="22.5387989" lon="113.9363943"><ele>11.8</ele><time>2023-08-21T23:25:06Z</time></trkpt>
      <trkpt lat="22.5388139" lon="113.9363932"><ele>11.8</ele><time>2023-08-21T23:25:07Z</time></trkpt>
      <trkpt lat="22.5388289" lon="113.9363916"><ele>11.8</ele><time>2023-08-21T23:25:08Z</time></trkpt>
      <trkpt lat="22.5388441" lon="113.9363896"><ele>11.8</ele><time>2023-08-21T23:25:09Z</time></trkpt>
      <trkpt lat="22.5388591" lon="113.9363874"><ele>11.8</ele><time>2023-08-21T23:25:10Z</time></trkpt>
      <trkpt lat="22.5388741" lon="113.9363851"><ele>11.8</ele><time>2023-08-21T23:25:11Z</time></trkpt>
      <trkpt lat="22.5388891" lon="113.9363832"><ele>11.8</ele><time>2023-08-21T23:25:12Z</time></trkpt>
      <trkpt lat="22.5389043" lon="113.9363822"><ele>11.9</ele><time>2023-08-21T23:25:13Z</time></trkpt>
      <trkpt lat="22.5389194" lon="113.9363818"><ele>11.9</ele><time>2023-08-21T23:25:14Z</time></trkpt>
      <trkpt lat="22.5389345" lon="113.9363815"><ele>11.9</ele><time>2023-08-21T23:25:15Z</time></trkpt>
      <trkpt lat="22.5389496" lon="113.9363815"><ele>11.9</ele><time>2023-08-21T23:25:16Z</time></trkpt>
      <trkpt lat="22.5389645" lon="113.9363819"><ele>11.9</ele><time>2023-08-21T23:25:17Z</time></trkpt>
      <trkpt lat="22.5389796" lon="113.9363820"><ele>11.9</ele><time>2023-08-21T23:25:18Z</time></trkpt>
      <trkpt lat="22.5389948" lon="113.9363818"><ele>12.0</ele><time>2023-08-21T23:25:19Z</time></trkpt>
      <trkpt lat="22.5390101" lon="113.9363814"><ele>12.0</ele><time>2023-08-21T23:25:20Z</time></trkpt>
      <trkpt lat="22.5390254" lon="113.9363812"><ele>12.0</ele><time>2023-08-21T23:25:21Z</time></trkpt>
      <trkpt lat="22.5390407" lon="113.9363811"><ele>12.1</ele><time>2023-08-21T23:25:22Z</time></trkpt>
      <trkpt lat="22.5390559" lon="113.9363808"><ele>12.1</ele><time>2023-08-21T23:25:23Z</time></trkpt>
      <trkpt lat="22.5390712" lon="113.9363803"><ele>12.2</ele><time>2023-08-21T23:25:24Z</time></trkpt>
      <trkpt lat="22.5390866" lon="113.9363794"><ele>12.2</ele><time>2023-08-21T23:25:25Z</time></trkpt>
      <trkpt lat="22.5391021" lon="113.9363787"><ele>12.3</ele><time>2023-08-21T23:25:26Z</time></trkpt>
      <trkpt lat="22.5391175" lon="113.9363789"><ele>12.3</ele><time>2023-08-21T23:25:27Z</time></trkpt>
      <trkpt lat="22.5391327" lon="113.9363788"><ele>12.4</ele><time>2023-08-21T23:25:28Z</time></trkpt>
      <trkpt lat="22.5391477" lon="113.9363784"><ele>12.4</ele><time>2023-08-21T23:25:29Z</time></trkpt>
      <trkpt lat="22.5391629" lon="113.9363782"><ele>12.5</ele><time>2023-08-21T23:25:30Z</time></trkpt>
      <trkpt lat="22.5391783" lon="113.9363780"><ele>12.5</ele><time>2023-08-21T23:25:31Z</time></trkpt>
      <trkpt lat="22.5391937" lon="113.9363772"><ele>12.6</ele><time>2023-08-21T23:25:32Z</time></trkpt>
      <trkpt lat="22.5392092" lon="113.9363763"><ele>12.7</ele><time>2023-08-21T23:25:33Z</time></trkpt>
      <trkpt lat="22.5392247" lon="113.9363756"><ele>12.7</ele><time>2023-08-21T23:25:34Z</time></trkpt>
      <trkpt lat="22.5392401" lon="113.9363750"><ele>12.8</ele><time>2023-08-21T23:25:35Z</time></trkpt>
      <trkpt lat="22.5392554" lon="113.9363748"><ele>12.8</ele><time>2023-08-21T23:25:36Z</time></trkpt>
      <trkpt lat="22.5392707" lon="113.9363748"><ele>12.9</ele><time>2023-08-21T23:25:37Z</time></trkpt>
      <trkpt lat="22.5392859" lon="113.9363753"><ele>13.0</ele><time>2023-08-21T23:25:38Z</time></trkpt>
      <trkpt lat="22.5393011" lon="113.9363761"><ele>13.0</ele><time>2023-08-21T23:25:39Z</time></trkpt>
      <trkpt lat="22.5393163" lon="113.9363766"><ele>13.1</ele><time>2023-08-21T23:25:40Z</time></trkpt>
      <trkpt lat="22.5393314" lon="113.9363759"><ele>13.1</ele><time>2023-08-21T23:25:41Z</time></trkpt>
      <trkpt lat="22.5393466" lon="113.9363750"><ele>13.2</ele><time>2023-08-21T23:25:42Z</time></trkpt>
      <trkpt lat="22.5393619" lon="113.9363747"><ele>13.2</ele><time>2023-08-21T23:25:43Z</time></trkpt>
      <trkpt lat="22.5393772" lon="113.9363745"><ele>13.3</ele><time>2023-08-21T23:25:44Z</time></trkpt>
      <trkpt lat="22.5393925" lon="113.9363737"><ele>13.3</ele><time>2023-08-21T23:25:45Z</time></trkpt>
      <trkpt lat="22.5394078" lon="113.9363725"><ele>13.4</ele><time>2023-08-21T23:25:46Z</time></trkpt>
      <trkpt lat="22.5394232" lon="113.9363714"><ele>13.4</ele><time>2023-08-21T23:25:47Z</time></trkpt>
      <trkpt lat="22.5394387" lon="113.9363709"><ele>13.5</ele><time>2023-08-21T23:25:48Z</time></trkpt>
      <trkpt lat="22.5394542" lon="113.9363708"><ele>13.5</ele><time>2023-08-21T23:25:49Z</time></trkpt>
      <trkpt lat="22.5394697" lon="113.9363705"><ele>13.6</ele><time>2023-08-21T23:25:50Z</time></trkpt>
      <trkpt lat="22.5394852" lon="113.9363692"><ele>13.6</ele><time>2023-08-21T23:25:51Z</time></trkpt>
      <trkpt lat="22.5395007" lon="113.9363672"><ele>13.7</ele><time>2023-08-21T23:25:52Z</time></trkpt>
      <trkpt lat="22.5395162" lon="113.9363651"><ele>13.7</ele><time>2023-08-21T23:25:53Z</time></trkpt>
      <trkpt lat="22.5395319" lon="113.9363640"><ele>13.8</ele><time>2023-08-21T23:25:54Z</time></trkpt>
      <trkpt lat="22.5395476" lon="113.9363633"><ele>13.9</ele><time>2023-08-21T23:25:55Z</time></trkpt>
      <trkpt lat="22.5395633" lon="113.9363621"><ele>13.9</ele><time>2023-08-21T23:25:56Z</time></trkpt>
      <trkpt lat="22.5395789" lon="113.9363595"><ele>14.0</ele><time>2023-08-21T23:25:57Z</time></trkpt>
      <trkpt lat="22.5395945" lon="113.9363556"><ele>14.0</ele><time>2023-08-21T23:25:58Z</time></trkpt>
      <trkpt lat="22.5396100" lon="113.9363510"><ele>14.1</ele><time>2023-08-21T23:25:59Z</time></trkpt>
      <trkpt lat="22.5396253" lon="113.9363456"><ele>14.2</ele><time>2023-08-21T23:26:00Z</time></trkpt>
      <trkpt lat="22.5396405" lon="113.9363399"><ele>14.3</ele><time>2023-08-21T23:26:01Z</time></trkpt>
      <trkpt lat="22.5396555" lon="113.9363338"><ele>14.3</ele><time>2023-08-21T23:26:02Z</time></trkpt>
      <trkpt lat="22.5396704" lon="113.9363269"><ele>14.4</ele><time>2023-08-21T23:26:03Z</time></trkpt>
      <trkpt lat="22.5396854" lon="113.9363198"><ele>14.5</ele><time>2023-08-21T23:26:04Z</time></trkpt>
      <trkpt lat="22.5397001" lon="113.9363119"><ele>14.5</ele><time>2023-08-21T23:26:05Z</time></trkpt>
      <trkpt lat="22.5397143" lon="113.9363027"><ele>14.6</ele><time>2023-08-21T23:26:06Z</time></trkpt>
      <trkpt lat="22.5397282" lon="113.9362927"><ele>14.7</ele><time>2023-08-21T23:26:07Z</time></trkpt>
      <trkpt lat="22.5397418" lon="113.9362826"><ele>14.8</ele><time>2023-08-21T23:26:08Z</time></trkpt>
      <trkpt lat="22.5397554" lon="113.9362725"><ele>14.9</ele><time>2023-08-21T23:26:09Z</time></trkpt>
      <trkpt lat="22.5397688" lon="113.9362619"><ele>14.9</ele><time>2023-08-21T23:26:10Z</time></trkpt>
      <trkpt lat="22.5397818" lon="113.9362505"><ele>15.0</ele><time>2023-08-21T23:26:11Z</time></trkpt>
      <trkpt lat="22.5397950" lon="113.9362393"><ele>15.1</ele><time>2023-08-21T23:26:12Z</time></trkpt>
      <trkpt lat="22.5398081" lon="113.9362282"><ele>15.2</ele><time>2023-08-21T23:26:13Z</time></trkpt>
      <trkpt lat="22.5398203" lon="113.9362157"><ele>15.3</ele><time>2023-08-21T23:26:14Z</time></trkpt>
      <trkpt lat="22.5398314" lon="113.9362007"><ele>15.3</ele><time>2023-08-21T23:26:15Z</time></trkpt>
      <trkpt lat="22.5398415" lon="113.9361839"><ele>15.4</ele><time>2023-08-21T23:26:16Z</time></trkpt>
      <trkpt lat="22.5398506" lon="113.9361673"><ele>15.5</ele><time>2023-08-21T23:26:17Z</time></trkpt>
      <trkpt lat="22.5398594" lon="113.9361516"><ele>15.6</ele><time>2023-08-21T23:26:18Z</time></trkpt>
      <trkpt lat="22.5398682" lon="113.9361363"><ele>15.6</ele><time>2023-08-21T23:26:19Z</time></trkpt>
      <trkpt lat="22.5398761" lon="113.9361203"><ele>15.7</ele><time>2023-08-21T23:26:20Z</time></trkpt>
      <trkpt lat="22.5398826" lon="113.9361035"><ele>15.8</ele><time>2023-08-21T23:26:21Z</time></trkpt>
      <trkpt lat="22.5398884" lon="113.9360864"><ele>15.9</ele><time>2023-08-21T23:26:22Z</time></trkpt>
      <trkpt lat="22.5398940" lon="113.9360692"><ele>15.9</ele><time>2023-08-21T23:26:23Z</time></trkpt>
      <trkpt lat="22.5398995" lon="113.9360522"><ele>16.0</ele><time>2023-08-21T23:26:24Z</time></trkpt>
      <trkpt lat="22.5399043" lon="113.9360350"><ele>16.1</ele><time>2023-08-21T23:26:25Z</time></trkpt>
      <trkpt lat="22.5399078" lon="113.9360172"><ele>16.1</ele><time>2023-08-21T23:26:26Z</time></trkpt>
      <trkpt lat="22.5399114" lon="113.9359995"><ele>16.2</ele><time>2023-08-21T23:26:27Z</time></trkpt>
      <trkpt lat="22.5399153" lon="113.9359821"><ele>16.3</ele><time>2023-08-21T23:26:28Z</time></trkpt>
      <trkpt lat="22.5399184" lon="113.9359646"><ele>16.3</ele><time>2023-08-21T23:26:29Z</time></trkpt>
      <trkpt lat="22.5399205" lon="113.9359468"><ele>16.4</ele><time>2023-08-21T23:26:30Z</time></trkpt>
      <trkpt lat="22.5399222" lon="113.9359290"><ele>16.5</ele><time>2023-08-21T23:26:31Z</time></trkpt>
      <trkpt lat="22.5399236" lon="113.9359112"><ele>16.5</ele><time>2023-08-21T23:26:32Z</time></trkpt>
      <trkpt lat="22.5399243" lon="113.9358934"><ele>16.6</ele><time>2023-08-21T23:26:33Z</time></trkpt>
      <trkpt lat="22.5399238" lon="113.9358755"><ele>16.7</ele><time>2023-08-21T23:26:34Z</time></trkpt>
      <trkpt lat="22.5399220" lon="113.9358576"><ele>16.7</ele><time>2023-08-21T23:26:35Z</time></trkpt>
      <trkpt lat="22.5399195" lon="113.9358398"><ele>16.8</ele><time>2023-08-21T23:26:36Z</time></trkpt>
      <trkpt lat="22.5399171" lon="113.9358220"><ele>16.9</ele><time>2023-08-21T23:26:37Z</time></trkpt>
      <trkpt lat="22.5399145" lon="113.9358039"><ele>16.9</ele><time>2023-08-21T23:26:38Z</time></trkpt>
      <trkpt lat="22.5399114" lon="113.9357858"><ele>17.0</ele><time>2023-08-21T23:26:39Z</time></trkpt>
      <trkpt lat="22.5399077" lon="113.9357678"><ele>17.1</ele><time>2023-08-21T23:26:40Z</time></trkpt>
      <trkpt lat="22.5399027" lon="113.9357501"><ele>17.1</ele><time>2023-08-21T23:26:41Z</time></trkpt>
      <trkpt lat="22.5398967" lon="113.9357326"><ele>17.2</ele><time>2023-08-21T23:26:42Z</time></trkpt>
      <trkpt lat="22.5398896" lon="113.9357156"><ele>17.2</ele><time>2023-08-21T23:26:43Z</time></trkpt>
      <trkpt lat="22.5398812" lon="113.9356988"><ele>17.2</ele><time>2023-08-21T23:26:44Z</time></trkpt>
      <trkpt lat="22.5398719" lon="113.9356826"><ele>17.3</ele><time>2023-08-21T23:26:45Z</time></trkpt>
      <trkpt lat="22.5398622" lon="113.9356665"><ele>17.3</ele><time>2023-08-21T23:26:46Z</time></trkpt>
      <trkpt lat="22.5398522" lon="113.9356508"><ele>17.4</ele><time>2023-08-21T23:26:47Z</time></trkpt>
      <trkpt lat="22.5398412" lon="113.9356361"><ele>17.4</ele><time>2023-08-21T23:26:48Z</time></trkpt>
      <trkpt lat="22.5398290" lon="113.9356224"><ele>17.4</ele><time>2023-08-21T23:26:49Z</time></trkpt>
      <trkpt lat="22.5398159" lon="113.9356094"><ele>17.4</ele><time>2023-08-21T23:26:50Z</time></trkpt>
      <trkpt lat="22.5398025" lon="113.9355965"><ele>17.4</ele><time>2023-08-21T23:26:51Z</time></trkpt>
      <trkpt lat="22.5397891" lon="113.9355832"><ele>17.4</ele><time>2023-08-21T23:26:52Z</time></trkpt>
      <trkpt lat="22.5397751" lon="113.9355707"><ele>17.4</ele><time>2023-08-21T23:26:53Z</time></trkpt>
      <trkpt lat="22.5397593" lon="113.9355600"><ele>17.4</ele><time>2023-08-21T23:26:54Z</time></trkpt>
      <trkpt lat="22.5397430" lon="113.9355505"><ele>17.4</ele><time>2023-08-21T23:26:55Z</time></trkpt>
      <trkpt lat="22.5397264" lon="113.9355418"><ele>17.4</ele><time>2023-08-21T23:26:56Z</time></trkpt>
      <trkpt lat="22.5397093" lon="113.9355342"><ele>17.3</ele><time>2023-08-21T23:26:57Z</time></trkpt>
      <trkpt lat="22.5396926" lon="113.9355265"><ele>17.3</ele><time>2023-08-21T23:26:58Z</time></trkpt>
      <trkpt lat="22.5396756" lon="113.9355185"><ele>17.2</ele><time>2023-08-21T23:26:59Z</time></trkpt>
      <trkpt lat="22.5396584" lon="113.9355108"><ele>17.2</ele><time>2023-08-21T23:27:00Z</time></trkpt>
      <trkpt lat="22.5396415" lon="113.9355028"><ele>17.1</ele><time>2023-08-21T23:27:01Z</time></trkpt>
      <trkpt lat="22.5396250" lon="113.9354945"><ele>17.1</ele><time>2023-08-21T23:27:02Z</time></trkpt>
      <trkpt lat="22.5396089" lon="113.9354858"><ele>17.0</ele><time>2023-08-21T23:27:03Z</time></trkpt>
      <trkpt lat="22.5395925" lon="113.9354774"><ele>16.9</ele><time>2023-08-21T23:27:04Z</time></trkpt>
      <trkpt lat="22.5395751" lon="113.9354710"><ele>16.8</ele><time>2023-08-21T23:27:05Z</time></trkpt>
      <trkpt lat="22.5395573" lon="113.9354661"><ele>16.8</ele><time>2023-08-21T23:27:06Z</time></trkpt>
      <trkpt lat="22.5395395" lon="113.9354621"><ele>16.7</ele><time>2023-08-21T23:27:07Z</time></trkpt>
      <trkpt lat="22.5395217" lon="113.9354583"><ele>16.6</ele><time>2023-08-21T23:27:08Z</time></trkpt>
      <trkpt lat="22.5395039" lon="113.9354548"><ele>16.5</ele><time>2023-08-21T23:27:09Z</time></trkpt>
      <trkpt lat="22.5394859" lon="113.9354525"><ele>16.4</ele><time>2023-08-21T23:27:10Z</time></trkpt>
      <trkpt lat="22.5394677" lon="113.9354508"><ele>16.3</ele><time>2023-08-21T23:27:11Z</time></trkpt>
      <trkpt lat="22.5394496" lon="113.9354495"><ele>16.2</ele><time>2023-08-21T23:27:12Z</time></trkpt>
      <trkpt lat="22.5394315" lon="113.9354490"><ele>16.1</ele><time>2023-08-21T23:27:13Z</time></trkpt>
      <trkpt lat="22.5394133" lon="113.9354490"><ele>16.0</ele><time>2023-08-21T23:27:14Z</time></trkpt>
      <trkpt lat="22.5393953" lon="113.9354486"><ele>15.9</ele><time>2023-08-21T23:27:15Z</time></trkpt>
      <trkpt lat="22.5393775" lon="113.9354476"><ele>15.8</ele><time>2023-08-21T23:27:16Z</time></trkpt>
      <trkpt lat="22.5393598" lon="113.9354469"><ele>15.7</ele><time>2023-08-21T23:27:17Z</time></trkpt>
      <trkpt lat="22.5393420" lon="113.9354466"><ele>15.6</ele><time>2023-08-21T23:27:18Z</time></trkpt>
      <trkpt lat="22.5393241" lon="113.9354470"><ele>15.5</ele><time>2023-08-21T23:27:19Z</time></trkpt>
      <trkpt lat="22.5393064" lon="113.9354481"><ele>15.4</ele><time>2023-08-21T23:27:20Z</time></trkpt>
      <trkpt lat="22.5392892" lon="113.9354490"><ele>15.3</ele><time>2023-08-21T23:27:21Z</time></trkpt>
      <trkpt lat="22.5392720" lon="113.9354499"><ele>15.2</ele><time>2023-08-21T23:27:22Z</time></trkpt>
      <trkpt lat="22.5392547" lon="113.9354511"><ele>15.1</ele><time>2023-08-21T23:27:23Z</time></trkpt>
      <trkpt lat="22.5392375" lon="113.9354519"><ele>15.0</ele><time>2023-08-21T23:27:24Z</time></trkpt>
      <trkpt lat="22.5392204" lon="113.9354521"><ele>14.9</ele><time>2023-08-21T23:27:25Z</time></trkpt>
      <trkpt lat="22.5392036" lon="113.9354523"><ele>14.8</ele><time>2023-08-21T23:27:26Z</time></trkpt>
      <trkpt lat="22.5391868" lon="113.9354527"><ele>14.7</ele><time>2023-08-21T23:27:27Z</time></trkpt>
      <trkpt lat="22.5391702" lon="113.9354536"><ele>14.6</ele><time>2023-08-21T23:27:28Z</time></trkpt>
      <trkpt lat="22.5391535" lon="113.9354551"><ele>14.5</ele><time>2023-08-21T23:27:29Z</time></trkpt>
      <trkpt lat="22.5391370" lon="113.9354549"><ele>14.4</ele><time>2023-08-21T23:27:30Z</time></trkpt>
      <trkpt lat="22.5391211" lon="113.9354531"><ele>14.3</ele><time>2023-08-21T23:27:31Z</time></trkpt>
      <trkpt lat="22.5391049" lon="113.9354526"><ele>14.2</ele><time>2023-08-21T23:27:32Z</time></trkpt>
      <trkpt lat="22.5390882" lon="113.9354529"><ele>14.2</ele><time>2023-08-21T23:27:33Z</time></trkpt>
      <trkpt lat="22.5390716" lon="113.9354527"><ele>14.1</ele><time>2023-08-21T23:27:34Z</time></trkpt>
      <trkpt lat="22.5390553" lon="113.9354526"><ele>14.0</ele><time>2023-08-21T23:27:35Z</time></trkpt>
      <trkpt lat="22.5390393" lon="113.9354535"><ele>13.9</ele><time>2023-08-21T23:27:36Z</time></trkpt>
      <trkpt lat="22.5390237" lon="113.9354553"><ele>13.9</ele><time>2023-08-21T23:27:37Z</time></trkpt>
      <trkpt lat="22.5390081" lon="113.9354571"><ele>13.8</ele><time>2023-08-21T23:27:38Z</time></trkpt>
      <trkpt lat="22.5389923" lon="113.9354588"><ele>13.7</ele><time>2023-08-21T23:27:39Z</time></trkpt>
      <trkpt lat="22.5389769" lon="113.9354602"><ele>13.7</ele><time>2023-08-21T23:27:40Z</time></trkpt>
      <trkpt lat="22.5389617" lon="113.9354607"><ele>13.6</ele><time>2023-08-21T23:27:41Z</time></trkpt>
      <trkpt lat="22.5389462" lon="113.9354608"><ele>13.6</ele><time>2023-08-21T23:27:42Z</time></trkpt>
      <trkpt lat="22.5389307" lon="113.9354602"><ele>13.5</ele><time>2023-08-21T23:27:43Z</time></trkpt>
      <trkpt lat="22.5389153" lon="113.9354592"><ele>13.5</ele><time>2023-08-21T23:27:44Z</time></trkpt>
      <trkpt lat="22.5388997" lon="113.9354592"><ele>13.4</ele><time>2023-08-21T23:27:45Z</time></trkpt>
      <trkpt lat="22.5388843" lon="113.9354604"><ele>13.4</ele><time>2023-08-21T23:27:46Z</time></trkpt>
      <trkpt lat="22.5388692" lon="113.9354618"><ele>13.3</ele><time>2023-08-21T23:27:47Z</time></trkpt>
      <trkpt lat="22.5388537" lon="113.9354630"><ele>13.3</ele><time>2023-08-21T23:27:48Z</time></trkpt>
      <trkpt lat="22.5388383" lon="113.9354636"><ele>13.3</ele><time>2023-08-21T23:27:49Z</time></trkpt>
      <trkpt lat="22.5388234" lon="113.9354631"><ele>13.2</ele><time>2023-08-21T23:27:50Z</time></trkpt>
      <trkpt lat="22.5388083" lon="113.9354618"><ele>13.2</ele><time>2023-08-21T23:27:51Z</time></trkpt>
      <trkpt lat="22.5387931" lon="113.9354608"><ele>13.2</ele><time>2023-08-21T23:27:52Z</time></trkpt>
      <trkpt lat="22.5387779" lon="113.9354598"><ele>13.1</ele><time>2023-08-21T23:27:53Z</time></trkpt>
      <trkpt lat="22.5387629" lon="113.9354588"><ele>13.1</ele><time>2023-08-21T23:27:54Z</time></trkpt>
      <trkpt lat="22.5387479" lon="113.9354589"><ele>13.1</ele><time>2023-08-21T23:27:55Z</time></trkpt>
      <trkpt lat="22.5387328" lon="113.9354608"><ele>13.1</ele><time>2023-08-21T23:27:56Z</time></trkpt>
      <trkpt lat="22.5387179" lon="113.9354648"><ele>13.0</ele><time>2023-08-21T23:27:57Z</time></trkpt>
      <trkpt lat="22.5387032" lon="113.9354702"><ele>13.0</ele><time>2023-08-21T23:27:58Z</time></trkpt>
      <trkpt lat="22.5386886" lon="113.9354760"><ele>13.0</ele><time>2023-08-21T23:27:59Z</time></trkpt>
      <trkpt lat="22.5386741" lon="113.9354822"><ele>13.0</ele><time>2023-08-21T23:28:00Z</time></trkpt>
      <trkpt lat="22.5386597" lon="113.9354878"><ele>12.9</ele><time>2023-08-21T23:28:01Z</time></trkpt>
      <trkpt lat="22.5386451" lon="113.9354931"><ele>12.9</ele><time>2023-08-21T23:28:02Z</time></trkpt>
      <trkpt lat="22.5386305" lon="113.9354985"><ele>12.9</ele><time>2023-08-21T23:28:03Z</time></trkpt>
      <trkpt lat="22.5386160" lon="113.9355041"><ele>12.9</ele><time>2023-08-21T23:28:04Z</time></trkpt>
      <trkpt lat="22.5386019" lon="113.9355104"><ele>12.9</ele><time>2023-08-21T23:28:05Z</time></trkpt>
      <trkpt lat="22.5385880" lon="113.9355174"><ele>12.8</ele><time>2023-08-21T23:28:06Z</time></trkpt>
      <trkpt lat="22.5385745" lon="113.9355252"><ele>12.8</ele><time>2023-08-21T23:28:07Z</time></trkpt>
      <trkpt lat="22.5385614" lon="113.9355339"><ele>12.8</ele><time>2023-08-21T23:28:08Z</time></trkpt>
      <trkpt lat="22.5385481" lon="113.9355425"><ele>12.8</ele><time>2023-08-21T23:28:09Z</time></trkpt>
      <trkpt lat="22.5385346" lon="113.9355502"><ele>12.7</ele><time>2023-08-21T23:28:10Z</time></trkpt>
      <trkpt lat="22.5385216" lon="113.9355586"><ele>12.7</ele><time>2023-08-21T23:28:11Z</time></trkpt>
      <trkpt lat="22.5385098" lon="113.9355689"><ele>12.7</ele><time>2023-08-21T23:28:12Z</time></trkpt>
      <trkpt lat="22.5384988" lon="113.9355804"><ele>12.7</ele><time>2023-08-21T23:28:13Z</time></trkpt>
      <trkpt lat="22.5384878" lon="113.9355919"><ele>12.6</ele><time>2023-08-21T23:28:14Z</time></trkpt>
      <trkpt lat="22.5384765" lon="113.9356030"><ele>12.6</ele><time>2023-08-21T23:28:15Z</time></trkpt>
      <trkpt lat="22.5384652" lon="113.9356140"><ele>12.6</ele><time>2023-08-21T23:28:16Z</time></trkpt>
      <trkpt lat="22.5384541" lon="113.9356251"><ele>12.5</ele><time>2023-08-21T23:28:17Z</time></trkpt>
      <trkpt lat="22.5384434" lon="113.9356369"><ele>12.5</ele><time>2023-08-21T23:28:18Z</time></trkpt>
      <trkpt lat="22.5384336" lon="113.9356493"><ele>12.5</ele><time>2023-08-21T23:28:19Z</time></trkpt>
      <trkpt lat="22.5384242" lon="113.9356621"><ele>12.5</ele><time>2023-08-21T23:28:20Z</time></trkpt>
      <trkpt lat="22.5384153" lon="113.9356751"><ele>12.4</ele><time>2023-08-21T23:28:21Z</time></trkpt>
      <trkpt lat="22.5384069" lon="113.9356887"><ele>12.4</ele><time>2023-08-21T23:28:22Z</time></trkpt>
      <trkpt lat="22.5383989" lon="113.9357026"><ele>12.4</ele><time>2023-08-21T23:28:23Z</time></trkpt>
      <trkpt lat="22.5383912" lon="113.9357168"><ele>12.3</ele><time>2023-08-21T23:28:24Z</time></trkpt>
      <trkpt lat="22.5383844" lon="113.9357317"><ele>12.3</ele><time>2023-08-21T23:28:25Z</time></trkpt>
      <trkpt lat="22.5383787" lon="113.9357471"><ele>12.3</ele><time>2023-08-21T23:28:26Z</time></trkpt>
      <trkpt lat="22.5383734" lon="113.9357626"><ele>12.2</ele><time>2023-08-21T23:28:27Z</time></trkpt>
      <trkpt lat="22.5383681" lon="113.9357782"><ele>12.2</ele><time>2023-08-21T23:28:28Z</time></trkpt>
      <trkpt lat="22.5383626" lon="113.9357937"><ele>12.2</ele><time>2023-08-21T23:28:29Z</time></trkpt>
      <trkpt lat="22.5383577" lon="113.9358092"><ele>12.2</ele><time>2023-08-21T23:28:30Z</time></trkpt>
      <trkpt lat="22.5383545" lon="113.9358252"><ele>12.1</ele><time>2023-08-21T23:28:31Z</time></trkpt>
      <trkpt lat="22.5383527" lon="113.9358417"><ele>12.1</ele><time>2023-08-21T23:28:32Z</time></trkpt>
      <trkpt lat="22.5383514" lon="113.9358581"><ele>12.1</ele><time>2023-08-21T23:28:33Z</time></trkpt>
      <trkpt lat="22.5383498" lon="113.9358746"><ele>12.0</ele><time>2023-08-21T23:28:34Z</time></trkpt>
      <trkpt lat="22.5383482" lon="113.9358911"><ele>12.0</ele><time>2023-08-21T23:28:35Z</time></trkpt>
      <trkpt lat="22.5383464" lon="113.9359075"><ele>12.0</ele><time>2023-08-21T23:28:36Z</time></trkpt>
      <trkpt lat="22.5383448" lon="113.9359238"><ele>12.0</ele><time>2023-08-21T23:28:37Z</time></trkpt>
      <trkpt lat="22.5383445" lon="113.9359404"><ele>11.9</ele><time>2023-08-21T23:28:38Z</time></trkpt>
      <trkpt lat="22.5383453" lon="113.9359571"><ele>11.9</ele><time>2023-08-21T23:28:39Z</time></trkpt>
      <trkpt lat="22.5383468" lon="113.9359737"><ele>11.9</ele><time>2023-08-21T23:28:40Z</time></trkpt>
      <trkpt lat="22.5383492" lon="113.9359900"><ele>11.9</ele><time>2023-08-21T23:28:41Z</time></trkpt>
      <trkpt lat="22.5383524" lon="113.9360063"><ele>11.8</ele><time>2023-08-21T23:28:42Z</time></trkpt>
      <trkpt lat="22.5383561" lon="113.9360223"><ele>11.8</ele><time>2023-08-21T23:28:43Z</time></trkpt>
      <trkpt lat="22.5383598" lon="113.9360382"><ele>11.8</ele><time>2023-08-21T23:28:44Z</time></trkpt>
      <trkpt lat="22.5383635" lon="113.9360540"><ele>11.8</ele><time>2023-08-21T23:28:45Z</time></trkpt>
      <trkpt lat="22.5383675" lon="113.9360695"><ele>11.8</ele><time>2023-08-21T23:28:46Z</time></trkpt>
      <trkpt lat="22.5383720" lon="113.9360851"><ele>11.8</ele><time>2023-08-21T23:28:47Z</time></trkpt>
      <trkpt lat="22.5383771" lon="113.9361005"><ele>11.8</ele><time>2023-08-21T23:28:48Z</time></trkpt>
      <trkpt lat="22.5383822" lon="113.9361158"><ele>11.8</ele><time>2023-08-21T23:28:49Z</time></trkpt>
      <trkpt lat="22.5383875" lon="113.9361311"><ele>11.8</ele><time>2023-08-21T23:28:50Z</time></trkpt>
      <trkpt lat="22.5383941" lon="113.9361458"><ele>11.8</ele><time>2023-08-21T23:28:51Z</time></trkpt>
      <trkpt lat="22.5384018" lon="113.9361600"><ele>11.8</ele><time>2023-08-21T23:28:52Z</time></trkpt>
      <trkpt lat="22.5384102" lon="113.9361737"><ele>11.8</ele><time>2023-08-21T23:28:53Z</time></trkpt>
      <trkpt lat="22.5384194" lon="113.9361867"><ele>11.8</ele><time>2023-08-21T23:28:54Z</time></trkpt>
      <trkpt lat="22.5384290" lon="113.9361996"><ele>11.8</ele><time>2023-08-21T23:28:55Z</time></trkpt>
      <trkpt lat="22.5384383" lon="113.9362124"><ele>11.8</ele><time>2023-08-21T23:28:56Z</time></trkpt>
      <trkpt lat="22.5384477" lon="113.9362251"><ele>11.9</ele><time>2023-08-21T23:28:57Z</time></trkpt>
      <trkpt lat="22.5384572" lon="113.9362378"><ele>11.9</ele><time>2023-08-21T23:28:58Z</time></trkpt>
      <trkpt lat="22.5384671" lon="113.9362502"><ele>11.9</ele><time>2023-08-21T23:28:59Z</time></trkpt>
      <trkpt lat="22.5384778" lon="113.9362617"><ele>12.0</ele><time>2023-08-21T23:29:00Z</time></trkpt>
      <trkpt lat="22.5384894" lon="113.9362720"><ele>12.0</ele><time>2023-08-21T23:29:01Z</time></trkpt>
      <trkpt lat="22.5385010" lon="113.9362815"><ele>12.1</ele><time>2023-08-21T23:29:02Z</time></trkpt>
      <trkpt lat="22.5385124" lon="113.9362913"><ele>12.1</ele><time>2023-08-21T23:29:03Z</time></trkpt>
      <trkpt lat="22.5385247" lon="113.9363009"><ele>12.2</ele><time>2023-08-21T23:29:04Z</time></trkpt>
      <trkpt lat="22.5385374" lon="113.9363099"><ele>12.2</ele><time>2023-08-21T23:29:05Z</time></trkpt>
      <trkpt lat="22.5385503" lon="113.9363188"><ele>12.3</ele><time>2023-08-21T23:29:06Z</time></trkpt>
      <trkpt lat="22.5385636" lon="113.9363270"><ele>12.4</ele><time>2023-08-21T23:29:07Z</time></trkpt>
      <trkpt lat="22.5385772" lon="113.9363346"><ele>12.4</ele><time>2023-08-21T23:29:08Z</time></trkpt>
      <trkpt lat="22.5385909" lon="113.9363417"><ele>12.5</ele><time>2023-08-21T23:29:09Z</time></trkpt>
      <trkpt lat="22.5386050" lon="113.9363479"><ele>12.5</ele><time>2023-08-21T23:29:10Z</time></trkpt>
      <trkpt lat="22.5386194" lon="113.9363535"><ele>12.6</ele><time>2023-08-21T23:29:11Z</time></trkpt>
      <trkpt lat="22.5386340" lon="113.9363588"><ele>12.6</ele><time>2023-08-21T23:29:12Z</time></trkpt>
      <trkpt lat="22.5386486" lon="113.9363640"><ele>12.7</ele><time>2023-08-21T23:29:13Z</time></trkpt>
      <trkpt lat="22.5386632" lon="113.9363691"><ele>12.8</ele><time>2023-08-21T23:29:14Z</time></trkpt>
      <trkpt lat="22.5386781" lon="113.9363734"><ele>12.8</ele><time>2023-08-21T23:29:15Z</time></trkpt>
      <trkpt lat="22.5386932" lon="113.9363766"><ele>12.9</ele><time>2023-08-21T23:29:16Z</time></trkpt>
      <trkpt lat="22.5387085" lon="113.9363790"><ele>12.9</ele><time>2023-08-21T23:29:17Z</time></trkpt>
      <trkpt lat="22.5387238" lon="113.9363808"><ele>13.0</ele><time>2023-08-21T23:29:18Z</time></trkpt>
      <trkpt lat="22.5387393" lon="113.9363821"><ele>13.0</ele><time>2023-08-21T23:29:19Z</time></trkpt>
      <trkpt lat="22.5387549" lon="113.9363827"><ele>13.1</ele><time>2023-08-21T23:29:20Z</time></trkpt>
      <trkpt lat="22.5387703" lon="113.9363832"><ele>13.1</ele><time>2023-08-21T23:29:21Z</time></trkpt>
      <trkpt lat="22.5387855" lon="113.9363841"><ele>13.2</ele><time>2023-08-21T23:29:22Z</time></trkpt>
      <trkpt lat="22.5388007" lon="113.9363852"><ele>13.2</ele><time>2023-08-21T23:29:23Z</time></trkpt>
      <trkpt lat="22.5388160" lon="113.9363856"><ele>13.3</ele><time>2023-08-21T23:29:24Z</time></trkpt>
      <trkpt lat="22.5388311" lon="113.9363857"><ele>13.3</ele><time>2023-08-21T23:29:25Z</time></trkpt>
      <trkpt lat="22.5388464" lon="113.9363862"><ele>13.4</ele><time>2023-08-21T23:29:26Z</time></trkpt>
      <trkpt lat="22.5388618" lon="113.9363864"><ele>13.4</ele><time>2023-08-21T23:29:27Z</time></trkpt>
      <trkpt lat="22.5388773" lon="113.9363859"><ele>13.5</ele><time>2023-08-21T23:29:28Z</time></trkpt>
      <trkpt lat="22.5388927" lon="113.9363851"><ele>13.5</ele><time>2023-08-21T23:29:29Z</time></trkpt>
      <trkpt lat="22.5389082" lon="113.9363841"><ele>13.6</ele><time>2023-08-21T23:29:30Z</time></trkpt>
      <trkpt lat="22.5389237" lon="113.9363833"><ele>13.6</ele><time>2023-08-21T23:29:31Z</time></trkpt>
      <trkpt lat="22.5389394" lon="113.9363830"><ele>13.7</ele><time>2023-08-21T23:29:32Z</time></trkpt>
      <trkpt lat="22.5389553" lon="113.9363832"><ele>13.7</ele><time>2023-08-21T23:29:33Z</time></trkpt>
      <trkpt lat="22.5389711" lon="113.9363837"><ele>13.7</ele><time>2023-08-21T23:29:34Z</time></trkpt>
      <trkpt lat="22.5389866" lon="113.9363833"><ele>13.8</ele><time>2023-08-21T23:29:35Z</time></trkpt>
      <trkpt lat="22.5390021" lon="113.9363817"><ele>13.8</ele><time>2023-08-21T23:29:36Z</time></trkpt>
      <trkpt lat="22.5390176" lon="113.9363799"><ele>13.8</ele><time>2023-08-21T23:29:37Z</time></trkpt>
      <trkpt lat="22.5390332" lon="113.9363785"><ele>13.9</ele><time>2023-08-21T23:29:38Z</time></trkpt>
      <trkpt lat="22.5390490" lon="113.9363775"><ele>13.9</ele><time>2023-08-21T23:29:39Z</time></trkpt>
      <trkpt lat="22.5390649" lon="113.9363773"><ele>13.9</ele><time>2023-08-21T23:29:40Z</time></trkpt>
      <trkpt lat="22.5390807" lon="113.9363773"><ele>13.9</ele><time>2023-08-21T23:29:41Z</time></trkpt>
      <trkpt lat="22.5390966" lon="113.9363770"><ele>14.0</ele><time>2023-08-21T23:29:42Z</time></trkpt>
      <trkpt lat="22.5391124" lon="113.9363767"><ele>14.0</ele><time>2023-08-21T23:29:43Z</time></trkpt>
      <trkpt lat="22.5391281" lon="113.9363765"><ele>14.0</ele><time>2023-08-21T23:29:44Z</time></trkpt>
      <trkpt lat="22.5391438" lon="113.9363764"><ele>14.0</ele><time>2023-08-21T23:29:45Z</time></trkpt>
      <trkpt lat="22.5391594" lon="113.9363762"><ele>14.0</ele><time>2023-08-21T23:29:46Z</time></trkpt>
      <trkpt lat="22.5391750" lon="113.9363759"><ele>14.0</ele><time>2023-08-21T23:29:47Z</time></trkpt>
      <trkpt lat="22.5391907" lon="113.9363752"><ele>14.0</ele><time>2023-08-21T23:29:48Z</time></trkpt>
      <trkpt lat="22.5392063" lon="113.9363742"><ele>14.0</ele><time>2023-08-21T23:29:49Z</time></trkpt>
      <trkpt lat="22.5392217" lon="113.9363739"><ele>14.0</ele><time>2023-08-21T23:29:50Z</time></trkpt>
      <trkpt lat="22.5392372" lon="113.9363745"><ele>14.0</ele><time>2023-08-21T23:29:51Z</time></trkpt>
      <trkpt lat="22.5392527" lon="113.9363752"><ele>14.0</ele><time>2023-08-21T23:29:52Z</time></trkpt>
      <trkpt lat="22.5392682" lon="113.9363755"><ele>14.0</ele><time>2023-08-21T23:29:53Z</time></trkpt>
      <trkpt lat="22.5392837" lon="113.9363756"><ele>14.0</ele><time>2023-08-21T23:29:54Z</time></trkpt>
      <trkpt lat="22.5392993" lon="113.9363756"><ele>14.0</ele><time>2023-08-21T23:29:55Z</time></trkpt>
      <trkpt lat="22.5393148" lon="113.9363752"><ele>13.9</ele><time>2023-08-21T23:29:56Z</time></trkpt>
      <trkpt lat="22.5393303" lon="113.9363740"><ele>13.9</ele><time>2023-08-21T23:29:57Z</time></trkpt>
      <trkpt lat="22.5393458" lon="113.9363731"><ele>13.9</ele><time>2023-08-21T23:29:58Z</time></trkpt>
      <trkpt lat="22.5393612" lon="113.9363729"><ele>13.9</ele><time>2023-08-21T23:29:59Z</time></trkpt>
      <trkpt lat="22.5393765" lon="113.9363727"><ele>13.9</ele><time>2023-08-21T23:30:00Z</time></trkpt>
      <trkpt lat="22.5393919" lon="113.9363726"><ele>13.8</ele><time>2023-08-21T23:30:01Z</time></trkpt>
      <trkpt lat="22.5394072" lon="113.9363725"><ele>13.8</ele><time>2023-08-21T23:30:02Z</time></trkpt>
      <trkpt lat="22.5394225" lon="113.9363718"><ele>13.8</ele><time>2023-08-21T23:30:03Z</time></trkpt>
      <trkpt lat="22.5394377" lon="113.9363705"><ele>13.8</ele><time>2023-08-21T23:30:04Z</time></trkpt>
      <trkpt lat="22.5394529" lon="113.9363686"><ele>13.7</ele><time>2023-08-21T23:30:05Z</time></trkpt>
      <trkpt lat="22.5394681" lon="113.9363666"><ele>13.7</ele><time>2023-08-21T23:30:06Z</time></trkpt>
      <trkpt lat="22.5394833" lon="113.9363655"><ele>13.7</ele><time>2023-08-21T23:30:07Z</time></trkpt>
      <trkpt lat="22.5394985" lon="113.9363656"><ele>13.7</ele><time>2023-08-21T23:30:08Z</time></trkpt>
      <trkpt lat="22.5395137" lon="113.9363655"><ele>13.6</ele><time>2023-08-21T23:30:09Z</time></trkpt>
      <trkpt lat="22.5395289" lon="113.9363648"><ele>13.6</ele><time>2023-08-21T23:30:10Z</time></trkpt>
      <trkpt lat="22.5395441" lon="113.9363638"><ele>13.6</ele><time>2023-08-21T23:30:11Z</time></trkpt>
      <trkpt lat="22.5395593" lon="113.9363624"><ele>13.5</ele><time>2023-08-21T23:30:12Z</time></trkpt>
      <trkpt lat="22.5395744" lon="113.9363613"><ele>13.5</ele><time>2023-08-21T23:30:13Z</time></trkpt>
      <trkpt lat="22.5395894" lon="113.9363604"><ele>13.5</ele><time>2023-08-21T23:30:14Z</time></trkpt>
      <trkpt lat="22.5396042" lon="113.9363577"><ele>13.5</ele><time>2023-08-21T23:30:15Z</time></trkpt>
      <trkpt lat="22.5396189" lon="113.9363536"><ele>13.4</ele><time>2023-08-21T23:30:16Z</time></trkpt>
      <trkpt lat="22.5396335" lon="113.9363491"><ele>13.4</ele><time>2023-08-21T23:30:17Z</time></trkpt>
      <trkpt lat="22.5396480" lon="113.9363441"><ele>13.4</ele><time>2023-08-21T23:30:18Z</time></trkpt>
      <trkpt lat="22.5396622" lon="113.9363382"><ele>13.4</ele><time>2023-08-21T23:30:19Z</time></trkpt>
      <trkpt lat="22.5396760" lon="113.9363319"><ele>13.4</ele><time>2023-08-21T23:30:20Z</time></trkpt>
      <trkpt lat="22.5396895" lon="113.9363247"><ele>13.4</ele><time>2023-08-21T23:30:21Z</time></trkpt>
      <trkpt lat="22.5397028" lon="113.9363168"><ele>13.4</ele><time>2023-08-21T23:30:22Z</time></trkpt>
      <trkpt lat="22.5397162" lon="113.9363090"><ele>13.4</ele><time>2023-08-21T23:30:23Z</time></trkpt>
      <trkpt lat="22.5397294" lon="113.9363014"><ele>13.4</ele><time>2023-08-21T23:30:24Z</time></trkpt>
      <trkpt lat="22.5397426" lon="113.9362935"><ele>13.4</ele><time>2023-08-21T23:30:25Z</time></trkpt>
      <trkpt lat="22.5397556" lon="113.9362853"><ele>13.4</ele><time>2023-08-21T23:30:26Z</time></trkpt>
      <trkpt lat="22.5397683" lon="113.9362762"><ele>13.5</ele><time>2023-08-21T23:30:27Z</time></trkpt>
      <trkpt lat="22.5397801" lon="113.9362657"><ele>13.5</ele><time>2023-08-21T23:30:28Z</time></trkpt>
      <trkpt lat="22.5397912" lon="113.9362538"><ele>13.5</ele><time>2023-08-21T23:30:29Z</time></trkpt>
      <trkpt lat="22.5398018" lon="113.9362415"><ele>13.6</ele><time>2023-08-21T23:30:30Z</time></trkpt>
      <trkpt lat="22.5398122" lon="113.9362289"><ele>13.6</ele><time>2023-08-21T23:30:31Z</time></trkpt>
      <trkpt lat="22.5398228" lon="113.9362166"><ele>13.7</ele><time>2023-08-21T23:30:32Z</time></trkpt>
      <trkpt lat="22.5398330" lon="113.9362042"><ele>13.8</ele><time>2023-08-21T23:30:33Z</time></trkpt>
      <trkpt lat="22.5398423" lon="113.9361909"><ele>13.8</ele><time>2023-08-21T23:30:34Z</time></trkpt>
      <trkpt lat="22.5398516" lon="113.9361772"><ele>13.9</ele><time>2023-08-21T23:30:35Z</time></trkpt>
      <trkpt lat="22.5398607" lon="113.9361636"><ele>14.0</ele><time>2023-08-21T23:30:36Z</time></trkpt>
      <trkpt lat="22.5398693" lon="113.9361495"><ele>14.0</ele><time>2023-08-21T23:30:37Z</time></trkpt>
      <trkpt lat="22.5398772" lon="113.9361349"><ele>14.1</ele><time>2023-08-21T23:30:38Z</time></trkpt>
      <trkpt lat="22.5398847" lon="113.9361201"><ele>14.2</ele><time>2023-08-21T23:30:39Z</time></trkpt>
      <trkpt lat="22.5398912" lon="113.9361050"><ele>14.3</ele><time>2023-08-21T23:30:40Z</time></trkpt>
      <trkpt lat="22.5398966" lon="113.9360892"><ele>14.3</ele><time>2023-08-21T23:30:41Z</time></trkpt>
      <trkpt lat="22.5399019" lon="113.9360733"><ele>14.4</ele><time>2023-08-21T23:30:42Z</time></trkpt>
      <trkpt lat="22.5399073" lon="113.9360575"><ele>14.5</ele><time>2023-08-21T23:30:43Z</time></trkpt>
      <trkpt lat="22.5399122" lon="113.9360415"><ele>14.6</ele><time>2023-08-21T23:30:44Z</time></trkpt>
      <trkpt lat="22.5399169" lon="113.9360254"><ele>14.7</ele><time>2023-08-21T23:30:45Z</time></trkpt>
      <trkpt lat="22.5399209" lon="113.9360090"><ele>14.7</ele><time>2023-08-21T23:30:46Z</time></trkpt>
      <trkpt lat="22.5399240" lon="113.9359923"><ele>14.8</ele><time>2023-08-21T23:30:47Z</time></trkpt>
      <trkpt lat="22.5399266" lon="113.9359755"><ele>14.9</ele><time>2023-08-21T23:30:48Z</time></trkpt>
      <trkpt lat="22.5399285" lon="113.9359586"><ele>15.0</ele><time>2023-08-21T23:30:49Z</time></trkpt>
      <trkpt lat="22.5399287" lon="113.9359415"><ele>15.1</ele><time>2023-08-21T23:30:50Z</time></trkpt>
      <trkpt lat="22.5399272" lon="113.9359243"><ele>15.1</ele><time>2023-08-21T23:30:51Z</time></trkpt>
      <trkpt lat="22.5399255" lon="113.9359071"><ele>15.2</ele><time>2023-08-21T23:30:52Z</time></trkpt>
      <trkpt lat="22.5399248" lon="113.9358899"><ele>15.3</ele><time>2023-08-21T23:30:53Z</time></trkpt>
      <trkpt lat="22.5399254" lon="113.9358729"><ele>15.3</ele><time>2023-08-21T23:30:54Z</time></trkpt>
      <trkpt lat="22.5399261" lon="113.9358557"><ele>15.4</ele><time>2023-08-21T23:30:55Z</time></trkpt>
      <trkpt lat="22.5399250" lon="113.9358384"><ele>15.5</ele><time>2023-08-21T23:30:56Z</time></trkpt>
      <trkpt lat="22.5399226" lon="113.9358211"><ele>15.5</ele><time>2023-08-21T23:30:57Z</time></trkpt>
      <trkpt lat="22.5399197" lon="113.9358038"><ele>15.6</ele><time>2023-08-21T23:30:58Z</time></trkpt>
      <trkpt lat="22.5399160" lon="113.9357866"><ele>15.6</ele><time>2023-08-21T23:30:59Z</time></trkpt>
      <trkpt lat="22.5399118" lon="113.9357691"><ele>15.7</ele><time>2023-08-21T23:31:00Z</time></trkpt>
      <trkpt lat="22.5399062" lon="113.9357503"><ele>15.7</ele><time>2023-08-21T23:31:01Z</time></trkpt>
      <trkpt lat="22.5398999" lon="113.9357305"><ele>15.8</ele><time>2023-08-21T23:31:02Z</time></trkpt>
      <trkpt lat="22.5398936" lon="113.9357125"><ele>15.8</ele><time>2023-08-21T23:31:03Z</time></trkpt>
      <trkpt lat="22.5398865" lon="113.9356965"><ele>15.8</ele><time>2023-08-21T23:31:04Z</time></trkpt>
      <trkpt lat="22.5398788" lon="113.9356812"><ele>15.9</ele><time>2023-08-21T23:31:05Z</time></trkpt>
      <trkpt lat="22.5398703" lon="113.9356663"><ele>15.9</ele><time>2023-08-21T23:31:06Z</time></trkpt>
      <trkpt lat="22.5398606" lon="113.9356522"><ele>15.9</ele><time>2023-08-21T23:31:07Z</time></trkpt>
      <trkpt lat="22.5398503" lon="113.9356386"><ele>15.9</ele><time>2023-08-21T23:31:08Z</time></trkpt>
      <trkpt lat="22.5398401" lon="113.9356251"><ele>15.9</ele><time>2023-08-21T23:31:09Z</time></trkpt>
      <trkpt lat="22.5398293" lon="113.9356121"><ele>15.9</ele><time>2023-08-21T23:31:10Z</time></trkpt>
      <trkpt lat="22.5398179" lon="113.9355997"><ele>15.9</ele><time>2023-08-21T23:31:11Z</time></trkpt>
      <trkpt lat="22.5398061" lon="113.9355877"><ele>15.9</ele><time>2023-08-21T23:31:12Z</time></trkpt>
      <trkpt lat="22.5397937" lon="113.9355763"><ele>15.9</ele><time>2023-08-21T23:31:13Z</time></trkpt>
      <trkpt lat="22.5397809" lon="113.9355652"><ele>15.9</ele><time>2023-08-21T23:31:14Z</time></trkpt>
      <trkpt lat="22.5397681" lon="113.9355541"><ele>15.8</ele><time>2023-08-21T23:31:15Z</time></trkpt>
      <trkpt lat="22.5397553" lon="113.9355435"><ele>15.8</ele><time>2023-08-21T23:31:16Z</time></trkpt>
      <trkpt lat="22.5397426" lon="113.9355323"><ele>15.8</ele><time>2023-08-21T23:31:17Z</time></trkpt>
      <trkpt lat="22.5397303" lon="113.9355207"><ele>15.8</ele><time>2023-08-21T23:31:18Z</time></trkpt>
      <trkpt lat="22.5397178" lon="113.9355095"><ele>15.7</ele><time>2023-08-21T23:31:19Z</time></trkpt>
      <trkpt lat="22.5397047" lon="113.9354994"><ele>15.7</ele><time>2023-08-21T23:31:20Z</time></trkpt>
      <trkpt lat="22.5396910" lon="113.9354906"><ele>15.6</ele><time>2023-08-21T23:31:21Z</time></trkpt>
      <trkpt lat="22.5396766" lon="113.9354831"><ele>15.6</ele><time>2023-08-21T23:31:22Z</time></trkpt>
      <trkpt lat="22.5396615" lon="113.9354773"><ele>15.5</ele><time>2023-08-21T23:31:23Z</time></trkpt>
      <trkpt lat="22.5396461" lon="113.9354726"><ele>15.5</ele><time>2023-08-21T23:31:24Z</time></trkpt>
      <trkpt lat="22.5396306" lon="113.9354682"><ele>15.4</ele><time>2023-08-21T23:31:25Z</time></trkpt>
      <trkpt lat="22.5396152" lon="113.9354638"><ele>15.4</ele><time>2023-08-21T23:31:26Z</time></trkpt>
      <trkpt lat="22.5395998" lon="113.9354594"><ele>15.3</ele><time>2023-08-21T23:31:27Z</time></trkpt>
      <trkpt lat="22.5395844" lon="113.9354550"><ele>15.3</ele><time>2023-08-21T23:31:28Z</time></trkpt>
      <trkpt lat="22.5395689" lon="113.9354510"><ele>15.2</ele><time>2023-08-21T23:31:29Z</time></trkpt>
      <trkpt lat="22.5395531" lon="113.9354483"><ele>15.2</ele><time>2023-08-21T23:31:30Z</time></trkpt>
      <trkpt lat="22.5395372" lon="113.9354475"><ele>15.1</ele><time>2023-08-21T23:31:31Z</time></trkpt>
      <trkpt lat="22.5395211" lon="113.9354482"><ele>15.1</ele><time>2023-08-21T23:31:32Z</time></trkpt>
      <trkpt lat="22.5395050" lon="113.9354493"><ele>15.0</ele><time>2023-08-21T23:31:33Z</time></trkpt>
      <trkpt lat="22.5394890" lon="113.9354506"><ele>15.0</ele><time>2023-08-21T23:31:34Z</time></trkpt>
      <trkpt lat="22.5394730" lon="113.9354522"><ele>14.9</ele><time>2023-08-21T23:31:35Z</time></trkpt>
      <trkpt lat="22.5394570" lon="113.9354540"><ele>14.9</ele><time>2023-08-21T23:31:36Z</time></trkpt>
      <trkpt lat="22.5394412" lon="113.9354559"><ele>14.8</ele><time>2023-08-21T23:31:37Z</time></trkpt>
      <trkpt lat="22.5394253" lon="113.9354579"><ele>14.8</ele><time>2023-08-21T23:31:38Z</time></trkpt>
      <trkpt lat="22.5394094" lon="113.9354596"><ele>14.7</ele><time>2023-08-21T23:31:39Z</time></trkpt>
      <trkpt lat="22.5393935" lon="113.9354609"><ele>14.7</ele><time>2023-08-21T23:31:40Z</time></trkpt>
      <trkpt lat="22.5393776" lon="113.9354618"><ele>14.6</ele><time>2023-08-21T23:31:41Z</time></trkpt>
      <trkpt lat="22.5393616" lon="113.9354624"><ele>14.6</ele><time>2023-08-21T23:31:42Z</time></trkpt>
      <trkpt lat="22.5393457" lon="113.9354626"><ele>14.5</ele><time>2023-08-21T23:31:43Z</time></trkpt>
      <trkpt lat="22.5393298" lon="113.9354625"><ele>14.5</ele><time>2023-08-21T23:31:44Z</time></trkpt>
      <trkpt lat="22.5393140" lon="113.9354628"><ele>14.5</ele><time>2023-08-21T23:31:45Z</time></trkpt>
      <trkpt lat="22.5392981" lon="113.9354639"><ele>14.4</ele><time>2023-08-21T23:31:46Z</time></trkpt>
      <trkpt lat="22.5392823" lon="113.9354652"><ele>14.4</ele><time>2023-08-21T23:31:47Z</time></trkpt>
      <trkpt lat="22.5392664" lon="113.9354662"><ele>14.4</ele><time>2023-08-21T23:31:48Z</time></trkpt>
      <trkpt lat="22.5392504" lon="113.9354672"><ele>14.4</ele><time>2023-08-21T23:31:49Z</time></trkpt>
      <trkpt lat="22.5392344" lon="113.9354681"><ele>14.3</ele><time>2023-08-21T23:31:50Z</time></trkpt>
      <trkpt lat="22.5392184" lon="113.9354690"><ele>14.3</ele><time>2023-08-21T23:31:51Z</time></trkpt>
      <trkpt lat="22.5392022" lon="113.9354695"><ele>14.3</ele><time>2023-08-21T23:31:52Z</time></trkpt>
      <trkpt lat="22.5391860" lon="113.9354694"><ele>14.3</ele><time>2023-08-21T23:31:53Z</time></trkpt>
      <trkpt lat="22.5391699" lon="113.9354694"><ele>14.2</ele><time>2023-08-21T23:31:54Z</time></trkpt>
      <trkpt lat="22.5391538" lon="113.9354689"><ele>14.2</ele><time>2023-08-21T23:31:55Z</time></trkpt>
      <trkpt lat="22.5391378" lon="113.9354683"><ele>14.2</ele><time>2023-08-21T23:31:56Z</time></trkpt>
      <trkpt lat="22.5391218" lon="113.9354681"><ele>14.2</ele><time>2023-08-21T23:31:57Z</time></trkpt>
      <trkpt lat="22.5391057" lon="113.9354673"><ele>14.2</ele><time>2023-08-21T23:31:58Z</time></trkpt>
      <trkpt lat="22.5390896" lon="113.9354662"><ele>14.2</ele><time>2023-08-21T23:31:59Z</time></trkpt>
      <trkpt lat="22.5390734" lon="113.9354664"><ele>14.1</ele><time>2023-08-21T23:32:00Z</time></trkpt>
      <trkpt lat="22.5390573" lon="113.9354671"><ele>14.1</ele><time>2023-08-21T23:32:01Z</time></trkpt>
      <trkpt lat="22.5390415" lon="113.9354678"><ele>14.1</ele><time>2023-08-21T23:32:02Z</time></trkpt>
      <trkpt lat="22.5390259" lon="113.9354686"><ele>14.1</ele><time>2023-08-21T23:32:03Z</time></trkpt>
      <trkpt lat="22.5390103" lon="113.9354693"><ele>14.1</ele><time>2023-08-21T23:32:04Z</time></trkpt>
      <trkpt lat="22.5389948" lon="113.9354695"><ele>14.1</ele><time>2023-08-21T23:32:05Z</time></trkpt>
      <trkpt lat="22.5389795" lon="113.9354689"><ele>14.0</ele><time>2023-08-21T23:32:06Z</time></trkpt>
      <trkpt lat="22.5389640" lon="113.9354687"><ele>14.0</ele><time>2023-08-21T23:32:07Z</time></trkpt>
      <trkpt lat="22.5389483" lon="113.9354691"><ele>14.0</ele><time>2023-08-21T23:32:08Z</time></trkpt>
      <trkpt lat="22.5399319" lon="113.9358433"><ele>13.9</ele><time>2023-08-21T23:35:10Z</time></trkpt>
      <trkpt lat="22.5399285" lon="113.9358228"><ele>13.9</ele><time>2023-08-21T23:35:11Z</time></trkpt>
      <trkpt lat="22.5399242" lon="113.9358026"><ele>13.9</ele><time>2023-08-21T23:35:12Z</time></trkpt>
      <trkpt lat="22.5399194" lon="113.9357829"><ele>13.8</ele><time>2023-08-21T23:35:13Z</time></trkpt>
      <trkpt lat="22.5399148" lon="113.9357635"><ele>13.8</ele><time>2023-08-21T23:35:14Z</time></trkpt>
      <trkpt lat="22.5399094" lon="113.9357444"><ele>13.8</ele><time>2023-08-21T23:35:15Z</time></trkpt>
      <trkpt lat="22.5399031" lon="113.9357254"><ele>13.7</ele><time>2023-08-21T23:35:16Z</time></trkpt>
      <trkpt lat="22.5398961" lon="113.9357067"><ele>13.7</ele><time>2023-08-21T23:35:17Z</time></trkpt>
      <trkpt lat="22.5398881" lon="113.9356884"><ele>13.6</ele><time>2023-08-21T23:35:18Z</time></trkpt>
      <trkpt lat="22.5398795" lon="113.9356703"><ele>13.6</ele><time>2023-08-21T23:35:19Z</time></trkpt>
      <trkpt lat="22.5398703" lon="113.9356523"><ele>13.6</ele><time>2023-08-21T23:35:20Z</time></trkpt>
      <trkpt lat="22.5398601" lon="113.9356351"><ele>13.5</ele><time>2023-08-21T23:35:21Z</time></trkpt>
      <trkpt lat="22.5398495" lon="113.9356187"><ele>13.5</ele><time>2023-08-21T23:35:22Z</time></trkpt>
      <trkpt lat="22.5398390" lon="113.9356027"><ele>13.4</ele><time>2023-08-21T23:35:23Z</time></trkpt>
      <trkpt lat="22.5398273" lon="113.9355877"><ele>13.4</ele><time>2023-08-21T23:35:24Z</time></trkpt>
      <trkpt lat="22.5398140" lon="113.9355736"><ele>13.4</ele><time>2023-08-21T23:35:25Z</time></trkpt>
      <trkpt lat="22.5398001" lon="113.9355600"><ele>13.3</ele><time>2023-08-21T23:35:26Z</time></trkpt>
      <trkpt lat="22.5397861" lon="113.9355465"><ele>13.3</ele><time>2023-08-21T23:35:27Z</time></trkpt>
      <trkpt lat="22.5397722" lon="113.9355331"><ele>13.2</ele><time>2023-08-21T23:35:28Z</time></trkpt>
      <trkpt lat="22.5397582" lon="113.9355199"><ele>13.2</ele><time>2023-08-21T23:35:29Z</time></trkpt>
      <trkpt lat="22.5397440" lon="113.9355072"><ele>13.2</ele><time>2023-08-21T23:35:30Z</time></trkpt>
      <trkpt lat="22.5397298" lon="113.9354954"><ele>13.1</ele><time>2023-08-21T23:35:31Z</time></trkpt>
      <trkpt lat="22.5397150" lon="113.9354846"><ele>13.1</ele><time>2023-08-21T23:35:32Z</time></trkpt>
      <trkpt lat="22.5396994" lon="113.9354751"><ele>13.0</ele><time>2023-08-21T23:35:33Z</time></trkpt>
      <trkpt lat="22.5396828" lon="113.9354671"><ele>13.0</ele><time>2023-08-21T23:35:34Z</time></trkpt>
      <trkpt lat="22.5396655" lon="113.9354605"><ele>13.0</ele><time>2023-08-21T23:35:35Z</time></trkpt>
      <trkpt lat="22.5396475" lon="113.9354552"><ele>13.0</ele><time>2023-08-21T23:35:36Z</time></trkpt>
      <trkpt lat="22.5396295" lon="113.9354495"><ele>12.9</ele><time>2023-08-21T23:35:37Z</time></trkpt>
      <trkpt lat="22.5396116" lon="113.9354430"><ele>12.9</ele><time>2023-08-21T23:35:38Z</time></trkpt>
      <trkpt lat="22.5395938" lon="113.9354365"><ele>12.9</ele><time>2023-08-21T23:35:39Z</time></trkpt>
      <trkpt lat="22.5395752" lon="113.9354314"><ele>12.8</ele><time>2023-08-21T23:35:40Z</time></trkpt>
      <trkpt lat="22.5395560" lon="113.9354283"><ele>12.8</ele><time>2023-08-21T23:35:41Z</time></trkpt>
      <trkpt lat="22.5395356" lon="113.9354286"><ele>12.8</ele><time>2023-08-21T23:35:42Z</time></trkpt>
      <trkpt lat="22.5395139" lon="113.9354325"><ele>12.8</ele><time>2023-08-21T23:35:43Z</time></trkpt>
      <trkpt lat="22.5394913" lon="113.9354373"><ele>12.7</ele><time>2023-08-21T23:35:44Z</time></trkpt>
      <trkpt lat="22.5394692" lon="113.9354403"><ele>12.7</ele><time>2023-08-21T23:35:45Z</time></trkpt>
      <trkpt lat="22.5394489" lon="113.9354408"><ele>12.7</ele><time>2023-08-21T23:35:46Z</time></trkpt>
      <trkpt lat="22.5394295" lon="113.9354420"><ele>12.6</ele><time>2023-08-21T23:35:47Z</time></trkpt>
      <trkpt lat="22.5394107" lon="113.9354440"><ele>12.6</ele><time>2023-08-21T23:35:48Z</time></trkpt>
      <trkpt lat="22.5393924" lon="113.9354452"><ele>12.6</ele><time>2023-08-21T23:35:49Z</time></trkpt>
      <trkpt lat="22.5393740" lon="113.9354466"><ele>12.6</ele><time>2023-08-21T23:35:50Z</time></trkpt>
      <trkpt lat="22.5393552" lon="113.9354483"><ele>12.5</ele><time>2023-08-21T23:35:51Z</time></trkpt>
      <trkpt lat="22.5393366" lon="113.9354494"><ele>12.5</ele><time>2023-08-21T23:35:52Z</time></trkpt>
      <trkpt lat="22.5393185" lon="113.9354507"><ele>12.5</ele><time>2023-08-21T23:35:53Z</time></trkpt>
      <trkpt lat="22.5393005" lon="113.9354524"><ele>12.4</ele><time>2023-08-21T23:35:54Z</time></trkpt>
      <trkpt lat="22.5392825" lon="113.9354540"><ele>12.4</ele><time>2023-08-21T23:35:55Z</time></trkpt>
      <trkpt lat="22.5392646" lon="113.9354551"><ele>12.4</ele><time>2023-08-21T23:35:56Z</time></trkpt>
      <trkpt lat="22.5392469" lon="113.9354549"><ele>12.4</ele><time>2023-08-21T23:35:57Z</time></trkpt>
      <trkpt lat="22.5392293" lon="113.9354539"><ele>12.4</ele><time>2023-08-21T23:35:58Z</time></trkpt>
      <trkpt lat="22.5392114" lon="113.9354539"><ele>12.3</ele><time>2023-08-21T23:35:59Z</time></trkpt>
      <trkpt lat="22.5391934" lon="113.9354547"><ele>12.3</ele><time>2023-08-21T23:36:00Z</time></trkpt>
      <trkpt lat="22.5391757" lon="113.9354561"><ele>12.3</ele><time>2023-08-21T23:36:01Z</time></trkpt>
      <trkpt lat="22.5391583" lon="113.9354577"><ele>12.3</ele><time>2023-08-21T23:36:02Z</time></trkpt>
      <trkpt lat="22.5391411" lon="113.9354584"><ele>12.3</ele><time>2023-08-21T23:36:03Z</time></trkpt>
      <trkpt lat="22.5391243" lon="113.9354569"><ele>12.3</ele><time>2023-08-21T23:36:04Z</time></trkpt>
      <trkpt lat="22.5391075" lon="113.9354549"><ele>12.3</ele><time>2023-08-21T23:36:05Z</time></trkpt>
      <trkpt lat="22.5390903" lon="113.9354546"><ele>12.3</ele><time>2023-08-21T23:36:06Z</time></trkpt>
      <trkpt lat="22.5390731" lon="113.9354548"><ele>12.3</ele><time>2023-08-21T23:36:07Z</time></trkpt>
      <trkpt lat="22.5390561" lon="113.9354542"><ele>12.3</ele><time>2023-08-21T23:36:08Z</time></trkpt>
      <trkpt lat="22.5390388" lon="113.9354533"><ele>12.3</ele><time>2023-08-21T23:36:09Z</time></trkpt>
      <trkpt lat="22.5390216" lon="113.9354535"><ele>12.4</ele><time>2023-08-21T23:36:10Z</time></trkpt>
      <trkpt lat="22.5390046" lon="113.9354538"><ele>12.4</ele><time>2023-08-21T23:36:11Z</time></trkpt>
      <trkpt lat="22.5389878" lon="113.9354529"><ele>12.4</ele><time>2023-08-21T23:36:12Z</time></trkpt>
      <trkpt lat="22.5389709" lon="113.9354527"><ele>12.5</ele><time>2023-08-21T23:36:13Z</time></trkpt>
      <trkpt lat="22.5389539" lon="113.9354539"><ele>12.5</ele><time>2023-08-21T23:36:14Z</time></trkpt>
      <trkpt lat="22.5389366" lon="113.9354547"><ele>12.5</ele><time>2023-08-21T23:36:15Z</time></trkpt>
      <trkpt lat="22.5389195" lon="113.9354541"><ele>12.6</ele><time>2023-08-21T23:36:16Z</time></trkpt>
      <trkpt lat="22.5389026" lon="113.9354522"><ele>12.6</ele><time>2023-08-21T23:36:17Z</time></trkpt>
      <trkpt lat="22.5388860" lon="113.9354502"><ele>12.7</ele><time>2023-08-21T23:36:18Z</time></trkpt>
      <trkpt lat="22.5388694" lon="113.9354493"><ele>12.7</ele><time>2023-08-21T23:36:19Z</time></trkpt>
      <trkpt lat="22.5388531" lon="113.9354495"><ele>12.8</ele><time>2023-08-21T23:36:20Z</time></trkpt>
      <trkpt lat="22.5388369" lon="113.9354492"><ele>12.8</ele><time>2023-08-21T23:36:21Z</time></trkpt>
      <trkpt lat="22.5388206" lon="113.9354495"><ele>12.9</ele><time>2023-08-21T23:36:22Z</time></trkpt>
      <trkpt lat="22.5388043" lon="113.9354514"><ele>12.9</ele><time>2023-08-21T23:36:23Z</time></trkpt>
      <trkpt lat="22.5387878" lon="113.9354527"><ele>13.0</ele><time>2023-08-21T23:36:24Z</time></trkpt>
      <trkpt lat="22.5387713" lon="113.9354535"><ele>13.0</ele><time>2023-08-21T23:36:25Z</time></trkpt>
      <trkpt lat="22.5387552" lon="113.9354554"><ele>13.1</ele><time>2023-08-21T23:36:26Z</time></trkpt>
      <trkpt lat="22.5387392" lon="113.9354582"><ele>13.1</ele><time>2023-08-21T23:36:27Z</time></trkpt>
      <trkpt lat="22.5387233" lon="113.9354616"><ele>13.2</ele><time>2023-08-21T23:36:28Z</time></trkpt>
      <trkpt lat="22.5387074" lon="113.9354654"><ele>13.2</ele><time>2023-08-21T23:36:29Z</time></trkpt>
      <trkpt lat="22.5386914" lon="113.9354699"><ele>13.3</ele><time>2023-08-21T23:36:30Z</time></trkpt>
      <trkpt lat="22.5386753" lon="113.9354752"><ele>13.4</ele><time>2023-08-21T23:36:31Z</time></trkpt>
      <trkpt lat="22.5386593" lon="113.9354813"><ele>13.4</ele><time>2023-08-21T23:36:32Z</time></trkpt>
      <trkpt lat="22.5386430" lon="113.9354873"><ele>13.5</ele><time>2023-08-21T23:36:33Z</time></trkpt>
      <trkpt lat="22.5386270" lon="113.9354937"><ele>13.5</ele><time>2023-08-21T23:36:34Z</time></trkpt>
      <trkpt lat="22.5386120" lon="113.9355014"><ele>13.6</ele><time>2023-08-21T23:36:35Z</time></trkpt>
      <trkpt lat="22.5385978" lon="113.9355096"><ele>13.6</ele><time>2023-08-21T23:36:36Z</time></trkpt>
      <trkpt lat="22.5385838" lon="113.9355181"><ele>13.7</ele><time>2023-08-21T23:36:37Z</time></trkpt>
      <trkpt lat="22.5385701" lon="113.9355273"><ele>13.7</ele><time>2023-08-21T23:36:38Z</time></trkpt>
      <trkpt lat="22.5385567" lon="113.9355364"><ele>13.7</ele><time>2023-08-21T23:36:39Z</time></trkpt>
      <trkpt lat="22.5385434" lon="113.9355455"><ele>13.8</ele><time>2023-08-21T23:36:40Z</time></trkpt>
      <trkpt lat="22.5385300" lon="113.9355545"><ele>13.8</ele><time>2023-08-21T23:36:41Z</time></trkpt>
      <trkpt lat="22.5385168" lon="113.9355639"><ele>13.8</ele><time>2023-08-21T23:36:42Z</time></trkpt>
      <trkpt lat="22.5385045" lon="113.9355745"><ele>13.9</ele><time>2023-08-21T23:36:43Z</time></trkpt>
      <trkpt lat="22.5384927" lon="113.9355859"><ele>13.9</ele><time>2023-08-21T23:36:44Z</time></trkpt>
      <trkpt lat="22.5384807" lon="113.9355969"><ele>13.9</ele><time>2023-08-21T23:36:45Z</time></trkpt>
      <trkpt lat="22.5384690" lon="113.9356078"><ele>13.9</ele><time>2023-08-21T23:36:46Z</time></trkpt>
      <trkpt lat="22.5384578" lon="113.9356194"><ele>13.9</ele><time>2023-08-21T23:36:47Z</time></trkpt>
      <trkpt lat="22.5384473" lon="113.9356315"><ele>13.9</ele><time>2023-08-21T23:36:48Z</time></trkpt>
      <trkpt lat="22.5384373" lon="113.9356442"><ele>13.9</ele><time>2023-08-21T23:36:49Z</time></trkpt>
      <trkpt lat="22.5384276" lon="113.9356569"><ele>13.9</ele><time>2023-08-21T23:36:50Z</time></trkpt>
      <trkpt lat="22.5384179" lon="113.9356696"><ele>13.9</ele><time>2023-08-21T23:36:51Z</time></trkpt>
      <trkpt lat="22.5384085" lon="113.9356825"><ele>13.9</ele><time>2023-08-21T23:36:52Z</time></trkpt>
      <trkpt lat="22.5384006" lon="113.9356966"><ele>13.9</ele><time>2023-08-21T23:36:53Z</time></trkpt>
      <trkpt lat="22.5383936" lon="113.9357115"><ele>13.9</ele><time>2023-08-21T23:36:54Z</time></trkpt>
      <trkpt lat="22.5383865" lon="113.9357263"><ele>13.9</ele><time>2023-08-21T23:36:55Z</time></trkpt>
      <trkpt lat="22.5383794" lon="113.9357410"><ele>13.9</ele><time>2023-08-21T23:36:56Z</time></trkpt>
      <trkpt lat="22.5383715" lon="113.9357552"><ele>13.8</ele><time>2023-08-21T23:36:57Z</time></trkpt>
      <trkpt lat="22.5383634" lon="113.9357691"><ele>13.8</ele><time>2023-08-21T23:36:58Z</time></trkpt>
      <trkpt lat="22.5383570" lon="113.9357841"><ele>13.8</ele><time>2023-08-21T23:36:59Z</time></trkpt>
      <trkpt lat="22.5383521" lon="113.9358000"><ele>13.8</ele><time>2023-08-21T23:37:00Z</time></trkpt>
      <trkpt lat="22.5383474" lon="113.9358161"><ele>13.8</ele><time>2023-08-21T23:37:01Z</time></trkpt>
      <trkpt lat="22.5383428" lon="113.9358321"><ele>13.7</ele><time>2023-08-21T23:37:02Z</time></trkpt>
      <trkpt lat="22.5383393" lon="113.9358483"><ele>13.7</ele><time>2023-08-21T23:37:03Z</time></trkpt>
      <trkpt lat="22.5383368" lon="113.9358647"><ele>13.7</ele><time>2023-08-21T23:37:04Z</time></trkpt>
      <trkpt lat="22.5383347" lon="113.9358812"><ele>13.7</ele><time>2023-08-21T23:37:05Z</time></trkpt>
      <trkpt lat="22.5383333" lon="113.9358979"><ele>13.7</ele><time>2023-08-21T23:37:06Z</time></trkpt>
      <trkpt lat="22.5383327" lon="113.9359148"><ele>13.6</ele><time>2023-08-21T23:37:07Z</time></trkpt>
      <trkpt lat="22.5383326" lon="113.9359316"><ele>13.6</ele><time>2023-08-21T23:37:08Z</time></trkpt>
      <trkpt lat="22.5383332" lon="113.9359484"><ele>13.6</ele><time>2023-08-21T23:37:09Z</time></trkpt>
      <trkpt lat="22.5383345" lon="113.9359651"><ele>13.6</ele><time>2023-08-21T23:37:10Z</time></trkpt>
      <trkpt lat="22.5383365" lon="113.9359818"><ele>13.5</ele><time>2023-08-21T23:37:11Z</time></trkpt>
      <trkpt lat="22.5383392" lon="113.9359985"><ele>13.5</ele><time>2023-08-21T23:37:12Z</time></trkpt>
      <trkpt lat="22.5383422" lon="113.9360152"><ele>13.5</ele><time>2023-08-21T23:37:13Z</time></trkpt>
      <trkpt lat="22.5383455" lon="113.9360317"><ele>13.4</ele><time>2023-08-21T23:37:14Z</time></trkpt>
      <trkpt lat="22.5383497" lon="113.9360480"><ele>13.4</ele><time>2023-08-21T23:37:15Z</time></trkpt>
      <trkpt lat="22.5383551" lon="113.9360640"><ele>13.3</ele><time>2023-08-21T23:37:16Z</time></trkpt>
      <trkpt lat="22.5383610" lon="113.9360796"><ele>13.3</ele><time>2023-08-21T23:37:17Z</time></trkpt>
      <trkpt lat="22.5383676" lon="113.9360947"><ele>13.3</ele><time>2023-08-21T23:37:18Z</time></trkpt>
      <trkpt lat="22.5383750" lon="113.9361096"><ele>13.2</ele><time>2023-08-21T23:37:19Z</time></trkpt>
      <trkpt lat="22.5383828" lon="113.9361242"><ele>13.2</ele><time>2023-08-21T23:37:20Z</time></trkpt>
      <trkpt lat="22.5383911" lon="113.9361387"><ele>13.1</ele><time>2023-08-21T23:37:21Z</time></trkpt>
      <trkpt lat="22.5383996" lon="113.9361530"><ele>13.1</ele><time>2023-08-21T23:37:22Z</time></trkpt>
      <trkpt lat="22.5384082" lon="113.9361672"><ele>13.1</ele><time>2023-08-21T23:37:23Z</time></trkpt>
      <trkpt lat="22.5384171" lon="113.9361811"><ele>13.0</ele><time>2023-08-21T23:37:24Z</time></trkpt>
      <trkpt lat="22.5384263" lon="113.9361948"><ele>13.0</ele><time>2023-08-21T23:37:25Z</time></trkpt>
      <trkpt lat="22.5384351" lon="113.9362086"><ele>12.9</ele><time>2023-08-21T23:37:26Z</time></trkpt>
      <trkpt lat="22.5384444" lon="113.9362221"><ele>12.9</ele><time>2023-08-21T23:37:27Z</time></trkpt>
      <trkpt lat="22.5384550" lon="113.9362346"><ele>12.9</ele><time>2023-08-21T23:37:28Z</time></trkpt>
      <trkpt lat="22.5384661" lon="113.9362467"><ele>12.8</ele><time>2023-08-21T23:37:29Z</time></trkpt>
      <trkpt lat="22.5384770" lon="113.9362587"><ele>12.8</ele><time>2023-08-21T23:37:30Z</time></trkpt>
      <trkpt lat="22.5384885" lon="113.9362703"><ele>12.7</ele><time>2023-08-21T23:37:31Z</time></trkpt>
      <trkpt lat="22.5385006" lon="113.9362811"><ele>12.7</ele><time>2023-08-21T23:37:32Z</time></trkpt>
      <trkpt lat="22.5385132" lon="113.9362912"><ele>12.7</ele><time>2023-08-21T23:37:33Z</time></trkpt>
      <trkpt lat="22.5385261" lon="113.9363007"><ele>12.7</ele><time>2023-08-21T23:37:34Z</time></trkpt>
      <trkpt lat="22.5385395" lon="113.9363094"><ele>12.6</ele><time>2023-08-21T23:37:35Z</time></trkpt>
      <trkpt lat="22.5385534" lon="113.9363173"><ele>12.6</ele><time>2023-08-21T23:37:36Z</time></trkpt>
      <trkpt lat="22.5385674" lon="113.9363247"><ele>12.6</ele><time>2023-08-21T23:37:37Z</time></trkpt>
      <trkpt lat="22.5385817" lon="113.9363317"><ele>12.6</ele><time>2023-08-21T23:37:38Z</time></trkpt>
      <trkpt lat="22.5385961" lon="113.9363383"><ele>12.5</ele><time>2023-08-21T23:37:39Z</time></trkpt>
      <trkpt lat="22.5386105" lon="113.9363445"><ele>12.5</ele><time>2023-08-21T23:37:40Z</time></trkpt>
      <trkpt lat="22.5386247" lon="113.9363512"><ele>12.5</ele><time>2023-08-21T23:37:41Z</time></trkpt>
      <trkpt lat="22.5386388" lon="113.9363578"><ele>12.5</ele><time>2023-08-21T23:37:42Z</time></trkpt>
      <trkpt lat="22.5386527" lon="113.9363644"><ele>12.5</ele><time>2023-08-21T23:37:43Z</time></trkpt>
      <trkpt lat="22.5386669" lon="113.9363703"><ele>12.5</ele><time>2023-08-21T23:37:44Z</time></trkpt>
      <trkpt lat="22.5386817" lon="113.9363745"><ele>12.5</ele><time>2023-08-21T23:37:45Z</time></trkpt>
      <trkpt lat="22.5386972" lon="113.9363783"><ele>12.5</ele><time>2023-08-21T23:37:46Z</time></trkpt>
      <trkpt lat="22.5387133" lon="113.9363824"><ele>12.5</ele><time>2023-08-21T23:37:47Z</time></trkpt>
      <trkpt lat="22.5387299" lon="113.9363864"><ele>12.5</ele><time>2023-08-21T23:37:48Z</time></trkpt>
      <trkpt lat="22.5387467" lon="113.9363895"><ele>12.5</ele><time>2023-08-21T23:37:49Z</time></trkpt>
      <trkpt lat="22.5387634" lon="113.9363918"><ele>12.5</ele><time>2023-08-21T23:37:50Z</time></trkpt>
      <trkpt lat="22.5387795" lon="113.9363937"><ele>12.5</ele><time>2023-08-21T23:37:51Z</time></trkpt>
      <trkpt lat="22.5387951" lon="113.9363940"><ele>12.5</ele><time>2023-08-21T23:37:52Z</time></trkpt>
      <trkpt lat="22.5388105" lon="113.9363931"><ele>12.5</ele><time>2023-08-21T23:37:53Z</time></trkpt>
      <trkpt lat="22.5388258" lon="113.9363919"><ele>12.5</ele><time>2023-08-21T23:37:54Z</time></trkpt>
      <trkpt lat="22.5388411" lon="113.9363905"><ele>12.5</ele><time>2023-08-21T23:37:55Z</time></trkpt>
      <trkpt lat="22.5388564" lon="113.9363883"><ele>12.6</ele><time>2023-08-21T23:37:56Z</time></trkpt>
      <trkpt lat="22.5388719" lon="113.9363867"><ele>12.6</ele><time>2023-08-21T23:37:57Z</time></trkpt>
      <trkpt lat="22.5388873" lon="113.9363859"><ele>12.6</ele><time>2023-08-21T23:37:58Z</time></trkpt>
      <trkpt lat="22.5389026" lon="113.9363858"><ele>12.7</ele><time>2023-08-21T23:37:59Z</time></trkpt>
      <trkpt lat="22.5389179" lon="113.9363863"><ele>12.7</ele><time>2023-08-21T23:38:00Z</time></trkpt>
      <trkpt lat="22.5389331" lon="113.9363860"><ele>12.7</ele><time>2023-08-21T23:38:01Z</time></trkpt>
      <trkpt lat="22.5389485" lon="113.9363845"><ele>12.8</ele><time>2023-08-21T23:38:02Z</time></trkpt>
      <trkpt lat="22.5389638" lon="113.9363829"><ele>12.8</ele><time>2023-08-21T23:38:03Z</time></trkpt>
      <trkpt lat="22.5389791" lon="113.9363822"><ele>12.9</ele><time>2023-08-21T23:38:04Z</time></trkpt>
      <trkpt lat="22.5389944" lon="113.9363825"><ele>12.9</ele><time>2023-08-21T23:38:05Z</time></trkpt>
      <trkpt lat="22.5390097" lon="113.9363822"><ele>13.0</ele><time>2023-08-21T23:38:06Z</time></trkpt>
      <trkpt lat="22.5390249" lon="113.9363811"><ele>13.0</ele><time>2023-08-21T23:38:07Z</time></trkpt>
      <trkpt lat="22.5390403" lon="113.9363795"><ele>13.1</ele><time>2023-08-21T23:38:08Z</time></trkpt>
      <trkpt lat="22.5390558" lon="113.9363781"><ele>13.2</ele><time>2023-08-21T23:38:09Z</time></trkpt>
      <trkpt lat="22.5390715" lon="113.9363772"><ele>13.2</ele><time>2023-08-21T23:38:10Z</time></trkpt>
    </trkseg>
  </trk>
  <extensions>
    <distance>5185.16</distance>
    <moving_time>2935.61</moving_time>
    <elapsed_time>3833.18</elapsed_time>
    <average_speed>1.77</average_speed>
    <start_time>2023-08-21T22:36:13Z</start_time>
    <end_time>2023-08-21T23:40:06Z</end_time>
    <average_hr>138.80</average_hr>
  </extensions>
</gpx>
