<?xml version="1.0" encoding="UTF-8"?>
<gpx version="1.1" creator="RunSync" xmlns="http://www.topografix.com/GPX/1/1">
  <metadata><time>2023-08-04T22:22:22Z</time></metadata>
  <trk>
    <name>跑步</name>
    <type>running</type>
    <trkseg>
      <trkpt lat="22.5325524" lon="113.9321224"><ele>11.0</ele><time>2023-08-04T22:24:10Z</time></trkpt>
      <trkpt lat="22.5325689" lon="113.9321321"><ele>10.9</ele><time>2023-08-04T22:24:11Z</time></trkpt>
      <trkpt lat="22.5325854" lon="113.9321414"><ele>10.9</ele><time>2023-08-04T22:24:12Z</time></trkpt>
      <trkpt lat="22.5326014" lon="113.9321506"><ele>10.9</ele><time>2023-08-04T22:24:13Z</time></trkpt>
      <trkpt lat="22.5326171" lon="113.9321597"><ele>10.8</ele><time>2023-08-04T22:24:14Z</time></trkpt>
      <trkpt lat="22.5326334" lon="113.9321678"><ele>10.8</ele><time>2023-08-04T22:24:15Z</time></trkpt>
      <trkpt lat="22.5326505" lon="113.9321750"><ele>10.8</ele><time>2023-08-04T22:24:16Z</time></trkpt>
      <trkpt lat="22.5326679" lon="113.9321814"><ele>10.7</ele><time>2023-08-04T22:24:17Z</time></trkpt>
      <trkpt lat="22.5326856" lon="113.9321874"><ele>10.7</ele><time>2023-08-04T22:24:18Z</time></trkpt>
      <trkpt lat="22.5327033" lon="113.9321936"><ele>10.6</ele><time>2023-08-04T22:24:19Z</time></trkpt>
      <trkpt lat="22.5327210" lon="113.9321998"><ele>10.6</ele><time>2023-08-04T22:24:20Z</time></trkpt>
      <trkpt lat="22.5327389" lon="113.9322054"><ele>10.5</ele><time>2023-08-04T22:24:21Z</time></trkpt>
      <trkpt lat="22.5327568" lon="113.9322112"><ele>10.4</ele><time>2023-08-04T22:24:22Z</time></trkpt>
      <trkpt lat="22.5327743" lon="113.9322183"><ele>10.4</ele><time>2023-08-04T22:24:23Z</time></trkpt>
      <trkpt lat="22.5327910" lon="113.9322273"><ele>10.3</ele><time>2023-08-04T22:24:24Z</time></trkpt>
      <trkpt lat="22.5328072" lon="113.9322378"><ele>10.2</ele><time>2023-08-04T22:24:25Z</time></trkpt>
      <trkpt lat="22.5328234" lon="113.9322485"><ele>10.0</ele><time>2023-08-04T22:24:26Z</time></trkpt>
      <trkpt lat="22.5328395" lon="113.9322590"><ele>9.9</ele><time>2023-08-04T22:24:27Z</time></trkpt>
      <trkpt lat="22.5328558" lon="113.9322691"><ele>9.8</ele><time>2023-08-04T22:24:28Z</time></trkpt>
      <trkpt lat="22.5328717" lon="113.9322801"><ele>9.7</ele><time>2023-08-04T22:24:29Z</time></trkpt>
      <trkpt lat="22.5328864" lon="113.9322929"><ele>9.5</ele><time>2023-08-04T22:24:30Z</time></trkpt>
      <trkpt lat="22.5329013" lon="113.9323065"><ele>9.3</ele><time>2023-08-04T22:24:31Z</time></trkpt>
      <trkpt lat="22.5329170" lon="113.9323193"><ele>9.2</ele><time>2023-08-04T22:24:32Z</time></trkpt>
      <trkpt lat="22.5329330" lon="113.9323311"><ele>9.0</ele><time>2023-08-04T22:24:33Z</time></trkpt>
      <trkpt lat="22.5329487" lon="113.9323428"><ele>8.8</ele><time>2023-08-04T22:24:34Z</time></trkpt>
      <trkpt lat="22.5329638" lon="113.9323553"><ele>8.6</ele><time>2023-08-04T22:24:35Z</time></trkpt>
      <trkpt lat="22.5329787" lon="113.9323684"><ele>8.4</ele><time>2023-08-04T22:24:36Z</time></trkpt>
      <trkpt lat="22.5329939" lon="113.9323817"><ele>8.2</ele><time>2023-08-04T22:24:37Z</time></trkpt>
      <trkpt lat="22.5330092" lon="113.9323954"><ele>8.0</ele><time>2023-08-04T22:24:38Z</time></trkpt>
      <trkpt lat="22.5330244" lon="113.9324096"><ele>7.8</ele><time>2023-08-04T22:24:39Z</time></trkpt>
      <trkpt lat="22.5330401" lon="113.9324231"><ele>7.6</ele><time>2023-08-04T22:24:40Z</time></trkpt>
      <trkpt lat="22.5330568" lon="113.9324354"><ele>7.4</ele><time>2023-08-04T22:24:41Z</time></trkpt>
      <trkpt lat="22.5330737" lon="113.9324469"><ele>7.2</ele><time>2023-08-04T22:24:42Z</time></trkpt>
      <trkpt lat="22.5330902" lon="113.9324587"><ele>7.0</ele><time>2023-08-04T22:24:43Z</time></trkpt>
      <trkpt lat="22.5331065" lon="113.9324710"><ele>6.8</ele><time>2023-08-04T22:24:44Z</time></trkpt>
      <trkpt lat="22.5331230" lon="113.9324829"><ele>6.6</ele><time>2023-08-04T22:24:45Z</time></trkpt>
      <trkpt lat="22.5331395" lon="113.9324941"><ele>6.4</ele><time>2023-08-04T22:24:46Z</time></trkpt>
      <trkpt lat="22.5331557" lon="113.9325057"><ele>6.3</ele><time>2023-08-04T22:24:47Z</time></trkpt>
      <trkpt lat="22.5331719" lon="113.9325172"><ele>6.1</ele><time>2023-08-04T22:24:48Z</time></trkpt>
      <trkpt lat="22.5331884" lon="113.9325278"><ele>6.0</ele><time>2023-08-04T22:24:49Z</time></trkpt>
      <trkpt lat="22.5332049" lon="113.9325384"><ele>5.9</ele><time>2023-08-04T22:24:50Z</time></trkpt>
      <trkpt lat="22.5332213" lon="113.9325495"><ele>5.8</ele><time>2023-08-04T22:24:51Z</time></trkpt>
      <trkpt lat="22.5332377" lon="113.9325604"><ele>5.7</ele><time>2023-08-04T22:24:52Z</time></trkpt>
      <trkpt lat="22.5332541" lon="113.9325708"><ele>5.6</ele><time>2023-08-04T22:24:53Z</time></trkpt>
      <trkpt lat="22.5332703" lon="113.9325810"><ele>5.6</ele><time>2023-08-04T22:24:54Z</time></trkpt>
      <trkpt lat="22.5332866" lon="113.9325908"><ele>5.5</ele><time>2023-08-04T22:24:55Z</time></trkpt>
      <trkpt lat="22.5333029" lon="113.9326006"><ele>5.5</ele><time>2023-08-04T22:24:56Z</time></trkpt>
      <trkpt lat="22.5333193" lon="113.9326104"><ele>5.5</ele><time>2023-08-04T22:24:57Z</time></trkpt>
      <trkpt lat="22.5333355" lon="113.9326202"><ele>5.4</ele><time>2023-08-04T22:24:58Z</time></trkpt>
      <trkpt lat="22.5333516" lon="113.9326301"><ele>5.4</ele><time>2023-08-04T22:24:59Z</time></trkpt>
      <trkpt lat="22.5333677" lon="113.9326396"><ele>5.5</ele><time>2023-08-04T22:25:00Z</time></trkpt>
      <trkpt lat="22.5333834" lon="113.9326494"><ele>5.5</ele><time>2023-08-04T22:25:01Z</time></trkpt>
      <trkpt lat="22.5333991" lon="113.9326591"><ele>5.5</ele><time>2023-08-04T22:25:02Z</time></trkpt>
      <trkpt lat="22.5334154" lon="113.9326681"><ele>5.5</ele><time>2023-08-04T22:25:03Z</time></trkpt>
      <trkpt lat="22.5334316" lon="113.9326773"><ele>5.6</ele><time>2023-08-04T22:25:04Z</time></trkpt>
      <trkpt lat="22.5334477" lon="113.9326865"><ele>5.6</ele><time>2023-08-04T22:25:05Z</time></trkpt>
      <trkpt lat="22.5334641" lon="113.9326951"><ele>5.7</ele><time>2023-08-04T22:25:06Z</time></trkpt>
      <trkpt lat="22.5334803" lon="113.9327038"><ele>5.8</ele><time>2023-08-04T22:25:07Z</time></trkpt>
      <trkpt lat="22.5334960" lon="113.9327134"><ele>5.8</ele><time>2023-08-04T22:25:08Z</time></trkpt>
      <trkpt lat="22.5335112" lon="113.9327237"><ele>5.9</ele><time>2023-08-04T22:25:08Z</time></trkpt>
      <trkpt lat="22.5335263" lon="113.9327340"><ele>6.0</ele><time>2023-08-04T22:25:09Z</time></trkpt>
      <trkpt lat="22.5335417" lon="113.9327437"><ele>6.1</ele><time>2023-08-04T22:25:10Z</time></trkpt>
      <trkpt lat="22.5335573" lon="113.9327533"><ele>6.2</ele><time>2023-08-04T22:25:11Z</time></trkpt>
      <trkpt lat="22.5335728" lon="113.9327632"><ele>6.3</ele><time>2023-08-04T22:25:12Z</time></trkpt>
      <trkpt lat="22.5335884" lon="113.9327729"><ele>6.4</ele><time>2023-08-04T22:25:13Z</time></trkpt>
      <trkpt lat="22.5336041" lon="113.9327826"><ele>6.5</ele><time>2023-08-04T22:25:14Z</time></trkpt>
      <trkpt lat="22.5336194" lon="113.9327929"><ele>6.6</ele><time>2023-08-04T22:25:15Z</time></trkpt>
      <trkpt lat="22.5336339" lon="113.9328039"><ele>6.7</ele><time>2023-08-04T22:25:16Z</time></trkpt>
      <trkpt lat="22.5336482" lon="113.9328153"><ele>6.8</ele><time>2023-08-04T22:25:17Z</time></trkpt>
      <trkpt lat="22.5336633" lon="113.9328259"><ele>6.9</ele><time>2023-08-04T22:25:18Z</time></trkpt>
      <trkpt lat="22.5336790" lon="113.9328351"><ele>7.1</ele><time>2023-08-04T22:25:19Z</time></trkpt>
      <trkpt lat="22.5336948" lon="113.9328442"><ele>7.2</ele><time>2023-08-04T22:25:20Z</time></trkpt>
      <trkpt lat="22.5337106" lon="113.9328532"><ele>7.3</ele><time>2023-08-04T22:25:21Z</time></trkpt>
      <trkpt lat="22.5337267" lon="113.9328615"><ele>7.4</ele><time>2023-08-04T22:25:22Z</time></trkpt>
      <trkpt lat="22.5337425" lon="113.9328697"><ele>7.5</ele><time>2023-08-04T22:25:23Z</time></trkpt>
      <trkpt lat="22.5337583" lon="113.9328782"><ele>7.6</ele><time>2023-08-04T22:25:24Z</time></trkpt>
      <trkpt lat="22.5337737" lon="113.9328873"><ele>7.8</ele><time>2023-08-04T22:25:25Z</time></trkpt>
      <trkpt lat="22.5337892" lon="113.9328963"><ele>7.9</ele><time>2023-08-04T22:25:26Z</time></trkpt>
      <trkpt lat="22.5338053" lon="113.9329044"><ele>8.0</ele><time>2023-08-04T22:25:27Z</time></trkpt>
      <trkpt lat="22.5338210" lon="113.9329126"><ele>8.1</ele><time>2023-08-04T22:25:28Z</time></trkpt>
      <trkpt lat="22.5338360" lon="113.9329215"><ele>8.2</ele><time>2023-08-04T22:25:29Z</time></trkpt>
      <trkpt lat="22.5338508" lon="113.9329309"><ele>8.3</ele><time>2023-08-04T22:25:30Z</time></trkpt>
      <trkpt lat="22.5338655" lon="113.9329406"><ele>8.5</ele><time>2023-08-04T22:25:31Z</time></trkpt>
      <trkpt lat="22.5338799" lon="113.9329505"><ele>8.6</ele><time>2023-08-04T22:25:32Z</time></trkpt>
      <trkpt lat="22.5338945" lon="113.9329609"><ele>8.7</ele><time>2023-08-04T22:25:33Z</time></trkpt>
      <trkpt lat="22.5339091" lon="113.9329719"><ele>8.8</ele><time>2023-08-04T22:25:34Z</time></trkpt>
      <trkpt lat="22.5339236" lon="113.9329828"><ele>8.9</ele><time>2023-08-04T22:25:35Z</time></trkpt>
      <trkpt lat="22.5339383" lon="113.9329930"><ele>9.0</ele><time>2023-08-04T22:25:36Z</time></trkpt>
      <trkpt lat="22.5339531" lon="113.9330031"><ele>9.1</ele><time>2023-08-04T22:25:37Z</time></trkpt>
      <trkpt lat="22.5339676" lon="113.9330136"><ele>9.2</ele><time>2023-08-04T22:25:38Z</time></trkpt>
      <trkpt lat="22.5339816" lon="113.9330245"><ele>9.3</ele><time>2023-08-04T22:25:39Z</time></trkpt>
      <trkpt lat="22.5339953" lon="113.9330353"><ele>9.4</ele><time>2023-08-04T22:25:40Z</time></trkpt>
      <trkpt lat="22.5340088" lon="113.9330463"><ele>9.5</ele><time>2023-08-04T22:25:41Z</time></trkpt>
      <trkpt lat="22.5340223" lon="113.9330574"><ele>9.6</ele><time>2023-08-04T22:25:42Z</time></trkpt>
      <trkpt lat="22.5340363" lon="113.9330681"><ele>9.7</ele><time>2023-08-04T22:25:43Z</time></trkpt>
      <trkpt lat="22.5340505" lon="113.9330787"><ele>9.9</ele><time>2023-08-04T22:25:44Z</time></trkpt>
      <trkpt lat="22.5340642" lon="113.9330900"><ele>10.0</ele><time>2023-08-04T22:25:45Z</time></trkpt>
      <trkpt lat="22.5340771" lon="113.9331022"><ele>10.1</ele><time>2023-08-04T22:25:46Z</time></trkpt>
      <trkpt lat="22.5340897" lon="113.9331146"><ele>10.2</ele><time>2023-08-04T22:25:47Z</time></trkpt>
      <trkpt lat="22.5341024" lon="113.9331263"><ele>10.3</ele><time>2023-08-04T22:25:48Z</time></trkpt>
      <trkpt lat="22.5341152" lon="113.9331379"><ele>10.4</ele><time>2023-08-04T22:25:49Z</time></trkpt>
      <trkpt lat="22.5341286" lon="113.9331493"><ele>10.5</ele><time>2023-08-04T22:25:50Z</time></trkpt>
      <trkpt lat="22.5341427" lon="113.9331603"><ele>10.6</ele><time>2023-08-04T22:25:51Z</time></trkpt>
      <trkpt lat="22.5341567" lon="113.9331716"><ele>10.7</ele><time>2023-08-04T22:25:52Z</time></trkpt>
      <trkpt lat="22.5341705" lon="113.9331832"><ele>10.8</ele><time>2023-08-04T22:25:53Z</time></trkpt>
      <trkpt lat="22.5341843" lon="113.9331947"><ele>10.9</ele><time>2023-08-04T22:25:54Z</time></trkpt>
      <trkpt lat="22.5341978" lon="113.9332062"><ele>11.0</ele><time>2023-08-04T22:25:55Z</time></trkpt>
      <trkpt lat="22.5342121" lon="113.9332170"><ele>11.1</ele><time>2023-08-04T22:25:56Z</time></trkpt>
      <trkpt lat="22.5342268" lon="113.9332271"><ele>11.2</ele><time>2023-08-04T22:25:57Z</time></trkpt>
      <trkpt lat="22.5342404" lon="113.9332376"><ele>11.3</ele><time>2023-08-04T22:25:58Z</time></trkpt>
      <trkpt lat="22.5342529" lon="113.9332491"><ele>11.4</ele><time>2023-08-04T22:25:59Z</time></trkpt>
      <trkpt lat="22.5342659" lon="113.9332606"><ele>11.5</ele><time>2023-08-04T22:26:00Z</time></trkpt>
      <trkpt lat="22.5342796" lon="113.9332713"><ele>11.6</ele><time>2023-08-04T22:26:01Z</time></trkpt>
      <trkpt lat="22.5342930" lon="113.9332820"><ele>11.6</ele><time>2023-08-04T22:26:02Z</time></trkpt>
      <trkpt lat="22.5343069" lon="113.9332930"><ele>11.7</ele><time>2023-08-04T22:26:03Z</time></trkpt>
      <trkpt lat="22.5343212" lon="113.9333039"><ele>11.8</ele><time>2023-08-04T22:26:04Z</time></trkpt>
      <trkpt lat="22.5343355" lon="113.9333146"><ele>11.8</ele><time>2023-08-04T22:26:05Z</time></trkpt>
      <trkpt lat="22.5343496" lon="113.9333253"><ele>11.9</ele><time>2023-08-04T22:26:06Z</time></trkpt>
      <trkpt lat="22.5343635" lon="113.9333362"><ele>11.9</ele><time>2023-08-04T22:26:07Z</time></trkpt>
      <trkpt lat="22.5343775" lon="113.9333471"><ele>12.0</ele><time>2023-08-04T22:26:08Z</time></trkpt>
      <trkpt lat="22.5343919" lon="113.9333577"><ele>12.0</ele><time>2023-08-04T22:26:09Z</time></trkpt>
      <trkpt lat="22.5344064" lon="113.9333683"><ele>12.1</ele><time>2023-08-04T22:26:10Z</time></trkpt>
      <trkpt lat="22.5344206" lon="113.9333790"><ele>12.1</ele><time>2023-08-04T22:26:11Z</time></trkpt>
      <trkpt lat="22.5344346" lon="113.9333897"><ele>12.1</ele><time>2023-08-04T22:26:12Z</time></trkpt>
      <trkpt lat="22.5344486" lon="113.9334009"><ele>12.2</ele><time>2023-08-04T22:26:13Z</time></trkpt>
      <trkpt lat="22.5344620" lon="113.9334128"><ele>12.2</ele><time>2023-08-04T22:26:14Z</time></trkpt>
      <trkpt lat="22.5344750" lon="113.9334249"><ele>12.2</ele><time>2023-08-04T22:26:15Z</time></trkpt>
      <trkpt lat="22.5344880" lon="113.9334370"><ele>12.2</ele><time>2023-08-04T22:26:16Z</time></trkpt>
      <trkpt lat="22.5345016" lon="113.9334486"><ele>12.3</ele><time>2023-08-04T22:26:17Z</time></trkpt>
      <trkpt lat="22.5345151" lon="113.9334602"><ele>12.3</ele><time>2023-08-04T22:26:18Z</time></trkpt>
      <trkpt lat="22.5345284" lon="113.9334722"><ele>12.3</ele><time>2023-08-04T22:26:19Z</time></trkpt>
      <trkpt lat="22.5345420" lon="113.9334837"><ele>12.3</ele><time>2023-08-04T22:26:20Z</time></trkpt>
      <trkpt lat="22.5345558" lon="113.9334952"><ele>12.3</ele><time>2023-08-04T22:26:21Z</time></trkpt>
      <trkpt lat="22.5345694" lon="113.9335067"><ele>12.3</ele><time>2023-08-04T22:26:22Z</time></trkpt>
      <trkpt lat="22.5345828" lon="113.9335185"><ele>12.3</ele><time>2023-08-04T22:26:23Z</time></trkpt>
      <trkpt lat="22.5345955" lon="113.9335313"><ele>12.3</ele><time>2023-08-04T22:26:24Z</time></trkpt>
      <trkpt lat="22.5346078" lon="113.9335446"><ele>12.4</ele><time>2023-08-04T22:26:25Z</time></trkpt>
      <trkpt lat="22.5346200" lon="113.9335582"><ele>12.4</ele><time>2023-08-04T22:26:26Z</time></trkpt>
      <trkpt lat="22.5346317" lon="113.9335722"><ele>12.4</ele><time>2023-08-04T22:26:27Z</time></trkpt>
      <trkpt lat="22.5346435" lon="113.9335865"><ele>12.4</ele><time>2023-08-04T22:26:28Z</time></trkpt>
      <trkpt lat="22.5346561" lon="113.9336001"><ele>12.4</ele><time>2023-08-04T22:26:29Z</time></trkpt>
      <trkpt lat="22.5346691" lon="113.9336130"><ele>12.4</ele><time>2023-08-04T22:26:30Z</time></trkpt>
      <trkpt lat="22.5346808" lon="113.9336265"><ele>12.4</ele><time>2023-08-04T22:26:31Z</time></trkpt>
      <trkpt lat="22.5346915" lon="113.9336411"><ele>12.5</ele><time>2023-08-04T22:26:32Z</time></trkpt>
      <trkpt lat="22.5347025" lon="113.9336561"><ele>12.5</ele><time>2023-08-04T22:26:33Z</time></trkpt>
      <trkpt lat="22.5347134" lon="113.9336715"><ele>12.5</ele><time>2023-08-04T22:26:34Z</time></trkpt>
      <trkpt lat="22.5347239" lon="113.9336870"><ele>12.5</ele><time>2023-08-04T22:26:35Z</time></trkpt>
      <trkpt lat="22.5347355" lon="113.9337015"><ele>12.6</ele><time>2023-08-04T22:26:36Z</time></trkpt>
      <trkpt lat="22.5347481" lon="113.9337154"><ele>12.6</ele><time>2023-08-04T22:26:37Z</time></trkpt>
      <trkpt lat="22.5347606" lon="113.9337299"><ele>12.6</ele><time>2023-08-04T22:26:38Z</time></trkpt>
      <trkpt lat="22.5347729" lon="113.9337449"><ele>12.7</ele><time>2023-08-04T22:26:39Z</time></trkpt>
      <trkpt lat="22.5347852" lon="113.9337596"><ele>12.7</ele><time>2023-08-04T22:26:40Z</time></trkpt>
      <trkpt lat="22.5347977" lon="113.9337739"><ele>12.8</ele><time>2023-08-04T22:26:41Z</time></trkpt>
      <trkpt lat="22.5348102" lon="113.9337883"><ele>12.8</ele><time>2023-08-04T22:26:42Z</time></trkpt>
      <trkpt lat="22.5348234" lon="113.9338023"><ele>12.9</ele><time>2023-08-04T22:26:43Z</time></trkpt>
      <trkpt lat="22.5348375" lon="113.9338150"><ele>13.0</ele><time>2023-08-04T22:26:44Z</time></trkpt>
      <trkpt lat="22.5348519" lon="113.9338270"><ele>13.0</ele><time>2023-08-04T22:26:45Z</time></trkpt>
      <trkpt lat="22.5348658" lon="113.9338396"><ele>13.1</ele><time>2023-08-04T22:26:46Z</time></trkpt>
      <trkpt lat="22.5348789" lon="113.9338531"><ele>13.2</ele><time>2023-08-04T22:26:47Z</time></trkpt>
      <trkpt lat="22.5348918" lon="113.9338674"><ele>13.2</ele><time>2023-08-04T22:26:48Z</time></trkpt>
      <trkpt lat="22.5349051" lon="113.9338815"><ele>13.3</ele><time>2023-08-04T22:26:49Z</time></trkpt>
      <trkpt lat="22.5349187" lon="113.9338951"><ele>13.4</ele><time>2023-08-04T22:26:50Z</time></trkpt>
      <trkpt lat="22.5349329" lon="113.9339080"><ele>13.4</ele><time>2023-08-04T22:26:51Z</time></trkpt>
      <trkpt lat="22.5349484" lon="113.9339194"><ele>13.5</ele><time>2023-08-04T22:26:52Z</time></trkpt>
      <trkpt lat="22.5349649" lon="113.9339300"><ele>13.6</ele><time>2023-08-04T22:26:53Z</time></trkpt>
      <trkpt lat="22.5349814" lon="113.9339402"><ele>13.6</ele><time>2023-08-04T22:26:54Z</time></trkpt>
      <trkpt lat="22.5349975" lon="113.9339503"><ele>13.7</ele><time>2023-08-04T22:26:56Z</time></trkpt>
      <trkpt lat="22.5350132" lon="113.9339611"><ele>13.7</ele><time>2023-08-04T22:26:57Z</time></trkpt>
      <trkpt lat="22.5350288" lon="113.9339718"><ele>13.8</ele><time>2023-08-04T22:26:58Z</time></trkpt>
      <trkpt lat="22.5350444" lon="113.9339817"><ele>13.9</ele><time>2023-08-04T22:26:59Z</time></trkpt>
      <trkpt lat="22.5350595" lon="113.9339912"><ele>13.9</ele><time>2023-08-04T22:27:00Z</time></trkpt>
      <trkpt lat="22.5350737" lon="113.9340006"><ele>14.0</ele><time>2023-08-04T22:27:01Z</time></trkpt>
      <trkpt lat="22.5350874" lon="113.9340094"><ele>14.0</ele><time>2023-08-04T22:27:02Z</time></trkpt>
      <trkpt lat="22.5351005" lon="113.9340176"><ele>14.0</ele><time>2023-08-04T22:27:03Z</time></trkpt>
      <trkpt lat="22.5351123" lon="113.9340258"><ele>14.1</ele><time>2023-08-04T22:27:04Z</time></trkpt>
      <trkpt lat="22.5351230" lon="113.9340339"><ele>14.1</ele><time>2023-08-04T22:27:05Z</time></trkpt>
      <trkpt lat="22.5351338" lon="113.9340422"><ele>14.2</ele><time>2023-08-04T22:27:06Z</time></trkpt>
      <trkpt lat="22.5351452" lon="113.9340513"><ele>14.2</ele><time>2023-08-04T22:27:07Z</time></trkpt>
      <trkpt lat="22.5351573" lon="113.9340614"><ele>14.2</ele><time>2023-08-04T22:27:08Z</time></trkpt>
      <trkpt lat="22.5351704" lon="113.9340727"><ele>14.3</ele><time>2023-08-04T22:27:09Z</time></trkpt>
      <trkpt lat="22.5351836" lon="113.9340857"><ele>14.3</ele><time>2023-08-04T22:27:10Z</time></trkpt>
      <trkpt lat="22.5351965" lon="113.9340992"><ele>14.3</ele><time>2023-08-04T22:27:11Z</time></trkpt>
      <trkpt lat="22.5352098" lon="113.9341121"><ele>14.3</ele><time>2023-08-04T22:27:12Z</time></trkpt>
      <trkpt lat="22.5352233" lon="113.9341244"><ele>14.4</ele><time>2023-08-04T22:27:13Z</time></trkpt>
      <trkpt lat="22.5352373" lon="113.9341363"><ele>14.4</ele><time>2023-08-04T22:27:14Z</time></trkpt>
      <trkpt lat="22.5352515" lon="113.9341478"><ele>14.4</ele><time>2023-08-04T22:27:15Z</time></trkpt>
      <trkpt lat="22.5352658" lon="113.9341593"><ele>14.4</ele><time>2023-08-04T22:27:16Z</time></trkpt>
      <trkpt lat="22.5352804" lon="113.9341706"><ele>14.4</ele><time>2023-08-04T22:27:17Z</time></trkpt>
      <trkpt lat="22.5352954" lon="113.9341814"><ele>14.5</ele><time>2023-08-04T22:27:18Z</time></trkpt>
      <trkpt lat="22.5353109" lon="113.9341915"><ele>14.5</ele><time>2023-08-04T22:27:19Z</time></trkpt>
      <trkpt lat="22.5353262" lon="113.9342017"><ele>14.5</ele><time>2023-08-04T22:27:20Z</time></trkpt>
      <trkpt lat="22.5353410" lon="113.9342123"><ele>14.5</ele><time>2023-08-04T22:27:21Z</time></trkpt>
      <trkpt lat="22.5353556" lon="113.9342229"><ele>14.5</ele><time>2023-08-04T22:27:22Z</time></trkpt>
      <trkpt lat="22.5353701" lon="113.9342333"><ele>14.6</ele><time>2023-08-04T22:27:23Z</time></trkpt>
      <trkpt lat="22.5353846" lon="113.9342438"><ele>14.6</ele><time>2023-08-04T22:27:24Z</time></trkpt>
      <trkpt lat="22.5353986" lon="113.9342545"><ele>14.6</ele><time>2023-08-04T22:27:25Z</time></trkpt>
      <trkpt lat="22.5354127" lon="113.9342654"><ele>14.6</ele><time>2023-08-04T22:27:26Z</time></trkpt>
      <trkpt lat="22.5354274" lon="113.9342754"><ele>14.6</ele><time>2023-08-04T22:27:27Z</time></trkpt>
      <trkpt lat="22.5354423" lon="113.9342848"><ele>14.7</ele><time>2023-08-04T22:27:28Z</time></trkpt>
      <trkpt lat="22.5354572" lon="113.9342938"><ele>14.7</ele><time>2023-08-04T22:27:29Z</time></trkpt>
      <trkpt lat="22.5354722" lon="113.9343021"><ele>14.7</ele><time>2023-08-04T22:27:30Z</time></trkpt>
      <trkpt lat="22.5354875" lon="113.9343096"><ele>14.8</ele><time>2023-08-04T22:27:31Z</time></trkpt>
      <trkpt lat="22.5355032" lon="113.9343166"><ele>14.8</ele><time>2023-08-04T22:27:32Z</time></trkpt>
      <trkpt lat="22.5355186" lon="113.9343237"><ele>14.9</ele><time>2023-08-04T22:27:33Z</time></trkpt>
      <trkpt lat="22.5355333" lon="113.9343317"><ele>14.9</ele><time>2023-08-04T22:27:34Z</time></trkpt>
      <trkpt lat="22.5355476" lon="113.9343404"><ele>15.0</ele><time>2023-08-04T22:27:35Z</time></trkpt>
      <trkpt lat="22.5355625" lon="113.9343485"><ele>15.0</ele><time>2023-08-04T22:27:36Z</time></trkpt>
      <trkpt lat="22.5355778" lon="113.9343559"><ele>15.1</ele><time>2023-08-04T22:27:37Z</time></trkpt>
      <trkpt lat="22.5355931" lon="113.9343632"><ele>15.2</ele><time>2023-08-04T22:27:38Z</time></trkpt>
      <trkpt lat="22.5356083" lon="113.9343706"><ele>15.2</ele><time>2023-08-04T22:27:39Z</time></trkpt>
      <trkpt lat="22.5356231" lon="113.9343783"><ele>15.3</ele><time>2023-08-04T22:27:40Z</time></trkpt>
      <trkpt lat="22.5356375" lon="113.9343868"><ele>15.4</ele><time>2023-08-04T22:27:41Z</time></trkpt>
      <trkpt lat="22.5356516" lon="113.9343955"><ele>15.5</ele><time>2023-08-04T22:27:42Z</time></trkpt>
      <trkpt lat="22.5356664" lon="113.9344036"><ele>15.6</ele><time>2023-08-04T22:27:43Z</time></trkpt>
      <trkpt lat="22.5356814" lon="113.9344112"><ele>15.7</ele><time>2023-08-04T22:27:44Z</time></trkpt>
      <trkpt lat="22.5356964" lon="113.9344187"><ele>15.8</ele><time>2023-08-04T22:27:45Z</time></trkpt>
      <trkpt lat="22.5357120" lon="113.9344251"><ele>15.9</ele><time>2023-08-04T22:27:46Z</time></trkpt>
      <trkpt lat="22.5357287" lon="113.9344296"><ele>16.0</ele><time>2023-08-04T22:27:47Z</time></trkpt>
      <trkpt lat="22.5357458" lon="113.9344328"><ele>16.1</ele><time>2023-08-04T22:27:48Z</time></trkpt>
      <trkpt lat="22.5357629" lon="113.9344358"><ele>16.2</ele><time>2023-08-04T22:27:49Z</time></trkpt>
      <trkpt lat="22.5357802" lon="113.9344386"><ele>16.3</ele><time>2023-08-04T22:27:50Z</time></trkpt>
      <trkpt lat="22.5357977" lon="113.9344410"><ele>16.4</ele><time>2023-08-04T22:27:51Z</time></trkpt>
      <trkpt lat="22.5358152" lon="113.9344432"><ele>16.6</ele><time>2023-08-04T22:27:52Z</time></trkpt>
      <trkpt lat="22.5358326" lon="113.9344455"><ele>16.7</ele><time>2023-08-04T22:27:53Z</time></trkpt>
      <trkpt lat="22.5358496" lon="113.9344483"><ele>16.8</ele><time>2023-08-04T22:27:54Z</time></trkpt>
      <trkpt lat="22.5358663" lon="113.9344521"><ele>16.9</ele><time>2023-08-04T22:27:55Z</time></trkpt>
      <trkpt lat="22.5358825" lon="113.9344574"><ele>17.0</ele><time>2023-08-04T22:27:56Z</time></trkpt>
      <trkpt lat="22.5358983" lon="113.9344637"><ele>17.1</ele><time>2023-08-04T22:27:57Z</time></trkpt>
      <trkpt lat="22.5359137" lon="113.9344709"><ele>17.2</ele><time>2023-08-04T22:27:58Z</time></trkpt>
      <trkpt lat="22.5359284" lon="113.9344793"><ele>17.4</ele><time>2023-08-04T22:27:59Z</time></trkpt>
      <trkpt lat="22.5359430" lon="113.9344884"><ele>17.5</ele><time>2023-08-04T22:28:00Z</time></trkpt>
      <trkpt lat="22.5359577" lon="113.9344971"><ele>17.6</ele><time>2023-08-04T22:28:01Z</time></trkpt>
      <trkpt lat="22.5359726" lon="113.9345051"><ele>17.7</ele><time>2023-08-04T22:28:02Z</time></trkpt>
      <trkpt lat="22.5359877" lon="113.9345124"><ele>17.8</ele><time>2023-08-04T22:28:03Z</time></trkpt>
      <trkpt lat="22.5360030" lon="113.9345191"><ele>17.9</ele><time>2023-08-04T22:28:04Z</time></trkpt>
      <trkpt lat="22.5360185" lon="113.9345255"><ele>18.0</ele><time>2023-08-04T22:28:05Z</time></trkpt>
      <trkpt lat="22.5360341" lon="113.9345318"><ele>18.1</ele><time>2023-08-04T22:28:06Z</time></trkpt>
      <trkpt lat="22.5360494" lon="113.9345394"><ele>18.2</ele><time>2023-08-04T22:28:07Z</time></trkpt>
      <trkpt lat="22.5360635" lon="113.9345491"><ele>18.3</ele><time>2023-08-04T22:28:08Z</time></trkpt>
      <trkpt lat="22.5360767" lon="113.9345605"><ele>18.4</ele><time>2023-08-04T22:28:09Z</time></trkpt>
      <trkpt lat="22.5360892" lon="113.9345724"><ele>18.5</ele><time>2023-08-04T22:28:10Z</time></trkpt>
      <trkpt lat="22.5361021" lon="113.9345835"><ele>18.6</ele><time>2023-08-04T22:28:11Z</time></trkpt>
      <trkpt lat="22.5361167" lon="113.9345924"><ele>18.7</ele><time>2023-08-04T22:28:12Z</time></trkpt>
      <trkpt lat="22.5361322" lon="113.9345992"><ele>18.8</ele><time>2023-08-04T22:28:13Z</time></trkpt>
      <trkpt lat="22.5361478" lon="113.9346059"><ele>18.9</ele><time>2023-08-04T22:28:14Z</time></trkpt>
      <trkpt lat="22.5361627" lon="113.9346143"><ele>19.0</ele><time>2023-08-04T22:28:15Z</time></trkpt>
      <trkpt lat="22.5361771" lon="113.9346241"><ele>19.1</ele><time>2023-08-04T22:28:16Z</time></trkpt>
      <trkpt lat="22.5361914" lon="113.9346341"><ele>19.2</ele><time>2023-08-04T22:28:17Z</time></trkpt>
      <trkpt lat="22.5362061" lon="113.9346434"><ele>19.3</ele><time>2023-08-04T22:28:18Z</time></trkpt>
      <trkpt lat="22.5362211" lon="113.9346517"><ele>19.4</ele><time>2023-08-04T22:28:19Z</time></trkpt>
      <trkpt lat="22.5362355" lon="113.9346603"><ele>19.5</ele><time>2023-08-04T22:28:20Z</time></trkpt>
      <trkpt lat="22.5362491" lon="113.9346703"><ele>19.6</ele><time>2023-08-04T22:28:21Z</time></trkpt>
      <trkpt lat="22.5362620" lon="113.9346814"><ele>19.7</ele><time>2023-08-04T22:28:22Z</time></trkpt>
      <trkpt lat="22.5362745" lon="113.9346928"><ele>19.8</ele><time>2023-08-04T22:28:23Z</time></trkpt>
      <trkpt lat="22.5362865" lon="113.9347046"><ele>19.9</ele><time>2023-08-04T22:28:24Z</time></trkpt>
      <trkpt lat="22.5362984" lon="113.9347172"><ele>20.0</ele><time>2023-08-04T22:28:25Z</time></trkpt>
      <trkpt lat="22.5363108" lon="113.9347300"><ele>20.1</ele><time>2023-08-04T22:28:26Z</time></trkpt>
      <trkpt lat="22.5363233" lon="113.9347427"><ele>20.3</ele><time>2023-08-04T22:28:27Z</time></trkpt>
      <trkpt lat="22.5363348" lon="113.9347554"><ele>20.4</ele><time>2023-08-04T22:28:28Z</time></trkpt>
      <trkpt lat="22.5363461" lon="113.9347684"><ele>20.5</ele><time>2023-08-04T22:28:29Z</time></trkpt>
      <trkpt lat="22.5363581" lon="113.9347808"><ele>20.7</ele><time>2023-08-04T22:28:30Z</time></trkpt>
      <trkpt lat="22.5363709" lon="113.9347931"><ele>20.8</ele><time>2023-08-04T22:28:31Z</time></trkpt>
      <trkpt lat="22.5363845" lon="113.9348050"><ele>20.9</ele><time>2023-08-04T22:28:32Z</time></trkpt>
      <trkpt lat="22.5363989" lon="113.9348164"><ele>21.1</ele><time>2023-08-04T22:28:33Z</time></trkpt>
      <trkpt lat="22.5364140" lon="113.9348269"><ele>21.2</ele><time>2023-08-04T22:28:34Z</time></trkpt>
      <trkpt lat="22.5364296" lon="113.9348362"><ele>21.4</ele><time>2023-08-04T22:28:35Z</time></trkpt>
      <trkpt lat="22.5364453" lon="113.9348450"><ele>21.5</ele><time>2023-08-04T22:28:36Z</time></trkpt>
      <trkpt lat="22.5364609" lon="113.9348538"><ele>21.7</ele><time>2023-08-04T22:28:37Z</time></trkpt>
      <trkpt lat="22.5364768" lon="113.9348622"><ele>21.8</ele><time>2023-08-04T22:28:38Z</time></trkpt>
      <trkpt lat="22.5364927" lon="113.9348705"><ele>22.0</ele><time>2023-08-04T22:28:39Z</time></trkpt>
      <trkpt lat="22.5365082" lon="113.9348793"><ele>22.1</ele><time>2023-08-04T22:28:40Z</time></trkpt>
      <trkpt lat="22.5365236" lon="113.9348883"><ele>22.3</ele><time>2023-08-04T22:28:41Z</time></trkpt>
      <trkpt lat="22.5365391" lon="113.9348975"><ele>22.4</ele><time>2023-08-04T22:28:42Z</time></trkpt>
      <trkpt lat="22.5365546" lon="113.9349070"><ele>22.6</ele><time>2023-08-04T22:28:43Z</time></trkpt>
      <trkpt lat="22.5365697" lon="113.9349167"><ele>22.7</ele><time>2023-08-04T22:28:44Z</time></trkpt>
      <trkpt lat="22.5365845" lon="113.9349267"><ele>22.8</ele><time>2023-08-04T22:28:45Z</time></trkpt>
      <trkpt lat="22.5365991" lon="113.9349367"><ele>23.0</ele><time>2023-08-04T22:28:46Z</time></trkpt>
      <trkpt lat="22.5366134" lon="113.9349469"><ele>23.1</ele><time>2023-08-04T22:28:47Z</time></trkpt>
      <trkpt lat="22.5366273" lon="113.9349577"><ele>23.2</ele><time>2023-08-04T22:28:48Z</time></trkpt>
      <trkpt lat="22.5366411" lon="113.9349686"><ele>23.3</ele><time>2023-08-04T22:28:49Z</time></trkpt>
      <trkpt lat="22.5366550" lon="113.9349795"><ele>23.4</ele><time>2023-08-04T22:28:50Z</time></trkpt>
      <trkpt lat="22.5366690" lon="113.9349906"><ele>23.5</ele><time>2023-08-04T22:28:51Z</time></trkpt>
      <trkpt lat="22.5366829" lon="113.9350022"><ele>23.5</ele><time>2023-08-04T22:28:52Z</time></trkpt>
      <trkpt lat="22.5366966" lon="113.9350139"><ele>23.6</ele><time>2023-08-04T22:28:53Z</time></trkpt>
      <trkpt lat="22.5367107" lon="113.9350250"><ele>23.7</ele><time>2023-08-04T22:28:54Z</time></trkpt>
      <trkpt lat="22.5367251" lon="113.9350357"><ele>23.7</ele><time>2023-08-04T22:28:55Z</time></trkpt>
      <trkpt lat="22.5367393" lon="113.9350464"><ele>23.8</ele><time>2023-08-04T22:28:56Z</time></trkpt>
      <trkpt lat="22.5367531" lon="113.9350575"><ele>23.8</ele><time>2023-08-04T22:28:57Z</time></trkpt>
      <trkpt lat="22.5367665" lon="113.9350693"><ele>23.8</ele><time>2023-08-04T22:28:58Z</time></trkpt>
      <trkpt lat="22.5367805" lon="113.9350812"><ele>23.8</ele><time>2023-08-04T22:28:59Z</time></trkpt>
      <trkpt lat="22.5367950" lon="113.9350928"><ele>23.8</ele><time>2023-08-04T22:29:00Z</time></trkpt>
      <trkpt lat="22.5368091" lon="113.9351043"><ele>23.8</ele><time>2023-08-04T22:29:01Z</time></trkpt>
      <trkpt lat="22.5368225" lon="113.9351165"><ele>23.8</ele><time>2023-08-04T22:29:02Z</time></trkpt>
      <trkpt lat="22.5368351" lon="113.9351292"><ele>23.8</ele><time>2023-08-04T22:29:03Z</time></trkpt>
      <trkpt lat="22.5368476" lon="113.9351422"><ele>23.8</ele><time>2023-08-04T22:29:04Z</time></trkpt>
      <trkpt lat="22.5368598" lon="113.9351556"><ele>23.8</ele><time>2023-08-04T22:29:05Z</time></trkpt>
      <trkpt lat="22.5368719" lon="113.9351691"><ele>23.7</ele><time>2023-08-04T22:29:06Z</time></trkpt>
      <trkpt lat="22.5368848" lon="113.9351818"><ele>23.7</ele><time>2023-08-04T22:29:07Z</time></trkpt>
      <trkpt lat="22.5368988" lon="113.9351932"><ele>23.7</ele><time>2023-08-04T22:29:08Z</time></trkpt>
      <trkpt lat="22.5369131" lon="113.9352036"><ele>23.6</ele><time>2023-08-04T22:29:09Z</time></trkpt>
      <trkpt lat="22.5369275" lon="113.9352134"><ele>23.6</ele><time>2023-08-04T22:29:10Z</time></trkpt>
      <trkpt lat="22.5369423" lon="113.9352233"><ele>23.5</ele><time>2023-08-04T22:29:11Z</time></trkpt>
      <trkpt lat="22.5369574" lon="113.9352331"><ele>23.5</ele><time>2023-08-04T22:29:12Z</time></trkpt>
      <trkpt lat="22.5369731" lon="113.9352421"><ele>23.4</ele><time>2023-08-04T22:29:13Z</time></trkpt>
      <trkpt lat="22.5369890" lon="113.9352512"><ele>23.3</ele><time>2023-08-04T22:29:14Z</time></trkpt>
      <trkpt lat="22.5370045" lon="113.9352612"><ele>23.2</ele><time>2023-08-04T22:29:15Z</time></trkpt>
      <trkpt lat="22.5370196" lon="113.9352710"><ele>23.2</ele><time>2023-08-04T22:29:16Z</time></trkpt>
      <trkpt lat="22.5370343" lon="113.9352807"><ele>23.1</ele><time>2023-08-04T22:29:17Z</time></trkpt>
      <trkpt lat="22.5370485" lon="113.9352911"><ele>23.0</ele><time>2023-08-04T22:29:18Z</time></trkpt>
      <trkpt lat="22.5370620" lon="113.9353024"><ele>22.9</ele><time>2023-08-04T22:29:19Z</time></trkpt>
      <trkpt lat="22.5370753" lon="113.9353139"><ele>22.8</ele><time>2023-08-04T22:29:20Z</time></trkpt>
      <trkpt lat="22.5370889" lon="113.9353249"><ele>22.7</ele><time>2023-08-04T22:29:21Z</time></trkpt>
      <trkpt lat="22.5371027" lon="113.9353358"><ele>22.6</ele><time>2023-08-04T22:29:22Z</time></trkpt>
      <trkpt lat="22.5371163" lon="113.9353467"><ele>22.5</ele><time>2023-08-04T22:29:23Z</time></trkpt>
      <trkpt lat="22.5371303" lon="113.9353577"><ele>22.4</ele><time>2023-08-04T22:29:24Z</time></trkpt>
      <trkpt lat="22.5371443" lon="113.9353689"><ele>22.3</ele><time>2023-08-04T22:29:25Z</time></trkpt>
      <trkpt lat="22.5371581" lon="113.9353799"><ele>22.2</ele><time>2023-08-04T22:29:26Z</time></trkpt>
      <trkpt lat="22.5371720" lon="113.9353901"><ele>22.1</ele><time>2023-08-04T22:29:27Z</time></trkpt>
      <trkpt lat="22.5371869" lon="113.9353995"><ele>22.0</ele><time>2023-08-04T22:29:28Z</time></trkpt>
      <trkpt lat="22.5372022" lon="113.9354083"><ele>21.9</ele><time>2023-08-04T22:29:29Z</time></trkpt>
      <trkpt lat="22.5372177" lon="113.9354169"><ele>21.8</ele><time>2023-08-04T22:29:30Z</time></trkpt>
      <trkpt lat="22.5372333" lon="113.9354258"><ele>21.7</ele><time>2023-08-04T22:29:31Z</time></trkpt>
      <trkpt lat="22.5372490" lon="113.9354348"><ele>21.6</ele><time>2023-08-04T22:29:32Z</time></trkpt>
      <trkpt lat="22.5372642" lon="113.9354441"><ele>21.6</ele><time>2023-08-04T22:29:33Z</time></trkpt>
      <trkpt lat="22.5372792" lon="113.9354538"><ele>21.5</ele><time>2023-08-04T22:29:34Z</time></trkpt>
      <trkpt lat="22.5372944" lon="113.9354636"><ele>21.4</ele><time>2023-08-04T22:29:35Z</time></trkpt>
      <trkpt lat="22.5373094" lon="113.9354735"><ele>21.3</ele><time>2023-08-04T22:29:36Z</time></trkpt>
      <trkpt lat="22.5373245" lon="113.9354831"><ele>21.2</ele><time>2023-08-04T22:29:37Z</time></trkpt>
      <trkpt lat="22.5373396" lon="113.9354925"><ele>21.1</ele><time>2023-08-04T22:29:38Z</time></trkpt>
      <trkpt lat="22.5373543" lon="113.9355021"><ele>21.1</ele><time>2023-08-04T22:29:39Z</time></trkpt>
      <trkpt lat="22.5373689" lon="113.9355117"><ele>21.0</ele><time>2023-08-04T22:29:40Z</time></trkpt>
      <trkpt lat="22.5373836" lon="113.9355209"><ele>20.9</ele><time>2023-08-04T22:29:41Z</time></trkpt>
      <trkpt lat="22.5373986" lon="113.9355300"><ele>20.8</ele><time>2023-08-04T22:29:42Z</time></trkpt>
      <trkpt lat="22.5374133" lon="113.9355393"><ele>20.7</ele><time>2023-08-04T22:29:43Z</time></trkpt>
      <trkpt lat="22.5374278" lon="113.9355485"><ele>20.7</ele><time>2023-08-04T22:29:44Z</time></trkpt>
      <trkpt lat="22.5374421" lon="113.9355580"><ele>20.6</ele><time>2023-08-04T22:29:45Z</time></trkpt>
      <trkpt lat="22.5374559" lon="113.9355679"><ele>20.5</ele><time>2023-08-04T22:29:46Z</time></trkpt>
      <trkpt lat="22.5374695" lon="113.9355780"><ele>20.5</ele><time>2023-08-04T22:29:47Z</time></trkpt>
      <trkpt lat="22.5374827" lon="113.9355885"><ele>20.4</ele><time>2023-08-04T22:29:48Z</time></trkpt>
      <trkpt lat="22.5374958" lon="113.9355994"><ele>20.3</ele><time>2023-08-04T22:29:49Z</time></trkpt>
      <trkpt lat="22.5375091" lon="113.9356102"><ele>20.2</ele><time>2023-08-04T22:29:50Z</time></trkpt>
      <trkpt lat="22.5375225" lon="113.9356207"><ele>20.2</ele><time>2023-08-04T22:29:51Z</time></trkpt>
      <trkpt lat="22.5375359" lon="113.9356308"><ele>20.1</ele><time>2023-08-04T22:29:52Z</time></trkpt>
      <trkpt lat="22.5375492" lon="113.9356403"><ele>20.0</ele><time>2023-08-04T22:29:53Z</time></trkpt>
      <trkpt lat="22.5375625" lon="113.9356492"><ele>19.9</ele><time>2023-08-04T22:29:54Z</time></trkpt>
      <trkpt lat="22.5375757" lon="113.9356579"><ele>19.9</ele><time>2023-08-04T22:29:55Z</time></trkpt>
      <trkpt lat="22.5375894" lon="113.9356660"><ele>19.8</ele><time>2023-08-04T22:29:56Z</time></trkpt>
      <trkpt lat="22.5376037" lon="113.9356724"><ele>19.7</ele><time>2023-08-04T22:29:57Z</time></trkpt>
      <trkpt lat="22.5376184" lon="113.9356772"><ele>19.6</ele><time>2023-08-04T22:29:58Z</time></trkpt>
      <trkpt lat="22.5376330" lon="113.9356813"><ele>19.5</ele><time>2023-08-04T22:29:59Z</time></trkpt>
      <trkpt lat="22.5376476" lon="113.9356845"><ele>19.5</ele><time>2023-08-04T22:30:00Z</time></trkpt>
      <trkpt lat="22.5376623" lon="113.9356866"><ele>19.4</ele><time>2023-08-04T22:30:01Z</time></trkpt>
      <trkpt lat="22.5376768" lon="113.9356878"><ele>19.3</ele><time>2023-08-04T22:30:02Z</time></trkpt>
      <trkpt lat="22.5376911" lon="113.9356887"><ele>19.2</ele><time>2023-08-04T22:30:03Z</time></trkpt>
      <trkpt lat="22.5377053" lon="113.9356889"><ele>19.2</ele><time>2023-08-04T22:30:04Z</time></trkpt>
      <trkpt lat="22.5377192" lon="113.9356878"><ele>19.1</ele><time>2023-08-04T22:30:05Z</time></trkpt>
      <trkpt lat="22.5377327" lon="113.9356840"><ele>19.0</ele><time>2023-08-04T22:30:06Z</time></trkpt>
      <trkpt lat="22.5377456" lon="113.9356776"><ele>18.9</ele><time>2023-08-04T22:30:07Z</time></trkpt>
      <trkpt lat="22.5377579" lon="113.9356692"><ele>18.8</ele><time>2023-08-04T22:30:08Z</time></trkpt>
      <trkpt lat="22.5377698" lon="113.9356601"><ele>18.8</ele><time>2023-08-04T22:30:09Z</time></trkpt>
      <trkpt lat="22.5377815" lon="113.9356504"><ele>18.7</ele><time>2023-08-04T22:30:10Z</time></trkpt>
      <trkpt lat="22.5377926" lon="113.9356400"><ele>18.6</ele><time>2023-08-04T22:30:11Z</time></trkpt>
      <trkpt lat="22.5378030" lon="113.9356287"><ele>18.5</ele><time>2023-08-04T22:30:12Z</time></trkpt>
      <trkpt lat="22.5378131" lon="113.9356169"><ele>18.5</ele><time>2023-08-04T22:30:13Z</time></trkpt>
      <trkpt lat="22.5378224" lon="113.9356042"><ele>18.4</ele><time>2023-08-04T22:30:14Z</time></trkpt>
      <trkpt lat="22.5378304" lon="113.9355901"><ele>18.3</ele><time>2023-08-04T22:30:15Z</time></trkpt>
      <trkpt lat="22.5378381" lon="113.9355756"><ele>18.3</ele><time>2023-08-04T22:30:16Z</time></trkpt>
      <trkpt lat="22.5378458" lon="113.9355611"><ele>18.2</ele><time>2023-08-04T22:30:17Z</time></trkpt>
      <trkpt lat="22.5378530" lon="113.9355462"><ele>18.1</ele><time>2023-08-04T22:30:18Z</time></trkpt>
      <trkpt lat="22.5378605" lon="113.9355314"><ele>18.0</ele><time>2023-08-04T22:30:19Z</time></trkpt>
      <trkpt lat="22.5378690" lon="113.9355175"><ele>18.0</ele><time>2023-08-04T22:30:20Z</time></trkpt>
      <trkpt lat="22.5378774" lon="113.9355035"><ele>17.9</ele><time>2023-08-04T22:30:21Z</time></trkpt>
      <trkpt lat="22.5378855" lon="113.9354891"><ele>17.8</ele><time>2023-08-04T22:30:22Z</time></trkpt>
      <trkpt lat="22.5378935" lon="113.9354745"><ele>17.7</ele><time>2023-08-04T22:30:23Z</time></trkpt>
      <trkpt lat="22.5379010" lon="113.9354596"><ele>17.7</ele><time>2023-08-04T22:30:24Z</time></trkpt>
      <trkpt lat="22.5379085" lon="113.9354444"><ele>17.6</ele><time>2023-08-04T22:30:25Z</time></trkpt>
      <trkpt lat="22.5379169" lon="113.9354285"><ele>17.5</ele><time>2023-08-04T22:30:26Z</time></trkpt>
      <trkpt lat="22.5379257" lon="113.9354123"><ele>17.4</ele><time>2023-08-04T22:30:27Z</time></trkpt>
      <trkpt lat="22.5379344" lon="113.9353973"><ele>17.3</ele><time>2023-08-04T22:30:28Z</time></trkpt>
      <trkpt lat="22.5379435" lon="113.9353833"><ele>17.2</ele><time>2023-08-04T22:30:29Z</time></trkpt>
      <trkpt lat="22.5379535" lon="113.9353702"><ele>17.2</ele><time>2023-08-04T22:30:30Z</time></trkpt>
      <trkpt lat="22.5379642" lon="113.9353576"><ele>17.1</ele><time>2023-08-04T22:30:31Z</time></trkpt>
      <trkpt lat="22.5379750" lon="113.9353452"><ele>17.0</ele><time>2023-08-04T22:30:32Z</time></trkpt>
      <trkpt lat="22.5379846" lon="113.9353317"><ele>16.9</ele><time>2023-08-04T22:30:33Z</time></trkpt>
      <trkpt lat="22.5379930" lon="113.9353171"><ele>16.8</ele><time>2023-08-04T22:30:34Z</time></trkpt>
      <trkpt lat="22.5380021" lon="113.9353029"><ele>16.8</ele><time>2023-08-04T22:30:35Z</time></trkpt>
      <trkpt lat="22.5380115" lon="113.9352887"><ele>16.7</ele><time>2023-08-04T22:30:36Z</time></trkpt>
      <trkpt lat="22.5380206" lon="113.9352741"><ele>16.6</ele><time>2023-08-04T22:30:37Z</time></trkpt>
      <trkpt lat="22.5380298" lon="113.9352595"><ele>16.6</ele><time>2023-08-04T22:30:38Z</time></trkpt>
      <trkpt lat="22.5380390" lon="113.9352446"><ele>16.5</ele><time>2023-08-04T22:30:39Z</time></trkpt>
      <trkpt lat="22.5380487" lon="113.9352298"><ele>16.5</ele><time>2023-08-04T22:30:40Z</time></trkpt>
      <trkpt lat="22.5380596" lon="113.9352155"><ele>16.4</ele><time>2023-08-04T22:30:41Z</time></trkpt>
      <trkpt lat="22.5380719" lon="113.9352018"><ele>16.4</ele><time>2023-08-04T22:30:42Z</time></trkpt>
      <trkpt lat="22.5380839" lon="113.9351876"><ele>16.3</ele><time>2023-08-04T22:30:43Z</time></trkpt>
      <trkpt lat="22.5380953" lon="113.9351726"><ele>16.3</ele><time>2023-08-04T22:30:44Z</time></trkpt>
      <trkpt lat="22.5381070" lon="113.9351578"><ele>16.2</ele><time>2023-08-04T22:30:45Z</time></trkpt>
      <trkpt lat="22.5381191" lon="113.9351432"><ele>16.2</ele><time>2023-08-04T22:30:46Z</time></trkpt>
      <trkpt lat="22.5381313" lon="113.9351287"><ele>16.2</ele><time>2023-08-04T22:30:47Z</time></trkpt>
      <trkpt lat="22.5381438" lon="113.9351142"><ele>16.2</ele><time>2023-08-04T22:30:48Z</time></trkpt>
      <trkpt lat="22.5381559" lon="113.9350998"><ele>16.2</ele><time>2023-08-04T22:30:49Z</time></trkpt>
      <trkpt lat="22.5381675" lon="113.9350851"><ele>16.2</ele><time>2023-08-04T22:30:50Z</time></trkpt>
      <trkpt lat="22.5381795" lon="113.9350702"><ele>16.2</ele><time>2023-08-04T22:30:51Z</time></trkpt>
      <trkpt lat="22.5381927" lon="113.9350565"><ele>16.2</ele><time>2023-08-04T22:30:52Z</time></trkpt>
      <trkpt lat="22.5382075" lon="113.9350443"><ele>16.2</ele><time>2023-08-04T22:30:53Z</time></trkpt>
      <trkpt lat="22.5382234" lon="113.9350332"><ele>16.2</ele><time>2023-08-04T22:30:54Z</time></trkpt>
      <trkpt lat="22.5382399" lon="113.9350233"><ele>16.2</ele><time>2023-08-04T22:30:55Z</time></trkpt>
      <trkpt lat="22.5382570" lon="113.9350145"><ele>16.2</ele><time>2023-08-04T22:30:56Z</time></trkpt>
      <trkpt lat="22.5382750" lon="113.9350072"><ele>16.2</ele><time>2023-08-04T22:30:57Z</time></trkpt>
      <trkpt lat="22.5382934" lon="113.9350023"><ele>16.3</ele><time>2023-08-04T22:30:58Z</time></trkpt>
      <trkpt lat="22.5383119" lon="113.9349986"><ele>16.3</ele><time>2023-08-04T22:30:59Z</time></trkpt>
      <trkpt lat="22.5383302" lon="113.9349954"><ele>16.3</ele><time>2023-08-04T22:31:00Z</time></trkpt>
      <trkpt lat="22.5383490" lon="113.9349928"><ele>16.3</ele><time>2023-08-04T22:31:01Z</time></trkpt>
      <trkpt lat="22.5383681" lon="113.9349910"><ele>16.3</ele><time>2023-08-04T22:31:02Z</time></trkpt>
      <trkpt lat="22.5383872" lon="113.9349893"><ele>16.3</ele><time>2023-08-04T22:31:03Z</time></trkpt>
      <trkpt lat="22.5384059" lon="113.9349874"><ele>16.4</ele><time>2023-08-04T22:31:04Z</time></trkpt>
      <trkpt lat="22.5384237" lon="113.9349844"><ele>16.4</ele><time>2023-08-04T22:31:05Z</time></trkpt>
      <trkpt lat="22.5384410" lon="113.9349799"><ele>16.4</ele><time>2023-08-04T22:31:06Z</time></trkpt>
      <trkpt lat="22.5384583" lon="113.9349771"><ele>16.4</ele><time>2023-08-04T22:31:07Z</time></trkpt>
      <trkpt lat="22.5384757" lon="113.9349768"><ele>16.4</ele><time>2023-08-04T22:31:08Z</time></trkpt>
      <trkpt lat="22.5384933" lon="113.9349772"><ele>16.4</ele><time>2023-08-04T22:31:09Z</time></trkpt>
      <trkpt lat="22.5385113" lon="113.9349774"><ele>16.4</ele><time>2023-08-04T22:31:10Z</time></trkpt>
      <trkpt lat="22.5385296" lon="113.9349773"><ele>16.4</ele><time>2023-08-04T22:31:11Z</time></trkpt>
      <trkpt lat="22.5385475" lon="113.9349766"><ele>16.4</ele><time>2023-08-04T22:31:12Z</time></trkpt>
      <trkpt lat="22.5385628" lon="113.9349754"><ele>16.4</ele><time>2023-08-04T22:31:13Z</time></trkpt>
      <trkpt lat="22.5385755" lon="113.9349742"><ele>16.4</ele><time>2023-08-04T22:31:14Z</time></trkpt>
      <trkpt lat="22.5385875" lon="113.9349736"><ele>16.4</ele><time>2023-08-04T22:31:15Z</time></trkpt>
      <trkpt lat="22.5385996" lon="113.9349739"><ele>16.4</ele><time>2023-08-04T22:31:16Z</time></trkpt>
      <trkpt lat="22.5386136" lon="113.9349753"><ele>16.4</ele><time>2023-08-04T22:31:17Z</time></trkpt>
      <trkpt lat="22.5386304" lon="113.9349779"><ele>16.3</ele><time>2023-08-04T22:31:18Z</time></trkpt>
      <trkpt lat="22.5386486" lon="113.9349815"><ele>16.3</ele><time>2023-08-04T22:31:19Z</time></trkpt>
      <trkpt lat="22.5386668" lon="113.9349860"><ele>16.3</ele><time>2023-08-04T22:31:20Z</time></trkpt>
      <trkpt lat="22.5386843" lon="113.9349913"><ele>16.3</ele><time>2023-08-04T22:31:21Z</time></trkpt>
      <trkpt lat="22.5387014" lon="113.9349978"><ele>16.2</ele><time>2023-08-04T22:31:22Z</time></trkpt>
      <trkpt lat="22.5387173" lon="113.9350061"><ele>16.2</ele><time>2023-08-04T22:31:23Z</time></trkpt>
      <trkpt lat="22.5387316" lon="113.9350171"><ele>16.2</ele><time>2023-08-04T22:31:24Z</time></trkpt>
      <trkpt lat="22.5387433" lon="113.9350320"><ele>16.2</ele><time>2023-08-04T22:31:25Z</time></trkpt>
      <trkpt lat="22.5387523" lon="113.9350503"><ele>16.1</ele><time>2023-08-04T22:31:26Z</time></trkpt>
      <trkpt lat="22.5387607" lon="113.9350691"><ele>16.1</ele><time>2023-08-04T22:31:27Z</time></trkpt>
      <trkpt lat="22.5387689" lon="113.9350876"><ele>16.1</ele><time>2023-08-04T22:31:28Z</time></trkpt>
      <trkpt lat="22.5387764" lon="113.9351060"><ele>16.0</ele><time>2023-08-04T22:31:29Z</time></trkpt>
      <trkpt lat="22.5387835" lon="113.9351242"><ele>16.0</ele><time>2023-08-04T22:31:30Z</time></trkpt>
      <trkpt lat="22.5387898" lon="113.9351429"><ele>16.0</ele><time>2023-08-04T22:31:31Z</time></trkpt>
      <trkpt lat="22.5387954" lon="113.9351618"><ele>16.0</ele><time>2023-08-04T22:31:32Z</time></trkpt>
      <trkpt lat="22.5388010" lon="113.9351804"><ele>16.0</ele><time>2023-08-04T22:31:33Z</time></trkpt>
      <trkpt lat="22.5388060" lon="113.9351993"><ele>16.0</ele><time>2023-08-04T22:31:34Z</time></trkpt>
      <trkpt lat="22.5388095" lon="113.9352185"><ele>16.0</ele><time>2023-08-04T22:31:35Z</time></trkpt>
      <trkpt lat="22.5388120" lon="113.9352380"><ele>15.9</ele><time>2023-08-04T22:31:36Z</time></trkpt>
      <trkpt lat="22.5388133" lon="113.9352575"><ele>15.9</ele><time>2023-08-04T22:31:37Z</time></trkpt>
      <trkpt lat="22.5388123" lon="113.9352771"><ele>16.0</ele><time>2023-08-04T22:31:38Z</time></trkpt>
      <trkpt lat="22.5388103" lon="113.9352964"><ele>16.0</ele><time>2023-08-04T22:31:39Z</time></trkpt>
      <trkpt lat="22.5388094" lon="113.9353155"><ele>16.0</ele><time>2023-08-04T22:31:40Z</time></trkpt>
      <trkpt lat="22.5388079" lon="113.9353348"><ele>16.0</ele><time>2023-08-04T22:31:41Z</time></trkpt>
      <trkpt lat="22.5388038" lon="113.9353539"><ele>16.0</ele><time>2023-08-04T22:31:42Z</time></trkpt>
      <trkpt lat="22.5387967" lon="113.9353728"><ele>16.0</ele><time>2023-08-04T22:31:43Z</time></trkpt>
      <trkpt lat="22.5387874" lon="113.9353910"><ele>16.0</ele><time>2023-08-04T22:31:44Z</time></trkpt>
      <trkpt lat="22.5387775" lon="113.9354082"><ele>16.1</ele><time>2023-08-04T22:31:45Z</time></trkpt>
      <trkpt lat="22.5387673" lon="113.9354248"><ele>16.1</ele><time>2023-08-04T22:31:46Z</time></trkpt>
      <trkpt lat="22.5387560" lon="113.9354406"><ele>16.1</ele><time>2023-08-04T22:31:47Z</time></trkpt>
      <trkpt lat="22.5387436" lon="113.9354553"><ele>16.2</ele><time>2023-08-04T22:31:48Z</time></trkpt>
      <trkpt lat="22.5387290" lon="113.9354684"><ele>16.2</ele><time>2023-08-04T22:31:49Z</time></trkpt>
      <trkpt lat="22.5387124" lon="113.9354794"><ele>16.2</ele><time>2023-08-04T22:31:50Z</time></trkpt>
      <trkpt lat="22.5386952" lon="113.9354894"><ele>16.3</ele><time>2023-08-04T22:31:51Z</time></trkpt>
      <trkpt lat="22.5386781" lon="113.9354992"><ele>16.3</ele><time>2023-08-04T22:31:52Z</time></trkpt>
      <trkpt lat="22.5386613" lon="113.9355083"><ele>16.4</ele><time>2023-08-04T22:31:53Z</time></trkpt>
      <trkpt lat="22.5386445" lon="113.9355168"><ele>16.4</ele><time>2023-08-04T22:31:54Z</time></trkpt>
      <trkpt lat="22.5386271" lon="113.9355250"><ele>16.4</ele><time>2023-08-04T22:31:55Z</time></trkpt>
      <trkpt lat="22.5386093" lon="113.9355322"><ele>16.5</ele><time>2023-08-04T22:31:56Z</time></trkpt>
      <trkpt lat="22.5385920" lon="113.9355394"><ele>16.5</ele><time>2023-08-04T22:31:57Z</time></trkpt>
      <trkpt lat="22.5385751" lon="113.9355481"><ele>16.6</ele><time>2023-08-04T22:31:58Z</time></trkpt>
      <trkpt lat="22.5385589" lon="113.9355583"><ele>16.6</ele><time>2023-08-04T22:31:59Z</time></trkpt>
      <trkpt lat="22.5385434" lon="113.9355692"><ele>16.7</ele><time>2023-08-04T22:32:00Z</time></trkpt>
      <trkpt lat="22.5385279" lon="113.9355807"><ele>16.7</ele><time>2023-08-04T22:32:01Z</time></trkpt>
      <trkpt lat="22.5385124" lon="113.9355926"><ele>16.7</ele><time>2023-08-04T22:32:02Z</time></trkpt>
      <trkpt lat="22.5384968" lon="113.9356056"><ele>16.8</ele><time>2023-08-04T22:32:03Z</time></trkpt>
      <trkpt lat="22.5384810" lon="113.9356194"><ele>16.8</ele><time>2023-08-04T22:32:04Z</time></trkpt>
      <trkpt lat="22.5384660" lon="113.9356337"><ele>16.8</ele><time>2023-08-04T22:32:05Z</time></trkpt>
      <trkpt lat="22.5384533" lon="113.9356492"><ele>16.9</ele><time>2023-08-04T22:32:06Z</time></trkpt>
      <trkpt lat="22.5384421" lon="113.9356651"><ele>16.9</ele><time>2023-08-04T22:32:07Z</time></trkpt>
      <trkpt lat="22.5384313" lon="113.9356813"><ele>16.9</ele><time>2023-08-04T22:32:08Z</time></trkpt>
      <trkpt lat="22.5384210" lon="113.9356977"><ele>16.9</ele><time>2023-08-04T22:32:09Z</time></trkpt>
      <trkpt lat="22.5384113" lon="113.9357141"><ele>16.9</ele><time>2023-08-04T22:32:10Z</time></trkpt>
      <trkpt lat="22.5384022" lon="113.9357305"><ele>16.9</ele><time>2023-08-04T22:32:11Z</time></trkpt>
      <trkpt lat="22.5383939" lon="113.9357474"><ele>16.9</ele><time>2023-08-04T22:32:12Z</time></trkpt>
      <trkpt lat="22.5383859" lon="113.9357647"><ele>16.9</ele><time>2023-08-04T22:32:13Z</time></trkpt>
      <trkpt lat="22.5383784" lon="113.9357823"><ele>16.8</ele><time>2023-08-04T22:32:14Z</time></trkpt>
      <trkpt lat="22.5383722" lon="113.9358003"><ele>16.8</ele><time>2023-08-04T22:32:15Z</time></trkpt>
      <trkpt lat="22.5383674" lon="113.9358187"><ele>16.8</ele><time>2023-08-04T22:32:16Z</time></trkpt>
      <trkpt lat="22.5383627" lon="113.9358370"><ele>16.8</ele><time>2023-08-04T22:32:17Z</time></trkpt>
      <trkpt lat="22.5383582" lon="113.9358551"><ele>16.7</ele><time>2023-08-04T22:32:18Z</time></trkpt>
      <trkpt lat="22.5383545" lon="113.9358736"><ele>16.7</ele><time>2023-08-04T22:32:19Z</time></trkpt>
      <trkpt lat="22.5383518" lon="113.9358927"><ele>16.7</ele><time>2023-08-04T22:32:20Z</time></trkpt>
      <trkpt lat="22.5383501" lon="113.9359121"><ele>16.6</ele><time>2023-08-04T22:32:21Z</time></trkpt>
      <trkpt lat="22.5383500" lon="113.9359316"><ele>16.6</ele><time>2023-08-04T22:32:22Z</time></trkpt>
      <trkpt lat="22.5383506" lon="113.9359515"><ele>16.6</ele><time>2023-08-04T22:32:23Z</time></trkpt>
      <trkpt lat="22.5383517" lon="113.9359712"><ele>16.5</ele><time>2023-08-04T22:32:24Z</time></trkpt>
      <trkpt lat="22.5383530" lon="113.9359908"><ele>16.5</ele><time>2023-08-04T22:32:25Z</time></trkpt>
      <trkpt lat="22.5383549" lon="113.9360103"><ele>16.5</ele><time>2023-08-04T22:32:26Z</time></trkpt>
      <trkpt lat="22.5383578" lon="113.9360293"><ele>16.4</ele><time>2023-08-04T22:32:27Z</time></trkpt>
      <trkpt lat="22.5383609" lon="113.9360482"><ele>16.4</ele><time>2023-08-04T22:32:28Z</time></trkpt>
      <trkpt lat="22.5383648" lon="113.9360672"><ele>16.4</ele><time>2023-08-04T22:32:29Z</time></trkpt>
      <trkpt lat="22.5383706" lon="113.9360857"><ele>16.3</ele><time>2023-08-04T22:32:30Z</time></trkpt>
      <trkpt lat="22.5383779" lon="113.9361032"><ele>16.3</ele><time>2023-08-04T22:32:31Z</time></trkpt>
      <trkpt lat="22.5383847" lon="113.9361211"><ele>16.3</ele><time>2023-08-04T22:32:32Z</time></trkpt>
      <trkpt lat="22.5383902" lon="113.9361394"><ele>16.3</ele><time>2023-08-04T22:32:33Z</time></trkpt>
      <trkpt lat="22.5383963" lon="113.9361568"><ele>16.2</ele><time>2023-08-04T22:32:34Z</time></trkpt>
      <trkpt lat="22.5384038" lon="113.9361733"><ele>16.2</ele><time>2023-08-04T22:32:35Z</time></trkpt>
      <trkpt lat="22.5384122" lon="113.9361895"><ele>16.2</ele><time>2023-08-04T22:32:36Z</time></trkpt>
      <trkpt lat="22.5384212" lon="113.9362051"><ele>16.2</ele><time>2023-08-04T22:32:37Z</time></trkpt>
      <trkpt lat="22.5384308" lon="113.9362205"><ele>16.2</ele><time>2023-08-04T22:32:38Z</time></trkpt>
      <trkpt lat="22.5384417" lon="113.9362354"><ele>16.2</ele><time>2023-08-04T22:32:39Z</time></trkpt>
      <trkpt lat="22.5384540" lon="113.9362487"><ele>16.2</ele><time>2023-08-04T22:32:40Z</time></trkpt>
      <trkpt lat="22.5384665" lon="113.9362610"><ele>16.1</ele><time>2023-08-04T22:32:41Z</time></trkpt>
      <trkpt lat="22.5384789" lon="113.9362733"><ele>16.1</ele><time>2023-08-04T22:32:42Z</time></trkpt>
      <trkpt lat="22.5384913" lon="113.9362856"><ele>16.1</ele><time>2023-08-04T22:32:43Z</time></trkpt>
      <trkpt lat="22.5385040" lon="113.9362972"><ele>16.1</ele><time>2023-08-04T22:32:44Z</time></trkpt>
      <trkpt lat="22.5385172" lon="113.9363083"><ele>16.2</ele><time>2023-08-04T22:32:45Z</time></trkpt>
      <trkpt lat="22.5385301" lon="113.9363194"><ele>16.2</ele><time>2023-08-04T22:32:46Z</time></trkpt>
      <trkpt lat="22.5385432" lon="113.9363300"><ele>16.2</ele><time>2023-08-04T22:32:47Z</time></trkpt>
      <trkpt lat="22.5385571" lon="113.9363392"><ele>16.2</ele><time>2023-08-04T22:32:48Z</time></trkpt>
      <trkpt lat="22.5385718" lon="113.9363469"><ele>16.2</ele><time>2023-08-04T22:32:49Z</time></trkpt>
      <trkpt lat="22.5385866" lon="113.9363535"><ele>16.2</ele><time>2023-08-04T22:32:50Z</time></trkpt>
      <trkpt lat="22.5386019" lon="113.9363601"><ele>16.3</ele><time>2023-08-04T22:32:51Z</time></trkpt>
      <trkpt lat="22.5386180" lon="113.9363673"><ele>16.3</ele><time>2023-08-04T22:32:52Z</time></trkpt>
      <trkpt lat="22.5386342" lon="113.9363744"><ele>16.3</ele><time>2023-08-04T22:32:53Z</time></trkpt>
      <trkpt lat="22.5386501" lon="113.9363810"><ele>16.4</ele><time>2023-08-04T22:32:54Z</time></trkpt>
      <trkpt lat="22.5386666" lon="113.9363869"><ele>16.4</ele><time>2023-08-04T22:32:55Z</time></trkpt>
      <trkpt lat="22.5386834" lon="113.9363920"><ele>16.4</ele><time>2023-08-04T22:32:56Z</time></trkpt>
      <trkpt lat="22.5387002" lon="113.9363959"><ele>16.5</ele><time>2023-08-04T22:32:57Z</time></trkpt>
      <trkpt lat="22.5387172" lon="113.9363992"><ele>16.5</ele><time>2023-08-04T22:32:58Z</time></trkpt>
      <trkpt lat="22.5387345" lon="113.9364019"><ele>16.6</ele><time>2023-08-04T22:32:59Z</time></trkpt>
      <trkpt lat="22.5387517" lon="113.9364036"><ele>16.6</ele><time>2023-08-04T22:33:00Z</time></trkpt>
      <trkpt lat="22.5387690" lon="113.9364048"><ele>16.6</ele><time>2023-08-04T22:33:01Z</time></trkpt>
      <trkpt lat="22.5387865" lon="113.9364060"><ele>16.7</ele><time>2023-08-04T22:33:02Z</time></trkpt>
      <trkpt lat="22.5388039" lon="113.9364063"><ele>16.7</ele><time>2023-08-04T22:33:03Z</time></trkpt>
      <trkpt lat="22.5388212" lon="113.9364060"><ele>16.8</ele><time>2023-08-04T22:33:04Z</time></trkpt>
      <trkpt lat="22.5388385" lon="113.9364059"><ele>16.8</ele><time>2023-08-04T22:33:05Z</time></trkpt>
      <trkpt lat="22.5388558" lon="113.9364057"><ele>16.8</ele><time>2023-08-04T22:33:06Z</time></trkpt>
      <trkpt lat="22.5388733" lon="113.9364052"><ele>16.8</ele><time>2023-08-04T22:33:07Z</time></trkpt>
      <trkpt lat="22.5388909" lon="113.9364045"><ele>16.9</ele><time>2023-08-04T22:33:08Z</time></trkpt>
      <trkpt lat="22.5389084" lon="113.9364039"><ele>16.9</ele><time>2023-08-04T22:33:09Z</time></trkpt>
      <trkpt lat="22.5389255" lon="113.9364028"><ele>16.9</ele><time>2023-08-04T22:33:10Z</time></trkpt>
      <trkpt lat="22.5389427" lon="113.9364012"><ele>16.9</ele><time>2023-08-04T22:33:11Z</time></trkpt>
      <trkpt lat="22.5389595" lon="113.9363994"><ele>16.9</ele><time>2023-08-04T22:33:12Z</time></trkpt>
      <trkpt lat="22.5389758" lon="113.9363977"><ele>17.0</ele><time>2023-08-04T22:33:13Z</time></trkpt>
      <trkpt lat="22.5389927" lon="113.9363959"><ele>17.0</ele><time>2023-08-04T22:33:14Z</time></trkpt>
      <trkpt lat="22.5390102" lon="113.9363946"><ele>17.0</ele><time>2023-08-04T22:33:15Z</time></trkpt>
      <trkpt lat="22.5390276" lon="113.9363931"><ele>17.0</ele><time>2023-08-04T22:33:16Z</time></trkpt>
      <trkpt lat="22.5390449" lon="113.9363909"><ele>17.0</ele><time>2023-08-04T22:33:17Z</time></trkpt>
      <trkpt lat="22.5390622" lon="113.9363900"><ele>17.0</ele><time>2023-08-04T22:33:18Z</time></trkpt>
      <trkpt lat="22.5390799" lon="113.9363902"><ele>16.9</ele><time>2023-08-04T22:33:19Z</time></trkpt>
      <trkpt lat="22.5390978" lon="113.9363903"><ele>16.9</ele><time>2023-08-04T22:33:20Z</time></trkpt>
      <trkpt lat="22.5391157" lon="113.9363895"><ele>16.9</ele><time>2023-08-04T22:33:21Z</time></trkpt>
      <trkpt lat="22.5391330" lon="113.9363872"><ele>16.9</ele><time>2023-08-04T22:33:22Z</time></trkpt>
      <trkpt lat="22.5391505" lon="113.9363855"><ele>16.9</ele><time>2023-08-04T22:33:23Z</time></trkpt>
      <trkpt lat="22.5391681" lon="113.9363846"><ele>16.9</ele><time>2023-08-04T22:33:24Z</time></trkpt>
      <trkpt lat="22.5391855" lon="113.9363831"><ele>16.8</ele><time>2023-08-04T22:33:25Z</time></trkpt>
      <trkpt lat="22.5392031" lon="113.9363815"><ele>16.8</ele><time>2023-08-04T22:33:26Z</time></trkpt>
      <trkpt lat="22.5392208" lon="113.9363798"><ele>16.8</ele><time>2023-08-04T22:33:27Z</time></trkpt>
      <trkpt lat="22.5392384" lon="113.9363782"><ele>16.8</ele><time>2023-08-04T22:33:28Z</time></trkpt>
      <trkpt lat="22.5392560" lon="113.9363771"><ele>16.8</ele><time>2023-08-04T22:33:29Z</time></trkpt>
      <trkpt lat="22.5392737" lon="113.9363765"><ele>16.7</ele><time>2023-08-04T22:33:30Z</time></trkpt>
      <trkpt lat="22.5392915" lon="113.9363762"><ele>16.7</ele><time>2023-08-04T22:33:31Z</time></trkpt>
      <trkpt lat="22.5393098" lon="113.9363753"><ele>16.7</ele><time>2023-08-04T22:33:32Z</time></trkpt>
      <trkpt lat="22.5393284" lon="113.9363749"><ele>16.7</ele><time>2023-08-04T22:33:33Z</time></trkpt>
      <trkpt lat="22.5393472" lon="113.9363746"><ele>16.7</ele><time>2023-08-04T22:33:34Z</time></trkpt>
      <trkpt lat="22.5393657" lon="113.9363729"><ele>16.7</ele><time>2023-08-04T22:33:35Z</time></trkpt>
      <trkpt lat="22.5393839" lon="113.9363716"><ele>16.6</ele><time>2023-08-04T22:33:36Z</time></trkpt>
      <trkpt lat="22.5394020" lon="113.9363721"><ele>16.6</ele><time>2023-08-04T22:33:37Z</time></trkpt>
      <trkpt lat="22.5394202" lon="113.9363740"><ele>16.6</ele><time>2023-08-04T22:33:38Z</time></trkpt>
      <trkpt lat="22.5394386" lon="113.9363754"><ele>16.6</ele><time>2023-08-04T22:33:39Z</time></trkpt>
      <trkpt lat="22.5394570" lon="113.9363756"><ele>16.6</ele><time>2023-08-04T22:33:40Z</time></trkpt>
      <trkpt lat="22.5394747" lon="113.9363760"><ele>16.6</ele><time>2023-08-04T22:33:41Z</time></trkpt>
      <trkpt lat="22.5394924" lon="113.9363766"><ele>16.5</ele><time>2023-08-04T22:33:42Z</time></trkpt>
      <trkpt lat="22.5395101" lon="113.9363764"><ele>16.5</ele><time>2023-08-04T22:33:43Z</time></trkpt>
      <trkpt lat="22.5395277" lon="113.9363750"><ele>16.5</ele><time>2023-08-04T22:33:44Z</time></trkpt>
      <trkpt lat="22.5395453" lon="113.9363719"><ele>16.5</ele><time>2023-08-04T22:33:45Z</time></trkpt>
      <trkpt lat="22.5395627" lon="113.9363680"><ele>16.5</ele><time>2023-08-04T22:33:46Z</time></trkpt>
      <trkpt lat="22.5395800" lon="113.9363634"><ele>16.5</ele><time>2023-08-04T22:33:47Z</time></trkpt>
      <trkpt lat="22.5395970" lon="113.9363580"><ele>16.5</ele><time>2023-08-04T22:33:48Z</time></trkpt>
      <trkpt lat="22.5396136" lon="113.9363524"><ele>16.5</ele><time>2023-08-04T22:33:49Z</time></trkpt>
      <trkpt lat="22.5396297" lon="113.9363461"><ele>16.4</ele><time>2023-08-04T22:33:50Z</time></trkpt>
      <trkpt lat="22.5396455" lon="113.9363387"><ele>16.4</ele><time>2023-08-04T22:33:51Z</time></trkpt>
      <trkpt lat="22.5396613" lon="113.9363305"><ele>16.4</ele><time>2023-08-04T22:33:52Z</time></trkpt>
      <trkpt lat="22.5396766" lon="113.9363223"><ele>16.4</ele><time>2023-08-04T22:33:53Z</time></trkpt>
      <trkpt lat="22.5396920" lon="113.9363146"><ele>16.4</ele><time>2023-08-04T22:33:54Z</time></trkpt>
      <trkpt lat="22.5397079" lon="113.9363072"><ele>16.4</ele><time>2023-08-04T22:33:55Z</time></trkpt>
      <trkpt lat="22.5397235" lon="113.9362996"><ele>16.4</ele><time>2023-08-04T22:33:56Z</time></trkpt>
      <trkpt lat="22.5397380" lon="113.9362895"><ele>16.4</ele><time>2023-08-04T22:33:57Z</time></trkpt>
      <trkpt lat="22.5397515" lon="113.9362772"><ele>16.4</ele><time>2023-08-04T22:33:58Z</time></trkpt>
      <trkpt lat="22.5397647" lon="113.9362650"><ele>16.4</ele><time>2023-08-04T22:33:59Z</time></trkpt>
      <trkpt lat="22.5397776" lon="113.9362527"><ele>16.3</ele><time>2023-08-04T22:34:00Z</time></trkpt>
      <trkpt lat="22.5397902" lon="113.9362396"><ele>16.3</ele><time>2023-08-04T22:34:01Z</time></trkpt>
      <trkpt lat="22.5398024" lon="113.9362264"><ele>16.3</ele><time>2023-08-04T22:34:02Z</time></trkpt>
      <trkpt lat="22.5398144" lon="113.9362131"><ele>16.3</ele><time>2023-08-04T22:34:03Z</time></trkpt>
      <trkpt lat="22.5398260" lon="113.9361989"><ele>16.3</ele><time>2023-08-04T22:34:04Z</time></trkpt>
      <trkpt lat="22.5398362" lon="113.9361836"><ele>16.3</ele><time>2023-08-04T22:34:05Z</time></trkpt>
      <trkpt lat="22.5398450" lon="113.9361674"><ele>16.2</ele><time>2023-08-04T22:34:06Z</time></trkpt>
      <trkpt lat="22.5398529" lon="113.9361507"><ele>16.2</ele><time>2023-08-04T22:34:07Z</time></trkpt>
      <trkpt lat="22.5398603" lon="113.9361335"><ele>16.2</ele><time>2023-08-04T22:34:08Z</time></trkpt>
      <trkpt lat="22.5398671" lon="113.9361162"><ele>16.2</ele><time>2023-08-04T22:34:09Z</time></trkpt>
      <trkpt lat="22.5398736" lon="113.9360994"><ele>16.2</ele><time>2023-08-04T22:34:10Z</time></trkpt>
      <trkpt lat="22.5398804" lon="113.9360830"><ele>16.1</ele><time>2023-08-04T22:34:11Z</time></trkpt>
      <trkpt lat="22.5398868" lon="113.9360665"><ele>16.1</ele><time>2023-08-04T22:34:12Z</time></trkpt>
      <trkpt lat="22.5398926" lon="113.9360497"><ele>16.1</ele><time>2023-08-04T22:34:13Z</time></trkpt>
      <trkpt lat="22.5398976" lon="113.9360323"><ele>16.1</ele><time>2023-08-04T22:34:14Z</time></trkpt>
      <trkpt lat="22.5399015" lon="113.9360147"><ele>16.0</ele><time>2023-08-04T22:34:15Z</time></trkpt>
      <trkpt lat="22.5399039" lon="113.9359971"><ele>16.0</ele><time>2023-08-04T22:34:16Z</time></trkpt>
      <trkpt lat="22.5399056" lon="113.9359791"><ele>16.0</ele><time>2023-08-04T22:34:17Z</time></trkpt>
      <trkpt lat="22.5399070" lon="113.9359609"><ele>16.0</ele><time>2023-08-04T22:34:18Z</time></trkpt>
      <trkpt lat="22.5399069" lon="113.9359428"><ele>15.9</ele><time>2023-08-04T22:34:19Z</time></trkpt>
      <trkpt lat="22.5399059" lon="113.9359248"><ele>15.9</ele><time>2023-08-04T22:34:20Z</time></trkpt>
      <trkpt lat="22.5399063" lon="113.9359067"><ele>15.9</ele><time>2023-08-04T22:34:21Z</time></trkpt>
      <trkpt lat="22.5399072" lon="113.9358888"><ele>15.9</ele><time>2023-08-04T22:34:22Z</time></trkpt>
      <trkpt lat="22.5399076" lon="113.9358710"><ele>15.9</ele><time>2023-08-04T22:34:23Z</time></trkpt>
      <trkpt lat="22.5399070" lon="113.9358530"><ele>15.8</ele><time>2023-08-04T22:34:24Z</time></trkpt>
      <trkpt lat="22.5399048" lon="113.9358351"><ele>15.8</ele><time>2023-08-04T22:34:25Z</time></trkpt>
      <trkpt lat="22.5399018" lon="113.9358174"><ele>15.8</ele><time>2023-08-04T22:34:26Z</time></trkpt>
      <trkpt lat="22.5398987" lon="113.9357998"><ele>15.8</ele><time>2023-08-04T22:34:27Z</time></trkpt>
      <trkpt lat="22.5398949" lon="113.9357824"><ele>15.8</ele><time>2023-08-04T22:34:28Z</time></trkpt>
      <trkpt lat="22.5398897" lon="113.9357654"><ele>15.7</ele><time>2023-08-04T22:34:29Z</time></trkpt>
      <trkpt lat="22.5398841" lon="113.9357485"><ele>15.7</ele><time>2023-08-04T22:34:30Z</time></trkpt>
      <trkpt lat="22.5398789" lon="113.9357315"><ele>15.7</ele><time>2023-08-04T22:34:31Z</time></trkpt>
      <trkpt lat="22.5398731" lon="113.9357151"><ele>15.7</ele><time>2023-08-04T22:34:32Z</time></trkpt>
      <trkpt lat="22.5398652" lon="113.9356997"><ele>15.7</ele><time>2023-08-04T22:34:33Z</time></trkpt>
      <trkpt lat="22.5398563" lon="113.9356846"><ele>15.6</ele><time>2023-08-04T22:34:34Z</time></trkpt>
      <trkpt lat="22.5398472" lon="113.9356697"><ele>15.6</ele><time>2023-08-04T22:34:35Z</time></trkpt>
      <trkpt lat="22.5398375" lon="113.9356552"><ele>15.6</ele><time>2023-08-04T22:34:36Z</time></trkpt>
      <trkpt lat="22.5398282" lon="113.9356407"><ele>15.6</ele><time>2023-08-04T22:34:37Z</time></trkpt>
      <trkpt lat="22.5398184" lon="113.9356266"><ele>15.6</ele><time>2023-08-04T22:34:38Z</time></trkpt>
      <trkpt lat="22.5398074" lon="113.9356134"><ele>15.5</ele><time>2023-08-04T22:34:39Z</time></trkpt>
      <trkpt lat="22.5397958" lon="113.9356003"><ele>15.5</ele><time>2023-08-04T22:34:40Z</time></trkpt>
      <trkpt lat="22.5397836" lon="113.9355878"><ele>15.5</ele><time>2023-08-04T22:34:41Z</time></trkpt>
      <trkpt lat="22.5397710" lon="113.9355760"><ele>15.5</ele><time>2023-08-04T22:34:42Z</time></trkpt>
      <trkpt lat="22.5397577" lon="113.9355648"><ele>15.4</ele><time>2023-08-04T22:34:43Z</time></trkpt>
      <trkpt lat="22.5397442" lon="113.9355539"><ele>15.4</ele><time>2023-08-04T22:34:44Z</time></trkpt>
      <trkpt lat="22.5397306" lon="113.9355436"><ele>15.4</ele><time>2023-08-04T22:34:45Z</time></trkpt>
      <trkpt lat="22.5397169" lon="113.9355334"><ele>15.4</ele><time>2023-08-04T22:34:46Z</time></trkpt>
      <trkpt lat="22.5397032" lon="113.9355233"><ele>15.4</ele><time>2023-08-04T22:34:47Z</time></trkpt>
      <trkpt lat="22.5396891" lon="113.9355138"><ele>15.3</ele><time>2023-08-04T22:34:48Z</time></trkpt>
      <trkpt lat="22.5396747" lon="113.9355048"><ele>15.3</ele><time>2023-08-04T22:34:49Z</time></trkpt>
      <trkpt lat="22.5396598" lon="113.9354964"><ele>15.3</ele><time>2023-08-04T22:34:50Z</time></trkpt>
      <trkpt lat="22.5396442" lon="113.9354893"><ele>15.3</ele><time>2023-08-04T22:34:51Z</time></trkpt>
      <trkpt lat="22.5396279" lon="113.9354837"><ele>15.3</ele><time>2023-08-04T22:34:52Z</time></trkpt>
      <trkpt lat="22.5396114" lon="113.9354791"><ele>15.3</ele><time>2023-08-04T22:34:53Z</time></trkpt>
      <trkpt lat="22.5395950" lon="113.9354749"><ele>15.2</ele><time>2023-08-04T22:34:54Z</time></trkpt>
      <trkpt lat="22.5395787" lon="113.9354707"><ele>15.2</ele><time>2023-08-04T22:34:55Z</time></trkpt>
      <trkpt lat="22.5395622" lon="113.9354669"><ele>15.2</ele><time>2023-08-04T22:34:56Z</time></trkpt>
      <trkpt lat="22.5395456" lon="113.9354638"><ele>15.2</ele><time>2023-08-04T22:34:57Z</time></trkpt>
      <trkpt lat="22.5395288" lon="113.9354621"><ele>15.2</ele><time>2023-08-04T22:34:58Z</time></trkpt>
      <trkpt lat="22.5395116" lon="113.9354617"><ele>15.1</ele><time>2023-08-04T22:34:59Z</time></trkpt>
      <trkpt lat="22.5394944" lon="113.9354622"><ele>15.1</ele><time>2023-08-04T22:35:00Z</time></trkpt>
      <trkpt lat="22.5394772" lon="113.9354634"><ele>15.1</ele><time>2023-08-04T22:35:01Z</time></trkpt>
      <trkpt lat="22.5394598" lon="113.9354645"><ele>15.1</ele><time>2023-08-04T22:35:02Z</time></trkpt>
      <trkpt lat="22.5394422" lon="113.9354650"><ele>15.1</ele><time>2023-08-04T22:35:03Z</time></trkpt>
      <trkpt lat="22.5394246" lon="113.9354652"><ele>15.0</ele><time>2023-08-04T22:35:04Z</time></trkpt>
      <trkpt lat="22.5394073" lon="113.9354659"><ele>15.0</ele><time>2023-08-04T22:35:05Z</time></trkpt>
      <trkpt lat="22.5393899" lon="113.9354664"><ele>15.0</ele><time>2023-08-04T22:35:06Z</time></trkpt>
      <trkpt lat="22.5393726" lon="113.9354665"><ele>15.0</ele><time>2023-08-04T22:35:07Z</time></trkpt>
      <trkpt lat="22.5393553" lon="113.9354670"><ele>14.9</ele><time>2023-08-04T22:35:08Z</time></trkpt>
      <trkpt lat="22.5393378" lon="113.9354680"><ele>14.9</ele><time>2023-08-04T22:35:09Z</time></trkpt>
      <trkpt lat="22.5393204" lon="113.9354696"><ele>14.9</ele><time>2023-08-04T22:35:10Z</time></trkpt>
      <trkpt lat="22.5393029" lon="113.9354716"><ele>14.9</ele><time>2023-08-04T22:35:11Z</time></trkpt>
      <trkpt lat="22.5392853" lon="113.9354735"><ele>14.9</ele><time>2023-08-04T22:35:12Z</time></trkpt>
      <trkpt lat="22.5392686" lon="113.9354752"><ele>14.8</ele><time>2023-08-04T22:35:13Z</time></trkpt>
      <trkpt lat="22.5392521" lon="113.9354760"><ele>14.8</ele><time>2023-08-04T22:35:14Z</time></trkpt>
      <trkpt lat="22.5392348" lon="113.9354773"><ele>14.8</ele><time>2023-08-04T22:35:15Z</time></trkpt>
      <trkpt lat="22.5392174" lon="113.9354792"><ele>14.8</ele><time>2023-08-04T22:35:16Z</time></trkpt>
      <trkpt lat="22.5392001" lon="113.9354792"><ele>14.8</ele><time>2023-08-04T22:35:17Z</time></trkpt>
      <trkpt lat="22.5391830" lon="113.9354775"><ele>14.8</ele><time>2023-08-04T22:35:18Z</time></trkpt>
      <trkpt lat="22.5391660" lon="113.9354763"><ele>14.8</ele><time>2023-08-04T22:35:19Z</time></trkpt>
      <trkpt lat="22.5391489" lon="113.9354756"><ele>14.8</ele><time>2023-08-04T22:35:20Z</time></trkpt>
      <trkpt lat="22.5391314" lon="113.9354752"><ele>14.8</ele><time>2023-08-04T22:35:21Z</time></trkpt>
      <trkpt lat="22.5391141" lon="113.9354749"><ele>14.8</ele><time>2023-08-04T22:35:22Z</time></trkpt>
      <trkpt lat="22.5390968" lon="113.9354744"><ele>14.8</ele><time>2023-08-04T22:35:23Z</time></trkpt>
      <trkpt lat="22.5390792" lon="113.9354735"><ele>14.8</ele><time>2023-08-04T22:35:24Z</time></trkpt>
      <trkpt lat="22.5390616" lon="113.9354725"><ele>14.8</ele><time>2023-08-04T22:35:25Z</time></trkpt>
      <trkpt lat="22.5390441" lon="113.9354722"><ele>14.8</ele><time>2023-08-04T22:35:26Z</time></trkpt>
      <trkpt lat="22.5390264" lon="113.9354724"><ele>14.8</ele><time>2023-08-04T22:35:27Z</time></trkpt>
      <trkpt lat="22.5390087" lon="113.9354725"><ele>14.8</ele><time>2023-08-04T22:35:28Z</time></trkpt>
      <trkpt lat="22.5389909" lon="113.9354729"><ele>14.9</ele><time>2023-08-04T22:35:29Z</time></trkpt>
      <trkpt lat="22.5389731" lon="113.9354733"><ele>14.9</ele><time>2023-08-04T22:35:30Z</time></trkpt>
      <trkpt lat="22.5389552" lon="113.9354737"><ele>14.9</ele><time>2023-08-04T22:35:31Z</time></trkpt>
      <trkpt lat="22.5389374" lon="113.9354746"><ele>15.0</ele><time>2023-08-04T22:35:32Z</time></trkpt>
      <trkpt lat="22.5389197" lon="113.9354762"><ele>15.0</ele><time>2023-08-04T22:35:33Z</time></trkpt>
      <trkpt lat="22.5389019" lon="113.9354775"><ele>15.0</ele><time>2023-08-04T22:35:34Z</time></trkpt>
      <trkpt lat="22.5388844" lon="113.9354772"><ele>15.1</ele><time>2023-08-04T22:35:35Z</time></trkpt>
      <trkpt lat="22.5388669" lon="113.9354764"><ele>15.1</ele><time>2023-08-04T22:35:36Z</time></trkpt>
      <trkpt lat="22.5388494" lon="113.9354754"><ele>15.2</ele><time>2023-08-04T22:35:37Z</time></trkpt>
      <trkpt lat="22.5388319" lon="113.9354746"><ele>15.2</ele><time>2023-08-04T22:35:38Z</time></trkpt>
      <trkpt lat="22.5388141" lon="113.9354748"><ele>15.3</ele><time>2023-08-04T22:35:39Z</time></trkpt>
      <trkpt lat="22.5387966" lon="113.9354762"><ele>15.3</ele><time>2023-08-04T22:35:40Z</time></trkpt>
      <trkpt lat="22.5387793" lon="113.9354787"><ele>15.4</ele><time>2023-08-04T22:35:41Z</time></trkpt>
      <trkpt lat="22.5387620" lon="113.9354817"><ele>15.4</ele><time>2023-08-04T22:35:42Z</time></trkpt>
      <trkpt lat="22.5387446" lon="113.9354847"><ele>15.5</ele><time>2023-08-04T22:35:43Z</time></trkpt>
      <trkpt lat="22.5387275" lon="113.9354884"><ele>15.5</ele><time>2023-08-04T22:35:44Z</time></trkpt>
      <trkpt lat="22.5387105" lon="113.9354930"><ele>15.6</ele><time>2023-08-04T22:35:45Z</time></trkpt>
      <trkpt lat="22.5386932" lon="113.9354975"><ele>15.7</ele><time>2023-08-04T22:35:46Z</time></trkpt>
      <trkpt lat="22.5386762" lon="113.9355020"><ele>15.7</ele><time>2023-08-04T22:35:47Z</time></trkpt>
      <trkpt lat="22.5386598" lon="113.9355076"><ele>15.8</ele><time>2023-08-04T22:35:48Z</time></trkpt>
      <trkpt lat="22.5386436" lon="113.9355145"><ele>15.8</ele><time>2023-08-04T22:35:49Z</time></trkpt>
      <trkpt lat="22.5386274" lon="113.9355219"><ele>15.9</ele><time>2023-08-04T22:35:50Z</time></trkpt>
      <trkpt lat="22.5386112" lon="113.9355293"><ele>16.0</ele><time>2023-08-04T22:35:51Z</time></trkpt>
      <trkpt lat="22.5385950" lon="113.9355366"><ele>16.0</ele><time>2023-08-04T22:35:52Z</time></trkpt>
      <trkpt lat="22.5385790" lon="113.9355449"><ele>16.1</ele><time>2023-08-04T22:35:53Z</time></trkpt>
      <trkpt lat="22.5385638" lon="113.9355546"><ele>16.2</ele><time>2023-08-04T22:35:54Z</time></trkpt>
      <trkpt lat="22.5385490" lon="113.9355646"><ele>16.2</ele><time>2023-08-04T22:35:55Z</time></trkpt>
      <trkpt lat="22.5385345" lon="113.9355744"><ele>16.3</ele><time>2023-08-04T22:35:56Z</time></trkpt>
      <trkpt lat="22.5385206" lon="113.9355856"><ele>16.3</ele><time>2023-08-04T22:35:57Z</time></trkpt>
      <trkpt lat="22.5385070" lon="113.9355976"><ele>16.4</ele><time>2023-08-04T22:35:58Z</time></trkpt>
      <trkpt lat="22.5384930" lon="113.9356092"><ele>16.4</ele><time>2023-08-04T22:35:59Z</time></trkpt>
      <trkpt lat="22.5384786" lon="113.9356203"><ele>16.5</ele><time>2023-08-04T22:36:00Z</time></trkpt>
      <trkpt lat="22.5384648" lon="113.9356321"><ele>16.5</ele><time>2023-08-04T22:36:01Z</time></trkpt>
      <trkpt lat="22.5384525" lon="113.9356458"><ele>16.5</ele><time>2023-08-04T22:36:02Z</time></trkpt>
      <trkpt lat="22.5384414" lon="113.9356608"><ele>16.5</ele><time>2023-08-04T22:36:03Z</time></trkpt>
      <trkpt lat="22.5384307" lon="113.9356757"><ele>16.6</ele><time>2023-08-04T22:36:04Z</time></trkpt>
      <trkpt lat="22.5384205" lon="113.9356909"><ele>16.6</ele><time>2023-08-04T22:36:05Z</time></trkpt>
      <trkpt lat="22.5384113" lon="113.9357069"><ele>16.6</ele><time>2023-08-04T22:36:06Z</time></trkpt>
      <trkpt lat="22.5384028" lon="113.9357237"><ele>16.6</ele><time>2023-08-04T22:36:07Z</time></trkpt>
      <trkpt lat="22.5383944" lon="113.9357408"><ele>16.6</ele><time>2023-08-04T22:36:08Z</time></trkpt>
      <trkpt lat="22.5383863" lon="113.9357581"><ele>16.6</ele><time>2023-08-04T22:36:09Z</time></trkpt>
      <trkpt lat="22.5383780" lon="113.9357751"><ele>16.5</ele><time>2023-08-04T22:36:10Z</time></trkpt>
      <trkpt lat="22.5383695" lon="113.9357917"><ele>16.5</ele><time>2023-08-04T22:36:11Z</time></trkpt>
      <trkpt lat="22.5383622" lon="113.9358087"><ele>16.5</ele><time>2023-08-04T22:36:12Z</time></trkpt>
      <trkpt lat="22.5383569" lon="113.9358265"><ele>16.5</ele><time>2023-08-04T22:36:13Z</time></trkpt>
      <trkpt lat="22.5383529" lon="113.9358449"><ele>16.4</ele><time>2023-08-04T22:36:14Z</time></trkpt>
      <trkpt lat="22.5383492" lon="113.9358632"><ele>16.4</ele><time>2023-08-04T22:36:15Z</time></trkpt>
      <trkpt lat="22.5383460" lon="113.9358813"><ele>16.3</ele><time>2023-08-04T22:36:16Z</time></trkpt>
      <trkpt lat="22.5383435" lon="113.9358996"><ele>16.3</ele><time>2023-08-04T22:36:17Z</time></trkpt>
      <trkpt lat="22.5383423" lon="113.9359184"><ele>16.2</ele><time>2023-08-04T22:36:18Z</time></trkpt>
      <trkpt lat="22.5383416" lon="113.9359373"><ele>16.2</ele><time>2023-08-04T22:36:19Z</time></trkpt>
      <trkpt lat="22.5383414" lon="113.9359562"><ele>16.1</ele><time>2023-08-04T22:36:20Z</time></trkpt>
      <trkpt lat="22.5383425" lon="113.9359748"><ele>16.1</ele><time>2023-08-04T22:36:21Z</time></trkpt>
      <trkpt lat="22.5383448" lon="113.9359932"><ele>16.0</ele><time>2023-08-04T22:36:22Z</time></trkpt>
      <trkpt lat="22.5383480" lon="113.9360116"><ele>15.9</ele><time>2023-08-04T22:36:23Z</time></trkpt>
      <trkpt lat="22.5383517" lon="113.9360301"><ele>15.9</ele><time>2023-08-04T22:36:24Z</time></trkpt>
      <trkpt lat="22.5383558" lon="113.9360484"><ele>15.8</ele><time>2023-08-04T22:36:25Z</time></trkpt>
      <trkpt lat="22.5383602" lon="113.9360666"><ele>15.7</ele><time>2023-08-04T22:36:26Z</time></trkpt>
      <trkpt lat="22.5383651" lon="113.9360849"><ele>15.6</ele><time>2023-08-04T22:36:27Z</time></trkpt>
      <trkpt lat="22.5383706" lon="113.9361028"><ele>15.5</ele><time>2023-08-04T22:36:28Z</time></trkpt>
      <trkpt lat="22.5383770" lon="113.9361203"><ele>15.5</ele><time>2023-08-04T22:36:29Z</time></trkpt>
      <trkpt lat="22.5383848" lon="113.9361378"><ele>15.4</ele><time>2023-08-04T22:36:30Z</time></trkpt>
      <trkpt lat="22.5383940" lon="113.9361548"><ele>15.3</ele><time>2023-08-04T22:36:31Z</time></trkpt>
      <trkpt lat="22.5384038" lon="113.9361715"><ele>15.2</ele><time>2023-08-04T22:36:32Z</time></trkpt>
      <trkpt lat="22.5384137" lon="113.9361876"><ele>15.1</ele><time>2023-08-04T22:36:33Z</time></trkpt>
      <trkpt lat="22.5384239" lon="113.9362034"><ele>15.0</ele><time>2023-08-04T22:36:34Z</time></trkpt>
      <trkpt lat="22.5384342" lon="113.9362191"><ele>14.9</ele><time>2023-08-04T22:36:35Z</time></trkpt>
      <trkpt lat="22.5384454" lon="113.9362344"><ele>14.8</ele><time>2023-08-04T22:36:36Z</time></trkpt>
      <trkpt lat="22.5384575" lon="113.9362492"><ele>14.8</ele><time>2023-08-04T22:36:37Z</time></trkpt>
      <trkpt lat="22.5384702" lon="113.9362634"><ele>14.7</ele><time>2023-08-04T22:36:38Z</time></trkpt>
      <trkpt lat="22.5384837" lon="113.9362767"><ele>14.6</ele><time>2023-08-04T22:36:39Z</time></trkpt>
      <trkpt lat="22.5384976" lon="113.9362892"><ele>14.5</ele><time>2023-08-04T22:36:40Z</time></trkpt>
      <trkpt lat="22.5385119" lon="113.9363011"><ele>14.4</ele><time>2023-08-04T22:36:41Z</time></trkpt>
      <trkpt lat="22.5385269" lon="113.9363126"><ele>14.4</ele><time>2023-08-04T22:36:42Z</time></trkpt>
      <trkpt lat="22.5385419" lon="113.9363240"><ele>14.3</ele><time>2023-08-04T22:36:43Z</time></trkpt>
      <trkpt lat="22.5385565" lon="113.9363345"><ele>14.3</ele><time>2023-08-04T22:36:44Z</time></trkpt>
      <trkpt lat="22.5385715" lon="113.9363438"><ele>14.2</ele><time>2023-08-04T22:36:45Z</time></trkpt>
      <trkpt lat="22.5385875" lon="113.9363523"><ele>14.2</ele><time>2023-08-04T22:36:46Z</time></trkpt>
      <trkpt lat="22.5386038" lon="113.9363603"><ele>14.1</ele><time>2023-08-04T22:36:47Z</time></trkpt>
      <trkpt lat="22.5386200" lon="113.9363673"><ele>14.1</ele><time>2023-08-04T22:36:48Z</time></trkpt>
      <trkpt lat="22.5386368" lon="113.9363730"><ele>14.1</ele><time>2023-08-04T22:36:49Z</time></trkpt>
      <trkpt lat="22.5386537" lon="113.9363787"><ele>14.1</ele><time>2023-08-04T22:36:50Z</time></trkpt>
      <trkpt lat="22.5386705" lon="113.9363845"><ele>14.1</ele><time>2023-08-04T22:36:51Z</time></trkpt>
      <trkpt lat="22.5386873" lon="113.9363899"><ele>14.1</ele><time>2023-08-04T22:36:52Z</time></trkpt>
      <trkpt lat="22.5387044" lon="113.9363947"><ele>14.1</ele><time>2023-08-04T22:36:53Z</time></trkpt>
      <trkpt lat="22.5387217" lon="113.9363982"><ele>14.1</ele><time>2023-08-04T22:36:54Z</time></trkpt>
      <trkpt lat="22.5387391" lon="113.9364005"><ele>14.2</ele><time>2023-08-04T22:36:55Z</time></trkpt>
      <trkpt lat="22.5387568" lon="113.9364017"><ele>14.2</ele><time>2023-08-04T22:36:56Z</time></trkpt>
      <trkpt lat="22.5387743" lon="113.9364025"><ele>14.3</ele><time>2023-08-04T22:36:57Z</time></trkpt>
      <trkpt lat="22.5387915" lon="113.9364038"><ele>14.3</ele><time>2023-08-04T22:36:58Z</time></trkpt>
      <trkpt lat="22.5388089" lon="113.9364048"><ele>14.4</ele><time>2023-08-04T22:36:59Z</time></trkpt>
      <trkpt lat="22.5388265" lon="113.9364046"><ele>14.4</ele><time>2023-08-04T22:37:00Z</time></trkpt>
      <trkpt lat="22.5388440" lon="113.9364032"><ele>14.5</ele><time>2023-08-04T22:37:01Z</time></trkpt>
      <trkpt lat="22.5388615" lon="113.9364017"><ele>14.6</ele><time>2023-08-04T22:37:02Z</time></trkpt>
      <trkpt lat="22.5388793" lon="113.9364001"><ele>14.6</ele><time>2023-08-04T22:37:03Z</time></trkpt>
      <trkpt lat="22.5388971" lon="113.9363980"><ele>14.7</ele><time>2023-08-04T22:37:04Z</time></trkpt>
      <trkpt lat="22.5389153" lon="113.9363961"><ele>14.8</ele><time>2023-08-04T22:37:05Z</time></trkpt>
      <trkpt lat="22.5389340" lon="113.9363958"><ele>14.9</ele><time>2023-08-04T22:37:06Z</time></trkpt>
      <trkpt lat="22.5389528" lon="113.9363958"><ele>15.0</ele><time>2023-08-04T22:37:07Z</time></trkpt>
      <trkpt lat="22.5389716" lon="113.9363952"><ele>15.0</ele><time>2023-08-04T22:37:08Z</time></trkpt>
      <trkpt lat="22.5389902" lon="113.9363943"><ele>15.1</ele><time>2023-08-04T22:37:09Z</time></trkpt>
      <trkpt lat="22.5390086" lon="113.9363929"><ele>15.2</ele><time>2023-08-04T22:37:10Z</time></trkpt>
      <trkpt lat="22.5390270" lon="113.9363915"><ele>15.3</ele><time>2023-08-04T22:37:11Z</time></trkpt>
      <trkpt lat="22.5390466" lon="113.9363903"><ele>15.4</ele><time>2023-08-04T22:37:12Z</time></trkpt>
      <trkpt lat="22.5390680" lon="113.9363893"><ele>15.5</ele><time>2023-08-04T22:37:13Z</time></trkpt>
      <trkpt lat="22.5390899" lon="113.9363896"><ele>15.6</ele><time>2023-08-04T22:37:14Z</time></trkpt>
      <trkpt lat="22.5391110" lon="113.9363909"><ele>15.7</ele><time>2023-08-04T22:37:15Z</time></trkpt>
      <trkpt lat="22.5391319" lon="113.9363918"><ele>15.8</ele><time>2023-08-04T22:37:16Z</time></trkpt>
      <trkpt lat="22.5391524" lon="113.9363925"><ele>15.9</ele><time>2023-08-04T22:37:17Z</time></trkpt>
      <trkpt lat="22.5391721" lon="113.9363929"><ele>15.9</ele><time>2023-08-04T22:37:18Z</time></trkpt>
      <trkpt lat="22.5391920" lon="113.9363923"><ele>16.0</ele><time>2023-08-04T22:37:19Z</time></trkpt>
      <trkpt lat="22.5392123" lon="113.9363917"><ele>16.1</ele><time>2023-08-04T22:37:20Z</time></trkpt>
      <trkpt lat="22.5392325" lon="113.9363910"><ele>16.2</ele><time>2023-08-04T22:37:21Z</time></trkpt>
      <trkpt lat="22.5392524" lon="113.9363898"><ele>16.3</ele><time>2023-08-04T22:37:22Z</time></trkpt>
      <trkpt lat="22.5392720" lon="113.9363887"><ele>16.3</ele><time>2023-08-04T22:37:23Z</time></trkpt>
      <trkpt lat="22.5392914" lon="113.9363876"><ele>16.4</ele><time>2023-08-04T22:37:24Z</time></trkpt>
      <trkpt lat="22.5393110" lon="113.9363870"><ele>16.5</ele><time>2023-08-04T22:37:25Z</time></trkpt>
      <trkpt lat="22.5393303" lon="113.9363876"><ele>16.5</ele><time>2023-08-04T22:37:26Z</time></trkpt>
      <trkpt lat="22.5393494" lon="113.9363888"><ele>16.6</ele><time>2023-08-04T22:37:27Z</time></trkpt>
      <trkpt lat="22.5393688" lon="113.9363897"><ele>16.7</ele><time>2023-08-04T22:37:28Z</time></trkpt>
      <trkpt lat="22.5393882" lon="113.9363905"><ele>16.7</ele><time>2023-08-04T22:37:29Z</time></trkpt>
      <trkpt lat="22.5394076" lon="113.9363904"><ele>16.8</ele><time>2023-08-04T22:37:30Z</time></trkpt>
      <trkpt lat="22.5394270" lon="113.9363893"><ele>16.8</ele><time>2023-08-04T22:37:31Z</time></trkpt>
      <trkpt lat="22.5394461" lon="113.9363897"><ele>16.9</ele><time>2023-08-04T22:37:32Z</time></trkpt>
      <trkpt lat="22.5394644" lon="113.9363908"><ele>16.9</ele><time>2023-08-04T22:37:33Z</time></trkpt>
      <trkpt lat="22.5394820" lon="113.9363902"><ele>16.9</ele><time>2023-08-04T22:37:34Z</time></trkpt>
      <trkpt lat="22.5394987" lon="113.9363887"><ele>17.0</ele><time>2023-08-04T22:37:35Z</time></trkpt>
      <trkpt lat="22.5395153" lon="113.9363864"><ele>17.0</ele><time>2023-08-04T22:37:36Z</time></trkpt>
      <trkpt lat="22.5395330" lon="113.9363836"><ele>17.0</ele><time>2023-08-04T22:37:37Z</time></trkpt>
      <trkpt lat="22.5395507" lon="113.9363806"><ele>17.1</ele><time>2023-08-04T22:37:38Z</time></trkpt>
      <trkpt lat="22.5395677" lon="113.9363774"><ele>17.1</ele><time>2023-08-04T22:37:39Z</time></trkpt>
      <trkpt lat="22.5395849" lon="113.9363746"><ele>17.1</ele><time>2023-08-04T22:37:40Z</time></trkpt>
      <trkpt lat="22.5396024" lon="113.9363721"><ele>17.1</ele><time>2023-08-04T22:37:41Z</time></trkpt>
      <trkpt lat="22.5396194" lon="113.9363692"><ele>17.2</ele><time>2023-08-04T22:37:42Z</time></trkpt>
      <trkpt lat="22.5396358" lon="113.9363650"><ele>17.2</ele><time>2023-08-04T22:37:43Z</time></trkpt>
      <trkpt lat="22.5396523" lon="113.9363601"><ele>17.2</ele><time>2023-08-04T22:37:44Z</time></trkpt>
      <trkpt lat="22.5396690" lon="113.9363544"><ele>17.2</ele><time>2023-08-04T22:37:45Z</time></trkpt>
      <trkpt lat="22.5396855" lon="113.9363475"><ele>17.3</ele><time>2023-08-04T22:37:46Z</time></trkpt>
      <trkpt lat="22.5397015" lon="113.9363388"><ele>17.3</ele><time>2023-08-04T22:37:47Z</time></trkpt>
      <trkpt lat="22.5397156" lon="113.9363279"><ele>17.3</ele><time>2023-08-04T22:37:48Z</time></trkpt>
      <trkpt lat="22.5397285" lon="113.9363160"><ele>17.3</ele><time>2023-08-04T22:37:49Z</time></trkpt>
      <trkpt lat="22.5397417" lon="113.9363035"><ele>17.3</ele><time>2023-08-04T22:37:50Z</time></trkpt>
      <trkpt lat="22.5397549" lon="113.9362907"><ele>17.3</ele><time>2023-08-04T22:37:51Z</time></trkpt>
      <trkpt lat="22.5397679" lon="113.9362781"><ele>17.4</ele><time>2023-08-04T22:37:52Z</time></trkpt>
      <trkpt lat="22.5397800" lon="113.9362651"><ele>17.4</ele><time>2023-08-04T22:37:53Z</time></trkpt>
      <trkpt lat="22.5397913" lon="113.9362513"><ele>17.4</ele><time>2023-08-04T22:37:54Z</time></trkpt>
      <trkpt lat="22.5398021" lon="113.9362372"><ele>17.4</ele><time>2023-08-04T22:37:55Z</time></trkpt>
      <trkpt lat="22.5398134" lon="113.9362235"><ele>17.4</ele><time>2023-08-04T22:37:56Z</time></trkpt>
      <trkpt lat="22.5398249" lon="113.9362096"><ele>17.4</ele><time>2023-08-04T22:37:57Z</time></trkpt>
      <trkpt lat="22.5398360" lon="113.9361954"><ele>17.4</ele><time>2023-08-04T22:37:58Z</time></trkpt>
      <trkpt lat="22.5398471" lon="113.9361819"><ele>17.4</ele><time>2023-08-04T22:37:59Z</time></trkpt>
      <trkpt lat="22.5398577" lon="113.9361683"><ele>17.4</ele><time>2023-08-04T22:38:00Z</time></trkpt>
      <trkpt lat="22.5398678" lon="113.9361546"><ele>17.4</ele><time>2023-08-04T22:38:01Z</time></trkpt>
      <trkpt lat="22.5398780" lon="113.9361413"><ele>17.4</ele><time>2023-08-04T22:38:02Z</time></trkpt>
      <trkpt lat="22.5398884" lon="113.9361281"><ele>17.4</ele><time>2023-08-04T22:38:03Z</time></trkpt>
      <trkpt lat="22.5398983" lon="113.9361144"><ele>17.4</ele><time>2023-08-04T22:38:04Z</time></trkpt>
      <trkpt lat="22.5399068" lon="113.9360999"><ele>17.4</ele><time>2023-08-04T22:38:05Z</time></trkpt>
      <trkpt lat="22.5399139" lon="113.9360844"><ele>17.4</ele><time>2023-08-04T22:38:06Z</time></trkpt>
      <trkpt lat="22.5399198" lon="113.9360679"><ele>17.4</ele><time>2023-08-04T22:38:07Z</time></trkpt>
      <trkpt lat="22.5399246" lon="113.9360509"><ele>17.4</ele><time>2023-08-04T22:38:08Z</time></trkpt>
      <trkpt lat="22.5399285" lon="113.9360339"><ele>17.4</ele><time>2023-08-04T22:38:09Z</time></trkpt>
      <trkpt lat="22.5399310" lon="113.9360165"><ele>17.4</ele><time>2023-08-04T22:38:10Z</time></trkpt>
      <trkpt lat="22.5399322" lon="113.9359992"><ele>17.3</ele><time>2023-08-04T22:38:11Z</time></trkpt>
      <trkpt lat="22.5399324" lon="113.9359820"><ele>17.3</ele><time>2023-08-04T22:38:12Z</time></trkpt>
      <trkpt lat="22.5399320" lon="113.9359644"><ele>17.3</ele><time>2023-08-04T22:38:13Z</time></trkpt>
      <trkpt lat="22.5399307" lon="113.9359464"><ele>17.3</ele><time>2023-08-04T22:38:14Z</time></trkpt>
      <trkpt lat="22.5399280" lon="113.9359284"><ele>17.3</ele><time>2023-08-04T22:38:15Z</time></trkpt>
      <trkpt lat="22.5399247" lon="113.9359108"><ele>17.3</ele><time>2023-08-04T22:38:16Z</time></trkpt>
      <trkpt lat="22.5399213" lon="113.9358933"><ele>17.2</ele><time>2023-08-04T22:38:17Z</time></trkpt>
      <trkpt lat="22.5399178" lon="113.9358759"><ele>17.2</ele><time>2023-08-04T22:38:18Z</time></trkpt>
      <trkpt lat="22.5399136" lon="113.9358589"><ele>17.2</ele><time>2023-08-04T22:38:19Z</time></trkpt>
      <trkpt lat="22.5399088" lon="113.9358422"><ele>17.1</ele><time>2023-08-04T22:38:20Z</time></trkpt>
      <trkpt lat="22.5399041" lon="113.9358258"><ele>17.1</ele><time>2023-08-04T22:38:21Z</time></trkpt>
      <trkpt lat="22.5398987" lon="113.9358100"><ele>17.1</ele><time>2023-08-04T22:38:22Z</time></trkpt>
      <trkpt lat="22.5398930" lon="113.9357943"><ele>17.0</ele><time>2023-08-04T22:38:23Z</time></trkpt>
      <trkpt lat="22.5398869" lon="113.9357785"><ele>17.0</ele><time>2023-08-04T22:38:24Z</time></trkpt>
      <trkpt lat="22.5398806" lon="113.9357630"><ele>16.9</ele><time>2023-08-04T22:38:25Z</time></trkpt>
      <trkpt lat="22.5398744" lon="113.9357479"><ele>16.9</ele><time>2023-08-04T22:38:26Z</time></trkpt>
      <trkpt lat="22.5398679" lon="113.9357331"><ele>16.8</ele><time>2023-08-04T22:38:27Z</time></trkpt>
      <trkpt lat="22.5398611" lon="113.9357185"><ele>16.7</ele><time>2023-08-04T22:38:28Z</time></trkpt>
      <trkpt lat="22.5398541" lon="113.9357041"><ele>16.7</ele><time>2023-08-04T22:38:29Z</time></trkpt>
      <trkpt lat="22.5398463" lon="113.9356902"><ele>16.6</ele><time>2023-08-04T22:38:30Z</time></trkpt>
      <trkpt lat="22.5398374" lon="113.9356771"><ele>16.5</ele><time>2023-08-04T22:38:31Z</time></trkpt>
      <trkpt lat="22.5398277" lon="113.9356646"><ele>16.4</ele><time>2023-08-04T22:38:32Z</time></trkpt>
      <trkpt lat="22.5398182" lon="113.9356522"><ele>16.3</ele><time>2023-08-04T22:38:33Z</time></trkpt>
      <trkpt lat="22.5398086" lon="113.9356397"><ele>16.2</ele><time>2023-08-04T22:38:34Z</time></trkpt>
      <trkpt lat="22.5397985" lon="113.9356277"><ele>16.1</ele><time>2023-08-04T22:38:35Z</time></trkpt>
      <trkpt lat="22.5397880" lon="113.9356161"><ele>16.0</ele><time>2023-08-04T22:38:36Z</time></trkpt>
      <trkpt lat="22.5397774" lon="113.9356046"><ele>15.9</ele><time>2023-08-04T22:38:37Z</time></trkpt>
      <trkpt lat="22.5397667" lon="113.9355932"><ele>15.8</ele><time>2023-08-04T22:38:38Z</time></trkpt>
      <trkpt lat="22.5397555" lon="113.9355823"><ele>15.7</ele><time>2023-08-04T22:38:39Z</time></trkpt>
      <trkpt lat="22.5397442" lon="113.9355716"><ele>15.5</ele><time>2023-08-04T22:38:40Z</time></trkpt>
      <trkpt lat="22.5397327" lon="113.9355611"><ele>15.4</ele><time>2023-08-04T22:38:41Z</time></trkpt>
      <trkpt lat="22.5397209" lon="113.9355511"><ele>15.3</ele><time>2023-08-04T22:38:42Z</time></trkpt>
      <trkpt lat="22.5397088" lon="113.9355415"><ele>15.2</ele><time>2023-08-04T22:38:43Z</time></trkpt>
      <trkpt lat="22.5396963" lon="113.9355326"><ele>15.0</ele><time>2023-08-04T22:38:44Z</time></trkpt>
      <trkpt lat="22.5396831" lon="113.9355248"><ele>14.9</ele><time>2023-08-04T22:38:45Z</time></trkpt>
      <trkpt lat="22.5396699" lon="113.9355172"><ele>14.8</ele><time>2023-08-04T22:38:46Z</time></trkpt>
      <trkpt lat="22.5396571" lon="113.9355090"><ele>14.7</ele><time>2023-08-04T22:38:47Z</time></trkpt>
      <trkpt lat="22.5396442" lon="113.9355009"><ele>14.6</ele><time>2023-08-04T22:38:48Z</time></trkpt>
      <trkpt lat="22.5396309" lon="113.9354937"><ele>14.5</ele><time>2023-08-04T22:38:49Z</time></trkpt>
      <trkpt lat="22.5396170" lon="113.9354878"><ele>14.3</ele><time>2023-08-04T22:38:50Z</time></trkpt>
      <trkpt lat="22.5396025" lon="113.9354835"><ele>14.2</ele><time>2023-08-04T22:38:51Z</time></trkpt>
      <trkpt lat="22.5395875" lon="113.9354805"><ele>14.1</ele><time>2023-08-04T22:38:52Z</time></trkpt>
      <trkpt lat="22.5395723" lon="113.9354781"><ele>14.0</ele><time>2023-08-04T22:38:53Z</time></trkpt>
      <trkpt lat="22.5395570" lon="113.9354763"><ele>13.9</ele><time>2023-08-04T22:38:54Z</time></trkpt>
      <trkpt lat="22.5395416" lon="113.9354752"><ele>13.9</ele><time>2023-08-04T22:38:55Z</time></trkpt>
      <trkpt lat="22.5395262" lon="113.9354744"><ele>13.8</ele><time>2023-08-04T22:38:56Z</time></trkpt>
      <trkpt lat="22.5395109" lon="113.9354752"><ele>13.7</ele><time>2023-08-04T22:38:57Z</time></trkpt>
      <trkpt lat="22.5394958" lon="113.9354780"><ele>13.6</ele><time>2023-08-04T22:38:58Z</time></trkpt>
      <trkpt lat="22.5394807" lon="113.9354812"><ele>13.6</ele><time>2023-08-04T22:38:59Z</time></trkpt>
      <trkpt lat="22.5394653" lon="113.9354831"><ele>13.5</ele><time>2023-08-04T22:39:00Z</time></trkpt>
      <trkpt lat="22.5394498" lon="113.9354838"><ele>13.4</ele><time>2023-08-04T22:39:01Z</time></trkpt>
      <trkpt lat="22.5394343" lon="113.9354847"><ele>13.4</ele><time>2023-08-04T22:39:02Z</time></trkpt>
      <trkpt lat="22.5394187" lon="113.9354855"><ele>13.3</ele><time>2023-08-04T22:39:03Z</time></trkpt>
      <trkpt lat="22.5394032" lon="113.9354856"><ele>13.3</ele><time>2023-08-04T22:39:04Z</time></trkpt>
      <trkpt lat="22.5393878" lon="113.9354857"><ele>13.2</ele><time>2023-08-04T22:39:05Z</time></trkpt>
      <trkpt lat="22.5393723" lon="113.9354863"><ele>13.2</ele><time>2023-08-04T22:39:06Z</time></trkpt>
      <trkpt lat="22.5393567" lon="113.9354871"><ele>13.2</ele><time>2023-08-04T22:39:07Z</time></trkpt>
      <trkpt lat="22.5393411" lon="113.9354877"><ele>13.1</ele><time>2023-08-04T22:39:08Z</time></trkpt>
      <trkpt lat="22.5393254" lon="113.9354881"><ele>13.1</ele><time>2023-08-04T22:39:09Z</time></trkpt>
      <trkpt lat="22.5393097" lon="113.9354875"><ele>13.1</ele><time>2023-08-04T22:39:10Z</time></trkpt>
      <trkpt lat="22.5392942" lon="113.9354859"><ele>13.1</ele><time>2023-08-04T22:39:11Z</time></trkpt>
      <trkpt lat="22.5392787" lon="113.9354845"><ele>13.1</ele><time>2023-08-04T22:39:12Z</time></trkpt>
      <trkpt lat="22.5392630" lon="113.9354845"><ele>13.1</ele><time>2023-08-04T22:39:13Z</time></trkpt>
      <trkpt lat="22.5392472" lon="113.9354853"><ele>13.1</ele><time>2023-08-04T22:39:14Z</time></trkpt>
      <trkpt lat="22.5392314" lon="113.9354858"><ele>13.1</ele><time>2023-08-04T22:39:15Z</time></trkpt>
      <trkpt lat="22.5392156" lon="113.9354861"><ele>13.1</ele><time>2023-08-04T22:39:16Z</time></trkpt>
      <trkpt lat="22.5391997" lon="113.9354862"><ele>13.1</ele><time>2023-08-04T22:39:17Z</time></trkpt>
      <trkpt lat="22.5391839" lon="113.9354862"><ele>13.2</ele><time>2023-08-04T22:39:18Z</time></trkpt>
      <trkpt lat="22.5391680" lon="113.9354866"><ele>13.2</ele><time>2023-08-04T22:39:19Z</time></trkpt>
      <trkpt lat="22.5391520" lon="113.9354875"><ele>13.2</ele><time>2023-08-04T22:39:20Z</time></trkpt>
      <trkpt lat="22.5391359" lon="113.9354881"><ele>13.3</ele><time>2023-08-04T22:39:21Z</time></trkpt>
      <trkpt lat="22.5391198" lon="113.9354878"><ele>13.3</ele><time>2023-08-04T22:39:22Z</time></trkpt>
      <trkpt lat="22.5391038" lon="113.9354868"><ele>13.4</ele><time>2023-08-04T22:39:23Z</time></trkpt>
      <trkpt lat="22.5390878" lon="113.9354861"><ele>13.5</ele><time>2023-08-04T22:39:24Z</time></trkpt>
      <trkpt lat="22.5390715" lon="113.9354858"><ele>13.5</ele><time>2023-08-04T22:39:25Z</time></trkpt>
      <trkpt lat="22.5390552" lon="113.9354852"><ele>13.6</ele><time>2023-08-04T22:39:26Z</time></trkpt>
      <trkpt lat="22.5390389" lon="113.9354845"><ele>13.7</ele><time>2023-08-04T22:39:27Z</time></trkpt>
      <trkpt lat="22.5390225" lon="113.9354845"><ele>13.7</ele><time>2023-08-04T22:39:28Z</time></trkpt>
      <trkpt lat="22.5390059" lon="113.9354848"><ele>13.8</ele><time>2023-08-04T22:39:29Z</time></trkpt>
      <trkpt lat="22.5389892" lon="113.9354849"><ele>13.9</ele><time>2023-08-04T22:39:30Z</time></trkpt>
      <trkpt lat="22.5389725" lon="113.9354849"><ele>14.0</ele><time>2023-08-04T22:39:31Z</time></trkpt>
      <trkpt lat="22.5389557" lon="113.9354851"><ele>14.1</ele><time>2023-08-04T22:39:32Z</time></trkpt>
      <trkpt lat="22.5389388" lon="113.9354855"><ele>14.2</ele><time>2023-08-04T22:39:33Z</time></trkpt>
      <trkpt lat="22.5389219" lon="113.9354853"><ele>14.3</ele><time>2023-08-04T22:39:34Z</time></trkpt>
      <trkpt lat="22.5389053" lon="113.9354848"><ele>14.4</ele><time>2023-08-04T22:39:35Z</time></trkpt>
      <trkpt lat="22.5388885" lon="113.9354845"><ele>14.5</ele><time>2023-08-04T22:39:36Z</time></trkpt>
      <trkpt lat="22.5388710" lon="113.9354841"><ele>14.6</ele><time>2023-08-04T22:39:37Z</time></trkpt>
      <trkpt lat="22.5388533" lon="113.9354841"><ele>14.7</ele><time>2023-08-04T22:39:38Z</time></trkpt>
      <trkpt lat="22.5388357" lon="113.9354845"><ele>14.8</ele><time>2023-08-04T22:39:39Z</time></trkpt>
      <trkpt lat="22.5388179" lon="113.9354850"><ele>14.9</ele><time>2023-08-04T22:39:40Z</time></trkpt>
      <trkpt lat="22.5388001" lon="113.9354856"><ele>15.0</ele><time>2023-08-04T22:39:41Z</time></trkpt>
      <trkpt lat="22.5387825" lon="113.9354865"><ele>15.1</ele><time>2023-08-04T22:39:42Z</time></trkpt>
      <trkpt lat="22.5387651" lon="113.9354879"><ele>15.2</ele><time>2023-08-04T22:39:43Z</time></trkpt>
      <trkpt lat="22.5387477" lon="113.9354897"><ele>15.3</ele><time>2023-08-04T22:39:44Z</time></trkpt>
      <trkpt lat="22.5387303" lon="113.9354926"><ele>15.4</ele><time>2023-08-04T22:39:45Z</time></trkpt>
      <trkpt lat="22.5387129" lon="113.9354965"><ele>15.5</ele><time>2023-08-04T22:39:46Z</time></trkpt>
      <trkpt lat="22.5386956" lon="113.9355010"><ele>15.6</ele><time>2023-08-04T22:39:47Z</time></trkpt>
      <trkpt lat="22.5386787" lon="113.9355066"><ele>15.6</ele><time>2023-08-04T22:39:48Z</time></trkpt>
      <trkpt lat="22.5386614" lon="113.9355125"><ele>15.7</ele><time>2023-08-04T22:39:49Z</time></trkpt>
      <trkpt lat="22.5386440" lon="113.9355175"><ele>15.8</ele><time>2023-08-04T22:39:50Z</time></trkpt>
      <trkpt lat="22.5386272" lon="113.9355229"><ele>15.8</ele><time>2023-08-04T22:39:51Z</time></trkpt>
      <trkpt lat="22.5386109" lon="113.9355298"><ele>15.9</ele><time>2023-08-04T22:39:52Z</time></trkpt>
      <trkpt lat="22.5385948" lon="113.9355374"><ele>15.9</ele><time>2023-08-04T22:39:53Z</time></trkpt>
      <trkpt lat="22.5385790" lon="113.9355452"><ele>16.0</ele><time>2023-08-04T22:39:54Z</time></trkpt>
      <trkpt lat="22.5385633" lon="113.9355539"><ele>16.0</ele><time>2023-08-04T22:39:55Z</time></trkpt>
      <trkpt lat="22.5385482" lon="113.9355637"><ele>16.0</ele><time>2023-08-04T22:39:56Z</time></trkpt>
      <trkpt lat="22.5385339" lon="113.9355754"><ele>16.0</ele><time>2023-08-04T22:39:57Z</time></trkpt>
      <trkpt lat="22.5385204" lon="113.9355898"><ele>16.0</ele><time>2023-08-04T22:39:58Z</time></trkpt>
      <trkpt lat="22.5385075" lon="113.9356055"><ele>16.0</ele><time>2023-08-04T22:39:59Z</time></trkpt>
      <trkpt lat="22.5384954" lon="113.9356205"><ele>16.0</ele><time>2023-08-04T22:40:00Z</time></trkpt>
      <trkpt lat="22.5384841" lon="113.9356352"><ele>16.0</ele><time>2023-08-04T22:40:01Z</time></trkpt>
      <trkpt lat="22.5384733" lon="113.9356502"><ele>16.0</ele><time>2023-08-04T22:40:02Z</time></trkpt>
      <trkpt lat="22.5384622" lon="113.9356648"><ele>15.9</ele><time>2023-08-04T22:40:03Z</time></trkpt>
      <trkpt lat="22.5384511" lon="113.9356795"><ele>15.9</ele><time>2023-08-04T22:40:04Z</time></trkpt>
      <trkpt lat="22.5384405" lon="113.9356945"><ele>15.8</ele><time>2023-08-04T22:40:05Z</time></trkpt>
      <trkpt lat="22.5384302" lon="113.9357094"><ele>15.7</ele><time>2023-08-04T22:40:06Z</time></trkpt>
      <trkpt lat="22.5384203" lon="113.9357249"><ele>15.7</ele><time>2023-08-04T22:40:07Z</time></trkpt>
      <trkpt lat="22.5384109" lon="113.9357411"><ele>15.6</ele><time>2023-08-04T22:40:08Z</time></trkpt>
      <trkpt lat="22.5384017" lon="113.9357570"><ele>15.5</ele><time>2023-08-04T22:40:09Z</time></trkpt>
      <trkpt lat="22.5383937" lon="113.9357733"><ele>15.4</ele><time>2023-08-04T22:40:10Z</time></trkpt>
      <trkpt lat="22.5383867" lon="113.9357904"><ele>15.3</ele><time>2023-08-04T22:40:11Z</time></trkpt>
      <trkpt lat="22.5383802" lon="113.9358077"><ele>15.2</ele><time>2023-08-04T22:40:12Z</time></trkpt>
      <trkpt lat="22.5383743" lon="113.9358255"><ele>15.1</ele><time>2023-08-04T22:40:13Z</time></trkpt>
      <trkpt lat="22.5383703" lon="113.9358438"><ele>15.0</ele><time>2023-08-04T22:40:14Z</time></trkpt>
      <trkpt lat="22.5383670" lon="113.9358619"><ele>14.9</ele><time>2023-08-04T22:40:15Z</time></trkpt>
      <trkpt lat="22.5383636" lon="113.9358800"><ele>14.8</ele><time>2023-08-04T22:40:16Z</time></trkpt>
      <trkpt lat="22.5383605" lon="113.9358982"><ele>14.7</ele><time>2023-08-04T22:40:17Z</time></trkpt>
      <trkpt lat="22.5383581" lon="113.9359162"><ele>14.6</ele><time>2023-08-04T22:40:18Z</time></trkpt>
      <trkpt lat="22.5383572" lon="113.9359344"><ele>14.5</ele><time>2023-08-04T22:40:19Z</time></trkpt>
      <trkpt lat="22.5383579" lon="113.9359530"><ele>14.4</ele><time>2023-08-04T22:40:20Z</time></trkpt>
      <trkpt lat="22.5383595" lon="113.9359716"><ele>14.3</ele><time>2023-08-04T22:40:21Z</time></trkpt>
      <trkpt lat="22.5383610" lon="113.9359899"><ele>14.2</ele><time>2023-08-04T22:40:22Z</time></trkpt>
      <trkpt lat="22.5383632" lon="113.9360082"><ele>14.1</ele><time>2023-08-04T22:40:23Z</time></trkpt>
      <trkpt lat="22.5383654" lon="113.9360264"><ele>14.0</ele><time>2023-08-04T22:40:24Z</time></trkpt>
      <trkpt lat="22.5383679" lon="113.9360443"><ele>13.9</ele><time>2023-08-04T22:40:25Z</time></trkpt>
      <trkpt lat="22.5383717" lon="113.9360619"><ele>13.9</ele><time>2023-08-04T22:40:26Z</time></trkpt>
      <trkpt lat="22.5383764" lon="113.9360793"><ele>13.8</ele><time>2023-08-04T22:40:27Z</time></trkpt>
      <trkpt lat="22.5383817" lon="113.9360967"><ele>13.7</ele><time>2023-08-04T22:40:28Z</time></trkpt>
      <trkpt lat="22.5383881" lon="113.9361138"><ele>13.7</ele><time>2023-08-04T22:40:29Z</time></trkpt>
      <trkpt lat="22.5383953" lon="113.9361307"><ele>13.6</ele><time>2023-08-04T22:40:30Z</time></trkpt>
      <trkpt lat="22.5384012" lon="113.9361480"><ele>13.6</ele><time>2023-08-04T22:40:31Z</time></trkpt>
      <trkpt lat="22.5384062" lon="113.9361655"><ele>13.5</ele><time>2023-08-04T22:40:32Z</time></trkpt>
      <trkpt lat="22.5384128" lon="113.9361822"><ele>13.5</ele><time>2023-08-04T22:40:33Z</time></trkpt>
      <trkpt lat="22.5384209" lon="113.9361982"><ele>13.5</ele><time>2023-08-04T22:40:34Z</time></trkpt>
      <trkpt lat="22.5384307" lon="113.9362132"><ele>13.4</ele><time>2023-08-04T22:40:35Z</time></trkpt>
      <trkpt lat="22.5384424" lon="113.9362267"><ele>13.4</ele><time>2023-08-04T22:40:36Z</time></trkpt>
      <trkpt lat="22.5384549" lon="113.9362395"><ele>13.4</ele><time>2023-08-04T22:40:37Z</time></trkpt>
      <trkpt lat="22.5384666" lon="113.9362530"><ele>13.4</ele><time>2023-08-04T22:40:38Z</time></trkpt>
      <trkpt lat="22.5384771" lon="113.9362674"><ele>13.4</ele><time>2023-08-04T22:40:39Z</time></trkpt>
      <trkpt lat="22.5384881" lon="113.9362815"><ele>13.4</ele><time>2023-08-04T22:40:40Z</time></trkpt>
      <trkpt lat="22.5385010" lon="113.9362937"><ele>13.4</ele><time>2023-08-04T22:40:41Z</time></trkpt>
      <trkpt lat="22.5385152" lon="113.9363045"><ele>13.4</ele><time>2023-08-04T22:40:42Z</time></trkpt>
      <trkpt lat="22.5385293" lon="113.9363148"><ele>13.4</ele><time>2023-08-04T22:40:43Z</time></trkpt>
      <trkpt lat="22.5385431" lon="113.9363251"><ele>13.5</ele><time>2023-08-04T22:40:44Z</time></trkpt>
      <trkpt lat="22.5385572" lon="113.9363352"><ele>13.5</ele><time>2023-08-04T22:40:45Z</time></trkpt>
      <trkpt lat="22.5385716" lon="113.9363450"><ele>13.5</ele><time>2023-08-04T22:40:46Z</time></trkpt>
      <trkpt lat="22.5385865" lon="113.9363539"><ele>13.5</ele><time>2023-08-04T22:40:47Z</time></trkpt>
      <trkpt lat="22.5386022" lon="113.9363607"><ele>13.6</ele><time>2023-08-04T22:40:48Z</time></trkpt>
      <trkpt lat="22.5386186" lon="113.9363657"><ele>13.6</ele><time>2023-08-04T22:40:49Z</time></trkpt>
      <trkpt lat="22.5386352" lon="113.9363703"><ele>13.7</ele><time>2023-08-04T22:40:50Z</time></trkpt>
      <trkpt lat="22.5386518" lon="113.9363752"><ele>13.7</ele><time>2023-08-04T22:40:51Z</time></trkpt>
      <trkpt lat="22.5386683" lon="113.9363806"><ele>13.7</ele><time>2023-08-04T22:40:52Z</time></trkpt>
      <trkpt lat="22.5386845" lon="113.9363863"><ele>13.8</ele><time>2023-08-04T22:40:53Z</time></trkpt>
      <trkpt lat="22.5387010" lon="113.9363908"><ele>13.8</ele><time>2023-08-04T22:40:54Z</time></trkpt>
      <trkpt lat="22.5387180" lon="113.9363939"><ele>13.9</ele><time>2023-08-04T22:40:55Z</time></trkpt>
      <trkpt lat="22.5387350" lon="113.9363962"><ele>13.9</ele><time>2023-08-04T22:40:56Z</time></trkpt>
      <trkpt lat="22.5387522" lon="113.9363975"><ele>14.0</ele><time>2023-08-04T22:40:57Z</time></trkpt>
      <trkpt lat="22.5387697" lon="113.9363970"><ele>14.1</ele><time>2023-08-04T22:40:58Z</time></trkpt>
      <trkpt lat="22.5387872" lon="113.9363967"><ele>14.1</ele><time>2023-08-04T22:40:59Z</time></trkpt>
      <trkpt lat="22.5388045" lon="113.9363979"><ele>14.2</ele><time>2023-08-04T22:41:00Z</time></trkpt>
      <trkpt lat="22.5388219" lon="113.9363993"><ele>14.3</ele><time>2023-08-04T22:41:01Z</time></trkpt>
      <trkpt lat="22.5388394" lon="113.9364011"><ele>14.3</ele><time>2023-08-04T22:41:02Z</time></trkpt>
      <trkpt lat="22.5388570" lon="113.9364031"><ele>14.4</ele><time>2023-08-04T22:41:03Z</time></trkpt>
      <trkpt lat="22.5388750" lon="113.9364047"><ele>14.5</ele><time>2023-08-04T22:41:04Z</time></trkpt>
      <trkpt lat="22.5388934" lon="113.9364047"><ele>14.6</ele><time>2023-08-04T22:41:05Z</time></trkpt>
      <trkpt lat="22.5389123" lon="113.9364017"><ele>14.7</ele><time>2023-08-04T22:41:06Z</time></trkpt>
      <trkpt lat="22.5389312" lon="113.9363978"><ele>14.7</ele><time>2023-08-04T22:41:07Z</time></trkpt>
      <trkpt lat="22.5389500" lon="113.9363962"><ele>14.8</ele><time>2023-08-04T22:41:08Z</time></trkpt>
      <trkpt lat="22.5389684" lon="113.9363967"><ele>14.9</ele><time>2023-08-04T22:41:09Z</time></trkpt>
      <trkpt lat="22.5389862" lon="113.9363982"><ele>15.0</ele><time>2023-08-04T22:41:10Z</time></trkpt>
      <trkpt lat="22.5390040" lon="113.9363989"><ele>15.1</ele><time>2023-08-04T22:41:11Z</time></trkpt>
      <trkpt lat="22.5390220" lon="113.9363969"><ele>15.1</ele><time>2023-08-04T22:41:12Z</time></trkpt>
      <trkpt lat="22.5390397" lon="113.9363936"><ele>15.2</ele><time>2023-08-04T22:41:13Z</time></trkpt>
      <trkpt lat="22.5390563" lon="113.9363927"><ele>15.3</ele><time>2023-08-04T22:41:14Z</time></trkpt>
      <trkpt lat="22.5390733" lon="113.9363941"><ele>15.4</ele><time>2023-08-04T22:41:15Z</time></trkpt>
      <trkpt lat="22.5390918" lon="113.9363959"><ele>15.4</ele><time>2023-08-04T22:41:16Z</time></trkpt>
      <trkpt lat="22.5391103" lon="113.9363977"><ele>15.5</ele><time>2023-08-04T22:41:17Z</time></trkpt>
      <trkpt lat="22.5391284" lon="113.9363987"><ele>15.5</ele><time>2023-08-04T22:41:18Z</time></trkpt>
      <trkpt lat="22.5391462" lon="113.9363986"><ele>15.6</ele><time>2023-08-04T22:41:19Z</time></trkpt>
      <trkpt lat="22.5391639" lon="113.9363973"><ele>15.7</ele><time>2023-08-04T22:41:20Z</time></trkpt>
      <trkpt lat="22.5391819" lon="113.9363955"><ele>15.7</ele><time>2023-08-04T22:41:21Z</time></trkpt>
      <trkpt lat="22.5392000" lon="113.9363940"><ele>15.8</ele><time>2023-08-04T22:41:22Z</time></trkpt>
      <trkpt lat="22.5392178" lon="113.9363928"><ele>15.8</ele><time>2023-08-04T22:41:23Z</time></trkpt>
      <trkpt lat="22.5392357" lon="113.9363921"><ele>15.9</ele><time>2023-08-04T22:41:24Z</time></trkpt>
      <trkpt lat="22.5392538" lon="113.9363932"><ele>15.9</ele><time>2023-08-04T22:41:25Z</time></trkpt>
      <trkpt lat="22.5392718" lon="113.9363946"><ele>15.9</ele><time>2023-08-04T22:41:26Z</time></trkpt>
      <trkpt lat="22.5392896" lon="113.9363947"><ele>16.0</ele><time>2023-08-04T22:41:27Z</time></trkpt>
      <trkpt lat="22.5393075" lon="113.9363951"><ele>16.0</ele><time>2023-08-04T22:41:28Z</time></trkpt>
      <trkpt lat="22.5393251" lon="113.9363962"><ele>16.1</ele><time>2023-08-04T22:41:29Z</time></trkpt>
      <trkpt lat="22.5393424" lon="113.9363969"><ele>16.1</ele><time>2023-08-04T22:41:30Z</time></trkpt>
      <trkpt lat="22.5393597" lon="113.9363968"><ele>16.1</ele><time>2023-08-04T22:41:31Z</time></trkpt>
      <trkpt lat="22.5393769" lon="113.9363965"><ele>16.2</ele><time>2023-08-04T22:41:32Z</time></trkpt>
      <trkpt lat="22.5393941" lon="113.9363961"><ele>16.2</ele><time>2023-08-04T22:41:33Z</time></trkpt>
      <trkpt lat="22.5394113" lon="113.9363959"><ele>16.2</ele><time>2023-08-04T22:41:34Z</time></trkpt>
      <trkpt lat="22.5394283" lon="113.9363963"><ele>16.2</ele><time>2023-08-04T22:41:35Z</time></trkpt>
      <trkpt lat="22.5394450" lon="113.9363965"><ele>16.2</ele><time>2023-08-04T22:41:36Z</time></trkpt>
      <trkpt lat="22.5394619" lon="113.9363964"><ele>16.3</ele><time>2023-08-04T22:41:37Z</time></trkpt>
      <trkpt lat="22.5394786" lon="113.9363967"><ele>16.3</ele><time>2023-08-04T22:41:38Z</time></trkpt>
      <trkpt lat="22.5394950" lon="113.9363966"><ele>16.3</ele><time>2023-08-04T22:41:39Z</time></trkpt>
      <trkpt lat="22.5395115" lon="113.9363957"><ele>16.3</ele><time>2023-08-04T22:41:40Z</time></trkpt>
      <trkpt lat="22.5395280" lon="113.9363942"><ele>16.3</ele><time>2023-08-04T22:41:41Z</time></trkpt>
      <trkpt lat="22.5395446" lon="113.9363919"><ele>16.3</ele><time>2023-08-04T22:41:42Z</time></trkpt>
      <trkpt lat="22.5395611" lon="113.9363887"><ele>16.3</ele><time>2023-08-04T22:41:43Z</time></trkpt>
      <trkpt lat="22.5395773" lon="113.9363850"><ele>16.3</ele><time>2023-08-04T22:41:44Z</time></trkpt>
      <trkpt lat="22.5395931" lon="113.9363809"><ele>16.3</ele><time>2023-08-04T22:41:45Z</time></trkpt>
      <trkpt lat="22.5396084" lon="113.9363761"><ele>16.3</ele><time>2023-08-04T22:41:46Z</time></trkpt>
      <trkpt lat="22.5396237" lon="113.9363700"><ele>16.3</ele><time>2023-08-04T22:41:47Z</time></trkpt>
      <trkpt lat="22.5396389" lon="113.9363626"><ele>16.3</ele><time>2023-08-04T22:41:48Z</time></trkpt>
      <trkpt lat="22.5396539" lon="113.9363542"><ele>16.3</ele><time>2023-08-04T22:41:49Z</time></trkpt>
      <trkpt lat="22.5396690" lon="113.9363459"><ele>16.3</ele><time>2023-08-04T22:41:50Z</time></trkpt>
      <trkpt lat="22.5396843" lon="113.9363387"><ele>16.3</ele><time>2023-08-04T22:41:51Z</time></trkpt>
      <trkpt lat="22.5396993" lon="113.9363309"><ele>16.3</ele><time>2023-08-04T22:41:52Z</time></trkpt>
      <trkpt lat="22.5397137" lon="113.9363211"><ele>16.2</ele><time>2023-08-04T22:41:53Z</time></trkpt>
      <trkpt lat="22.5397275" lon="113.9363103"><ele>16.2</ele><time>2023-08-04T22:41:54Z</time></trkpt>
      <trkpt lat="22.5397410" lon="113.9362992"><ele>16.2</ele><time>2023-08-04T22:41:55Z</time></trkpt>
      <trkpt lat="22.5397540" lon="113.9362873"><ele>16.2</ele><time>2023-08-04T22:41:56Z</time></trkpt>
      <trkpt lat="22.5397667" lon="113.9362753"><ele>16.2</ele><time>2023-08-04T22:41:57Z</time></trkpt>
      <trkpt lat="22.5397785" lon="113.9362623"><ele>16.2</ele><time>2023-08-04T22:41:58Z</time></trkpt>
      <trkpt lat="22.5397892" lon="113.9362473"><ele>16.1</ele><time>2023-08-04T22:41:59Z</time></trkpt>
      <trkpt lat="22.5397994" lon="113.9362320"><ele>16.1</ele><time>2023-08-04T22:42:00Z</time></trkpt>
      <trkpt lat="22.5398103" lon="113.9362174"><ele>16.1</ele><time>2023-08-04T22:42:01Z</time></trkpt>
      <trkpt lat="22.5398217" lon="113.9362030"><ele>16.1</ele><time>2023-08-04T22:42:02Z</time></trkpt>
      <trkpt lat="22.5398329" lon="113.9361884"><ele>16.1</ele><time>2023-08-04T22:42:03Z</time></trkpt>
      <trkpt lat="22.5398438" lon="113.9361737"><ele>16.1</ele><time>2023-08-04T22:42:04Z</time></trkpt>
      <trkpt lat="22.5398542" lon="113.9361590"><ele>16.0</ele><time>2023-08-04T22:42:05Z</time></trkpt>
      <trkpt lat="22.5398632" lon="113.9361441"><ele>16.0</ele><time>2023-08-04T22:42:06Z</time></trkpt>
      <trkpt lat="22.5398708" lon="113.9361284"><ele>16.0</ele><time>2023-08-04T22:42:07Z</time></trkpt>
      <trkpt lat="22.5398773" lon="113.9361118"><ele>16.0</ele><time>2023-08-04T22:42:08Z</time></trkpt>
      <trkpt lat="22.5398838" lon="113.9360953"><ele>16.0</ele><time>2023-08-04T22:42:09Z</time></trkpt>
      <trkpt lat="22.5398912" lon="113.9360796"><ele>15.9</ele><time>2023-08-04T22:42:10Z</time></trkpt>
      <trkpt lat="22.5398986" lon="113.9360643"><ele>15.9</ele><time>2023-08-04T22:42:11Z</time></trkpt>
      <trkpt lat="22.5399051" lon="113.9360487"><ele>15.9</ele><time>2023-08-04T22:42:12Z</time></trkpt>
      <trkpt lat="22.5399105" lon="113.9360322"><ele>15.9</ele><time>2023-08-04T22:42:13Z</time></trkpt>
      <trkpt lat="22.5399148" lon="113.9360150"><ele>15.9</ele><time>2023-08-04T22:42:14Z</time></trkpt>
      <trkpt lat="22.5399182" lon="113.9359973"><ele>15.9</ele><time>2023-08-04T22:42:15Z</time></trkpt>
      <trkpt lat="22.5399207" lon="113.9359797"><ele>15.9</ele><time>2023-08-04T22:42:16Z</time></trkpt>
      <trkpt lat="22.5399221" lon="113.9359620"><ele>15.9</ele><time>2023-08-04T22:42:17Z</time></trkpt>
      <trkpt lat="22.5399220" lon="113.9359440"><ele>15.9</ele><time>2023-08-04T22:42:18Z</time></trkpt>
      <trkpt lat="22.5399210" lon="113.9359258"><ele>15.9</ele><time>2023-08-04T22:42:19Z</time></trkpt>
      <trkpt lat="22.5399190" lon="113.9359080"><ele>15.9</ele><time>2023-08-04T22:42:20Z</time></trkpt>
      <trkpt lat="22.5399159" lon="113.9358919"><ele>15.9</ele><time>2023-08-04T22:42:21Z</time></trkpt>
      <trkpt lat="22.5399122" lon="113.9358775"><ele>15.9</ele><time>2023-08-04T22:42:22Z</time></trkpt>
      <trkpt lat="22.5399084" lon="113.9358632"><ele>15.9</ele><time>2023-08-04T22:42:23Z</time></trkpt>
      <trkpt lat="22.5399044" lon="113.9358484"><ele>15.9</ele><time>2023-08-04T22:42:24Z</time></trkpt>
      <trkpt lat="22.5399000" lon="113.9358336"><ele>15.9</ele><time>2023-08-04T22:42:25Z</time></trkpt>
      <trkpt lat="22.5398955" lon="113.9358176"><ele>15.9</ele><time>2023-08-04T22:42:26Z</time></trkpt>
      <trkpt lat="22.5398910" lon="113.9358004"><ele>15.9</ele><time>2023-08-04T22:42:27Z</time></trkpt>
      <trkpt lat="22.5398863" lon="113.9357830"><ele>15.9</ele><time>2023-08-04T22:42:28Z</time></trkpt>
      <trkpt lat="22.5398813" lon="113.9357658"><ele>15.9</ele><time>2023-08-04T22:42:29Z</time></trkpt>
      <trkpt lat="22.5398753" lon="113.9357493"><ele>16.0</ele><time>2023-08-04T22:42:30Z</time></trkpt>
      <trkpt lat="22.5398686" lon="113.9357331"><ele>16.0</ele><time>2023-08-04T22:42:31Z</time></trkpt>
      <trkpt lat="22.5398614" lon="113.9357170"><ele>16.0</ele><time>2023-08-04T22:42:32Z</time></trkpt>
      <trkpt lat="22.5398528" lon="113.9357015"><ele>16.0</ele><time>2023-08-04T22:42:33Z</time></trkpt>
      <trkpt lat="22.5398432" lon="113.9356865"><ele>16.0</ele><time>2023-08-04T22:42:34Z</time></trkpt>
      <trkpt lat="22.5398332" lon="113.9356723"><ele>16.1</ele><time>2023-08-04T22:42:35Z</time></trkpt>
      <trkpt lat="22.5398229" lon="113.9356585"><ele>16.1</ele><time>2023-08-04T22:42:36Z</time></trkpt>
      <trkpt lat="22.5398122" lon="113.9356446"><ele>16.1</ele><time>2023-08-04T22:42:37Z</time></trkpt>
      <trkpt lat="22.5398015" lon="113.9356308"><ele>16.1</ele><time>2023-08-04T22:42:38Z</time></trkpt>
      <trkpt lat="22.5397906" lon="113.9356171"><ele>16.1</ele><time>2023-08-04T22:42:39Z</time></trkpt>
      <trkpt lat="22.5397794" lon="113.9356038"><ele>16.1</ele><time>2023-08-04T22:42:40Z</time></trkpt>
      <trkpt lat="22.5397680" lon="113.9355906"><ele>16.1</ele><time>2023-08-04T22:42:41Z</time></trkpt>
      <trkpt lat="22.5397566" lon="113.9355773"><ele>16.1</ele><time>2023-08-04T22:42:42Z</time></trkpt>
      <trkpt lat="22.5397444" lon="113.9355650"><ele>16.1</ele><time>2023-08-04T22:42:43Z</time></trkpt>
      <trkpt lat="22.5397310" lon="113.9355540"><ele>16.1</ele><time>2023-08-04T22:42:44Z</time></trkpt>
      <trkpt lat="22.5397176" lon="113.9355433"><ele>16.1</ele><time>2023-08-04T22:42:45Z</time></trkpt>
      <trkpt lat="22.5397042" lon="113.9355327"><ele>16.1</ele><time>2023-08-04T22:42:46Z</time></trkpt>
      <trkpt lat="22.5396902" lon="113.9355230"><ele>16.0</ele><time>2023-08-04T22:42:47Z</time></trkpt>
      <trkpt lat="22.5396756" lon="113.9355145"><ele>16.0</ele><time>2023-08-04T22:42:48Z</time></trkpt>
      <trkpt lat="22.5396605" lon="113.9355069"><ele>16.0</ele><time>2023-08-04T22:42:49Z</time></trkpt>
      <trkpt lat="22.5396450" lon="113.9355003"><ele>15.9</ele><time>2023-08-04T22:42:50Z</time></trkpt>
      <trkpt lat="22.5396294" lon="113.9354943"><ele>15.9</ele><time>2023-08-04T22:42:51Z</time></trkpt>
      <trkpt lat="22.5396135" lon="113.9354894"><ele>15.9</ele><time>2023-08-04T22:42:52Z</time></trkpt>
      <trkpt lat="22.5395973" lon="113.9354877"><ele>15.8</ele><time>2023-08-04T22:42:53Z</time></trkpt>
      <trkpt lat="22.5395809" lon="113.9354880"><ele>15.8</ele><time>2023-08-04T22:42:54Z</time></trkpt>
      <trkpt lat="22.5395645" lon="113.9354886"><ele>15.7</ele><time>2023-08-04T22:42:55Z</time></trkpt>
      <trkpt lat="22.5395478" lon="113.9354888"><ele>15.7</ele><time>2023-08-04T22:42:56Z</time></trkpt>
      <trkpt lat="22.5395311" lon="113.9354877"><ele>15.6</ele><time>2023-08-04T22:42:57Z</time></trkpt>
      <trkpt lat="22.5395145" lon="113.9354851"><ele>15.5</ele><time>2023-08-04T22:42:58Z</time></trkpt>
      <trkpt lat="22.5394979" lon="113.9354821"><ele>15.5</ele><time>2023-08-04T22:42:59Z</time></trkpt>
      <trkpt lat="22.5394809" lon="113.9354801"><ele>15.4</ele><time>2023-08-04T22:43:00Z</time></trkpt>
      <trkpt lat="22.5394639" lon="113.9354785"><ele>15.3</ele><time>2023-08-04T22:43:01Z</time></trkpt>
      <trkpt lat="22.5394467" lon="113.9354775"><ele>15.3</ele><time>2023-08-04T22:43:02Z</time></trkpt>
      <trkpt lat="22.5394292" lon="113.9354776"><ele>15.2</ele><time>2023-08-04T22:43:03Z</time></trkpt>
      <trkpt lat="22.5394116" lon="113.9354781"><ele>15.1</ele><time>2023-08-04T22:43:04Z</time></trkpt>
      <trkpt lat="22.5393938" lon="113.9354787"><ele>15.1</ele><time>2023-08-04T22:43:05Z</time></trkpt>
      <trkpt lat="22.5393758" lon="113.9354792"><ele>15.0</ele><time>2023-08-04T22:43:06Z</time></trkpt>
      <trkpt lat="22.5393577" lon="113.9354791"><ele>14.9</ele><time>2023-08-04T22:43:07Z</time></trkpt>
      <trkpt lat="22.5393395" lon="113.9354793"><ele>14.9</ele><time>2023-08-04T22:43:08Z</time></trkpt>
      <trkpt lat="22.5393214" lon="113.9354801"><ele>14.8</ele><time>2023-08-04T22:43:09Z</time></trkpt>
      <trkpt lat="22.5393034" lon="113.9354818"><ele>14.7</ele><time>2023-08-04T22:43:10Z</time></trkpt>
      <trkpt lat="22.5392854" lon="113.9354843"><ele>14.7</ele><time>2023-08-04T22:43:11Z</time></trkpt>
      <trkpt lat="22.5392670" lon="113.9354854"><ele>14.6</ele><time>2023-08-04T22:43:12Z</time></trkpt>
      <trkpt lat="22.5392484" lon="113.9354854"><ele>14.6</ele><time>2023-08-04T22:43:13Z</time></trkpt>
      <trkpt lat="22.5392294" lon="113.9354857"><ele>14.5</ele><time>2023-08-04T22:43:14Z</time></trkpt>
      <trkpt lat="22.5392105" lon="113.9354858"><ele>14.5</ele><time>2023-08-04T22:43:15Z</time></trkpt>
      <trkpt lat="22.5391918" lon="113.9354859"><ele>14.4</ele><time>2023-08-04T22:43:16Z</time></trkpt>
      <trkpt lat="22.5391727" lon="113.9354857"><ele>14.4</ele><time>2023-08-04T22:43:17Z</time></trkpt>
      <trkpt lat="22.5391535" lon="113.9354859"><ele>14.3</ele><time>2023-08-04T22:43:18Z</time></trkpt>
      <trkpt lat="22.5391344" lon="113.9354868"><ele>14.3</ele><time>2023-08-04T22:43:19Z</time></trkpt>
      <trkpt lat="22.5391155" lon="113.9354886"><ele>14.3</ele><time>2023-08-04T22:43:20Z</time></trkpt>
      <trkpt lat="22.5390966" lon="113.9354901"><ele>14.2</ele><time>2023-08-04T22:43:21Z</time></trkpt>
      <trkpt lat="22.5390774" lon="113.9354907"><ele>14.2</ele><time>2023-08-04T22:43:22Z</time></trkpt>
      <trkpt lat="22.5390584" lon="113.9354905"><ele>14.2</ele><time>2023-08-04T22:43:23Z</time></trkpt>
      <trkpt lat="22.5390395" lon="113.9354897"><ele>14.2</ele><time>2023-08-04T22:43:24Z</time></trkpt>
      <trkpt lat="22.5390205" lon="113.9354898"><ele>14.1</ele><time>2023-08-04T22:43:25Z</time></trkpt>
      <trkpt lat="22.5390017" lon="113.9354902"><ele>14.1</ele><time>2023-08-04T22:43:26Z</time></trkpt>
      <trkpt lat="22.5389830" lon="113.9354904"><ele>14.1</ele><time>2023-08-04T22:43:27Z</time></trkpt>
      <trkpt lat="22.5389642" lon="113.9354905"><ele>14.1</ele><time>2023-08-04T22:43:28Z</time></trkpt>
      <trkpt lat="22.5389454" lon="113.9354896"><ele>14.1</ele><time>2023-08-04T22:43:29Z</time></trkpt>
      <trkpt lat="22.5389264" lon="113.9354881"><ele>14.1</ele><time>2023-08-04T22:43:30Z</time></trkpt>
      <trkpt lat="22.5389074" lon="113.9354873"><ele>14.1</ele><time>2023-08-04T22:43:31Z</time></trkpt>
      <trkpt lat="22.5388885" lon="113.9354867"><ele>14.1</ele><time>2023-08-04T22:43:32Z</time></trkpt>
      <trkpt lat="22.5388697" lon="113.9354861"><ele>14.1</ele><time>2023-08-04T22:43:33Z</time></trkpt>
      <trkpt lat="22.5388509" lon="113.9354865"><ele>14.1</ele><time>2023-08-04T22:43:34Z</time></trkpt>
      <trkpt lat="22.5388325" lon="113.9354883"><ele>14.1</ele><time>2023-08-04T22:43:35Z</time></trkpt>
      <trkpt lat="22.5388144" lon="113.9354903"><ele>14.1</ele><time>2023-08-04T22:43:36Z</time></trkpt>
      <trkpt lat="22.5387959" lon="113.9354923"><ele>14.1</ele><time>2023-08-04T22:43:37Z</time></trkpt>
      <trkpt lat="22.5387777" lon="113.9354946"><ele>14.1</ele><time>2023-08-04T22:43:38Z</time></trkpt>
      <trkpt lat="22.5387594" lon="113.9354971"><ele>14.1</ele><time>2023-08-04T22:43:39Z</time></trkpt>
      <trkpt lat="22.5387409" lon="113.9354995"><ele>14.1</ele><time>2023-08-04T22:43:40Z</time></trkpt>
      <trkpt lat="22.5387226" lon="113.9355022"><ele>14.1</ele><time>2023-08-04T22:43:41Z</time></trkpt>
      <trkpt lat="22.5387047" lon="113.9355063"><ele>14.1</ele><time>2023-08-04T22:43:42Z</time></trkpt>
      <trkpt lat="22.5386869" lon="113.9355122"><ele>14.1</ele><time>2023-08-04T22:43:43Z</time></trkpt>
      <trkpt lat="22.5386693" lon="113.9355173"><ele>14.1</ele><time>2023-08-04T22:43:44Z</time></trkpt>
      <trkpt lat="22.5386517" lon="113.9355215"><ele>14.1</ele><time>2023-08-04T22:43:45Z</time></trkpt>
      <trkpt lat="22.5386341" lon="113.9355264"><ele>14.1</ele><time>2023-08-04T22:43:46Z</time></trkpt>
      <trkpt lat="22.5386167" lon="113.9355318"><ele>14.1</ele><time>2023-08-04T22:43:47Z</time></trkpt>
      <trkpt lat="22.5385997" lon="113.9355381"><ele>14.1</ele><time>2023-08-04T22:43:48Z</time></trkpt>
      <trkpt lat="22.5385834" lon="113.9355465"><ele>14.1</ele><time>2023-08-04T22:43:49Z</time></trkpt>
      <trkpt lat="22.5385677" lon="113.9355565"><ele>14.1</ele><time>2023-08-04T22:43:50Z</time></trkpt>
      <trkpt lat="22.5385525" lon="113.9355676"><ele>14.1</ele><time>2023-08-04T22:43:51Z</time></trkpt>
      <trkpt lat="22.5385376" lon="113.9355794"><ele>14.1</ele><time>2023-08-04T22:43:52Z</time></trkpt>
      <trkpt lat="22.5385230" lon="113.9355915"><ele>14.1</ele><time>2023-08-04T22:43:53Z</time></trkpt>
      <trkpt lat="22.5385087" lon="113.9356041"><ele>14.1</ele><time>2023-08-04T22:43:54Z</time></trkpt>
      <trkpt lat="22.5384949" lon="113.9356173"><ele>14.0</ele><time>2023-08-04T22:43:55Z</time></trkpt>
      <trkpt lat="22.5384817" lon="113.9356306"><ele>14.0</ele><time>2023-08-04T22:43:56Z</time></trkpt>
      <trkpt lat="22.5384693" lon="113.9356446"><ele>14.0</ele><time>2023-08-04T22:43:57Z</time></trkpt>
      <trkpt lat="22.5384575" lon="113.9356596"><ele>14.0</ele><time>2023-08-04T22:43:58Z</time></trkpt>
      <trkpt lat="22.5384456" lon="113.9356749"><ele>14.0</ele><time>2023-08-04T22:43:59Z</time></trkpt>
      <trkpt lat="22.5384342" lon="113.9356909"><ele>13.9</ele><time>2023-08-04T22:44:00Z</time></trkpt>
      <trkpt lat="22.5384243" lon="113.9357074"><ele>13.9</ele><time>2023-08-04T22:44:01Z</time></trkpt>
      <trkpt lat="22.5384153" lon="113.9357239"><ele>13.9</ele><time>2023-08-04T22:44:02Z</time></trkpt>
      <trkpt lat="22.5384067" lon="113.9357402"><ele>13.9</ele><time>2023-08-04T22:44:03Z</time></trkpt>
      <trkpt lat="22.5383986" lon="113.9357568"><ele>13.8</ele><time>2023-08-04T22:44:04Z</time></trkpt>
      <trkpt lat="22.5383909" lon="113.9357736"><ele>13.8</ele><time>2023-08-04T22:44:05Z</time></trkpt>
      <trkpt lat="22.5383839" lon="113.9357906"><ele>13.8</ele><time>2023-08-04T22:44:06Z</time></trkpt>
      <trkpt lat="22.5383780" lon="113.9358082"><ele>13.7</ele><time>2023-08-04T22:44:07Z</time></trkpt>
      <trkpt lat="22.5383729" lon="113.9358259"><ele>13.7</ele><time>2023-08-04T22:44:08Z</time></trkpt>
      <trkpt lat="22.5383686" lon="113.9358437"><ele>13.7</ele><time>2023-08-04T22:44:09Z</time></trkpt>
      <trkpt lat="22.5383656" lon="113.9358616"><ele>13.6</ele><time>2023-08-04T22:44:10Z</time></trkpt>
      <trkpt lat="22.5383632" lon="113.9358797"><ele>13.6</ele><time>2023-08-04T22:44:11Z</time></trkpt>
      <trkpt lat="22.5383613" lon="113.9358979"><ele>13.6</ele><time>2023-08-04T22:44:12Z</time></trkpt>
      <trkpt lat="22.5383600" lon="113.9359160"><ele>13.6</ele><time>2023-08-04T22:44:13Z</time></trkpt>
      <trkpt lat="22.5383593" lon="113.9359340"><ele>13.5</ele><time>2023-08-04T22:44:14Z</time></trkpt>
      <trkpt lat="22.5383586" lon="113.9359522"><ele>13.5</ele><time>2023-08-04T22:44:15Z</time></trkpt>
      <trkpt lat="22.5383587" lon="113.9359702"><ele>13.5</ele><time>2023-08-04T22:44:16Z</time></trkpt>
      <trkpt lat="22.5383612" lon="113.9359881"><ele>13.5</ele><time>2023-08-04T22:44:17Z</time></trkpt>
      <trkpt lat="22.5383648" lon="113.9360059"><ele>13.5</ele><time>2023-08-04T22:44:18Z</time></trkpt>
      <trkpt lat="22.5383682" lon="113.9360237"><ele>13.5</ele><time>2023-08-04T22:44:19Z</time></trkpt>
      <trkpt lat="22.5383717" lon="113.9360415"><ele>13.5</ele><time>2023-08-04T22:44:20Z</time></trkpt>
      <trkpt lat="22.5383754" lon="113.9360587"><ele>13.5</ele><time>2023-08-04T22:44:21Z</time></trkpt>
      <trkpt lat="22.5383799" lon="113.9360752"><ele>13.5</ele><time>2023-08-04T22:44:22Z</time></trkpt>
      <trkpt lat="22.5383855" lon="113.9360918"><ele>13.5</ele><time>2023-08-04T22:44:23Z</time></trkpt>
      <trkpt lat="22.5383906" lon="113.9361092"><ele>13.6</ele><time>2023-08-04T22:44:24Z</time></trkpt>
      <trkpt lat="22.5383959" lon="113.9361266"><ele>13.6</ele><time>2023-08-04T22:44:25Z</time></trkpt>
      <trkpt lat="22.5384033" lon="113.9361431"><ele>13.6</ele><time>2023-08-04T22:44:26Z</time></trkpt>
      <trkpt lat="22.5384121" lon="113.9361591"><ele>13.6</ele><time>2023-08-04T22:44:27Z</time></trkpt>
      <trkpt lat="22.5384212" lon="113.9361749"><ele>13.7</ele><time>2023-08-04T22:44:28Z</time></trkpt>
      <trkpt lat="22.5384305" lon="113.9361904"><ele>13.7</ele><time>2023-08-04T22:44:29Z</time></trkpt>
      <trkpt lat="22.5384396" lon="113.9362058"><ele>13.7</ele><time>2023-08-04T22:44:30Z</time></trkpt>
      <trkpt lat="22.5384490" lon="113.9362208"><ele>13.8</ele><time>2023-08-04T22:44:31Z</time></trkpt>
      <trkpt lat="22.5384598" lon="113.9362353"><ele>13.8</ele><time>2023-08-04T22:44:32Z</time></trkpt>
      <trkpt lat="22.5384705" lon="113.9362501"><ele>13.8</ele><time>2023-08-04T22:44:33Z</time></trkpt>
      <trkpt lat="22.5384807" lon="113.9362649"><ele>13.9</ele><time>2023-08-04T22:44:34Z</time></trkpt>
      <trkpt lat="22.5384917" lon="113.9362788"><ele>13.9</ele><time>2023-08-04T22:44:35Z</time></trkpt>
      <trkpt lat="22.5385041" lon="113.9362914"><ele>14.0</ele><time>2023-08-04T22:44:36Z</time></trkpt>
      <trkpt lat="22.5385169" lon="113.9363037"><ele>14.0</ele><time>2023-08-04T22:44:37Z</time></trkpt>
      <trkpt lat="22.5385299" lon="113.9363158"><ele>14.0</ele><time>2023-08-04T22:44:38Z</time></trkpt>
      <trkpt lat="22.5385431" lon="113.9363274"><ele>14.1</ele><time>2023-08-04T22:44:39Z</time></trkpt>
      <trkpt lat="22.5385567" lon="113.9363383"><ele>14.1</ele><time>2023-08-04T22:44:40Z</time></trkpt>
      <trkpt lat="22.5385711" lon="113.9363486"><ele>14.2</ele><time>2023-08-04T22:44:41Z</time></trkpt>
      <trkpt lat="22.5385861" lon="113.9363580"><ele>14.2</ele><time>2023-08-04T22:44:42Z</time></trkpt>
      <trkpt lat="22.5386009" lon="113.9363673"><ele>14.3</ele><time>2023-08-04T22:44:43Z</time></trkpt>
      <trkpt lat="22.5386157" lon="113.9363762"><ele>14.3</ele><time>2023-08-04T22:44:44Z</time></trkpt>
      <trkpt lat="22.5386308" lon="113.9363849"><ele>14.4</ele><time>2023-08-04T22:44:45Z</time></trkpt>
      <trkpt lat="22.5386459" lon="113.9363930"><ele>14.4</ele><time>2023-08-04T22:44:46Z</time></trkpt>
      <trkpt lat="22.5386616" lon="113.9363994"><ele>14.5</ele><time>2023-08-04T22:44:47Z</time></trkpt>
      <trkpt lat="22.5386780" lon="113.9364041"><ele>14.5</ele><time>2023-08-04T22:44:48Z</time></trkpt>
      <trkpt lat="22.5386947" lon="113.9364082"><ele>14.6</ele><time>2023-08-04T22:44:49Z</time></trkpt>
      <trkpt lat="22.5387115" lon="113.9364121"><ele>14.6</ele><time>2023-08-04T22:44:50Z</time></trkpt>
      <trkpt lat="22.5387283" lon="113.9364152"><ele>14.7</ele><time>2023-08-04T22:44:51Z</time></trkpt>
      <trkpt lat="22.5387450" lon="113.9364177"><ele>14.8</ele><time>2023-08-04T22:44:52Z</time></trkpt>
      <trkpt lat="22.5387619" lon="113.9364201"><ele>14.8</ele><time>2023-08-04T22:44:53Z</time></trkpt>
      <trkpt lat="22.5387789" lon="113.9364215"><ele>14.9</ele><time>2023-08-04T22:44:54Z</time></trkpt>
      <trkpt lat="22.5387959" lon="113.9364208"><ele>15.0</ele><time>2023-08-04T22:44:55Z</time></trkpt>
      <trkpt lat="22.5388129" lon="113.9364192"><ele>15.1</ele><time>2023-08-04T22:44:56Z</time></trkpt>
      <trkpt lat="22.5388299" lon="113.9364175"><ele>15.1</ele><time>2023-08-04T22:44:57Z</time></trkpt>
      <trkpt lat="22.5388469" lon="113.9364162"><ele>15.2</ele><time>2023-08-04T22:44:58Z</time></trkpt>
      <trkpt lat="22.5388639" lon="113.9364149"><ele>15.3</ele><time>2023-08-04T22:44:59Z</time></trkpt>
      <trkpt lat="22.5388809" lon="113.9364128"><ele>15.4</ele><time>2023-08-04T22:45:00Z</time></trkpt>
      <trkpt lat="22.5388978" lon="113.9364109"><ele>15.5</ele><time>2023-08-04T22:45:01Z</time></trkpt>
      <trkpt lat="22.5389148" lon="113.9364100"><ele>15.6</ele><time>2023-08-04T22:45:02Z</time></trkpt>
      <trkpt lat="22.5389318" lon="113.9364098"><ele>15.7</ele><time>2023-08-04T22:45:03Z</time></trkpt>
      <trkpt lat="22.5389489" lon="113.9364105"><ele>15.8</ele><time>2023-08-04T22:45:04Z</time></trkpt>
      <trkpt lat="22.5389659" lon="113.9364108"><ele>15.9</ele><time>2023-08-04T22:45:05Z</time></trkpt>
      <trkpt lat="22.5389831" lon="113.9364094"><ele>16.0</ele><time>2023-08-04T22:45:06Z</time></trkpt>
      <trkpt lat="22.5390000" lon="113.9364072"><ele>16.1</ele><time>2023-08-04T22:45:07Z</time></trkpt>
      <trkpt lat="22.5390168" lon="113.9364049"><ele>16.2</ele><time>2023-08-04T22:45:08Z</time></trkpt>
      <trkpt lat="22.5390338" lon="113.9364029"><ele>16.3</ele><time>2023-08-04T22:45:09Z</time></trkpt>
      <trkpt lat="22.5390509" lon="113.9364019"><ele>16.4</ele><time>2023-08-04T22:45:10Z</time></trkpt>
      <trkpt lat="22.5390680" lon="113.9364009"><ele>16.4</ele><time>2023-08-04T22:45:11Z</time></trkpt>
      <trkpt lat="22.5390851" lon="113.9363994"><ele>16.5</ele><time>2023-08-04T22:45:12Z</time></trkpt>
      <trkpt lat="22.5391022" lon="113.9363987"><ele>16.6</ele><time>2023-08-04T22:45:13Z</time></trkpt>
      <trkpt lat="22.5391190" lon="113.9363983"><ele>16.7</ele><time>2023-08-04T22:45:14Z</time></trkpt>
      <trkpt lat="22.5391359" lon="113.9363975"><ele>16.8</ele><time>2023-08-04T22:45:15Z</time></trkpt>
      <trkpt lat="22.5391528" lon="113.9363969"><ele>16.9</ele><time>2023-08-04T22:45:16Z</time></trkpt>
      <trkpt lat="22.5391696" lon="113.9363972"><ele>17.0</ele><time>2023-08-04T22:45:17Z</time></trkpt>
      <trkpt lat="22.5391865" lon="113.9363976"><ele>17.1</ele><time>2023-08-04T22:45:18Z</time></trkpt>
      <trkpt lat="22.5392037" lon="113.9363978"><ele>17.2</ele><time>2023-08-04T22:45:19Z</time></trkpt>
      <trkpt lat="22.5392208" lon="113.9363985"><ele>17.2</ele><time>2023-08-04T22:45:20Z</time></trkpt>
      <trkpt lat="22.5392376" lon="113.9363997"><ele>17.3</ele><time>2023-08-04T22:45:21Z</time></trkpt>
      <trkpt lat="22.5392545" lon="113.9364008"><ele>17.4</ele><time>2023-08-04T22:45:22Z</time></trkpt>
      <trkpt lat="22.5392712" lon="113.9364016"><ele>17.5</ele><time>2023-08-04T22:45:23Z</time></trkpt>
      <trkpt lat="22.5392878" lon="113.9364030"><ele>17.6</ele><time>2023-08-04T22:45:24Z</time></trkpt>
      <trkpt lat="22.5393044" lon="113.9364050"><ele>17.6</ele><time>2023-08-04T22:45:25Z</time></trkpt>
      <trkpt lat="22.5393211" lon="113.9364068"><ele>17.7</ele><time>2023-08-04T22:45:26Z</time></trkpt>
      <trkpt lat="22.5393380" lon="113.9364084"><ele>17.8</ele><time>2023-08-04T22:45:27Z</time></trkpt>
      <trkpt lat="22.5393551" lon="113.9364093"><ele>17.8</ele><time>2023-08-04T22:45:28Z</time></trkpt>
      <trkpt lat="22.5393721" lon="113.9364095"><ele>17.9</ele><time>2023-08-04T22:45:29Z</time></trkpt>
      <trkpt lat="22.5393891" lon="113.9364108"><ele>17.9</ele><time>2023-08-04T22:45:30Z</time></trkpt>
      <trkpt lat="22.5394061" lon="113.9364116"><ele>18.0</ele><time>2023-08-04T22:45:31Z</time></trkpt>
      <trkpt lat="22.5394233" lon="113.9364116"><ele>18.0</ele><time>2023-08-04T22:45:32Z</time></trkpt>
      <trkpt lat="22.5394407" lon="113.9364123"><ele>18.0</ele><time>2023-08-04T22:45:33Z</time></trkpt>
      <trkpt lat="22.5394581" lon="113.9364128"><ele>18.1</ele><time>2023-08-04T22:45:34Z</time></trkpt>
      <trkpt lat="22.5394753" lon="113.9364113"><ele>18.1</ele><time>2023-08-04T22:45:35Z</time></trkpt>
      <trkpt lat="22.5394924" lon="113.9364085"><ele>18.1</ele><time>2023-08-04T22:45:36Z</time></trkpt>
      <trkpt lat="22.5395095" lon="113.9364051"><ele>18.1</ele><time>2023-08-04T22:45:37Z</time></trkpt>
      <trkpt lat="22.5395268" lon="113.9364025"><ele>18.1</ele><time>2023-08-04T22:45:38Z</time></trkpt>
      <trkpt lat="22.5395440" lon="113.9364009"><ele>18.1</ele><time>2023-08-04T22:45:39Z</time></trkpt>
      <trkpt lat="22.5395610" lon="113.9363978"><ele>18.1</ele><time>2023-08-04T22:45:40Z</time></trkpt>
      <trkpt lat="22.5395779" lon="113.9363933"><ele>18.1</ele><time>2023-08-04T22:45:41Z</time></trkpt>
      <trkpt lat="22.5395949" lon="113.9363883"><ele>18.0</ele><time>2023-08-04T22:45:42Z</time></trkpt>
      <trkpt lat="22.5396119" lon="113.9363826"><ele>18.0</ele><time>2023-08-04T22:45:43Z</time></trkpt>
      <trkpt lat="22.5396289" lon="113.9363769"><ele>18.0</ele><time>2023-08-04T22:45:44Z</time></trkpt>
      <trkpt lat="22.5396459" lon="113.9363720"><ele>17.9</ele><time>2023-08-04T22:45:45Z</time></trkpt>
      <trkpt lat="22.5396627" lon="113.9363663"><ele>17.9</ele><time>2023-08-04T22:45:46Z</time></trkpt>
      <trkpt lat="22.5396791" lon="113.9363589"><ele>17.8</ele><time>2023-08-04T22:45:47Z</time></trkpt>
      <trkpt lat="22.5396950" lon="113.9363504"><ele>17.8</ele><time>2023-08-04T22:45:48Z</time></trkpt>
      <trkpt lat="22.5397109" lon="113.9363423"><ele>17.7</ele><time>2023-08-04T22:45:49Z</time></trkpt>
      <trkpt lat="22.5397260" lon="113.9363332"><ele>17.7</ele><time>2023-08-04T22:45:50Z</time></trkpt>
      <trkpt lat="22.5397398" lon="113.9363218"><ele>17.6</ele><time>2023-08-04T22:45:51Z</time></trkpt>
      <trkpt lat="22.5397528" lon="113.9363088"><ele>17.5</ele><time>2023-08-04T22:45:52Z</time></trkpt>
      <trkpt lat="22.5397656" lon="113.9362955"><ele>17.5</ele><time>2023-08-04T22:45:53Z</time></trkpt>
      <trkpt lat="22.5397781" lon="113.9362820"><ele>17.4</ele><time>2023-08-04T22:45:54Z</time></trkpt>
      <trkpt lat="22.5397891" lon="113.9362673"><ele>17.3</ele><time>2023-08-04T22:45:55Z</time></trkpt>
      <trkpt lat="22.5397993" lon="113.9362519"><ele>17.3</ele><time>2023-08-04T22:45:56Z</time></trkpt>
      <trkpt lat="22.5398096" lon="113.9362366"><ele>17.2</ele><time>2023-08-04T22:45:57Z</time></trkpt>
      <trkpt lat="22.5398202" lon="113.9362215"><ele>17.1</ele><time>2023-08-04T22:45:58Z</time></trkpt>
      <trkpt lat="22.5398310" lon="113.9362066"><ele>17.0</ele><time>2023-08-04T22:45:59Z</time></trkpt>
      <trkpt lat="22.5398414" lon="113.9361916"><ele>16.9</ele><time>2023-08-04T22:46:00Z</time></trkpt>
      <trkpt lat="22.5398510" lon="113.9361763"><ele>16.8</ele><time>2023-08-04T22:46:01Z</time></trkpt>
      <trkpt lat="22.5398596" lon="113.9361605"><ele>16.8</ele><time>2023-08-04T22:46:02Z</time></trkpt>
      <trkpt lat="22.5398674" lon="113.9361442"><ele>16.7</ele><time>2023-08-04T22:46:03Z</time></trkpt>
      <trkpt lat="22.5398747" lon="113.9361275"><ele>16.6</ele><time>2023-08-04T22:46:04Z</time></trkpt>
      <trkpt lat="22.5398815" lon="113.9361102"><ele>16.5</ele><time>2023-08-04T22:46:05Z</time></trkpt>
      <trkpt lat="22.5398875" lon="113.9360926"><ele>16.4</ele><time>2023-08-04T22:46:06Z</time></trkpt>
      <trkpt lat="22.5398927" lon="113.9360749"><ele>16.3</ele><time>2023-08-04T22:46:07Z</time></trkpt>
      <trkpt lat="22.5398967" lon="113.9360566"><ele>16.2</ele><time>2023-08-04T22:46:08Z</time></trkpt>
      <trkpt lat="22.5398999" lon="113.9360379"><ele>16.1</ele><time>2023-08-04T22:46:09Z</time></trkpt>
      <trkpt lat="22.5399032" lon="113.9360195"><ele>16.0</ele><time>2023-08-04T22:46:10Z</time></trkpt>
      <trkpt lat="22.5399089" lon="113.9360024"><ele>15.9</ele><time>2023-08-04T22:46:11Z</time></trkpt>
      <trkpt lat="22.5399151" lon="113.9359853"><ele>15.8</ele><time>2023-08-04T22:46:12Z</time></trkpt>
      <trkpt lat="22.5399178" lon="113.9359669"><ele>15.7</ele><time>2023-08-04T22:46:13Z</time></trkpt>
      <trkpt lat="22.5399182" lon="113.9359481"><ele>15.6</ele><time>2023-08-04T22:46:14Z</time></trkpt>
      <trkpt lat="22.5399180" lon="113.9359294"><ele>15.5</ele><time>2023-08-04T22:46:15Z</time></trkpt>
      <trkpt lat="22.5399168" lon="113.9359109"><ele>15.4</ele><time>2023-08-04T22:46:16Z</time></trkpt>
      <trkpt lat="22.5399134" lon="113.9358923"><ele>15.3</ele><time>2023-08-04T22:46:17Z</time></trkpt>
      <trkpt lat="22.5399083" lon="113.9358738"><ele>15.3</ele><time>2023-08-04T22:46:18Z</time></trkpt>
      <trkpt lat="22.5399029" lon="113.9358554"><ele>15.2</ele><time>2023-08-04T22:46:19Z</time></trkpt>
      <trkpt lat="22.5398980" lon="113.9358371"><ele>15.1</ele><time>2023-08-04T22:46:20Z</time></trkpt>
      <trkpt lat="22.5398938" lon="113.9358187"><ele>15.0</ele><time>2023-08-04T22:46:21Z</time></trkpt>
      <trkpt lat="22.5398893" lon="113.9358007"><ele>14.9</ele><time>2023-08-04T22:46:22Z</time></trkpt>
      <trkpt lat="22.5398830" lon="113.9357834"><ele>14.9</ele><time>2023-08-04T22:46:23Z</time></trkpt>
      <trkpt lat="22.5398756" lon="113.9357665"><ele>14.8</ele><time>2023-08-04T22:46:24Z</time></trkpt>
      <trkpt lat="22.5398684" lon="113.9357494"><ele>14.7</ele><time>2023-08-04T22:46:25Z</time></trkpt>
      <trkpt lat="22.5398615" lon="113.9357320"><ele>14.6</ele><time>2023-08-04T22:46:26Z</time></trkpt>
      <trkpt lat="22.5398551" lon="113.9357146"><ele>14.6</ele><time>2023-08-04T22:46:27Z</time></trkpt>
      <trkpt lat="22.5398485" lon="113.9356977"><ele>14.5</ele><time>2023-08-04T22:46:28Z</time></trkpt>
      <trkpt lat="22.5398413" lon="113.9356810"><ele>14.4</ele><time>2023-08-04T22:46:29Z</time></trkpt>
      <trkpt lat="22.5398333" lon="113.9356645"><ele>14.4</ele><time>2023-08-04T22:46:30Z</time></trkpt>
      <trkpt lat="22.5398245" lon="113.9356484"><ele>14.3</ele><time>2023-08-04T22:46:31Z</time></trkpt>
      <trkpt lat="22.5398149" lon="113.9356328"><ele>14.3</ele><time>2023-08-04T22:46:32Z</time></trkpt>
      <trkpt lat="22.5398042" lon="113.9356180"><ele>14.2</ele><time>2023-08-04T22:46:33Z</time></trkpt>
      <trkpt lat="22.5397935" lon="113.9356035"><ele>14.1</ele><time>2023-08-04T22:46:34Z</time></trkpt>
      <trkpt lat="22.5397820" lon="113.9355894"><ele>14.0</ele><time>2023-08-04T22:46:35Z</time></trkpt>
      <trkpt lat="22.5397692" lon="113.9355768"><ele>14.0</ele><time>2023-08-04T22:46:36Z</time></trkpt>
      <trkpt lat="22.5397549" lon="113.9355662"><ele>13.9</ele><time>2023-08-04T22:46:37Z</time></trkpt>
      <trkpt lat="22.5397396" lon="113.9355575"><ele>13.8</ele><time>2023-08-04T22:46:38Z</time></trkpt>
      <trkpt lat="22.5397243" lon="113.9355493"><ele>13.7</ele><time>2023-08-04T22:46:39Z</time></trkpt>
      <trkpt lat="22.5397097" lon="113.9355400"><ele>13.7</ele><time>2023-08-04T22:46:40Z</time></trkpt>
      <trkpt lat="22.5396951" lon="113.9355303"><ele>13.6</ele><time>2023-08-04T22:46:41Z</time></trkpt>
      <trkpt lat="22.5396802" lon="113.9355210"><ele>13.5</ele><time>2023-08-04T22:46:42Z</time></trkpt>
      <trkpt lat="22.5396652" lon="113.9355122"><ele>13.4</ele><time>2023-08-04T22:46:43Z</time></trkpt>
      <trkpt lat="22.5396500" lon="113.9355039"><ele>13.3</ele><time>2023-08-04T22:46:44Z</time></trkpt>
      <trkpt lat="22.5396347" lon="113.9354960"><ele>13.3</ele><time>2023-08-04T22:46:45Z</time></trkpt>
      <trkpt lat="22.5396194" lon="113.9354883"><ele>13.2</ele><time>2023-08-04T22:46:46Z</time></trkpt>
      <trkpt lat="22.5396042" lon="113.9354808"><ele>13.1</ele><time>2023-08-04T22:46:47Z</time></trkpt>
      <trkpt lat="22.5395888" lon="113.9354737"><ele>13.0</ele><time>2023-08-04T22:46:48Z</time></trkpt>
      <trkpt lat="22.5395733" lon="113.9354673"><ele>12.9</ele><time>2023-08-04T22:46:49Z</time></trkpt>
      <trkpt lat="22.5395576" lon="113.9354620"><ele>12.8</ele><time>2023-08-04T22:46:50Z</time></trkpt>
      <trkpt lat="22.5395415" lon="113.9354583"><ele>12.8</ele><time>2023-08-04T22:46:51Z</time></trkpt>
      <trkpt lat="22.5395254" lon="113.9354566"><ele>12.7</ele><time>2023-08-04T22:46:52Z</time></trkpt>
      <trkpt lat="22.5395093" lon="113.9354569"><ele>12.6</ele><time>2023-08-04T22:46:53Z</time></trkpt>
      <trkpt lat="22.5394931" lon="113.9354586"><ele>12.6</ele><time>2023-08-04T22:46:54Z</time></trkpt>
      <trkpt lat="22.5394766" lon="113.9354598"><ele>12.5</ele><time>2023-08-04T22:46:55Z</time></trkpt>
      <trkpt lat="22.5394601" lon="113.9354602"><ele>12.4</ele><time>2023-08-04T22:46:56Z</time></trkpt>
      <trkpt lat="22.5394439" lon="113.9354604"><ele>12.4</ele><time>2023-08-04T22:46:57Z</time></trkpt>
      <trkpt lat="22.5394278" lon="113.9354608"><ele>12.3</ele><time>2023-08-04T22:46:58Z</time></trkpt>
      <trkpt lat="22.5394117" lon="113.9354616"><ele>12.2</ele><time>2023-08-04T22:46:59Z</time></trkpt>
      <trkpt lat="22.5393955" lon="113.9354627"><ele>12.2</ele><time>2023-08-04T22:47:00Z</time></trkpt>
      <trkpt lat="22.5393793" lon="113.9354640"><ele>12.1</ele><time>2023-08-04T22:47:01Z</time></trkpt>
      <trkpt lat="22.5393631" lon="113.9354652"><ele>12.1</ele><time>2023-08-04T22:47:02Z</time></trkpt>
      <trkpt lat="22.5393468" lon="113.9354661"><ele>12.1</ele><time>2023-08-04T22:47:03Z</time></trkpt>
      <trkpt lat="22.5393307" lon="113.9354671"><ele>12.0</ele><time>2023-08-04T22:47:04Z</time></trkpt>
      <trkpt lat="22.5393147" lon="113.9354685"><ele>12.0</ele><time>2023-08-04T22:47:05Z</time></trkpt>
      <trkpt lat="22.5392993" lon="113.9354701"><ele>12.0</ele><time>2023-08-04T22:47:06Z</time></trkpt>
      <trkpt lat="22.5392848" lon="113.9354709"><ele>11.9</ele><time>2023-08-04T22:47:07Z</time></trkpt>
      <trkpt lat="22.5392705" lon="113.9354714"><ele>11.9</ele><time>2023-08-04T22:47:08Z</time></trkpt>
      <trkpt lat="22.5392553" lon="113.9354722"><ele>11.9</ele><time>2023-08-04T22:47:09Z</time></trkpt>
      <trkpt lat="22.5392395" lon="113.9354739"><ele>11.9</ele><time>2023-08-04T22:47:10Z</time></trkpt>
      <trkpt lat="22.5392238" lon="113.9354765"><ele>11.9</ele><time>2023-08-04T22:47:11Z</time></trkpt>
      <trkpt lat="22.5392082" lon="113.9354790"><ele>11.9</ele><time>2023-08-04T22:47:12Z</time></trkpt>
      <trkpt lat="22.5391928" lon="113.9354806"><ele>11.9</ele><time>2023-08-04T22:47:13Z</time></trkpt>
      <trkpt lat="22.5391773" lon="113.9354815"><ele>11.9</ele><time>2023-08-04T22:47:14Z</time></trkpt>
      <trkpt lat="22.5391617" lon="113.9354826"><ele>11.9</ele><time>2023-08-04T22:47:15Z</time></trkpt>
      <trkpt lat="22.5391460" lon="113.9354834"><ele>11.9</ele><time>2023-08-04T22:47:16Z</time></trkpt>
      <trkpt lat="22.5391304" lon="113.9354835"><ele>12.0</ele><time>2023-08-04T22:47:17Z</time></trkpt>
      <trkpt lat="22.5391148" lon="113.9354835"><ele>12.0</ele><time>2023-08-04T22:47:18Z</time></trkpt>
      <trkpt lat="22.5390992" lon="113.9354834"><ele>12.0</ele><time>2023-08-04T22:47:19Z</time></trkpt>
      <trkpt lat="22.5390837" lon="113.9354833"><ele>12.0</ele><time>2023-08-04T22:47:20Z</time></trkpt>
      <trkpt lat="22.5390683" lon="113.9354835"><ele>12.1</ele><time>2023-08-04T22:47:21Z</time></trkpt>
      <trkpt lat="22.5390529" lon="113.9354839"><ele>12.1</ele><time>2023-08-04T22:47:22Z</time></trkpt>
      <trkpt lat="22.5390375" lon="113.9354839"><ele>12.1</ele><time>2023-08-04T22:47:23Z</time></trkpt>
      <trkpt lat="22.5390220" lon="113.9354835"><ele>12.2</ele><time>2023-08-04T22:47:24Z</time></trkpt>
      <trkpt lat="22.5390066" lon="113.9354832"><ele>12.2</ele><time>2023-08-04T22:47:25Z</time></trkpt>
      <trkpt lat="22.5389912" lon="113.9354827"><ele>12.3</ele><time>2023-08-04T22:47:26Z</time></trkpt>
      <trkpt lat="22.5389759" lon="113.9354817"><ele>12.3</ele><time>2023-08-04T22:47:27Z</time></trkpt>
      <trkpt lat="22.5389606" lon="113.9354809"><ele>12.4</ele><time>2023-08-04T22:47:28Z</time></trkpt>
      <trkpt lat="22.5389453" lon="113.9354799"><ele>12.4</ele><time>2023-08-04T22:47:29Z</time></trkpt>
      <trkpt lat="22.5389300" lon="113.9354786"><ele>12.5</ele><time>2023-08-04T22:47:30Z</time></trkpt>
      <trkpt lat="22.5389147" lon="113.9354770"><ele>12.5</ele><time>2023-08-04T22:47:31Z</time></trkpt>
      <trkpt lat="22.5388994" lon="113.9354757"><ele>12.6</ele><time>2023-08-04T22:47:32Z</time></trkpt>
      <trkpt lat="22.5388840" lon="113.9354747"><ele>12.6</ele><time>2023-08-04T22:47:33Z</time></trkpt>
      <trkpt lat="22.5388685" lon="113.9354733"><ele>12.7</ele><time>2023-08-04T22:47:34Z</time></trkpt>
      <trkpt lat="22.5388530" lon="113.9354720"><ele>12.7</ele><time>2023-08-04T22:47:35Z</time></trkpt>
      <trkpt lat="22.5388374" lon="113.9354715"><ele>12.8</ele><time>2023-08-04T22:47:36Z</time></trkpt>
      <trkpt lat="22.5388220" lon="113.9354719"><ele>12.8</ele><time>2023-08-04T22:47:37Z</time></trkpt>
      <trkpt lat="22.5388066" lon="113.9354731"><ele>12.9</ele><time>2023-08-04T22:47:38Z</time></trkpt>
      <trkpt lat="22.5387912" lon="113.9354748"><ele>13.0</ele><time>2023-08-04T22:47:39Z</time></trkpt>
      <trkpt lat="22.5387759" lon="113.9354767"><ele>13.0</ele><time>2023-08-04T22:47:40Z</time></trkpt>
      <trkpt lat="22.5387606" lon="113.9354793"><ele>13.1</ele><time>2023-08-04T22:47:41Z</time></trkpt>
      <trkpt lat="22.5387451" lon="113.9354817"><ele>13.1</ele><time>2023-08-04T22:47:42Z</time></trkpt>
      <trkpt lat="22.5387296" lon="113.9354834"><ele>13.2</ele><time>2023-08-04T22:47:43Z</time></trkpt>
      <trkpt lat="22.5387140" lon="113.9354844"><ele>13.2</ele><time>2023-08-04T22:47:44Z</time></trkpt>
      <trkpt lat="22.5386983" lon="113.9354856"><ele>13.3</ele><time>2023-08-04T22:47:45Z</time></trkpt>
      <trkpt lat="22.5386828" lon="113.9354882"><ele>13.3</ele><time>2023-08-04T22:47:46Z</time></trkpt>
      <trkpt lat="22.5386674" lon="113.9354920"><ele>13.3</ele><time>2023-08-04T22:47:47Z</time></trkpt>
      <trkpt lat="22.5386522" lon="113.9354965"><ele>13.4</ele><time>2023-08-04T22:47:48Z</time></trkpt>
      <trkpt lat="22.5386373" lon="113.9355020"><ele>13.4</ele><time>2023-08-04T22:47:49Z</time></trkpt>
      <trkpt lat="22.5386226" lon="113.9355088"><ele>13.4</ele><time>2023-08-04T22:47:50Z</time></trkpt>
      <trkpt lat="22.5386082" lon="113.9355166"><ele>13.4</ele><time>2023-08-04T22:47:51Z</time></trkpt>
      <trkpt lat="22.5385941" lon="113.9355247"><ele>13.4</ele><time>2023-08-04T22:47:52Z</time></trkpt>
      <trkpt lat="22.5385801" lon="113.9355328"><ele>13.4</ele><time>2023-08-04T22:47:53Z</time></trkpt>
      <trkpt lat="22.5385662" lon="113.9355412"><ele>13.4</ele><time>2023-08-04T22:47:54Z</time></trkpt>
      <trkpt lat="22.5385523" lon="113.9355499"><ele>13.4</ele><time>2023-08-04T22:47:55Z</time></trkpt>
      <trkpt lat="22.5385388" lon="113.9355592"><ele>13.4</ele><time>2023-08-04T22:47:56Z</time></trkpt>
      <trkpt lat="22.5385257" lon="113.9355692"><ele>13.4</ele><time>2023-08-04T22:47:57Z</time></trkpt>
      <trkpt lat="22.5385128" lon="113.9355793"><ele>13.3</ele><time>2023-08-04T22:47:58Z</time></trkpt>
      <trkpt lat="22.5384998" lon="113.9355895"><ele>13.3</ele><time>2023-08-04T22:47:59Z</time></trkpt>
      <trkpt lat="22.5384873" lon="113.9356002"><ele>13.2</ele><time>2023-08-04T22:48:00Z</time></trkpt>
      <trkpt lat="22.5384755" lon="113.9356118"><ele>13.2</ele><time>2023-08-04T22:48:01Z</time></trkpt>
      <trkpt lat="22.5384643" lon="113.9356241"><ele>13.1</ele><time>2023-08-04T22:48:02Z</time></trkpt>
      <trkpt lat="22.5384538" lon="113.9356374"><ele>13.1</ele><time>2023-08-04T22:48:03Z</time></trkpt>
      <trkpt lat="22.5384437" lon="113.9356510"><ele>13.0</ele><time>2023-08-04T22:48:04Z</time></trkpt>
      <trkpt lat="22.5384336" lon="113.9356647"><ele>12.9</ele><time>2023-08-04T22:48:05Z</time></trkpt>
      <trkpt lat="22.5384238" lon="113.9356784"><ele>12.9</ele><time>2023-08-04T22:48:06Z</time></trkpt>
      <trkpt lat="22.5384137" lon="113.9356922"><ele>12.8</ele><time>2023-08-04T22:48:07Z</time></trkpt>
      <trkpt lat="22.5384039" lon="113.9357064"><ele>12.7</ele><time>2023-08-04T22:48:08Z</time></trkpt>
      <trkpt lat="22.5383957" lon="113.9357214"><ele>12.6</ele><time>2023-08-04T22:48:09Z</time></trkpt>
      <trkpt lat="22.5383886" lon="113.9357372"><ele>12.5</ele><time>2023-08-04T22:48:10Z</time></trkpt>
      <trkpt lat="22.5383822" lon="113.9357533"><ele>12.4</ele><time>2023-08-04T22:48:11Z</time></trkpt>
      <trkpt lat="22.5383767" lon="113.9357698"><ele>12.3</ele><time>2023-08-04T22:48:12Z</time></trkpt>
      <trkpt lat="22.5383719" lon="113.9357865"><ele>12.3</ele><time>2023-08-04T22:48:13Z</time></trkpt>
      <trkpt lat="22.5383676" lon="113.9358034"><ele>12.2</ele><time>2023-08-04T22:48:14Z</time></trkpt>
      <trkpt lat="22.5383641" lon="113.9358206"><ele>12.1</ele><time>2023-08-04T22:48:15Z</time></trkpt>
      <trkpt lat="22.5383613" lon="113.9358379"><ele>12.0</ele><time>2023-08-04T22:48:16Z</time></trkpt>
      <trkpt lat="22.5383590" lon="113.9358553"><ele>11.9</ele><time>2023-08-04T22:48:17Z</time></trkpt>
      <trkpt lat="22.5383568" lon="113.9358726"><ele>11.9</ele><time>2023-08-04T22:48:18Z</time></trkpt>
      <trkpt lat="22.5383542" lon="113.9358900"><ele>11.8</ele><time>2023-08-04T22:48:19Z</time></trkpt>
      <trkpt lat="22.5383522" lon="113.9359074"><ele>11.7</ele><time>2023-08-04T22:48:20Z</time></trkpt>
      <trkpt lat="22.5383519" lon="113.9359250"><ele>11.7</ele><time>2023-08-04T22:48:21Z</time></trkpt>
      <trkpt lat="22.5383521" lon="113.9359427"><ele>11.6</ele><time>2023-08-04T22:48:22Z</time></trkpt>
      <trkpt lat="22.5383524" lon="113.9359606"><ele>11.6</ele><time>2023-08-04T22:48:23Z</time></trkpt>
      <trkpt lat="22.5383532" lon="113.9359786"><ele>11.5</ele><time>2023-08-04T22:48:24Z</time></trkpt>
      <trkpt lat="22.5383550" lon="113.9359967"><ele>11.5</ele><time>2023-08-04T22:48:25Z</time></trkpt>
      <trkpt lat="22.5383573" lon="113.9360147"><ele>11.4</ele><time>2023-08-04T22:48:26Z</time></trkpt>
      <trkpt lat="22.5383599" lon="113.9360326"><ele>11.4</ele><time>2023-08-04T22:48:27Z</time></trkpt>
      <trkpt lat="22.5383638" lon="113.9360502"><ele>11.4</ele><time>2023-08-04T22:48:28Z</time></trkpt>
      <trkpt lat="22.5383691" lon="113.9360674"><ele>11.4</ele><time>2023-08-04T22:48:29Z</time></trkpt>
      <trkpt lat="22.5383747" lon="113.9360846"><ele>11.4</ele><time>2023-08-04T22:48:30Z</time></trkpt>
      <trkpt lat="22.5383807" lon="113.9361017"><ele>11.4</ele><time>2023-08-04T22:48:31Z</time></trkpt>
      <trkpt lat="22.5383875" lon="113.9361184"><ele>11.4</ele><time>2023-08-04T22:48:32Z</time></trkpt>
      <trkpt lat="22.5383954" lon="113.9361346"><ele>11.4</ele><time>2023-08-04T22:48:33Z</time></trkpt>
      <trkpt lat="22.5384036" lon="113.9361507"><ele>11.4</ele><time>2023-08-04T22:48:34Z</time></trkpt>
      <trkpt lat="22.5384116" lon="113.9361667"><ele>11.5</ele><time>2023-08-04T22:48:35Z</time></trkpt>
      <trkpt lat="22.5384199" lon="113.9361825"><ele>11.5</ele><time>2023-08-04T22:48:36Z</time></trkpt>
      <trkpt lat="22.5384296" lon="113.9361975"><ele>11.5</ele><time>2023-08-04T22:48:37Z</time></trkpt>
      <trkpt lat="22.5384398" lon="113.9362122"><ele>11.6</ele><time>2023-08-04T22:48:38Z</time></trkpt>
      <trkpt lat="22.5384494" lon="113.9362271"><ele>11.6</ele><time>2023-08-04T22:48:39Z</time></trkpt>
      <trkpt lat="22.5384600" lon="113.9362412"><ele>11.7</ele><time>2023-08-04T22:48:40Z</time></trkpt>
      <trkpt lat="22.5384723" lon="113.9362542"><ele>11.7</ele><time>2023-08-04T22:48:41Z</time></trkpt>
      <trkpt lat="22.5384850" lon="113.9362665"><ele>11.8</ele><time>2023-08-04T22:48:42Z</time></trkpt>
      <trkpt lat="22.5384983" lon="113.9362783"><ele>11.8</ele><time>2023-08-04T22:48:43Z</time></trkpt>
      <trkpt lat="22.5385127" lon="113.9362896"><ele>11.9</ele><time>2023-08-04T22:48:44Z</time></trkpt>
      <trkpt lat="22.5385284" lon="113.9363002"><ele>11.9</ele><time>2023-08-04T22:48:45Z</time></trkpt>
      <trkpt lat="22.5385449" lon="113.9363094"><ele>12.0</ele><time>2023-08-04T22:48:46Z</time></trkpt>
      <trkpt lat="22.5385615" lon="113.9363175"><ele>12.1</ele><time>2023-08-04T22:48:47Z</time></trkpt>
      <trkpt lat="22.5385781" lon="113.9363255"><ele>12.1</ele><time>2023-08-04T22:48:48Z</time></trkpt>
      <trkpt lat="22.5385944" lon="113.9363334"><ele>12.2</ele><time>2023-08-04T22:48:49Z</time></trkpt>
      <trkpt lat="22.5386109" lon="113.9363409"><ele>12.3</ele><time>2023-08-04T22:48:50Z</time></trkpt>
      <trkpt lat="22.5386282" lon="113.9363483"><ele>12.3</ele><time>2023-08-04T22:48:51Z</time></trkpt>
      <trkpt lat="22.5386459" lon="113.9363559"><ele>12.4</ele><time>2023-08-04T22:48:52Z</time></trkpt>
      <trkpt lat="22.5386638" lon="113.9363641"><ele>12.4</ele><time>2023-08-04T22:48:53Z</time></trkpt>
      <trkpt lat="22.5386814" lon="113.9363717"><ele>12.5</ele><time>2023-08-04T22:48:54Z</time></trkpt>
      <trkpt lat="22.5386993" lon="113.9363772"><ele>12.6</ele><time>2023-08-04T22:48:55Z</time></trkpt>
      <trkpt lat="22.5387182" lon="113.9363801"><ele>12.7</ele><time>2023-08-04T22:48:56Z</time></trkpt>
      <trkpt lat="22.5387375" lon="113.9363817"><ele>12.7</ele><time>2023-08-04T22:48:57Z</time></trkpt>
      <trkpt lat="22.5387568" lon="113.9363826"><ele>12.8</ele><time>2023-08-04T22:48:58Z</time></trkpt>
      <trkpt lat="22.5387760" lon="113.9363824"><ele>12.9</ele><time>2023-08-04T22:48:59Z</time></trkpt>
      <trkpt lat="22.5387951" lon="113.9363810"><ele>12.9</ele><time>2023-08-04T22:49:00Z</time></trkpt>
      <trkpt lat="22.5388138" lon="113.9363793"><ele>13.0</ele><time>2023-08-04T22:49:01Z</time></trkpt>
      <trkpt lat="22.5388326" lon="113.9363776"><ele>13.1</ele><time>2023-08-04T22:49:02Z</time></trkpt>
      <trkpt lat="22.5388515" lon="113.9363766"><ele>13.2</ele><time>2023-08-04T22:49:03Z</time></trkpt>
      <trkpt lat="22.5388704" lon="113.9363771"><ele>13.2</ele><time>2023-08-04T22:49:04Z</time></trkpt>
      <trkpt lat="22.5388894" lon="113.9363782"><ele>13.3</ele><time>2023-08-04T22:49:05Z</time></trkpt>
      <trkpt lat="22.5389083" lon="113.9363796"><ele>13.4</ele><time>2023-08-04T22:49:06Z</time></trkpt>
      <trkpt lat="22.5389273" lon="113.9363812"><ele>13.5</ele><time>2023-08-04T22:49:07Z</time></trkpt>
      <trkpt lat="22.5389468" lon="113.9363818"><ele>13.6</ele><time>2023-08-04T22:49:08Z</time></trkpt>
      <trkpt lat="22.5389659" lon="113.9363819"><ele>13.6</ele><time>2023-08-04T22:49:09Z</time></trkpt>
      <trkpt lat="22.5389847" lon="113.9363823"><ele>13.7</ele><time>2023-08-04T22:49:10Z</time></trkpt>
      <trkpt lat="22.5390035" lon="113.9363827"><ele>13.8</ele><time>2023-08-04T22:49:11Z</time></trkpt>
      <trkpt lat="22.5390221" lon="113.9363835"><ele>13.9</ele><time>2023-08-04T22:49:12Z</time></trkpt>
      <trkpt lat="22.5390405" lon="113.9363849"><ele>14.0</ele><time>2023-08-04T22:49:13Z</time></trkpt>
      <trkpt lat="22.5390593" lon="113.9363858"><ele>14.1</ele><time>2023-08-04T22:49:14Z</time></trkpt>
      <trkpt lat="22.5390779" lon="113.9363860"><ele>14.2</ele><time>2023-08-04T22:49:15Z</time></trkpt>
      <trkpt lat="22.5390963" lon="113.9363856"><ele>14.2</ele><time>2023-08-04T22:49:16Z</time></trkpt>
      <trkpt lat="22.5391147" lon="113.9363850"><ele>14.3</ele><time>2023-08-04T22:49:17Z</time></trkpt>
      <trkpt lat="22.5391331" lon="113.9363846"><ele>14.4</ele><time>2023-08-04T22:49:18Z</time></trkpt>
      <trkpt lat="22.5391515" lon="113.9363848"><ele>14.5</ele><time>2023-08-04T22:49:19Z</time></trkpt>
      <trkpt lat="22.5391700" lon="113.9363852"><ele>14.6</ele><time>2023-08-04T22:49:20Z</time></trkpt>
      <trkpt lat="22.5391882" lon="113.9363858"><ele>14.7</ele><time>2023-08-04T22:49:21Z</time></trkpt>
      <trkpt lat="22.5392063" lon="113.9363861"><ele>14.8</ele><time>2023-08-04T22:49:22Z</time></trkpt>
      <trkpt lat="22.5392244" lon="113.9363855"><ele>14.9</ele><time>2023-08-04T22:49:23Z</time></trkpt>
      <trkpt lat="22.5392424" lon="113.9363849"><ele>15.0</ele><time>2023-08-04T22:49:24Z</time></trkpt>
      <trkpt lat="22.5392606" lon="113.9363844"><ele>15.1</ele><time>2023-08-04T22:49:25Z</time></trkpt>
      <trkpt lat="22.5392788" lon="113.9363837"><ele>15.1</ele><time>2023-08-04T22:49:26Z</time></trkpt>
      <trkpt lat="22.5392966" lon="113.9363833"><ele>15.2</ele><time>2023-08-04T22:49:27Z</time></trkpt>
      <trkpt lat="22.5393142" lon="113.9363828"><ele>15.3</ele><time>2023-08-04T22:49:28Z</time></trkpt>
      <trkpt lat="22.5393321" lon="113.9363831"><ele>15.4</ele><time>2023-08-04T22:49:29Z</time></trkpt>
      <trkpt lat="22.5393500" lon="113.9363840"><ele>15.5</ele><time>2023-08-04T22:49:30Z</time></trkpt>
      <trkpt lat="22.5393685" lon="113.9363838"><ele>15.6</ele><time>2023-08-04T22:49:31Z</time></trkpt>
      <trkpt lat="22.5393864" lon="113.9363819"><ele>15.6</ele><time>2023-08-04T22:49:32Z</time></trkpt>
      <trkpt lat="22.5394033" lon="113.9363794"><ele>15.7</ele><time>2023-08-04T22:49:33Z</time></trkpt>
      <trkpt lat="22.5394204" lon="113.9363777"><ele>15.7</ele><time>2023-08-04T22:49:34Z</time></trkpt>
      <trkpt lat="22.5394378" lon="113.9363761"><ele>15.8</ele><time>2023-08-04T22:49:35Z</time></trkpt>
      <trkpt lat="22.5394550" lon="113.9363740"><ele>15.9</ele><time>2023-08-04T22:49:36Z</time></trkpt>
      <trkpt lat="22.5394723" lon="113.9363712"><ele>15.9</ele><time>2023-08-04T22:49:37Z</time></trkpt>
      <trkpt lat="22.5394897" lon="113.9363685"><ele>15.9</ele><time>2023-08-04T22:49:38Z</time></trkpt>
      <trkpt lat="22.5395067" lon="113.9363661"><ele>16.0</ele><time>2023-08-04T22:49:39Z</time></trkpt>
      <trkpt lat="22.5395236" lon="113.9363642"><ele>16.0</ele><time>2023-08-04T22:49:40Z</time></trkpt>
      <trkpt lat="22.5395405" lon="113.9363628"><ele>16.0</ele><time>2023-08-04T22:49:41Z</time></trkpt>
      <trkpt lat="22.5395574" lon="113.9363611"><ele>16.0</ele><time>2023-08-04T22:49:42Z</time></trkpt>
      <trkpt lat="22.5395746" lon="113.9363588"><ele>16.0</ele><time>2023-08-04T22:49:43Z</time></trkpt>
      <trkpt lat="22.5395918" lon="113.9363563"><ele>16.1</ele><time>2023-08-04T22:49:44Z</time></trkpt>
      <trkpt lat="22.5396085" lon="113.9363535"><ele>16.0</ele><time>2023-08-04T22:49:45Z</time></trkpt>
      <trkpt lat="22.5396252" lon="113.9363495"><ele>16.0</ele><time>2023-08-04T22:49:46Z</time></trkpt>
      <trkpt lat="22.5396420" lon="113.9363447"><ele>16.0</ele><time>2023-08-04T22:49:47Z</time></trkpt>
      <trkpt lat="22.5396586" lon="113.9363394"><ele>16.0</ele><time>2023-08-04T22:49:48Z</time></trkpt>
      <trkpt lat="22.5396750" lon="113.9363343"><ele>16.0</ele><time>2023-08-04T22:49:49Z</time></trkpt>
      <trkpt lat="22.5396908" lon="113.9363290"><ele>16.0</ele><time>2023-08-04T22:49:50Z</time></trkpt>
      <trkpt lat="22.5397061" lon="113.9363237"><ele>15.9</ele><time>2023-08-04T22:49:51Z</time></trkpt>
      <trkpt lat="22.5397213" lon="113.9363172"><ele>15.9</ele><time>2023-08-04T22:49:52Z</time></trkpt>
      <trkpt lat="22.5397361" lon="113.9363086"><ele>15.9</ele><time>2023-08-04T22:49:53Z</time></trkpt>
      <trkpt lat="22.5397499" lon="113.9362981"><ele>15.8</ele><time>2023-08-04T22:49:54Z</time></trkpt>
      <trkpt lat="22.5397630" lon="113.9362869"><ele>15.8</ele><time>2023-08-04T22:49:55Z</time></trkpt>
      <trkpt lat="22.5397762" lon="113.9362760"><ele>15.8</ele><time>2023-08-04T22:49:56Z</time></trkpt>
      <trkpt lat="22.5397892" lon="113.9362653"><ele>15.7</ele><time>2023-08-04T22:49:57Z</time></trkpt>
      <trkpt lat="22.5398021" lon="113.9362540"><ele>15.7</ele><time>2023-08-04T22:49:58Z</time></trkpt>
      <trkpt lat="22.5398146" lon="113.9362420"><ele>15.6</ele><time>2023-08-04T22:49:59Z</time></trkpt>
      <trkpt lat="22.5398264" lon="113.9362298"><ele>15.6</ele><time>2023-08-04T22:50:00Z</time></trkpt>
      <trkpt lat="22.5398375" lon="113.9362174"><ele>15.6</ele><time>2023-08-04T22:50:01Z</time></trkpt>
      <trkpt lat="22.5398479" lon="113.9362039"><ele>15.5</ele><time>2023-08-04T22:50:02Z</time></trkpt>
      <trkpt lat="22.5398577" lon="113.9361894"><ele>15.5</ele><time>2023-08-04T22:50:03Z</time></trkpt>
      <trkpt lat="22.5398672" lon="113.9361748"><ele>15.4</ele><time>2023-08-04T22:50:04Z</time></trkpt>
      <trkpt lat="22.5398760" lon="113.9361595"><ele>15.4</ele><time>2023-08-04T22:50:05Z</time></trkpt>
      <trkpt lat="22.5398837" lon="113.9361430"><ele>15.4</ele><time>2023-08-04T22:50:06Z</time></trkpt>
      <trkpt lat="22.5398907" lon="113.9361261"><ele>15.3</ele><time>2023-08-04T22:50:07Z</time></trkpt>
      <trkpt lat="22.5398973" lon="113.9361092"><ele>15.3</ele><time>2023-08-04T22:50:08Z</time></trkpt>
      <trkpt lat="22.5399038" lon="113.9360925"><ele>15.3</ele><time>2023-08-04T22:50:09Z</time></trkpt>
      <trkpt lat="22.5399094" lon="113.9360757"><ele>15.2</ele><time>2023-08-04T22:50:10Z</time></trkpt>
      <trkpt lat="22.5399137" lon="113.9360584"><ele>15.2</ele><time>2023-08-04T22:50:11Z</time></trkpt>
      <trkpt lat="22.5399171" lon="113.9360408"><ele>15.1</ele><time>2023-08-04T22:50:12Z</time></trkpt>
      <trkpt lat="22.5399196" lon="113.9360230"><ele>15.1</ele><time>2023-08-04T22:50:13Z</time></trkpt>
      <trkpt lat="22.5399210" lon="113.9360050"><ele>15.1</ele><time>2023-08-04T22:50:14Z</time></trkpt>
      <trkpt lat="22.5399216" lon="113.9359868"><ele>15.0</ele><time>2023-08-04T22:50:15Z</time></trkpt>
      <trkpt lat="22.5399215" lon="113.9359687"><ele>15.0</ele><time>2023-08-04T22:50:16Z</time></trkpt>
      <trkpt lat="22.5399212" lon="113.9359508"><ele>15.0</ele><time>2023-08-04T22:50:17Z</time></trkpt>
      <trkpt lat="22.5399216" lon="113.9359328"><ele>14.9</ele><time>2023-08-04T22:50:18Z</time></trkpt>
      <trkpt lat="22.5399214" lon="113.9359149"><ele>14.9</ele><time>2023-08-04T22:50:19Z</time></trkpt>
      <trkpt lat="22.5399202" lon="113.9358970"><ele>14.9</ele><time>2023-08-04T22:50:20Z</time></trkpt>
      <trkpt lat="22.5399181" lon="113.9358790"><ele>14.8</ele><time>2023-08-04T22:50:21Z</time></trkpt>
      <trkpt lat="22.5399152" lon="113.9358611"><ele>14.8</ele><time>2023-08-04T22:50:22Z</time></trkpt>
      <trkpt lat="22.5399116" lon="113.9358435"><ele>14.7</ele><time>2023-08-04T22:50:23Z</time></trkpt>
      <trkpt lat="22.5399071" lon="113.9358261"><ele>14.7</ele><time>2023-08-04T22:50:24Z</time></trkpt>
      <trkpt lat="22.5399020" lon="113.9358087"><ele>14.7</ele><time>2023-08-04T22:50:25Z</time></trkpt>
      <trkpt lat="22.5398979" lon="113.9357913"><ele>14.6</ele><time>2023-08-04T22:50:26Z</time></trkpt>
      <trkpt lat="22.5398939" lon="113.9357739"><ele>14.6</ele><time>2023-08-04T22:50:27Z</time></trkpt>
      <trkpt lat="22.5398892" lon="113.9357566"><ele>14.5</ele><time>2023-08-04T22:50:28Z</time></trkpt>
      <trkpt lat="22.5398839" lon="113.9357395"><ele>14.5</ele><time>2023-08-04T22:50:29Z</time></trkpt>
      <trkpt lat="22.5398776" lon="113.9357229"><ele>14.5</ele><time>2023-08-04T22:50:30Z</time></trkpt>
      <trkpt lat="22.5398702" lon="113.9357068"><ele>14.4</ele><time>2023-08-04T22:50:31Z</time></trkpt>
      <trkpt lat="22.5398625" lon="113.9356911"><ele>14.4</ele><time>2023-08-04T22:50:32Z</time></trkpt>
      <trkpt lat="22.5398547" lon="113.9356759"><ele>14.3</ele><time>2023-08-04T22:50:33Z</time></trkpt>
      <trkpt lat="22.5398459" lon="113.9356616"><ele>14.2</ele><time>2023-08-04T22:50:34Z</time></trkpt>
      <trkpt lat="22.5398365" lon="113.9356477"><ele>14.2</ele><time>2023-08-04T22:50:35Z</time></trkpt>
      <trkpt lat="22.5398273" lon="113.9356339"><ele>14.1</ele><time>2023-08-04T22:50:36Z</time></trkpt>
      <trkpt lat="22.5398182" lon="113.9356197"><ele>14.1</ele><time>2023-08-04T22:50:37Z</time></trkpt>
      <trkpt lat="22.5398087" lon="113.9356059"><ele>14.0</ele><time>2023-08-04T22:50:38Z</time></trkpt>
      <trkpt lat="22.5397983" lon="113.9355930"><ele>13.9</ele><time>2023-08-04T22:50:39Z</time></trkpt>
      <trkpt lat="22.5397872" lon="113.9355808"><ele>13.9</ele><time>2023-08-04T22:50:40Z</time></trkpt>
      <trkpt lat="22.5397760" lon="113.9355688"><ele>13.8</ele><time>2023-08-04T22:50:41Z</time></trkpt>
      <trkpt lat="22.5397649" lon="113.9355569"><ele>13.7</ele><time>2023-08-04T22:50:42Z</time></trkpt>
      <trkpt lat="22.5397540" lon="113.9355448"><ele>13.6</ele><time>2023-08-04T22:50:43Z</time></trkpt>
      <trkpt lat="22.5397434" lon="113.9355324"><ele>13.6</ele><time>2023-08-04T22:50:44Z</time></trkpt>
      <trkpt lat="22.5397321" lon="113.9355208"><ele>13.5</ele><time>2023-08-04T22:50:45Z</time></trkpt>
      <trkpt lat="22.5397194" lon="113.9355110"><ele>13.4</ele><time>2023-08-04T22:50:46Z</time></trkpt>
      <trkpt lat="22.5397060" lon="113.9355021"><ele>13.4</ele><time>2023-08-04T22:50:47Z</time></trkpt>
      <trkpt lat="22.5396928" lon="113.9354933"><ele>13.3</ele><time>2023-08-04T22:50:48Z</time></trkpt>
      <trkpt lat="22.5396794" lon="113.9354849"><ele>13.2</ele><time>2023-08-04T22:50:49Z</time></trkpt>
      <trkpt lat="22.5396653" lon="113.9354773"><ele>13.1</ele><time>2023-08-04T22:50:50Z</time></trkpt>
      <trkpt lat="22.5396506" lon="113.9354708"><ele>13.1</ele><time>2023-08-04T22:50:51Z</time></trkpt>
      <trkpt lat="22.5396352" lon="113.9354653"><ele>13.0</ele><time>2023-08-04T22:50:52Z</time></trkpt>
      <trkpt lat="22.5396193" lon="113.9354605"><ele>13.0</ele><time>2023-08-04T22:50:53Z</time></trkpt>
      <trkpt lat="22.5396032" lon="113.9354564"><ele>12.9</ele><time>2023-08-04T22:50:54Z</time></trkpt>
      <trkpt lat="22.5395869" lon="113.9354530"><ele>12.9</ele><time>2023-08-04T22:50:55Z</time></trkpt>
      <trkpt lat="22.5395705" lon="113.9354497"><ele>12.8</ele><time>2023-08-04T22:50:56Z</time></trkpt>
      <trkpt lat="22.5395543" lon="113.9354466"><ele>12.8</ele><time>2023-08-04T22:50:57Z</time></trkpt>
      <trkpt lat="22.5395380" lon="113.9354446"><ele>12.8</ele><time>2023-08-04T22:50:58Z</time></trkpt>
      <trkpt lat="22.5395215" lon="113.9354437"><ele>12.7</ele><time>2023-08-04T22:50:59Z</time></trkpt>
      <trkpt lat="22.5395049" lon="113.9354432"><ele>12.7</ele><time>2023-08-04T22:51:00Z</time></trkpt>
      <trkpt lat="22.5394884" lon="113.9354429"><ele>12.7</ele><time>2023-08-04T22:51:01Z</time></trkpt>
      <trkpt lat="22.5394717" lon="113.9354432"><ele>12.7</ele><time>2023-08-04T22:51:02Z</time></trkpt>
      <trkpt lat="22.5394550" lon="113.9354436"><ele>12.7</ele><time>2023-08-04T22:51:03Z</time></trkpt>
      <trkpt lat="22.5394382" lon="113.9354441"><ele>12.7</ele><time>2023-08-04T22:51:04Z</time></trkpt>
      <trkpt lat="22.5394212" lon="113.9354453"><ele>12.7</ele><time>2023-08-04T22:51:05Z</time></trkpt>
      <trkpt lat="22.5394042" lon="113.9354466"><ele>12.8</ele><time>2023-08-04T22:51:06Z</time></trkpt>
      <trkpt lat="22.5393871" lon="113.9354478"><ele>12.8</ele><time>2023-08-04T22:51:07Z</time></trkpt>
      <trkpt lat="22.5393701" lon="113.9354488"><ele>12.8</ele><time>2023-08-04T22:51:08Z</time></trkpt>
      <trkpt lat="22.5393533" lon="113.9354495"><ele>12.9</ele><time>2023-08-04T22:51:09Z</time></trkpt>
      <trkpt lat="22.5393366" lon="113.9354499"><ele>12.9</ele><time>2023-08-04T22:51:10Z</time></trkpt>
      <trkpt lat="22.5393196" lon="113.9354505"><ele>12.9</ele><time>2023-08-04T22:51:11Z</time></trkpt>
      <trkpt lat="22.5393026" lon="113.9354516"><ele>13.0</ele><time>2023-08-04T22:51:12Z</time></trkpt>
      <trkpt lat="22.5392856" lon="113.9354531"><ele>13.0</ele><time>2023-08-04T22:51:13Z</time></trkpt>
      <trkpt lat="22.5392686" lon="113.9354548"><ele>13.1</ele><time>2023-08-04T22:51:14Z</time></trkpt>
      <trkpt lat="22.5392517" lon="113.9354561"><ele>13.2</ele><time>2023-08-04T22:51:15Z</time></trkpt>
      <trkpt lat="22.5392350" lon="113.9354570"><ele>13.2</ele><time>2023-08-04T22:51:16Z</time></trkpt>
      <trkpt lat="22.5392183" lon="113.9354586"><ele>13.3</ele><time>2023-08-04T22:51:17Z</time></trkpt>
      <trkpt lat="22.5392017" lon="113.9354613"><ele>13.3</ele><time>2023-08-04T22:51:18Z</time></trkpt>
      <trkpt lat="22.5391850" lon="113.9354636"><ele>13.4</ele><time>2023-08-04T22:51:19Z</time></trkpt>
      <trkpt lat="22.5391680" lon="113.9354647"><ele>13.5</ele><time>2023-08-04T22:51:20Z</time></trkpt>
      <trkpt lat="22.5391508" lon="113.9354653"><ele>13.6</ele><time>2023-08-04T22:51:21Z</time></trkpt>
      <trkpt lat="22.5391338" lon="113.9354666"><ele>13.6</ele><time>2023-08-04T22:51:22Z</time></trkpt>
      <trkpt lat="22.5391170" lon="113.9354690"><ele>13.7</ele><time>2023-08-04T22:51:23Z</time></trkpt>
      <trkpt lat="22.5391005" lon="113.9354712"><ele>13.8</ele><time>2023-08-04T22:51:24Z</time></trkpt>
      <trkpt lat="22.5390839" lon="113.9354723"><ele>13.8</ele><time>2023-08-04T22:51:25Z</time></trkpt>
      <trkpt lat="22.5390670" lon="113.9354733"><ele>13.9</ele><time>2023-08-04T22:51:26Z</time></trkpt>
      <trkpt lat="22.5390500" lon="113.9354745"><ele>14.0</ele><time>2023-08-04T22:51:27Z</time></trkpt>
      <trkpt lat="22.5390331" lon="113.9354759"><ele>14.1</ele><time>2023-08-04T22:51:28Z</time></trkpt>
      <trkpt lat="22.5390163" lon="113.9354775"><ele>14.1</ele><time>2023-08-04T22:51:29Z</time></trkpt>
      <trkpt lat="22.5389994" lon="113.9354789"><ele>14.2</ele><time>2023-08-04T22:51:30Z</time></trkpt>
      <trkpt lat="22.5389824" lon="113.9354798"><ele>14.3</ele><time>2023-08-04T22:51:31Z</time></trkpt>
      <trkpt lat="22.5389654" lon="113.9354802"><ele>14.3</ele><time>2023-08-04T22:51:32Z</time></trkpt>
      <trkpt lat="22.5389484" lon="113.9354803"><ele>14.4</ele><time>2023-08-04T22:51:33Z</time></trkpt>
      <trkpt lat="22.5389317" lon="113.9354796"><ele>14.4</ele><time>2023-08-04T22:51:34Z</time></trkpt>
      <trkpt lat="22.5389150" lon="113.9354782"><ele>14.5</ele><time>2023-08-04T22:51:35Z</time></trkpt>
      <trkpt lat="22.5388985" lon="113.9354767"><ele>14.5</ele><time>2023-08-04T22:51:36Z</time></trkpt>
      <trkpt lat="22.5388819" lon="113.9354763"><ele>14.6</ele><time>2023-08-04T22:51:37Z</time></trkpt>
      <trkpt lat="22.5388650" lon="113.9354770"><ele>14.6</ele><time>2023-08-04T22:51:38Z</time></trkpt>
      <trkpt lat="22.5388481" lon="113.9354780"><ele>14.7</ele><time>2023-08-04T22:51:39Z</time></trkpt>
      <trkpt lat="22.5388314" lon="113.9354788"><ele>14.7</ele><time>2023-08-04T22:51:40Z</time></trkpt>
      <trkpt lat="22.5388148" lon="113.9354799"><ele>14.8</ele><time>2023-08-04T22:51:41Z</time></trkpt>
      <trkpt lat="22.5387982" lon="113.9354809"><ele>14.8</ele><time>2023-08-04T22:51:42Z</time></trkpt>
      <trkpt lat="22.5387819" lon="113.9354813"><ele>14.9</ele><time>2023-08-04T22:51:43Z</time></trkpt>
      <trkpt lat="22.5387656" lon="113.9354815"><ele>14.9</ele><time>2023-08-04T22:51:44Z</time></trkpt>
      <trkpt lat="22.5387494" lon="113.9354810"><ele>14.9</ele><time>2023-08-04T22:51:45Z</time></trkpt>
      <trkpt lat="22.5387334" lon="113.9354801"><ele>15.0</ele><time>2023-08-04T22:51:46Z</time></trkpt>
      <trkpt lat="22.5387175" lon="113.9354798"><ele>15.0</ele><time>2023-08-04T22:51:47Z</time></trkpt>
      <trkpt lat="22.5387017" lon="113.9354805"><ele>15.0</ele><time>2023-08-04T22:51:48Z</time></trkpt>
      <trkpt lat="22.5386859" lon="113.9354825"><ele>15.1</ele><time>2023-08-04T22:51:49Z</time></trkpt>
      <trkpt lat="22.5386700" lon="113.9354861"><ele>15.1</ele><time>2023-08-04T22:51:50Z</time></trkpt>
      <trkpt lat="22.5386542" lon="113.9354914"><ele>15.1</ele><time>2023-08-04T22:51:51Z</time></trkpt>
      <trkpt lat="22.5386392" lon="113.9354985"><ele>15.2</ele><time>2023-08-04T22:51:52Z</time></trkpt>
      <trkpt lat="22.5386246" lon="113.9355075"><ele>15.2</ele><time>2023-08-04T22:51:53Z</time></trkpt>
      <trkpt lat="22.5386095" lon="113.9355167"><ele>15.2</ele><time>2023-08-04T22:51:54Z</time></trkpt>
      <trkpt lat="22.5385943" lon="113.9355248"><ele>15.3</ele><time>2023-08-04T22:51:55Z</time></trkpt>
      <trkpt lat="22.5385796" lon="113.9355323"><ele>15.3</ele><time>2023-08-04T22:51:56Z</time></trkpt>
      <trkpt lat="22.5385648" lon="113.9355396"><ele>15.3</ele><time>2023-08-04T22:51:57Z</time></trkpt>
      <trkpt lat="22.5385499" lon="113.9355468"><ele>15.4</ele><time>2023-08-04T22:51:58Z</time></trkpt>
      <trkpt lat="22.5385353" lon="113.9355552"><ele>15.4</ele><time>2023-08-04T22:51:59Z</time></trkpt>
      <trkpt lat="22.5385216" lon="113.9355654"><ele>15.4</ele><time>2023-08-04T22:52:00Z</time></trkpt>
      <trkpt lat="22.5385084" lon="113.9355763"><ele>15.4</ele><time>2023-08-04T22:52:01Z</time></trkpt>
      <trkpt lat="22.5384957" lon="113.9355879"><ele>15.5</ele><time>2023-08-04T22:52:02Z</time></trkpt>
      <trkpt lat="22.5384834" lon="113.9356003"><ele>15.5</ele><time>2023-08-04T22:52:03Z</time></trkpt>
      <trkpt lat="22.5384716" lon="113.9356131"><ele>15.5</ele><time>2023-08-04T22:52:04Z</time></trkpt>
      <trkpt lat="22.5384603" lon="113.9356266"><ele>15.5</ele><time>2023-08-04T22:52:05Z</time></trkpt>
      <trkpt lat="22.5384499" lon="113.9356413"><ele>15.5</ele><time>2023-08-04T22:52:06Z</time></trkpt>
      <trkpt lat="22.5384406" lon="113.9356567"><ele>15.5</ele><time>2023-08-04T22:52:07Z</time></trkpt>
      <trkpt lat="22.5384316" lon="113.9356722"><ele>15.5</ele><time>2023-08-04T22:52:08Z</time></trkpt>
      <trkpt lat="22.5384232" lon="113.9356882"><ele>15.5</ele><time>2023-08-04T22:52:09Z</time></trkpt>
      <trkpt lat="22.5384152" lon="113.9357044"><ele>15.5</ele><time>2023-08-04T22:52:10Z</time></trkpt>
      <trkpt lat="22.5384074" lon="113.9357202"><ele>15.5</ele><time>2023-08-04T22:52:11Z</time></trkpt>
      <trkpt lat="22.5383999" lon="113.9357360"><ele>15.5</ele><time>2023-08-04T22:52:12Z</time></trkpt>
      <trkpt lat="22.5383932" lon="113.9357524"><ele>15.5</ele><time>2023-08-04T22:52:13Z</time></trkpt>
      <trkpt lat="22.5383871" lon="113.9357693"><ele>15.5</ele><time>2023-08-04T22:52:14Z</time></trkpt>
      <trkpt lat="22.5383810" lon="113.9357861"><ele>15.4</ele><time>2023-08-04T22:52:15Z</time></trkpt>
      <trkpt lat="22.5383751" lon="113.9358030"><ele>15.4</ele><time>2023-08-04T22:52:16Z</time></trkpt>
      <trkpt lat="22.5383694" lon="113.9358199"><ele>15.4</ele><time>2023-08-04T22:52:17Z</time></trkpt>
      <trkpt lat="22.5383645" lon="113.9358373"><ele>15.3</ele><time>2023-08-04T22:52:18Z</time></trkpt>
      <trkpt lat="22.5383611" lon="113.9358555"><ele>15.3</ele><time>2023-08-04T22:52:19Z</time></trkpt>
      <trkpt lat="22.5383582" lon="113.9358738"><ele>15.2</ele><time>2023-08-04T22:52:20Z</time></trkpt>
      <trkpt lat="22.5383555" lon="113.9358919"><ele>15.2</ele><time>2023-08-04T22:52:21Z</time></trkpt>
      <trkpt lat="22.5383533" lon="113.9359099"><ele>15.1</ele><time>2023-08-04T22:52:22Z</time></trkpt>
      <trkpt lat="22.5383509" lon="113.9359274"><ele>15.1</ele><time>2023-08-04T22:52:23Z</time></trkpt>
      <trkpt lat="22.5383487" lon="113.9359447"><ele>15.0</ele><time>2023-08-04T22:52:24Z</time></trkpt>
      <trkpt lat="22.5383480" lon="113.9359624"><ele>15.0</ele><time>2023-08-04T22:52:25Z</time></trkpt>
      <trkpt lat="22.5383490" lon="113.9359805"><ele>14.9</ele><time>2023-08-04T22:52:26Z</time></trkpt>
      <trkpt lat="22.5383507" lon="113.9359985"><ele>14.9</ele><time>2023-08-04T22:52:27Z</time></trkpt>
      <trkpt lat="22.5383533" lon="113.9360166"><ele>14.8</ele><time>2023-08-04T22:52:28Z</time></trkpt>
      <trkpt lat="22.5383567" lon="113.9360346"><ele>14.7</ele><time>2023-08-04T22:52:29Z</time></trkpt>
      <trkpt lat="22.5383611" lon="113.9360523"><ele>14.7</ele><time>2023-08-04T22:52:30Z</time></trkpt>
      <trkpt lat="22.5383660" lon="113.9360698"><ele>14.6</ele><time>2023-08-04T22:52:31Z</time></trkpt>
      <trkpt lat="22.5383705" lon="113.9360872"><ele>14.6</ele><time>2023-08-04T22:52:32Z</time></trkpt>
      <trkpt lat="22.5383750" lon="113.9361044"><ele>14.5</ele><time>2023-08-04T22:52:33Z</time></trkpt>
      <trkpt lat="22.5383803" lon="113.9361215"><ele>14.5</ele><time>2023-08-04T22:52:34Z</time></trkpt>
      <trkpt lat="22.5383867" lon="113.9361385"><ele>14.5</ele><time>2023-08-04T22:52:35Z</time></trkpt>
      <trkpt lat="22.5383935" lon="113.9361556"><ele>14.4</ele><time>2023-08-04T22:52:36Z</time></trkpt>
      <trkpt lat="22.5384009" lon="113.9361723"><ele>14.4</ele><time>2023-08-04T22:52:37Z</time></trkpt>
      <trkpt lat="22.5384097" lon="113.9361882"><ele>14.4</ele><time>2023-08-04T22:52:38Z</time></trkpt>
      <trkpt lat="22.5384191" lon="113.9362034"><ele>14.3</ele><time>2023-08-04T22:52:39Z</time></trkpt>
      <trkpt lat="22.5384288" lon="113.9362180"><ele>14.3</ele><time>2023-08-04T22:52:40Z</time></trkpt>
      <trkpt lat="22.5384384" lon="113.9362327"><ele>14.3</ele><time>2023-08-04T22:52:41Z</time></trkpt>
      <trkpt lat="22.5384485" lon="113.9362473"><ele>14.3</ele><time>2023-08-04T22:52:42Z</time></trkpt>
      <trkpt lat="22.5384597" lon="113.9362611"><ele>14.3</ele><time>2023-08-04T22:52:43Z</time></trkpt>
      <trkpt lat="22.5384717" lon="113.9362741"><ele>14.3</ele><time>2023-08-04T22:52:44Z</time></trkpt>
      <trkpt lat="22.5384846" lon="113.9362861"><ele>14.3</ele><time>2023-08-04T22:52:45Z</time></trkpt>
      <trkpt lat="22.5384988" lon="113.9362965"><ele>14.3</ele><time>2023-08-04T22:52:46Z</time></trkpt>
      <trkpt lat="22.5385128" lon="113.9363074"><ele>14.3</ele><time>2023-08-04T22:52:47Z</time></trkpt>
      <trkpt lat="22.5385259" lon="113.9363193"><ele>14.3</ele><time>2023-08-04T22:52:48Z</time></trkpt>
      <trkpt lat="22.5385399" lon="113.9363299"><ele>14.3</ele><time>2023-08-04T22:52:49Z</time></trkpt>
      <trkpt lat="22.5385546" lon="113.9363396"><ele>14.3</ele><time>2023-08-04T22:52:50Z</time></trkpt>
      <trkpt lat="22.5385691" lon="113.9363496"><ele>14.3</ele><time>2023-08-04T22:52:51Z</time></trkpt>
      <trkpt lat="22.5385837" lon="113.9363593"><ele>14.3</ele><time>2023-08-04T22:52:52Z</time></trkpt>
      <trkpt lat="22.5385984" lon="113.9363686"><ele>14.3</ele><time>2023-08-04T22:52:53Z</time></trkpt>
      <trkpt lat="22.5386135" lon="113.9363771"><ele>14.3</ele><time>2023-08-04T22:52:54Z</time></trkpt>
      <trkpt lat="22.5386297" lon="113.9363834"><ele>14.3</ele><time>2023-08-04T22:52:55Z</time></trkpt>
      <trkpt lat="22.5386466" lon="113.9363884"><ele>14.4</ele><time>2023-08-04T22:52:56Z</time></trkpt>
      <trkpt lat="22.5386632" lon="113.9363939"><ele>14.4</ele><time>2023-08-04T22:52:57Z</time></trkpt>
      <trkpt lat="22.5386798" lon="113.9363996"><ele>14.4</ele><time>2023-08-04T22:52:58Z</time></trkpt>
      <trkpt lat="22.5386964" lon="113.9364050"><ele>14.4</ele><time>2023-08-04T22:52:59Z</time></trkpt>
      <trkpt lat="22.5387131" lon="113.9364097"><ele>14.5</ele><time>2023-08-04T22:53:00Z</time></trkpt>
      <trkpt lat="22.5387302" lon="113.9364124"><ele>14.5</ele><time>2023-08-04T22:53:01Z</time></trkpt>
      <trkpt lat="22.5387473" lon="113.9364135"><ele>14.5</ele><time>2023-08-04T22:53:02Z</time></trkpt>
      <trkpt lat="22.5387645" lon="113.9364148"><ele>14.6</ele><time>2023-08-04T22:53:03Z</time></trkpt>
      <trkpt lat="22.5387819" lon="113.9364160"><ele>14.6</ele><time>2023-08-04T22:53:04Z</time></trkpt>
      <trkpt lat="22.5387992" lon="113.9364165"><ele>14.6</ele><time>2023-08-04T22:53:05Z</time></trkpt>
      <trkpt lat="22.5388165" lon="113.9364159"><ele>14.7</ele><time>2023-08-04T22:53:06Z</time></trkpt>
      <trkpt lat="22.5388337" lon="113.9364144"><ele>14.7</ele><time>2023-08-04T22:53:07Z</time></trkpt>
      <trkpt lat="22.5388506" lon="113.9364135"><ele>14.8</ele><time>2023-08-04T22:53:08Z</time></trkpt>
      <trkpt lat="22.5388673" lon="113.9364132"><ele>14.8</ele><time>2023-08-04T22:53:09Z</time></trkpt>
      <trkpt lat="22.5388841" lon="113.9364130"><ele>14.8</ele><time>2023-08-04T22:53:10Z</time></trkpt>
      <trkpt lat="22.5389014" lon="113.9364128"><ele>14.9</ele><time>2023-08-04T22:53:11Z</time></trkpt>
      <trkpt lat="22.5389188" lon="113.9364123"><ele>14.9</ele><time>2023-08-04T22:53:12Z</time></trkpt>
      <trkpt lat="22.5389362" lon="113.9364113"><ele>15.0</ele><time>2023-08-04T22:53:13Z</time></trkpt>
      <trkpt lat="22.5389532" lon="113.9364105"><ele>15.0</ele><time>2023-08-04T22:53:14Z</time></trkpt>
      <trkpt lat="22.5389699" lon="113.9364105"><ele>15.1</ele><time>2023-08-04T22:53:15Z</time></trkpt>
      <trkpt lat="22.5389869" lon="113.9364102"><ele>15.1</ele><time>2023-08-04T22:53:16Z</time></trkpt>
      <trkpt lat="22.5390040" lon="113.9364098"><ele>15.2</ele><time>2023-08-04T22:53:17Z</time></trkpt>
      <trkpt lat="22.5390210" lon="113.9364096"><ele>15.2</ele><time>2023-08-04T22:53:18Z</time></trkpt>
      <trkpt lat="22.5390381" lon="113.9364091"><ele>15.3</ele><time>2023-08-04T22:53:19Z</time></trkpt>
      <trkpt lat="22.5390551" lon="113.9364079"><ele>15.4</ele><time>2023-08-04T22:53:20Z</time></trkpt>
      <trkpt lat="22.5390720" lon="113.9364062"><ele>15.4</ele><time>2023-08-04T22:53:21Z</time></trkpt>
      <trkpt lat="22.5390889" lon="113.9364051"><ele>15.5</ele><time>2023-08-04T22:53:22Z</time></trkpt>
      <trkpt lat="22.5391059" lon="113.9364055"><ele>15.5</ele><time>2023-08-04T22:53:23Z</time></trkpt>
      <trkpt lat="22.5391230" lon="113.9364063"><ele>15.6</ele><time>2023-08-04T22:53:24Z</time></trkpt>
      <trkpt lat="22.5391401" lon="113.9364060"><ele>15.6</ele><time>2023-08-04T22:53:25Z</time></trkpt>
      <trkpt lat="22.5391572" lon="113.9364054"><ele>15.7</ele><time>2023-08-04T22:53:26Z</time></trkpt>
      <trkpt lat="22.5391741" lon="113.9364053"><ele>15.7</ele><time>2023-08-04T22:53:27Z</time></trkpt>
      <trkpt lat="22.5391909" lon="113.9364046"><ele>15.7</ele><time>2023-08-04T22:53:28Z</time></trkpt>
      <trkpt lat="22.5392080" lon="113.9364032"><ele>15.8</ele><time>2023-08-04T22:53:29Z</time></trkpt>
      <trkpt lat="22.5392253" lon="113.9364019"><ele>15.8</ele><time>2023-08-04T22:53:30Z</time></trkpt>
      <trkpt lat="22.5392426" lon="113.9364006"><ele>15.9</ele><time>2023-08-04T22:53:31Z</time></trkpt>
      <trkpt lat="22.5392596" lon="113.9363998"><ele>15.9</ele><time>2023-08-04T22:53:32Z</time></trkpt>
      <trkpt lat="22.5392768" lon="113.9363988"><ele>16.0</ele><time>2023-08-04T22:53:33Z</time></trkpt>
      <trkpt lat="22.5392941" lon="113.9363960"><ele>16.0</ele><time>2023-08-04T22:53:34Z</time></trkpt>
      <trkpt lat="22.5393114" lon="113.9363930"><ele>16.0</ele><time>2023-08-04T22:53:35Z</time></trkpt>
      <trkpt lat="22.5393284" lon="113.9363912"><ele>16.1</ele><time>2023-08-04T22:53:36Z</time></trkpt>
      <trkpt lat="22.5393451" lon="113.9363888"><ele>16.1</ele><time>2023-08-04T22:53:37Z</time></trkpt>
      <trkpt lat="22.5393617" lon="113.9363868"><ele>16.1</ele><time>2023-08-04T22:53:38Z</time></trkpt>
      <trkpt lat="22.5393786" lon="113.9363860"><ele>16.2</ele><time>2023-08-04T22:53:39Z</time></trkpt>
      <trkpt lat="22.5393957" lon="113.9363850"><ele>16.2</ele><time>2023-08-04T22:53:40Z</time></trkpt>
      <trkpt lat="22.5394129" lon="113.9363841"><ele>16.2</ele><time>2023-08-04T22:53:41Z</time></trkpt>
      <trkpt lat="22.5394301" lon="113.9363836"><ele>16.3</ele><time>2023-08-04T22:53:42Z</time></trkpt>
      <trkpt lat="22.5394472" lon="113.9363824"><ele>16.3</ele><time>2023-08-04T22:53:43Z</time></trkpt>
      <trkpt lat="22.5394644" lon="113.9363805"><ele>16.3</ele><time>2023-08-04T22:53:44Z</time></trkpt>
      <trkpt lat="22.5394814" lon="113.9363787"><ele>16.3</ele><time>2023-08-04T22:53:45Z</time></trkpt>
      <trkpt lat="22.5394982" lon="113.9363772"><ele>16.4</ele><time>2023-08-04T22:53:46Z</time></trkpt>
      <trkpt lat="22.5395151" lon="113.9363773"><ele>16.4</ele><time>2023-08-04T22:53:47Z</time></trkpt>
      <trkpt lat="22.5395321" lon="113.9363777"><ele>16.4</ele><time>2023-08-04T22:53:48Z</time></trkpt>
      <trkpt lat="22.5395493" lon="113.9363763"><ele>16.4</ele><time>2023-08-04T22:53:49Z</time></trkpt>
      <trkpt lat="22.5395663" lon="113.9363738"><ele>16.4</ele><time>2023-08-04T22:53:50Z</time></trkpt>
      <trkpt lat="22.5395831" lon="113.9363706"><ele>16.5</ele><time>2023-08-04T22:53:51Z</time></trkpt>
      <trkpt lat="22.5395998" lon="113.9363664"><ele>16.5</ele><time>2023-08-04T22:53:52Z</time></trkpt>
      <trkpt lat="22.5396159" lon="113.9363620"><ele>16.5</ele><time>2023-08-04T22:53:53Z</time></trkpt>
      <trkpt lat="22.5396313" lon="113.9363564"><ele>16.5</ele><time>2023-08-04T22:53:54Z</time></trkpt>
      <trkpt lat="22.5396466" lon="113.9363493"><ele>16.5</ele><time>2023-08-04T22:53:55Z</time></trkpt>
      <trkpt lat="22.5396622" lon="113.9363417"><ele>16.5</ele><time>2023-08-04T22:53:56Z</time></trkpt>
      <trkpt lat="22.5396776" lon="113.9363333"><ele>16.5</ele><time>2023-08-04T22:53:57Z</time></trkpt>
      <trkpt lat="22.5396927" lon="113.9363245"><ele>16.6</ele><time>2023-08-04T22:53:58Z</time></trkpt>
      <trkpt lat="22.5397081" lon="113.9363163"><ele>16.6</ele><time>2023-08-04T22:53:59Z</time></trkpt>
      <trkpt lat="22.5397229" lon="113.9363071"><ele>16.6</ele><time>2023-08-04T22:54:00Z</time></trkpt>
      <trkpt lat="22.5397371" lon="113.9362964"><ele>16.6</ele><time>2023-08-04T22:54:01Z</time></trkpt>
      <trkpt lat="22.5397512" lon="113.9362859"><ele>16.6</ele><time>2023-08-04T22:54:02Z</time></trkpt>
      <trkpt lat="22.5397653" lon="113.9362761"><ele>16.6</ele><time>2023-08-04T22:54:03Z</time></trkpt>
      <trkpt lat="22.5397789" lon="113.9362655"><ele>16.7</ele><time>2023-08-04T22:54:04Z</time></trkpt>
      <trkpt lat="22.5397912" lon="113.9362530"><ele>16.7</ele><time>2023-08-04T22:54:05Z</time></trkpt>
      <trkpt lat="22.5398023" lon="113.9362392"><ele>16.7</ele><time>2023-08-04T22:54:06Z</time></trkpt>
      <trkpt lat="22.5398118" lon="113.9362242"><ele>16.7</ele><time>2023-08-04T22:54:07Z</time></trkpt>
      <trkpt lat="22.5398208" lon="113.9362088"><ele>16.7</ele><time>2023-08-04T22:54:08Z</time></trkpt>
      <trkpt lat="22.5398309" lon="113.9361942"><ele>16.7</ele><time>2023-08-04T22:54:09Z</time></trkpt>
      <trkpt lat="22.5398416" lon="113.9361797"><ele>16.8</ele><time>2023-08-04T22:54:10Z</time></trkpt>
      <trkpt lat="22.5398515" lon="113.9361646"><ele>16.8</ele><time>2023-08-04T22:54:11Z</time></trkpt>
      <trkpt lat="22.5398607" lon="113.9361493"><ele>16.8</ele><time>2023-08-04T22:54:12Z</time></trkpt>
      <trkpt lat="22.5398695" lon="113.9361336"><ele>16.8</ele><time>2023-08-04T22:54:13Z</time></trkpt>
      <trkpt lat="22.5398778" lon="113.9361175"><ele>16.8</ele><time>2023-08-04T22:54:14Z</time></trkpt>
      <trkpt lat="22.5398853" lon="113.9361012"><ele>16.8</ele><time>2023-08-04T22:54:15Z</time></trkpt>
      <trkpt lat="22.5398919" lon="113.9360847"><ele>16.8</ele><time>2023-08-04T22:54:16Z</time></trkpt>
      <trkpt lat="22.5398986" lon="113.9360684"><ele>16.9</ele><time>2023-08-04T22:54:17Z</time></trkpt>
      <trkpt lat="22.5399055" lon="113.9360524"><ele>16.9</ele><time>2023-08-04T22:54:18Z</time></trkpt>
      <trkpt lat="22.5399111" lon="113.9360357"><ele>16.9</ele><time>2023-08-04T22:54:19Z</time></trkpt>
      <trkpt lat="22.5399154" lon="113.9360183"><ele>16.9</ele><time>2023-08-04T22:54:20Z</time></trkpt>
      <trkpt lat="22.5399189" lon="113.9360005"><ele>16.9</ele><time>2023-08-04T22:54:21Z</time></trkpt>
      <trkpt lat="22.5399211" lon="113.9359824"><ele>16.9</ele><time>2023-08-04T22:54:22Z</time></trkpt>
      <trkpt lat="22.5399223" lon="113.9359643"><ele>16.9</ele><time>2023-08-04T22:54:23Z</time></trkpt>
      <trkpt lat="22.5399232" lon="113.9359465"><ele>16.9</ele><time>2023-08-04T22:54:24Z</time></trkpt>
      <trkpt lat="22.5399231" lon="113.9359287"><ele>16.9</ele><time>2023-08-04T22:54:25Z</time></trkpt>
      <trkpt lat="22.5399222" lon="113.9359107"><ele>16.9</ele><time>2023-08-04T22:54:26Z</time></trkpt>
      <trkpt lat="22.5399213" lon="113.9358925"><ele>16.9</ele><time>2023-08-04T22:54:27Z</time></trkpt>
      <trkpt lat="22.5399202" lon="113.9358743"><ele>17.0</ele><time>2023-08-04T22:54:28Z</time></trkpt>
      <trkpt lat="22.5399187" lon="113.9358561"><ele>17.0</ele><time>2023-08-04T22:54:29Z</time></trkpt>
      <trkpt lat="22.5399164" lon="113.9358382"><ele>16.9</ele><time>2023-08-04T22:54:30Z</time></trkpt>
      <trkpt lat="22.5399122" lon="113.9358208"><ele>16.9</ele><time>2023-08-04T22:54:31Z</time></trkpt>
      <trkpt lat="22.5399057" lon="113.9358038"><ele>16.9</ele><time>2023-08-04T22:54:32Z</time></trkpt>
      <trkpt lat="22.5398991" lon="113.9357868"><ele>16.9</ele><time>2023-08-04T22:54:33Z</time></trkpt>
      <trkpt lat="22.5398935" lon="113.9357693"><ele>16.9</ele><time>2023-08-04T22:54:34Z</time></trkpt>
      <trkpt lat="22.5398878" lon="113.9357519"><ele>16.9</ele><time>2023-08-04T22:54:35Z</time></trkpt>
      <trkpt lat="22.5398814" lon="113.9357349"><ele>16.9</ele><time>2023-08-04T22:54:36Z</time></trkpt>
      <trkpt lat="22.5398741" lon="113.9357184"><ele>16.8</ele><time>2023-08-04T22:54:37Z</time></trkpt>
      <trkpt lat="22.5398661" lon="113.9357023"><ele>16.8</ele><time>2023-08-04T22:54:38Z</time></trkpt>
      <trkpt lat="22.5398579" lon="113.9356865"><ele>16.8</ele><time>2023-08-04T22:54:39Z</time></trkpt>
      <trkpt lat="22.5398495" lon="113.9356709"><ele>16.7</ele><time>2023-08-04T22:54:40Z</time></trkpt>
      <trkpt lat="22.5398406" lon="113.9356557"><ele>16.7</ele><time>2023-08-04T22:54:41Z</time></trkpt>
      <trkpt lat="22.5398318" lon="113.9356406"><ele>16.6</ele><time>2023-08-04T22:54:42Z</time></trkpt>
      <trkpt lat="22.5398229" lon="113.9356257"><ele>16.5</ele><time>2023-08-04T22:54:43Z</time></trkpt>
      <trkpt lat="22.5398129" lon="113.9356115"><ele>16.5</ele><time>2023-08-04T22:54:44Z</time></trkpt>
      <trkpt lat="22.5398022" lon="113.9355977"><ele>16.4</ele><time>2023-08-04T22:54:45Z</time></trkpt>
      <trkpt lat="22.5397910" lon="113.9355844"><ele>16.3</ele><time>2023-08-04T22:54:46Z</time></trkpt>
      <trkpt lat="22.5397788" lon="113.9355723"><ele>16.3</ele><time>2023-08-04T22:54:47Z</time></trkpt>
      <trkpt lat="22.5397663" lon="113.9355609"><ele>16.2</ele><time>2023-08-04T22:54:48Z</time></trkpt>
      <trkpt lat="22.5397535" lon="113.9355502"><ele>16.1</ele><time>2023-08-04T22:54:49Z</time></trkpt>
      <trkpt lat="22.5397399" lon="113.9355404"><ele>16.0</ele><time>2023-08-04T22:54:50Z</time></trkpt>
      <trkpt lat="22.5397260" lon="113.9355312"><ele>15.9</ele><time>2023-08-04T22:54:51Z</time></trkpt>
      <trkpt lat="22.5397122" lon="113.9355220"><ele>15.8</ele><time>2023-08-04T22:54:52Z</time></trkpt>
      <trkpt lat="22.5396983" lon="113.9355129"><ele>15.7</ele><time>2023-08-04T22:54:53Z</time></trkpt>
      <trkpt lat="22.5396841" lon="113.9355044"><ele>15.6</ele><time>2023-08-04T22:54:54Z</time></trkpt>
      <trkpt lat="22.5396696" lon="113.9354965"><ele>15.5</ele><time>2023-08-04T22:54:55Z</time></trkpt>
      <trkpt lat="22.5396547" lon="113.9354893"><ele>15.4</ele><time>2023-08-04T22:54:56Z</time></trkpt>
      <trkpt lat="22.5396397" lon="113.9354829"><ele>15.4</ele><time>2023-08-04T22:54:57Z</time></trkpt>
      <trkpt lat="22.5396245" lon="113.9354771"><ele>15.3</ele><time>2023-08-04T22:54:58Z</time></trkpt>
      <trkpt lat="22.5396090" lon="113.9354721"><ele>15.2</ele><time>2023-08-04T22:54:59Z</time></trkpt>
      <trkpt lat="22.5395933" lon="113.9354676"><ele>15.1</ele><time>2023-08-04T22:55:00Z</time></trkpt>
      <trkpt lat="22.5395776" lon="113.9354629"><ele>15.0</ele><time>2023-08-04T22:55:01Z</time></trkpt>
      <trkpt lat="22.5395620" lon="113.9354585"><ele>14.9</ele><time>2023-08-04T22:55:02Z</time></trkpt>
      <trkpt lat="22.5395460" lon="113.9354558"><ele>14.9</ele><time>2023-08-04T22:55:03Z</time></trkpt>
      <trkpt lat="22.5395297" lon="113.9354543"><ele>14.8</ele><time>2023-08-04T22:55:04Z</time></trkpt>
      <trkpt lat="22.5395133" lon="113.9354534"><ele>14.7</ele><time>2023-08-04T22:55:05Z</time></trkpt>
      <trkpt lat="22.5394969" lon="113.9354533"><ele>14.6</ele><time>2023-08-04T22:55:06Z</time></trkpt>
      <trkpt lat="22.5394805" lon="113.9354527"><ele>14.6</ele><time>2023-08-04T22:55:07Z</time></trkpt>
      <trkpt lat="22.5394640" lon="113.9354524"><ele>14.5</ele><time>2023-08-04T22:55:08Z</time></trkpt>
      <trkpt lat="22.5394474" lon="113.9354541"><ele>14.4</ele><time>2023-08-04T22:55:09Z</time></trkpt>
      <trkpt lat="22.5394310" lon="113.9354570"><ele>14.4</ele><time>2023-08-04T22:55:10Z</time></trkpt>
      <trkpt lat="22.5394146" lon="113.9354594"><ele>14.3</ele><time>2023-08-04T22:55:11Z</time></trkpt>
      <trkpt lat="22.5393981" lon="113.9354612"><ele>14.3</ele><time>2023-08-04T22:55:12Z</time></trkpt>
      <trkpt lat="22.5393816" lon="113.9354617"><ele>14.2</ele><time>2023-08-04T22:55:13Z</time></trkpt>
      <trkpt lat="22.5393650" lon="113.9354615"><ele>14.2</ele><time>2023-08-04T22:55:14Z</time></trkpt>
      <trkpt lat="22.5393483" lon="113.9354613"><ele>14.1</ele><time>2023-08-04T22:55:15Z</time></trkpt>
      <trkpt lat="22.5393315" lon="113.9354616"><ele>14.1</ele><time>2023-08-04T22:55:16Z</time></trkpt>
      <trkpt lat="22.5393147" lon="113.9354630"><ele>14.1</ele><time>2023-08-04T22:55:17Z</time></trkpt>
      <trkpt lat="22.5392978" lon="113.9354650"><ele>14.0</ele><time>2023-08-04T22:55:18Z</time></trkpt>
      <trkpt lat="22.5392810" lon="113.9354671"><ele>14.0</ele><time>2023-08-04T22:55:19Z</time></trkpt>
      <trkpt lat="22.5392644" lon="113.9354694"><ele>14.0</ele><time>2023-08-04T22:55:20Z</time></trkpt>
      <trkpt lat="22.5392478" lon="113.9354713"><ele>13.9</ele><time>2023-08-04T22:55:21Z</time></trkpt>
      <trkpt lat="22.5392311" lon="113.9354729"><ele>13.9</ele><time>2023-08-04T22:55:22Z</time></trkpt>
      <trkpt lat="22.5392146" lon="113.9354742"><ele>13.9</ele><time>2023-08-04T22:55:23Z</time></trkpt>
      <trkpt lat="22.5391982" lon="113.9354749"><ele>13.9</ele><time>2023-08-04T22:55:24Z</time></trkpt>
      <trkpt lat="22.5391818" lon="113.9354755"><ele>13.9</ele><time>2023-08-04T22:55:25Z</time></trkpt>
      <trkpt lat="22.5391656" lon="113.9354759"><ele>13.9</ele><time>2023-08-04T22:55:26Z</time></trkpt>
      <trkpt lat="22.5391494" lon="113.9354758"><ele>13.8</ele><time>2023-08-04T22:55:27Z</time></trkpt>
      <trkpt lat="22.5391333" lon="113.9354757"><ele>13.8</ele><time>2023-08-04T22:55:28Z</time></trkpt>
      <trkpt lat="22.5391172" lon="113.9354759"><ele>13.8</ele><time>2023-08-04T22:55:29Z</time></trkpt>
      <trkpt lat="22.5391012" lon="113.9354766"><ele>13.8</ele><time>2023-08-04T22:55:30Z</time></trkpt>
      <trkpt lat="22.5390852" lon="113.9354782"><ele>13.8</ele><time>2023-08-04T22:55:31Z</time></trkpt>
      <trkpt lat="22.5390690" lon="113.9354800"><ele>13.8</ele><time>2023-08-04T22:55:32Z</time></trkpt>
      <trkpt lat="22.5390524" lon="113.9354813"><ele>13.8</ele><time>2023-08-04T22:55:33Z</time></trkpt>
      <trkpt lat="22.5390357" lon="113.9354825"><ele>13.8</ele><time>2023-08-04T22:55:34Z</time></trkpt>
      <trkpt lat="22.5390188" lon="113.9354839"><ele>13.8</ele><time>2023-08-04T22:55:35Z</time></trkpt>
      <trkpt lat="22.5390021" lon="113.9354848"><ele>13.8</ele><time>2023-08-04T22:55:36Z</time></trkpt>
      <trkpt lat="22.5389853" lon="113.9354853"><ele>13.8</ele><time>2023-08-04T22:55:37Z</time></trkpt>
      <trkpt lat="22.5389680" lon="113.9354855"><ele>13.8</ele><time>2023-08-04T22:55:38Z</time></trkpt>
      <trkpt lat="22.5389508" lon="113.9354854"><ele>13.8</ele><time>2023-08-04T22:55:39Z</time></trkpt>
      <trkpt lat="22.5389340" lon="113.9354852"><ele>13.8</ele><time>2023-08-04T22:55:40Z</time></trkpt>
      <trkpt lat="22.5389171" lon="113.9354859"><ele>13.8</ele><time>2023-08-04T22:55:41Z</time></trkpt>
      <trkpt lat="22.5389008" lon="113.9354860"><ele>13.8</ele><time>2023-08-04T22:55:42Z</time></trkpt>
      <trkpt lat="22.5388852" lon="113.9354850"><ele>13.8</ele><time>2023-08-04T22:55:43Z</time></trkpt>
      <trkpt lat="22.5388696" lon="113.9354836"><ele>13.8</ele><time>2023-08-04T22:55:44Z</time></trkpt>
      <trkpt lat="22.5388540" lon="113.9354819"><ele>13.8</ele><time>2023-08-04T22:55:45Z</time></trkpt>
      <trkpt lat="22.5388385" lon="113.9354801"><ele>13.8</ele><time>2023-08-04T22:55:46Z</time></trkpt>
      <trkpt lat="22.5388229" lon="113.9354788"><ele>13.8</ele><time>2023-08-04T22:55:47Z</time></trkpt>
      <trkpt lat="22.5388073" lon="113.9354776"><ele>13.9</ele><time>2023-08-04T22:55:48Z</time></trkpt>
      <trkpt lat="22.5387917" lon="113.9354765"><ele>13.9</ele><time>2023-08-04T22:55:49Z</time></trkpt>
      <trkpt lat="22.5387760" lon="113.9354762"><ele>13.9</ele><time>2023-08-04T22:55:50Z</time></trkpt>
      <trkpt lat="22.5387602" lon="113.9354764"><ele>13.9</ele><time>2023-08-04T22:55:51Z</time></trkpt>
      <trkpt lat="22.5387438" lon="113.9354767"><ele>13.9</ele><time>2023-08-04T22:55:52Z</time></trkpt>
      <trkpt lat="22.5387258" lon="113.9354775"><ele>13.9</ele><time>2023-08-04T22:55:53Z</time></trkpt>
      <trkpt lat="22.5387070" lon="113.9354785"><ele>13.9</ele><time>2023-08-04T22:55:54Z</time></trkpt>
      <trkpt lat="22.5386894" lon="113.9354797"><ele>13.9</ele><time>2023-08-04T22:55:55Z</time></trkpt>
      <trkpt lat="22.5386732" lon="113.9354815"><ele>14.0</ele><time>2023-08-04T22:55:56Z</time></trkpt>
      <trkpt lat="22.5386574" lon="113.9354838"><ele>14.0</ele><time>2023-08-04T22:55:57Z</time></trkpt>
      <trkpt lat="22.5386418" lon="113.9354874"><ele>14.0</ele><time>2023-08-04T22:55:58Z</time></trkpt>
      <trkpt lat="22.5386265" lon="113.9354930"><ele>14.0</ele><time>2023-08-04T22:55:59Z</time></trkpt>
      <trkpt lat="22.5386117" lon="113.9355004"><ele>14.0</ele><time>2023-08-04T22:56:00Z</time></trkpt>
      <trkpt lat="22.5385973" lon="113.9355085"><ele>14.1</ele><time>2023-08-04T22:56:01Z</time></trkpt>
      <trkpt lat="22.5385828" lon="113.9355169"><ele>14.1</ele><time>2023-08-04T22:56:02Z</time></trkpt>
      <trkpt lat="22.5385686" lon="113.9355257"><ele>14.1</ele><time>2023-08-04T22:56:03Z</time></trkpt>
      <trkpt lat="22.5385552" lon="113.9355364"><ele>14.1</ele><time>2023-08-04T22:56:04Z</time></trkpt>
      <trkpt lat="22.5385425" lon="113.9355483"><ele>14.2</ele><time>2023-08-04T22:56:05Z</time></trkpt>
      <trkpt lat="22.5385298" lon="113.9355603"><ele>14.2</ele><time>2023-08-04T22:56:06Z</time></trkpt>
      <trkpt lat="22.5385172" lon="113.9355723"><ele>14.2</ele><time>2023-08-04T22:56:07Z</time></trkpt>
    </trkseg>
  </trk>
  <extensions>
    <distance>4053.56</distance>
    <moving_time>2127.13</moving_time>
    <elapsed_time>2127.13</elapsed_time>
    <average_speed>1.91</average_speed>
    <start_time>2023-08-04T22:22:22Z</start_time>
    <end_time>2023-08-04T22:57:50Z</end_time>
    <average_hr>146.37</average_hr>
  </extensions>
</gpx>
