<?xml version="1.0" encoding="UTF-8"?>
<gpx version="1.1" creator="RunSync" xmlns="http://www.topografix.com/GPX/1/1">
  <metadata><time>2023-08-24T22:36:21Z</time></metadata>
  <trk>
    <name>跑步</name>
    <type>running</type>
    <trkseg>
      <trkpt lat="22.5326269" lon="113.9321727"><ele>9.4</ele><time>2023-08-24T22:37:58Z</time></trkpt>
      <trkpt lat="22.5326426" lon="113.9321845"><ele>9.4</ele><time>2023-08-24T22:37:59Z</time></trkpt>
      <trkpt lat="22.5326592" lon="113.9321949"><ele>9.4</ele><time>2023-08-24T22:38:00Z</time></trkpt>
      <trkpt lat="22.5326772" lon="113.9322040"><ele>9.4</ele><time>2023-08-24T22:38:01Z</time></trkpt>
      <trkpt lat="22.5326960" lon="113.9322127"><ele>9.5</ele><time>2023-08-24T22:38:02Z</time></trkpt>
      <trkpt lat="22.5327149" lon="113.9322215"><ele>9.5</ele><time>2023-08-24T22:38:03Z</time></trkpt>
      <trkpt lat="22.5327332" lon="113.9322310"><ele>9.5</ele><time>2023-08-24T22:38:04Z</time></trkpt>
      <trkpt lat="22.5327509" lon="113.9322409"><ele>9.6</ele><time>2023-08-24T22:38:05Z</time></trkpt>
      <trkpt lat="22.5327690" lon="113.9322501"><ele>9.6</ele><time>2023-08-24T22:38:06Z</time></trkpt>
      <trkpt lat="22.5327878" lon="113.9322585"><ele>9.7</ele><time>2023-08-24T22:38:07Z</time></trkpt>
      <trkpt lat="22.5328064" lon="113.9322668"><ele>9.7</ele><time>2023-08-24T22:38:08Z</time></trkpt>
      <trkpt lat="22.5328254" lon="113.9322748"><ele>9.7</ele><time>2023-08-24T22:38:09Z</time></trkpt>
      <trkpt lat="22.5328446" lon="113.9322826"><ele>9.8</ele><time>2023-08-24T22:38:10Z</time></trkpt>
      <trkpt lat="22.5328627" lon="113.9322912"><ele>9.8</ele><time>2023-08-24T22:38:11Z</time></trkpt>
      <trkpt lat="22.5328801" lon="113.9323011"><ele>9.8</ele><time>2023-08-24T22:38:12Z</time></trkpt>
      <trkpt lat="22.5328973" lon="113.9323120"><ele>9.8</ele><time>2023-08-24T22:38:13Z</time></trkpt>
      <trkpt lat="22.5329140" lon="113.9323241"><ele>9.8</ele><time>2023-08-24T22:38:14Z</time></trkpt>
      <trkpt lat="22.5329301" lon="113.9323373"><ele>9.8</ele><time>2023-08-24T22:38:15Z</time></trkpt>
      <trkpt lat="22.5329458" lon="113.9323507"><ele>9.8</ele><time>2023-08-24T22:38:16Z</time></trkpt>
      <trkpt lat="22.5329617" lon="113.9323635"><ele>9.8</ele><time>2023-08-24T22:38:17Z</time></trkpt>
      <trkpt lat="22.5329782" lon="113.9323755"><ele>9.8</ele><time>2023-08-24T22:38:18Z</time></trkpt>
      <trkpt lat="22.5329943" lon="113.9323870"><ele>9.8</ele><time>2023-08-24T22:38:19Z</time></trkpt>
      <trkpt lat="22.5330095" lon="113.9323997"><ele>9.7</ele><time>2023-08-24T22:38:20Z</time></trkpt>
      <trkpt lat="22.5330240" lon="113.9324140"><ele>9.7</ele><time>2023-08-24T22:38:21Z</time></trkpt>
      <trkpt lat="22.5330391" lon="113.9324283"><ele>9.6</ele><time>2023-08-24T22:38:22Z</time></trkpt>
      <trkpt lat="22.5330547" lon="113.9324414"><ele>9.6</ele><time>2023-08-24T22:38:23Z</time></trkpt>
      <trkpt lat="22.5330705" lon="113.9324538"><ele>9.5</ele><time>2023-08-24T22:38:24Z</time></trkpt>
      <trkpt lat="22.5330866" lon="113.9324660"><ele>9.5</ele><time>2023-08-24T22:38:25Z</time></trkpt>
      <trkpt lat="22.5331039" lon="113.9324784"><ele>9.4</ele><time>2023-08-24T22:38:26Z</time></trkpt>
      <trkpt lat="22.5331231" lon="113.9324914"><ele>9.4</ele><time>2023-08-24T22:38:27Z</time></trkpt>
      <trkpt lat="22.5331437" lon="113.9325043"><ele>9.3</ele><time>2023-08-24T22:38:28Z</time></trkpt>
      <trkpt lat="22.5331631" lon="113.9325165"><ele>9.3</ele><time>2023-08-24T22:38:29Z</time></trkpt>
      <trkpt lat="22.5331806" lon="113.9325284"><ele>9.2</ele><time>2023-08-24T22:38:30Z</time></trkpt>
      <trkpt lat="22.5331975" lon="113.9325403"><ele>9.2</ele><time>2023-08-24T22:38:31Z</time></trkpt>
      <trkpt lat="22.5332141" lon="113.9325524"><ele>9.1</ele><time>2023-08-24T22:38:32Z</time></trkpt>
      <trkpt lat="22.5332312" lon="113.9325639"><ele>9.1</ele><time>2023-08-24T22:38:33Z</time></trkpt>
      <trkpt lat="22.5332489" lon="113.9325748"><ele>9.0</ele><time>2023-08-24T22:38:34Z</time></trkpt>
      <trkpt lat="22.5332671" lon="113.9325857"><ele>9.0</ele><time>2023-08-24T22:38:35Z</time></trkpt>
      <trkpt lat="22.5332857" lon="113.9325963"><ele>9.0</ele><time>2023-08-24T22:38:36Z</time></trkpt>
      <trkpt lat="22.5333040" lon="113.9326064"><ele>8.9</ele><time>2023-08-24T22:38:37Z</time></trkpt>
      <trkpt lat="22.5333224" lon="113.9326152"><ele>8.9</ele><time>2023-08-24T22:38:38Z</time></trkpt>
      <trkpt lat="22.5333414" lon="113.9326237"><ele>8.9</ele><time>2023-08-24T22:38:39Z</time></trkpt>
      <trkpt lat="22.5333594" lon="113.9326344"><ele>8.9</ele><time>2023-08-24T22:38:40Z</time></trkpt>
      <trkpt lat="22.5333771" lon="113.9326456"><ele>8.9</ele><time>2023-08-24T22:38:41Z</time></trkpt>
      <trkpt lat="22.5333944" lon="113.9326568"><ele>8.9</ele><time>2023-08-24T22:38:42Z</time></trkpt>
      <trkpt lat="22.5334113" lon="113.9326678"><ele>8.9</ele><time>2023-08-24T22:38:43Z</time></trkpt>
      <trkpt lat="22.5334288" lon="113.9326777"><ele>8.9</ele><time>2023-08-24T22:38:44Z</time></trkpt>
      <trkpt lat="22.5334466" lon="113.9326870"><ele>8.9</ele><time>2023-08-24T22:38:45Z</time></trkpt>
      <trkpt lat="22.5334639" lon="113.9326970"><ele>8.9</ele><time>2023-08-24T22:38:46Z</time></trkpt>
      <trkpt lat="22.5334809" lon="113.9327078"><ele>8.9</ele><time>2023-08-24T22:38:47Z</time></trkpt>
      <trkpt lat="22.5334976" lon="113.9327193"><ele>8.9</ele><time>2023-08-24T22:38:48Z</time></trkpt>
      <trkpt lat="22.5335155" lon="113.9327309"><ele>8.9</ele><time>2023-08-24T22:38:49Z</time></trkpt>
      <trkpt lat="22.5335365" lon="113.9327414"><ele>8.9</ele><time>2023-08-24T22:38:50Z</time></trkpt>
      <trkpt lat="22.5335579" lon="113.9327505"><ele>8.9</ele><time>2023-08-24T22:38:51Z</time></trkpt>
      <trkpt lat="22.5335763" lon="113.9327601"><ele>8.9</ele><time>2023-08-24T22:38:52Z</time></trkpt>
      <trkpt lat="22.5335926" lon="113.9327710"><ele>8.9</ele><time>2023-08-24T22:38:53Z</time></trkpt>
      <trkpt lat="22.5336087" lon="113.9327819"><ele>9.0</ele><time>2023-08-24T22:38:54Z</time></trkpt>
      <trkpt lat="22.5336250" lon="113.9327921"><ele>9.0</ele><time>2023-08-24T22:38:55Z</time></trkpt>
      <trkpt lat="22.5336418" lon="113.9328020"><ele>9.0</ele><time>2023-08-24T22:38:56Z</time></trkpt>
      <trkpt lat="22.5336585" lon="113.9328126"><ele>9.0</ele><time>2023-08-24T22:38:57Z</time></trkpt>
      <trkpt lat="22.5336750" lon="113.9328238"><ele>9.0</ele><time>2023-08-24T22:38:58Z</time></trkpt>
      <trkpt lat="22.5336912" lon="113.9328352"><ele>9.0</ele><time>2023-08-24T22:38:59Z</time></trkpt>
      <trkpt lat="22.5337072" lon="113.9328462"><ele>9.1</ele><time>2023-08-24T22:39:00Z</time></trkpt>
      <trkpt lat="22.5337238" lon="113.9328565"><ele>9.1</ele><time>2023-08-24T22:39:01Z</time></trkpt>
      <trkpt lat="22.5337411" lon="113.9328664"><ele>9.1</ele><time>2023-08-24T22:39:02Z</time></trkpt>
      <trkpt lat="22.5337587" lon="113.9328758"><ele>9.1</ele><time>2023-08-24T22:39:03Z</time></trkpt>
      <trkpt lat="22.5337758" lon="113.9328855"><ele>9.2</ele><time>2023-08-24T22:39:04Z</time></trkpt>
      <trkpt lat="22.5337926" lon="113.9328957"><ele>9.2</ele><time>2023-08-24T22:39:05Z</time></trkpt>
      <trkpt lat="22.5338093" lon="113.9329060"><ele>9.2</ele><time>2023-08-24T22:39:06Z</time></trkpt>
      <trkpt lat="22.5338262" lon="113.9329162"><ele>9.2</ele><time>2023-08-24T22:39:07Z</time></trkpt>
      <trkpt lat="22.5338432" lon="113.9329262"><ele>9.3</ele><time>2023-08-24T22:39:08Z</time></trkpt>
      <trkpt lat="22.5338597" lon="113.9329365"><ele>9.3</ele><time>2023-08-24T22:39:09Z</time></trkpt>
      <trkpt lat="22.5338756" lon="113.9329479"><ele>9.3</ele><time>2023-08-24T22:39:10Z</time></trkpt>
      <trkpt lat="22.5338907" lon="113.9329601"><ele>9.3</ele><time>2023-08-24T22:39:11Z</time></trkpt>
      <trkpt lat="22.5339052" lon="113.9329730"><ele>9.4</ele><time>2023-08-24T22:39:12Z</time></trkpt>
      <trkpt lat="22.5339188" lon="113.9329863"><ele>9.4</ele><time>2023-08-24T22:39:13Z</time></trkpt>
      <trkpt lat="22.5339320" lon="113.9329999"><ele>9.4</ele><time>2023-08-24T22:39:14Z</time></trkpt>
      <trkpt lat="22.5339452" lon="113.9330133"><ele>9.5</ele><time>2023-08-24T22:39:15Z</time></trkpt>
      <trkpt lat="22.5339589" lon="113.9330265"><ele>9.5</ele><time>2023-08-24T22:39:16Z</time></trkpt>
      <trkpt lat="22.5339734" lon="113.9330388"><ele>9.6</ele><time>2023-08-24T22:39:17Z</time></trkpt>
      <trkpt lat="22.5339880" lon="113.9330505"><ele>9.6</ele><time>2023-08-24T22:39:18Z</time></trkpt>
      <trkpt lat="22.5340029" lon="113.9330620"><ele>9.7</ele><time>2023-08-24T22:39:19Z</time></trkpt>
      <trkpt lat="22.5340177" lon="113.9330732"><ele>9.8</ele><time>2023-08-24T22:39:20Z</time></trkpt>
      <trkpt lat="22.5340323" lon="113.9330847"><ele>9.9</ele><time>2023-08-24T22:39:21Z</time></trkpt>
      <trkpt lat="22.5340472" lon="113.9330961"><ele>9.9</ele><time>2023-08-24T22:39:22Z</time></trkpt>
      <trkpt lat="22.5340621" lon="113.9331075"><ele>10.0</ele><time>2023-08-24T22:39:23Z</time></trkpt>
      <trkpt lat="22.5340773" lon="113.9331188"><ele>10.1</ele><time>2023-08-24T22:39:24Z</time></trkpt>
      <trkpt lat="22.5340930" lon="113.9331297"><ele>10.2</ele><time>2023-08-24T22:39:25Z</time></trkpt>
      <trkpt lat="22.5341085" lon="113.9331408"><ele>10.3</ele><time>2023-08-24T22:39:26Z</time></trkpt>
      <trkpt lat="22.5341241" lon="113.9331516"><ele>10.5</ele><time>2023-08-24T22:39:27Z</time></trkpt>
      <trkpt lat="22.5341398" lon="113.9331621"><ele>10.6</ele><time>2023-08-24T22:39:28Z</time></trkpt>
      <trkpt lat="22.5341555" lon="113.9331725"><ele>10.7</ele><time>2023-08-24T22:39:29Z</time></trkpt>
      <trkpt lat="22.5341710" lon="113.9331833"><ele>10.8</ele><time>2023-08-24T22:39:30Z</time></trkpt>
      <trkpt lat="22.5341869" lon="113.9331940"><ele>11.0</ele><time>2023-08-24T22:39:31Z</time></trkpt>
      <trkpt lat="22.5342028" lon="113.9332047"><ele>11.1</ele><time>2023-08-24T22:39:32Z</time></trkpt>
      <trkpt lat="22.5342188" lon="113.9332157"><ele>11.2</ele><time>2023-08-24T22:39:33Z</time></trkpt>
      <trkpt lat="22.5342348" lon="113.9332262"><ele>11.4</ele><time>2023-08-24T22:39:34Z</time></trkpt>
      <trkpt lat="22.5342507" lon="113.9332367"><ele>11.5</ele><time>2023-08-24T22:39:35Z</time></trkpt>
      <trkpt lat="22.5342667" lon="113.9332474"><ele>11.6</ele><time>2023-08-24T22:39:36Z</time></trkpt>
      <trkpt lat="22.5342829" lon="113.9332580"><ele>11.8</ele><time>2023-08-24T22:39:37Z</time></trkpt>
      <trkpt lat="22.5342993" lon="113.9332683"><ele>11.9</ele><time>2023-08-24T22:39:38Z</time></trkpt>
      <trkpt lat="22.5343160" lon="113.9332782"><ele>12.0</ele><time>2023-08-24T22:39:39Z</time></trkpt>
      <trkpt lat="22.5343325" lon="113.9332880"><ele>12.2</ele><time>2023-08-24T22:39:40Z</time></trkpt>
      <trkpt lat="22.5343487" lon="113.9332977"><ele>12.3</ele><time>2023-08-24T22:39:41Z</time></trkpt>
      <trkpt lat="22.5343648" lon="113.9333075"><ele>12.4</ele><time>2023-08-24T22:39:42Z</time></trkpt>
      <trkpt lat="22.5343805" lon="113.9333181"><ele>12.5</ele><time>2023-08-24T22:39:43Z</time></trkpt>
      <trkpt lat="22.5343960" lon="113.9333289"><ele>12.6</ele><time>2023-08-24T22:39:44Z</time></trkpt>
      <trkpt lat="22.5344115" lon="113.9333394"><ele>12.7</ele><time>2023-08-24T22:39:45Z</time></trkpt>
      <trkpt lat="22.5344267" lon="113.9333503"><ele>12.8</ele><time>2023-08-24T22:39:46Z</time></trkpt>
      <trkpt lat="22.5344417" lon="113.9333617"><ele>12.9</ele><time>2023-08-24T22:39:47Z</time></trkpt>
      <trkpt lat="22.5344565" lon="113.9333733"><ele>13.0</ele><time>2023-08-24T22:39:48Z</time></trkpt>
      <trkpt lat="22.5344706" lon="113.9333855"><ele>13.1</ele><time>2023-08-24T22:39:49Z</time></trkpt>
      <trkpt lat="22.5344843" lon="113.9333980"><ele>13.2</ele><time>2023-08-24T22:39:50Z</time></trkpt>
      <trkpt lat="22.5344977" lon="113.9334106"><ele>13.3</ele><time>2023-08-24T22:39:51Z</time></trkpt>
      <trkpt lat="22.5345112" lon="113.9334231"><ele>13.4</ele><time>2023-08-24T22:39:52Z</time></trkpt>
      <trkpt lat="22.5345250" lon="113.9334352"><ele>13.4</ele><time>2023-08-24T22:39:53Z</time></trkpt>
      <trkpt lat="22.5345387" lon="113.9334474"><ele>13.5</ele><time>2023-08-24T22:39:54Z</time></trkpt>
      <trkpt lat="22.5345521" lon="113.9334598"><ele>13.6</ele><time>2023-08-24T22:39:55Z</time></trkpt>
      <trkpt lat="22.5345655" lon="113.9334726"><ele>13.7</ele><time>2023-08-24T22:39:56Z</time></trkpt>
      <trkpt lat="22.5345793" lon="113.9334855"><ele>13.7</ele><time>2023-08-24T22:39:57Z</time></trkpt>
      <trkpt lat="22.5345934" lon="113.9334981"><ele>13.8</ele><time>2023-08-24T22:39:58Z</time></trkpt>
      <trkpt lat="22.5346079" lon="113.9335099"><ele>13.8</ele><time>2023-08-24T22:39:59Z</time></trkpt>
      <trkpt lat="22.5346224" lon="113.9335215"><ele>13.9</ele><time>2023-08-24T22:40:00Z</time></trkpt>
      <trkpt lat="22.5346363" lon="113.9335333"><ele>14.0</ele><time>2023-08-24T22:40:01Z</time></trkpt>
      <trkpt lat="22.5346504" lon="113.9335448"><ele>14.0</ele><time>2023-08-24T22:40:02Z</time></trkpt>
      <trkpt lat="22.5346647" lon="113.9335564"><ele>14.1</ele><time>2023-08-24T22:40:03Z</time></trkpt>
      <trkpt lat="22.5346784" lon="113.9335688"><ele>14.1</ele><time>2023-08-24T22:40:04Z</time></trkpt>
      <trkpt lat="22.5346918" lon="113.9335819"><ele>14.2</ele><time>2023-08-24T22:40:05Z</time></trkpt>
      <trkpt lat="22.5347048" lon="113.9335954"><ele>14.3</ele><time>2023-08-24T22:40:06Z</time></trkpt>
      <trkpt lat="22.5347179" lon="113.9336089"><ele>14.3</ele><time>2023-08-24T22:40:07Z</time></trkpt>
      <trkpt lat="22.5347316" lon="113.9336216"><ele>14.4</ele><time>2023-08-24T22:40:08Z</time></trkpt>
      <trkpt lat="22.5347456" lon="113.9336340"><ele>14.5</ele><time>2023-08-24T22:40:09Z</time></trkpt>
      <trkpt lat="22.5347597" lon="113.9336464"><ele>14.5</ele><time>2023-08-24T22:40:10Z</time></trkpt>
      <trkpt lat="22.5347740" lon="113.9336588"><ele>14.6</ele><time>2023-08-24T22:40:11Z</time></trkpt>
      <trkpt lat="22.5347880" lon="113.9336715"><ele>14.7</ele><time>2023-08-24T22:40:12Z</time></trkpt>
      <trkpt lat="22.5348019" lon="113.9336845"><ele>14.7</ele><time>2023-08-24T22:40:13Z</time></trkpt>
      <trkpt lat="22.5348154" lon="113.9336980"><ele>14.8</ele><time>2023-08-24T22:40:14Z</time></trkpt>
      <trkpt lat="22.5348286" lon="113.9337118"><ele>14.9</ele><time>2023-08-24T22:40:15Z</time></trkpt>
      <trkpt lat="22.5348427" lon="113.9337245"><ele>14.9</ele><time>2023-08-24T22:40:16Z</time></trkpt>
      <trkpt lat="22.5348573" lon="113.9337367"><ele>15.0</ele><time>2023-08-24T22:40:17Z</time></trkpt>
      <trkpt lat="22.5348718" lon="113.9337493"><ele>15.1</ele><time>2023-08-24T22:40:18Z</time></trkpt>
      <trkpt lat="22.5348856" lon="113.9337628"><ele>15.1</ele><time>2023-08-24T22:40:19Z</time></trkpt>
      <trkpt lat="22.5348989" lon="113.9337767"><ele>15.2</ele><time>2023-08-24T22:40:20Z</time></trkpt>
      <trkpt lat="22.5349128" lon="113.9337901"><ele>15.3</ele><time>2023-08-24T22:40:21Z</time></trkpt>
      <trkpt lat="22.5349272" lon="113.9338029"><ele>15.3</ele><time>2023-08-24T22:40:22Z</time></trkpt>
      <trkpt lat="22.5349416" lon="113.9338155"><ele>15.4</ele><time>2023-08-24T22:40:23Z</time></trkpt>
      <trkpt lat="22.5349561" lon="113.9338282"><ele>15.4</ele><time>2023-08-24T22:40:24Z</time></trkpt>
      <trkpt lat="22.5349695" lon="113.9338416"><ele>15.5</ele><time>2023-08-24T22:40:25Z</time></trkpt>
      <trkpt lat="22.5349822" lon="113.9338556"><ele>15.5</ele><time>2023-08-24T22:40:26Z</time></trkpt>
      <trkpt lat="22.5349950" lon="113.9338696"><ele>15.6</ele><time>2023-08-24T22:40:27Z</time></trkpt>
      <trkpt lat="22.5350080" lon="113.9338832"><ele>15.6</ele><time>2023-08-24T22:40:28Z</time></trkpt>
      <trkpt lat="22.5350212" lon="113.9338962"><ele>15.7</ele><time>2023-08-24T22:40:29Z</time></trkpt>
      <trkpt lat="22.5350347" lon="113.9339089"><ele>15.7</ele><time>2023-08-24T22:40:30Z</time></trkpt>
      <trkpt lat="22.5350485" lon="113.9339213"><ele>15.8</ele><time>2023-08-24T22:40:31Z</time></trkpt>
      <trkpt lat="22.5350624" lon="113.9339334"><ele>15.8</ele><time>2023-08-24T22:40:32Z</time></trkpt>
      <trkpt lat="22.5350763" lon="113.9339454"><ele>15.9</ele><time>2023-08-24T22:40:33Z</time></trkpt>
      <trkpt lat="22.5350902" lon="113.9339573"><ele>15.9</ele><time>2023-08-24T22:40:34Z</time></trkpt>
      <trkpt lat="22.5351043" lon="113.9339687"><ele>15.9</ele><time>2023-08-24T22:40:35Z</time></trkpt>
      <trkpt lat="22.5351189" lon="113.9339798"><ele>16.0</ele><time>2023-08-24T22:40:36Z</time></trkpt>
      <trkpt lat="22.5351332" lon="113.9339911"><ele>16.0</ele><time>2023-08-24T22:40:37Z</time></trkpt>
      <trkpt lat="22.5351473" lon="113.9340027"><ele>16.0</ele><time>2023-08-24T22:40:38Z</time></trkpt>
      <trkpt lat="22.5351612" lon="113.9340145"><ele>16.0</ele><time>2023-08-24T22:40:39Z</time></trkpt>
      <trkpt lat="22.5351747" lon="113.9340265"><ele>16.1</ele><time>2023-08-24T22:40:40Z</time></trkpt>
      <trkpt lat="22.5351886" lon="113.9340380"><ele>16.1</ele><time>2023-08-24T22:40:41Z</time></trkpt>
      <trkpt lat="22.5352031" lon="113.9340489"><ele>16.1</ele><time>2023-08-24T22:40:42Z</time></trkpt>
      <trkpt lat="22.5352177" lon="113.9340596"><ele>16.1</ele><time>2023-08-24T22:40:43Z</time></trkpt>
      <trkpt lat="22.5352325" lon="113.9340702"><ele>16.1</ele><time>2023-08-24T22:40:44Z</time></trkpt>
      <trkpt lat="22.5352475" lon="113.9340808"><ele>16.2</ele><time>2023-08-24T22:40:45Z</time></trkpt>
      <trkpt lat="22.5352624" lon="113.9340913"><ele>16.2</ele><time>2023-08-24T22:40:46Z</time></trkpt>
      <trkpt lat="22.5352769" lon="113.9341021"><ele>16.2</ele><time>2023-08-24T22:40:47Z</time></trkpt>
      <trkpt lat="22.5352909" lon="113.9341133"><ele>16.2</ele><time>2023-08-24T22:40:48Z</time></trkpt>
      <trkpt lat="22.5353044" lon="113.9341250"><ele>16.2</ele><time>2023-08-24T22:40:49Z</time></trkpt>
      <trkpt lat="22.5353182" lon="113.9341366"><ele>16.2</ele><time>2023-08-24T22:40:50Z</time></trkpt>
      <trkpt lat="22.5353325" lon="113.9341479"><ele>16.3</ele><time>2023-08-24T22:40:51Z</time></trkpt>
      <trkpt lat="22.5353471" lon="113.9341588"><ele>16.3</ele><time>2023-08-24T22:40:52Z</time></trkpt>
      <trkpt lat="22.5353618" lon="113.9341697"><ele>16.3</ele><time>2023-08-24T22:40:53Z</time></trkpt>
      <trkpt lat="22.5353762" lon="113.9341809"><ele>16.3</ele><time>2023-08-24T22:40:54Z</time></trkpt>
      <trkpt lat="22.5353900" lon="113.9341926"><ele>16.3</ele><time>2023-08-24T22:40:55Z</time></trkpt>
      <trkpt lat="22.5354043" lon="113.9342038"><ele>16.3</ele><time>2023-08-24T22:40:56Z</time></trkpt>
      <trkpt lat="22.5354185" lon="113.9342150"><ele>16.3</ele><time>2023-08-24T22:40:57Z</time></trkpt>
      <trkpt lat="22.5354326" lon="113.9342260"><ele>16.4</ele><time>2023-08-24T22:40:58Z</time></trkpt>
      <trkpt lat="22.5354474" lon="113.9342363"><ele>16.4</ele><time>2023-08-24T22:40:59Z</time></trkpt>
      <trkpt lat="22.5354625" lon="113.9342461"><ele>16.4</ele><time>2023-08-24T22:41:00Z</time></trkpt>
      <trkpt lat="22.5354781" lon="113.9342553"><ele>16.4</ele><time>2023-08-24T22:41:01Z</time></trkpt>
      <trkpt lat="22.5354942" lon="113.9342639"><ele>16.4</ele><time>2023-08-24T22:41:02Z</time></trkpt>
      <trkpt lat="22.5355108" lon="113.9342717"><ele>16.4</ele><time>2023-08-24T22:41:03Z</time></trkpt>
      <trkpt lat="22.5355271" lon="113.9342800"><ele>16.4</ele><time>2023-08-24T22:41:04Z</time></trkpt>
      <trkpt lat="22.5355427" lon="113.9342898"><ele>16.4</ele><time>2023-08-24T22:41:05Z</time></trkpt>
      <trkpt lat="22.5355583" lon="113.9342995"><ele>16.4</ele><time>2023-08-24T22:41:06Z</time></trkpt>
      <trkpt lat="22.5355744" lon="113.9343085"><ele>16.4</ele><time>2023-08-24T22:41:07Z</time></trkpt>
      <trkpt lat="22.5355907" lon="113.9343173"><ele>16.5</ele><time>2023-08-24T22:41:08Z</time></trkpt>
      <trkpt lat="22.5356069" lon="113.9343260"><ele>16.5</ele><time>2023-08-24T22:41:09Z</time></trkpt>
      <trkpt lat="22.5356231" lon="113.9343348"><ele>16.4</ele><time>2023-08-24T22:41:10Z</time></trkpt>
      <trkpt lat="22.5356391" lon="113.9343441"><ele>16.4</ele><time>2023-08-24T22:41:11Z</time></trkpt>
      <trkpt lat="22.5356557" lon="113.9343527"><ele>16.4</ele><time>2023-08-24T22:41:12Z</time></trkpt>
      <trkpt lat="22.5356745" lon="113.9343594"><ele>16.4</ele><time>2023-08-24T22:41:13Z</time></trkpt>
      <trkpt lat="22.5356938" lon="113.9343656"><ele>16.4</ele><time>2023-08-24T22:41:14Z</time></trkpt>
      <trkpt lat="22.5357116" lon="113.9343728"><ele>16.4</ele><time>2023-08-24T22:41:15Z</time></trkpt>
      <trkpt lat="22.5357286" lon="113.9343802"><ele>16.4</ele><time>2023-08-24T22:41:16Z</time></trkpt>
      <trkpt lat="22.5357453" lon="113.9343877"><ele>16.4</ele><time>2023-08-24T22:41:17Z</time></trkpt>
      <trkpt lat="22.5357619" lon="113.9343956"><ele>16.4</ele><time>2023-08-24T22:41:18Z</time></trkpt>
      <trkpt lat="22.5357789" lon="113.9344034"><ele>16.4</ele><time>2023-08-24T22:41:19Z</time></trkpt>
      <trkpt lat="22.5357962" lon="113.9344110"><ele>16.4</ele><time>2023-08-24T22:41:20Z</time></trkpt>
      <trkpt lat="22.5358139" lon="113.9344179"><ele>16.4</ele><time>2023-08-24T22:41:21Z</time></trkpt>
      <trkpt lat="22.5358322" lon="113.9344237"><ele>16.4</ele><time>2023-08-24T22:41:22Z</time></trkpt>
      <trkpt lat="22.5358508" lon="113.9344293"><ele>16.4</ele><time>2023-08-24T22:41:23Z</time></trkpt>
      <trkpt lat="22.5358694" lon="113.9344359"><ele>16.4</ele><time>2023-08-24T22:41:24Z</time></trkpt>
      <trkpt lat="22.5358879" lon="113.9344432"><ele>16.3</ele><time>2023-08-24T22:41:25Z</time></trkpt>
      <trkpt lat="22.5359061" lon="113.9344507"><ele>16.3</ele><time>2023-08-24T22:41:26Z</time></trkpt>
      <trkpt lat="22.5359243" lon="113.9344585"><ele>16.3</ele><time>2023-08-24T22:41:27Z</time></trkpt>
      <trkpt lat="22.5359424" lon="113.9344664"><ele>16.3</ele><time>2023-08-24T22:41:28Z</time></trkpt>
      <trkpt lat="22.5359607" lon="113.9344740"><ele>16.3</ele><time>2023-08-24T22:41:29Z</time></trkpt>
      <trkpt lat="22.5359792" lon="113.9344815"><ele>16.4</ele><time>2023-08-24T22:41:30Z</time></trkpt>
      <trkpt lat="22.5359979" lon="113.9344888"><ele>16.4</ele><time>2023-08-24T22:41:31Z</time></trkpt>
      <trkpt lat="22.5360169" lon="113.9344968"><ele>16.4</ele><time>2023-08-24T22:41:32Z</time></trkpt>
      <trkpt lat="22.5360357" lon="113.9345061"><ele>16.4</ele><time>2023-08-24T22:41:33Z</time></trkpt>
      <trkpt lat="22.5360539" lon="113.9345167"><ele>16.4</ele><time>2023-08-24T22:41:34Z</time></trkpt>
      <trkpt lat="22.5360715" lon="113.9345284"><ele>16.5</ele><time>2023-08-24T22:41:35Z</time></trkpt>
      <trkpt lat="22.5360890" lon="113.9345402"><ele>16.5</ele><time>2023-08-24T22:41:36Z</time></trkpt>
      <trkpt lat="22.5361067" lon="113.9345513"><ele>16.5</ele><time>2023-08-24T22:41:37Z</time></trkpt>
      <trkpt lat="22.5361245" lon="113.9345619"><ele>16.6</ele><time>2023-08-24T22:41:38Z</time></trkpt>
      <trkpt lat="22.5361428" lon="113.9345718"><ele>16.7</ele><time>2023-08-24T22:41:39Z</time></trkpt>
      <trkpt lat="22.5361615" lon="113.9345813"><ele>16.7</ele><time>2023-08-24T22:41:40Z</time></trkpt>
      <trkpt lat="22.5361803" lon="113.9345908"><ele>16.8</ele><time>2023-08-24T22:41:41Z</time></trkpt>
      <trkpt lat="22.5361983" lon="113.9346004"><ele>16.9</ele><time>2023-08-24T22:41:42Z</time></trkpt>
      <trkpt lat="22.5362151" lon="113.9346110"><ele>16.9</ele><time>2023-08-24T22:41:43Z</time></trkpt>
      <trkpt lat="22.5362313" lon="113.9346222"><ele>17.0</ele><time>2023-08-24T22:41:44Z</time></trkpt>
      <trkpt lat="22.5362471" lon="113.9346339"><ele>17.1</ele><time>2023-08-24T22:41:45Z</time></trkpt>
      <trkpt lat="22.5362628" lon="113.9346449"><ele>17.2</ele><time>2023-08-24T22:41:46Z</time></trkpt>
      <trkpt lat="22.5362788" lon="113.9346555"><ele>17.3</ele><time>2023-08-24T22:41:47Z</time></trkpt>
      <trkpt lat="22.5362940" lon="113.9346676"><ele>17.4</ele><time>2023-08-24T22:41:48Z</time></trkpt>
      <trkpt lat="22.5363082" lon="113.9346808"><ele>17.5</ele><time>2023-08-24T22:41:49Z</time></trkpt>
      <trkpt lat="22.5363216" lon="113.9346949"><ele>17.6</ele><time>2023-08-24T22:41:50Z</time></trkpt>
      <trkpt lat="22.5363341" lon="113.9347096"><ele>17.7</ele><time>2023-08-24T22:41:51Z</time></trkpt>
      <trkpt lat="22.5363471" lon="113.9347238"><ele>17.9</ele><time>2023-08-24T22:41:52Z</time></trkpt>
      <trkpt lat="22.5363608" lon="113.9347377"><ele>18.0</ele><time>2023-08-24T22:41:53Z</time></trkpt>
      <trkpt lat="22.5363743" lon="113.9347516"><ele>18.1</ele><time>2023-08-24T22:41:54Z</time></trkpt>
      <trkpt lat="22.5363875" lon="113.9347655"><ele>18.2</ele><time>2023-08-24T22:41:55Z</time></trkpt>
      <trkpt lat="22.5363996" lon="113.9347803"><ele>18.4</ele><time>2023-08-24T22:41:56Z</time></trkpt>
      <trkpt lat="22.5364106" lon="113.9347958"><ele>18.5</ele><time>2023-08-24T22:41:57Z</time></trkpt>
      <trkpt lat="22.5364217" lon="113.9348109"><ele>18.7</ele><time>2023-08-24T22:41:58Z</time></trkpt>
      <trkpt lat="22.5364337" lon="113.9348254"><ele>18.8</ele><time>2023-08-24T22:41:59Z</time></trkpt>
      <trkpt lat="22.5364463" lon="113.9348392"><ele>19.0</ele><time>2023-08-24T22:42:00Z</time></trkpt>
      <trkpt lat="22.5364593" lon="113.9348529"><ele>19.1</ele><time>2023-08-24T22:42:01Z</time></trkpt>
      <trkpt lat="22.5364726" lon="113.9348666"><ele>19.3</ele><time>2023-08-24T22:42:02Z</time></trkpt>
      <trkpt lat="22.5364864" lon="113.9348797"><ele>19.5</ele><time>2023-08-24T22:42:03Z</time></trkpt>
      <trkpt lat="22.5365011" lon="113.9348919"><ele>19.6</ele><time>2023-08-24T22:42:04Z</time></trkpt>
      <trkpt lat="22.5365160" lon="113.9349039"><ele>19.8</ele><time>2023-08-24T22:42:05Z</time></trkpt>
      <trkpt lat="22.5365299" lon="113.9349165"><ele>20.0</ele><time>2023-08-24T22:42:06Z</time></trkpt>
      <trkpt lat="22.5365433" lon="113.9349295"><ele>20.2</ele><time>2023-08-24T22:42:07Z</time></trkpt>
      <trkpt lat="22.5365568" lon="113.9349421"><ele>20.4</ele><time>2023-08-24T22:42:08Z</time></trkpt>
      <trkpt lat="22.5365711" lon="113.9349539"><ele>20.6</ele><time>2023-08-24T22:42:09Z</time></trkpt>
      <trkpt lat="22.5365864" lon="113.9349645"><ele>20.7</ele><time>2023-08-24T22:42:10Z</time></trkpt>
      <trkpt lat="22.5366015" lon="113.9349752"><ele>20.9</ele><time>2023-08-24T22:42:11Z</time></trkpt>
      <trkpt lat="22.5366158" lon="113.9349868"><ele>21.1</ele><time>2023-08-24T22:42:12Z</time></trkpt>
      <trkpt lat="22.5366294" lon="113.9349991"><ele>21.3</ele><time>2023-08-24T22:42:13Z</time></trkpt>
      <trkpt lat="22.5366427" lon="113.9350118"><ele>21.5</ele><time>2023-08-24T22:42:14Z</time></trkpt>
      <trkpt lat="22.5366572" lon="113.9350235"><ele>21.7</ele><time>2023-08-24T22:42:15Z</time></trkpt>
      <trkpt lat="22.5366731" lon="113.9350340"><ele>21.8</ele><time>2023-08-24T22:42:16Z</time></trkpt>
      <trkpt lat="22.5366894" lon="113.9350439"><ele>22.0</ele><time>2023-08-24T22:42:17Z</time></trkpt>
      <trkpt lat="22.5367055" lon="113.9350535"><ele>22.2</ele><time>2023-08-24T22:42:18Z</time></trkpt>
      <trkpt lat="22.5367214" lon="113.9350634"><ele>22.3</ele><time>2023-08-24T22:42:19Z</time></trkpt>
      <trkpt lat="22.5367369" lon="113.9350744"><ele>22.5</ele><time>2023-08-24T22:42:20Z</time></trkpt>
      <trkpt lat="22.5367522" lon="113.9350860"><ele>22.6</ele><time>2023-08-24T22:42:21Z</time></trkpt>
      <trkpt lat="22.5367676" lon="113.9350973"><ele>22.8</ele><time>2023-08-24T22:42:22Z</time></trkpt>
      <trkpt lat="22.5367826" lon="113.9351082"><ele>22.9</ele><time>2023-08-24T22:42:23Z</time></trkpt>
      <trkpt lat="22.5367975" lon="113.9351186"><ele>23.0</ele><time>2023-08-24T22:42:24Z</time></trkpt>
      <trkpt lat="22.5368122" lon="113.9351295"><ele>23.1</ele><time>2023-08-24T22:42:25Z</time></trkpt>
      <trkpt lat="22.5368271" lon="113.9351400"><ele>23.2</ele><time>2023-08-24T22:42:26Z</time></trkpt>
      <trkpt lat="22.5368433" lon="113.9351486"><ele>23.3</ele><time>2023-08-24T22:42:27Z</time></trkpt>
      <trkpt lat="22.5368603" lon="113.9351560"><ele>23.4</ele><time>2023-08-24T22:42:28Z</time></trkpt>
      <trkpt lat="22.5368773" lon="113.9351635"><ele>23.5</ele><time>2023-08-24T22:42:29Z</time></trkpt>
      <trkpt lat="22.5368940" lon="113.9351716"><ele>23.6</ele><time>2023-08-24T22:42:30Z</time></trkpt>
      <trkpt lat="22.5369104" lon="113.9351802"><ele>23.7</ele><time>2023-08-24T22:42:31Z</time></trkpt>
      <trkpt lat="22.5369264" lon="113.9351895"><ele>23.8</ele><time>2023-08-24T22:42:32Z</time></trkpt>
      <trkpt lat="22.5369424" lon="113.9351987"><ele>23.8</ele><time>2023-08-24T22:42:33Z</time></trkpt>
      <trkpt lat="22.5369587" lon="113.9352073"><ele>23.9</ele><time>2023-08-24T22:42:34Z</time></trkpt>
      <trkpt lat="22.5369750" lon="113.9352161"><ele>23.9</ele><time>2023-08-24T22:42:35Z</time></trkpt>
      <trkpt lat="22.5369915" lon="113.9352251"><ele>24.0</ele><time>2023-08-24T22:42:36Z</time></trkpt>
      <trkpt lat="22.5370079" lon="113.9352344"><ele>24.0</ele><time>2023-08-24T22:42:37Z</time></trkpt>
      <trkpt lat="22.5370239" lon="113.9352440"><ele>24.1</ele><time>2023-08-24T22:42:38Z</time></trkpt>
      <trkpt lat="22.5370397" lon="113.9352536"><ele>24.1</ele><time>2023-08-24T22:42:39Z</time></trkpt>
      <trkpt lat="22.5370557" lon="113.9352631"><ele>24.1</ele><time>2023-08-24T22:42:40Z</time></trkpt>
      <trkpt lat="22.5370713" lon="113.9352732"><ele>24.2</ele><time>2023-08-24T22:42:41Z</time></trkpt>
      <trkpt lat="22.5370871" lon="113.9352834"><ele>24.2</ele><time>2023-08-24T22:42:42Z</time></trkpt>
      <trkpt lat="22.5371030" lon="113.9352932"><ele>24.2</ele><time>2023-08-24T22:42:43Z</time></trkpt>
      <trkpt lat="22.5371190" lon="113.9353028"><ele>24.2</ele><time>2023-08-24T22:42:44Z</time></trkpt>
      <trkpt lat="22.5371347" lon="113.9353126"><ele>24.3</ele><time>2023-08-24T22:42:45Z</time></trkpt>
      <trkpt lat="22.5371504" lon="113.9353224"><ele>24.3</ele><time>2023-08-24T22:42:46Z</time></trkpt>
      <trkpt lat="22.5371654" lon="113.9353332"><ele>24.3</ele><time>2023-08-24T22:42:47Z</time></trkpt>
      <trkpt lat="22.5371801" lon="113.9353447"><ele>24.3</ele><time>2023-08-24T22:42:48Z</time></trkpt>
      <trkpt lat="22.5371952" lon="113.9353558"><ele>24.3</ele><time>2023-08-24T22:42:49Z</time></trkpt>
      <trkpt lat="22.5372107" lon="113.9353663"><ele>24.3</ele><time>2023-08-24T22:42:50Z</time></trkpt>
      <trkpt lat="22.5372265" lon="113.9353760"><ele>24.3</ele><time>2023-08-24T22:42:51Z</time></trkpt>
      <trkpt lat="22.5372420" lon="113.9353859"><ele>24.3</ele><time>2023-08-24T22:42:52Z</time></trkpt>
      <trkpt lat="22.5372569" lon="113.9353968"><ele>24.3</ele><time>2023-08-24T22:42:53Z</time></trkpt>
      <trkpt lat="22.5372715" lon="113.9354082"><ele>24.3</ele><time>2023-08-24T22:42:54Z</time></trkpt>
      <trkpt lat="22.5372856" lon="113.9354200"><ele>24.3</ele><time>2023-08-24T22:42:55Z</time></trkpt>
      <trkpt lat="22.5372994" lon="113.9354319"><ele>24.2</ele><time>2023-08-24T22:42:56Z</time></trkpt>
      <trkpt lat="22.5373129" lon="113.9354441"><ele>24.2</ele><time>2023-08-24T22:42:57Z</time></trkpt>
      <trkpt lat="22.5373259" lon="113.9354567"><ele>24.1</ele><time>2023-08-24T22:42:58Z</time></trkpt>
      <trkpt lat="22.5373388" lon="113.9354695"><ele>24.1</ele><time>2023-08-24T22:42:59Z</time></trkpt>
      <trkpt lat="22.5373518" lon="113.9354820"><ele>24.0</ele><time>2023-08-24T22:43:00Z</time></trkpt>
      <trkpt lat="22.5373648" lon="113.9354945"><ele>24.0</ele><time>2023-08-24T22:43:01Z</time></trkpt>
      <trkpt lat="22.5373774" lon="113.9355075"><ele>23.9</ele><time>2023-08-24T22:43:02Z</time></trkpt>
      <trkpt lat="22.5373899" lon="113.9355209"><ele>23.8</ele><time>2023-08-24T22:43:03Z</time></trkpt>
      <trkpt lat="22.5374022" lon="113.9355345"><ele>23.7</ele><time>2023-08-24T22:43:04Z</time></trkpt>
      <trkpt lat="22.5374146" lon="113.9355476"><ele>23.6</ele><time>2023-08-24T22:43:05Z</time></trkpt>
      <trkpt lat="22.5374268" lon="113.9355607"><ele>23.5</ele><time>2023-08-24T22:43:06Z</time></trkpt>
      <trkpt lat="22.5374385" lon="113.9355741"><ele>23.4</ele><time>2023-08-24T22:43:07Z</time></trkpt>
      <trkpt lat="22.5374499" lon="113.9355875"><ele>23.3</ele><time>2023-08-24T22:43:08Z</time></trkpt>
      <trkpt lat="22.5374620" lon="113.9356005"><ele>23.2</ele><time>2023-08-24T22:43:09Z</time></trkpt>
      <trkpt lat="22.5374750" lon="113.9356129"><ele>23.0</ele><time>2023-08-24T22:43:10Z</time></trkpt>
      <trkpt lat="22.5374894" lon="113.9356239"><ele>22.9</ele><time>2023-08-24T22:43:11Z</time></trkpt>
      <trkpt lat="22.5375043" lon="113.9356333"><ele>22.7</ele><time>2023-08-24T22:43:12Z</time></trkpt>
      <trkpt lat="22.5375182" lon="113.9356414"><ele>22.5</ele><time>2023-08-24T22:43:13Z</time></trkpt>
      <trkpt lat="22.5375309" lon="113.9356488"><ele>22.4</ele><time>2023-08-24T22:43:14Z</time></trkpt>
      <trkpt lat="22.5375439" lon="113.9356572"><ele>22.2</ele><time>2023-08-24T22:43:15Z</time></trkpt>
      <trkpt lat="22.5375580" lon="113.9356664"><ele>22.0</ele><time>2023-08-24T22:43:16Z</time></trkpt>
      <trkpt lat="22.5375731" lon="113.9356744"><ele>21.8</ele><time>2023-08-24T22:43:17Z</time></trkpt>
      <trkpt lat="22.5375888" lon="113.9356810"><ele>21.6</ele><time>2023-08-24T22:43:18Z</time></trkpt>
      <trkpt lat="22.5376042" lon="113.9356876"><ele>21.4</ele><time>2023-08-24T22:43:19Z</time></trkpt>
      <trkpt lat="22.5376194" lon="113.9356934"><ele>21.2</ele><time>2023-08-24T22:43:20Z</time></trkpt>
      <trkpt lat="22.5376349" lon="113.9356971"><ele>21.0</ele><time>2023-08-24T22:43:21Z</time></trkpt>
      <trkpt lat="22.5376506" lon="113.9356987"><ele>20.8</ele><time>2023-08-24T22:43:22Z</time></trkpt>
      <trkpt lat="22.5376665" lon="113.9356991"><ele>20.6</ele><time>2023-08-24T22:43:23Z</time></trkpt>
      <trkpt lat="22.5376828" lon="113.9356991"><ele>20.4</ele><time>2023-08-24T22:43:24Z</time></trkpt>
      <trkpt lat="22.5376995" lon="113.9356983"><ele>20.2</ele><time>2023-08-24T22:43:25Z</time></trkpt>
      <trkpt lat="22.5377162" lon="113.9356972"><ele>20.1</ele><time>2023-08-24T22:43:26Z</time></trkpt>
      <trkpt lat="22.5377326" lon="113.9356960"><ele>19.9</ele><time>2023-08-24T22:43:27Z</time></trkpt>
      <trkpt lat="22.5377484" lon="113.9356931"><ele>19.7</ele><time>2023-08-24T22:43:28Z</time></trkpt>
      <trkpt lat="22.5377636" lon="113.9356880"><ele>19.6</ele><time>2023-08-24T22:43:29Z</time></trkpt>
      <trkpt lat="22.5377782" lon="113.9356803"><ele>19.4</ele><time>2023-08-24T22:43:30Z</time></trkpt>
      <trkpt lat="22.5377914" lon="113.9356693"><ele>19.3</ele><time>2023-08-24T22:43:31Z</time></trkpt>
      <trkpt lat="22.5378035" lon="113.9356562"><ele>19.1</ele><time>2023-08-24T22:43:32Z</time></trkpt>
      <trkpt lat="22.5378151" lon="113.9356425"><ele>19.0</ele><time>2023-08-24T22:43:33Z</time></trkpt>
      <trkpt lat="22.5378267" lon="113.9356293"><ele>18.9</ele><time>2023-08-24T22:43:34Z</time></trkpt>
      <trkpt lat="22.5378375" lon="113.9356163"><ele>18.8</ele><time>2023-08-24T22:43:35Z</time></trkpt>
      <trkpt lat="22.5378464" lon="113.9356030"><ele>18.7</ele><time>2023-08-24T22:43:36Z</time></trkpt>
      <trkpt lat="22.5378538" lon="113.9355900"><ele>18.6</ele><time>2023-08-24T22:43:37Z</time></trkpt>
      <trkpt lat="22.5378608" lon="113.9355770"><ele>18.5</ele><time>2023-08-24T22:43:38Z</time></trkpt>
      <trkpt lat="22.5378685" lon="113.9355631"><ele>18.4</ele><time>2023-08-24T22:43:39Z</time></trkpt>
      <trkpt lat="22.5378772" lon="113.9355483"><ele>18.4</ele><time>2023-08-24T22:43:40Z</time></trkpt>
      <trkpt lat="22.5378867" lon="113.9355330"><ele>18.3</ele><time>2023-08-24T22:43:41Z</time></trkpt>
      <trkpt lat="22.5378963" lon="113.9355174"><ele>18.3</ele><time>2023-08-24T22:43:42Z</time></trkpt>
      <trkpt lat="22.5379059" lon="113.9355019"><ele>18.3</ele><time>2023-08-24T22:43:43Z</time></trkpt>
      <trkpt lat="22.5379156" lon="113.9354868"><ele>18.2</ele><time>2023-08-24T22:43:44Z</time></trkpt>
      <trkpt lat="22.5379250" lon="113.9354720"><ele>18.2</ele><time>2023-08-24T22:43:45Z</time></trkpt>
      <trkpt lat="22.5379340" lon="113.9354570"><ele>18.2</ele><time>2023-08-24T22:43:46Z</time></trkpt>
      <trkpt lat="22.5379430" lon="113.9354419"><ele>18.2</ele><time>2023-08-24T22:43:47Z</time></trkpt>
      <trkpt lat="22.5379513" lon="113.9354266"><ele>18.2</ele><time>2023-08-24T22:43:48Z</time></trkpt>
      <trkpt lat="22.5379590" lon="113.9354111"><ele>18.2</ele><time>2023-08-24T22:43:49Z</time></trkpt>
      <trkpt lat="22.5379667" lon="113.9353956"><ele>18.2</ele><time>2023-08-24T22:43:50Z</time></trkpt>
      <trkpt lat="22.5379740" lon="113.9353802"><ele>18.2</ele><time>2023-08-24T22:43:51Z</time></trkpt>
      <trkpt lat="22.5379808" lon="113.9353646"><ele>18.2</ele><time>2023-08-24T22:43:52Z</time></trkpt>
      <trkpt lat="22.5379879" lon="113.9353490"><ele>18.3</ele><time>2023-08-24T22:43:53Z</time></trkpt>
      <trkpt lat="22.5379958" lon="113.9353337"><ele>18.3</ele><time>2023-08-24T22:43:54Z</time></trkpt>
      <trkpt lat="22.5380045" lon="113.9353190"><ele>18.3</ele><time>2023-08-24T22:43:55Z</time></trkpt>
      <trkpt lat="22.5380138" lon="113.9353046"><ele>18.3</ele><time>2023-08-24T22:43:56Z</time></trkpt>
      <trkpt lat="22.5380228" lon="113.9352899"><ele>18.4</ele><time>2023-08-24T22:43:57Z</time></trkpt>
      <trkpt lat="22.5380309" lon="113.9352749"><ele>18.4</ele><time>2023-08-24T22:43:58Z</time></trkpt>
      <trkpt lat="22.5380398" lon="113.9352605"><ele>18.4</ele><time>2023-08-24T22:43:59Z</time></trkpt>
      <trkpt lat="22.5380495" lon="113.9352467"><ele>18.5</ele><time>2023-08-24T22:44:00Z</time></trkpt>
      <trkpt lat="22.5380600" lon="113.9352336"><ele>18.5</ele><time>2023-08-24T22:44:01Z</time></trkpt>
      <trkpt lat="22.5380713" lon="113.9352211"><ele>18.5</ele><time>2023-08-24T22:44:02Z</time></trkpt>
      <trkpt lat="22.5380826" lon="113.9352088"><ele>18.5</ele><time>2023-08-24T22:44:03Z</time></trkpt>
      <trkpt lat="22.5380941" lon="113.9351967"><ele>18.6</ele><time>2023-08-24T22:44:04Z</time></trkpt>
      <trkpt lat="22.5381054" lon="113.9351844"><ele>18.6</ele><time>2023-08-24T22:44:05Z</time></trkpt>
      <trkpt lat="22.5381168" lon="113.9351719"><ele>18.6</ele><time>2023-08-24T22:44:06Z</time></trkpt>
      <trkpt lat="22.5381286" lon="113.9351595"><ele>18.6</ele><time>2023-08-24T22:44:07Z</time></trkpt>
      <trkpt lat="22.5381399" lon="113.9351469"><ele>18.7</ele><time>2023-08-24T22:44:08Z</time></trkpt>
      <trkpt lat="22.5381515" lon="113.9351344"><ele>18.7</ele><time>2023-08-24T22:44:09Z</time></trkpt>
      <trkpt lat="22.5381629" lon="113.9351220"><ele>18.7</ele><time>2023-08-24T22:44:10Z</time></trkpt>
      <trkpt lat="22.5381737" lon="113.9351090"><ele>18.7</ele><time>2023-08-24T22:44:11Z</time></trkpt>
      <trkpt lat="22.5381847" lon="113.9350962"><ele>18.7</ele><time>2023-08-24T22:44:12Z</time></trkpt>
      <trkpt lat="22.5381964" lon="113.9350839"><ele>18.7</ele><time>2023-08-24T22:44:13Z</time></trkpt>
      <trkpt lat="22.5382080" lon="113.9350717"><ele>18.7</ele><time>2023-08-24T22:44:14Z</time></trkpt>
      <trkpt lat="22.5382202" lon="113.9350604"><ele>18.7</ele><time>2023-08-24T22:44:15Z</time></trkpt>
      <trkpt lat="22.5382353" lon="113.9350530"><ele>18.7</ele><time>2023-08-24T22:44:16Z</time></trkpt>
      <trkpt lat="22.5382532" lon="113.9350517"><ele>18.7</ele><time>2023-08-24T22:44:17Z</time></trkpt>
      <trkpt lat="22.5382717" lon="113.9350549"><ele>18.7</ele><time>2023-08-24T22:44:18Z</time></trkpt>
      <trkpt lat="22.5382895" lon="113.9350605"><ele>18.7</ele><time>2023-08-24T22:44:19Z</time></trkpt>
      <trkpt lat="22.5383060" lon="113.9350688"><ele>18.7</ele><time>2023-08-24T22:44:20Z</time></trkpt>
      <trkpt lat="22.5383210" lon="113.9350798"><ele>18.7</ele><time>2023-08-24T22:44:21Z</time></trkpt>
      <trkpt lat="22.5383350" lon="113.9350922"><ele>18.7</ele><time>2023-08-24T22:44:22Z</time></trkpt>
      <trkpt lat="22.5383486" lon="113.9351046"><ele>18.7</ele><time>2023-08-24T22:44:23Z</time></trkpt>
      <trkpt lat="22.5383632" lon="113.9351147"><ele>18.6</ele><time>2023-08-24T22:44:24Z</time></trkpt>
      <trkpt lat="22.5383797" lon="113.9351203"><ele>18.6</ele><time>2023-08-24T22:44:25Z</time></trkpt>
      <trkpt lat="22.5383971" lon="113.9351215"><ele>18.6</ele><time>2023-08-24T22:44:26Z</time></trkpt>
      <trkpt lat="22.5384145" lon="113.9351194"><ele>18.6</ele><time>2023-08-24T22:44:27Z</time></trkpt>
      <trkpt lat="22.5384318" lon="113.9351163"><ele>18.5</ele><time>2023-08-24T22:44:28Z</time></trkpt>
      <trkpt lat="22.5384490" lon="113.9351125"><ele>18.5</ele><time>2023-08-24T22:44:29Z</time></trkpt>
      <trkpt lat="22.5384660" lon="113.9351083"><ele>18.5</ele><time>2023-08-24T22:44:30Z</time></trkpt>
      <trkpt lat="22.5384829" lon="113.9351041"><ele>18.4</ele><time>2023-08-24T22:44:31Z</time></trkpt>
      <trkpt lat="22.5384997" lon="113.9350995"><ele>18.4</ele><time>2023-08-24T22:44:32Z</time></trkpt>
      <trkpt lat="22.5385164" lon="113.9350948"><ele>18.4</ele><time>2023-08-24T22:44:33Z</time></trkpt>
      <trkpt lat="22.5385332" lon="113.9350901"><ele>18.3</ele><time>2023-08-24T22:44:34Z</time></trkpt>
      <trkpt lat="22.5385497" lon="113.9350856"><ele>18.3</ele><time>2023-08-24T22:44:35Z</time></trkpt>
      <trkpt lat="22.5385662" lon="113.9350816"><ele>18.2</ele><time>2023-08-24T22:44:36Z</time></trkpt>
      <trkpt lat="22.5385829" lon="113.9350782"><ele>18.2</ele><time>2023-08-24T22:44:37Z</time></trkpt>
      <trkpt lat="22.5385995" lon="113.9350753"><ele>18.1</ele><time>2023-08-24T22:44:38Z</time></trkpt>
      <trkpt lat="22.5386161" lon="113.9350729"><ele>18.1</ele><time>2023-08-24T22:44:39Z</time></trkpt>
      <trkpt lat="22.5386328" lon="113.9350713"><ele>18.0</ele><time>2023-08-24T22:44:40Z</time></trkpt>
      <trkpt lat="22.5386497" lon="113.9350713"><ele>18.0</ele><time>2023-08-24T22:44:41Z</time></trkpt>
      <trkpt lat="22.5386666" lon="113.9350711"><ele>17.9</ele><time>2023-08-24T22:44:42Z</time></trkpt>
      <trkpt lat="22.5386834" lon="113.9350696"><ele>17.8</ele><time>2023-08-24T22:44:43Z</time></trkpt>
      <trkpt lat="22.5387004" lon="113.9350689"><ele>17.7</ele><time>2023-08-24T22:44:44Z</time></trkpt>
      <trkpt lat="22.5387173" lon="113.9350694"><ele>17.7</ele><time>2023-08-24T22:44:45Z</time></trkpt>
      <trkpt lat="22.5387341" lon="113.9350702"><ele>17.6</ele><time>2023-08-24T22:44:46Z</time></trkpt>
      <trkpt lat="22.5387506" lon="113.9350728"><ele>17.5</ele><time>2023-08-24T22:44:47Z</time></trkpt>
      <trkpt lat="22.5387668" lon="113.9350785"><ele>17.4</ele><time>2023-08-24T22:44:48Z</time></trkpt>
      <trkpt lat="22.5387818" lon="113.9350866"><ele>17.3</ele><time>2023-08-24T22:44:49Z</time></trkpt>
      <trkpt lat="22.5387944" lon="113.9350989"><ele>17.2</ele><time>2023-08-24T22:44:50Z</time></trkpt>
      <trkpt lat="22.5388028" lon="113.9351160"><ele>17.1</ele><time>2023-08-24T22:44:51Z</time></trkpt>
      <trkpt lat="22.5388068" lon="113.9351354"><ele>17.0</ele><time>2023-08-24T22:44:52Z</time></trkpt>
      <trkpt lat="22.5388081" lon="113.9351552"><ele>16.9</ele><time>2023-08-24T22:44:53Z</time></trkpt>
      <trkpt lat="22.5388079" lon="113.9351747"><ele>16.8</ele><time>2023-08-24T22:44:54Z</time></trkpt>
      <trkpt lat="22.5388072" lon="113.9351943"><ele>16.6</ele><time>2023-08-24T22:44:55Z</time></trkpt>
      <trkpt lat="22.5388064" lon="113.9352142"><ele>16.5</ele><time>2023-08-24T22:44:56Z</time></trkpt>
      <trkpt lat="22.5388045" lon="113.9352343"><ele>16.4</ele><time>2023-08-24T22:44:57Z</time></trkpt>
      <trkpt lat="22.5388020" lon="113.9352544"><ele>16.3</ele><time>2023-08-24T22:44:58Z</time></trkpt>
      <trkpt lat="22.5387999" lon="113.9352747"><ele>16.2</ele><time>2023-08-24T22:44:59Z</time></trkpt>
      <trkpt lat="22.5387971" lon="113.9352951"><ele>16.1</ele><time>2023-08-24T22:45:00Z</time></trkpt>
      <trkpt lat="22.5387927" lon="113.9353151"><ele>15.9</ele><time>2023-08-24T22:45:01Z</time></trkpt>
      <trkpt lat="22.5387854" lon="113.9353334"><ele>15.8</ele><time>2023-08-24T22:45:02Z</time></trkpt>
      <trkpt lat="22.5387748" lon="113.9353496"><ele>15.7</ele><time>2023-08-24T22:45:03Z</time></trkpt>
      <trkpt lat="22.5387623" lon="113.9353643"><ele>15.6</ele><time>2023-08-24T22:45:04Z</time></trkpt>
      <trkpt lat="22.5387495" lon="113.9353785"><ele>15.5</ele><time>2023-08-24T22:45:05Z</time></trkpt>
      <trkpt lat="22.5387370" lon="113.9353931"><ele>15.4</ele><time>2023-08-24T22:45:06Z</time></trkpt>
      <trkpt lat="22.5387255" lon="113.9354080"><ele>15.3</ele><time>2023-08-24T22:45:07Z</time></trkpt>
      <trkpt lat="22.5387132" lon="113.9354216"><ele>15.2</ele><time>2023-08-24T22:45:08Z</time></trkpt>
      <trkpt lat="22.5386988" lon="113.9354321"><ele>15.1</ele><time>2023-08-24T22:45:09Z</time></trkpt>
      <trkpt lat="22.5386831" lon="113.9354395"><ele>15.0</ele><time>2023-08-24T22:45:10Z</time></trkpt>
      <trkpt lat="22.5386674" lon="113.9354469"><ele>14.9</ele><time>2023-08-24T22:45:11Z</time></trkpt>
      <trkpt lat="22.5386526" lon="113.9354572"><ele>14.8</ele><time>2023-08-24T22:45:12Z</time></trkpt>
      <trkpt lat="22.5386384" lon="113.9354698"><ele>14.8</ele><time>2023-08-24T22:45:13Z</time></trkpt>
      <trkpt lat="22.5386243" lon="113.9354821"><ele>14.7</ele><time>2023-08-24T22:45:14Z</time></trkpt>
      <trkpt lat="22.5386098" lon="113.9354929"><ele>14.6</ele><time>2023-08-24T22:45:15Z</time></trkpt>
      <trkpt lat="22.5385950" lon="113.9355029"><ele>14.6</ele><time>2023-08-24T22:45:16Z</time></trkpt>
      <trkpt lat="22.5385801" lon="113.9355134"><ele>14.5</ele><time>2023-08-24T22:45:17Z</time></trkpt>
      <trkpt lat="22.5385647" lon="113.9355236"><ele>14.4</ele><time>2023-08-24T22:45:18Z</time></trkpt>
      <trkpt lat="22.5385492" lon="113.9355336"><ele>14.4</ele><time>2023-08-24T22:45:19Z</time></trkpt>
      <trkpt lat="22.5385347" lon="113.9355444"><ele>14.3</ele><time>2023-08-24T22:45:20Z</time></trkpt>
      <trkpt lat="22.5385206" lon="113.9355559"><ele>14.3</ele><time>2023-08-24T22:45:21Z</time></trkpt>
      <trkpt lat="22.5385066" lon="113.9355676"><ele>14.2</ele><time>2023-08-24T22:45:22Z</time></trkpt>
      <trkpt lat="22.5384929" lon="113.9355791"><ele>14.2</ele><time>2023-08-24T22:45:23Z</time></trkpt>
      <trkpt lat="22.5384796" lon="113.9355911"><ele>14.2</ele><time>2023-08-24T22:45:24Z</time></trkpt>
      <trkpt lat="22.5384674" lon="113.9356044"><ele>14.1</ele><time>2023-08-24T22:45:25Z</time></trkpt>
      <trkpt lat="22.5384563" lon="113.9356189"><ele>14.1</ele><time>2023-08-24T22:45:26Z</time></trkpt>
      <trkpt lat="22.5384453" lon="113.9356339"><ele>14.1</ele><time>2023-08-24T22:45:27Z</time></trkpt>
      <trkpt lat="22.5384345" lon="113.9356493"><ele>14.0</ele><time>2023-08-24T22:45:28Z</time></trkpt>
      <trkpt lat="22.5384239" lon="113.9356647"><ele>14.0</ele><time>2023-08-24T22:45:29Z</time></trkpt>
      <trkpt lat="22.5384131" lon="113.9356804"><ele>14.0</ele><time>2023-08-24T22:45:30Z</time></trkpt>
      <trkpt lat="22.5384030" lon="113.9356965"><ele>13.9</ele><time>2023-08-24T22:45:31Z</time></trkpt>
      <trkpt lat="22.5383950" lon="113.9357136"><ele>13.9</ele><time>2023-08-24T22:45:32Z</time></trkpt>
      <trkpt lat="22.5383888" lon="113.9357317"><ele>13.9</ele><time>2023-08-24T22:45:33Z</time></trkpt>
      <trkpt lat="22.5383830" lon="113.9357498"><ele>13.9</ele><time>2023-08-24T22:45:34Z</time></trkpt>
      <trkpt lat="22.5383769" lon="113.9357677"><ele>13.8</ele><time>2023-08-24T22:45:35Z</time></trkpt>
      <trkpt lat="22.5383711" lon="113.9357859"><ele>13.8</ele><time>2023-08-24T22:45:36Z</time></trkpt>
      <trkpt lat="22.5383657" lon="113.9358039"><ele>13.8</ele><time>2023-08-24T22:45:37Z</time></trkpt>
      <trkpt lat="22.5383612" lon="113.9358221"><ele>13.8</ele><time>2023-08-24T22:45:38Z</time></trkpt>
      <trkpt lat="22.5383579" lon="113.9358408"><ele>13.8</ele><time>2023-08-24T22:45:39Z</time></trkpt>
      <trkpt lat="22.5383553" lon="113.9358595"><ele>13.7</ele><time>2023-08-24T22:45:40Z</time></trkpt>
      <trkpt lat="22.5383531" lon="113.9358779"><ele>13.7</ele><time>2023-08-24T22:45:41Z</time></trkpt>
      <trkpt lat="22.5383513" lon="113.9358963"><ele>13.7</ele><time>2023-08-24T22:45:42Z</time></trkpt>
      <trkpt lat="22.5383507" lon="113.9359150"><ele>13.7</ele><time>2023-08-24T22:45:43Z</time></trkpt>
      <trkpt lat="22.5383504" lon="113.9359340"><ele>13.7</ele><time>2023-08-24T22:45:44Z</time></trkpt>
      <trkpt lat="22.5383505" lon="113.9359537"><ele>13.6</ele><time>2023-08-24T22:45:45Z</time></trkpt>
      <trkpt lat="22.5383517" lon="113.9359735"><ele>13.6</ele><time>2023-08-24T22:45:46Z</time></trkpt>
      <trkpt lat="22.5383532" lon="113.9359932"><ele>13.6</ele><time>2023-08-24T22:45:47Z</time></trkpt>
      <trkpt lat="22.5383555" lon="113.9360129"><ele>13.6</ele><time>2023-08-24T22:45:48Z</time></trkpt>
      <trkpt lat="22.5383591" lon="113.9360322"><ele>13.6</ele><time>2023-08-24T22:45:49Z</time></trkpt>
      <trkpt lat="22.5383632" lon="113.9360513"><ele>13.5</ele><time>2023-08-24T22:45:50Z</time></trkpt>
      <trkpt lat="22.5383674" lon="113.9360702"><ele>13.5</ele><time>2023-08-24T22:45:51Z</time></trkpt>
      <trkpt lat="22.5383722" lon="113.9360888"><ele>13.5</ele><time>2023-08-24T22:45:52Z</time></trkpt>
      <trkpt lat="22.5383784" lon="113.9361071"><ele>13.5</ele><time>2023-08-24T22:45:53Z</time></trkpt>
      <trkpt lat="22.5383859" lon="113.9361252"><ele>13.5</ele><time>2023-08-24T22:45:54Z</time></trkpt>
      <trkpt lat="22.5383941" lon="113.9361427"><ele>13.4</ele><time>2023-08-24T22:45:55Z</time></trkpt>
      <trkpt lat="22.5384040" lon="113.9361592"><ele>13.4</ele><time>2023-08-24T22:45:56Z</time></trkpt>
      <trkpt lat="22.5384147" lon="113.9361751"><ele>13.4</ele><time>2023-08-24T22:45:57Z</time></trkpt>
      <trkpt lat="22.5384253" lon="113.9361909"><ele>13.4</ele><time>2023-08-24T22:45:58Z</time></trkpt>
      <trkpt lat="22.5384360" lon="113.9362065"><ele>13.3</ele><time>2023-08-24T22:45:59Z</time></trkpt>
      <trkpt lat="22.5384471" lon="113.9362219"><ele>13.3</ele><time>2023-08-24T22:46:00Z</time></trkpt>
      <trkpt lat="22.5384587" lon="113.9362364"><ele>13.3</ele><time>2023-08-24T22:46:01Z</time></trkpt>
      <trkpt lat="22.5384707" lon="113.9362503"><ele>13.3</ele><time>2023-08-24T22:46:02Z</time></trkpt>
      <trkpt lat="22.5384833" lon="113.9362638"><ele>13.2</ele><time>2023-08-24T22:46:03Z</time></trkpt>
      <trkpt lat="22.5384967" lon="113.9362766"><ele>13.2</ele><time>2023-08-24T22:46:04Z</time></trkpt>
      <trkpt lat="22.5385109" lon="113.9362888"><ele>13.2</ele><time>2023-08-24T22:46:05Z</time></trkpt>
      <trkpt lat="22.5385258" lon="113.9363002"><ele>13.2</ele><time>2023-08-24T22:46:06Z</time></trkpt>
      <trkpt lat="22.5385405" lon="113.9363113"><ele>13.1</ele><time>2023-08-24T22:46:07Z</time></trkpt>
      <trkpt lat="22.5385547" lon="113.9363224"><ele>13.1</ele><time>2023-08-24T22:46:08Z</time></trkpt>
      <trkpt lat="22.5385685" lon="113.9363333"><ele>13.1</ele><time>2023-08-24T22:46:09Z</time></trkpt>
      <trkpt lat="22.5385824" lon="113.9363434"><ele>13.1</ele><time>2023-08-24T22:46:10Z</time></trkpt>
      <trkpt lat="22.5385969" lon="113.9363526"><ele>13.1</ele><time>2023-08-24T22:46:11Z</time></trkpt>
      <trkpt lat="22.5386120" lon="113.9363611"><ele>13.1</ele><time>2023-08-24T22:46:12Z</time></trkpt>
      <trkpt lat="22.5386274" lon="113.9363692"><ele>13.1</ele><time>2023-08-24T22:46:13Z</time></trkpt>
      <trkpt lat="22.5386434" lon="113.9363761"><ele>13.1</ele><time>2023-08-24T22:46:14Z</time></trkpt>
      <trkpt lat="22.5386599" lon="113.9363823"><ele>13.1</ele><time>2023-08-24T22:46:15Z</time></trkpt>
      <trkpt lat="22.5386761" lon="113.9363888"><ele>13.1</ele><time>2023-08-24T22:46:16Z</time></trkpt>
      <trkpt lat="22.5386923" lon="113.9363947"><ele>13.1</ele><time>2023-08-24T22:46:17Z</time></trkpt>
      <trkpt lat="22.5387090" lon="113.9363990"><ele>13.1</ele><time>2023-08-24T22:46:18Z</time></trkpt>
      <trkpt lat="22.5387256" lon="113.9364028"><ele>13.2</ele><time>2023-08-24T22:46:19Z</time></trkpt>
      <trkpt lat="22.5387416" lon="113.9364067"><ele>13.2</ele><time>2023-08-24T22:46:20Z</time></trkpt>
      <trkpt lat="22.5387577" lon="113.9364101"><ele>13.3</ele><time>2023-08-24T22:46:21Z</time></trkpt>
      <trkpt lat="22.5387739" lon="113.9364129"><ele>13.3</ele><time>2023-08-24T22:46:22Z</time></trkpt>
      <trkpt lat="22.5387903" lon="113.9364150"><ele>13.4</ele><time>2023-08-24T22:46:23Z</time></trkpt>
      <trkpt lat="22.5388069" lon="113.9364158"><ele>13.4</ele><time>2023-08-24T22:46:24Z</time></trkpt>
      <trkpt lat="22.5388234" lon="113.9364155"><ele>13.5</ele><time>2023-08-24T22:46:25Z</time></trkpt>
      <trkpt lat="22.5388398" lon="113.9364151"><ele>13.5</ele><time>2023-08-24T22:46:26Z</time></trkpt>
      <trkpt lat="22.5388563" lon="113.9364144"><ele>13.6</ele><time>2023-08-24T22:46:27Z</time></trkpt>
      <trkpt lat="22.5388729" lon="113.9364129"><ele>13.7</ele><time>2023-08-24T22:46:28Z</time></trkpt>
      <trkpt lat="22.5388894" lon="113.9364115"><ele>13.8</ele><time>2023-08-24T22:46:29Z</time></trkpt>
      <trkpt lat="22.5389058" lon="113.9364104"><ele>13.9</ele><time>2023-08-24T22:46:30Z</time></trkpt>
      <trkpt lat="22.5389223" lon="113.9364100"><ele>13.9</ele><time>2023-08-24T22:46:31Z</time></trkpt>
      <trkpt lat="22.5389387" lon="113.9364098"><ele>14.0</ele><time>2023-08-24T22:46:32Z</time></trkpt>
      <trkpt lat="22.5389552" lon="113.9364091"><ele>14.1</ele><time>2023-08-24T22:46:33Z</time></trkpt>
      <trkpt lat="22.5389718" lon="113.9364081"><ele>14.2</ele><time>2023-08-24T22:46:34Z</time></trkpt>
      <trkpt lat="22.5389883" lon="113.9364067"><ele>14.3</ele><time>2023-08-24T22:46:35Z</time></trkpt>
      <trkpt lat="22.5390049" lon="113.9364056"><ele>14.4</ele><time>2023-08-24T22:46:36Z</time></trkpt>
      <trkpt lat="22.5390214" lon="113.9364044"><ele>14.5</ele><time>2023-08-24T22:46:37Z</time></trkpt>
      <trkpt lat="22.5390380" lon="113.9364034"><ele>14.6</ele><time>2023-08-24T22:46:38Z</time></trkpt>
      <trkpt lat="22.5390547" lon="113.9364025"><ele>14.7</ele><time>2023-08-24T22:46:39Z</time></trkpt>
      <trkpt lat="22.5390714" lon="113.9364023"><ele>14.8</ele><time>2023-08-24T22:46:40Z</time></trkpt>
      <trkpt lat="22.5390881" lon="113.9364024"><ele>14.8</ele><time>2023-08-24T22:46:41Z</time></trkpt>
      <trkpt lat="22.5391051" lon="113.9364014"><ele>14.9</ele><time>2023-08-24T22:46:42Z</time></trkpt>
      <trkpt lat="22.5391224" lon="113.9363994"><ele>15.0</ele><time>2023-08-24T22:46:43Z</time></trkpt>
      <trkpt lat="22.5391400" lon="113.9363958"><ele>15.1</ele><time>2023-08-24T22:46:44Z</time></trkpt>
      <trkpt lat="22.5391574" lon="113.9363920"><ele>15.2</ele><time>2023-08-24T22:46:45Z</time></trkpt>
      <trkpt lat="22.5391748" lon="113.9363896"><ele>15.2</ele><time>2023-08-24T22:46:46Z</time></trkpt>
      <trkpt lat="22.5391924" lon="113.9363877"><ele>15.3</ele><time>2023-08-24T22:46:47Z</time></trkpt>
      <trkpt lat="22.5392102" lon="113.9363850"><ele>15.4</ele><time>2023-08-24T22:46:48Z</time></trkpt>
      <trkpt lat="22.5392288" lon="113.9363817"><ele>15.4</ele><time>2023-08-24T22:46:49Z</time></trkpt>
      <trkpt lat="22.5392485" lon="113.9363791"><ele>15.5</ele><time>2023-08-24T22:46:50Z</time></trkpt>
      <trkpt lat="22.5392682" lon="113.9363785"><ele>15.5</ele><time>2023-08-24T22:46:51Z</time></trkpt>
      <trkpt lat="22.5392876" lon="113.9363779"><ele>15.6</ele><time>2023-08-24T22:46:52Z</time></trkpt>
      <trkpt lat="22.5393069" lon="113.9363771"><ele>15.6</ele><time>2023-08-24T22:46:53Z</time></trkpt>
      <trkpt lat="22.5393262" lon="113.9363773"><ele>15.7</ele><time>2023-08-24T22:46:54Z</time></trkpt>
      <trkpt lat="22.5393454" lon="113.9363776"><ele>15.7</ele><time>2023-08-24T22:46:55Z</time></trkpt>
      <trkpt lat="22.5393644" lon="113.9363781"><ele>15.7</ele><time>2023-08-24T22:46:56Z</time></trkpt>
      <trkpt lat="22.5393830" lon="113.9363783"><ele>15.8</ele><time>2023-08-24T22:46:57Z</time></trkpt>
      <trkpt lat="22.5394018" lon="113.9363773"><ele>15.8</ele><time>2023-08-24T22:46:58Z</time></trkpt>
      <trkpt lat="22.5394207" lon="113.9363757"><ele>15.8</ele><time>2023-08-24T22:46:59Z</time></trkpt>
      <trkpt lat="22.5394393" lon="113.9363730"><ele>15.8</ele><time>2023-08-24T22:47:00Z</time></trkpt>
      <trkpt lat="22.5394577" lon="113.9363703"><ele>15.8</ele><time>2023-08-24T22:47:01Z</time></trkpt>
      <trkpt lat="22.5394761" lon="113.9363688"><ele>15.8</ele><time>2023-08-24T22:47:02Z</time></trkpt>
      <trkpt lat="22.5394945" lon="113.9363677"><ele>15.8</ele><time>2023-08-24T22:47:03Z</time></trkpt>
      <trkpt lat="22.5395129" lon="113.9363674"><ele>15.8</ele><time>2023-08-24T22:47:04Z</time></trkpt>
      <trkpt lat="22.5395309" lon="113.9363676"><ele>15.8</ele><time>2023-08-24T22:47:05Z</time></trkpt>
      <trkpt lat="22.5395488" lon="113.9363673"><ele>15.8</ele><time>2023-08-24T22:47:06Z</time></trkpt>
      <trkpt lat="22.5395665" lon="113.9363657"><ele>15.8</ele><time>2023-08-24T22:47:07Z</time></trkpt>
      <trkpt lat="22.5395842" lon="113.9363636"><ele>15.8</ele><time>2023-08-24T22:47:08Z</time></trkpt>
      <trkpt lat="22.5396014" lon="113.9363597"><ele>15.7</ele><time>2023-08-24T22:47:09Z</time></trkpt>
      <trkpt lat="22.5396182" lon="113.9363540"><ele>15.7</ele><time>2023-08-24T22:47:10Z</time></trkpt>
      <trkpt lat="22.5396348" lon="113.9363482"><ele>15.7</ele><time>2023-08-24T22:47:11Z</time></trkpt>
      <trkpt lat="22.5396514" lon="113.9363425"><ele>15.7</ele><time>2023-08-24T22:47:12Z</time></trkpt>
      <trkpt lat="22.5396679" lon="113.9363367"><ele>15.6</ele><time>2023-08-24T22:47:13Z</time></trkpt>
      <trkpt lat="22.5396842" lon="113.9363307"><ele>15.6</ele><time>2023-08-24T22:47:14Z</time></trkpt>
      <trkpt lat="22.5397001" lon="113.9363238"><ele>15.6</ele><time>2023-08-24T22:47:15Z</time></trkpt>
      <trkpt lat="22.5397159" lon="113.9363161"><ele>15.6</ele><time>2023-08-24T22:47:16Z</time></trkpt>
      <trkpt lat="22.5397316" lon="113.9363081"><ele>15.5</ele><time>2023-08-24T22:47:17Z</time></trkpt>
      <trkpt lat="22.5397471" lon="113.9362996"><ele>15.5</ele><time>2023-08-24T22:47:18Z</time></trkpt>
      <trkpt lat="22.5397621" lon="113.9362899"><ele>15.5</ele><time>2023-08-24T22:47:19Z</time></trkpt>
      <trkpt lat="22.5397765" lon="113.9362799"><ele>15.5</ele><time>2023-08-24T22:47:20Z</time></trkpt>
      <trkpt lat="22.5397901" lon="113.9362694"><ele>15.4</ele><time>2023-08-24T22:47:21Z</time></trkpt>
      <trkpt lat="22.5398028" lon="113.9362574"><ele>15.4</ele><time>2023-08-24T22:47:22Z</time></trkpt>
      <trkpt lat="22.5398148" lon="113.9362448"><ele>15.4</ele><time>2023-08-24T22:47:23Z</time></trkpt>
      <trkpt lat="22.5398265" lon="113.9362316"><ele>15.4</ele><time>2023-08-24T22:47:24Z</time></trkpt>
      <trkpt lat="22.5398378" lon="113.9362174"><ele>15.4</ele><time>2023-08-24T22:47:25Z</time></trkpt>
      <trkpt lat="22.5398490" lon="113.9362031"><ele>15.4</ele><time>2023-08-24T22:47:26Z</time></trkpt>
      <trkpt lat="22.5398598" lon="113.9361881"><ele>15.4</ele><time>2023-08-24T22:47:27Z</time></trkpt>
      <trkpt lat="22.5398700" lon="113.9361724"><ele>15.4</ele><time>2023-08-24T22:47:28Z</time></trkpt>
      <trkpt lat="22.5398797" lon="113.9361568"><ele>15.4</ele><time>2023-08-24T22:47:29Z</time></trkpt>
      <trkpt lat="22.5398882" lon="113.9361405"><ele>15.4</ele><time>2023-08-24T22:47:30Z</time></trkpt>
      <trkpt lat="22.5398954" lon="113.9361236"><ele>15.4</ele><time>2023-08-24T22:47:31Z</time></trkpt>
      <trkpt lat="22.5399020" lon="113.9361064"><ele>15.4</ele><time>2023-08-24T22:47:32Z</time></trkpt>
      <trkpt lat="22.5399078" lon="113.9360889"><ele>15.4</ele><time>2023-08-24T22:47:33Z</time></trkpt>
      <trkpt lat="22.5399132" lon="113.9360713"><ele>15.5</ele><time>2023-08-24T22:47:34Z</time></trkpt>
      <trkpt lat="22.5399174" lon="113.9360537"><ele>15.5</ele><time>2023-08-24T22:47:35Z</time></trkpt>
      <trkpt lat="22.5399200" lon="113.9360362"><ele>15.5</ele><time>2023-08-24T22:47:36Z</time></trkpt>
      <trkpt lat="22.5399217" lon="113.9360191"><ele>15.5</ele><time>2023-08-24T22:47:37Z</time></trkpt>
      <trkpt lat="22.5399238" lon="113.9360020"><ele>15.5</ele><time>2023-08-24T22:47:38Z</time></trkpt>
      <trkpt lat="22.5399261" lon="113.9359840"><ele>15.6</ele><time>2023-08-24T22:47:39Z</time></trkpt>
      <trkpt lat="22.5399275" lon="113.9359657"><ele>15.6</ele><time>2023-08-24T22:47:40Z</time></trkpt>
      <trkpt lat="22.5399283" lon="113.9359474"><ele>15.6</ele><time>2023-08-24T22:47:41Z</time></trkpt>
      <trkpt lat="22.5399295" lon="113.9359289"><ele>15.6</ele><time>2023-08-24T22:47:42Z</time></trkpt>
      <trkpt lat="22.5399308" lon="113.9359104"><ele>15.6</ele><time>2023-08-24T22:47:43Z</time></trkpt>
      <trkpt lat="22.5399304" lon="113.9358921"><ele>15.6</ele><time>2023-08-24T22:47:44Z</time></trkpt>
      <trkpt lat="22.5399285" lon="113.9358737"><ele>15.6</ele><time>2023-08-24T22:47:45Z</time></trkpt>
      <trkpt lat="22.5399265" lon="113.9358555"><ele>15.7</ele><time>2023-08-24T22:47:46Z</time></trkpt>
      <trkpt lat="22.5399240" lon="113.9358375"><ele>15.7</ele><time>2023-08-24T22:47:47Z</time></trkpt>
      <trkpt lat="22.5399201" lon="113.9358197"><ele>15.7</ele><time>2023-08-24T22:47:48Z</time></trkpt>
      <trkpt lat="22.5399156" lon="113.9358021"><ele>15.7</ele><time>2023-08-24T22:47:49Z</time></trkpt>
      <trkpt lat="22.5399106" lon="113.9357845"><ele>15.7</ele><time>2023-08-24T22:47:50Z</time></trkpt>
      <trkpt lat="22.5399050" lon="113.9357670"><ele>15.7</ele><time>2023-08-24T22:47:51Z</time></trkpt>
      <trkpt lat="22.5398988" lon="113.9357499"><ele>15.7</ele><time>2023-08-24T22:47:52Z</time></trkpt>
      <trkpt lat="22.5398920" lon="113.9357336"><ele>15.7</ele><time>2023-08-24T22:47:53Z</time></trkpt>
      <trkpt lat="22.5398843" lon="113.9357182"><ele>15.7</ele><time>2023-08-24T22:47:54Z</time></trkpt>
      <trkpt lat="22.5398763" lon="113.9357032"><ele>15.7</ele><time>2023-08-24T22:47:55Z</time></trkpt>
      <trkpt lat="22.5398683" lon="113.9356883"><ele>15.7</ele><time>2023-08-24T22:47:56Z</time></trkpt>
      <trkpt lat="22.5398593" lon="113.9356738"><ele>15.7</ele><time>2023-08-24T22:47:57Z</time></trkpt>
      <trkpt lat="22.5398492" lon="113.9356601"><ele>15.7</ele><time>2023-08-24T22:47:58Z</time></trkpt>
      <trkpt lat="22.5398384" lon="113.9356468"><ele>15.7</ele><time>2023-08-24T22:47:59Z</time></trkpt>
      <trkpt lat="22.5398275" lon="113.9356336"><ele>15.7</ele><time>2023-08-24T22:48:00Z</time></trkpt>
      <trkpt lat="22.5398165" lon="113.9356208"><ele>15.7</ele><time>2023-08-24T22:48:01Z</time></trkpt>
      <trkpt lat="22.5398046" lon="113.9356089"><ele>15.7</ele><time>2023-08-24T22:48:02Z</time></trkpt>
      <trkpt lat="22.5397918" lon="113.9355979"><ele>15.7</ele><time>2023-08-24T22:48:03Z</time></trkpt>
      <trkpt lat="22.5397788" lon="113.9355871"><ele>15.7</ele><time>2023-08-24T22:48:04Z</time></trkpt>
      <trkpt lat="22.5397657" lon="113.9355764"><ele>15.7</ele><time>2023-08-24T22:48:05Z</time></trkpt>
      <trkpt lat="22.5397526" lon="113.9355658"><ele>15.7</ele><time>2023-08-24T22:48:06Z</time></trkpt>
      <trkpt lat="22.5397395" lon="113.9355548"><ele>15.7</ele><time>2023-08-24T22:48:07Z</time></trkpt>
      <trkpt lat="22.5397265" lon="113.9355437"><ele>15.7</ele><time>2023-08-24T22:48:08Z</time></trkpt>
      <trkpt lat="22.5397129" lon="113.9355337"><ele>15.7</ele><time>2023-08-24T22:48:09Z</time></trkpt>
      <trkpt lat="22.5396987" lon="113.9355248"><ele>15.7</ele><time>2023-08-24T22:48:10Z</time></trkpt>
      <trkpt lat="22.5396835" lon="113.9355171"><ele>15.7</ele><time>2023-08-24T22:48:11Z</time></trkpt>
      <trkpt lat="22.5396673" lon="113.9355101"><ele>15.7</ele><time>2023-08-24T22:48:12Z</time></trkpt>
      <trkpt lat="22.5396508" lon="113.9355030"><ele>15.7</ele><time>2023-08-24T22:48:13Z</time></trkpt>
      <trkpt lat="22.5396343" lon="113.9354961"><ele>15.7</ele><time>2023-08-24T22:48:14Z</time></trkpt>
      <trkpt lat="22.5396180" lon="113.9354895"><ele>15.7</ele><time>2023-08-24T22:48:15Z</time></trkpt>
      <trkpt lat="22.5396020" lon="113.9354829"><ele>15.7</ele><time>2023-08-24T22:48:16Z</time></trkpt>
      <trkpt lat="22.5395858" lon="113.9354770"><ele>15.6</ele><time>2023-08-24T22:48:17Z</time></trkpt>
      <trkpt lat="22.5395690" lon="113.9354728"><ele>15.6</ele><time>2023-08-24T22:48:18Z</time></trkpt>
      <trkpt lat="22.5395520" lon="113.9354696"><ele>15.6</ele><time>2023-08-24T22:48:19Z</time></trkpt>
      <trkpt lat="22.5395348" lon="113.9354677"><ele>15.6</ele><time>2023-08-24T22:48:20Z</time></trkpt>
      <trkpt lat="22.5395173" lon="113.9354672"><ele>15.6</ele><time>2023-08-24T22:48:21Z</time></trkpt>
      <trkpt lat="22.5394999" lon="113.9354670"><ele>15.6</ele><time>2023-08-24T22:48:22Z</time></trkpt>
      <trkpt lat="22.5394826" lon="113.9354661"><ele>15.6</ele><time>2023-08-24T22:48:23Z</time></trkpt>
      <trkpt lat="22.5394654" lon="113.9354643"><ele>15.5</ele><time>2023-08-24T22:48:24Z</time></trkpt>
      <trkpt lat="22.5394482" lon="113.9354622"><ele>15.5</ele><time>2023-08-24T22:48:25Z</time></trkpt>
      <trkpt lat="22.5394310" lon="113.9354609"><ele>15.5</ele><time>2023-08-24T22:48:26Z</time></trkpt>
      <trkpt lat="22.5394137" lon="113.9354602"><ele>15.5</ele><time>2023-08-24T22:48:27Z</time></trkpt>
      <trkpt lat="22.5393968" lon="113.9354581"><ele>15.5</ele><time>2023-08-24T22:48:28Z</time></trkpt>
      <trkpt lat="22.5393798" lon="113.9354558"><ele>15.5</ele><time>2023-08-24T22:48:29Z</time></trkpt>
      <trkpt lat="22.5393627" lon="113.9354545"><ele>15.5</ele><time>2023-08-24T22:48:30Z</time></trkpt>
      <trkpt lat="22.5393455" lon="113.9354540"><ele>15.4</ele><time>2023-08-24T22:48:31Z</time></trkpt>
      <trkpt lat="22.5393283" lon="113.9354541"><ele>15.4</ele><time>2023-08-24T22:48:32Z</time></trkpt>
      <trkpt lat="22.5393112" lon="113.9354554"><ele>15.4</ele><time>2023-08-24T22:48:33Z</time></trkpt>
      <trkpt lat="22.5392942" lon="113.9354570"><ele>15.4</ele><time>2023-08-24T22:48:34Z</time></trkpt>
      <trkpt lat="22.5392769" lon="113.9354583"><ele>15.4</ele><time>2023-08-24T22:48:35Z</time></trkpt>
      <trkpt lat="22.5392592" lon="113.9354598"><ele>15.4</ele><time>2023-08-24T22:48:36Z</time></trkpt>
      <trkpt lat="22.5392417" lon="113.9354615"><ele>15.4</ele><time>2023-08-24T22:48:37Z</time></trkpt>
      <trkpt lat="22.5392248" lon="113.9354623"><ele>15.4</ele><time>2023-08-24T22:48:38Z</time></trkpt>
      <trkpt lat="22.5392081" lon="113.9354620"><ele>15.4</ele><time>2023-08-24T22:48:39Z</time></trkpt>
      <trkpt lat="22.5391916" lon="113.9354607"><ele>15.4</ele><time>2023-08-24T22:48:40Z</time></trkpt>
      <trkpt lat="22.5391752" lon="113.9354584"><ele>15.3</ele><time>2023-08-24T22:48:41Z</time></trkpt>
      <trkpt lat="22.5391587" lon="113.9354565"><ele>15.3</ele><time>2023-08-24T22:48:42Z</time></trkpt>
      <trkpt lat="22.5391420" lon="113.9354548"><ele>15.3</ele><time>2023-08-24T22:48:43Z</time></trkpt>
      <trkpt lat="22.5391257" lon="113.9354528"><ele>15.3</ele><time>2023-08-24T22:48:44Z</time></trkpt>
      <trkpt lat="22.5391093" lon="113.9354525"><ele>15.3</ele><time>2023-08-24T22:48:45Z</time></trkpt>
      <trkpt lat="22.5390927" lon="113.9354528"><ele>15.3</ele><time>2023-08-24T22:48:46Z</time></trkpt>
      <trkpt lat="22.5390759" lon="113.9354517"><ele>15.3</ele><time>2023-08-24T22:48:47Z</time></trkpt>
      <trkpt lat="22.5390589" lon="113.9354516"><ele>15.3</ele><time>2023-08-24T22:48:48Z</time></trkpt>
      <trkpt lat="22.5390419" lon="113.9354526"><ele>15.3</ele><time>2023-08-24T22:48:49Z</time></trkpt>
      <trkpt lat="22.5390251" lon="113.9354541"><ele>15.3</ele><time>2023-08-24T22:48:50Z</time></trkpt>
      <trkpt lat="22.5390083" lon="113.9354558"><ele>15.3</ele><time>2023-08-24T22:48:51Z</time></trkpt>
      <trkpt lat="22.5389915" lon="113.9354573"><ele>15.3</ele><time>2023-08-24T22:48:52Z</time></trkpt>
      <trkpt lat="22.5389747" lon="113.9354585"><ele>15.3</ele><time>2023-08-24T22:48:53Z</time></trkpt>
      <trkpt lat="22.5389580" lon="113.9354596"><ele>15.2</ele><time>2023-08-24T22:48:54Z</time></trkpt>
      <trkpt lat="22.5389414" lon="113.9354609"><ele>15.2</ele><time>2023-08-24T22:48:55Z</time></trkpt>
      <trkpt lat="22.5389249" lon="113.9354621"><ele>15.2</ele><time>2023-08-24T22:48:56Z</time></trkpt>
      <trkpt lat="22.5389084" lon="113.9354634"><ele>15.2</ele><time>2023-08-24T22:48:57Z</time></trkpt>
      <trkpt lat="22.5388917" lon="113.9354649"><ele>15.2</ele><time>2023-08-24T22:48:58Z</time></trkpt>
      <trkpt lat="22.5388751" lon="113.9354663"><ele>15.2</ele><time>2023-08-24T22:48:59Z</time></trkpt>
      <trkpt lat="22.5388585" lon="113.9354674"><ele>15.2</ele><time>2023-08-24T22:49:00Z</time></trkpt>
      <trkpt lat="22.5388421" lon="113.9354670"><ele>15.2</ele><time>2023-08-24T22:49:01Z</time></trkpt>
      <trkpt lat="22.5388262" lon="113.9354644"><ele>15.2</ele><time>2023-08-24T22:49:02Z</time></trkpt>
      <trkpt lat="22.5388109" lon="113.9354607"><ele>15.2</ele><time>2023-08-24T22:49:03Z</time></trkpt>
      <trkpt lat="22.5387961" lon="113.9354552"><ele>15.2</ele><time>2023-08-24T22:49:04Z</time></trkpt>
      <trkpt lat="22.5387820" lon="113.9354478"><ele>15.2</ele><time>2023-08-24T22:49:05Z</time></trkpt>
      <trkpt lat="22.5387674" lon="113.9354419"><ele>15.3</ele><time>2023-08-24T22:49:06Z</time></trkpt>
      <trkpt lat="22.5387519" lon="113.9354386"><ele>15.3</ele><time>2023-08-24T22:49:07Z</time></trkpt>
      <trkpt lat="22.5387359" lon="113.9354379"><ele>15.3</ele><time>2023-08-24T22:49:08Z</time></trkpt>
      <trkpt lat="22.5387194" lon="113.9354399"><ele>15.3</ele><time>2023-08-24T22:49:09Z</time></trkpt>
      <trkpt lat="22.5387030" lon="113.9354433"><ele>15.3</ele><time>2023-08-24T22:49:10Z</time></trkpt>
      <trkpt lat="22.5386867" lon="113.9354467"><ele>15.4</ele><time>2023-08-24T22:49:11Z</time></trkpt>
      <trkpt lat="22.5386704" lon="113.9354505"><ele>15.4</ele><time>2023-08-24T22:49:12Z</time></trkpt>
      <trkpt lat="22.5386541" lon="113.9354554"><ele>15.4</ele><time>2023-08-24T22:49:13Z</time></trkpt>
      <trkpt lat="22.5386376" lon="113.9354607"><ele>15.5</ele><time>2023-08-24T22:49:14Z</time></trkpt>
      <trkpt lat="22.5386213" lon="113.9354672"><ele>15.5</ele><time>2023-08-24T22:49:15Z</time></trkpt>
      <trkpt lat="22.5386052" lon="113.9354755"><ele>15.6</ele><time>2023-08-24T22:49:16Z</time></trkpt>
      <trkpt lat="22.5385895" lon="113.9354845"><ele>15.6</ele><time>2023-08-24T22:49:17Z</time></trkpt>
      <trkpt lat="22.5385742" lon="113.9354941"><ele>15.7</ele><time>2023-08-24T22:49:18Z</time></trkpt>
      <trkpt lat="22.5385592" lon="113.9355041"><ele>15.7</ele><time>2023-08-24T22:49:19Z</time></trkpt>
      <trkpt lat="22.5385445" lon="113.9355147"><ele>15.7</ele><time>2023-08-24T22:49:20Z</time></trkpt>
      <trkpt lat="22.5385302" lon="113.9355264"><ele>15.8</ele><time>2023-08-24T22:49:21Z</time></trkpt>
      <trkpt lat="22.5385159" lon="113.9355382"><ele>15.8</ele><time>2023-08-24T22:49:22Z</time></trkpt>
      <trkpt lat="22.5385019" lon="113.9355500"><ele>15.9</ele><time>2023-08-24T22:49:23Z</time></trkpt>
      <trkpt lat="22.5384886" lon="113.9355634"><ele>15.9</ele><time>2023-08-24T22:49:24Z</time></trkpt>
      <trkpt lat="22.5384766" lon="113.9355782"><ele>15.9</ele><time>2023-08-24T22:49:25Z</time></trkpt>
      <trkpt lat="22.5384659" lon="113.9355934"><ele>16.0</ele><time>2023-08-24T22:49:26Z</time></trkpt>
      <trkpt lat="22.5384560" lon="113.9356092"><ele>16.0</ele><time>2023-08-24T22:49:27Z</time></trkpt>
      <trkpt lat="22.5384458" lon="113.9356252"><ele>16.0</ele><time>2023-08-24T22:49:28Z</time></trkpt>
      <trkpt lat="22.5384355" lon="113.9356413"><ele>16.1</ele><time>2023-08-24T22:49:29Z</time></trkpt>
      <trkpt lat="22.5384261" lon="113.9356576"><ele>16.1</ele><time>2023-08-24T22:49:30Z</time></trkpt>
      <trkpt lat="22.5384167" lon="113.9356737"><ele>16.1</ele><time>2023-08-24T22:49:31Z</time></trkpt>
      <trkpt lat="22.5384068" lon="113.9356895"><ele>16.1</ele><time>2023-08-24T22:49:32Z</time></trkpt>
      <trkpt lat="22.5383970" lon="113.9357052"><ele>16.1</ele><time>2023-08-24T22:49:33Z</time></trkpt>
      <trkpt lat="22.5383882" lon="113.9357218"><ele>16.2</ele><time>2023-08-24T22:49:34Z</time></trkpt>
      <trkpt lat="22.5383815" lon="113.9357399"><ele>16.2</ele><time>2023-08-24T22:49:35Z</time></trkpt>
      <trkpt lat="22.5383764" lon="113.9357594"><ele>16.2</ele><time>2023-08-24T22:49:36Z</time></trkpt>
      <trkpt lat="22.5383718" lon="113.9357792"><ele>16.2</ele><time>2023-08-24T22:49:37Z</time></trkpt>
      <trkpt lat="22.5383673" lon="113.9357983"><ele>16.2</ele><time>2023-08-24T22:49:38Z</time></trkpt>
      <trkpt lat="22.5383632" lon="113.9358167"><ele>16.2</ele><time>2023-08-24T22:49:39Z</time></trkpt>
      <trkpt lat="22.5383595" lon="113.9358350"><ele>16.2</ele><time>2023-08-24T22:49:40Z</time></trkpt>
      <trkpt lat="22.5383567" lon="113.9358536"><ele>16.1</ele><time>2023-08-24T22:49:41Z</time></trkpt>
      <trkpt lat="22.5383549" lon="113.9358724"><ele>16.1</ele><time>2023-08-24T22:49:42Z</time></trkpt>
      <trkpt lat="22.5383531" lon="113.9358911"><ele>16.1</ele><time>2023-08-24T22:49:43Z</time></trkpt>
      <trkpt lat="22.5383527" lon="113.9359100"><ele>16.1</ele><time>2023-08-24T22:49:44Z</time></trkpt>
      <trkpt lat="22.5383543" lon="113.9359292"><ele>16.1</ele><time>2023-08-24T22:49:45Z</time></trkpt>
      <trkpt lat="22.5383564" lon="113.9359481"><ele>16.1</ele><time>2023-08-24T22:49:46Z</time></trkpt>
      <trkpt lat="22.5383589" lon="113.9359668"><ele>16.0</ele><time>2023-08-24T22:49:47Z</time></trkpt>
      <trkpt lat="22.5383622" lon="113.9359855"><ele>16.0</ele><time>2023-08-24T22:49:48Z</time></trkpt>
      <trkpt lat="22.5383657" lon="113.9360042"><ele>16.0</ele><time>2023-08-24T22:49:49Z</time></trkpt>
      <trkpt lat="22.5383701" lon="113.9360228"><ele>15.9</ele><time>2023-08-24T22:49:50Z</time></trkpt>
      <trkpt lat="22.5383760" lon="113.9360413"><ele>15.9</ele><time>2023-08-24T22:49:51Z</time></trkpt>
      <trkpt lat="22.5383825" lon="113.9360596"><ele>15.9</ele><time>2023-08-24T22:49:52Z</time></trkpt>
      <trkpt lat="22.5383898" lon="113.9360771"><ele>15.8</ele><time>2023-08-24T22:49:53Z</time></trkpt>
      <trkpt lat="22.5383976" lon="113.9360939"><ele>15.8</ele><time>2023-08-24T22:49:54Z</time></trkpt>
      <trkpt lat="22.5384059" lon="113.9361103"><ele>15.8</ele><time>2023-08-24T22:49:55Z</time></trkpt>
      <trkpt lat="22.5384147" lon="113.9361266"><ele>15.7</ele><time>2023-08-24T22:49:56Z</time></trkpt>
      <trkpt lat="22.5384231" lon="113.9361433"><ele>15.7</ele><time>2023-08-24T22:49:57Z</time></trkpt>
      <trkpt lat="22.5384305" lon="113.9361603"><ele>15.7</ele><time>2023-08-24T22:49:58Z</time></trkpt>
      <trkpt lat="22.5384389" lon="113.9361768"><ele>15.6</ele><time>2023-08-24T22:49:59Z</time></trkpt>
      <trkpt lat="22.5384487" lon="113.9361921"><ele>15.6</ele><time>2023-08-24T22:50:00Z</time></trkpt>
      <trkpt lat="22.5384590" lon="113.9362068"><ele>15.6</ele><time>2023-08-24T22:50:01Z</time></trkpt>
      <trkpt lat="22.5384697" lon="113.9362213"><ele>15.5</ele><time>2023-08-24T22:50:02Z</time></trkpt>
      <trkpt lat="22.5384807" lon="113.9362355"><ele>15.5</ele><time>2023-08-24T22:50:03Z</time></trkpt>
      <trkpt lat="22.5384916" lon="113.9362494"><ele>15.5</ele><time>2023-08-24T22:50:04Z</time></trkpt>
      <trkpt lat="22.5385030" lon="113.9362628"><ele>15.5</ele><time>2023-08-24T22:50:05Z</time></trkpt>
      <trkpt lat="22.5385149" lon="113.9362755"><ele>15.5</ele><time>2023-08-24T22:50:06Z</time></trkpt>
      <trkpt lat="22.5385282" lon="113.9362868"><ele>15.5</ele><time>2023-08-24T22:50:07Z</time></trkpt>
      <trkpt lat="22.5385430" lon="113.9362961"><ele>15.4</ele><time>2023-08-24T22:50:08Z</time></trkpt>
      <trkpt lat="22.5385582" lon="113.9363052"><ele>15.4</ele><time>2023-08-24T22:50:09Z</time></trkpt>
      <trkpt lat="22.5385732" lon="113.9363143"><ele>15.4</ele><time>2023-08-24T22:50:10Z</time></trkpt>
      <trkpt lat="22.5385882" lon="113.9363227"><ele>15.5</ele><time>2023-08-24T22:50:11Z</time></trkpt>
      <trkpt lat="22.5386034" lon="113.9363308"><ele>15.5</ele><time>2023-08-24T22:50:12Z</time></trkpt>
      <trkpt lat="22.5386189" lon="113.9363382"><ele>15.5</ele><time>2023-08-24T22:50:13Z</time></trkpt>
      <trkpt lat="22.5386345" lon="113.9363456"><ele>15.5</ele><time>2023-08-24T22:50:14Z</time></trkpt>
      <trkpt lat="22.5386500" lon="113.9363531"><ele>15.5</ele><time>2023-08-24T22:50:15Z</time></trkpt>
      <trkpt lat="22.5386658" lon="113.9363592"><ele>15.5</ele><time>2023-08-24T22:50:16Z</time></trkpt>
      <trkpt lat="22.5386823" lon="113.9363633"><ele>15.5</ele><time>2023-08-24T22:50:17Z</time></trkpt>
      <trkpt lat="22.5386991" lon="113.9363667"><ele>15.6</ele><time>2023-08-24T22:50:18Z</time></trkpt>
      <trkpt lat="22.5387158" lon="113.9363701"><ele>15.6</ele><time>2023-08-24T22:50:19Z</time></trkpt>
      <trkpt lat="22.5387326" lon="113.9363730"><ele>15.6</ele><time>2023-08-24T22:50:20Z</time></trkpt>
      <trkpt lat="22.5387493" lon="113.9363759"><ele>15.6</ele><time>2023-08-24T22:50:21Z</time></trkpt>
      <trkpt lat="22.5387660" lon="113.9363783"><ele>15.7</ele><time>2023-08-24T22:50:22Z</time></trkpt>
      <trkpt lat="22.5387828" lon="113.9363787"><ele>15.7</ele><time>2023-08-24T22:50:23Z</time></trkpt>
      <trkpt lat="22.5387997" lon="113.9363784"><ele>15.7</ele><time>2023-08-24T22:50:24Z</time></trkpt>
      <trkpt lat="22.5388165" lon="113.9363779"><ele>15.7</ele><time>2023-08-24T22:50:25Z</time></trkpt>
      <trkpt lat="22.5388334" lon="113.9363773"><ele>15.8</ele><time>2023-08-24T22:50:26Z</time></trkpt>
      <trkpt lat="22.5388503" lon="113.9363769"><ele>15.8</ele><time>2023-08-24T22:50:27Z</time></trkpt>
      <trkpt lat="22.5388672" lon="113.9363762"><ele>15.8</ele><time>2023-08-24T22:50:28Z</time></trkpt>
      <trkpt lat="22.5388842" lon="113.9363758"><ele>15.8</ele><time>2023-08-24T22:50:29Z</time></trkpt>
      <trkpt lat="22.5389011" lon="113.9363761"><ele>15.9</ele><time>2023-08-24T22:50:30Z</time></trkpt>
      <trkpt lat="22.5389180" lon="113.9363763"><ele>15.9</ele><time>2023-08-24T22:50:31Z</time></trkpt>
      <trkpt lat="22.5389350" lon="113.9363761"><ele>15.9</ele><time>2023-08-24T22:50:32Z</time></trkpt>
      <trkpt lat="22.5389519" lon="113.9363763"><ele>15.9</ele><time>2023-08-24T22:50:33Z</time></trkpt>
      <trkpt lat="22.5389688" lon="113.9363765"><ele>15.9</ele><time>2023-08-24T22:50:34Z</time></trkpt>
      <trkpt lat="22.5389858" lon="113.9363761"><ele>16.0</ele><time>2023-08-24T22:50:35Z</time></trkpt>
      <trkpt lat="22.5390027" lon="113.9363760"><ele>16.0</ele><time>2023-08-24T22:50:36Z</time></trkpt>
      <trkpt lat="22.5390196" lon="113.9363762"><ele>16.0</ele><time>2023-08-24T22:50:37Z</time></trkpt>
      <trkpt lat="22.5390366" lon="113.9363760"><ele>16.0</ele><time>2023-08-24T22:50:38Z</time></trkpt>
      <trkpt lat="22.5390536" lon="113.9363759"><ele>16.1</ele><time>2023-08-24T22:50:39Z</time></trkpt>
      <trkpt lat="22.5390705" lon="113.9363756"><ele>16.1</ele><time>2023-08-24T22:50:40Z</time></trkpt>
      <trkpt lat="22.5390876" lon="113.9363749"><ele>16.1</ele><time>2023-08-24T22:50:41Z</time></trkpt>
      <trkpt lat="22.5391047" lon="113.9363743"><ele>16.1</ele><time>2023-08-24T22:50:42Z</time></trkpt>
      <trkpt lat="22.5391215" lon="113.9363741"><ele>16.1</ele><time>2023-08-24T22:50:43Z</time></trkpt>
      <trkpt lat="22.5391383" lon="113.9363739"><ele>16.2</ele><time>2023-08-24T22:50:44Z</time></trkpt>
      <trkpt lat="22.5391550" lon="113.9363736"><ele>16.2</ele><time>2023-08-24T22:50:45Z</time></trkpt>
      <trkpt lat="22.5391715" lon="113.9363732"><ele>16.2</ele><time>2023-08-24T22:50:46Z</time></trkpt>
      <trkpt lat="22.5391881" lon="113.9363725"><ele>16.2</ele><time>2023-08-24T22:50:47Z</time></trkpt>
      <trkpt lat="22.5392048" lon="113.9363722"><ele>16.2</ele><time>2023-08-24T22:50:48Z</time></trkpt>
      <trkpt lat="22.5392217" lon="113.9363737"><ele>16.2</ele><time>2023-08-24T22:50:49Z</time></trkpt>
      <trkpt lat="22.5392385" lon="113.9363761"><ele>16.3</ele><time>2023-08-24T22:50:50Z</time></trkpt>
      <trkpt lat="22.5392550" lon="113.9363774"><ele>16.3</ele><time>2023-08-24T22:50:51Z</time></trkpt>
      <trkpt lat="22.5392714" lon="113.9363769"><ele>16.3</ele><time>2023-08-24T22:50:52Z</time></trkpt>
      <trkpt lat="22.5392880" lon="113.9363749"><ele>16.3</ele><time>2023-08-24T22:50:53Z</time></trkpt>
      <trkpt lat="22.5393048" lon="113.9363729"><ele>16.3</ele><time>2023-08-24T22:50:54Z</time></trkpt>
      <trkpt lat="22.5393215" lon="113.9363718"><ele>16.3</ele><time>2023-08-24T22:50:55Z</time></trkpt>
      <trkpt lat="22.5393380" lon="113.9363710"><ele>16.3</ele><time>2023-08-24T22:50:56Z</time></trkpt>
      <trkpt lat="22.5393543" lon="113.9363700"><ele>16.3</ele><time>2023-08-24T22:50:57Z</time></trkpt>
      <trkpt lat="22.5393707" lon="113.9363696"><ele>16.3</ele><time>2023-08-24T22:50:58Z</time></trkpt>
      <trkpt lat="22.5393872" lon="113.9363706"><ele>16.3</ele><time>2023-08-24T22:50:59Z</time></trkpt>
      <trkpt lat="22.5394039" lon="113.9363723"><ele>16.3</ele><time>2023-08-24T22:51:00Z</time></trkpt>
      <trkpt lat="22.5394206" lon="113.9363739"><ele>16.3</ele><time>2023-08-24T22:51:01Z</time></trkpt>
      <trkpt lat="22.5394373" lon="113.9363742"><ele>16.3</ele><time>2023-08-24T22:51:02Z</time></trkpt>
      <trkpt lat="22.5394541" lon="113.9363735"><ele>16.3</ele><time>2023-08-24T22:51:03Z</time></trkpt>
      <trkpt lat="22.5394708" lon="113.9363734"><ele>16.3</ele><time>2023-08-24T22:51:04Z</time></trkpt>
      <trkpt lat="22.5394877" lon="113.9363730"><ele>16.3</ele><time>2023-08-24T22:51:05Z</time></trkpt>
      <trkpt lat="22.5395047" lon="113.9363720"><ele>16.2</ele><time>2023-08-24T22:51:06Z</time></trkpt>
      <trkpt lat="22.5395215" lon="113.9363708"><ele>16.2</ele><time>2023-08-24T22:51:07Z</time></trkpt>
      <trkpt lat="22.5395380" lon="113.9363693"><ele>16.2</ele><time>2023-08-24T22:51:08Z</time></trkpt>
      <trkpt lat="22.5395544" lon="113.9363674"><ele>16.2</ele><time>2023-08-24T22:51:09Z</time></trkpt>
      <trkpt lat="22.5395706" lon="113.9363650"><ele>16.2</ele><time>2023-08-24T22:51:10Z</time></trkpt>
      <trkpt lat="22.5395868" lon="113.9363619"><ele>16.1</ele><time>2023-08-24T22:51:11Z</time></trkpt>
      <trkpt lat="22.5396029" lon="113.9363579"><ele>16.1</ele><time>2023-08-24T22:51:12Z</time></trkpt>
      <trkpt lat="22.5396187" lon="113.9363532"><ele>16.1</ele><time>2023-08-24T22:51:13Z</time></trkpt>
      <trkpt lat="22.5396343" lon="113.9363482"><ele>16.0</ele><time>2023-08-24T22:51:14Z</time></trkpt>
      <trkpt lat="22.5396501" lon="113.9363434"><ele>16.0</ele><time>2023-08-24T22:51:15Z</time></trkpt>
      <trkpt lat="22.5396657" lon="113.9363387"><ele>16.0</ele><time>2023-08-24T22:51:16Z</time></trkpt>
      <trkpt lat="22.5396810" lon="113.9363330"><ele>16.0</ele><time>2023-08-24T22:51:17Z</time></trkpt>
      <trkpt lat="22.5396958" lon="113.9363259"><ele>15.9</ele><time>2023-08-24T22:51:18Z</time></trkpt>
      <trkpt lat="22.5397103" lon="113.9363181"><ele>15.9</ele><time>2023-08-24T22:51:19Z</time></trkpt>
      <trkpt lat="22.5397243" lon="113.9363100"><ele>15.9</ele><time>2023-08-24T22:51:20Z</time></trkpt>
      <trkpt lat="22.5397381" lon="113.9363012"><ele>15.9</ele><time>2023-08-24T22:51:21Z</time></trkpt>
      <trkpt lat="22.5397515" lon="113.9362920"><ele>15.8</ele><time>2023-08-24T22:51:22Z</time></trkpt>
      <trkpt lat="22.5397647" lon="113.9362824"><ele>15.8</ele><time>2023-08-24T22:51:23Z</time></trkpt>
      <trkpt lat="22.5397775" lon="113.9362719"><ele>15.8</ele><time>2023-08-24T22:51:24Z</time></trkpt>
      <trkpt lat="22.5397898" lon="113.9362608"><ele>15.8</ele><time>2023-08-24T22:51:25Z</time></trkpt>
      <trkpt lat="22.5398016" lon="113.9362491"><ele>15.8</ele><time>2023-08-24T22:51:26Z</time></trkpt>
      <trkpt lat="22.5398128" lon="113.9362363"><ele>15.8</ele><time>2023-08-24T22:51:27Z</time></trkpt>
      <trkpt lat="22.5398235" lon="113.9362228"><ele>15.8</ele><time>2023-08-24T22:51:27Z</time></trkpt>
      <trkpt lat="22.5398339" lon="113.9362085"><ele>15.8</ele><time>2023-08-24T22:51:28Z</time></trkpt>
      <trkpt lat="22.5398437" lon="113.9361933"><ele>15.8</ele><time>2023-08-24T22:51:29Z</time></trkpt>
      <trkpt lat="22.5398539" lon="113.9361783"><ele>15.8</ele><time>2023-08-24T22:51:30Z</time></trkpt>
      <trkpt lat="22.5398642" lon="113.9361637"><ele>15.8</ele><time>2023-08-24T22:51:31Z</time></trkpt>
      <trkpt lat="22.5398742" lon="113.9361491"><ele>15.8</ele><time>2023-08-24T22:51:32Z</time></trkpt>
      <trkpt lat="22.5398837" lon="113.9361341"><ele>15.9</ele><time>2023-08-24T22:51:33Z</time></trkpt>
      <trkpt lat="22.5398918" lon="113.9361187"><ele>15.9</ele><time>2023-08-24T22:51:34Z</time></trkpt>
      <trkpt lat="22.5398982" lon="113.9361027"><ele>15.9</ele><time>2023-08-24T22:51:35Z</time></trkpt>
      <trkpt lat="22.5399037" lon="113.9360862"><ele>15.9</ele><time>2023-08-24T22:51:36Z</time></trkpt>
      <trkpt lat="22.5399092" lon="113.9360698"><ele>15.9</ele><time>2023-08-24T22:51:37Z</time></trkpt>
      <trkpt lat="22.5399143" lon="113.9360533"><ele>15.9</ele><time>2023-08-24T22:51:38Z</time></trkpt>
      <trkpt lat="22.5399186" lon="113.9360366"><ele>15.9</ele><time>2023-08-24T22:51:39Z</time></trkpt>
      <trkpt lat="22.5399223" lon="113.9360195"><ele>16.0</ele><time>2023-08-24T22:51:40Z</time></trkpt>
      <trkpt lat="22.5399255" lon="113.9360022"><ele>16.0</ele><time>2023-08-24T22:51:41Z</time></trkpt>
      <trkpt lat="22.5399279" lon="113.9359846"><ele>16.0</ele><time>2023-08-24T22:51:42Z</time></trkpt>
      <trkpt lat="22.5399295" lon="113.9359668"><ele>16.0</ele><time>2023-08-24T22:51:43Z</time></trkpt>
      <trkpt lat="22.5399300" lon="113.9359489"><ele>16.0</ele><time>2023-08-24T22:51:44Z</time></trkpt>
      <trkpt lat="22.5399301" lon="113.9359310"><ele>16.0</ele><time>2023-08-24T22:51:45Z</time></trkpt>
      <trkpt lat="22.5399301" lon="113.9359132"><ele>16.1</ele><time>2023-08-24T22:51:46Z</time></trkpt>
      <trkpt lat="22.5399301" lon="113.9358952"><ele>16.1</ele><time>2023-08-24T22:51:47Z</time></trkpt>
      <trkpt lat="22.5399288" lon="113.9358771"><ele>16.1</ele><time>2023-08-24T22:51:48Z</time></trkpt>
      <trkpt lat="22.5399258" lon="113.9358592"><ele>16.1</ele><time>2023-08-24T22:51:49Z</time></trkpt>
      <trkpt lat="22.5399226" lon="113.9358413"><ele>16.1</ele><time>2023-08-24T22:51:50Z</time></trkpt>
      <trkpt lat="22.5399206" lon="113.9358233"><ele>16.2</ele><time>2023-08-24T22:51:51Z</time></trkpt>
      <trkpt lat="22.5399182" lon="113.9358052"><ele>16.2</ele><time>2023-08-24T22:51:52Z</time></trkpt>
      <trkpt lat="22.5399146" lon="113.9357875"><ele>16.2</ele><time>2023-08-24T22:51:53Z</time></trkpt>
      <trkpt lat="22.5399107" lon="113.9357697"><ele>16.2</ele><time>2023-08-24T22:51:54Z</time></trkpt>
      <trkpt lat="22.5399058" lon="113.9357519"><ele>16.2</ele><time>2023-08-24T22:51:55Z</time></trkpt>
      <trkpt lat="22.5398992" lon="113.9357344"><ele>16.3</ele><time>2023-08-24T22:51:56Z</time></trkpt>
      <trkpt lat="22.5398908" lon="113.9357178"><ele>16.3</ele><time>2023-08-24T22:51:57Z</time></trkpt>
      <trkpt lat="22.5398806" lon="113.9357017"><ele>16.3</ele><time>2023-08-24T22:51:58Z</time></trkpt>
      <trkpt lat="22.5398700" lon="113.9356861"><ele>16.3</ele><time>2023-08-24T22:51:59Z</time></trkpt>
      <trkpt lat="22.5398595" lon="113.9356708"><ele>16.3</ele><time>2023-08-24T22:52:00Z</time></trkpt>
      <trkpt lat="22.5398483" lon="113.9356557"><ele>16.3</ele><time>2023-08-24T22:52:01Z</time></trkpt>
      <trkpt lat="22.5398368" lon="113.9356410"><ele>16.4</ele><time>2023-08-24T22:52:02Z</time></trkpt>
      <trkpt lat="22.5398250" lon="113.9356265"><ele>16.4</ele><time>2023-08-24T22:52:03Z</time></trkpt>
      <trkpt lat="22.5398125" lon="113.9356125"><ele>16.4</ele><time>2023-08-24T22:52:04Z</time></trkpt>
      <trkpt lat="22.5397994" lon="113.9355989"><ele>16.4</ele><time>2023-08-24T22:52:05Z</time></trkpt>
      <trkpt lat="22.5397859" lon="113.9355858"><ele>16.4</ele><time>2023-08-24T22:52:06Z</time></trkpt>
      <trkpt lat="22.5397722" lon="113.9355732"><ele>16.4</ele><time>2023-08-24T22:52:07Z</time></trkpt>
      <trkpt lat="22.5397584" lon="113.9355610"><ele>16.4</ele><time>2023-08-24T22:52:08Z</time></trkpt>
      <trkpt lat="22.5397437" lon="113.9355501"><ele>16.4</ele><time>2023-08-24T22:52:09Z</time></trkpt>
      <trkpt lat="22.5397281" lon="113.9355402"><ele>16.4</ele><time>2023-08-24T22:52:10Z</time></trkpt>
      <trkpt lat="22.5397121" lon="113.9355306"><ele>16.4</ele><time>2023-08-24T22:52:11Z</time></trkpt>
      <trkpt lat="22.5396957" lon="113.9355215"><ele>16.4</ele><time>2023-08-24T22:52:12Z</time></trkpt>
      <trkpt lat="22.5396784" lon="113.9355133"><ele>16.4</ele><time>2023-08-24T22:52:13Z</time></trkpt>
      <trkpt lat="22.5396611" lon="113.9355059"><ele>16.5</ele><time>2023-08-24T22:52:14Z</time></trkpt>
      <trkpt lat="22.5396436" lon="113.9354995"><ele>16.5</ele><time>2023-08-24T22:52:15Z</time></trkpt>
      <trkpt lat="22.5396261" lon="113.9354939"><ele>16.5</ele><time>2023-08-24T22:52:16Z</time></trkpt>
      <trkpt lat="22.5396084" lon="113.9354884"><ele>16.5</ele><time>2023-08-24T22:52:17Z</time></trkpt>
      <trkpt lat="22.5395905" lon="113.9354832"><ele>16.5</ele><time>2023-08-24T22:52:18Z</time></trkpt>
      <trkpt lat="22.5395725" lon="113.9354779"><ele>16.5</ele><time>2023-08-24T22:52:19Z</time></trkpt>
      <trkpt lat="22.5395548" lon="113.9354723"><ele>16.5</ele><time>2023-08-24T22:52:20Z</time></trkpt>
      <trkpt lat="22.5395368" lon="113.9354680"><ele>16.5</ele><time>2023-08-24T22:52:21Z</time></trkpt>
      <trkpt lat="22.5395185" lon="113.9354653"><ele>16.5</ele><time>2023-08-24T22:52:22Z</time></trkpt>
      <trkpt lat="22.5394995" lon="113.9354641"><ele>16.5</ele><time>2023-08-24T22:52:23Z</time></trkpt>
      <trkpt lat="22.5394800" lon="113.9354630"><ele>16.5</ele><time>2023-08-24T22:52:24Z</time></trkpt>
      <trkpt lat="22.5394603" lon="113.9354605"><ele>16.5</ele><time>2023-08-24T22:52:25Z</time></trkpt>
      <trkpt lat="22.5394410" lon="113.9354579"><ele>16.5</ele><time>2023-08-24T22:52:26Z</time></trkpt>
      <trkpt lat="22.5394220" lon="113.9354555"><ele>16.5</ele><time>2023-08-24T22:52:27Z</time></trkpt>
      <trkpt lat="22.5394033" lon="113.9354544"><ele>16.5</ele><time>2023-08-24T22:52:28Z</time></trkpt>
      <trkpt lat="22.5393840" lon="113.9354553"><ele>16.5</ele><time>2023-08-24T22:52:29Z</time></trkpt>
      <trkpt lat="22.5393639" lon="113.9354557"><ele>16.5</ele><time>2023-08-24T22:52:30Z</time></trkpt>
      <trkpt lat="22.5393439" lon="113.9354531"><ele>16.5</ele><time>2023-08-24T22:52:31Z</time></trkpt>
      <trkpt lat="22.5393248" lon="113.9354509"><ele>16.5</ele><time>2023-08-24T22:52:32Z</time></trkpt>
      <trkpt lat="22.5393064" lon="113.9354513"><ele>16.5</ele><time>2023-08-24T22:52:33Z</time></trkpt>
      <trkpt lat="22.5392882" lon="113.9354524"><ele>16.5</ele><time>2023-08-24T22:52:34Z</time></trkpt>
      <trkpt lat="22.5392698" lon="113.9354535"><ele>16.5</ele><time>2023-08-24T22:52:35Z</time></trkpt>
      <trkpt lat="22.5392512" lon="113.9354543"><ele>16.5</ele><time>2023-08-24T22:52:36Z</time></trkpt>
      <trkpt lat="22.5392323" lon="113.9354544"><ele>16.5</ele><time>2023-08-24T22:52:37Z</time></trkpt>
      <trkpt lat="22.5392134" lon="113.9354539"><ele>16.4</ele><time>2023-08-24T22:52:38Z</time></trkpt>
      <trkpt lat="22.5391953" lon="113.9354528"><ele>16.4</ele><time>2023-08-24T22:52:39Z</time></trkpt>
      <trkpt lat="22.5391778" lon="113.9354508"><ele>16.4</ele><time>2023-08-24T22:52:40Z</time></trkpt>
      <trkpt lat="22.5391601" lon="113.9354484"><ele>16.4</ele><time>2023-08-24T22:52:41Z</time></trkpt>
      <trkpt lat="22.5391422" lon="113.9354469"><ele>16.4</ele><time>2023-08-24T22:52:42Z</time></trkpt>
      <trkpt lat="22.5391237" lon="113.9354464"><ele>16.3</ele><time>2023-08-24T22:52:43Z</time></trkpt>
      <trkpt lat="22.5391054" lon="113.9354462"><ele>16.3</ele><time>2023-08-24T22:52:44Z</time></trkpt>
      <trkpt lat="22.5390875" lon="113.9354468"><ele>16.3</ele><time>2023-08-24T22:52:45Z</time></trkpt>
      <trkpt lat="22.5390697" lon="113.9354477"><ele>16.3</ele><time>2023-08-24T22:52:46Z</time></trkpt>
      <trkpt lat="22.5390518" lon="113.9354479"><ele>16.3</ele><time>2023-08-24T22:52:47Z</time></trkpt>
      <trkpt lat="22.5390340" lon="113.9354486"><ele>16.2</ele><time>2023-08-24T22:52:48Z</time></trkpt>
      <trkpt lat="22.5390163" lon="113.9354502"><ele>16.2</ele><time>2023-08-24T22:52:49Z</time></trkpt>
      <trkpt lat="22.5389986" lon="113.9354514"><ele>16.2</ele><time>2023-08-24T22:52:50Z</time></trkpt>
      <trkpt lat="22.5389804" lon="113.9354518"><ele>16.2</ele><time>2023-08-24T22:52:51Z</time></trkpt>
      <trkpt lat="22.5389617" lon="113.9354522"><ele>16.2</ele><time>2023-08-24T22:52:52Z</time></trkpt>
      <trkpt lat="22.5389435" lon="113.9354531"><ele>16.1</ele><time>2023-08-24T22:52:53Z</time></trkpt>
      <trkpt lat="22.5389259" lon="113.9354545"><ele>16.1</ele><time>2023-08-24T22:52:54Z</time></trkpt>
      <trkpt lat="22.5389083" lon="113.9354555"><ele>16.1</ele><time>2023-08-24T22:52:55Z</time></trkpt>
      <trkpt lat="22.5388909" lon="113.9354552"><ele>16.1</ele><time>2023-08-24T22:52:56Z</time></trkpt>
      <trkpt lat="22.5388735" lon="113.9354554"><ele>16.1</ele><time>2023-08-24T22:52:57Z</time></trkpt>
      <trkpt lat="22.5388557" lon="113.9354561"><ele>16.1</ele><time>2023-08-24T22:52:58Z</time></trkpt>
      <trkpt lat="22.5388381" lon="113.9354587"><ele>16.0</ele><time>2023-08-24T22:52:59Z</time></trkpt>
      <trkpt lat="22.5388207" lon="113.9354622"><ele>16.0</ele><time>2023-08-24T22:53:00Z</time></trkpt>
      <trkpt lat="22.5388036" lon="113.9354640"><ele>16.0</ele><time>2023-08-24T22:53:01Z</time></trkpt>
      <trkpt lat="22.5387867" lon="113.9354656"><ele>16.0</ele><time>2023-08-24T22:53:02Z</time></trkpt>
      <trkpt lat="22.5387698" lon="113.9354684"><ele>16.0</ele><time>2023-08-24T22:53:03Z</time></trkpt>
      <trkpt lat="22.5387528" lon="113.9354705"><ele>15.9</ele><time>2023-08-24T22:53:04Z</time></trkpt>
      <trkpt lat="22.5387362" lon="113.9354719"><ele>15.9</ele><time>2023-08-24T22:53:05Z</time></trkpt>
      <trkpt lat="22.5387197" lon="113.9354735"><ele>15.9</ele><time>2023-08-24T22:53:06Z</time></trkpt>
      <trkpt lat="22.5387030" lon="113.9354754"><ele>15.9</ele><time>2023-08-24T22:53:07Z</time></trkpt>
      <trkpt lat="22.5386865" lon="113.9354778"><ele>15.8</ele><time>2023-08-24T22:53:08Z</time></trkpt>
      <trkpt lat="22.5386700" lon="113.9354814"><ele>15.8</ele><time>2023-08-24T22:53:09Z</time></trkpt>
      <trkpt lat="22.5386539" lon="113.9354869"><ele>15.8</ele><time>2023-08-24T22:53:10Z</time></trkpt>
      <trkpt lat="22.5386381" lon="113.9354931"><ele>15.8</ele><time>2023-08-24T22:53:11Z</time></trkpt>
      <trkpt lat="22.5386223" lon="113.9354996"><ele>15.7</ele><time>2023-08-24T22:53:12Z</time></trkpt>
      <trkpt lat="22.5386067" lon="113.9355063"><ele>15.7</ele><time>2023-08-24T22:53:13Z</time></trkpt>
      <trkpt lat="22.5385915" lon="113.9355140"><ele>15.7</ele><time>2023-08-24T22:53:14Z</time></trkpt>
      <trkpt lat="22.5385768" lon="113.9355229"><ele>15.6</ele><time>2023-08-24T22:53:15Z</time></trkpt>
      <trkpt lat="22.5385622" lon="113.9355320"><ele>15.6</ele><time>2023-08-24T22:53:16Z</time></trkpt>
      <trkpt lat="22.5385479" lon="113.9355414"><ele>15.5</ele><time>2023-08-24T22:53:17Z</time></trkpt>
      <trkpt lat="22.5385342" lon="113.9355518"><ele>15.5</ele><time>2023-08-24T22:53:18Z</time></trkpt>
      <trkpt lat="22.5385208" lon="113.9355624"><ele>15.4</ele><time>2023-08-24T22:53:19Z</time></trkpt>
      <trkpt lat="22.5385074" lon="113.9355725"><ele>15.4</ele><time>2023-08-24T22:53:20Z</time></trkpt>
      <trkpt lat="22.5384941" lon="113.9355836"><ele>15.3</ele><time>2023-08-24T22:53:21Z</time></trkpt>
      <trkpt lat="22.5384818" lon="113.9355962"><ele>15.3</ele><time>2023-08-24T22:53:22Z</time></trkpt>
      <trkpt lat="22.5384705" lon="113.9356099"><ele>15.2</ele><time>2023-08-24T22:53:23Z</time></trkpt>
      <trkpt lat="22.5384596" lon="113.9356242"><ele>15.2</ele><time>2023-08-24T22:53:24Z</time></trkpt>
      <trkpt lat="22.5384486" lon="113.9356389"><ele>15.1</ele><time>2023-08-24T22:53:25Z</time></trkpt>
      <trkpt lat="22.5384377" lon="113.9356533"><ele>15.1</ele><time>2023-08-24T22:53:26Z</time></trkpt>
      <trkpt lat="22.5384276" lon="113.9356674"><ele>15.0</ele><time>2023-08-24T22:53:27Z</time></trkpt>
      <trkpt lat="22.5384181" lon="113.9356822"><ele>14.9</ele><time>2023-08-24T22:53:28Z</time></trkpt>
      <trkpt lat="22.5384089" lon="113.9356975"><ele>14.9</ele><time>2023-08-24T22:53:29Z</time></trkpt>
      <trkpt lat="22.5384001" lon="113.9357127"><ele>14.8</ele><time>2023-08-24T22:53:30Z</time></trkpt>
      <trkpt lat="22.5383919" lon="113.9357279"><ele>14.7</ele><time>2023-08-24T22:53:31Z</time></trkpt>
      <trkpt lat="22.5383842" lon="113.9357435"><ele>14.6</ele><time>2023-08-24T22:53:32Z</time></trkpt>
      <trkpt lat="22.5383763" lon="113.9357584"><ele>14.6</ele><time>2023-08-24T22:53:33Z</time></trkpt>
      <trkpt lat="22.5383686" lon="113.9357729"><ele>14.5</ele><time>2023-08-24T22:53:34Z</time></trkpt>
      <trkpt lat="22.5383626" lon="113.9357883"><ele>14.4</ele><time>2023-08-24T22:53:35Z</time></trkpt>
      <trkpt lat="22.5383575" lon="113.9358046"><ele>14.4</ele><time>2023-08-24T22:53:36Z</time></trkpt>
      <trkpt lat="22.5383530" lon="113.9358214"><ele>14.3</ele><time>2023-08-24T22:53:37Z</time></trkpt>
      <trkpt lat="22.5383491" lon="113.9358385"><ele>14.2</ele><time>2023-08-24T22:53:38Z</time></trkpt>
      <trkpt lat="22.5383464" lon="113.9358561"><ele>14.2</ele><time>2023-08-24T22:53:39Z</time></trkpt>
      <trkpt lat="22.5383447" lon="113.9358741"><ele>14.1</ele><time>2023-08-24T22:53:40Z</time></trkpt>
      <trkpt lat="22.5383436" lon="113.9358924"><ele>14.0</ele><time>2023-08-24T22:53:41Z</time></trkpt>
      <trkpt lat="22.5383430" lon="113.9359105"><ele>14.0</ele><time>2023-08-24T22:53:42Z</time></trkpt>
      <trkpt lat="22.5383434" lon="113.9359286"><ele>13.9</ele><time>2023-08-24T22:53:43Z</time></trkpt>
      <trkpt lat="22.5383451" lon="113.9359469"><ele>13.9</ele><time>2023-08-24T22:53:44Z</time></trkpt>
      <trkpt lat="22.5383480" lon="113.9359651"><ele>13.8</ele><time>2023-08-24T22:53:45Z</time></trkpt>
      <trkpt lat="22.5383512" lon="113.9359833"><ele>13.8</ele><time>2023-08-24T22:53:46Z</time></trkpt>
      <trkpt lat="22.5383549" lon="113.9360013"><ele>13.7</ele><time>2023-08-24T22:53:47Z</time></trkpt>
      <trkpt lat="22.5383594" lon="113.9360190"><ele>13.7</ele><time>2023-08-24T22:53:48Z</time></trkpt>
      <trkpt lat="22.5383642" lon="113.9360369"><ele>13.7</ele><time>2023-08-24T22:53:49Z</time></trkpt>
      <trkpt lat="22.5383701" lon="113.9360544"><ele>13.6</ele><time>2023-08-24T22:53:50Z</time></trkpt>
      <trkpt lat="22.5383761" lon="113.9360718"><ele>13.6</ele><time>2023-08-24T22:53:51Z</time></trkpt>
      <trkpt lat="22.5383815" lon="113.9360891"><ele>13.5</ele><time>2023-08-24T22:53:52Z</time></trkpt>
      <trkpt lat="22.5383872" lon="113.9361062"><ele>13.5</ele><time>2023-08-24T22:53:53Z</time></trkpt>
      <trkpt lat="22.5383926" lon="113.9361233"><ele>13.5</ele><time>2023-08-24T22:53:54Z</time></trkpt>
      <trkpt lat="22.5383982" lon="113.9361401"><ele>13.5</ele><time>2023-08-24T22:53:55Z</time></trkpt>
      <trkpt lat="22.5384052" lon="113.9361563"><ele>13.4</ele><time>2023-08-24T22:53:56Z</time></trkpt>
      <trkpt lat="22.5384131" lon="113.9361720"><ele>13.4</ele><time>2023-08-24T22:53:57Z</time></trkpt>
      <trkpt lat="22.5384217" lon="113.9361869"><ele>13.4</ele><time>2023-08-24T22:53:58Z</time></trkpt>
      <trkpt lat="22.5384314" lon="113.9362013"><ele>13.4</ele><time>2023-08-24T22:53:59Z</time></trkpt>
      <trkpt lat="22.5384417" lon="113.9362155"><ele>13.3</ele><time>2023-08-24T22:54:00Z</time></trkpt>
      <trkpt lat="22.5384511" lon="113.9362302"><ele>13.3</ele><time>2023-08-24T22:54:01Z</time></trkpt>
      <trkpt lat="22.5384600" lon="113.9362449"><ele>13.3</ele><time>2023-08-24T22:54:02Z</time></trkpt>
      <trkpt lat="22.5384698" lon="113.9362592"><ele>13.3</ele><time>2023-08-24T22:54:03Z</time></trkpt>
      <trkpt lat="22.5384802" lon="113.9362732"><ele>13.3</ele><time>2023-08-24T22:54:04Z</time></trkpt>
      <trkpt lat="22.5384920" lon="113.9362859"><ele>13.3</ele><time>2023-08-24T22:54:05Z</time></trkpt>
      <trkpt lat="22.5385058" lon="113.9362965"><ele>13.3</ele><time>2023-08-24T22:54:06Z</time></trkpt>
      <trkpt lat="22.5385203" lon="113.9363061"><ele>13.3</ele><time>2023-08-24T22:54:07Z</time></trkpt>
      <trkpt lat="22.5385352" lon="113.9363149"><ele>13.3</ele><time>2023-08-24T22:54:08Z</time></trkpt>
      <trkpt lat="22.5385505" lon="113.9363232"><ele>13.3</ele><time>2023-08-24T22:54:09Z</time></trkpt>
      <trkpt lat="22.5385657" lon="113.9363317"><ele>13.3</ele><time>2023-08-24T22:54:10Z</time></trkpt>
      <trkpt lat="22.5385810" lon="113.9363400"><ele>13.3</ele><time>2023-08-24T22:54:11Z</time></trkpt>
      <trkpt lat="22.5385963" lon="113.9363476"><ele>13.3</ele><time>2023-08-24T22:54:12Z</time></trkpt>
      <trkpt lat="22.5386117" lon="113.9363552"><ele>13.3</ele><time>2023-08-24T22:54:13Z</time></trkpt>
      <trkpt lat="22.5386272" lon="113.9363624"><ele>13.3</ele><time>2023-08-24T22:54:14Z</time></trkpt>
      <trkpt lat="22.5386432" lon="113.9363683"><ele>13.3</ele><time>2023-08-24T22:54:15Z</time></trkpt>
      <trkpt lat="22.5386595" lon="113.9363735"><ele>13.3</ele><time>2023-08-24T22:54:16Z</time></trkpt>
      <trkpt lat="22.5386757" lon="113.9363784"><ele>13.3</ele><time>2023-08-24T22:54:17Z</time></trkpt>
      <trkpt lat="22.5386922" lon="113.9363827"><ele>13.4</ele><time>2023-08-24T22:54:18Z</time></trkpt>
      <trkpt lat="22.5387088" lon="113.9363867"><ele>13.4</ele><time>2023-08-24T22:54:19Z</time></trkpt>
      <trkpt lat="22.5387253" lon="113.9363905"><ele>13.4</ele><time>2023-08-24T22:54:20Z</time></trkpt>
      <trkpt lat="22.5387417" lon="113.9363934"><ele>13.4</ele><time>2023-08-24T22:54:21Z</time></trkpt>
      <trkpt lat="22.5387578" lon="113.9363957"><ele>13.4</ele><time>2023-08-24T22:54:22Z</time></trkpt>
      <trkpt lat="22.5387739" lon="113.9363984"><ele>13.4</ele><time>2023-08-24T22:54:23Z</time></trkpt>
      <trkpt lat="22.5387901" lon="113.9364017"><ele>13.4</ele><time>2023-08-24T22:54:24Z</time></trkpt>
      <trkpt lat="22.5388066" lon="113.9364044"><ele>13.5</ele><time>2023-08-24T22:54:25Z</time></trkpt>
      <trkpt lat="22.5388230" lon="113.9364060"><ele>13.5</ele><time>2023-08-24T22:54:26Z</time></trkpt>
      <trkpt lat="22.5388395" lon="113.9364058"><ele>13.5</ele><time>2023-08-24T22:54:27Z</time></trkpt>
      <trkpt lat="22.5388561" lon="113.9364046"><ele>13.5</ele><time>2023-08-24T22:54:28Z</time></trkpt>
      <trkpt lat="22.5388727" lon="113.9364034"><ele>13.5</ele><time>2023-08-24T22:54:29Z</time></trkpt>
      <trkpt lat="22.5388894" lon="113.9364034"><ele>13.6</ele><time>2023-08-24T22:54:30Z</time></trkpt>
      <trkpt lat="22.5389061" lon="113.9364040"><ele>13.6</ele><time>2023-08-24T22:54:31Z</time></trkpt>
      <trkpt lat="22.5389225" lon="113.9364042"><ele>13.6</ele><time>2023-08-24T22:54:32Z</time></trkpt>
      <trkpt lat="22.5389390" lon="113.9364042"><ele>13.6</ele><time>2023-08-24T22:54:33Z</time></trkpt>
      <trkpt lat="22.5389556" lon="113.9364041"><ele>13.6</ele><time>2023-08-24T22:54:34Z</time></trkpt>
      <trkpt lat="22.5389721" lon="113.9364038"><ele>13.6</ele><time>2023-08-24T22:54:35Z</time></trkpt>
      <trkpt lat="22.5389885" lon="113.9364034"><ele>13.6</ele><time>2023-08-24T22:54:36Z</time></trkpt>
      <trkpt lat="22.5390050" lon="113.9364022"><ele>13.6</ele><time>2023-08-24T22:54:37Z</time></trkpt>
      <trkpt lat="22.5390215" lon="113.9364011"><ele>13.6</ele><time>2023-08-24T22:54:38Z</time></trkpt>
      <trkpt lat="22.5390380" lon="113.9364006"><ele>13.6</ele><time>2023-08-24T22:54:39Z</time></trkpt>
      <trkpt lat="22.5390545" lon="113.9364001"><ele>13.6</ele><time>2023-08-24T22:54:40Z</time></trkpt>
      <trkpt lat="22.5390708" lon="113.9363992"><ele>13.7</ele><time>2023-08-24T22:54:41Z</time></trkpt>
      <trkpt lat="22.5390870" lon="113.9363985"><ele>13.6</ele><time>2023-08-24T22:54:42Z</time></trkpt>
      <trkpt lat="22.5391033" lon="113.9363982"><ele>13.6</ele><time>2023-08-24T22:54:43Z</time></trkpt>
      <trkpt lat="22.5391196" lon="113.9363977"><ele>13.6</ele><time>2023-08-24T22:54:44Z</time></trkpt>
      <trkpt lat="22.5391358" lon="113.9363972"><ele>13.6</ele><time>2023-08-24T22:54:45Z</time></trkpt>
      <trkpt lat="22.5391520" lon="113.9363969"><ele>13.6</ele><time>2023-08-24T22:54:46Z</time></trkpt>
      <trkpt lat="22.5391683" lon="113.9363975"><ele>13.6</ele><time>2023-08-24T22:54:47Z</time></trkpt>
      <trkpt lat="22.5391846" lon="113.9363981"><ele>13.6</ele><time>2023-08-24T22:54:48Z</time></trkpt>
      <trkpt lat="22.5392009" lon="113.9363976"><ele>13.6</ele><time>2023-08-24T22:54:49Z</time></trkpt>
      <trkpt lat="22.5392174" lon="113.9363967"><ele>13.6</ele><time>2023-08-24T22:54:50Z</time></trkpt>
      <trkpt lat="22.5392339" lon="113.9363957"><ele>13.6</ele><time>2023-08-24T22:54:51Z</time></trkpt>
      <trkpt lat="22.5392503" lon="113.9363944"><ele>13.6</ele><time>2023-08-24T22:54:52Z</time></trkpt>
      <trkpt lat="22.5392667" lon="113.9363932"><ele>13.6</ele><time>2023-08-24T22:54:53Z</time></trkpt>
      <trkpt lat="22.5392830" lon="113.9363922"><ele>13.6</ele><time>2023-08-24T22:54:54Z</time></trkpt>
      <trkpt lat="22.5392994" lon="113.9363914"><ele>13.6</ele><time>2023-08-24T22:54:55Z</time></trkpt>
      <trkpt lat="22.5393159" lon="113.9363911"><ele>13.6</ele><time>2023-08-24T22:54:56Z</time></trkpt>
      <trkpt lat="22.5393323" lon="113.9363908"><ele>13.6</ele><time>2023-08-24T22:54:57Z</time></trkpt>
      <trkpt lat="22.5393487" lon="113.9363908"><ele>13.5</ele><time>2023-08-24T22:54:58Z</time></trkpt>
      <trkpt lat="22.5393651" lon="113.9363914"><ele>13.5</ele><time>2023-08-24T22:54:59Z</time></trkpt>
      <trkpt lat="22.5393815" lon="113.9363920"><ele>13.5</ele><time>2023-08-24T22:55:00Z</time></trkpt>
      <trkpt lat="22.5393977" lon="113.9363916"><ele>13.5</ele><time>2023-08-24T22:55:01Z</time></trkpt>
      <trkpt lat="22.5394139" lon="113.9363908"><ele>13.6</ele><time>2023-08-24T22:55:02Z</time></trkpt>
      <trkpt lat="22.5394300" lon="113.9363900"><ele>13.6</ele><time>2023-08-24T22:55:03Z</time></trkpt>
      <trkpt lat="22.5394460" lon="113.9363894"><ele>13.6</ele><time>2023-08-24T22:55:04Z</time></trkpt>
      <trkpt lat="22.5394622" lon="113.9363886"><ele>13.6</ele><time>2023-08-24T22:55:05Z</time></trkpt>
      <trkpt lat="22.5394785" lon="113.9363882"><ele>13.6</ele><time>2023-08-24T22:55:06Z</time></trkpt>
      <trkpt lat="22.5394945" lon="113.9363878"><ele>13.6</ele><time>2023-08-24T22:55:07Z</time></trkpt>
      <trkpt lat="22.5395105" lon="113.9363869"><ele>13.6</ele><time>2023-08-24T22:55:08Z</time></trkpt>
      <trkpt lat="22.5395265" lon="113.9363858"><ele>13.6</ele><time>2023-08-24T22:55:09Z</time></trkpt>
      <trkpt lat="22.5395423" lon="113.9363845"><ele>13.7</ele><time>2023-08-24T22:55:10Z</time></trkpt>
      <trkpt lat="22.5395581" lon="113.9363829"><ele>13.7</ele><time>2023-08-24T22:55:11Z</time></trkpt>
      <trkpt lat="22.5395738" lon="113.9363806"><ele>13.7</ele><time>2023-08-24T22:55:12Z</time></trkpt>
      <trkpt lat="22.5395892" lon="113.9363768"><ele>13.7</ele><time>2023-08-24T22:55:13Z</time></trkpt>
      <trkpt lat="22.5396043" lon="113.9363711"><ele>13.8</ele><time>2023-08-24T22:55:14Z</time></trkpt>
      <trkpt lat="22.5396193" lon="113.9363654"><ele>13.8</ele><time>2023-08-24T22:55:15Z</time></trkpt>
      <trkpt lat="22.5396346" lon="113.9363607"><ele>13.8</ele><time>2023-08-24T22:55:16Z</time></trkpt>
      <trkpt lat="22.5396499" lon="113.9363564"><ele>13.9</ele><time>2023-08-24T22:55:17Z</time></trkpt>
      <trkpt lat="22.5396651" lon="113.9363517"><ele>13.9</ele><time>2023-08-24T22:55:18Z</time></trkpt>
      <trkpt lat="22.5396800" lon="113.9363463"><ele>13.9</ele><time>2023-08-24T22:55:19Z</time></trkpt>
      <trkpt lat="22.5396944" lon="113.9363397"><ele>14.0</ele><time>2023-08-24T22:55:20Z</time></trkpt>
      <trkpt lat="22.5397084" lon="113.9363314"><ele>14.0</ele><time>2023-08-24T22:55:21Z</time></trkpt>
      <trkpt lat="22.5397217" lon="113.9363219"><ele>14.1</ele><time>2023-08-24T22:55:22Z</time></trkpt>
      <trkpt lat="22.5397348" lon="113.9363119"><ele>14.1</ele><time>2023-08-24T22:55:23Z</time></trkpt>
      <trkpt lat="22.5397478" lon="113.9363017"><ele>14.2</ele><time>2023-08-24T22:55:24Z</time></trkpt>
      <trkpt lat="22.5397605" lon="113.9362912"><ele>14.2</ele><time>2023-08-24T22:55:26Z</time></trkpt>
      <trkpt lat="22.5397727" lon="113.9362799"><ele>14.2</ele><time>2023-08-24T22:55:27Z</time></trkpt>
      <trkpt lat="22.5397847" lon="113.9362681"><ele>14.3</ele><time>2023-08-24T22:55:28Z</time></trkpt>
      <trkpt lat="22.5397967" lon="113.9362563"><ele>14.3</ele><time>2023-08-24T22:55:29Z</time></trkpt>
      <trkpt lat="22.5398085" lon="113.9362443"><ele>14.4</ele><time>2023-08-24T22:55:30Z</time></trkpt>
      <trkpt lat="22.5398195" lon="113.9362315"><ele>14.4</ele><time>2023-08-24T22:55:31Z</time></trkpt>
      <trkpt lat="22.5398301" lon="113.9362184"><ele>14.5</ele><time>2023-08-24T22:55:32Z</time></trkpt>
      <trkpt lat="22.5398409" lon="113.9362055"><ele>14.5</ele><time>2023-08-24T22:55:33Z</time></trkpt>
      <trkpt lat="22.5398516" lon="113.9361925"><ele>14.5</ele><time>2023-08-24T22:55:34Z</time></trkpt>
      <trkpt lat="22.5398618" lon="113.9361790"><ele>14.6</ele><time>2023-08-24T22:55:35Z</time></trkpt>
      <trkpt lat="22.5398714" lon="113.9361652"><ele>14.6</ele><time>2023-08-24T22:55:36Z</time></trkpt>
      <trkpt lat="22.5398799" lon="113.9361505"><ele>14.7</ele><time>2023-08-24T22:55:37Z</time></trkpt>
      <trkpt lat="22.5398871" lon="113.9361349"><ele>14.7</ele><time>2023-08-24T22:55:38Z</time></trkpt>
      <trkpt lat="22.5398930" lon="113.9361188"><ele>14.7</ele><time>2023-08-24T22:55:39Z</time></trkpt>
      <trkpt lat="22.5398982" lon="113.9361022"><ele>14.7</ele><time>2023-08-24T22:55:40Z</time></trkpt>
      <trkpt lat="22.5399036" lon="113.9360858"><ele>14.8</ele><time>2023-08-24T22:55:41Z</time></trkpt>
      <trkpt lat="22.5399093" lon="113.9360698"><ele>14.8</ele><time>2023-08-24T22:55:42Z</time></trkpt>
      <trkpt lat="22.5399150" lon="113.9360539"><ele>14.8</ele><time>2023-08-24T22:55:43Z</time></trkpt>
      <trkpt lat="22.5399206" lon="113.9360379"><ele>14.8</ele><time>2023-08-24T22:55:44Z</time></trkpt>
      <trkpt lat="22.5399255" lon="113.9360219"><ele>14.8</ele><time>2023-08-24T22:55:45Z</time></trkpt>
      <trkpt lat="22.5399298" lon="113.9360059"><ele>14.8</ele><time>2023-08-24T22:55:46Z</time></trkpt>
      <trkpt lat="22.5399336" lon="113.9359897"><ele>14.9</ele><time>2023-08-24T22:55:47Z</time></trkpt>
      <trkpt lat="22.5399363" lon="113.9359733"><ele>14.9</ele><time>2023-08-24T22:55:48Z</time></trkpt>
      <trkpt lat="22.5399381" lon="113.9359567"><ele>14.9</ele><time>2023-08-24T22:55:49Z</time></trkpt>
      <trkpt lat="22.5399396" lon="113.9359402"><ele>14.9</ele><time>2023-08-24T22:55:50Z</time></trkpt>
      <trkpt lat="22.5399408" lon="113.9359238"><ele>14.9</ele><time>2023-08-24T22:55:51Z</time></trkpt>
      <trkpt lat="22.5399409" lon="113.9359075"><ele>14.9</ele><time>2023-08-24T22:55:52Z</time></trkpt>
      <trkpt lat="22.5399394" lon="113.9358912"><ele>14.9</ele><time>2023-08-24T22:55:53Z</time></trkpt>
      <trkpt lat="22.5399374" lon="113.9358748"><ele>14.9</ele><time>2023-08-24T22:55:54Z</time></trkpt>
      <trkpt lat="22.5399351" lon="113.9358585"><ele>14.9</ele><time>2023-08-24T22:55:55Z</time></trkpt>
      <trkpt lat="22.5399326" lon="113.9358424"><ele>14.9</ele><time>2023-08-24T22:55:56Z</time></trkpt>
      <trkpt lat="22.5399302" lon="113.9358262"><ele>14.9</ele><time>2023-08-24T22:55:57Z</time></trkpt>
      <trkpt lat="22.5399277" lon="113.9358102"><ele>14.9</ele><time>2023-08-24T22:55:58Z</time></trkpt>
      <trkpt lat="22.5399243" lon="113.9357945"><ele>14.9</ele><time>2023-08-24T22:55:59Z</time></trkpt>
      <trkpt lat="22.5399191" lon="113.9357793"><ele>14.9</ele><time>2023-08-24T22:56:00Z</time></trkpt>
      <trkpt lat="22.5399131" lon="113.9357643"><ele>14.9</ele><time>2023-08-24T22:56:01Z</time></trkpt>
      <trkpt lat="22.5399069" lon="113.9357494"><ele>14.9</ele><time>2023-08-24T22:56:02Z</time></trkpt>
      <trkpt lat="22.5399008" lon="113.9357346"><ele>14.9</ele><time>2023-08-24T22:56:03Z</time></trkpt>
      <trkpt lat="22.5398952" lon="113.9357196"><ele>14.9</ele><time>2023-08-24T22:56:04Z</time></trkpt>
      <trkpt lat="22.5398896" lon="113.9357045"><ele>14.9</ele><time>2023-08-24T22:56:05Z</time></trkpt>
      <trkpt lat="22.5398826" lon="113.9356902"><ele>14.9</ele><time>2023-08-24T22:56:06Z</time></trkpt>
      <trkpt lat="22.5398747" lon="113.9356762"><ele>14.9</ele><time>2023-08-24T22:56:07Z</time></trkpt>
      <trkpt lat="22.5398664" lon="113.9356622"><ele>14.9</ele><time>2023-08-24T22:56:08Z</time></trkpt>
      <trkpt lat="22.5398577" lon="113.9356487"><ele>14.9</ele><time>2023-08-24T22:56:09Z</time></trkpt>
      <trkpt lat="22.5398482" lon="113.9356356"><ele>14.8</ele><time>2023-08-24T22:56:10Z</time></trkpt>
      <trkpt lat="22.5398384" lon="113.9356230"><ele>14.8</ele><time>2023-08-24T22:56:11Z</time></trkpt>
      <trkpt lat="22.5398284" lon="113.9356104"><ele>14.8</ele><time>2023-08-24T22:56:12Z</time></trkpt>
      <trkpt lat="22.5398178" lon="113.9355982"><ele>14.8</ele><time>2023-08-24T22:56:13Z</time></trkpt>
      <trkpt lat="22.5398065" lon="113.9355867"><ele>14.9</ele><time>2023-08-24T22:56:14Z</time></trkpt>
      <trkpt lat="22.5397952" lon="113.9355756"><ele>14.9</ele><time>2023-08-24T22:56:15Z</time></trkpt>
      <trkpt lat="22.5397837" lon="113.9355647"><ele>14.9</ele><time>2023-08-24T22:56:16Z</time></trkpt>
      <trkpt lat="22.5397715" lon="113.9355543"><ele>14.9</ele><time>2023-08-24T22:56:17Z</time></trkpt>
      <trkpt lat="22.5397588" lon="113.9355445"><ele>14.9</ele><time>2023-08-24T22:56:18Z</time></trkpt>
      <trkpt lat="22.5397462" lon="113.9355349"><ele>14.9</ele><time>2023-08-24T22:56:19Z</time></trkpt>
      <trkpt lat="22.5397334" lon="113.9355256"><ele>14.9</ele><time>2023-08-24T22:56:20Z</time></trkpt>
      <trkpt lat="22.5397202" lon="113.9355173"><ele>14.9</ele><time>2023-08-24T22:56:21Z</time></trkpt>
      <trkpt lat="22.5397061" lon="113.9355103"><ele>14.9</ele><time>2023-08-24T22:56:22Z</time></trkpt>
      <trkpt lat="22.5396908" lon="113.9355045"><ele>15.0</ele><time>2023-08-24T22:56:23Z</time></trkpt>
      <trkpt lat="22.5396755" lon="113.9354988"><ele>15.0</ele><time>2023-08-24T22:56:24Z</time></trkpt>
      <trkpt lat="22.5396604" lon="113.9354931"><ele>15.0</ele><time>2023-08-24T22:56:25Z</time></trkpt>
      <trkpt lat="22.5396452" lon="113.9354875"><ele>15.0</ele><time>2023-08-24T22:56:26Z</time></trkpt>
      <trkpt lat="22.5396299" lon="113.9354824"><ele>15.0</ele><time>2023-08-24T22:56:27Z</time></trkpt>
      <trkpt lat="22.5396143" lon="113.9354778"><ele>15.0</ele><time>2023-08-24T22:56:28Z</time></trkpt>
      <trkpt lat="22.5395983" lon="113.9354736"><ele>15.0</ele><time>2023-08-24T22:56:29Z</time></trkpt>
      <trkpt lat="22.5395820" lon="113.9354695"><ele>15.0</ele><time>2023-08-24T22:56:30Z</time></trkpt>
      <trkpt lat="22.5395656" lon="113.9354659"><ele>15.0</ele><time>2023-08-24T22:56:31Z</time></trkpt>
      <trkpt lat="22.5395489" lon="113.9354631"><ele>15.0</ele><time>2023-08-24T22:56:32Z</time></trkpt>
      <trkpt lat="22.5395319" lon="113.9354615"><ele>15.0</ele><time>2023-08-24T22:56:33Z</time></trkpt>
      <trkpt lat="22.5395146" lon="113.9354605"><ele>15.0</ele><time>2023-08-24T22:56:34Z</time></trkpt>
      <trkpt lat="22.5394971" lon="113.9354593"><ele>15.0</ele><time>2023-08-24T22:56:35Z</time></trkpt>
      <trkpt lat="22.5394793" lon="113.9354583"><ele>15.0</ele><time>2023-08-24T22:56:36Z</time></trkpt>
      <trkpt lat="22.5394613" lon="113.9354578"><ele>15.0</ele><time>2023-08-24T22:56:37Z</time></trkpt>
      <trkpt lat="22.5394434" lon="113.9354569"><ele>15.0</ele><time>2023-08-24T22:56:38Z</time></trkpt>
      <trkpt lat="22.5394253" lon="113.9354560"><ele>14.9</ele><time>2023-08-24T22:56:39Z</time></trkpt>
      <trkpt lat="22.5394070" lon="113.9354553"><ele>14.9</ele><time>2023-08-24T22:56:40Z</time></trkpt>
      <trkpt lat="22.5393888" lon="113.9354553"><ele>14.9</ele><time>2023-08-24T22:56:41Z</time></trkpt>
      <trkpt lat="22.5393706" lon="113.9354564"><ele>14.9</ele><time>2023-08-24T22:56:42Z</time></trkpt>
      <trkpt lat="22.5393524" lon="113.9354575"><ele>14.8</ele><time>2023-08-24T22:56:43Z</time></trkpt>
      <trkpt lat="22.5393344" lon="113.9354579"><ele>14.8</ele><time>2023-08-24T22:56:44Z</time></trkpt>
      <trkpt lat="22.5393164" lon="113.9354578"><ele>14.7</ele><time>2023-08-24T22:56:45Z</time></trkpt>
      <trkpt lat="22.5392983" lon="113.9354570"><ele>14.7</ele><time>2023-08-24T22:56:46Z</time></trkpt>
      <trkpt lat="22.5392803" lon="113.9354566"><ele>14.7</ele><time>2023-08-24T22:56:47Z</time></trkpt>
      <trkpt lat="22.5392621" lon="113.9354573"><ele>14.6</ele><time>2023-08-24T22:56:48Z</time></trkpt>
      <trkpt lat="22.5392437" lon="113.9354586"><ele>14.6</ele><time>2023-08-24T22:56:49Z</time></trkpt>
      <trkpt lat="22.5392252" lon="113.9354603"><ele>14.5</ele><time>2023-08-24T22:56:50Z</time></trkpt>
      <trkpt lat="22.5392067" lon="113.9354621"><ele>14.5</ele><time>2023-08-24T22:56:51Z</time></trkpt>
      <trkpt lat="22.5391881" lon="113.9354632"><ele>14.4</ele><time>2023-08-24T22:56:52Z</time></trkpt>
      <trkpt lat="22.5391695" lon="113.9354642"><ele>14.4</ele><time>2023-08-24T22:56:53Z</time></trkpt>
      <trkpt lat="22.5391509" lon="113.9354655"><ele>14.3</ele><time>2023-08-24T22:56:54Z</time></trkpt>
      <trkpt lat="22.5391326" lon="113.9354664"><ele>14.3</ele><time>2023-08-24T22:56:55Z</time></trkpt>
      <trkpt lat="22.5391147" lon="113.9354662"><ele>14.3</ele><time>2023-08-24T22:56:56Z</time></trkpt>
      <trkpt lat="22.5390968" lon="113.9354654"><ele>14.2</ele><time>2023-08-24T22:56:57Z</time></trkpt>
      <trkpt lat="22.5390788" lon="113.9354658"><ele>14.2</ele><time>2023-08-24T22:56:58Z</time></trkpt>
      <trkpt lat="22.5390608" lon="113.9354676"><ele>14.1</ele><time>2023-08-24T22:56:59Z</time></trkpt>
      <trkpt lat="22.5390427" lon="113.9354690"><ele>14.1</ele><time>2023-08-24T22:57:00Z</time></trkpt>
      <trkpt lat="22.5390244" lon="113.9354693"><ele>14.0</ele><time>2023-08-24T22:57:01Z</time></trkpt>
      <trkpt lat="22.5390064" lon="113.9354686"><ele>14.0</ele><time>2023-08-24T22:57:02Z</time></trkpt>
      <trkpt lat="22.5389881" lon="113.9354674"><ele>14.0</ele><time>2023-08-24T22:57:03Z</time></trkpt>
      <trkpt lat="22.5389697" lon="113.9354657"><ele>13.9</ele><time>2023-08-24T22:57:04Z</time></trkpt>
      <trkpt lat="22.5389516" lon="113.9354645"><ele>13.9</ele><time>2023-08-24T22:57:05Z</time></trkpt>
      <trkpt lat="22.5389337" lon="113.9354637"><ele>13.9</ele><time>2023-08-24T22:57:06Z</time></trkpt>
      <trkpt lat="22.5389158" lon="113.9354624"><ele>13.8</ele><time>2023-08-24T22:57:07Z</time></trkpt>
      <trkpt lat="22.5388977" lon="113.9354606"><ele>13.8</ele><time>2023-08-24T22:57:08Z</time></trkpt>
      <trkpt lat="22.5388794" lon="113.9354588"><ele>13.8</ele><time>2023-08-24T22:57:09Z</time></trkpt>
      <trkpt lat="22.5388616" lon="113.9354562"><ele>13.8</ele><time>2023-08-24T22:57:10Z</time></trkpt>
      <trkpt lat="22.5388444" lon="113.9354528"><ele>13.7</ele><time>2023-08-24T22:57:11Z</time></trkpt>
      <trkpt lat="22.5388265" lon="113.9354508"><ele>13.7</ele><time>2023-08-24T22:57:12Z</time></trkpt>
      <trkpt lat="22.5388081" lon="113.9354497"><ele>13.7</ele><time>2023-08-24T22:57:13Z</time></trkpt>
      <trkpt lat="22.5387897" lon="113.9354480"><ele>13.7</ele><time>2023-08-24T22:57:14Z</time></trkpt>
      <trkpt lat="22.5387720" lon="113.9354459"><ele>13.7</ele><time>2023-08-24T22:57:15Z</time></trkpt>
      <trkpt lat="22.5387555" lon="113.9354434"><ele>13.7</ele><time>2023-08-24T22:57:16Z</time></trkpt>
      <trkpt lat="22.5387391" lon="113.9354410"><ele>13.7</ele><time>2023-08-24T22:57:17Z</time></trkpt>
      <trkpt lat="22.5387227" lon="113.9354393"><ele>13.7</ele><time>2023-08-24T22:57:18Z</time></trkpt>
      <trkpt lat="22.5387063" lon="113.9354386"><ele>13.8</ele><time>2023-08-24T22:57:19Z</time></trkpt>
      <trkpt lat="22.5386896" lon="113.9354401"><ele>13.8</ele><time>2023-08-24T22:57:20Z</time></trkpt>
      <trkpt lat="22.5386723" lon="113.9354436"><ele>13.8</ele><time>2023-08-24T22:57:21Z</time></trkpt>
      <trkpt lat="22.5386550" lon="113.9354480"><ele>13.8</ele><time>2023-08-24T22:57:22Z</time></trkpt>
      <trkpt lat="22.5386381" lon="113.9354548"><ele>13.9</ele><time>2023-08-24T22:57:23Z</time></trkpt>
      <trkpt lat="22.5386217" lon="113.9354636"><ele>13.9</ele><time>2023-08-24T22:57:24Z</time></trkpt>
      <trkpt lat="22.5386057" lon="113.9354727"><ele>13.9</ele><time>2023-08-24T22:57:25Z</time></trkpt>
      <trkpt lat="22.5385900" lon="113.9354829"><ele>13.9</ele><time>2023-08-24T22:57:26Z</time></trkpt>
      <trkpt lat="22.5385747" lon="113.9354948"><ele>14.0</ele><time>2023-08-24T22:57:27Z</time></trkpt>
      <trkpt lat="22.5385598" lon="113.9355069"><ele>14.0</ele><time>2023-08-24T22:57:28Z</time></trkpt>
      <trkpt lat="22.5385456" lon="113.9355195"><ele>14.0</ele><time>2023-08-24T22:57:29Z</time></trkpt>
      <trkpt lat="22.5385322" lon="113.9355329"><ele>14.1</ele><time>2023-08-24T22:57:30Z</time></trkpt>
      <trkpt lat="22.5385187" lon="113.9355458"><ele>14.1</ele><time>2023-08-24T22:57:31Z</time></trkpt>
      <trkpt lat="22.5385053" lon="113.9355587"><ele>14.1</ele><time>2023-08-24T22:57:32Z</time></trkpt>
      <trkpt lat="22.5384925" lon="113.9355723"><ele>14.2</ele><time>2023-08-24T22:57:33Z</time></trkpt>
      <trkpt lat="22.5384800" lon="113.9355858"><ele>14.2</ele><time>2023-08-24T22:57:34Z</time></trkpt>
      <trkpt lat="22.5384683" lon="113.9356002"><ele>14.2</ele><time>2023-08-24T22:57:35Z</time></trkpt>
      <trkpt lat="22.5384574" lon="113.9356157"><ele>14.3</ele><time>2023-08-24T22:57:36Z</time></trkpt>
      <trkpt lat="22.5384469" lon="113.9356309"><ele>14.3</ele><time>2023-08-24T22:57:37Z</time></trkpt>
      <trkpt lat="22.5384371" lon="113.9356462"><ele>14.3</ele><time>2023-08-24T22:57:38Z</time></trkpt>
      <trkpt lat="22.5384281" lon="113.9356623"><ele>14.3</ele><time>2023-08-24T22:57:39Z</time></trkpt>
      <trkpt lat="22.5384198" lon="113.9356792"><ele>14.3</ele><time>2023-08-24T22:57:40Z</time></trkpt>
      <trkpt lat="22.5384120" lon="113.9356968"><ele>14.4</ele><time>2023-08-24T22:57:41Z</time></trkpt>
      <trkpt lat="22.5384050" lon="113.9357148"><ele>14.4</ele><time>2023-08-24T22:57:42Z</time></trkpt>
      <trkpt lat="22.5383985" lon="113.9357325"><ele>14.4</ele><time>2023-08-24T22:57:43Z</time></trkpt>
      <trkpt lat="22.5383916" lon="113.9357499"><ele>14.4</ele><time>2023-08-24T22:57:44Z</time></trkpt>
      <trkpt lat="22.5383850" lon="113.9357673"><ele>14.4</ele><time>2023-08-24T22:57:45Z</time></trkpt>
      <trkpt lat="22.5383800" lon="113.9357850"><ele>14.4</ele><time>2023-08-24T22:57:46Z</time></trkpt>
      <trkpt lat="22.5383769" lon="113.9358032"><ele>14.4</ele><time>2023-08-24T22:57:47Z</time></trkpt>
      <trkpt lat="22.5383745" lon="113.9358216"><ele>14.3</ele><time>2023-08-24T22:57:48Z</time></trkpt>
      <trkpt lat="22.5383718" lon="113.9358402"><ele>14.3</ele><time>2023-08-24T22:57:49Z</time></trkpt>
      <trkpt lat="22.5383694" lon="113.9358588"><ele>14.3</ele><time>2023-08-24T22:57:50Z</time></trkpt>
      <trkpt lat="22.5383676" lon="113.9358773"><ele>14.3</ele><time>2023-08-24T22:57:51Z</time></trkpt>
      <trkpt lat="22.5383665" lon="113.9358957"><ele>14.2</ele><time>2023-08-24T22:57:52Z</time></trkpt>
      <trkpt lat="22.5383660" lon="113.9359138"><ele>14.2</ele><time>2023-08-24T22:57:53Z</time></trkpt>
      <trkpt lat="22.5383665" lon="113.9359319"><ele>14.2</ele><time>2023-08-24T22:57:54Z</time></trkpt>
      <trkpt lat="22.5383677" lon="113.9359500"><ele>14.1</ele><time>2023-08-24T22:57:55Z</time></trkpt>
      <trkpt lat="22.5383687" lon="113.9359680"><ele>14.1</ele><time>2023-08-24T22:57:56Z</time></trkpt>
      <trkpt lat="22.5383699" lon="113.9359859"><ele>14.0</ele><time>2023-08-24T22:57:57Z</time></trkpt>
      <trkpt lat="22.5383721" lon="113.9360038"><ele>14.0</ele><time>2023-08-24T22:57:58Z</time></trkpt>
      <trkpt lat="22.5383753" lon="113.9360215"><ele>13.9</ele><time>2023-08-24T22:57:59Z</time></trkpt>
      <trkpt lat="22.5383795" lon="113.9360390"><ele>13.9</ele><time>2023-08-24T22:58:00Z</time></trkpt>
      <trkpt lat="22.5383840" lon="113.9360564"><ele>13.8</ele><time>2023-08-24T22:58:01Z</time></trkpt>
      <trkpt lat="22.5383881" lon="113.9360737"><ele>13.7</ele><time>2023-08-24T22:58:02Z</time></trkpt>
      <trkpt lat="22.5383933" lon="113.9360907"><ele>13.7</ele><time>2023-08-24T22:58:03Z</time></trkpt>
      <trkpt lat="22.5384001" lon="113.9361072"><ele>13.6</ele><time>2023-08-24T22:58:04Z</time></trkpt>
      <trkpt lat="22.5384077" lon="113.9361230"><ele>13.5</ele><time>2023-08-24T22:58:05Z</time></trkpt>
      <trkpt lat="22.5384161" lon="113.9361383"><ele>13.4</ele><time>2023-08-24T22:58:06Z</time></trkpt>
      <trkpt lat="22.5384246" lon="113.9361535"><ele>13.3</ele><time>2023-08-24T22:58:07Z</time></trkpt>
      <trkpt lat="22.5384330" lon="113.9361687"><ele>13.3</ele><time>2023-08-24T22:58:08Z</time></trkpt>
      <trkpt lat="22.5384417" lon="113.9361836"><ele>13.2</ele><time>2023-08-24T22:58:09Z</time></trkpt>
      <trkpt lat="22.5384512" lon="113.9361981"><ele>13.1</ele><time>2023-08-24T22:58:10Z</time></trkpt>
      <trkpt lat="22.5384612" lon="113.9362123"><ele>13.0</ele><time>2023-08-24T22:58:11Z</time></trkpt>
      <trkpt lat="22.5384712" lon="113.9362261"><ele>12.9</ele><time>2023-08-24T22:58:12Z</time></trkpt>
      <trkpt lat="22.5384817" lon="113.9362396"><ele>12.8</ele><time>2023-08-24T22:58:13Z</time></trkpt>
      <trkpt lat="22.5384926" lon="113.9362527"><ele>12.7</ele><time>2023-08-24T22:58:14Z</time></trkpt>
      <trkpt lat="22.5385036" lon="113.9362654"><ele>12.7</ele><time>2023-08-24T22:58:15Z</time></trkpt>
      <trkpt lat="22.5385145" lon="113.9362782"><ele>12.6</ele><time>2023-08-24T22:58:16Z</time></trkpt>
      <trkpt lat="22.5385247" lon="113.9362917"><ele>12.5</ele><time>2023-08-24T22:58:17Z</time></trkpt>
      <trkpt lat="22.5385354" lon="113.9363045"><ele>12.4</ele><time>2023-08-24T22:58:18Z</time></trkpt>
      <trkpt lat="22.5385483" lon="113.9363151"><ele>12.3</ele><time>2023-08-24T22:58:19Z</time></trkpt>
      <trkpt lat="22.5385627" lon="113.9363242"><ele>12.2</ele><time>2023-08-24T22:58:20Z</time></trkpt>
      <trkpt lat="22.5385771" lon="113.9363337"><ele>12.1</ele><time>2023-08-24T22:58:21Z</time></trkpt>
      <trkpt lat="22.5385916" lon="113.9363435"><ele>12.0</ele><time>2023-08-24T22:58:22Z</time></trkpt>
      <trkpt lat="22.5386061" lon="113.9363539"><ele>11.9</ele><time>2023-08-24T22:58:23Z</time></trkpt>
      <trkpt lat="22.5386195" lon="113.9363651"><ele>11.9</ele><time>2023-08-24T22:58:24Z</time></trkpt>
      <trkpt lat="22.5386332" lon="113.9363745"><ele>11.8</ele><time>2023-08-24T22:58:25Z</time></trkpt>
      <trkpt lat="22.5386483" lon="113.9363817"><ele>11.7</ele><time>2023-08-24T22:58:26Z</time></trkpt>
      <trkpt lat="22.5386636" lon="113.9363885"><ele>11.6</ele><time>2023-08-24T22:58:27Z</time></trkpt>
      <trkpt lat="22.5386792" lon="113.9363947"><ele>11.6</ele><time>2023-08-24T22:58:28Z</time></trkpt>
      <trkpt lat="22.5386955" lon="113.9363995"><ele>11.5</ele><time>2023-08-24T22:58:29Z</time></trkpt>
      <trkpt lat="22.5387120" lon="113.9364035"><ele>11.4</ele><time>2023-08-24T22:58:30Z</time></trkpt>
      <trkpt lat="22.5387289" lon="113.9364063"><ele>11.4</ele><time>2023-08-24T22:58:31Z</time></trkpt>
      <trkpt lat="22.5387461" lon="113.9364085"><ele>11.3</ele><time>2023-08-24T22:58:32Z</time></trkpt>
      <trkpt lat="22.5387634" lon="113.9364113"><ele>11.3</ele><time>2023-08-24T22:58:33Z</time></trkpt>
      <trkpt lat="22.5387810" lon="113.9364122"><ele>11.2</ele><time>2023-08-24T22:58:34Z</time></trkpt>
      <trkpt lat="22.5387988" lon="113.9364114"><ele>11.2</ele><time>2023-08-24T22:58:35Z</time></trkpt>
      <trkpt lat="22.5388166" lon="113.9364099"><ele>11.2</ele><time>2023-08-24T22:58:36Z</time></trkpt>
      <trkpt lat="22.5388346" lon="113.9364073"><ele>11.1</ele><time>2023-08-24T22:58:37Z</time></trkpt>
      <trkpt lat="22.5388527" lon="113.9364056"><ele>11.1</ele><time>2023-08-24T22:58:38Z</time></trkpt>
      <trkpt lat="22.5388707" lon="113.9364050"><ele>11.1</ele><time>2023-08-24T22:58:39Z</time></trkpt>
      <trkpt lat="22.5388889" lon="113.9364034"><ele>11.1</ele><time>2023-08-24T22:58:40Z</time></trkpt>
      <trkpt lat="22.5389072" lon="113.9364020"><ele>11.1</ele><time>2023-08-24T22:58:41Z</time></trkpt>
      <trkpt lat="22.5389257" lon="113.9364014"><ele>11.1</ele><time>2023-08-24T22:58:42Z</time></trkpt>
      <trkpt lat="22.5389445" lon="113.9364009"><ele>11.1</ele><time>2023-08-24T22:58:43Z</time></trkpt>
      <trkpt lat="22.5389641" lon="113.9363999"><ele>11.1</ele><time>2023-08-24T22:58:44Z</time></trkpt>
      <trkpt lat="22.5389852" lon="113.9363981"><ele>11.1</ele><time>2023-08-24T22:58:45Z</time></trkpt>
      <trkpt lat="22.5390070" lon="113.9363966"><ele>11.1</ele><time>2023-08-24T22:58:46Z</time></trkpt>
      <trkpt lat="22.5390273" lon="113.9363957"><ele>11.1</ele><time>2023-08-24T22:58:47Z</time></trkpt>
      <trkpt lat="22.5390464" lon="113.9363946"><ele>11.1</ele><time>2023-08-24T22:58:48Z</time></trkpt>
      <trkpt lat="22.5390655" lon="113.9363933"><ele>11.1</ele><time>2023-08-24T22:58:49Z</time></trkpt>
      <trkpt lat="22.5390843" lon="113.9363931"><ele>11.1</ele><time>2023-08-24T22:58:50Z</time></trkpt>
      <trkpt lat="22.5391028" lon="113.9363945"><ele>11.1</ele><time>2023-08-24T22:58:51Z</time></trkpt>
      <trkpt lat="22.5391213" lon="113.9363957"><ele>11.1</ele><time>2023-08-24T22:58:52Z</time></trkpt>
      <trkpt lat="22.5391399" lon="113.9363949"><ele>11.1</ele><time>2023-08-24T22:58:53Z</time></trkpt>
      <trkpt lat="22.5391587" lon="113.9363931"><ele>11.1</ele><time>2023-08-24T22:58:54Z</time></trkpt>
      <trkpt lat="22.5391774" lon="113.9363926"><ele>11.1</ele><time>2023-08-24T22:58:55Z</time></trkpt>
      <trkpt lat="22.5391959" lon="113.9363926"><ele>11.1</ele><time>2023-08-24T22:58:56Z</time></trkpt>
      <trkpt lat="22.5392142" lon="113.9363921"><ele>11.1</ele><time>2023-08-24T22:58:57Z</time></trkpt>
      <trkpt lat="22.5392326" lon="113.9363910"><ele>11.1</ele><time>2023-08-24T22:58:58Z</time></trkpt>
      <trkpt lat="22.5392512" lon="113.9363895"><ele>11.1</ele><time>2023-08-24T22:58:59Z</time></trkpt>
      <trkpt lat="22.5392700" lon="113.9363886"><ele>11.1</ele><time>2023-08-24T22:59:00Z</time></trkpt>
      <trkpt lat="22.5392886" lon="113.9363889"><ele>11.1</ele><time>2023-08-24T22:59:01Z</time></trkpt>
      <trkpt lat="22.5393074" lon="113.9363887"><ele>11.1</ele><time>2023-08-24T22:59:02Z</time></trkpt>
      <trkpt lat="22.5393261" lon="113.9363873"><ele>11.1</ele><time>2023-08-24T22:59:03Z</time></trkpt>
      <trkpt lat="22.5393448" lon="113.9363856"><ele>11.1</ele><time>2023-08-24T22:59:04Z</time></trkpt>
      <trkpt lat="22.5393635" lon="113.9363843"><ele>11.1</ele><time>2023-08-24T22:59:05Z</time></trkpt>
      <trkpt lat="22.5393819" lon="113.9363842"><ele>11.1</ele><time>2023-08-24T22:59:06Z</time></trkpt>
      <trkpt lat="22.5394001" lon="113.9363832"><ele>11.1</ele><time>2023-08-24T22:59:07Z</time></trkpt>
      <trkpt lat="22.5394189" lon="113.9363813"><ele>11.1</ele><time>2023-08-24T22:59:08Z</time></trkpt>
      <trkpt lat="22.5394383" lon="113.9363793"><ele>11.1</ele><time>2023-08-24T22:59:09Z</time></trkpt>
      <trkpt lat="22.5394578" lon="113.9363772"><ele>11.1</ele><time>2023-08-24T22:59:10Z</time></trkpt>
      <trkpt lat="22.5394773" lon="113.9363765"><ele>11.1</ele><time>2023-08-24T22:59:11Z</time></trkpt>
      <trkpt lat="22.5394964" lon="113.9363756"><ele>11.1</ele><time>2023-08-24T22:59:12Z</time></trkpt>
      <trkpt lat="22.5395148" lon="113.9363739"><ele>11.1</ele><time>2023-08-24T22:59:13Z</time></trkpt>
      <trkpt lat="22.5395330" lon="113.9363736"><ele>11.1</ele><time>2023-08-24T22:59:14Z</time></trkpt>
      <trkpt lat="22.5395515" lon="113.9363751"><ele>11.2</ele><time>2023-08-24T22:59:15Z</time></trkpt>
      <trkpt lat="22.5395700" lon="113.9363777"><ele>11.2</ele><time>2023-08-24T22:59:16Z</time></trkpt>
      <trkpt lat="22.5395878" lon="113.9363795"><ele>11.2</ele><time>2023-08-24T22:59:17Z</time></trkpt>
      <trkpt lat="22.5396053" lon="113.9363782"><ele>11.3</ele><time>2023-08-24T22:59:18Z</time></trkpt>
      <trkpt lat="22.5396223" lon="113.9363739"><ele>11.3</ele><time>2023-08-24T22:59:19Z</time></trkpt>
      <trkpt lat="22.5396391" lon="113.9363685"><ele>11.4</ele><time>2023-08-24T22:59:20Z</time></trkpt>
      <trkpt lat="22.5396561" lon="113.9363629"><ele>11.4</ele><time>2023-08-24T22:59:21Z</time></trkpt>
      <trkpt lat="22.5396727" lon="113.9363569"><ele>11.5</ele><time>2023-08-24T22:59:22Z</time></trkpt>
      <trkpt lat="22.5396889" lon="113.9363508"><ele>11.5</ele><time>2023-08-24T22:59:23Z</time></trkpt>
      <trkpt lat="22.5397051" lon="113.9363445"><ele>11.6</ele><time>2023-08-24T22:59:24Z</time></trkpt>
      <trkpt lat="22.5397212" lon="113.9363374"><ele>11.7</ele><time>2023-08-24T22:59:25Z</time></trkpt>
      <trkpt lat="22.5397365" lon="113.9363293"><ele>11.8</ele><time>2023-08-24T22:59:26Z</time></trkpt>
      <trkpt lat="22.5397507" lon="113.9363193"><ele>11.8</ele><time>2023-08-24T22:59:27Z</time></trkpt>
      <trkpt lat="22.5397643" lon="113.9363077"><ele>11.9</ele><time>2023-08-24T22:59:28Z</time></trkpt>
      <trkpt lat="22.5397777" lon="113.9362956"><ele>12.0</ele><time>2023-08-24T22:59:29Z</time></trkpt>
      <trkpt lat="22.5397912" lon="113.9362832"><ele>12.1</ele><time>2023-08-24T22:59:30Z</time></trkpt>
      <trkpt lat="22.5398049" lon="113.9362710"><ele>12.2</ele><time>2023-08-24T22:59:31Z</time></trkpt>
      <trkpt lat="22.5398177" lon="113.9362586"><ele>12.2</ele><time>2023-08-24T22:59:32Z</time></trkpt>
      <trkpt lat="22.5398292" lon="113.9362450"><ele>12.3</ele><time>2023-08-24T22:59:33Z</time></trkpt>
      <trkpt lat="22.5398408" lon="113.9362313"><ele>12.4</ele><time>2023-08-24T22:59:34Z</time></trkpt>
      <trkpt lat="22.5398523" lon="113.9362174"><ele>12.5</ele><time>2023-08-24T22:59:35Z</time></trkpt>
      <trkpt lat="22.5398630" lon="113.9362027"><ele>12.6</ele><time>2023-08-24T22:59:36Z</time></trkpt>
      <trkpt lat="22.5398728" lon="113.9361878"><ele>12.7</ele><time>2023-08-24T22:59:37Z</time></trkpt>
      <trkpt lat="22.5398812" lon="113.9361727"><ele>12.8</ele><time>2023-08-24T22:59:38Z</time></trkpt>
      <trkpt lat="22.5398891" lon="113.9361571"><ele>12.8</ele><time>2023-08-24T22:59:39Z</time></trkpt>
      <trkpt lat="22.5398975" lon="113.9361412"><ele>12.9</ele><time>2023-08-24T22:59:40Z</time></trkpt>
      <trkpt lat="22.5399051" lon="113.9361244"><ele>13.0</ele><time>2023-08-24T22:59:41Z</time></trkpt>
      <trkpt lat="22.5399111" lon="113.9361068"><ele>13.1</ele><time>2023-08-24T22:59:42Z</time></trkpt>
      <trkpt lat="22.5399164" lon="113.9360894"><ele>13.2</ele><time>2023-08-24T22:59:43Z</time></trkpt>
      <trkpt lat="22.5399208" lon="113.9360717"><ele>13.2</ele><time>2023-08-24T22:59:44Z</time></trkpt>
      <trkpt lat="22.5399247" lon="113.9360535"><ele>13.3</ele><time>2023-08-24T22:59:45Z</time></trkpt>
      <trkpt lat="22.5399286" lon="113.9360357"><ele>13.4</ele><time>2023-08-24T22:59:46Z</time></trkpt>
      <trkpt lat="22.5399322" lon="113.9360180"><ele>13.4</ele><time>2023-08-24T22:59:47Z</time></trkpt>
      <trkpt lat="22.5399355" lon="113.9360001"><ele>13.5</ele><time>2023-08-24T22:59:48Z</time></trkpt>
      <trkpt lat="22.5399390" lon="113.9359823"><ele>13.6</ele><time>2023-08-24T22:59:49Z</time></trkpt>
      <trkpt lat="22.5399413" lon="113.9359641"><ele>13.6</ele><time>2023-08-24T22:59:50Z</time></trkpt>
      <trkpt lat="22.5399421" lon="113.9359454"><ele>13.7</ele><time>2023-08-24T22:59:51Z</time></trkpt>
      <trkpt lat="22.5399419" lon="113.9359268"><ele>13.7</ele><time>2023-08-24T22:59:52Z</time></trkpt>
      <trkpt lat="22.5399418" lon="113.9359085"><ele>13.7</ele><time>2023-08-24T22:59:53Z</time></trkpt>
      <trkpt lat="22.5399428" lon="113.9358901"><ele>13.8</ele><time>2023-08-24T22:59:54Z</time></trkpt>
      <trkpt lat="22.5399433" lon="113.9358716"><ele>13.8</ele><time>2023-08-24T22:59:55Z</time></trkpt>
      <trkpt lat="22.5399421" lon="113.9358528"><ele>13.8</ele><time>2023-08-24T22:59:56Z</time></trkpt>
      <trkpt lat="22.5399399" lon="113.9358340"><ele>13.8</ele><time>2023-08-24T22:59:57Z</time></trkpt>
      <trkpt lat="22.5399363" lon="113.9358156"><ele>13.9</ele><time>2023-08-24T22:59:58Z</time></trkpt>
      <trkpt lat="22.5399318" lon="113.9357979"><ele>13.9</ele><time>2023-08-24T22:59:59Z</time></trkpt>
      <trkpt lat="22.5399274" lon="113.9357806"><ele>13.9</ele><time>2023-08-24T23:00:00Z</time></trkpt>
      <trkpt lat="22.5399224" lon="113.9357634"><ele>13.9</ele><time>2023-08-24T23:00:01Z</time></trkpt>
      <trkpt lat="22.5399158" lon="113.9357460"><ele>13.9</ele><time>2023-08-24T23:00:02Z</time></trkpt>
      <trkpt lat="22.5399089" lon="113.9357287"><ele>13.9</ele><time>2023-08-24T23:00:03Z</time></trkpt>
      <trkpt lat="22.5399014" lon="113.9357117"><ele>13.9</ele><time>2023-08-24T23:00:04Z</time></trkpt>
      <trkpt lat="22.5398926" lon="113.9356953"><ele>13.9</ele><time>2023-08-24T23:00:05Z</time></trkpt>
      <trkpt lat="22.5398830" lon="113.9356799"><ele>13.9</ele><time>2023-08-24T23:00:06Z</time></trkpt>
      <trkpt lat="22.5398727" lon="113.9356652"><ele>13.9</ele><time>2023-08-24T23:00:07Z</time></trkpt>
      <trkpt lat="22.5398623" lon="113.9356503"><ele>13.9</ele><time>2023-08-24T23:00:08Z</time></trkpt>
      <trkpt lat="22.5398522" lon="113.9356352"><ele>13.9</ele><time>2023-08-24T23:00:09Z</time></trkpt>
      <trkpt lat="22.5398416" lon="113.9356208"><ele>13.9</ele><time>2023-08-24T23:00:10Z</time></trkpt>
      <trkpt lat="22.5398303" lon="113.9356072"><ele>13.9</ele><time>2023-08-24T23:00:11Z</time></trkpt>
      <trkpt lat="22.5398184" lon="113.9355943"><ele>13.9</ele><time>2023-08-24T23:00:12Z</time></trkpt>
      <trkpt lat="22.5398054" lon="113.9355823"><ele>13.9</ele><time>2023-08-24T23:00:13Z</time></trkpt>
      <trkpt lat="22.5397917" lon="113.9355708"><ele>13.9</ele><time>2023-08-24T23:00:14Z</time></trkpt>
      <trkpt lat="22.5397784" lon="113.9355592"><ele>13.9</ele><time>2023-08-24T23:00:15Z</time></trkpt>
      <trkpt lat="22.5397649" lon="113.9355479"><ele>13.9</ele><time>2023-08-24T23:00:16Z</time></trkpt>
      <trkpt lat="22.5397511" lon="113.9355370"><ele>13.9</ele><time>2023-08-24T23:00:17Z</time></trkpt>
      <trkpt lat="22.5397370" lon="113.9355267"><ele>13.8</ele><time>2023-08-24T23:00:18Z</time></trkpt>
      <trkpt lat="22.5397222" lon="113.9355174"><ele>13.8</ele><time>2023-08-24T23:00:19Z</time></trkpt>
      <trkpt lat="22.5397069" lon="113.9355091"><ele>13.8</ele><time>2023-08-24T23:00:20Z</time></trkpt>
      <trkpt lat="22.5396915" lon="113.9355016"><ele>13.8</ele><time>2023-08-24T23:00:21Z</time></trkpt>
      <trkpt lat="22.5396756" lon="113.9354946"><ele>13.8</ele><time>2023-08-24T23:00:22Z</time></trkpt>
      <trkpt lat="22.5396595" lon="113.9354877"><ele>13.8</ele><time>2023-08-24T23:00:23Z</time></trkpt>
      <trkpt lat="22.5396436" lon="113.9354806"><ele>13.8</ele><time>2023-08-24T23:00:24Z</time></trkpt>
      <trkpt lat="22.5396270" lon="113.9354750"><ele>13.8</ele><time>2023-08-24T23:00:25Z</time></trkpt>
      <trkpt lat="22.5396094" lon="113.9354712"><ele>13.8</ele><time>2023-08-24T23:00:26Z</time></trkpt>
      <trkpt lat="22.5395916" lon="113.9354680"><ele>13.8</ele><time>2023-08-24T23:00:27Z</time></trkpt>
      <trkpt lat="22.5395738" lon="113.9354653"><ele>13.8</ele><time>2023-08-24T23:00:28Z</time></trkpt>
      <trkpt lat="22.5395560" lon="113.9354630"><ele>13.8</ele><time>2023-08-24T23:00:29Z</time></trkpt>
      <trkpt lat="22.5395383" lon="113.9354611"><ele>13.8</ele><time>2023-08-24T23:00:30Z</time></trkpt>
      <trkpt lat="22.5395207" lon="113.9354598"><ele>13.8</ele><time>2023-08-24T23:00:31Z</time></trkpt>
      <trkpt lat="22.5395033" lon="113.9354591"><ele>13.7</ele><time>2023-08-24T23:00:32Z</time></trkpt>
      <trkpt lat="22.5394860" lon="113.9354591"><ele>13.7</ele><time>2023-08-24T23:00:33Z</time></trkpt>
      <trkpt lat="22.5394686" lon="113.9354593"><ele>13.7</ele><time>2023-08-24T23:00:34Z</time></trkpt>
      <trkpt lat="22.5394512" lon="113.9354595"><ele>13.7</ele><time>2023-08-24T23:00:35Z</time></trkpt>
      <trkpt lat="22.5394335" lon="113.9354594"><ele>13.7</ele><time>2023-08-24T23:00:36Z</time></trkpt>
      <trkpt lat="22.5394159" lon="113.9354590"><ele>13.6</ele><time>2023-08-24T23:00:37Z</time></trkpt>
      <trkpt lat="22.5393984" lon="113.9354582"><ele>13.6</ele><time>2023-08-24T23:00:38Z</time></trkpt>
      <trkpt lat="22.5393811" lon="113.9354579"><ele>13.6</ele><time>2023-08-24T23:00:39Z</time></trkpt>
      <trkpt lat="22.5393640" lon="113.9354586"><ele>13.6</ele><time>2023-08-24T23:00:40Z</time></trkpt>
      <trkpt lat="22.5393468" lon="113.9354590"><ele>13.6</ele><time>2023-08-24T23:00:41Z</time></trkpt>
      <trkpt lat="22.5393294" lon="113.9354597"><ele>13.5</ele><time>2023-08-24T23:00:42Z</time></trkpt>
      <trkpt lat="22.5393121" lon="113.9354608"><ele>13.5</ele><time>2023-08-24T23:00:43Z</time></trkpt>
      <trkpt lat="22.5392949" lon="113.9354619"><ele>13.5</ele><time>2023-08-24T23:00:44Z</time></trkpt>
      <trkpt lat="22.5392779" lon="113.9354631"><ele>13.5</ele><time>2023-08-24T23:00:45Z</time></trkpt>
      <trkpt lat="22.5392610" lon="113.9354642"><ele>13.5</ele><time>2023-08-24T23:00:46Z</time></trkpt>
      <trkpt lat="22.5392441" lon="113.9354653"><ele>13.4</ele><time>2023-08-24T23:00:47Z</time></trkpt>
      <trkpt lat="22.5392271" lon="113.9354672"><ele>13.4</ele><time>2023-08-24T23:00:48Z</time></trkpt>
      <trkpt lat="22.5392101" lon="113.9354688"><ele>13.4</ele><time>2023-08-24T23:00:49Z</time></trkpt>
      <trkpt lat="22.5391930" lon="113.9354693"><ele>13.4</ele><time>2023-08-24T23:00:50Z</time></trkpt>
      <trkpt lat="22.5391759" lon="113.9354697"><ele>13.4</ele><time>2023-08-24T23:00:51Z</time></trkpt>
      <trkpt lat="22.5391587" lon="113.9354708"><ele>13.4</ele><time>2023-08-24T23:00:52Z</time></trkpt>
      <trkpt lat="22.5391418" lon="113.9354725"><ele>13.4</ele><time>2023-08-24T23:00:53Z</time></trkpt>
      <trkpt lat="22.5391251" lon="113.9354743"><ele>13.4</ele><time>2023-08-24T23:00:54Z</time></trkpt>
      <trkpt lat="22.5391078" lon="113.9354749"><ele>13.4</ele><time>2023-08-24T23:00:55Z</time></trkpt>
      <trkpt lat="22.5390902" lon="113.9354738"><ele>13.4</ele><time>2023-08-24T23:00:56Z</time></trkpt>
      <trkpt lat="22.5390730" lon="113.9354729"><ele>13.4</ele><time>2023-08-24T23:00:57Z</time></trkpt>
      <trkpt lat="22.5390556" lon="113.9354731"><ele>13.4</ele><time>2023-08-24T23:00:58Z</time></trkpt>
      <trkpt lat="22.5390381" lon="113.9354744"><ele>13.4</ele><time>2023-08-24T23:00:59Z</time></trkpt>
      <trkpt lat="22.5390206" lon="113.9354764"><ele>13.4</ele><time>2023-08-24T23:01:00Z</time></trkpt>
      <trkpt lat="22.5390032" lon="113.9354785"><ele>13.4</ele><time>2023-08-24T23:01:01Z</time></trkpt>
      <trkpt lat="22.5389859" lon="113.9354803"><ele>13.5</ele><time>2023-08-24T23:01:02Z</time></trkpt>
      <trkpt lat="22.5389686" lon="113.9354819"><ele>13.5</ele><time>2023-08-24T23:01:03Z</time></trkpt>
      <trkpt lat="22.5389511" lon="113.9354830"><ele>13.5</ele><time>2023-08-24T23:01:04Z</time></trkpt>
      <trkpt lat="22.5389336" lon="113.9354836"><ele>13.5</ele><time>2023-08-24T23:01:05Z</time></trkpt>
      <trkpt lat="22.5389160" lon="113.9354841"><ele>13.5</ele><time>2023-08-24T23:01:06Z</time></trkpt>
      <trkpt lat="22.5388983" lon="113.9354839"><ele>13.5</ele><time>2023-08-24T23:01:07Z</time></trkpt>
      <trkpt lat="22.5388806" lon="113.9354837"><ele>13.5</ele><time>2023-08-24T23:01:08Z</time></trkpt>
      <trkpt lat="22.5388627" lon="113.9354839"><ele>13.5</ele><time>2023-08-24T23:01:09Z</time></trkpt>
      <trkpt lat="22.5388448" lon="113.9354832"><ele>13.6</ele><time>2023-08-24T23:01:10Z</time></trkpt>
      <trkpt lat="22.5388269" lon="113.9354823"><ele>13.6</ele><time>2023-08-24T23:01:11Z</time></trkpt>
      <trkpt lat="22.5388087" lon="113.9354826"><ele>13.6</ele><time>2023-08-24T23:01:12Z</time></trkpt>
      <trkpt lat="22.5387903" lon="113.9354829"><ele>13.6</ele><time>2023-08-24T23:01:13Z</time></trkpt>
      <trkpt lat="22.5387720" lon="113.9354827"><ele>13.6</ele><time>2023-08-24T23:01:14Z</time></trkpt>
      <trkpt lat="22.5387540" lon="113.9354821"><ele>13.7</ele><time>2023-08-24T23:01:15Z</time></trkpt>
      <trkpt lat="22.5387360" lon="113.9354831"><ele>13.7</ele><time>2023-08-24T23:01:16Z</time></trkpt>
      <trkpt lat="22.5387182" lon="113.9354851"><ele>13.7</ele><time>2023-08-24T23:01:17Z</time></trkpt>
      <trkpt lat="22.5387006" lon="113.9354867"><ele>13.7</ele><time>2023-08-24T23:01:18Z</time></trkpt>
      <trkpt lat="22.5386830" lon="113.9354895"><ele>13.8</ele><time>2023-08-24T23:01:19Z</time></trkpt>
      <trkpt lat="22.5386653" lon="113.9354941"><ele>13.8</ele><time>2023-08-24T23:01:20Z</time></trkpt>
      <trkpt lat="22.5386481" lon="113.9354998"><ele>13.8</ele><time>2023-08-24T23:01:21Z</time></trkpt>
      <trkpt lat="22.5386314" lon="113.9355063"><ele>13.9</ele><time>2023-08-24T23:01:22Z</time></trkpt>
      <trkpt lat="22.5386150" lon="113.9355130"><ele>13.9</ele><time>2023-08-24T23:01:23Z</time></trkpt>
      <trkpt lat="22.5385991" lon="113.9355200"><ele>13.9</ele><time>2023-08-24T23:01:24Z</time></trkpt>
      <trkpt lat="22.5385833" lon="113.9355278"><ele>13.9</ele><time>2023-08-24T23:01:25Z</time></trkpt>
      <trkpt lat="22.5385674" lon="113.9355360"><ele>14.0</ele><time>2023-08-24T23:01:26Z</time></trkpt>
      <trkpt lat="22.5385520" lon="113.9355446"><ele>14.0</ele><time>2023-08-24T23:01:27Z</time></trkpt>
      <trkpt lat="22.5385369" lon="113.9355538"><ele>14.0</ele><time>2023-08-24T23:01:28Z</time></trkpt>
      <trkpt lat="22.5385219" lon="113.9355635"><ele>14.0</ele><time>2023-08-24T23:01:29Z</time></trkpt>
      <trkpt lat="22.5385071" lon="113.9355736"><ele>14.1</ele><time>2023-08-24T23:01:30Z</time></trkpt>
      <trkpt lat="22.5384929" lon="113.9355852"><ele>14.1</ele><time>2023-08-24T23:01:31Z</time></trkpt>
      <trkpt lat="22.5384800" lon="113.9355984"><ele>14.1</ele><time>2023-08-24T23:01:32Z</time></trkpt>
      <trkpt lat="22.5384680" lon="113.9356118"><ele>14.1</ele><time>2023-08-24T23:01:33Z</time></trkpt>
      <trkpt lat="22.5384566" lon="113.9356259"><ele>14.1</ele><time>2023-08-24T23:01:34Z</time></trkpt>
      <trkpt lat="22.5384463" lon="113.9356409"><ele>14.1</ele><time>2023-08-24T23:01:35Z</time></trkpt>
      <trkpt lat="22.5384367" lon="113.9356563"><ele>14.2</ele><time>2023-08-24T23:01:36Z</time></trkpt>
      <trkpt lat="22.5384277" lon="113.9356723"><ele>14.2</ele><time>2023-08-24T23:01:37Z</time></trkpt>
      <trkpt lat="22.5384192" lon="113.9356886"><ele>14.2</ele><time>2023-08-24T23:01:38Z</time></trkpt>
      <trkpt lat="22.5384108" lon="113.9357050"><ele>14.2</ele><time>2023-08-24T23:01:39Z</time></trkpt>
      <trkpt lat="22.5384030" lon="113.9357218"><ele>14.2</ele><time>2023-08-24T23:01:40Z</time></trkpt>
      <trkpt lat="22.5383957" lon="113.9357388"><ele>14.2</ele><time>2023-08-24T23:01:41Z</time></trkpt>
      <trkpt lat="22.5383887" lon="113.9357554"><ele>14.2</ele><time>2023-08-24T23:01:42Z</time></trkpt>
      <trkpt lat="22.5383826" lon="113.9357723"><ele>14.2</ele><time>2023-08-24T23:01:43Z</time></trkpt>
      <trkpt lat="22.5383777" lon="113.9357898"><ele>14.1</ele><time>2023-08-24T23:01:44Z</time></trkpt>
      <trkpt lat="22.5383732" lon="113.9358073"><ele>14.1</ele><time>2023-08-24T23:01:45Z</time></trkpt>
      <trkpt lat="22.5383692" lon="113.9358252"><ele>14.1</ele><time>2023-08-24T23:01:46Z</time></trkpt>
      <trkpt lat="22.5383655" lon="113.9358436"><ele>14.1</ele><time>2023-08-24T23:01:47Z</time></trkpt>
      <trkpt lat="22.5383622" lon="113.9358618"><ele>14.1</ele><time>2023-08-24T23:01:48Z</time></trkpt>
      <trkpt lat="22.5383595" lon="113.9358798"><ele>14.1</ele><time>2023-08-24T23:01:49Z</time></trkpt>
      <trkpt lat="22.5383571" lon="113.9358978"><ele>14.1</ele><time>2023-08-24T23:01:50Z</time></trkpt>
      <trkpt lat="22.5383546" lon="113.9359159"><ele>14.0</ele><time>2023-08-24T23:01:51Z</time></trkpt>
      <trkpt lat="22.5383528" lon="113.9359343"><ele>14.0</ele><time>2023-08-24T23:01:52Z</time></trkpt>
      <trkpt lat="22.5383530" lon="113.9359528"><ele>14.0</ele><time>2023-08-24T23:01:53Z</time></trkpt>
      <trkpt lat="22.5383562" lon="113.9359710"><ele>14.0</ele><time>2023-08-24T23:01:54Z</time></trkpt>
      <trkpt lat="22.5383609" lon="113.9359892"><ele>13.9</ele><time>2023-08-24T23:01:55Z</time></trkpt>
      <trkpt lat="22.5383652" lon="113.9360075"><ele>13.9</ele><time>2023-08-24T23:01:56Z</time></trkpt>
      <trkpt lat="22.5383684" lon="113.9360257"><ele>13.9</ele><time>2023-08-24T23:01:57Z</time></trkpt>
      <trkpt lat="22.5383718" lon="113.9360440"><ele>13.9</ele><time>2023-08-24T23:01:58Z</time></trkpt>
      <trkpt lat="22.5383764" lon="113.9360623"><ele>13.8</ele><time>2023-08-24T23:01:59Z</time></trkpt>
      <trkpt lat="22.5383823" lon="113.9360800"><ele>13.8</ele><time>2023-08-24T23:02:00Z</time></trkpt>
      <trkpt lat="22.5383894" lon="113.9360971"><ele>13.8</ele><time>2023-08-24T23:02:01Z</time></trkpt>
      <trkpt lat="22.5383970" lon="113.9361141"><ele>13.8</ele><time>2023-08-24T23:02:02Z</time></trkpt>
      <trkpt lat="22.5384048" lon="113.9361312"><ele>13.8</ele><time>2023-08-24T23:02:03Z</time></trkpt>
      <trkpt lat="22.5384131" lon="113.9361481"><ele>13.7</ele><time>2023-08-24T23:02:04Z</time></trkpt>
      <trkpt lat="22.5384215" lon="113.9361650"><ele>13.7</ele><time>2023-08-24T23:02:05Z</time></trkpt>
      <trkpt lat="22.5384301" lon="113.9361817"><ele>13.7</ele><time>2023-08-24T23:02:06Z</time></trkpt>
      <trkpt lat="22.5384401" lon="113.9361973"><ele>13.7</ele><time>2023-08-24T23:02:07Z</time></trkpt>
      <trkpt lat="22.5384513" lon="113.9362122"><ele>13.7</ele><time>2023-08-24T23:02:08Z</time></trkpt>
      <trkpt lat="22.5384634" lon="113.9362262"><ele>13.7</ele><time>2023-08-24T23:02:09Z</time></trkpt>
      <trkpt lat="22.5384760" lon="113.9362396"><ele>13.6</ele><time>2023-08-24T23:02:10Z</time></trkpt>
      <trkpt lat="22.5384880" lon="113.9362535"><ele>13.6</ele><time>2023-08-24T23:02:11Z</time></trkpt>
      <trkpt lat="22.5384995" lon="113.9362678"><ele>13.6</ele><time>2023-08-24T23:02:12Z</time></trkpt>
      <trkpt lat="22.5385116" lon="113.9362819"><ele>13.6</ele><time>2023-08-24T23:02:13Z</time></trkpt>
      <trkpt lat="22.5385248" lon="113.9362949"><ele>13.6</ele><time>2023-08-24T23:02:14Z</time></trkpt>
      <trkpt lat="22.5385395" lon="113.9363061"><ele>13.6</ele><time>2023-08-24T23:02:15Z</time></trkpt>
      <trkpt lat="22.5385547" lon="113.9363166"><ele>13.6</ele><time>2023-08-24T23:02:16Z</time></trkpt>
      <trkpt lat="22.5385700" lon="113.9363272"><ele>13.6</ele><time>2023-08-24T23:02:17Z</time></trkpt>
      <trkpt lat="22.5385861" lon="113.9363371"><ele>13.6</ele><time>2023-08-24T23:02:18Z</time></trkpt>
      <trkpt lat="22.5386028" lon="113.9363455"><ele>13.6</ele><time>2023-08-24T23:02:19Z</time></trkpt>
      <trkpt lat="22.5386199" lon="113.9363521"><ele>13.6</ele><time>2023-08-24T23:02:20Z</time></trkpt>
      <trkpt lat="22.5386376" lon="113.9363570"><ele>13.6</ele><time>2023-08-24T23:02:21Z</time></trkpt>
      <trkpt lat="22.5386549" lon="113.9363618"><ele>13.6</ele><time>2023-08-24T23:02:22Z</time></trkpt>
      <trkpt lat="22.5386718" lon="113.9363668"><ele>13.6</ele><time>2023-08-24T23:02:23Z</time></trkpt>
      <trkpt lat="22.5386890" lon="113.9363723"><ele>13.6</ele><time>2023-08-24T23:02:24Z</time></trkpt>
      <trkpt lat="22.5387064" lon="113.9363778"><ele>13.6</ele><time>2023-08-24T23:02:25Z</time></trkpt>
      <trkpt lat="22.5387236" lon="113.9363828"><ele>13.6</ele><time>2023-08-24T23:02:26Z</time></trkpt>
      <trkpt lat="22.5387407" lon="113.9363873"><ele>13.6</ele><time>2023-08-24T23:02:27Z</time></trkpt>
      <trkpt lat="22.5387580" lon="113.9363908"><ele>13.6</ele><time>2023-08-24T23:02:28Z</time></trkpt>
      <trkpt lat="22.5387755" lon="113.9363927"><ele>13.6</ele><time>2023-08-24T23:02:29Z</time></trkpt>
      <trkpt lat="22.5387936" lon="113.9363937"><ele>13.6</ele><time>2023-08-24T23:02:30Z</time></trkpt>
      <trkpt lat="22.5388118" lon="113.9363945"><ele>13.6</ele><time>2023-08-24T23:02:31Z</time></trkpt>
      <trkpt lat="22.5388300" lon="113.9363944"><ele>13.6</ele><time>2023-08-24T23:02:32Z</time></trkpt>
      <trkpt lat="22.5388480" lon="113.9363937"><ele>13.6</ele><time>2023-08-24T23:02:33Z</time></trkpt>
      <trkpt lat="22.5388657" lon="113.9363939"><ele>13.6</ele><time>2023-08-24T23:02:34Z</time></trkpt>
      <trkpt lat="22.5388832" lon="113.9363952"><ele>13.6</ele><time>2023-08-24T23:02:35Z</time></trkpt>
      <trkpt lat="22.5389007" lon="113.9363968"><ele>13.6</ele><time>2023-08-24T23:02:36Z</time></trkpt>
      <trkpt lat="22.5389183" lon="113.9363982"><ele>13.5</ele><time>2023-08-24T23:02:37Z</time></trkpt>
      <trkpt lat="22.5389361" lon="113.9363988"><ele>13.5</ele><time>2023-08-24T23:02:38Z</time></trkpt>
      <trkpt lat="22.5389535" lon="113.9363993"><ele>13.5</ele><time>2023-08-24T23:02:39Z</time></trkpt>
      <trkpt lat="22.5389707" lon="113.9364001"><ele>13.5</ele><time>2023-08-24T23:02:40Z</time></trkpt>
      <trkpt lat="22.5389880" lon="113.9364004"><ele>13.4</ele><time>2023-08-24T23:02:41Z</time></trkpt>
      <trkpt lat="22.5390058" lon="113.9364009"><ele>13.4</ele><time>2023-08-24T23:02:42Z</time></trkpt>
      <trkpt lat="22.5390234" lon="113.9364022"><ele>13.4</ele><time>2023-08-24T23:02:43Z</time></trkpt>
      <trkpt lat="22.5390407" lon="113.9364030"><ele>13.3</ele><time>2023-08-24T23:02:44Z</time></trkpt>
      <trkpt lat="22.5390578" lon="113.9364035"><ele>13.3</ele><time>2023-08-24T23:02:45Z</time></trkpt>
      <trkpt lat="22.5390749" lon="113.9364035"><ele>13.2</ele><time>2023-08-24T23:02:46Z</time></trkpt>
      <trkpt lat="22.5390925" lon="113.9364026"><ele>13.2</ele><time>2023-08-24T23:02:47Z</time></trkpt>
      <trkpt lat="22.5391101" lon="113.9364014"><ele>13.2</ele><time>2023-08-24T23:02:48Z</time></trkpt>
      <trkpt lat="22.5391272" lon="113.9364000"><ele>13.1</ele><time>2023-08-24T23:02:49Z</time></trkpt>
      <trkpt lat="22.5391444" lon="113.9363981"><ele>13.1</ele><time>2023-08-24T23:02:50Z</time></trkpt>
      <trkpt lat="22.5391617" lon="113.9363970"><ele>13.0</ele><time>2023-08-24T23:02:51Z</time></trkpt>
      <trkpt lat="22.5391786" lon="113.9363966"><ele>13.0</ele><time>2023-08-24T23:02:52Z</time></trkpt>
      <trkpt lat="22.5391953" lon="113.9363964"><ele>12.9</ele><time>2023-08-24T23:02:53Z</time></trkpt>
      <trkpt lat="22.5392119" lon="113.9363967"><ele>12.9</ele><time>2023-08-24T23:02:54Z</time></trkpt>
      <trkpt lat="22.5392287" lon="113.9363968"><ele>12.9</ele><time>2023-08-24T23:02:55Z</time></trkpt>
      <trkpt lat="22.5392460" lon="113.9363967"><ele>12.8</ele><time>2023-08-24T23:02:56Z</time></trkpt>
      <trkpt lat="22.5392635" lon="113.9363965"><ele>12.8</ele><time>2023-08-24T23:02:57Z</time></trkpt>
      <trkpt lat="22.5392806" lon="113.9363958"><ele>12.8</ele><time>2023-08-24T23:02:58Z</time></trkpt>
      <trkpt lat="22.5392976" lon="113.9363945"><ele>12.7</ele><time>2023-08-24T23:02:59Z</time></trkpt>
      <trkpt lat="22.5393145" lon="113.9363936"><ele>12.7</ele><time>2023-08-24T23:03:00Z</time></trkpt>
      <trkpt lat="22.5393313" lon="113.9363932"><ele>12.7</ele><time>2023-08-24T23:03:01Z</time></trkpt>
      <trkpt lat="22.5393484" lon="113.9363927"><ele>12.7</ele><time>2023-08-24T23:03:02Z</time></trkpt>
      <trkpt lat="22.5393651" lon="113.9363919"><ele>12.6</ele><time>2023-08-24T23:03:03Z</time></trkpt>
      <trkpt lat="22.5393810" lon="113.9363912"><ele>12.6</ele><time>2023-08-24T23:03:04Z</time></trkpt>
      <trkpt lat="22.5393968" lon="113.9363908"><ele>12.6</ele><time>2023-08-24T23:03:05Z</time></trkpt>
      <trkpt lat="22.5394128" lon="113.9363906"><ele>12.6</ele><time>2023-08-24T23:03:06Z</time></trkpt>
      <trkpt lat="22.5394282" lon="113.9363906"><ele>12.6</ele><time>2023-08-24T23:03:07Z</time></trkpt>
      <trkpt lat="22.5394432" lon="113.9363899"><ele>12.6</ele><time>2023-08-24T23:03:08Z</time></trkpt>
      <trkpt lat="22.5394584" lon="113.9363889"><ele>12.6</ele><time>2023-08-24T23:03:09Z</time></trkpt>
      <trkpt lat="22.5394740" lon="113.9363881"><ele>12.6</ele><time>2023-08-24T23:03:10Z</time></trkpt>
      <trkpt lat="22.5394900" lon="113.9363877"><ele>12.6</ele><time>2023-08-24T23:03:11Z</time></trkpt>
      <trkpt lat="22.5395062" lon="113.9363874"><ele>12.6</ele><time>2023-08-24T23:03:12Z</time></trkpt>
      <trkpt lat="22.5395220" lon="113.9363870"><ele>12.6</ele><time>2023-08-24T23:03:13Z</time></trkpt>
      <trkpt lat="22.5395376" lon="113.9363868"><ele>12.6</ele><time>2023-08-24T23:03:14Z</time></trkpt>
      <trkpt lat="22.5395535" lon="113.9363869"><ele>12.6</ele><time>2023-08-24T23:03:15Z</time></trkpt>
      <trkpt lat="22.5395695" lon="113.9363858"><ele>12.6</ele><time>2023-08-24T23:03:16Z</time></trkpt>
      <trkpt lat="22.5395854" lon="113.9363833"><ele>12.6</ele><time>2023-08-24T23:03:17Z</time></trkpt>
      <trkpt lat="22.5396011" lon="113.9363795"><ele>12.6</ele><time>2023-08-24T23:03:18Z</time></trkpt>
      <trkpt lat="22.5396169" lon="113.9363757"><ele>12.6</ele><time>2023-08-24T23:03:19Z</time></trkpt>
      <trkpt lat="22.5396325" lon="113.9363720"><ele>12.7</ele><time>2023-08-24T23:03:20Z</time></trkpt>
      <trkpt lat="22.5396481" lon="113.9363676"><ele>12.7</ele><time>2023-08-24T23:03:21Z</time></trkpt>
      <trkpt lat="22.5396638" lon="113.9363633"><ele>12.7</ele><time>2023-08-24T23:03:22Z</time></trkpt>
      <trkpt lat="22.5396797" lon="113.9363588"><ele>12.8</ele><time>2023-08-24T23:03:23Z</time></trkpt>
      <trkpt lat="22.5396952" lon="113.9363526"><ele>12.8</ele><time>2023-08-24T23:03:24Z</time></trkpt>
      <trkpt lat="22.5397102" lon="113.9363452"><ele>12.8</ele><time>2023-08-24T23:03:25Z</time></trkpt>
      <trkpt lat="22.5397248" lon="113.9363363"><ele>12.9</ele><time>2023-08-24T23:03:26Z</time></trkpt>
      <trkpt lat="22.5397389" lon="113.9363263"><ele>12.9</ele><time>2023-08-24T23:03:27Z</time></trkpt>
      <trkpt lat="22.5397528" lon="113.9363163"><ele>12.9</ele><time>2023-08-24T23:03:28Z</time></trkpt>
      <trkpt lat="22.5397663" lon="113.9363066"><ele>13.0</ele><time>2023-08-24T23:03:29Z</time></trkpt>
      <trkpt lat="22.5397796" lon="113.9362966"><ele>13.0</ele><time>2023-08-24T23:03:30Z</time></trkpt>
      <trkpt lat="22.5397928" lon="113.9362860"><ele>13.1</ele><time>2023-08-24T23:03:31Z</time></trkpt>
      <trkpt lat="22.5398056" lon="113.9362745"><ele>13.1</ele><time>2023-08-24T23:03:32Z</time></trkpt>
      <trkpt lat="22.5398173" lon="113.9362613"><ele>13.1</ele><time>2023-08-24T23:03:33Z</time></trkpt>
      <trkpt lat="22.5398279" lon="113.9362471"><ele>13.2</ele><time>2023-08-24T23:03:34Z</time></trkpt>
      <trkpt lat="22.5398387" lon="113.9362336"><ele>13.2</ele><time>2023-08-24T23:03:35Z</time></trkpt>
      <trkpt lat="22.5398497" lon="113.9362206"><ele>13.3</ele><time>2023-08-24T23:03:36Z</time></trkpt>
      <trkpt lat="22.5398604" lon="113.9362073"><ele>13.3</ele><time>2023-08-24T23:03:37Z</time></trkpt>
      <trkpt lat="22.5398706" lon="113.9361938"><ele>13.3</ele><time>2023-08-24T23:03:38Z</time></trkpt>
      <trkpt lat="22.5398794" lon="113.9361795"><ele>13.4</ele><time>2023-08-24T23:03:39Z</time></trkpt>
      <trkpt lat="22.5398872" lon="113.9361643"><ele>13.4</ele><time>2023-08-24T23:03:40Z</time></trkpt>
      <trkpt lat="22.5398948" lon="113.9361490"><ele>13.4</ele><time>2023-08-24T23:03:41Z</time></trkpt>
      <trkpt lat="22.5399020" lon="113.9361335"><ele>13.5</ele><time>2023-08-24T23:03:42Z</time></trkpt>
      <trkpt lat="22.5399088" lon="113.9361176"><ele>13.5</ele><time>2023-08-24T23:03:43Z</time></trkpt>
      <trkpt lat="22.5399152" lon="113.9361015"><ele>13.5</ele><time>2023-08-24T23:03:44Z</time></trkpt>
      <trkpt lat="22.5399210" lon="113.9360854"><ele>13.5</ele><time>2023-08-24T23:03:45Z</time></trkpt>
      <trkpt lat="22.5399262" lon="113.9360689"><ele>13.5</ele><time>2023-08-24T23:03:46Z</time></trkpt>
      <trkpt lat="22.5399312" lon="113.9360524"><ele>13.5</ele><time>2023-08-24T23:03:47Z</time></trkpt>
      <trkpt lat="22.5399354" lon="113.9360356"><ele>13.5</ele><time>2023-08-24T23:03:48Z</time></trkpt>
      <trkpt lat="22.5399385" lon="113.9360185"><ele>13.5</ele><time>2023-08-24T23:03:49Z</time></trkpt>
      <trkpt lat="22.5399407" lon="113.9360010"><ele>13.5</ele><time>2023-08-24T23:03:50Z</time></trkpt>
      <trkpt lat="22.5399422" lon="113.9359835"><ele>13.5</ele><time>2023-08-24T23:03:51Z</time></trkpt>
      <trkpt lat="22.5399426" lon="113.9359659"><ele>13.5</ele><time>2023-08-24T23:03:52Z</time></trkpt>
      <trkpt lat="22.5399420" lon="113.9359483"><ele>13.5</ele><time>2023-08-24T23:03:53Z</time></trkpt>
      <trkpt lat="22.5399412" lon="113.9359306"><ele>13.5</ele><time>2023-08-24T23:03:54Z</time></trkpt>
      <trkpt lat="22.5399401" lon="113.9359130"><ele>13.5</ele><time>2023-08-24T23:03:55Z</time></trkpt>
      <trkpt lat="22.5399383" lon="113.9358954"><ele>13.5</ele><time>2023-08-24T23:03:56Z</time></trkpt>
      <trkpt lat="22.5399363" lon="113.9358779"><ele>13.5</ele><time>2023-08-24T23:03:57Z</time></trkpt>
      <trkpt lat="22.5399338" lon="113.9358606"><ele>13.5</ele><time>2023-08-24T23:03:58Z</time></trkpt>
      <trkpt lat="22.5399307" lon="113.9358434"><ele>13.5</ele><time>2023-08-24T23:03:59Z</time></trkpt>
      <trkpt lat="22.5399276" lon="113.9358261"><ele>13.5</ele><time>2023-08-24T23:04:00Z</time></trkpt>
      <trkpt lat="22.5399258" lon="113.9358087"><ele>13.5</ele><time>2023-08-24T23:04:01Z</time></trkpt>
      <trkpt lat="22.5399233" lon="113.9357912"><ele>13.5</ele><time>2023-08-24T23:04:02Z</time></trkpt>
      <trkpt lat="22.5399177" lon="113.9357746"><ele>13.5</ele><time>2023-08-24T23:04:03Z</time></trkpt>
      <trkpt lat="22.5399102" lon="113.9357591"><ele>13.5</ele><time>2023-08-24T23:04:04Z</time></trkpt>
      <trkpt lat="22.5399026" lon="113.9357437"><ele>13.4</ele><time>2023-08-24T23:04:05Z</time></trkpt>
      <trkpt lat="22.5398955" lon="113.9357280"><ele>13.4</ele><time>2023-08-24T23:04:06Z</time></trkpt>
      <trkpt lat="22.5398878" lon="113.9357127"><ele>13.4</ele><time>2023-08-24T23:04:07Z</time></trkpt>
      <trkpt lat="22.5398795" lon="113.9356977"><ele>13.4</ele><time>2023-08-24T23:04:08Z</time></trkpt>
      <trkpt lat="22.5398716" lon="113.9356826"><ele>13.4</ele><time>2023-08-24T23:04:09Z</time></trkpt>
      <trkpt lat="22.5398636" lon="113.9356678"><ele>13.4</ele><time>2023-08-24T23:04:10Z</time></trkpt>
      <trkpt lat="22.5398543" lon="113.9356538"><ele>13.4</ele><time>2023-08-24T23:04:11Z</time></trkpt>
      <trkpt lat="22.5398441" lon="113.9356406"><ele>13.4</ele><time>2023-08-24T23:04:12Z</time></trkpt>
      <trkpt lat="22.5398338" lon="113.9356275"><ele>13.4</ele><time>2023-08-24T23:04:13Z</time></trkpt>
      <trkpt lat="22.5398233" lon="113.9356145"><ele>13.4</ele><time>2023-08-24T23:04:14Z</time></trkpt>
      <trkpt lat="22.5398123" lon="113.9356019"><ele>13.4</ele><time>2023-08-24T23:04:15Z</time></trkpt>
      <trkpt lat="22.5398013" lon="113.9355895"><ele>13.4</ele><time>2023-08-24T23:04:16Z</time></trkpt>
      <trkpt lat="22.5397892" lon="113.9355781"><ele>13.4</ele><time>2023-08-24T23:04:17Z</time></trkpt>
      <trkpt lat="22.5397758" lon="113.9355681"><ele>13.4</ele><time>2023-08-24T23:04:18Z</time></trkpt>
      <trkpt lat="22.5397623" lon="113.9355585"><ele>13.4</ele><time>2023-08-24T23:04:19Z</time></trkpt>
      <trkpt lat="22.5397488" lon="113.9355490"><ele>13.4</ele><time>2023-08-24T23:04:20Z</time></trkpt>
      <trkpt lat="22.5397348" lon="113.9355401"><ele>13.4</ele><time>2023-08-24T23:04:21Z</time></trkpt>
      <trkpt lat="22.5397205" lon="113.9355316"><ele>13.4</ele><time>2023-08-24T23:04:22Z</time></trkpt>
      <trkpt lat="22.5397060" lon="113.9355233"><ele>13.4</ele><time>2023-08-24T23:04:23Z</time></trkpt>
      <trkpt lat="22.5396912" lon="113.9355153"><ele>13.4</ele><time>2023-08-24T23:04:24Z</time></trkpt>
      <trkpt lat="22.5396763" lon="113.9355075"><ele>13.5</ele><time>2023-08-24T23:04:25Z</time></trkpt>
      <trkpt lat="22.5396611" lon="113.9355002"><ele>13.5</ele><time>2023-08-24T23:04:26Z</time></trkpt>
      <trkpt lat="22.5396454" lon="113.9354937"><ele>13.5</ele><time>2023-08-24T23:04:27Z</time></trkpt>
      <trkpt lat="22.5396299" lon="113.9354868"><ele>13.5</ele><time>2023-08-24T23:04:28Z</time></trkpt>
      <trkpt lat="22.5396141" lon="113.9354803"><ele>13.5</ele><time>2023-08-24T23:04:29Z</time></trkpt>
      <trkpt lat="22.5395968" lon="113.9354771"><ele>13.6</ele><time>2023-08-24T23:04:30Z</time></trkpt>
      <trkpt lat="22.5395787" lon="113.9354757"><ele>13.6</ele><time>2023-08-24T23:04:31Z</time></trkpt>
      <trkpt lat="22.5395605" lon="113.9354739"><ele>13.6</ele><time>2023-08-24T23:04:32Z</time></trkpt>
      <trkpt lat="22.5395425" lon="113.9354713"><ele>13.6</ele><time>2023-08-24T23:04:33Z</time></trkpt>
      <trkpt lat="22.5395248" lon="113.9354680"><ele>13.7</ele><time>2023-08-24T23:04:34Z</time></trkpt>
      <trkpt lat="22.5395068" lon="113.9354654"><ele>13.7</ele><time>2023-08-24T23:04:35Z</time></trkpt>
      <trkpt lat="22.5394883" lon="113.9354636"><ele>13.7</ele><time>2023-08-24T23:04:36Z</time></trkpt>
      <trkpt lat="22.5394693" lon="113.9354621"><ele>13.7</ele><time>2023-08-24T23:04:37Z</time></trkpt>
      <trkpt lat="22.5394499" lon="113.9354610"><ele>13.8</ele><time>2023-08-24T23:04:38Z</time></trkpt>
      <trkpt lat="22.5394303" lon="113.9354601"><ele>13.8</ele><time>2023-08-24T23:04:39Z</time></trkpt>
      <trkpt lat="22.5394105" lon="113.9354598"><ele>13.8</ele><time>2023-08-24T23:04:40Z</time></trkpt>
      <trkpt lat="22.5393905" lon="113.9354600"><ele>13.8</ele><time>2023-08-24T23:04:41Z</time></trkpt>
      <trkpt lat="22.5393703" lon="113.9354602"><ele>13.9</ele><time>2023-08-24T23:04:42Z</time></trkpt>
      <trkpt lat="22.5393492" lon="113.9354608"><ele>13.9</ele><time>2023-08-24T23:04:43Z</time></trkpt>
      <trkpt lat="22.5393273" lon="113.9354609"><ele>13.9</ele><time>2023-08-24T23:04:44Z</time></trkpt>
      <trkpt lat="22.5393047" lon="113.9354614"><ele>13.9</ele><time>2023-08-24T23:04:45Z</time></trkpt>
      <trkpt lat="22.5392822" lon="113.9354627"><ele>13.9</ele><time>2023-08-24T23:04:46Z</time></trkpt>
      <trkpt lat="22.5392602" lon="113.9354643"><ele>14.0</ele><time>2023-08-24T23:04:47Z</time></trkpt>
      <trkpt lat="22.5392386" lon="113.9354655"><ele>14.0</ele><time>2023-08-24T23:04:48Z</time></trkpt>
      <trkpt lat="22.5392170" lon="113.9354648"><ele>14.0</ele><time>2023-08-24T23:04:49Z</time></trkpt>
      <trkpt lat="22.5391951" lon="113.9354637"><ele>14.0</ele><time>2023-08-24T23:04:50Z</time></trkpt>
      <trkpt lat="22.5391727" lon="113.9354632"><ele>14.0</ele><time>2023-08-24T23:04:51Z</time></trkpt>
      <trkpt lat="22.5391502" lon="113.9354617"><ele>14.0</ele><time>2023-08-24T23:04:52Z</time></trkpt>
      <trkpt lat="22.5391273" lon="113.9354593"><ele>14.1</ele><time>2023-08-24T23:04:53Z</time></trkpt>
      <trkpt lat="22.5391044" lon="113.9354575"><ele>14.1</ele><time>2023-08-24T23:04:54Z</time></trkpt>
      <trkpt lat="22.5390812" lon="113.9354571"><ele>14.1</ele><time>2023-08-24T23:04:55Z</time></trkpt>
      <trkpt lat="22.5390582" lon="113.9354557"><ele>14.1</ele><time>2023-08-24T23:04:56Z</time></trkpt>
      <trkpt lat="22.5390355" lon="113.9354525"><ele>14.1</ele><time>2023-08-24T23:04:57Z</time></trkpt>
      <trkpt lat="22.5390124" lon="113.9354490"><ele>14.2</ele><time>2023-08-24T23:04:58Z</time></trkpt>
      <trkpt lat="22.5389891" lon="113.9354460"><ele>14.2</ele><time>2023-08-24T23:04:59Z</time></trkpt>
      <trkpt lat="22.5389663" lon="113.9354425"><ele>14.2</ele><time>2023-08-24T23:05:00Z</time></trkpt>
      <trkpt lat="22.5389435" lon="113.9354394"><ele>14.2</ele><time>2023-08-24T23:05:01Z</time></trkpt>
      <trkpt lat="22.5389201" lon="113.9354385"><ele>14.3</ele><time>2023-08-24T23:05:02Z</time></trkpt>
      <trkpt lat="22.5388959" lon="113.9354388"><ele>14.3</ele><time>2023-08-24T23:05:03Z</time></trkpt>
      <trkpt lat="22.5388726" lon="113.9354376"><ele>14.3</ele><time>2023-08-24T23:05:04Z</time></trkpt>
      <trkpt lat="22.5388495" lon="113.9354360"><ele>14.4</ele><time>2023-08-24T23:05:05Z</time></trkpt>
      <trkpt lat="22.5388256" lon="113.9354362"><ele>14.4</ele><time>2023-08-24T23:05:06Z</time></trkpt>
      <trkpt lat="22.5387995" lon="113.9354380"><ele>14.5</ele><time>2023-08-24T23:05:07Z</time></trkpt>
      <trkpt lat="22.5387711" lon="113.9354402"><ele>14.5</ele><time>2023-08-24T23:05:08Z</time></trkpt>
      <trkpt lat="22.5387407" lon="113.9354421"><ele>14.6</ele><time>2023-08-24T23:05:09Z</time></trkpt>
      <trkpt lat="22.5387101" lon="113.9354476"><ele>14.6</ele><time>2023-08-24T23:05:10Z</time></trkpt>
      <trkpt lat="22.5386833" lon="113.9354586"><ele>14.7</ele><time>2023-08-24T23:05:11Z</time></trkpt>
      <trkpt lat="22.5386586" lon="113.9354737"><ele>14.7</ele><time>2023-08-24T23:05:12Z</time></trkpt>
      <trkpt lat="22.5386315" lon="113.9354910"><ele>14.8</ele><time>2023-08-24T23:05:13Z</time></trkpt>
      <trkpt lat="22.5386014" lon="113.9355089"><ele>14.9</ele><time>2023-08-24T23:05:14Z</time></trkpt>
      <trkpt lat="22.5385709" lon="113.9355270"><ele>14.9</ele><time>2023-08-24T23:05:15Z</time></trkpt>
      <trkpt lat="22.5385434" lon="113.9355463"><ele>15.0</ele><time>2023-08-24T23:05:16Z</time></trkpt>
      <trkpt lat="22.5385198" lon="113.9355668"><ele>15.1</ele><time>2023-08-24T23:05:17Z</time></trkpt>
      <trkpt lat="22.5384990" lon="113.9355886"><ele>15.1</ele><time>2023-08-24T23:05:18Z</time></trkpt>
      <trkpt lat="22.5384800" lon="113.9356122"><ele>15.2</ele><time>2023-08-24T23:05:19Z</time></trkpt>
      <trkpt lat="22.5384617" lon="113.9356365"><ele>15.2</ele><time>2023-08-24T23:05:20Z</time></trkpt>
      <trkpt lat="22.5384447" lon="113.9356625"><ele>15.3</ele><time>2023-08-24T23:05:21Z</time></trkpt>
      <trkpt lat="22.5384298" lon="113.9356916"><ele>15.4</ele><time>2023-08-24T23:05:22Z</time></trkpt>
      <trkpt lat="22.5384159" lon="113.9357239"><ele>15.4</ele><time>2023-08-24T23:05:23Z</time></trkpt>
      <trkpt lat="22.5384018" lon="113.9357575"><ele>15.5</ele><time>2023-08-24T23:05:24Z</time></trkpt>
      <trkpt lat="22.5383893" lon="113.9357892"><ele>15.5</ele><time>2023-08-24T23:05:25Z</time></trkpt>
      <trkpt lat="22.5383809" lon="113.9358196"><ele>15.5</ele><time>2023-08-24T23:05:26Z</time></trkpt>
      <trkpt lat="22.5383768" lon="113.9358498"><ele>15.6</ele><time>2023-08-24T23:05:27Z</time></trkpt>
      <trkpt lat="22.5383745" lon="113.9358803"><ele>15.6</ele><time>2023-08-24T23:05:28Z</time></trkpt>
      <trkpt lat="22.5383723" lon="113.9359106"><ele>15.6</ele><time>2023-08-24T23:05:29Z</time></trkpt>
      <trkpt lat="22.5383723" lon="113.9359406"><ele>15.7</ele><time>2023-08-24T23:05:30Z</time></trkpt>
      <trkpt lat="22.5383747" lon="113.9359707"><ele>15.7</ele><time>2023-08-24T23:05:31Z</time></trkpt>
      <trkpt lat="22.5383782" lon="113.9359998"><ele>15.7</ele><time>2023-08-24T23:05:32Z</time></trkpt>
      <trkpt lat="22.5383836" lon="113.9360287"><ele>15.7</ele><time>2023-08-24T23:05:33Z</time></trkpt>
      <trkpt lat="22.5383912" lon="113.9360586"><ele>15.7</ele><time>2023-08-24T23:05:34Z</time></trkpt>
      <trkpt lat="22.5384012" lon="113.9360911"><ele>15.7</ele><time>2023-08-24T23:05:35Z</time></trkpt>
      <trkpt lat="22.5384141" lon="113.9361243"><ele>15.8</ele><time>2023-08-24T23:05:36Z</time></trkpt>
      <trkpt lat="22.5384284" lon="113.9361539"><ele>15.8</ele><time>2023-08-24T23:05:37Z</time></trkpt>
      <trkpt lat="22.5384418" lon="113.9361806"><ele>15.8</ele><time>2023-08-24T23:05:38Z</time></trkpt>
      <trkpt lat="22.5384560" lon="113.9362053"><ele>15.8</ele><time>2023-08-24T23:05:39Z</time></trkpt>
      <trkpt lat="22.5384734" lon="113.9362291"><ele>15.8</ele><time>2023-08-24T23:05:40Z</time></trkpt>
      <trkpt lat="22.5384945" lon="113.9362512"><ele>15.8</ele><time>2023-08-24T23:05:41Z</time></trkpt>
      <trkpt lat="22.5385176" lon="113.9362720"><ele>15.7</ele><time>2023-08-24T23:05:42Z</time></trkpt>
      <trkpt lat="22.5385411" lon="113.9362920"><ele>15.7</ele><time>2023-08-24T23:05:43Z</time></trkpt>
      <trkpt lat="22.5385640" lon="113.9363090"><ele>15.7</ele><time>2023-08-24T23:05:44Z</time></trkpt>
      <trkpt lat="22.5385861" lon="113.9363253"><ele>15.7</ele><time>2023-08-24T23:05:45Z</time></trkpt>
      <trkpt lat="22.5386083" lon="113.9363417"><ele>15.7</ele><time>2023-08-24T23:05:46Z</time></trkpt>
      <trkpt lat="22.5386333" lon="113.9363554"><ele>15.7</ele><time>2023-08-24T23:05:47Z</time></trkpt>
      <trkpt lat="22.5386620" lon="113.9363655"><ele>15.7</ele><time>2023-08-24T23:05:48Z</time></trkpt>
      <trkpt lat="22.5386919" lon="113.9363740"><ele>15.7</ele><time>2023-08-24T23:05:49Z</time></trkpt>
      <trkpt lat="22.5387219" lon="113.9363812"><ele>15.6</ele><time>2023-08-24T23:05:50Z</time></trkpt>
      <trkpt lat="22.5387514" lon="113.9363861"><ele>15.6</ele><time>2023-08-24T23:05:51Z</time></trkpt>
      <trkpt lat="22.5387809" lon="113.9363885"><ele>15.6</ele><time>2023-08-24T23:05:52Z</time></trkpt>
      <trkpt lat="22.5388105" lon="113.9363900"><ele>15.6</ele><time>2023-08-24T23:05:53Z</time></trkpt>
      <trkpt lat="22.5388397" lon="113.9363893"><ele>15.6</ele><time>2023-08-24T23:05:54Z</time></trkpt>
      <trkpt lat="22.5388684" lon="113.9363861"><ele>15.5</ele><time>2023-08-24T23:05:55Z</time></trkpt>
      <trkpt lat="22.5388970" lon="113.9363829"><ele>15.5</ele><time>2023-08-24T23:05:56Z</time></trkpt>
      <trkpt lat="22.5389260" lon="113.9363809"><ele>15.5</ele><time>2023-08-24T23:05:57Z</time></trkpt>
      <trkpt lat="22.5389552" lon="113.9363800"><ele>15.5</ele><time>2023-08-24T23:05:58Z</time></trkpt>
      <trkpt lat="22.5389849" lon="113.9363797"><ele>15.4</ele><time>2023-08-24T23:05:59Z</time></trkpt>
      <trkpt lat="22.5390144" lon="113.9363800"><ele>15.4</ele><time>2023-08-24T23:06:00Z</time></trkpt>
      <trkpt lat="22.5390430" lon="113.9363810"><ele>15.4</ele><time>2023-08-24T23:06:01Z</time></trkpt>
      <trkpt lat="22.5390721" lon="113.9363821"><ele>15.4</ele><time>2023-08-24T23:06:02Z</time></trkpt>
      <trkpt lat="22.5391007" lon="113.9363824"><ele>15.4</ele><time>2023-08-24T23:06:03Z</time></trkpt>
      <trkpt lat="22.5391282" lon="113.9363827"><ele>15.3</ele><time>2023-08-24T23:06:04Z</time></trkpt>
      <trkpt lat="22.5391555" lon="113.9363818"><ele>15.3</ele><time>2023-08-24T23:06:05Z</time></trkpt>
      <trkpt lat="22.5391831" lon="113.9363777"><ele>15.3</ele><time>2023-08-24T23:06:06Z</time></trkpt>
      <trkpt lat="22.5392105" lon="113.9363742"><ele>15.3</ele><time>2023-08-24T23:06:07Z</time></trkpt>
      <trkpt lat="22.5392368" lon="113.9363729"><ele>15.3</ele><time>2023-08-24T23:06:08Z</time></trkpt>
      <trkpt lat="22.5392636" lon="113.9363721"><ele>15.2</ele><time>2023-08-24T23:06:09Z</time></trkpt>
      <trkpt lat="22.5392919" lon="113.9363718"><ele>15.2</ele><time>2023-08-24T23:06:10Z</time></trkpt>
      <trkpt lat="22.5393203" lon="113.9363727"><ele>15.2</ele><time>2023-08-24T23:06:11Z</time></trkpt>
      <trkpt lat="22.5393485" lon="113.9363739"><ele>15.2</ele><time>2023-08-24T23:06:12Z</time></trkpt>
      <trkpt lat="22.5393763" lon="113.9363739"><ele>15.2</ele><time>2023-08-24T23:06:13Z</time></trkpt>
      <trkpt lat="22.5394040" lon="113.9363735"><ele>15.2</ele><time>2023-08-24T23:06:14Z</time></trkpt>
      <trkpt lat="22.5394311" lon="113.9363731"><ele>15.2</ele><time>2023-08-24T23:06:15Z</time></trkpt>
      <trkpt lat="22.5394582" lon="113.9363731"><ele>15.2</ele><time>2023-08-24T23:06:16Z</time></trkpt>
      <trkpt lat="22.5394857" lon="113.9363742"><ele>15.2</ele><time>2023-08-24T23:06:17Z</time></trkpt>
      <trkpt lat="22.5395137" lon="113.9363750"><ele>15.2</ele><time>2023-08-24T23:06:18Z</time></trkpt>
      <trkpt lat="22.5395418" lon="113.9363738"><ele>15.3</ele><time>2023-08-24T23:06:19Z</time></trkpt>
      <trkpt lat="22.5395684" lon="113.9363707"><ele>15.3</ele><time>2023-08-24T23:06:20Z</time></trkpt>
      <trkpt lat="22.5395940" lon="113.9363659"><ele>15.3</ele><time>2023-08-24T23:06:21Z</time></trkpt>
      <trkpt lat="22.5396198" lon="113.9363593"><ele>15.3</ele><time>2023-08-24T23:06:22Z</time></trkpt>
      <trkpt lat="22.5396465" lon="113.9363501"><ele>15.4</ele><time>2023-08-24T23:06:23Z</time></trkpt>
      <trkpt lat="22.5396735" lon="113.9363387"><ele>15.4</ele><time>2023-08-24T23:06:24Z</time></trkpt>
      <trkpt lat="22.5396998" lon="113.9363260"><ele>15.4</ele><time>2023-08-24T23:06:25Z</time></trkpt>
      <trkpt lat="22.5397253" lon="113.9363117"><ele>15.5</ele><time>2023-08-24T23:06:26Z</time></trkpt>
      <trkpt lat="22.5397501" lon="113.9362950"><ele>15.5</ele><time>2023-08-24T23:06:27Z</time></trkpt>
      <trkpt lat="22.5397740" lon="113.9362763"><ele>15.6</ele><time>2023-08-24T23:06:28Z</time></trkpt>
      <trkpt lat="22.5397970" lon="113.9362559"><ele>15.6</ele><time>2023-08-24T23:06:29Z</time></trkpt>
      <trkpt lat="22.5398185" lon="113.9362334"><ele>15.6</ele><time>2023-08-24T23:06:30Z</time></trkpt>
      <trkpt lat="22.5398378" lon="113.9362099"><ele>15.7</ele><time>2023-08-24T23:06:31Z</time></trkpt>
      <trkpt lat="22.5398558" lon="113.9361856"><ele>15.7</ele><time>2023-08-24T23:06:32Z</time></trkpt>
      <trkpt lat="22.5398736" lon="113.9361606"><ele>15.8</ele><time>2023-08-24T23:06:33Z</time></trkpt>
      <trkpt lat="22.5398896" lon="113.9361343"><ele>15.8</ele><time>2023-08-24T23:06:34Z</time></trkpt>
      <trkpt lat="22.5399019" lon="113.9361056"><ele>15.8</ele><time>2023-08-24T23:06:35Z</time></trkpt>
      <trkpt lat="22.5399109" lon="113.9360758"><ele>15.9</ele><time>2023-08-24T23:06:36Z</time></trkpt>
      <trkpt lat="22.5399184" lon="113.9360454"><ele>15.9</ele><time>2023-08-24T23:06:37Z</time></trkpt>
      <trkpt lat="22.5399242" lon="113.9360145"><ele>15.9</ele><time>2023-08-24T23:06:38Z</time></trkpt>
      <trkpt lat="22.5399275" lon="113.9359831"><ele>16.0</ele><time>2023-08-24T23:06:39Z</time></trkpt>
      <trkpt lat="22.5399292" lon="113.9359519"><ele>16.0</ele><time>2023-08-24T23:06:40Z</time></trkpt>
      <trkpt lat="22.5399287" lon="113.9359209"><ele>16.0</ele><time>2023-08-24T23:06:41Z</time></trkpt>
      <trkpt lat="22.5399258" lon="113.9358897"><ele>16.0</ele><time>2023-08-24T23:06:42Z</time></trkpt>
      <trkpt lat="22.5399220" lon="113.9358591"><ele>16.1</ele><time>2023-08-24T23:06:43Z</time></trkpt>
      <trkpt lat="22.5399169" lon="113.9358281"><ele>16.1</ele><time>2023-08-24T23:06:44Z</time></trkpt>
      <trkpt lat="22.5399100" lon="113.9357966"><ele>16.1</ele><time>2023-08-24T23:06:45Z</time></trkpt>
      <trkpt lat="22.5399000" lon="113.9357648"><ele>16.1</ele><time>2023-08-24T23:06:46Z</time></trkpt>
      <trkpt lat="22.5398868" lon="113.9357334"><ele>16.1</ele><time>2023-08-24T23:06:47Z</time></trkpt>
      <trkpt lat="22.5398715" lon="113.9357030"><ele>16.1</ele><time>2023-08-24T23:06:48Z</time></trkpt>
      <trkpt lat="22.5398546" lon="113.9356745"><ele>16.1</ele><time>2023-08-24T23:06:49Z</time></trkpt>
      <trkpt lat="22.5398360" lon="113.9356485"><ele>16.1</ele><time>2023-08-24T23:06:50Z</time></trkpt>
      <trkpt lat="22.5398156" lon="113.9356246"><ele>16.0</ele><time>2023-08-24T23:06:51Z</time></trkpt>
      <trkpt lat="22.5397938" lon="113.9356030"><ele>16.0</ele><time>2023-08-24T23:06:52Z</time></trkpt>
      <trkpt lat="22.5397719" lon="113.9355831"><ele>16.0</ele><time>2023-08-24T23:06:53Z</time></trkpt>
      <trkpt lat="22.5397501" lon="113.9355646"><ele>16.0</ele><time>2023-08-24T23:06:54Z</time></trkpt>
      <trkpt lat="22.5397266" lon="113.9355469"><ele>15.9</ele><time>2023-08-24T23:06:55Z</time></trkpt>
      <trkpt lat="22.5397014" lon="113.9355296"><ele>15.9</ele><time>2023-08-24T23:06:56Z</time></trkpt>
      <trkpt lat="22.5396756" lon="113.9355123"><ele>15.8</ele><time>2023-08-24T23:06:57Z</time></trkpt>
      <trkpt lat="22.5396492" lon="113.9354959"><ele>15.8</ele><time>2023-08-24T23:06:58Z</time></trkpt>
      <trkpt lat="22.5396214" lon="113.9354819"><ele>15.7</ele><time>2023-08-24T23:06:59Z</time></trkpt>
      <trkpt lat="22.5395918" lon="113.9354718"><ele>15.6</ele><time>2023-08-24T23:07:00Z</time></trkpt>
      <trkpt lat="22.5395615" lon="113.9354655"><ele>15.6</ele><time>2023-08-24T23:07:01Z</time></trkpt>
      <trkpt lat="22.5395306" lon="113.9354617"><ele>15.5</ele><time>2023-08-24T23:07:02Z</time></trkpt>
      <trkpt lat="22.5394987" lon="113.9354589"><ele>15.4</ele><time>2023-08-24T23:07:03Z</time></trkpt>
      <trkpt lat="22.5394663" lon="113.9354564"><ele>15.3</ele><time>2023-08-24T23:07:04Z</time></trkpt>
      <trkpt lat="22.5394346" lon="113.9354542"><ele>15.3</ele><time>2023-08-24T23:07:05Z</time></trkpt>
      <trkpt lat="22.5394039" lon="113.9354530"><ele>15.2</ele><time>2023-08-24T23:07:06Z</time></trkpt>
      <trkpt lat="22.5393719" lon="113.9354524"><ele>15.1</ele><time>2023-08-24T23:07:07Z</time></trkpt>
      <trkpt lat="22.5393382" lon="113.9354530"><ele>15.0</ele><time>2023-08-24T23:07:08Z</time></trkpt>
      <trkpt lat="22.5393044" lon="113.9354547"><ele>14.9</ele><time>2023-08-24T23:07:09Z</time></trkpt>
      <trkpt lat="22.5392721" lon="113.9354558"><ele>14.8</ele><time>2023-08-24T23:07:10Z</time></trkpt>
      <trkpt lat="22.5392414" lon="113.9354558"><ele>14.8</ele><time>2023-08-24T23:07:11Z</time></trkpt>
      <trkpt lat="22.5392119" lon="113.9354538"><ele>14.7</ele><time>2023-08-24T23:07:12Z</time></trkpt>
      <trkpt lat="22.5391835" lon="113.9354517"><ele>14.6</ele><time>2023-08-24T23:07:13Z</time></trkpt>
      <trkpt lat="22.5391552" lon="113.9354494"><ele>14.5</ele><time>2023-08-24T23:07:14Z</time></trkpt>
      <trkpt lat="22.5391257" lon="113.9354471"><ele>14.4</ele><time>2023-08-24T23:07:15Z</time></trkpt>
      <trkpt lat="22.5390945" lon="113.9354456"><ele>14.4</ele><time>2023-08-24T23:07:16Z</time></trkpt>
      <trkpt lat="22.5390630" lon="113.9354439"><ele>14.3</ele><time>2023-08-24T23:07:17Z</time></trkpt>
      <trkpt lat="22.5390321" lon="113.9354410"><ele>14.3</ele><time>2023-08-24T23:07:18Z</time></trkpt>
      <trkpt lat="22.5390025" lon="113.9354374"><ele>14.2</ele><time>2023-08-24T23:07:19Z</time></trkpt>
      <trkpt lat="22.5389732" lon="113.9354348"><ele>14.2</ele><time>2023-08-24T23:07:20Z</time></trkpt>
      <trkpt lat="22.5389438" lon="113.9354331"><ele>14.1</ele><time>2023-08-24T23:07:21Z</time></trkpt>
      <trkpt lat="22.5389148" lon="113.9354308"><ele>14.1</ele><time>2023-08-24T23:07:22Z</time></trkpt>
      <trkpt lat="22.5388863" lon="113.9354268"><ele>14.1</ele><time>2023-08-24T23:07:23Z</time></trkpt>
      <trkpt lat="22.5388594" lon="113.9354207"><ele>14.0</ele><time>2023-08-24T23:07:24Z</time></trkpt>
      <trkpt lat="22.5388336" lon="113.9354161"><ele>14.0</ele><time>2023-08-24T23:07:25Z</time></trkpt>
      <trkpt lat="22.5388074" lon="113.9354144"><ele>14.0</ele><time>2023-08-24T23:07:26Z</time></trkpt>
      <trkpt lat="22.5387794" lon="113.9354127"><ele>14.0</ele><time>2023-08-24T23:07:27Z</time></trkpt>
      <trkpt lat="22.5387497" lon="113.9354117"><ele>14.1</ele><time>2023-08-24T23:07:28Z</time></trkpt>
      <trkpt lat="22.5387177" lon="113.9354143"><ele>14.1</ele><time>2023-08-24T23:07:29Z</time></trkpt>
      <trkpt lat="22.5386856" lon="113.9354207"><ele>14.1</ele><time>2023-08-24T23:07:30Z</time></trkpt>
      <trkpt lat="22.5386571" lon="113.9354272"><ele>14.2</ele><time>2023-08-24T23:07:31Z</time></trkpt>
      <trkpt lat="22.5386319" lon="113.9354318"><ele>14.2</ele><time>2023-08-24T23:07:32Z</time></trkpt>
      <trkpt lat="22.5386079" lon="113.9354369"><ele>14.3</ele><time>2023-08-24T23:07:33Z</time></trkpt>
      <trkpt lat="22.5385841" lon="113.9354489"><ele>14.3</ele><time>2023-08-24T23:07:34Z</time></trkpt>
      <trkpt lat="22.5385604" lon="113.9354674"><ele>14.4</ele><time>2023-08-24T23:07:35Z</time></trkpt>
      <trkpt lat="22.5385368" lon="113.9354886"><ele>14.5</ele><time>2023-08-24T23:07:36Z</time></trkpt>
      <trkpt lat="22.5385138" lon="113.9355111"><ele>14.6</ele><time>2023-08-24T23:07:37Z</time></trkpt>
      <trkpt lat="22.5384928" lon="113.9355338"><ele>14.6</ele><time>2023-08-24T23:07:38Z</time></trkpt>
      <trkpt lat="22.5384738" lon="113.9355570"><ele>14.7</ele><time>2023-08-24T23:07:39Z</time></trkpt>
      <trkpt lat="22.5384557" lon="113.9355810"><ele>14.8</ele><time>2023-08-24T23:07:40Z</time></trkpt>
      <trkpt lat="22.5384387" lon="113.9356066"><ele>14.9</ele><time>2023-08-24T23:07:41Z</time></trkpt>
      <trkpt lat="22.5384234" lon="113.9356325"><ele>15.0</ele><time>2023-08-24T23:07:42Z</time></trkpt>
      <trkpt lat="22.5384094" lon="113.9356566"><ele>15.0</ele><time>2023-08-24T23:07:43Z</time></trkpt>
      <trkpt lat="22.5383967" lon="113.9356818"><ele>15.1</ele><time>2023-08-24T23:07:44Z</time></trkpt>
      <trkpt lat="22.5383858" lon="113.9357104"><ele>15.2</ele><time>2023-08-24T23:07:45Z</time></trkpt>
      <trkpt lat="22.5383770" lon="113.9357416"><ele>15.2</ele><time>2023-08-24T23:07:46Z</time></trkpt>
      <trkpt lat="22.5383692" lon="113.9357741"><ele>15.3</ele><time>2023-08-24T23:07:47Z</time></trkpt>
      <trkpt lat="22.5383625" lon="113.9358048"><ele>15.3</ele><time>2023-08-24T23:07:48Z</time></trkpt>
      <trkpt lat="22.5383557" lon="113.9358303"><ele>15.4</ele><time>2023-08-24T23:07:49Z</time></trkpt>
      <trkpt lat="22.5383478" lon="113.9358518"><ele>15.4</ele><time>2023-08-24T23:07:50Z</time></trkpt>
      <trkpt lat="22.5383427" lon="113.9358736"><ele>15.4</ele><time>2023-08-24T23:07:51Z</time></trkpt>
      <trkpt lat="22.5383421" lon="113.9358966"><ele>15.5</ele><time>2023-08-24T23:07:52Z</time></trkpt>
      <trkpt lat="22.5383443" lon="113.9359199"><ele>15.5</ele><time>2023-08-24T23:07:53Z</time></trkpt>
      <trkpt lat="22.5383472" lon="113.9359445"><ele>15.5</ele><time>2023-08-24T23:07:54Z</time></trkpt>
      <trkpt lat="22.5383513" lon="113.9359710"><ele>15.5</ele><time>2023-08-24T23:07:55Z</time></trkpt>
      <trkpt lat="22.5383563" lon="113.9359973"><ele>15.5</ele><time>2023-08-24T23:07:56Z</time></trkpt>
      <trkpt lat="22.5383624" lon="113.9360228"><ele>15.5</ele><time>2023-08-24T23:07:57Z</time></trkpt>
      <trkpt lat="22.5383695" lon="113.9360485"><ele>15.5</ele><time>2023-08-24T23:07:58Z</time></trkpt>
      <trkpt lat="22.5383784" lon="113.9360748"><ele>15.4</ele><time>2023-08-24T23:07:59Z</time></trkpt>
      <trkpt lat="22.5383891" lon="113.9361016"><ele>15.4</ele><time>2023-08-24T23:08:00Z</time></trkpt>
      <trkpt lat="22.5384000" lon="113.9361282"><ele>15.4</ele><time>2023-08-24T23:08:01Z</time></trkpt>
      <trkpt lat="22.5384121" lon="113.9361523"><ele>15.4</ele><time>2023-08-24T23:08:02Z</time></trkpt>
      <trkpt lat="22.5384246" lon="113.9361737"><ele>15.3</ele><time>2023-08-24T23:08:03Z</time></trkpt>
      <trkpt lat="22.5384368" lon="113.9361946"><ele>15.3</ele><time>2023-08-24T23:08:04Z</time></trkpt>
      <trkpt lat="22.5384508" lon="113.9362160"><ele>15.3</ele><time>2023-08-24T23:08:05Z</time></trkpt>
      <trkpt lat="22.5384669" lon="113.9362376"><ele>15.2</ele><time>2023-08-24T23:08:06Z</time></trkpt>
      <trkpt lat="22.5384848" lon="113.9362571"><ele>15.2</ele><time>2023-08-24T23:08:07Z</time></trkpt>
      <trkpt lat="22.5385033" lon="113.9362746"><ele>15.2</ele><time>2023-08-24T23:08:08Z</time></trkpt>
      <trkpt lat="22.5385208" lon="113.9362919"><ele>15.1</ele><time>2023-08-24T23:08:09Z</time></trkpt>
      <trkpt lat="22.5385386" lon="113.9363080"><ele>15.1</ele><time>2023-08-24T23:08:10Z</time></trkpt>
      <trkpt lat="22.5385582" lon="113.9363225"><ele>15.1</ele><time>2023-08-24T23:08:11Z</time></trkpt>
      <trkpt lat="22.5385796" lon="113.9363359"><ele>15.0</ele><time>2023-08-24T23:08:12Z</time></trkpt>
      <trkpt lat="22.5386025" lon="113.9363486"><ele>15.0</ele><time>2023-08-24T23:08:13Z</time></trkpt>
      <trkpt lat="22.5386246" lon="113.9363596"><ele>14.9</ele><time>2023-08-24T23:08:14Z</time></trkpt>
      <trkpt lat="22.5386453" lon="113.9363676"><ele>14.9</ele><time>2023-08-24T23:08:15Z</time></trkpt>
      <trkpt lat="22.5386654" lon="113.9363745"><ele>14.9</ele><time>2023-08-24T23:08:16Z</time></trkpt>
      <trkpt lat="22.5386849" lon="113.9363812"><ele>14.8</ele><time>2023-08-24T23:08:17Z</time></trkpt>
      <trkpt lat="22.5387054" lon="113.9363854"><ele>14.8</ele><time>2023-08-24T23:08:18Z</time></trkpt>
      <trkpt lat="22.5387271" lon="113.9363879"><ele>14.8</ele><time>2023-08-24T23:08:19Z</time></trkpt>
      <trkpt lat="22.5387499" lon="113.9363900"><ele>14.7</ele><time>2023-08-24T23:08:20Z</time></trkpt>
      <trkpt lat="22.5387740" lon="113.9363909"><ele>14.7</ele><time>2023-08-24T23:08:21Z</time></trkpt>
      <trkpt lat="22.5387993" lon="113.9363914"><ele>14.7</ele><time>2023-08-24T23:08:22Z</time></trkpt>
      <trkpt lat="22.5388256" lon="113.9363920"><ele>14.6</ele><time>2023-08-24T23:08:23Z</time></trkpt>
      <trkpt lat="22.5388532" lon="113.9363920"><ele>14.6</ele><time>2023-08-24T23:08:24Z</time></trkpt>
      <trkpt lat="22.5388811" lon="113.9363912"><ele>14.5</ele><time>2023-08-24T23:08:25Z</time></trkpt>
      <trkpt lat="22.5389066" lon="113.9363915"><ele>14.5</ele><time>2023-08-24T23:08:26Z</time></trkpt>
      <trkpt lat="22.5389305" lon="113.9363926"><ele>14.5</ele><time>2023-08-24T23:08:27Z</time></trkpt>
      <trkpt lat="22.5389554" lon="113.9363938"><ele>14.4</ele><time>2023-08-24T23:08:28Z</time></trkpt>
      <trkpt lat="22.5389822" lon="113.9363937"><ele>14.4</ele><time>2023-08-24T23:08:29Z</time></trkpt>
      <trkpt lat="22.5390102" lon="113.9363912"><ele>14.3</ele><time>2023-08-24T23:08:30Z</time></trkpt>
      <trkpt lat="22.5390370" lon="113.9363877"><ele>14.3</ele><time>2023-08-24T23:08:31Z</time></trkpt>
      <trkpt lat="22.5390620" lon="113.9363850"><ele>14.3</ele><time>2023-08-24T23:08:32Z</time></trkpt>
      <trkpt lat="22.5390857" lon="113.9363841"><ele>14.2</ele><time>2023-08-24T23:08:33Z</time></trkpt>
      <trkpt lat="22.5391081" lon="113.9363840"><ele>14.2</ele><time>2023-08-24T23:08:34Z</time></trkpt>
      <trkpt lat="22.5391310" lon="113.9363839"><ele>14.1</ele><time>2023-08-24T23:08:35Z</time></trkpt>
      <trkpt lat="22.5391546" lon="113.9363846"><ele>14.1</ele><time>2023-08-24T23:08:36Z</time></trkpt>
      <trkpt lat="22.5391783" lon="113.9363858"><ele>14.1</ele><time>2023-08-24T23:08:37Z</time></trkpt>
      <trkpt lat="22.5392019" lon="113.9363866"><ele>14.0</ele><time>2023-08-24T23:08:38Z</time></trkpt>
      <trkpt lat="22.5392255" lon="113.9363875"><ele>14.0</ele><time>2023-08-24T23:08:39Z</time></trkpt>
      <trkpt lat="22.5392497" lon="113.9363871"><ele>14.0</ele><time>2023-08-24T23:08:40Z</time></trkpt>
      <trkpt lat="22.5392740" lon="113.9363841"><ele>14.0</ele><time>2023-08-24T23:08:41Z</time></trkpt>
      <trkpt lat="22.5392982" lon="113.9363807"><ele>14.0</ele><time>2023-08-24T23:08:42Z</time></trkpt>
      <trkpt lat="22.5393218" lon="113.9363781"><ele>13.9</ele><time>2023-08-24T23:08:43Z</time></trkpt>
      <trkpt lat="22.5393451" lon="113.9363770"><ele>13.9</ele><time>2023-08-24T23:08:44Z</time></trkpt>
      <trkpt lat="22.5393686" lon="113.9363768"><ele>13.9</ele><time>2023-08-24T23:08:45Z</time></trkpt>
      <trkpt lat="22.5393913" lon="113.9363762"><ele>13.9</ele><time>2023-08-24T23:08:46Z</time></trkpt>
      <trkpt lat="22.5394124" lon="113.9363760"><ele>13.9</ele><time>2023-08-24T23:08:47Z</time></trkpt>
      <trkpt lat="22.5394331" lon="113.9363750"><ele>13.9</ele><time>2023-08-24T23:08:48Z</time></trkpt>
      <trkpt lat="22.5394538" lon="113.9363725"><ele>13.9</ele><time>2023-08-24T23:08:49Z</time></trkpt>
      <trkpt lat="22.5394748" lon="113.9363688"><ele>13.9</ele><time>2023-08-24T23:08:50Z</time></trkpt>
      <trkpt lat="22.5394961" lon="113.9363653"><ele>13.9</ele><time>2023-08-24T23:08:51Z</time></trkpt>
      <trkpt lat="22.5395172" lon="113.9363637"><ele>13.9</ele><time>2023-08-24T23:08:52Z</time></trkpt>
      <trkpt lat="22.5395381" lon="113.9363631"><ele>13.9</ele><time>2023-08-24T23:08:53Z</time></trkpt>
      <trkpt lat="22.5395583" lon="113.9363617"><ele>13.9</ele><time>2023-08-24T23:08:54Z</time></trkpt>
      <trkpt lat="22.5395773" lon="113.9363587"><ele>13.9</ele><time>2023-08-24T23:08:55Z</time></trkpt>
      <trkpt lat="22.5395958" lon="113.9363536"><ele>13.9</ele><time>2023-08-24T23:08:56Z</time></trkpt>
      <trkpt lat="22.5396141" lon="113.9363474"><ele>13.9</ele><time>2023-08-24T23:08:57Z</time></trkpt>
      <trkpt lat="22.5396318" lon="113.9363403"><ele>13.9</ele><time>2023-08-24T23:08:58Z</time></trkpt>
      <trkpt lat="22.5396494" lon="113.9363331"><ele>13.9</ele><time>2023-08-24T23:08:59Z</time></trkpt>
      <trkpt lat="22.5396678" lon="113.9363262"><ele>13.9</ele><time>2023-08-24T23:09:00Z</time></trkpt>
      <trkpt lat="22.5396867" lon="113.9363177"><ele>14.0</ele><time>2023-08-24T23:09:01Z</time></trkpt>
      <trkpt lat="22.5397053" lon="113.9363068"><ele>14.0</ele><time>2023-08-24T23:09:02Z</time></trkpt>
      <trkpt lat="22.5397235" lon="113.9362953"><ele>14.0</ele><time>2023-08-24T23:09:03Z</time></trkpt>
      <trkpt lat="22.5397415" lon="113.9362832"><ele>14.0</ele><time>2023-08-24T23:09:04Z</time></trkpt>
      <trkpt lat="22.5397591" lon="113.9362704"><ele>14.0</ele><time>2023-08-24T23:09:05Z</time></trkpt>
      <trkpt lat="22.5397760" lon="113.9362571"><ele>14.0</ele><time>2023-08-24T23:09:06Z</time></trkpt>
      <trkpt lat="22.5397926" lon="113.9362430"><ele>14.1</ele><time>2023-08-24T23:09:07Z</time></trkpt>
      <trkpt lat="22.5398080" lon="113.9362277"><ele>14.1</ele><time>2023-08-24T23:09:08Z</time></trkpt>
      <trkpt lat="22.5398217" lon="113.9362102"><ele>14.1</ele><time>2023-08-24T23:09:09Z</time></trkpt>
      <trkpt lat="22.5398349" lon="113.9361911"><ele>14.1</ele><time>2023-08-24T23:09:10Z</time></trkpt>
      <trkpt lat="22.5398478" lon="113.9361712"><ele>14.2</ele><time>2023-08-24T23:09:11Z</time></trkpt>
      <trkpt lat="22.5398599" lon="113.9361510"><ele>14.2</ele><time>2023-08-24T23:09:12Z</time></trkpt>
      <trkpt lat="22.5398712" lon="113.9361315"><ele>14.2</ele><time>2023-08-24T23:09:13Z</time></trkpt>
      <trkpt lat="22.5398822" lon="113.9361127"><ele>14.2</ele><time>2023-08-24T23:09:14Z</time></trkpt>
      <trkpt lat="22.5398929" lon="113.9360934"><ele>14.3</ele><time>2023-08-24T23:09:15Z</time></trkpt>
      <trkpt lat="22.5399014" lon="113.9360730"><ele>14.3</ele><time>2023-08-24T23:09:16Z</time></trkpt>
      <trkpt lat="22.5399074" lon="113.9360511"><ele>14.3</ele><time>2023-08-24T23:09:17Z</time></trkpt>
      <trkpt lat="22.5399130" lon="113.9360280"><ele>14.4</ele><time>2023-08-24T23:09:18Z</time></trkpt>
      <trkpt lat="22.5399180" lon="113.9360040"><ele>14.4</ele><time>2023-08-24T23:09:19Z</time></trkpt>
      <trkpt lat="22.5399221" lon="113.9359800"><ele>14.4</ele><time>2023-08-24T23:09:20Z</time></trkpt>
      <trkpt lat="22.5399254" lon="113.9359569"><ele>14.5</ele><time>2023-08-24T23:09:21Z</time></trkpt>
      <trkpt lat="22.5399263" lon="113.9359338"><ele>14.5</ele><time>2023-08-24T23:09:22Z</time></trkpt>
      <trkpt lat="22.5399253" lon="113.9359107"><ele>14.5</ele><time>2023-08-24T23:09:23Z</time></trkpt>
      <trkpt lat="22.5399231" lon="113.9358883"><ele>14.6</ele><time>2023-08-24T23:09:24Z</time></trkpt>
      <trkpt lat="22.5399195" lon="113.9358662"><ele>14.6</ele><time>2023-08-24T23:09:25Z</time></trkpt>
      <trkpt lat="22.5399149" lon="113.9358440"><ele>14.6</ele><time>2023-08-24T23:09:26Z</time></trkpt>
      <trkpt lat="22.5399103" lon="113.9358225"><ele>14.7</ele><time>2023-08-24T23:09:27Z</time></trkpt>
      <trkpt lat="22.5399058" lon="113.9358016"><ele>14.7</ele><time>2023-08-24T23:09:28Z</time></trkpt>
      <trkpt lat="22.5399008" lon="113.9357815"><ele>14.7</ele><time>2023-08-24T23:09:29Z</time></trkpt>
      <trkpt lat="22.5398950" lon="113.9357625"><ele>14.7</ele><time>2023-08-24T23:09:30Z</time></trkpt>
      <trkpt lat="22.5398882" lon="113.9357432"><ele>14.8</ele><time>2023-08-24T23:09:31Z</time></trkpt>
      <trkpt lat="22.5398798" lon="113.9357236"><ele>14.8</ele><time>2023-08-24T23:09:32Z</time></trkpt>
      <trkpt lat="22.5398692" lon="113.9357040"><ele>14.8</ele><time>2023-08-24T23:09:33Z</time></trkpt>
      <trkpt lat="22.5398573" lon="113.9356842"><ele>14.8</ele><time>2023-08-24T23:09:34Z</time></trkpt>
      <trkpt lat="22.5398455" lon="113.9356652"><ele>14.8</ele><time>2023-08-24T23:09:35Z</time></trkpt>
      <trkpt lat="22.5398324" lon="113.9356486"><ele>14.8</ele><time>2023-08-24T23:09:36Z</time></trkpt>
      <trkpt lat="22.5398179" lon="113.9356338"><ele>14.9</ele><time>2023-08-24T23:09:37Z</time></trkpt>
      <trkpt lat="22.5398032" lon="113.9356192"><ele>14.9</ele><time>2023-08-24T23:09:38Z</time></trkpt>
      <trkpt lat="22.5397877" lon="113.9356048"><ele>14.9</ele><time>2023-08-24T23:09:39Z</time></trkpt>
      <trkpt lat="22.5397719" lon="113.9355907"><ele>14.9</ele><time>2023-08-24T23:09:40Z</time></trkpt>
      <trkpt lat="22.5397563" lon="113.9355771"><ele>14.9</ele><time>2023-08-24T23:09:41Z</time></trkpt>
      <trkpt lat="22.5397402" lon="113.9355637"><ele>14.9</ele><time>2023-08-24T23:09:42Z</time></trkpt>
      <trkpt lat="22.5397231" lon="113.9355506"><ele>14.9</ele><time>2023-08-24T23:09:43Z</time></trkpt>
      <trkpt lat="22.5397045" lon="113.9355383"><ele>14.9</ele><time>2023-08-24T23:09:44Z</time></trkpt>
      <trkpt lat="22.5396852" lon="113.9355269"><ele>14.9</ele><time>2023-08-24T23:09:45Z</time></trkpt>
      <trkpt lat="22.5396661" lon="113.9355162"><ele>14.9</ele><time>2023-08-24T23:09:46Z</time></trkpt>
      <trkpt lat="22.5396465" lon="113.9355069"><ele>14.8</ele><time>2023-08-24T23:09:47Z</time></trkpt>
      <trkpt lat="22.5396263" lon="113.9354990"><ele>14.8</ele><time>2023-08-24T23:09:48Z</time></trkpt>
      <trkpt lat="22.5396055" lon="113.9354918"><ele>14.8</ele><time>2023-08-24T23:09:49Z</time></trkpt>
      <trkpt lat="22.5395840" lon="113.9354856"><ele>14.8</ele><time>2023-08-24T23:09:50Z</time></trkpt>
      <trkpt lat="22.5395608" lon="113.9354815"><ele>14.8</ele><time>2023-08-24T23:09:51Z</time></trkpt>
      <trkpt lat="22.5395367" lon="113.9354797"><ele>14.7</ele><time>2023-08-24T23:09:52Z</time></trkpt>
      <trkpt lat="22.5395129" lon="113.9354773"><ele>14.7</ele><time>2023-08-24T23:09:53Z</time></trkpt>
      <trkpt lat="22.5394862" lon="113.9354734"><ele>14.6</ele><time>2023-08-24T23:09:54Z</time></trkpt>
      <trkpt lat="22.5394542" lon="113.9354716"><ele>14.6</ele><time>2023-08-24T23:09:55Z</time></trkpt>
      <trkpt lat="22.5394219" lon="113.9354730"><ele>14.6</ele><time>2023-08-24T23:09:56Z</time></trkpt>
      <trkpt lat="22.5393933" lon="113.9354747"><ele>14.5</ele><time>2023-08-24T23:09:57Z</time></trkpt>
      <trkpt lat="22.5393671" lon="113.9354760"><ele>14.4</ele><time>2023-08-24T23:09:58Z</time></trkpt>
      <trkpt lat="22.5393425" lon="113.9354769"><ele>14.4</ele><time>2023-08-24T23:09:59Z</time></trkpt>
      <trkpt lat="22.5393202" lon="113.9354773"><ele>14.3</ele><time>2023-08-24T23:10:00Z</time></trkpt>
      <trkpt lat="22.5392988" lon="113.9354770"><ele>14.3</ele><time>2023-08-24T23:10:01Z</time></trkpt>
      <trkpt lat="22.5392766" lon="113.9354767"><ele>14.2</ele><time>2023-08-24T23:10:02Z</time></trkpt>
      <trkpt lat="22.5392540" lon="113.9354762"><ele>14.1</ele><time>2023-08-24T23:10:03Z</time></trkpt>
      <trkpt lat="22.5392307" lon="113.9354762"><ele>14.0</ele><time>2023-08-24T23:10:04Z</time></trkpt>
      <trkpt lat="22.5392074" lon="113.9354765"><ele>14.0</ele><time>2023-08-24T23:10:05Z</time></trkpt>
      <trkpt lat="22.5391847" lon="113.9354767"><ele>13.9</ele><time>2023-08-24T23:10:06Z</time></trkpt>
      <trkpt lat="22.5391619" lon="113.9354765"><ele>13.8</ele><time>2023-08-24T23:10:07Z</time></trkpt>
      <trkpt lat="22.5391391" lon="113.9354762"><ele>13.7</ele><time>2023-08-24T23:10:08Z</time></trkpt>
      <trkpt lat="22.5391171" lon="113.9354759"><ele>13.7</ele><time>2023-08-24T23:10:09Z</time></trkpt>
      <trkpt lat="22.5390961" lon="113.9354743"><ele>13.6</ele><time>2023-08-24T23:10:10Z</time></trkpt>
      <trkpt lat="22.5390760" lon="113.9354718"><ele>13.5</ele><time>2023-08-24T23:10:11Z</time></trkpt>
      <trkpt lat="22.5390566" lon="113.9354690"><ele>13.5</ele><time>2023-08-24T23:10:12Z</time></trkpt>
      <trkpt lat="22.5390369" lon="113.9354653"><ele>13.4</ele><time>2023-08-24T23:10:13Z</time></trkpt>
      <trkpt lat="22.5390168" lon="113.9354612"><ele>13.3</ele><time>2023-08-24T23:10:14Z</time></trkpt>
      <trkpt lat="22.5389964" lon="113.9354576"><ele>13.3</ele><time>2023-08-24T23:10:15Z</time></trkpt>
      <trkpt lat="22.5389760" lon="113.9354544"><ele>13.2</ele><time>2023-08-24T23:10:16Z</time></trkpt>
      <trkpt lat="22.5389561" lon="113.9354507"><ele>13.2</ele><time>2023-08-24T23:10:17Z</time></trkpt>
      <trkpt lat="22.5389360" lon="113.9354475"><ele>13.2</ele><time>2023-08-24T23:10:18Z</time></trkpt>
      <trkpt lat="22.5389153" lon="113.9354442"><ele>13.1</ele><time>2023-08-24T23:10:19Z</time></trkpt>
      <trkpt lat="22.5388938" lon="113.9354401"><ele>13.1</ele><time>2023-08-24T23:10:20Z</time></trkpt>
      <trkpt lat="22.5388716" lon="113.9354351"><ele>13.1</ele><time>2023-08-24T23:10:21Z</time></trkpt>
      <trkpt lat="22.5388483" lon="113.9354296"><ele>13.1</ele><time>2023-08-24T23:10:22Z</time></trkpt>
      <trkpt lat="22.5388226" lon="113.9354248"><ele>13.1</ele><time>2023-08-24T23:10:23Z</time></trkpt>
      <trkpt lat="22.5387948" lon="113.9354213"><ele>13.1</ele><time>2023-08-24T23:10:24Z</time></trkpt>
      <trkpt lat="22.5387658" lon="113.9354196"><ele>13.1</ele><time>2023-08-24T23:10:25Z</time></trkpt>
      <trkpt lat="22.5387375" lon="113.9354207"><ele>13.1</ele><time>2023-08-24T23:10:26Z</time></trkpt>
      <trkpt lat="22.5387099" lon="113.9354260"><ele>13.1</ele><time>2023-08-24T23:10:27Z</time></trkpt>
      <trkpt lat="22.5386835" lon="113.9354351"><ele>13.1</ele><time>2023-08-24T23:10:28Z</time></trkpt>
      <trkpt lat="22.5386578" lon="113.9354457"><ele>13.2</ele><time>2023-08-24T23:10:29Z</time></trkpt>
      <trkpt lat="22.5386320" lon="113.9354567"><ele>13.2</ele><time>2023-08-24T23:10:30Z</time></trkpt>
      <trkpt lat="22.5386075" lon="113.9354699"><ele>13.2</ele><time>2023-08-24T23:10:31Z</time></trkpt>
      <trkpt lat="22.5385847" lon="113.9354854"><ele>13.3</ele><time>2023-08-24T23:10:32Z</time></trkpt>
      <trkpt lat="22.5385638" lon="113.9355021"><ele>13.3</ele><time>2023-08-24T23:10:33Z</time></trkpt>
      <trkpt lat="22.5385444" lon="113.9355209"><ele>13.4</ele><time>2023-08-24T23:10:34Z</time></trkpt>
      <trkpt lat="22.5385263" lon="113.9355422"><ele>13.4</ele><time>2023-08-24T23:10:35Z</time></trkpt>
      <trkpt lat="22.5385096" lon="113.9355651"><ele>13.5</ele><time>2023-08-24T23:10:36Z</time></trkpt>
      <trkpt lat="22.5384939" lon="113.9355902"><ele>13.5</ele><time>2023-08-24T23:10:37Z</time></trkpt>
      <trkpt lat="22.5384792" lon="113.9356172"><ele>13.6</ele><time>2023-08-24T23:10:38Z</time></trkpt>
      <trkpt lat="22.5384650" lon="113.9356459"><ele>13.7</ele><time>2023-08-24T23:10:39Z</time></trkpt>
      <trkpt lat="22.5384504" lon="113.9356751"><ele>13.7</ele><time>2023-08-24T23:10:40Z</time></trkpt>
      <trkpt lat="22.5384359" lon="113.9357035"><ele>13.8</ele><time>2023-08-24T23:10:41Z</time></trkpt>
      <trkpt lat="22.5384226" lon="113.9357317"><ele>13.8</ele><time>2023-08-24T23:10:42Z</time></trkpt>
      <trkpt lat="22.5384103" lon="113.9357584"><ele>13.9</ele><time>2023-08-24T23:10:43Z</time></trkpt>
      <trkpt lat="22.5383997" lon="113.9357841"><ele>13.9</ele><time>2023-08-24T23:10:44Z</time></trkpt>
      <trkpt lat="22.5383917" lon="113.9358106"><ele>13.9</ele><time>2023-08-24T23:10:45Z</time></trkpt>
      <trkpt lat="22.5383868" lon="113.9358383"><ele>14.0</ele><time>2023-08-24T23:10:46Z</time></trkpt>
      <trkpt lat="22.5383850" lon="113.9358664"><ele>14.0</ele><time>2023-08-24T23:10:47Z</time></trkpt>
      <trkpt lat="22.5383849" lon="113.9358940"><ele>14.0</ele><time>2023-08-24T23:10:48Z</time></trkpt>
      <trkpt lat="22.5383854" lon="113.9359219"><ele>14.1</ele><time>2023-08-24T23:10:49Z</time></trkpt>
      <trkpt lat="22.5383868" lon="113.9359502"><ele>14.1</ele><time>2023-08-24T23:10:50Z</time></trkpt>
      <trkpt lat="22.5383897" lon="113.9359783"><ele>14.1</ele><time>2023-08-24T23:10:51Z</time></trkpt>
      <trkpt lat="22.5383945" lon="113.9360062"><ele>14.1</ele><time>2023-08-24T23:10:52Z</time></trkpt>
      <trkpt lat="22.5383999" lon="113.9360335"><ele>14.1</ele><time>2023-08-24T23:10:53Z</time></trkpt>
      <trkpt lat="22.5384058" lon="113.9360602"><ele>14.1</ele><time>2023-08-24T23:10:54Z</time></trkpt>
      <trkpt lat="22.5384136" lon="113.9360869"><ele>14.1</ele><time>2023-08-24T23:10:55Z</time></trkpt>
      <trkpt lat="22.5384237" lon="113.9361128"><ele>14.1</ele><time>2023-08-24T23:10:56Z</time></trkpt>
      <trkpt lat="22.5384352" lon="113.9361367"><ele>14.1</ele><time>2023-08-24T23:10:57Z</time></trkpt>
      <trkpt lat="22.5384466" lon="113.9361591"><ele>14.1</ele><time>2023-08-24T23:10:58Z</time></trkpt>
      <trkpt lat="22.5384570" lon="113.9361808"><ele>14.1</ele><time>2023-08-24T23:10:59Z</time></trkpt>
      <trkpt lat="22.5384667" lon="113.9362018"><ele>14.1</ele><time>2023-08-24T23:11:00Z</time></trkpt>
      <trkpt lat="22.5384765" lon="113.9362222"><ele>14.1</ele><time>2023-08-24T23:11:01Z</time></trkpt>
      <trkpt lat="22.5384870" lon="113.9362423"><ele>14.1</ele><time>2023-08-24T23:11:02Z</time></trkpt>
      <trkpt lat="22.5384979" lon="113.9362624"><ele>14.0</ele><time>2023-08-24T23:11:03Z</time></trkpt>
      <trkpt lat="22.5385095" lon="113.9362821"><ele>14.0</ele><time>2023-08-24T23:11:04Z</time></trkpt>
      <trkpt lat="22.5385227" lon="113.9363005"><ele>14.0</ele><time>2023-08-24T23:11:05Z</time></trkpt>
      <trkpt lat="22.5385386" lon="113.9363156"><ele>14.0</ele><time>2023-08-24T23:11:06Z</time></trkpt>
      <trkpt lat="22.5385560" lon="113.9363266"><ele>13.9</ele><time>2023-08-24T23:11:07Z</time></trkpt>
      <trkpt lat="22.5385735" lon="113.9363348"><ele>13.9</ele><time>2023-08-24T23:11:08Z</time></trkpt>
      <trkpt lat="22.5385917" lon="113.9363430"><ele>13.9</ele><time>2023-08-24T23:11:09Z</time></trkpt>
      <trkpt lat="22.5386104" lon="113.9363521"><ele>13.8</ele><time>2023-08-24T23:11:10Z</time></trkpt>
      <trkpt lat="22.5386298" lon="113.9363608"><ele>13.8</ele><time>2023-08-24T23:11:11Z</time></trkpt>
      <trkpt lat="22.5386495" lon="113.9363694"><ele>13.8</ele><time>2023-08-24T23:11:12Z</time></trkpt>
      <trkpt lat="22.5386696" lon="113.9363774"><ele>13.7</ele><time>2023-08-24T23:11:13Z</time></trkpt>
      <trkpt lat="22.5386903" lon="113.9363842"><ele>13.7</ele><time>2023-08-24T23:11:14Z</time></trkpt>
      <trkpt lat="22.5387099" lon="113.9363897"><ele>13.7</ele><time>2023-08-24T23:11:15Z</time></trkpt>
      <trkpt lat="22.5387280" lon="113.9363937"><ele>13.6</ele><time>2023-08-24T23:11:16Z</time></trkpt>
      <trkpt lat="22.5387460" lon="113.9363975"><ele>13.6</ele><time>2023-08-24T23:11:17Z</time></trkpt>
      <trkpt lat="22.5387643" lon="113.9364015"><ele>13.6</ele><time>2023-08-24T23:11:18Z</time></trkpt>
      <trkpt lat="22.5387830" lon="113.9364030"><ele>13.5</ele><time>2023-08-24T23:11:19Z</time></trkpt>
      <trkpt lat="22.5388016" lon="113.9364020"><ele>13.5</ele><time>2023-08-24T23:11:20Z</time></trkpt>
      <trkpt lat="22.5388196" lon="113.9364001"><ele>13.5</ele><time>2023-08-24T23:11:21Z</time></trkpt>
      <trkpt lat="22.5388377" lon="113.9363980"><ele>13.4</ele><time>2023-08-24T23:11:22Z</time></trkpt>
      <trkpt lat="22.5388562" lon="113.9363965"><ele>13.4</ele><time>2023-08-24T23:11:23Z</time></trkpt>
      <trkpt lat="22.5388754" lon="113.9363958"><ele>13.3</ele><time>2023-08-24T23:11:24Z</time></trkpt>
      <trkpt lat="22.5388952" lon="113.9363947"><ele>13.3</ele><time>2023-08-24T23:11:25Z</time></trkpt>
      <trkpt lat="22.5389152" lon="113.9363927"><ele>13.3</ele><time>2023-08-24T23:11:26Z</time></trkpt>
      <trkpt lat="22.5389359" lon="113.9363900"><ele>13.3</ele><time>2023-08-24T23:11:27Z</time></trkpt>
      <trkpt lat="22.5389563" lon="113.9363868"><ele>13.2</ele><time>2023-08-24T23:11:28Z</time></trkpt>
      <trkpt lat="22.5389751" lon="113.9363843"><ele>13.2</ele><time>2023-08-24T23:11:29Z</time></trkpt>
      <trkpt lat="22.5389947" lon="113.9363842"><ele>13.2</ele><time>2023-08-24T23:11:30Z</time></trkpt>
      <trkpt lat="22.5390149" lon="113.9363854"><ele>13.2</ele><time>2023-08-24T23:11:31Z</time></trkpt>
      <trkpt lat="22.5390340" lon="113.9363859"><ele>13.1</ele><time>2023-08-24T23:11:32Z</time></trkpt>
      <trkpt lat="22.5390529" lon="113.9363846"><ele>13.1</ele><time>2023-08-24T23:11:33Z</time></trkpt>
      <trkpt lat="22.5390716" lon="113.9363818"><ele>13.1</ele><time>2023-08-24T23:11:34Z</time></trkpt>
      <trkpt lat="22.5390900" lon="113.9363790"><ele>13.1</ele><time>2023-08-24T23:11:35Z</time></trkpt>
      <trkpt lat="22.5391081" lon="113.9363764"><ele>13.1</ele><time>2023-08-24T23:11:36Z</time></trkpt>
      <trkpt lat="22.5391265" lon="113.9363748"><ele>13.1</ele><time>2023-08-24T23:11:37Z</time></trkpt>
      <trkpt lat="22.5391448" lon="113.9363736"><ele>13.1</ele><time>2023-08-24T23:11:38Z</time></trkpt>
      <trkpt lat="22.5391628" lon="113.9363723"><ele>13.0</ele><time>2023-08-24T23:11:39Z</time></trkpt>
      <trkpt lat="22.5391805" lon="113.9363720"><ele>13.0</ele><time>2023-08-24T23:11:40Z</time></trkpt>
      <trkpt lat="22.5391988" lon="113.9363725"><ele>13.0</ele><time>2023-08-24T23:11:41Z</time></trkpt>
      <trkpt lat="22.5392169" lon="113.9363729"><ele>13.0</ele><time>2023-08-24T23:11:42Z</time></trkpt>
      <trkpt lat="22.5392347" lon="113.9363725"><ele>13.0</ele><time>2023-08-24T23:11:43Z</time></trkpt>
      <trkpt lat="22.5392529" lon="113.9363716"><ele>13.0</ele><time>2023-08-24T23:11:44Z</time></trkpt>
      <trkpt lat="22.5392715" lon="113.9363704"><ele>13.0</ele><time>2023-08-24T23:11:45Z</time></trkpt>
      <trkpt lat="22.5392901" lon="113.9363699"><ele>13.0</ele><time>2023-08-24T23:11:46Z</time></trkpt>
      <trkpt lat="22.5393086" lon="113.9363696"><ele>12.9</ele><time>2023-08-24T23:11:47Z</time></trkpt>
      <trkpt lat="22.5393264" lon="113.9363694"><ele>12.9</ele><time>2023-08-24T23:11:48Z</time></trkpt>
      <trkpt lat="22.5393437" lon="113.9363696"><ele>12.9</ele><time>2023-08-24T23:11:49Z</time></trkpt>
      <trkpt lat="22.5393610" lon="113.9363705"><ele>12.9</ele><time>2023-08-24T23:11:50Z</time></trkpt>
      <trkpt lat="22.5393787" lon="113.9363720"><ele>12.9</ele><time>2023-08-24T23:11:51Z</time></trkpt>
      <trkpt lat="22.5393962" lon="113.9363725"><ele>13.0</ele><time>2023-08-24T23:11:52Z</time></trkpt>
      <trkpt lat="22.5394127" lon="113.9363723"><ele>13.0</ele><time>2023-08-24T23:11:53Z</time></trkpt>
      <trkpt lat="22.5394287" lon="113.9363714"><ele>13.0</ele><time>2023-08-24T23:11:54Z</time></trkpt>
      <trkpt lat="22.5394454" lon="113.9363694"><ele>13.0</ele><time>2023-08-24T23:11:55Z</time></trkpt>
      <trkpt lat="22.5394631" lon="113.9363666"><ele>13.0</ele><time>2023-08-24T23:11:56Z</time></trkpt>
      <trkpt lat="22.5394806" lon="113.9363632"><ele>13.0</ele><time>2023-08-24T23:11:57Z</time></trkpt>
      <trkpt lat="22.5394981" lon="113.9363607"><ele>13.0</ele><time>2023-08-24T23:11:58Z</time></trkpt>
      <trkpt lat="22.5395153" lon="113.9363597"><ele>13.1</ele><time>2023-08-24T23:11:59Z</time></trkpt>
      <trkpt lat="22.5395322" lon="113.9363597"><ele>13.1</ele><time>2023-08-24T23:12:00Z</time></trkpt>
      <trkpt lat="22.5395494" lon="113.9363596"><ele>13.1</ele><time>2023-08-24T23:12:01Z</time></trkpt>
      <trkpt lat="22.5395671" lon="113.9363586"><ele>13.2</ele><time>2023-08-24T23:12:02Z</time></trkpt>
      <trkpt lat="22.5395846" lon="113.9363572"><ele>13.2</ele><time>2023-08-24T23:12:03Z</time></trkpt>
      <trkpt lat="22.5396019" lon="113.9363543"><ele>13.2</ele><time>2023-08-24T23:12:04Z</time></trkpt>
      <trkpt lat="22.5396190" lon="113.9363502"><ele>13.3</ele><time>2023-08-24T23:12:05Z</time></trkpt>
      <trkpt lat="22.5396363" lon="113.9363457"><ele>13.3</ele><time>2023-08-24T23:12:06Z</time></trkpt>
      <trkpt lat="22.5396539" lon="113.9363414"><ele>13.3</ele><time>2023-08-24T23:12:07Z</time></trkpt>
      <trkpt lat="22.5396713" lon="113.9363378"><ele>13.4</ele><time>2023-08-24T23:12:08Z</time></trkpt>
      <trkpt lat="22.5396879" lon="113.9363339"><ele>13.4</ele><time>2023-08-24T23:12:09Z</time></trkpt>
      <trkpt lat="22.5397045" lon="113.9363288"><ele>13.5</ele><time>2023-08-24T23:12:10Z</time></trkpt>
      <trkpt lat="22.5397211" lon="113.9363230"><ele>13.5</ele><time>2023-08-24T23:12:11Z</time></trkpt>
      <trkpt lat="22.5397369" lon="113.9363157"><ele>13.5</ele><time>2023-08-24T23:12:12Z</time></trkpt>
      <trkpt lat="22.5397521" lon="113.9363066"><ele>13.6</ele><time>2023-08-24T23:12:13Z</time></trkpt>
      <trkpt lat="22.5397667" lon="113.9362962"><ele>13.6</ele><time>2023-08-24T23:12:14Z</time></trkpt>
      <trkpt lat="22.5397809" lon="113.9362846"><ele>13.7</ele><time>2023-08-24T23:12:15Z</time></trkpt>
      <trkpt lat="22.5397949" lon="113.9362722"><ele>13.7</ele><time>2023-08-24T23:12:16Z</time></trkpt>
      <trkpt lat="22.5398087" lon="113.9362587"><ele>13.8</ele><time>2023-08-24T23:12:17Z</time></trkpt>
      <trkpt lat="22.5398211" lon="113.9362431"><ele>13.8</ele><time>2023-08-24T23:12:18Z</time></trkpt>
      <trkpt lat="22.5398324" lon="113.9362264"><ele>13.9</ele><time>2023-08-24T23:12:19Z</time></trkpt>
      <trkpt lat="22.5398432" lon="113.9362094"><ele>13.9</ele><time>2023-08-24T23:12:20Z</time></trkpt>
      <trkpt lat="22.5398542" lon="113.9361924"><ele>14.0</ele><time>2023-08-24T23:12:21Z</time></trkpt>
      <trkpt lat="22.5398656" lon="113.9361757"><ele>14.1</ele><time>2023-08-24T23:12:22Z</time></trkpt>
      <trkpt lat="22.5398759" lon="113.9361583"><ele>14.1</ele><time>2023-08-24T23:12:23Z</time></trkpt>
      <trkpt lat="22.5398848" lon="113.9361394"><ele>14.2</ele><time>2023-08-24T23:12:24Z</time></trkpt>
      <trkpt lat="22.5398926" lon="113.9361202"><ele>14.2</ele><time>2023-08-24T23:12:25Z</time></trkpt>
      <trkpt lat="22.5398996" lon="113.9361012"><ele>14.3</ele><time>2023-08-24T23:12:26Z</time></trkpt>
      <trkpt lat="22.5399063" lon="113.9360824"><ele>14.4</ele><time>2023-08-24T23:12:27Z</time></trkpt>
      <trkpt lat="22.5399125" lon="113.9360637"><ele>14.5</ele><time>2023-08-24T23:12:28Z</time></trkpt>
      <trkpt lat="22.5399168" lon="113.9360440"><ele>14.5</ele><time>2023-08-24T23:12:29Z</time></trkpt>
      <trkpt lat="22.5399197" lon="113.9360235"><ele>14.6</ele><time>2023-08-24T23:12:30Z</time></trkpt>
      <trkpt lat="22.5399221" lon="113.9360034"><ele>14.7</ele><time>2023-08-24T23:12:31Z</time></trkpt>
      <trkpt lat="22.5399239" lon="113.9359833"><ele>14.7</ele><time>2023-08-24T23:12:32Z</time></trkpt>
      <trkpt lat="22.5399256" lon="113.9359628"><ele>14.8</ele><time>2023-08-24T23:12:33Z</time></trkpt>
      <trkpt lat="22.5399275" lon="113.9359417"><ele>14.9</ele><time>2023-08-24T23:12:34Z</time></trkpt>
      <trkpt lat="22.5399294" lon="113.9359205"><ele>15.0</ele><time>2023-08-24T23:12:35Z</time></trkpt>
      <trkpt lat="22.5399307" lon="113.9359001"><ele>15.0</ele><time>2023-08-24T23:12:36Z</time></trkpt>
      <trkpt lat="22.5399297" lon="113.9358799"><ele>15.1</ele><time>2023-08-24T23:12:37Z</time></trkpt>
      <trkpt lat="22.5399279" lon="113.9358599"><ele>15.1</ele><time>2023-08-24T23:12:38Z</time></trkpt>
      <trkpt lat="22.5399260" lon="113.9358397"><ele>15.2</ele><time>2023-08-24T23:12:39Z</time></trkpt>
      <trkpt lat="22.5399226" lon="113.9358196"><ele>15.2</ele><time>2023-08-24T23:12:40Z</time></trkpt>
      <trkpt lat="22.5399180" lon="113.9357999"><ele>15.3</ele><time>2023-08-24T23:12:41Z</time></trkpt>
      <trkpt lat="22.5399146" lon="113.9357800"><ele>15.3</ele><time>2023-08-24T23:12:42Z</time></trkpt>
      <trkpt lat="22.5399115" lon="113.9357599"><ele>15.4</ele><time>2023-08-24T23:12:43Z</time></trkpt>
      <trkpt lat="22.5399051" lon="113.9357406"><ele>15.4</ele><time>2023-08-24T23:12:44Z</time></trkpt>
      <trkpt lat="22.5398964" lon="113.9357225"><ele>15.5</ele><time>2023-08-24T23:12:45Z</time></trkpt>
      <trkpt lat="22.5398878" lon="113.9357044"><ele>15.5</ele><time>2023-08-24T23:12:46Z</time></trkpt>
      <trkpt lat="22.5398790" lon="113.9356860"><ele>15.6</ele><time>2023-08-24T23:12:47Z</time></trkpt>
      <trkpt lat="22.5398685" lon="113.9356680"><ele>15.6</ele><time>2023-08-24T23:12:48Z</time></trkpt>
      <trkpt lat="22.5398575" lon="113.9356500"><ele>15.6</ele><time>2023-08-24T23:12:49Z</time></trkpt>
      <trkpt lat="22.5398458" lon="113.9356324"><ele>15.6</ele><time>2023-08-24T23:12:50Z</time></trkpt>
      <trkpt lat="22.5398329" lon="113.9356159"><ele>15.7</ele><time>2023-08-24T23:12:51Z</time></trkpt>
      <trkpt lat="22.5398193" lon="113.9355996"><ele>15.7</ele><time>2023-08-24T23:12:52Z</time></trkpt>
      <trkpt lat="22.5398053" lon="113.9355839"><ele>15.7</ele><time>2023-08-24T23:12:53Z</time></trkpt>
      <trkpt lat="22.5397912" lon="113.9355690"><ele>15.7</ele><time>2023-08-24T23:12:54Z</time></trkpt>
      <trkpt lat="22.5397768" lon="113.9355552"><ele>15.8</ele><time>2023-08-24T23:12:55Z</time></trkpt>
      <trkpt lat="22.5397607" lon="113.9355426"><ele>15.8</ele><time>2023-08-24T23:12:56Z</time></trkpt>
      <trkpt lat="22.5397428" lon="113.9355308"><ele>15.8</ele><time>2023-08-24T23:12:57Z</time></trkpt>
      <trkpt lat="22.5397246" lon="113.9355195"><ele>15.8</ele><time>2023-08-24T23:12:58Z</time></trkpt>
      <trkpt lat="22.5397069" lon="113.9355083"><ele>15.8</ele><time>2023-08-24T23:12:59Z</time></trkpt>
      <trkpt lat="22.5396891" lon="113.9354974"><ele>15.8</ele><time>2023-08-24T23:13:00Z</time></trkpt>
      <trkpt lat="22.5396702" lon="113.9354872"><ele>15.8</ele><time>2023-08-24T23:13:01Z</time></trkpt>
      <trkpt lat="22.5396502" lon="113.9354782"><ele>15.8</ele><time>2023-08-24T23:13:02Z</time></trkpt>
      <trkpt lat="22.5396286" lon="113.9354705"><ele>15.8</ele><time>2023-08-24T23:13:03Z</time></trkpt>
      <trkpt lat="22.5396061" lon="113.9354640"><ele>15.8</ele><time>2023-08-24T23:13:04Z</time></trkpt>
      <trkpt lat="22.5395826" lon="113.9354590"><ele>15.8</ele><time>2023-08-24T23:13:05Z</time></trkpt>
      <trkpt lat="22.5395585" lon="113.9354553"><ele>15.8</ele><time>2023-08-24T23:13:06Z</time></trkpt>
      <trkpt lat="22.5395340" lon="113.9354536"><ele>15.8</ele><time>2023-08-24T23:13:07Z</time></trkpt>
      <trkpt lat="22.5395090" lon="113.9354535"><ele>15.8</ele><time>2023-08-24T23:13:08Z</time></trkpt>
      <trkpt lat="22.5394837" lon="113.9354542"><ele>15.8</ele><time>2023-08-24T23:13:09Z</time></trkpt>
      <trkpt lat="22.5394584" lon="113.9354548"><ele>15.8</ele><time>2023-08-24T23:13:10Z</time></trkpt>
      <trkpt lat="22.5394339" lon="113.9354552"><ele>15.8</ele><time>2023-08-24T23:13:11Z</time></trkpt>
      <trkpt lat="22.5394096" lon="113.9354566"><ele>15.8</ele><time>2023-08-24T23:13:12Z</time></trkpt>
      <trkpt lat="22.5393847" lon="113.9354583"><ele>15.8</ele><time>2023-08-24T23:13:13Z</time></trkpt>
      <trkpt lat="22.5393590" lon="113.9354594"><ele>15.8</ele><time>2023-08-24T23:13:14Z</time></trkpt>
      <trkpt lat="22.5393333" lon="113.9354600"><ele>15.7</ele><time>2023-08-24T23:13:15Z</time></trkpt>
      <trkpt lat="22.5393075" lon="113.9354599"><ele>15.7</ele><time>2023-08-24T23:13:16Z</time></trkpt>
      <trkpt lat="22.5392806" lon="113.9354587"><ele>15.7</ele><time>2023-08-24T23:13:17Z</time></trkpt>
      <trkpt lat="22.5392529" lon="113.9354577"><ele>15.7</ele><time>2023-08-24T23:13:18Z</time></trkpt>
      <trkpt lat="22.5392257" lon="113.9354564"><ele>15.7</ele><time>2023-08-24T23:13:19Z</time></trkpt>
      <trkpt lat="22.5391998" lon="113.9354536"><ele>15.7</ele><time>2023-08-24T23:13:20Z</time></trkpt>
      <trkpt lat="22.5391736" lon="113.9354508"><ele>15.7</ele><time>2023-08-24T23:13:21Z</time></trkpt>
      <trkpt lat="22.5391464" lon="113.9354490"><ele>15.7</ele><time>2023-08-24T23:13:22Z</time></trkpt>
      <trkpt lat="22.5391186" lon="113.9354486"><ele>15.7</ele><time>2023-08-24T23:13:23Z</time></trkpt>
      <trkpt lat="22.5390909" lon="113.9354492"><ele>15.7</ele><time>2023-08-24T23:13:24Z</time></trkpt>
      <trkpt lat="22.5390649" lon="113.9354490"><ele>15.7</ele><time>2023-08-24T23:13:25Z</time></trkpt>
      <trkpt lat="22.5390395" lon="113.9354479"><ele>15.8</ele><time>2023-08-24T23:13:26Z</time></trkpt>
      <trkpt lat="22.5390142" lon="113.9354480"><ele>15.8</ele><time>2023-08-24T23:13:27Z</time></trkpt>
      <trkpt lat="22.5389891" lon="113.9354481"><ele>15.8</ele><time>2023-08-24T23:13:28Z</time></trkpt>
      <trkpt lat="22.5389642" lon="113.9354479"><ele>15.8</ele><time>2023-08-24T23:13:29Z</time></trkpt>
      <trkpt lat="22.5389398" lon="113.9354486"><ele>15.8</ele><time>2023-08-24T23:13:30Z</time></trkpt>
      <trkpt lat="22.5389156" lon="113.9354498"><ele>15.9</ele><time>2023-08-24T23:13:31Z</time></trkpt>
      <trkpt lat="22.5388916" lon="113.9354515"><ele>15.9</ele><time>2023-08-24T23:13:32Z</time></trkpt>
      <trkpt lat="22.5388674" lon="113.9354546"><ele>15.9</ele><time>2023-08-24T23:13:33Z</time></trkpt>
      <trkpt lat="22.5388435" lon="113.9354589"><ele>16.0</ele><time>2023-08-24T23:13:34Z</time></trkpt>
      <trkpt lat="22.5388195" lon="113.9354630"><ele>16.0</ele><time>2023-08-24T23:13:35Z</time></trkpt>
      <trkpt lat="22.5387945" lon="113.9354661"><ele>16.0</ele><time>2023-08-24T23:13:36Z</time></trkpt>
      <trkpt lat="22.5387683" lon="113.9354682"><ele>16.0</ele><time>2023-08-24T23:13:37Z</time></trkpt>
      <trkpt lat="22.5387409" lon="113.9354700"><ele>16.1</ele><time>2023-08-24T23:13:38Z</time></trkpt>
      <trkpt lat="22.5387132" lon="113.9354720"><ele>16.1</ele><time>2023-08-24T23:13:39Z</time></trkpt>
      <trkpt lat="22.5386855" lon="113.9354752"><ele>16.1</ele><time>2023-08-24T23:13:40Z</time></trkpt>
      <trkpt lat="22.5386580" lon="113.9354811"><ele>16.2</ele><time>2023-08-24T23:13:41Z</time></trkpt>
      <trkpt lat="22.5386315" lon="113.9354899"><ele>16.2</ele><time>2023-08-24T23:13:42Z</time></trkpt>
      <trkpt lat="22.5386058" lon="113.9355007"><ele>16.2</ele><time>2023-08-24T23:13:43Z</time></trkpt>
      <trkpt lat="22.5385808" lon="113.9355132"><ele>16.2</ele><time>2023-08-24T23:13:44Z</time></trkpt>
      <trkpt lat="22.5385575" lon="113.9355271"><ele>16.2</ele><time>2023-08-24T23:13:45Z</time></trkpt>
      <trkpt lat="22.5385362" lon="113.9355430"><ele>16.2</ele><time>2023-08-24T23:13:46Z</time></trkpt>
      <trkpt lat="22.5385168" lon="113.9355617"><ele>16.2</ele><time>2023-08-24T23:13:47Z</time></trkpt>
      <trkpt lat="22.5384999" lon="113.9355818"><ele>16.2</ele><time>2023-08-24T23:13:48Z</time></trkpt>
      <trkpt lat="22.5384847" lon="113.9356022"><ele>16.2</ele><time>2023-08-24T23:13:49Z</time></trkpt>
      <trkpt lat="22.5384703" lon="113.9356215"><ele>16.2</ele><time>2023-08-24T23:13:50Z</time></trkpt>
      <trkpt lat="22.5384562" lon="113.9356400"><ele>16.2</ele><time>2023-08-24T23:13:51Z</time></trkpt>
      <trkpt lat="22.5384425" lon="113.9356594"><ele>16.2</ele><time>2023-08-24T23:13:52Z</time></trkpt>
      <trkpt lat="22.5384289" lon="113.9356792"><ele>16.2</ele><time>2023-08-24T23:13:53Z</time></trkpt>
      <trkpt lat="22.5384163" lon="113.9357000"><ele>16.2</ele><time>2023-08-24T23:13:54Z</time></trkpt>
      <trkpt lat="22.5384053" lon="113.9357225"><ele>16.1</ele><time>2023-08-24T23:13:55Z</time></trkpt>
      <trkpt lat="22.5383968" lon="113.9357454"><ele>16.1</ele><time>2023-08-24T23:13:56Z</time></trkpt>
      <trkpt lat="22.5383892" lon="113.9357681"><ele>16.1</ele><time>2023-08-24T23:13:57Z</time></trkpt>
      <trkpt lat="22.5383821" lon="113.9357896"><ele>16.0</ele><time>2023-08-24T23:13:58Z</time></trkpt>
      <trkpt lat="22.5383767" lon="113.9358099"><ele>16.0</ele><time>2023-08-24T23:13:59Z</time></trkpt>
      <trkpt lat="22.5383730" lon="113.9358302"><ele>15.9</ele><time>2023-08-24T23:14:00Z</time></trkpt>
      <trkpt lat="22.5383709" lon="113.9358509"><ele>15.9</ele><time>2023-08-24T23:14:01Z</time></trkpt>
      <trkpt lat="22.5383705" lon="113.9358734"><ele>15.8</ele><time>2023-08-24T23:14:02Z</time></trkpt>
      <trkpt lat="22.5383714" lon="113.9358974"><ele>15.8</ele><time>2023-08-24T23:14:03Z</time></trkpt>
      <trkpt lat="22.5383727" lon="113.9359214"><ele>15.7</ele><time>2023-08-24T23:14:04Z</time></trkpt>
      <trkpt lat="22.5383732" lon="113.9359450"><ele>15.7</ele><time>2023-08-24T23:14:05Z</time></trkpt>
      <trkpt lat="22.5383730" lon="113.9359674"><ele>15.6</ele><time>2023-08-24T23:14:06Z</time></trkpt>
      <trkpt lat="22.5383733" lon="113.9359890"><ele>15.6</ele><time>2023-08-24T23:14:07Z</time></trkpt>
      <trkpt lat="22.5383748" lon="113.9360111"><ele>15.5</ele><time>2023-08-24T23:14:08Z</time></trkpt>
      <trkpt lat="22.5383776" lon="113.9360330"><ele>15.4</ele><time>2023-08-24T23:14:09Z</time></trkpt>
      <trkpt lat="22.5383822" lon="113.9360544"><ele>15.4</ele><time>2023-08-24T23:14:10Z</time></trkpt>
      <trkpt lat="22.5383882" lon="113.9360760"><ele>15.3</ele><time>2023-08-24T23:14:11Z</time></trkpt>
      <trkpt lat="22.5383950" lon="113.9360975"><ele>15.2</ele><time>2023-08-24T23:14:12Z</time></trkpt>
      <trkpt lat="22.5384031" lon="113.9361186"><ele>15.2</ele><time>2023-08-24T23:14:13Z</time></trkpt>
      <trkpt lat="22.5384125" lon="113.9361390"><ele>15.1</ele><time>2023-08-24T23:14:14Z</time></trkpt>
      <trkpt lat="22.5384224" lon="113.9361590"><ele>15.1</ele><time>2023-08-24T23:14:15Z</time></trkpt>
      <trkpt lat="22.5384325" lon="113.9361776"><ele>15.0</ele><time>2023-08-24T23:14:16Z</time></trkpt>
      <trkpt lat="22.5384420" lon="113.9361931"><ele>15.0</ele><time>2023-08-24T23:14:17Z</time></trkpt>
      <trkpt lat="22.5384512" lon="113.9362062"><ele>14.9</ele><time>2023-08-24T23:14:18Z</time></trkpt>
      <trkpt lat="22.5384612" lon="113.9362198"><ele>14.9</ele><time>2023-08-24T23:14:19Z</time></trkpt>
      <trkpt lat="22.5384713" lon="113.9362351"><ele>14.8</ele><time>2023-08-24T23:14:20Z</time></trkpt>
      <trkpt lat="22.5384819" lon="113.9362513"><ele>14.8</ele><time>2023-08-24T23:14:21Z</time></trkpt>
      <trkpt lat="22.5384942" lon="113.9362678"><ele>14.7</ele><time>2023-08-24T23:14:22Z</time></trkpt>
      <trkpt lat="22.5385081" lon="113.9362834"><ele>14.7</ele><time>2023-08-24T23:14:23Z</time></trkpt>
      <trkpt lat="22.5385233" lon="113.9362973"><ele>14.6</ele><time>2023-08-24T23:14:24Z</time></trkpt>
      <trkpt lat="22.5385393" lon="113.9363097"><ele>14.6</ele><time>2023-08-24T23:14:25Z</time></trkpt>
      <trkpt lat="22.5385554" lon="113.9363205"><ele>14.6</ele><time>2023-08-24T23:14:26Z</time></trkpt>
      <trkpt lat="22.5385709" lon="113.9363300"><ele>14.5</ele><time>2023-08-24T23:14:27Z</time></trkpt>
      <trkpt lat="22.5385858" lon="113.9363391"><ele>14.5</ele><time>2023-08-24T23:14:28Z</time></trkpt>
      <trkpt lat="22.5386007" lon="113.9363486"><ele>14.5</ele><time>2023-08-24T23:14:29Z</time></trkpt>
      <trkpt lat="22.5386166" lon="113.9363583"><ele>14.4</ele><time>2023-08-24T23:14:30Z</time></trkpt>
      <trkpt lat="22.5386333" lon="113.9363670"><ele>14.4</ele><time>2023-08-24T23:14:31Z</time></trkpt>
      <trkpt lat="22.5386504" lon="113.9363743"><ele>14.4</ele><time>2023-08-24T23:14:32Z</time></trkpt>
      <trkpt lat="22.5386685" lon="113.9363803"><ele>14.3</ele><time>2023-08-24T23:14:33Z</time></trkpt>
      <trkpt lat="22.5386869" lon="113.9363853"><ele>14.3</ele><time>2023-08-24T23:14:34Z</time></trkpt>
      <trkpt lat="22.5387049" lon="113.9363896"><ele>14.3</ele><time>2023-08-24T23:14:35Z</time></trkpt>
      <trkpt lat="22.5387235" lon="113.9363934"><ele>14.3</ele><time>2023-08-24T23:14:36Z</time></trkpt>
      <trkpt lat="22.5387426" lon="113.9363982"><ele>14.2</ele><time>2023-08-24T23:14:37Z</time></trkpt>
      <trkpt lat="22.5387620" lon="113.9364034"><ele>14.2</ele><time>2023-08-24T23:14:38Z</time></trkpt>
      <trkpt lat="22.5387815" lon="113.9364073"><ele>14.2</ele><time>2023-08-24T23:14:39Z</time></trkpt>
      <trkpt lat="22.5388003" lon="113.9364087"><ele>14.2</ele><time>2023-08-24T23:14:40Z</time></trkpt>
      <trkpt lat="22.5388188" lon="113.9364072"><ele>14.1</ele><time>2023-08-24T23:14:41Z</time></trkpt>
      <trkpt lat="22.5388371" lon="113.9364046"><ele>14.1</ele><time>2023-08-24T23:14:42Z</time></trkpt>
      <trkpt lat="22.5388554" lon="113.9364020"><ele>14.1</ele><time>2023-08-24T23:14:43Z</time></trkpt>
      <trkpt lat="22.5388740" lon="113.9363999"><ele>14.1</ele><time>2023-08-24T23:14:44Z</time></trkpt>
      <trkpt lat="22.5388925" lon="113.9363988"><ele>14.0</ele><time>2023-08-24T23:14:45Z</time></trkpt>
      <trkpt lat="22.5389108" lon="113.9363978"><ele>14.0</ele><time>2023-08-24T23:14:46Z</time></trkpt>
      <trkpt lat="22.5389287" lon="113.9363970"><ele>14.0</ele><time>2023-08-24T23:14:47Z</time></trkpt>
      <trkpt lat="22.5389469" lon="113.9363964"><ele>14.0</ele><time>2023-08-24T23:14:48Z</time></trkpt>
      <trkpt lat="22.5389659" lon="113.9363945"><ele>13.9</ele><time>2023-08-24T23:14:49Z</time></trkpt>
      <trkpt lat="22.5389850" lon="113.9363914"><ele>13.9</ele><time>2023-08-24T23:14:50Z</time></trkpt>
      <trkpt lat="22.5390039" lon="113.9363889"><ele>13.9</ele><time>2023-08-24T23:14:51Z</time></trkpt>
      <trkpt lat="22.5390229" lon="113.9363876"><ele>13.9</ele><time>2023-08-24T23:14:52Z</time></trkpt>
      <trkpt lat="22.5390416" lon="113.9363871"><ele>13.8</ele><time>2023-08-24T23:14:53Z</time></trkpt>
      <trkpt lat="22.5390599" lon="113.9363869"><ele>13.8</ele><time>2023-08-24T23:14:54Z</time></trkpt>
      <trkpt lat="22.5390784" lon="113.9363868"><ele>13.8</ele><time>2023-08-24T23:14:55Z</time></trkpt>
      <trkpt lat="22.5390964" lon="113.9363875"><ele>13.8</ele><time>2023-08-24T23:14:56Z</time></trkpt>
      <trkpt lat="22.5391137" lon="113.9363892"><ele>13.8</ele><time>2023-08-24T23:14:57Z</time></trkpt>
      <trkpt lat="22.5391308" lon="113.9363910"><ele>13.7</ele><time>2023-08-24T23:14:58Z</time></trkpt>
    </trkseg>
  </trk>
  <extensions>
    <distance>5116.46</distance>
    <moving_time>2414.79</moving_time>
    <elapsed_time>2414.79</elapsed_time>
    <average_speed>2.12</average_speed>
    <start_time>2023-08-24T22:36:21Z</start_time>
    <end_time>2023-08-24T23:16:36Z</end_time>
    <average_hr>166.21</average_hr>
  </extensions>
</gpx>
