<?xml version="1.0" encoding="UTF-8"?>
<gpx version="1.1" creator="RunSync" xmlns="http://www.topografix.com/GPX/1/1">
  <metadata><time>2023-12-22T00:35:38Z</time></metadata>
  <trk>
    <name>跑步</name>
    <type>running</type>
    <trkseg>
      <trkpt lat="25.7387616" lon="100.1677986"><ele>1966.2</ele><time>2023-12-22T00:37:06Z</time></trkpt>
      <trkpt lat="25.7387631" lon="100.1678226"><ele>1966.3</ele><time>2023-12-22T00:37:07Z</time></trkpt>
      <trkpt lat="25.7387630" lon="100.1678465"><ele>1966.4</ele><time>2023-12-22T00:37:08Z</time></trkpt>
      <trkpt lat="25.7387620" lon="100.1678705"><ele>1966.5</ele><time>2023-12-22T00:37:09Z</time></trkpt>
      <trkpt lat="25.7387600" lon="100.1678945"><ele>1966.5</ele><time>2023-12-22T00:37:10Z</time></trkpt>
      <trkpt lat="25.7387567" lon="100.1679183"><ele>1966.6</ele><time>2023-12-22T00:37:11Z</time></trkpt>
      <trkpt lat="25.7387528" lon="100.1679424"><ele>1966.7</ele><time>2023-12-22T00:37:12Z</time></trkpt>
      <trkpt lat="25.7387483" lon="100.1679671"><ele>1966.7</ele><time>2023-12-22T00:37:13Z</time></trkpt>
      <trkpt lat="25.7387430" lon="100.1679921"><ele>1966.8</ele><time>2023-12-22T00:37:14Z</time></trkpt>
      <trkpt lat="25.7387366" lon="100.1680164"><ele>1966.8</ele><time>2023-12-22T00:37:15Z</time></trkpt>
      <trkpt lat="25.7387287" lon="100.1680397"><ele>1966.8</ele><time>2023-12-22T00:37:16Z</time></trkpt>
      <trkpt lat="25.7387191" lon="100.1680615"><ele>1966.8</ele><time>2023-12-22T00:37:17Z</time></trkpt>
      <trkpt lat="25.7387075" lon="100.1680831"><ele>1966.8</ele><time>2023-12-22T00:37:18Z</time></trkpt>
      <trkpt lat="25.7386945" lon="100.1681054"><ele>1966.8</ele><time>2023-12-22T00:37:19Z</time></trkpt>
      <trkpt lat="25.7386811" lon="100.1681281"><ele>1966.8</ele><time>2023-12-22T00:37:20Z</time></trkpt>
      <trkpt lat="25.7386678" lon="100.1681503"><ele>1966.8</ele><time>2023-12-22T00:37:21Z</time></trkpt>
      <trkpt lat="25.7386545" lon="100.1681712"><ele>1966.8</ele><time>2023-12-22T00:37:22Z</time></trkpt>
      <trkpt lat="25.7386407" lon="100.1681910"><ele>1966.8</ele><time>2023-12-22T00:37:23Z</time></trkpt>
      <trkpt lat="25.7386270" lon="100.1682100"><ele>1966.8</ele><time>2023-12-22T00:37:24Z</time></trkpt>
      <trkpt lat="25.7386148" lon="100.1682288"><ele>1966.8</ele><time>2023-12-22T00:37:25Z</time></trkpt>
      <trkpt lat="25.7386046" lon="100.1682479"><ele>1966.8</ele><time>2023-12-22T00:37:26Z</time></trkpt>
      <trkpt lat="25.7385955" lon="100.1682676"><ele>1966.9</ele><time>2023-12-22T00:37:27Z</time></trkpt>
      <trkpt lat="25.7385862" lon="100.1682871"><ele>1966.9</ele><time>2023-12-22T00:37:28Z</time></trkpt>
      <trkpt lat="25.7385772" lon="100.1683068"><ele>1966.9</ele><time>2023-12-22T00:37:29Z</time></trkpt>
      <trkpt lat="25.7385693" lon="100.1683267"><ele>1967.0</ele><time>2023-12-22T00:37:30Z</time></trkpt>
      <trkpt lat="25.7385623" lon="100.1683469"><ele>1967.0</ele><time>2023-12-22T00:37:31Z</time></trkpt>
      <trkpt lat="25.7385556" lon="100.1683675"><ele>1967.0</ele><time>2023-12-22T00:37:32Z</time></trkpt>
      <trkpt lat="25.7385488" lon="100.1683881"><ele>1967.1</ele><time>2023-12-22T00:37:33Z</time></trkpt>
      <trkpt lat="25.7385420" lon="100.1684084"><ele>1967.1</ele><time>2023-12-22T00:37:34Z</time></trkpt>
      <trkpt lat="25.7385351" lon="100.1684284"><ele>1967.1</ele><time>2023-12-22T00:37:35Z</time></trkpt>
      <trkpt lat="25.7385278" lon="100.1684484"><ele>1967.1</ele><time>2023-12-22T00:37:36Z</time></trkpt>
      <trkpt lat="25.7385206" lon="100.1684686"><ele>1967.1</ele><time>2023-12-22T00:37:37Z</time></trkpt>
      <trkpt lat="25.7385144" lon="100.1684892"><ele>1967.2</ele><time>2023-12-22T00:37:38Z</time></trkpt>
      <trkpt lat="25.7385081" lon="100.1685098"><ele>1967.2</ele><time>2023-12-22T00:37:39Z</time></trkpt>
      <trkpt lat="25.7385009" lon="100.1685301"><ele>1967.2</ele><time>2023-12-22T00:37:40Z</time></trkpt>
      <trkpt lat="25.7384936" lon="100.1685502"><ele>1967.2</ele><time>2023-12-22T00:37:41Z</time></trkpt>
      <trkpt lat="25.7384862" lon="100.1685703"><ele>1967.2</ele><time>2023-12-22T00:37:42Z</time></trkpt>
      <trkpt lat="25.7384782" lon="100.1685900"><ele>1967.2</ele><time>2023-12-22T00:37:43Z</time></trkpt>
      <trkpt lat="25.7384698" lon="100.1686096"><ele>1967.2</ele><time>2023-12-22T00:37:44Z</time></trkpt>
      <trkpt lat="25.7384615" lon="100.1686297"><ele>1967.2</ele><time>2023-12-22T00:37:45Z</time></trkpt>
      <trkpt lat="25.7384530" lon="100.1686498"><ele>1967.2</ele><time>2023-12-22T00:37:46Z</time></trkpt>
      <trkpt lat="25.7384442" lon="100.1686701"><ele>1967.2</ele><time>2023-12-22T00:37:47Z</time></trkpt>
      <trkpt lat="25.7384354" lon="100.1686906"><ele>1967.2</ele><time>2023-12-22T00:37:48Z</time></trkpt>
      <trkpt lat="25.7384267" lon="100.1687109"><ele>1967.1</ele><time>2023-12-22T00:37:49Z</time></trkpt>
      <trkpt lat="25.7384187" lon="100.1687313"><ele>1967.1</ele><time>2023-12-22T00:37:50Z</time></trkpt>
      <trkpt lat="25.7384115" lon="100.1687516"><ele>1967.0</ele><time>2023-12-22T00:37:51Z</time></trkpt>
      <trkpt lat="25.7384044" lon="100.1687719"><ele>1966.9</ele><time>2023-12-22T00:37:52Z</time></trkpt>
      <trkpt lat="25.7383968" lon="100.1687926"><ele>1966.8</ele><time>2023-12-22T00:37:53Z</time></trkpt>
      <trkpt lat="25.7383889" lon="100.1688136"><ele>1966.7</ele><time>2023-12-22T00:37:54Z</time></trkpt>
      <trkpt lat="25.7383808" lon="100.1688340"><ele>1966.7</ele><time>2023-12-22T00:37:55Z</time></trkpt>
      <trkpt lat="25.7383722" lon="100.1688538"><ele>1966.6</ele><time>2023-12-22T00:37:56Z</time></trkpt>
      <trkpt lat="25.7383627" lon="100.1688733"><ele>1966.5</ele><time>2023-12-22T00:37:57Z</time></trkpt>
      <trkpt lat="25.7383529" lon="100.1688937"><ele>1966.4</ele><time>2023-12-22T00:37:58Z</time></trkpt>
      <trkpt lat="25.7383436" lon="100.1689153"><ele>1966.3</ele><time>2023-12-22T00:37:59Z</time></trkpt>
      <trkpt lat="25.7383354" lon="100.1689375"><ele>1966.3</ele><time>2023-12-22T00:38:00Z</time></trkpt>
      <trkpt lat="25.7383278" lon="100.1689597"><ele>1966.2</ele><time>2023-12-22T00:38:01Z</time></trkpt>
      <trkpt lat="25.7383199" lon="100.1689813"><ele>1966.2</ele><time>2023-12-22T00:38:02Z</time></trkpt>
      <trkpt lat="25.7383115" lon="100.1690024"><ele>1966.2</ele><time>2023-12-22T00:38:03Z</time></trkpt>
      <trkpt lat="25.7383025" lon="100.1690232"><ele>1966.2</ele><time>2023-12-22T00:38:04Z</time></trkpt>
      <trkpt lat="25.7382935" lon="100.1690440"><ele>1966.2</ele><time>2023-12-22T00:38:05Z</time></trkpt>
      <trkpt lat="25.7382851" lon="100.1690654"><ele>1966.3</ele><time>2023-12-22T00:38:06Z</time></trkpt>
      <trkpt lat="25.7382778" lon="100.1690874"><ele>1966.3</ele><time>2023-12-22T00:38:07Z</time></trkpt>
      <trkpt lat="25.7382718" lon="100.1691099"><ele>1966.3</ele><time>2023-12-22T00:38:08Z</time></trkpt>
      <trkpt lat="25.7382665" lon="100.1691328"><ele>1966.4</ele><time>2023-12-22T00:38:09Z</time></trkpt>
      <trkpt lat="25.7382616" lon="100.1691567"><ele>1966.4</ele><time>2023-12-22T00:38:10Z</time></trkpt>
      <trkpt lat="25.7382566" lon="100.1691811"><ele>1966.4</ele><time>2023-12-22T00:38:11Z</time></trkpt>
      <trkpt lat="25.7382518" lon="100.1692057"><ele>1966.4</ele><time>2023-12-22T00:38:12Z</time></trkpt>
      <trkpt lat="25.7382483" lon="100.1692306"><ele>1966.4</ele><time>2023-12-22T00:38:13Z</time></trkpt>
      <trkpt lat="25.7382461" lon="100.1692555"><ele>1966.5</ele><time>2023-12-22T00:38:14Z</time></trkpt>
      <trkpt lat="25.7382444" lon="100.1692801"><ele>1966.4</ele><time>2023-12-22T00:38:15Z</time></trkpt>
      <trkpt lat="25.7382422" lon="100.1693043"><ele>1966.4</ele><time>2023-12-22T00:38:16Z</time></trkpt>
      <trkpt lat="25.7382392" lon="100.1693287"><ele>1966.4</ele><time>2023-12-22T00:38:17Z</time></trkpt>
      <trkpt lat="25.7382359" lon="100.1693532"><ele>1966.4</ele><time>2023-12-22T00:38:18Z</time></trkpt>
      <trkpt lat="25.7382314" lon="100.1693774"><ele>1966.4</ele><time>2023-12-22T00:38:19Z</time></trkpt>
      <trkpt lat="25.7382262" lon="100.1694015"><ele>1966.4</ele><time>2023-12-22T00:38:20Z</time></trkpt>
      <trkpt lat="25.7382215" lon="100.1694263"><ele>1966.3</ele><time>2023-12-22T00:38:21Z</time></trkpt>
      <trkpt lat="25.7382174" lon="100.1694514"><ele>1966.3</ele><time>2023-12-22T00:38:22Z</time></trkpt>
      <trkpt lat="25.7382134" lon="100.1694763"><ele>1966.3</ele><time>2023-12-22T00:38:23Z</time></trkpt>
      <trkpt lat="25.7382090" lon="100.1695012"><ele>1966.3</ele><time>2023-12-22T00:38:24Z</time></trkpt>
      <trkpt lat="25.7382046" lon="100.1695259"><ele>1966.2</ele><time>2023-12-22T00:38:25Z</time></trkpt>
      <trkpt lat="25.7382008" lon="100.1695505"><ele>1966.2</ele><time>2023-12-22T00:38:26Z</time></trkpt>
      <trkpt lat="25.7381968" lon="100.1695747"><ele>1966.2</ele><time>2023-12-22T00:38:27Z</time></trkpt>
      <trkpt lat="25.7381922" lon="100.1695987"><ele>1966.2</ele><time>2023-12-22T00:38:28Z</time></trkpt>
      <trkpt lat="25.7381874" lon="100.1696226"><ele>1966.2</ele><time>2023-12-22T00:38:29Z</time></trkpt>
      <trkpt lat="25.7381827" lon="100.1696463"><ele>1966.2</ele><time>2023-12-22T00:38:30Z</time></trkpt>
      <trkpt lat="25.7381790" lon="100.1696698"><ele>1966.3</ele><time>2023-12-22T00:38:31Z</time></trkpt>
      <trkpt lat="25.7381772" lon="100.1696929"><ele>1966.3</ele><time>2023-12-22T00:38:32Z</time></trkpt>
      <trkpt lat="25.7381766" lon="100.1697155"><ele>1966.3</ele><time>2023-12-22T00:38:33Z</time></trkpt>
      <trkpt lat="25.7381759" lon="100.1697386"><ele>1966.3</ele><time>2023-12-22T00:38:34Z</time></trkpt>
      <trkpt lat="25.7381749" lon="100.1697622"><ele>1966.3</ele><time>2023-12-22T00:38:35Z</time></trkpt>
      <trkpt lat="25.7381738" lon="100.1697860"><ele>1966.4</ele><time>2023-12-22T00:38:36Z</time></trkpt>
      <trkpt lat="25.7381726" lon="100.1698099"><ele>1966.4</ele><time>2023-12-22T00:38:37Z</time></trkpt>
      <trkpt lat="25.7381709" lon="100.1698333"><ele>1966.5</ele><time>2023-12-22T00:38:38Z</time></trkpt>
      <trkpt lat="25.7381682" lon="100.1698563"><ele>1966.6</ele><time>2023-12-22T00:38:39Z</time></trkpt>
      <trkpt lat="25.7381648" lon="100.1698794"><ele>1966.6</ele><time>2023-12-22T00:38:40Z</time></trkpt>
      <trkpt lat="25.7381616" lon="100.1699029"><ele>1966.7</ele><time>2023-12-22T00:38:41Z</time></trkpt>
      <trkpt lat="25.7381590" lon="100.1699262"><ele>1966.8</ele><time>2023-12-22T00:38:42Z</time></trkpt>
      <trkpt lat="25.7381564" lon="100.1699487"><ele>1966.8</ele><time>2023-12-22T00:38:43Z</time></trkpt>
      <trkpt lat="25.7381537" lon="100.1699708"><ele>1966.9</ele><time>2023-12-22T00:38:44Z</time></trkpt>
      <trkpt lat="25.7381512" lon="100.1699929"><ele>1967.0</ele><time>2023-12-22T00:38:45Z</time></trkpt>
      <trkpt lat="25.7381494" lon="100.1700155"><ele>1967.1</ele><time>2023-12-22T00:38:46Z</time></trkpt>
      <trkpt lat="25.7381482" lon="100.1700384"><ele>1967.2</ele><time>2023-12-22T00:38:47Z</time></trkpt>
      <trkpt lat="25.7381474" lon="100.1700615"><ele>1967.2</ele><time>2023-12-22T00:38:48Z</time></trkpt>
      <trkpt lat="25.7381464" lon="100.1700844"><ele>1967.3</ele><time>2023-12-22T00:38:49Z</time></trkpt>
      <trkpt lat="25.7381449" lon="100.1701069"><ele>1967.3</ele><time>2023-12-22T00:38:50Z</time></trkpt>
      <trkpt lat="25.7381429" lon="100.1701289"><ele>1967.4</ele><time>2023-12-22T00:38:51Z</time></trkpt>
      <trkpt lat="25.7381408" lon="100.1701510"><ele>1967.4</ele><time>2023-12-22T00:38:52Z</time></trkpt>
      <trkpt lat="25.7381386" lon="100.1701738"><ele>1967.4</ele><time>2023-12-22T00:38:53Z</time></trkpt>
      <trkpt lat="25.7381362" lon="100.1701967"><ele>1967.4</ele><time>2023-12-22T00:38:54Z</time></trkpt>
      <trkpt lat="25.7381335" lon="100.1702194"><ele>1967.4</ele><time>2023-12-22T00:38:55Z</time></trkpt>
      <trkpt lat="25.7381295" lon="100.1702415"><ele>1967.4</ele><time>2023-12-22T00:38:56Z</time></trkpt>
      <trkpt lat="25.7381247" lon="100.1702636"><ele>1967.4</ele><time>2023-12-22T00:38:57Z</time></trkpt>
      <trkpt lat="25.7381194" lon="100.1702860"><ele>1967.4</ele><time>2023-12-22T00:38:58Z</time></trkpt>
      <trkpt lat="25.7381138" lon="100.1703086"><ele>1967.4</ele><time>2023-12-22T00:38:59Z</time></trkpt>
      <trkpt lat="25.7381082" lon="100.1703315"><ele>1967.3</ele><time>2023-12-22T00:39:00Z</time></trkpt>
      <trkpt lat="25.7381018" lon="100.1703546"><ele>1967.3</ele><time>2023-12-22T00:39:01Z</time></trkpt>
      <trkpt lat="25.7380944" lon="100.1703774"><ele>1967.2</ele><time>2023-12-22T00:39:02Z</time></trkpt>
      <trkpt lat="25.7380870" lon="100.1703997"><ele>1967.2</ele><time>2023-12-22T00:39:03Z</time></trkpt>
      <trkpt lat="25.7380805" lon="100.1704215"><ele>1967.2</ele><time>2023-12-22T00:39:04Z</time></trkpt>
      <trkpt lat="25.7380751" lon="100.1704429"><ele>1967.2</ele><time>2023-12-22T00:39:05Z</time></trkpt>
      <trkpt lat="25.7380700" lon="100.1704642"><ele>1967.2</ele><time>2023-12-22T00:39:06Z</time></trkpt>
      <trkpt lat="25.7380648" lon="100.1704854"><ele>1967.2</ele><time>2023-12-22T00:39:07Z</time></trkpt>
      <trkpt lat="25.7380599" lon="100.1705066"><ele>1967.2</ele><time>2023-12-22T00:39:08Z</time></trkpt>
      <trkpt lat="25.7380545" lon="100.1705279"><ele>1967.1</ele><time>2023-12-22T00:39:09Z</time></trkpt>
      <trkpt lat="25.7380478" lon="100.1705492"><ele>1967.1</ele><time>2023-12-22T00:39:10Z</time></trkpt>
      <trkpt lat="25.7380403" lon="100.1705707"><ele>1967.1</ele><time>2023-12-22T00:39:11Z</time></trkpt>
      <trkpt lat="25.7380325" lon="100.1705923"><ele>1967.1</ele><time>2023-12-22T00:39:12Z</time></trkpt>
      <trkpt lat="25.7380251" lon="100.1706141"><ele>1967.1</ele><time>2023-12-22T00:39:13Z</time></trkpt>
      <trkpt lat="25.7380181" lon="100.1706362"><ele>1967.0</ele><time>2023-12-22T00:39:14Z</time></trkpt>
      <trkpt lat="25.7380111" lon="100.1706580"><ele>1967.0</ele><time>2023-12-22T00:39:15Z</time></trkpt>
      <trkpt lat="25.7380032" lon="100.1706791"><ele>1967.0</ele><time>2023-12-22T00:39:16Z</time></trkpt>
      <trkpt lat="25.7379936" lon="100.1706991"><ele>1966.9</ele><time>2023-12-22T00:39:17Z</time></trkpt>
      <trkpt lat="25.7379825" lon="100.1707183"><ele>1966.9</ele><time>2023-12-22T00:39:18Z</time></trkpt>
      <trkpt lat="25.7379703" lon="100.1707367"><ele>1966.8</ele><time>2023-12-22T00:39:19Z</time></trkpt>
      <trkpt lat="25.7379574" lon="100.1707546"><ele>1966.7</ele><time>2023-12-22T00:39:20Z</time></trkpt>
      <trkpt lat="25.7379439" lon="100.1707720"><ele>1966.7</ele><time>2023-12-22T00:39:21Z</time></trkpt>
      <trkpt lat="25.7379294" lon="100.1707881"><ele>1966.7</ele><time>2023-12-22T00:39:22Z</time></trkpt>
      <trkpt lat="25.7379135" lon="100.1708025"><ele>1966.6</ele><time>2023-12-22T00:39:23Z</time></trkpt>
      <trkpt lat="25.7378965" lon="100.1708156"><ele>1966.5</ele><time>2023-12-22T00:39:24Z</time></trkpt>
      <trkpt lat="25.7378789" lon="100.1708271"><ele>1966.4</ele><time>2023-12-22T00:39:25Z</time></trkpt>
      <trkpt lat="25.7378611" lon="100.1708368"><ele>1966.4</ele><time>2023-12-22T00:39:26Z</time></trkpt>
      <trkpt lat="25.7378428" lon="100.1708449"><ele>1966.3</ele><time>2023-12-22T00:39:27Z</time></trkpt>
      <trkpt lat="25.7378238" lon="100.1708519"><ele>1966.3</ele><time>2023-12-22T00:39:28Z</time></trkpt>
      <trkpt lat="25.7378038" lon="100.1708577"><ele>1966.2</ele><time>2023-12-22T00:39:29Z</time></trkpt>
      <trkpt lat="25.7377832" lon="100.1708620"><ele>1966.1</ele><time>2023-12-22T00:39:30Z</time></trkpt>
      <trkpt lat="25.7377626" lon="100.1708649"><ele>1966.1</ele><time>2023-12-22T00:39:31Z</time></trkpt>
      <trkpt lat="25.7377418" lon="100.1708666"><ele>1966.0</ele><time>2023-12-22T00:39:32Z</time></trkpt>
      <trkpt lat="25.7377206" lon="100.1708672"><ele>1966.0</ele><time>2023-12-22T00:39:33Z</time></trkpt>
      <trkpt lat="25.7376990" lon="100.1708667"><ele>1965.9</ele><time>2023-12-22T00:39:34Z</time></trkpt>
      <trkpt lat="25.7376775" lon="100.1708652"><ele>1965.9</ele><time>2023-12-22T00:39:35Z</time></trkpt>
      <trkpt lat="25.7376564" lon="100.1708642"><ele>1965.9</ele><time>2023-12-22T00:39:36Z</time></trkpt>
      <trkpt lat="25.7376356" lon="100.1708638"><ele>1965.8</ele><time>2023-12-22T00:39:37Z</time></trkpt>
      <trkpt lat="25.7376149" lon="100.1708638"><ele>1965.8</ele><time>2023-12-22T00:39:38Z</time></trkpt>
      <trkpt lat="25.7375937" lon="100.1708639"><ele>1965.8</ele><time>2023-12-22T00:39:39Z</time></trkpt>
      <trkpt lat="25.7375725" lon="100.1708640"><ele>1965.8</ele><time>2023-12-22T00:39:40Z</time></trkpt>
      <trkpt lat="25.7375519" lon="100.1708643"><ele>1965.8</ele><time>2023-12-22T00:39:41Z</time></trkpt>
      <trkpt lat="25.7375317" lon="100.1708655"><ele>1965.8</ele><time>2023-12-22T00:39:42Z</time></trkpt>
      <trkpt lat="25.7375112" lon="100.1708678"><ele>1965.9</ele><time>2023-12-22T00:39:43Z</time></trkpt>
      <trkpt lat="25.7374905" lon="100.1708707"><ele>1965.9</ele><time>2023-12-22T00:39:44Z</time></trkpt>
      <trkpt lat="25.7374697" lon="100.1708736"><ele>1965.9</ele><time>2023-12-22T00:39:45Z</time></trkpt>
      <trkpt lat="25.7374488" lon="100.1708757"><ele>1965.9</ele><time>2023-12-22T00:39:46Z</time></trkpt>
      <trkpt lat="25.7374279" lon="100.1708765"><ele>1966.0</ele><time>2023-12-22T00:39:47Z</time></trkpt>
      <trkpt lat="25.7374075" lon="100.1708765"><ele>1966.0</ele><time>2023-12-22T00:39:48Z</time></trkpt>
      <trkpt lat="25.7373876" lon="100.1708765"><ele>1966.0</ele><time>2023-12-22T00:39:49Z</time></trkpt>
      <trkpt lat="25.7373680" lon="100.1708764"><ele>1966.1</ele><time>2023-12-22T00:39:50Z</time></trkpt>
      <trkpt lat="25.7373482" lon="100.1708755"><ele>1966.1</ele><time>2023-12-22T00:39:51Z</time></trkpt>
      <trkpt lat="25.7373281" lon="100.1708737"><ele>1966.2</ele><time>2023-12-22T00:39:52Z</time></trkpt>
      <trkpt lat="25.7373069" lon="100.1708715"><ele>1966.3</ele><time>2023-12-22T00:39:53Z</time></trkpt>
      <trkpt lat="25.7372851" lon="100.1708699"><ele>1966.3</ele><time>2023-12-22T00:39:54Z</time></trkpt>
      <trkpt lat="25.7372636" lon="100.1708694"><ele>1966.4</ele><time>2023-12-22T00:39:55Z</time></trkpt>
      <trkpt lat="25.7372423" lon="100.1708698"><ele>1966.4</ele><time>2023-12-22T00:39:56Z</time></trkpt>
      <trkpt lat="25.7372211" lon="100.1708707"><ele>1966.5</ele><time>2023-12-22T00:39:57Z</time></trkpt>
      <trkpt lat="25.7371996" lon="100.1708716"><ele>1966.5</ele><time>2023-12-22T00:39:58Z</time></trkpt>
      <trkpt lat="25.7371788" lon="100.1708718"><ele>1966.6</ele><time>2023-12-22T00:39:59Z</time></trkpt>
      <trkpt lat="25.7371590" lon="100.1708718"><ele>1966.7</ele><time>2023-12-22T00:40:00Z</time></trkpt>
      <trkpt lat="25.7371394" lon="100.1708719"><ele>1966.8</ele><time>2023-12-22T00:40:01Z</time></trkpt>
      <trkpt lat="25.7371193" lon="100.1708719"><ele>1966.8</ele><time>2023-12-22T00:40:02Z</time></trkpt>
      <trkpt lat="25.7370988" lon="100.1708708"><ele>1966.9</ele><time>2023-12-22T00:40:03Z</time></trkpt>
      <trkpt lat="25.7370784" lon="100.1708678"><ele>1967.0</ele><time>2023-12-22T00:40:04Z</time></trkpt>
      <trkpt lat="25.7370583" lon="100.1708634"><ele>1967.1</ele><time>2023-12-22T00:40:05Z</time></trkpt>
      <trkpt lat="25.7370386" lon="100.1708584"><ele>1967.2</ele><time>2023-12-22T00:40:06Z</time></trkpt>
      <trkpt lat="25.7370192" lon="100.1708533"><ele>1967.3</ele><time>2023-12-22T00:40:07Z</time></trkpt>
      <trkpt lat="25.7369999" lon="100.1708482"><ele>1967.4</ele><time>2023-12-22T00:40:08Z</time></trkpt>
      <trkpt lat="25.7369803" lon="100.1708436"><ele>1967.5</ele><time>2023-12-22T00:40:09Z</time></trkpt>
      <trkpt lat="25.7369606" lon="100.1708397"><ele>1967.6</ele><time>2023-12-22T00:40:10Z</time></trkpt>
      <trkpt lat="25.7369409" lon="100.1708356"><ele>1967.7</ele><time>2023-12-22T00:40:11Z</time></trkpt>
      <trkpt lat="25.7369217" lon="100.1708311"><ele>1967.7</ele><time>2023-12-22T00:40:12Z</time></trkpt>
      <trkpt lat="25.7369030" lon="100.1708254"><ele>1967.8</ele><time>2023-12-22T00:40:13Z</time></trkpt>
      <trkpt lat="25.7368844" lon="100.1708186"><ele>1967.9</ele><time>2023-12-22T00:40:14Z</time></trkpt>
      <trkpt lat="25.7368658" lon="100.1708113"><ele>1967.9</ele><time>2023-12-22T00:40:15Z</time></trkpt>
      <trkpt lat="25.7368468" lon="100.1708035"><ele>1968.0</ele><time>2023-12-22T00:40:16Z</time></trkpt>
      <trkpt lat="25.7368282" lon="100.1707950"><ele>1968.0</ele><time>2023-12-22T00:40:17Z</time></trkpt>
      <trkpt lat="25.7368091" lon="100.1707869"><ele>1968.0</ele><time>2023-12-22T00:40:18Z</time></trkpt>
      <trkpt lat="25.7367894" lon="100.1707803"><ele>1968.0</ele><time>2023-12-22T00:40:19Z</time></trkpt>
      <trkpt lat="25.7367698" lon="100.1707753"><ele>1967.9</ele><time>2023-12-22T00:40:20Z</time></trkpt>
      <trkpt lat="25.7367500" lon="100.1707717"><ele>1967.9</ele><time>2023-12-22T00:40:21Z</time></trkpt>
      <trkpt lat="25.7367303" lon="100.1707689"><ele>1967.8</ele><time>2023-12-22T00:40:22Z</time></trkpt>
      <trkpt lat="25.7367106" lon="100.1707670"><ele>1967.8</ele><time>2023-12-22T00:40:23Z</time></trkpt>
      <trkpt lat="25.7366908" lon="100.1707667"><ele>1967.7</ele><time>2023-12-22T00:40:24Z</time></trkpt>
      <trkpt lat="25.7366707" lon="100.1707680"><ele>1967.6</ele><time>2023-12-22T00:40:25Z</time></trkpt>
      <trkpt lat="25.7366508" lon="100.1707702"><ele>1967.6</ele><time>2023-12-22T00:40:26Z</time></trkpt>
      <trkpt lat="25.7366313" lon="100.1707728"><ele>1967.5</ele><time>2023-12-22T00:40:27Z</time></trkpt>
      <trkpt lat="25.7366121" lon="100.1707763"><ele>1967.4</ele><time>2023-12-22T00:40:28Z</time></trkpt>
      <trkpt lat="25.7365934" lon="100.1707822"><ele>1967.4</ele><time>2023-12-22T00:40:29Z</time></trkpt>
      <trkpt lat="25.7365751" lon="100.1707909"><ele>1967.3</ele><time>2023-12-22T00:40:30Z</time></trkpt>
      <trkpt lat="25.7365576" lon="100.1708021"><ele>1967.3</ele><time>2023-12-22T00:40:31Z</time></trkpt>
      <trkpt lat="25.7365409" lon="100.1708145"><ele>1967.3</ele><time>2023-12-22T00:40:32Z</time></trkpt>
      <trkpt lat="25.7365246" lon="100.1708262"><ele>1967.3</ele><time>2023-12-22T00:40:33Z</time></trkpt>
      <trkpt lat="25.7365081" lon="100.1708368"><ele>1967.3</ele><time>2023-12-22T00:40:34Z</time></trkpt>
      <trkpt lat="25.7364911" lon="100.1708466"><ele>1967.3</ele><time>2023-12-22T00:40:35Z</time></trkpt>
      <trkpt lat="25.7364735" lon="100.1708567"><ele>1967.3</ele><time>2023-12-22T00:40:36Z</time></trkpt>
      <trkpt lat="25.7364556" lon="100.1708668"><ele>1967.4</ele><time>2023-12-22T00:40:37Z</time></trkpt>
      <trkpt lat="25.7364376" lon="100.1708768"><ele>1967.4</ele><time>2023-12-22T00:40:38Z</time></trkpt>
      <trkpt lat="25.7364198" lon="100.1708872"><ele>1967.4</ele><time>2023-12-22T00:40:39Z</time></trkpt>
      <trkpt lat="25.7364019" lon="100.1708977"><ele>1967.5</ele><time>2023-12-22T00:40:40Z</time></trkpt>
      <trkpt lat="25.7363838" lon="100.1709083"><ele>1967.5</ele><time>2023-12-22T00:40:41Z</time></trkpt>
      <trkpt lat="25.7363651" lon="100.1709185"><ele>1967.5</ele><time>2023-12-22T00:40:42Z</time></trkpt>
      <trkpt lat="25.7363457" lon="100.1709274"><ele>1967.5</ele><time>2023-12-22T00:40:43Z</time></trkpt>
      <trkpt lat="25.7363253" lon="100.1709342"><ele>1967.6</ele><time>2023-12-22T00:40:44Z</time></trkpt>
      <trkpt lat="25.7363043" lon="100.1709398"><ele>1967.6</ele><time>2023-12-22T00:40:45Z</time></trkpt>
      <trkpt lat="25.7362830" lon="100.1709454"><ele>1967.6</ele><time>2023-12-22T00:40:46Z</time></trkpt>
      <trkpt lat="25.7362616" lon="100.1709505"><ele>1967.6</ele><time>2023-12-22T00:40:47Z</time></trkpt>
      <trkpt lat="25.7362405" lon="100.1709541"><ele>1967.6</ele><time>2023-12-22T00:40:48Z</time></trkpt>
      <trkpt lat="25.7362195" lon="100.1709566"><ele>1967.6</ele><time>2023-12-22T00:40:49Z</time></trkpt>
      <trkpt lat="25.7361981" lon="100.1709580"><ele>1967.6</ele><time>2023-12-22T00:40:50Z</time></trkpt>
      <trkpt lat="25.7361762" lon="100.1709581"><ele>1967.5</ele><time>2023-12-22T00:40:51Z</time></trkpt>
      <trkpt lat="25.7361543" lon="100.1709578"><ele>1967.5</ele><time>2023-12-22T00:40:52Z</time></trkpt>
      <trkpt lat="25.7361325" lon="100.1709573"><ele>1967.5</ele><time>2023-12-22T00:40:53Z</time></trkpt>
      <trkpt lat="25.7361111" lon="100.1709569"><ele>1967.4</ele><time>2023-12-22T00:40:54Z</time></trkpt>
      <trkpt lat="25.7360897" lon="100.1709572"><ele>1967.4</ele><time>2023-12-22T00:40:55Z</time></trkpt>
      <trkpt lat="25.7360685" lon="100.1709579"><ele>1967.4</ele><time>2023-12-22T00:40:56Z</time></trkpt>
      <trkpt lat="25.7360472" lon="100.1709582"><ele>1967.3</ele><time>2023-12-22T00:40:57Z</time></trkpt>
      <trkpt lat="25.7360258" lon="100.1709578"><ele>1967.3</ele><time>2023-12-22T00:40:58Z</time></trkpt>
      <trkpt lat="25.7360046" lon="100.1709569"><ele>1967.3</ele><time>2023-12-22T00:40:59Z</time></trkpt>
      <trkpt lat="25.7359834" lon="100.1709569"><ele>1967.3</ele><time>2023-12-22T00:41:00Z</time></trkpt>
      <trkpt lat="25.7359624" lon="100.1709568"><ele>1967.2</ele><time>2023-12-22T00:41:01Z</time></trkpt>
      <trkpt lat="25.7359417" lon="100.1709565"><ele>1967.2</ele><time>2023-12-22T00:41:02Z</time></trkpt>
      <trkpt lat="25.7359213" lon="100.1709560"><ele>1967.2</ele><time>2023-12-22T00:41:03Z</time></trkpt>
      <trkpt lat="25.7359012" lon="100.1709552"><ele>1967.2</ele><time>2023-12-22T00:41:04Z</time></trkpt>
      <trkpt lat="25.7358810" lon="100.1709547"><ele>1967.2</ele><time>2023-12-22T00:41:05Z</time></trkpt>
      <trkpt lat="25.7358602" lon="100.1709542"><ele>1967.1</ele><time>2023-12-22T00:41:06Z</time></trkpt>
      <trkpt lat="25.7358391" lon="100.1709531"><ele>1967.1</ele><time>2023-12-22T00:41:07Z</time></trkpt>
      <trkpt lat="25.7358184" lon="100.1709517"><ele>1967.2</ele><time>2023-12-22T00:41:08Z</time></trkpt>
      <trkpt lat="25.7357985" lon="100.1709512"><ele>1967.2</ele><time>2023-12-22T00:41:09Z</time></trkpt>
      <trkpt lat="25.7357789" lon="100.1709523"><ele>1967.1</ele><time>2023-12-22T00:41:10Z</time></trkpt>
      <trkpt lat="25.7357592" lon="100.1709544"><ele>1967.2</ele><time>2023-12-22T00:41:11Z</time></trkpt>
      <trkpt lat="25.7357391" lon="100.1709561"><ele>1967.1</ele><time>2023-12-22T00:41:12Z</time></trkpt>
      <trkpt lat="25.7357191" lon="100.1709577"><ele>1967.1</ele><time>2023-12-22T00:41:13Z</time></trkpt>
      <trkpt lat="25.7356993" lon="100.1709598"><ele>1967.1</ele><time>2023-12-22T00:41:14Z</time></trkpt>
      <trkpt lat="25.7356793" lon="100.1709623"><ele>1967.1</ele><time>2023-12-22T00:41:15Z</time></trkpt>
      <trkpt lat="25.7356590" lon="100.1709649"><ele>1967.1</ele><time>2023-12-22T00:41:16Z</time></trkpt>
      <trkpt lat="25.7356388" lon="100.1709671"><ele>1967.1</ele><time>2023-12-22T00:41:17Z</time></trkpt>
      <trkpt lat="25.7356183" lon="100.1709695"><ele>1967.0</ele><time>2023-12-22T00:41:18Z</time></trkpt>
      <trkpt lat="25.7355978" lon="100.1709725"><ele>1967.0</ele><time>2023-12-22T00:41:19Z</time></trkpt>
      <trkpt lat="25.7355781" lon="100.1709770"><ele>1967.0</ele><time>2023-12-22T00:41:20Z</time></trkpt>
      <trkpt lat="25.7355595" lon="100.1709837"><ele>1967.0</ele><time>2023-12-22T00:41:21Z</time></trkpt>
      <trkpt lat="25.7355417" lon="100.1709921"><ele>1967.0</ele><time>2023-12-22T00:41:22Z</time></trkpt>
      <trkpt lat="25.7355237" lon="100.1710018"><ele>1966.9</ele><time>2023-12-22T00:41:23Z</time></trkpt>
      <trkpt lat="25.7355056" lon="100.1710123"><ele>1966.9</ele><time>2023-12-22T00:41:24Z</time></trkpt>
      <trkpt lat="25.7354872" lon="100.1710232"><ele>1966.9</ele><time>2023-12-22T00:41:25Z</time></trkpt>
      <trkpt lat="25.7354690" lon="100.1710342"><ele>1966.9</ele><time>2023-12-22T00:41:26Z</time></trkpt>
      <trkpt lat="25.7354519" lon="100.1710451"><ele>1966.9</ele><time>2023-12-22T00:41:27Z</time></trkpt>
      <trkpt lat="25.7354354" lon="100.1710563"><ele>1966.9</ele><time>2023-12-22T00:41:28Z</time></trkpt>
      <trkpt lat="25.7354194" lon="100.1710686"><ele>1966.9</ele><time>2023-12-22T00:41:29Z</time></trkpt>
      <trkpt lat="25.7354037" lon="100.1710824"><ele>1966.9</ele><time>2023-12-22T00:41:30Z</time></trkpt>
      <trkpt lat="25.7353886" lon="100.1710971"><ele>1967.0</ele><time>2023-12-22T00:41:31Z</time></trkpt>
      <trkpt lat="25.7353743" lon="100.1711122"><ele>1967.1</ele><time>2023-12-22T00:41:32Z</time></trkpt>
      <trkpt lat="25.7353608" lon="100.1711276"><ele>1967.1</ele><time>2023-12-22T00:41:33Z</time></trkpt>
      <trkpt lat="25.7353479" lon="100.1711437"><ele>1967.2</ele><time>2023-12-22T00:41:34Z</time></trkpt>
      <trkpt lat="25.7353357" lon="100.1711609"><ele>1967.3</ele><time>2023-12-22T00:41:35Z</time></trkpt>
      <trkpt lat="25.7353248" lon="100.1711792"><ele>1967.3</ele><time>2023-12-22T00:41:36Z</time></trkpt>
      <trkpt lat="25.7353154" lon="100.1711983"><ele>1967.4</ele><time>2023-12-22T00:41:37Z</time></trkpt>
      <trkpt lat="25.7353074" lon="100.1712182"><ele>1967.5</ele><time>2023-12-22T00:41:38Z</time></trkpt>
      <trkpt lat="25.7352996" lon="100.1712382"><ele>1967.5</ele><time>2023-12-22T00:41:39Z</time></trkpt>
      <trkpt lat="25.7352916" lon="100.1712576"><ele>1967.6</ele><time>2023-12-22T00:41:40Z</time></trkpt>
      <trkpt lat="25.7352845" lon="100.1712773"><ele>1967.6</ele><time>2023-12-22T00:41:41Z</time></trkpt>
      <trkpt lat="25.7352787" lon="100.1712979"><ele>1967.6</ele><time>2023-12-22T00:41:42Z</time></trkpt>
      <trkpt lat="25.7352743" lon="100.1713192"><ele>1967.6</ele><time>2023-12-22T00:41:43Z</time></trkpt>
      <trkpt lat="25.7352712" lon="100.1713407"><ele>1967.6</ele><time>2023-12-22T00:41:44Z</time></trkpt>
      <trkpt lat="25.7352686" lon="100.1713624"><ele>1967.6</ele><time>2023-12-22T00:41:45Z</time></trkpt>
      <trkpt lat="25.7352656" lon="100.1713844"><ele>1967.6</ele><time>2023-12-22T00:41:46Z</time></trkpt>
      <trkpt lat="25.7352623" lon="100.1714066"><ele>1967.6</ele><time>2023-12-22T00:41:47Z</time></trkpt>
      <trkpt lat="25.7352594" lon="100.1714292"><ele>1967.5</ele><time>2023-12-22T00:41:48Z</time></trkpt>
      <trkpt lat="25.7352569" lon="100.1714521"><ele>1967.5</ele><time>2023-12-22T00:41:49Z</time></trkpt>
      <trkpt lat="25.7352549" lon="100.1714747"><ele>1967.4</ele><time>2023-12-22T00:41:50Z</time></trkpt>
      <trkpt lat="25.7352533" lon="100.1714970"><ele>1967.4</ele><time>2023-12-22T00:41:51Z</time></trkpt>
      <trkpt lat="25.7352516" lon="100.1715194"><ele>1967.3</ele><time>2023-12-22T00:41:52Z</time></trkpt>
      <trkpt lat="25.7352494" lon="100.1715420"><ele>1967.2</ele><time>2023-12-22T00:41:53Z</time></trkpt>
      <trkpt lat="25.7352468" lon="100.1715647"><ele>1967.2</ele><time>2023-12-22T00:41:54Z</time></trkpt>
      <trkpt lat="25.7352438" lon="100.1715873"><ele>1967.1</ele><time>2023-12-22T00:41:55Z</time></trkpt>
      <trkpt lat="25.7352407" lon="100.1716102"><ele>1967.1</ele><time>2023-12-22T00:41:56Z</time></trkpt>
      <trkpt lat="25.7352374" lon="100.1716333"><ele>1967.0</ele><time>2023-12-22T00:41:57Z</time></trkpt>
      <trkpt lat="25.7352339" lon="100.1716561"><ele>1967.0</ele><time>2023-12-22T00:41:58Z</time></trkpt>
      <trkpt lat="25.7352307" lon="100.1716783"><ele>1967.0</ele><time>2023-12-22T00:41:59Z</time></trkpt>
      <trkpt lat="25.7352277" lon="100.1716998"><ele>1966.9</ele><time>2023-12-22T00:42:00Z</time></trkpt>
      <trkpt lat="25.7352250" lon="100.1717212"><ele>1966.9</ele><time>2023-12-22T00:42:01Z</time></trkpt>
      <trkpt lat="25.7352228" lon="100.1717425"><ele>1966.9</ele><time>2023-12-22T00:42:02Z</time></trkpt>
      <trkpt lat="25.7352210" lon="100.1717637"><ele>1966.9</ele><time>2023-12-22T00:42:03Z</time></trkpt>
      <trkpt lat="25.7352199" lon="100.1717848"><ele>1966.9</ele><time>2023-12-22T00:42:04Z</time></trkpt>
      <trkpt lat="25.7352185" lon="100.1718058"><ele>1967.0</ele><time>2023-12-22T00:42:05Z</time></trkpt>
      <trkpt lat="25.7352166" lon="100.1718269"><ele>1967.0</ele><time>2023-12-22T00:42:06Z</time></trkpt>
      <trkpt lat="25.7352152" lon="100.1718483"><ele>1967.0</ele><time>2023-12-22T00:42:07Z</time></trkpt>
      <trkpt lat="25.7352142" lon="100.1718701"><ele>1967.0</ele><time>2023-12-22T00:42:08Z</time></trkpt>
      <trkpt lat="25.7352133" lon="100.1718925"><ele>1967.0</ele><time>2023-12-22T00:42:09Z</time></trkpt>
      <trkpt lat="25.7352123" lon="100.1719151"><ele>1967.0</ele><time>2023-12-22T00:42:10Z</time></trkpt>
      <trkpt lat="25.7352113" lon="100.1719376"><ele>1967.0</ele><time>2023-12-22T00:42:11Z</time></trkpt>
      <trkpt lat="25.7352102" lon="100.1719601"><ele>1967.0</ele><time>2023-12-22T00:42:12Z</time></trkpt>
      <trkpt lat="25.7352088" lon="100.1719827"><ele>1967.1</ele><time>2023-12-22T00:42:13Z</time></trkpt>
      <trkpt lat="25.7352069" lon="100.1720063"><ele>1967.1</ele><time>2023-12-22T00:42:14Z</time></trkpt>
      <trkpt lat="25.7352045" lon="100.1720308"><ele>1967.2</ele><time>2023-12-22T00:42:15Z</time></trkpt>
      <trkpt lat="25.7352022" lon="100.1720556"><ele>1967.3</ele><time>2023-12-22T00:42:16Z</time></trkpt>
      <trkpt lat="25.7351998" lon="100.1720803"><ele>1967.3</ele><time>2023-12-22T00:42:17Z</time></trkpt>
      <trkpt lat="25.7351977" lon="100.1721047"><ele>1967.4</ele><time>2023-12-22T00:42:18Z</time></trkpt>
      <trkpt lat="25.7351959" lon="100.1721297"><ele>1967.5</ele><time>2023-12-22T00:42:19Z</time></trkpt>
      <trkpt lat="25.7351937" lon="100.1721550"><ele>1967.6</ele><time>2023-12-22T00:42:20Z</time></trkpt>
      <trkpt lat="25.7351907" lon="100.1721804"><ele>1967.6</ele><time>2023-12-22T00:42:21Z</time></trkpt>
      <trkpt lat="25.7351873" lon="100.1722051"><ele>1967.7</ele><time>2023-12-22T00:42:22Z</time></trkpt>
      <trkpt lat="25.7351837" lon="100.1722288"><ele>1967.8</ele><time>2023-12-22T00:42:23Z</time></trkpt>
      <trkpt lat="25.7351803" lon="100.1722520"><ele>1967.9</ele><time>2023-12-22T00:42:24Z</time></trkpt>
      <trkpt lat="25.7351770" lon="100.1722751"><ele>1968.0</ele><time>2023-12-22T00:42:25Z</time></trkpt>
      <trkpt lat="25.7351729" lon="100.1722983"><ele>1968.1</ele><time>2023-12-22T00:42:26Z</time></trkpt>
      <trkpt lat="25.7351694" lon="100.1723218"><ele>1968.3</ele><time>2023-12-22T00:42:27Z</time></trkpt>
      <trkpt lat="25.7351670" lon="100.1723454"><ele>1968.4</ele><time>2023-12-22T00:42:28Z</time></trkpt>
      <trkpt lat="25.7351645" lon="100.1723688"><ele>1968.5</ele><time>2023-12-22T00:42:29Z</time></trkpt>
      <trkpt lat="25.7351599" lon="100.1723915"><ele>1968.6</ele><time>2023-12-22T00:42:30Z</time></trkpt>
      <trkpt lat="25.7351541" lon="100.1724137"><ele>1968.7</ele><time>2023-12-22T00:42:31Z</time></trkpt>
      <trkpt lat="25.7351480" lon="100.1724354"><ele>1968.8</ele><time>2023-12-22T00:42:32Z</time></trkpt>
      <trkpt lat="25.7351416" lon="100.1724567"><ele>1968.8</ele><time>2023-12-22T00:42:33Z</time></trkpt>
      <trkpt lat="25.7351349" lon="100.1724772"><ele>1968.9</ele><time>2023-12-22T00:42:34Z</time></trkpt>
      <trkpt lat="25.7351281" lon="100.1724973"><ele>1969.0</ele><time>2023-12-22T00:42:35Z</time></trkpt>
      <trkpt lat="25.7351213" lon="100.1725172"><ele>1969.0</ele><time>2023-12-22T00:42:36Z</time></trkpt>
      <trkpt lat="25.7351142" lon="100.1725370"><ele>1969.1</ele><time>2023-12-22T00:42:37Z</time></trkpt>
      <trkpt lat="25.7351065" lon="100.1725567"><ele>1969.1</ele><time>2023-12-22T00:42:38Z</time></trkpt>
      <trkpt lat="25.7350981" lon="100.1725763"><ele>1969.1</ele><time>2023-12-22T00:42:39Z</time></trkpt>
      <trkpt lat="25.7350897" lon="100.1725958"><ele>1969.1</ele><time>2023-12-22T00:42:40Z</time></trkpt>
      <trkpt lat="25.7350814" lon="100.1726154"><ele>1969.0</ele><time>2023-12-22T00:42:41Z</time></trkpt>
      <trkpt lat="25.7350735" lon="100.1726353"><ele>1969.0</ele><time>2023-12-22T00:42:42Z</time></trkpt>
      <trkpt lat="25.7350652" lon="100.1726554"><ele>1968.9</ele><time>2023-12-22T00:42:43Z</time></trkpt>
      <trkpt lat="25.7350569" lon="100.1726754"><ele>1968.8</ele><time>2023-12-22T00:42:44Z</time></trkpt>
      <trkpt lat="25.7350489" lon="100.1726949"><ele>1968.8</ele><time>2023-12-22T00:42:45Z</time></trkpt>
      <trkpt lat="25.7350404" lon="100.1727139"><ele>1968.7</ele><time>2023-12-22T00:42:46Z</time></trkpt>
      <trkpt lat="25.7350314" lon="100.1727327"><ele>1968.6</ele><time>2023-12-22T00:42:47Z</time></trkpt>
      <trkpt lat="25.7350217" lon="100.1727514"><ele>1968.5</ele><time>2023-12-22T00:42:48Z</time></trkpt>
      <trkpt lat="25.7350112" lon="100.1727705"><ele>1968.4</ele><time>2023-12-22T00:42:49Z</time></trkpt>
      <trkpt lat="25.7350005" lon="100.1727896"><ele>1968.4</ele><time>2023-12-22T00:42:50Z</time></trkpt>
      <trkpt lat="25.7349900" lon="100.1728083"><ele>1968.3</ele><time>2023-12-22T00:42:51Z</time></trkpt>
      <trkpt lat="25.7349793" lon="100.1728265"><ele>1968.2</ele><time>2023-12-22T00:42:52Z</time></trkpt>
      <trkpt lat="25.7349683" lon="100.1728444"><ele>1968.1</ele><time>2023-12-22T00:42:53Z</time></trkpt>
      <trkpt lat="25.7349574" lon="100.1728629"><ele>1968.1</ele><time>2023-12-22T00:42:54Z</time></trkpt>
      <trkpt lat="25.7349468" lon="100.1728815"><ele>1968.0</ele><time>2023-12-22T00:42:55Z</time></trkpt>
      <trkpt lat="25.7349369" lon="100.1729008"><ele>1968.0</ele><time>2023-12-22T00:42:56Z</time></trkpt>
      <trkpt lat="25.7349277" lon="100.1729208"><ele>1967.9</ele><time>2023-12-22T00:42:57Z</time></trkpt>
      <trkpt lat="25.7349183" lon="100.1729403"><ele>1967.9</ele><time>2023-12-22T00:42:58Z</time></trkpt>
      <trkpt lat="25.7349084" lon="100.1729592"><ele>1967.9</ele><time>2023-12-22T00:42:59Z</time></trkpt>
      <trkpt lat="25.7348985" lon="100.1729781"><ele>1967.9</ele><time>2023-12-22T00:43:00Z</time></trkpt>
      <trkpt lat="25.7348886" lon="100.1729973"><ele>1967.9</ele><time>2023-12-22T00:43:01Z</time></trkpt>
      <trkpt lat="25.7348787" lon="100.1730166"><ele>1967.9</ele><time>2023-12-22T00:43:02Z</time></trkpt>
      <trkpt lat="25.7348691" lon="100.1730359"><ele>1967.9</ele><time>2023-12-22T00:43:03Z</time></trkpt>
      <trkpt lat="25.7348597" lon="100.1730547"><ele>1967.9</ele><time>2023-12-22T00:43:04Z</time></trkpt>
      <trkpt lat="25.7348500" lon="100.1730729"><ele>1967.9</ele><time>2023-12-22T00:43:05Z</time></trkpt>
      <trkpt lat="25.7348398" lon="100.1730906"><ele>1968.0</ele><time>2023-12-22T00:43:06Z</time></trkpt>
      <trkpt lat="25.7348293" lon="100.1731081"><ele>1968.0</ele><time>2023-12-22T00:43:07Z</time></trkpt>
      <trkpt lat="25.7348188" lon="100.1731255"><ele>1968.0</ele><time>2023-12-22T00:43:08Z</time></trkpt>
      <trkpt lat="25.7348078" lon="100.1731428"><ele>1968.1</ele><time>2023-12-22T00:43:09Z</time></trkpt>
      <trkpt lat="25.7347963" lon="100.1731601"><ele>1968.1</ele><time>2023-12-22T00:43:10Z</time></trkpt>
      <trkpt lat="25.7347846" lon="100.1731773"><ele>1968.1</ele><time>2023-12-22T00:43:11Z</time></trkpt>
      <trkpt lat="25.7347731" lon="100.1731943"><ele>1968.1</ele><time>2023-12-22T00:43:12Z</time></trkpt>
      <trkpt lat="25.7347617" lon="100.1732107"><ele>1968.1</ele><time>2023-12-22T00:43:13Z</time></trkpt>
      <trkpt lat="25.7347507" lon="100.1732270"><ele>1968.1</ele><time>2023-12-22T00:43:14Z</time></trkpt>
      <trkpt lat="25.7347403" lon="100.1732437"><ele>1968.1</ele><time>2023-12-22T00:43:15Z</time></trkpt>
      <trkpt lat="25.7347304" lon="100.1732609"><ele>1968.0</ele><time>2023-12-22T00:43:16Z</time></trkpt>
      <trkpt lat="25.7347205" lon="100.1732784"><ele>1968.0</ele><time>2023-12-22T00:43:17Z</time></trkpt>
      <trkpt lat="25.7347097" lon="100.1732956"><ele>1968.0</ele><time>2023-12-22T00:43:18Z</time></trkpt>
      <trkpt lat="25.7346983" lon="100.1733129"><ele>1968.0</ele><time>2023-12-22T00:43:19Z</time></trkpt>
      <trkpt lat="25.7346863" lon="100.1733304"><ele>1967.9</ele><time>2023-12-22T00:43:20Z</time></trkpt>
      <trkpt lat="25.7346739" lon="100.1733481"><ele>1967.9</ele><time>2023-12-22T00:43:21Z</time></trkpt>
      <trkpt lat="25.7346619" lon="100.1733661"><ele>1967.9</ele><time>2023-12-22T00:43:22Z</time></trkpt>
      <trkpt lat="25.7346502" lon="100.1733839"><ele>1967.9</ele><time>2023-12-22T00:43:23Z</time></trkpt>
      <trkpt lat="25.7346385" lon="100.1734010"><ele>1967.9</ele><time>2023-12-22T00:43:24Z</time></trkpt>
      <trkpt lat="25.7346269" lon="100.1734168"><ele>1967.9</ele><time>2023-12-22T00:43:25Z</time></trkpt>
      <trkpt lat="25.7346152" lon="100.1734318"><ele>1967.9</ele><time>2023-12-22T00:43:26Z</time></trkpt>
      <trkpt lat="25.7346033" lon="100.1734475"><ele>1967.9</ele><time>2023-12-22T00:43:27Z</time></trkpt>
      <trkpt lat="25.7345909" lon="100.1734639"><ele>1967.9</ele><time>2023-12-22T00:43:28Z</time></trkpt>
      <trkpt lat="25.7345776" lon="100.1734806"><ele>1967.9</ele><time>2023-12-22T00:43:29Z</time></trkpt>
      <trkpt lat="25.7345637" lon="100.1734973"><ele>1967.9</ele><time>2023-12-22T00:43:30Z</time></trkpt>
      <trkpt lat="25.7345504" lon="100.1735136"><ele>1967.9</ele><time>2023-12-22T00:43:31Z</time></trkpt>
      <trkpt lat="25.7345378" lon="100.1735297"><ele>1967.9</ele><time>2023-12-22T00:43:32Z</time></trkpt>
      <trkpt lat="25.7345254" lon="100.1735450"><ele>1967.9</ele><time>2023-12-22T00:43:33Z</time></trkpt>
      <trkpt lat="25.7345128" lon="100.1735597"><ele>1968.0</ele><time>2023-12-22T00:43:34Z</time></trkpt>
      <trkpt lat="25.7345000" lon="100.1735743"><ele>1968.0</ele><time>2023-12-22T00:43:35Z</time></trkpt>
      <trkpt lat="25.7344873" lon="100.1735895"><ele>1968.0</ele><time>2023-12-22T00:43:36Z</time></trkpt>
      <trkpt lat="25.7344745" lon="100.1736054"><ele>1968.0</ele><time>2023-12-22T00:43:37Z</time></trkpt>
      <trkpt lat="25.7344613" lon="100.1736211"><ele>1968.1</ele><time>2023-12-22T00:43:38Z</time></trkpt>
      <trkpt lat="25.7344473" lon="100.1736359"><ele>1968.1</ele><time>2023-12-22T00:43:39Z</time></trkpt>
      <trkpt lat="25.7344326" lon="100.1736498"><ele>1968.1</ele><time>2023-12-22T00:43:40Z</time></trkpt>
      <trkpt lat="25.7344180" lon="100.1736639"><ele>1968.2</ele><time>2023-12-22T00:43:41Z</time></trkpt>
      <trkpt lat="25.7344041" lon="100.1736792"><ele>1968.2</ele><time>2023-12-22T00:43:42Z</time></trkpt>
      <trkpt lat="25.7343908" lon="100.1736952"><ele>1968.2</ele><time>2023-12-22T00:43:43Z</time></trkpt>
      <trkpt lat="25.7343776" lon="100.1737111"><ele>1968.3</ele><time>2023-12-22T00:43:44Z</time></trkpt>
      <trkpt lat="25.7343637" lon="100.1737263"><ele>1968.3</ele><time>2023-12-22T00:43:45Z</time></trkpt>
      <trkpt lat="25.7343493" lon="100.1737407"><ele>1968.3</ele><time>2023-12-22T00:43:46Z</time></trkpt>
      <trkpt lat="25.7343350" lon="100.1737550"><ele>1968.3</ele><time>2023-12-22T00:43:47Z</time></trkpt>
      <trkpt lat="25.7343209" lon="100.1737696"><ele>1968.2</ele><time>2023-12-22T00:43:48Z</time></trkpt>
      <trkpt lat="25.7343073" lon="100.1737844"><ele>1968.2</ele><time>2023-12-22T00:43:49Z</time></trkpt>
      <trkpt lat="25.7342944" lon="100.1737995"><ele>1968.2</ele><time>2023-12-22T00:43:50Z</time></trkpt>
      <trkpt lat="25.7342814" lon="100.1738147"><ele>1968.1</ele><time>2023-12-22T00:43:51Z</time></trkpt>
      <trkpt lat="25.7342675" lon="100.1738295"><ele>1968.1</ele><time>2023-12-22T00:43:52Z</time></trkpt>
      <trkpt lat="25.7342528" lon="100.1738441"><ele>1968.1</ele><time>2023-12-22T00:43:53Z</time></trkpt>
      <trkpt lat="25.7342377" lon="100.1738592"><ele>1968.0</ele><time>2023-12-22T00:43:54Z</time></trkpt>
      <trkpt lat="25.7342227" lon="100.1738747"><ele>1967.9</ele><time>2023-12-22T00:43:55Z</time></trkpt>
      <trkpt lat="25.7342077" lon="100.1738905"><ele>1967.8</ele><time>2023-12-22T00:43:56Z</time></trkpt>
      <trkpt lat="25.7341928" lon="100.1739062"><ele>1967.8</ele><time>2023-12-22T00:43:57Z</time></trkpt>
      <trkpt lat="25.7341779" lon="100.1739218"><ele>1967.7</ele><time>2023-12-22T00:43:58Z</time></trkpt>
      <trkpt lat="25.7341626" lon="100.1739364"><ele>1967.7</ele><time>2023-12-22T00:43:59Z</time></trkpt>
      <trkpt lat="25.7341467" lon="100.1739498"><ele>1967.7</ele><time>2023-12-22T00:44:00Z</time></trkpt>
      <trkpt lat="25.7341305" lon="100.1739624"><ele>1967.6</ele><time>2023-12-22T00:44:01Z</time></trkpt>
      <trkpt lat="25.7341147" lon="100.1739744"><ele>1967.6</ele><time>2023-12-22T00:44:02Z</time></trkpt>
      <trkpt lat="25.7340998" lon="100.1739867"><ele>1967.6</ele><time>2023-12-22T00:44:03Z</time></trkpt>
      <trkpt lat="25.7340852" lon="100.1739993"><ele>1967.6</ele><time>2023-12-22T00:44:04Z</time></trkpt>
      <trkpt lat="25.7340703" lon="100.1740121"><ele>1967.6</ele><time>2023-12-22T00:44:05Z</time></trkpt>
      <trkpt lat="25.7340547" lon="100.1740250"><ele>1967.7</ele><time>2023-12-22T00:44:06Z</time></trkpt>
      <trkpt lat="25.7340391" lon="100.1740382"><ele>1967.8</ele><time>2023-12-22T00:44:07Z</time></trkpt>
      <trkpt lat="25.7340238" lon="100.1740517"><ele>1967.8</ele><time>2023-12-22T00:44:08Z</time></trkpt>
      <trkpt lat="25.7340084" lon="100.1740646"><ele>1967.9</ele><time>2023-12-22T00:44:09Z</time></trkpt>
      <trkpt lat="25.7339926" lon="100.1740771"><ele>1968.0</ele><time>2023-12-22T00:44:10Z</time></trkpt>
      <trkpt lat="25.7339771" lon="100.1740895"><ele>1968.1</ele><time>2023-12-22T00:44:11Z</time></trkpt>
      <trkpt lat="25.7339618" lon="100.1741019"><ele>1968.2</ele><time>2023-12-22T00:44:12Z</time></trkpt>
      <trkpt lat="25.7339458" lon="100.1741138"><ele>1968.3</ele><time>2023-12-22T00:44:13Z</time></trkpt>
      <trkpt lat="25.7339294" lon="100.1741254"><ele>1968.4</ele><time>2023-12-22T00:44:14Z</time></trkpt>
      <trkpt lat="25.7339131" lon="100.1741376"><ele>1968.4</ele><time>2023-12-22T00:44:15Z</time></trkpt>
      <trkpt lat="25.7338966" lon="100.1741501"><ele>1968.5</ele><time>2023-12-22T00:44:16Z</time></trkpt>
      <trkpt lat="25.7338798" lon="100.1741622"><ele>1968.5</ele><time>2023-12-22T00:44:17Z</time></trkpt>
      <trkpt lat="25.7338633" lon="100.1741737"><ele>1968.5</ele><time>2023-12-22T00:44:18Z</time></trkpt>
      <trkpt lat="25.7338470" lon="100.1741849"><ele>1968.6</ele><time>2023-12-22T00:44:19Z</time></trkpt>
      <trkpt lat="25.7338304" lon="100.1741961"><ele>1968.6</ele><time>2023-12-22T00:44:20Z</time></trkpt>
      <trkpt lat="25.7338137" lon="100.1742075"><ele>1968.6</ele><time>2023-12-22T00:44:21Z</time></trkpt>
      <trkpt lat="25.7337977" lon="100.1742189"><ele>1968.6</ele><time>2023-12-22T00:44:22Z</time></trkpt>
      <trkpt lat="25.7337818" lon="100.1742304"><ele>1968.6</ele><time>2023-12-22T00:44:23Z</time></trkpt>
      <trkpt lat="25.7337657" lon="100.1742426"><ele>1968.6</ele><time>2023-12-22T00:44:24Z</time></trkpt>
      <trkpt lat="25.7337498" lon="100.1742556"><ele>1968.5</ele><time>2023-12-22T00:44:25Z</time></trkpt>
      <trkpt lat="25.7337337" lon="100.1742687"><ele>1968.5</ele><time>2023-12-22T00:44:26Z</time></trkpt>
      <trkpt lat="25.7337175" lon="100.1742817"><ele>1968.5</ele><time>2023-12-22T00:44:27Z</time></trkpt>
      <trkpt lat="25.7337013" lon="100.1742944"><ele>1968.5</ele><time>2023-12-22T00:44:28Z</time></trkpt>
      <trkpt lat="25.7336849" lon="100.1743070"><ele>1968.5</ele><time>2023-12-22T00:44:29Z</time></trkpt>
      <trkpt lat="25.7336680" lon="100.1743196"><ele>1968.4</ele><time>2023-12-22T00:44:30Z</time></trkpt>
      <trkpt lat="25.7336502" lon="100.1743326"><ele>1968.4</ele><time>2023-12-22T00:44:31Z</time></trkpt>
      <trkpt lat="25.7336321" lon="100.1743459"><ele>1968.4</ele><time>2023-12-22T00:44:32Z</time></trkpt>
      <trkpt lat="25.7336139" lon="100.1743594"><ele>1968.4</ele><time>2023-12-22T00:44:33Z</time></trkpt>
      <trkpt lat="25.7335951" lon="100.1743732"><ele>1968.3</ele><time>2023-12-22T00:44:34Z</time></trkpt>
      <trkpt lat="25.7335756" lon="100.1743869"><ele>1968.3</ele><time>2023-12-22T00:44:35Z</time></trkpt>
      <trkpt lat="25.7335566" lon="100.1744017"><ele>1968.3</ele><time>2023-12-22T00:44:36Z</time></trkpt>
      <trkpt lat="25.7335383" lon="100.1744175"><ele>1968.3</ele><time>2023-12-22T00:44:37Z</time></trkpt>
      <trkpt lat="25.7335210" lon="100.1744339"><ele>1968.3</ele><time>2023-12-22T00:44:38Z</time></trkpt>
      <trkpt lat="25.7335043" lon="100.1744500"><ele>1968.2</ele><time>2023-12-22T00:44:39Z</time></trkpt>
      <trkpt lat="25.7334881" lon="100.1744650"><ele>1968.2</ele><time>2023-12-22T00:44:40Z</time></trkpt>
      <trkpt lat="25.7334722" lon="100.1744794"><ele>1968.2</ele><time>2023-12-22T00:44:41Z</time></trkpt>
      <trkpt lat="25.7334565" lon="100.1744940"><ele>1968.2</ele><time>2023-12-22T00:44:42Z</time></trkpt>
      <trkpt lat="25.7334413" lon="100.1745104"><ele>1968.2</ele><time>2023-12-22T00:44:43Z</time></trkpt>
      <trkpt lat="25.7334268" lon="100.1745285"><ele>1968.1</ele><time>2023-12-22T00:44:44Z</time></trkpt>
      <trkpt lat="25.7334132" lon="100.1745475"><ele>1968.1</ele><time>2023-12-22T00:44:45Z</time></trkpt>
      <trkpt lat="25.7334002" lon="100.1745669"><ele>1968.0</ele><time>2023-12-22T00:44:46Z</time></trkpt>
      <trkpt lat="25.7333866" lon="100.1745859"><ele>1968.0</ele><time>2023-12-22T00:44:47Z</time></trkpt>
      <trkpt lat="25.7333716" lon="100.1746034"><ele>1967.9</ele><time>2023-12-22T00:44:48Z</time></trkpt>
      <trkpt lat="25.7333550" lon="100.1746183"><ele>1967.8</ele><time>2023-12-22T00:44:49Z</time></trkpt>
      <trkpt lat="25.7333367" lon="100.1746306"><ele>1967.8</ele><time>2023-12-22T00:44:50Z</time></trkpt>
      <trkpt lat="25.7333174" lon="100.1746410"><ele>1967.7</ele><time>2023-12-22T00:44:51Z</time></trkpt>
      <trkpt lat="25.7332989" lon="100.1746517"><ele>1967.6</ele><time>2023-12-22T00:44:52Z</time></trkpt>
      <trkpt lat="25.7332821" lon="100.1746646"><ele>1967.6</ele><time>2023-12-22T00:44:53Z</time></trkpt>
      <trkpt lat="25.7332667" lon="100.1746795"><ele>1967.6</ele><time>2023-12-22T00:44:54Z</time></trkpt>
      <trkpt lat="25.7332519" lon="100.1746958"><ele>1967.6</ele><time>2023-12-22T00:44:55Z</time></trkpt>
      <trkpt lat="25.7332374" lon="100.1747128"><ele>1967.6</ele><time>2023-12-22T00:44:56Z</time></trkpt>
      <trkpt lat="25.7332234" lon="100.1747303"><ele>1967.6</ele><time>2023-12-22T00:44:57Z</time></trkpt>
      <trkpt lat="25.7332099" lon="100.1747479"><ele>1967.6</ele><time>2023-12-22T00:44:58Z</time></trkpt>
      <trkpt lat="25.7331968" lon="100.1747654"><ele>1967.6</ele><time>2023-12-22T00:44:59Z</time></trkpt>
      <trkpt lat="25.7331838" lon="100.1747829"><ele>1967.6</ele><time>2023-12-22T00:45:00Z</time></trkpt>
      <trkpt lat="25.7331707" lon="100.1747999"><ele>1967.7</ele><time>2023-12-22T00:45:01Z</time></trkpt>
      <trkpt lat="25.7331576" lon="100.1748166"><ele>1967.7</ele><time>2023-12-22T00:45:02Z</time></trkpt>
      <trkpt lat="25.7331444" lon="100.1748335"><ele>1967.7</ele><time>2023-12-22T00:45:03Z</time></trkpt>
      <trkpt lat="25.7331310" lon="100.1748511"><ele>1967.8</ele><time>2023-12-22T00:45:04Z</time></trkpt>
      <trkpt lat="25.7331176" lon="100.1748696"><ele>1967.8</ele><time>2023-12-22T00:45:05Z</time></trkpt>
      <trkpt lat="25.7331046" lon="100.1748881"><ele>1967.8</ele><time>2023-12-22T00:45:06Z</time></trkpt>
      <trkpt lat="25.7330926" lon="100.1749066"><ele>1967.9</ele><time>2023-12-22T00:45:07Z</time></trkpt>
      <trkpt lat="25.7330813" lon="100.1749251"><ele>1967.9</ele><time>2023-12-22T00:45:08Z</time></trkpt>
      <trkpt lat="25.7330702" lon="100.1749432"><ele>1967.9</ele><time>2023-12-22T00:45:09Z</time></trkpt>
      <trkpt lat="25.7330592" lon="100.1749612"><ele>1968.0</ele><time>2023-12-22T00:45:10Z</time></trkpt>
      <trkpt lat="25.7330483" lon="100.1749794"><ele>1968.0</ele><time>2023-12-22T00:45:11Z</time></trkpt>
      <trkpt lat="25.7330373" lon="100.1749975"><ele>1968.1</ele><time>2023-12-22T00:45:12Z</time></trkpt>
      <trkpt lat="25.7330261" lon="100.1750152"><ele>1968.1</ele><time>2023-12-22T00:45:13Z</time></trkpt>
      <trkpt lat="25.7330146" lon="100.1750328"><ele>1968.1</ele><time>2023-12-22T00:45:14Z</time></trkpt>
      <trkpt lat="25.7330029" lon="100.1750506"><ele>1968.1</ele><time>2023-12-22T00:45:15Z</time></trkpt>
      <trkpt lat="25.7329920" lon="100.1750684"><ele>1968.2</ele><time>2023-12-22T00:45:16Z</time></trkpt>
      <trkpt lat="25.7329825" lon="100.1750869"><ele>1968.2</ele><time>2023-12-22T00:45:17Z</time></trkpt>
      <trkpt lat="25.7329740" lon="100.1751060"><ele>1968.2</ele><time>2023-12-22T00:45:18Z</time></trkpt>
      <trkpt lat="25.7329656" lon="100.1751253"><ele>1968.3</ele><time>2023-12-22T00:45:19Z</time></trkpt>
      <trkpt lat="25.7329564" lon="100.1751440"><ele>1968.3</ele><time>2023-12-22T00:45:20Z</time></trkpt>
      <trkpt lat="25.7329466" lon="100.1751617"><ele>1968.3</ele><time>2023-12-22T00:45:21Z</time></trkpt>
      <trkpt lat="25.7329373" lon="100.1751792"><ele>1968.3</ele><time>2023-12-22T00:45:22Z</time></trkpt>
      <trkpt lat="25.7329289" lon="100.1751967"><ele>1968.4</ele><time>2023-12-22T00:45:23Z</time></trkpt>
      <trkpt lat="25.7329206" lon="100.1752139"><ele>1968.4</ele><time>2023-12-22T00:45:24Z</time></trkpt>
      <trkpt lat="25.7329117" lon="100.1752309"><ele>1968.4</ele><time>2023-12-22T00:45:25Z</time></trkpt>
      <trkpt lat="25.7329023" lon="100.1752474"><ele>1968.4</ele><time>2023-12-22T00:45:26Z</time></trkpt>
      <trkpt lat="25.7328931" lon="100.1752639"><ele>1968.5</ele><time>2023-12-22T00:45:27Z</time></trkpt>
      <trkpt lat="25.7328838" lon="100.1752804"><ele>1968.5</ele><time>2023-12-22T00:45:28Z</time></trkpt>
      <trkpt lat="25.7328743" lon="100.1752973"><ele>1968.5</ele><time>2023-12-22T00:45:29Z</time></trkpt>
      <trkpt lat="25.7328644" lon="100.1753144"><ele>1968.6</ele><time>2023-12-22T00:45:30Z</time></trkpt>
      <trkpt lat="25.7328543" lon="100.1753316"><ele>1968.6</ele><time>2023-12-22T00:45:31Z</time></trkpt>
      <trkpt lat="25.7328442" lon="100.1753493"><ele>1968.7</ele><time>2023-12-22T00:45:32Z</time></trkpt>
      <trkpt lat="25.7328347" lon="100.1753672"><ele>1968.7</ele><time>2023-12-22T00:45:33Z</time></trkpt>
      <trkpt lat="25.7328258" lon="100.1753852"><ele>1968.7</ele><time>2023-12-22T00:45:34Z</time></trkpt>
      <trkpt lat="25.7328168" lon="100.1754027"><ele>1968.7</ele><time>2023-12-22T00:45:35Z</time></trkpt>
      <trkpt lat="25.7328076" lon="100.1754198"><ele>1968.7</ele><time>2023-12-22T00:45:36Z</time></trkpt>
      <trkpt lat="25.7327987" lon="100.1754372"><ele>1968.7</ele><time>2023-12-22T00:45:37Z</time></trkpt>
      <trkpt lat="25.7327907" lon="100.1754554"><ele>1968.7</ele><time>2023-12-22T00:45:38Z</time></trkpt>
      <trkpt lat="25.7327839" lon="100.1754748"><ele>1968.6</ele><time>2023-12-22T00:45:39Z</time></trkpt>
      <trkpt lat="25.7327771" lon="100.1754944"><ele>1968.6</ele><time>2023-12-22T00:45:40Z</time></trkpt>
      <trkpt lat="25.7327698" lon="100.1755137"><ele>1968.5</ele><time>2023-12-22T00:45:41Z</time></trkpt>
      <trkpt lat="25.7327626" lon="100.1755326"><ele>1968.4</ele><time>2023-12-22T00:45:42Z</time></trkpt>
      <trkpt lat="25.7327557" lon="100.1755513"><ele>1968.4</ele><time>2023-12-22T00:45:43Z</time></trkpt>
      <trkpt lat="25.7327490" lon="100.1755701"><ele>1968.3</ele><time>2023-12-22T00:45:44Z</time></trkpt>
      <trkpt lat="25.7327424" lon="100.1755890"><ele>1968.2</ele><time>2023-12-22T00:45:45Z</time></trkpt>
      <trkpt lat="25.7327361" lon="100.1756076"><ele>1968.1</ele><time>2023-12-22T00:45:46Z</time></trkpt>
      <trkpt lat="25.7327297" lon="100.1756259"><ele>1968.1</ele><time>2023-12-22T00:45:47Z</time></trkpt>
      <trkpt lat="25.7327237" lon="100.1756443"><ele>1968.0</ele><time>2023-12-22T00:45:48Z</time></trkpt>
      <trkpt lat="25.7327185" lon="100.1756630"><ele>1968.0</ele><time>2023-12-22T00:45:49Z</time></trkpt>
      <trkpt lat="25.7327136" lon="100.1756813"><ele>1967.9</ele><time>2023-12-22T00:45:50Z</time></trkpt>
      <trkpt lat="25.7327090" lon="100.1756994"><ele>1967.9</ele><time>2023-12-22T00:45:51Z</time></trkpt>
      <trkpt lat="25.7327051" lon="100.1757175"><ele>1967.9</ele><time>2023-12-22T00:45:52Z</time></trkpt>
      <trkpt lat="25.7327020" lon="100.1757358"><ele>1968.0</ele><time>2023-12-22T00:45:53Z</time></trkpt>
      <trkpt lat="25.7326995" lon="100.1757545"><ele>1968.0</ele><time>2023-12-22T00:45:54Z</time></trkpt>
      <trkpt lat="25.7326970" lon="100.1757734"><ele>1968.0</ele><time>2023-12-22T00:45:55Z</time></trkpt>
      <trkpt lat="25.7326939" lon="100.1757922"><ele>1968.0</ele><time>2023-12-22T00:45:56Z</time></trkpt>
      <trkpt lat="25.7326906" lon="100.1758108"><ele>1968.0</ele><time>2023-12-22T00:45:57Z</time></trkpt>
      <trkpt lat="25.7326873" lon="100.1758295"><ele>1968.0</ele><time>2023-12-22T00:45:58Z</time></trkpt>
      <trkpt lat="25.7326844" lon="100.1758490"><ele>1968.0</ele><time>2023-12-22T00:45:59Z</time></trkpt>
      <trkpt lat="25.7326816" lon="100.1758687"><ele>1968.0</ele><time>2023-12-22T00:46:00Z</time></trkpt>
      <trkpt lat="25.7326790" lon="100.1758883"><ele>1968.0</ele><time>2023-12-22T00:46:01Z</time></trkpt>
      <trkpt lat="25.7326767" lon="100.1759077"><ele>1968.0</ele><time>2023-12-22T00:46:02Z</time></trkpt>
      <trkpt lat="25.7326743" lon="100.1759271"><ele>1967.9</ele><time>2023-12-22T00:46:03Z</time></trkpt>
      <trkpt lat="25.7326718" lon="100.1759471"><ele>1967.9</ele><time>2023-12-22T00:46:04Z</time></trkpt>
      <trkpt lat="25.7326697" lon="100.1759677"><ele>1967.8</ele><time>2023-12-22T00:46:05Z</time></trkpt>
      <trkpt lat="25.7326679" lon="100.1759886"><ele>1967.8</ele><time>2023-12-22T00:46:06Z</time></trkpt>
      <trkpt lat="25.7326663" lon="100.1760096"><ele>1967.7</ele><time>2023-12-22T00:46:07Z</time></trkpt>
      <trkpt lat="25.7326652" lon="100.1760301"><ele>1967.7</ele><time>2023-12-22T00:46:08Z</time></trkpt>
      <trkpt lat="25.7326646" lon="100.1760504"><ele>1967.6</ele><time>2023-12-22T00:46:09Z</time></trkpt>
      <trkpt lat="25.7326642" lon="100.1760702"><ele>1967.6</ele><time>2023-12-22T00:46:10Z</time></trkpt>
      <trkpt lat="25.7326643" lon="100.1760897"><ele>1967.6</ele><time>2023-12-22T00:46:11Z</time></trkpt>
      <trkpt lat="25.7326647" lon="100.1761092"><ele>1967.6</ele><time>2023-12-22T00:46:12Z</time></trkpt>
      <trkpt lat="25.7326656" lon="100.1761288"><ele>1967.5</ele><time>2023-12-22T00:46:13Z</time></trkpt>
      <trkpt lat="25.7326666" lon="100.1761486"><ele>1967.5</ele><time>2023-12-22T00:46:14Z</time></trkpt>
      <trkpt lat="25.7326671" lon="100.1761687"><ele>1967.6</ele><time>2023-12-22T00:46:15Z</time></trkpt>
      <trkpt lat="25.7326675" lon="100.1761888"><ele>1967.6</ele><time>2023-12-22T00:46:16Z</time></trkpt>
      <trkpt lat="25.7326680" lon="100.1762091"><ele>1967.6</ele><time>2023-12-22T00:46:17Z</time></trkpt>
      <trkpt lat="25.7326688" lon="100.1762294"><ele>1967.6</ele><time>2023-12-22T00:46:18Z</time></trkpt>
      <trkpt lat="25.7326700" lon="100.1762500"><ele>1967.7</ele><time>2023-12-22T00:46:19Z</time></trkpt>
      <trkpt lat="25.7326712" lon="100.1762707"><ele>1967.7</ele><time>2023-12-22T00:46:20Z</time></trkpt>
      <trkpt lat="25.7326726" lon="100.1762916"><ele>1967.8</ele><time>2023-12-22T00:46:21Z</time></trkpt>
      <trkpt lat="25.7326741" lon="100.1763125"><ele>1967.8</ele><time>2023-12-22T00:46:22Z</time></trkpt>
      <trkpt lat="25.7326755" lon="100.1763335"><ele>1967.9</ele><time>2023-12-22T00:46:23Z</time></trkpt>
      <trkpt lat="25.7326774" lon="100.1763548"><ele>1967.9</ele><time>2023-12-22T00:46:24Z</time></trkpt>
      <trkpt lat="25.7326796" lon="100.1763763"><ele>1968.0</ele><time>2023-12-22T00:46:25Z</time></trkpt>
      <trkpt lat="25.7326817" lon="100.1763976"><ele>1968.0</ele><time>2023-12-22T00:46:26Z</time></trkpt>
      <trkpt lat="25.7326840" lon="100.1764189"><ele>1968.1</ele><time>2023-12-22T00:46:27Z</time></trkpt>
      <trkpt lat="25.7326872" lon="100.1764404"><ele>1968.1</ele><time>2023-12-22T00:46:28Z</time></trkpt>
      <trkpt lat="25.7326907" lon="100.1764623"><ele>1968.1</ele><time>2023-12-22T00:46:29Z</time></trkpt>
      <trkpt lat="25.7326939" lon="100.1764841"><ele>1968.1</ele><time>2023-12-22T00:46:30Z</time></trkpt>
      <trkpt lat="25.7326975" lon="100.1765053"><ele>1968.1</ele><time>2023-12-22T00:46:31Z</time></trkpt>
      <trkpt lat="25.7327021" lon="100.1765260"><ele>1968.1</ele><time>2023-12-22T00:46:32Z</time></trkpt>
      <trkpt lat="25.7327075" lon="100.1765463"><ele>1968.1</ele><time>2023-12-22T00:46:33Z</time></trkpt>
      <trkpt lat="25.7327134" lon="100.1765662"><ele>1968.1</ele><time>2023-12-22T00:46:34Z</time></trkpt>
      <trkpt lat="25.7327194" lon="100.1765857"><ele>1968.0</ele><time>2023-12-22T00:46:35Z</time></trkpt>
      <trkpt lat="25.7327247" lon="100.1766056"><ele>1968.0</ele><time>2023-12-22T00:46:36Z</time></trkpt>
      <trkpt lat="25.7327297" lon="100.1766255"><ele>1968.0</ele><time>2023-12-22T00:46:37Z</time></trkpt>
      <trkpt lat="25.7327352" lon="100.1766449"><ele>1968.0</ele><time>2023-12-22T00:46:38Z</time></trkpt>
      <trkpt lat="25.7327412" lon="100.1766644"><ele>1967.9</ele><time>2023-12-22T00:46:39Z</time></trkpt>
      <trkpt lat="25.7327479" lon="100.1766837"><ele>1967.9</ele><time>2023-12-22T00:46:40Z</time></trkpt>
      <trkpt lat="25.7327549" lon="100.1767026"><ele>1967.8</ele><time>2023-12-22T00:46:41Z</time></trkpt>
      <trkpt lat="25.7327619" lon="100.1767214"><ele>1967.8</ele><time>2023-12-22T00:46:42Z</time></trkpt>
      <trkpt lat="25.7327689" lon="100.1767402"><ele>1967.7</ele><time>2023-12-22T00:46:43Z</time></trkpt>
      <trkpt lat="25.7327760" lon="100.1767591"><ele>1967.7</ele><time>2023-12-22T00:46:44Z</time></trkpt>
      <trkpt lat="25.7327830" lon="100.1767781"><ele>1967.7</ele><time>2023-12-22T00:46:45Z</time></trkpt>
      <trkpt lat="25.7327895" lon="100.1767974"><ele>1967.7</ele><time>2023-12-22T00:46:46Z</time></trkpt>
      <trkpt lat="25.7327962" lon="100.1768166"><ele>1967.7</ele><time>2023-12-22T00:46:47Z</time></trkpt>
      <trkpt lat="25.7328035" lon="100.1768354"><ele>1967.7</ele><time>2023-12-22T00:46:48Z</time></trkpt>
      <trkpt lat="25.7328111" lon="100.1768541"><ele>1967.8</ele><time>2023-12-22T00:46:49Z</time></trkpt>
      <trkpt lat="25.7328191" lon="100.1768726"><ele>1967.8</ele><time>2023-12-22T00:46:50Z</time></trkpt>
      <trkpt lat="25.7328276" lon="100.1768908"><ele>1967.9</ele><time>2023-12-22T00:46:51Z</time></trkpt>
      <trkpt lat="25.7328362" lon="100.1769090"><ele>1968.0</ele><time>2023-12-22T00:46:52Z</time></trkpt>
      <trkpt lat="25.7328453" lon="100.1769273"><ele>1968.1</ele><time>2023-12-22T00:46:53Z</time></trkpt>
      <trkpt lat="25.7328546" lon="100.1769455"><ele>1968.2</ele><time>2023-12-22T00:46:54Z</time></trkpt>
      <trkpt lat="25.7328639" lon="100.1769643"><ele>1968.3</ele><time>2023-12-22T00:46:55Z</time></trkpt>
      <trkpt lat="25.7328733" lon="100.1769831"><ele>1968.4</ele><time>2023-12-22T00:46:56Z</time></trkpt>
      <trkpt lat="25.7328833" lon="100.1770019"><ele>1968.5</ele><time>2023-12-22T00:46:57Z</time></trkpt>
      <trkpt lat="25.7328935" lon="100.1770203"><ele>1968.7</ele><time>2023-12-22T00:46:58Z</time></trkpt>
      <trkpt lat="25.7329038" lon="100.1770387"><ele>1968.8</ele><time>2023-12-22T00:46:59Z</time></trkpt>
      <trkpt lat="25.7329144" lon="100.1770573"><ele>1968.9</ele><time>2023-12-22T00:47:00Z</time></trkpt>
      <trkpt lat="25.7329247" lon="100.1770758"><ele>1969.0</ele><time>2023-12-22T00:47:01Z</time></trkpt>
      <trkpt lat="25.7329351" lon="100.1770940"><ele>1969.1</ele><time>2023-12-22T00:47:02Z</time></trkpt>
      <trkpt lat="25.7329460" lon="100.1771120"><ele>1969.2</ele><time>2023-12-22T00:47:03Z</time></trkpt>
      <trkpt lat="25.7329577" lon="100.1771291"><ele>1969.3</ele><time>2023-12-22T00:47:04Z</time></trkpt>
      <trkpt lat="25.7329703" lon="100.1771452"><ele>1969.3</ele><time>2023-12-22T00:47:05Z</time></trkpt>
      <trkpt lat="25.7329831" lon="100.1771612"><ele>1969.4</ele><time>2023-12-22T00:47:06Z</time></trkpt>
      <trkpt lat="25.7329959" lon="100.1771780"><ele>1969.4</ele><time>2023-12-22T00:47:07Z</time></trkpt>
      <trkpt lat="25.7330084" lon="100.1771949"><ele>1969.4</ele><time>2023-12-22T00:47:08Z</time></trkpt>
      <trkpt lat="25.7330211" lon="100.1772117"><ele>1969.4</ele><time>2023-12-22T00:47:09Z</time></trkpt>
      <trkpt lat="25.7330338" lon="100.1772285"><ele>1969.4</ele><time>2023-12-22T00:47:10Z</time></trkpt>
      <trkpt lat="25.7330463" lon="100.1772450"><ele>1969.5</ele><time>2023-12-22T00:47:11Z</time></trkpt>
      <trkpt lat="25.7330594" lon="100.1772612"><ele>1969.5</ele><time>2023-12-22T00:47:12Z</time></trkpt>
      <trkpt lat="25.7330730" lon="100.1772772"><ele>1969.5</ele><time>2023-12-22T00:47:13Z</time></trkpt>
      <trkpt lat="25.7330870" lon="100.1772937"><ele>1969.5</ele><time>2023-12-22T00:47:14Z</time></trkpt>
      <trkpt lat="25.7331010" lon="100.1773101"><ele>1969.5</ele><time>2023-12-22T00:47:15Z</time></trkpt>
      <trkpt lat="25.7331147" lon="100.1773266"><ele>1969.5</ele><time>2023-12-22T00:47:16Z</time></trkpt>
      <trkpt lat="25.7331282" lon="100.1773428"><ele>1969.5</ele><time>2023-12-22T00:47:17Z</time></trkpt>
      <trkpt lat="25.7331417" lon="100.1773585"><ele>1969.5</ele><time>2023-12-22T00:47:18Z</time></trkpt>
      <trkpt lat="25.7331554" lon="100.1773738"><ele>1969.5</ele><time>2023-12-22T00:47:19Z</time></trkpt>
      <trkpt lat="25.7331690" lon="100.1773891"><ele>1969.6</ele><time>2023-12-22T00:47:20Z</time></trkpt>
      <trkpt lat="25.7331827" lon="100.1774046"><ele>1969.6</ele><time>2023-12-22T00:47:21Z</time></trkpt>
      <trkpt lat="25.7331958" lon="100.1774206"><ele>1969.6</ele><time>2023-12-22T00:47:22Z</time></trkpt>
      <trkpt lat="25.7332081" lon="100.1774372"><ele>1969.6</ele><time>2023-12-22T00:47:23Z</time></trkpt>
      <trkpt lat="25.7332199" lon="100.1774543"><ele>1969.6</ele><time>2023-12-22T00:47:24Z</time></trkpt>
      <trkpt lat="25.7332313" lon="100.1774716"><ele>1969.6</ele><time>2023-12-22T00:47:25Z</time></trkpt>
      <trkpt lat="25.7332422" lon="100.1774893"><ele>1969.6</ele><time>2023-12-22T00:47:26Z</time></trkpt>
      <trkpt lat="25.7332521" lon="100.1775074"><ele>1969.5</ele><time>2023-12-22T00:47:27Z</time></trkpt>
      <trkpt lat="25.7332616" lon="100.1775258"><ele>1969.5</ele><time>2023-12-22T00:47:28Z</time></trkpt>
      <trkpt lat="25.7332715" lon="100.1775445"><ele>1969.5</ele><time>2023-12-22T00:47:29Z</time></trkpt>
      <trkpt lat="25.7332815" lon="100.1775637"><ele>1969.4</ele><time>2023-12-22T00:47:30Z</time></trkpt>
      <trkpt lat="25.7332914" lon="100.1775832"><ele>1969.4</ele><time>2023-12-22T00:47:31Z</time></trkpt>
      <trkpt lat="25.7333007" lon="100.1776027"><ele>1969.3</ele><time>2023-12-22T00:47:32Z</time></trkpt>
      <trkpt lat="25.7333087" lon="100.1776230"><ele>1969.3</ele><time>2023-12-22T00:47:33Z</time></trkpt>
      <trkpt lat="25.7333152" lon="100.1776436"><ele>1969.2</ele><time>2023-12-22T00:47:34Z</time></trkpt>
      <trkpt lat="25.7333212" lon="100.1776646"><ele>1969.2</ele><time>2023-12-22T00:47:35Z</time></trkpt>
      <trkpt lat="25.7333272" lon="100.1776862"><ele>1969.1</ele><time>2023-12-22T00:47:36Z</time></trkpt>
      <trkpt lat="25.7333336" lon="100.1777086"><ele>1969.0</ele><time>2023-12-22T00:47:37Z</time></trkpt>
      <trkpt lat="25.7333399" lon="100.1777318"><ele>1968.9</ele><time>2023-12-22T00:47:38Z</time></trkpt>
      <trkpt lat="25.7333455" lon="100.1777558"><ele>1968.9</ele><time>2023-12-22T00:47:39Z</time></trkpt>
      <trkpt lat="25.7333506" lon="100.1777801"><ele>1968.8</ele><time>2023-12-22T00:47:40Z</time></trkpt>
      <trkpt lat="25.7333549" lon="100.1778044"><ele>1968.8</ele><time>2023-12-22T00:47:41Z</time></trkpt>
      <trkpt lat="25.7333583" lon="100.1778289"><ele>1968.7</ele><time>2023-12-22T00:47:42Z</time></trkpt>
      <trkpt lat="25.7333602" lon="100.1778537"><ele>1968.7</ele><time>2023-12-22T00:47:43Z</time></trkpt>
      <trkpt lat="25.7333605" lon="100.1778789"><ele>1968.6</ele><time>2023-12-22T00:47:44Z</time></trkpt>
      <trkpt lat="25.7333598" lon="100.1779043"><ele>1968.6</ele><time>2023-12-22T00:47:45Z</time></trkpt>
      <trkpt lat="25.7333588" lon="100.1779295"><ele>1968.5</ele><time>2023-12-22T00:47:46Z</time></trkpt>
      <trkpt lat="25.7333584" lon="100.1779539"><ele>1968.5</ele><time>2023-12-22T00:47:47Z</time></trkpt>
      <trkpt lat="25.7333587" lon="100.1779775"><ele>1968.5</ele><time>2023-12-22T00:47:48Z</time></trkpt>
      <trkpt lat="25.7333589" lon="100.1780007"><ele>1968.4</ele><time>2023-12-22T00:47:49Z</time></trkpt>
      <trkpt lat="25.7333588" lon="100.1780240"><ele>1968.4</ele><time>2023-12-22T00:47:50Z</time></trkpt>
      <trkpt lat="25.7333580" lon="100.1780468"><ele>1968.3</ele><time>2023-12-22T00:47:51Z</time></trkpt>
      <trkpt lat="25.7333577" lon="100.1780695"><ele>1968.3</ele><time>2023-12-22T00:47:52Z</time></trkpt>
      <trkpt lat="25.7333586" lon="100.1780916"><ele>1968.2</ele><time>2023-12-22T00:47:53Z</time></trkpt>
      <trkpt lat="25.7333600" lon="100.1781133"><ele>1968.2</ele><time>2023-12-22T00:47:54Z</time></trkpt>
      <trkpt lat="25.7333618" lon="100.1781349"><ele>1968.1</ele><time>2023-12-22T00:47:55Z</time></trkpt>
      <trkpt lat="25.7333640" lon="100.1781562"><ele>1968.1</ele><time>2023-12-22T00:47:56Z</time></trkpt>
      <trkpt lat="25.7333658" lon="100.1781770"><ele>1968.1</ele><time>2023-12-22T00:47:57Z</time></trkpt>
      <trkpt lat="25.7333662" lon="100.1781976"><ele>1968.0</ele><time>2023-12-22T00:47:58Z</time></trkpt>
      <trkpt lat="25.7333657" lon="100.1782184"><ele>1968.0</ele><time>2023-12-22T00:47:59Z</time></trkpt>
      <trkpt lat="25.7333649" lon="100.1782390"><ele>1968.0</ele><time>2023-12-22T00:48:00Z</time></trkpt>
      <trkpt lat="25.7333641" lon="100.1782597"><ele>1968.1</ele><time>2023-12-22T00:48:01Z</time></trkpt>
      <trkpt lat="25.7333635" lon="100.1782807"><ele>1968.1</ele><time>2023-12-22T00:48:02Z</time></trkpt>
      <trkpt lat="25.7333625" lon="100.1783017"><ele>1968.2</ele><time>2023-12-22T00:48:03Z</time></trkpt>
      <trkpt lat="25.7333612" lon="100.1783230"><ele>1968.2</ele><time>2023-12-22T00:48:04Z</time></trkpt>
      <trkpt lat="25.7333595" lon="100.1783446"><ele>1968.3</ele><time>2023-12-22T00:48:05Z</time></trkpt>
      <trkpt lat="25.7333581" lon="100.1783661"><ele>1968.4</ele><time>2023-12-22T00:48:06Z</time></trkpt>
      <trkpt lat="25.7333575" lon="100.1783876"><ele>1968.4</ele><time>2023-12-22T00:48:07Z</time></trkpt>
      <trkpt lat="25.7333568" lon="100.1784089"><ele>1968.5</ele><time>2023-12-22T00:48:08Z</time></trkpt>
      <trkpt lat="25.7333562" lon="100.1784303"><ele>1968.6</ele><time>2023-12-22T00:48:09Z</time></trkpt>
      <trkpt lat="25.7333561" lon="100.1784518"><ele>1968.6</ele><time>2023-12-22T00:48:10Z</time></trkpt>
      <trkpt lat="25.7333567" lon="100.1784733"><ele>1968.6</ele><time>2023-12-22T00:48:11Z</time></trkpt>
      <trkpt lat="25.7333571" lon="100.1784950"><ele>1968.7</ele><time>2023-12-22T00:48:12Z</time></trkpt>
      <trkpt lat="25.7333569" lon="100.1785167"><ele>1968.7</ele><time>2023-12-22T00:48:13Z</time></trkpt>
      <trkpt lat="25.7333560" lon="100.1785383"><ele>1968.6</ele><time>2023-12-22T00:48:14Z</time></trkpt>
      <trkpt lat="25.7333548" lon="100.1785599"><ele>1968.6</ele><time>2023-12-22T00:48:15Z</time></trkpt>
      <trkpt lat="25.7333538" lon="100.1785815"><ele>1968.5</ele><time>2023-12-22T00:48:16Z</time></trkpt>
      <trkpt lat="25.7333526" lon="100.1786034"><ele>1968.5</ele><time>2023-12-22T00:48:17Z</time></trkpt>
      <trkpt lat="25.7333513" lon="100.1786256"><ele>1968.4</ele><time>2023-12-22T00:48:18Z</time></trkpt>
      <trkpt lat="25.7333495" lon="100.1786483"><ele>1968.3</ele><time>2023-12-22T00:48:19Z</time></trkpt>
      <trkpt lat="25.7333472" lon="100.1786709"><ele>1968.3</ele><time>2023-12-22T00:48:20Z</time></trkpt>
      <trkpt lat="25.7333446" lon="100.1786934"><ele>1968.2</ele><time>2023-12-22T00:48:21Z</time></trkpt>
      <trkpt lat="25.7333422" lon="100.1787156"><ele>1968.1</ele><time>2023-12-22T00:48:22Z</time></trkpt>
      <trkpt lat="25.7333401" lon="100.1787375"><ele>1967.9</ele><time>2023-12-22T00:48:23Z</time></trkpt>
      <trkpt lat="25.7333374" lon="100.1787593"><ele>1967.8</ele><time>2023-12-22T00:48:24Z</time></trkpt>
      <trkpt lat="25.7333350" lon="100.1787811"><ele>1967.7</ele><time>2023-12-22T00:48:25Z</time></trkpt>
      <trkpt lat="25.7333340" lon="100.1788032"><ele>1967.6</ele><time>2023-12-22T00:48:26Z</time></trkpt>
      <trkpt lat="25.7333336" lon="100.1788251"><ele>1967.5</ele><time>2023-12-22T00:48:27Z</time></trkpt>
      <trkpt lat="25.7333329" lon="100.1788468"><ele>1967.4</ele><time>2023-12-22T00:48:28Z</time></trkpt>
      <trkpt lat="25.7333319" lon="100.1788684"><ele>1967.3</ele><time>2023-12-22T00:48:29Z</time></trkpt>
      <trkpt lat="25.7333309" lon="100.1788904"><ele>1967.3</ele><time>2023-12-22T00:48:30Z</time></trkpt>
      <trkpt lat="25.7333301" lon="100.1789129"><ele>1967.2</ele><time>2023-12-22T00:48:31Z</time></trkpt>
      <trkpt lat="25.7333296" lon="100.1789354"><ele>1967.2</ele><time>2023-12-22T00:48:32Z</time></trkpt>
      <trkpt lat="25.7333301" lon="100.1789574"><ele>1967.1</ele><time>2023-12-22T00:48:33Z</time></trkpt>
      <trkpt lat="25.7333310" lon="100.1789786"><ele>1967.1</ele><time>2023-12-22T00:48:33Z</time></trkpt>
      <trkpt lat="25.7333315" lon="100.1789996"><ele>1967.2</ele><time>2023-12-22T00:48:34Z</time></trkpt>
      <trkpt lat="25.7333322" lon="100.1790205"><ele>1967.2</ele><time>2023-12-22T00:48:35Z</time></trkpt>
      <trkpt lat="25.7333330" lon="100.1790411"><ele>1967.3</ele><time>2023-12-22T00:48:36Z</time></trkpt>
      <trkpt lat="25.7333335" lon="100.1790617"><ele>1967.3</ele><time>2023-12-22T00:48:37Z</time></trkpt>
      <trkpt lat="25.7333336" lon="100.1790825"><ele>1967.4</ele><time>2023-12-22T00:48:38Z</time></trkpt>
      <trkpt lat="25.7333331" lon="100.1791033"><ele>1967.4</ele><time>2023-12-22T00:48:39Z</time></trkpt>
      <trkpt lat="25.7333322" lon="100.1791241"><ele>1967.5</ele><time>2023-12-22T00:48:40Z</time></trkpt>
      <trkpt lat="25.7333300" lon="100.1791448"><ele>1967.6</ele><time>2023-12-22T00:48:41Z</time></trkpt>
      <trkpt lat="25.7333267" lon="100.1791654"><ele>1967.6</ele><time>2023-12-22T00:48:42Z</time></trkpt>
      <trkpt lat="25.7333226" lon="100.1791859"><ele>1967.7</ele><time>2023-12-22T00:48:43Z</time></trkpt>
      <trkpt lat="25.7333173" lon="100.1792062"><ele>1967.8</ele><time>2023-12-22T00:48:44Z</time></trkpt>
      <trkpt lat="25.7333104" lon="100.1792258"><ele>1967.9</ele><time>2023-12-22T00:48:45Z</time></trkpt>
      <trkpt lat="25.7333024" lon="100.1792445"><ele>1968.0</ele><time>2023-12-22T00:48:46Z</time></trkpt>
      <trkpt lat="25.7332933" lon="100.1792625"><ele>1968.1</ele><time>2023-12-22T00:48:47Z</time></trkpt>
      <trkpt lat="25.7332832" lon="100.1792802"><ele>1968.2</ele><time>2023-12-22T00:48:48Z</time></trkpt>
      <trkpt lat="25.7332728" lon="100.1792982"><ele>1968.2</ele><time>2023-12-22T00:48:49Z</time></trkpt>
      <trkpt lat="25.7332622" lon="100.1793167"><ele>1968.3</ele><time>2023-12-22T00:48:50Z</time></trkpt>
      <trkpt lat="25.7332516" lon="100.1793352"><ele>1968.4</ele><time>2023-12-22T00:48:51Z</time></trkpt>
      <trkpt lat="25.7332416" lon="100.1793541"><ele>1968.4</ele><time>2023-12-22T00:48:52Z</time></trkpt>
      <trkpt lat="25.7332320" lon="100.1793729"><ele>1968.5</ele><time>2023-12-22T00:48:53Z</time></trkpt>
      <trkpt lat="25.7332222" lon="100.1793917"><ele>1968.6</ele><time>2023-12-22T00:48:54Z</time></trkpt>
      <trkpt lat="25.7332116" lon="100.1794102"><ele>1968.6</ele><time>2023-12-22T00:48:55Z</time></trkpt>
      <trkpt lat="25.7332005" lon="100.1794288"><ele>1968.7</ele><time>2023-12-22T00:48:56Z</time></trkpt>
      <trkpt lat="25.7331892" lon="100.1794477"><ele>1968.7</ele><time>2023-12-22T00:48:57Z</time></trkpt>
      <trkpt lat="25.7331781" lon="100.1794665"><ele>1968.8</ele><time>2023-12-22T00:48:58Z</time></trkpt>
      <trkpt lat="25.7331676" lon="100.1794851"><ele>1968.8</ele><time>2023-12-22T00:48:59Z</time></trkpt>
      <trkpt lat="25.7331577" lon="100.1795033"><ele>1968.8</ele><time>2023-12-22T00:49:00Z</time></trkpt>
      <trkpt lat="25.7331485" lon="100.1795215"><ele>1968.9</ele><time>2023-12-22T00:49:01Z</time></trkpt>
      <trkpt lat="25.7331395" lon="100.1795400"><ele>1968.9</ele><time>2023-12-22T00:49:02Z</time></trkpt>
      <trkpt lat="25.7331297" lon="100.1795584"><ele>1969.0</ele><time>2023-12-22T00:49:03Z</time></trkpt>
      <trkpt lat="25.7331193" lon="100.1795766"><ele>1969.0</ele><time>2023-12-22T00:49:04Z</time></trkpt>
      <trkpt lat="25.7331087" lon="100.1795943"><ele>1969.0</ele><time>2023-12-22T00:49:05Z</time></trkpt>
      <trkpt lat="25.7330980" lon="100.1796115"><ele>1969.0</ele><time>2023-12-22T00:49:06Z</time></trkpt>
      <trkpt lat="25.7330875" lon="100.1796286"><ele>1969.1</ele><time>2023-12-22T00:49:07Z</time></trkpt>
      <trkpt lat="25.7330775" lon="100.1796460"><ele>1969.1</ele><time>2023-12-22T00:49:08Z</time></trkpt>
      <trkpt lat="25.7330676" lon="100.1796638"><ele>1969.1</ele><time>2023-12-22T00:49:09Z</time></trkpt>
      <trkpt lat="25.7330575" lon="100.1796819"><ele>1969.1</ele><time>2023-12-22T00:49:10Z</time></trkpt>
      <trkpt lat="25.7330471" lon="100.1796999"><ele>1969.2</ele><time>2023-12-22T00:49:11Z</time></trkpt>
      <trkpt lat="25.7330365" lon="100.1797178"><ele>1969.2</ele><time>2023-12-22T00:49:12Z</time></trkpt>
      <trkpt lat="25.7330259" lon="100.1797356"><ele>1969.2</ele><time>2023-12-22T00:49:13Z</time></trkpt>
      <trkpt lat="25.7330158" lon="100.1797538"><ele>1969.2</ele><time>2023-12-22T00:49:14Z</time></trkpt>
      <trkpt lat="25.7330060" lon="100.1797723"><ele>1969.2</ele><time>2023-12-22T00:49:15Z</time></trkpt>
      <trkpt lat="25.7329959" lon="100.1797911"><ele>1969.2</ele><time>2023-12-22T00:49:16Z</time></trkpt>
      <trkpt lat="25.7329852" lon="100.1798101"><ele>1969.2</ele><time>2023-12-22T00:49:17Z</time></trkpt>
      <trkpt lat="25.7329747" lon="100.1798295"><ele>1969.2</ele><time>2023-12-22T00:49:18Z</time></trkpt>
      <trkpt lat="25.7329651" lon="100.1798493"><ele>1969.2</ele><time>2023-12-22T00:49:19Z</time></trkpt>
      <trkpt lat="25.7329561" lon="100.1798693"><ele>1969.2</ele><time>2023-12-22T00:49:20Z</time></trkpt>
      <trkpt lat="25.7329471" lon="100.1798890"><ele>1969.2</ele><time>2023-12-22T00:49:21Z</time></trkpt>
      <trkpt lat="25.7329383" lon="100.1799083"><ele>1969.2</ele><time>2023-12-22T00:49:22Z</time></trkpt>
      <trkpt lat="25.7329310" lon="100.1799277"><ele>1969.2</ele><time>2023-12-22T00:49:23Z</time></trkpt>
      <trkpt lat="25.7329252" lon="100.1799478"><ele>1969.1</ele><time>2023-12-22T00:49:24Z</time></trkpt>
      <trkpt lat="25.7329201" lon="100.1799685"><ele>1969.1</ele><time>2023-12-22T00:49:25Z</time></trkpt>
      <trkpt lat="25.7329150" lon="100.1799897"><ele>1969.0</ele><time>2023-12-22T00:49:26Z</time></trkpt>
      <trkpt lat="25.7329092" lon="100.1800106"><ele>1969.0</ele><time>2023-12-22T00:49:27Z</time></trkpt>
      <trkpt lat="25.7329029" lon="100.1800314"><ele>1968.9</ele><time>2023-12-22T00:49:28Z</time></trkpt>
      <trkpt lat="25.7328965" lon="100.1800520"><ele>1968.9</ele><time>2023-12-22T00:49:29Z</time></trkpt>
      <trkpt lat="25.7328905" lon="100.1800728"><ele>1968.8</ele><time>2023-12-22T00:49:30Z</time></trkpt>
      <trkpt lat="25.7328851" lon="100.1800941"><ele>1968.8</ele><time>2023-12-22T00:49:31Z</time></trkpt>
      <trkpt lat="25.7328793" lon="100.1801153"><ele>1968.8</ele><time>2023-12-22T00:49:32Z</time></trkpt>
      <trkpt lat="25.7328736" lon="100.1801364"><ele>1968.7</ele><time>2023-12-22T00:49:33Z</time></trkpt>
      <trkpt lat="25.7328680" lon="100.1801577"><ele>1968.7</ele><time>2023-12-22T00:49:34Z</time></trkpt>
      <trkpt lat="25.7328627" lon="100.1801791"><ele>1968.7</ele><time>2023-12-22T00:49:35Z</time></trkpt>
      <trkpt lat="25.7328578" lon="100.1802008"><ele>1968.7</ele><time>2023-12-22T00:49:36Z</time></trkpt>
      <trkpt lat="25.7328539" lon="100.1802227"><ele>1968.6</ele><time>2023-12-22T00:49:37Z</time></trkpt>
      <trkpt lat="25.7328508" lon="100.1802448"><ele>1968.6</ele><time>2023-12-22T00:49:38Z</time></trkpt>
      <trkpt lat="25.7328474" lon="100.1802665"><ele>1968.6</ele><time>2023-12-22T00:49:39Z</time></trkpt>
      <trkpt lat="25.7328441" lon="100.1802878"><ele>1968.6</ele><time>2023-12-22T00:49:40Z</time></trkpt>
      <trkpt lat="25.7328415" lon="100.1803092"><ele>1968.7</ele><time>2023-12-22T00:49:41Z</time></trkpt>
      <trkpt lat="25.7328387" lon="100.1803309"><ele>1968.7</ele><time>2023-12-22T00:49:42Z</time></trkpt>
      <trkpt lat="25.7328357" lon="100.1803529"><ele>1968.6</ele><time>2023-12-22T00:49:43Z</time></trkpt>
      <trkpt lat="25.7328327" lon="100.1803749"><ele>1968.6</ele><time>2023-12-22T00:49:44Z</time></trkpt>
      <trkpt lat="25.7328294" lon="100.1803970"><ele>1968.6</ele><time>2023-12-22T00:49:45Z</time></trkpt>
      <trkpt lat="25.7328260" lon="100.1804192"><ele>1968.6</ele><time>2023-12-22T00:49:46Z</time></trkpt>
      <trkpt lat="25.7328226" lon="100.1804419"><ele>1968.6</ele><time>2023-12-22T00:49:47Z</time></trkpt>
      <trkpt lat="25.7328183" lon="100.1804646"><ele>1968.5</ele><time>2023-12-22T00:49:48Z</time></trkpt>
      <trkpt lat="25.7328130" lon="100.1804866"><ele>1968.5</ele><time>2023-12-22T00:49:49Z</time></trkpt>
      <trkpt lat="25.7328080" lon="100.1805084"><ele>1968.5</ele><time>2023-12-22T00:49:50Z</time></trkpt>
      <trkpt lat="25.7328038" lon="100.1805304"><ele>1968.4</ele><time>2023-12-22T00:49:51Z</time></trkpt>
      <trkpt lat="25.7327999" lon="100.1805526"><ele>1968.4</ele><time>2023-12-22T00:49:52Z</time></trkpt>
      <trkpt lat="25.7327954" lon="100.1805752"><ele>1968.4</ele><time>2023-12-22T00:49:53Z</time></trkpt>
      <trkpt lat="25.7327913" lon="100.1805978"><ele>1968.3</ele><time>2023-12-22T00:49:54Z</time></trkpt>
      <trkpt lat="25.7327883" lon="100.1806203"><ele>1968.3</ele><time>2023-12-22T00:49:55Z</time></trkpt>
      <trkpt lat="25.7327856" lon="100.1806427"><ele>1968.3</ele><time>2023-12-22T00:49:56Z</time></trkpt>
      <trkpt lat="25.7327836" lon="100.1806650"><ele>1968.2</ele><time>2023-12-22T00:49:57Z</time></trkpt>
      <trkpt lat="25.7327817" lon="100.1806873"><ele>1968.2</ele><time>2023-12-22T00:49:58Z</time></trkpt>
      <trkpt lat="25.7327785" lon="100.1807096"><ele>1968.2</ele><time>2023-12-22T00:49:59Z</time></trkpt>
      <trkpt lat="25.7327744" lon="100.1807321"><ele>1968.2</ele><time>2023-12-22T00:50:00Z</time></trkpt>
      <trkpt lat="25.7327702" lon="100.1807545"><ele>1968.2</ele><time>2023-12-22T00:50:01Z</time></trkpt>
      <trkpt lat="25.7327664" lon="100.1807767"><ele>1968.2</ele><time>2023-12-22T00:50:02Z</time></trkpt>
      <trkpt lat="25.7327625" lon="100.1807987"><ele>1968.3</ele><time>2023-12-22T00:50:03Z</time></trkpt>
      <trkpt lat="25.7327582" lon="100.1808206"><ele>1968.3</ele><time>2023-12-22T00:50:04Z</time></trkpt>
      <trkpt lat="25.7327544" lon="100.1808430"><ele>1968.3</ele><time>2023-12-22T00:50:05Z</time></trkpt>
      <trkpt lat="25.7327511" lon="100.1808658"><ele>1968.3</ele><time>2023-12-22T00:50:06Z</time></trkpt>
      <trkpt lat="25.7327488" lon="100.1808887"><ele>1968.3</ele><time>2023-12-22T00:50:07Z</time></trkpt>
      <trkpt lat="25.7327463" lon="100.1809114"><ele>1968.4</ele><time>2023-12-22T00:50:08Z</time></trkpt>
      <trkpt lat="25.7327428" lon="100.1809336"><ele>1968.4</ele><time>2023-12-22T00:50:09Z</time></trkpt>
      <trkpt lat="25.7327384" lon="100.1809554"><ele>1968.4</ele><time>2023-12-22T00:50:10Z</time></trkpt>
      <trkpt lat="25.7327335" lon="100.1809773"><ele>1968.4</ele><time>2023-12-22T00:50:11Z</time></trkpt>
      <trkpt lat="25.7327283" lon="100.1809994"><ele>1968.4</ele><time>2023-12-22T00:50:12Z</time></trkpt>
      <trkpt lat="25.7327231" lon="100.1810214"><ele>1968.4</ele><time>2023-12-22T00:50:13Z</time></trkpt>
      <trkpt lat="25.7327183" lon="100.1810436"><ele>1968.5</ele><time>2023-12-22T00:50:14Z</time></trkpt>
      <trkpt lat="25.7327134" lon="100.1810660"><ele>1968.5</ele><time>2023-12-22T00:50:15Z</time></trkpt>
      <trkpt lat="25.7327080" lon="100.1810887"><ele>1968.5</ele><time>2023-12-22T00:50:16Z</time></trkpt>
      <trkpt lat="25.7327022" lon="100.1811118"><ele>1968.6</ele><time>2023-12-22T00:50:17Z</time></trkpt>
      <trkpt lat="25.7326960" lon="100.1811346"><ele>1968.6</ele><time>2023-12-22T00:50:18Z</time></trkpt>
      <trkpt lat="25.7326900" lon="100.1811567"><ele>1968.7</ele><time>2023-12-22T00:50:19Z</time></trkpt>
      <trkpt lat="25.7326845" lon="100.1811785"><ele>1968.7</ele><time>2023-12-22T00:50:20Z</time></trkpt>
      <trkpt lat="25.7326789" lon="100.1812001"><ele>1968.8</ele><time>2023-12-22T00:50:21Z</time></trkpt>
      <trkpt lat="25.7326731" lon="100.1812219"><ele>1968.9</ele><time>2023-12-22T00:50:22Z</time></trkpt>
      <trkpt lat="25.7326671" lon="100.1812437"><ele>1968.9</ele><time>2023-12-22T00:50:23Z</time></trkpt>
      <trkpt lat="25.7326611" lon="100.1812658"><ele>1969.0</ele><time>2023-12-22T00:50:24Z</time></trkpt>
      <trkpt lat="25.7326551" lon="100.1812879"><ele>1969.1</ele><time>2023-12-22T00:50:25Z</time></trkpt>
      <trkpt lat="25.7326486" lon="100.1813096"><ele>1969.1</ele><time>2023-12-22T00:50:26Z</time></trkpt>
      <trkpt lat="25.7326420" lon="100.1813313"><ele>1969.1</ele><time>2023-12-22T00:50:27Z</time></trkpt>
      <trkpt lat="25.7326357" lon="100.1813533"><ele>1969.2</ele><time>2023-12-22T00:50:28Z</time></trkpt>
      <trkpt lat="25.7326299" lon="100.1813757"><ele>1969.2</ele><time>2023-12-22T00:50:29Z</time></trkpt>
      <trkpt lat="25.7326243" lon="100.1813985"><ele>1969.2</ele><time>2023-12-22T00:50:30Z</time></trkpt>
      <trkpt lat="25.7326188" lon="100.1814215"><ele>1969.2</ele><time>2023-12-22T00:50:31Z</time></trkpt>
      <trkpt lat="25.7326129" lon="100.1814443"><ele>1969.2</ele><time>2023-12-22T00:50:32Z</time></trkpt>
      <trkpt lat="25.7326063" lon="100.1814661"><ele>1969.1</ele><time>2023-12-22T00:50:33Z</time></trkpt>
      <trkpt lat="25.7325997" lon="100.1814875"><ele>1969.1</ele><time>2023-12-22T00:50:34Z</time></trkpt>
      <trkpt lat="25.7325930" lon="100.1815087"><ele>1969.1</ele><time>2023-12-22T00:50:35Z</time></trkpt>
      <trkpt lat="25.7325861" lon="100.1815298"><ele>1969.1</ele><time>2023-12-22T00:50:36Z</time></trkpt>
      <trkpt lat="25.7325791" lon="100.1815509"><ele>1969.1</ele><time>2023-12-22T00:50:37Z</time></trkpt>
      <trkpt lat="25.7325721" lon="100.1815716"><ele>1969.0</ele><time>2023-12-22T00:50:38Z</time></trkpt>
      <trkpt lat="25.7325648" lon="100.1815922"><ele>1969.0</ele><time>2023-12-22T00:50:39Z</time></trkpt>
      <trkpt lat="25.7325572" lon="100.1816127"><ele>1969.0</ele><time>2023-12-22T00:50:40Z</time></trkpt>
      <trkpt lat="25.7325499" lon="100.1816332"><ele>1968.9</ele><time>2023-12-22T00:50:41Z</time></trkpt>
      <trkpt lat="25.7325427" lon="100.1816539"><ele>1968.9</ele><time>2023-12-22T00:50:42Z</time></trkpt>
      <trkpt lat="25.7325356" lon="100.1816742"><ele>1968.9</ele><time>2023-12-22T00:50:43Z</time></trkpt>
      <trkpt lat="25.7325279" lon="100.1816940"><ele>1968.9</ele><time>2023-12-22T00:50:44Z</time></trkpt>
      <trkpt lat="25.7325195" lon="100.1817130"><ele>1968.9</ele><time>2023-12-22T00:50:45Z</time></trkpt>
      <trkpt lat="25.7325107" lon="100.1817319"><ele>1968.9</ele><time>2023-12-22T00:50:46Z</time></trkpt>
      <trkpt lat="25.7325022" lon="100.1817513"><ele>1969.0</ele><time>2023-12-22T00:50:47Z</time></trkpt>
      <trkpt lat="25.7324937" lon="100.1817706"><ele>1969.0</ele><time>2023-12-22T00:50:48Z</time></trkpt>
      <trkpt lat="25.7324852" lon="100.1817899"><ele>1969.0</ele><time>2023-12-22T00:50:49Z</time></trkpt>
      <trkpt lat="25.7324769" lon="100.1818092"><ele>1969.0</ele><time>2023-12-22T00:50:50Z</time></trkpt>
      <trkpt lat="25.7324689" lon="100.1818289"><ele>1969.0</ele><time>2023-12-22T00:50:51Z</time></trkpt>
      <trkpt lat="25.7324607" lon="100.1818484"><ele>1969.0</ele><time>2023-12-22T00:50:52Z</time></trkpt>
      <trkpt lat="25.7324521" lon="100.1818678"><ele>1969.0</ele><time>2023-12-22T00:50:53Z</time></trkpt>
      <trkpt lat="25.7324438" lon="100.1818873"><ele>1969.1</ele><time>2023-12-22T00:50:54Z</time></trkpt>
      <trkpt lat="25.7324359" lon="100.1819068"><ele>1969.1</ele><time>2023-12-22T00:50:55Z</time></trkpt>
      <trkpt lat="25.7324283" lon="100.1819263"><ele>1969.1</ele><time>2023-12-22T00:50:56Z</time></trkpt>
      <trkpt lat="25.7324213" lon="100.1819459"><ele>1969.1</ele><time>2023-12-22T00:50:57Z</time></trkpt>
      <trkpt lat="25.7324146" lon="100.1819654"><ele>1969.1</ele><time>2023-12-22T00:50:58Z</time></trkpt>
      <trkpt lat="25.7324079" lon="100.1819848"><ele>1969.0</ele><time>2023-12-22T00:50:59Z</time></trkpt>
      <trkpt lat="25.7324019" lon="100.1820045"><ele>1969.0</ele><time>2023-12-22T00:51:00Z</time></trkpt>
      <trkpt lat="25.7323962" lon="100.1820247"><ele>1969.0</ele><time>2023-12-22T00:51:01Z</time></trkpt>
      <trkpt lat="25.7323908" lon="100.1820447"><ele>1969.0</ele><time>2023-12-22T00:51:02Z</time></trkpt>
      <trkpt lat="25.7323862" lon="100.1820648"><ele>1968.9</ele><time>2023-12-22T00:51:03Z</time></trkpt>
      <trkpt lat="25.7323822" lon="100.1820849"><ele>1968.9</ele><time>2023-12-22T00:51:04Z</time></trkpt>
      <trkpt lat="25.7323782" lon="100.1821051"><ele>1968.9</ele><time>2023-12-22T00:51:05Z</time></trkpt>
      <trkpt lat="25.7323734" lon="100.1821253"><ele>1968.9</ele><time>2023-12-22T00:51:06Z</time></trkpt>
      <trkpt lat="25.7323686" lon="100.1821458"><ele>1968.8</ele><time>2023-12-22T00:51:07Z</time></trkpt>
      <trkpt lat="25.7323651" lon="100.1821671"><ele>1968.8</ele><time>2023-12-22T00:51:08Z</time></trkpt>
      <trkpt lat="25.7323628" lon="100.1821890"><ele>1968.8</ele><time>2023-12-22T00:51:09Z</time></trkpt>
      <trkpt lat="25.7323604" lon="100.1822113"><ele>1968.8</ele><time>2023-12-22T00:51:10Z</time></trkpt>
      <trkpt lat="25.7323573" lon="100.1822338"><ele>1968.8</ele><time>2023-12-22T00:51:11Z</time></trkpt>
      <trkpt lat="25.7323551" lon="100.1822563"><ele>1968.8</ele><time>2023-12-22T00:51:12Z</time></trkpt>
      <trkpt lat="25.7323542" lon="100.1822792"><ele>1968.8</ele><time>2023-12-22T00:51:13Z</time></trkpt>
      <trkpt lat="25.7323532" lon="100.1823024"><ele>1968.9</ele><time>2023-12-22T00:51:14Z</time></trkpt>
      <trkpt lat="25.7323520" lon="100.1823260"><ele>1968.9</ele><time>2023-12-22T00:51:15Z</time></trkpt>
      <trkpt lat="25.7323507" lon="100.1823496"><ele>1968.9</ele><time>2023-12-22T00:51:16Z</time></trkpt>
      <trkpt lat="25.7323504" lon="100.1823729"><ele>1969.0</ele><time>2023-12-22T00:51:17Z</time></trkpt>
      <trkpt lat="25.7323515" lon="100.1823963"><ele>1969.0</ele><time>2023-12-22T00:51:18Z</time></trkpt>
      <trkpt lat="25.7323524" lon="100.1824193"><ele>1969.0</ele><time>2023-12-22T00:51:19Z</time></trkpt>
      <trkpt lat="25.7323529" lon="100.1824418"><ele>1969.1</ele><time>2023-12-22T00:51:20Z</time></trkpt>
      <trkpt lat="25.7323533" lon="100.1824639"><ele>1969.1</ele><time>2023-12-22T00:51:21Z</time></trkpt>
      <trkpt lat="25.7323539" lon="100.1824857"><ele>1969.2</ele><time>2023-12-22T00:51:22Z</time></trkpt>
      <trkpt lat="25.7323549" lon="100.1825076"><ele>1969.2</ele><time>2023-12-22T00:51:23Z</time></trkpt>
      <trkpt lat="25.7323558" lon="100.1825293"><ele>1969.2</ele><time>2023-12-22T00:51:24Z</time></trkpt>
      <trkpt lat="25.7323570" lon="100.1825509"><ele>1969.3</ele><time>2023-12-22T00:51:25Z</time></trkpt>
      <trkpt lat="25.7323587" lon="100.1825726"><ele>1969.3</ele><time>2023-12-22T00:51:26Z</time></trkpt>
      <trkpt lat="25.7323618" lon="100.1825945"><ele>1969.3</ele><time>2023-12-22T00:51:27Z</time></trkpt>
      <trkpt lat="25.7323657" lon="100.1826166"><ele>1969.4</ele><time>2023-12-22T00:51:28Z</time></trkpt>
      <trkpt lat="25.7323693" lon="100.1826386"><ele>1969.4</ele><time>2023-12-22T00:51:29Z</time></trkpt>
      <trkpt lat="25.7323725" lon="100.1826601"><ele>1969.4</ele><time>2023-12-22T00:51:30Z</time></trkpt>
      <trkpt lat="25.7323755" lon="100.1826812"><ele>1969.4</ele><time>2023-12-22T00:51:31Z</time></trkpt>
      <trkpt lat="25.7323791" lon="100.1827019"><ele>1969.4</ele><time>2023-12-22T00:51:32Z</time></trkpt>
      <trkpt lat="25.7323835" lon="100.1827227"><ele>1969.4</ele><time>2023-12-22T00:51:33Z</time></trkpt>
      <trkpt lat="25.7323882" lon="100.1827436"><ele>1969.4</ele><time>2023-12-22T00:51:34Z</time></trkpt>
      <trkpt lat="25.7323934" lon="100.1827644"><ele>1969.4</ele><time>2023-12-22T00:51:35Z</time></trkpt>
      <trkpt lat="25.7323988" lon="100.1827851"><ele>1969.4</ele><time>2023-12-22T00:51:36Z</time></trkpt>
      <trkpt lat="25.7324049" lon="100.1828056"><ele>1969.4</ele><time>2023-12-22T00:51:37Z</time></trkpt>
      <trkpt lat="25.7324113" lon="100.1828259"><ele>1969.3</ele><time>2023-12-22T00:51:38Z</time></trkpt>
      <trkpt lat="25.7324177" lon="100.1828461"><ele>1969.3</ele><time>2023-12-22T00:51:39Z</time></trkpt>
      <trkpt lat="25.7324242" lon="100.1828663"><ele>1969.2</ele><time>2023-12-22T00:51:40Z</time></trkpt>
      <trkpt lat="25.7324305" lon="100.1828865"><ele>1969.2</ele><time>2023-12-22T00:51:41Z</time></trkpt>
      <trkpt lat="25.7324367" lon="100.1829066"><ele>1969.2</ele><time>2023-12-22T00:51:42Z</time></trkpt>
      <trkpt lat="25.7324423" lon="100.1829267"><ele>1969.1</ele><time>2023-12-22T00:51:43Z</time></trkpt>
      <trkpt lat="25.7324475" lon="100.1829466"><ele>1969.1</ele><time>2023-12-22T00:51:44Z</time></trkpt>
      <trkpt lat="25.7324535" lon="100.1829662"><ele>1969.0</ele><time>2023-12-22T00:51:45Z</time></trkpt>
      <trkpt lat="25.7324604" lon="100.1829856"><ele>1969.0</ele><time>2023-12-22T00:51:46Z</time></trkpt>
      <trkpt lat="25.7324677" lon="100.1830050"><ele>1968.9</ele><time>2023-12-22T00:51:47Z</time></trkpt>
      <trkpt lat="25.7324755" lon="100.1830244"><ele>1968.9</ele><time>2023-12-22T00:51:48Z</time></trkpt>
      <trkpt lat="25.7324830" lon="100.1830441"><ele>1968.8</ele><time>2023-12-22T00:51:49Z</time></trkpt>
      <trkpt lat="25.7324908" lon="100.1830636"><ele>1968.8</ele><time>2023-12-22T00:51:50Z</time></trkpt>
      <trkpt lat="25.7324995" lon="100.1830826"><ele>1968.7</ele><time>2023-12-22T00:51:51Z</time></trkpt>
      <trkpt lat="25.7325084" lon="100.1831012"><ele>1968.7</ele><time>2023-12-22T00:51:52Z</time></trkpt>
      <trkpt lat="25.7325173" lon="100.1831199"><ele>1968.7</ele><time>2023-12-22T00:51:53Z</time></trkpt>
      <trkpt lat="25.7325259" lon="100.1831384"><ele>1968.6</ele><time>2023-12-22T00:51:54Z</time></trkpt>
      <trkpt lat="25.7325345" lon="100.1831569"><ele>1968.6</ele><time>2023-12-22T00:51:55Z</time></trkpt>
      <trkpt lat="25.7325439" lon="100.1831752"><ele>1968.6</ele><time>2023-12-22T00:51:56Z</time></trkpt>
      <trkpt lat="25.7325541" lon="100.1831935"><ele>1968.6</ele><time>2023-12-22T00:51:57Z</time></trkpt>
      <trkpt lat="25.7325645" lon="100.1832118"><ele>1968.6</ele><time>2023-12-22T00:51:58Z</time></trkpt>
      <trkpt lat="25.7325741" lon="100.1832303"><ele>1968.6</ele><time>2023-12-22T00:51:59Z</time></trkpt>
      <trkpt lat="25.7325826" lon="100.1832492"><ele>1968.6</ele><time>2023-12-22T00:52:00Z</time></trkpt>
      <trkpt lat="25.7325900" lon="100.1832684"><ele>1968.6</ele><time>2023-12-22T00:52:01Z</time></trkpt>
      <trkpt lat="25.7325970" lon="100.1832877"><ele>1968.6</ele><time>2023-12-22T00:52:02Z</time></trkpt>
      <trkpt lat="25.7326039" lon="100.1833071"><ele>1968.6</ele><time>2023-12-22T00:52:03Z</time></trkpt>
      <trkpt lat="25.7326106" lon="100.1833268"><ele>1968.6</ele><time>2023-12-22T00:52:04Z</time></trkpt>
      <trkpt lat="25.7326167" lon="100.1833467"><ele>1968.6</ele><time>2023-12-22T00:52:05Z</time></trkpt>
      <trkpt lat="25.7326218" lon="100.1833668"><ele>1968.6</ele><time>2023-12-22T00:52:06Z</time></trkpt>
      <trkpt lat="25.7326259" lon="100.1833872"><ele>1968.7</ele><time>2023-12-22T00:52:07Z</time></trkpt>
      <trkpt lat="25.7326295" lon="100.1834081"><ele>1968.7</ele><time>2023-12-22T00:52:08Z</time></trkpt>
      <trkpt lat="25.7326329" lon="100.1834292"><ele>1968.8</ele><time>2023-12-22T00:52:09Z</time></trkpt>
      <trkpt lat="25.7326356" lon="100.1834504"><ele>1968.8</ele><time>2023-12-22T00:52:10Z</time></trkpt>
      <trkpt lat="25.7326369" lon="100.1834725"><ele>1968.9</ele><time>2023-12-22T00:52:11Z</time></trkpt>
      <trkpt lat="25.7326363" lon="100.1834952"><ele>1968.9</ele><time>2023-12-22T00:52:12Z</time></trkpt>
      <trkpt lat="25.7326347" lon="100.1835183"><ele>1968.9</ele><time>2023-12-22T00:52:13Z</time></trkpt>
      <trkpt lat="25.7326327" lon="100.1835417"><ele>1969.0</ele><time>2023-12-22T00:52:14Z</time></trkpt>
      <trkpt lat="25.7326310" lon="100.1835651"><ele>1969.0</ele><time>2023-12-22T00:52:15Z</time></trkpt>
      <trkpt lat="25.7326292" lon="100.1835885"><ele>1969.0</ele><time>2023-12-22T00:52:16Z</time></trkpt>
      <trkpt lat="25.7326262" lon="100.1836114"><ele>1969.0</ele><time>2023-12-22T00:52:17Z</time></trkpt>
      <trkpt lat="25.7326232" lon="100.1836342"><ele>1969.0</ele><time>2023-12-22T00:52:18Z</time></trkpt>
      <trkpt lat="25.7326204" lon="100.1836571"><ele>1969.0</ele><time>2023-12-22T00:52:19Z</time></trkpt>
      <trkpt lat="25.7326171" lon="100.1836796"><ele>1968.9</ele><time>2023-12-22T00:52:20Z</time></trkpt>
      <trkpt lat="25.7326133" lon="100.1837013"><ele>1968.9</ele><time>2023-12-22T00:52:21Z</time></trkpt>
      <trkpt lat="25.7326090" lon="100.1837222"><ele>1968.8</ele><time>2023-12-22T00:52:22Z</time></trkpt>
      <trkpt lat="25.7326045" lon="100.1837430"><ele>1968.8</ele><time>2023-12-22T00:52:23Z</time></trkpt>
      <trkpt lat="25.7326001" lon="100.1837641"><ele>1968.7</ele><time>2023-12-22T00:52:24Z</time></trkpt>
      <trkpt lat="25.7325954" lon="100.1837855"><ele>1968.7</ele><time>2023-12-22T00:52:25Z</time></trkpt>
      <trkpt lat="25.7325903" lon="100.1838070"><ele>1968.7</ele><time>2023-12-22T00:52:26Z</time></trkpt>
      <trkpt lat="25.7325851" lon="100.1838282"><ele>1968.6</ele><time>2023-12-22T00:52:27Z</time></trkpt>
      <trkpt lat="25.7325804" lon="100.1838493"><ele>1968.6</ele><time>2023-12-22T00:52:28Z</time></trkpt>
      <trkpt lat="25.7325758" lon="100.1838700"><ele>1968.5</ele><time>2023-12-22T00:52:29Z</time></trkpt>
      <trkpt lat="25.7325703" lon="100.1838904"><ele>1968.5</ele><time>2023-12-22T00:52:30Z</time></trkpt>
      <trkpt lat="25.7325641" lon="100.1839107"><ele>1968.5</ele><time>2023-12-22T00:52:31Z</time></trkpt>
      <trkpt lat="25.7325577" lon="100.1839307"><ele>1968.5</ele><time>2023-12-22T00:52:32Z</time></trkpt>
      <trkpt lat="25.7325516" lon="100.1839505"><ele>1968.5</ele><time>2023-12-22T00:52:33Z</time></trkpt>
      <trkpt lat="25.7325462" lon="100.1839701"><ele>1968.5</ele><time>2023-12-22T00:52:34Z</time></trkpt>
      <trkpt lat="25.7325427" lon="100.1839901"><ele>1968.5</ele><time>2023-12-22T00:52:35Z</time></trkpt>
      <trkpt lat="25.7325411" lon="100.1840111"><ele>1968.5</ele><time>2023-12-22T00:52:36Z</time></trkpt>
      <trkpt lat="25.7325397" lon="100.1840327"><ele>1968.5</ele><time>2023-12-22T00:52:37Z</time></trkpt>
      <trkpt lat="25.7325379" lon="100.1840544"><ele>1968.5</ele><time>2023-12-22T00:52:38Z</time></trkpt>
      <trkpt lat="25.7325358" lon="100.1840763"><ele>1968.5</ele><time>2023-12-22T00:52:39Z</time></trkpt>
      <trkpt lat="25.7325333" lon="100.1840981"><ele>1968.5</ele><time>2023-12-22T00:52:40Z</time></trkpt>
      <trkpt lat="25.7325303" lon="100.1841199"><ele>1968.5</ele><time>2023-12-22T00:52:41Z</time></trkpt>
      <trkpt lat="25.7325269" lon="100.1841416"><ele>1968.5</ele><time>2023-12-22T00:52:42Z</time></trkpt>
      <trkpt lat="25.7325237" lon="100.1841631"><ele>1968.5</ele><time>2023-12-22T00:52:43Z</time></trkpt>
      <trkpt lat="25.7325206" lon="100.1841846"><ele>1968.5</ele><time>2023-12-22T00:52:44Z</time></trkpt>
      <trkpt lat="25.7325165" lon="100.1842060"><ele>1968.5</ele><time>2023-12-22T00:52:45Z</time></trkpt>
      <trkpt lat="25.7325118" lon="100.1842275"><ele>1968.5</ele><time>2023-12-22T00:52:46Z</time></trkpt>
      <trkpt lat="25.7325077" lon="100.1842490"><ele>1968.5</ele><time>2023-12-22T00:52:47Z</time></trkpt>
      <trkpt lat="25.7325042" lon="100.1842703"><ele>1968.4</ele><time>2023-12-22T00:52:48Z</time></trkpt>
      <trkpt lat="25.7325009" lon="100.1842919"><ele>1968.4</ele><time>2023-12-22T00:52:49Z</time></trkpt>
      <trkpt lat="25.7324972" lon="100.1843135"><ele>1968.4</ele><time>2023-12-22T00:52:50Z</time></trkpt>
      <trkpt lat="25.7324928" lon="100.1843349"><ele>1968.3</ele><time>2023-12-22T00:52:51Z</time></trkpt>
      <trkpt lat="25.7324877" lon="100.1843557"><ele>1968.3</ele><time>2023-12-22T00:52:52Z</time></trkpt>
      <trkpt lat="25.7324820" lon="100.1843757"><ele>1968.2</ele><time>2023-12-22T00:52:53Z</time></trkpt>
      <trkpt lat="25.7324758" lon="100.1843955"><ele>1968.2</ele><time>2023-12-22T00:52:54Z</time></trkpt>
      <trkpt lat="25.7324692" lon="100.1844154"><ele>1968.1</ele><time>2023-12-22T00:52:55Z</time></trkpt>
      <trkpt lat="25.7324615" lon="100.1844352"><ele>1968.1</ele><time>2023-12-22T00:52:56Z</time></trkpt>
      <trkpt lat="25.7324527" lon="100.1844543"><ele>1968.0</ele><time>2023-12-22T00:52:57Z</time></trkpt>
      <trkpt lat="25.7324433" lon="100.1844729"><ele>1968.0</ele><time>2023-12-22T00:52:58Z</time></trkpt>
      <trkpt lat="25.7324337" lon="100.1844912"><ele>1967.9</ele><time>2023-12-22T00:52:59Z</time></trkpt>
      <trkpt lat="25.7324239" lon="100.1845090"><ele>1967.8</ele><time>2023-12-22T00:53:00Z</time></trkpt>
      <trkpt lat="25.7324130" lon="100.1845261"><ele>1967.8</ele><time>2023-12-22T00:53:01Z</time></trkpt>
      <trkpt lat="25.7324015" lon="100.1845425"><ele>1967.7</ele><time>2023-12-22T00:53:02Z</time></trkpt>
      <trkpt lat="25.7323896" lon="100.1845591"><ele>1967.6</ele><time>2023-12-22T00:53:04Z</time></trkpt>
      <trkpt lat="25.7323769" lon="100.1845755"><ele>1967.5</ele><time>2023-12-22T00:53:05Z</time></trkpt>
      <trkpt lat="25.7323631" lon="100.1845910"><ele>1967.5</ele><time>2023-12-22T00:53:06Z</time></trkpt>
      <trkpt lat="25.7323490" lon="100.1846061"><ele>1967.4</ele><time>2023-12-22T00:53:07Z</time></trkpt>
      <trkpt lat="25.7323348" lon="100.1846208"><ele>1967.4</ele><time>2023-12-22T00:53:08Z</time></trkpt>
      <trkpt lat="25.7323205" lon="100.1846355"><ele>1967.3</ele><time>2023-12-22T00:53:09Z</time></trkpt>
      <trkpt lat="25.7323060" lon="100.1846499"><ele>1967.3</ele><time>2023-12-22T00:53:10Z</time></trkpt>
      <trkpt lat="25.7322908" lon="100.1846633"><ele>1967.3</ele><time>2023-12-22T00:53:11Z</time></trkpt>
      <trkpt lat="25.7322748" lon="100.1846756"><ele>1967.4</ele><time>2023-12-22T00:53:12Z</time></trkpt>
      <trkpt lat="25.7322587" lon="100.1846873"><ele>1967.4</ele><time>2023-12-22T00:53:13Z</time></trkpt>
      <trkpt lat="25.7322427" lon="100.1846987"><ele>1967.4</ele><time>2023-12-22T00:53:14Z</time></trkpt>
      <trkpt lat="25.7322266" lon="100.1847093"><ele>1967.5</ele><time>2023-12-22T00:53:15Z</time></trkpt>
      <trkpt lat="25.7322105" lon="100.1847196"><ele>1967.5</ele><time>2023-12-22T00:53:16Z</time></trkpt>
      <trkpt lat="25.7321940" lon="100.1847302"><ele>1967.6</ele><time>2023-12-22T00:53:17Z</time></trkpt>
      <trkpt lat="25.7321775" lon="100.1847413"><ele>1967.6</ele><time>2023-12-22T00:53:18Z</time></trkpt>
      <trkpt lat="25.7321607" lon="100.1847530"><ele>1967.7</ele><time>2023-12-22T00:53:19Z</time></trkpt>
      <trkpt lat="25.7321434" lon="100.1847649"><ele>1967.7</ele><time>2023-12-22T00:53:20Z</time></trkpt>
      <trkpt lat="25.7321260" lon="100.1847773"><ele>1967.8</ele><time>2023-12-22T00:53:21Z</time></trkpt>
      <trkpt lat="25.7321088" lon="100.1847900"><ele>1967.9</ele><time>2023-12-22T00:53:22Z</time></trkpt>
      <trkpt lat="25.7320912" lon="100.1848021"><ele>1967.9</ele><time>2023-12-22T00:53:23Z</time></trkpt>
      <trkpt lat="25.7320729" lon="100.1848129"><ele>1968.0</ele><time>2023-12-22T00:53:24Z</time></trkpt>
      <trkpt lat="25.7320546" lon="100.1848232"><ele>1968.1</ele><time>2023-12-22T00:53:25Z</time></trkpt>
      <trkpt lat="25.7320369" lon="100.1848344"><ele>1968.2</ele><time>2023-12-22T00:53:26Z</time></trkpt>
      <trkpt lat="25.7320201" lon="100.1848465"><ele>1968.2</ele><time>2023-12-22T00:53:27Z</time></trkpt>
      <trkpt lat="25.7320043" lon="100.1848598"><ele>1968.3</ele><time>2023-12-22T00:53:28Z</time></trkpt>
      <trkpt lat="25.7319896" lon="100.1848746"><ele>1968.4</ele><time>2023-12-22T00:53:29Z</time></trkpt>
      <trkpt lat="25.7319755" lon="100.1848901"><ele>1968.4</ele><time>2023-12-22T00:53:30Z</time></trkpt>
      <trkpt lat="25.7319620" lon="100.1849063"><ele>1968.5</ele><time>2023-12-22T00:53:31Z</time></trkpt>
      <trkpt lat="25.7319491" lon="100.1849229"><ele>1968.5</ele><time>2023-12-22T00:53:32Z</time></trkpt>
      <trkpt lat="25.7319369" lon="100.1849401"><ele>1968.6</ele><time>2023-12-22T00:53:33Z</time></trkpt>
      <trkpt lat="25.7319256" lon="100.1849585"><ele>1968.6</ele><time>2023-12-22T00:53:34Z</time></trkpt>
      <trkpt lat="25.7319154" lon="100.1849780"><ele>1968.7</ele><time>2023-12-22T00:53:35Z</time></trkpt>
      <trkpt lat="25.7319059" lon="100.1849983"><ele>1968.7</ele><time>2023-12-22T00:53:36Z</time></trkpt>
      <trkpt lat="25.7318964" lon="100.1850190"><ele>1968.8</ele><time>2023-12-22T00:53:37Z</time></trkpt>
      <trkpt lat="25.7318871" lon="100.1850396"><ele>1968.8</ele><time>2023-12-22T00:53:38Z</time></trkpt>
      <trkpt lat="25.7318782" lon="100.1850604"><ele>1968.8</ele><time>2023-12-22T00:53:39Z</time></trkpt>
      <trkpt lat="25.7318693" lon="100.1850809"><ele>1968.9</ele><time>2023-12-22T00:53:40Z</time></trkpt>
      <trkpt lat="25.7318603" lon="100.1851011"><ele>1968.9</ele><time>2023-12-22T00:53:41Z</time></trkpt>
      <trkpt lat="25.7318513" lon="100.1851210"><ele>1968.9</ele><time>2023-12-22T00:53:42Z</time></trkpt>
      <trkpt lat="25.7318427" lon="100.1851409"><ele>1968.9</ele><time>2023-12-22T00:53:43Z</time></trkpt>
      <trkpt lat="25.7318339" lon="100.1851607"><ele>1968.9</ele><time>2023-12-22T00:53:44Z</time></trkpt>
      <trkpt lat="25.7318244" lon="100.1851802"><ele>1968.9</ele><time>2023-12-22T00:53:45Z</time></trkpt>
      <trkpt lat="25.7318150" lon="100.1851999"><ele>1969.0</ele><time>2023-12-22T00:53:46Z</time></trkpt>
      <trkpt lat="25.7318055" lon="100.1852196"><ele>1969.0</ele><time>2023-12-22T00:53:47Z</time></trkpt>
      <trkpt lat="25.7317955" lon="100.1852390"><ele>1969.0</ele><time>2023-12-22T00:53:48Z</time></trkpt>
      <trkpt lat="25.7317853" lon="100.1852576"><ele>1969.1</ele><time>2023-12-22T00:53:49Z</time></trkpt>
      <trkpt lat="25.7317754" lon="100.1852758"><ele>1969.2</ele><time>2023-12-22T00:53:50Z</time></trkpt>
      <trkpt lat="25.7317658" lon="100.1852936"><ele>1969.2</ele><time>2023-12-22T00:53:51Z</time></trkpt>
      <trkpt lat="25.7317560" lon="100.1853109"><ele>1969.3</ele><time>2023-12-22T00:53:52Z</time></trkpt>
      <trkpt lat="25.7317461" lon="100.1853281"><ele>1969.3</ele><time>2023-12-22T00:53:53Z</time></trkpt>
      <trkpt lat="25.7317352" lon="100.1853452"><ele>1969.4</ele><time>2023-12-22T00:53:54Z</time></trkpt>
      <trkpt lat="25.7317239" lon="100.1853618"><ele>1969.4</ele><time>2023-12-22T00:53:55Z</time></trkpt>
      <trkpt lat="25.7317131" lon="100.1853785"><ele>1969.5</ele><time>2023-12-22T00:53:56Z</time></trkpt>
      <trkpt lat="25.7317016" lon="100.1853947"><ele>1969.5</ele><time>2023-12-22T00:53:57Z</time></trkpt>
      <trkpt lat="25.7316894" lon="100.1854108"><ele>1969.5</ele><time>2023-12-22T00:53:58Z</time></trkpt>
      <trkpt lat="25.7316774" lon="100.1854271"><ele>1969.5</ele><time>2023-12-22T00:53:59Z</time></trkpt>
      <trkpt lat="25.7316661" lon="100.1854437"><ele>1969.5</ele><time>2023-12-22T00:54:00Z</time></trkpt>
      <trkpt lat="25.7316549" lon="100.1854609"><ele>1969.5</ele><time>2023-12-22T00:54:01Z</time></trkpt>
      <trkpt lat="25.7316436" lon="100.1854780"><ele>1969.5</ele><time>2023-12-22T00:54:02Z</time></trkpt>
      <trkpt lat="25.7316327" lon="100.1854952"><ele>1969.5</ele><time>2023-12-22T00:54:03Z</time></trkpt>
      <trkpt lat="25.7316221" lon="100.1855124"><ele>1969.4</ele><time>2023-12-22T00:54:04Z</time></trkpt>
      <trkpt lat="25.7316114" lon="100.1855296"><ele>1969.4</ele><time>2023-12-22T00:54:05Z</time></trkpt>
      <trkpt lat="25.7316004" lon="100.1855468"><ele>1969.4</ele><time>2023-12-22T00:54:06Z</time></trkpt>
      <trkpt lat="25.7315891" lon="100.1855641"><ele>1969.3</ele><time>2023-12-22T00:54:07Z</time></trkpt>
      <trkpt lat="25.7315780" lon="100.1855816"><ele>1969.3</ele><time>2023-12-22T00:54:08Z</time></trkpt>
      <trkpt lat="25.7315664" lon="100.1855989"><ele>1969.2</ele><time>2023-12-22T00:54:09Z</time></trkpt>
      <trkpt lat="25.7315541" lon="100.1856158"><ele>1969.1</ele><time>2023-12-22T00:54:10Z</time></trkpt>
      <trkpt lat="25.7315419" lon="100.1856324"><ele>1969.1</ele><time>2023-12-22T00:54:11Z</time></trkpt>
      <trkpt lat="25.7315301" lon="100.1856490"><ele>1969.0</ele><time>2023-12-22T00:54:12Z</time></trkpt>
      <trkpt lat="25.7315185" lon="100.1856661"><ele>1968.9</ele><time>2023-12-22T00:54:13Z</time></trkpt>
      <trkpt lat="25.7315075" lon="100.1856835"><ele>1968.9</ele><time>2023-12-22T00:54:14Z</time></trkpt>
      <trkpt lat="25.7314970" lon="100.1857011"><ele>1968.8</ele><time>2023-12-22T00:54:15Z</time></trkpt>
      <trkpt lat="25.7314862" lon="100.1857186"><ele>1968.8</ele><time>2023-12-22T00:54:16Z</time></trkpt>
      <trkpt lat="25.7314751" lon="100.1857358"><ele>1968.7</ele><time>2023-12-22T00:54:17Z</time></trkpt>
      <trkpt lat="25.7314644" lon="100.1857533"><ele>1968.7</ele><time>2023-12-22T00:54:18Z</time></trkpt>
      <trkpt lat="25.7314544" lon="100.1857714"><ele>1968.6</ele><time>2023-12-22T00:54:19Z</time></trkpt>
      <trkpt lat="25.7314447" lon="100.1857894"><ele>1968.6</ele><time>2023-12-22T00:54:20Z</time></trkpt>
      <trkpt lat="25.7314344" lon="100.1858073"><ele>1968.5</ele><time>2023-12-22T00:54:21Z</time></trkpt>
      <trkpt lat="25.7314242" lon="100.1858250"><ele>1968.5</ele><time>2023-12-22T00:54:22Z</time></trkpt>
      <trkpt lat="25.7314143" lon="100.1858428"><ele>1968.5</ele><time>2023-12-22T00:54:23Z</time></trkpt>
      <trkpt lat="25.7314042" lon="100.1858605"><ele>1968.5</ele><time>2023-12-22T00:54:24Z</time></trkpt>
      <trkpt lat="25.7313939" lon="100.1858780"><ele>1968.5</ele><time>2023-12-22T00:54:25Z</time></trkpt>
      <trkpt lat="25.7313835" lon="100.1858955"><ele>1968.5</ele><time>2023-12-22T00:54:26Z</time></trkpt>
      <trkpt lat="25.7313726" lon="100.1859127"><ele>1968.5</ele><time>2023-12-22T00:54:27Z</time></trkpt>
      <trkpt lat="25.7313610" lon="100.1859299"><ele>1968.5</ele><time>2023-12-22T00:54:28Z</time></trkpt>
      <trkpt lat="25.7313498" lon="100.1859472"><ele>1968.5</ele><time>2023-12-22T00:54:29Z</time></trkpt>
      <trkpt lat="25.7313394" lon="100.1859651"><ele>1968.5</ele><time>2023-12-22T00:54:30Z</time></trkpt>
      <trkpt lat="25.7313295" lon="100.1859836"><ele>1968.5</ele><time>2023-12-22T00:54:31Z</time></trkpt>
      <trkpt lat="25.7313192" lon="100.1860016"><ele>1968.5</ele><time>2023-12-22T00:54:32Z</time></trkpt>
      <trkpt lat="25.7313087" lon="100.1860192"><ele>1968.5</ele><time>2023-12-22T00:54:33Z</time></trkpt>
      <trkpt lat="25.7312981" lon="100.1860366"><ele>1968.5</ele><time>2023-12-22T00:54:34Z</time></trkpt>
      <trkpt lat="25.7312877" lon="100.1860544"><ele>1968.4</ele><time>2023-12-22T00:54:35Z</time></trkpt>
      <trkpt lat="25.7312771" lon="100.1860729"><ele>1968.4</ele><time>2023-12-22T00:54:36Z</time></trkpt>
      <trkpt lat="25.7312668" lon="100.1860916"><ele>1968.4</ele><time>2023-12-22T00:54:37Z</time></trkpt>
      <trkpt lat="25.7312570" lon="100.1861107"><ele>1968.3</ele><time>2023-12-22T00:54:38Z</time></trkpt>
      <trkpt lat="25.7312474" lon="100.1861301"><ele>1968.3</ele><time>2023-12-22T00:54:39Z</time></trkpt>
      <trkpt lat="25.7312377" lon="100.1861495"><ele>1968.3</ele><time>2023-12-22T00:54:40Z</time></trkpt>
      <trkpt lat="25.7312274" lon="100.1861684"><ele>1968.3</ele><time>2023-12-22T00:54:41Z</time></trkpt>
      <trkpt lat="25.7312165" lon="100.1861864"><ele>1968.2</ele><time>2023-12-22T00:54:42Z</time></trkpt>
      <trkpt lat="25.7312051" lon="100.1862041"><ele>1968.2</ele><time>2023-12-22T00:54:43Z</time></trkpt>
      <trkpt lat="25.7311927" lon="100.1862212"><ele>1968.2</ele><time>2023-12-22T00:54:44Z</time></trkpt>
      <trkpt lat="25.7311797" lon="100.1862379"><ele>1968.1</ele><time>2023-12-22T00:54:45Z</time></trkpt>
      <trkpt lat="25.7311667" lon="100.1862547"><ele>1968.1</ele><time>2023-12-22T00:54:46Z</time></trkpt>
      <trkpt lat="25.7311539" lon="100.1862711"><ele>1968.0</ele><time>2023-12-22T00:54:47Z</time></trkpt>
      <trkpt lat="25.7311410" lon="100.1862874"><ele>1968.0</ele><time>2023-12-22T00:54:48Z</time></trkpt>
      <trkpt lat="25.7311278" lon="100.1863037"><ele>1968.0</ele><time>2023-12-22T00:54:49Z</time></trkpt>
      <trkpt lat="25.7311147" lon="100.1863203"><ele>1968.0</ele><time>2023-12-22T00:54:50Z</time></trkpt>
      <trkpt lat="25.7311008" lon="100.1863366"><ele>1968.0</ele><time>2023-12-22T00:54:51Z</time></trkpt>
      <trkpt lat="25.7310860" lon="100.1863524"><ele>1968.0</ele><time>2023-12-22T00:54:52Z</time></trkpt>
      <trkpt lat="25.7310714" lon="100.1863684"><ele>1968.0</ele><time>2023-12-22T00:54:53Z</time></trkpt>
      <trkpt lat="25.7310574" lon="100.1863844"><ele>1968.0</ele><time>2023-12-22T00:54:54Z</time></trkpt>
      <trkpt lat="25.7310433" lon="100.1864003"><ele>1968.0</ele><time>2023-12-22T00:54:55Z</time></trkpt>
      <trkpt lat="25.7310280" lon="100.1864155"><ele>1967.9</ele><time>2023-12-22T00:54:56Z</time></trkpt>
      <trkpt lat="25.7310115" lon="100.1864301"><ele>1967.9</ele><time>2023-12-22T00:54:57Z</time></trkpt>
      <trkpt lat="25.7309948" lon="100.1864446"><ele>1967.9</ele><time>2023-12-22T00:54:58Z</time></trkpt>
      <trkpt lat="25.7309781" lon="100.1864588"><ele>1967.9</ele><time>2023-12-22T00:54:59Z</time></trkpt>
      <trkpt lat="25.7309605" lon="100.1864713"><ele>1967.9</ele><time>2023-12-22T00:55:00Z</time></trkpt>
      <trkpt lat="25.7309416" lon="100.1864815"><ele>1967.9</ele><time>2023-12-22T00:55:01Z</time></trkpt>
      <trkpt lat="25.7309217" lon="100.1864899"><ele>1967.9</ele><time>2023-12-22T00:55:02Z</time></trkpt>
      <trkpt lat="25.7309010" lon="100.1864979"><ele>1967.8</ele><time>2023-12-22T00:55:03Z</time></trkpt>
      <trkpt lat="25.7308799" lon="100.1865061"><ele>1967.8</ele><time>2023-12-22T00:55:04Z</time></trkpt>
      <trkpt lat="25.7308586" lon="100.1865140"><ele>1967.8</ele><time>2023-12-22T00:55:05Z</time></trkpt>
      <trkpt lat="25.7308379" lon="100.1865206"><ele>1967.8</ele><time>2023-12-22T00:55:06Z</time></trkpt>
      <trkpt lat="25.7308178" lon="100.1865257"><ele>1967.8</ele><time>2023-12-22T00:55:07Z</time></trkpt>
      <trkpt lat="25.7307979" lon="100.1865293"><ele>1967.8</ele><time>2023-12-22T00:55:08Z</time></trkpt>
      <trkpt lat="25.7307789" lon="100.1865333"><ele>1967.8</ele><time>2023-12-22T00:55:09Z</time></trkpt>
      <trkpt lat="25.7307603" lon="100.1865383"><ele>1967.8</ele><time>2023-12-22T00:55:10Z</time></trkpt>
      <trkpt lat="25.7307411" lon="100.1865420"><ele>1967.8</ele><time>2023-12-22T00:55:11Z</time></trkpt>
      <trkpt lat="25.7307211" lon="100.1865440"><ele>1967.8</ele><time>2023-12-22T00:55:12Z</time></trkpt>
      <trkpt lat="25.7307007" lon="100.1865442"><ele>1967.8</ele><time>2023-12-22T00:55:13Z</time></trkpt>
      <trkpt lat="25.7306805" lon="100.1865420"><ele>1967.8</ele><time>2023-12-22T00:55:14Z</time></trkpt>
      <trkpt lat="25.7306609" lon="100.1865382"><ele>1967.8</ele><time>2023-12-22T00:55:15Z</time></trkpt>
      <trkpt lat="25.7306416" lon="100.1865341"><ele>1967.8</ele><time>2023-12-22T00:55:16Z</time></trkpt>
      <trkpt lat="25.7306222" lon="100.1865302"><ele>1967.8</ele><time>2023-12-22T00:55:17Z</time></trkpt>
      <trkpt lat="25.7306029" lon="100.1865257"><ele>1967.8</ele><time>2023-12-22T00:55:18Z</time></trkpt>
      <trkpt lat="25.7305844" lon="100.1865205"><ele>1967.7</ele><time>2023-12-22T00:55:19Z</time></trkpt>
      <trkpt lat="25.7305659" lon="100.1865157"><ele>1967.7</ele><time>2023-12-22T00:55:20Z</time></trkpt>
      <trkpt lat="25.7305473" lon="100.1865120"><ele>1967.7</ele><time>2023-12-22T00:55:21Z</time></trkpt>
      <trkpt lat="25.7305281" lon="100.1865090"><ele>1967.6</ele><time>2023-12-22T00:55:22Z</time></trkpt>
      <trkpt lat="25.7305086" lon="100.1865068"><ele>1967.6</ele><time>2023-12-22T00:55:23Z</time></trkpt>
      <trkpt lat="25.7304896" lon="100.1865063"><ele>1967.6</ele><time>2023-12-22T00:55:24Z</time></trkpt>
      <trkpt lat="25.7304710" lon="100.1865077"><ele>1967.6</ele><time>2023-12-22T00:55:25Z</time></trkpt>
      <trkpt lat="25.7304529" lon="100.1865101"><ele>1967.7</ele><time>2023-12-22T00:55:26Z</time></trkpt>
      <trkpt lat="25.7304355" lon="100.1865133"><ele>1967.7</ele><time>2023-12-22T00:55:27Z</time></trkpt>
      <trkpt lat="25.7304188" lon="100.1865171"><ele>1967.8</ele><time>2023-12-22T00:55:28Z</time></trkpt>
      <trkpt lat="25.7304031" lon="100.1865209"><ele>1967.9</ele><time>2023-12-22T00:55:29Z</time></trkpt>
      <trkpt lat="25.7303888" lon="100.1865250"><ele>1968.0</ele><time>2023-12-22T00:55:30Z</time></trkpt>
      <trkpt lat="25.7303773" lon="100.1865291"><ele>1968.1</ele><time>2023-12-22T00:55:31Z</time></trkpt>
      <trkpt lat="25.7303715" lon="100.1865329"><ele>1968.3</ele><time>2023-12-22T00:55:32Z</time></trkpt>
      <trkpt lat="25.7303752" lon="100.1865377"><ele>1968.4</ele><time>2023-12-22T00:55:33Z</time></trkpt>
      <trkpt lat="25.7303892" lon="100.1865439"><ele>1968.6</ele><time>2023-12-22T00:55:34Z</time></trkpt>
      <trkpt lat="25.7304092" lon="100.1865497"><ele>1968.7</ele><time>2023-12-22T00:55:35Z</time></trkpt>
      <trkpt lat="25.7304306" lon="100.1865527"><ele>1968.9</ele><time>2023-12-22T00:55:36Z</time></trkpt>
      <trkpt lat="25.7304513" lon="100.1865523"><ele>1969.0</ele><time>2023-12-22T00:55:37Z</time></trkpt>
      <trkpt lat="25.7304713" lon="100.1865507"><ele>1969.2</ele><time>2023-12-22T00:55:38Z</time></trkpt>
      <trkpt lat="25.7304909" lon="100.1865492"><ele>1969.3</ele><time>2023-12-22T00:55:39Z</time></trkpt>
      <trkpt lat="25.7305110" lon="100.1865480"><ele>1969.4</ele><time>2023-12-22T00:55:40Z</time></trkpt>
      <trkpt lat="25.7305310" lon="100.1865478"><ele>1969.5</ele><time>2023-12-22T00:55:41Z</time></trkpt>
      <trkpt lat="25.7305507" lon="100.1865482"><ele>1969.5</ele><time>2023-12-22T00:55:42Z</time></trkpt>
      <trkpt lat="25.7305705" lon="100.1865493"><ele>1969.6</ele><time>2023-12-22T00:55:43Z</time></trkpt>
      <trkpt lat="25.7305901" lon="100.1865517"><ele>1969.6</ele><time>2023-12-22T00:55:44Z</time></trkpt>
      <trkpt lat="25.7306097" lon="100.1865555"><ele>1969.6</ele><time>2023-12-22T00:55:45Z</time></trkpt>
      <trkpt lat="25.7306291" lon="100.1865596"><ele>1969.5</ele><time>2023-12-22T00:55:46Z</time></trkpt>
      <trkpt lat="25.7306482" lon="100.1865629"><ele>1969.5</ele><time>2023-12-22T00:55:47Z</time></trkpt>
      <trkpt lat="25.7306676" lon="100.1865653"><ele>1969.5</ele><time>2023-12-22T00:55:48Z</time></trkpt>
      <trkpt lat="25.7306871" lon="100.1865669"><ele>1969.4</ele><time>2023-12-22T00:55:49Z</time></trkpt>
      <trkpt lat="25.7307067" lon="100.1865678"><ele>1969.4</ele><time>2023-12-22T00:55:50Z</time></trkpt>
      <trkpt lat="25.7307261" lon="100.1865686"><ele>1969.3</ele><time>2023-12-22T00:55:51Z</time></trkpt>
      <trkpt lat="25.7307451" lon="100.1865690"><ele>1969.3</ele><time>2023-12-22T00:55:52Z</time></trkpt>
      <trkpt lat="25.7307641" lon="100.1865680"><ele>1969.3</ele><time>2023-12-22T00:55:53Z</time></trkpt>
      <trkpt lat="25.7307829" lon="100.1865648"><ele>1969.3</ele><time>2023-12-22T00:55:54Z</time></trkpt>
      <trkpt lat="25.7308019" lon="100.1865604"><ele>1969.2</ele><time>2023-12-22T00:55:55Z</time></trkpt>
      <trkpt lat="25.7308207" lon="100.1865557"><ele>1969.2</ele><time>2023-12-22T00:55:56Z</time></trkpt>
      <trkpt lat="25.7308391" lon="100.1865509"><ele>1969.2</ele><time>2023-12-22T00:55:57Z</time></trkpt>
      <trkpt lat="25.7308574" lon="100.1865458"><ele>1969.2</ele><time>2023-12-22T00:55:58Z</time></trkpt>
      <trkpt lat="25.7308749" lon="100.1865395"><ele>1969.3</ele><time>2023-12-22T00:55:59Z</time></trkpt>
      <trkpt lat="25.7308915" lon="100.1865316"><ele>1969.3</ele><time>2023-12-22T00:56:00Z</time></trkpt>
      <trkpt lat="25.7309072" lon="100.1865227"><ele>1969.3</ele><time>2023-12-22T00:56:01Z</time></trkpt>
      <trkpt lat="25.7309224" lon="100.1865127"><ele>1969.3</ele><time>2023-12-22T00:56:02Z</time></trkpt>
      <trkpt lat="25.7309379" lon="100.1865019"><ele>1969.4</ele><time>2023-12-22T00:56:03Z</time></trkpt>
      <trkpt lat="25.7309533" lon="100.1864903"><ele>1969.4</ele><time>2023-12-22T00:56:04Z</time></trkpt>
      <trkpt lat="25.7309681" lon="100.1864777"><ele>1969.4</ele><time>2023-12-22T00:56:05Z</time></trkpt>
      <trkpt lat="25.7309825" lon="100.1864646"><ele>1969.4</ele><time>2023-12-22T00:56:06Z</time></trkpt>
      <trkpt lat="25.7309972" lon="100.1864518"><ele>1969.4</ele><time>2023-12-22T00:56:07Z</time></trkpt>
      <trkpt lat="25.7310123" lon="100.1864390"><ele>1969.5</ele><time>2023-12-22T00:56:08Z</time></trkpt>
      <trkpt lat="25.7310277" lon="100.1864263"><ele>1969.5</ele><time>2023-12-22T00:56:09Z</time></trkpt>
      <trkpt lat="25.7310435" lon="100.1864138"><ele>1969.5</ele><time>2023-12-22T00:56:10Z</time></trkpt>
      <trkpt lat="25.7310591" lon="100.1864015"><ele>1969.6</ele><time>2023-12-22T00:56:11Z</time></trkpt>
      <trkpt lat="25.7310742" lon="100.1863892"><ele>1969.6</ele><time>2023-12-22T00:56:12Z</time></trkpt>
      <trkpt lat="25.7310886" lon="100.1863758"><ele>1969.6</ele><time>2023-12-22T00:56:13Z</time></trkpt>
      <trkpt lat="25.7311021" lon="100.1863617"><ele>1969.6</ele><time>2023-12-22T00:56:14Z</time></trkpt>
      <trkpt lat="25.7311151" lon="100.1863474"><ele>1969.6</ele><time>2023-12-22T00:56:15Z</time></trkpt>
      <trkpt lat="25.7311278" lon="100.1863328"><ele>1969.6</ele><time>2023-12-22T00:56:16Z</time></trkpt>
      <trkpt lat="25.7311408" lon="100.1863180"><ele>1969.7</ele><time>2023-12-22T00:56:17Z</time></trkpt>
      <trkpt lat="25.7311535" lon="100.1863030"><ele>1969.7</ele><time>2023-12-22T00:56:18Z</time></trkpt>
      <trkpt lat="25.7311658" lon="100.1862876"><ele>1969.7</ele><time>2023-12-22T00:56:19Z</time></trkpt>
      <trkpt lat="25.7311780" lon="100.1862715"><ele>1969.7</ele><time>2023-12-22T00:56:20Z</time></trkpt>
      <trkpt lat="25.7311897" lon="100.1862552"><ele>1969.7</ele><time>2023-12-22T00:56:21Z</time></trkpt>
      <trkpt lat="25.7312008" lon="100.1862388"><ele>1969.7</ele><time>2023-12-22T00:56:22Z</time></trkpt>
      <trkpt lat="25.7312121" lon="100.1862230"><ele>1969.7</ele><time>2023-12-22T00:56:23Z</time></trkpt>
      <trkpt lat="25.7312238" lon="100.1862076"><ele>1969.7</ele><time>2023-12-22T00:56:24Z</time></trkpt>
      <trkpt lat="25.7312355" lon="100.1861921"><ele>1969.7</ele><time>2023-12-22T00:56:25Z</time></trkpt>
      <trkpt lat="25.7312468" lon="100.1861764"><ele>1969.7</ele><time>2023-12-22T00:56:26Z</time></trkpt>
      <trkpt lat="25.7312581" lon="100.1861605"><ele>1969.7</ele><time>2023-12-22T00:56:27Z</time></trkpt>
      <trkpt lat="25.7312695" lon="100.1861445"><ele>1969.7</ele><time>2023-12-22T00:56:28Z</time></trkpt>
      <trkpt lat="25.7312806" lon="100.1861281"><ele>1969.8</ele><time>2023-12-22T00:56:29Z</time></trkpt>
      <trkpt lat="25.7312918" lon="100.1861115"><ele>1969.7</ele><time>2023-12-22T00:56:30Z</time></trkpt>
      <trkpt lat="25.7313029" lon="100.1860947"><ele>1969.7</ele><time>2023-12-22T00:56:31Z</time></trkpt>
      <trkpt lat="25.7313133" lon="100.1860771"><ele>1969.7</ele><time>2023-12-22T00:56:32Z</time></trkpt>
      <trkpt lat="25.7313238" lon="100.1860598"><ele>1969.7</ele><time>2023-12-22T00:56:33Z</time></trkpt>
      <trkpt lat="25.7313352" lon="100.1860433"><ele>1969.7</ele><time>2023-12-22T00:56:34Z</time></trkpt>
      <trkpt lat="25.7313469" lon="100.1860269"><ele>1969.7</ele><time>2023-12-22T00:56:35Z</time></trkpt>
      <trkpt lat="25.7313585" lon="100.1860102"><ele>1969.7</ele><time>2023-12-22T00:56:36Z</time></trkpt>
      <trkpt lat="25.7313694" lon="100.1859929"><ele>1969.7</ele><time>2023-12-22T00:56:37Z</time></trkpt>
      <trkpt lat="25.7313794" lon="100.1859753"><ele>1969.7</ele><time>2023-12-22T00:56:38Z</time></trkpt>
      <trkpt lat="25.7313889" lon="100.1859574"><ele>1969.7</ele><time>2023-12-22T00:56:39Z</time></trkpt>
      <trkpt lat="25.7313984" lon="100.1859394"><ele>1969.6</ele><time>2023-12-22T00:56:40Z</time></trkpt>
      <trkpt lat="25.7314085" lon="100.1859219"><ele>1969.6</ele><time>2023-12-22T00:56:41Z</time></trkpt>
      <trkpt lat="25.7314191" lon="100.1859047"><ele>1969.5</ele><time>2023-12-22T00:56:42Z</time></trkpt>
      <trkpt lat="25.7314294" lon="100.1858876"><ele>1969.5</ele><time>2023-12-22T00:56:43Z</time></trkpt>
      <trkpt lat="25.7314394" lon="100.1858709"><ele>1969.5</ele><time>2023-12-22T00:56:44Z</time></trkpt>
      <trkpt lat="25.7314493" lon="100.1858542"><ele>1969.4</ele><time>2023-12-22T00:56:45Z</time></trkpt>
      <trkpt lat="25.7314596" lon="100.1858375"><ele>1969.3</ele><time>2023-12-22T00:56:46Z</time></trkpt>
      <trkpt lat="25.7314708" lon="100.1858209"><ele>1969.3</ele><time>2023-12-22T00:56:47Z</time></trkpt>
      <trkpt lat="25.7314822" lon="100.1858043"><ele>1969.2</ele><time>2023-12-22T00:56:48Z</time></trkpt>
      <trkpt lat="25.7314930" lon="100.1857874"><ele>1969.2</ele><time>2023-12-22T00:56:49Z</time></trkpt>
      <trkpt lat="25.7315036" lon="100.1857701"><ele>1969.1</ele><time>2023-12-22T00:56:50Z</time></trkpt>
      <trkpt lat="25.7315142" lon="100.1857530"><ele>1969.1</ele><time>2023-12-22T00:56:51Z</time></trkpt>
      <trkpt lat="25.7315247" lon="100.1857363"><ele>1969.0</ele><time>2023-12-22T00:56:52Z</time></trkpt>
      <trkpt lat="25.7315351" lon="100.1857197"><ele>1969.0</ele><time>2023-12-22T00:56:53Z</time></trkpt>
      <trkpt lat="25.7315459" lon="100.1857036"><ele>1968.9</ele><time>2023-12-22T00:56:54Z</time></trkpt>
      <trkpt lat="25.7315571" lon="100.1856876"><ele>1968.9</ele><time>2023-12-22T00:56:55Z</time></trkpt>
      <trkpt lat="25.7315682" lon="100.1856718"><ele>1968.9</ele><time>2023-12-22T00:56:56Z</time></trkpt>
      <trkpt lat="25.7315789" lon="100.1856557"><ele>1968.9</ele><time>2023-12-22T00:56:57Z</time></trkpt>
      <trkpt lat="25.7315900" lon="100.1856396"><ele>1968.8</ele><time>2023-12-22T00:56:58Z</time></trkpt>
      <trkpt lat="25.7316009" lon="100.1856235"><ele>1968.8</ele><time>2023-12-22T00:56:59Z</time></trkpt>
      <trkpt lat="25.7316117" lon="100.1856069"><ele>1968.8</ele><time>2023-12-22T00:57:00Z</time></trkpt>
      <trkpt lat="25.7316226" lon="100.1855906"><ele>1968.8</ele><time>2023-12-22T00:57:01Z</time></trkpt>
      <trkpt lat="25.7316336" lon="100.1855743"><ele>1968.8</ele><time>2023-12-22T00:57:02Z</time></trkpt>
      <trkpt lat="25.7316445" lon="100.1855579"><ele>1968.7</ele><time>2023-12-22T00:57:03Z</time></trkpt>
      <trkpt lat="25.7316556" lon="100.1855415"><ele>1968.7</ele><time>2023-12-22T00:57:04Z</time></trkpt>
      <trkpt lat="25.7316670" lon="100.1855248"><ele>1968.7</ele><time>2023-12-22T00:57:05Z</time></trkpt>
      <trkpt lat="25.7316785" lon="100.1855079"><ele>1968.7</ele><time>2023-12-22T00:57:06Z</time></trkpt>
      <trkpt lat="25.7316901" lon="100.1854908"><ele>1968.7</ele><time>2023-12-22T00:57:07Z</time></trkpt>
      <trkpt lat="25.7317019" lon="100.1854740"><ele>1968.7</ele><time>2023-12-22T00:57:08Z</time></trkpt>
      <trkpt lat="25.7317136" lon="100.1854573"><ele>1968.7</ele><time>2023-12-22T00:57:09Z</time></trkpt>
      <trkpt lat="25.7317244" lon="100.1854401"><ele>1968.7</ele><time>2023-12-22T00:57:10Z</time></trkpt>
      <trkpt lat="25.7317351" lon="100.1854229"><ele>1968.7</ele><time>2023-12-22T00:57:11Z</time></trkpt>
      <trkpt lat="25.7317459" lon="100.1854060"><ele>1968.7</ele><time>2023-12-22T00:57:12Z</time></trkpt>
      <trkpt lat="25.7317566" lon="100.1853894"><ele>1968.7</ele><time>2023-12-22T00:57:13Z</time></trkpt>
      <trkpt lat="25.7317671" lon="100.1853729"><ele>1968.7</ele><time>2023-12-22T00:57:14Z</time></trkpt>
      <trkpt lat="25.7317778" lon="100.1853562"><ele>1968.7</ele><time>2023-12-22T00:57:15Z</time></trkpt>
      <trkpt lat="25.7317884" lon="100.1853393"><ele>1968.6</ele><time>2023-12-22T00:57:16Z</time></trkpt>
      <trkpt lat="25.7317987" lon="100.1853225"><ele>1968.6</ele><time>2023-12-22T00:57:17Z</time></trkpt>
      <trkpt lat="25.7318090" lon="100.1853063"><ele>1968.6</ele><time>2023-12-22T00:57:18Z</time></trkpt>
      <trkpt lat="25.7318189" lon="100.1852901"><ele>1968.7</ele><time>2023-12-22T00:57:19Z</time></trkpt>
      <trkpt lat="25.7318284" lon="100.1852734"><ele>1968.7</ele><time>2023-12-22T00:57:20Z</time></trkpt>
      <trkpt lat="25.7318375" lon="100.1852564"><ele>1968.7</ele><time>2023-12-22T00:57:21Z</time></trkpt>
      <trkpt lat="25.7318468" lon="100.1852391"><ele>1968.7</ele><time>2023-12-22T00:57:22Z</time></trkpt>
      <trkpt lat="25.7318559" lon="100.1852216"><ele>1968.7</ele><time>2023-12-22T00:57:23Z</time></trkpt>
      <trkpt lat="25.7318648" lon="100.1852035"><ele>1968.7</ele><time>2023-12-22T00:57:24Z</time></trkpt>
      <trkpt lat="25.7318739" lon="100.1851852"><ele>1968.7</ele><time>2023-12-22T00:57:25Z</time></trkpt>
      <trkpt lat="25.7318827" lon="100.1851671"><ele>1968.7</ele><time>2023-12-22T00:57:26Z</time></trkpt>
      <trkpt lat="25.7318904" lon="100.1851487"><ele>1968.6</ele><time>2023-12-22T00:57:27Z</time></trkpt>
      <trkpt lat="25.7318975" lon="100.1851301"><ele>1968.6</ele><time>2023-12-22T00:57:28Z</time></trkpt>
      <trkpt lat="25.7319049" lon="100.1851115"><ele>1968.6</ele><time>2023-12-22T00:57:29Z</time></trkpt>
      <trkpt lat="25.7319125" lon="100.1850931"><ele>1968.6</ele><time>2023-12-22T00:57:30Z</time></trkpt>
      <trkpt lat="25.7319199" lon="100.1850749"><ele>1968.7</ele><time>2023-12-22T00:57:31Z</time></trkpt>
      <trkpt lat="25.7319268" lon="100.1850565"><ele>1968.7</ele><time>2023-12-22T00:57:32Z</time></trkpt>
      <trkpt lat="25.7319336" lon="100.1850379"><ele>1968.8</ele><time>2023-12-22T00:57:33Z</time></trkpt>
      <trkpt lat="25.7319407" lon="100.1850189"><ele>1968.8</ele><time>2023-12-22T00:57:34Z</time></trkpt>
      <trkpt lat="25.7319482" lon="100.1849996"><ele>1968.8</ele><time>2023-12-22T00:57:35Z</time></trkpt>
      <trkpt lat="25.7319568" lon="100.1849806"><ele>1968.9</ele><time>2023-12-22T00:57:36Z</time></trkpt>
      <trkpt lat="25.7319670" lon="100.1849620"><ele>1969.0</ele><time>2023-12-22T00:57:37Z</time></trkpt>
      <trkpt lat="25.7319784" lon="100.1849440"><ele>1969.1</ele><time>2023-12-22T00:57:38Z</time></trkpt>
      <trkpt lat="25.7319903" lon="100.1849265"><ele>1969.2</ele><time>2023-12-22T00:57:39Z</time></trkpt>
      <trkpt lat="25.7320031" lon="100.1849096"><ele>1969.2</ele><time>2023-12-22T00:57:40Z</time></trkpt>
      <trkpt lat="25.7320164" lon="100.1848928"><ele>1969.3</ele><time>2023-12-22T00:57:41Z</time></trkpt>
      <trkpt lat="25.7320304" lon="100.1848757"><ele>1969.4</ele><time>2023-12-22T00:57:42Z</time></trkpt>
      <trkpt lat="25.7320451" lon="100.1848590"><ele>1969.5</ele><time>2023-12-22T00:57:43Z</time></trkpt>
      <trkpt lat="25.7320609" lon="100.1848428"><ele>1969.6</ele><time>2023-12-22T00:57:44Z</time></trkpt>
      <trkpt lat="25.7320781" lon="100.1848280"><ele>1969.7</ele><time>2023-12-22T00:57:45Z</time></trkpt>
      <trkpt lat="25.7320971" lon="100.1848153"><ele>1969.7</ele><time>2023-12-22T00:57:46Z</time></trkpt>
      <trkpt lat="25.7321179" lon="100.1848044"><ele>1969.8</ele><time>2023-12-22T00:57:47Z</time></trkpt>
      <trkpt lat="25.7321396" lon="100.1847944"><ele>1969.8</ele><time>2023-12-22T00:57:48Z</time></trkpt>
      <trkpt lat="25.7321618" lon="100.1847833"><ele>1969.8</ele><time>2023-12-22T00:57:49Z</time></trkpt>
      <trkpt lat="25.7321830" lon="100.1847703"><ele>1969.9</ele><time>2023-12-22T00:57:50Z</time></trkpt>
      <trkpt lat="25.7322025" lon="100.1847567"><ele>1969.9</ele><time>2023-12-22T00:57:51Z</time></trkpt>
      <trkpt lat="25.7322212" lon="100.1847438"><ele>1969.9</ele><time>2023-12-22T00:57:52Z</time></trkpt>
      <trkpt lat="25.7322407" lon="100.1847338"><ele>1969.9</ele><time>2023-12-22T00:57:53Z</time></trkpt>
      <trkpt lat="25.7322618" lon="100.1847283"><ele>1969.9</ele><time>2023-12-22T00:57:54Z</time></trkpt>
      <trkpt lat="25.7322838" lon="100.1847263"><ele>1969.9</ele><time>2023-12-22T00:57:55Z</time></trkpt>
      <trkpt lat="25.7323052" lon="100.1847231"><ele>1969.8</ele><time>2023-12-22T00:57:56Z</time></trkpt>
      <trkpt lat="25.7323242" lon="100.1847140"><ele>1969.8</ele><time>2023-12-22T00:57:57Z</time></trkpt>
      <trkpt lat="25.7323402" lon="100.1846982"><ele>1969.8</ele><time>2023-12-22T00:57:58Z</time></trkpt>
      <trkpt lat="25.7323531" lon="100.1846776"><ele>1969.7</ele><time>2023-12-22T00:57:59Z</time></trkpt>
      <trkpt lat="25.7323626" lon="100.1846545"><ele>1969.7</ele><time>2023-12-22T00:58:00Z</time></trkpt>
      <trkpt lat="25.7323724" lon="100.1846323"><ele>1969.6</ele><time>2023-12-22T00:58:01Z</time></trkpt>
      <trkpt lat="25.7323859" lon="100.1846138"><ele>1969.5</ele><time>2023-12-22T00:58:02Z</time></trkpt>
      <trkpt lat="25.7324017" lon="100.1845985"><ele>1969.5</ele><time>2023-12-22T00:58:03Z</time></trkpt>
      <trkpt lat="25.7324167" lon="100.1845826"><ele>1969.4</ele><time>2023-12-22T00:58:04Z</time></trkpt>
      <trkpt lat="25.7324301" lon="100.1845651"><ele>1969.3</ele><time>2023-12-22T00:58:05Z</time></trkpt>
      <trkpt lat="25.7324424" lon="100.1845473"><ele>1969.2</ele><time>2023-12-22T00:58:06Z</time></trkpt>
      <trkpt lat="25.7324546" lon="100.1845299"><ele>1969.1</ele><time>2023-12-22T00:58:07Z</time></trkpt>
      <trkpt lat="25.7324673" lon="100.1845136"><ele>1969.1</ele><time>2023-12-22T00:58:08Z</time></trkpt>
      <trkpt lat="25.7324789" lon="100.1844968"><ele>1969.0</ele><time>2023-12-22T00:58:09Z</time></trkpt>
      <trkpt lat="25.7324888" lon="100.1844790"><ele>1969.0</ele><time>2023-12-22T00:58:10Z</time></trkpt>
      <trkpt lat="25.7324980" lon="100.1844608"><ele>1969.0</ele><time>2023-12-22T00:58:11Z</time></trkpt>
      <trkpt lat="25.7325071" lon="100.1844427"><ele>1969.0</ele><time>2023-12-22T00:58:12Z</time></trkpt>
      <trkpt lat="25.7325155" lon="100.1844249"><ele>1969.0</ele><time>2023-12-22T00:58:13Z</time></trkpt>
      <trkpt lat="25.7325230" lon="100.1844071"><ele>1969.0</ele><time>2023-12-22T00:58:14Z</time></trkpt>
      <trkpt lat="25.7325302" lon="100.1843892"><ele>1969.0</ele><time>2023-12-22T00:58:15Z</time></trkpt>
      <trkpt lat="25.7325366" lon="100.1843712"><ele>1969.0</ele><time>2023-12-22T00:58:16Z</time></trkpt>
      <trkpt lat="25.7325421" lon="100.1843523"><ele>1969.0</ele><time>2023-12-22T00:58:17Z</time></trkpt>
      <trkpt lat="25.7325473" lon="100.1843331"><ele>1969.1</ele><time>2023-12-22T00:58:18Z</time></trkpt>
      <trkpt lat="25.7325518" lon="100.1843138"><ele>1969.1</ele><time>2023-12-22T00:58:19Z</time></trkpt>
      <trkpt lat="25.7325557" lon="100.1842942"><ele>1969.2</ele><time>2023-12-22T00:58:20Z</time></trkpt>
      <trkpt lat="25.7325593" lon="100.1842747"><ele>1969.2</ele><time>2023-12-22T00:58:21Z</time></trkpt>
      <trkpt lat="25.7325627" lon="100.1842554"><ele>1969.2</ele><time>2023-12-22T00:58:22Z</time></trkpt>
      <trkpt lat="25.7325658" lon="100.1842363"><ele>1969.3</ele><time>2023-12-22T00:58:23Z</time></trkpt>
      <trkpt lat="25.7325688" lon="100.1842172"><ele>1969.3</ele><time>2023-12-22T00:58:24Z</time></trkpt>
      <trkpt lat="25.7325721" lon="100.1841978"><ele>1969.2</ele><time>2023-12-22T00:58:25Z</time></trkpt>
      <trkpt lat="25.7325755" lon="100.1841784"><ele>1969.2</ele><time>2023-12-22T00:58:26Z</time></trkpt>
      <trkpt lat="25.7325786" lon="100.1841589"><ele>1969.2</ele><time>2023-12-22T00:58:27Z</time></trkpt>
      <trkpt lat="25.7325814" lon="100.1841391"><ele>1969.1</ele><time>2023-12-22T00:58:28Z</time></trkpt>
      <trkpt lat="25.7325843" lon="100.1841190"><ele>1969.0</ele><time>2023-12-22T00:58:29Z</time></trkpt>
      <trkpt lat="25.7325873" lon="100.1840990"><ele>1969.0</ele><time>2023-12-22T00:58:30Z</time></trkpt>
      <trkpt lat="25.7325903" lon="100.1840790"><ele>1968.9</ele><time>2023-12-22T00:58:31Z</time></trkpt>
      <trkpt lat="25.7325931" lon="100.1840590"><ele>1968.9</ele><time>2023-12-22T00:58:32Z</time></trkpt>
      <trkpt lat="25.7325951" lon="100.1840386"><ele>1968.8</ele><time>2023-12-22T00:58:33Z</time></trkpt>
      <trkpt lat="25.7325966" lon="100.1840177"><ele>1968.8</ele><time>2023-12-22T00:58:34Z</time></trkpt>
      <trkpt lat="25.7325986" lon="100.1839970"><ele>1968.8</ele><time>2023-12-22T00:58:35Z</time></trkpt>
      <trkpt lat="25.7326002" lon="100.1839771"><ele>1968.7</ele><time>2023-12-22T00:58:36Z</time></trkpt>
      <trkpt lat="25.7326008" lon="100.1839580"><ele>1968.7</ele><time>2023-12-22T00:58:37Z</time></trkpt>
      <trkpt lat="25.7326008" lon="100.1839393"><ele>1968.7</ele><time>2023-12-22T00:58:38Z</time></trkpt>
      <trkpt lat="25.7326013" lon="100.1839204"><ele>1968.7</ele><time>2023-12-22T00:58:39Z</time></trkpt>
      <trkpt lat="25.7326031" lon="100.1839013"><ele>1968.7</ele><time>2023-12-22T00:58:40Z</time></trkpt>
      <trkpt lat="25.7326056" lon="100.1838826"><ele>1968.7</ele><time>2023-12-22T00:58:41Z</time></trkpt>
      <trkpt lat="25.7326078" lon="100.1838642"><ele>1968.7</ele><time>2023-12-22T00:58:42Z</time></trkpt>
      <trkpt lat="25.7326093" lon="100.1838458"><ele>1968.8</ele><time>2023-12-22T00:58:43Z</time></trkpt>
      <trkpt lat="25.7326103" lon="100.1838275"><ele>1968.8</ele><time>2023-12-22T00:58:44Z</time></trkpt>
      <trkpt lat="25.7326108" lon="100.1838091"><ele>1968.8</ele><time>2023-12-22T00:58:45Z</time></trkpt>
      <trkpt lat="25.7326110" lon="100.1837905"><ele>1968.8</ele><time>2023-12-22T00:58:46Z</time></trkpt>
      <trkpt lat="25.7326110" lon="100.1837721"><ele>1968.8</ele><time>2023-12-22T00:58:47Z</time></trkpt>
      <trkpt lat="25.7326112" lon="100.1837538"><ele>1968.8</ele><time>2023-12-22T00:58:48Z</time></trkpt>
      <trkpt lat="25.7326118" lon="100.1837352"><ele>1968.8</ele><time>2023-12-22T00:58:49Z</time></trkpt>
      <trkpt lat="25.7326128" lon="100.1837156"><ele>1968.7</ele><time>2023-12-22T00:58:50Z</time></trkpt>
      <trkpt lat="25.7326147" lon="100.1836949"><ele>1968.7</ele><time>2023-12-22T00:58:51Z</time></trkpt>
      <trkpt lat="25.7326174" lon="100.1836737"><ele>1968.7</ele><time>2023-12-22T00:58:51Z</time></trkpt>
      <trkpt lat="25.7326211" lon="100.1836521"><ele>1968.6</ele><time>2023-12-22T00:58:52Z</time></trkpt>
      <trkpt lat="25.7326254" lon="100.1836305"><ele>1968.6</ele><time>2023-12-22T00:58:53Z</time></trkpt>
      <trkpt lat="25.7326294" lon="100.1836092"><ele>1968.6</ele><time>2023-12-22T00:58:54Z</time></trkpt>
      <trkpt lat="25.7326323" lon="100.1835884"><ele>1968.5</ele><time>2023-12-22T00:58:55Z</time></trkpt>
      <trkpt lat="25.7326345" lon="100.1835690"><ele>1968.5</ele><time>2023-12-22T00:58:56Z</time></trkpt>
      <trkpt lat="25.7326366" lon="100.1835505"><ele>1968.5</ele><time>2023-12-22T00:58:57Z</time></trkpt>
      <trkpt lat="25.7326396" lon="100.1835316"><ele>1968.4</ele><time>2023-12-22T00:58:58Z</time></trkpt>
      <trkpt lat="25.7326431" lon="100.1835120"><ele>1968.4</ele><time>2023-12-22T00:58:59Z</time></trkpt>
      <trkpt lat="25.7326457" lon="100.1834923"><ele>1968.4</ele><time>2023-12-22T00:59:00Z</time></trkpt>
      <trkpt lat="25.7326477" lon="100.1834731"><ele>1968.3</ele><time>2023-12-22T00:59:01Z</time></trkpt>
      <trkpt lat="25.7326493" lon="100.1834540"><ele>1968.3</ele><time>2023-12-22T00:59:02Z</time></trkpt>
      <trkpt lat="25.7326510" lon="100.1834351"><ele>1968.3</ele><time>2023-12-22T00:59:03Z</time></trkpt>
      <trkpt lat="25.7326522" lon="100.1834164"><ele>1968.3</ele><time>2023-12-22T00:59:04Z</time></trkpt>
      <trkpt lat="25.7326518" lon="100.1833977"><ele>1968.3</ele><time>2023-12-22T00:59:05Z</time></trkpt>
      <trkpt lat="25.7326505" lon="100.1833794"><ele>1968.3</ele><time>2023-12-22T00:59:06Z</time></trkpt>
      <trkpt lat="25.7326487" lon="100.1833616"><ele>1968.3</ele><time>2023-12-22T00:59:07Z</time></trkpt>
      <trkpt lat="25.7326457" lon="100.1833440"><ele>1968.3</ele><time>2023-12-22T00:59:08Z</time></trkpt>
      <trkpt lat="25.7326416" lon="100.1833265"><ele>1968.4</ele><time>2023-12-22T00:59:09Z</time></trkpt>
      <trkpt lat="25.7326371" lon="100.1833093"><ele>1968.4</ele><time>2023-12-22T00:59:10Z</time></trkpt>
      <trkpt lat="25.7326325" lon="100.1832921"><ele>1968.5</ele><time>2023-12-22T00:59:11Z</time></trkpt>
      <trkpt lat="25.7326280" lon="100.1832748"><ele>1968.5</ele><time>2023-12-22T00:59:12Z</time></trkpt>
      <trkpt lat="25.7326231" lon="100.1832574"><ele>1968.6</ele><time>2023-12-22T00:59:13Z</time></trkpt>
      <trkpt lat="25.7326170" lon="100.1832404"><ele>1968.6</ele><time>2023-12-22T00:59:14Z</time></trkpt>
      <trkpt lat="25.7326100" lon="100.1832237"><ele>1968.6</ele><time>2023-12-22T00:59:15Z</time></trkpt>
      <trkpt lat="25.7326022" lon="100.1832072"><ele>1968.7</ele><time>2023-12-22T00:59:16Z</time></trkpt>
      <trkpt lat="25.7325941" lon="100.1831909"><ele>1968.7</ele><time>2023-12-22T00:59:17Z</time></trkpt>
      <trkpt lat="25.7325855" lon="100.1831745"><ele>1968.8</ele><time>2023-12-22T00:59:18Z</time></trkpt>
      <trkpt lat="25.7325765" lon="100.1831582"><ele>1968.8</ele><time>2023-12-22T00:59:19Z</time></trkpt>
      <trkpt lat="25.7325676" lon="100.1831422"><ele>1968.8</ele><time>2023-12-22T00:59:20Z</time></trkpt>
      <trkpt lat="25.7325582" lon="100.1831262"><ele>1968.8</ele><time>2023-12-22T00:59:21Z</time></trkpt>
      <trkpt lat="25.7325487" lon="100.1831099"><ele>1968.9</ele><time>2023-12-22T00:59:22Z</time></trkpt>
      <trkpt lat="25.7325397" lon="100.1830927"><ele>1968.9</ele><time>2023-12-22T00:59:23Z</time></trkpt>
      <trkpt lat="25.7325320" lon="100.1830745"><ele>1968.9</ele><time>2023-12-22T00:59:24Z</time></trkpt>
      <trkpt lat="25.7325248" lon="100.1830566"><ele>1968.9</ele><time>2023-12-22T00:59:25Z</time></trkpt>
      <trkpt lat="25.7325168" lon="100.1830393"><ele>1968.9</ele><time>2023-12-22T00:59:26Z</time></trkpt>
      <trkpt lat="25.7325088" lon="100.1830220"><ele>1969.0</ele><time>2023-12-22T00:59:27Z</time></trkpt>
      <trkpt lat="25.7325015" lon="100.1830042"><ele>1969.0</ele><time>2023-12-22T00:59:28Z</time></trkpt>
      <trkpt lat="25.7324946" lon="100.1829862"><ele>1969.0</ele><time>2023-12-22T00:59:29Z</time></trkpt>
      <trkpt lat="25.7324877" lon="100.1829683"><ele>1969.1</ele><time>2023-12-22T00:59:30Z</time></trkpt>
      <trkpt lat="25.7324811" lon="100.1829505"><ele>1969.1</ele><time>2023-12-22T00:59:31Z</time></trkpt>
      <trkpt lat="25.7324748" lon="100.1829330"><ele>1969.1</ele><time>2023-12-22T00:59:32Z</time></trkpt>
      <trkpt lat="25.7324689" lon="100.1829152"><ele>1969.2</ele><time>2023-12-22T00:59:33Z</time></trkpt>
      <trkpt lat="25.7324638" lon="100.1828968"><ele>1969.2</ele><time>2023-12-22T00:59:34Z</time></trkpt>
      <trkpt lat="25.7324591" lon="100.1828785"><ele>1969.3</ele><time>2023-12-22T00:59:35Z</time></trkpt>
      <trkpt lat="25.7324539" lon="100.1828601"><ele>1969.3</ele><time>2023-12-22T00:59:36Z</time></trkpt>
      <trkpt lat="25.7324484" lon="100.1828414"><ele>1969.4</ele><time>2023-12-22T00:59:37Z</time></trkpt>
      <trkpt lat="25.7324433" lon="100.1828224"><ele>1969.4</ele><time>2023-12-22T00:59:38Z</time></trkpt>
      <trkpt lat="25.7324393" lon="100.1828027"><ele>1969.4</ele><time>2023-12-22T00:59:39Z</time></trkpt>
      <trkpt lat="25.7324360" lon="100.1827825"><ele>1969.4</ele><time>2023-12-22T00:59:40Z</time></trkpt>
      <trkpt lat="25.7324320" lon="100.1827625"><ele>1969.4</ele><time>2023-12-22T00:59:41Z</time></trkpt>
      <trkpt lat="25.7324273" lon="100.1827428"><ele>1969.5</ele><time>2023-12-22T00:59:42Z</time></trkpt>
      <trkpt lat="25.7324228" lon="100.1827232"><ele>1969.5</ele><time>2023-12-22T00:59:43Z</time></trkpt>
      <trkpt lat="25.7324191" lon="100.1827031"><ele>1969.5</ele><time>2023-12-22T00:59:44Z</time></trkpt>
      <trkpt lat="25.7324160" lon="100.1826827"><ele>1969.4</ele><time>2023-12-22T00:59:45Z</time></trkpt>
      <trkpt lat="25.7324126" lon="100.1826622"><ele>1969.4</ele><time>2023-12-22T00:59:46Z</time></trkpt>
      <trkpt lat="25.7324089" lon="100.1826412"><ele>1969.4</ele><time>2023-12-22T00:59:47Z</time></trkpt>
      <trkpt lat="25.7324052" lon="100.1826202"><ele>1969.4</ele><time>2023-12-22T00:59:48Z</time></trkpt>
      <trkpt lat="25.7324022" lon="100.1825988"><ele>1969.4</ele><time>2023-12-22T00:59:49Z</time></trkpt>
      <trkpt lat="25.7324001" lon="100.1825771"><ele>1969.3</ele><time>2023-12-22T00:59:50Z</time></trkpt>
      <trkpt lat="25.7323987" lon="100.1825554"><ele>1969.3</ele><time>2023-12-22T00:59:51Z</time></trkpt>
      <trkpt lat="25.7323982" lon="100.1825336"><ele>1969.2</ele><time>2023-12-22T00:59:52Z</time></trkpt>
      <trkpt lat="25.7323970" lon="100.1825122"><ele>1969.1</ele><time>2023-12-22T00:59:53Z</time></trkpt>
      <trkpt lat="25.7323943" lon="100.1824911"><ele>1969.1</ele><time>2023-12-22T00:59:54Z</time></trkpt>
      <trkpt lat="25.7323920" lon="100.1824702"><ele>1969.0</ele><time>2023-12-22T00:59:55Z</time></trkpt>
      <trkpt lat="25.7323911" lon="100.1824495"><ele>1968.9</ele><time>2023-12-22T00:59:56Z</time></trkpt>
      <trkpt lat="25.7323918" lon="100.1824287"><ele>1968.8</ele><time>2023-12-22T00:59:57Z</time></trkpt>
      <trkpt lat="25.7323928" lon="100.1824082"><ele>1968.7</ele><time>2023-12-22T00:59:58Z</time></trkpt>
      <trkpt lat="25.7323931" lon="100.1823878"><ele>1968.6</ele><time>2023-12-22T00:59:59Z</time></trkpt>
      <trkpt lat="25.7323927" lon="100.1823672"><ele>1968.5</ele><time>2023-12-22T01:00:00Z</time></trkpt>
      <trkpt lat="25.7323921" lon="100.1823467"><ele>1968.4</ele><time>2023-12-22T01:00:01Z</time></trkpt>
      <trkpt lat="25.7323917" lon="100.1823266"><ele>1968.3</ele><time>2023-12-22T01:00:02Z</time></trkpt>
      <trkpt lat="25.7323915" lon="100.1823070"><ele>1968.2</ele><time>2023-12-22T01:00:03Z</time></trkpt>
      <trkpt lat="25.7323914" lon="100.1822876"><ele>1968.1</ele><time>2023-12-22T01:00:04Z</time></trkpt>
      <trkpt lat="25.7323916" lon="100.1822685"><ele>1968.0</ele><time>2023-12-22T01:00:05Z</time></trkpt>
      <trkpt lat="25.7323922" lon="100.1822498"><ele>1967.9</ele><time>2023-12-22T01:00:06Z</time></trkpt>
      <trkpt lat="25.7323933" lon="100.1822312"><ele>1967.8</ele><time>2023-12-22T01:00:07Z</time></trkpt>
      <trkpt lat="25.7323954" lon="100.1822132"><ele>1967.7</ele><time>2023-12-22T01:00:08Z</time></trkpt>
      <trkpt lat="25.7323986" lon="100.1821957"><ele>1967.6</ele><time>2023-12-22T01:00:09Z</time></trkpt>
      <trkpt lat="25.7324024" lon="100.1821784"><ele>1967.5</ele><time>2023-12-22T01:00:10Z</time></trkpt>
      <trkpt lat="25.7324060" lon="100.1821608"><ele>1967.4</ele><time>2023-12-22T01:00:11Z</time></trkpt>
      <trkpt lat="25.7324088" lon="100.1821427"><ele>1967.4</ele><time>2023-12-22T01:00:12Z</time></trkpt>
      <trkpt lat="25.7324112" lon="100.1821244"><ele>1967.3</ele><time>2023-12-22T01:00:13Z</time></trkpt>
      <trkpt lat="25.7324133" lon="100.1821057"><ele>1967.2</ele><time>2023-12-22T01:00:14Z</time></trkpt>
      <trkpt lat="25.7324153" lon="100.1820865"><ele>1967.2</ele><time>2023-12-22T01:00:15Z</time></trkpt>
      <trkpt lat="25.7324174" lon="100.1820671"><ele>1967.2</ele><time>2023-12-22T01:00:16Z</time></trkpt>
      <trkpt lat="25.7324203" lon="100.1820477"><ele>1967.2</ele><time>2023-12-22T01:00:17Z</time></trkpt>
      <trkpt lat="25.7324239" lon="100.1820285"><ele>1967.2</ele><time>2023-12-22T01:00:18Z</time></trkpt>
      <trkpt lat="25.7324282" lon="100.1820094"><ele>1967.2</ele><time>2023-12-22T01:00:19Z</time></trkpt>
      <trkpt lat="25.7324328" lon="100.1819903"><ele>1967.3</ele><time>2023-12-22T01:00:20Z</time></trkpt>
      <trkpt lat="25.7324378" lon="100.1819714"><ele>1967.4</ele><time>2023-12-22T01:00:21Z</time></trkpt>
      <trkpt lat="25.7324430" lon="100.1819528"><ele>1967.4</ele><time>2023-12-22T01:00:22Z</time></trkpt>
      <trkpt lat="25.7324480" lon="100.1819344"><ele>1967.5</ele><time>2023-12-22T01:00:23Z</time></trkpt>
      <trkpt lat="25.7324527" lon="100.1819165"><ele>1967.6</ele><time>2023-12-22T01:00:24Z</time></trkpt>
      <trkpt lat="25.7324572" lon="100.1818985"><ele>1967.7</ele><time>2023-12-22T01:00:25Z</time></trkpt>
      <trkpt lat="25.7324622" lon="100.1818804"><ele>1967.7</ele><time>2023-12-22T01:00:26Z</time></trkpt>
      <trkpt lat="25.7324683" lon="100.1818624"><ele>1967.7</ele><time>2023-12-22T01:00:27Z</time></trkpt>
      <trkpt lat="25.7324751" lon="100.1818443"><ele>1967.8</ele><time>2023-12-22T01:00:28Z</time></trkpt>
      <trkpt lat="25.7324821" lon="100.1818260"><ele>1967.8</ele><time>2023-12-22T01:00:29Z</time></trkpt>
      <trkpt lat="25.7324891" lon="100.1818076"><ele>1967.9</ele><time>2023-12-22T01:00:30Z</time></trkpt>
      <trkpt lat="25.7324963" lon="100.1817890"><ele>1967.9</ele><time>2023-12-22T01:00:31Z</time></trkpt>
      <trkpt lat="25.7325034" lon="100.1817708"><ele>1967.9</ele><time>2023-12-22T01:00:32Z</time></trkpt>
      <trkpt lat="25.7325099" lon="100.1817528"><ele>1967.9</ele><time>2023-12-22T01:00:33Z</time></trkpt>
      <trkpt lat="25.7325164" lon="100.1817351"><ele>1968.0</ele><time>2023-12-22T01:00:34Z</time></trkpt>
      <trkpt lat="25.7325232" lon="100.1817173"><ele>1968.0</ele><time>2023-12-22T01:00:35Z</time></trkpt>
      <trkpt lat="25.7325298" lon="100.1816995"><ele>1968.1</ele><time>2023-12-22T01:00:36Z</time></trkpt>
      <trkpt lat="25.7325366" lon="100.1816815"><ele>1968.1</ele><time>2023-12-22T01:00:37Z</time></trkpt>
      <trkpt lat="25.7325438" lon="100.1816637"><ele>1968.2</ele><time>2023-12-22T01:00:38Z</time></trkpt>
      <trkpt lat="25.7325512" lon="100.1816459"><ele>1968.2</ele><time>2023-12-22T01:00:39Z</time></trkpt>
      <trkpt lat="25.7325583" lon="100.1816278"><ele>1968.3</ele><time>2023-12-22T01:00:40Z</time></trkpt>
      <trkpt lat="25.7325652" lon="100.1816093"><ele>1968.3</ele><time>2023-12-22T01:00:41Z</time></trkpt>
      <trkpt lat="25.7325722" lon="100.1815905"><ele>1968.3</ele><time>2023-12-22T01:00:42Z</time></trkpt>
      <trkpt lat="25.7325784" lon="100.1815712"><ele>1968.4</ele><time>2023-12-22T01:00:43Z</time></trkpt>
      <trkpt lat="25.7325840" lon="100.1815516"><ele>1968.4</ele><time>2023-12-22T01:00:44Z</time></trkpt>
      <trkpt lat="25.7325896" lon="100.1815319"><ele>1968.4</ele><time>2023-12-22T01:00:45Z</time></trkpt>
      <trkpt lat="25.7325954" lon="100.1815122"><ele>1968.4</ele><time>2023-12-22T01:00:46Z</time></trkpt>
      <trkpt lat="25.7326010" lon="100.1814927"><ele>1968.4</ele><time>2023-12-22T01:00:47Z</time></trkpt>
      <trkpt lat="25.7326074" lon="100.1814735"><ele>1968.4</ele><time>2023-12-22T01:00:48Z</time></trkpt>
      <trkpt lat="25.7326152" lon="100.1814550"><ele>1968.4</ele><time>2023-12-22T01:00:49Z</time></trkpt>
      <trkpt lat="25.7326232" lon="100.1814367"><ele>1968.4</ele><time>2023-12-22T01:00:50Z</time></trkpt>
      <trkpt lat="25.7326305" lon="100.1814183"><ele>1968.3</ele><time>2023-12-22T01:00:51Z</time></trkpt>
      <trkpt lat="25.7326370" lon="100.1814004"><ele>1968.3</ele><time>2023-12-22T01:00:52Z</time></trkpt>
      <trkpt lat="25.7326431" lon="100.1813825"><ele>1968.3</ele><time>2023-12-22T01:00:53Z</time></trkpt>
      <trkpt lat="25.7326497" lon="100.1813644"><ele>1968.3</ele><time>2023-12-22T01:00:54Z</time></trkpt>
      <trkpt lat="25.7326565" lon="100.1813461"><ele>1968.4</ele><time>2023-12-22T01:00:55Z</time></trkpt>
      <trkpt lat="25.7326627" lon="100.1813274"><ele>1968.4</ele><time>2023-12-22T01:00:56Z</time></trkpt>
      <trkpt lat="25.7326685" lon="100.1813083"><ele>1968.4</ele><time>2023-12-22T01:00:57Z</time></trkpt>
      <trkpt lat="25.7326736" lon="100.1812890"><ele>1968.4</ele><time>2023-12-22T01:00:58Z</time></trkpt>
      <trkpt lat="25.7326786" lon="100.1812694"><ele>1968.4</ele><time>2023-12-22T01:00:59Z</time></trkpt>
      <trkpt lat="25.7326834" lon="100.1812499"><ele>1968.4</ele><time>2023-12-22T01:01:00Z</time></trkpt>
      <trkpt lat="25.7326882" lon="100.1812305"><ele>1968.4</ele><time>2023-12-22T01:01:01Z</time></trkpt>
      <trkpt lat="25.7326929" lon="100.1812116"><ele>1968.4</ele><time>2023-12-22T01:01:02Z</time></trkpt>
      <trkpt lat="25.7326974" lon="100.1811928"><ele>1968.3</ele><time>2023-12-22T01:01:03Z</time></trkpt>
      <trkpt lat="25.7327023" lon="100.1811741"><ele>1968.3</ele><time>2023-12-22T01:01:04Z</time></trkpt>
      <trkpt lat="25.7327076" lon="100.1811551"><ele>1968.3</ele><time>2023-12-22T01:01:05Z</time></trkpt>
      <trkpt lat="25.7327130" lon="100.1811359"><ele>1968.3</ele><time>2023-12-22T01:01:06Z</time></trkpt>
      <trkpt lat="25.7327185" lon="100.1811170"><ele>1968.3</ele><time>2023-12-22T01:01:07Z</time></trkpt>
      <trkpt lat="25.7327239" lon="100.1810981"><ele>1968.3</ele><time>2023-12-22T01:01:08Z</time></trkpt>
      <trkpt lat="25.7327299" lon="100.1810793"><ele>1968.4</ele><time>2023-12-22T01:01:09Z</time></trkpt>
      <trkpt lat="25.7327362" lon="100.1810604"><ele>1968.4</ele><time>2023-12-22T01:01:10Z</time></trkpt>
      <trkpt lat="25.7327424" lon="100.1810412"><ele>1968.5</ele><time>2023-12-22T01:01:11Z</time></trkpt>
      <trkpt lat="25.7327481" lon="100.1810219"><ele>1968.6</ele><time>2023-12-22T01:01:12Z</time></trkpt>
      <trkpt lat="25.7327530" lon="100.1810025"><ele>1968.8</ele><time>2023-12-22T01:01:13Z</time></trkpt>
      <trkpt lat="25.7327574" lon="100.1809832"><ele>1968.9</ele><time>2023-12-22T01:01:14Z</time></trkpt>
      <trkpt lat="25.7327616" lon="100.1809637"><ele>1969.0</ele><time>2023-12-22T01:01:15Z</time></trkpt>
      <trkpt lat="25.7327654" lon="100.1809440"><ele>1969.2</ele><time>2023-12-22T01:01:16Z</time></trkpt>
      <trkpt lat="25.7327686" lon="100.1809241"><ele>1969.3</ele><time>2023-12-22T01:01:17Z</time></trkpt>
      <trkpt lat="25.7327710" lon="100.1809039"><ele>1969.5</ele><time>2023-12-22T01:01:18Z</time></trkpt>
      <trkpt lat="25.7327734" lon="100.1808835"><ele>1969.6</ele><time>2023-12-22T01:01:19Z</time></trkpt>
      <trkpt lat="25.7327761" lon="100.1808634"><ele>1969.8</ele><time>2023-12-22T01:01:20Z</time></trkpt>
      <trkpt lat="25.7327793" lon="100.1808433"><ele>1969.9</ele><time>2023-12-22T01:01:21Z</time></trkpt>
      <trkpt lat="25.7327821" lon="100.1808232"><ele>1970.0</ele><time>2023-12-22T01:01:22Z</time></trkpt>
      <trkpt lat="25.7327843" lon="100.1808028"><ele>1970.1</ele><time>2023-12-22T01:01:23Z</time></trkpt>
      <trkpt lat="25.7327865" lon="100.1807825"><ele>1970.1</ele><time>2023-12-22T01:01:24Z</time></trkpt>
      <trkpt lat="25.7327879" lon="100.1807623"><ele>1970.1</ele><time>2023-12-22T01:01:25Z</time></trkpt>
      <trkpt lat="25.7327886" lon="100.1807421"><ele>1970.1</ele><time>2023-12-22T01:01:26Z</time></trkpt>
      <trkpt lat="25.7327891" lon="100.1807218"><ele>1970.1</ele><time>2023-12-22T01:01:27Z</time></trkpt>
      <trkpt lat="25.7327898" lon="100.1807013"><ele>1970.0</ele><time>2023-12-22T01:01:28Z</time></trkpt>
      <trkpt lat="25.7327919" lon="100.1806808"><ele>1970.0</ele><time>2023-12-22T01:01:29Z</time></trkpt>
      <trkpt lat="25.7327945" lon="100.1806603"><ele>1970.0</ele><time>2023-12-22T01:01:30Z</time></trkpt>
      <trkpt lat="25.7327968" lon="100.1806398"><ele>1969.9</ele><time>2023-12-22T01:01:31Z</time></trkpt>
      <trkpt lat="25.7327986" lon="100.1806196"><ele>1969.9</ele><time>2023-12-22T01:01:32Z</time></trkpt>
      <trkpt lat="25.7328006" lon="100.1805993"><ele>1969.8</ele><time>2023-12-22T01:01:33Z</time></trkpt>
      <trkpt lat="25.7328027" lon="100.1805789"><ele>1969.8</ele><time>2023-12-22T01:01:34Z</time></trkpt>
      <trkpt lat="25.7328043" lon="100.1805584"><ele>1969.8</ele><time>2023-12-22T01:01:35Z</time></trkpt>
      <trkpt lat="25.7328055" lon="100.1805378"><ele>1969.7</ele><time>2023-12-22T01:01:36Z</time></trkpt>
      <trkpt lat="25.7328068" lon="100.1805175"><ele>1969.7</ele><time>2023-12-22T01:01:37Z</time></trkpt>
      <trkpt lat="25.7328079" lon="100.1804972"><ele>1969.7</ele><time>2023-12-22T01:01:38Z</time></trkpt>
      <trkpt lat="25.7328093" lon="100.1804772"><ele>1969.7</ele><time>2023-12-22T01:01:39Z</time></trkpt>
      <trkpt lat="25.7328112" lon="100.1804574"><ele>1969.7</ele><time>2023-12-22T01:01:40Z</time></trkpt>
      <trkpt lat="25.7328134" lon="100.1804377"><ele>1969.7</ele><time>2023-12-22T01:01:41Z</time></trkpt>
      <trkpt lat="25.7328157" lon="100.1804180"><ele>1969.8</ele><time>2023-12-22T01:01:42Z</time></trkpt>
      <trkpt lat="25.7328182" lon="100.1803981"><ele>1969.8</ele><time>2023-12-22T01:01:43Z</time></trkpt>
      <trkpt lat="25.7328219" lon="100.1803783"><ele>1969.8</ele><time>2023-12-22T01:01:44Z</time></trkpt>
      <trkpt lat="25.7328263" lon="100.1803586"><ele>1969.9</ele><time>2023-12-22T01:01:45Z</time></trkpt>
      <trkpt lat="25.7328300" lon="100.1803389"><ele>1970.0</ele><time>2023-12-22T01:01:46Z</time></trkpt>
      <trkpt lat="25.7328333" lon="100.1803197"><ele>1970.1</ele><time>2023-12-22T01:01:47Z</time></trkpt>
      <trkpt lat="25.7328363" lon="100.1803006"><ele>1970.2</ele><time>2023-12-22T01:01:48Z</time></trkpt>
      <trkpt lat="25.7328392" lon="100.1802814"><ele>1970.3</ele><time>2023-12-22T01:01:49Z</time></trkpt>
      <trkpt lat="25.7328431" lon="100.1802622"><ele>1970.4</ele><time>2023-12-22T01:01:50Z</time></trkpt>
      <trkpt lat="25.7328477" lon="100.1802427"><ele>1970.6</ele><time>2023-12-22T01:01:51Z</time></trkpt>
      <trkpt lat="25.7328521" lon="100.1802230"><ele>1970.7</ele><time>2023-12-22T01:01:52Z</time></trkpt>
      <trkpt lat="25.7328561" lon="100.1802031"><ele>1970.8</ele><time>2023-12-22T01:01:53Z</time></trkpt>
      <trkpt lat="25.7328604" lon="100.1801832"><ele>1971.0</ele><time>2023-12-22T01:01:54Z</time></trkpt>
      <trkpt lat="25.7328651" lon="100.1801628"><ele>1971.1</ele><time>2023-12-22T01:01:55Z</time></trkpt>
      <trkpt lat="25.7328699" lon="100.1801418"><ele>1971.2</ele><time>2023-12-22T01:01:56Z</time></trkpt>
      <trkpt lat="25.7328749" lon="100.1801202"><ele>1971.4</ele><time>2023-12-22T01:01:57Z</time></trkpt>
      <trkpt lat="25.7328806" lon="100.1800986"><ele>1971.4</ele><time>2023-12-22T01:01:58Z</time></trkpt>
      <trkpt lat="25.7328865" lon="100.1800773"><ele>1971.5</ele><time>2023-12-22T01:01:59Z</time></trkpt>
      <trkpt lat="25.7328925" lon="100.1800562"><ele>1971.6</ele><time>2023-12-22T01:02:00Z</time></trkpt>
      <trkpt lat="25.7328992" lon="100.1800350"><ele>1971.6</ele><time>2023-12-22T01:02:01Z</time></trkpt>
      <trkpt lat="25.7329063" lon="100.1800139"><ele>1971.6</ele><time>2023-12-22T01:02:02Z</time></trkpt>
      <trkpt lat="25.7329129" lon="100.1799929"><ele>1971.6</ele><time>2023-12-22T01:02:03Z</time></trkpt>
      <trkpt lat="25.7329186" lon="100.1799717"><ele>1971.5</ele><time>2023-12-22T01:02:04Z</time></trkpt>
      <trkpt lat="25.7329245" lon="100.1799505"><ele>1971.5</ele><time>2023-12-22T01:02:05Z</time></trkpt>
      <trkpt lat="25.7329315" lon="100.1799297"><ele>1971.4</ele><time>2023-12-22T01:02:06Z</time></trkpt>
      <trkpt lat="25.7329393" lon="100.1799097"><ele>1971.4</ele><time>2023-12-22T01:02:07Z</time></trkpt>
      <trkpt lat="25.7329476" lon="100.1798909"><ele>1971.3</ele><time>2023-12-22T01:02:08Z</time></trkpt>
      <trkpt lat="25.7329565" lon="100.1798731"><ele>1971.3</ele><time>2023-12-22T01:02:09Z</time></trkpt>
      <trkpt lat="25.7329663" lon="100.1798553"><ele>1971.3</ele><time>2023-12-22T01:02:10Z</time></trkpt>
      <trkpt lat="25.7329765" lon="100.1798371"><ele>1971.2</ele><time>2023-12-22T01:02:11Z</time></trkpt>
      <trkpt lat="25.7329868" lon="100.1798185"><ele>1971.2</ele><time>2023-12-22T01:02:12Z</time></trkpt>
      <trkpt lat="25.7329969" lon="100.1797997"><ele>1971.2</ele><time>2023-12-22T01:02:13Z</time></trkpt>
      <trkpt lat="25.7330069" lon="100.1797811"><ele>1971.2</ele><time>2023-12-22T01:02:14Z</time></trkpt>
      <trkpt lat="25.7330176" lon="100.1797630"><ele>1971.2</ele><time>2023-12-22T01:02:15Z</time></trkpt>
      <trkpt lat="25.7330297" lon="100.1797461"><ele>1971.2</ele><time>2023-12-22T01:02:16Z</time></trkpt>
      <trkpt lat="25.7330427" lon="100.1797304"><ele>1971.2</ele><time>2023-12-22T01:02:17Z</time></trkpt>
      <trkpt lat="25.7330556" lon="100.1797149"><ele>1971.2</ele><time>2023-12-22T01:02:18Z</time></trkpt>
      <trkpt lat="25.7330675" lon="100.1796980"><ele>1971.2</ele><time>2023-12-22T01:02:19Z</time></trkpt>
      <trkpt lat="25.7330791" lon="100.1796796"><ele>1971.2</ele><time>2023-12-22T01:02:20Z</time></trkpt>
      <trkpt lat="25.7330909" lon="100.1796609"><ele>1971.1</ele><time>2023-12-22T01:02:21Z</time></trkpt>
      <trkpt lat="25.7331021" lon="100.1796425"><ele>1971.1</ele><time>2023-12-22T01:02:22Z</time></trkpt>
      <trkpt lat="25.7331129" lon="100.1796244"><ele>1971.1</ele><time>2023-12-22T01:02:23Z</time></trkpt>
      <trkpt lat="25.7331240" lon="100.1796067"><ele>1971.1</ele><time>2023-12-22T01:02:24Z</time></trkpt>
      <trkpt lat="25.7331352" lon="100.1795892"><ele>1971.1</ele><time>2023-12-22T01:02:25Z</time></trkpt>
      <trkpt lat="25.7331461" lon="100.1795717"><ele>1971.0</ele><time>2023-12-22T01:02:26Z</time></trkpt>
      <trkpt lat="25.7331569" lon="100.1795542"><ele>1971.0</ele><time>2023-12-22T01:02:27Z</time></trkpt>
      <trkpt lat="25.7331674" lon="100.1795366"><ele>1970.9</ele><time>2023-12-22T01:02:28Z</time></trkpt>
      <trkpt lat="25.7331773" lon="100.1795189"><ele>1970.9</ele><time>2023-12-22T01:02:29Z</time></trkpt>
      <trkpt lat="25.7331868" lon="100.1795010"><ele>1970.8</ele><time>2023-12-22T01:02:30Z</time></trkpt>
      <trkpt lat="25.7331960" lon="100.1794832"><ele>1970.8</ele><time>2023-12-22T01:02:31Z</time></trkpt>
      <trkpt lat="25.7332049" lon="100.1794654"><ele>1970.7</ele><time>2023-12-22T01:02:32Z</time></trkpt>
      <trkpt lat="25.7332144" lon="100.1794478"><ele>1970.7</ele><time>2023-12-22T01:02:33Z</time></trkpt>
      <trkpt lat="25.7332243" lon="100.1794307"><ele>1970.6</ele><time>2023-12-22T01:02:34Z</time></trkpt>
      <trkpt lat="25.7332342" lon="100.1794134"><ele>1970.5</ele><time>2023-12-22T01:02:35Z</time></trkpt>
      <trkpt lat="25.7332438" lon="100.1793960"><ele>1970.5</ele><time>2023-12-22T01:02:36Z</time></trkpt>
      <trkpt lat="25.7332529" lon="100.1793784"><ele>1970.4</ele><time>2023-12-22T01:02:37Z</time></trkpt>
      <trkpt lat="25.7332616" lon="100.1793601"><ele>1970.3</ele><time>2023-12-22T01:02:38Z</time></trkpt>
      <trkpt lat="25.7332704" lon="100.1793419"><ele>1970.3</ele><time>2023-12-22T01:02:39Z</time></trkpt>
      <trkpt lat="25.7332799" lon="100.1793240"><ele>1970.2</ele><time>2023-12-22T01:02:40Z</time></trkpt>
      <trkpt lat="25.7332895" lon="100.1793064"><ele>1970.1</ele><time>2023-12-22T01:02:41Z</time></trkpt>
      <trkpt lat="25.7332985" lon="100.1792884"><ele>1970.1</ele><time>2023-12-22T01:02:42Z</time></trkpt>
      <trkpt lat="25.7333072" lon="100.1792704"><ele>1970.0</ele><time>2023-12-22T01:02:43Z</time></trkpt>
      <trkpt lat="25.7333159" lon="100.1792526"><ele>1970.0</ele><time>2023-12-22T01:02:44Z</time></trkpt>
      <trkpt lat="25.7333250" lon="100.1792349"><ele>1969.9</ele><time>2023-12-22T01:02:45Z</time></trkpt>
      <trkpt lat="25.7333337" lon="100.1792170"><ele>1969.9</ele><time>2023-12-22T01:02:46Z</time></trkpt>
      <trkpt lat="25.7333409" lon="100.1791992"><ele>1969.9</ele><time>2023-12-22T01:02:47Z</time></trkpt>
      <trkpt lat="25.7333465" lon="100.1791811"><ele>1969.9</ele><time>2023-12-22T01:02:48Z</time></trkpt>
      <trkpt lat="25.7333516" lon="100.1791630"><ele>1969.9</ele><time>2023-12-22T01:02:49Z</time></trkpt>
      <trkpt lat="25.7333566" lon="100.1791449"><ele>1969.9</ele><time>2023-12-22T01:02:50Z</time></trkpt>
      <trkpt lat="25.7333613" lon="100.1791268"><ele>1969.9</ele><time>2023-12-22T01:02:51Z</time></trkpt>
      <trkpt lat="25.7333646" lon="100.1791087"><ele>1970.0</ele><time>2023-12-22T01:02:52Z</time></trkpt>
      <trkpt lat="25.7333664" lon="100.1790906"><ele>1970.0</ele><time>2023-12-22T01:02:53Z</time></trkpt>
      <trkpt lat="25.7333669" lon="100.1790725"><ele>1970.0</ele><time>2023-12-22T01:02:54Z</time></trkpt>
      <trkpt lat="25.7333666" lon="100.1790543"><ele>1970.0</ele><time>2023-12-22T01:02:55Z</time></trkpt>
      <trkpt lat="25.7333652" lon="100.1790360"><ele>1970.0</ele><time>2023-12-22T01:02:56Z</time></trkpt>
      <trkpt lat="25.7333626" lon="100.1790178"><ele>1970.0</ele><time>2023-12-22T01:02:57Z</time></trkpt>
      <trkpt lat="25.7333594" lon="100.1789994"><ele>1970.1</ele><time>2023-12-22T01:02:58Z</time></trkpt>
      <trkpt lat="25.7333565" lon="100.1789811"><ele>1970.1</ele><time>2023-12-22T01:02:59Z</time></trkpt>
      <trkpt lat="25.7333540" lon="100.1789625"><ele>1970.1</ele><time>2023-12-22T01:03:00Z</time></trkpt>
      <trkpt lat="25.7333524" lon="100.1789431"><ele>1970.1</ele><time>2023-12-22T01:03:01Z</time></trkpt>
      <trkpt lat="25.7333510" lon="100.1789234"><ele>1970.1</ele><time>2023-12-22T01:03:02Z</time></trkpt>
      <trkpt lat="25.7333491" lon="100.1789036"><ele>1970.1</ele><time>2023-12-22T01:03:03Z</time></trkpt>
      <trkpt lat="25.7333473" lon="100.1788840"><ele>1970.1</ele><time>2023-12-22T01:03:04Z</time></trkpt>
      <trkpt lat="25.7333461" lon="100.1788648"><ele>1970.0</ele><time>2023-12-22T01:03:05Z</time></trkpt>
      <trkpt lat="25.7333452" lon="100.1788452"><ele>1970.0</ele><time>2023-12-22T01:03:06Z</time></trkpt>
      <trkpt lat="25.7333443" lon="100.1788251"><ele>1969.9</ele><time>2023-12-22T01:03:07Z</time></trkpt>
      <trkpt lat="25.7333433" lon="100.1788047"><ele>1969.8</ele><time>2023-12-22T01:03:08Z</time></trkpt>
      <trkpt lat="25.7333427" lon="100.1787841"><ele>1969.7</ele><time>2023-12-22T01:03:09Z</time></trkpt>
      <trkpt lat="25.7333422" lon="100.1787636"><ele>1969.6</ele><time>2023-12-22T01:03:10Z</time></trkpt>
      <trkpt lat="25.7333416" lon="100.1787430"><ele>1969.4</ele><time>2023-12-22T01:03:11Z</time></trkpt>
      <trkpt lat="25.7333413" lon="100.1787224"><ele>1969.3</ele><time>2023-12-22T01:03:12Z</time></trkpt>
      <trkpt lat="25.7333418" lon="100.1787015"><ele>1969.1</ele><time>2023-12-22T01:03:13Z</time></trkpt>
      <trkpt lat="25.7333432" lon="100.1786802"><ele>1968.9</ele><time>2023-12-22T01:03:14Z</time></trkpt>
      <trkpt lat="25.7333448" lon="100.1786587"><ele>1968.8</ele><time>2023-12-22T01:03:15Z</time></trkpt>
      <trkpt lat="25.7333464" lon="100.1786371"><ele>1968.7</ele><time>2023-12-22T01:03:16Z</time></trkpt>
      <trkpt lat="25.7333478" lon="100.1786155"><ele>1968.6</ele><time>2023-12-22T01:03:17Z</time></trkpt>
      <trkpt lat="25.7333487" lon="100.1785941"><ele>1968.5</ele><time>2023-12-22T01:03:18Z</time></trkpt>
      <trkpt lat="25.7333499" lon="100.1785728"><ele>1968.4</ele><time>2023-12-22T01:03:19Z</time></trkpt>
      <trkpt lat="25.7333520" lon="100.1785511"><ele>1968.4</ele><time>2023-12-22T01:03:20Z</time></trkpt>
      <trkpt lat="25.7333547" lon="100.1785291"><ele>1968.3</ele><time>2023-12-22T01:03:21Z</time></trkpt>
      <trkpt lat="25.7333577" lon="100.1785067"><ele>1968.4</ele><time>2023-12-22T01:03:22Z</time></trkpt>
      <trkpt lat="25.7333609" lon="100.1784838"><ele>1968.4</ele><time>2023-12-22T01:03:23Z</time></trkpt>
      <trkpt lat="25.7333646" lon="100.1784606"><ele>1968.4</ele><time>2023-12-22T01:03:24Z</time></trkpt>
      <trkpt lat="25.7333686" lon="100.1784376"><ele>1968.4</ele><time>2023-12-22T01:03:25Z</time></trkpt>
      <trkpt lat="25.7333722" lon="100.1784149"><ele>1968.5</ele><time>2023-12-22T01:03:26Z</time></trkpt>
      <trkpt lat="25.7333757" lon="100.1783926"><ele>1968.5</ele><time>2023-12-22T01:03:27Z</time></trkpt>
      <trkpt lat="25.7333791" lon="100.1783709"><ele>1968.6</ele><time>2023-12-22T01:03:28Z</time></trkpt>
      <trkpt lat="25.7333831" lon="100.1783496"><ele>1968.6</ele><time>2023-12-22T01:03:29Z</time></trkpt>
      <trkpt lat="25.7333877" lon="100.1783288"><ele>1968.7</ele><time>2023-12-22T01:03:30Z</time></trkpt>
      <trkpt lat="25.7333917" lon="100.1783082"><ele>1968.7</ele><time>2023-12-22T01:03:31Z</time></trkpt>
      <trkpt lat="25.7333946" lon="100.1782882"><ele>1968.7</ele><time>2023-12-22T01:03:32Z</time></trkpt>
      <trkpt lat="25.7333955" lon="100.1782683"><ele>1968.7</ele><time>2023-12-22T01:03:33Z</time></trkpt>
      <trkpt lat="25.7333945" lon="100.1782486"><ele>1968.7</ele><time>2023-12-22T01:03:34Z</time></trkpt>
      <trkpt lat="25.7333927" lon="100.1782289"><ele>1968.7</ele><time>2023-12-22T01:03:35Z</time></trkpt>
      <trkpt lat="25.7333914" lon="100.1782088"><ele>1968.7</ele><time>2023-12-22T01:03:36Z</time></trkpt>
      <trkpt lat="25.7333907" lon="100.1781883"><ele>1968.7</ele><time>2023-12-22T01:03:37Z</time></trkpt>
      <trkpt lat="25.7333900" lon="100.1781676"><ele>1968.6</ele><time>2023-12-22T01:03:38Z</time></trkpt>
      <trkpt lat="25.7333893" lon="100.1781464"><ele>1968.6</ele><time>2023-12-22T01:03:39Z</time></trkpt>
      <trkpt lat="25.7333883" lon="100.1781249"><ele>1968.6</ele><time>2023-12-22T01:03:40Z</time></trkpt>
      <trkpt lat="25.7333875" lon="100.1781032"><ele>1968.6</ele><time>2023-12-22T01:03:41Z</time></trkpt>
      <trkpt lat="25.7333871" lon="100.1780812"><ele>1968.5</ele><time>2023-12-22T01:03:42Z</time></trkpt>
      <trkpt lat="25.7333866" lon="100.1780591"><ele>1968.5</ele><time>2023-12-22T01:03:43Z</time></trkpt>
      <trkpt lat="25.7333859" lon="100.1780371"><ele>1968.5</ele><time>2023-12-22T01:03:44Z</time></trkpt>
      <trkpt lat="25.7333850" lon="100.1780151"><ele>1968.5</ele><time>2023-12-22T01:03:45Z</time></trkpt>
      <trkpt lat="25.7333845" lon="100.1779932"><ele>1968.5</ele><time>2023-12-22T01:03:46Z</time></trkpt>
      <trkpt lat="25.7333841" lon="100.1779714"><ele>1968.5</ele><time>2023-12-22T01:03:47Z</time></trkpt>
      <trkpt lat="25.7333830" lon="100.1779499"><ele>1968.4</ele><time>2023-12-22T01:03:48Z</time></trkpt>
      <trkpt lat="25.7333817" lon="100.1779288"><ele>1968.4</ele><time>2023-12-22T01:03:49Z</time></trkpt>
      <trkpt lat="25.7333798" lon="100.1779076"><ele>1968.4</ele><time>2023-12-22T01:03:50Z</time></trkpt>
      <trkpt lat="25.7333780" lon="100.1778861"><ele>1968.3</ele><time>2023-12-22T01:03:51Z</time></trkpt>
      <trkpt lat="25.7333766" lon="100.1778646"><ele>1968.3</ele><time>2023-12-22T01:03:52Z</time></trkpt>
      <trkpt lat="25.7333754" lon="100.1778431"><ele>1968.2</ele><time>2023-12-22T01:03:53Z</time></trkpt>
      <trkpt lat="25.7333739" lon="100.1778220"><ele>1968.2</ele><time>2023-12-22T01:03:54Z</time></trkpt>
      <trkpt lat="25.7333718" lon="100.1778013"><ele>1968.2</ele><time>2023-12-22T01:03:55Z</time></trkpt>
      <trkpt lat="25.7333685" lon="100.1777811"><ele>1968.2</ele><time>2023-12-22T01:03:56Z</time></trkpt>
      <trkpt lat="25.7333648" lon="100.1777613"><ele>1968.2</ele><time>2023-12-22T01:03:57Z</time></trkpt>
      <trkpt lat="25.7333615" lon="100.1777408"><ele>1968.2</ele><time>2023-12-22T01:03:58Z</time></trkpt>
      <trkpt lat="25.7333578" lon="100.1777198"><ele>1968.2</ele><time>2023-12-22T01:03:59Z</time></trkpt>
      <trkpt lat="25.7333534" lon="100.1776987"><ele>1968.2</ele><time>2023-12-22T01:04:00Z</time></trkpt>
      <trkpt lat="25.7333483" lon="100.1776781"><ele>1968.3</ele><time>2023-12-22T01:04:01Z</time></trkpt>
      <trkpt lat="25.7333422" lon="100.1776580"><ele>1968.3</ele><time>2023-12-22T01:04:02Z</time></trkpt>
      <trkpt lat="25.7333356" lon="100.1776383"><ele>1968.4</ele><time>2023-12-22T01:04:03Z</time></trkpt>
      <trkpt lat="25.7333281" lon="100.1776191"><ele>1968.5</ele><time>2023-12-22T01:04:04Z</time></trkpt>
      <trkpt lat="25.7333191" lon="100.1776007"><ele>1968.6</ele><time>2023-12-22T01:04:05Z</time></trkpt>
      <trkpt lat="25.7333093" lon="100.1775830"><ele>1968.7</ele><time>2023-12-22T01:04:06Z</time></trkpt>
      <trkpt lat="25.7332993" lon="100.1775654"><ele>1968.8</ele><time>2023-12-22T01:04:07Z</time></trkpt>
      <trkpt lat="25.7332897" lon="100.1775469"><ele>1968.9</ele><time>2023-12-22T01:04:08Z</time></trkpt>
      <trkpt lat="25.7332807" lon="100.1775276"><ele>1969.0</ele><time>2023-12-22T01:04:09Z</time></trkpt>
      <trkpt lat="25.7332715" lon="100.1775083"><ele>1969.2</ele><time>2023-12-22T01:04:10Z</time></trkpt>
      <trkpt lat="25.7332616" lon="100.1774895"><ele>1969.3</ele><time>2023-12-22T01:04:11Z</time></trkpt>
      <trkpt lat="25.7332506" lon="100.1774717"><ele>1969.5</ele><time>2023-12-22T01:04:12Z</time></trkpt>
      <trkpt lat="25.7332389" lon="100.1774547"><ele>1969.7</ele><time>2023-12-22T01:04:13Z</time></trkpt>
      <trkpt lat="25.7332276" lon="100.1774378"><ele>1969.8</ele><time>2023-12-22T01:04:14Z</time></trkpt>
      <trkpt lat="25.7332162" lon="100.1774209"><ele>1970.0</ele><time>2023-12-22T01:04:15Z</time></trkpt>
      <trkpt lat="25.7332039" lon="100.1774044"><ele>1970.2</ele><time>2023-12-22T01:04:16Z</time></trkpt>
      <trkpt lat="25.7331909" lon="100.1773884"><ele>1970.4</ele><time>2023-12-22T01:04:17Z</time></trkpt>
      <trkpt lat="25.7331773" lon="100.1773727"><ele>1970.6</ele><time>2023-12-22T01:04:18Z</time></trkpt>
      <trkpt lat="25.7331635" lon="100.1773575"><ele>1970.7</ele><time>2023-12-22T01:04:19Z</time></trkpt>
      <trkpt lat="25.7331500" lon="100.1773423"><ele>1970.9</ele><time>2023-12-22T01:04:20Z</time></trkpt>
      <trkpt lat="25.7331371" lon="100.1773269"><ele>1971.1</ele><time>2023-12-22T01:04:21Z</time></trkpt>
      <trkpt lat="25.7331248" lon="100.1773112"><ele>1971.2</ele><time>2023-12-22T01:04:22Z</time></trkpt>
      <trkpt lat="25.7331119" lon="100.1772961"><ele>1971.3</ele><time>2023-12-22T01:04:23Z</time></trkpt>
      <trkpt lat="25.7330972" lon="100.1772826"><ele>1971.5</ele><time>2023-12-22T01:04:24Z</time></trkpt>
      <trkpt lat="25.7330822" lon="100.1772690"><ele>1971.5</ele><time>2023-12-22T01:04:25Z</time></trkpt>
      <trkpt lat="25.7330684" lon="100.1772539"><ele>1971.6</ele><time>2023-12-22T01:04:26Z</time></trkpt>
      <trkpt lat="25.7330554" lon="100.1772380"><ele>1971.6</ele><time>2023-12-22T01:04:27Z</time></trkpt>
      <trkpt lat="25.7330419" lon="100.1772224"><ele>1971.7</ele><time>2023-12-22T01:04:28Z</time></trkpt>
      <trkpt lat="25.7330279" lon="100.1772068"><ele>1971.7</ele><time>2023-12-22T01:04:29Z</time></trkpt>
      <trkpt lat="25.7330137" lon="100.1771907"><ele>1971.6</ele><time>2023-12-22T01:04:30Z</time></trkpt>
      <trkpt lat="25.7329992" lon="100.1771747"><ele>1971.6</ele><time>2023-12-22T01:04:31Z</time></trkpt>
      <trkpt lat="25.7329841" lon="100.1771587"><ele>1971.5</ele><time>2023-12-22T01:04:32Z</time></trkpt>
      <trkpt lat="25.7329690" lon="100.1771422"><ele>1971.4</ele><time>2023-12-22T01:04:33Z</time></trkpt>
      <trkpt lat="25.7329550" lon="100.1771249"><ele>1971.3</ele><time>2023-12-22T01:04:34Z</time></trkpt>
      <trkpt lat="25.7329427" lon="100.1771068"><ele>1971.2</ele><time>2023-12-22T01:04:35Z</time></trkpt>
      <trkpt lat="25.7329322" lon="100.1770880"><ele>1971.1</ele><time>2023-12-22T01:04:36Z</time></trkpt>
      <trkpt lat="25.7329226" lon="100.1770686"><ele>1971.0</ele><time>2023-12-22T01:04:37Z</time></trkpt>
      <trkpt lat="25.7329132" lon="100.1770488"><ele>1970.8</ele><time>2023-12-22T01:04:38Z</time></trkpt>
      <trkpt lat="25.7329050" lon="100.1770284"><ele>1970.7</ele><time>2023-12-22T01:04:39Z</time></trkpt>
      <trkpt lat="25.7328987" lon="100.1770073"><ele>1970.5</ele><time>2023-12-22T01:04:40Z</time></trkpt>
      <trkpt lat="25.7328931" lon="100.1769863"><ele>1970.4</ele><time>2023-12-22T01:04:41Z</time></trkpt>
      <trkpt lat="25.7328869" lon="100.1769651"><ele>1970.2</ele><time>2023-12-22T01:04:42Z</time></trkpt>
      <trkpt lat="25.7328799" lon="100.1769437"><ele>1970.1</ele><time>2023-12-22T01:04:43Z</time></trkpt>
      <trkpt lat="25.7328719" lon="100.1769226"><ele>1969.9</ele><time>2023-12-22T01:04:44Z</time></trkpt>
      <trkpt lat="25.7328640" lon="100.1769012"><ele>1969.8</ele><time>2023-12-22T01:04:45Z</time></trkpt>
      <trkpt lat="25.7328563" lon="100.1768799"><ele>1969.6</ele><time>2023-12-22T01:04:46Z</time></trkpt>
      <trkpt lat="25.7328480" lon="100.1768589"><ele>1969.5</ele><time>2023-12-22T01:04:47Z</time></trkpt>
      <trkpt lat="25.7328394" lon="100.1768381"><ele>1969.4</ele><time>2023-12-22T01:04:48Z</time></trkpt>
      <trkpt lat="25.7328313" lon="100.1768174"><ele>1969.2</ele><time>2023-12-22T01:04:49Z</time></trkpt>
      <trkpt lat="25.7328242" lon="100.1767967"><ele>1969.1</ele><time>2023-12-22T01:04:50Z</time></trkpt>
      <trkpt lat="25.7328172" lon="100.1767764"><ele>1969.0</ele><time>2023-12-22T01:04:51Z</time></trkpt>
      <trkpt lat="25.7328097" lon="100.1767560"><ele>1968.9</ele><time>2023-12-22T01:04:53Z</time></trkpt>
      <trkpt lat="25.7328019" lon="100.1767356"><ele>1968.8</ele><time>2023-12-22T01:04:54Z</time></trkpt>
      <trkpt lat="25.7327934" lon="100.1767148"><ele>1968.7</ele><time>2023-12-22T01:04:55Z</time></trkpt>
      <trkpt lat="25.7327848" lon="100.1766942"><ele>1968.7</ele><time>2023-12-22T01:04:56Z</time></trkpt>
      <trkpt lat="25.7327765" lon="100.1766737"><ele>1968.6</ele><time>2023-12-22T01:04:57Z</time></trkpt>
      <trkpt lat="25.7327686" lon="100.1766533"><ele>1968.5</ele><time>2023-12-22T01:04:58Z</time></trkpt>
      <trkpt lat="25.7327611" lon="100.1766328"><ele>1968.5</ele><time>2023-12-22T01:04:59Z</time></trkpt>
      <trkpt lat="25.7327536" lon="100.1766121"><ele>1968.4</ele><time>2023-12-22T01:05:00Z</time></trkpt>
      <trkpt lat="25.7327459" lon="100.1765908"><ele>1968.4</ele><time>2023-12-22T01:05:01Z</time></trkpt>
      <trkpt lat="25.7327385" lon="100.1765687"><ele>1968.3</ele><time>2023-12-22T01:05:02Z</time></trkpt>
      <trkpt lat="25.7327326" lon="100.1765458"><ele>1968.3</ele><time>2023-12-22T01:05:03Z</time></trkpt>
      <trkpt lat="25.7327289" lon="100.1765229"><ele>1968.2</ele><time>2023-12-22T01:05:04Z</time></trkpt>
      <trkpt lat="25.7327263" lon="100.1765009"><ele>1968.2</ele><time>2023-12-22T01:05:05Z</time></trkpt>
      <trkpt lat="25.7327240" lon="100.1764796"><ele>1968.2</ele><time>2023-12-22T01:05:06Z</time></trkpt>
      <trkpt lat="25.7327215" lon="100.1764582"><ele>1968.2</ele><time>2023-12-22T01:05:07Z</time></trkpt>
      <trkpt lat="25.7327186" lon="100.1764366"><ele>1968.2</ele><time>2023-12-22T01:05:08Z</time></trkpt>
      <trkpt lat="25.7327166" lon="100.1764149"><ele>1968.2</ele><time>2023-12-22T01:05:09Z</time></trkpt>
      <trkpt lat="25.7327149" lon="100.1763931"><ele>1968.2</ele><time>2023-12-22T01:05:10Z</time></trkpt>
      <trkpt lat="25.7327122" lon="100.1763712"><ele>1968.1</ele><time>2023-12-22T01:05:11Z</time></trkpt>
      <trkpt lat="25.7327093" lon="100.1763493"><ele>1968.1</ele><time>2023-12-22T01:05:12Z</time></trkpt>
      <trkpt lat="25.7327066" lon="100.1763271"><ele>1968.1</ele><time>2023-12-22T01:05:13Z</time></trkpt>
      <trkpt lat="25.7327043" lon="100.1763049"><ele>1968.1</ele><time>2023-12-22T01:05:14Z</time></trkpt>
      <trkpt lat="25.7327024" lon="100.1762827"><ele>1968.1</ele><time>2023-12-22T01:05:15Z</time></trkpt>
      <trkpt lat="25.7327011" lon="100.1762607"><ele>1968.0</ele><time>2023-12-22T01:05:16Z</time></trkpt>
      <trkpt lat="25.7327004" lon="100.1762393"><ele>1968.0</ele><time>2023-12-22T01:05:17Z</time></trkpt>
      <trkpt lat="25.7326999" lon="100.1762177"><ele>1967.9</ele><time>2023-12-22T01:05:18Z</time></trkpt>
      <trkpt lat="25.7326993" lon="100.1761962"><ele>1967.9</ele><time>2023-12-22T01:05:19Z</time></trkpt>
      <trkpt lat="25.7326982" lon="100.1761744"><ele>1967.9</ele><time>2023-12-22T01:05:20Z</time></trkpt>
      <trkpt lat="25.7326969" lon="100.1761528"><ele>1967.8</ele><time>2023-12-22T01:05:21Z</time></trkpt>
      <trkpt lat="25.7326958" lon="100.1761310"><ele>1967.8</ele><time>2023-12-22T01:05:22Z</time></trkpt>
      <trkpt lat="25.7326954" lon="100.1761092"><ele>1967.7</ele><time>2023-12-22T01:05:23Z</time></trkpt>
      <trkpt lat="25.7326963" lon="100.1760873"><ele>1967.7</ele><time>2023-12-22T01:05:24Z</time></trkpt>
      <trkpt lat="25.7326976" lon="100.1760653"><ele>1967.7</ele><time>2023-12-22T01:05:25Z</time></trkpt>
      <trkpt lat="25.7326985" lon="100.1760433"><ele>1967.6</ele><time>2023-12-22T01:05:26Z</time></trkpt>
      <trkpt lat="25.7326989" lon="100.1760214"><ele>1967.6</ele><time>2023-12-22T01:05:27Z</time></trkpt>
      <trkpt lat="25.7326997" lon="100.1759993"><ele>1967.6</ele><time>2023-12-22T01:05:28Z</time></trkpt>
      <trkpt lat="25.7327012" lon="100.1759770"><ele>1967.6</ele><time>2023-12-22T01:05:29Z</time></trkpt>
      <trkpt lat="25.7327035" lon="100.1759541"><ele>1967.6</ele><time>2023-12-22T01:05:30Z</time></trkpt>
      <trkpt lat="25.7327065" lon="100.1759314"><ele>1967.6</ele><time>2023-12-22T01:05:31Z</time></trkpt>
      <trkpt lat="25.7327102" lon="100.1759092"><ele>1967.6</ele><time>2023-12-22T01:05:32Z</time></trkpt>
      <trkpt lat="25.7327145" lon="100.1758872"><ele>1967.6</ele><time>2023-12-22T01:05:33Z</time></trkpt>
      <trkpt lat="25.7327184" lon="100.1758652"><ele>1967.6</ele><time>2023-12-22T01:05:34Z</time></trkpt>
      <trkpt lat="25.7327217" lon="100.1758427"><ele>1967.6</ele><time>2023-12-22T01:05:35Z</time></trkpt>
      <trkpt lat="25.7327253" lon="100.1758203"><ele>1967.6</ele><time>2023-12-22T01:05:36Z</time></trkpt>
      <trkpt lat="25.7327299" lon="100.1757979"><ele>1967.6</ele><time>2023-12-22T01:05:37Z</time></trkpt>
      <trkpt lat="25.7327351" lon="100.1757755"><ele>1967.5</ele><time>2023-12-22T01:05:38Z</time></trkpt>
      <trkpt lat="25.7327406" lon="100.1757531"><ele>1967.5</ele><time>2023-12-22T01:05:39Z</time></trkpt>
      <trkpt lat="25.7327462" lon="100.1757304"><ele>1967.5</ele><time>2023-12-22T01:05:40Z</time></trkpt>
      <trkpt lat="25.7327518" lon="100.1757080"><ele>1967.5</ele><time>2023-12-22T01:05:41Z</time></trkpt>
      <trkpt lat="25.7327579" lon="100.1756861"><ele>1967.5</ele><time>2023-12-22T01:05:42Z</time></trkpt>
      <trkpt lat="25.7327640" lon="100.1756645"><ele>1967.5</ele><time>2023-12-22T01:05:43Z</time></trkpt>
      <trkpt lat="25.7327700" lon="100.1756433"><ele>1967.4</ele><time>2023-12-22T01:05:44Z</time></trkpt>
      <trkpt lat="25.7327762" lon="100.1756221"><ele>1967.4</ele><time>2023-12-22T01:05:45Z</time></trkpt>
      <trkpt lat="25.7327827" lon="100.1756013"><ele>1967.3</ele><time>2023-12-22T01:05:46Z</time></trkpt>
      <trkpt lat="25.7327898" lon="100.1755807"><ele>1967.3</ele><time>2023-12-22T01:05:47Z</time></trkpt>
      <trkpt lat="25.7327968" lon="100.1755599"><ele>1967.3</ele><time>2023-12-22T01:05:48Z</time></trkpt>
      <trkpt lat="25.7328032" lon="100.1755389"><ele>1967.2</ele><time>2023-12-22T01:05:49Z</time></trkpt>
      <trkpt lat="25.7328103" lon="100.1755180"><ele>1967.2</ele><time>2023-12-22T01:05:50Z</time></trkpt>
      <trkpt lat="25.7328185" lon="100.1754974"><ele>1967.1</ele><time>2023-12-22T01:05:51Z</time></trkpt>
      <trkpt lat="25.7328271" lon="100.1754764"><ele>1967.0</ele><time>2023-12-22T01:05:52Z</time></trkpt>
      <trkpt lat="25.7328359" lon="100.1754553"><ele>1966.9</ele><time>2023-12-22T01:05:53Z</time></trkpt>
      <trkpt lat="25.7328448" lon="100.1754341"><ele>1966.9</ele><time>2023-12-22T01:05:54Z</time></trkpt>
      <trkpt lat="25.7328535" lon="100.1754129"><ele>1966.8</ele><time>2023-12-22T01:05:55Z</time></trkpt>
      <trkpt lat="25.7328625" lon="100.1753926"><ele>1966.7</ele><time>2023-12-22T01:05:56Z</time></trkpt>
      <trkpt lat="25.7328711" lon="100.1753729"><ele>1966.6</ele><time>2023-12-22T01:05:57Z</time></trkpt>
      <trkpt lat="25.7328789" lon="100.1753533"><ele>1966.6</ele><time>2023-12-22T01:05:58Z</time></trkpt>
      <trkpt lat="25.7328875" lon="100.1753340"><ele>1966.5</ele><time>2023-12-22T01:05:59Z</time></trkpt>
      <trkpt lat="25.7328971" lon="100.1753151"><ele>1966.4</ele><time>2023-12-22T01:06:00Z</time></trkpt>
      <trkpt lat="25.7329073" lon="100.1752964"><ele>1966.4</ele><time>2023-12-22T01:06:01Z</time></trkpt>
      <trkpt lat="25.7329178" lon="100.1752779"><ele>1966.4</ele><time>2023-12-22T01:06:02Z</time></trkpt>
      <trkpt lat="25.7329283" lon="100.1752592"><ele>1966.3</ele><time>2023-12-22T01:06:03Z</time></trkpt>
      <trkpt lat="25.7329385" lon="100.1752403"><ele>1966.3</ele><time>2023-12-22T01:06:04Z</time></trkpt>
      <trkpt lat="25.7329488" lon="100.1752212"><ele>1966.3</ele><time>2023-12-22T01:06:05Z</time></trkpt>
      <trkpt lat="25.7329595" lon="100.1752023"><ele>1966.3</ele><time>2023-12-22T01:06:06Z</time></trkpt>
      <trkpt lat="25.7329704" lon="100.1751835"><ele>1966.3</ele><time>2023-12-22T01:06:07Z</time></trkpt>
      <trkpt lat="25.7329816" lon="100.1751650"><ele>1966.3</ele><time>2023-12-22T01:06:08Z</time></trkpt>
      <trkpt lat="25.7329930" lon="100.1751470"><ele>1966.4</ele><time>2023-12-22T01:06:09Z</time></trkpt>
      <trkpt lat="25.7330040" lon="100.1751289"><ele>1966.4</ele><time>2023-12-22T01:06:10Z</time></trkpt>
      <trkpt lat="25.7330148" lon="100.1751105"><ele>1966.5</ele><time>2023-12-22T01:06:11Z</time></trkpt>
      <trkpt lat="25.7330254" lon="100.1750916"><ele>1966.5</ele><time>2023-12-22T01:06:12Z</time></trkpt>
      <trkpt lat="25.7330361" lon="100.1750726"><ele>1966.6</ele><time>2023-12-22T01:06:13Z</time></trkpt>
      <trkpt lat="25.7330472" lon="100.1750537"><ele>1966.6</ele><time>2023-12-22T01:06:14Z</time></trkpt>
      <trkpt lat="25.7330588" lon="100.1750349"><ele>1966.7</ele><time>2023-12-22T01:06:15Z</time></trkpt>
      <trkpt lat="25.7330708" lon="100.1750163"><ele>1966.7</ele><time>2023-12-22T01:06:16Z</time></trkpt>
      <trkpt lat="25.7330836" lon="100.1749978"><ele>1966.8</ele><time>2023-12-22T01:06:17Z</time></trkpt>
      <trkpt lat="25.7330968" lon="100.1749795"><ele>1966.8</ele><time>2023-12-22T01:06:18Z</time></trkpt>
      <trkpt lat="25.7331096" lon="100.1749606"><ele>1966.8</ele><time>2023-12-22T01:06:19Z</time></trkpt>
      <trkpt lat="25.7331221" lon="100.1749409"><ele>1966.9</ele><time>2023-12-22T01:06:20Z</time></trkpt>
      <trkpt lat="25.7331346" lon="100.1749216"><ele>1966.9</ele><time>2023-12-22T01:06:21Z</time></trkpt>
      <trkpt lat="25.7331470" lon="100.1749030"><ele>1966.9</ele><time>2023-12-22T01:06:22Z</time></trkpt>
      <trkpt lat="25.7331596" lon="100.1748853"><ele>1967.0</ele><time>2023-12-22T01:06:23Z</time></trkpt>
      <trkpt lat="25.7331725" lon="100.1748685"><ele>1967.0</ele><time>2023-12-22T01:06:24Z</time></trkpt>
      <trkpt lat="25.7331853" lon="100.1748522"><ele>1967.0</ele><time>2023-12-22T01:06:25Z</time></trkpt>
      <trkpt lat="25.7331975" lon="100.1748355"><ele>1966.9</ele><time>2023-12-22T01:06:26Z</time></trkpt>
      <trkpt lat="25.7332096" lon="100.1748185"><ele>1966.9</ele><time>2023-12-22T01:06:27Z</time></trkpt>
      <trkpt lat="25.7332216" lon="100.1748016"><ele>1966.9</ele><time>2023-12-22T01:06:28Z</time></trkpt>
      <trkpt lat="25.7332340" lon="100.1747855"><ele>1966.9</ele><time>2023-12-22T01:06:29Z</time></trkpt>
      <trkpt lat="25.7332472" lon="100.1747708"><ele>1967.0</ele><time>2023-12-22T01:06:30Z</time></trkpt>
      <trkpt lat="25.7332603" lon="100.1747564"><ele>1967.0</ele><time>2023-12-22T01:06:31Z</time></trkpt>
      <trkpt lat="25.7332735" lon="100.1747414"><ele>1967.0</ele><time>2023-12-22T01:06:32Z</time></trkpt>
      <trkpt lat="25.7332872" lon="100.1747259"><ele>1967.0</ele><time>2023-12-22T01:06:33Z</time></trkpt>
      <trkpt lat="25.7333012" lon="100.1747100"><ele>1967.0</ele><time>2023-12-22T01:06:34Z</time></trkpt>
      <trkpt lat="25.7333153" lon="100.1746933"><ele>1967.0</ele><time>2023-12-22T01:06:35Z</time></trkpt>
      <trkpt lat="25.7333292" lon="100.1746763"><ele>1967.1</ele><time>2023-12-22T01:06:36Z</time></trkpt>
      <trkpt lat="25.7333433" lon="100.1746594"><ele>1967.1</ele><time>2023-12-22T01:06:37Z</time></trkpt>
      <trkpt lat="25.7333573" lon="100.1746427"><ele>1967.1</ele><time>2023-12-22T01:06:38Z</time></trkpt>
      <trkpt lat="25.7333709" lon="100.1746259"><ele>1967.2</ele><time>2023-12-22T01:06:39Z</time></trkpt>
      <trkpt lat="25.7333843" lon="100.1746096"><ele>1967.2</ele><time>2023-12-22T01:06:40Z</time></trkpt>
      <trkpt lat="25.7333979" lon="100.1745939"><ele>1967.2</ele><time>2023-12-22T01:06:41Z</time></trkpt>
      <trkpt lat="25.7334125" lon="100.1745789"><ele>1967.3</ele><time>2023-12-22T01:06:42Z</time></trkpt>
      <trkpt lat="25.7334277" lon="100.1745644"><ele>1967.3</ele><time>2023-12-22T01:06:43Z</time></trkpt>
      <trkpt lat="25.7334427" lon="100.1745499"><ele>1967.3</ele><time>2023-12-22T01:06:44Z</time></trkpt>
      <trkpt lat="25.7334577" lon="100.1745353"><ele>1967.4</ele><time>2023-12-22T01:06:45Z</time></trkpt>
      <trkpt lat="25.7334732" lon="100.1745211"><ele>1967.4</ele><time>2023-12-22T01:06:46Z</time></trkpt>
      <trkpt lat="25.7334893" lon="100.1745074"><ele>1967.4</ele><time>2023-12-22T01:06:47Z</time></trkpt>
      <trkpt lat="25.7335055" lon="100.1744936"><ele>1967.4</ele><time>2023-12-22T01:06:48Z</time></trkpt>
      <trkpt lat="25.7335220" lon="100.1744797"><ele>1967.4</ele><time>2023-12-22T01:06:49Z</time></trkpt>
      <trkpt lat="25.7335388" lon="100.1744661"><ele>1967.4</ele><time>2023-12-22T01:06:50Z</time></trkpt>
      <trkpt lat="25.7335553" lon="100.1744526"><ele>1967.5</ele><time>2023-12-22T01:06:51Z</time></trkpt>
      <trkpt lat="25.7335721" lon="100.1744395"><ele>1967.5</ele><time>2023-12-22T01:06:52Z</time></trkpt>
      <trkpt lat="25.7335892" lon="100.1744276"><ele>1967.5</ele><time>2023-12-22T01:06:53Z</time></trkpt>
      <trkpt lat="25.7336064" lon="100.1744160"><ele>1967.5</ele><time>2023-12-22T01:06:54Z</time></trkpt>
      <trkpt lat="25.7336238" lon="100.1744040"><ele>1967.5</ele><time>2023-12-22T01:06:55Z</time></trkpt>
      <trkpt lat="25.7336416" lon="100.1743918"><ele>1967.5</ele><time>2023-12-22T01:06:56Z</time></trkpt>
      <trkpt lat="25.7336596" lon="100.1743794"><ele>1967.5</ele><time>2023-12-22T01:06:57Z</time></trkpt>
      <trkpt lat="25.7336773" lon="100.1743665"><ele>1967.5</ele><time>2023-12-22T01:06:58Z</time></trkpt>
      <trkpt lat="25.7336953" lon="100.1743534"><ele>1967.5</ele><time>2023-12-22T01:06:59Z</time></trkpt>
      <trkpt lat="25.7337137" lon="100.1743405"><ele>1967.5</ele><time>2023-12-22T01:07:00Z</time></trkpt>
      <trkpt lat="25.7337325" lon="100.1743278"><ele>1967.5</ele><time>2023-12-22T01:07:01Z</time></trkpt>
      <trkpt lat="25.7337516" lon="100.1743154"><ele>1967.5</ele><time>2023-12-22T01:07:02Z</time></trkpt>
      <trkpt lat="25.7337707" lon="100.1743022"><ele>1967.5</ele><time>2023-12-22T01:07:03Z</time></trkpt>
      <trkpt lat="25.7337901" lon="100.1742883"><ele>1967.5</ele><time>2023-12-22T01:07:04Z</time></trkpt>
      <trkpt lat="25.7338096" lon="100.1742743"><ele>1967.5</ele><time>2023-12-22T01:07:05Z</time></trkpt>
      <trkpt lat="25.7338285" lon="100.1742601"><ele>1967.5</ele><time>2023-12-22T01:07:06Z</time></trkpt>
      <trkpt lat="25.7338464" lon="100.1742456"><ele>1967.4</ele><time>2023-12-22T01:07:07Z</time></trkpt>
      <trkpt lat="25.7338639" lon="100.1742314"><ele>1967.4</ele><time>2023-12-22T01:07:08Z</time></trkpt>
      <trkpt lat="25.7338821" lon="100.1742178"><ele>1967.4</ele><time>2023-12-22T01:07:09Z</time></trkpt>
      <trkpt lat="25.7339004" lon="100.1742044"><ele>1967.4</ele><time>2023-12-22T01:07:10Z</time></trkpt>
      <trkpt lat="25.7339188" lon="100.1741910"><ele>1967.4</ele><time>2023-12-22T01:07:11Z</time></trkpt>
      <trkpt lat="25.7339372" lon="100.1741779"><ele>1967.4</ele><time>2023-12-22T01:07:12Z</time></trkpt>
      <trkpt lat="25.7339554" lon="100.1741650"><ele>1967.3</ele><time>2023-12-22T01:07:13Z</time></trkpt>
      <trkpt lat="25.7339733" lon="100.1741514"><ele>1967.3</ele><time>2023-12-22T01:07:14Z</time></trkpt>
      <trkpt lat="25.7339905" lon="100.1741371"><ele>1967.2</ele><time>2023-12-22T01:07:15Z</time></trkpt>
      <trkpt lat="25.7340073" lon="100.1741220"><ele>1967.2</ele><time>2023-12-22T01:07:16Z</time></trkpt>
      <trkpt lat="25.7340240" lon="100.1741067"><ele>1967.2</ele><time>2023-12-22T01:07:17Z</time></trkpt>
      <trkpt lat="25.7340405" lon="100.1740918"><ele>1967.2</ele><time>2023-12-22T01:07:18Z</time></trkpt>
      <trkpt lat="25.7340569" lon="100.1740775"><ele>1967.1</ele><time>2023-12-22T01:07:19Z</time></trkpt>
      <trkpt lat="25.7340731" lon="100.1740645"><ele>1967.1</ele><time>2023-12-22T01:07:20Z</time></trkpt>
      <trkpt lat="25.7340892" lon="100.1740518"><ele>1967.1</ele><time>2023-12-22T01:07:21Z</time></trkpt>
      <trkpt lat="25.7341056" lon="100.1740387"><ele>1967.1</ele><time>2023-12-22T01:07:22Z</time></trkpt>
      <trkpt lat="25.7341225" lon="100.1740251"><ele>1967.1</ele><time>2023-12-22T01:07:23Z</time></trkpt>
      <trkpt lat="25.7341398" lon="100.1740110"><ele>1967.1</ele><time>2023-12-22T01:07:24Z</time></trkpt>
      <trkpt lat="25.7341567" lon="100.1739968"><ele>1967.1</ele><time>2023-12-22T01:07:25Z</time></trkpt>
      <trkpt lat="25.7341729" lon="100.1739817"><ele>1967.1</ele><time>2023-12-22T01:07:26Z</time></trkpt>
      <trkpt lat="25.7341890" lon="100.1739663"><ele>1967.2</ele><time>2023-12-22T01:07:27Z</time></trkpt>
      <trkpt lat="25.7342053" lon="100.1739510"><ele>1967.2</ele><time>2023-12-22T01:07:28Z</time></trkpt>
      <trkpt lat="25.7342217" lon="100.1739357"><ele>1967.3</ele><time>2023-12-22T01:07:29Z</time></trkpt>
      <trkpt lat="25.7342377" lon="100.1739204"><ele>1967.4</ele><time>2023-12-22T01:07:30Z</time></trkpt>
      <trkpt lat="25.7342534" lon="100.1739043"><ele>1967.5</ele><time>2023-12-22T01:07:31Z</time></trkpt>
      <trkpt lat="25.7342694" lon="100.1738879"><ele>1967.6</ele><time>2023-12-22T01:07:32Z</time></trkpt>
      <trkpt lat="25.7342855" lon="100.1738714"><ele>1967.7</ele><time>2023-12-22T01:07:33Z</time></trkpt>
      <trkpt lat="25.7343011" lon="100.1738551"><ele>1967.8</ele><time>2023-12-22T01:07:34Z</time></trkpt>
      <trkpt lat="25.7343158" lon="100.1738388"><ele>1967.9</ele><time>2023-12-22T01:07:35Z</time></trkpt>
      <trkpt lat="25.7343300" lon="100.1738224"><ele>1968.1</ele><time>2023-12-22T01:07:36Z</time></trkpt>
      <trkpt lat="25.7343436" lon="100.1738058"><ele>1968.2</ele><time>2023-12-22T01:07:37Z</time></trkpt>
      <trkpt lat="25.7343566" lon="100.1737887"><ele>1968.3</ele><time>2023-12-22T01:07:38Z</time></trkpt>
      <trkpt lat="25.7343696" lon="100.1737714"><ele>1968.3</ele><time>2023-12-22T01:07:39Z</time></trkpt>
      <trkpt lat="25.7343823" lon="100.1737541"><ele>1968.4</ele><time>2023-12-22T01:07:40Z</time></trkpt>
      <trkpt lat="25.7343946" lon="100.1737370"><ele>1968.5</ele><time>2023-12-22T01:07:41Z</time></trkpt>
      <trkpt lat="25.7344072" lon="100.1737207"><ele>1968.5</ele><time>2023-12-22T01:07:42Z</time></trkpt>
      <trkpt lat="25.7344203" lon="100.1737047"><ele>1968.5</ele><time>2023-12-22T01:07:43Z</time></trkpt>
      <trkpt lat="25.7344343" lon="100.1736884"><ele>1968.5</ele><time>2023-12-22T01:07:44Z</time></trkpt>
      <trkpt lat="25.7344485" lon="100.1736719"><ele>1968.5</ele><time>2023-12-22T01:07:45Z</time></trkpt>
      <trkpt lat="25.7344626" lon="100.1736556"><ele>1968.5</ele><time>2023-12-22T01:07:46Z</time></trkpt>
      <trkpt lat="25.7344765" lon="100.1736394"><ele>1968.5</ele><time>2023-12-22T01:07:47Z</time></trkpt>
      <trkpt lat="25.7344906" lon="100.1736231"><ele>1968.5</ele><time>2023-12-22T01:07:48Z</time></trkpt>
      <trkpt lat="25.7345050" lon="100.1736067"><ele>1968.5</ele><time>2023-12-22T01:07:49Z</time></trkpt>
      <trkpt lat="25.7345199" lon="100.1735907"><ele>1968.5</ele><time>2023-12-22T01:07:50Z</time></trkpt>
      <trkpt lat="25.7345358" lon="100.1735756"><ele>1968.5</ele><time>2023-12-22T01:07:51Z</time></trkpt>
      <trkpt lat="25.7345518" lon="100.1735612"><ele>1968.5</ele><time>2023-12-22T01:07:52Z</time></trkpt>
      <trkpt lat="25.7345669" lon="100.1735464"><ele>1968.5</ele><time>2023-12-22T01:07:53Z</time></trkpt>
      <trkpt lat="25.7345810" lon="100.1735309"><ele>1968.5</ele><time>2023-12-22T01:07:54Z</time></trkpt>
      <trkpt lat="25.7345946" lon="100.1735152"><ele>1968.5</ele><time>2023-12-22T01:07:55Z</time></trkpt>
      <trkpt lat="25.7346077" lon="100.1734992"><ele>1968.5</ele><time>2023-12-22T01:07:56Z</time></trkpt>
      <trkpt lat="25.7346205" lon="100.1734830"><ele>1968.6</ele><time>2023-12-22T01:07:57Z</time></trkpt>
      <trkpt lat="25.7346331" lon="100.1734664"><ele>1968.6</ele><time>2023-12-22T01:07:58Z</time></trkpt>
      <trkpt lat="25.7346460" lon="100.1734492"><ele>1968.7</ele><time>2023-12-22T01:07:59Z</time></trkpt>
      <trkpt lat="25.7346593" lon="100.1734320"><ele>1968.7</ele><time>2023-12-22T01:08:00Z</time></trkpt>
      <trkpt lat="25.7346730" lon="100.1734152"><ele>1968.7</ele><time>2023-12-22T01:08:01Z</time></trkpt>
      <trkpt lat="25.7346865" lon="100.1733981"><ele>1968.7</ele><time>2023-12-22T01:08:02Z</time></trkpt>
      <trkpt lat="25.7346996" lon="100.1733805"><ele>1968.7</ele><time>2023-12-22T01:08:03Z</time></trkpt>
      <trkpt lat="25.7347128" lon="100.1733629"><ele>1968.6</ele><time>2023-12-22T01:08:04Z</time></trkpt>
      <trkpt lat="25.7347258" lon="100.1733454"><ele>1968.6</ele><time>2023-12-22T01:08:05Z</time></trkpt>
      <trkpt lat="25.7347386" lon="100.1733276"><ele>1968.5</ele><time>2023-12-22T01:08:06Z</time></trkpt>
      <trkpt lat="25.7347515" lon="100.1733099"><ele>1968.5</ele><time>2023-12-22T01:08:07Z</time></trkpt>
      <trkpt lat="25.7347641" lon="100.1732923"><ele>1968.4</ele><time>2023-12-22T01:08:08Z</time></trkpt>
      <trkpt lat="25.7347766" lon="100.1732744"><ele>1968.4</ele><time>2023-12-22T01:08:09Z</time></trkpt>
      <trkpt lat="25.7347888" lon="100.1732566"><ele>1968.3</ele><time>2023-12-22T01:08:10Z</time></trkpt>
      <trkpt lat="25.7348011" lon="100.1732389"><ele>1968.2</ele><time>2023-12-22T01:08:11Z</time></trkpt>
      <trkpt lat="25.7348135" lon="100.1732215"><ele>1968.1</ele><time>2023-12-22T01:08:12Z</time></trkpt>
      <trkpt lat="25.7348257" lon="100.1732043"><ele>1968.0</ele><time>2023-12-22T01:08:13Z</time></trkpt>
      <trkpt lat="25.7348378" lon="100.1731872"><ele>1967.9</ele><time>2023-12-22T01:08:14Z</time></trkpt>
      <trkpt lat="25.7348502" lon="100.1731705"><ele>1967.8</ele><time>2023-12-22T01:08:15Z</time></trkpt>
      <trkpt lat="25.7348627" lon="100.1731536"><ele>1967.7</ele><time>2023-12-22T01:08:16Z</time></trkpt>
      <trkpt lat="25.7348745" lon="100.1731358"><ele>1967.6</ele><time>2023-12-22T01:08:17Z</time></trkpt>
      <trkpt lat="25.7348862" lon="100.1731174"><ele>1967.5</ele><time>2023-12-22T01:08:18Z</time></trkpt>
      <trkpt lat="25.7348983" lon="100.1730988"><ele>1967.4</ele><time>2023-12-22T01:08:19Z</time></trkpt>
      <trkpt lat="25.7349102" lon="100.1730801"><ele>1967.3</ele><time>2023-12-22T01:08:20Z</time></trkpt>
      <trkpt lat="25.7349217" lon="100.1730607"><ele>1967.3</ele><time>2023-12-22T01:08:21Z</time></trkpt>
      <trkpt lat="25.7349326" lon="100.1730405"><ele>1967.2</ele><time>2023-12-22T01:08:22Z</time></trkpt>
      <trkpt lat="25.7349425" lon="100.1730193"><ele>1967.1</ele><time>2023-12-22T01:08:23Z</time></trkpt>
      <trkpt lat="25.7349516" lon="100.1729974"><ele>1967.1</ele><time>2023-12-22T01:08:24Z</time></trkpt>
      <trkpt lat="25.7349610" lon="100.1729758"><ele>1967.0</ele><time>2023-12-22T01:08:25Z</time></trkpt>
      <trkpt lat="25.7349711" lon="100.1729546"><ele>1967.0</ele><time>2023-12-22T01:08:26Z</time></trkpt>
      <trkpt lat="25.7349814" lon="100.1729338"><ele>1967.0</ele><time>2023-12-22T01:08:27Z</time></trkpt>
      <trkpt lat="25.7349924" lon="100.1729132"><ele>1967.0</ele><time>2023-12-22T01:08:28Z</time></trkpt>
      <trkpt lat="25.7350032" lon="100.1728926"><ele>1967.0</ele><time>2023-12-22T01:08:29Z</time></trkpt>
      <trkpt lat="25.7350129" lon="100.1728718"><ele>1967.0</ele><time>2023-12-22T01:08:30Z</time></trkpt>
      <trkpt lat="25.7350222" lon="100.1728507"><ele>1967.0</ele><time>2023-12-22T01:08:31Z</time></trkpt>
      <trkpt lat="25.7350317" lon="100.1728298"><ele>1967.0</ele><time>2023-12-22T01:08:32Z</time></trkpt>
      <trkpt lat="25.7350415" lon="100.1728090"><ele>1967.0</ele><time>2023-12-22T01:08:33Z</time></trkpt>
      <trkpt lat="25.7350517" lon="100.1727886"><ele>1967.0</ele><time>2023-12-22T01:08:34Z</time></trkpt>
      <trkpt lat="25.7350616" lon="100.1727684"><ele>1967.0</ele><time>2023-12-22T01:08:35Z</time></trkpt>
      <trkpt lat="25.7350710" lon="100.1727483"><ele>1967.1</ele><time>2023-12-22T01:08:36Z</time></trkpt>
      <trkpt lat="25.7350803" lon="100.1727287"><ele>1967.1</ele><time>2023-12-22T01:08:37Z</time></trkpt>
      <trkpt lat="25.7350895" lon="100.1727093"><ele>1967.1</ele><time>2023-12-22T01:08:38Z</time></trkpt>
      <trkpt lat="25.7350983" lon="100.1726893"><ele>1967.1</ele><time>2023-12-22T01:08:39Z</time></trkpt>
      <trkpt lat="25.7351058" lon="100.1726686"><ele>1967.1</ele><time>2023-12-22T01:08:40Z</time></trkpt>
      <trkpt lat="25.7351122" lon="100.1726478"><ele>1967.1</ele><time>2023-12-22T01:08:41Z</time></trkpt>
      <trkpt lat="25.7351184" lon="100.1726280"><ele>1967.1</ele><time>2023-12-22T01:08:42Z</time></trkpt>
      <trkpt lat="25.7351252" lon="100.1726086"><ele>1967.1</ele><time>2023-12-22T01:08:43Z</time></trkpt>
      <trkpt lat="25.7351322" lon="100.1725891"><ele>1967.1</ele><time>2023-12-22T01:08:44Z</time></trkpt>
      <trkpt lat="25.7351389" lon="100.1725691"><ele>1967.1</ele><time>2023-12-22T01:08:45Z</time></trkpt>
      <trkpt lat="25.7351453" lon="100.1725486"><ele>1967.1</ele><time>2023-12-22T01:08:46Z</time></trkpt>
      <trkpt lat="25.7351512" lon="100.1725280"><ele>1967.1</ele><time>2023-12-22T01:08:47Z</time></trkpt>
      <trkpt lat="25.7351565" lon="100.1725069"><ele>1967.2</ele><time>2023-12-22T01:08:48Z</time></trkpt>
      <trkpt lat="25.7351615" lon="100.1724856"><ele>1967.2</ele><time>2023-12-22T01:08:49Z</time></trkpt>
      <trkpt lat="25.7351666" lon="100.1724644"><ele>1967.2</ele><time>2023-12-22T01:08:50Z</time></trkpt>
      <trkpt lat="25.7351717" lon="100.1724431"><ele>1967.3</ele><time>2023-12-22T01:08:51Z</time></trkpt>
      <trkpt lat="25.7351760" lon="100.1724219"><ele>1967.3</ele><time>2023-12-22T01:08:52Z</time></trkpt>
      <trkpt lat="25.7351803" lon="100.1724009"><ele>1967.3</ele><time>2023-12-22T01:08:53Z</time></trkpt>
      <trkpt lat="25.7351848" lon="100.1723801"><ele>1967.4</ele><time>2023-12-22T01:08:54Z</time></trkpt>
      <trkpt lat="25.7351891" lon="100.1723596"><ele>1967.4</ele><time>2023-12-22T01:08:55Z</time></trkpt>
      <trkpt lat="25.7351929" lon="100.1723391"><ele>1967.4</ele><time>2023-12-22T01:08:56Z</time></trkpt>
      <trkpt lat="25.7351964" lon="100.1723189"><ele>1967.4</ele><time>2023-12-22T01:08:57Z</time></trkpt>
      <trkpt lat="25.7351996" lon="100.1722989"><ele>1967.5</ele><time>2023-12-22T01:08:58Z</time></trkpt>
      <trkpt lat="25.7352034" lon="100.1722787"><ele>1967.5</ele><time>2023-12-22T01:08:59Z</time></trkpt>
      <trkpt lat="25.7352077" lon="100.1722583"><ele>1967.5</ele><time>2023-12-22T01:09:00Z</time></trkpt>
      <trkpt lat="25.7352119" lon="100.1722380"><ele>1967.5</ele><time>2023-12-22T01:09:01Z</time></trkpt>
      <trkpt lat="25.7352154" lon="100.1722180"><ele>1967.5</ele><time>2023-12-22T01:09:02Z</time></trkpt>
      <trkpt lat="25.7352181" lon="100.1721979"><ele>1967.5</ele><time>2023-12-22T01:09:03Z</time></trkpt>
      <trkpt lat="25.7352206" lon="100.1721775"><ele>1967.5</ele><time>2023-12-22T01:09:04Z</time></trkpt>
      <trkpt lat="25.7352230" lon="100.1721564"><ele>1967.5</ele><time>2023-12-22T01:09:05Z</time></trkpt>
      <trkpt lat="25.7352250" lon="100.1721350"><ele>1967.5</ele><time>2023-12-22T01:09:06Z</time></trkpt>
      <trkpt lat="25.7352265" lon="100.1721136"><ele>1967.5</ele><time>2023-12-22T01:09:07Z</time></trkpt>
      <trkpt lat="25.7352279" lon="100.1720919"><ele>1967.4</ele><time>2023-12-22T01:09:08Z</time></trkpt>
      <trkpt lat="25.7352295" lon="100.1720701"><ele>1967.4</ele><time>2023-12-22T01:09:09Z</time></trkpt>
      <trkpt lat="25.7352309" lon="100.1720481"><ele>1967.3</ele><time>2023-12-22T01:09:10Z</time></trkpt>
      <trkpt lat="25.7352325" lon="100.1720259"><ele>1967.3</ele><time>2023-12-22T01:09:11Z</time></trkpt>
      <trkpt lat="25.7352345" lon="100.1720038"><ele>1967.2</ele><time>2023-12-22T01:09:12Z</time></trkpt>
      <trkpt lat="25.7352368" lon="100.1719816"><ele>1967.1</ele><time>2023-12-22T01:09:13Z</time></trkpt>
      <trkpt lat="25.7352391" lon="100.1719594"><ele>1967.1</ele><time>2023-12-22T01:09:14Z</time></trkpt>
      <trkpt lat="25.7352407" lon="100.1719374"><ele>1967.0</ele><time>2023-12-22T01:09:15Z</time></trkpt>
      <trkpt lat="25.7352419" lon="100.1719154"><ele>1966.9</ele><time>2023-12-22T01:09:16Z</time></trkpt>
      <trkpt lat="25.7352435" lon="100.1718936"><ele>1966.9</ele><time>2023-12-22T01:09:17Z</time></trkpt>
      <trkpt lat="25.7352457" lon="100.1718721"><ele>1966.8</ele><time>2023-12-22T01:09:18Z</time></trkpt>
      <trkpt lat="25.7352486" lon="100.1718509"><ele>1966.8</ele><time>2023-12-22T01:09:19Z</time></trkpt>
      <trkpt lat="25.7352514" lon="100.1718299"><ele>1966.8</ele><time>2023-12-22T01:09:20Z</time></trkpt>
      <trkpt lat="25.7352534" lon="100.1718085"><ele>1966.8</ele><time>2023-12-22T01:09:21Z</time></trkpt>
      <trkpt lat="25.7352542" lon="100.1717871"><ele>1966.8</ele><time>2023-12-22T01:09:22Z</time></trkpt>
      <trkpt lat="25.7352543" lon="100.1717656"><ele>1966.8</ele><time>2023-12-22T01:09:23Z</time></trkpt>
      <trkpt lat="25.7352541" lon="100.1717439"><ele>1966.8</ele><time>2023-12-22T01:09:24Z</time></trkpt>
      <trkpt lat="25.7352548" lon="100.1717218"><ele>1966.8</ele><time>2023-12-22T01:09:25Z</time></trkpt>
      <trkpt lat="25.7352565" lon="100.1716994"><ele>1966.9</ele><time>2023-12-22T01:09:26Z</time></trkpt>
      <trkpt lat="25.7352586" lon="100.1716771"><ele>1966.9</ele><time>2023-12-22T01:09:27Z</time></trkpt>
      <trkpt lat="25.7352606" lon="100.1716549"><ele>1967.0</ele><time>2023-12-22T01:09:28Z</time></trkpt>
      <trkpt lat="25.7352623" lon="100.1716323"><ele>1967.1</ele><time>2023-12-22T01:09:29Z</time></trkpt>
      <trkpt lat="25.7352637" lon="100.1716090"><ele>1967.1</ele><time>2023-12-22T01:09:30Z</time></trkpt>
      <trkpt lat="25.7352653" lon="100.1715854"><ele>1967.2</ele><time>2023-12-22T01:09:31Z</time></trkpt>
      <trkpt lat="25.7352667" lon="100.1715617"><ele>1967.2</ele><time>2023-12-22T01:09:32Z</time></trkpt>
      <trkpt lat="25.7352678" lon="100.1715381"><ele>1967.3</ele><time>2023-12-22T01:09:33Z</time></trkpt>
      <trkpt lat="25.7352690" lon="100.1715146"><ele>1967.3</ele><time>2023-12-22T01:09:34Z</time></trkpt>
      <trkpt lat="25.7352705" lon="100.1714911"><ele>1967.4</ele><time>2023-12-22T01:09:35Z</time></trkpt>
      <trkpt lat="25.7352719" lon="100.1714677"><ele>1967.4</ele><time>2023-12-22T01:09:36Z</time></trkpt>
      <trkpt lat="25.7352731" lon="100.1714445"><ele>1967.5</ele><time>2023-12-22T01:09:37Z</time></trkpt>
      <trkpt lat="25.7352748" lon="100.1714217"><ele>1967.5</ele><time>2023-12-22T01:09:38Z</time></trkpt>
      <trkpt lat="25.7352774" lon="100.1713994"><ele>1967.6</ele><time>2023-12-22T01:09:39Z</time></trkpt>
      <trkpt lat="25.7352816" lon="100.1713777"><ele>1967.6</ele><time>2023-12-22T01:09:40Z</time></trkpt>
      <trkpt lat="25.7352870" lon="100.1713564"><ele>1967.7</ele><time>2023-12-22T01:09:41Z</time></trkpt>
      <trkpt lat="25.7352928" lon="100.1713352"><ele>1967.7</ele><time>2023-12-22T01:09:42Z</time></trkpt>
      <trkpt lat="25.7352989" lon="100.1713143"><ele>1967.8</ele><time>2023-12-22T01:09:43Z</time></trkpt>
      <trkpt lat="25.7353056" lon="100.1712939"><ele>1967.8</ele><time>2023-12-22T01:09:44Z</time></trkpt>
      <trkpt lat="25.7353123" lon="100.1712737"><ele>1967.9</ele><time>2023-12-22T01:09:45Z</time></trkpt>
      <trkpt lat="25.7353188" lon="100.1712537"><ele>1967.9</ele><time>2023-12-22T01:09:46Z</time></trkpt>
      <trkpt lat="25.7353253" lon="100.1712337"><ele>1968.0</ele><time>2023-12-22T01:09:47Z</time></trkpt>
      <trkpt lat="25.7353328" lon="100.1712139"><ele>1968.1</ele><time>2023-12-22T01:09:48Z</time></trkpt>
      <trkpt lat="25.7353419" lon="100.1711943"><ele>1968.2</ele><time>2023-12-22T01:09:49Z</time></trkpt>
      <trkpt lat="25.7353533" lon="100.1711755"><ele>1968.3</ele><time>2023-12-22T01:09:50Z</time></trkpt>
      <trkpt lat="25.7353664" lon="100.1711580"><ele>1968.4</ele><time>2023-12-22T01:09:51Z</time></trkpt>
      <trkpt lat="25.7353801" lon="100.1711421"><ele>1968.5</ele><time>2023-12-22T01:09:52Z</time></trkpt>
      <trkpt lat="25.7353939" lon="100.1711274"><ele>1968.6</ele><time>2023-12-22T01:09:53Z</time></trkpt>
      <trkpt lat="25.7354077" lon="100.1711133"><ele>1968.7</ele><time>2023-12-22T01:09:54Z</time></trkpt>
      <trkpt lat="25.7354225" lon="100.1710998"><ele>1968.8</ele><time>2023-12-22T01:09:55Z</time></trkpt>
      <trkpt lat="25.7354383" lon="100.1710871"><ele>1968.9</ele><time>2023-12-22T01:09:56Z</time></trkpt>
      <trkpt lat="25.7354545" lon="100.1710750"><ele>1968.9</ele><time>2023-12-22T01:09:57Z</time></trkpt>
      <trkpt lat="25.7354706" lon="100.1710631"><ele>1969.0</ele><time>2023-12-22T01:09:58Z</time></trkpt>
      <trkpt lat="25.7354867" lon="100.1710513"><ele>1969.0</ele><time>2023-12-22T01:09:59Z</time></trkpt>
      <trkpt lat="25.7355031" lon="100.1710402"><ele>1969.0</ele><time>2023-12-22T01:10:00Z</time></trkpt>
      <trkpt lat="25.7355200" lon="100.1710301"><ele>1969.1</ele><time>2023-12-22T01:10:01Z</time></trkpt>
      <trkpt lat="25.7355376" lon="100.1710215"><ele>1969.1</ele><time>2023-12-22T01:10:02Z</time></trkpt>
      <trkpt lat="25.7355554" lon="100.1710139"><ele>1969.1</ele><time>2023-12-22T01:10:03Z</time></trkpt>
      <trkpt lat="25.7355736" lon="100.1710068"><ele>1969.1</ele><time>2023-12-22T01:10:04Z</time></trkpt>
      <trkpt lat="25.7355923" lon="100.1710008"><ele>1969.1</ele><time>2023-12-22T01:10:05Z</time></trkpt>
      <trkpt lat="25.7356116" lon="100.1709956"><ele>1969.1</ele><time>2023-12-22T01:10:06Z</time></trkpt>
      <trkpt lat="25.7356313" lon="100.1709906"><ele>1969.0</ele><time>2023-12-22T01:10:07Z</time></trkpt>
      <trkpt lat="25.7356512" lon="100.1709872"><ele>1969.0</ele><time>2023-12-22T01:10:08Z</time></trkpt>
      <trkpt lat="25.7356717" lon="100.1709855"><ele>1969.0</ele><time>2023-12-22T01:10:09Z</time></trkpt>
      <trkpt lat="25.7356930" lon="100.1709835"><ele>1968.9</ele><time>2023-12-22T01:10:10Z</time></trkpt>
      <trkpt lat="25.7357147" lon="100.1709802"><ele>1968.9</ele><time>2023-12-22T01:10:11Z</time></trkpt>
      <trkpt lat="25.7357364" lon="100.1709765"><ele>1968.8</ele><time>2023-12-22T01:10:12Z</time></trkpt>
      <trkpt lat="25.7357583" lon="100.1709747"><ele>1968.8</ele><time>2023-12-22T01:10:13Z</time></trkpt>
      <trkpt lat="25.7357803" lon="100.1709762"><ele>1968.8</ele><time>2023-12-22T01:10:14Z</time></trkpt>
      <trkpt lat="25.7358019" lon="100.1709794"><ele>1968.7</ele><time>2023-12-22T01:10:15Z</time></trkpt>
      <trkpt lat="25.7358237" lon="100.1709818"><ele>1968.7</ele><time>2023-12-22T01:10:16Z</time></trkpt>
      <trkpt lat="25.7358455" lon="100.1709829"><ele>1968.6</ele><time>2023-12-22T01:10:17Z</time></trkpt>
      <trkpt lat="25.7358672" lon="100.1709834"><ele>1968.6</ele><time>2023-12-22T01:10:18Z</time></trkpt>
      <trkpt lat="25.7358888" lon="100.1709845"><ele>1968.6</ele><time>2023-12-22T01:10:19Z</time></trkpt>
      <trkpt lat="25.7359104" lon="100.1709867"><ele>1968.6</ele><time>2023-12-22T01:10:20Z</time></trkpt>
      <trkpt lat="25.7359319" lon="100.1709895"><ele>1968.6</ele><time>2023-12-22T01:10:21Z</time></trkpt>
      <trkpt lat="25.7359524" lon="100.1709921"><ele>1968.6</ele><time>2023-12-22T01:10:22Z</time></trkpt>
      <trkpt lat="25.7359726" lon="100.1709934"><ele>1968.6</ele><time>2023-12-22T01:10:23Z</time></trkpt>
      <trkpt lat="25.7359928" lon="100.1709940"><ele>1968.7</ele><time>2023-12-22T01:10:24Z</time></trkpt>
      <trkpt lat="25.7360132" lon="100.1709944"><ele>1968.7</ele><time>2023-12-22T01:10:25Z</time></trkpt>
      <trkpt lat="25.7360338" lon="100.1709943"><ele>1968.7</ele><time>2023-12-22T01:10:26Z</time></trkpt>
      <trkpt lat="25.7360547" lon="100.1709932"><ele>1968.7</ele><time>2023-12-22T01:10:27Z</time></trkpt>
      <trkpt lat="25.7360762" lon="100.1709914"><ele>1968.7</ele><time>2023-12-22T01:10:28Z</time></trkpt>
      <trkpt lat="25.7360985" lon="100.1709896"><ele>1968.7</ele><time>2023-12-22T01:10:29Z</time></trkpt>
      <trkpt lat="25.7361220" lon="100.1709880"><ele>1968.7</ele><time>2023-12-22T01:10:30Z</time></trkpt>
      <trkpt lat="25.7361464" lon="100.1709861"><ele>1968.8</ele><time>2023-12-22T01:10:31Z</time></trkpt>
      <trkpt lat="25.7361697" lon="100.1709843"><ele>1968.8</ele><time>2023-12-22T01:10:32Z</time></trkpt>
      <trkpt lat="25.7361909" lon="100.1709834"><ele>1968.8</ele><time>2023-12-22T01:10:33Z</time></trkpt>
      <trkpt lat="25.7362103" lon="100.1709837"><ele>1968.8</ele><time>2023-12-22T01:10:34Z</time></trkpt>
      <trkpt lat="25.7362294" lon="100.1709856"><ele>1968.8</ele><time>2023-12-22T01:10:35Z</time></trkpt>
      <trkpt lat="25.7362489" lon="100.1709873"><ele>1968.8</ele><time>2023-12-22T01:10:36Z</time></trkpt>
      <trkpt lat="25.7362683" lon="100.1709867"><ele>1968.8</ele><time>2023-12-22T01:10:37Z</time></trkpt>
      <trkpt lat="25.7362875" lon="100.1709846"><ele>1968.8</ele><time>2023-12-22T01:10:38Z</time></trkpt>
      <trkpt lat="25.7363062" lon="100.1709809"><ele>1968.8</ele><time>2023-12-22T01:10:39Z</time></trkpt>
      <trkpt lat="25.7363244" lon="100.1709751"><ele>1968.8</ele><time>2023-12-22T01:10:40Z</time></trkpt>
      <trkpt lat="25.7363424" lon="100.1709685"><ele>1968.8</ele><time>2023-12-22T01:10:41Z</time></trkpt>
      <trkpt lat="25.7363599" lon="100.1709609"><ele>1968.8</ele><time>2023-12-22T01:10:42Z</time></trkpt>
      <trkpt lat="25.7363768" lon="100.1709520"><ele>1968.7</ele><time>2023-12-22T01:10:43Z</time></trkpt>
      <trkpt lat="25.7363932" lon="100.1709429"><ele>1968.7</ele><time>2023-12-22T01:10:44Z</time></trkpt>
      <trkpt lat="25.7364098" lon="100.1709339"><ele>1968.6</ele><time>2023-12-22T01:10:45Z</time></trkpt>
      <trkpt lat="25.7364263" lon="100.1709247"><ele>1968.6</ele><time>2023-12-22T01:10:46Z</time></trkpt>
      <trkpt lat="25.7364424" lon="100.1709153"><ele>1968.5</ele><time>2023-12-22T01:10:47Z</time></trkpt>
      <trkpt lat="25.7364584" lon="100.1709059"><ele>1968.5</ele><time>2023-12-22T01:10:48Z</time></trkpt>
      <trkpt lat="25.7364743" lon="100.1708969"><ele>1968.4</ele><time>2023-12-22T01:10:49Z</time></trkpt>
      <trkpt lat="25.7364903" lon="100.1708879"><ele>1968.3</ele><time>2023-12-22T01:10:50Z</time></trkpt>
      <trkpt lat="25.7365065" lon="100.1708793"><ele>1968.2</ele><time>2023-12-22T01:10:51Z</time></trkpt>
      <trkpt lat="25.7365224" lon="100.1708710"><ele>1968.2</ele><time>2023-12-22T01:10:52Z</time></trkpt>
      <trkpt lat="25.7365386" lon="100.1708621"><ele>1968.1</ele><time>2023-12-22T01:10:53Z</time></trkpt>
      <trkpt lat="25.7365550" lon="100.1708530"><ele>1968.1</ele><time>2023-12-22T01:10:54Z</time></trkpt>
      <trkpt lat="25.7365720" lon="100.1708444"><ele>1968.0</ele><time>2023-12-22T01:10:55Z</time></trkpt>
      <trkpt lat="25.7365901" lon="100.1708367"><ele>1968.0</ele><time>2023-12-22T01:10:56Z</time></trkpt>
      <trkpt lat="25.7366089" lon="100.1708296"><ele>1968.0</ele><time>2023-12-22T01:10:57Z</time></trkpt>
      <trkpt lat="25.7366282" lon="100.1708231"><ele>1968.0</ele><time>2023-12-22T01:10:58Z</time></trkpt>
      <trkpt lat="25.7366480" lon="100.1708180"><ele>1968.0</ele><time>2023-12-22T01:10:59Z</time></trkpt>
      <trkpt lat="25.7366681" lon="100.1708143"><ele>1968.0</ele><time>2023-12-22T01:11:00Z</time></trkpt>
      <trkpt lat="25.7366878" lon="100.1708117"><ele>1968.0</ele><time>2023-12-22T01:11:01Z</time></trkpt>
      <trkpt lat="25.7367067" lon="100.1708103"><ele>1968.0</ele><time>2023-12-22T01:11:02Z</time></trkpt>
      <trkpt lat="25.7367253" lon="100.1708100"><ele>1968.1</ele><time>2023-12-22T01:11:03Z</time></trkpt>
      <trkpt lat="25.7367436" lon="100.1708110"><ele>1968.1</ele><time>2023-12-22T01:11:04Z</time></trkpt>
      <trkpt lat="25.7367617" lon="100.1708141"><ele>1968.2</ele><time>2023-12-22T01:11:05Z</time></trkpt>
      <trkpt lat="25.7367796" lon="100.1708199"><ele>1968.2</ele><time>2023-12-22T01:11:06Z</time></trkpt>
      <trkpt lat="25.7367974" lon="100.1708269"><ele>1968.2</ele><time>2023-12-22T01:11:07Z</time></trkpt>
      <trkpt lat="25.7368154" lon="100.1708341"><ele>1968.3</ele><time>2023-12-22T01:11:08Z</time></trkpt>
      <trkpt lat="25.7368335" lon="100.1708414"><ele>1968.3</ele><time>2023-12-22T01:11:09Z</time></trkpt>
      <trkpt lat="25.7368516" lon="100.1708490"><ele>1968.3</ele><time>2023-12-22T01:11:10Z</time></trkpt>
      <trkpt lat="25.7368698" lon="100.1708565"><ele>1968.4</ele><time>2023-12-22T01:11:11Z</time></trkpt>
      <trkpt lat="25.7368880" lon="100.1708635"><ele>1968.4</ele><time>2023-12-22T01:11:12Z</time></trkpt>
      <trkpt lat="25.7369063" lon="100.1708696"><ele>1968.5</ele><time>2023-12-22T01:11:13Z</time></trkpt>
      <trkpt lat="25.7369243" lon="100.1708749"><ele>1968.5</ele><time>2023-12-22T01:11:14Z</time></trkpt>
      <trkpt lat="25.7369423" lon="100.1708802"><ele>1968.6</ele><time>2023-12-22T01:11:15Z</time></trkpt>
      <trkpt lat="25.7369604" lon="100.1708861"><ele>1968.6</ele><time>2023-12-22T01:11:16Z</time></trkpt>
      <trkpt lat="25.7369785" lon="100.1708918"><ele>1968.7</ele><time>2023-12-22T01:11:17Z</time></trkpt>
      <trkpt lat="25.7369970" lon="100.1708970"><ele>1968.8</ele><time>2023-12-22T01:11:18Z</time></trkpt>
      <trkpt lat="25.7370160" lon="100.1709016"><ele>1968.9</ele><time>2023-12-22T01:11:19Z</time></trkpt>
      <trkpt lat="25.7370355" lon="100.1709053"><ele>1969.0</ele><time>2023-12-22T01:11:20Z</time></trkpt>
      <trkpt lat="25.7370555" lon="100.1709079"><ele>1969.1</ele><time>2023-12-22T01:11:21Z</time></trkpt>
      <trkpt lat="25.7370757" lon="100.1709095"><ele>1969.2</ele><time>2023-12-22T01:11:22Z</time></trkpt>
      <trkpt lat="25.7370961" lon="100.1709104"><ele>1969.4</ele><time>2023-12-22T01:11:23Z</time></trkpt>
      <trkpt lat="25.7371164" lon="100.1709104"><ele>1969.5</ele><time>2023-12-22T01:11:24Z</time></trkpt>
      <trkpt lat="25.7371365" lon="100.1709099"><ele>1969.6</ele><time>2023-12-22T01:11:25Z</time></trkpt>
      <trkpt lat="25.7371563" lon="100.1709091"><ele>1969.7</ele><time>2023-12-22T01:11:26Z</time></trkpt>
      <trkpt lat="25.7371758" lon="100.1709071"><ele>1969.9</ele><time>2023-12-22T01:11:27Z</time></trkpt>
      <trkpt lat="25.7371956" lon="100.1709040"><ele>1970.0</ele><time>2023-12-22T01:11:28Z</time></trkpt>
      <trkpt lat="25.7372156" lon="100.1709004"><ele>1970.1</ele><time>2023-12-22T01:11:29Z</time></trkpt>
      <trkpt lat="25.7372357" lon="100.1708962"><ele>1970.2</ele><time>2023-12-22T01:11:30Z</time></trkpt>
      <trkpt lat="25.7372556" lon="100.1708922"><ele>1970.3</ele><time>2023-12-22T01:11:31Z</time></trkpt>
      <trkpt lat="25.7372751" lon="100.1708896"><ele>1970.4</ele><time>2023-12-22T01:11:32Z</time></trkpt>
      <trkpt lat="25.7372943" lon="100.1708886"><ele>1970.5</ele><time>2023-12-22T01:11:33Z</time></trkpt>
      <trkpt lat="25.7373135" lon="100.1708881"><ele>1970.5</ele><time>2023-12-22T01:11:34Z</time></trkpt>
      <trkpt lat="25.7373328" lon="100.1708879"><ele>1970.5</ele><time>2023-12-22T01:11:35Z</time></trkpt>
      <trkpt lat="25.7373521" lon="100.1708886"><ele>1970.6</ele><time>2023-12-22T01:11:36Z</time></trkpt>
      <trkpt lat="25.7373714" lon="100.1708893"><ele>1970.6</ele><time>2023-12-22T01:11:37Z</time></trkpt>
      <trkpt lat="25.7373913" lon="100.1708889"><ele>1970.6</ele><time>2023-12-22T01:11:38Z</time></trkpt>
      <trkpt lat="25.7374114" lon="100.1708882"><ele>1970.6</ele><time>2023-12-22T01:11:39Z</time></trkpt>
      <trkpt lat="25.7374315" lon="100.1708876"><ele>1970.6</ele><time>2023-12-22T01:11:40Z</time></trkpt>
      <trkpt lat="25.7374515" lon="100.1708875"><ele>1970.5</ele><time>2023-12-22T01:11:41Z</time></trkpt>
      <trkpt lat="25.7374709" lon="100.1708873"><ele>1970.5</ele><time>2023-12-22T01:11:42Z</time></trkpt>
      <trkpt lat="25.7374901" lon="100.1708844"><ele>1970.5</ele><time>2023-12-22T01:11:43Z</time></trkpt>
      <trkpt lat="25.7375093" lon="100.1708801"><ele>1970.4</ele><time>2023-12-22T01:11:44Z</time></trkpt>
      <trkpt lat="25.7375286" lon="100.1708764"><ele>1970.4</ele><time>2023-12-22T01:11:45Z</time></trkpt>
      <trkpt lat="25.7375476" lon="100.1708731"><ele>1970.3</ele><time>2023-12-22T01:11:46Z</time></trkpt>
      <trkpt lat="25.7375663" lon="100.1708695"><ele>1970.3</ele><time>2023-12-22T01:11:47Z</time></trkpt>
      <trkpt lat="25.7375852" lon="100.1708665"><ele>1970.2</ele><time>2023-12-22T01:11:48Z</time></trkpt>
      <trkpt lat="25.7376041" lon="100.1708648"><ele>1970.2</ele><time>2023-12-22T01:11:49Z</time></trkpt>
      <trkpt lat="25.7376227" lon="100.1708630"><ele>1970.2</ele><time>2023-12-22T01:11:50Z</time></trkpt>
      <trkpt lat="25.7376412" lon="100.1708605"><ele>1970.1</ele><time>2023-12-22T01:11:51Z</time></trkpt>
      <trkpt lat="25.7376598" lon="100.1708583"><ele>1970.1</ele><time>2023-12-22T01:11:52Z</time></trkpt>
      <trkpt lat="25.7376787" lon="100.1708560"><ele>1970.0</ele><time>2023-12-22T01:11:53Z</time></trkpt>
      <trkpt lat="25.7376974" lon="100.1708541"><ele>1970.0</ele><time>2023-12-22T01:11:54Z</time></trkpt>
      <trkpt lat="25.7377158" lon="100.1708527"><ele>1969.9</ele><time>2023-12-22T01:11:55Z</time></trkpt>
      <trkpt lat="25.7377337" lon="100.1708516"><ele>1969.9</ele><time>2023-12-22T01:11:56Z</time></trkpt>
      <trkpt lat="25.7377510" lon="100.1708502"><ele>1969.8</ele><time>2023-12-22T01:11:57Z</time></trkpt>
      <trkpt lat="25.7377682" lon="100.1708479"><ele>1969.7</ele><time>2023-12-22T01:11:58Z</time></trkpt>
      <trkpt lat="25.7377856" lon="100.1708447"><ele>1969.7</ele><time>2023-12-22T01:11:59Z</time></trkpt>
      <trkpt lat="25.7378032" lon="100.1708412"><ele>1969.6</ele><time>2023-12-22T01:12:00Z</time></trkpt>
      <trkpt lat="25.7378205" lon="100.1708373"><ele>1969.5</ele><time>2023-12-22T01:12:01Z</time></trkpt>
      <trkpt lat="25.7378373" lon="100.1708330"><ele>1969.5</ele><time>2023-12-22T01:12:02Z</time></trkpt>
      <trkpt lat="25.7378542" lon="100.1708266"><ele>1969.4</ele><time>2023-12-22T01:12:03Z</time></trkpt>
      <trkpt lat="25.7378717" lon="100.1708167"><ele>1969.3</ele><time>2023-12-22T01:12:04Z</time></trkpt>
      <trkpt lat="25.7378892" lon="100.1708042"><ele>1969.2</ele><time>2023-12-22T01:12:05Z</time></trkpt>
      <trkpt lat="25.7379060" lon="100.1707905"><ele>1969.2</ele><time>2023-12-22T01:12:06Z</time></trkpt>
      <trkpt lat="25.7379217" lon="100.1707766"><ele>1969.1</ele><time>2023-12-22T01:12:07Z</time></trkpt>
      <trkpt lat="25.7379364" lon="100.1707627"><ele>1969.1</ele><time>2023-12-22T01:12:08Z</time></trkpt>
      <trkpt lat="25.7379502" lon="100.1707485"><ele>1969.1</ele><time>2023-12-22T01:12:09Z</time></trkpt>
      <trkpt lat="25.7379634" lon="100.1707336"><ele>1969.0</ele><time>2023-12-22T01:12:10Z</time></trkpt>
      <trkpt lat="25.7379760" lon="100.1707184"><ele>1969.0</ele><time>2023-12-22T01:12:11Z</time></trkpt>
      <trkpt lat="25.7379868" lon="100.1707024"><ele>1969.0</ele><time>2023-12-22T01:12:12Z</time></trkpt>
      <trkpt lat="25.7379957" lon="100.1706848"><ele>1969.0</ele><time>2023-12-22T01:12:13Z</time></trkpt>
      <trkpt lat="25.7380030" lon="100.1706659"><ele>1968.9</ele><time>2023-12-22T01:12:14Z</time></trkpt>
      <trkpt lat="25.7380093" lon="100.1706460"><ele>1968.9</ele><time>2023-12-22T01:12:15Z</time></trkpt>
      <trkpt lat="25.7380148" lon="100.1706252"><ele>1968.8</ele><time>2023-12-22T01:12:16Z</time></trkpt>
      <trkpt lat="25.7380204" lon="100.1706039"><ele>1968.8</ele><time>2023-12-22T01:12:17Z</time></trkpt>
      <trkpt lat="25.7380264" lon="100.1705829"><ele>1968.8</ele><time>2023-12-22T01:12:18Z</time></trkpt>
      <trkpt lat="25.7380316" lon="100.1705622"><ele>1968.7</ele><time>2023-12-22T01:12:19Z</time></trkpt>
      <trkpt lat="25.7380356" lon="100.1705412"><ele>1968.7</ele><time>2023-12-22T01:12:20Z</time></trkpt>
      <trkpt lat="25.7380402" lon="100.1705190"><ele>1968.7</ele><time>2023-12-22T01:12:21Z</time></trkpt>
      <trkpt lat="25.7380471" lon="100.1704955"><ele>1968.6</ele><time>2023-12-22T01:12:22Z</time></trkpt>
      <trkpt lat="25.7380564" lon="100.1704718"><ele>1968.5</ele><time>2023-12-22T01:12:23Z</time></trkpt>
      <trkpt lat="25.7380675" lon="100.1704501"><ele>1968.5</ele><time>2023-12-22T01:12:24Z</time></trkpt>
      <trkpt lat="25.7380793" lon="100.1704307"><ele>1968.4</ele><time>2023-12-22T01:12:25Z</time></trkpt>
      <trkpt lat="25.7380900" lon="100.1704122"><ele>1968.3</ele><time>2023-12-22T01:12:26Z</time></trkpt>
      <trkpt lat="25.7380992" lon="100.1703929"><ele>1968.3</ele><time>2023-12-22T01:12:27Z</time></trkpt>
      <trkpt lat="25.7381075" lon="100.1703734"><ele>1968.2</ele><time>2023-12-22T01:12:28Z</time></trkpt>
      <trkpt lat="25.7381159" lon="100.1703542"><ele>1968.2</ele><time>2023-12-22T01:12:29Z</time></trkpt>
      <trkpt lat="25.7381237" lon="100.1703357"><ele>1968.2</ele><time>2023-12-22T01:12:30Z</time></trkpt>
      <trkpt lat="25.7381299" lon="100.1703185"><ele>1968.2</ele><time>2023-12-22T01:12:31Z</time></trkpt>
      <trkpt lat="25.7381339" lon="100.1703030"><ele>1968.2</ele><time>2023-12-22T01:12:32Z</time></trkpt>
      <trkpt lat="25.7381358" lon="100.1702893"><ele>1968.2</ele><time>2023-12-22T01:12:33Z</time></trkpt>
      <trkpt lat="25.7381361" lon="100.1702775"><ele>1968.3</ele><time>2023-12-22T01:12:34Z</time></trkpt>
      <trkpt lat="25.7381355" lon="100.1702675"><ele>1968.3</ele><time>2023-12-22T01:12:35Z</time></trkpt>
      <trkpt lat="25.7381341" lon="100.1702595"><ele>1968.4</ele><time>2023-12-22T01:12:36Z</time></trkpt>
      <trkpt lat="25.7381324" lon="100.1702518"><ele>1968.5</ele><time>2023-12-22T01:12:37Z</time></trkpt>
      <trkpt lat="25.7381322" lon="100.1702415"><ele>1968.5</ele><time>2023-12-22T01:12:38Z</time></trkpt>
      <trkpt lat="25.7381351" lon="100.1702277"><ele>1968.6</ele><time>2023-12-22T01:12:39Z</time></trkpt>
      <trkpt lat="25.7381414" lon="100.1702113"><ele>1968.7</ele><time>2023-12-22T01:12:40Z</time></trkpt>
      <trkpt lat="25.7381493" lon="100.1701946"><ele>1968.7</ele><time>2023-12-22T01:12:41Z</time></trkpt>
      <trkpt lat="25.7381567" lon="100.1701785"><ele>1968.8</ele><time>2023-12-22T01:12:42Z</time></trkpt>
      <trkpt lat="25.7381628" lon="100.1701622"><ele>1968.8</ele><time>2023-12-22T01:12:43Z</time></trkpt>
      <trkpt lat="25.7381669" lon="100.1701452"><ele>1968.8</ele><time>2023-12-22T01:12:44Z</time></trkpt>
      <trkpt lat="25.7381696" lon="100.1701282"><ele>1968.8</ele><time>2023-12-22T01:12:45Z</time></trkpt>
      <trkpt lat="25.7381713" lon="100.1701113"><ele>1968.8</ele><time>2023-12-22T01:12:46Z</time></trkpt>
      <trkpt lat="25.7381719" lon="100.1700940"><ele>1968.9</ele><time>2023-12-22T01:12:47Z</time></trkpt>
      <trkpt lat="25.7381721" lon="100.1700760"><ele>1968.9</ele><time>2023-12-22T01:12:48Z</time></trkpt>
      <trkpt lat="25.7381719" lon="100.1700575"><ele>1968.9</ele><time>2023-12-22T01:12:49Z</time></trkpt>
      <trkpt lat="25.7381712" lon="100.1700388"><ele>1968.9</ele><time>2023-12-22T01:12:50Z</time></trkpt>
      <trkpt lat="25.7381707" lon="100.1700199"><ele>1968.9</ele><time>2023-12-22T01:12:51Z</time></trkpt>
      <trkpt lat="25.7381710" lon="100.1700010"><ele>1968.9</ele><time>2023-12-22T01:12:52Z</time></trkpt>
      <trkpt lat="25.7381725" lon="100.1699823"><ele>1969.0</ele><time>2023-12-22T01:12:53Z</time></trkpt>
      <trkpt lat="25.7381753" lon="100.1699641"><ele>1969.0</ele><time>2023-12-22T01:12:54Z</time></trkpt>
      <trkpt lat="25.7381783" lon="100.1699463"><ele>1969.0</ele><time>2023-12-22T01:12:55Z</time></trkpt>
      <trkpt lat="25.7381809" lon="100.1699290"><ele>1969.1</ele><time>2023-12-22T01:12:56Z</time></trkpt>
      <trkpt lat="25.7381832" lon="100.1699115"><ele>1969.2</ele><time>2023-12-22T01:12:57Z</time></trkpt>
      <trkpt lat="25.7381855" lon="100.1698934"><ele>1969.3</ele><time>2023-12-22T01:12:58Z</time></trkpt>
      <trkpt lat="25.7381879" lon="100.1698739"><ele>1969.4</ele><time>2023-12-22T01:12:59Z</time></trkpt>
      <trkpt lat="25.7381909" lon="100.1698535"><ele>1969.5</ele><time>2023-12-22T01:13:00Z</time></trkpt>
      <trkpt lat="25.7381940" lon="100.1698327"><ele>1969.6</ele><time>2023-12-22T01:13:01Z</time></trkpt>
      <trkpt lat="25.7381964" lon="100.1698118"><ele>1969.7</ele><time>2023-12-22T01:13:02Z</time></trkpt>
      <trkpt lat="25.7381981" lon="100.1697911"><ele>1969.8</ele><time>2023-12-22T01:13:03Z</time></trkpt>
      <trkpt lat="25.7381997" lon="100.1697711"><ele>1969.9</ele><time>2023-12-22T01:13:04Z</time></trkpt>
      <trkpt lat="25.7382015" lon="100.1697515"><ele>1970.0</ele><time>2023-12-22T01:13:05Z</time></trkpt>
      <trkpt lat="25.7382033" lon="100.1697318"><ele>1970.2</ele><time>2023-12-22T01:13:06Z</time></trkpt>
      <trkpt lat="25.7382050" lon="100.1697114"><ele>1970.3</ele><time>2023-12-22T01:13:07Z</time></trkpt>
      <trkpt lat="25.7382072" lon="100.1696907"><ele>1970.4</ele><time>2023-12-22T01:13:08Z</time></trkpt>
      <trkpt lat="25.7382104" lon="100.1696706"><ele>1970.5</ele><time>2023-12-22T01:13:09Z</time></trkpt>
      <trkpt lat="25.7382131" lon="100.1696512"><ele>1970.5</ele><time>2023-12-22T01:13:10Z</time></trkpt>
      <trkpt lat="25.7382150" lon="100.1696319"><ele>1970.6</ele><time>2023-12-22T01:13:11Z</time></trkpt>
      <trkpt lat="25.7382168" lon="100.1696127"><ele>1970.6</ele><time>2023-12-22T01:13:12Z</time></trkpt>
      <trkpt lat="25.7382185" lon="100.1695936"><ele>1970.7</ele><time>2023-12-22T01:13:13Z</time></trkpt>
      <trkpt lat="25.7382207" lon="100.1695742"><ele>1970.7</ele><time>2023-12-22T01:13:14Z</time></trkpt>
      <trkpt lat="25.7382238" lon="100.1695550"><ele>1970.7</ele><time>2023-12-22T01:13:15Z</time></trkpt>
    </trkseg>
  </trk>
  <extensions>
    <distance>5097.57</distance>
    <moving_time>2357.46</moving_time>
    <elapsed_time>2357.46</elapsed_time>
    <average_speed>2.16</average_speed>
    <start_time>2023-12-22T00:35:38Z</start_time>
    <end_time>2023-12-22T01:14:55Z</end_time>
    <average_hr>146.17</average_hr>
  </extensions>
</gpx>
