<?xml version="1.0" encoding="UTF-8"?>
<gpx version="1.1" creator="RunSync" xmlns="http://www.topografix.com/GPX/1/1">
  <metadata><time>2023-11-10T23:38:24Z</time></metadata>
  <trk>
    <name>跑步</name>
    <type>running</type>
    <trkseg>
      <trkpt lat="25.7382003" lon="100.1694814"><ele>1967.2</ele><time>2023-11-10T23:39:42Z</time></trkpt>
      <trkpt lat="25.7381982" lon="100.1695082"><ele>1967.2</ele><time>2023-11-10T23:39:43Z</time></trkpt>
      <trkpt lat="25.7381972" lon="100.1695352"><ele>1967.2</ele><time>2023-11-10T23:39:44Z</time></trkpt>
      <trkpt lat="25.7381965" lon="100.1695620"><ele>1967.3</ele><time>2023-11-10T23:39:45Z</time></trkpt>
      <trkpt lat="25.7381959" lon="100.1695888"><ele>1967.3</ele><time>2023-11-10T23:39:46Z</time></trkpt>
      <trkpt lat="25.7381950" lon="100.1696151"><ele>1967.4</ele><time>2023-11-10T23:39:47Z</time></trkpt>
      <trkpt lat="25.7381938" lon="100.1696409"><ele>1967.4</ele><time>2023-11-10T23:39:48Z</time></trkpt>
      <trkpt lat="25.7381918" lon="100.1696665"><ele>1967.4</ele><time>2023-11-10T23:39:49Z</time></trkpt>
      <trkpt lat="25.7381887" lon="100.1696920"><ele>1967.5</ele><time>2023-11-10T23:39:50Z</time></trkpt>
      <trkpt lat="25.7381850" lon="100.1697176"><ele>1967.5</ele><time>2023-11-10T23:39:51Z</time></trkpt>
      <trkpt lat="25.7381807" lon="100.1697429"><ele>1967.5</ele><time>2023-11-10T23:39:52Z</time></trkpt>
      <trkpt lat="25.7381767" lon="100.1697686"><ele>1967.5</ele><time>2023-11-10T23:39:53Z</time></trkpt>
      <trkpt lat="25.7381731" lon="100.1697948"><ele>1967.5</ele><time>2023-11-10T23:39:54Z</time></trkpt>
      <trkpt lat="25.7381689" lon="100.1698209"><ele>1967.5</ele><time>2023-11-10T23:39:55Z</time></trkpt>
      <trkpt lat="25.7381643" lon="100.1698463"><ele>1967.5</ele><time>2023-11-10T23:39:56Z</time></trkpt>
      <trkpt lat="25.7381598" lon="100.1698708"><ele>1967.4</ele><time>2023-11-10T23:39:57Z</time></trkpt>
      <trkpt lat="25.7381560" lon="100.1698947"><ele>1967.4</ele><time>2023-11-10T23:39:58Z</time></trkpt>
      <trkpt lat="25.7381526" lon="100.1699186"><ele>1967.3</ele><time>2023-11-10T23:39:59Z</time></trkpt>
      <trkpt lat="25.7381494" lon="100.1699422"><ele>1967.2</ele><time>2023-11-10T23:40:00Z</time></trkpt>
      <trkpt lat="25.7381471" lon="100.1699657"><ele>1967.1</ele><time>2023-11-10T23:40:01Z</time></trkpt>
      <trkpt lat="25.7381458" lon="100.1699891"><ele>1967.0</ele><time>2023-11-10T23:40:02Z</time></trkpt>
      <trkpt lat="25.7381450" lon="100.1700122"><ele>1966.9</ele><time>2023-11-10T23:40:03Z</time></trkpt>
      <trkpt lat="25.7381440" lon="100.1700354"><ele>1966.7</ele><time>2023-11-10T23:40:04Z</time></trkpt>
      <trkpt lat="25.7381424" lon="100.1700582"><ele>1966.6</ele><time>2023-11-10T23:40:05Z</time></trkpt>
      <trkpt lat="25.7381407" lon="100.1700805"><ele>1966.4</ele><time>2023-11-10T23:40:06Z</time></trkpt>
      <trkpt lat="25.7381389" lon="100.1701025"><ele>1966.3</ele><time>2023-11-10T23:40:07Z</time></trkpt>
      <trkpt lat="25.7381365" lon="100.1701247"><ele>1966.1</ele><time>2023-11-10T23:40:08Z</time></trkpt>
      <trkpt lat="25.7381334" lon="100.1701471"><ele>1966.0</ele><time>2023-11-10T23:40:09Z</time></trkpt>
      <trkpt lat="25.7381295" lon="100.1701695"><ele>1965.9</ele><time>2023-11-10T23:40:10Z</time></trkpt>
      <trkpt lat="25.7381245" lon="100.1701919"><ele>1965.8</ele><time>2023-11-10T23:40:11Z</time></trkpt>
      <trkpt lat="25.7381193" lon="100.1702147"><ele>1965.7</ele><time>2023-11-10T23:40:12Z</time></trkpt>
      <trkpt lat="25.7381140" lon="100.1702378"><ele>1965.6</ele><time>2023-11-10T23:40:13Z</time></trkpt>
      <trkpt lat="25.7381090" lon="100.1702612"><ele>1965.5</ele><time>2023-11-10T23:40:14Z</time></trkpt>
      <trkpt lat="25.7381042" lon="100.1702854"><ele>1965.4</ele><time>2023-11-10T23:40:15Z</time></trkpt>
      <trkpt lat="25.7380987" lon="100.1703105"><ele>1965.3</ele><time>2023-11-10T23:40:16Z</time></trkpt>
      <trkpt lat="25.7380920" lon="100.1703361"><ele>1965.2</ele><time>2023-11-10T23:40:17Z</time></trkpt>
      <trkpt lat="25.7380845" lon="100.1703617"><ele>1965.2</ele><time>2023-11-10T23:40:18Z</time></trkpt>
      <trkpt lat="25.7380772" lon="100.1703872"><ele>1965.1</ele><time>2023-11-10T23:40:19Z</time></trkpt>
      <trkpt lat="25.7380710" lon="100.1704126"><ele>1965.0</ele><time>2023-11-10T23:40:20Z</time></trkpt>
      <trkpt lat="25.7380660" lon="100.1704370"><ele>1965.0</ele><time>2023-11-10T23:40:21Z</time></trkpt>
      <trkpt lat="25.7380614" lon="100.1704602"><ele>1965.0</ele><time>2023-11-10T23:40:22Z</time></trkpt>
      <trkpt lat="25.7380560" lon="100.1704831"><ele>1965.0</ele><time>2023-11-10T23:40:23Z</time></trkpt>
      <trkpt lat="25.7380496" lon="100.1705061"><ele>1965.0</ele><time>2023-11-10T23:40:24Z</time></trkpt>
      <trkpt lat="25.7380417" lon="100.1705289"><ele>1965.0</ele><time>2023-11-10T23:40:25Z</time></trkpt>
      <trkpt lat="25.7380318" lon="100.1705508"><ele>1965.0</ele><time>2023-11-10T23:40:26Z</time></trkpt>
      <trkpt lat="25.7380213" lon="100.1705725"><ele>1965.1</ele><time>2023-11-10T23:40:27Z</time></trkpt>
      <trkpt lat="25.7380111" lon="100.1705947"><ele>1965.2</ele><time>2023-11-10T23:40:28Z</time></trkpt>
      <trkpt lat="25.7380014" lon="100.1706169"><ele>1965.2</ele><time>2023-11-10T23:40:29Z</time></trkpt>
      <trkpt lat="25.7379924" lon="100.1706390"><ele>1965.3</ele><time>2023-11-10T23:40:30Z</time></trkpt>
      <trkpt lat="25.7379835" lon="100.1706608"><ele>1965.4</ele><time>2023-11-10T23:40:31Z</time></trkpt>
      <trkpt lat="25.7379739" lon="100.1706815"><ele>1965.4</ele><time>2023-11-10T23:40:32Z</time></trkpt>
      <trkpt lat="25.7379630" lon="100.1707018"><ele>1965.5</ele><time>2023-11-10T23:40:33Z</time></trkpt>
      <trkpt lat="25.7379510" lon="100.1707220"><ele>1965.6</ele><time>2023-11-10T23:40:34Z</time></trkpt>
      <trkpt lat="25.7379384" lon="100.1707416"><ele>1965.7</ele><time>2023-11-10T23:40:35Z</time></trkpt>
      <trkpt lat="25.7379249" lon="100.1707599"><ele>1965.8</ele><time>2023-11-10T23:40:36Z</time></trkpt>
      <trkpt lat="25.7379098" lon="100.1707760"><ele>1965.8</ele><time>2023-11-10T23:40:37Z</time></trkpt>
      <trkpt lat="25.7378929" lon="100.1707899"><ele>1965.9</ele><time>2023-11-10T23:40:38Z</time></trkpt>
      <trkpt lat="25.7378745" lon="100.1708017"><ele>1965.9</ele><time>2023-11-10T23:40:39Z</time></trkpt>
      <trkpt lat="25.7378553" lon="100.1708121"><ele>1965.9</ele><time>2023-11-10T23:40:40Z</time></trkpt>
      <trkpt lat="25.7378361" lon="100.1708220"><ele>1965.9</ele><time>2023-11-10T23:40:41Z</time></trkpt>
      <trkpt lat="25.7378181" lon="100.1708320"><ele>1966.0</ele><time>2023-11-10T23:40:42Z</time></trkpt>
      <trkpt lat="25.7378009" lon="100.1708409"><ele>1965.9</ele><time>2023-11-10T23:40:43Z</time></trkpt>
      <trkpt lat="25.7377827" lon="100.1708478"><ele>1965.9</ele><time>2023-11-10T23:40:44Z</time></trkpt>
      <trkpt lat="25.7377630" lon="100.1708523"><ele>1965.9</ele><time>2023-11-10T23:40:45Z</time></trkpt>
      <trkpt lat="25.7377423" lon="100.1708550"><ele>1965.8</ele><time>2023-11-10T23:40:46Z</time></trkpt>
      <trkpt lat="25.7377216" lon="100.1708572"><ele>1965.8</ele><time>2023-11-10T23:40:47Z</time></trkpt>
      <trkpt lat="25.7377010" lon="100.1708596"><ele>1965.8</ele><time>2023-11-10T23:40:48Z</time></trkpt>
      <trkpt lat="25.7376805" lon="100.1708619"><ele>1965.8</ele><time>2023-11-10T23:40:49Z</time></trkpt>
      <trkpt lat="25.7376600" lon="100.1708636"><ele>1965.7</ele><time>2023-11-10T23:40:50Z</time></trkpt>
      <trkpt lat="25.7376388" lon="100.1708644"><ele>1965.7</ele><time>2023-11-10T23:40:51Z</time></trkpt>
      <trkpt lat="25.7376173" lon="100.1708648"><ele>1965.7</ele><time>2023-11-10T23:40:52Z</time></trkpt>
      <trkpt lat="25.7375962" lon="100.1708650"><ele>1965.7</ele><time>2023-11-10T23:40:53Z</time></trkpt>
      <trkpt lat="25.7375753" lon="100.1708652"><ele>1965.7</ele><time>2023-11-10T23:40:54Z</time></trkpt>
      <trkpt lat="25.7375544" lon="100.1708659"><ele>1965.7</ele><time>2023-11-10T23:40:55Z</time></trkpt>
      <trkpt lat="25.7375332" lon="100.1708668"><ele>1965.6</ele><time>2023-11-10T23:40:56Z</time></trkpt>
      <trkpt lat="25.7375118" lon="100.1708672"><ele>1965.5</ele><time>2023-11-10T23:40:57Z</time></trkpt>
      <trkpt lat="25.7374907" lon="100.1708680"><ele>1965.5</ele><time>2023-11-10T23:40:58Z</time></trkpt>
      <trkpt lat="25.7374697" lon="100.1708697"><ele>1965.5</ele><time>2023-11-10T23:40:59Z</time></trkpt>
      <trkpt lat="25.7374487" lon="100.1708722"><ele>1965.5</ele><time>2023-11-10T23:41:00Z</time></trkpt>
      <trkpt lat="25.7374273" lon="100.1708751"><ele>1965.5</ele><time>2023-11-10T23:41:01Z</time></trkpt>
      <trkpt lat="25.7374056" lon="100.1708771"><ele>1965.4</ele><time>2023-11-10T23:41:02Z</time></trkpt>
      <trkpt lat="25.7373842" lon="100.1708780"><ele>1965.4</ele><time>2023-11-10T23:41:03Z</time></trkpt>
      <trkpt lat="25.7373630" lon="100.1708783"><ele>1965.4</ele><time>2023-11-10T23:41:04Z</time></trkpt>
      <trkpt lat="25.7373422" lon="100.1708782"><ele>1965.4</ele><time>2023-11-10T23:41:05Z</time></trkpt>
      <trkpt lat="25.7373219" lon="100.1708779"><ele>1965.4</ele><time>2023-11-10T23:41:06Z</time></trkpt>
      <trkpt lat="25.7373024" lon="100.1708788"><ele>1965.4</ele><time>2023-11-10T23:41:07Z</time></trkpt>
      <trkpt lat="25.7372838" lon="100.1708820"><ele>1965.5</ele><time>2023-11-10T23:41:08Z</time></trkpt>
      <trkpt lat="25.7372642" lon="100.1708856"><ele>1965.5</ele><time>2023-11-10T23:41:09Z</time></trkpt>
      <trkpt lat="25.7372428" lon="100.1708859"><ele>1965.6</ele><time>2023-11-10T23:41:10Z</time></trkpt>
      <trkpt lat="25.7372213" lon="100.1708830"><ele>1965.6</ele><time>2023-11-10T23:41:11Z</time></trkpt>
      <trkpt lat="25.7372006" lon="100.1708796"><ele>1965.6</ele><time>2023-11-10T23:41:12Z</time></trkpt>
      <trkpt lat="25.7371804" lon="100.1708773"><ele>1965.6</ele><time>2023-11-10T23:41:13Z</time></trkpt>
      <trkpt lat="25.7371599" lon="100.1708770"><ele>1965.6</ele><time>2023-11-10T23:41:14Z</time></trkpt>
      <trkpt lat="25.7371392" lon="100.1708776"><ele>1965.6</ele><time>2023-11-10T23:41:15Z</time></trkpt>
      <trkpt lat="25.7371187" lon="100.1708774"><ele>1965.6</ele><time>2023-11-10T23:41:16Z</time></trkpt>
      <trkpt lat="25.7370982" lon="100.1708753"><ele>1965.5</ele><time>2023-11-10T23:41:17Z</time></trkpt>
      <trkpt lat="25.7370776" lon="100.1708717"><ele>1965.5</ele><time>2023-11-10T23:41:18Z</time></trkpt>
      <trkpt lat="25.7370573" lon="100.1708672"><ele>1965.5</ele><time>2023-11-10T23:41:19Z</time></trkpt>
      <trkpt lat="25.7370378" lon="100.1708621"><ele>1965.4</ele><time>2023-11-10T23:41:20Z</time></trkpt>
      <trkpt lat="25.7370189" lon="100.1708564"><ele>1965.3</ele><time>2023-11-10T23:41:21Z</time></trkpt>
      <trkpt lat="25.7370000" lon="100.1708498"><ele>1965.3</ele><time>2023-11-10T23:41:22Z</time></trkpt>
      <trkpt lat="25.7369810" lon="100.1708426"><ele>1965.2</ele><time>2023-11-10T23:41:23Z</time></trkpt>
      <trkpt lat="25.7369617" lon="100.1708366"><ele>1965.1</ele><time>2023-11-10T23:41:24Z</time></trkpt>
      <trkpt lat="25.7369418" lon="100.1708324"><ele>1965.0</ele><time>2023-11-10T23:41:25Z</time></trkpt>
      <trkpt lat="25.7369220" lon="100.1708290"><ele>1964.9</ele><time>2023-11-10T23:41:26Z</time></trkpt>
      <trkpt lat="25.7369032" lon="100.1708252"><ele>1964.8</ele><time>2023-11-10T23:41:27Z</time></trkpt>
      <trkpt lat="25.7368852" lon="100.1708209"><ele>1964.8</ele><time>2023-11-10T23:41:28Z</time></trkpt>
      <trkpt lat="25.7368672" lon="100.1708170"><ele>1964.7</ele><time>2023-11-10T23:41:29Z</time></trkpt>
      <trkpt lat="25.7368486" lon="100.1708135"><ele>1964.7</ele><time>2023-11-10T23:41:30Z</time></trkpt>
      <trkpt lat="25.7368296" lon="100.1708099"><ele>1964.7</ele><time>2023-11-10T23:41:31Z</time></trkpt>
      <trkpt lat="25.7368107" lon="100.1708063"><ele>1964.7</ele><time>2023-11-10T23:41:32Z</time></trkpt>
      <trkpt lat="25.7367919" lon="100.1708030"><ele>1964.7</ele><time>2023-11-10T23:41:33Z</time></trkpt>
      <trkpt lat="25.7367733" lon="100.1708011"><ele>1964.7</ele><time>2023-11-10T23:41:34Z</time></trkpt>
      <trkpt lat="25.7367549" lon="100.1708010"><ele>1964.7</ele><time>2023-11-10T23:41:35Z</time></trkpt>
      <trkpt lat="25.7367361" lon="100.1708017"><ele>1964.8</ele><time>2023-11-10T23:41:36Z</time></trkpt>
      <trkpt lat="25.7367163" lon="100.1708027"><ele>1964.9</ele><time>2023-11-10T23:41:37Z</time></trkpt>
      <trkpt lat="25.7366953" lon="100.1708031"><ele>1965.0</ele><time>2023-11-10T23:41:38Z</time></trkpt>
      <trkpt lat="25.7366736" lon="100.1708023"><ele>1965.1</ele><time>2023-11-10T23:41:39Z</time></trkpt>
      <trkpt lat="25.7366519" lon="100.1708004"><ele>1965.2</ele><time>2023-11-10T23:41:40Z</time></trkpt>
      <trkpt lat="25.7366306" lon="100.1707986"><ele>1965.4</ele><time>2023-11-10T23:41:41Z</time></trkpt>
      <trkpt lat="25.7366100" lon="100.1707995"><ele>1965.5</ele><time>2023-11-10T23:41:42Z</time></trkpt>
      <trkpt lat="25.7365896" lon="100.1708042"><ele>1965.6</ele><time>2023-11-10T23:41:43Z</time></trkpt>
      <trkpt lat="25.7365691" lon="100.1708116"><ele>1965.7</ele><time>2023-11-10T23:41:44Z</time></trkpt>
      <trkpt lat="25.7365487" lon="100.1708193"><ele>1965.8</ele><time>2023-11-10T23:41:45Z</time></trkpt>
      <trkpt lat="25.7365289" lon="100.1708264"><ele>1965.9</ele><time>2023-11-10T23:41:46Z</time></trkpt>
      <trkpt lat="25.7365097" lon="100.1708336"><ele>1966.0</ele><time>2023-11-10T23:41:47Z</time></trkpt>
      <trkpt lat="25.7364913" lon="100.1708421"><ele>1966.1</ele><time>2023-11-10T23:41:48Z</time></trkpt>
      <trkpt lat="25.7364732" lon="100.1708521"><ele>1966.1</ele><time>2023-11-10T23:41:49Z</time></trkpt>
      <trkpt lat="25.7364554" lon="100.1708627"><ele>1966.2</ele><time>2023-11-10T23:41:50Z</time></trkpt>
      <trkpt lat="25.7364380" lon="100.1708737"><ele>1966.2</ele><time>2023-11-10T23:41:51Z</time></trkpt>
      <trkpt lat="25.7364206" lon="100.1708848"><ele>1966.2</ele><time>2023-11-10T23:41:52Z</time></trkpt>
      <trkpt lat="25.7364035" lon="100.1708954"><ele>1966.2</ele><time>2023-11-10T23:41:53Z</time></trkpt>
      <trkpt lat="25.7363867" lon="100.1709053"><ele>1966.2</ele><time>2023-11-10T23:41:54Z</time></trkpt>
      <trkpt lat="25.7363701" lon="100.1709148"><ele>1966.2</ele><time>2023-11-10T23:41:55Z</time></trkpt>
      <trkpt lat="25.7363538" lon="100.1709246"><ele>1966.3</ele><time>2023-11-10T23:41:56Z</time></trkpt>
      <trkpt lat="25.7363371" lon="100.1709348"><ele>1966.3</ele><time>2023-11-10T23:41:57Z</time></trkpt>
      <trkpt lat="25.7363193" lon="100.1709439"><ele>1966.2</ele><time>2023-11-10T23:41:58Z</time></trkpt>
      <trkpt lat="25.7363004" lon="100.1709505"><ele>1966.3</ele><time>2023-11-10T23:41:59Z</time></trkpt>
      <trkpt lat="25.7362802" lon="100.1709549"><ele>1966.3</ele><time>2023-11-10T23:42:00Z</time></trkpt>
      <trkpt lat="25.7362592" lon="100.1709583"><ele>1966.3</ele><time>2023-11-10T23:42:01Z</time></trkpt>
      <trkpt lat="25.7362379" lon="100.1709605"><ele>1966.3</ele><time>2023-11-10T23:42:02Z</time></trkpt>
      <trkpt lat="25.7362166" lon="100.1709619"><ele>1966.3</ele><time>2023-11-10T23:42:03Z</time></trkpt>
      <trkpt lat="25.7361957" lon="100.1709633"><ele>1966.4</ele><time>2023-11-10T23:42:04Z</time></trkpt>
      <trkpt lat="25.7361751" lon="100.1709642"><ele>1966.4</ele><time>2023-11-10T23:42:05Z</time></trkpt>
      <trkpt lat="25.7361545" lon="100.1709649"><ele>1966.4</ele><time>2023-11-10T23:42:06Z</time></trkpt>
      <trkpt lat="25.7361338" lon="100.1709660"><ele>1966.4</ele><time>2023-11-10T23:42:07Z</time></trkpt>
      <trkpt lat="25.7361129" lon="100.1709672"><ele>1966.4</ele><time>2023-11-10T23:42:08Z</time></trkpt>
      <trkpt lat="25.7360916" lon="100.1709681"><ele>1966.4</ele><time>2023-11-10T23:42:09Z</time></trkpt>
      <trkpt lat="25.7360704" lon="100.1709685"><ele>1966.4</ele><time>2023-11-10T23:42:10Z</time></trkpt>
      <trkpt lat="25.7360492" lon="100.1709683"><ele>1966.4</ele><time>2023-11-10T23:42:11Z</time></trkpt>
      <trkpt lat="25.7360286" lon="100.1709676"><ele>1966.4</ele><time>2023-11-10T23:42:12Z</time></trkpt>
      <trkpt lat="25.7360085" lon="100.1709662"><ele>1966.4</ele><time>2023-11-10T23:42:13Z</time></trkpt>
      <trkpt lat="25.7359885" lon="100.1709645"><ele>1966.4</ele><time>2023-11-10T23:42:14Z</time></trkpt>
      <trkpt lat="25.7359688" lon="100.1709628"><ele>1966.3</ele><time>2023-11-10T23:42:15Z</time></trkpt>
      <trkpt lat="25.7359493" lon="100.1709618"><ele>1966.3</ele><time>2023-11-10T23:42:16Z</time></trkpt>
      <trkpt lat="25.7359300" lon="100.1709617"><ele>1966.2</ele><time>2023-11-10T23:42:17Z</time></trkpt>
      <trkpt lat="25.7359108" lon="100.1709614"><ele>1966.2</ele><time>2023-11-10T23:42:18Z</time></trkpt>
      <trkpt lat="25.7358912" lon="100.1709611"><ele>1966.1</ele><time>2023-11-10T23:42:19Z</time></trkpt>
      <trkpt lat="25.7358713" lon="100.1709617"><ele>1966.1</ele><time>2023-11-10T23:42:20Z</time></trkpt>
      <trkpt lat="25.7358509" lon="100.1709637"><ele>1966.1</ele><time>2023-11-10T23:42:21Z</time></trkpt>
      <trkpt lat="25.7358305" lon="100.1709667"><ele>1966.0</ele><time>2023-11-10T23:42:22Z</time></trkpt>
      <trkpt lat="25.7358101" lon="100.1709687"><ele>1965.9</ele><time>2023-11-10T23:42:23Z</time></trkpt>
      <trkpt lat="25.7357896" lon="100.1709684"><ele>1965.9</ele><time>2023-11-10T23:42:24Z</time></trkpt>
      <trkpt lat="25.7357695" lon="100.1709672"><ele>1965.8</ele><time>2023-11-10T23:42:25Z</time></trkpt>
      <trkpt lat="25.7357496" lon="100.1709670"><ele>1965.8</ele><time>2023-11-10T23:42:26Z</time></trkpt>
      <trkpt lat="25.7357296" lon="100.1709683"><ele>1965.7</ele><time>2023-11-10T23:42:27Z</time></trkpt>
      <trkpt lat="25.7357095" lon="100.1709705"><ele>1965.7</ele><time>2023-11-10T23:42:28Z</time></trkpt>
      <trkpt lat="25.7356890" lon="100.1709724"><ele>1965.6</ele><time>2023-11-10T23:42:29Z</time></trkpt>
      <trkpt lat="25.7356684" lon="100.1709744"><ele>1965.6</ele><time>2023-11-10T23:42:30Z</time></trkpt>
      <trkpt lat="25.7356479" lon="100.1709768"><ele>1965.6</ele><time>2023-11-10T23:42:31Z</time></trkpt>
      <trkpt lat="25.7356270" lon="100.1709798"><ele>1965.6</ele><time>2023-11-10T23:42:32Z</time></trkpt>
      <trkpt lat="25.7356060" lon="100.1709834"><ele>1965.6</ele><time>2023-11-10T23:42:33Z</time></trkpt>
      <trkpt lat="25.7355849" lon="100.1709871"><ele>1965.7</ele><time>2023-11-10T23:42:34Z</time></trkpt>
      <trkpt lat="25.7355640" lon="100.1709914"><ele>1965.7</ele><time>2023-11-10T23:42:35Z</time></trkpt>
      <trkpt lat="25.7355437" lon="100.1709973"><ele>1965.7</ele><time>2023-11-10T23:42:36Z</time></trkpt>
      <trkpt lat="25.7355240" lon="100.1710053"><ele>1965.7</ele><time>2023-11-10T23:42:37Z</time></trkpt>
      <trkpt lat="25.7355050" lon="100.1710158"><ele>1965.8</ele><time>2023-11-10T23:42:38Z</time></trkpt>
      <trkpt lat="25.7354865" lon="100.1710284"><ele>1965.8</ele><time>2023-11-10T23:42:39Z</time></trkpt>
      <trkpt lat="25.7354682" lon="100.1710411"><ele>1965.9</ele><time>2023-11-10T23:42:40Z</time></trkpt>
      <trkpt lat="25.7354502" lon="100.1710527"><ele>1965.9</ele><time>2023-11-10T23:42:41Z</time></trkpt>
      <trkpt lat="25.7354328" lon="100.1710640"><ele>1966.0</ele><time>2023-11-10T23:42:42Z</time></trkpt>
      <trkpt lat="25.7354162" lon="100.1710757"><ele>1966.0</ele><time>2023-11-10T23:42:43Z</time></trkpt>
      <trkpt lat="25.7354002" lon="100.1710871"><ele>1966.0</ele><time>2023-11-10T23:42:44Z</time></trkpt>
      <trkpt lat="25.7353847" lon="100.1710990"><ele>1965.9</ele><time>2023-11-10T23:42:45Z</time></trkpt>
      <trkpt lat="25.7353699" lon="100.1711116"><ele>1965.9</ele><time>2023-11-10T23:42:46Z</time></trkpt>
      <trkpt lat="25.7353562" lon="100.1711255"><ele>1965.9</ele><time>2023-11-10T23:42:47Z</time></trkpt>
      <trkpt lat="25.7353434" lon="100.1711407"><ele>1965.8</ele><time>2023-11-10T23:42:48Z</time></trkpt>
      <trkpt lat="25.7353311" lon="100.1711563"><ele>1965.8</ele><time>2023-11-10T23:42:49Z</time></trkpt>
      <trkpt lat="25.7353192" lon="100.1711717"><ele>1965.8</ele><time>2023-11-10T23:42:50Z</time></trkpt>
      <trkpt lat="25.7353080" lon="100.1711874"><ele>1965.8</ele><time>2023-11-10T23:42:51Z</time></trkpt>
      <trkpt lat="25.7352978" lon="100.1712037"><ele>1965.8</ele><time>2023-11-10T23:42:52Z</time></trkpt>
      <trkpt lat="25.7352880" lon="100.1712210"><ele>1965.8</ele><time>2023-11-10T23:42:53Z</time></trkpt>
      <trkpt lat="25.7352782" lon="100.1712393"><ele>1965.8</ele><time>2023-11-10T23:42:54Z</time></trkpt>
      <trkpt lat="25.7352689" lon="100.1712581"><ele>1965.8</ele><time>2023-11-10T23:42:55Z</time></trkpt>
      <trkpt lat="25.7352608" lon="100.1712771"><ele>1965.7</ele><time>2023-11-10T23:42:56Z</time></trkpt>
      <trkpt lat="25.7352539" lon="100.1712961"><ele>1965.7</ele><time>2023-11-10T23:42:57Z</time></trkpt>
      <trkpt lat="25.7352474" lon="100.1713150"><ele>1965.7</ele><time>2023-11-10T23:42:58Z</time></trkpt>
      <trkpt lat="25.7352411" lon="100.1713339"><ele>1965.7</ele><time>2023-11-10T23:42:59Z</time></trkpt>
      <trkpt lat="25.7352356" lon="100.1713531"><ele>1965.7</ele><time>2023-11-10T23:43:00Z</time></trkpt>
      <trkpt lat="25.7352312" lon="100.1713728"><ele>1965.8</ele><time>2023-11-10T23:43:01Z</time></trkpt>
      <trkpt lat="25.7352279" lon="100.1713929"><ele>1965.8</ele><time>2023-11-10T23:43:02Z</time></trkpt>
      <trkpt lat="25.7352253" lon="100.1714129"><ele>1965.8</ele><time>2023-11-10T23:43:03Z</time></trkpt>
      <trkpt lat="25.7352220" lon="100.1714327"><ele>1965.8</ele><time>2023-11-10T23:43:04Z</time></trkpt>
      <trkpt lat="25.7352179" lon="100.1714523"><ele>1965.9</ele><time>2023-11-10T23:43:05Z</time></trkpt>
      <trkpt lat="25.7352143" lon="100.1714722"><ele>1965.9</ele><time>2023-11-10T23:43:06Z</time></trkpt>
      <trkpt lat="25.7352120" lon="100.1714927"><ele>1966.0</ele><time>2023-11-10T23:43:07Z</time></trkpt>
      <trkpt lat="25.7352109" lon="100.1715138"><ele>1966.0</ele><time>2023-11-10T23:43:08Z</time></trkpt>
      <trkpt lat="25.7352104" lon="100.1715354"><ele>1966.1</ele><time>2023-11-10T23:43:09Z</time></trkpt>
      <trkpt lat="25.7352098" lon="100.1715577"><ele>1966.2</ele><time>2023-11-10T23:43:10Z</time></trkpt>
      <trkpt lat="25.7352092" lon="100.1715799"><ele>1966.2</ele><time>2023-11-10T23:43:11Z</time></trkpt>
      <trkpt lat="25.7352083" lon="100.1716021"><ele>1966.3</ele><time>2023-11-10T23:43:12Z</time></trkpt>
      <trkpt lat="25.7352061" lon="100.1716241"><ele>1966.3</ele><time>2023-11-10T23:43:13Z</time></trkpt>
      <trkpt lat="25.7352026" lon="100.1716459"><ele>1966.4</ele><time>2023-11-10T23:43:14Z</time></trkpt>
      <trkpt lat="25.7351984" lon="100.1716683"><ele>1966.4</ele><time>2023-11-10T23:43:15Z</time></trkpt>
      <trkpt lat="25.7351948" lon="100.1716911"><ele>1966.5</ele><time>2023-11-10T23:43:16Z</time></trkpt>
      <trkpt lat="25.7351925" lon="100.1717137"><ele>1966.5</ele><time>2023-11-10T23:43:16Z</time></trkpt>
      <trkpt lat="25.7351910" lon="100.1717356"><ele>1966.4</ele><time>2023-11-10T23:43:17Z</time></trkpt>
      <trkpt lat="25.7351898" lon="100.1717570"><ele>1966.4</ele><time>2023-11-10T23:43:18Z</time></trkpt>
      <trkpt lat="25.7351884" lon="100.1717783"><ele>1966.3</ele><time>2023-11-10T23:43:19Z</time></trkpt>
      <trkpt lat="25.7351870" lon="100.1717992"><ele>1966.2</ele><time>2023-11-10T23:43:20Z</time></trkpt>
      <trkpt lat="25.7351860" lon="100.1718202"><ele>1966.1</ele><time>2023-11-10T23:43:21Z</time></trkpt>
      <trkpt lat="25.7351854" lon="100.1718419"><ele>1965.9</ele><time>2023-11-10T23:43:22Z</time></trkpt>
      <trkpt lat="25.7351848" lon="100.1718645"><ele>1965.8</ele><time>2023-11-10T23:43:23Z</time></trkpt>
      <trkpt lat="25.7351843" lon="100.1718873"><ele>1965.6</ele><time>2023-11-10T23:43:24Z</time></trkpt>
      <trkpt lat="25.7351836" lon="100.1719094"><ele>1965.5</ele><time>2023-11-10T23:43:25Z</time></trkpt>
      <trkpt lat="25.7351818" lon="100.1719307"><ele>1965.3</ele><time>2023-11-10T23:43:26Z</time></trkpt>
      <trkpt lat="25.7351789" lon="100.1719515"><ele>1965.1</ele><time>2023-11-10T23:43:27Z</time></trkpt>
      <trkpt lat="25.7351764" lon="100.1719724"><ele>1964.9</ele><time>2023-11-10T23:43:28Z</time></trkpt>
      <trkpt lat="25.7351751" lon="100.1719934"><ele>1964.7</ele><time>2023-11-10T23:43:29Z</time></trkpt>
      <trkpt lat="25.7351744" lon="100.1720144"><ele>1964.5</ele><time>2023-11-10T23:43:30Z</time></trkpt>
      <trkpt lat="25.7351744" lon="100.1720355"><ele>1964.4</ele><time>2023-11-10T23:43:31Z</time></trkpt>
      <trkpt lat="25.7351751" lon="100.1720567"><ele>1964.3</ele><time>2023-11-10T23:43:32Z</time></trkpt>
      <trkpt lat="25.7351758" lon="100.1720780"><ele>1964.2</ele><time>2023-11-10T23:43:33Z</time></trkpt>
      <trkpt lat="25.7351757" lon="100.1720994"><ele>1964.1</ele><time>2023-11-10T23:43:34Z</time></trkpt>
      <trkpt lat="25.7351745" lon="100.1721206"><ele>1964.1</ele><time>2023-11-10T23:43:35Z</time></trkpt>
      <trkpt lat="25.7351724" lon="100.1721418"><ele>1964.1</ele><time>2023-11-10T23:43:36Z</time></trkpt>
      <trkpt lat="25.7351698" lon="100.1721624"><ele>1964.1</ele><time>2023-11-10T23:43:37Z</time></trkpt>
      <trkpt lat="25.7351668" lon="100.1721827"><ele>1964.2</ele><time>2023-11-10T23:43:38Z</time></trkpt>
      <trkpt lat="25.7351635" lon="100.1722030"><ele>1964.3</ele><time>2023-11-10T23:43:39Z</time></trkpt>
      <trkpt lat="25.7351603" lon="100.1722231"><ele>1964.4</ele><time>2023-11-10T23:43:40Z</time></trkpt>
      <trkpt lat="25.7351571" lon="100.1722434"><ele>1964.5</ele><time>2023-11-10T23:43:41Z</time></trkpt>
      <trkpt lat="25.7351527" lon="100.1722638"><ele>1964.6</ele><time>2023-11-10T23:43:42Z</time></trkpt>
      <trkpt lat="25.7351480" lon="100.1722843"><ele>1964.8</ele><time>2023-11-10T23:43:43Z</time></trkpt>
      <trkpt lat="25.7351440" lon="100.1723054"><ele>1964.9</ele><time>2023-11-10T23:43:44Z</time></trkpt>
      <trkpt lat="25.7351401" lon="100.1723269"><ele>1965.0</ele><time>2023-11-10T23:43:45Z</time></trkpt>
      <trkpt lat="25.7351352" lon="100.1723488"><ele>1965.1</ele><time>2023-11-10T23:43:46Z</time></trkpt>
      <trkpt lat="25.7351295" lon="100.1723709"><ele>1965.2</ele><time>2023-11-10T23:43:47Z</time></trkpt>
      <trkpt lat="25.7351235" lon="100.1723927"><ele>1965.3</ele><time>2023-11-10T23:43:48Z</time></trkpt>
      <trkpt lat="25.7351174" lon="100.1724142"><ele>1965.4</ele><time>2023-11-10T23:43:49Z</time></trkpt>
      <trkpt lat="25.7351114" lon="100.1724353"><ele>1965.5</ele><time>2023-11-10T23:43:50Z</time></trkpt>
      <trkpt lat="25.7351059" lon="100.1724564"><ele>1965.5</ele><time>2023-11-10T23:43:51Z</time></trkpt>
      <trkpt lat="25.7351007" lon="100.1724778"><ele>1965.6</ele><time>2023-11-10T23:43:52Z</time></trkpt>
      <trkpt lat="25.7350954" lon="100.1724996"><ele>1965.7</ele><time>2023-11-10T23:43:53Z</time></trkpt>
      <trkpt lat="25.7350896" lon="100.1725214"><ele>1965.8</ele><time>2023-11-10T23:43:54Z</time></trkpt>
      <trkpt lat="25.7350832" lon="100.1725427"><ele>1965.8</ele><time>2023-11-10T23:43:55Z</time></trkpt>
      <trkpt lat="25.7350764" lon="100.1725632"><ele>1965.9</ele><time>2023-11-10T23:43:56Z</time></trkpt>
      <trkpt lat="25.7350700" lon="100.1725831"><ele>1965.9</ele><time>2023-11-10T23:43:57Z</time></trkpt>
      <trkpt lat="25.7350632" lon="100.1726024"><ele>1966.0</ele><time>2023-11-10T23:43:58Z</time></trkpt>
      <trkpt lat="25.7350557" lon="100.1726212"><ele>1966.0</ele><time>2023-11-10T23:43:59Z</time></trkpt>
      <trkpt lat="25.7350475" lon="100.1726400"><ele>1966.1</ele><time>2023-11-10T23:44:00Z</time></trkpt>
      <trkpt lat="25.7350391" lon="100.1726589"><ele>1966.1</ele><time>2023-11-10T23:44:02Z</time></trkpt>
      <trkpt lat="25.7350309" lon="100.1726777"><ele>1966.1</ele><time>2023-11-10T23:44:03Z</time></trkpt>
      <trkpt lat="25.7350228" lon="100.1726967"><ele>1966.2</ele><time>2023-11-10T23:44:04Z</time></trkpt>
      <trkpt lat="25.7350144" lon="100.1727157"><ele>1966.2</ele><time>2023-11-10T23:44:05Z</time></trkpt>
      <trkpt lat="25.7350052" lon="100.1727344"><ele>1966.3</ele><time>2023-11-10T23:44:06Z</time></trkpt>
      <trkpt lat="25.7349952" lon="100.1727528"><ele>1966.3</ele><time>2023-11-10T23:44:07Z</time></trkpt>
      <trkpt lat="25.7349852" lon="100.1727708"><ele>1966.2</ele><time>2023-11-10T23:44:08Z</time></trkpt>
      <trkpt lat="25.7349756" lon="100.1727891"><ele>1966.2</ele><time>2023-11-10T23:44:09Z</time></trkpt>
      <trkpt lat="25.7349663" lon="100.1728075"><ele>1966.2</ele><time>2023-11-10T23:44:10Z</time></trkpt>
      <trkpt lat="25.7349576" lon="100.1728260"><ele>1966.2</ele><time>2023-11-10T23:44:11Z</time></trkpt>
      <trkpt lat="25.7349487" lon="100.1728444"><ele>1966.2</ele><time>2023-11-10T23:44:12Z</time></trkpt>
      <trkpt lat="25.7349398" lon="100.1728626"><ele>1966.2</ele><time>2023-11-10T23:44:13Z</time></trkpt>
      <trkpt lat="25.7349312" lon="100.1728809"><ele>1966.2</ele><time>2023-11-10T23:44:14Z</time></trkpt>
      <trkpt lat="25.7349226" lon="100.1728990"><ele>1966.2</ele><time>2023-11-10T23:44:15Z</time></trkpt>
      <trkpt lat="25.7349135" lon="100.1729167"><ele>1966.2</ele><time>2023-11-10T23:44:16Z</time></trkpt>
      <trkpt lat="25.7349038" lon="100.1729341"><ele>1966.2</ele><time>2023-11-10T23:44:17Z</time></trkpt>
      <trkpt lat="25.7348938" lon="100.1729511"><ele>1966.3</ele><time>2023-11-10T23:44:18Z</time></trkpt>
      <trkpt lat="25.7348838" lon="100.1729682"><ele>1966.3</ele><time>2023-11-10T23:44:19Z</time></trkpt>
      <trkpt lat="25.7348739" lon="100.1729857"><ele>1966.4</ele><time>2023-11-10T23:44:20Z</time></trkpt>
      <trkpt lat="25.7348643" lon="100.1730034"><ele>1966.4</ele><time>2023-11-10T23:44:21Z</time></trkpt>
      <trkpt lat="25.7348544" lon="100.1730211"><ele>1966.5</ele><time>2023-11-10T23:44:22Z</time></trkpt>
      <trkpt lat="25.7348440" lon="100.1730389"><ele>1966.6</ele><time>2023-11-10T23:44:23Z</time></trkpt>
      <trkpt lat="25.7348335" lon="100.1730566"><ele>1966.6</ele><time>2023-11-10T23:44:24Z</time></trkpt>
      <trkpt lat="25.7348232" lon="100.1730742"><ele>1966.7</ele><time>2023-11-10T23:44:25Z</time></trkpt>
      <trkpt lat="25.7348127" lon="100.1730924"><ele>1966.8</ele><time>2023-11-10T23:44:26Z</time></trkpt>
      <trkpt lat="25.7348021" lon="100.1731109"><ele>1966.8</ele><time>2023-11-10T23:44:27Z</time></trkpt>
      <trkpt lat="25.7347915" lon="100.1731289"><ele>1966.9</ele><time>2023-11-10T23:44:28Z</time></trkpt>
      <trkpt lat="25.7347809" lon="100.1731461"><ele>1967.0</ele><time>2023-11-10T23:44:29Z</time></trkpt>
      <trkpt lat="25.7347706" lon="100.1731629"><ele>1967.0</ele><time>2023-11-10T23:44:30Z</time></trkpt>
      <trkpt lat="25.7347605" lon="100.1731799"><ele>1967.1</ele><time>2023-11-10T23:44:31Z</time></trkpt>
      <trkpt lat="25.7347505" lon="100.1731972"><ele>1967.2</ele><time>2023-11-10T23:44:32Z</time></trkpt>
      <trkpt lat="25.7347410" lon="100.1732141"><ele>1967.2</ele><time>2023-11-10T23:44:33Z</time></trkpt>
      <trkpt lat="25.7347312" lon="100.1732306"><ele>1967.2</ele><time>2023-11-10T23:44:34Z</time></trkpt>
      <trkpt lat="25.7347212" lon="100.1732465"><ele>1967.3</ele><time>2023-11-10T23:44:35Z</time></trkpt>
      <trkpt lat="25.7347105" lon="100.1732617"><ele>1967.3</ele><time>2023-11-10T23:44:36Z</time></trkpt>
      <trkpt lat="25.7346993" lon="100.1732772"><ele>1967.3</ele><time>2023-11-10T23:44:37Z</time></trkpt>
      <trkpt lat="25.7346883" lon="100.1732934"><ele>1967.3</ele><time>2023-11-10T23:44:38Z</time></trkpt>
      <trkpt lat="25.7346769" lon="100.1733099"><ele>1967.3</ele><time>2023-11-10T23:44:39Z</time></trkpt>
      <trkpt lat="25.7346655" lon="100.1733267"><ele>1967.3</ele><time>2023-11-10T23:44:40Z</time></trkpt>
      <trkpt lat="25.7346543" lon="100.1733436"><ele>1967.3</ele><time>2023-11-10T23:44:41Z</time></trkpt>
      <trkpt lat="25.7346430" lon="100.1733605"><ele>1967.3</ele><time>2023-11-10T23:44:42Z</time></trkpt>
      <trkpt lat="25.7346317" lon="100.1733771"><ele>1967.4</ele><time>2023-11-10T23:44:43Z</time></trkpt>
      <trkpt lat="25.7346203" lon="100.1733934"><ele>1967.4</ele><time>2023-11-10T23:44:44Z</time></trkpt>
      <trkpt lat="25.7346085" lon="100.1734099"><ele>1967.4</ele><time>2023-11-10T23:44:45Z</time></trkpt>
      <trkpt lat="25.7345971" lon="100.1734268"><ele>1967.4</ele><time>2023-11-10T23:44:46Z</time></trkpt>
      <trkpt lat="25.7345862" lon="100.1734437"><ele>1967.4</ele><time>2023-11-10T23:44:47Z</time></trkpt>
      <trkpt lat="25.7345747" lon="100.1734594"><ele>1967.4</ele><time>2023-11-10T23:44:48Z</time></trkpt>
      <trkpt lat="25.7345628" lon="100.1734737"><ele>1967.4</ele><time>2023-11-10T23:44:49Z</time></trkpt>
      <trkpt lat="25.7345508" lon="100.1734877"><ele>1967.4</ele><time>2023-11-10T23:44:50Z</time></trkpt>
      <trkpt lat="25.7345393" lon="100.1735024"><ele>1967.4</ele><time>2023-11-10T23:44:51Z</time></trkpt>
      <trkpt lat="25.7345280" lon="100.1735176"><ele>1967.3</ele><time>2023-11-10T23:44:52Z</time></trkpt>
      <trkpt lat="25.7345164" lon="100.1735334"><ele>1967.3</ele><time>2023-11-10T23:44:53Z</time></trkpt>
      <trkpt lat="25.7345041" lon="100.1735493"><ele>1967.2</ele><time>2023-11-10T23:44:54Z</time></trkpt>
      <trkpt lat="25.7344914" lon="100.1735653"><ele>1967.2</ele><time>2023-11-10T23:44:55Z</time></trkpt>
      <trkpt lat="25.7344792" lon="100.1735815"><ele>1967.1</ele><time>2023-11-10T23:44:56Z</time></trkpt>
      <trkpt lat="25.7344673" lon="100.1735976"><ele>1967.1</ele><time>2023-11-10T23:44:57Z</time></trkpt>
      <trkpt lat="25.7344549" lon="100.1736132"><ele>1967.1</ele><time>2023-11-10T23:44:58Z</time></trkpt>
      <trkpt lat="25.7344412" lon="100.1736278"><ele>1967.0</ele><time>2023-11-10T23:44:59Z</time></trkpt>
      <trkpt lat="25.7344264" lon="100.1736415"><ele>1967.0</ele><time>2023-11-10T23:45:00Z</time></trkpt>
      <trkpt lat="25.7344115" lon="100.1736555"><ele>1966.9</ele><time>2023-11-10T23:45:01Z</time></trkpt>
      <trkpt lat="25.7343975" lon="100.1736700"><ele>1966.9</ele><time>2023-11-10T23:45:02Z</time></trkpt>
      <trkpt lat="25.7343840" lon="100.1736838"><ele>1966.9</ele><time>2023-11-10T23:45:03Z</time></trkpt>
      <trkpt lat="25.7343702" lon="100.1736970"><ele>1966.9</ele><time>2023-11-10T23:45:04Z</time></trkpt>
      <trkpt lat="25.7343570" lon="100.1737107"><ele>1966.9</ele><time>2023-11-10T23:45:05Z</time></trkpt>
      <trkpt lat="25.7343442" lon="100.1737256"><ele>1966.8</ele><time>2023-11-10T23:45:06Z</time></trkpt>
      <trkpt lat="25.7343312" lon="100.1737412"><ele>1966.8</ele><time>2023-11-10T23:45:07Z</time></trkpt>
      <trkpt lat="25.7343175" lon="100.1737561"><ele>1966.8</ele><time>2023-11-10T23:45:08Z</time></trkpt>
      <trkpt lat="25.7343032" lon="100.1737705"><ele>1966.8</ele><time>2023-11-10T23:45:09Z</time></trkpt>
      <trkpt lat="25.7342889" lon="100.1737850"><ele>1966.8</ele><time>2023-11-10T23:45:10Z</time></trkpt>
      <trkpt lat="25.7342749" lon="100.1738000"><ele>1966.8</ele><time>2023-11-10T23:45:11Z</time></trkpt>
      <trkpt lat="25.7342611" lon="100.1738157"><ele>1966.7</ele><time>2023-11-10T23:45:12Z</time></trkpt>
      <trkpt lat="25.7342479" lon="100.1738316"><ele>1966.7</ele><time>2023-11-10T23:45:13Z</time></trkpt>
      <trkpt lat="25.7342349" lon="100.1738472"><ele>1966.7</ele><time>2023-11-10T23:45:14Z</time></trkpt>
      <trkpt lat="25.7342208" lon="100.1738623"><ele>1966.6</ele><time>2023-11-10T23:45:15Z</time></trkpt>
      <trkpt lat="25.7342054" lon="100.1738770"><ele>1966.6</ele><time>2023-11-10T23:45:16Z</time></trkpt>
      <trkpt lat="25.7341892" lon="100.1738913"><ele>1966.6</ele><time>2023-11-10T23:45:17Z</time></trkpt>
      <trkpt lat="25.7341732" lon="100.1739051"><ele>1966.5</ele><time>2023-11-10T23:45:18Z</time></trkpt>
      <trkpt lat="25.7341577" lon="100.1739188"><ele>1966.5</ele><time>2023-11-10T23:45:19Z</time></trkpt>
      <trkpt lat="25.7341423" lon="100.1739333"><ele>1966.5</ele><time>2023-11-10T23:45:20Z</time></trkpt>
      <trkpt lat="25.7341264" lon="100.1739482"><ele>1966.5</ele><time>2023-11-10T23:45:21Z</time></trkpt>
      <trkpt lat="25.7341100" lon="100.1739626"><ele>1966.5</ele><time>2023-11-10T23:45:22Z</time></trkpt>
      <trkpt lat="25.7340935" lon="100.1739763"><ele>1966.5</ele><time>2023-11-10T23:45:23Z</time></trkpt>
      <trkpt lat="25.7340771" lon="100.1739895"><ele>1966.5</ele><time>2023-11-10T23:45:24Z</time></trkpt>
      <trkpt lat="25.7340610" lon="100.1740024"><ele>1966.6</ele><time>2023-11-10T23:45:25Z</time></trkpt>
      <trkpt lat="25.7340454" lon="100.1740150"><ele>1966.6</ele><time>2023-11-10T23:45:26Z</time></trkpt>
      <trkpt lat="25.7340300" lon="100.1740275"><ele>1966.7</ele><time>2023-11-10T23:45:27Z</time></trkpt>
      <trkpt lat="25.7340143" lon="100.1740403"><ele>1966.7</ele><time>2023-11-10T23:45:28Z</time></trkpt>
      <trkpt lat="25.7339984" lon="100.1740532"><ele>1966.8</ele><time>2023-11-10T23:45:29Z</time></trkpt>
      <trkpt lat="25.7339824" lon="100.1740667"><ele>1966.8</ele><time>2023-11-10T23:45:30Z</time></trkpt>
      <trkpt lat="25.7339672" lon="100.1740802"><ele>1966.9</ele><time>2023-11-10T23:45:31Z</time></trkpt>
      <trkpt lat="25.7339525" lon="100.1740931"><ele>1966.9</ele><time>2023-11-10T23:45:32Z</time></trkpt>
      <trkpt lat="25.7339374" lon="100.1741051"><ele>1966.9</ele><time>2023-11-10T23:45:33Z</time></trkpt>
      <trkpt lat="25.7339221" lon="100.1741166"><ele>1966.9</ele><time>2023-11-10T23:45:34Z</time></trkpt>
      <trkpt lat="25.7339067" lon="100.1741287"><ele>1966.9</ele><time>2023-11-10T23:45:35Z</time></trkpt>
      <trkpt lat="25.7338907" lon="100.1741417"><ele>1966.9</ele><time>2023-11-10T23:45:36Z</time></trkpt>
      <trkpt lat="25.7338746" lon="100.1741554"><ele>1966.9</ele><time>2023-11-10T23:45:37Z</time></trkpt>
      <trkpt lat="25.7338584" lon="100.1741691"><ele>1966.8</ele><time>2023-11-10T23:45:38Z</time></trkpt>
      <trkpt lat="25.7338418" lon="100.1741817"><ele>1966.7</ele><time>2023-11-10T23:45:39Z</time></trkpt>
      <trkpt lat="25.7338244" lon="100.1741926"><ele>1966.6</ele><time>2023-11-10T23:45:40Z</time></trkpt>
      <trkpt lat="25.7338063" lon="100.1742033"><ele>1966.5</ele><time>2023-11-10T23:45:41Z</time></trkpt>
      <trkpt lat="25.7337883" lon="100.1742147"><ele>1966.4</ele><time>2023-11-10T23:45:42Z</time></trkpt>
      <trkpt lat="25.7337711" lon="100.1742271"><ele>1966.3</ele><time>2023-11-10T23:45:43Z</time></trkpt>
      <trkpt lat="25.7337548" lon="100.1742399"><ele>1966.2</ele><time>2023-11-10T23:45:44Z</time></trkpt>
      <trkpt lat="25.7337391" lon="100.1742520"><ele>1966.1</ele><time>2023-11-10T23:45:45Z</time></trkpt>
      <trkpt lat="25.7337233" lon="100.1742637"><ele>1966.0</ele><time>2023-11-10T23:45:46Z</time></trkpt>
      <trkpt lat="25.7337070" lon="100.1742754"><ele>1966.0</ele><time>2023-11-10T23:45:47Z</time></trkpt>
      <trkpt lat="25.7336907" lon="100.1742867"><ele>1965.9</ele><time>2023-11-10T23:45:48Z</time></trkpt>
      <trkpt lat="25.7336743" lon="100.1742982"><ele>1965.9</ele><time>2023-11-10T23:45:49Z</time></trkpt>
      <trkpt lat="25.7336580" lon="100.1743108"><ele>1965.8</ele><time>2023-11-10T23:45:50Z</time></trkpt>
      <trkpt lat="25.7336415" lon="100.1743241"><ele>1965.8</ele><time>2023-11-10T23:45:51Z</time></trkpt>
      <trkpt lat="25.7336247" lon="100.1743378"><ele>1965.8</ele><time>2023-11-10T23:45:52Z</time></trkpt>
      <trkpt lat="25.7336080" lon="100.1743512"><ele>1965.8</ele><time>2023-11-10T23:45:53Z</time></trkpt>
      <trkpt lat="25.7335913" lon="100.1743638"><ele>1965.7</ele><time>2023-11-10T23:45:54Z</time></trkpt>
      <trkpt lat="25.7335746" lon="100.1743759"><ele>1965.8</ele><time>2023-11-10T23:45:55Z</time></trkpt>
      <trkpt lat="25.7335574" lon="100.1743878"><ele>1965.8</ele><time>2023-11-10T23:45:56Z</time></trkpt>
      <trkpt lat="25.7335400" lon="100.1744004"><ele>1965.8</ele><time>2023-11-10T23:45:57Z</time></trkpt>
      <trkpt lat="25.7335230" lon="100.1744140"><ele>1965.8</ele><time>2023-11-10T23:45:58Z</time></trkpt>
      <trkpt lat="25.7335062" lon="100.1744274"><ele>1965.8</ele><time>2023-11-10T23:45:59Z</time></trkpt>
      <trkpt lat="25.7334893" lon="100.1744399"><ele>1965.8</ele><time>2023-11-10T23:46:00Z</time></trkpt>
      <trkpt lat="25.7334727" lon="100.1744523"><ele>1965.8</ele><time>2023-11-10T23:46:01Z</time></trkpt>
      <trkpt lat="25.7334568" lon="100.1744653"><ele>1965.8</ele><time>2023-11-10T23:46:02Z</time></trkpt>
      <trkpt lat="25.7334416" lon="100.1744793"><ele>1965.8</ele><time>2023-11-10T23:46:03Z</time></trkpt>
      <trkpt lat="25.7334269" lon="100.1744945"><ele>1965.8</ele><time>2023-11-10T23:46:04Z</time></trkpt>
      <trkpt lat="25.7334123" lon="100.1745104"><ele>1965.8</ele><time>2023-11-10T23:46:05Z</time></trkpt>
      <trkpt lat="25.7333975" lon="100.1745260"><ele>1965.8</ele><time>2023-11-10T23:46:06Z</time></trkpt>
      <trkpt lat="25.7333826" lon="100.1745412"><ele>1965.8</ele><time>2023-11-10T23:46:07Z</time></trkpt>
      <trkpt lat="25.7333679" lon="100.1745562"><ele>1965.8</ele><time>2023-11-10T23:46:08Z</time></trkpt>
      <trkpt lat="25.7333533" lon="100.1745714"><ele>1965.8</ele><time>2023-11-10T23:46:09Z</time></trkpt>
      <trkpt lat="25.7333381" lon="100.1745864"><ele>1965.8</ele><time>2023-11-10T23:46:10Z</time></trkpt>
      <trkpt lat="25.7333230" lon="100.1746021"><ele>1965.8</ele><time>2023-11-10T23:46:11Z</time></trkpt>
      <trkpt lat="25.7333081" lon="100.1746188"><ele>1965.8</ele><time>2023-11-10T23:46:12Z</time></trkpt>
      <trkpt lat="25.7332930" lon="100.1746360"><ele>1965.8</ele><time>2023-11-10T23:46:13Z</time></trkpt>
      <trkpt lat="25.7332777" lon="100.1746531"><ele>1965.8</ele><time>2023-11-10T23:46:14Z</time></trkpt>
      <trkpt lat="25.7332626" lon="100.1746703"><ele>1965.9</ele><time>2023-11-10T23:46:15Z</time></trkpt>
      <trkpt lat="25.7332480" lon="100.1746878"><ele>1965.9</ele><time>2023-11-10T23:46:16Z</time></trkpt>
      <trkpt lat="25.7332337" lon="100.1747057"><ele>1966.0</ele><time>2023-11-10T23:46:17Z</time></trkpt>
      <trkpt lat="25.7332187" lon="100.1747236"><ele>1966.0</ele><time>2023-11-10T23:46:18Z</time></trkpt>
      <trkpt lat="25.7332034" lon="100.1747419"><ele>1966.1</ele><time>2023-11-10T23:46:19Z</time></trkpt>
      <trkpt lat="25.7331883" lon="100.1747614"><ele>1966.2</ele><time>2023-11-10T23:46:20Z</time></trkpt>
      <trkpt lat="25.7331733" lon="100.1747817"><ele>1966.2</ele><time>2023-11-10T23:46:21Z</time></trkpt>
      <trkpt lat="25.7331584" lon="100.1748021"><ele>1966.3</ele><time>2023-11-10T23:46:22Z</time></trkpt>
      <trkpt lat="25.7331437" lon="100.1748221"><ele>1966.4</ele><time>2023-11-10T23:46:23Z</time></trkpt>
      <trkpt lat="25.7331294" lon="100.1748415"><ele>1966.4</ele><time>2023-11-10T23:46:24Z</time></trkpt>
      <trkpt lat="25.7331151" lon="100.1748606"><ele>1966.5</ele><time>2023-11-10T23:46:25Z</time></trkpt>
      <trkpt lat="25.7331008" lon="100.1748795"><ele>1966.5</ele><time>2023-11-10T23:46:26Z</time></trkpt>
      <trkpt lat="25.7330864" lon="100.1748977"><ele>1966.6</ele><time>2023-11-10T23:46:27Z</time></trkpt>
      <trkpt lat="25.7330718" lon="100.1749157"><ele>1966.6</ele><time>2023-11-10T23:46:28Z</time></trkpt>
      <trkpt lat="25.7330572" lon="100.1749339"><ele>1966.6</ele><time>2023-11-10T23:46:29Z</time></trkpt>
      <trkpt lat="25.7330427" lon="100.1749524"><ele>1966.6</ele><time>2023-11-10T23:46:30Z</time></trkpt>
      <trkpt lat="25.7330285" lon="100.1749714"><ele>1966.6</ele><time>2023-11-10T23:46:31Z</time></trkpt>
      <trkpt lat="25.7330145" lon="100.1749906"><ele>1966.6</ele><time>2023-11-10T23:46:32Z</time></trkpt>
      <trkpt lat="25.7330006" lon="100.1750101"><ele>1966.6</ele><time>2023-11-10T23:46:33Z</time></trkpt>
      <trkpt lat="25.7329874" lon="100.1750296"><ele>1966.6</ele><time>2023-11-10T23:46:34Z</time></trkpt>
      <trkpt lat="25.7329749" lon="100.1750489"><ele>1966.5</ele><time>2023-11-10T23:46:35Z</time></trkpt>
      <trkpt lat="25.7329631" lon="100.1750681"><ele>1966.5</ele><time>2023-11-10T23:46:36Z</time></trkpt>
      <trkpt lat="25.7329530" lon="100.1750874"><ele>1966.4</ele><time>2023-11-10T23:46:37Z</time></trkpt>
      <trkpt lat="25.7329441" lon="100.1751073"><ele>1966.3</ele><time>2023-11-10T23:46:38Z</time></trkpt>
      <trkpt lat="25.7329343" lon="100.1751276"><ele>1966.3</ele><time>2023-11-10T23:46:39Z</time></trkpt>
      <trkpt lat="25.7329231" lon="100.1751476"><ele>1966.2</ele><time>2023-11-10T23:46:40Z</time></trkpt>
      <trkpt lat="25.7329112" lon="100.1751669"><ele>1966.1</ele><time>2023-11-10T23:46:41Z</time></trkpt>
      <trkpt lat="25.7328994" lon="100.1751855"><ele>1966.1</ele><time>2023-11-10T23:46:42Z</time></trkpt>
      <trkpt lat="25.7328879" lon="100.1752037"><ele>1966.0</ele><time>2023-11-10T23:46:43Z</time></trkpt>
      <trkpt lat="25.7328771" lon="100.1752221"><ele>1966.0</ele><time>2023-11-10T23:46:44Z</time></trkpt>
      <trkpt lat="25.7328667" lon="100.1752404"><ele>1965.9</ele><time>2023-11-10T23:46:45Z</time></trkpt>
      <trkpt lat="25.7328564" lon="100.1752590"><ele>1965.9</ele><time>2023-11-10T23:46:46Z</time></trkpt>
      <trkpt lat="25.7328465" lon="100.1752785"><ele>1965.9</ele><time>2023-11-10T23:46:47Z</time></trkpt>
      <trkpt lat="25.7328368" lon="100.1752989"><ele>1965.9</ele><time>2023-11-10T23:46:48Z</time></trkpt>
      <trkpt lat="25.7328273" lon="100.1753201"><ele>1965.8</ele><time>2023-11-10T23:46:49Z</time></trkpt>
      <trkpt lat="25.7328179" lon="100.1753412"><ele>1965.8</ele><time>2023-11-10T23:46:50Z</time></trkpt>
      <trkpt lat="25.7328088" lon="100.1753621"><ele>1965.8</ele><time>2023-11-10T23:46:51Z</time></trkpt>
      <trkpt lat="25.7327997" lon="100.1753826"><ele>1965.8</ele><time>2023-11-10T23:46:52Z</time></trkpt>
      <trkpt lat="25.7327904" lon="100.1754019"><ele>1965.8</ele><time>2023-11-10T23:46:53Z</time></trkpt>
      <trkpt lat="25.7327813" lon="100.1754206"><ele>1965.9</ele><time>2023-11-10T23:46:54Z</time></trkpt>
      <trkpt lat="25.7327729" lon="100.1754391"><ele>1965.9</ele><time>2023-11-10T23:46:55Z</time></trkpt>
      <trkpt lat="25.7327649" lon="100.1754578"><ele>1966.0</ele><time>2023-11-10T23:46:56Z</time></trkpt>
      <trkpt lat="25.7327569" lon="100.1754776"><ele>1966.1</ele><time>2023-11-10T23:46:57Z</time></trkpt>
      <trkpt lat="25.7327488" lon="100.1754981"><ele>1966.2</ele><time>2023-11-10T23:46:58Z</time></trkpt>
      <trkpt lat="25.7327412" lon="100.1755187"><ele>1966.2</ele><time>2023-11-10T23:46:59Z</time></trkpt>
      <trkpt lat="25.7327340" lon="100.1755397"><ele>1966.3</ele><time>2023-11-10T23:47:00Z</time></trkpt>
      <trkpt lat="25.7327270" lon="100.1755607"><ele>1966.4</ele><time>2023-11-10T23:47:01Z</time></trkpt>
      <trkpt lat="25.7327200" lon="100.1755818"><ele>1966.4</ele><time>2023-11-10T23:47:02Z</time></trkpt>
      <trkpt lat="25.7327132" lon="100.1756028"><ele>1966.5</ele><time>2023-11-10T23:47:03Z</time></trkpt>
      <trkpt lat="25.7327063" lon="100.1756234"><ele>1966.6</ele><time>2023-11-10T23:47:04Z</time></trkpt>
      <trkpt lat="25.7326995" lon="100.1756436"><ele>1966.7</ele><time>2023-11-10T23:47:05Z</time></trkpt>
      <trkpt lat="25.7326933" lon="100.1756633"><ele>1966.7</ele><time>2023-11-10T23:47:06Z</time></trkpt>
      <trkpt lat="25.7326876" lon="100.1756824"><ele>1966.8</ele><time>2023-11-10T23:47:07Z</time></trkpt>
      <trkpt lat="25.7326819" lon="100.1757013"><ele>1966.8</ele><time>2023-11-10T23:47:08Z</time></trkpt>
      <trkpt lat="25.7326769" lon="100.1757202"><ele>1966.9</ele><time>2023-11-10T23:47:09Z</time></trkpt>
      <trkpt lat="25.7326728" lon="100.1757395"><ele>1966.9</ele><time>2023-11-10T23:47:10Z</time></trkpt>
      <trkpt lat="25.7326690" lon="100.1757595"><ele>1966.9</ele><time>2023-11-10T23:47:11Z</time></trkpt>
      <trkpt lat="25.7326652" lon="100.1757799"><ele>1966.9</ele><time>2023-11-10T23:47:12Z</time></trkpt>
      <trkpt lat="25.7326615" lon="100.1758007"><ele>1966.9</ele><time>2023-11-10T23:47:13Z</time></trkpt>
      <trkpt lat="25.7326584" lon="100.1758220"><ele>1966.9</ele><time>2023-11-10T23:47:14Z</time></trkpt>
      <trkpt lat="25.7326561" lon="100.1758440"><ele>1966.9</ele><time>2023-11-10T23:47:15Z</time></trkpt>
      <trkpt lat="25.7326539" lon="100.1758670"><ele>1966.9</ele><time>2023-11-10T23:47:16Z</time></trkpt>
      <trkpt lat="25.7326509" lon="100.1758904"><ele>1966.9</ele><time>2023-11-10T23:47:17Z</time></trkpt>
      <trkpt lat="25.7326477" lon="100.1759137"><ele>1966.9</ele><time>2023-11-10T23:47:18Z</time></trkpt>
      <trkpt lat="25.7326449" lon="100.1759367"><ele>1966.8</ele><time>2023-11-10T23:47:19Z</time></trkpt>
      <trkpt lat="25.7326427" lon="100.1759590"><ele>1966.8</ele><time>2023-11-10T23:47:20Z</time></trkpt>
      <trkpt lat="25.7326410" lon="100.1759808"><ele>1966.8</ele><time>2023-11-10T23:47:21Z</time></trkpt>
      <trkpt lat="25.7326391" lon="100.1760027"><ele>1966.7</ele><time>2023-11-10T23:47:22Z</time></trkpt>
      <trkpt lat="25.7326366" lon="100.1760249"><ele>1966.7</ele><time>2023-11-10T23:47:23Z</time></trkpt>
      <trkpt lat="25.7326333" lon="100.1760478"><ele>1966.7</ele><time>2023-11-10T23:47:24Z</time></trkpt>
      <trkpt lat="25.7326308" lon="100.1760717"><ele>1966.7</ele><time>2023-11-10T23:47:25Z</time></trkpt>
      <trkpt lat="25.7326311" lon="100.1760967"><ele>1966.7</ele><time>2023-11-10T23:47:26Z</time></trkpt>
      <trkpt lat="25.7326324" lon="100.1761222"><ele>1966.6</ele><time>2023-11-10T23:47:27Z</time></trkpt>
      <trkpt lat="25.7326327" lon="100.1761477"><ele>1966.6</ele><time>2023-11-10T23:47:28Z</time></trkpt>
      <trkpt lat="25.7326322" lon="100.1761731"><ele>1966.6</ele><time>2023-11-10T23:47:29Z</time></trkpt>
      <trkpt lat="25.7326319" lon="100.1761984"><ele>1966.5</ele><time>2023-11-10T23:47:30Z</time></trkpt>
      <trkpt lat="25.7326327" lon="100.1762235"><ele>1966.5</ele><time>2023-11-10T23:47:31Z</time></trkpt>
      <trkpt lat="25.7326342" lon="100.1762490"><ele>1966.5</ele><time>2023-11-10T23:47:32Z</time></trkpt>
      <trkpt lat="25.7326360" lon="100.1762746"><ele>1966.5</ele><time>2023-11-10T23:47:33Z</time></trkpt>
      <trkpt lat="25.7326379" lon="100.1763002"><ele>1966.4</ele><time>2023-11-10T23:47:34Z</time></trkpt>
      <trkpt lat="25.7326396" lon="100.1763253"><ele>1966.4</ele><time>2023-11-10T23:47:35Z</time></trkpt>
      <trkpt lat="25.7326416" lon="100.1763501"><ele>1966.3</ele><time>2023-11-10T23:47:36Z</time></trkpt>
      <trkpt lat="25.7326446" lon="100.1763755"><ele>1966.3</ele><time>2023-11-10T23:47:37Z</time></trkpt>
      <trkpt lat="25.7326484" lon="100.1764011"><ele>1966.2</ele><time>2023-11-10T23:47:38Z</time></trkpt>
      <trkpt lat="25.7326520" lon="100.1764261"><ele>1966.2</ele><time>2023-11-10T23:47:39Z</time></trkpt>
      <trkpt lat="25.7326549" lon="100.1764499"><ele>1966.2</ele><time>2023-11-10T23:47:40Z</time></trkpt>
      <trkpt lat="25.7326583" lon="100.1764726"><ele>1966.1</ele><time>2023-11-10T23:47:41Z</time></trkpt>
      <trkpt lat="25.7326630" lon="100.1764949"><ele>1966.1</ele><time>2023-11-10T23:47:42Z</time></trkpt>
      <trkpt lat="25.7326682" lon="100.1765173"><ele>1966.1</ele><time>2023-11-10T23:47:43Z</time></trkpt>
      <trkpt lat="25.7326729" lon="100.1765404"><ele>1966.0</ele><time>2023-11-10T23:47:44Z</time></trkpt>
      <trkpt lat="25.7326772" lon="100.1765645"><ele>1966.0</ele><time>2023-11-10T23:47:45Z</time></trkpt>
      <trkpt lat="25.7326815" lon="100.1765889"><ele>1966.0</ele><time>2023-11-10T23:47:46Z</time></trkpt>
      <trkpt lat="25.7326862" lon="100.1766128"><ele>1965.9</ele><time>2023-11-10T23:47:47Z</time></trkpt>
      <trkpt lat="25.7326923" lon="100.1766350"><ele>1965.9</ele><time>2023-11-10T23:47:48Z</time></trkpt>
      <trkpt lat="25.7327003" lon="100.1766559"><ele>1965.9</ele><time>2023-11-10T23:47:49Z</time></trkpt>
      <trkpt lat="25.7327095" lon="100.1766768"><ele>1965.8</ele><time>2023-11-10T23:47:50Z</time></trkpt>
      <trkpt lat="25.7327185" lon="100.1766979"><ele>1965.8</ele><time>2023-11-10T23:47:51Z</time></trkpt>
      <trkpt lat="25.7327268" lon="100.1767191"><ele>1965.8</ele><time>2023-11-10T23:47:52Z</time></trkpt>
      <trkpt lat="25.7327347" lon="100.1767403"><ele>1965.8</ele><time>2023-11-10T23:47:53Z</time></trkpt>
      <trkpt lat="25.7327420" lon="100.1767614"><ele>1965.8</ele><time>2023-11-10T23:47:54Z</time></trkpt>
      <trkpt lat="25.7327491" lon="100.1767825"><ele>1965.8</ele><time>2023-11-10T23:47:55Z</time></trkpt>
      <trkpt lat="25.7327569" lon="100.1768031"><ele>1965.8</ele><time>2023-11-10T23:47:56Z</time></trkpt>
      <trkpt lat="25.7327655" lon="100.1768231"><ele>1965.8</ele><time>2023-11-10T23:47:57Z</time></trkpt>
      <trkpt lat="25.7327746" lon="100.1768427"><ele>1965.8</ele><time>2023-11-10T23:47:58Z</time></trkpt>
      <trkpt lat="25.7327841" lon="100.1768619"><ele>1965.9</ele><time>2023-11-10T23:47:59Z</time></trkpt>
      <trkpt lat="25.7327939" lon="100.1768809"><ele>1966.0</ele><time>2023-11-10T23:48:00Z</time></trkpt>
      <trkpt lat="25.7328037" lon="100.1769000"><ele>1966.1</ele><time>2023-11-10T23:48:01Z</time></trkpt>
      <trkpt lat="25.7328135" lon="100.1769194"><ele>1966.1</ele><time>2023-11-10T23:48:02Z</time></trkpt>
      <trkpt lat="25.7328237" lon="100.1769382"><ele>1966.2</ele><time>2023-11-10T23:48:03Z</time></trkpt>
      <trkpt lat="25.7328344" lon="100.1769562"><ele>1966.3</ele><time>2023-11-10T23:48:04Z</time></trkpt>
      <trkpt lat="25.7328453" lon="100.1769742"><ele>1966.4</ele><time>2023-11-10T23:48:05Z</time></trkpt>
      <trkpt lat="25.7328562" lon="100.1769927"><ele>1966.4</ele><time>2023-11-10T23:48:06Z</time></trkpt>
      <trkpt lat="25.7328666" lon="100.1770117"><ele>1966.5</ele><time>2023-11-10T23:48:07Z</time></trkpt>
      <trkpt lat="25.7328764" lon="100.1770305"><ele>1966.6</ele><time>2023-11-10T23:48:08Z</time></trkpt>
      <trkpt lat="25.7328858" lon="100.1770487"><ele>1966.7</ele><time>2023-11-10T23:48:09Z</time></trkpt>
      <trkpt lat="25.7328948" lon="100.1770663"><ele>1966.8</ele><time>2023-11-10T23:48:10Z</time></trkpt>
      <trkpt lat="25.7329042" lon="100.1770834"><ele>1966.9</ele><time>2023-11-10T23:48:11Z</time></trkpt>
      <trkpt lat="25.7329143" lon="100.1771002"><ele>1966.9</ele><time>2023-11-10T23:48:12Z</time></trkpt>
      <trkpt lat="25.7329250" lon="100.1771169"><ele>1967.0</ele><time>2023-11-10T23:48:13Z</time></trkpt>
      <trkpt lat="25.7329365" lon="100.1771334"><ele>1967.0</ele><time>2023-11-10T23:48:14Z</time></trkpt>
      <trkpt lat="25.7329483" lon="100.1771497"><ele>1967.1</ele><time>2023-11-10T23:48:15Z</time></trkpt>
      <trkpt lat="25.7329597" lon="100.1771663"><ele>1967.1</ele><time>2023-11-10T23:48:16Z</time></trkpt>
      <trkpt lat="25.7329707" lon="100.1771832"><ele>1967.1</ele><time>2023-11-10T23:48:17Z</time></trkpt>
      <trkpt lat="25.7329813" lon="100.1772004"><ele>1967.2</ele><time>2023-11-10T23:48:18Z</time></trkpt>
      <trkpt lat="25.7329918" lon="100.1772184"><ele>1967.2</ele><time>2023-11-10T23:48:19Z</time></trkpt>
      <trkpt lat="25.7330029" lon="100.1772364"><ele>1967.3</ele><time>2023-11-10T23:48:20Z</time></trkpt>
      <trkpt lat="25.7330147" lon="100.1772543"><ele>1967.3</ele><time>2023-11-10T23:48:21Z</time></trkpt>
      <trkpt lat="25.7330274" lon="100.1772722"><ele>1967.3</ele><time>2023-11-10T23:48:22Z</time></trkpt>
      <trkpt lat="25.7330406" lon="100.1772893"><ele>1967.3</ele><time>2023-11-10T23:48:23Z</time></trkpt>
      <trkpt lat="25.7330538" lon="100.1773055"><ele>1967.3</ele><time>2023-11-10T23:48:24Z</time></trkpt>
      <trkpt lat="25.7330664" lon="100.1773215"><ele>1967.3</ele><time>2023-11-10T23:48:25Z</time></trkpt>
      <trkpt lat="25.7330790" lon="100.1773366"><ele>1967.3</ele><time>2023-11-10T23:48:26Z</time></trkpt>
      <trkpt lat="25.7330924" lon="100.1773511"><ele>1967.3</ele><time>2023-11-10T23:48:27Z</time></trkpt>
      <trkpt lat="25.7331069" lon="100.1773655"><ele>1967.3</ele><time>2023-11-10T23:48:28Z</time></trkpt>
      <trkpt lat="25.7331221" lon="100.1773799"><ele>1967.3</ele><time>2023-11-10T23:48:29Z</time></trkpt>
      <trkpt lat="25.7331375" lon="100.1773949"><ele>1967.3</ele><time>2023-11-10T23:48:30Z</time></trkpt>
      <trkpt lat="25.7331524" lon="100.1774109"><ele>1967.3</ele><time>2023-11-10T23:48:31Z</time></trkpt>
      <trkpt lat="25.7331663" lon="100.1774276"><ele>1967.3</ele><time>2023-11-10T23:48:32Z</time></trkpt>
      <trkpt lat="25.7331791" lon="100.1774447"><ele>1967.3</ele><time>2023-11-10T23:48:33Z</time></trkpt>
      <trkpt lat="25.7331913" lon="100.1774617"><ele>1967.3</ele><time>2023-11-10T23:48:34Z</time></trkpt>
      <trkpt lat="25.7332032" lon="100.1774791"><ele>1967.3</ele><time>2023-11-10T23:48:35Z</time></trkpt>
      <trkpt lat="25.7332145" lon="100.1774972"><ele>1967.3</ele><time>2023-11-10T23:48:36Z</time></trkpt>
      <trkpt lat="25.7332251" lon="100.1775161"><ele>1967.2</ele><time>2023-11-10T23:48:37Z</time></trkpt>
      <trkpt lat="25.7332355" lon="100.1775356"><ele>1967.2</ele><time>2023-11-10T23:48:38Z</time></trkpt>
      <trkpt lat="25.7332459" lon="100.1775551"><ele>1967.1</ele><time>2023-11-10T23:48:39Z</time></trkpt>
      <trkpt lat="25.7332565" lon="100.1775735"><ele>1967.1</ele><time>2023-11-10T23:48:40Z</time></trkpt>
      <trkpt lat="25.7332663" lon="100.1775916"><ele>1967.0</ele><time>2023-11-10T23:48:41Z</time></trkpt>
      <trkpt lat="25.7332747" lon="100.1776103"><ele>1966.9</ele><time>2023-11-10T23:48:42Z</time></trkpt>
      <trkpt lat="25.7332823" lon="100.1776300"><ele>1966.8</ele><time>2023-11-10T23:48:43Z</time></trkpt>
      <trkpt lat="25.7332900" lon="100.1776502"><ele>1966.8</ele><time>2023-11-10T23:48:44Z</time></trkpt>
      <trkpt lat="25.7332975" lon="100.1776704"><ele>1966.7</ele><time>2023-11-10T23:48:45Z</time></trkpt>
      <trkpt lat="25.7333042" lon="100.1776906"><ele>1966.7</ele><time>2023-11-10T23:48:46Z</time></trkpt>
      <trkpt lat="25.7333098" lon="100.1777108"><ele>1966.6</ele><time>2023-11-10T23:48:47Z</time></trkpt>
      <trkpt lat="25.7333149" lon="100.1777312"><ele>1966.6</ele><time>2023-11-10T23:48:48Z</time></trkpt>
      <trkpt lat="25.7333204" lon="100.1777515"><ele>1966.5</ele><time>2023-11-10T23:48:49Z</time></trkpt>
      <trkpt lat="25.7333260" lon="100.1777713"><ele>1966.5</ele><time>2023-11-10T23:48:50Z</time></trkpt>
      <trkpt lat="25.7333308" lon="100.1777910"><ele>1966.5</ele><time>2023-11-10T23:48:51Z</time></trkpt>
      <trkpt lat="25.7333352" lon="100.1778108"><ele>1966.4</ele><time>2023-11-10T23:48:52Z</time></trkpt>
      <trkpt lat="25.7333398" lon="100.1778305"><ele>1966.4</ele><time>2023-11-10T23:48:53Z</time></trkpt>
      <trkpt lat="25.7333444" lon="100.1778504"><ele>1966.4</ele><time>2023-11-10T23:48:54Z</time></trkpt>
      <trkpt lat="25.7333482" lon="100.1778705"><ele>1966.4</ele><time>2023-11-10T23:48:55Z</time></trkpt>
      <trkpt lat="25.7333509" lon="100.1778904"><ele>1966.4</ele><time>2023-11-10T23:48:56Z</time></trkpt>
      <trkpt lat="25.7333523" lon="100.1779102"><ele>1966.5</ele><time>2023-11-10T23:48:57Z</time></trkpt>
      <trkpt lat="25.7333527" lon="100.1779298"><ele>1966.5</ele><time>2023-11-10T23:48:58Z</time></trkpt>
      <trkpt lat="25.7333528" lon="100.1779493"><ele>1966.5</ele><time>2023-11-10T23:48:59Z</time></trkpt>
      <trkpt lat="25.7333528" lon="100.1779686"><ele>1966.5</ele><time>2023-11-10T23:49:00Z</time></trkpt>
      <trkpt lat="25.7333527" lon="100.1779881"><ele>1966.5</ele><time>2023-11-10T23:49:01Z</time></trkpt>
      <trkpt lat="25.7333522" lon="100.1780082"><ele>1966.5</ele><time>2023-11-10T23:49:02Z</time></trkpt>
      <trkpt lat="25.7333517" lon="100.1780288"><ele>1966.6</ele><time>2023-11-10T23:49:03Z</time></trkpt>
      <trkpt lat="25.7333513" lon="100.1780498"><ele>1966.6</ele><time>2023-11-10T23:49:04Z</time></trkpt>
      <trkpt lat="25.7333509" lon="100.1780712"><ele>1966.6</ele><time>2023-11-10T23:49:05Z</time></trkpt>
      <trkpt lat="25.7333507" lon="100.1780926"><ele>1966.6</ele><time>2023-11-10T23:49:06Z</time></trkpt>
      <trkpt lat="25.7333512" lon="100.1781136"><ele>1966.6</ele><time>2023-11-10T23:49:07Z</time></trkpt>
      <trkpt lat="25.7333519" lon="100.1781346"><ele>1966.7</ele><time>2023-11-10T23:49:08Z</time></trkpt>
      <trkpt lat="25.7333526" lon="100.1781556"><ele>1966.7</ele><time>2023-11-10T23:49:09Z</time></trkpt>
      <trkpt lat="25.7333533" lon="100.1781768"><ele>1966.7</ele><time>2023-11-10T23:49:10Z</time></trkpt>
      <trkpt lat="25.7333542" lon="100.1781981"><ele>1966.7</ele><time>2023-11-10T23:49:11Z</time></trkpt>
      <trkpt lat="25.7333547" lon="100.1782193"><ele>1966.8</ele><time>2023-11-10T23:49:12Z</time></trkpt>
      <trkpt lat="25.7333546" lon="100.1782405"><ele>1966.8</ele><time>2023-11-10T23:49:13Z</time></trkpt>
      <trkpt lat="25.7333542" lon="100.1782616"><ele>1966.9</ele><time>2023-11-10T23:49:14Z</time></trkpt>
      <trkpt lat="25.7333530" lon="100.1782825"><ele>1966.9</ele><time>2023-11-10T23:49:15Z</time></trkpt>
      <trkpt lat="25.7333507" lon="100.1783032"><ele>1966.9</ele><time>2023-11-10T23:49:16Z</time></trkpt>
      <trkpt lat="25.7333477" lon="100.1783237"><ele>1967.0</ele><time>2023-11-10T23:49:17Z</time></trkpt>
      <trkpt lat="25.7333452" lon="100.1783444"><ele>1967.0</ele><time>2023-11-10T23:49:18Z</time></trkpt>
      <trkpt lat="25.7333439" lon="100.1783656"><ele>1967.1</ele><time>2023-11-10T23:49:19Z</time></trkpt>
      <trkpt lat="25.7333437" lon="100.1783864"><ele>1967.2</ele><time>2023-11-10T23:49:20Z</time></trkpt>
      <trkpt lat="25.7333435" lon="100.1784069"><ele>1967.2</ele><time>2023-11-10T23:49:21Z</time></trkpt>
      <trkpt lat="25.7333425" lon="100.1784270"><ele>1967.3</ele><time>2023-11-10T23:49:22Z</time></trkpt>
      <trkpt lat="25.7333409" lon="100.1784471"><ele>1967.4</ele><time>2023-11-10T23:49:23Z</time></trkpt>
      <trkpt lat="25.7333395" lon="100.1784676"><ele>1967.5</ele><time>2023-11-10T23:49:24Z</time></trkpt>
      <trkpt lat="25.7333392" lon="100.1784886"><ele>1967.6</ele><time>2023-11-10T23:49:25Z</time></trkpt>
      <trkpt lat="25.7333389" lon="100.1785101"><ele>1967.7</ele><time>2023-11-10T23:49:26Z</time></trkpt>
      <trkpt lat="25.7333384" lon="100.1785319"><ele>1967.7</ele><time>2023-11-10T23:49:27Z</time></trkpt>
      <trkpt lat="25.7333386" lon="100.1785532"><ele>1967.8</ele><time>2023-11-10T23:49:28Z</time></trkpt>
      <trkpt lat="25.7333393" lon="100.1785742"><ele>1967.8</ele><time>2023-11-10T23:49:29Z</time></trkpt>
      <trkpt lat="25.7333404" lon="100.1785954"><ele>1967.8</ele><time>2023-11-10T23:49:30Z</time></trkpt>
      <trkpt lat="25.7333410" lon="100.1786167"><ele>1967.8</ele><time>2023-11-10T23:49:31Z</time></trkpt>
      <trkpt lat="25.7333408" lon="100.1786386"><ele>1967.8</ele><time>2023-11-10T23:49:32Z</time></trkpt>
      <trkpt lat="25.7333393" lon="100.1786610"><ele>1967.8</ele><time>2023-11-10T23:49:33Z</time></trkpt>
      <trkpt lat="25.7333369" lon="100.1786834"><ele>1967.8</ele><time>2023-11-10T23:49:34Z</time></trkpt>
      <trkpt lat="25.7333337" lon="100.1787047"><ele>1967.9</ele><time>2023-11-10T23:49:35Z</time></trkpt>
      <trkpt lat="25.7333304" lon="100.1787248"><ele>1967.9</ele><time>2023-11-10T23:49:36Z</time></trkpt>
      <trkpt lat="25.7333281" lon="100.1787447"><ele>1967.9</ele><time>2023-11-10T23:49:37Z</time></trkpt>
      <trkpt lat="25.7333272" lon="100.1787646"><ele>1967.9</ele><time>2023-11-10T23:49:38Z</time></trkpt>
      <trkpt lat="25.7333271" lon="100.1787845"><ele>1968.0</ele><time>2023-11-10T23:49:39Z</time></trkpt>
      <trkpt lat="25.7333268" lon="100.1788047"><ele>1968.0</ele><time>2023-11-10T23:49:40Z</time></trkpt>
      <trkpt lat="25.7333260" lon="100.1788250"><ele>1968.0</ele><time>2023-11-10T23:49:41Z</time></trkpt>
      <trkpt lat="25.7333254" lon="100.1788456"><ele>1968.0</ele><time>2023-11-10T23:49:42Z</time></trkpt>
      <trkpt lat="25.7333259" lon="100.1788668"><ele>1968.1</ele><time>2023-11-10T23:49:43Z</time></trkpt>
      <trkpt lat="25.7333265" lon="100.1788882"><ele>1968.1</ele><time>2023-11-10T23:49:44Z</time></trkpt>
      <trkpt lat="25.7333257" lon="100.1789100"><ele>1968.2</ele><time>2023-11-10T23:49:45Z</time></trkpt>
      <trkpt lat="25.7333236" lon="100.1789322"><ele>1968.2</ele><time>2023-11-10T23:49:46Z</time></trkpt>
      <trkpt lat="25.7333209" lon="100.1789539"><ele>1968.3</ele><time>2023-11-10T23:49:47Z</time></trkpt>
      <trkpt lat="25.7333192" lon="100.1789755"><ele>1968.3</ele><time>2023-11-10T23:49:48Z</time></trkpt>
      <trkpt lat="25.7333186" lon="100.1789967"><ele>1968.4</ele><time>2023-11-10T23:49:49Z</time></trkpt>
      <trkpt lat="25.7333184" lon="100.1790177"><ele>1968.4</ele><time>2023-11-10T23:49:50Z</time></trkpt>
      <trkpt lat="25.7333179" lon="100.1790385"><ele>1968.4</ele><time>2023-11-10T23:49:51Z</time></trkpt>
      <trkpt lat="25.7333166" lon="100.1790592"><ele>1968.4</ele><time>2023-11-10T23:49:52Z</time></trkpt>
      <trkpt lat="25.7333147" lon="100.1790800"><ele>1968.4</ele><time>2023-11-10T23:49:53Z</time></trkpt>
      <trkpt lat="25.7333127" lon="100.1791009"><ele>1968.4</ele><time>2023-11-10T23:49:54Z</time></trkpt>
      <trkpt lat="25.7333109" lon="100.1791222"><ele>1968.4</ele><time>2023-11-10T23:49:55Z</time></trkpt>
      <trkpt lat="25.7333088" lon="100.1791444"><ele>1968.4</ele><time>2023-11-10T23:49:56Z</time></trkpt>
      <trkpt lat="25.7333055" lon="100.1791675"><ele>1968.4</ele><time>2023-11-10T23:49:57Z</time></trkpt>
      <trkpt lat="25.7333008" lon="100.1791909"><ele>1968.4</ele><time>2023-11-10T23:49:58Z</time></trkpt>
      <trkpt lat="25.7332945" lon="100.1792140"><ele>1968.5</ele><time>2023-11-10T23:49:59Z</time></trkpt>
      <trkpt lat="25.7332869" lon="100.1792360"><ele>1968.5</ele><time>2023-11-10T23:50:00Z</time></trkpt>
      <trkpt lat="25.7332786" lon="100.1792570"><ele>1968.5</ele><time>2023-11-10T23:50:01Z</time></trkpt>
      <trkpt lat="25.7332689" lon="100.1792767"><ele>1968.6</ele><time>2023-11-10T23:50:02Z</time></trkpt>
      <trkpt lat="25.7332575" lon="100.1792953"><ele>1968.6</ele><time>2023-11-10T23:50:03Z</time></trkpt>
      <trkpt lat="25.7332453" lon="100.1793135"><ele>1968.6</ele><time>2023-11-10T23:50:04Z</time></trkpt>
      <trkpt lat="25.7332336" lon="100.1793317"><ele>1968.7</ele><time>2023-11-10T23:50:05Z</time></trkpt>
      <trkpt lat="25.7332233" lon="100.1793508"><ele>1968.8</ele><time>2023-11-10T23:50:06Z</time></trkpt>
      <trkpt lat="25.7332141" lon="100.1793708"><ele>1968.8</ele><time>2023-11-10T23:50:07Z</time></trkpt>
      <trkpt lat="25.7332050" lon="100.1793903"><ele>1968.9</ele><time>2023-11-10T23:50:08Z</time></trkpt>
      <trkpt lat="25.7331952" lon="100.1794085"><ele>1968.9</ele><time>2023-11-10T23:50:09Z</time></trkpt>
      <trkpt lat="25.7331842" lon="100.1794257"><ele>1969.0</ele><time>2023-11-10T23:50:10Z</time></trkpt>
      <trkpt lat="25.7331731" lon="100.1794428"><ele>1969.0</ele><time>2023-11-10T23:50:11Z</time></trkpt>
      <trkpt lat="25.7331622" lon="100.1794604"><ele>1969.0</ele><time>2023-11-10T23:50:12Z</time></trkpt>
      <trkpt lat="25.7331523" lon="100.1794787"><ele>1969.0</ele><time>2023-11-10T23:50:13Z</time></trkpt>
      <trkpt lat="25.7331435" lon="100.1794978"><ele>1969.0</ele><time>2023-11-10T23:50:14Z</time></trkpt>
      <trkpt lat="25.7331351" lon="100.1795170"><ele>1969.0</ele><time>2023-11-10T23:50:15Z</time></trkpt>
      <trkpt lat="25.7331264" lon="100.1795356"><ele>1969.0</ele><time>2023-11-10T23:50:16Z</time></trkpt>
      <trkpt lat="25.7331178" lon="100.1795544"><ele>1969.0</ele><time>2023-11-10T23:50:17Z</time></trkpt>
      <trkpt lat="25.7331092" lon="100.1795734"><ele>1969.0</ele><time>2023-11-10T23:50:18Z</time></trkpt>
      <trkpt lat="25.7331006" lon="100.1795923"><ele>1969.0</ele><time>2023-11-10T23:50:19Z</time></trkpt>
      <trkpt lat="25.7330911" lon="100.1796111"><ele>1969.0</ele><time>2023-11-10T23:50:20Z</time></trkpt>
      <trkpt lat="25.7330808" lon="100.1796299"><ele>1968.9</ele><time>2023-11-10T23:50:21Z</time></trkpt>
      <trkpt lat="25.7330702" lon="100.1796484"><ele>1968.9</ele><time>2023-11-10T23:50:22Z</time></trkpt>
      <trkpt lat="25.7330591" lon="100.1796664"><ele>1968.9</ele><time>2023-11-10T23:50:23Z</time></trkpt>
      <trkpt lat="25.7330484" lon="100.1796843"><ele>1968.9</ele><time>2023-11-10T23:50:24Z</time></trkpt>
      <trkpt lat="25.7330380" lon="100.1797026"><ele>1968.9</ele><time>2023-11-10T23:50:25Z</time></trkpt>
      <trkpt lat="25.7330273" lon="100.1797208"><ele>1968.8</ele><time>2023-11-10T23:50:26Z</time></trkpt>
      <trkpt lat="25.7330162" lon="100.1797384"><ele>1968.8</ele><time>2023-11-10T23:50:27Z</time></trkpt>
      <trkpt lat="25.7330053" lon="100.1797558"><ele>1968.8</ele><time>2023-11-10T23:50:28Z</time></trkpt>
      <trkpt lat="25.7329951" lon="100.1797736"><ele>1968.7</ele><time>2023-11-10T23:50:29Z</time></trkpt>
      <trkpt lat="25.7329857" lon="100.1797918"><ele>1968.7</ele><time>2023-11-10T23:50:30Z</time></trkpt>
      <trkpt lat="25.7329769" lon="100.1798104"><ele>1968.6</ele><time>2023-11-10T23:50:31Z</time></trkpt>
      <trkpt lat="25.7329690" lon="100.1798290"><ele>1968.6</ele><time>2023-11-10T23:50:32Z</time></trkpt>
      <trkpt lat="25.7329616" lon="100.1798476"><ele>1968.5</ele><time>2023-11-10T23:50:33Z</time></trkpt>
      <trkpt lat="25.7329539" lon="100.1798663"><ele>1968.5</ele><time>2023-11-10T23:50:34Z</time></trkpt>
      <trkpt lat="25.7329465" lon="100.1798851"><ele>1968.4</ele><time>2023-11-10T23:50:35Z</time></trkpt>
      <trkpt lat="25.7329401" lon="100.1799040"><ele>1968.4</ele><time>2023-11-10T23:50:36Z</time></trkpt>
      <trkpt lat="25.7329343" lon="100.1799234"><ele>1968.3</ele><time>2023-11-10T23:50:37Z</time></trkpt>
      <trkpt lat="25.7329279" lon="100.1799429"><ele>1968.3</ele><time>2023-11-10T23:50:38Z</time></trkpt>
      <trkpt lat="25.7329208" lon="100.1799626"><ele>1968.2</ele><time>2023-11-10T23:50:39Z</time></trkpt>
      <trkpt lat="25.7329131" lon="100.1799819"><ele>1968.2</ele><time>2023-11-10T23:50:40Z</time></trkpt>
      <trkpt lat="25.7329056" lon="100.1800004"><ele>1968.2</ele><time>2023-11-10T23:50:41Z</time></trkpt>
      <trkpt lat="25.7328992" lon="100.1800189"><ele>1968.1</ele><time>2023-11-10T23:50:42Z</time></trkpt>
      <trkpt lat="25.7328938" lon="100.1800384"><ele>1968.1</ele><time>2023-11-10T23:50:43Z</time></trkpt>
      <trkpt lat="25.7328891" lon="100.1800594"><ele>1968.0</ele><time>2023-11-10T23:50:44Z</time></trkpt>
      <trkpt lat="25.7328839" lon="100.1800817"><ele>1968.0</ele><time>2023-11-10T23:50:45Z</time></trkpt>
      <trkpt lat="25.7328778" lon="100.1801042"><ele>1967.9</ele><time>2023-11-10T23:50:46Z</time></trkpt>
      <trkpt lat="25.7328716" lon="100.1801265"><ele>1967.9</ele><time>2023-11-10T23:50:47Z</time></trkpt>
      <trkpt lat="25.7328653" lon="100.1801486"><ele>1967.9</ele><time>2023-11-10T23:50:48Z</time></trkpt>
      <trkpt lat="25.7328591" lon="100.1801703"><ele>1967.8</ele><time>2023-11-10T23:50:49Z</time></trkpt>
      <trkpt lat="25.7328542" lon="100.1801923"><ele>1967.8</ele><time>2023-11-10T23:50:50Z</time></trkpt>
      <trkpt lat="25.7328499" lon="100.1802141"><ele>1967.7</ele><time>2023-11-10T23:50:51Z</time></trkpt>
      <trkpt lat="25.7328466" lon="100.1802356"><ele>1967.6</ele><time>2023-11-10T23:50:52Z</time></trkpt>
      <trkpt lat="25.7328446" lon="100.1802583"><ele>1967.5</ele><time>2023-11-10T23:50:53Z</time></trkpt>
      <trkpt lat="25.7328425" lon="100.1802824"><ele>1967.5</ele><time>2023-11-10T23:50:54Z</time></trkpt>
      <trkpt lat="25.7328394" lon="100.1803068"><ele>1967.5</ele><time>2023-11-10T23:50:55Z</time></trkpt>
      <trkpt lat="25.7328350" lon="100.1803313"><ele>1967.4</ele><time>2023-11-10T23:50:56Z</time></trkpt>
      <trkpt lat="25.7328299" lon="100.1803553"><ele>1967.4</ele><time>2023-11-10T23:50:57Z</time></trkpt>
      <trkpt lat="25.7328245" lon="100.1803787"><ele>1967.4</ele><time>2023-11-10T23:50:58Z</time></trkpt>
      <trkpt lat="25.7328198" lon="100.1804016"><ele>1967.4</ele><time>2023-11-10T23:50:59Z</time></trkpt>
      <trkpt lat="25.7328163" lon="100.1804242"><ele>1967.4</ele><time>2023-11-10T23:51:00Z</time></trkpt>
      <trkpt lat="25.7328130" lon="100.1804468"><ele>1967.4</ele><time>2023-11-10T23:51:01Z</time></trkpt>
      <trkpt lat="25.7328099" lon="100.1804696"><ele>1967.4</ele><time>2023-11-10T23:51:02Z</time></trkpt>
      <trkpt lat="25.7328073" lon="100.1804928"><ele>1967.4</ele><time>2023-11-10T23:51:03Z</time></trkpt>
      <trkpt lat="25.7328047" lon="100.1805160"><ele>1967.4</ele><time>2023-11-10T23:51:04Z</time></trkpt>
      <trkpt lat="25.7328011" lon="100.1805391"><ele>1967.5</ele><time>2023-11-10T23:51:05Z</time></trkpt>
      <trkpt lat="25.7327969" lon="100.1805619"><ele>1967.5</ele><time>2023-11-10T23:51:06Z</time></trkpt>
      <trkpt lat="25.7327937" lon="100.1805850"><ele>1967.5</ele><time>2023-11-10T23:51:07Z</time></trkpt>
      <trkpt lat="25.7327912" lon="100.1806081"><ele>1967.5</ele><time>2023-11-10T23:51:08Z</time></trkpt>
      <trkpt lat="25.7327883" lon="100.1806307"><ele>1967.5</ele><time>2023-11-10T23:51:09Z</time></trkpt>
      <trkpt lat="25.7327849" lon="100.1806527"><ele>1967.5</ele><time>2023-11-10T23:51:09Z</time></trkpt>
      <trkpt lat="25.7327815" lon="100.1806742"><ele>1967.5</ele><time>2023-11-10T23:51:10Z</time></trkpt>
      <trkpt lat="25.7327772" lon="100.1806960"><ele>1967.5</ele><time>2023-11-10T23:51:11Z</time></trkpt>
      <trkpt lat="25.7327728" lon="100.1807180"><ele>1967.5</ele><time>2023-11-10T23:51:12Z</time></trkpt>
      <trkpt lat="25.7327684" lon="100.1807402"><ele>1967.5</ele><time>2023-11-10T23:51:13Z</time></trkpt>
      <trkpt lat="25.7327628" lon="100.1807621"><ele>1967.5</ele><time>2023-11-10T23:51:14Z</time></trkpt>
      <trkpt lat="25.7327563" lon="100.1807834"><ele>1967.5</ele><time>2023-11-10T23:51:15Z</time></trkpt>
      <trkpt lat="25.7327494" lon="100.1808046"><ele>1967.5</ele><time>2023-11-10T23:51:16Z</time></trkpt>
      <trkpt lat="25.7327429" lon="100.1808260"><ele>1967.5</ele><time>2023-11-10T23:51:17Z</time></trkpt>
      <trkpt lat="25.7327368" lon="100.1808474"><ele>1967.5</ele><time>2023-11-10T23:51:18Z</time></trkpt>
      <trkpt lat="25.7327320" lon="100.1808691"><ele>1967.5</ele><time>2023-11-10T23:51:19Z</time></trkpt>
      <trkpt lat="25.7327280" lon="100.1808906"><ele>1967.4</ele><time>2023-11-10T23:51:20Z</time></trkpt>
      <trkpt lat="25.7327227" lon="100.1809115"><ele>1967.4</ele><time>2023-11-10T23:51:21Z</time></trkpt>
      <trkpt lat="25.7327158" lon="100.1809321"><ele>1967.4</ele><time>2023-11-10T23:51:22Z</time></trkpt>
      <trkpt lat="25.7327094" lon="100.1809527"><ele>1967.4</ele><time>2023-11-10T23:51:23Z</time></trkpt>
      <trkpt lat="25.7327040" lon="100.1809736"><ele>1967.4</ele><time>2023-11-10T23:51:24Z</time></trkpt>
      <trkpt lat="25.7326994" lon="100.1809949"><ele>1967.4</ele><time>2023-11-10T23:51:25Z</time></trkpt>
      <trkpt lat="25.7326950" lon="100.1810165"><ele>1967.4</ele><time>2023-11-10T23:51:26Z</time></trkpt>
      <trkpt lat="25.7326901" lon="100.1810388"><ele>1967.4</ele><time>2023-11-10T23:51:27Z</time></trkpt>
      <trkpt lat="25.7326857" lon="100.1810618"><ele>1967.3</ele><time>2023-11-10T23:51:28Z</time></trkpt>
      <trkpt lat="25.7326818" lon="100.1810853"><ele>1967.3</ele><time>2023-11-10T23:51:29Z</time></trkpt>
      <trkpt lat="25.7326777" lon="100.1811084"><ele>1967.3</ele><time>2023-11-10T23:51:30Z</time></trkpt>
      <trkpt lat="25.7326736" lon="100.1811312"><ele>1967.3</ele><time>2023-11-10T23:51:31Z</time></trkpt>
      <trkpt lat="25.7326689" lon="100.1811541"><ele>1967.3</ele><time>2023-11-10T23:51:32Z</time></trkpt>
      <trkpt lat="25.7326641" lon="100.1811775"><ele>1967.3</ele><time>2023-11-10T23:51:33Z</time></trkpt>
      <trkpt lat="25.7326615" lon="100.1812020"><ele>1967.3</ele><time>2023-11-10T23:51:34Z</time></trkpt>
      <trkpt lat="25.7326607" lon="100.1812269"><ele>1967.3</ele><time>2023-11-10T23:51:35Z</time></trkpt>
      <trkpt lat="25.7326583" lon="100.1812511"><ele>1967.3</ele><time>2023-11-10T23:51:36Z</time></trkpt>
      <trkpt lat="25.7326519" lon="100.1812737"><ele>1967.4</ele><time>2023-11-10T23:51:37Z</time></trkpt>
      <trkpt lat="25.7326427" lon="100.1812945"><ele>1967.4</ele><time>2023-11-10T23:51:38Z</time></trkpt>
      <trkpt lat="25.7326337" lon="100.1813149"><ele>1967.4</ele><time>2023-11-10T23:51:39Z</time></trkpt>
      <trkpt lat="25.7326255" lon="100.1813360"><ele>1967.5</ele><time>2023-11-10T23:51:40Z</time></trkpt>
      <trkpt lat="25.7326184" lon="100.1813579"><ele>1967.6</ele><time>2023-11-10T23:51:41Z</time></trkpt>
      <trkpt lat="25.7326126" lon="100.1813803"><ele>1967.7</ele><time>2023-11-10T23:51:42Z</time></trkpt>
      <trkpt lat="25.7326065" lon="100.1814021"><ele>1967.8</ele><time>2023-11-10T23:51:43Z</time></trkpt>
      <trkpt lat="25.7325999" lon="100.1814231"><ele>1967.8</ele><time>2023-11-10T23:51:44Z</time></trkpt>
      <trkpt lat="25.7325933" lon="100.1814437"><ele>1967.9</ele><time>2023-11-10T23:51:45Z</time></trkpt>
      <trkpt lat="25.7325872" lon="100.1814647"><ele>1968.0</ele><time>2023-11-10T23:51:46Z</time></trkpt>
      <trkpt lat="25.7325815" lon="100.1814857"><ele>1968.1</ele><time>2023-11-10T23:51:47Z</time></trkpt>
      <trkpt lat="25.7325753" lon="100.1815064"><ele>1968.1</ele><time>2023-11-10T23:51:48Z</time></trkpt>
      <trkpt lat="25.7325686" lon="100.1815267"><ele>1968.2</ele><time>2023-11-10T23:51:49Z</time></trkpt>
      <trkpt lat="25.7325616" lon="100.1815463"><ele>1968.3</ele><time>2023-11-10T23:51:50Z</time></trkpt>
      <trkpt lat="25.7325539" lon="100.1815656"><ele>1968.4</ele><time>2023-11-10T23:51:51Z</time></trkpt>
      <trkpt lat="25.7325461" lon="100.1815843"><ele>1968.4</ele><time>2023-11-10T23:51:52Z</time></trkpt>
      <trkpt lat="25.7325385" lon="100.1816024"><ele>1968.5</ele><time>2023-11-10T23:51:53Z</time></trkpt>
      <trkpt lat="25.7325309" lon="100.1816207"><ele>1968.6</ele><time>2023-11-10T23:51:54Z</time></trkpt>
      <trkpt lat="25.7325235" lon="100.1816392"><ele>1968.6</ele><time>2023-11-10T23:51:55Z</time></trkpt>
      <trkpt lat="25.7325155" lon="100.1816579"><ele>1968.7</ele><time>2023-11-10T23:51:56Z</time></trkpt>
      <trkpt lat="25.7325064" lon="100.1816770"><ele>1968.8</ele><time>2023-11-10T23:51:57Z</time></trkpt>
      <trkpt lat="25.7324974" lon="100.1816963"><ele>1968.8</ele><time>2023-11-10T23:51:58Z</time></trkpt>
      <trkpt lat="25.7324890" lon="100.1817158"><ele>1968.9</ele><time>2023-11-10T23:51:59Z</time></trkpt>
      <trkpt lat="25.7324814" lon="100.1817351"><ele>1968.9</ele><time>2023-11-10T23:52:00Z</time></trkpt>
      <trkpt lat="25.7324741" lon="100.1817546"><ele>1969.0</ele><time>2023-11-10T23:52:01Z</time></trkpt>
      <trkpt lat="25.7324659" lon="100.1817741"><ele>1969.0</ele><time>2023-11-10T23:52:02Z</time></trkpt>
      <trkpt lat="25.7324571" lon="100.1817936"><ele>1969.1</ele><time>2023-11-10T23:52:03Z</time></trkpt>
      <trkpt lat="25.7324484" lon="100.1818135"><ele>1969.2</ele><time>2023-11-10T23:52:04Z</time></trkpt>
      <trkpt lat="25.7324395" lon="100.1818334"><ele>1969.2</ele><time>2023-11-10T23:52:05Z</time></trkpt>
      <trkpt lat="25.7324300" lon="100.1818522"><ele>1969.3</ele><time>2023-11-10T23:52:06Z</time></trkpt>
      <trkpt lat="25.7324206" lon="100.1818701"><ele>1969.3</ele><time>2023-11-10T23:52:07Z</time></trkpt>
      <trkpt lat="25.7324123" lon="100.1818886"><ele>1969.3</ele><time>2023-11-10T23:52:08Z</time></trkpt>
      <trkpt lat="25.7324058" lon="100.1819087"><ele>1969.4</ele><time>2023-11-10T23:52:09Z</time></trkpt>
      <trkpt lat="25.7324002" lon="100.1819298"><ele>1969.4</ele><time>2023-11-10T23:52:10Z</time></trkpt>
      <trkpt lat="25.7323945" lon="100.1819511"><ele>1969.4</ele><time>2023-11-10T23:52:11Z</time></trkpt>
      <trkpt lat="25.7323885" lon="100.1819722"><ele>1969.4</ele><time>2023-11-10T23:52:12Z</time></trkpt>
      <trkpt lat="25.7323828" lon="100.1819933"><ele>1969.4</ele><time>2023-11-10T23:52:13Z</time></trkpt>
      <trkpt lat="25.7323774" lon="100.1820141"><ele>1969.4</ele><time>2023-11-10T23:52:14Z</time></trkpt>
      <trkpt lat="25.7323717" lon="100.1820345"><ele>1969.4</ele><time>2023-11-10T23:52:15Z</time></trkpt>
      <trkpt lat="25.7323661" lon="100.1820548"><ele>1969.4</ele><time>2023-11-10T23:52:16Z</time></trkpt>
      <trkpt lat="25.7323614" lon="100.1820751"><ele>1969.4</ele><time>2023-11-10T23:52:17Z</time></trkpt>
      <trkpt lat="25.7323572" lon="100.1820956"><ele>1969.4</ele><time>2023-11-10T23:52:18Z</time></trkpt>
      <trkpt lat="25.7323535" lon="100.1821164"><ele>1969.3</ele><time>2023-11-10T23:52:19Z</time></trkpt>
      <trkpt lat="25.7323500" lon="100.1821376"><ele>1969.3</ele><time>2023-11-10T23:52:20Z</time></trkpt>
      <trkpt lat="25.7323466" lon="100.1821591"><ele>1969.2</ele><time>2023-11-10T23:52:21Z</time></trkpt>
      <trkpt lat="25.7323434" lon="100.1821806"><ele>1969.1</ele><time>2023-11-10T23:52:22Z</time></trkpt>
      <trkpt lat="25.7323409" lon="100.1822024"><ele>1969.1</ele><time>2023-11-10T23:52:23Z</time></trkpt>
      <trkpt lat="25.7323390" lon="100.1822245"><ele>1969.0</ele><time>2023-11-10T23:52:24Z</time></trkpt>
      <trkpt lat="25.7323380" lon="100.1822465"><ele>1968.9</ele><time>2023-11-10T23:52:25Z</time></trkpt>
      <trkpt lat="25.7323377" lon="100.1822684"><ele>1968.8</ele><time>2023-11-10T23:52:26Z</time></trkpt>
      <trkpt lat="25.7323375" lon="100.1822901"><ele>1968.7</ele><time>2023-11-10T23:52:27Z</time></trkpt>
      <trkpt lat="25.7323369" lon="100.1823113"><ele>1968.6</ele><time>2023-11-10T23:52:28Z</time></trkpt>
      <trkpt lat="25.7323359" lon="100.1823324"><ele>1968.5</ele><time>2023-11-10T23:52:29Z</time></trkpt>
      <trkpt lat="25.7323351" lon="100.1823537"><ele>1968.3</ele><time>2023-11-10T23:52:30Z</time></trkpt>
      <trkpt lat="25.7323353" lon="100.1823752"><ele>1968.2</ele><time>2023-11-10T23:52:31Z</time></trkpt>
      <trkpt lat="25.7323358" lon="100.1823973"><ele>1968.1</ele><time>2023-11-10T23:52:32Z</time></trkpt>
      <trkpt lat="25.7323363" lon="100.1824200"><ele>1968.0</ele><time>2023-11-10T23:52:33Z</time></trkpt>
      <trkpt lat="25.7323371" lon="100.1824432"><ele>1967.9</ele><time>2023-11-10T23:52:34Z</time></trkpt>
      <trkpt lat="25.7323380" lon="100.1824664"><ele>1967.8</ele><time>2023-11-10T23:52:35Z</time></trkpt>
      <trkpt lat="25.7323390" lon="100.1824891"><ele>1967.7</ele><time>2023-11-10T23:52:36Z</time></trkpt>
      <trkpt lat="25.7323413" lon="100.1825108"><ele>1967.6</ele><time>2023-11-10T23:52:37Z</time></trkpt>
      <trkpt lat="25.7323450" lon="100.1825318"><ele>1967.5</ele><time>2023-11-10T23:52:38Z</time></trkpt>
      <trkpt lat="25.7323491" lon="100.1825533"><ele>1967.5</ele><time>2023-11-10T23:52:39Z</time></trkpt>
      <trkpt lat="25.7323536" lon="100.1825753"><ele>1967.4</ele><time>2023-11-10T23:52:40Z</time></trkpt>
      <trkpt lat="25.7323584" lon="100.1825976"><ele>1967.4</ele><time>2023-11-10T23:52:41Z</time></trkpt>
      <trkpt lat="25.7323630" lon="100.1826210"><ele>1967.4</ele><time>2023-11-10T23:52:42Z</time></trkpt>
      <trkpt lat="25.7323677" lon="100.1826454"><ele>1967.4</ele><time>2023-11-10T23:52:43Z</time></trkpt>
      <trkpt lat="25.7323735" lon="100.1826698"><ele>1967.4</ele><time>2023-11-10T23:52:44Z</time></trkpt>
      <trkpt lat="25.7323803" lon="100.1826944"><ele>1967.3</ele><time>2023-11-10T23:52:45Z</time></trkpt>
      <trkpt lat="25.7323873" lon="100.1827194"><ele>1967.3</ele><time>2023-11-10T23:52:46Z</time></trkpt>
      <trkpt lat="25.7323937" lon="100.1827452"><ele>1967.3</ele><time>2023-11-10T23:52:47Z</time></trkpt>
      <trkpt lat="25.7323990" lon="100.1827710"><ele>1967.4</ele><time>2023-11-10T23:52:48Z</time></trkpt>
      <trkpt lat="25.7324037" lon="100.1827966"><ele>1967.4</ele><time>2023-11-10T23:52:49Z</time></trkpt>
      <trkpt lat="25.7324077" lon="100.1828225"><ele>1967.4</ele><time>2023-11-10T23:52:50Z</time></trkpt>
      <trkpt lat="25.7324115" lon="100.1828483"><ele>1967.4</ele><time>2023-11-10T23:52:51Z</time></trkpt>
      <trkpt lat="25.7324158" lon="100.1828738"><ele>1967.4</ele><time>2023-11-10T23:52:52Z</time></trkpt>
      <trkpt lat="25.7324209" lon="100.1828988"><ele>1967.4</ele><time>2023-11-10T23:52:53Z</time></trkpt>
      <trkpt lat="25.7324269" lon="100.1829235"><ele>1967.4</ele><time>2023-11-10T23:52:54Z</time></trkpt>
      <trkpt lat="25.7324331" lon="100.1829482"><ele>1967.4</ele><time>2023-11-10T23:52:55Z</time></trkpt>
      <trkpt lat="25.7324394" lon="100.1829724"><ele>1967.4</ele><time>2023-11-10T23:52:56Z</time></trkpt>
      <trkpt lat="25.7324462" lon="100.1829959"><ele>1967.4</ele><time>2023-11-10T23:52:57Z</time></trkpt>
      <trkpt lat="25.7324535" lon="100.1830188"><ele>1967.4</ele><time>2023-11-10T23:52:58Z</time></trkpt>
      <trkpt lat="25.7324611" lon="100.1830410"><ele>1967.4</ele><time>2023-11-10T23:52:59Z</time></trkpt>
      <trkpt lat="25.7324692" lon="100.1830631"><ele>1967.4</ele><time>2023-11-10T23:53:00Z</time></trkpt>
      <trkpt lat="25.7324777" lon="100.1830848"><ele>1967.3</ele><time>2023-11-10T23:53:01Z</time></trkpt>
      <trkpt lat="25.7324866" lon="100.1831061"><ele>1967.3</ele><time>2023-11-10T23:53:02Z</time></trkpt>
      <trkpt lat="25.7324958" lon="100.1831274"><ele>1967.3</ele><time>2023-11-10T23:53:03Z</time></trkpt>
      <trkpt lat="25.7325052" lon="100.1831484"><ele>1967.3</ele><time>2023-11-10T23:53:04Z</time></trkpt>
      <trkpt lat="25.7325151" lon="100.1831690"><ele>1967.3</ele><time>2023-11-10T23:53:05Z</time></trkpt>
      <trkpt lat="25.7325254" lon="100.1831891"><ele>1967.3</ele><time>2023-11-10T23:53:06Z</time></trkpt>
      <trkpt lat="25.7325359" lon="100.1832088"><ele>1967.4</ele><time>2023-11-10T23:53:07Z</time></trkpt>
      <trkpt lat="25.7325466" lon="100.1832287"><ele>1967.4</ele><time>2023-11-10T23:53:08Z</time></trkpt>
      <trkpt lat="25.7325573" lon="100.1832489"><ele>1967.4</ele><time>2023-11-10T23:53:09Z</time></trkpt>
      <trkpt lat="25.7325680" lon="100.1832699"><ele>1967.4</ele><time>2023-11-10T23:53:10Z</time></trkpt>
      <trkpt lat="25.7325787" lon="100.1832916"><ele>1967.5</ele><time>2023-11-10T23:53:11Z</time></trkpt>
      <trkpt lat="25.7325892" lon="100.1833137"><ele>1967.5</ele><time>2023-11-10T23:53:12Z</time></trkpt>
      <trkpt lat="25.7325991" lon="100.1833362"><ele>1967.6</ele><time>2023-11-10T23:53:13Z</time></trkpt>
      <trkpt lat="25.7326078" lon="100.1833593"><ele>1967.6</ele><time>2023-11-10T23:53:14Z</time></trkpt>
      <trkpt lat="25.7326152" lon="100.1833828"><ele>1967.7</ele><time>2023-11-10T23:53:15Z</time></trkpt>
      <trkpt lat="25.7326203" lon="100.1834073"><ele>1967.7</ele><time>2023-11-10T23:53:16Z</time></trkpt>
      <trkpt lat="25.7326233" lon="100.1834321"><ele>1967.8</ele><time>2023-11-10T23:53:17Z</time></trkpt>
      <trkpt lat="25.7326250" lon="100.1834567"><ele>1967.8</ele><time>2023-11-10T23:53:18Z</time></trkpt>
      <trkpt lat="25.7326256" lon="100.1834806"><ele>1967.9</ele><time>2023-11-10T23:53:19Z</time></trkpt>
      <trkpt lat="25.7326260" lon="100.1835038"><ele>1967.9</ele><time>2023-11-10T23:53:20Z</time></trkpt>
      <trkpt lat="25.7326268" lon="100.1835263"><ele>1968.0</ele><time>2023-11-10T23:53:21Z</time></trkpt>
      <trkpt lat="25.7326257" lon="100.1835484"><ele>1968.0</ele><time>2023-11-10T23:53:22Z</time></trkpt>
      <trkpt lat="25.7326216" lon="100.1835699"><ele>1968.0</ele><time>2023-11-10T23:53:23Z</time></trkpt>
      <trkpt lat="25.7326152" lon="100.1835905"><ele>1968.1</ele><time>2023-11-10T23:53:24Z</time></trkpt>
      <trkpt lat="25.7326082" lon="100.1836107"><ele>1968.1</ele><time>2023-11-10T23:53:25Z</time></trkpt>
      <trkpt lat="25.7326020" lon="100.1836313"><ele>1968.1</ele><time>2023-11-10T23:53:26Z</time></trkpt>
      <trkpt lat="25.7325964" lon="100.1836521"><ele>1968.1</ele><time>2023-11-10T23:53:27Z</time></trkpt>
      <trkpt lat="25.7325916" lon="100.1836729"><ele>1968.0</ele><time>2023-11-10T23:53:28Z</time></trkpt>
      <trkpt lat="25.7325873" lon="100.1836941"><ele>1968.0</ele><time>2023-11-10T23:53:29Z</time></trkpt>
      <trkpt lat="25.7325830" lon="100.1837157"><ele>1968.0</ele><time>2023-11-10T23:53:30Z</time></trkpt>
      <trkpt lat="25.7325783" lon="100.1837379"><ele>1967.9</ele><time>2023-11-10T23:53:31Z</time></trkpt>
      <trkpt lat="25.7325740" lon="100.1837602"><ele>1967.8</ele><time>2023-11-10T23:53:33Z</time></trkpt>
      <trkpt lat="25.7325705" lon="100.1837821"><ele>1967.7</ele><time>2023-11-10T23:53:34Z</time></trkpt>
      <trkpt lat="25.7325676" lon="100.1838032"><ele>1967.6</ele><time>2023-11-10T23:53:35Z</time></trkpt>
      <trkpt lat="25.7325642" lon="100.1838238"><ele>1967.5</ele><time>2023-11-10T23:53:36Z</time></trkpt>
      <trkpt lat="25.7325601" lon="100.1838443"><ele>1967.4</ele><time>2023-11-10T23:53:37Z</time></trkpt>
      <trkpt lat="25.7325554" lon="100.1838649"><ele>1967.4</ele><time>2023-11-10T23:53:38Z</time></trkpt>
      <trkpt lat="25.7325501" lon="100.1838858"><ele>1967.3</ele><time>2023-11-10T23:53:39Z</time></trkpt>
      <trkpt lat="25.7325447" lon="100.1839063"><ele>1967.2</ele><time>2023-11-10T23:53:40Z</time></trkpt>
      <trkpt lat="25.7325393" lon="100.1839264"><ele>1967.1</ele><time>2023-11-10T23:53:41Z</time></trkpt>
      <trkpt lat="25.7325343" lon="100.1839459"><ele>1967.0</ele><time>2023-11-10T23:53:42Z</time></trkpt>
      <trkpt lat="25.7325300" lon="100.1839653"><ele>1966.9</ele><time>2023-11-10T23:53:43Z</time></trkpt>
      <trkpt lat="25.7325264" lon="100.1839850"><ele>1966.7</ele><time>2023-11-10T23:53:44Z</time></trkpt>
      <trkpt lat="25.7325232" lon="100.1840050"><ele>1966.6</ele><time>2023-11-10T23:53:45Z</time></trkpt>
      <trkpt lat="25.7325205" lon="100.1840253"><ele>1966.5</ele><time>2023-11-10T23:53:46Z</time></trkpt>
      <trkpt lat="25.7325170" lon="100.1840457"><ele>1966.4</ele><time>2023-11-10T23:53:47Z</time></trkpt>
      <trkpt lat="25.7325126" lon="100.1840655"><ele>1966.3</ele><time>2023-11-10T23:53:48Z</time></trkpt>
      <trkpt lat="25.7325082" lon="100.1840851"><ele>1966.2</ele><time>2023-11-10T23:53:49Z</time></trkpt>
      <trkpt lat="25.7325050" lon="100.1841051"><ele>1966.1</ele><time>2023-11-10T23:53:50Z</time></trkpt>
      <trkpt lat="25.7325029" lon="100.1841259"><ele>1966.0</ele><time>2023-11-10T23:53:51Z</time></trkpt>
      <trkpt lat="25.7325009" lon="100.1841475"><ele>1965.9</ele><time>2023-11-10T23:53:52Z</time></trkpt>
      <trkpt lat="25.7324989" lon="100.1841694"><ele>1965.9</ele><time>2023-11-10T23:53:53Z</time></trkpt>
      <trkpt lat="25.7324971" lon="100.1841916"><ele>1965.8</ele><time>2023-11-10T23:53:54Z</time></trkpt>
      <trkpt lat="25.7324949" lon="100.1842138"><ele>1965.8</ele><time>2023-11-10T23:53:55Z</time></trkpt>
      <trkpt lat="25.7324921" lon="100.1842359"><ele>1965.8</ele><time>2023-11-10T23:53:56Z</time></trkpt>
      <trkpt lat="25.7324890" lon="100.1842577"><ele>1965.8</ele><time>2023-11-10T23:53:57Z</time></trkpt>
      <trkpt lat="25.7324856" lon="100.1842792"><ele>1965.8</ele><time>2023-11-10T23:53:58Z</time></trkpt>
      <trkpt lat="25.7324822" lon="100.1843011"><ele>1965.8</ele><time>2023-11-10T23:53:59Z</time></trkpt>
      <trkpt lat="25.7324781" lon="100.1843236"><ele>1965.9</ele><time>2023-11-10T23:54:00Z</time></trkpt>
      <trkpt lat="25.7324730" lon="100.1843460"><ele>1965.9</ele><time>2023-11-10T23:54:01Z</time></trkpt>
      <trkpt lat="25.7324669" lon="100.1843675"><ele>1966.0</ele><time>2023-11-10T23:54:02Z</time></trkpt>
      <trkpt lat="25.7324603" lon="100.1843885"><ele>1966.0</ele><time>2023-11-10T23:54:03Z</time></trkpt>
      <trkpt lat="25.7324527" lon="100.1844089"><ele>1966.1</ele><time>2023-11-10T23:54:04Z</time></trkpt>
      <trkpt lat="25.7324438" lon="100.1844287"><ele>1966.2</ele><time>2023-11-10T23:54:05Z</time></trkpt>
      <trkpt lat="25.7324339" lon="100.1844484"><ele>1966.2</ele><time>2023-11-10T23:54:06Z</time></trkpt>
      <trkpt lat="25.7324234" lon="100.1844678"><ele>1966.3</ele><time>2023-11-10T23:54:07Z</time></trkpt>
      <trkpt lat="25.7324123" lon="100.1844869"><ele>1966.4</ele><time>2023-11-10T23:54:08Z</time></trkpt>
      <trkpt lat="25.7324004" lon="100.1845061"><ele>1966.4</ele><time>2023-11-10T23:54:09Z</time></trkpt>
      <trkpt lat="25.7323882" lon="100.1845244"><ele>1966.5</ele><time>2023-11-10T23:54:10Z</time></trkpt>
      <trkpt lat="25.7323754" lon="100.1845408"><ele>1966.5</ele><time>2023-11-10T23:54:11Z</time></trkpt>
      <trkpt lat="25.7323623" lon="100.1845560"><ele>1966.6</ele><time>2023-11-10T23:54:12Z</time></trkpt>
      <trkpt lat="25.7323486" lon="100.1845711"><ele>1966.6</ele><time>2023-11-10T23:54:13Z</time></trkpt>
      <trkpt lat="25.7323336" lon="100.1845867"><ele>1966.7</ele><time>2023-11-10T23:54:14Z</time></trkpt>
      <trkpt lat="25.7323176" lon="100.1846021"><ele>1966.7</ele><time>2023-11-10T23:54:15Z</time></trkpt>
      <trkpt lat="25.7323018" lon="100.1846168"><ele>1966.7</ele><time>2023-11-10T23:54:16Z</time></trkpt>
      <trkpt lat="25.7322868" lon="100.1846312"><ele>1966.8</ele><time>2023-11-10T23:54:17Z</time></trkpt>
      <trkpt lat="25.7322723" lon="100.1846452"><ele>1966.8</ele><time>2023-11-10T23:54:18Z</time></trkpt>
      <trkpt lat="25.7322573" lon="100.1846589"><ele>1966.8</ele><time>2023-11-10T23:54:19Z</time></trkpt>
      <trkpt lat="25.7322415" lon="100.1846720"><ele>1966.8</ele><time>2023-11-10T23:54:20Z</time></trkpt>
      <trkpt lat="25.7322250" lon="100.1846842"><ele>1966.8</ele><time>2023-11-10T23:54:21Z</time></trkpt>
      <trkpt lat="25.7322075" lon="100.1846957"><ele>1966.8</ele><time>2023-11-10T23:54:22Z</time></trkpt>
      <trkpt lat="25.7321897" lon="100.1847064"><ele>1966.8</ele><time>2023-11-10T23:54:23Z</time></trkpt>
      <trkpt lat="25.7321724" lon="100.1847170"><ele>1966.8</ele><time>2023-11-10T23:54:24Z</time></trkpt>
      <trkpt lat="25.7321554" lon="100.1847280"><ele>1966.9</ele><time>2023-11-10T23:54:25Z</time></trkpt>
      <trkpt lat="25.7321383" lon="100.1847393"><ele>1966.9</ele><time>2023-11-10T23:54:26Z</time></trkpt>
      <trkpt lat="25.7321210" lon="100.1847504"><ele>1966.9</ele><time>2023-11-10T23:54:27Z</time></trkpt>
      <trkpt lat="25.7321033" lon="100.1847609"><ele>1967.0</ele><time>2023-11-10T23:54:28Z</time></trkpt>
      <trkpt lat="25.7320858" lon="100.1847717"><ele>1967.0</ele><time>2023-11-10T23:54:29Z</time></trkpt>
      <trkpt lat="25.7320687" lon="100.1847835"><ele>1967.1</ele><time>2023-11-10T23:54:30Z</time></trkpt>
      <trkpt lat="25.7320517" lon="100.1847957"><ele>1967.1</ele><time>2023-11-10T23:54:31Z</time></trkpt>
      <trkpt lat="25.7320348" lon="100.1848083"><ele>1967.2</ele><time>2023-11-10T23:54:32Z</time></trkpt>
      <trkpt lat="25.7320184" lon="100.1848220"><ele>1967.2</ele><time>2023-11-10T23:54:33Z</time></trkpt>
      <trkpt lat="25.7320023" lon="100.1848365"><ele>1967.3</ele><time>2023-11-10T23:54:34Z</time></trkpt>
      <trkpt lat="25.7319868" lon="100.1848514"><ele>1967.3</ele><time>2023-11-10T23:54:35Z</time></trkpt>
      <trkpt lat="25.7319717" lon="100.1848670"><ele>1967.4</ele><time>2023-11-10T23:54:36Z</time></trkpt>
      <trkpt lat="25.7319572" lon="100.1848833"><ele>1967.5</ele><time>2023-11-10T23:54:37Z</time></trkpt>
      <trkpt lat="25.7319435" lon="100.1849002"><ele>1967.6</ele><time>2023-11-10T23:54:38Z</time></trkpt>
      <trkpt lat="25.7319301" lon="100.1849174"><ele>1967.7</ele><time>2023-11-10T23:54:39Z</time></trkpt>
      <trkpt lat="25.7319171" lon="100.1849349"><ele>1967.8</ele><time>2023-11-10T23:54:40Z</time></trkpt>
      <trkpt lat="25.7319050" lon="100.1849539"><ele>1967.9</ele><time>2023-11-10T23:54:41Z</time></trkpt>
      <trkpt lat="25.7318937" lon="100.1849740"><ele>1968.0</ele><time>2023-11-10T23:54:42Z</time></trkpt>
      <trkpt lat="25.7318832" lon="100.1849945"><ele>1968.1</ele><time>2023-11-10T23:54:43Z</time></trkpt>
      <trkpt lat="25.7318734" lon="100.1850152"><ele>1968.2</ele><time>2023-11-10T23:54:44Z</time></trkpt>
      <trkpt lat="25.7318647" lon="100.1850360"><ele>1968.4</ele><time>2023-11-10T23:54:45Z</time></trkpt>
      <trkpt lat="25.7318567" lon="100.1850570"><ele>1968.5</ele><time>2023-11-10T23:54:46Z</time></trkpt>
      <trkpt lat="25.7318480" lon="100.1850775"><ele>1968.7</ele><time>2023-11-10T23:54:47Z</time></trkpt>
      <trkpt lat="25.7318390" lon="100.1850971"><ele>1968.8</ele><time>2023-11-10T23:54:48Z</time></trkpt>
      <trkpt lat="25.7318300" lon="100.1851170"><ele>1969.0</ele><time>2023-11-10T23:54:49Z</time></trkpt>
      <trkpt lat="25.7318206" lon="100.1851369"><ele>1969.1</ele><time>2023-11-10T23:54:50Z</time></trkpt>
      <trkpt lat="25.7318110" lon="100.1851569"><ele>1969.2</ele><time>2023-11-10T23:54:51Z</time></trkpt>
      <trkpt lat="25.7318017" lon="100.1851772"><ele>1969.2</ele><time>2023-11-10T23:54:52Z</time></trkpt>
      <trkpt lat="25.7317924" lon="100.1851978"><ele>1969.3</ele><time>2023-11-10T23:54:53Z</time></trkpt>
      <trkpt lat="25.7317833" lon="100.1852186"><ele>1969.4</ele><time>2023-11-10T23:54:54Z</time></trkpt>
      <trkpt lat="25.7317735" lon="100.1852395"><ele>1969.4</ele><time>2023-11-10T23:54:55Z</time></trkpt>
      <trkpt lat="25.7317630" lon="100.1852601"><ele>1969.4</ele><time>2023-11-10T23:54:56Z</time></trkpt>
      <trkpt lat="25.7317527" lon="100.1852807"><ele>1969.4</ele><time>2023-11-10T23:54:57Z</time></trkpt>
      <trkpt lat="25.7317427" lon="100.1853008"><ele>1969.4</ele><time>2023-11-10T23:54:58Z</time></trkpt>
      <trkpt lat="25.7317328" lon="100.1853207"><ele>1969.5</ele><time>2023-11-10T23:54:59Z</time></trkpt>
      <trkpt lat="25.7317231" lon="100.1853415"><ele>1969.5</ele><time>2023-11-10T23:55:00Z</time></trkpt>
      <trkpt lat="25.7317140" lon="100.1853636"><ele>1969.5</ele><time>2023-11-10T23:55:01Z</time></trkpt>
      <trkpt lat="25.7317060" lon="100.1853872"><ele>1969.4</ele><time>2023-11-10T23:55:02Z</time></trkpt>
      <trkpt lat="25.7316961" lon="100.1854104"><ele>1969.4</ele><time>2023-11-10T23:55:03Z</time></trkpt>
      <trkpt lat="25.7316825" lon="100.1854313"><ele>1969.3</ele><time>2023-11-10T23:55:04Z</time></trkpt>
      <trkpt lat="25.7316667" lon="100.1854507"><ele>1969.3</ele><time>2023-11-10T23:55:05Z</time></trkpt>
      <trkpt lat="25.7316508" lon="100.1854701"><ele>1969.2</ele><time>2023-11-10T23:55:06Z</time></trkpt>
      <trkpt lat="25.7316353" lon="100.1854896"><ele>1969.2</ele><time>2023-11-10T23:55:07Z</time></trkpt>
      <trkpt lat="25.7316202" lon="100.1855090"><ele>1969.1</ele><time>2023-11-10T23:55:08Z</time></trkpt>
      <trkpt lat="25.7316060" lon="100.1855283"><ele>1969.0</ele><time>2023-11-10T23:55:09Z</time></trkpt>
      <trkpt lat="25.7315924" lon="100.1855478"><ele>1968.9</ele><time>2023-11-10T23:55:10Z</time></trkpt>
      <trkpt lat="25.7315790" lon="100.1855675"><ele>1968.8</ele><time>2023-11-10T23:55:11Z</time></trkpt>
      <trkpt lat="25.7315659" lon="100.1855871"><ele>1968.7</ele><time>2023-11-10T23:55:12Z</time></trkpt>
      <trkpt lat="25.7315526" lon="100.1856061"><ele>1968.6</ele><time>2023-11-10T23:55:13Z</time></trkpt>
      <trkpt lat="25.7315390" lon="100.1856245"><ele>1968.6</ele><time>2023-11-10T23:55:14Z</time></trkpt>
      <trkpt lat="25.7315252" lon="100.1856422"><ele>1968.5</ele><time>2023-11-10T23:55:15Z</time></trkpt>
      <trkpt lat="25.7315110" lon="100.1856599"><ele>1968.4</ele><time>2023-11-10T23:55:16Z</time></trkpt>
      <trkpt lat="25.7314970" lon="100.1856782"><ele>1968.3</ele><time>2023-11-10T23:55:17Z</time></trkpt>
      <trkpt lat="25.7314836" lon="100.1856975"><ele>1968.2</ele><time>2023-11-10T23:55:18Z</time></trkpt>
      <trkpt lat="25.7314712" lon="100.1857177"><ele>1968.1</ele><time>2023-11-10T23:55:19Z</time></trkpt>
      <trkpt lat="25.7314599" lon="100.1857390"><ele>1968.0</ele><time>2023-11-10T23:55:20Z</time></trkpt>
      <trkpt lat="25.7314477" lon="100.1857602"><ele>1968.0</ele><time>2023-11-10T23:55:21Z</time></trkpt>
      <trkpt lat="25.7314334" lon="100.1857800"><ele>1967.9</ele><time>2023-11-10T23:55:22Z</time></trkpt>
      <trkpt lat="25.7314176" lon="100.1857990"><ele>1967.9</ele><time>2023-11-10T23:55:23Z</time></trkpt>
      <trkpt lat="25.7314020" lon="100.1858186"><ele>1967.8</ele><time>2023-11-10T23:55:24Z</time></trkpt>
      <trkpt lat="25.7313878" lon="100.1858394"><ele>1967.8</ele><time>2023-11-10T23:55:25Z</time></trkpt>
      <trkpt lat="25.7313761" lon="100.1858612"><ele>1967.7</ele><time>2023-11-10T23:55:26Z</time></trkpt>
      <trkpt lat="25.7313663" lon="100.1858826"><ele>1967.7</ele><time>2023-11-10T23:55:27Z</time></trkpt>
      <trkpt lat="25.7313560" lon="100.1859033"><ele>1967.6</ele><time>2023-11-10T23:55:28Z</time></trkpt>
      <trkpt lat="25.7313441" lon="100.1859235"><ele>1967.6</ele><time>2023-11-10T23:55:29Z</time></trkpt>
      <trkpt lat="25.7313310" lon="100.1859433"><ele>1967.5</ele><time>2023-11-10T23:55:30Z</time></trkpt>
      <trkpt lat="25.7313171" lon="100.1859623"><ele>1967.5</ele><time>2023-11-10T23:55:31Z</time></trkpt>
      <trkpt lat="25.7313034" lon="100.1859810"><ele>1967.5</ele><time>2023-11-10T23:55:32Z</time></trkpt>
      <trkpt lat="25.7312909" lon="100.1860003"><ele>1967.5</ele><time>2023-11-10T23:55:33Z</time></trkpt>
      <trkpt lat="25.7312786" lon="100.1860205"><ele>1967.5</ele><time>2023-11-10T23:55:34Z</time></trkpt>
      <trkpt lat="25.7312663" lon="100.1860413"><ele>1967.5</ele><time>2023-11-10T23:55:35Z</time></trkpt>
      <trkpt lat="25.7312548" lon="100.1860621"><ele>1967.5</ele><time>2023-11-10T23:55:36Z</time></trkpt>
      <trkpt lat="25.7312440" lon="100.1860829"><ele>1967.6</ele><time>2023-11-10T23:55:37Z</time></trkpt>
      <trkpt lat="25.7312337" lon="100.1861043"><ele>1967.6</ele><time>2023-11-10T23:55:38Z</time></trkpt>
      <trkpt lat="25.7312224" lon="100.1861254"><ele>1967.7</ele><time>2023-11-10T23:55:39Z</time></trkpt>
      <trkpt lat="25.7312096" lon="100.1861449"><ele>1967.7</ele><time>2023-11-10T23:55:40Z</time></trkpt>
      <trkpt lat="25.7311963" lon="100.1861628"><ele>1967.8</ele><time>2023-11-10T23:55:41Z</time></trkpt>
      <trkpt lat="25.7311829" lon="100.1861801"><ele>1968.0</ele><time>2023-11-10T23:55:42Z</time></trkpt>
      <trkpt lat="25.7311698" lon="100.1861979"><ele>1968.1</ele><time>2023-11-10T23:55:43Z</time></trkpt>
      <trkpt lat="25.7311567" lon="100.1862165"><ele>1968.2</ele><time>2023-11-10T23:55:44Z</time></trkpt>
      <trkpt lat="25.7311430" lon="100.1862355"><ele>1968.4</ele><time>2023-11-10T23:55:45Z</time></trkpt>
      <trkpt lat="25.7311293" lon="100.1862543"><ele>1968.5</ele><time>2023-11-10T23:55:46Z</time></trkpt>
      <trkpt lat="25.7311154" lon="100.1862723"><ele>1968.7</ele><time>2023-11-10T23:55:47Z</time></trkpt>
      <trkpt lat="25.7311012" lon="100.1862900"><ele>1968.8</ele><time>2023-11-10T23:55:48Z</time></trkpt>
      <trkpt lat="25.7310872" lon="100.1863082"><ele>1968.9</ele><time>2023-11-10T23:55:49Z</time></trkpt>
      <trkpt lat="25.7310733" lon="100.1863274"><ele>1969.0</ele><time>2023-11-10T23:55:50Z</time></trkpt>
      <trkpt lat="25.7310594" lon="100.1863468"><ele>1969.0</ele><time>2023-11-10T23:55:51Z</time></trkpt>
      <trkpt lat="25.7310446" lon="100.1863653"><ele>1969.1</ele><time>2023-11-10T23:55:52Z</time></trkpt>
      <trkpt lat="25.7310288" lon="100.1863826"><ele>1969.1</ele><time>2023-11-10T23:55:53Z</time></trkpt>
      <trkpt lat="25.7310126" lon="100.1863989"><ele>1969.1</ele><time>2023-11-10T23:55:54Z</time></trkpt>
      <trkpt lat="25.7309959" lon="100.1864144"><ele>1969.0</ele><time>2023-11-10T23:55:55Z</time></trkpt>
      <trkpt lat="25.7309784" lon="100.1864298"><ele>1968.9</ele><time>2023-11-10T23:55:56Z</time></trkpt>
      <trkpt lat="25.7309603" lon="100.1864457"><ele>1968.8</ele><time>2023-11-10T23:55:57Z</time></trkpt>
      <trkpt lat="25.7309415" lon="100.1864613"><ele>1968.7</ele><time>2023-11-10T23:55:58Z</time></trkpt>
      <trkpt lat="25.7309232" lon="100.1864766"><ele>1968.5</ele><time>2023-11-10T23:55:59Z</time></trkpt>
      <trkpt lat="25.7309056" lon="100.1864899"><ele>1968.4</ele><time>2023-11-10T23:56:00Z</time></trkpt>
      <trkpt lat="25.7308877" lon="100.1865006"><ele>1968.2</ele><time>2023-11-10T23:56:01Z</time></trkpt>
      <trkpt lat="25.7308689" lon="100.1865093"><ele>1968.0</ele><time>2023-11-10T23:56:02Z</time></trkpt>
      <trkpt lat="25.7308492" lon="100.1865174"><ele>1967.8</ele><time>2023-11-10T23:56:03Z</time></trkpt>
      <trkpt lat="25.7308294" lon="100.1865259"><ele>1967.7</ele><time>2023-11-10T23:56:04Z</time></trkpt>
      <trkpt lat="25.7308097" lon="100.1865344"><ele>1967.5</ele><time>2023-11-10T23:56:05Z</time></trkpt>
      <trkpt lat="25.7307901" lon="100.1865405"><ele>1967.3</ele><time>2023-11-10T23:56:06Z</time></trkpt>
      <trkpt lat="25.7307708" lon="100.1865440"><ele>1967.2</ele><time>2023-11-10T23:56:07Z</time></trkpt>
      <trkpt lat="25.7307522" lon="100.1865455"><ele>1967.0</ele><time>2023-11-10T23:56:08Z</time></trkpt>
      <trkpt lat="25.7307339" lon="100.1865459"><ele>1966.9</ele><time>2023-11-10T23:56:09Z</time></trkpt>
      <trkpt lat="25.7307157" lon="100.1865461"><ele>1966.7</ele><time>2023-11-10T23:56:10Z</time></trkpt>
      <trkpt lat="25.7306970" lon="100.1865465"><ele>1966.6</ele><time>2023-11-10T23:56:11Z</time></trkpt>
      <trkpt lat="25.7306779" lon="100.1865464"><ele>1966.6</ele><time>2023-11-10T23:56:12Z</time></trkpt>
      <trkpt lat="25.7306585" lon="100.1865447"><ele>1966.5</ele><time>2023-11-10T23:56:13Z</time></trkpt>
      <trkpt lat="25.7306390" lon="100.1865415"><ele>1966.5</ele><time>2023-11-10T23:56:14Z</time></trkpt>
      <trkpt lat="25.7306195" lon="100.1865374"><ele>1966.4</ele><time>2023-11-10T23:56:15Z</time></trkpt>
      <trkpt lat="25.7305999" lon="100.1865331"><ele>1966.4</ele><time>2023-11-10T23:56:16Z</time></trkpt>
      <trkpt lat="25.7305808" lon="100.1865284"><ele>1966.4</ele><time>2023-11-10T23:56:17Z</time></trkpt>
      <trkpt lat="25.7305624" lon="100.1865234"><ele>1966.4</ele><time>2023-11-10T23:56:18Z</time></trkpt>
      <trkpt lat="25.7305441" lon="100.1865191"><ele>1966.5</ele><time>2023-11-10T23:56:19Z</time></trkpt>
      <trkpt lat="25.7305260" lon="100.1865160"><ele>1966.5</ele><time>2023-11-10T23:56:20Z</time></trkpt>
      <trkpt lat="25.7305077" lon="100.1865148"><ele>1966.6</ele><time>2023-11-10T23:56:21Z</time></trkpt>
      <trkpt lat="25.7304890" lon="100.1865160"><ele>1966.7</ele><time>2023-11-10T23:56:22Z</time></trkpt>
      <trkpt lat="25.7304701" lon="100.1865196"><ele>1966.7</ele><time>2023-11-10T23:56:23Z</time></trkpt>
      <trkpt lat="25.7304512" lon="100.1865238"><ele>1966.8</ele><time>2023-11-10T23:56:24Z</time></trkpt>
      <trkpt lat="25.7304323" lon="100.1865271"><ele>1966.9</ele><time>2023-11-10T23:56:25Z</time></trkpt>
      <trkpt lat="25.7304136" lon="100.1865301"><ele>1967.0</ele><time>2023-11-10T23:56:26Z</time></trkpt>
      <trkpt lat="25.7303945" lon="100.1865337"><ele>1967.1</ele><time>2023-11-10T23:56:27Z</time></trkpt>
      <trkpt lat="25.7303743" lon="100.1865376"><ele>1967.3</ele><time>2023-11-10T23:56:28Z</time></trkpt>
      <trkpt lat="25.7303537" lon="100.1865428"><ele>1967.3</ele><time>2023-11-10T23:56:29Z</time></trkpt>
      <trkpt lat="25.7303331" lon="100.1865490"><ele>1967.4</ele><time>2023-11-10T23:56:30Z</time></trkpt>
      <trkpt lat="25.7303126" lon="100.1865555"><ele>1967.5</ele><time>2023-11-10T23:56:31Z</time></trkpt>
      <trkpt lat="25.7302918" lon="100.1865621"><ele>1967.6</ele><time>2023-11-10T23:56:32Z</time></trkpt>
      <trkpt lat="25.7302710" lon="100.1865685"><ele>1967.7</ele><time>2023-11-10T23:56:33Z</time></trkpt>
      <trkpt lat="25.7302508" lon="100.1865751"><ele>1967.8</ele><time>2023-11-10T23:56:34Z</time></trkpt>
      <trkpt lat="25.7302309" lon="100.1865823"><ele>1967.8</ele><time>2023-11-10T23:56:35Z</time></trkpt>
      <trkpt lat="25.7302109" lon="100.1865902"><ele>1967.9</ele><time>2023-11-10T23:56:36Z</time></trkpt>
      <trkpt lat="25.7301915" lon="100.1865976"><ele>1968.0</ele><time>2023-11-10T23:56:37Z</time></trkpt>
      <trkpt lat="25.7301725" lon="100.1866038"><ele>1968.1</ele><time>2023-11-10T23:56:38Z</time></trkpt>
      <trkpt lat="25.7301541" lon="100.1866097"><ele>1968.1</ele><time>2023-11-10T23:56:39Z</time></trkpt>
      <trkpt lat="25.7301361" lon="100.1866162"><ele>1968.2</ele><time>2023-11-10T23:56:40Z</time></trkpt>
      <trkpt lat="25.7301180" lon="100.1866233"><ele>1968.2</ele><time>2023-11-10T23:56:41Z</time></trkpt>
      <trkpt lat="25.7301001" lon="100.1866315"><ele>1968.3</ele><time>2023-11-10T23:56:42Z</time></trkpt>
      <trkpt lat="25.7300824" lon="100.1866405"><ele>1968.3</ele><time>2023-11-10T23:56:43Z</time></trkpt>
      <trkpt lat="25.7300647" lon="100.1866493"><ele>1968.3</ele><time>2023-11-10T23:56:44Z</time></trkpt>
      <trkpt lat="25.7300470" lon="100.1866580"><ele>1968.3</ele><time>2023-11-10T23:56:45Z</time></trkpt>
      <trkpt lat="25.7300294" lon="100.1866662"><ele>1968.2</ele><time>2023-11-10T23:56:46Z</time></trkpt>
      <trkpt lat="25.7300117" lon="100.1866734"><ele>1968.2</ele><time>2023-11-10T23:56:47Z</time></trkpt>
      <trkpt lat="25.7299940" lon="100.1866805"><ele>1968.2</ele><time>2023-11-10T23:56:48Z</time></trkpt>
      <trkpt lat="25.7299765" lon="100.1866883"><ele>1968.2</ele><time>2023-11-10T23:56:49Z</time></trkpt>
      <trkpt lat="25.7299591" lon="100.1866965"><ele>1968.1</ele><time>2023-11-10T23:56:50Z</time></trkpt>
      <trkpt lat="25.7299415" lon="100.1867048"><ele>1968.1</ele><time>2023-11-10T23:56:51Z</time></trkpt>
      <trkpt lat="25.7299235" lon="100.1867128"><ele>1968.1</ele><time>2023-11-10T23:56:52Z</time></trkpt>
      <trkpt lat="25.7299050" lon="100.1867199"><ele>1968.0</ele><time>2023-11-10T23:56:53Z</time></trkpt>
      <trkpt lat="25.7298868" lon="100.1867275"><ele>1968.0</ele><time>2023-11-10T23:56:54Z</time></trkpt>
      <trkpt lat="25.7298690" lon="100.1867358"><ele>1967.9</ele><time>2023-11-10T23:56:55Z</time></trkpt>
      <trkpt lat="25.7298517" lon="100.1867445"><ele>1967.8</ele><time>2023-11-10T23:56:56Z</time></trkpt>
      <trkpt lat="25.7298347" lon="100.1867543"><ele>1967.7</ele><time>2023-11-10T23:56:57Z</time></trkpt>
      <trkpt lat="25.7298176" lon="100.1867651"><ele>1967.7</ele><time>2023-11-10T23:56:58Z</time></trkpt>
      <trkpt lat="25.7298011" lon="100.1867769"><ele>1967.6</ele><time>2023-11-10T23:56:59Z</time></trkpt>
      <trkpt lat="25.7297857" lon="100.1867901"><ele>1967.5</ele><time>2023-11-10T23:57:00Z</time></trkpt>
      <trkpt lat="25.7297711" lon="100.1868036"><ele>1967.4</ele><time>2023-11-10T23:57:01Z</time></trkpt>
      <trkpt lat="25.7297571" lon="100.1868167"><ele>1967.3</ele><time>2023-11-10T23:57:02Z</time></trkpt>
      <trkpt lat="25.7297428" lon="100.1868295"><ele>1967.2</ele><time>2023-11-10T23:57:03Z</time></trkpt>
      <trkpt lat="25.7297278" lon="100.1868422"><ele>1967.1</ele><time>2023-11-10T23:57:04Z</time></trkpt>
      <trkpt lat="25.7297127" lon="100.1868551"><ele>1967.0</ele><time>2023-11-10T23:57:05Z</time></trkpt>
      <trkpt lat="25.7296979" lon="100.1868683"><ele>1966.9</ele><time>2023-11-10T23:57:06Z</time></trkpt>
      <trkpt lat="25.7296835" lon="100.1868810"><ele>1966.8</ele><time>2023-11-10T23:57:07Z</time></trkpt>
      <trkpt lat="25.7296692" lon="100.1868928"><ele>1966.7</ele><time>2023-11-10T23:57:08Z</time></trkpt>
      <trkpt lat="25.7296544" lon="100.1869042"><ele>1966.6</ele><time>2023-11-10T23:57:09Z</time></trkpt>
      <trkpt lat="25.7296392" lon="100.1869149"><ele>1966.4</ele><time>2023-11-10T23:57:10Z</time></trkpt>
      <trkpt lat="25.7296240" lon="100.1869253"><ele>1966.3</ele><time>2023-11-10T23:57:11Z</time></trkpt>
      <trkpt lat="25.7296093" lon="100.1869364"><ele>1966.2</ele><time>2023-11-10T23:57:12Z</time></trkpt>
      <trkpt lat="25.7295956" lon="100.1869488"><ele>1966.2</ele><time>2023-11-10T23:57:13Z</time></trkpt>
      <trkpt lat="25.7295823" lon="100.1869625"><ele>1966.0</ele><time>2023-11-10T23:57:14Z</time></trkpt>
      <trkpt lat="25.7295691" lon="100.1869772"><ele>1966.0</ele><time>2023-11-10T23:57:15Z</time></trkpt>
      <trkpt lat="25.7295563" lon="100.1869921"><ele>1965.9</ele><time>2023-11-10T23:57:16Z</time></trkpt>
      <trkpt lat="25.7295435" lon="100.1870071"><ele>1965.8</ele><time>2023-11-10T23:57:17Z</time></trkpt>
      <trkpt lat="25.7295309" lon="100.1870221"><ele>1965.7</ele><time>2023-11-10T23:57:18Z</time></trkpt>
      <trkpt lat="25.7295182" lon="100.1870370"><ele>1965.7</ele><time>2023-11-10T23:57:19Z</time></trkpt>
      <trkpt lat="25.7295052" lon="100.1870522"><ele>1965.7</ele><time>2023-11-10T23:57:20Z</time></trkpt>
      <trkpt lat="25.7294922" lon="100.1870683"><ele>1965.7</ele><time>2023-11-10T23:57:21Z</time></trkpt>
      <trkpt lat="25.7294794" lon="100.1870852"><ele>1965.7</ele><time>2023-11-10T23:57:22Z</time></trkpt>
      <trkpt lat="25.7294667" lon="100.1871032"><ele>1965.7</ele><time>2023-11-10T23:57:23Z</time></trkpt>
      <trkpt lat="25.7294544" lon="100.1871222"><ele>1965.7</ele><time>2023-11-10T23:57:24Z</time></trkpt>
      <trkpt lat="25.7294418" lon="100.1871418"><ele>1965.8</ele><time>2023-11-10T23:57:25Z</time></trkpt>
      <trkpt lat="25.7294287" lon="100.1871613"><ele>1965.8</ele><time>2023-11-10T23:57:26Z</time></trkpt>
      <trkpt lat="25.7294153" lon="100.1871802"><ele>1965.9</ele><time>2023-11-10T23:57:27Z</time></trkpt>
      <trkpt lat="25.7294014" lon="100.1871980"><ele>1965.9</ele><time>2023-11-10T23:57:28Z</time></trkpt>
      <trkpt lat="25.7293871" lon="100.1872144"><ele>1966.0</ele><time>2023-11-10T23:57:29Z</time></trkpt>
      <trkpt lat="25.7293723" lon="100.1872298"><ele>1966.0</ele><time>2023-11-10T23:57:30Z</time></trkpt>
      <trkpt lat="25.7293570" lon="100.1872447"><ele>1966.1</ele><time>2023-11-10T23:57:31Z</time></trkpt>
      <trkpt lat="25.7293417" lon="100.1872594"><ele>1966.1</ele><time>2023-11-10T23:57:32Z</time></trkpt>
      <trkpt lat="25.7293262" lon="100.1872738"><ele>1966.2</ele><time>2023-11-10T23:57:33Z</time></trkpt>
      <trkpt lat="25.7293099" lon="100.1872872"><ele>1966.2</ele><time>2023-11-10T23:57:34Z</time></trkpt>
      <trkpt lat="25.7292931" lon="100.1872998"><ele>1966.2</ele><time>2023-11-10T23:57:35Z</time></trkpt>
      <trkpt lat="25.7292759" lon="100.1873118"><ele>1966.2</ele><time>2023-11-10T23:57:36Z</time></trkpt>
      <trkpt lat="25.7292584" lon="100.1873224"><ele>1966.3</ele><time>2023-11-10T23:57:37Z</time></trkpt>
      <trkpt lat="25.7292412" lon="100.1873318"><ele>1966.3</ele><time>2023-11-10T23:57:38Z</time></trkpt>
      <trkpt lat="25.7292240" lon="100.1873410"><ele>1966.3</ele><time>2023-11-10T23:57:39Z</time></trkpt>
      <trkpt lat="25.7292063" lon="100.1873503"><ele>1966.3</ele><time>2023-11-10T23:57:40Z</time></trkpt>
      <trkpt lat="25.7291882" lon="100.1873598"><ele>1966.3</ele><time>2023-11-10T23:57:41Z</time></trkpt>
      <trkpt lat="25.7291701" lon="100.1873695"><ele>1966.4</ele><time>2023-11-10T23:57:42Z</time></trkpt>
      <trkpt lat="25.7291525" lon="100.1873793"><ele>1966.4</ele><time>2023-11-10T23:57:43Z</time></trkpt>
      <trkpt lat="25.7291351" lon="100.1873891"><ele>1966.4</ele><time>2023-11-10T23:57:44Z</time></trkpt>
      <trkpt lat="25.7291180" lon="100.1873987"><ele>1966.5</ele><time>2023-11-10T23:57:45Z</time></trkpt>
      <trkpt lat="25.7291014" lon="100.1874084"><ele>1966.5</ele><time>2023-11-10T23:57:46Z</time></trkpt>
      <trkpt lat="25.7290850" lon="100.1874187"><ele>1966.6</ele><time>2023-11-10T23:57:47Z</time></trkpt>
      <trkpt lat="25.7290682" lon="100.1874293"><ele>1966.6</ele><time>2023-11-10T23:57:48Z</time></trkpt>
      <trkpt lat="25.7290511" lon="100.1874405"><ele>1966.6</ele><time>2023-11-10T23:57:49Z</time></trkpt>
      <trkpt lat="25.7290335" lon="100.1874516"><ele>1966.7</ele><time>2023-11-10T23:57:50Z</time></trkpt>
      <trkpt lat="25.7290157" lon="100.1874620"><ele>1966.7</ele><time>2023-11-10T23:57:51Z</time></trkpt>
      <trkpt lat="25.7289978" lon="100.1874714"><ele>1966.7</ele><time>2023-11-10T23:57:52Z</time></trkpt>
      <trkpt lat="25.7289797" lon="100.1874800"><ele>1966.7</ele><time>2023-11-10T23:57:53Z</time></trkpt>
      <trkpt lat="25.7289613" lon="100.1874882"><ele>1966.7</ele><time>2023-11-10T23:57:54Z</time></trkpt>
      <trkpt lat="25.7289427" lon="100.1874963"><ele>1966.6</ele><time>2023-11-10T23:57:55Z</time></trkpt>
      <trkpt lat="25.7289241" lon="100.1875041"><ele>1966.6</ele><time>2023-11-10T23:57:56Z</time></trkpt>
      <trkpt lat="25.7289058" lon="100.1875116"><ele>1966.6</ele><time>2023-11-10T23:57:57Z</time></trkpt>
      <trkpt lat="25.7288873" lon="100.1875187"><ele>1966.5</ele><time>2023-11-10T23:57:58Z</time></trkpt>
      <trkpt lat="25.7288692" lon="100.1875260"><ele>1966.4</ele><time>2023-11-10T23:57:59Z</time></trkpt>
      <trkpt lat="25.7288518" lon="100.1875341"><ele>1966.4</ele><time>2023-11-10T23:58:00Z</time></trkpt>
      <trkpt lat="25.7288347" lon="100.1875432"><ele>1966.3</ele><time>2023-11-10T23:58:01Z</time></trkpt>
      <trkpt lat="25.7288177" lon="100.1875535"><ele>1966.2</ele><time>2023-11-10T23:58:02Z</time></trkpt>
      <trkpt lat="25.7288005" lon="100.1875642"><ele>1966.1</ele><time>2023-11-10T23:58:03Z</time></trkpt>
      <trkpt lat="25.7287825" lon="100.1875742"><ele>1966.1</ele><time>2023-11-10T23:58:04Z</time></trkpt>
      <trkpt lat="25.7287642" lon="100.1875827"><ele>1966.1</ele><time>2023-11-10T23:58:05Z</time></trkpt>
      <trkpt lat="25.7287456" lon="100.1875896"><ele>1966.0</ele><time>2023-11-10T23:58:06Z</time></trkpt>
      <trkpt lat="25.7287266" lon="100.1875964"><ele>1966.0</ele><time>2023-11-10T23:58:07Z</time></trkpt>
      <trkpt lat="25.7287078" lon="100.1876043"><ele>1966.0</ele><time>2023-11-10T23:58:08Z</time></trkpt>
      <trkpt lat="25.7286899" lon="100.1876132"><ele>1966.0</ele><time>2023-11-10T23:58:09Z</time></trkpt>
      <trkpt lat="25.7286731" lon="100.1876232"><ele>1966.0</ele><time>2023-11-10T23:58:10Z</time></trkpt>
      <trkpt lat="25.7286571" lon="100.1876343"><ele>1966.0</ele><time>2023-11-10T23:58:11Z</time></trkpt>
      <trkpt lat="25.7286416" lon="100.1876465"><ele>1966.0</ele><time>2023-11-10T23:58:12Z</time></trkpt>
      <trkpt lat="25.7286267" lon="100.1876598"><ele>1966.0</ele><time>2023-11-10T23:58:13Z</time></trkpt>
      <trkpt lat="25.7286128" lon="100.1876746"><ele>1965.9</ele><time>2023-11-10T23:58:14Z</time></trkpt>
      <trkpt lat="25.7285997" lon="100.1876906"><ele>1965.9</ele><time>2023-11-10T23:58:15Z</time></trkpt>
      <trkpt lat="25.7285878" lon="100.1877075"><ele>1965.9</ele><time>2023-11-10T23:58:16Z</time></trkpt>
      <trkpt lat="25.7285763" lon="100.1877254"><ele>1965.8</ele><time>2023-11-10T23:58:17Z</time></trkpt>
      <trkpt lat="25.7285651" lon="100.1877442"><ele>1965.7</ele><time>2023-11-10T23:58:18Z</time></trkpt>
      <trkpt lat="25.7285544" lon="100.1877638"><ele>1965.7</ele><time>2023-11-10T23:58:19Z</time></trkpt>
      <trkpt lat="25.7285449" lon="100.1877844"><ele>1965.6</ele><time>2023-11-10T23:58:20Z</time></trkpt>
      <trkpt lat="25.7285377" lon="100.1878059"><ele>1965.6</ele><time>2023-11-10T23:58:21Z</time></trkpt>
      <trkpt lat="25.7285335" lon="100.1878285"><ele>1965.5</ele><time>2023-11-10T23:58:22Z</time></trkpt>
      <trkpt lat="25.7285326" lon="100.1878522"><ele>1965.4</ele><time>2023-11-10T23:58:23Z</time></trkpt>
      <trkpt lat="25.7285336" lon="100.1878765"><ele>1965.4</ele><time>2023-11-10T23:58:24Z</time></trkpt>
      <trkpt lat="25.7285340" lon="100.1879006"><ele>1965.3</ele><time>2023-11-10T23:58:25Z</time></trkpt>
      <trkpt lat="25.7285335" lon="100.1879234"><ele>1965.2</ele><time>2023-11-10T23:58:26Z</time></trkpt>
      <trkpt lat="25.7285336" lon="100.1879447"><ele>1965.2</ele><time>2023-11-10T23:58:27Z</time></trkpt>
      <trkpt lat="25.7285352" lon="100.1879658"><ele>1965.1</ele><time>2023-11-10T23:58:28Z</time></trkpt>
      <trkpt lat="25.7285374" lon="100.1879867"><ele>1965.1</ele><time>2023-11-10T23:58:29Z</time></trkpt>
      <trkpt lat="25.7285391" lon="100.1880071"><ele>1965.1</ele><time>2023-11-10T23:58:30Z</time></trkpt>
      <trkpt lat="25.7285400" lon="100.1880271"><ele>1965.1</ele><time>2023-11-10T23:58:31Z</time></trkpt>
      <trkpt lat="25.7285405" lon="100.1880471"><ele>1965.1</ele><time>2023-11-10T23:58:32Z</time></trkpt>
      <trkpt lat="25.7285416" lon="100.1880678"><ele>1965.1</ele><time>2023-11-10T23:58:33Z</time></trkpt>
      <trkpt lat="25.7285436" lon="100.1880888"><ele>1965.1</ele><time>2023-11-10T23:58:34Z</time></trkpt>
      <trkpt lat="25.7285455" lon="100.1881098"><ele>1965.2</ele><time>2023-11-10T23:58:35Z</time></trkpt>
      <trkpt lat="25.7285469" lon="100.1881312"><ele>1965.2</ele><time>2023-11-10T23:58:36Z</time></trkpt>
      <trkpt lat="25.7285482" lon="100.1881527"><ele>1965.2</ele><time>2023-11-10T23:58:37Z</time></trkpt>
      <trkpt lat="25.7285498" lon="100.1881747"><ele>1965.3</ele><time>2023-11-10T23:58:38Z</time></trkpt>
      <trkpt lat="25.7285515" lon="100.1881970"><ele>1965.3</ele><time>2023-11-10T23:58:39Z</time></trkpt>
      <trkpt lat="25.7285534" lon="100.1882194"><ele>1965.3</ele><time>2023-11-10T23:58:40Z</time></trkpt>
      <trkpt lat="25.7285556" lon="100.1882421"><ele>1965.3</ele><time>2023-11-10T23:58:41Z</time></trkpt>
      <trkpt lat="25.7285579" lon="100.1882647"><ele>1965.4</ele><time>2023-11-10T23:58:42Z</time></trkpt>
      <trkpt lat="25.7285607" lon="100.1882872"><ele>1965.4</ele><time>2023-11-10T23:58:43Z</time></trkpt>
      <trkpt lat="25.7285641" lon="100.1883096"><ele>1965.4</ele><time>2023-11-10T23:58:44Z</time></trkpt>
      <trkpt lat="25.7285682" lon="100.1883314"><ele>1965.5</ele><time>2023-11-10T23:58:45Z</time></trkpt>
      <trkpt lat="25.7285732" lon="100.1883523"><ele>1965.5</ele><time>2023-11-10T23:58:46Z</time></trkpt>
      <trkpt lat="25.7285780" lon="100.1883729"><ele>1965.5</ele><time>2023-11-10T23:58:47Z</time></trkpt>
      <trkpt lat="25.7285818" lon="100.1883939"><ele>1965.5</ele><time>2023-11-10T23:58:48Z</time></trkpt>
      <trkpt lat="25.7285848" lon="100.1884159"><ele>1965.4</ele><time>2023-11-10T23:58:49Z</time></trkpt>
      <trkpt lat="25.7285871" lon="100.1884386"><ele>1965.4</ele><time>2023-11-10T23:58:50Z</time></trkpt>
      <trkpt lat="25.7285886" lon="100.1884621"><ele>1965.3</ele><time>2023-11-10T23:58:51Z</time></trkpt>
      <trkpt lat="25.7285889" lon="100.1884864"><ele>1965.2</ele><time>2023-11-10T23:58:52Z</time></trkpt>
      <trkpt lat="25.7285893" lon="100.1885106"><ele>1965.2</ele><time>2023-11-10T23:58:53Z</time></trkpt>
      <trkpt lat="25.7285910" lon="100.1885348"><ele>1965.1</ele><time>2023-11-10T23:58:54Z</time></trkpt>
      <trkpt lat="25.7285931" lon="100.1885591"><ele>1965.0</ele><time>2023-11-10T23:58:55Z</time></trkpt>
      <trkpt lat="25.7285945" lon="100.1885837"><ele>1964.9</ele><time>2023-11-10T23:58:56Z</time></trkpt>
      <trkpt lat="25.7285942" lon="100.1886087"><ele>1964.8</ele><time>2023-11-10T23:58:57Z</time></trkpt>
      <trkpt lat="25.7285920" lon="100.1886337"><ele>1964.7</ele><time>2023-11-10T23:58:58Z</time></trkpt>
      <trkpt lat="25.7285878" lon="100.1886587"><ele>1964.6</ele><time>2023-11-10T23:58:59Z</time></trkpt>
      <trkpt lat="25.7285820" lon="100.1886836"><ele>1964.5</ele><time>2023-11-10T23:59:00Z</time></trkpt>
      <trkpt lat="25.7285747" lon="100.1887085"><ele>1964.4</ele><time>2023-11-10T23:59:01Z</time></trkpt>
      <trkpt lat="25.7285637" lon="100.1887330"><ele>1964.3</ele><time>2023-11-10T23:59:02Z</time></trkpt>
      <trkpt lat="25.7285485" lon="100.1887567"><ele>1964.2</ele><time>2023-11-10T23:59:03Z</time></trkpt>
      <trkpt lat="25.7285315" lon="100.1887793"><ele>1964.2</ele><time>2023-11-10T23:59:04Z</time></trkpt>
      <trkpt lat="25.7285145" lon="100.1887994"><ele>1964.2</ele><time>2023-11-10T23:59:05Z</time></trkpt>
      <trkpt lat="25.7284972" lon="100.1888164"><ele>1964.2</ele><time>2023-11-10T23:59:06Z</time></trkpt>
      <trkpt lat="25.7284786" lon="100.1888305"><ele>1964.3</ele><time>2023-11-10T23:59:07Z</time></trkpt>
      <trkpt lat="25.7284585" lon="100.1888427"><ele>1964.4</ele><time>2023-11-10T23:59:08Z</time></trkpt>
      <trkpt lat="25.7284369" lon="100.1888537"><ele>1964.5</ele><time>2023-11-10T23:59:09Z</time></trkpt>
      <trkpt lat="25.7284144" lon="100.1888644"><ele>1964.6</ele><time>2023-11-10T23:59:10Z</time></trkpt>
      <trkpt lat="25.7283924" lon="100.1888757"><ele>1964.7</ele><time>2023-11-10T23:59:11Z</time></trkpt>
      <trkpt lat="25.7283713" lon="100.1888877"><ele>1964.9</ele><time>2023-11-10T23:59:12Z</time></trkpt>
      <trkpt lat="25.7283504" lon="100.1888996"><ele>1965.1</ele><time>2023-11-10T23:59:13Z</time></trkpt>
      <trkpt lat="25.7283288" lon="100.1889104"><ele>1965.3</ele><time>2023-11-10T23:59:14Z</time></trkpt>
      <trkpt lat="25.7283070" lon="100.1889211"><ele>1965.5</ele><time>2023-11-10T23:59:15Z</time></trkpt>
      <trkpt lat="25.7282851" lon="100.1889323"><ele>1965.7</ele><time>2023-11-10T23:59:16Z</time></trkpt>
      <trkpt lat="25.7282634" lon="100.1889432"><ele>1965.9</ele><time>2023-11-10T23:59:17Z</time></trkpt>
      <trkpt lat="25.7282422" lon="100.1889526"><ele>1966.2</ele><time>2023-11-10T23:59:18Z</time></trkpt>
      <trkpt lat="25.7282216" lon="100.1889593"><ele>1966.4</ele><time>2023-11-10T23:59:19Z</time></trkpt>
      <trkpt lat="25.7282015" lon="100.1889655"><ele>1966.5</ele><time>2023-11-10T23:59:20Z</time></trkpt>
      <trkpt lat="25.7281814" lon="100.1889736"><ele>1966.7</ele><time>2023-11-10T23:59:21Z</time></trkpt>
      <trkpt lat="25.7281609" lon="100.1889828"><ele>1966.9</ele><time>2023-11-10T23:59:22Z</time></trkpt>
      <trkpt lat="25.7281398" lon="100.1889920"><ele>1967.0</ele><time>2023-11-10T23:59:23Z</time></trkpt>
      <trkpt lat="25.7281181" lon="100.1890005"><ele>1967.1</ele><time>2023-11-10T23:59:24Z</time></trkpt>
      <trkpt lat="25.7280964" lon="100.1890089"><ele>1967.2</ele><time>2023-11-10T23:59:25Z</time></trkpt>
      <trkpt lat="25.7280747" lon="100.1890179"><ele>1967.3</ele><time>2023-11-10T23:59:26Z</time></trkpt>
      <trkpt lat="25.7280528" lon="100.1890277"><ele>1967.3</ele><time>2023-11-10T23:59:27Z</time></trkpt>
      <trkpt lat="25.7280310" lon="100.1890382"><ele>1967.4</ele><time>2023-11-10T23:59:28Z</time></trkpt>
      <trkpt lat="25.7280094" lon="100.1890485"><ele>1967.4</ele><time>2023-11-10T23:59:29Z</time></trkpt>
      <trkpt lat="25.7279877" lon="100.1890574"><ele>1967.5</ele><time>2023-11-10T23:59:30Z</time></trkpt>
      <trkpt lat="25.7279666" lon="100.1890660"><ele>1967.5</ele><time>2023-11-10T23:59:31Z</time></trkpt>
      <trkpt lat="25.7279456" lon="100.1890757"><ele>1967.5</ele><time>2023-11-10T23:59:32Z</time></trkpt>
      <trkpt lat="25.7279240" lon="100.1890864"><ele>1967.5</ele><time>2023-11-10T23:59:33Z</time></trkpt>
      <trkpt lat="25.7279017" lon="100.1890979"><ele>1967.5</ele><time>2023-11-10T23:59:34Z</time></trkpt>
      <trkpt lat="25.7278790" lon="100.1891093"><ele>1967.4</ele><time>2023-11-10T23:59:35Z</time></trkpt>
      <trkpt lat="25.7278565" lon="100.1891203"><ele>1967.4</ele><time>2023-11-10T23:59:36Z</time></trkpt>
      <trkpt lat="25.7278341" lon="100.1891315"><ele>1967.3</ele><time>2023-11-10T23:59:37Z</time></trkpt>
      <trkpt lat="25.7278113" lon="100.1891424"><ele>1967.2</ele><time>2023-11-10T23:59:38Z</time></trkpt>
      <trkpt lat="25.7277884" lon="100.1891535"><ele>1967.1</ele><time>2023-11-10T23:59:39Z</time></trkpt>
      <trkpt lat="25.7277663" lon="100.1891651"><ele>1967.0</ele><time>2023-11-10T23:59:40Z</time></trkpt>
      <trkpt lat="25.7277457" lon="100.1891767"><ele>1966.9</ele><time>2023-11-10T23:59:41Z</time></trkpt>
      <trkpt lat="25.7277271" lon="100.1891889"><ele>1966.8</ele><time>2023-11-10T23:59:42Z</time></trkpt>
      <trkpt lat="25.7277110" lon="100.1892031"><ele>1966.7</ele><time>2023-11-10T23:59:43Z</time></trkpt>
      <trkpt lat="25.7276969" lon="100.1892194"><ele>1966.6</ele><time>2023-11-10T23:59:44Z</time></trkpt>
      <trkpt lat="25.7276836" lon="100.1892365"><ele>1966.4</ele><time>2023-11-10T23:59:45Z</time></trkpt>
      <trkpt lat="25.7276703" lon="100.1892539"><ele>1966.3</ele><time>2023-11-10T23:59:46Z</time></trkpt>
      <trkpt lat="25.7276566" lon="100.1892715"><ele>1966.2</ele><time>2023-11-10T23:59:47Z</time></trkpt>
      <trkpt lat="25.7276426" lon="100.1892889"><ele>1966.1</ele><time>2023-11-10T23:59:48Z</time></trkpt>
      <trkpt lat="25.7276292" lon="100.1893066"><ele>1966.0</ele><time>2023-11-10T23:59:49Z</time></trkpt>
      <trkpt lat="25.7276168" lon="100.1893255"><ele>1966.0</ele><time>2023-11-10T23:59:50Z</time></trkpt>
      <trkpt lat="25.7276049" lon="100.1893449"><ele>1966.0</ele><time>2023-11-10T23:59:51Z</time></trkpt>
      <trkpt lat="25.7275922" lon="100.1893632"><ele>1965.9</ele><time>2023-11-10T23:59:52Z</time></trkpt>
      <trkpt lat="25.7275769" lon="100.1893775"><ele>1965.9</ele><time>2023-11-10T23:59:53Z</time></trkpt>
      <trkpt lat="25.7275591" lon="100.1893864"><ele>1966.0</ele><time>2023-11-10T23:59:54Z</time></trkpt>
      <trkpt lat="25.7275402" lon="100.1893915"><ele>1966.0</ele><time>2023-11-10T23:59:55Z</time></trkpt>
      <trkpt lat="25.7275215" lon="100.1893956"><ele>1966.0</ele><time>2023-11-10T23:59:56Z</time></trkpt>
      <trkpt lat="25.7275031" lon="100.1893998"><ele>1966.1</ele><time>2023-11-10T23:59:57Z</time></trkpt>
      <trkpt lat="25.7274861" lon="100.1894049"><ele>1966.2</ele><time>2023-11-10T23:59:58Z</time></trkpt>
      <trkpt lat="25.7274717" lon="100.1894122"><ele>1966.3</ele><time>2023-11-10T23:59:59Z</time></trkpt>
      <trkpt lat="25.7274618" lon="100.1894214"><ele>1966.4</ele><time>2023-11-11T00:00:00Z</time></trkpt>
      <trkpt lat="25.7274596" lon="100.1894308"><ele>1966.5</ele><time>2023-11-11T00:00:01Z</time></trkpt>
      <trkpt lat="25.7274674" lon="100.1894383"><ele>1966.6</ele><time>2023-11-11T00:00:02Z</time></trkpt>
      <trkpt lat="25.7274846" lon="100.1894391"><ele>1966.6</ele><time>2023-11-11T00:00:03Z</time></trkpt>
      <trkpt lat="25.7275063" lon="100.1894308"><ele>1966.7</ele><time>2023-11-11T00:00:04Z</time></trkpt>
      <trkpt lat="25.7275267" lon="100.1894182"><ele>1966.7</ele><time>2023-11-11T00:00:05Z</time></trkpt>
      <trkpt lat="25.7275452" lon="100.1894052"><ele>1966.7</ele><time>2023-11-11T00:00:06Z</time></trkpt>
      <trkpt lat="25.7275633" lon="100.1893923"><ele>1966.7</ele><time>2023-11-11T00:00:07Z</time></trkpt>
      <trkpt lat="25.7275814" lon="100.1893784"><ele>1966.7</ele><time>2023-11-11T00:00:08Z</time></trkpt>
      <trkpt lat="25.7275988" lon="100.1893620"><ele>1966.6</ele><time>2023-11-11T00:00:09Z</time></trkpt>
      <trkpt lat="25.7276146" lon="100.1893432"><ele>1966.5</ele><time>2023-11-11T00:00:10Z</time></trkpt>
      <trkpt lat="25.7276284" lon="100.1893231"><ele>1966.4</ele><time>2023-11-11T00:00:11Z</time></trkpt>
      <trkpt lat="25.7276405" lon="100.1893029"><ele>1966.3</ele><time>2023-11-11T00:00:12Z</time></trkpt>
      <trkpt lat="25.7276516" lon="100.1892830"><ele>1966.2</ele><time>2023-11-11T00:00:13Z</time></trkpt>
      <trkpt lat="25.7276625" lon="100.1892629"><ele>1966.0</ele><time>2023-11-11T00:00:14Z</time></trkpt>
      <trkpt lat="25.7276742" lon="100.1892436"><ele>1965.9</ele><time>2023-11-11T00:00:15Z</time></trkpt>
      <trkpt lat="25.7276874" lon="100.1892250"><ele>1965.8</ele><time>2023-11-11T00:00:16Z</time></trkpt>
      <trkpt lat="25.7277023" lon="100.1892069"><ele>1965.8</ele><time>2023-11-11T00:00:17Z</time></trkpt>
      <trkpt lat="25.7277189" lon="100.1891900"><ele>1965.7</ele><time>2023-11-11T00:00:18Z</time></trkpt>
      <trkpt lat="25.7277378" lon="100.1891750"><ele>1965.7</ele><time>2023-11-11T00:00:19Z</time></trkpt>
      <trkpt lat="25.7277587" lon="100.1891618"><ele>1965.6</ele><time>2023-11-11T00:00:20Z</time></trkpt>
      <trkpt lat="25.7277815" lon="100.1891501"><ele>1965.6</ele><time>2023-11-11T00:00:21Z</time></trkpt>
      <trkpt lat="25.7278051" lon="100.1891392"><ele>1965.7</ele><time>2023-11-11T00:00:22Z</time></trkpt>
      <trkpt lat="25.7278287" lon="100.1891287"><ele>1965.7</ele><time>2023-11-11T00:00:23Z</time></trkpt>
      <trkpt lat="25.7278520" lon="100.1891186"><ele>1965.7</ele><time>2023-11-11T00:00:24Z</time></trkpt>
      <trkpt lat="25.7278749" lon="100.1891089"><ele>1965.8</ele><time>2023-11-11T00:00:25Z</time></trkpt>
      <trkpt lat="25.7278975" lon="100.1890989"><ele>1965.8</ele><time>2023-11-11T00:00:26Z</time></trkpt>
      <trkpt lat="25.7279199" lon="100.1890888"><ele>1965.9</ele><time>2023-11-11T00:00:27Z</time></trkpt>
      <trkpt lat="25.7279422" lon="100.1890794"><ele>1966.0</ele><time>2023-11-11T00:00:28Z</time></trkpt>
      <trkpt lat="25.7279646" lon="100.1890707"><ele>1966.1</ele><time>2023-11-11T00:00:29Z</time></trkpt>
      <trkpt lat="25.7279867" lon="100.1890615"><ele>1966.2</ele><time>2023-11-11T00:00:30Z</time></trkpt>
      <trkpt lat="25.7280084" lon="100.1890513"><ele>1966.3</ele><time>2023-11-11T00:00:31Z</time></trkpt>
      <trkpt lat="25.7280298" lon="100.1890404"><ele>1966.4</ele><time>2023-11-11T00:00:32Z</time></trkpt>
      <trkpt lat="25.7280511" lon="100.1890296"><ele>1966.5</ele><time>2023-11-11T00:00:33Z</time></trkpt>
      <trkpt lat="25.7280731" lon="100.1890195"><ele>1966.6</ele><time>2023-11-11T00:00:34Z</time></trkpt>
      <trkpt lat="25.7280952" lon="100.1890103"><ele>1966.7</ele><time>2023-11-11T00:00:35Z</time></trkpt>
      <trkpt lat="25.7281164" lon="100.1890014"><ele>1966.8</ele><time>2023-11-11T00:00:36Z</time></trkpt>
      <trkpt lat="25.7281364" lon="100.1889919"><ele>1966.9</ele><time>2023-11-11T00:00:37Z</time></trkpt>
      <trkpt lat="25.7281552" lon="100.1889816"><ele>1966.9</ele><time>2023-11-11T00:00:38Z</time></trkpt>
      <trkpt lat="25.7281738" lon="100.1889713"><ele>1967.0</ele><time>2023-11-11T00:00:39Z</time></trkpt>
      <trkpt lat="25.7281928" lon="100.1889618"><ele>1967.1</ele><time>2023-11-11T00:00:40Z</time></trkpt>
      <trkpt lat="25.7282119" lon="100.1889523"><ele>1967.1</ele><time>2023-11-11T00:00:41Z</time></trkpt>
      <trkpt lat="25.7282313" lon="100.1889426"><ele>1967.2</ele><time>2023-11-11T00:00:42Z</time></trkpt>
      <trkpt lat="25.7282510" lon="100.1889330"><ele>1967.3</ele><time>2023-11-11T00:00:43Z</time></trkpt>
      <trkpt lat="25.7282714" lon="100.1889234"><ele>1967.3</ele><time>2023-11-11T00:00:44Z</time></trkpt>
      <trkpt lat="25.7282918" lon="100.1889133"><ele>1967.3</ele><time>2023-11-11T00:00:45Z</time></trkpt>
      <trkpt lat="25.7283112" lon="100.1889025"><ele>1967.3</ele><time>2023-11-11T00:00:46Z</time></trkpt>
      <trkpt lat="25.7283301" lon="100.1888918"><ele>1967.3</ele><time>2023-11-11T00:00:47Z</time></trkpt>
      <trkpt lat="25.7283485" lon="100.1888817"><ele>1967.3</ele><time>2023-11-11T00:00:48Z</time></trkpt>
      <trkpt lat="25.7283665" lon="100.1888717"><ele>1967.2</ele><time>2023-11-11T00:00:49Z</time></trkpt>
      <trkpt lat="25.7283847" lon="100.1888622"><ele>1967.2</ele><time>2023-11-11T00:00:50Z</time></trkpt>
      <trkpt lat="25.7284030" lon="100.1888538"><ele>1967.2</ele><time>2023-11-11T00:00:51Z</time></trkpt>
      <trkpt lat="25.7284215" lon="100.1888461"><ele>1967.1</ele><time>2023-11-11T00:00:52Z</time></trkpt>
      <trkpt lat="25.7284406" lon="100.1888386"><ele>1967.1</ele><time>2023-11-11T00:00:53Z</time></trkpt>
      <trkpt lat="25.7284594" lon="100.1888295"><ele>1967.0</ele><time>2023-11-11T00:00:54Z</time></trkpt>
      <trkpt lat="25.7284776" lon="100.1888181"><ele>1966.8</ele><time>2023-11-11T00:00:55Z</time></trkpt>
      <trkpt lat="25.7284943" lon="100.1888052"><ele>1966.7</ele><time>2023-11-11T00:00:56Z</time></trkpt>
      <trkpt lat="25.7285097" lon="100.1887920"><ele>1966.5</ele><time>2023-11-11T00:00:57Z</time></trkpt>
      <trkpt lat="25.7285249" lon="100.1887787"><ele>1966.3</ele><time>2023-11-11T00:00:58Z</time></trkpt>
      <trkpt lat="25.7285393" lon="100.1887645"><ele>1966.2</ele><time>2023-11-11T00:00:59Z</time></trkpt>
      <trkpt lat="25.7285521" lon="100.1887485"><ele>1966.0</ele><time>2023-11-11T00:01:00Z</time></trkpt>
      <trkpt lat="25.7285631" lon="100.1887308"><ele>1965.8</ele><time>2023-11-11T00:01:01Z</time></trkpt>
      <trkpt lat="25.7285727" lon="100.1887123"><ele>1965.5</ele><time>2023-11-11T00:01:02Z</time></trkpt>
      <trkpt lat="25.7285812" lon="100.1886933"><ele>1965.4</ele><time>2023-11-11T00:01:03Z</time></trkpt>
      <trkpt lat="25.7285881" lon="100.1886738"><ele>1965.2</ele><time>2023-11-11T00:01:04Z</time></trkpt>
      <trkpt lat="25.7285939" lon="100.1886540"><ele>1965.0</ele><time>2023-11-11T00:01:05Z</time></trkpt>
      <trkpt lat="25.7285978" lon="100.1886337"><ele>1964.8</ele><time>2023-11-11T00:01:06Z</time></trkpt>
      <trkpt lat="25.7285991" lon="100.1886125"><ele>1964.7</ele><time>2023-11-11T00:01:07Z</time></trkpt>
      <trkpt lat="25.7285988" lon="100.1885908"><ele>1964.6</ele><time>2023-11-11T00:01:08Z</time></trkpt>
      <trkpt lat="25.7285974" lon="100.1885684"><ele>1964.5</ele><time>2023-11-11T00:01:09Z</time></trkpt>
      <trkpt lat="25.7285956" lon="100.1885457"><ele>1964.5</ele><time>2023-11-11T00:01:10Z</time></trkpt>
      <trkpt lat="25.7285942" lon="100.1885229"><ele>1964.4</ele><time>2023-11-11T00:01:11Z</time></trkpt>
      <trkpt lat="25.7285928" lon="100.1885002"><ele>1964.4</ele><time>2023-11-11T00:01:12Z</time></trkpt>
      <trkpt lat="25.7285911" lon="100.1884775"><ele>1964.4</ele><time>2023-11-11T00:01:13Z</time></trkpt>
      <trkpt lat="25.7285895" lon="100.1884547"><ele>1964.4</ele><time>2023-11-11T00:01:14Z</time></trkpt>
      <trkpt lat="25.7285881" lon="100.1884314"><ele>1964.4</ele><time>2023-11-11T00:01:15Z</time></trkpt>
      <trkpt lat="25.7285865" lon="100.1884074"><ele>1964.5</ele><time>2023-11-11T00:01:16Z</time></trkpt>
      <trkpt lat="25.7285836" lon="100.1883826"><ele>1964.5</ele><time>2023-11-11T00:01:17Z</time></trkpt>
      <trkpt lat="25.7285802" lon="100.1883571"><ele>1964.6</ele><time>2023-11-11T00:01:18Z</time></trkpt>
      <trkpt lat="25.7285772" lon="100.1883313"><ele>1964.6</ele><time>2023-11-11T00:01:19Z</time></trkpt>
      <trkpt lat="25.7285750" lon="100.1883054"><ele>1964.7</ele><time>2023-11-11T00:01:20Z</time></trkpt>
      <trkpt lat="25.7285736" lon="100.1882787"><ele>1964.8</ele><time>2023-11-11T00:01:21Z</time></trkpt>
      <trkpt lat="25.7285726" lon="100.1882508"><ele>1964.9</ele><time>2023-11-11T00:01:22Z</time></trkpt>
      <trkpt lat="25.7285714" lon="100.1882223"><ele>1965.1</ele><time>2023-11-11T00:01:23Z</time></trkpt>
      <trkpt lat="25.7285690" lon="100.1881936"><ele>1965.2</ele><time>2023-11-11T00:01:24Z</time></trkpt>
      <trkpt lat="25.7285655" lon="100.1881649"><ele>1965.3</ele><time>2023-11-11T00:01:25Z</time></trkpt>
      <trkpt lat="25.7285619" lon="100.1881361"><ele>1965.4</ele><time>2023-11-11T00:01:26Z</time></trkpt>
      <trkpt lat="25.7285597" lon="100.1881076"><ele>1965.5</ele><time>2023-11-11T00:01:27Z</time></trkpt>
      <trkpt lat="25.7285585" lon="100.1880793"><ele>1965.7</ele><time>2023-11-11T00:01:28Z</time></trkpt>
      <trkpt lat="25.7285565" lon="100.1880513"><ele>1965.8</ele><time>2023-11-11T00:01:29Z</time></trkpt>
      <trkpt lat="25.7285532" lon="100.1880234"><ele>1965.8</ele><time>2023-11-11T00:01:30Z</time></trkpt>
      <trkpt lat="25.7285493" lon="100.1879955"><ele>1965.9</ele><time>2023-11-11T00:01:31Z</time></trkpt>
      <trkpt lat="25.7285454" lon="100.1879680"><ele>1966.0</ele><time>2023-11-11T00:01:32Z</time></trkpt>
      <trkpt lat="25.7285418" lon="100.1879412"><ele>1966.0</ele><time>2023-11-11T00:01:33Z</time></trkpt>
      <trkpt lat="25.7285389" lon="100.1879150"><ele>1966.1</ele><time>2023-11-11T00:01:34Z</time></trkpt>
      <trkpt lat="25.7285376" lon="100.1878890"><ele>1966.1</ele><time>2023-11-11T00:01:35Z</time></trkpt>
      <trkpt lat="25.7285387" lon="100.1878628"><ele>1966.1</ele><time>2023-11-11T00:01:36Z</time></trkpt>
      <trkpt lat="25.7285407" lon="100.1878356"><ele>1966.1</ele><time>2023-11-11T00:01:37Z</time></trkpt>
      <trkpt lat="25.7285431" lon="100.1878074"><ele>1966.1</ele><time>2023-11-11T00:01:38Z</time></trkpt>
      <trkpt lat="25.7285461" lon="100.1877793"><ele>1966.1</ele><time>2023-11-11T00:01:39Z</time></trkpt>
      <trkpt lat="25.7285507" lon="100.1877522"><ele>1966.2</ele><time>2023-11-11T00:01:40Z</time></trkpt>
      <trkpt lat="25.7285580" lon="100.1877260"><ele>1966.2</ele><time>2023-11-11T00:01:41Z</time></trkpt>
      <trkpt lat="25.7285691" lon="100.1877012"><ele>1966.2</ele><time>2023-11-11T00:01:42Z</time></trkpt>
      <trkpt lat="25.7285843" lon="100.1876785"><ele>1966.3</ele><time>2023-11-11T00:01:43Z</time></trkpt>
      <trkpt lat="25.7286020" lon="100.1876586"><ele>1966.4</ele><time>2023-11-11T00:01:44Z</time></trkpt>
      <trkpt lat="25.7286211" lon="100.1876410"><ele>1966.5</ele><time>2023-11-11T00:01:45Z</time></trkpt>
      <trkpt lat="25.7286415" lon="100.1876258"><ele>1966.6</ele><time>2023-11-11T00:01:46Z</time></trkpt>
      <trkpt lat="25.7286627" lon="100.1876130"><ele>1966.7</ele><time>2023-11-11T00:01:47Z</time></trkpt>
      <trkpt lat="25.7286838" lon="100.1876011"><ele>1966.8</ele><time>2023-11-11T00:01:48Z</time></trkpt>
      <trkpt lat="25.7287044" lon="100.1875895"><ele>1966.9</ele><time>2023-11-11T00:01:49Z</time></trkpt>
      <trkpt lat="25.7287246" lon="100.1875788"><ele>1967.0</ele><time>2023-11-11T00:01:50Z</time></trkpt>
      <trkpt lat="25.7287452" lon="100.1875700"><ele>1967.1</ele><time>2023-11-11T00:01:51Z</time></trkpt>
      <trkpt lat="25.7287665" lon="100.1875631"><ele>1967.2</ele><time>2023-11-11T00:01:52Z</time></trkpt>
      <trkpt lat="25.7287884" lon="100.1875562"><ele>1967.3</ele><time>2023-11-11T00:01:53Z</time></trkpt>
      <trkpt lat="25.7288105" lon="100.1875488"><ele>1967.4</ele><time>2023-11-11T00:01:54Z</time></trkpt>
      <trkpt lat="25.7288320" lon="100.1875408"><ele>1967.5</ele><time>2023-11-11T00:01:55Z</time></trkpt>
      <trkpt lat="25.7288528" lon="100.1875319"><ele>1967.6</ele><time>2023-11-11T00:01:56Z</time></trkpt>
      <trkpt lat="25.7288732" lon="100.1875230"><ele>1967.7</ele><time>2023-11-11T00:01:57Z</time></trkpt>
      <trkpt lat="25.7288931" lon="100.1875150"><ele>1967.7</ele><time>2023-11-11T00:01:58Z</time></trkpt>
      <trkpt lat="25.7289126" lon="100.1875076"><ele>1967.8</ele><time>2023-11-11T00:01:59Z</time></trkpt>
      <trkpt lat="25.7289317" lon="100.1874998"><ele>1967.9</ele><time>2023-11-11T00:02:00Z</time></trkpt>
      <trkpt lat="25.7289500" lon="100.1874915"><ele>1967.9</ele><time>2023-11-11T00:02:01Z</time></trkpt>
      <trkpt lat="25.7289680" lon="100.1874828"><ele>1968.0</ele><time>2023-11-11T00:02:02Z</time></trkpt>
      <trkpt lat="25.7289853" lon="100.1874740"><ele>1968.0</ele><time>2023-11-11T00:02:03Z</time></trkpt>
      <trkpt lat="25.7290017" lon="100.1874655"><ele>1968.1</ele><time>2023-11-11T00:02:04Z</time></trkpt>
      <trkpt lat="25.7290183" lon="100.1874566"><ele>1968.1</ele><time>2023-11-11T00:02:05Z</time></trkpt>
      <trkpt lat="25.7290354" lon="100.1874473"><ele>1968.1</ele><time>2023-11-11T00:02:06Z</time></trkpt>
      <trkpt lat="25.7290530" lon="100.1874378"><ele>1968.1</ele><time>2023-11-11T00:02:07Z</time></trkpt>
      <trkpt lat="25.7290707" lon="100.1874285"><ele>1968.1</ele><time>2023-11-11T00:02:08Z</time></trkpt>
      <trkpt lat="25.7290882" lon="100.1874200"><ele>1968.2</ele><time>2023-11-11T00:02:09Z</time></trkpt>
      <trkpt lat="25.7291058" lon="100.1874119"><ele>1968.2</ele><time>2023-11-11T00:02:10Z</time></trkpt>
      <trkpt lat="25.7291238" lon="100.1874033"><ele>1968.2</ele><time>2023-11-11T00:02:11Z</time></trkpt>
      <trkpt lat="25.7291419" lon="100.1873941"><ele>1968.3</ele><time>2023-11-11T00:02:12Z</time></trkpt>
      <trkpt lat="25.7291608" lon="100.1873854"><ele>1968.3</ele><time>2023-11-11T00:02:13Z</time></trkpt>
      <trkpt lat="25.7291803" lon="100.1873772"><ele>1968.3</ele><time>2023-11-11T00:02:14Z</time></trkpt>
      <trkpt lat="25.7292003" lon="100.1873689"><ele>1968.3</ele><time>2023-11-11T00:02:15Z</time></trkpt>
      <trkpt lat="25.7292205" lon="100.1873599"><ele>1968.3</ele><time>2023-11-11T00:02:16Z</time></trkpt>
      <trkpt lat="25.7292407" lon="100.1873504"><ele>1968.3</ele><time>2023-11-11T00:02:17Z</time></trkpt>
      <trkpt lat="25.7292603" lon="100.1873402"><ele>1968.3</ele><time>2023-11-11T00:02:18Z</time></trkpt>
      <trkpt lat="25.7292787" lon="100.1873295"><ele>1968.3</ele><time>2023-11-11T00:02:19Z</time></trkpt>
      <trkpt lat="25.7292960" lon="100.1873188"><ele>1968.3</ele><time>2023-11-11T00:02:20Z</time></trkpt>
      <trkpt lat="25.7293128" lon="100.1873076"><ele>1968.3</ele><time>2023-11-11T00:02:21Z</time></trkpt>
      <trkpt lat="25.7293290" lon="100.1872959"><ele>1968.3</ele><time>2023-11-11T00:02:22Z</time></trkpt>
      <trkpt lat="25.7293449" lon="100.1872842"><ele>1968.3</ele><time>2023-11-11T00:02:23Z</time></trkpt>
      <trkpt lat="25.7293603" lon="100.1872720"><ele>1968.4</ele><time>2023-11-11T00:02:24Z</time></trkpt>
      <trkpt lat="25.7293746" lon="100.1872591"><ele>1968.4</ele><time>2023-11-11T00:02:25Z</time></trkpt>
      <trkpt lat="25.7293878" lon="100.1872448"><ele>1968.4</ele><time>2023-11-11T00:02:26Z</time></trkpt>
      <trkpt lat="25.7294006" lon="100.1872292"><ele>1968.4</ele><time>2023-11-11T00:02:27Z</time></trkpt>
      <trkpt lat="25.7294133" lon="100.1872137"><ele>1968.3</ele><time>2023-11-11T00:02:28Z</time></trkpt>
      <trkpt lat="25.7294258" lon="100.1871983"><ele>1968.3</ele><time>2023-11-11T00:02:29Z</time></trkpt>
      <trkpt lat="25.7294376" lon="100.1871825"><ele>1968.3</ele><time>2023-11-11T00:02:30Z</time></trkpt>
      <trkpt lat="25.7294485" lon="100.1871662"><ele>1968.3</ele><time>2023-11-11T00:02:31Z</time></trkpt>
      <trkpt lat="25.7294593" lon="100.1871495"><ele>1968.3</ele><time>2023-11-11T00:02:32Z</time></trkpt>
      <trkpt lat="25.7294702" lon="100.1871322"><ele>1968.3</ele><time>2023-11-11T00:02:33Z</time></trkpt>
      <trkpt lat="25.7294809" lon="100.1871142"><ele>1968.3</ele><time>2023-11-11T00:02:34Z</time></trkpt>
      <trkpt lat="25.7294923" lon="100.1870960"><ele>1968.3</ele><time>2023-11-11T00:02:35Z</time></trkpt>
      <trkpt lat="25.7295042" lon="100.1870785"><ele>1968.3</ele><time>2023-11-11T00:02:36Z</time></trkpt>
      <trkpt lat="25.7295162" lon="100.1870612"><ele>1968.3</ele><time>2023-11-11T00:02:37Z</time></trkpt>
      <trkpt lat="25.7295277" lon="100.1870438"><ele>1968.3</ele><time>2023-11-11T00:02:38Z</time></trkpt>
      <trkpt lat="25.7295390" lon="100.1870267"><ele>1968.3</ele><time>2023-11-11T00:02:39Z</time></trkpt>
      <trkpt lat="25.7295507" lon="100.1870099"><ele>1968.2</ele><time>2023-11-11T00:02:40Z</time></trkpt>
      <trkpt lat="25.7295630" lon="100.1869933"><ele>1968.2</ele><time>2023-11-11T00:02:41Z</time></trkpt>
      <trkpt lat="25.7295763" lon="100.1869770"><ele>1968.2</ele><time>2023-11-11T00:02:42Z</time></trkpt>
      <trkpt lat="25.7295905" lon="100.1869610"><ele>1968.1</ele><time>2023-11-11T00:02:43Z</time></trkpt>
      <trkpt lat="25.7296048" lon="100.1869452"><ele>1968.1</ele><time>2023-11-11T00:02:44Z</time></trkpt>
      <trkpt lat="25.7296191" lon="100.1869299"><ele>1968.0</ele><time>2023-11-11T00:02:45Z</time></trkpt>
      <trkpt lat="25.7296337" lon="100.1869152"><ele>1968.0</ele><time>2023-11-11T00:02:46Z</time></trkpt>
      <trkpt lat="25.7296488" lon="100.1869009"><ele>1967.9</ele><time>2023-11-11T00:02:47Z</time></trkpt>
      <trkpt lat="25.7296646" lon="100.1868867"><ele>1967.9</ele><time>2023-11-11T00:02:48Z</time></trkpt>
      <trkpt lat="25.7296811" lon="100.1868726"><ele>1967.8</ele><time>2023-11-11T00:02:49Z</time></trkpt>
      <trkpt lat="25.7296976" lon="100.1868580"><ele>1967.8</ele><time>2023-11-11T00:02:50Z</time></trkpt>
      <trkpt lat="25.7297140" lon="100.1868430"><ele>1967.7</ele><time>2023-11-11T00:02:51Z</time></trkpt>
      <trkpt lat="25.7297308" lon="100.1868285"><ele>1967.7</ele><time>2023-11-11T00:02:52Z</time></trkpt>
      <trkpt lat="25.7297480" lon="100.1868148"><ele>1967.7</ele><time>2023-11-11T00:02:53Z</time></trkpt>
      <trkpt lat="25.7297653" lon="100.1868014"><ele>1967.6</ele><time>2023-11-11T00:02:54Z</time></trkpt>
      <trkpt lat="25.7297824" lon="100.1867880"><ele>1967.6</ele><time>2023-11-11T00:02:55Z</time></trkpt>
      <trkpt lat="25.7297992" lon="100.1867744"><ele>1967.6</ele><time>2023-11-11T00:02:56Z</time></trkpt>
      <trkpt lat="25.7298160" lon="100.1867610"><ele>1967.7</ele><time>2023-11-11T00:02:57Z</time></trkpt>
      <trkpt lat="25.7298327" lon="100.1867479"><ele>1967.7</ele><time>2023-11-11T00:02:58Z</time></trkpt>
      <trkpt lat="25.7298496" lon="100.1867354"><ele>1967.7</ele><time>2023-11-11T00:02:59Z</time></trkpt>
      <trkpt lat="25.7298669" lon="100.1867238"><ele>1967.7</ele><time>2023-11-11T00:03:00Z</time></trkpt>
      <trkpt lat="25.7298842" lon="100.1867121"><ele>1967.8</ele><time>2023-11-11T00:03:01Z</time></trkpt>
      <trkpt lat="25.7299014" lon="100.1867002"><ele>1967.8</ele><time>2023-11-11T00:03:02Z</time></trkpt>
      <trkpt lat="25.7299184" lon="100.1866886"><ele>1967.8</ele><time>2023-11-11T00:03:03Z</time></trkpt>
      <trkpt lat="25.7299353" lon="100.1866779"><ele>1967.8</ele><time>2023-11-11T00:03:04Z</time></trkpt>
      <trkpt lat="25.7299527" lon="100.1866683"><ele>1967.9</ele><time>2023-11-11T00:03:05Z</time></trkpt>
      <trkpt lat="25.7299713" lon="100.1866590"><ele>1968.0</ele><time>2023-11-11T00:03:06Z</time></trkpt>
      <trkpt lat="25.7299914" lon="100.1866498"><ele>1968.0</ele><time>2023-11-11T00:03:07Z</time></trkpt>
      <trkpt lat="25.7300124" lon="100.1866409"><ele>1968.1</ele><time>2023-11-11T00:03:08Z</time></trkpt>
      <trkpt lat="25.7300337" lon="100.1866330"><ele>1968.1</ele><time>2023-11-11T00:03:09Z</time></trkpt>
      <trkpt lat="25.7300549" lon="100.1866257"><ele>1968.2</ele><time>2023-11-11T00:03:10Z</time></trkpt>
      <trkpt lat="25.7300752" lon="100.1866184"><ele>1968.3</ele><time>2023-11-11T00:03:11Z</time></trkpt>
      <trkpt lat="25.7300947" lon="100.1866113"><ele>1968.4</ele><time>2023-11-11T00:03:12Z</time></trkpt>
      <trkpt lat="25.7301140" lon="100.1866045"><ele>1968.5</ele><time>2023-11-11T00:03:13Z</time></trkpt>
      <trkpt lat="25.7301334" lon="100.1865977"><ele>1968.5</ele><time>2023-11-11T00:03:14Z</time></trkpt>
      <trkpt lat="25.7301531" lon="100.1865912"><ele>1968.6</ele><time>2023-11-11T00:03:15Z</time></trkpt>
      <trkpt lat="25.7301729" lon="100.1865852"><ele>1968.6</ele><time>2023-11-11T00:03:16Z</time></trkpt>
      <trkpt lat="25.7301925" lon="100.1865796"><ele>1968.7</ele><time>2023-11-11T00:03:17Z</time></trkpt>
      <trkpt lat="25.7302123" lon="100.1865745"><ele>1968.8</ele><time>2023-11-11T00:03:18Z</time></trkpt>
      <trkpt lat="25.7302321" lon="100.1865692"><ele>1968.8</ele><time>2023-11-11T00:03:19Z</time></trkpt>
      <trkpt lat="25.7302521" lon="100.1865637"><ele>1968.8</ele><time>2023-11-11T00:03:20Z</time></trkpt>
      <trkpt lat="25.7302729" lon="100.1865589"><ele>1968.9</ele><time>2023-11-11T00:03:21Z</time></trkpt>
      <trkpt lat="25.7302938" lon="100.1865547"><ele>1968.9</ele><time>2023-11-11T00:03:22Z</time></trkpt>
      <trkpt lat="25.7303139" lon="100.1865506"><ele>1969.0</ele><time>2023-11-11T00:03:23Z</time></trkpt>
      <trkpt lat="25.7303327" lon="100.1865465"><ele>1969.0</ele><time>2023-11-11T00:03:24Z</time></trkpt>
      <trkpt lat="25.7303513" lon="100.1865426"><ele>1969.0</ele><time>2023-11-11T00:03:25Z</time></trkpt>
      <trkpt lat="25.7303707" lon="100.1865397"><ele>1968.9</ele><time>2023-11-11T00:03:26Z</time></trkpt>
      <trkpt lat="25.7303910" lon="100.1865380"><ele>1968.9</ele><time>2023-11-11T00:03:27Z</time></trkpt>
      <trkpt lat="25.7304111" lon="100.1865369"><ele>1968.9</ele><time>2023-11-11T00:03:28Z</time></trkpt>
      <trkpt lat="25.7304306" lon="100.1865363"><ele>1968.9</ele><time>2023-11-11T00:03:29Z</time></trkpt>
      <trkpt lat="25.7304493" lon="100.1865371"><ele>1968.9</ele><time>2023-11-11T00:03:30Z</time></trkpt>
      <trkpt lat="25.7304676" lon="100.1865389"><ele>1968.9</ele><time>2023-11-11T00:03:31Z</time></trkpt>
      <trkpt lat="25.7304858" lon="100.1865415"><ele>1968.9</ele><time>2023-11-11T00:03:32Z</time></trkpt>
      <trkpt lat="25.7305041" lon="100.1865448"><ele>1968.9</ele><time>2023-11-11T00:03:33Z</time></trkpt>
      <trkpt lat="25.7305227" lon="100.1865486"><ele>1968.9</ele><time>2023-11-11T00:03:34Z</time></trkpt>
      <trkpt lat="25.7305412" lon="100.1865535"><ele>1968.9</ele><time>2023-11-11T00:03:35Z</time></trkpt>
      <trkpt lat="25.7305594" lon="100.1865594"><ele>1968.9</ele><time>2023-11-11T00:03:36Z</time></trkpt>
      <trkpt lat="25.7305774" lon="100.1865652"><ele>1968.9</ele><time>2023-11-11T00:03:37Z</time></trkpt>
      <trkpt lat="25.7305952" lon="100.1865706"><ele>1969.0</ele><time>2023-11-11T00:03:38Z</time></trkpt>
      <trkpt lat="25.7306129" lon="100.1865756"><ele>1969.0</ele><time>2023-11-11T00:03:39Z</time></trkpt>
      <trkpt lat="25.7306307" lon="100.1865804"><ele>1969.0</ele><time>2023-11-11T00:03:40Z</time></trkpt>
      <trkpt lat="25.7306487" lon="100.1865849"><ele>1969.0</ele><time>2023-11-11T00:03:41Z</time></trkpt>
      <trkpt lat="25.7306668" lon="100.1865886"><ele>1969.0</ele><time>2023-11-11T00:03:42Z</time></trkpt>
      <trkpt lat="25.7306847" lon="100.1865915"><ele>1969.0</ele><time>2023-11-11T00:03:43Z</time></trkpt>
      <trkpt lat="25.7307025" lon="100.1865929"><ele>1969.0</ele><time>2023-11-11T00:03:44Z</time></trkpt>
      <trkpt lat="25.7307202" lon="100.1865926"><ele>1969.0</ele><time>2023-11-11T00:03:45Z</time></trkpt>
      <trkpt lat="25.7307376" lon="100.1865917"><ele>1969.1</ele><time>2023-11-11T00:03:46Z</time></trkpt>
      <trkpt lat="25.7307543" lon="100.1865903"><ele>1969.1</ele><time>2023-11-11T00:03:47Z</time></trkpt>
      <trkpt lat="25.7307702" lon="100.1865882"><ele>1969.1</ele><time>2023-11-11T00:03:48Z</time></trkpt>
      <trkpt lat="25.7307856" lon="100.1865850"><ele>1969.1</ele><time>2023-11-11T00:03:49Z</time></trkpt>
      <trkpt lat="25.7308006" lon="100.1865802"><ele>1969.1</ele><time>2023-11-11T00:03:50Z</time></trkpt>
      <trkpt lat="25.7308153" lon="100.1865748"><ele>1969.1</ele><time>2023-11-11T00:03:51Z</time></trkpt>
      <trkpt lat="25.7308298" lon="100.1865693"><ele>1969.1</ele><time>2023-11-11T00:03:52Z</time></trkpt>
      <trkpt lat="25.7308437" lon="100.1865637"><ele>1969.2</ele><time>2023-11-11T00:03:53Z</time></trkpt>
      <trkpt lat="25.7308574" lon="100.1865578"><ele>1969.2</ele><time>2023-11-11T00:03:54Z</time></trkpt>
      <trkpt lat="25.7308710" lon="100.1865512"><ele>1969.2</ele><time>2023-11-11T00:03:55Z</time></trkpt>
      <trkpt lat="25.7308846" lon="100.1865435"><ele>1969.3</ele><time>2023-11-11T00:03:56Z</time></trkpt>
      <trkpt lat="25.7308978" lon="100.1865348"><ele>1969.3</ele><time>2023-11-11T00:03:57Z</time></trkpt>
      <trkpt lat="25.7309105" lon="100.1865251"><ele>1969.4</ele><time>2023-11-11T00:03:58Z</time></trkpt>
      <trkpt lat="25.7309225" lon="100.1865146"><ele>1969.4</ele><time>2023-11-11T00:03:59Z</time></trkpt>
      <trkpt lat="25.7309348" lon="100.1865034"><ele>1969.5</ele><time>2023-11-11T00:04:00Z</time></trkpt>
      <trkpt lat="25.7309480" lon="100.1864920"><ele>1969.5</ele><time>2023-11-11T00:04:01Z</time></trkpt>
      <trkpt lat="25.7309612" lon="100.1864807"><ele>1969.6</ele><time>2023-11-11T00:04:02Z</time></trkpt>
      <trkpt lat="25.7309741" lon="100.1864695"><ele>1969.7</ele><time>2023-11-11T00:04:03Z</time></trkpt>
      <trkpt lat="25.7309864" lon="100.1864582"><ele>1969.7</ele><time>2023-11-11T00:04:04Z</time></trkpt>
      <trkpt lat="25.7309978" lon="100.1864464"><ele>1969.8</ele><time>2023-11-11T00:04:05Z</time></trkpt>
      <trkpt lat="25.7310084" lon="100.1864341"><ele>1969.9</ele><time>2023-11-11T00:04:06Z</time></trkpt>
      <trkpt lat="25.7310187" lon="100.1864219"><ele>1970.0</ele><time>2023-11-11T00:04:07Z</time></trkpt>
      <trkpt lat="25.7310300" lon="100.1864098"><ele>1970.1</ele><time>2023-11-11T00:04:08Z</time></trkpt>
      <trkpt lat="25.7310420" lon="100.1863974"><ele>1970.2</ele><time>2023-11-11T00:04:09Z</time></trkpt>
      <trkpt lat="25.7310535" lon="100.1863846"><ele>1970.2</ele><time>2023-11-11T00:04:10Z</time></trkpt>
      <trkpt lat="25.7310648" lon="100.1863721"><ele>1970.2</ele><time>2023-11-11T00:04:11Z</time></trkpt>
      <trkpt lat="25.7310763" lon="100.1863599"><ele>1970.2</ele><time>2023-11-11T00:04:12Z</time></trkpt>
      <trkpt lat="25.7310881" lon="100.1863482"><ele>1970.2</ele><time>2023-11-11T00:04:13Z</time></trkpt>
      <trkpt lat="25.7311004" lon="100.1863368"><ele>1970.1</ele><time>2023-11-11T00:04:14Z</time></trkpt>
      <trkpt lat="25.7311126" lon="100.1863247"><ele>1970.1</ele><time>2023-11-11T00:04:15Z</time></trkpt>
      <trkpt lat="25.7311243" lon="100.1863116"><ele>1970.0</ele><time>2023-11-11T00:04:16Z</time></trkpt>
      <trkpt lat="25.7311358" lon="100.1862980"><ele>1969.8</ele><time>2023-11-11T00:04:17Z</time></trkpt>
      <trkpt lat="25.7311473" lon="100.1862851"><ele>1969.7</ele><time>2023-11-11T00:04:18Z</time></trkpt>
      <trkpt lat="25.7311593" lon="100.1862724"><ele>1969.5</ele><time>2023-11-11T00:04:19Z</time></trkpt>
      <trkpt lat="25.7311710" lon="100.1862588"><ele>1969.2</ele><time>2023-11-11T00:04:20Z</time></trkpt>
      <trkpt lat="25.7311822" lon="100.1862443"><ele>1969.0</ele><time>2023-11-11T00:04:21Z</time></trkpt>
      <trkpt lat="25.7311937" lon="100.1862297"><ele>1968.8</ele><time>2023-11-11T00:04:22Z</time></trkpt>
      <trkpt lat="25.7312056" lon="100.1862154"><ele>1968.5</ele><time>2023-11-11T00:04:23Z</time></trkpt>
      <trkpt lat="25.7312175" lon="100.1862009"><ele>1968.3</ele><time>2023-11-11T00:04:24Z</time></trkpt>
      <trkpt lat="25.7312290" lon="100.1861861"><ele>1968.1</ele><time>2023-11-11T00:04:25Z</time></trkpt>
      <trkpt lat="25.7312400" lon="100.1861711"><ele>1967.9</ele><time>2023-11-11T00:04:26Z</time></trkpt>
      <trkpt lat="25.7312504" lon="100.1861560"><ele>1967.7</ele><time>2023-11-11T00:04:27Z</time></trkpt>
      <trkpt lat="25.7312599" lon="100.1861410"><ele>1967.5</ele><time>2023-11-11T00:04:28Z</time></trkpt>
      <trkpt lat="25.7312686" lon="100.1861260"><ele>1967.3</ele><time>2023-11-11T00:04:29Z</time></trkpt>
      <trkpt lat="25.7312772" lon="100.1861110"><ele>1967.2</ele><time>2023-11-11T00:04:30Z</time></trkpt>
      <trkpt lat="25.7312858" lon="100.1860963"><ele>1967.0</ele><time>2023-11-11T00:04:31Z</time></trkpt>
      <trkpt lat="25.7312944" lon="100.1860820"><ele>1966.9</ele><time>2023-11-11T00:04:32Z</time></trkpt>
      <trkpt lat="25.7313031" lon="100.1860678"><ele>1966.8</ele><time>2023-11-11T00:04:33Z</time></trkpt>
      <trkpt lat="25.7313122" lon="100.1860536"><ele>1966.8</ele><time>2023-11-11T00:04:34Z</time></trkpt>
      <trkpt lat="25.7313218" lon="100.1860390"><ele>1966.7</ele><time>2023-11-11T00:04:35Z</time></trkpt>
      <trkpt lat="25.7313318" lon="100.1860241"><ele>1966.7</ele><time>2023-11-11T00:04:36Z</time></trkpt>
      <trkpt lat="25.7313426" lon="100.1860088"><ele>1966.7</ele><time>2023-11-11T00:04:37Z</time></trkpt>
      <trkpt lat="25.7313541" lon="100.1859928"><ele>1966.7</ele><time>2023-11-11T00:04:38Z</time></trkpt>
      <trkpt lat="25.7313656" lon="100.1859764"><ele>1966.7</ele><time>2023-11-11T00:04:39Z</time></trkpt>
      <trkpt lat="25.7313761" lon="100.1859602"><ele>1966.7</ele><time>2023-11-11T00:04:40Z</time></trkpt>
      <trkpt lat="25.7313855" lon="100.1859441"><ele>1966.7</ele><time>2023-11-11T00:04:41Z</time></trkpt>
      <trkpt lat="25.7313946" lon="100.1859277"><ele>1966.7</ele><time>2023-11-11T00:04:42Z</time></trkpt>
      <trkpt lat="25.7314039" lon="100.1859114"><ele>1966.7</ele><time>2023-11-11T00:04:43Z</time></trkpt>
      <trkpt lat="25.7314130" lon="100.1858960"><ele>1966.7</ele><time>2023-11-11T00:04:44Z</time></trkpt>
      <trkpt lat="25.7314220" lon="100.1858816"><ele>1966.7</ele><time>2023-11-11T00:04:45Z</time></trkpt>
      <trkpt lat="25.7314310" lon="100.1858664"><ele>1966.7</ele><time>2023-11-11T00:04:46Z</time></trkpt>
      <trkpt lat="25.7314406" lon="100.1858491"><ele>1966.7</ele><time>2023-11-11T00:04:47Z</time></trkpt>
      <trkpt lat="25.7314505" lon="100.1858305"><ele>1966.7</ele><time>2023-11-11T00:04:48Z</time></trkpt>
      <trkpt lat="25.7314603" lon="100.1858115"><ele>1966.7</ele><time>2023-11-11T00:04:49Z</time></trkpt>
      <trkpt lat="25.7314703" lon="100.1857926"><ele>1966.6</ele><time>2023-11-11T00:04:50Z</time></trkpt>
      <trkpt lat="25.7314802" lon="100.1857740"><ele>1966.6</ele><time>2023-11-11T00:04:51Z</time></trkpt>
      <trkpt lat="25.7314904" lon="100.1857553"><ele>1966.5</ele><time>2023-11-11T00:04:52Z</time></trkpt>
      <trkpt lat="25.7315013" lon="100.1857369"><ele>1966.5</ele><time>2023-11-11T00:04:53Z</time></trkpt>
      <trkpt lat="25.7315127" lon="100.1857189"><ele>1966.4</ele><time>2023-11-11T00:04:54Z</time></trkpt>
      <trkpt lat="25.7315243" lon="100.1857016"><ele>1966.3</ele><time>2023-11-11T00:04:55Z</time></trkpt>
      <trkpt lat="25.7315364" lon="100.1856847"><ele>1966.3</ele><time>2023-11-11T00:04:56Z</time></trkpt>
      <trkpt lat="25.7315485" lon="100.1856683"><ele>1966.3</ele><time>2023-11-11T00:04:57Z</time></trkpt>
      <trkpt lat="25.7315605" lon="100.1856520"><ele>1966.2</ele><time>2023-11-11T00:04:58Z</time></trkpt>
      <trkpt lat="25.7315720" lon="100.1856355"><ele>1966.2</ele><time>2023-11-11T00:04:59Z</time></trkpt>
      <trkpt lat="25.7315832" lon="100.1856188"><ele>1966.2</ele><time>2023-11-11T00:05:00Z</time></trkpt>
      <trkpt lat="25.7315948" lon="100.1856021"><ele>1966.2</ele><time>2023-11-11T00:05:01Z</time></trkpt>
      <trkpt lat="25.7316070" lon="100.1855852"><ele>1966.2</ele><time>2023-11-11T00:05:02Z</time></trkpt>
      <trkpt lat="25.7316195" lon="100.1855684"><ele>1966.2</ele><time>2023-11-11T00:05:03Z</time></trkpt>
      <trkpt lat="25.7316319" lon="100.1855515"><ele>1966.2</ele><time>2023-11-11T00:05:04Z</time></trkpt>
      <trkpt lat="25.7316437" lon="100.1855350"><ele>1966.3</ele><time>2023-11-11T00:05:05Z</time></trkpt>
      <trkpt lat="25.7316552" lon="100.1855188"><ele>1966.3</ele><time>2023-11-11T00:05:06Z</time></trkpt>
      <trkpt lat="25.7316668" lon="100.1855024"><ele>1966.3</ele><time>2023-11-11T00:05:07Z</time></trkpt>
      <trkpt lat="25.7316784" lon="100.1854856"><ele>1966.4</ele><time>2023-11-11T00:05:08Z</time></trkpt>
      <trkpt lat="25.7316902" lon="100.1854685"><ele>1966.4</ele><time>2023-11-11T00:05:09Z</time></trkpt>
      <trkpt lat="25.7317024" lon="100.1854505"><ele>1966.5</ele><time>2023-11-11T00:05:10Z</time></trkpt>
      <trkpt lat="25.7317148" lon="100.1854307"><ele>1966.5</ele><time>2023-11-11T00:05:11Z</time></trkpt>
      <trkpt lat="25.7317276" lon="100.1854097"><ele>1966.6</ele><time>2023-11-11T00:05:12Z</time></trkpt>
      <trkpt lat="25.7317404" lon="100.1853892"><ele>1966.7</ele><time>2023-11-11T00:05:13Z</time></trkpt>
      <trkpt lat="25.7317534" lon="100.1853698"><ele>1966.7</ele><time>2023-11-11T00:05:14Z</time></trkpt>
      <trkpt lat="25.7317657" lon="100.1853511"><ele>1966.7</ele><time>2023-11-11T00:05:15Z</time></trkpt>
      <trkpt lat="25.7317776" lon="100.1853327"><ele>1966.8</ele><time>2023-11-11T00:05:16Z</time></trkpt>
      <trkpt lat="25.7317889" lon="100.1853135"><ele>1966.8</ele><time>2023-11-11T00:05:17Z</time></trkpt>
      <trkpt lat="25.7317987" lon="100.1852942"><ele>1966.8</ele><time>2023-11-11T00:05:18Z</time></trkpt>
      <trkpt lat="25.7318076" lon="100.1852755"><ele>1966.9</ele><time>2023-11-11T00:05:19Z</time></trkpt>
      <trkpt lat="25.7318163" lon="100.1852578"><ele>1966.9</ele><time>2023-11-11T00:05:20Z</time></trkpt>
      <trkpt lat="25.7318249" lon="100.1852406"><ele>1966.9</ele><time>2023-11-11T00:05:21Z</time></trkpt>
      <trkpt lat="25.7318336" lon="100.1852232"><ele>1967.0</ele><time>2023-11-11T00:05:22Z</time></trkpt>
      <trkpt lat="25.7318420" lon="100.1852060"><ele>1967.0</ele><time>2023-11-11T00:05:23Z</time></trkpt>
      <trkpt lat="25.7318500" lon="100.1851888"><ele>1967.0</ele><time>2023-11-11T00:05:24Z</time></trkpt>
      <trkpt lat="25.7318583" lon="100.1851717"><ele>1967.0</ele><time>2023-11-11T00:05:25Z</time></trkpt>
      <trkpt lat="25.7318666" lon="100.1851544"><ele>1966.9</ele><time>2023-11-11T00:05:26Z</time></trkpt>
      <trkpt lat="25.7318750" lon="100.1851367"><ele>1966.9</ele><time>2023-11-11T00:05:27Z</time></trkpt>
      <trkpt lat="25.7318834" lon="100.1851186"><ele>1966.9</ele><time>2023-11-11T00:05:28Z</time></trkpt>
      <trkpt lat="25.7318915" lon="100.1851001"><ele>1966.8</ele><time>2023-11-11T00:05:29Z</time></trkpt>
      <trkpt lat="25.7318992" lon="100.1850809"><ele>1966.8</ele><time>2023-11-11T00:05:30Z</time></trkpt>
      <trkpt lat="25.7319065" lon="100.1850613"><ele>1966.7</ele><time>2023-11-11T00:05:31Z</time></trkpt>
      <trkpt lat="25.7319136" lon="100.1850414"><ele>1966.6</ele><time>2023-11-11T00:05:32Z</time></trkpt>
      <trkpt lat="25.7319214" lon="100.1850216"><ele>1966.6</ele><time>2023-11-11T00:05:33Z</time></trkpt>
      <trkpt lat="25.7319301" lon="100.1850023"><ele>1966.5</ele><time>2023-11-11T00:05:34Z</time></trkpt>
      <trkpt lat="25.7319394" lon="100.1849835"><ele>1966.4</ele><time>2023-11-11T00:05:35Z</time></trkpt>
      <trkpt lat="25.7319494" lon="100.1849648"><ele>1966.4</ele><time>2023-11-11T00:05:36Z</time></trkpt>
      <trkpt lat="25.7319600" lon="100.1849462"><ele>1966.4</ele><time>2023-11-11T00:05:37Z</time></trkpt>
      <trkpt lat="25.7319717" lon="100.1849275"><ele>1966.3</ele><time>2023-11-11T00:05:38Z</time></trkpt>
      <trkpt lat="25.7319843" lon="100.1849094"><ele>1966.3</ele><time>2023-11-11T00:05:39Z</time></trkpt>
      <trkpt lat="25.7319973" lon="100.1848925"><ele>1966.3</ele><time>2023-11-11T00:05:40Z</time></trkpt>
      <trkpt lat="25.7320108" lon="100.1848764"><ele>1966.2</ele><time>2023-11-11T00:05:41Z</time></trkpt>
      <trkpt lat="25.7320247" lon="100.1848605"><ele>1966.2</ele><time>2023-11-11T00:05:42Z</time></trkpt>
      <trkpt lat="25.7320389" lon="100.1848447"><ele>1966.1</ele><time>2023-11-11T00:05:43Z</time></trkpt>
      <trkpt lat="25.7320539" lon="100.1848294"><ele>1966.1</ele><time>2023-11-11T00:05:44Z</time></trkpt>
      <trkpt lat="25.7320693" lon="100.1848152"><ele>1966.0</ele><time>2023-11-11T00:05:45Z</time></trkpt>
      <trkpt lat="25.7320852" lon="100.1848024"><ele>1966.0</ele><time>2023-11-11T00:05:46Z</time></trkpt>
      <trkpt lat="25.7321016" lon="100.1847912"><ele>1965.9</ele><time>2023-11-11T00:05:47Z</time></trkpt>
      <trkpt lat="25.7321183" lon="100.1847809"><ele>1965.9</ele><time>2023-11-11T00:05:48Z</time></trkpt>
      <trkpt lat="25.7321358" lon="100.1847709"><ele>1965.8</ele><time>2023-11-11T00:05:49Z</time></trkpt>
      <trkpt lat="25.7321542" lon="100.1847614"><ele>1965.8</ele><time>2023-11-11T00:05:50Z</time></trkpt>
      <trkpt lat="25.7321731" lon="100.1847529"><ele>1965.7</ele><time>2023-11-11T00:05:51Z</time></trkpt>
      <trkpt lat="25.7321920" lon="100.1847456"><ele>1965.6</ele><time>2023-11-11T00:05:52Z</time></trkpt>
      <trkpt lat="25.7322105" lon="100.1847381"><ele>1965.5</ele><time>2023-11-11T00:05:53Z</time></trkpt>
      <trkpt lat="25.7322284" lon="100.1847293"><ele>1965.5</ele><time>2023-11-11T00:05:54Z</time></trkpt>
      <trkpt lat="25.7322460" lon="100.1847196"><ele>1965.4</ele><time>2023-11-11T00:05:55Z</time></trkpt>
      <trkpt lat="25.7322628" lon="100.1847092"><ele>1965.3</ele><time>2023-11-11T00:05:56Z</time></trkpt>
      <trkpt lat="25.7322790" lon="100.1846983"><ele>1965.3</ele><time>2023-11-11T00:05:57Z</time></trkpt>
      <trkpt lat="25.7322949" lon="100.1846868"><ele>1965.2</ele><time>2023-11-11T00:05:58Z</time></trkpt>
      <trkpt lat="25.7323103" lon="100.1846745"><ele>1965.2</ele><time>2023-11-11T00:05:59Z</time></trkpt>
      <trkpt lat="25.7323251" lon="100.1846622"><ele>1965.1</ele><time>2023-11-11T00:06:00Z</time></trkpt>
      <trkpt lat="25.7323392" lon="100.1846496"><ele>1965.1</ele><time>2023-11-11T00:06:01Z</time></trkpt>
      <trkpt lat="25.7323528" lon="100.1846360"><ele>1965.1</ele><time>2023-11-11T00:06:02Z</time></trkpt>
      <trkpt lat="25.7323663" lon="100.1846215"><ele>1965.1</ele><time>2023-11-11T00:06:03Z</time></trkpt>
      <trkpt lat="25.7323795" lon="100.1846064"><ele>1965.0</ele><time>2023-11-11T00:06:04Z</time></trkpt>
      <trkpt lat="25.7323923" lon="100.1845908"><ele>1965.0</ele><time>2023-11-11T00:06:05Z</time></trkpt>
      <trkpt lat="25.7324050" lon="100.1845749"><ele>1965.0</ele><time>2023-11-11T00:06:06Z</time></trkpt>
      <trkpt lat="25.7324174" lon="100.1845585"><ele>1965.0</ele><time>2023-11-11T00:06:07Z</time></trkpt>
      <trkpt lat="25.7324299" lon="100.1845424"><ele>1965.1</ele><time>2023-11-11T00:06:08Z</time></trkpt>
      <trkpt lat="25.7324422" lon="100.1845266"><ele>1965.1</ele><time>2023-11-11T00:06:09Z</time></trkpt>
      <trkpt lat="25.7324537" lon="100.1845104"><ele>1965.1</ele><time>2023-11-11T00:06:10Z</time></trkpt>
      <trkpt lat="25.7324643" lon="100.1844936"><ele>1965.2</ele><time>2023-11-11T00:06:11Z</time></trkpt>
      <trkpt lat="25.7324743" lon="100.1844767"><ele>1965.2</ele><time>2023-11-11T00:06:12Z</time></trkpt>
      <trkpt lat="25.7324837" lon="100.1844596"><ele>1965.2</ele><time>2023-11-11T00:06:13Z</time></trkpt>
      <trkpt lat="25.7324928" lon="100.1844417"><ele>1965.2</ele><time>2023-11-11T00:06:14Z</time></trkpt>
      <trkpt lat="25.7325012" lon="100.1844228"><ele>1965.3</ele><time>2023-11-11T00:06:15Z</time></trkpt>
      <trkpt lat="25.7325085" lon="100.1844032"><ele>1965.3</ele><time>2023-11-11T00:06:16Z</time></trkpt>
      <trkpt lat="25.7325151" lon="100.1843834"><ele>1965.3</ele><time>2023-11-11T00:06:17Z</time></trkpt>
      <trkpt lat="25.7325205" lon="100.1843636"><ele>1965.4</ele><time>2023-11-11T00:06:18Z</time></trkpt>
      <trkpt lat="25.7325254" lon="100.1843436"><ele>1965.4</ele><time>2023-11-11T00:06:19Z</time></trkpt>
      <trkpt lat="25.7325303" lon="100.1843231"><ele>1965.4</ele><time>2023-11-11T00:06:20Z</time></trkpt>
      <trkpt lat="25.7325346" lon="100.1843024"><ele>1965.5</ele><time>2023-11-11T00:06:21Z</time></trkpt>
      <trkpt lat="25.7325380" lon="100.1842815"><ele>1965.5</ele><time>2023-11-11T00:06:22Z</time></trkpt>
      <trkpt lat="25.7325402" lon="100.1842604"><ele>1965.5</ele><time>2023-11-11T00:06:23Z</time></trkpt>
      <trkpt lat="25.7325418" lon="100.1842388"><ele>1965.6</ele><time>2023-11-11T00:06:24Z</time></trkpt>
      <trkpt lat="25.7325455" lon="100.1842173"><ele>1965.6</ele><time>2023-11-11T00:06:25Z</time></trkpt>
      <trkpt lat="25.7325519" lon="100.1841967"><ele>1965.6</ele><time>2023-11-11T00:06:26Z</time></trkpt>
      <trkpt lat="25.7325593" lon="100.1841771"><ele>1965.6</ele><time>2023-11-11T00:06:27Z</time></trkpt>
      <trkpt lat="25.7325659" lon="100.1841581"><ele>1965.7</ele><time>2023-11-11T00:06:28Z</time></trkpt>
      <trkpt lat="25.7325699" lon="100.1841387"><ele>1965.7</ele><time>2023-11-11T00:06:29Z</time></trkpt>
      <trkpt lat="25.7325715" lon="100.1841182"><ele>1965.7</ele><time>2023-11-11T00:06:30Z</time></trkpt>
      <trkpt lat="25.7325720" lon="100.1840967"><ele>1965.8</ele><time>2023-11-11T00:06:31Z</time></trkpt>
      <trkpt lat="25.7325724" lon="100.1840745"><ele>1965.8</ele><time>2023-11-11T00:06:32Z</time></trkpt>
      <trkpt lat="25.7325734" lon="100.1840517"><ele>1965.8</ele><time>2023-11-11T00:06:33Z</time></trkpt>
      <trkpt lat="25.7325751" lon="100.1840291"><ele>1965.9</ele><time>2023-11-11T00:06:34Z</time></trkpt>
      <trkpt lat="25.7325780" lon="100.1840074"><ele>1965.9</ele><time>2023-11-11T00:06:35Z</time></trkpt>
      <trkpt lat="25.7325809" lon="100.1839869"><ele>1965.9</ele><time>2023-11-11T00:06:36Z</time></trkpt>
      <trkpt lat="25.7325825" lon="100.1839673"><ele>1965.9</ele><time>2023-11-11T00:06:37Z</time></trkpt>
      <trkpt lat="25.7325828" lon="100.1839481"><ele>1965.9</ele><time>2023-11-11T00:06:38Z</time></trkpt>
      <trkpt lat="25.7325825" lon="100.1839293"><ele>1966.0</ele><time>2023-11-11T00:06:39Z</time></trkpt>
      <trkpt lat="25.7325821" lon="100.1839108"><ele>1966.0</ele><time>2023-11-11T00:06:40Z</time></trkpt>
      <trkpt lat="25.7325822" lon="100.1838924"><ele>1966.0</ele><time>2023-11-11T00:06:41Z</time></trkpt>
      <trkpt lat="25.7325827" lon="100.1838738"><ele>1966.0</ele><time>2023-11-11T00:06:42Z</time></trkpt>
      <trkpt lat="25.7325838" lon="100.1838552"><ele>1966.0</ele><time>2023-11-11T00:06:43Z</time></trkpt>
      <trkpt lat="25.7325850" lon="100.1838367"><ele>1966.0</ele><time>2023-11-11T00:06:44Z</time></trkpt>
      <trkpt lat="25.7325860" lon="100.1838182"><ele>1966.0</ele><time>2023-11-11T00:06:45Z</time></trkpt>
      <trkpt lat="25.7325867" lon="100.1837995"><ele>1966.0</ele><time>2023-11-11T00:06:46Z</time></trkpt>
      <trkpt lat="25.7325875" lon="100.1837807"><ele>1966.0</ele><time>2023-11-11T00:06:47Z</time></trkpt>
      <trkpt lat="25.7325882" lon="100.1837617"><ele>1966.0</ele><time>2023-11-11T00:06:48Z</time></trkpt>
      <trkpt lat="25.7325886" lon="100.1837427"><ele>1966.0</ele><time>2023-11-11T00:06:49Z</time></trkpt>
      <trkpt lat="25.7325895" lon="100.1837236"><ele>1965.9</ele><time>2023-11-11T00:06:50Z</time></trkpt>
      <trkpt lat="25.7325911" lon="100.1837040"><ele>1965.9</ele><time>2023-11-11T00:06:51Z</time></trkpt>
      <trkpt lat="25.7325930" lon="100.1836833"><ele>1965.9</ele><time>2023-11-11T00:06:52Z</time></trkpt>
      <trkpt lat="25.7325955" lon="100.1836615"><ele>1965.9</ele><time>2023-11-11T00:06:53Z</time></trkpt>
      <trkpt lat="25.7325984" lon="100.1836393"><ele>1965.8</ele><time>2023-11-11T00:06:54Z</time></trkpt>
      <trkpt lat="25.7326016" lon="100.1836174"><ele>1965.8</ele><time>2023-11-11T00:06:55Z</time></trkpt>
      <trkpt lat="25.7326045" lon="100.1835957"><ele>1965.8</ele><time>2023-11-11T00:06:56Z</time></trkpt>
      <trkpt lat="25.7326065" lon="100.1835741"><ele>1965.8</ele><time>2023-11-11T00:06:57Z</time></trkpt>
      <trkpt lat="25.7326082" lon="100.1835526"><ele>1965.8</ele><time>2023-11-11T00:06:58Z</time></trkpt>
      <trkpt lat="25.7326100" lon="100.1835312"><ele>1965.8</ele><time>2023-11-11T00:06:59Z</time></trkpt>
      <trkpt lat="25.7326124" lon="100.1835115"><ele>1965.8</ele><time>2023-11-11T00:07:00Z</time></trkpt>
      <trkpt lat="25.7326161" lon="100.1834937"><ele>1965.8</ele><time>2023-11-11T00:07:01Z</time></trkpt>
      <trkpt lat="25.7326202" lon="100.1834761"><ele>1965.8</ele><time>2023-11-11T00:07:02Z</time></trkpt>
      <trkpt lat="25.7326230" lon="100.1834576"><ele>1965.9</ele><time>2023-11-11T00:07:03Z</time></trkpt>
      <trkpt lat="25.7326240" lon="100.1834384"><ele>1965.9</ele><time>2023-11-11T00:07:04Z</time></trkpt>
      <trkpt lat="25.7326235" lon="100.1834189"><ele>1966.0</ele><time>2023-11-11T00:07:05Z</time></trkpt>
      <trkpt lat="25.7326226" lon="100.1833993"><ele>1966.1</ele><time>2023-11-11T00:07:06Z</time></trkpt>
      <trkpt lat="25.7326213" lon="100.1833793"><ele>1966.1</ele><time>2023-11-11T00:07:07Z</time></trkpt>
      <trkpt lat="25.7326196" lon="100.1833594"><ele>1966.2</ele><time>2023-11-11T00:07:08Z</time></trkpt>
      <trkpt lat="25.7326179" lon="100.1833401"><ele>1966.3</ele><time>2023-11-11T00:07:09Z</time></trkpt>
      <trkpt lat="25.7326160" lon="100.1833221"><ele>1966.4</ele><time>2023-11-11T00:07:10Z</time></trkpt>
      <trkpt lat="25.7326137" lon="100.1833048"><ele>1966.5</ele><time>2023-11-11T00:07:11Z</time></trkpt>
      <trkpt lat="25.7326108" lon="100.1832875"><ele>1966.6</ele><time>2023-11-11T00:07:12Z</time></trkpt>
      <trkpt lat="25.7326070" lon="100.1832703"><ele>1966.7</ele><time>2023-11-11T00:07:13Z</time></trkpt>
      <trkpt lat="25.7326023" lon="100.1832533"><ele>1966.7</ele><time>2023-11-11T00:07:14Z</time></trkpt>
      <trkpt lat="25.7325960" lon="100.1832366"><ele>1966.8</ele><time>2023-11-11T00:07:15Z</time></trkpt>
      <trkpt lat="25.7325883" lon="100.1832193"><ele>1966.9</ele><time>2023-11-11T00:07:16Z</time></trkpt>
      <trkpt lat="25.7325801" lon="100.1832011"><ele>1967.0</ele><time>2023-11-11T00:07:17Z</time></trkpt>
      <trkpt lat="25.7325714" lon="100.1831825"><ele>1967.0</ele><time>2023-11-11T00:07:18Z</time></trkpt>
      <trkpt lat="25.7325625" lon="100.1831636"><ele>1967.0</ele><time>2023-11-11T00:07:19Z</time></trkpt>
      <trkpt lat="25.7325532" lon="100.1831448"><ele>1967.0</ele><time>2023-11-11T00:07:20Z</time></trkpt>
      <trkpt lat="25.7325436" lon="100.1831258"><ele>1967.0</ele><time>2023-11-11T00:07:21Z</time></trkpt>
      <trkpt lat="25.7325340" lon="100.1831060"><ele>1967.0</ele><time>2023-11-11T00:07:22Z</time></trkpt>
      <trkpt lat="25.7325239" lon="100.1830853"><ele>1967.0</ele><time>2023-11-11T00:07:23Z</time></trkpt>
      <trkpt lat="25.7325139" lon="100.1830640"><ele>1967.0</ele><time>2023-11-11T00:07:24Z</time></trkpt>
      <trkpt lat="25.7325041" lon="100.1830425"><ele>1967.0</ele><time>2023-11-11T00:07:25Z</time></trkpt>
      <trkpt lat="25.7324944" lon="100.1830208"><ele>1967.0</ele><time>2023-11-11T00:07:26Z</time></trkpt>
      <trkpt lat="25.7324852" lon="100.1829989"><ele>1967.0</ele><time>2023-11-11T00:07:27Z</time></trkpt>
      <trkpt lat="25.7324765" lon="100.1829765"><ele>1967.0</ele><time>2023-11-11T00:07:28Z</time></trkpt>
      <trkpt lat="25.7324688" lon="100.1829532"><ele>1967.0</ele><time>2023-11-11T00:07:29Z</time></trkpt>
      <trkpt lat="25.7324610" lon="100.1829290"><ele>1967.0</ele><time>2023-11-11T00:07:30Z</time></trkpt>
      <trkpt lat="25.7324528" lon="100.1829045"><ele>1967.0</ele><time>2023-11-11T00:07:31Z</time></trkpt>
      <trkpt lat="25.7324453" lon="100.1828797"><ele>1967.0</ele><time>2023-11-11T00:07:32Z</time></trkpt>
      <trkpt lat="25.7324377" lon="100.1828549"><ele>1967.0</ele><time>2023-11-11T00:07:33Z</time></trkpt>
      <trkpt lat="25.7324294" lon="100.1828305"><ele>1966.9</ele><time>2023-11-11T00:07:34Z</time></trkpt>
      <trkpt lat="25.7324198" lon="100.1828068"><ele>1966.9</ele><time>2023-11-11T00:07:35Z</time></trkpt>
      <trkpt lat="25.7324091" lon="100.1827841"><ele>1966.9</ele><time>2023-11-11T00:07:36Z</time></trkpt>
      <trkpt lat="25.7324003" lon="100.1827602"><ele>1966.9</ele><time>2023-11-11T00:07:37Z</time></trkpt>
      <trkpt lat="25.7323958" lon="100.1827335"><ele>1966.8</ele><time>2023-11-11T00:07:38Z</time></trkpt>
      <trkpt lat="25.7323925" lon="100.1827052"><ele>1966.8</ele><time>2023-11-11T00:07:39Z</time></trkpt>
      <trkpt lat="25.7323884" lon="100.1826760"><ele>1966.8</ele><time>2023-11-11T00:07:40Z</time></trkpt>
      <trkpt lat="25.7323856" lon="100.1826459"><ele>1966.7</ele><time>2023-11-11T00:07:41Z</time></trkpt>
      <trkpt lat="25.7323843" lon="100.1826151"><ele>1966.7</ele><time>2023-11-11T00:07:42Z</time></trkpt>
      <trkpt lat="25.7323838" lon="100.1825844"><ele>1966.7</ele><time>2023-11-11T00:07:43Z</time></trkpt>
      <trkpt lat="25.7323830" lon="100.1825548"><ele>1966.6</ele><time>2023-11-11T00:07:44Z</time></trkpt>
      <trkpt lat="25.7323819" lon="100.1825262"><ele>1966.6</ele><time>2023-11-11T00:07:45Z</time></trkpt>
      <trkpt lat="25.7323802" lon="100.1824986"><ele>1966.6</ele><time>2023-11-11T00:07:46Z</time></trkpt>
      <trkpt lat="25.7323786" lon="100.1824712"><ele>1966.5</ele><time>2023-11-11T00:07:47Z</time></trkpt>
      <trkpt lat="25.7323776" lon="100.1824438"><ele>1966.5</ele><time>2023-11-11T00:07:48Z</time></trkpt>
      <trkpt lat="25.7323766" lon="100.1824162"><ele>1966.4</ele><time>2023-11-11T00:07:49Z</time></trkpt>
      <trkpt lat="25.7323761" lon="100.1823882"><ele>1966.4</ele><time>2023-11-11T00:07:50Z</time></trkpt>
      <trkpt lat="25.7323767" lon="100.1823600"><ele>1966.3</ele><time>2023-11-11T00:07:51Z</time></trkpt>
      <trkpt lat="25.7323783" lon="100.1823318"><ele>1966.2</ele><time>2023-11-11T00:07:52Z</time></trkpt>
      <trkpt lat="25.7323800" lon="100.1823039"><ele>1966.2</ele><time>2023-11-11T00:07:53Z</time></trkpt>
      <trkpt lat="25.7323815" lon="100.1822761"><ele>1966.1</ele><time>2023-11-11T00:07:54Z</time></trkpt>
      <trkpt lat="25.7323832" lon="100.1822482"><ele>1966.0</ele><time>2023-11-11T00:07:55Z</time></trkpt>
      <trkpt lat="25.7323850" lon="100.1822202"><ele>1965.9</ele><time>2023-11-11T00:07:56Z</time></trkpt>
      <trkpt lat="25.7323865" lon="100.1821919"><ele>1965.8</ele><time>2023-11-11T00:07:57Z</time></trkpt>
      <trkpt lat="25.7323881" lon="100.1821638"><ele>1965.7</ele><time>2023-11-11T00:07:58Z</time></trkpt>
      <trkpt lat="25.7323904" lon="100.1821373"><ele>1965.7</ele><time>2023-11-11T00:07:59Z</time></trkpt>
      <trkpt lat="25.7323935" lon="100.1821113"><ele>1965.6</ele><time>2023-11-11T00:08:00Z</time></trkpt>
      <trkpt lat="25.7323966" lon="100.1820850"><ele>1965.5</ele><time>2023-11-11T00:08:01Z</time></trkpt>
      <trkpt lat="25.7323990" lon="100.1820579"><ele>1965.4</ele><time>2023-11-11T00:08:02Z</time></trkpt>
      <trkpt lat="25.7324017" lon="100.1820304"><ele>1965.4</ele><time>2023-11-11T00:08:03Z</time></trkpt>
      <trkpt lat="25.7324049" lon="100.1820038"><ele>1965.3</ele><time>2023-11-11T00:08:04Z</time></trkpt>
      <trkpt lat="25.7324088" lon="100.1819781"><ele>1965.3</ele><time>2023-11-11T00:08:05Z</time></trkpt>
      <trkpt lat="25.7324137" lon="100.1819534"><ele>1965.2</ele><time>2023-11-11T00:08:06Z</time></trkpt>
      <trkpt lat="25.7324189" lon="100.1819296"><ele>1965.2</ele><time>2023-11-11T00:08:07Z</time></trkpt>
      <trkpt lat="25.7324242" lon="100.1819063"><ele>1965.2</ele><time>2023-11-11T00:08:08Z</time></trkpt>
      <trkpt lat="25.7324292" lon="100.1818831"><ele>1965.3</ele><time>2023-11-11T00:08:09Z</time></trkpt>
      <trkpt lat="25.7324337" lon="100.1818599"><ele>1965.3</ele><time>2023-11-11T00:08:10Z</time></trkpt>
      <trkpt lat="25.7324391" lon="100.1818369"><ele>1965.4</ele><time>2023-11-11T00:08:11Z</time></trkpt>
      <trkpt lat="25.7324458" lon="100.1818146"><ele>1965.4</ele><time>2023-11-11T00:08:12Z</time></trkpt>
      <trkpt lat="25.7324530" lon="100.1817929"><ele>1965.5</ele><time>2023-11-11T00:08:13Z</time></trkpt>
      <trkpt lat="25.7324599" lon="100.1817714"><ele>1965.6</ele><time>2023-11-11T00:08:14Z</time></trkpt>
      <trkpt lat="25.7324667" lon="100.1817506"><ele>1965.7</ele><time>2023-11-11T00:08:15Z</time></trkpt>
      <trkpt lat="25.7324738" lon="100.1817301"><ele>1965.9</ele><time>2023-11-11T00:08:16Z</time></trkpt>
      <trkpt lat="25.7324814" lon="100.1817098"><ele>1966.0</ele><time>2023-11-11T00:08:17Z</time></trkpt>
      <trkpt lat="25.7324887" lon="100.1816897"><ele>1966.1</ele><time>2023-11-11T00:08:18Z</time></trkpt>
      <trkpt lat="25.7324957" lon="100.1816694"><ele>1966.2</ele><time>2023-11-11T00:08:19Z</time></trkpt>
      <trkpt lat="25.7325022" lon="100.1816494"><ele>1966.3</ele><time>2023-11-11T00:08:20Z</time></trkpt>
      <trkpt lat="25.7325089" lon="100.1816297"><ele>1966.5</ele><time>2023-11-11T00:08:21Z</time></trkpt>
      <trkpt lat="25.7325165" lon="100.1816099"><ele>1966.5</ele><time>2023-11-11T00:08:22Z</time></trkpt>
      <trkpt lat="25.7325241" lon="100.1815896"><ele>1966.6</ele><time>2023-11-11T00:08:23Z</time></trkpt>
      <trkpt lat="25.7325306" lon="100.1815678"><ele>1966.7</ele><time>2023-11-11T00:08:24Z</time></trkpt>
      <trkpt lat="25.7325366" lon="100.1815451"><ele>1966.8</ele><time>2023-11-11T00:08:25Z</time></trkpt>
      <trkpt lat="25.7325422" lon="100.1815222"><ele>1966.9</ele><time>2023-11-11T00:08:26Z</time></trkpt>
      <trkpt lat="25.7325480" lon="100.1814994"><ele>1966.9</ele><time>2023-11-11T00:08:27Z</time></trkpt>
      <trkpt lat="25.7325542" lon="100.1814771"><ele>1966.9</ele><time>2023-11-11T00:08:28Z</time></trkpt>
      <trkpt lat="25.7325611" lon="100.1814554"><ele>1966.9</ele><time>2023-11-11T00:08:29Z</time></trkpt>
      <trkpt lat="25.7325683" lon="100.1814337"><ele>1966.9</ele><time>2023-11-11T00:08:30Z</time></trkpt>
      <trkpt lat="25.7325748" lon="100.1814115"><ele>1966.9</ele><time>2023-11-11T00:08:31Z</time></trkpt>
      <trkpt lat="25.7325807" lon="100.1813890"><ele>1966.8</ele><time>2023-11-11T00:08:32Z</time></trkpt>
      <trkpt lat="25.7325862" lon="100.1813664"><ele>1966.8</ele><time>2023-11-11T00:08:33Z</time></trkpt>
      <trkpt lat="25.7325913" lon="100.1813439"><ele>1966.7</ele><time>2023-11-11T00:08:34Z</time></trkpt>
      <trkpt lat="25.7325972" lon="100.1813211"><ele>1966.6</ele><time>2023-11-11T00:08:35Z</time></trkpt>
      <trkpt lat="25.7326040" lon="100.1812979"><ele>1966.5</ele><time>2023-11-11T00:08:36Z</time></trkpt>
      <trkpt lat="25.7326106" lon="100.1812746"><ele>1966.5</ele><time>2023-11-11T00:08:37Z</time></trkpt>
      <trkpt lat="25.7326169" lon="100.1812514"><ele>1966.4</ele><time>2023-11-11T00:08:38Z</time></trkpt>
      <trkpt lat="25.7326232" lon="100.1812283"><ele>1966.3</ele><time>2023-11-11T00:08:39Z</time></trkpt>
      <trkpt lat="25.7326301" lon="100.1812053"><ele>1966.1</ele><time>2023-11-11T00:08:40Z</time></trkpt>
      <trkpt lat="25.7326373" lon="100.1811823"><ele>1966.1</ele><time>2023-11-11T00:08:41Z</time></trkpt>
      <trkpt lat="25.7326447" lon="100.1811595"><ele>1966.0</ele><time>2023-11-11T00:08:42Z</time></trkpt>
      <trkpt lat="25.7326528" lon="100.1811365"><ele>1965.9</ele><time>2023-11-11T00:08:43Z</time></trkpt>
      <trkpt lat="25.7326617" lon="100.1811136"><ele>1965.9</ele><time>2023-11-11T00:08:44Z</time></trkpt>
      <trkpt lat="25.7326706" lon="100.1810913"><ele>1965.8</ele><time>2023-11-11T00:08:45Z</time></trkpt>
      <trkpt lat="25.7326786" lon="100.1810694"><ele>1965.8</ele><time>2023-11-11T00:08:46Z</time></trkpt>
      <trkpt lat="25.7326850" lon="100.1810475"><ele>1965.7</ele><time>2023-11-11T00:08:47Z</time></trkpt>
      <trkpt lat="25.7326911" lon="100.1810257"><ele>1965.7</ele><time>2023-11-11T00:08:48Z</time></trkpt>
      <trkpt lat="25.7326975" lon="100.1810039"><ele>1965.7</ele><time>2023-11-11T00:08:49Z</time></trkpt>
      <trkpt lat="25.7327041" lon="100.1809823"><ele>1965.7</ele><time>2023-11-11T00:08:50Z</time></trkpt>
      <trkpt lat="25.7327110" lon="100.1809612"><ele>1965.7</ele><time>2023-11-11T00:08:51Z</time></trkpt>
      <trkpt lat="25.7327183" lon="100.1809408"><ele>1965.7</ele><time>2023-11-11T00:08:52Z</time></trkpt>
      <trkpt lat="25.7327257" lon="100.1809200"><ele>1965.7</ele><time>2023-11-11T00:08:53Z</time></trkpt>
      <trkpt lat="25.7327335" lon="100.1808990"><ele>1965.8</ele><time>2023-11-11T00:08:54Z</time></trkpt>
      <trkpt lat="25.7327413" lon="100.1808773"><ele>1965.8</ele><time>2023-11-11T00:08:55Z</time></trkpt>
      <trkpt lat="25.7327481" lon="100.1808537"><ele>1965.9</ele><time>2023-11-11T00:08:56Z</time></trkpt>
      <trkpt lat="25.7327529" lon="100.1808290"><ele>1965.9</ele><time>2023-11-11T00:08:57Z</time></trkpt>
      <trkpt lat="25.7327560" lon="100.1808043"><ele>1966.0</ele><time>2023-11-11T00:08:58Z</time></trkpt>
      <trkpt lat="25.7327584" lon="100.1807803"><ele>1966.0</ele><time>2023-11-11T00:08:59Z</time></trkpt>
      <trkpt lat="25.7327607" lon="100.1807569"><ele>1966.0</ele><time>2023-11-11T00:09:00Z</time></trkpt>
      <trkpt lat="25.7327641" lon="100.1807339"><ele>1966.1</ele><time>2023-11-11T00:09:01Z</time></trkpt>
      <trkpt lat="25.7327681" lon="100.1807109"><ele>1966.1</ele><time>2023-11-11T00:09:02Z</time></trkpt>
      <trkpt lat="25.7327716" lon="100.1806876"><ele>1966.2</ele><time>2023-11-11T00:09:03Z</time></trkpt>
      <trkpt lat="25.7327754" lon="100.1806638"><ele>1966.2</ele><time>2023-11-11T00:09:04Z</time></trkpt>
      <trkpt lat="25.7327796" lon="100.1806399"><ele>1966.2</ele><time>2023-11-11T00:09:05Z</time></trkpt>
      <trkpt lat="25.7327832" lon="100.1806158"><ele>1966.2</ele><time>2023-11-11T00:09:06Z</time></trkpt>
      <trkpt lat="25.7327861" lon="100.1805916"><ele>1966.2</ele><time>2023-11-11T00:09:07Z</time></trkpt>
      <trkpt lat="25.7327894" lon="100.1805677"><ele>1966.3</ele><time>2023-11-11T00:09:08Z</time></trkpt>
      <trkpt lat="25.7327930" lon="100.1805439"><ele>1966.3</ele><time>2023-11-11T00:09:09Z</time></trkpt>
      <trkpt lat="25.7327957" lon="100.1805201"><ele>1966.4</ele><time>2023-11-11T00:09:10Z</time></trkpt>
      <trkpt lat="25.7327977" lon="100.1804967"><ele>1966.4</ele><time>2023-11-11T00:09:11Z</time></trkpt>
      <trkpt lat="25.7328000" lon="100.1804742"><ele>1966.5</ele><time>2023-11-11T00:09:12Z</time></trkpt>
      <trkpt lat="25.7328027" lon="100.1804526"><ele>1966.5</ele><time>2023-11-11T00:09:13Z</time></trkpt>
      <trkpt lat="25.7328060" lon="100.1804314"><ele>1966.6</ele><time>2023-11-11T00:09:14Z</time></trkpt>
      <trkpt lat="25.7328091" lon="100.1804101"><ele>1966.7</ele><time>2023-11-11T00:09:15Z</time></trkpt>
      <trkpt lat="25.7328115" lon="100.1803881"><ele>1966.7</ele><time>2023-11-11T00:09:16Z</time></trkpt>
      <trkpt lat="25.7328140" lon="100.1803657"><ele>1966.8</ele><time>2023-11-11T00:09:17Z</time></trkpt>
      <trkpt lat="25.7328172" lon="100.1803432"><ele>1966.9</ele><time>2023-11-11T00:09:18Z</time></trkpt>
      <trkpt lat="25.7328210" lon="100.1803211"><ele>1967.0</ele><time>2023-11-11T00:09:19Z</time></trkpt>
      <trkpt lat="25.7328248" lon="100.1802993"><ele>1967.1</ele><time>2023-11-11T00:09:20Z</time></trkpt>
      <trkpt lat="25.7328280" lon="100.1802773"><ele>1967.1</ele><time>2023-11-11T00:09:21Z</time></trkpt>
      <trkpt lat="25.7328316" lon="100.1802548"><ele>1967.2</ele><time>2023-11-11T00:09:22Z</time></trkpt>
      <trkpt lat="25.7328358" lon="100.1802323"><ele>1967.2</ele><time>2023-11-11T00:09:23Z</time></trkpt>
      <trkpt lat="25.7328398" lon="100.1802100"><ele>1967.3</ele><time>2023-11-11T00:09:24Z</time></trkpt>
      <trkpt lat="25.7328434" lon="100.1801873"><ele>1967.3</ele><time>2023-11-11T00:09:25Z</time></trkpt>
      <trkpt lat="25.7328467" lon="100.1801642"><ele>1967.4</ele><time>2023-11-11T00:09:26Z</time></trkpt>
      <trkpt lat="25.7328505" lon="100.1801408"><ele>1967.4</ele><time>2023-11-11T00:09:27Z</time></trkpt>
      <trkpt lat="25.7328550" lon="100.1801181"><ele>1967.4</ele><time>2023-11-11T00:09:28Z</time></trkpt>
      <trkpt lat="25.7328595" lon="100.1800962"><ele>1967.5</ele><time>2023-11-11T00:09:29Z</time></trkpt>
      <trkpt lat="25.7328636" lon="100.1800747"><ele>1967.4</ele><time>2023-11-11T00:09:30Z</time></trkpt>
      <trkpt lat="25.7328674" lon="100.1800533"><ele>1967.4</ele><time>2023-11-11T00:09:31Z</time></trkpt>
      <trkpt lat="25.7328708" lon="100.1800319"><ele>1967.4</ele><time>2023-11-11T00:09:32Z</time></trkpt>
      <trkpt lat="25.7328746" lon="100.1800103"><ele>1967.4</ele><time>2023-11-11T00:09:33Z</time></trkpt>
      <trkpt lat="25.7328793" lon="100.1799889"><ele>1967.4</ele><time>2023-11-11T00:09:34Z</time></trkpt>
      <trkpt lat="25.7328845" lon="100.1799677"><ele>1967.3</ele><time>2023-11-11T00:09:35Z</time></trkpt>
      <trkpt lat="25.7328899" lon="100.1799461"><ele>1967.3</ele><time>2023-11-11T00:09:36Z</time></trkpt>
      <trkpt lat="25.7328954" lon="100.1799247"><ele>1967.3</ele><time>2023-11-11T00:09:37Z</time></trkpt>
      <trkpt lat="25.7329018" lon="100.1799037"><ele>1967.2</ele><time>2023-11-11T00:09:38Z</time></trkpt>
      <trkpt lat="25.7329090" lon="100.1798834"><ele>1967.2</ele><time>2023-11-11T00:09:39Z</time></trkpt>
      <trkpt lat="25.7329161" lon="100.1798632"><ele>1967.1</ele><time>2023-11-11T00:09:40Z</time></trkpt>
      <trkpt lat="25.7329236" lon="100.1798427"><ele>1967.1</ele><time>2023-11-11T00:09:41Z</time></trkpt>
      <trkpt lat="25.7329318" lon="100.1798225"><ele>1967.1</ele><time>2023-11-11T00:09:42Z</time></trkpt>
      <trkpt lat="25.7329404" lon="100.1798031"><ele>1967.1</ele><time>2023-11-11T00:09:43Z</time></trkpt>
      <trkpt lat="25.7329484" lon="100.1797838"><ele>1967.1</ele><time>2023-11-11T00:09:44Z</time></trkpt>
      <trkpt lat="25.7329558" lon="100.1797644"><ele>1967.0</ele><time>2023-11-11T00:09:45Z</time></trkpt>
      <trkpt lat="25.7329631" lon="100.1797449"><ele>1967.0</ele><time>2023-11-11T00:09:46Z</time></trkpt>
      <trkpt lat="25.7329711" lon="100.1797258"><ele>1967.0</ele><time>2023-11-11T00:09:47Z</time></trkpt>
      <trkpt lat="25.7329795" lon="100.1797072"><ele>1966.9</ele><time>2023-11-11T00:09:48Z</time></trkpt>
      <trkpt lat="25.7329884" lon="100.1796888"><ele>1966.9</ele><time>2023-11-11T00:09:49Z</time></trkpt>
      <trkpt lat="25.7329977" lon="100.1796706"><ele>1966.9</ele><time>2023-11-11T00:09:50Z</time></trkpt>
      <trkpt lat="25.7330076" lon="100.1796527"><ele>1966.8</ele><time>2023-11-11T00:09:51Z</time></trkpt>
      <trkpt lat="25.7330179" lon="100.1796346"><ele>1966.8</ele><time>2023-11-11T00:09:52Z</time></trkpt>
      <trkpt lat="25.7330283" lon="100.1796159"><ele>1966.8</ele><time>2023-11-11T00:09:53Z</time></trkpt>
      <trkpt lat="25.7330381" lon="100.1795970"><ele>1966.7</ele><time>2023-11-11T00:09:54Z</time></trkpt>
      <trkpt lat="25.7330477" lon="100.1795779"><ele>1966.7</ele><time>2023-11-11T00:09:55Z</time></trkpt>
      <trkpt lat="25.7330581" lon="100.1795594"><ele>1966.7</ele><time>2023-11-11T00:09:56Z</time></trkpt>
      <trkpt lat="25.7330696" lon="100.1795417"><ele>1966.6</ele><time>2023-11-11T00:09:57Z</time></trkpt>
      <trkpt lat="25.7330818" lon="100.1795247"><ele>1966.6</ele><time>2023-11-11T00:09:58Z</time></trkpt>
      <trkpt lat="25.7330940" lon="100.1795084"><ele>1966.5</ele><time>2023-11-11T00:09:59Z</time></trkpt>
      <trkpt lat="25.7331062" lon="100.1794926"><ele>1966.5</ele><time>2023-11-11T00:10:00Z</time></trkpt>
      <trkpt lat="25.7331183" lon="100.1794765"><ele>1966.4</ele><time>2023-11-11T00:10:01Z</time></trkpt>
      <trkpt lat="25.7331294" lon="100.1794592"><ele>1966.4</ele><time>2023-11-11T00:10:02Z</time></trkpt>
      <trkpt lat="25.7331395" lon="100.1794414"><ele>1966.3</ele><time>2023-11-11T00:10:03Z</time></trkpt>
      <trkpt lat="25.7331497" lon="100.1794243"><ele>1966.3</ele><time>2023-11-11T00:10:04Z</time></trkpt>
      <trkpt lat="25.7331609" lon="100.1794084"><ele>1966.2</ele><time>2023-11-11T00:10:05Z</time></trkpt>
      <trkpt lat="25.7331729" lon="100.1793931"><ele>1966.2</ele><time>2023-11-11T00:10:06Z</time></trkpt>
      <trkpt lat="25.7331850" lon="100.1793778"><ele>1966.2</ele><time>2023-11-11T00:10:07Z</time></trkpt>
      <trkpt lat="25.7331968" lon="100.1793623"><ele>1966.2</ele><time>2023-11-11T00:10:08Z</time></trkpt>
      <trkpt lat="25.7332086" lon="100.1793470"><ele>1966.2</ele><time>2023-11-11T00:10:09Z</time></trkpt>
      <trkpt lat="25.7332200" lon="100.1793321"><ele>1966.2</ele><time>2023-11-11T00:10:10Z</time></trkpt>
      <trkpt lat="25.7332311" lon="100.1793169"><ele>1966.2</ele><time>2023-11-11T00:10:11Z</time></trkpt>
      <trkpt lat="25.7332424" lon="100.1793015"><ele>1966.2</ele><time>2023-11-11T00:10:12Z</time></trkpt>
      <trkpt lat="25.7332537" lon="100.1792864"><ele>1966.2</ele><time>2023-11-11T00:10:13Z</time></trkpt>
      <trkpt lat="25.7332651" lon="100.1792715"><ele>1966.3</ele><time>2023-11-11T00:10:14Z</time></trkpt>
      <trkpt lat="25.7332759" lon="100.1792563"><ele>1966.3</ele><time>2023-11-11T00:10:15Z</time></trkpt>
      <trkpt lat="25.7332857" lon="100.1792405"><ele>1966.3</ele><time>2023-11-11T00:10:16Z</time></trkpt>
      <trkpt lat="25.7332947" lon="100.1792240"><ele>1966.4</ele><time>2023-11-11T00:10:17Z</time></trkpt>
      <trkpt lat="25.7333029" lon="100.1792073"><ele>1966.4</ele><time>2023-11-11T00:10:18Z</time></trkpt>
      <trkpt lat="25.7333104" lon="100.1791901"><ele>1966.5</ele><time>2023-11-11T00:10:19Z</time></trkpt>
      <trkpt lat="25.7333173" lon="100.1791726"><ele>1966.5</ele><time>2023-11-11T00:10:20Z</time></trkpt>
      <trkpt lat="25.7333231" lon="100.1791549"><ele>1966.6</ele><time>2023-11-11T00:10:21Z</time></trkpt>
      <trkpt lat="25.7333278" lon="100.1791368"><ele>1966.6</ele><time>2023-11-11T00:10:22Z</time></trkpt>
      <trkpt lat="25.7333318" lon="100.1791185"><ele>1966.7</ele><time>2023-11-11T00:10:23Z</time></trkpt>
      <trkpt lat="25.7333345" lon="100.1791000"><ele>1966.7</ele><time>2023-11-11T00:10:24Z</time></trkpt>
      <trkpt lat="25.7333362" lon="100.1790813"><ele>1966.7</ele><time>2023-11-11T00:10:25Z</time></trkpt>
      <trkpt lat="25.7333370" lon="100.1790620"><ele>1966.8</ele><time>2023-11-11T00:10:26Z</time></trkpt>
      <trkpt lat="25.7333373" lon="100.1790418"><ele>1966.8</ele><time>2023-11-11T00:10:27Z</time></trkpt>
      <trkpt lat="25.7333374" lon="100.1790208"><ele>1966.8</ele><time>2023-11-11T00:10:28Z</time></trkpt>
      <trkpt lat="25.7333366" lon="100.1789997"><ele>1966.8</ele><time>2023-11-11T00:10:29Z</time></trkpt>
      <trkpt lat="25.7333353" lon="100.1789786"><ele>1966.9</ele><time>2023-11-11T00:10:30Z</time></trkpt>
      <trkpt lat="25.7333338" lon="100.1789575"><ele>1966.9</ele><time>2023-11-11T00:10:31Z</time></trkpt>
      <trkpt lat="25.7333320" lon="100.1789362"><ele>1966.9</ele><time>2023-11-11T00:10:32Z</time></trkpt>
      <trkpt lat="25.7333308" lon="100.1789148"><ele>1966.9</ele><time>2023-11-11T00:10:33Z</time></trkpt>
      <trkpt lat="25.7333299" lon="100.1788937"><ele>1966.9</ele><time>2023-11-11T00:10:34Z</time></trkpt>
      <trkpt lat="25.7333291" lon="100.1788726"><ele>1966.9</ele><time>2023-11-11T00:10:35Z</time></trkpt>
      <trkpt lat="25.7333283" lon="100.1788516"><ele>1966.9</ele><time>2023-11-11T00:10:36Z</time></trkpt>
      <trkpt lat="25.7333268" lon="100.1788307"><ele>1966.9</ele><time>2023-11-11T00:10:37Z</time></trkpt>
      <trkpt lat="25.7333248" lon="100.1788098"><ele>1966.9</ele><time>2023-11-11T00:10:38Z</time></trkpt>
      <trkpt lat="25.7333230" lon="100.1787887"><ele>1966.9</ele><time>2023-11-11T00:10:39Z</time></trkpt>
      <trkpt lat="25.7333213" lon="100.1787672"><ele>1966.9</ele><time>2023-11-11T00:10:40Z</time></trkpt>
      <trkpt lat="25.7333193" lon="100.1787456"><ele>1966.9</ele><time>2023-11-11T00:10:41Z</time></trkpt>
      <trkpt lat="25.7333177" lon="100.1787241"><ele>1966.9</ele><time>2023-11-11T00:10:42Z</time></trkpt>
      <trkpt lat="25.7333176" lon="100.1787029"><ele>1966.9</ele><time>2023-11-11T00:10:43Z</time></trkpt>
      <trkpt lat="25.7333194" lon="100.1786819"><ele>1966.9</ele><time>2023-11-11T00:10:44Z</time></trkpt>
      <trkpt lat="25.7333216" lon="100.1786613"><ele>1966.9</ele><time>2023-11-11T00:10:45Z</time></trkpt>
      <trkpt lat="25.7333230" lon="100.1786404"><ele>1966.8</ele><time>2023-11-11T00:10:46Z</time></trkpt>
      <trkpt lat="25.7333241" lon="100.1786188"><ele>1966.8</ele><time>2023-11-11T00:10:47Z</time></trkpt>
      <trkpt lat="25.7333256" lon="100.1785972"><ele>1966.7</ele><time>2023-11-11T00:10:48Z</time></trkpt>
      <trkpt lat="25.7333281" lon="100.1785753"><ele>1966.6</ele><time>2023-11-11T00:10:49Z</time></trkpt>
      <trkpt lat="25.7333312" lon="100.1785531"><ele>1966.5</ele><time>2023-11-11T00:10:50Z</time></trkpt>
      <trkpt lat="25.7333338" lon="100.1785309"><ele>1966.5</ele><time>2023-11-11T00:10:51Z</time></trkpt>
      <trkpt lat="25.7333358" lon="100.1785088"><ele>1966.4</ele><time>2023-11-11T00:10:52Z</time></trkpt>
      <trkpt lat="25.7333379" lon="100.1784869"><ele>1966.3</ele><time>2023-11-11T00:10:53Z</time></trkpt>
      <trkpt lat="25.7333401" lon="100.1784656"><ele>1966.1</ele><time>2023-11-11T00:10:54Z</time></trkpt>
      <trkpt lat="25.7333421" lon="100.1784447"><ele>1966.0</ele><time>2023-11-11T00:10:55Z</time></trkpt>
      <trkpt lat="25.7333431" lon="100.1784241"><ele>1965.9</ele><time>2023-11-11T00:10:56Z</time></trkpt>
      <trkpt lat="25.7333434" lon="100.1784038"><ele>1965.7</ele><time>2023-11-11T00:10:57Z</time></trkpt>
      <trkpt lat="25.7333442" lon="100.1783836"><ele>1965.6</ele><time>2023-11-11T00:10:58Z</time></trkpt>
      <trkpt lat="25.7333458" lon="100.1783639"><ele>1965.5</ele><time>2023-11-11T00:10:59Z</time></trkpt>
      <trkpt lat="25.7333480" lon="100.1783447"><ele>1965.3</ele><time>2023-11-11T00:11:00Z</time></trkpt>
      <trkpt lat="25.7333505" lon="100.1783259"><ele>1965.2</ele><time>2023-11-11T00:11:01Z</time></trkpt>
      <trkpt lat="25.7333531" lon="100.1783077"><ele>1965.1</ele><time>2023-11-11T00:11:02Z</time></trkpt>
      <trkpt lat="25.7333558" lon="100.1782897"><ele>1965.0</ele><time>2023-11-11T00:11:03Z</time></trkpt>
      <trkpt lat="25.7333584" lon="100.1782715"><ele>1964.9</ele><time>2023-11-11T00:11:04Z</time></trkpt>
      <trkpt lat="25.7333600" lon="100.1782528"><ele>1964.8</ele><time>2023-11-11T00:11:05Z</time></trkpt>
      <trkpt lat="25.7333606" lon="100.1782335"><ele>1964.7</ele><time>2023-11-11T00:11:06Z</time></trkpt>
      <trkpt lat="25.7333615" lon="100.1782136"><ele>1964.6</ele><time>2023-11-11T00:11:07Z</time></trkpt>
      <trkpt lat="25.7333630" lon="100.1781938"><ele>1964.6</ele><time>2023-11-11T00:11:08Z</time></trkpt>
      <trkpt lat="25.7333647" lon="100.1781737"><ele>1964.5</ele><time>2023-11-11T00:11:09Z</time></trkpt>
      <trkpt lat="25.7333660" lon="100.1781532"><ele>1964.5</ele><time>2023-11-11T00:11:10Z</time></trkpt>
      <trkpt lat="25.7333666" lon="100.1781325"><ele>1964.4</ele><time>2023-11-11T00:11:11Z</time></trkpt>
      <trkpt lat="25.7333667" lon="100.1781117"><ele>1964.4</ele><time>2023-11-11T00:11:12Z</time></trkpt>
      <trkpt lat="25.7333666" lon="100.1780907"><ele>1964.4</ele><time>2023-11-11T00:11:13Z</time></trkpt>
      <trkpt lat="25.7333663" lon="100.1780695"><ele>1964.4</ele><time>2023-11-11T00:11:14Z</time></trkpt>
      <trkpt lat="25.7333657" lon="100.1780480"><ele>1964.5</ele><time>2023-11-11T00:11:15Z</time></trkpt>
      <trkpt lat="25.7333645" lon="100.1780263"><ele>1964.5</ele><time>2023-11-11T00:11:16Z</time></trkpt>
      <trkpt lat="25.7333633" lon="100.1780045"><ele>1964.5</ele><time>2023-11-11T00:11:17Z</time></trkpt>
      <trkpt lat="25.7333627" lon="100.1779824"><ele>1964.6</ele><time>2023-11-11T00:11:18Z</time></trkpt>
      <trkpt lat="25.7333625" lon="100.1779597"><ele>1964.6</ele><time>2023-11-11T00:11:19Z</time></trkpt>
      <trkpt lat="25.7333622" lon="100.1779366"><ele>1964.7</ele><time>2023-11-11T00:11:20Z</time></trkpt>
      <trkpt lat="25.7333613" lon="100.1779139"><ele>1964.8</ele><time>2023-11-11T00:11:21Z</time></trkpt>
      <trkpt lat="25.7333607" lon="100.1778917"><ele>1964.9</ele><time>2023-11-11T00:11:22Z</time></trkpt>
      <trkpt lat="25.7333608" lon="100.1778697"><ele>1964.9</ele><time>2023-11-11T00:11:23Z</time></trkpt>
      <trkpt lat="25.7333609" lon="100.1778482"><ele>1965.0</ele><time>2023-11-11T00:11:24Z</time></trkpt>
      <trkpt lat="25.7333604" lon="100.1778271"><ele>1965.1</ele><time>2023-11-11T00:11:25Z</time></trkpt>
      <trkpt lat="25.7333592" lon="100.1778064"><ele>1965.2</ele><time>2023-11-11T00:11:26Z</time></trkpt>
      <trkpt lat="25.7333575" lon="100.1777860"><ele>1965.3</ele><time>2023-11-11T00:11:27Z</time></trkpt>
      <trkpt lat="25.7333547" lon="100.1777660"><ele>1965.4</ele><time>2023-11-11T00:11:28Z</time></trkpt>
      <trkpt lat="25.7333497" lon="100.1777465"><ele>1965.4</ele><time>2023-11-11T00:11:29Z</time></trkpt>
      <trkpt lat="25.7333431" lon="100.1777274"><ele>1965.5</ele><time>2023-11-11T00:11:30Z</time></trkpt>
      <trkpt lat="25.7333360" lon="100.1777088"><ele>1965.5</ele><time>2023-11-11T00:11:31Z</time></trkpt>
      <trkpt lat="25.7333291" lon="100.1776905"><ele>1965.6</ele><time>2023-11-11T00:11:32Z</time></trkpt>
      <trkpt lat="25.7333226" lon="100.1776714"><ele>1965.7</ele><time>2023-11-11T00:11:33Z</time></trkpt>
      <trkpt lat="25.7333160" lon="100.1776519"><ele>1965.7</ele><time>2023-11-11T00:11:34Z</time></trkpt>
      <trkpt lat="25.7333085" lon="100.1776324"><ele>1965.8</ele><time>2023-11-11T00:11:35Z</time></trkpt>
      <trkpt lat="25.7333002" lon="100.1776129"><ele>1965.8</ele><time>2023-11-11T00:11:36Z</time></trkpt>
      <trkpt lat="25.7332916" lon="100.1775935"><ele>1965.9</ele><time>2023-11-11T00:11:37Z</time></trkpt>
      <trkpt lat="25.7332832" lon="100.1775743"><ele>1966.0</ele><time>2023-11-11T00:11:38Z</time></trkpt>
      <trkpt lat="25.7332748" lon="100.1775548"><ele>1966.2</ele><time>2023-11-11T00:11:39Z</time></trkpt>
      <trkpt lat="25.7332658" lon="100.1775356"><ele>1966.3</ele><time>2023-11-11T00:11:40Z</time></trkpt>
      <trkpt lat="25.7332566" lon="100.1775165"><ele>1966.4</ele><time>2023-11-11T00:11:41Z</time></trkpt>
      <trkpt lat="25.7332477" lon="100.1774977"><ele>1966.5</ele><time>2023-11-11T00:11:42Z</time></trkpt>
      <trkpt lat="25.7332389" lon="100.1774799"><ele>1966.7</ele><time>2023-11-11T00:11:43Z</time></trkpt>
      <trkpt lat="25.7332300" lon="100.1774629"><ele>1966.8</ele><time>2023-11-11T00:11:44Z</time></trkpt>
      <trkpt lat="25.7332205" lon="100.1774465"><ele>1966.9</ele><time>2023-11-11T00:11:45Z</time></trkpt>
      <trkpt lat="25.7332102" lon="100.1774303"><ele>1967.1</ele><time>2023-11-11T00:11:46Z</time></trkpt>
      <trkpt lat="25.7331991" lon="100.1774144"><ele>1967.2</ele><time>2023-11-11T00:11:47Z</time></trkpt>
      <trkpt lat="25.7331876" lon="100.1773995"><ele>1967.3</ele><time>2023-11-11T00:11:48Z</time></trkpt>
      <trkpt lat="25.7331757" lon="100.1773851"><ele>1967.4</ele><time>2023-11-11T00:11:49Z</time></trkpt>
      <trkpt lat="25.7331630" lon="100.1773714"><ele>1967.6</ele><time>2023-11-11T00:11:50Z</time></trkpt>
      <trkpt lat="25.7331495" lon="100.1773588"><ele>1967.7</ele><time>2023-11-11T00:11:51Z</time></trkpt>
      <trkpt lat="25.7331363" lon="100.1773464"><ele>1967.8</ele><time>2023-11-11T00:11:52Z</time></trkpt>
      <trkpt lat="25.7331238" lon="100.1773342"><ele>1967.9</ele><time>2023-11-11T00:11:53Z</time></trkpt>
      <trkpt lat="25.7331119" lon="100.1773222"><ele>1967.9</ele><time>2023-11-11T00:11:54Z</time></trkpt>
      <trkpt lat="25.7331007" lon="100.1773101"><ele>1968.0</ele><time>2023-11-11T00:11:55Z</time></trkpt>
      <trkpt lat="25.7330897" lon="100.1772979"><ele>1968.0</ele><time>2023-11-11T00:11:56Z</time></trkpt>
      <trkpt lat="25.7330785" lon="100.1772850"><ele>1968.0</ele><time>2023-11-11T00:11:57Z</time></trkpt>
      <trkpt lat="25.7330672" lon="100.1772712"><ele>1968.0</ele><time>2023-11-11T00:11:58Z</time></trkpt>
      <trkpt lat="25.7330562" lon="100.1772569"><ele>1968.0</ele><time>2023-11-11T00:11:59Z</time></trkpt>
      <trkpt lat="25.7330452" lon="100.1772421"><ele>1968.0</ele><time>2023-11-11T00:12:00Z</time></trkpt>
      <trkpt lat="25.7330340" lon="100.1772271"><ele>1967.9</ele><time>2023-11-11T00:12:01Z</time></trkpt>
      <trkpt lat="25.7330224" lon="100.1772117"><ele>1967.9</ele><time>2023-11-11T00:12:02Z</time></trkpt>
      <trkpt lat="25.7330103" lon="100.1771956"><ele>1967.8</ele><time>2023-11-11T00:12:03Z</time></trkpt>
      <trkpt lat="25.7329979" lon="100.1771791"><ele>1967.7</ele><time>2023-11-11T00:12:04Z</time></trkpt>
      <trkpt lat="25.7329860" lon="100.1771624"><ele>1967.5</ele><time>2023-11-11T00:12:05Z</time></trkpt>
      <trkpt lat="25.7329747" lon="100.1771450"><ele>1967.4</ele><time>2023-11-11T00:12:06Z</time></trkpt>
      <trkpt lat="25.7329636" lon="100.1771273"><ele>1967.3</ele><time>2023-11-11T00:12:07Z</time></trkpt>
      <trkpt lat="25.7329519" lon="100.1771094"><ele>1967.1</ele><time>2023-11-11T00:12:08Z</time></trkpt>
      <trkpt lat="25.7329399" lon="100.1770913"><ele>1967.0</ele><time>2023-11-11T00:12:09Z</time></trkpt>
      <trkpt lat="25.7329282" lon="100.1770736"><ele>1966.8</ele><time>2023-11-11T00:12:10Z</time></trkpt>
      <trkpt lat="25.7329171" lon="100.1770557"><ele>1966.6</ele><time>2023-11-11T00:12:11Z</time></trkpt>
      <trkpt lat="25.7329066" lon="100.1770371"><ele>1966.4</ele><time>2023-11-11T00:12:12Z</time></trkpt>
      <trkpt lat="25.7328961" lon="100.1770180"><ele>1966.2</ele><time>2023-11-11T00:12:13Z</time></trkpt>
      <trkpt lat="25.7328859" lon="100.1769985"><ele>1966.1</ele><time>2023-11-11T00:12:14Z</time></trkpt>
      <trkpt lat="25.7328757" lon="100.1769788"><ele>1966.0</ele><time>2023-11-11T00:12:15Z</time></trkpt>
      <trkpt lat="25.7328656" lon="100.1769590"><ele>1965.8</ele><time>2023-11-11T00:12:16Z</time></trkpt>
      <trkpt lat="25.7328563" lon="100.1769390"><ele>1965.7</ele><time>2023-11-11T00:12:17Z</time></trkpt>
      <trkpt lat="25.7328474" lon="100.1769192"><ele>1965.6</ele><time>2023-11-11T00:12:18Z</time></trkpt>
      <trkpt lat="25.7328387" lon="100.1768999"><ele>1965.5</ele><time>2023-11-11T00:12:19Z</time></trkpt>
      <trkpt lat="25.7328303" lon="100.1768809"><ele>1965.4</ele><time>2023-11-11T00:12:20Z</time></trkpt>
      <trkpt lat="25.7328222" lon="100.1768619"><ele>1965.4</ele><time>2023-11-11T00:12:21Z</time></trkpt>
      <trkpt lat="25.7328147" lon="100.1768427"><ele>1965.3</ele><time>2023-11-11T00:12:22Z</time></trkpt>
      <trkpt lat="25.7328076" lon="100.1768234"><ele>1965.3</ele><time>2023-11-11T00:12:23Z</time></trkpt>
      <trkpt lat="25.7328006" lon="100.1768044"><ele>1965.2</ele><time>2023-11-11T00:12:24Z</time></trkpt>
      <trkpt lat="25.7327936" lon="100.1767853"><ele>1965.2</ele><time>2023-11-11T00:12:25Z</time></trkpt>
      <trkpt lat="25.7327868" lon="100.1767662"><ele>1965.2</ele><time>2023-11-11T00:12:26Z</time></trkpt>
      <trkpt lat="25.7327802" lon="100.1767469"><ele>1965.1</ele><time>2023-11-11T00:12:27Z</time></trkpt>
      <trkpt lat="25.7327743" lon="100.1767273"><ele>1965.1</ele><time>2023-11-11T00:12:28Z</time></trkpt>
      <trkpt lat="25.7327682" lon="100.1767079"><ele>1965.1</ele><time>2023-11-11T00:12:29Z</time></trkpt>
      <trkpt lat="25.7327621" lon="100.1766882"><ele>1965.1</ele><time>2023-11-11T00:12:30Z</time></trkpt>
      <trkpt lat="25.7327563" lon="100.1766685"><ele>1965.1</ele><time>2023-11-11T00:12:31Z</time></trkpt>
      <trkpt lat="25.7327505" lon="100.1766492"><ele>1965.1</ele><time>2023-11-11T00:12:32Z</time></trkpt>
      <trkpt lat="25.7327451" lon="100.1766300"><ele>1965.1</ele><time>2023-11-11T00:12:33Z</time></trkpt>
      <trkpt lat="25.7327400" lon="100.1766104"><ele>1965.1</ele><time>2023-11-11T00:12:34Z</time></trkpt>
      <trkpt lat="25.7327349" lon="100.1765903"><ele>1965.1</ele><time>2023-11-11T00:12:35Z</time></trkpt>
      <trkpt lat="25.7327300" lon="100.1765696"><ele>1965.0</ele><time>2023-11-11T00:12:36Z</time></trkpt>
      <trkpt lat="25.7327252" lon="100.1765489"><ele>1965.0</ele><time>2023-11-11T00:12:37Z</time></trkpt>
      <trkpt lat="25.7327207" lon="100.1765281"><ele>1965.0</ele><time>2023-11-11T00:12:38Z</time></trkpt>
      <trkpt lat="25.7327167" lon="100.1765068"><ele>1965.0</ele><time>2023-11-11T00:12:39Z</time></trkpt>
      <trkpt lat="25.7327126" lon="100.1764856"><ele>1964.9</ele><time>2023-11-11T00:12:40Z</time></trkpt>
      <trkpt lat="25.7327084" lon="100.1764645"><ele>1964.9</ele><time>2023-11-11T00:12:41Z</time></trkpt>
      <trkpt lat="25.7327045" lon="100.1764438"><ele>1964.8</ele><time>2023-11-11T00:12:42Z</time></trkpt>
      <trkpt lat="25.7327011" lon="100.1764237"><ele>1964.8</ele><time>2023-11-11T00:12:43Z</time></trkpt>
      <trkpt lat="25.7326982" lon="100.1764038"><ele>1964.7</ele><time>2023-11-11T00:12:44Z</time></trkpt>
      <trkpt lat="25.7326957" lon="100.1763839"><ele>1964.7</ele><time>2023-11-11T00:12:45Z</time></trkpt>
      <trkpt lat="25.7326934" lon="100.1763637"><ele>1964.6</ele><time>2023-11-11T00:12:46Z</time></trkpt>
      <trkpt lat="25.7326912" lon="100.1763433"><ele>1964.6</ele><time>2023-11-11T00:12:47Z</time></trkpt>
      <trkpt lat="25.7326891" lon="100.1763237"><ele>1964.5</ele><time>2023-11-11T00:12:48Z</time></trkpt>
      <trkpt lat="25.7326875" lon="100.1763045"><ele>1964.5</ele><time>2023-11-11T00:12:49Z</time></trkpt>
      <trkpt lat="25.7326863" lon="100.1762850"><ele>1964.5</ele><time>2023-11-11T00:12:50Z</time></trkpt>
      <trkpt lat="25.7326850" lon="100.1762656"><ele>1964.5</ele><time>2023-11-11T00:12:51Z</time></trkpt>
      <trkpt lat="25.7326840" lon="100.1762459"><ele>1964.5</ele><time>2023-11-11T00:12:52Z</time></trkpt>
      <trkpt lat="25.7326837" lon="100.1762262"><ele>1964.5</ele><time>2023-11-11T00:12:53Z</time></trkpt>
      <trkpt lat="25.7326832" lon="100.1762064"><ele>1964.5</ele><time>2023-11-11T00:12:54Z</time></trkpt>
      <trkpt lat="25.7326822" lon="100.1761864"><ele>1964.5</ele><time>2023-11-11T00:12:55Z</time></trkpt>
      <trkpt lat="25.7326807" lon="100.1761662"><ele>1964.5</ele><time>2023-11-11T00:12:56Z</time></trkpt>
      <trkpt lat="25.7326790" lon="100.1761454"><ele>1964.5</ele><time>2023-11-11T00:12:57Z</time></trkpt>
      <trkpt lat="25.7326782" lon="100.1761239"><ele>1964.5</ele><time>2023-11-11T00:12:58Z</time></trkpt>
      <trkpt lat="25.7326786" lon="100.1761023"><ele>1964.5</ele><time>2023-11-11T00:12:59Z</time></trkpt>
      <trkpt lat="25.7326799" lon="100.1760808"><ele>1964.6</ele><time>2023-11-11T00:13:00Z</time></trkpt>
      <trkpt lat="25.7326813" lon="100.1760594"><ele>1964.5</ele><time>2023-11-11T00:13:01Z</time></trkpt>
      <trkpt lat="25.7326821" lon="100.1760381"><ele>1964.5</ele><time>2023-11-11T00:13:02Z</time></trkpt>
      <trkpt lat="25.7326832" lon="100.1760164"><ele>1964.5</ele><time>2023-11-11T00:13:03Z</time></trkpt>
      <trkpt lat="25.7326846" lon="100.1759946"><ele>1964.5</ele><time>2023-11-11T00:13:04Z</time></trkpt>
      <trkpt lat="25.7326862" lon="100.1759728"><ele>1964.4</ele><time>2023-11-11T00:13:05Z</time></trkpt>
      <trkpt lat="25.7326889" lon="100.1759510"><ele>1964.4</ele><time>2023-11-11T00:13:06Z</time></trkpt>
      <trkpt lat="25.7326922" lon="100.1759293"><ele>1964.4</ele><time>2023-11-11T00:13:07Z</time></trkpt>
      <trkpt lat="25.7326957" lon="100.1759080"><ele>1964.3</ele><time>2023-11-11T00:13:08Z</time></trkpt>
      <trkpt lat="25.7326994" lon="100.1758871"><ele>1964.3</ele><time>2023-11-11T00:13:09Z</time></trkpt>
      <trkpt lat="25.7327028" lon="100.1758662"><ele>1964.3</ele><time>2023-11-11T00:13:10Z</time></trkpt>
      <trkpt lat="25.7327061" lon="100.1758452"><ele>1964.2</ele><time>2023-11-11T00:13:11Z</time></trkpt>
      <trkpt lat="25.7327094" lon="100.1758239"><ele>1964.2</ele><time>2023-11-11T00:13:12Z</time></trkpt>
      <trkpt lat="25.7327130" lon="100.1758025"><ele>1964.2</ele><time>2023-11-11T00:13:13Z</time></trkpt>
      <trkpt lat="25.7327172" lon="100.1757809"><ele>1964.2</ele><time>2023-11-11T00:13:14Z</time></trkpt>
      <trkpt lat="25.7327219" lon="100.1757593"><ele>1964.1</ele><time>2023-11-11T00:13:15Z</time></trkpt>
      <trkpt lat="25.7327268" lon="100.1757375"><ele>1964.1</ele><time>2023-11-11T00:13:16Z</time></trkpt>
      <trkpt lat="25.7327320" lon="100.1757158"><ele>1964.1</ele><time>2023-11-11T00:13:17Z</time></trkpt>
      <trkpt lat="25.7327374" lon="100.1756944"><ele>1964.1</ele><time>2023-11-11T00:13:18Z</time></trkpt>
      <trkpt lat="25.7327431" lon="100.1756733"><ele>1964.1</ele><time>2023-11-11T00:13:19Z</time></trkpt>
      <trkpt lat="25.7327489" lon="100.1756527"><ele>1964.1</ele><time>2023-11-11T00:13:20Z</time></trkpt>
      <trkpt lat="25.7327549" lon="100.1756325"><ele>1964.1</ele><time>2023-11-11T00:13:21Z</time></trkpt>
      <trkpt lat="25.7327609" lon="100.1756121"><ele>1964.1</ele><time>2023-11-11T00:13:22Z</time></trkpt>
      <trkpt lat="25.7327664" lon="100.1755918"><ele>1964.1</ele><time>2023-11-11T00:13:23Z</time></trkpt>
      <trkpt lat="25.7327723" lon="100.1755720"><ele>1964.1</ele><time>2023-11-11T00:13:24Z</time></trkpt>
      <trkpt lat="25.7327797" lon="100.1755529"><ele>1964.2</ele><time>2023-11-11T00:13:25Z</time></trkpt>
      <trkpt lat="25.7327874" lon="100.1755341"><ele>1964.2</ele><time>2023-11-11T00:13:26Z</time></trkpt>
      <trkpt lat="25.7327948" lon="100.1755146"><ele>1964.2</ele><time>2023-11-11T00:13:27Z</time></trkpt>
      <trkpt lat="25.7328022" lon="100.1754950"><ele>1964.2</ele><time>2023-11-11T00:13:28Z</time></trkpt>
      <trkpt lat="25.7328097" lon="100.1754758"><ele>1964.2</ele><time>2023-11-11T00:13:29Z</time></trkpt>
      <trkpt lat="25.7328180" lon="100.1754571"><ele>1964.2</ele><time>2023-11-11T00:13:30Z</time></trkpt>
      <trkpt lat="25.7328268" lon="100.1754387"><ele>1964.3</ele><time>2023-11-11T00:13:31Z</time></trkpt>
      <trkpt lat="25.7328359" lon="100.1754206"><ele>1964.3</ele><time>2023-11-11T00:13:32Z</time></trkpt>
      <trkpt lat="25.7328453" lon="100.1754027"><ele>1964.2</ele><time>2023-11-11T00:13:33Z</time></trkpt>
      <trkpt lat="25.7328549" lon="100.1753846"><ele>1964.2</ele><time>2023-11-11T00:13:34Z</time></trkpt>
      <trkpt lat="25.7328646" lon="100.1753661"><ele>1964.2</ele><time>2023-11-11T00:13:35Z</time></trkpt>
      <trkpt lat="25.7328740" lon="100.1753473"><ele>1964.2</ele><time>2023-11-11T00:13:36Z</time></trkpt>
      <trkpt lat="25.7328832" lon="100.1753284"><ele>1964.2</ele><time>2023-11-11T00:13:37Z</time></trkpt>
      <trkpt lat="25.7328928" lon="100.1753095"><ele>1964.2</ele><time>2023-11-11T00:13:38Z</time></trkpt>
      <trkpt lat="25.7329028" lon="100.1752905"><ele>1964.2</ele><time>2023-11-11T00:13:39Z</time></trkpt>
      <trkpt lat="25.7329129" lon="100.1752719"><ele>1964.2</ele><time>2023-11-11T00:13:40Z</time></trkpt>
      <trkpt lat="25.7329233" lon="100.1752538"><ele>1964.2</ele><time>2023-11-11T00:13:41Z</time></trkpt>
      <trkpt lat="25.7329334" lon="100.1752362"><ele>1964.2</ele><time>2023-11-11T00:13:42Z</time></trkpt>
      <trkpt lat="25.7329432" lon="100.1752190"><ele>1964.2</ele><time>2023-11-11T00:13:43Z</time></trkpt>
      <trkpt lat="25.7329529" lon="100.1752020"><ele>1964.3</ele><time>2023-11-11T00:13:44Z</time></trkpt>
      <trkpt lat="25.7329620" lon="100.1751848"><ele>1964.4</ele><time>2023-11-11T00:13:45Z</time></trkpt>
      <trkpt lat="25.7329707" lon="100.1751671"><ele>1964.4</ele><time>2023-11-11T00:13:46Z</time></trkpt>
      <trkpt lat="25.7329794" lon="100.1751492"><ele>1964.5</ele><time>2023-11-11T00:13:47Z</time></trkpt>
      <trkpt lat="25.7329882" lon="100.1751309"><ele>1964.5</ele><time>2023-11-11T00:13:48Z</time></trkpt>
      <trkpt lat="25.7329974" lon="100.1751122"><ele>1964.6</ele><time>2023-11-11T00:13:49Z</time></trkpt>
      <trkpt lat="25.7330069" lon="100.1750932"><ele>1964.6</ele><time>2023-11-11T00:13:50Z</time></trkpt>
      <trkpt lat="25.7330171" lon="100.1750745"><ele>1964.7</ele><time>2023-11-11T00:13:51Z</time></trkpt>
      <trkpt lat="25.7330286" lon="100.1750565"><ele>1964.7</ele><time>2023-11-11T00:13:52Z</time></trkpt>
      <trkpt lat="25.7330404" lon="100.1750392"><ele>1964.8</ele><time>2023-11-11T00:13:53Z</time></trkpt>
      <trkpt lat="25.7330525" lon="100.1750220"><ele>1964.8</ele><time>2023-11-11T00:13:54Z</time></trkpt>
      <trkpt lat="25.7330652" lon="100.1750043"><ele>1964.8</ele><time>2023-11-11T00:13:55Z</time></trkpt>
      <trkpt lat="25.7330778" lon="100.1749857"><ele>1964.9</ele><time>2023-11-11T00:13:56Z</time></trkpt>
      <trkpt lat="25.7330901" lon="100.1749673"><ele>1964.9</ele><time>2023-11-11T00:13:57Z</time></trkpt>
      <trkpt lat="25.7331016" lon="100.1749495"><ele>1964.8</ele><time>2023-11-11T00:13:58Z</time></trkpt>
      <trkpt lat="25.7331128" lon="100.1749320"><ele>1964.8</ele><time>2023-11-11T00:13:59Z</time></trkpt>
      <trkpt lat="25.7331244" lon="100.1749149"><ele>1964.8</ele><time>2023-11-11T00:14:00Z</time></trkpt>
      <trkpt lat="25.7331361" lon="100.1748979"><ele>1964.8</ele><time>2023-11-11T00:14:01Z</time></trkpt>
      <trkpt lat="25.7331481" lon="100.1748813"><ele>1964.8</ele><time>2023-11-11T00:14:02Z</time></trkpt>
      <trkpt lat="25.7331604" lon="100.1748652"><ele>1964.8</ele><time>2023-11-11T00:14:03Z</time></trkpt>
      <trkpt lat="25.7331725" lon="100.1748492"><ele>1964.8</ele><time>2023-11-11T00:14:04Z</time></trkpt>
      <trkpt lat="25.7331849" lon="100.1748326"><ele>1964.8</ele><time>2023-11-11T00:14:05Z</time></trkpt>
      <trkpt lat="25.7331974" lon="100.1748152"><ele>1964.7</ele><time>2023-11-11T00:14:06Z</time></trkpt>
      <trkpt lat="25.7332106" lon="100.1747975"><ele>1964.7</ele><time>2023-11-11T00:14:07Z</time></trkpt>
      <trkpt lat="25.7332246" lon="100.1747795"><ele>1964.7</ele><time>2023-11-11T00:14:08Z</time></trkpt>
      <trkpt lat="25.7332385" lon="100.1747612"><ele>1964.7</ele><time>2023-11-11T00:14:09Z</time></trkpt>
      <trkpt lat="25.7332524" lon="100.1747432"><ele>1964.7</ele><time>2023-11-11T00:14:10Z</time></trkpt>
      <trkpt lat="25.7332663" lon="100.1747256"><ele>1964.7</ele><time>2023-11-11T00:14:11Z</time></trkpt>
      <trkpt lat="25.7332808" lon="100.1747082"><ele>1964.7</ele><time>2023-11-11T00:14:12Z</time></trkpt>
      <trkpt lat="25.7332958" lon="100.1746907"><ele>1964.7</ele><time>2023-11-11T00:14:13Z</time></trkpt>
      <trkpt lat="25.7333107" lon="100.1746719"><ele>1964.7</ele><time>2023-11-11T00:14:14Z</time></trkpt>
      <trkpt lat="25.7333263" lon="100.1746529"><ele>1964.7</ele><time>2023-11-11T00:14:15Z</time></trkpt>
      <trkpt lat="25.7333429" lon="100.1746355"><ele>1964.7</ele><time>2023-11-11T00:14:16Z</time></trkpt>
      <trkpt lat="25.7333605" lon="100.1746201"><ele>1964.7</ele><time>2023-11-11T00:14:17Z</time></trkpt>
      <trkpt lat="25.7333789" lon="100.1746054"><ele>1964.7</ele><time>2023-11-11T00:14:18Z</time></trkpt>
      <trkpt lat="25.7333970" lon="100.1745899"><ele>1964.7</ele><time>2023-11-11T00:14:19Z</time></trkpt>
      <trkpt lat="25.7334149" lon="100.1745739"><ele>1964.8</ele><time>2023-11-11T00:14:20Z</time></trkpt>
      <trkpt lat="25.7334325" lon="100.1745583"><ele>1964.8</ele><time>2023-11-11T00:14:21Z</time></trkpt>
      <trkpt lat="25.7334504" lon="100.1745428"><ele>1964.8</ele><time>2023-11-11T00:14:22Z</time></trkpt>
      <trkpt lat="25.7334688" lon="100.1745278"><ele>1964.9</ele><time>2023-11-11T00:14:23Z</time></trkpt>
      <trkpt lat="25.7334868" lon="100.1745130"><ele>1964.9</ele><time>2023-11-11T00:14:24Z</time></trkpt>
      <trkpt lat="25.7335045" lon="100.1744988"><ele>1964.9</ele><time>2023-11-11T00:14:25Z</time></trkpt>
      <trkpt lat="25.7335220" lon="100.1744856"><ele>1965.0</ele><time>2023-11-11T00:14:26Z</time></trkpt>
      <trkpt lat="25.7335394" lon="100.1744727"><ele>1965.0</ele><time>2023-11-11T00:14:27Z</time></trkpt>
      <trkpt lat="25.7335572" lon="100.1744595"><ele>1965.1</ele><time>2023-11-11T00:14:28Z</time></trkpt>
      <trkpt lat="25.7335752" lon="100.1744459"><ele>1965.2</ele><time>2023-11-11T00:14:29Z</time></trkpt>
      <trkpt lat="25.7335935" lon="100.1744322"><ele>1965.2</ele><time>2023-11-11T00:14:30Z</time></trkpt>
      <trkpt lat="25.7336123" lon="100.1744186"><ele>1965.3</ele><time>2023-11-11T00:14:31Z</time></trkpt>
      <trkpt lat="25.7336318" lon="100.1744044"><ele>1965.3</ele><time>2023-11-11T00:14:32Z</time></trkpt>
      <trkpt lat="25.7336520" lon="100.1743896"><ele>1965.4</ele><time>2023-11-11T00:14:33Z</time></trkpt>
      <trkpt lat="25.7336719" lon="100.1743742"><ele>1965.4</ele><time>2023-11-11T00:14:34Z</time></trkpt>
      <trkpt lat="25.7336902" lon="100.1743593"><ele>1965.5</ele><time>2023-11-11T00:14:35Z</time></trkpt>
      <trkpt lat="25.7337081" lon="100.1743462"><ele>1965.5</ele><time>2023-11-11T00:14:36Z</time></trkpt>
      <trkpt lat="25.7337270" lon="100.1743338"><ele>1965.5</ele><time>2023-11-11T00:14:37Z</time></trkpt>
      <trkpt lat="25.7337462" lon="100.1743200"><ele>1965.6</ele><time>2023-11-11T00:14:38Z</time></trkpt>
      <trkpt lat="25.7337658" lon="100.1743059"><ele>1965.6</ele><time>2023-11-11T00:14:39Z</time></trkpt>
      <trkpt lat="25.7337857" lon="100.1742929"><ele>1965.6</ele><time>2023-11-11T00:14:40Z</time></trkpt>
      <trkpt lat="25.7338051" lon="100.1742805"><ele>1965.6</ele><time>2023-11-11T00:14:41Z</time></trkpt>
      <trkpt lat="25.7338236" lon="100.1742676"><ele>1965.6</ele><time>2023-11-11T00:14:42Z</time></trkpt>
      <trkpt lat="25.7338415" lon="100.1742549"><ele>1965.6</ele><time>2023-11-11T00:14:43Z</time></trkpt>
      <trkpt lat="25.7338590" lon="100.1742423"><ele>1965.7</ele><time>2023-11-11T00:14:44Z</time></trkpt>
      <trkpt lat="25.7338767" lon="100.1742300"><ele>1965.6</ele><time>2023-11-11T00:14:45Z</time></trkpt>
      <trkpt lat="25.7338950" lon="100.1742185"><ele>1965.6</ele><time>2023-11-11T00:14:46Z</time></trkpt>
      <trkpt lat="25.7339131" lon="100.1742070"><ele>1965.6</ele><time>2023-11-11T00:14:47Z</time></trkpt>
      <trkpt lat="25.7339308" lon="100.1741952"><ele>1965.6</ele><time>2023-11-11T00:14:48Z</time></trkpt>
      <trkpt lat="25.7339475" lon="100.1741830"><ele>1965.6</ele><time>2023-11-11T00:14:49Z</time></trkpt>
      <trkpt lat="25.7339636" lon="100.1741702"><ele>1965.6</ele><time>2023-11-11T00:14:50Z</time></trkpt>
      <trkpt lat="25.7339796" lon="100.1741577"><ele>1965.6</ele><time>2023-11-11T00:14:51Z</time></trkpt>
      <trkpt lat="25.7339953" lon="100.1741454"><ele>1965.6</ele><time>2023-11-11T00:14:52Z</time></trkpt>
      <trkpt lat="25.7340101" lon="100.1741330"><ele>1965.5</ele><time>2023-11-11T00:14:53Z</time></trkpt>
      <trkpt lat="25.7340249" lon="100.1741212"><ele>1965.5</ele><time>2023-11-11T00:14:54Z</time></trkpt>
      <trkpt lat="25.7340401" lon="100.1741097"><ele>1965.5</ele><time>2023-11-11T00:14:55Z</time></trkpt>
      <trkpt lat="25.7340557" lon="100.1740977"><ele>1965.4</ele><time>2023-11-11T00:14:56Z</time></trkpt>
      <trkpt lat="25.7340714" lon="100.1740853"><ele>1965.4</ele><time>2023-11-11T00:14:57Z</time></trkpt>
      <trkpt lat="25.7340869" lon="100.1740721"><ele>1965.4</ele><time>2023-11-11T00:14:58Z</time></trkpt>
      <trkpt lat="25.7341021" lon="100.1740584"><ele>1965.4</ele><time>2023-11-11T00:14:59Z</time></trkpt>
      <trkpt lat="25.7341172" lon="100.1740443"><ele>1965.4</ele><time>2023-11-11T00:15:00Z</time></trkpt>
      <trkpt lat="25.7341318" lon="100.1740299"><ele>1965.4</ele><time>2023-11-11T00:15:01Z</time></trkpt>
      <trkpt lat="25.7341468" lon="100.1740153"><ele>1965.4</ele><time>2023-11-11T00:15:02Z</time></trkpt>
      <trkpt lat="25.7341622" lon="100.1740003"><ele>1965.4</ele><time>2023-11-11T00:15:03Z</time></trkpt>
      <trkpt lat="25.7341772" lon="100.1739851"><ele>1965.5</ele><time>2023-11-11T00:15:04Z</time></trkpt>
      <trkpt lat="25.7341918" lon="100.1739703"><ele>1965.5</ele><time>2023-11-11T00:15:05Z</time></trkpt>
      <trkpt lat="25.7342060" lon="100.1739554"><ele>1965.5</ele><time>2023-11-11T00:15:06Z</time></trkpt>
      <trkpt lat="25.7342201" lon="100.1739404"><ele>1965.6</ele><time>2023-11-11T00:15:07Z</time></trkpt>
      <trkpt lat="25.7342341" lon="100.1739252"><ele>1965.6</ele><time>2023-11-11T00:15:08Z</time></trkpt>
      <trkpt lat="25.7342477" lon="100.1739097"><ele>1965.7</ele><time>2023-11-11T00:15:09Z</time></trkpt>
      <trkpt lat="25.7342609" lon="100.1738941"><ele>1965.8</ele><time>2023-11-11T00:15:10Z</time></trkpt>
      <trkpt lat="25.7342741" lon="100.1738783"><ele>1965.8</ele><time>2023-11-11T00:15:11Z</time></trkpt>
      <trkpt lat="25.7342873" lon="100.1738623"><ele>1965.9</ele><time>2023-11-11T00:15:12Z</time></trkpt>
      <trkpt lat="25.7343005" lon="100.1738468"><ele>1966.0</ele><time>2023-11-11T00:15:13Z</time></trkpt>
      <trkpt lat="25.7343134" lon="100.1738316"><ele>1966.0</ele><time>2023-11-11T00:15:14Z</time></trkpt>
      <trkpt lat="25.7343261" lon="100.1738164"><ele>1966.1</ele><time>2023-11-11T00:15:15Z</time></trkpt>
      <trkpt lat="25.7343388" lon="100.1738014"><ele>1966.1</ele><time>2023-11-11T00:15:16Z</time></trkpt>
      <trkpt lat="25.7343514" lon="100.1737862"><ele>1966.2</ele><time>2023-11-11T00:15:17Z</time></trkpt>
      <trkpt lat="25.7343643" lon="100.1737716"><ele>1966.2</ele><time>2023-11-11T00:15:18Z</time></trkpt>
      <trkpt lat="25.7343769" lon="100.1737572"><ele>1966.2</ele><time>2023-11-11T00:15:19Z</time></trkpt>
      <trkpt lat="25.7343891" lon="100.1737425"><ele>1966.2</ele><time>2023-11-11T00:15:20Z</time></trkpt>
      <trkpt lat="25.7344018" lon="100.1737278"><ele>1966.2</ele><time>2023-11-11T00:15:21Z</time></trkpt>
      <trkpt lat="25.7344150" lon="100.1737128"><ele>1966.2</ele><time>2023-11-11T00:15:22Z</time></trkpt>
      <trkpt lat="25.7344285" lon="100.1736975"><ele>1966.2</ele><time>2023-11-11T00:15:23Z</time></trkpt>
      <trkpt lat="25.7344422" lon="100.1736827"><ele>1966.2</ele><time>2023-11-11T00:15:24Z</time></trkpt>
      <trkpt lat="25.7344563" lon="100.1736684"><ele>1966.2</ele><time>2023-11-11T00:15:25Z</time></trkpt>
      <trkpt lat="25.7344711" lon="100.1736545"><ele>1966.2</ele><time>2023-11-11T00:15:26Z</time></trkpt>
      <trkpt lat="25.7344862" lon="100.1736409"><ele>1966.1</ele><time>2023-11-11T00:15:27Z</time></trkpt>
      <trkpt lat="25.7345010" lon="100.1736269"><ele>1966.1</ele><time>2023-11-11T00:15:28Z</time></trkpt>
      <trkpt lat="25.7345157" lon="100.1736128"><ele>1966.1</ele><time>2023-11-11T00:15:29Z</time></trkpt>
      <trkpt lat="25.7345298" lon="100.1735988"><ele>1966.1</ele><time>2023-11-11T00:15:30Z</time></trkpt>
      <trkpt lat="25.7345434" lon="100.1735844"><ele>1966.1</ele><time>2023-11-11T00:15:31Z</time></trkpt>
      <trkpt lat="25.7345576" lon="100.1735701"><ele>1966.1</ele><time>2023-11-11T00:15:32Z</time></trkpt>
      <trkpt lat="25.7345722" lon="100.1735562"><ele>1966.2</ele><time>2023-11-11T00:15:33Z</time></trkpt>
      <trkpt lat="25.7345868" lon="100.1735416"><ele>1966.2</ele><time>2023-11-11T00:15:34Z</time></trkpt>
      <trkpt lat="25.7346009" lon="100.1735258"><ele>1966.2</ele><time>2023-11-11T00:15:35Z</time></trkpt>
      <trkpt lat="25.7346139" lon="100.1735086"><ele>1966.3</ele><time>2023-11-11T00:15:36Z</time></trkpt>
      <trkpt lat="25.7346261" lon="100.1734913"><ele>1966.3</ele><time>2023-11-11T00:15:37Z</time></trkpt>
      <trkpt lat="25.7346380" lon="100.1734750"><ele>1966.3</ele><time>2023-11-11T00:15:38Z</time></trkpt>
      <trkpt lat="25.7346484" lon="100.1734594"><ele>1966.3</ele><time>2023-11-11T00:15:39Z</time></trkpt>
      <trkpt lat="25.7346578" lon="100.1734435"><ele>1966.3</ele><time>2023-11-11T00:15:40Z</time></trkpt>
      <trkpt lat="25.7346681" lon="100.1734265"><ele>1966.3</ele><time>2023-11-11T00:15:41Z</time></trkpt>
      <trkpt lat="25.7346793" lon="100.1734089"><ele>1966.2</ele><time>2023-11-11T00:15:42Z</time></trkpt>
      <trkpt lat="25.7346911" lon="100.1733918"><ele>1966.2</ele><time>2023-11-11T00:15:43Z</time></trkpt>
      <trkpt lat="25.7347035" lon="100.1733750"><ele>1966.2</ele><time>2023-11-11T00:15:44Z</time></trkpt>
      <trkpt lat="25.7347162" lon="100.1733585"><ele>1966.1</ele><time>2023-11-11T00:15:45Z</time></trkpt>
      <trkpt lat="25.7347288" lon="100.1733427"><ele>1966.1</ele><time>2023-11-11T00:15:46Z</time></trkpt>
      <trkpt lat="25.7347409" lon="100.1733270"><ele>1966.0</ele><time>2023-11-11T00:15:47Z</time></trkpt>
    </trkseg>
  </trk>
  <extensions>
    <distance>5217.13</distance>
    <moving_time>2339.22</moving_time>
    <elapsed_time>2339.22</elapsed_time>
    <average_speed>2.23</average_speed>
    <start_time>2023-11-10T23:38:24Z</start_time>
    <end_time>2023-11-11T00:17:23Z</end_time>
    <average_hr>175.24</average_hr>
  </extensions>
</gpx>
