<?xml version="1.0" encoding="UTF-8"?>
<gpx version="1.1" creator="RunSync" xmlns="http://www.topografix.com/GPX/1/1">
  <metadata><time>2023-08-08T22:10:53Z</time></metadata>
  <trk>
    <name>跑步</name>
    <type>running</type>
    <trkseg>
      <trkpt lat="22.5330143" lon="113.9324080"><ele>7.8</ele><time>2023-08-08T22:12:47Z</time></trkpt>
      <trkpt lat="22.5330327" lon="113.9324161"><ele>7.9</ele><time>2023-08-08T22:12:48Z</time></trkpt>
      <trkpt lat="22.5330506" lon="113.9324248"><ele>8.0</ele><time>2023-08-08T22:12:49Z</time></trkpt>
      <trkpt lat="22.5330678" lon="113.9324333"><ele>8.1</ele><time>2023-08-08T22:12:50Z</time></trkpt>
      <trkpt lat="22.5330849" lon="113.9324415"><ele>8.2</ele><time>2023-08-08T22:12:51Z</time></trkpt>
      <trkpt lat="22.5331008" lon="113.9324514"><ele>8.2</ele><time>2023-08-08T22:12:52Z</time></trkpt>
      <trkpt lat="22.5331158" lon="113.9324633"><ele>8.3</ele><time>2023-08-08T22:12:53Z</time></trkpt>
      <trkpt lat="22.5331310" lon="113.9324754"><ele>8.4</ele><time>2023-08-08T22:12:54Z</time></trkpt>
      <trkpt lat="22.5331463" lon="113.9324863"><ele>8.5</ele><time>2023-08-08T22:12:55Z</time></trkpt>
      <trkpt lat="22.5331620" lon="113.9324958"><ele>8.6</ele><time>2023-08-08T22:12:56Z</time></trkpt>
      <trkpt lat="22.5331776" lon="113.9325048"><ele>8.7</ele><time>2023-08-08T22:12:57Z</time></trkpt>
      <trkpt lat="22.5331936" lon="113.9325140"><ele>8.8</ele><time>2023-08-08T22:12:58Z</time></trkpt>
      <trkpt lat="22.5332101" lon="113.9325236"><ele>8.9</ele><time>2023-08-08T22:12:59Z</time></trkpt>
      <trkpt lat="22.5332265" lon="113.9325335"><ele>8.9</ele><time>2023-08-08T22:13:00Z</time></trkpt>
      <trkpt lat="22.5332430" lon="113.9325421"><ele>9.0</ele><time>2023-08-08T22:13:01Z</time></trkpt>
      <trkpt lat="22.5332600" lon="113.9325498"><ele>9.1</ele><time>2023-08-08T22:13:02Z</time></trkpt>
      <trkpt lat="22.5332768" lon="113.9325580"><ele>9.2</ele><time>2023-08-08T22:13:03Z</time></trkpt>
      <trkpt lat="22.5332938" lon="113.9325667"><ele>9.3</ele><time>2023-08-08T22:13:04Z</time></trkpt>
      <trkpt lat="22.5333110" lon="113.9325755"><ele>9.3</ele><time>2023-08-08T22:13:05Z</time></trkpt>
      <trkpt lat="22.5333280" lon="113.9325847"><ele>9.4</ele><time>2023-08-08T22:13:06Z</time></trkpt>
      <trkpt lat="22.5333441" lon="113.9325941"><ele>9.5</ele><time>2023-08-08T22:13:07Z</time></trkpt>
      <trkpt lat="22.5333593" lon="113.9326037"><ele>9.5</ele><time>2023-08-08T22:13:08Z</time></trkpt>
      <trkpt lat="22.5333740" lon="113.9326137"><ele>9.6</ele><time>2023-08-08T22:13:09Z</time></trkpt>
      <trkpt lat="22.5333888" lon="113.9326234"><ele>9.6</ele><time>2023-08-08T22:13:10Z</time></trkpt>
      <trkpt lat="22.5334038" lon="113.9326323"><ele>9.7</ele><time>2023-08-08T22:13:11Z</time></trkpt>
      <trkpt lat="22.5334192" lon="113.9326415"><ele>9.7</ele><time>2023-08-08T22:13:12Z</time></trkpt>
      <trkpt lat="22.5334348" lon="113.9326519"><ele>9.8</ele><time>2023-08-08T22:13:13Z</time></trkpt>
      <trkpt lat="22.5334501" lon="113.9326628"><ele>9.8</ele><time>2023-08-08T22:13:14Z</time></trkpt>
      <trkpt lat="22.5334655" lon="113.9326738"><ele>9.8</ele><time>2023-08-08T22:13:15Z</time></trkpt>
      <trkpt lat="22.5334807" lon="113.9326848"><ele>9.9</ele><time>2023-08-08T22:13:16Z</time></trkpt>
      <trkpt lat="22.5334958" lon="113.9326961"><ele>9.9</ele><time>2023-08-08T22:13:17Z</time></trkpt>
      <trkpt lat="22.5335110" lon="113.9327076"><ele>9.9</ele><time>2023-08-08T22:13:18Z</time></trkpt>
      <trkpt lat="22.5335263" lon="113.9327188"><ele>9.9</ele><time>2023-08-08T22:13:19Z</time></trkpt>
      <trkpt lat="22.5335414" lon="113.9327296"><ele>10.0</ele><time>2023-08-08T22:13:20Z</time></trkpt>
      <trkpt lat="22.5335561" lon="113.9327404"><ele>10.0</ele><time>2023-08-08T22:13:21Z</time></trkpt>
      <trkpt lat="22.5335711" lon="113.9327509"><ele>10.0</ele><time>2023-08-08T22:13:22Z</time></trkpt>
      <trkpt lat="22.5335867" lon="113.9327603"><ele>10.0</ele><time>2023-08-08T22:13:23Z</time></trkpt>
      <trkpt lat="22.5336030" lon="113.9327690"><ele>10.0</ele><time>2023-08-08T22:13:24Z</time></trkpt>
      <trkpt lat="22.5336194" lon="113.9327775"><ele>10.0</ele><time>2023-08-08T22:13:25Z</time></trkpt>
      <trkpt lat="22.5336354" lon="113.9327864"><ele>10.0</ele><time>2023-08-08T22:13:26Z</time></trkpt>
      <trkpt lat="22.5336514" lon="113.9327955"><ele>10.1</ele><time>2023-08-08T22:13:27Z</time></trkpt>
      <trkpt lat="22.5336676" lon="113.9328046"><ele>10.1</ele><time>2023-08-08T22:13:28Z</time></trkpt>
      <trkpt lat="22.5336832" lon="113.9328148"><ele>10.1</ele><time>2023-08-08T22:13:29Z</time></trkpt>
      <trkpt lat="22.5336981" lon="113.9328256"><ele>10.1</ele><time>2023-08-08T22:13:30Z</time></trkpt>
      <trkpt lat="22.5337135" lon="113.9328356"><ele>10.1</ele><time>2023-08-08T22:13:31Z</time></trkpt>
      <trkpt lat="22.5337292" lon="113.9328451"><ele>10.1</ele><time>2023-08-08T22:13:32Z</time></trkpt>
      <trkpt lat="22.5337445" lon="113.9328546"><ele>10.1</ele><time>2023-08-08T22:13:33Z</time></trkpt>
      <trkpt lat="22.5337596" lon="113.9328648"><ele>10.1</ele><time>2023-08-08T22:13:34Z</time></trkpt>
      <trkpt lat="22.5337751" lon="113.9328752"><ele>10.1</ele><time>2023-08-08T22:13:35Z</time></trkpt>
      <trkpt lat="22.5337911" lon="113.9328848"><ele>10.1</ele><time>2023-08-08T22:13:36Z</time></trkpt>
      <trkpt lat="22.5338070" lon="113.9328946"><ele>10.2</ele><time>2023-08-08T22:13:37Z</time></trkpt>
      <trkpt lat="22.5338223" lon="113.9329055"><ele>10.2</ele><time>2023-08-08T22:13:38Z</time></trkpt>
      <trkpt lat="22.5338372" lon="113.9329167"><ele>10.2</ele><time>2023-08-08T22:13:39Z</time></trkpt>
      <trkpt lat="22.5338518" lon="113.9329274"><ele>10.2</ele><time>2023-08-08T22:13:40Z</time></trkpt>
      <trkpt lat="22.5338663" lon="113.9329377"><ele>10.2</ele><time>2023-08-08T22:13:41Z</time></trkpt>
      <trkpt lat="22.5338805" lon="113.9329483"><ele>10.2</ele><time>2023-08-08T22:13:42Z</time></trkpt>
      <trkpt lat="22.5338945" lon="113.9329596"><ele>10.3</ele><time>2023-08-08T22:13:43Z</time></trkpt>
      <trkpt lat="22.5339090" lon="113.9329707"><ele>10.3</ele><time>2023-08-08T22:13:44Z</time></trkpt>
      <trkpt lat="22.5339240" lon="113.9329814"><ele>10.3</ele><time>2023-08-08T22:13:45Z</time></trkpt>
      <trkpt lat="22.5339382" lon="113.9329928"><ele>10.3</ele><time>2023-08-08T22:13:46Z</time></trkpt>
      <trkpt lat="22.5339518" lon="113.9330045"><ele>10.4</ele><time>2023-08-08T22:13:47Z</time></trkpt>
      <trkpt lat="22.5339655" lon="113.9330164"><ele>10.4</ele><time>2023-08-08T22:13:48Z</time></trkpt>
      <trkpt lat="22.5339791" lon="113.9330285"><ele>10.4</ele><time>2023-08-08T22:13:49Z</time></trkpt>
      <trkpt lat="22.5339932" lon="113.9330400"><ele>10.5</ele><time>2023-08-08T22:13:50Z</time></trkpt>
      <trkpt lat="22.5340074" lon="113.9330514"><ele>10.5</ele><time>2023-08-08T22:13:51Z</time></trkpt>
      <trkpt lat="22.5340216" lon="113.9330633"><ele>10.5</ele><time>2023-08-08T22:13:52Z</time></trkpt>
      <trkpt lat="22.5340359" lon="113.9330750"><ele>10.5</ele><time>2023-08-08T22:13:53Z</time></trkpt>
      <trkpt lat="22.5340501" lon="113.9330865"><ele>10.6</ele><time>2023-08-08T22:13:54Z</time></trkpt>
      <trkpt lat="22.5340640" lon="113.9330980"><ele>10.6</ele><time>2023-08-08T22:13:55Z</time></trkpt>
      <trkpt lat="22.5340779" lon="113.9331096"><ele>10.6</ele><time>2023-08-08T22:13:56Z</time></trkpt>
      <trkpt lat="22.5340924" lon="113.9331204"><ele>10.7</ele><time>2023-08-08T22:13:57Z</time></trkpt>
      <trkpt lat="22.5341079" lon="113.9331304"><ele>10.7</ele><time>2023-08-08T22:13:58Z</time></trkpt>
      <trkpt lat="22.5341236" lon="113.9331401"><ele>10.7</ele><time>2023-08-08T22:13:59Z</time></trkpt>
      <trkpt lat="22.5341393" lon="113.9331490"><ele>10.8</ele><time>2023-08-08T22:14:00Z</time></trkpt>
      <trkpt lat="22.5341551" lon="113.9331574"><ele>10.8</ele><time>2023-08-08T22:14:01Z</time></trkpt>
      <trkpt lat="22.5341711" lon="113.9331658"><ele>10.8</ele><time>2023-08-08T22:14:02Z</time></trkpt>
      <trkpt lat="22.5341879" lon="113.9331732"><ele>10.9</ele><time>2023-08-08T22:14:03Z</time></trkpt>
      <trkpt lat="22.5342048" lon="113.9331807"><ele>10.9</ele><time>2023-08-08T22:14:04Z</time></trkpt>
      <trkpt lat="22.5342207" lon="113.9331901"><ele>10.9</ele><time>2023-08-08T22:14:05Z</time></trkpt>
      <trkpt lat="22.5342355" lon="113.9332012"><ele>11.0</ele><time>2023-08-08T22:14:06Z</time></trkpt>
      <trkpt lat="22.5342497" lon="113.9332131"><ele>11.0</ele><time>2023-08-08T22:14:07Z</time></trkpt>
      <trkpt lat="22.5342646" lon="113.9332240"><ele>11.1</ele><time>2023-08-08T22:14:08Z</time></trkpt>
      <trkpt lat="22.5342801" lon="113.9332339"><ele>11.1</ele><time>2023-08-08T22:14:09Z</time></trkpt>
      <trkpt lat="22.5342953" lon="113.9332442"><ele>11.1</ele><time>2023-08-08T22:14:10Z</time></trkpt>
      <trkpt lat="22.5343097" lon="113.9332556"><ele>11.2</ele><time>2023-08-08T22:14:11Z</time></trkpt>
      <trkpt lat="22.5343236" lon="113.9332679"><ele>11.2</ele><time>2023-08-08T22:14:12Z</time></trkpt>
      <trkpt lat="22.5343371" lon="113.9332806"><ele>11.3</ele><time>2023-08-08T22:14:13Z</time></trkpt>
      <trkpt lat="22.5343502" lon="113.9332933"><ele>11.3</ele><time>2023-08-08T22:14:14Z</time></trkpt>
      <trkpt lat="22.5343633" lon="113.9333062"><ele>11.3</ele><time>2023-08-08T22:14:15Z</time></trkpt>
      <trkpt lat="22.5343765" lon="113.9333193"><ele>11.4</ele><time>2023-08-08T22:14:16Z</time></trkpt>
      <trkpt lat="22.5343896" lon="113.9333326"><ele>11.4</ele><time>2023-08-08T22:14:17Z</time></trkpt>
      <trkpt lat="22.5344024" lon="113.9333460"><ele>11.5</ele><time>2023-08-08T22:14:18Z</time></trkpt>
      <trkpt lat="22.5344157" lon="113.9333594"><ele>11.5</ele><time>2023-08-08T22:14:19Z</time></trkpt>
      <trkpt lat="22.5344293" lon="113.9333725"><ele>11.6</ele><time>2023-08-08T22:14:20Z</time></trkpt>
      <trkpt lat="22.5344421" lon="113.9333857"><ele>11.6</ele><time>2023-08-08T22:14:21Z</time></trkpt>
      <trkpt lat="22.5344542" lon="113.9333995"><ele>11.6</ele><time>2023-08-08T22:14:22Z</time></trkpt>
      <trkpt lat="22.5344659" lon="113.9334139"><ele>11.7</ele><time>2023-08-08T22:14:23Z</time></trkpt>
      <trkpt lat="22.5344782" lon="113.9334280"><ele>11.7</ele><time>2023-08-08T22:14:24Z</time></trkpt>
      <trkpt lat="22.5344914" lon="113.9334413"><ele>11.8</ele><time>2023-08-08T22:14:25Z</time></trkpt>
      <trkpt lat="22.5345047" lon="113.9334543"><ele>11.8</ele><time>2023-08-08T22:14:26Z</time></trkpt>
      <trkpt lat="22.5345178" lon="113.9334673"><ele>11.8</ele><time>2023-08-08T22:14:27Z</time></trkpt>
      <trkpt lat="22.5345308" lon="113.9334801"><ele>11.8</ele><time>2023-08-08T22:14:28Z</time></trkpt>
      <trkpt lat="22.5345438" lon="113.9334932"><ele>11.9</ele><time>2023-08-08T22:14:29Z</time></trkpt>
      <trkpt lat="22.5345567" lon="113.9335068"><ele>11.9</ele><time>2023-08-08T22:14:30Z</time></trkpt>
      <trkpt lat="22.5345699" lon="113.9335201"><ele>11.9</ele><time>2023-08-08T22:14:31Z</time></trkpt>
      <trkpt lat="22.5345833" lon="113.9335329"><ele>12.0</ele><time>2023-08-08T22:14:32Z</time></trkpt>
      <trkpt lat="22.5345967" lon="113.9335452"><ele>12.0</ele><time>2023-08-08T22:14:33Z</time></trkpt>
      <trkpt lat="22.5346091" lon="113.9335583"><ele>12.0</ele><time>2023-08-08T22:14:34Z</time></trkpt>
      <trkpt lat="22.5346214" lon="113.9335717"><ele>12.0</ele><time>2023-08-08T22:14:35Z</time></trkpt>
      <trkpt lat="22.5346345" lon="113.9335841"><ele>12.0</ele><time>2023-08-08T22:14:36Z</time></trkpt>
      <trkpt lat="22.5346480" lon="113.9335961"><ele>12.1</ele><time>2023-08-08T22:14:37Z</time></trkpt>
      <trkpt lat="22.5346615" lon="113.9336081"><ele>12.1</ele><time>2023-08-08T22:14:38Z</time></trkpt>
      <trkpt lat="22.5346748" lon="113.9336205"><ele>12.1</ele><time>2023-08-08T22:14:39Z</time></trkpt>
      <trkpt lat="22.5346883" lon="113.9336329"><ele>12.1</ele><time>2023-08-08T22:14:40Z</time></trkpt>
      <trkpt lat="22.5347017" lon="113.9336452"><ele>12.2</ele><time>2023-08-08T22:14:41Z</time></trkpt>
      <trkpt lat="22.5347148" lon="113.9336580"><ele>12.2</ele><time>2023-08-08T22:14:42Z</time></trkpt>
      <trkpt lat="22.5347277" lon="113.9336712"><ele>12.2</ele><time>2023-08-08T22:14:43Z</time></trkpt>
      <trkpt lat="22.5347401" lon="113.9336849"><ele>12.2</ele><time>2023-08-08T22:14:44Z</time></trkpt>
      <trkpt lat="22.5347525" lon="113.9336990"><ele>12.3</ele><time>2023-08-08T22:14:45Z</time></trkpt>
      <trkpt lat="22.5347654" lon="113.9337127"><ele>12.3</ele><time>2023-08-08T22:14:46Z</time></trkpt>
      <trkpt lat="22.5347792" lon="113.9337255"><ele>12.3</ele><time>2023-08-08T22:14:47Z</time></trkpt>
      <trkpt lat="22.5347937" lon="113.9337382"><ele>12.4</ele><time>2023-08-08T22:14:48Z</time></trkpt>
      <trkpt lat="22.5348079" lon="113.9337514"><ele>12.4</ele><time>2023-08-08T22:14:49Z</time></trkpt>
      <trkpt lat="22.5348218" lon="113.9337643"><ele>12.5</ele><time>2023-08-08T22:14:50Z</time></trkpt>
      <trkpt lat="22.5348359" lon="113.9337769"><ele>12.5</ele><time>2023-08-08T22:14:51Z</time></trkpt>
      <trkpt lat="22.5348498" lon="113.9337894"><ele>12.5</ele><time>2023-08-08T22:14:52Z</time></trkpt>
      <trkpt lat="22.5348637" lon="113.9338019"><ele>12.6</ele><time>2023-08-08T22:14:53Z</time></trkpt>
      <trkpt lat="22.5348776" lon="113.9338151"><ele>12.6</ele><time>2023-08-08T22:14:54Z</time></trkpt>
      <trkpt lat="22.5348914" lon="113.9338286"><ele>12.7</ele><time>2023-08-08T22:14:55Z</time></trkpt>
      <trkpt lat="22.5349055" lon="113.9338415"><ele>12.7</ele><time>2023-08-08T22:14:56Z</time></trkpt>
      <trkpt lat="22.5349192" lon="113.9338542"><ele>12.7</ele><time>2023-08-08T22:14:57Z</time></trkpt>
      <trkpt lat="22.5349324" lon="113.9338672"><ele>12.8</ele><time>2023-08-08T22:14:58Z</time></trkpt>
      <trkpt lat="22.5349456" lon="113.9338801"><ele>12.8</ele><time>2023-08-08T22:14:59Z</time></trkpt>
      <trkpt lat="22.5349595" lon="113.9338923"><ele>12.8</ele><time>2023-08-08T22:15:00Z</time></trkpt>
      <trkpt lat="22.5349739" lon="113.9339042"><ele>12.9</ele><time>2023-08-08T22:15:01Z</time></trkpt>
      <trkpt lat="22.5349884" lon="113.9339161"><ele>12.9</ele><time>2023-08-08T22:15:02Z</time></trkpt>
      <trkpt lat="22.5350030" lon="113.9339275"><ele>12.9</ele><time>2023-08-08T22:15:03Z</time></trkpt>
      <trkpt lat="22.5350177" lon="113.9339387"><ele>13.0</ele><time>2023-08-08T22:15:04Z</time></trkpt>
      <trkpt lat="22.5350327" lon="113.9339493"><ele>13.0</ele><time>2023-08-08T22:15:05Z</time></trkpt>
      <trkpt lat="22.5350482" lon="113.9339591"><ele>13.0</ele><time>2023-08-08T22:15:06Z</time></trkpt>
      <trkpt lat="22.5350640" lon="113.9339686"><ele>13.1</ele><time>2023-08-08T22:15:07Z</time></trkpt>
      <trkpt lat="22.5350797" lon="113.9339780"><ele>13.1</ele><time>2023-08-08T22:15:08Z</time></trkpt>
      <trkpt lat="22.5350958" lon="113.9339867"><ele>13.1</ele><time>2023-08-08T22:15:09Z</time></trkpt>
      <trkpt lat="22.5351127" lon="113.9339946"><ele>13.1</ele><time>2023-08-08T22:15:10Z</time></trkpt>
      <trkpt lat="22.5351303" lon="113.9340016"><ele>13.2</ele><time>2023-08-08T22:15:11Z</time></trkpt>
      <trkpt lat="22.5351472" lon="113.9340091"><ele>13.2</ele><time>2023-08-08T22:15:12Z</time></trkpt>
      <trkpt lat="22.5351625" lon="113.9340185"><ele>13.2</ele><time>2023-08-08T22:15:13Z</time></trkpt>
      <trkpt lat="22.5351769" lon="113.9340291"><ele>13.3</ele><time>2023-08-08T22:15:14Z</time></trkpt>
      <trkpt lat="22.5351916" lon="113.9340400"><ele>13.3</ele><time>2023-08-08T22:15:15Z</time></trkpt>
      <trkpt lat="22.5352069" lon="113.9340508"><ele>13.3</ele><time>2023-08-08T22:15:16Z</time></trkpt>
      <trkpt lat="22.5352228" lon="113.9340614"><ele>13.3</ele><time>2023-08-08T22:15:17Z</time></trkpt>
      <trkpt lat="22.5352386" lon="113.9340716"><ele>13.3</ele><time>2023-08-08T22:15:18Z</time></trkpt>
      <trkpt lat="22.5352541" lon="113.9340818"><ele>13.4</ele><time>2023-08-08T22:15:19Z</time></trkpt>
      <trkpt lat="22.5352687" lon="113.9340930"><ele>13.4</ele><time>2023-08-08T22:15:20Z</time></trkpt>
      <trkpt lat="22.5352827" lon="113.9341048"><ele>13.4</ele><time>2023-08-08T22:15:21Z</time></trkpt>
      <trkpt lat="22.5352963" lon="113.9341167"><ele>13.4</ele><time>2023-08-08T22:15:22Z</time></trkpt>
      <trkpt lat="22.5353101" lon="113.9341284"><ele>13.4</ele><time>2023-08-08T22:15:23Z</time></trkpt>
      <trkpt lat="22.5353241" lon="113.9341405"><ele>13.4</ele><time>2023-08-08T22:15:24Z</time></trkpt>
      <trkpt lat="22.5353379" lon="113.9341528"><ele>13.5</ele><time>2023-08-08T22:15:25Z</time></trkpt>
      <trkpt lat="22.5353520" lon="113.9341649"><ele>13.5</ele><time>2023-08-08T22:15:26Z</time></trkpt>
      <trkpt lat="22.5353658" lon="113.9341772"><ele>13.5</ele><time>2023-08-08T22:15:27Z</time></trkpt>
      <trkpt lat="22.5353793" lon="113.9341898"><ele>13.5</ele><time>2023-08-08T22:15:28Z</time></trkpt>
      <trkpt lat="22.5353931" lon="113.9342018"><ele>13.5</ele><time>2023-08-08T22:15:29Z</time></trkpt>
      <trkpt lat="22.5354070" lon="113.9342133"><ele>13.5</ele><time>2023-08-08T22:15:30Z</time></trkpt>
      <trkpt lat="22.5354210" lon="113.9342242"><ele>13.5</ele><time>2023-08-08T22:15:31Z</time></trkpt>
      <trkpt lat="22.5354355" lon="113.9342348"><ele>13.5</ele><time>2023-08-08T22:15:32Z</time></trkpt>
      <trkpt lat="22.5354507" lon="113.9342451"><ele>13.5</ele><time>2023-08-08T22:15:33Z</time></trkpt>
      <trkpt lat="22.5354664" lon="113.9342546"><ele>13.5</ele><time>2023-08-08T22:15:34Z</time></trkpt>
      <trkpt lat="22.5354825" lon="113.9342634"><ele>13.6</ele><time>2023-08-08T22:15:35Z</time></trkpt>
      <trkpt lat="22.5354987" lon="113.9342723"><ele>13.6</ele><time>2023-08-08T22:15:36Z</time></trkpt>
      <trkpt lat="22.5355153" lon="113.9342814"><ele>13.6</ele><time>2023-08-08T22:15:37Z</time></trkpt>
      <trkpt lat="22.5355317" lon="113.9342910"><ele>13.6</ele><time>2023-08-08T22:15:38Z</time></trkpt>
      <trkpt lat="22.5355473" lon="113.9343013"><ele>13.6</ele><time>2023-08-08T22:15:39Z</time></trkpt>
      <trkpt lat="22.5355623" lon="113.9343119"><ele>13.6</ele><time>2023-08-08T22:15:40Z</time></trkpt>
      <trkpt lat="22.5355776" lon="113.9343218"><ele>13.6</ele><time>2023-08-08T22:15:41Z</time></trkpt>
      <trkpt lat="22.5355939" lon="113.9343313"><ele>13.7</ele><time>2023-08-08T22:15:42Z</time></trkpt>
      <trkpt lat="22.5356102" lon="113.9343412"><ele>13.7</ele><time>2023-08-08T22:15:43Z</time></trkpt>
      <trkpt lat="22.5356262" lon="113.9343508"><ele>13.7</ele><time>2023-08-08T22:15:44Z</time></trkpt>
      <trkpt lat="22.5356420" lon="113.9343603"><ele>13.7</ele><time>2023-08-08T22:15:45Z</time></trkpt>
      <trkpt lat="22.5356575" lon="113.9343696"><ele>13.8</ele><time>2023-08-08T22:15:46Z</time></trkpt>
      <trkpt lat="22.5356733" lon="113.9343788"><ele>13.8</ele><time>2023-08-08T22:15:47Z</time></trkpt>
      <trkpt lat="22.5356893" lon="113.9343879"><ele>13.8</ele><time>2023-08-08T22:15:48Z</time></trkpt>
      <trkpt lat="22.5357056" lon="113.9343962"><ele>13.9</ele><time>2023-08-08T22:15:49Z</time></trkpt>
      <trkpt lat="22.5357220" lon="113.9344039"><ele>13.9</ele><time>2023-08-08T22:15:50Z</time></trkpt>
      <trkpt lat="22.5357378" lon="113.9344118"><ele>14.0</ele><time>2023-08-08T22:15:51Z</time></trkpt>
      <trkpt lat="22.5357533" lon="113.9344197"><ele>14.0</ele><time>2023-08-08T22:15:52Z</time></trkpt>
      <trkpt lat="22.5357688" lon="113.9344280"><ele>14.0</ele><time>2023-08-08T22:15:53Z</time></trkpt>
      <trkpt lat="22.5357848" lon="113.9344365"><ele>14.1</ele><time>2023-08-08T22:15:54Z</time></trkpt>
      <trkpt lat="22.5358016" lon="113.9344450"><ele>14.1</ele><time>2023-08-08T22:15:55Z</time></trkpt>
      <trkpt lat="22.5358185" lon="113.9344533"><ele>14.2</ele><time>2023-08-08T22:15:56Z</time></trkpt>
      <trkpt lat="22.5358353" lon="113.9344613"><ele>14.2</ele><time>2023-08-08T22:15:57Z</time></trkpt>
      <trkpt lat="22.5358523" lon="113.9344690"><ele>14.3</ele><time>2023-08-08T22:15:58Z</time></trkpt>
      <trkpt lat="22.5358698" lon="113.9344760"><ele>14.3</ele><time>2023-08-08T22:15:59Z</time></trkpt>
      <trkpt lat="22.5358872" lon="113.9344826"><ele>14.3</ele><time>2023-08-08T22:16:00Z</time></trkpt>
      <trkpt lat="22.5359040" lon="113.9344901"><ele>14.4</ele><time>2023-08-08T22:16:01Z</time></trkpt>
      <trkpt lat="22.5359208" lon="113.9344979"><ele>14.4</ele><time>2023-08-08T22:16:02Z</time></trkpt>
      <trkpt lat="22.5359382" lon="113.9345050"><ele>14.5</ele><time>2023-08-08T22:16:03Z</time></trkpt>
      <trkpt lat="22.5359558" lon="113.9345112"><ele>14.5</ele><time>2023-08-08T22:16:04Z</time></trkpt>
      <trkpt lat="22.5359738" lon="113.9345165"><ele>14.6</ele><time>2023-08-08T22:16:05Z</time></trkpt>
      <trkpt lat="22.5359918" lon="113.9345226"><ele>14.6</ele><time>2023-08-08T22:16:06Z</time></trkpt>
      <trkpt lat="22.5360098" lon="113.9345287"><ele>14.7</ele><time>2023-08-08T22:16:07Z</time></trkpt>
      <trkpt lat="22.5360281" lon="113.9345338"><ele>14.7</ele><time>2023-08-08T22:16:08Z</time></trkpt>
      <trkpt lat="22.5360464" lon="113.9345386"><ele>14.8</ele><time>2023-08-08T22:16:09Z</time></trkpt>
      <trkpt lat="22.5360646" lon="113.9345432"><ele>14.8</ele><time>2023-08-08T22:16:10Z</time></trkpt>
      <trkpt lat="22.5360824" lon="113.9345479"><ele>14.9</ele><time>2023-08-08T22:16:11Z</time></trkpt>
      <trkpt lat="22.5361003" lon="113.9345526"><ele>14.9</ele><time>2023-08-08T22:16:12Z</time></trkpt>
      <trkpt lat="22.5361179" lon="113.9345584"><ele>15.0</ele><time>2023-08-08T22:16:13Z</time></trkpt>
      <trkpt lat="22.5361344" lon="113.9345667"><ele>15.0</ele><time>2023-08-08T22:16:14Z</time></trkpt>
      <trkpt lat="22.5361499" lon="113.9345770"><ele>15.1</ele><time>2023-08-08T22:16:15Z</time></trkpt>
      <trkpt lat="22.5361654" lon="113.9345878"><ele>15.1</ele><time>2023-08-08T22:16:16Z</time></trkpt>
      <trkpt lat="22.5361812" lon="113.9345980"><ele>15.2</ele><time>2023-08-08T22:16:17Z</time></trkpt>
      <trkpt lat="22.5361973" lon="113.9346074"><ele>15.2</ele><time>2023-08-08T22:16:18Z</time></trkpt>
      <trkpt lat="22.5362138" lon="113.9346155"><ele>15.2</ele><time>2023-08-08T22:16:19Z</time></trkpt>
      <trkpt lat="22.5362307" lon="113.9346227"><ele>15.3</ele><time>2023-08-08T22:16:20Z</time></trkpt>
      <trkpt lat="22.5362471" lon="113.9346310"><ele>15.3</ele><time>2023-08-08T22:16:21Z</time></trkpt>
      <trkpt lat="22.5362621" lon="113.9346421"><ele>15.3</ele><time>2023-08-08T22:16:22Z</time></trkpt>
      <trkpt lat="22.5362757" lon="113.9346553"><ele>15.4</ele><time>2023-08-08T22:16:23Z</time></trkpt>
      <trkpt lat="22.5362878" lon="113.9346695"><ele>15.4</ele><time>2023-08-08T22:16:24Z</time></trkpt>
      <trkpt lat="22.5362990" lon="113.9346846"><ele>15.4</ele><time>2023-08-08T22:16:25Z</time></trkpt>
      <trkpt lat="22.5363093" lon="113.9347005"><ele>15.4</ele><time>2023-08-08T22:16:26Z</time></trkpt>
      <trkpt lat="22.5363187" lon="113.9347171"><ele>15.4</ele><time>2023-08-08T22:16:27Z</time></trkpt>
      <trkpt lat="22.5363275" lon="113.9347339"><ele>15.4</ele><time>2023-08-08T22:16:28Z</time></trkpt>
      <trkpt lat="22.5363361" lon="113.9347504"><ele>15.4</ele><time>2023-08-08T22:16:29Z</time></trkpt>
      <trkpt lat="22.5363449" lon="113.9347662"><ele>15.4</ele><time>2023-08-08T22:16:30Z</time></trkpt>
      <trkpt lat="22.5363543" lon="113.9347812"><ele>15.4</ele><time>2023-08-08T22:16:31Z</time></trkpt>
      <trkpt lat="22.5363647" lon="113.9347956"><ele>15.4</ele><time>2023-08-08T22:16:32Z</time></trkpt>
      <trkpt lat="22.5363758" lon="113.9348097"><ele>15.4</ele><time>2023-08-08T22:16:33Z</time></trkpt>
      <trkpt lat="22.5363873" lon="113.9348241"><ele>15.4</ele><time>2023-08-08T22:16:34Z</time></trkpt>
      <trkpt lat="22.5363983" lon="113.9348390"><ele>15.4</ele><time>2023-08-08T22:16:35Z</time></trkpt>
      <trkpt lat="22.5364086" lon="113.9348545"><ele>15.4</ele><time>2023-08-08T22:16:36Z</time></trkpt>
      <trkpt lat="22.5364185" lon="113.9348699"><ele>15.4</ele><time>2023-08-08T22:16:37Z</time></trkpt>
      <trkpt lat="22.5364284" lon="113.9348850"><ele>15.4</ele><time>2023-08-08T22:16:38Z</time></trkpt>
      <trkpt lat="22.5364387" lon="113.9348996"><ele>15.3</ele><time>2023-08-08T22:16:39Z</time></trkpt>
      <trkpt lat="22.5364495" lon="113.9349140"><ele>15.3</ele><time>2023-08-08T22:16:40Z</time></trkpt>
      <trkpt lat="22.5364611" lon="113.9349278"><ele>15.3</ele><time>2023-08-08T22:16:41Z</time></trkpt>
      <trkpt lat="22.5364731" lon="113.9349413"><ele>15.3</ele><time>2023-08-08T22:16:42Z</time></trkpt>
      <trkpt lat="22.5364853" lon="113.9349543"><ele>15.3</ele><time>2023-08-08T22:16:43Z</time></trkpt>
      <trkpt lat="22.5364978" lon="113.9349669"><ele>15.3</ele><time>2023-08-08T22:16:44Z</time></trkpt>
      <trkpt lat="22.5365102" lon="113.9349797"><ele>15.2</ele><time>2023-08-08T22:16:45Z</time></trkpt>
      <trkpt lat="22.5365225" lon="113.9349929"><ele>15.2</ele><time>2023-08-08T22:16:46Z</time></trkpt>
      <trkpt lat="22.5365354" lon="113.9350057"><ele>15.2</ele><time>2023-08-08T22:16:47Z</time></trkpt>
      <trkpt lat="22.5365489" lon="113.9350182"><ele>15.2</ele><time>2023-08-08T22:16:48Z</time></trkpt>
      <trkpt lat="22.5365627" lon="113.9350300"><ele>15.2</ele><time>2023-08-08T22:16:49Z</time></trkpt>
      <trkpt lat="22.5365769" lon="113.9350409"><ele>15.2</ele><time>2023-08-08T22:16:50Z</time></trkpt>
      <trkpt lat="22.5365915" lon="113.9350515"><ele>15.1</ele><time>2023-08-08T22:16:51Z</time></trkpt>
      <trkpt lat="22.5366064" lon="113.9350615"><ele>15.1</ele><time>2023-08-08T22:16:52Z</time></trkpt>
      <trkpt lat="22.5366220" lon="113.9350705"><ele>15.1</ele><time>2023-08-08T22:16:53Z</time></trkpt>
      <trkpt lat="22.5366379" lon="113.9350793"><ele>15.1</ele><time>2023-08-08T22:16:54Z</time></trkpt>
      <trkpt lat="22.5366534" lon="113.9350891"><ele>15.1</ele><time>2023-08-08T22:16:55Z</time></trkpt>
      <trkpt lat="22.5366676" lon="113.9351003"><ele>15.1</ele><time>2023-08-08T22:16:56Z</time></trkpt>
      <trkpt lat="22.5366808" lon="113.9351126"><ele>15.1</ele><time>2023-08-08T22:16:57Z</time></trkpt>
      <trkpt lat="22.5366937" lon="113.9351252"><ele>15.0</ele><time>2023-08-08T22:16:58Z</time></trkpt>
      <trkpt lat="22.5367067" lon="113.9351378"><ele>15.0</ele><time>2023-08-08T22:16:59Z</time></trkpt>
      <trkpt lat="22.5367202" lon="113.9351500"><ele>15.0</ele><time>2023-08-08T22:17:00Z</time></trkpt>
      <trkpt lat="22.5367343" lon="113.9351618"><ele>15.0</ele><time>2023-08-08T22:17:01Z</time></trkpt>
      <trkpt lat="22.5367487" lon="113.9351732"><ele>15.0</ele><time>2023-08-08T22:17:02Z</time></trkpt>
      <trkpt lat="22.5367640" lon="113.9351837"><ele>15.0</ele><time>2023-08-08T22:17:03Z</time></trkpt>
      <trkpt lat="22.5367795" lon="113.9351935"><ele>15.0</ele><time>2023-08-08T22:17:04Z</time></trkpt>
      <trkpt lat="22.5367945" lon="113.9352038"><ele>15.0</ele><time>2023-08-08T22:17:05Z</time></trkpt>
      <trkpt lat="22.5368092" lon="113.9352150"><ele>14.9</ele><time>2023-08-08T22:17:06Z</time></trkpt>
      <trkpt lat="22.5368235" lon="113.9352270"><ele>14.9</ele><time>2023-08-08T22:17:07Z</time></trkpt>
      <trkpt lat="22.5368368" lon="113.9352399"><ele>14.9</ele><time>2023-08-08T22:17:08Z</time></trkpt>
      <trkpt lat="22.5368493" lon="113.9352529"><ele>14.9</ele><time>2023-08-08T22:17:09Z</time></trkpt>
      <trkpt lat="22.5368617" lon="113.9352649"><ele>14.9</ele><time>2023-08-08T22:17:10Z</time></trkpt>
      <trkpt lat="22.5368744" lon="113.9352759"><ele>14.9</ele><time>2023-08-08T22:17:11Z</time></trkpt>
      <trkpt lat="22.5368871" lon="113.9352872"><ele>14.9</ele><time>2023-08-08T22:17:12Z</time></trkpt>
      <trkpt lat="22.5368996" lon="113.9352997"><ele>14.8</ele><time>2023-08-08T22:17:13Z</time></trkpt>
      <trkpt lat="22.5369117" lon="113.9353128"><ele>14.8</ele><time>2023-08-08T22:17:14Z</time></trkpt>
      <trkpt lat="22.5369237" lon="113.9353261"><ele>14.8</ele><time>2023-08-08T22:17:15Z</time></trkpt>
      <trkpt lat="22.5369357" lon="113.9353394"><ele>14.8</ele><time>2023-08-08T22:17:16Z</time></trkpt>
      <trkpt lat="22.5369481" lon="113.9353527"><ele>14.8</ele><time>2023-08-08T22:17:17Z</time></trkpt>
      <trkpt lat="22.5369601" lon="113.9353659"><ele>14.7</ele><time>2023-08-08T22:17:18Z</time></trkpt>
      <trkpt lat="22.5369720" lon="113.9353790"><ele>14.7</ele><time>2023-08-08T22:17:19Z</time></trkpt>
      <trkpt lat="22.5369844" lon="113.9353916"><ele>14.7</ele><time>2023-08-08T22:17:20Z</time></trkpt>
      <trkpt lat="22.5369973" lon="113.9354038"><ele>14.7</ele><time>2023-08-08T22:17:21Z</time></trkpt>
      <trkpt lat="22.5370098" lon="113.9354163"><ele>14.6</ele><time>2023-08-08T22:17:22Z</time></trkpt>
      <trkpt lat="22.5370221" lon="113.9354290"><ele>14.6</ele><time>2023-08-08T22:17:23Z</time></trkpt>
      <trkpt lat="22.5370347" lon="113.9354413"><ele>14.6</ele><time>2023-08-08T22:17:24Z</time></trkpt>
      <trkpt lat="22.5370474" lon="113.9354534"><ele>14.5</ele><time>2023-08-08T22:17:25Z</time></trkpt>
      <trkpt lat="22.5370601" lon="113.9354657"><ele>14.5</ele><time>2023-08-08T22:17:26Z</time></trkpt>
      <trkpt lat="22.5370731" lon="113.9354779"><ele>14.5</ele><time>2023-08-08T22:17:27Z</time></trkpt>
      <trkpt lat="22.5370863" lon="113.9354900"><ele>14.4</ele><time>2023-08-08T22:17:28Z</time></trkpt>
      <trkpt lat="22.5371001" lon="113.9355014"><ele>14.4</ele><time>2023-08-08T22:17:29Z</time></trkpt>
      <trkpt lat="22.5371140" lon="113.9355123"><ele>14.4</ele><time>2023-08-08T22:17:30Z</time></trkpt>
      <trkpt lat="22.5371280" lon="113.9355224"><ele>14.3</ele><time>2023-08-08T22:17:31Z</time></trkpt>
      <trkpt lat="22.5371433" lon="113.9355305"><ele>14.3</ele><time>2023-08-08T22:17:32Z</time></trkpt>
      <trkpt lat="22.5371599" lon="113.9355365"><ele>14.3</ele><time>2023-08-08T22:17:33Z</time></trkpt>
      <trkpt lat="22.5371762" lon="113.9355420"><ele>14.2</ele><time>2023-08-08T22:17:34Z</time></trkpt>
      <trkpt lat="22.5371913" lon="113.9355493"><ele>14.2</ele><time>2023-08-08T22:17:35Z</time></trkpt>
      <trkpt lat="22.5372057" lon="113.9355587"><ele>14.2</ele><time>2023-08-08T22:17:36Z</time></trkpt>
      <trkpt lat="22.5372206" lon="113.9355683"><ele>14.1</ele><time>2023-08-08T22:17:37Z</time></trkpt>
      <trkpt lat="22.5372361" lon="113.9355770"><ele>14.1</ele><time>2023-08-08T22:17:38Z</time></trkpt>
      <trkpt lat="22.5372528" lon="113.9355838"><ele>14.0</ele><time>2023-08-08T22:17:39Z</time></trkpt>
      <trkpt lat="22.5372703" lon="113.9355890"><ele>14.0</ele><time>2023-08-08T22:17:40Z</time></trkpt>
      <trkpt lat="22.5372882" lon="113.9355939"><ele>14.0</ele><time>2023-08-08T22:17:41Z</time></trkpt>
      <trkpt lat="22.5373049" lon="113.9356007"><ele>13.9</ele><time>2023-08-08T22:17:42Z</time></trkpt>
      <trkpt lat="22.5373207" lon="113.9356094"><ele>13.9</ele><time>2023-08-08T22:17:43Z</time></trkpt>
      <trkpt lat="22.5373368" lon="113.9356175"><ele>13.9</ele><time>2023-08-08T22:17:44Z</time></trkpt>
      <trkpt lat="22.5373532" lon="113.9356246"><ele>13.8</ele><time>2023-08-08T22:17:45Z</time></trkpt>
      <trkpt lat="22.5373694" lon="113.9356317"><ele>13.8</ele><time>2023-08-08T22:17:46Z</time></trkpt>
      <trkpt lat="22.5373851" lon="113.9356395"><ele>13.7</ele><time>2023-08-08T22:17:47Z</time></trkpt>
      <trkpt lat="22.5374008" lon="113.9356475"><ele>13.7</ele><time>2023-08-08T22:17:48Z</time></trkpt>
      <trkpt lat="22.5374164" lon="113.9356554"><ele>13.6</ele><time>2023-08-08T22:17:49Z</time></trkpt>
      <trkpt lat="22.5374319" lon="113.9356631"><ele>13.6</ele><time>2023-08-08T22:17:50Z</time></trkpt>
      <trkpt lat="22.5374477" lon="113.9356703"><ele>13.5</ele><time>2023-08-08T22:17:51Z</time></trkpt>
      <trkpt lat="22.5374632" lon="113.9356772"><ele>13.5</ele><time>2023-08-08T22:17:52Z</time></trkpt>
      <trkpt lat="22.5374791" lon="113.9356834"><ele>13.4</ele><time>2023-08-08T22:17:53Z</time></trkpt>
      <trkpt lat="22.5374959" lon="113.9356879"><ele>13.3</ele><time>2023-08-08T22:17:54Z</time></trkpt>
      <trkpt lat="22.5375133" lon="113.9356905"><ele>13.3</ele><time>2023-08-08T22:17:55Z</time></trkpt>
      <trkpt lat="22.5375307" lon="113.9356923"><ele>13.2</ele><time>2023-08-08T22:17:56Z</time></trkpt>
      <trkpt lat="22.5375477" lon="113.9356944"><ele>13.1</ele><time>2023-08-08T22:17:57Z</time></trkpt>
      <trkpt lat="22.5375638" lon="113.9356974"><ele>13.1</ele><time>2023-08-08T22:17:58Z</time></trkpt>
      <trkpt lat="22.5375795" lon="113.9356999"><ele>13.0</ele><time>2023-08-08T22:17:59Z</time></trkpt>
      <trkpt lat="22.5375956" lon="113.9357014"><ele>12.9</ele><time>2023-08-08T22:18:00Z</time></trkpt>
      <trkpt lat="22.5376120" lon="113.9357026"><ele>12.8</ele><time>2023-08-08T22:18:01Z</time></trkpt>
      <trkpt lat="22.5376284" lon="113.9357031"><ele>12.8</ele><time>2023-08-08T22:18:02Z</time></trkpt>
      <trkpt lat="22.5376449" lon="113.9357025"><ele>12.7</ele><time>2023-08-08T22:18:03Z</time></trkpt>
      <trkpt lat="22.5376609" lon="113.9357000"><ele>12.6</ele><time>2023-08-08T22:18:04Z</time></trkpt>
      <trkpt lat="22.5376761" lon="113.9356949"><ele>12.5</ele><time>2023-08-08T22:18:05Z</time></trkpt>
      <trkpt lat="22.5376907" lon="113.9356883"><ele>12.5</ele><time>2023-08-08T22:18:06Z</time></trkpt>
      <trkpt lat="22.5377051" lon="113.9356814"><ele>12.4</ele><time>2023-08-08T22:18:07Z</time></trkpt>
      <trkpt lat="22.5377189" lon="113.9356737"><ele>12.3</ele><time>2023-08-08T22:18:08Z</time></trkpt>
      <trkpt lat="22.5377315" lon="113.9356636"><ele>12.3</ele><time>2023-08-08T22:18:09Z</time></trkpt>
      <trkpt lat="22.5377433" lon="113.9356517"><ele>12.2</ele><time>2023-08-08T22:18:10Z</time></trkpt>
      <trkpt lat="22.5377545" lon="113.9356391"><ele>12.1</ele><time>2023-08-08T22:18:11Z</time></trkpt>
      <trkpt lat="22.5377655" lon="113.9356267"><ele>12.1</ele><time>2023-08-08T22:18:12Z</time></trkpt>
      <trkpt lat="22.5377760" lon="113.9356141"><ele>12.1</ele><time>2023-08-08T22:18:13Z</time></trkpt>
      <trkpt lat="22.5377856" lon="113.9356007"><ele>12.0</ele><time>2023-08-08T22:18:14Z</time></trkpt>
      <trkpt lat="22.5377950" lon="113.9355870"><ele>12.0</ele><time>2023-08-08T22:18:15Z</time></trkpt>
      <trkpt lat="22.5378042" lon="113.9355730"><ele>12.0</ele><time>2023-08-08T22:18:16Z</time></trkpt>
      <trkpt lat="22.5378130" lon="113.9355583"><ele>12.0</ele><time>2023-08-08T22:18:17Z</time></trkpt>
      <trkpt lat="22.5378210" lon="113.9355431"><ele>12.0</ele><time>2023-08-08T22:18:18Z</time></trkpt>
      <trkpt lat="22.5378283" lon="113.9355275"><ele>12.0</ele><time>2023-08-08T22:18:19Z</time></trkpt>
      <trkpt lat="22.5378353" lon="113.9355116"><ele>12.0</ele><time>2023-08-08T22:18:20Z</time></trkpt>
      <trkpt lat="22.5378420" lon="113.9354957"><ele>12.0</ele><time>2023-08-08T22:18:21Z</time></trkpt>
      <trkpt lat="22.5378490" lon="113.9354798"><ele>12.0</ele><time>2023-08-08T22:18:22Z</time></trkpt>
      <trkpt lat="22.5378565" lon="113.9354641"><ele>12.1</ele><time>2023-08-08T22:18:23Z</time></trkpt>
      <trkpt lat="22.5378637" lon="113.9354485"><ele>12.1</ele><time>2023-08-08T22:18:24Z</time></trkpt>
      <trkpt lat="22.5378704" lon="113.9354330"><ele>12.2</ele><time>2023-08-08T22:18:25Z</time></trkpt>
      <trkpt lat="22.5378772" lon="113.9354175"><ele>12.3</ele><time>2023-08-08T22:18:26Z</time></trkpt>
      <trkpt lat="22.5378852" lon="113.9354025"><ele>12.3</ele><time>2023-08-08T22:18:27Z</time></trkpt>
      <trkpt lat="22.5378950" lon="113.9353885"><ele>12.4</ele><time>2023-08-08T22:18:28Z</time></trkpt>
      <trkpt lat="22.5379060" lon="113.9353755"><ele>12.5</ele><time>2023-08-08T22:18:29Z</time></trkpt>
      <trkpt lat="22.5379169" lon="113.9353625"><ele>12.6</ele><time>2023-08-08T22:18:30Z</time></trkpt>
      <trkpt lat="22.5379275" lon="113.9353493"><ele>12.7</ele><time>2023-08-08T22:18:31Z</time></trkpt>
      <trkpt lat="22.5379376" lon="113.9353358"><ele>12.8</ele><time>2023-08-08T22:18:32Z</time></trkpt>
      <trkpt lat="22.5379478" lon="113.9353225"><ele>12.9</ele><time>2023-08-08T22:18:33Z</time></trkpt>
      <trkpt lat="22.5379588" lon="113.9353099"><ele>13.0</ele><time>2023-08-08T22:18:34Z</time></trkpt>
      <trkpt lat="22.5379694" lon="113.9352972"><ele>13.2</ele><time>2023-08-08T22:18:35Z</time></trkpt>
      <trkpt lat="22.5379798" lon="113.9352841"><ele>13.3</ele><time>2023-08-08T22:18:36Z</time></trkpt>
      <trkpt lat="22.5379912" lon="113.9352714"><ele>13.4</ele><time>2023-08-08T22:18:37Z</time></trkpt>
      <trkpt lat="22.5380032" lon="113.9352594"><ele>13.6</ele><time>2023-08-08T22:18:38Z</time></trkpt>
      <trkpt lat="22.5380154" lon="113.9352472"><ele>13.7</ele><time>2023-08-08T22:18:39Z</time></trkpt>
      <trkpt lat="22.5380272" lon="113.9352346"><ele>13.8</ele><time>2023-08-08T22:18:40Z</time></trkpt>
      <trkpt lat="22.5380387" lon="113.9352219"><ele>14.0</ele><time>2023-08-08T22:18:41Z</time></trkpt>
      <trkpt lat="22.5380498" lon="113.9352091"><ele>14.1</ele><time>2023-08-08T22:18:42Z</time></trkpt>
      <trkpt lat="22.5380611" lon="113.9351965"><ele>14.3</ele><time>2023-08-08T22:18:43Z</time></trkpt>
      <trkpt lat="22.5380723" lon="113.9351840"><ele>14.4</ele><time>2023-08-08T22:18:44Z</time></trkpt>
      <trkpt lat="22.5380827" lon="113.9351712"><ele>14.6</ele><time>2023-08-08T22:18:45Z</time></trkpt>
      <trkpt lat="22.5380929" lon="113.9351578"><ele>14.7</ele><time>2023-08-08T22:18:46Z</time></trkpt>
      <trkpt lat="22.5381029" lon="113.9351439"><ele>14.9</ele><time>2023-08-08T22:18:47Z</time></trkpt>
      <trkpt lat="22.5381128" lon="113.9351299"><ele>15.0</ele><time>2023-08-08T22:18:48Z</time></trkpt>
      <trkpt lat="22.5381233" lon="113.9351160"><ele>15.2</ele><time>2023-08-08T22:18:49Z</time></trkpt>
      <trkpt lat="22.5381341" lon="113.9351021"><ele>15.3</ele><time>2023-08-08T22:18:50Z</time></trkpt>
      <trkpt lat="22.5381443" lon="113.9350877"><ele>15.5</ele><time>2023-08-08T22:18:51Z</time></trkpt>
      <trkpt lat="22.5381533" lon="113.9350731"><ele>15.6</ele><time>2023-08-08T22:18:52Z</time></trkpt>
      <trkpt lat="22.5381621" lon="113.9350586"><ele>15.8</ele><time>2023-08-08T22:18:53Z</time></trkpt>
      <trkpt lat="22.5381714" lon="113.9350440"><ele>15.9</ele><time>2023-08-08T22:18:54Z</time></trkpt>
      <trkpt lat="22.5381817" lon="113.9350298"><ele>16.1</ele><time>2023-08-08T22:18:55Z</time></trkpt>
      <trkpt lat="22.5381925" lon="113.9350160"><ele>16.2</ele><time>2023-08-08T22:18:56Z</time></trkpt>
      <trkpt lat="22.5382034" lon="113.9350024"><ele>16.3</ele><time>2023-08-08T22:18:57Z</time></trkpt>
      <trkpt lat="22.5382153" lon="113.9349898"><ele>16.5</ele><time>2023-08-08T22:18:58Z</time></trkpt>
      <trkpt lat="22.5382283" lon="113.9349798"><ele>16.6</ele><time>2023-08-08T22:18:59Z</time></trkpt>
      <trkpt lat="22.5382418" lon="113.9349720"><ele>16.7</ele><time>2023-08-08T22:19:00Z</time></trkpt>
      <trkpt lat="22.5382559" lon="113.9349654"><ele>16.8</ele><time>2023-08-08T22:19:01Z</time></trkpt>
      <trkpt lat="22.5382710" lon="113.9349615"><ele>17.0</ele><time>2023-08-08T22:19:02Z</time></trkpt>
      <trkpt lat="22.5382872" lon="113.9349603"><ele>17.1</ele><time>2023-08-08T22:19:03Z</time></trkpt>
      <trkpt lat="22.5383038" lon="113.9349601"><ele>17.2</ele><time>2023-08-08T22:19:04Z</time></trkpt>
      <trkpt lat="22.5383204" lon="113.9349602"><ele>17.3</ele><time>2023-08-08T22:19:05Z</time></trkpt>
      <trkpt lat="22.5383370" lon="113.9349597"><ele>17.4</ele><time>2023-08-08T22:19:06Z</time></trkpt>
      <trkpt lat="22.5383535" lon="113.9349585"><ele>17.4</ele><time>2023-08-08T22:19:07Z</time></trkpt>
      <trkpt lat="22.5383699" lon="113.9349567"><ele>17.5</ele><time>2023-08-08T22:19:08Z</time></trkpt>
      <trkpt lat="22.5383865" lon="113.9349555"><ele>17.6</ele><time>2023-08-08T22:19:09Z</time></trkpt>
      <trkpt lat="22.5384039" lon="113.9349552"><ele>17.6</ele><time>2023-08-08T22:19:10Z</time></trkpt>
      <trkpt lat="22.5384215" lon="113.9349551"><ele>17.7</ele><time>2023-08-08T22:19:11Z</time></trkpt>
      <trkpt lat="22.5384384" lon="113.9349540"><ele>17.7</ele><time>2023-08-08T22:19:12Z</time></trkpt>
      <trkpt lat="22.5384545" lon="113.9349519"><ele>17.7</ele><time>2023-08-08T22:19:13Z</time></trkpt>
      <trkpt lat="22.5384705" lon="113.9349503"><ele>17.7</ele><time>2023-08-08T22:19:14Z</time></trkpt>
      <trkpt lat="22.5384866" lon="113.9349499"><ele>17.7</ele><time>2023-08-08T22:19:15Z</time></trkpt>
      <trkpt lat="22.5385028" lon="113.9349503"><ele>17.7</ele><time>2023-08-08T22:19:16Z</time></trkpt>
      <trkpt lat="22.5385189" lon="113.9349505"><ele>17.7</ele><time>2023-08-08T22:19:17Z</time></trkpt>
      <trkpt lat="22.5385351" lon="113.9349500"><ele>17.7</ele><time>2023-08-08T22:19:18Z</time></trkpt>
      <trkpt lat="22.5385512" lon="113.9349498"><ele>17.6</ele><time>2023-08-08T22:19:19Z</time></trkpt>
      <trkpt lat="22.5385673" lon="113.9349500"><ele>17.6</ele><time>2023-08-08T22:19:20Z</time></trkpt>
      <trkpt lat="22.5385832" lon="113.9349502"><ele>17.5</ele><time>2023-08-08T22:19:21Z</time></trkpt>
      <trkpt lat="22.5385992" lon="113.9349501"><ele>17.5</ele><time>2023-08-08T22:19:22Z</time></trkpt>
      <trkpt lat="22.5386151" lon="113.9349497"><ele>17.4</ele><time>2023-08-08T22:19:23Z</time></trkpt>
      <trkpt lat="22.5386310" lon="113.9349491"><ele>17.3</ele><time>2023-08-08T22:19:24Z</time></trkpt>
      <trkpt lat="22.5386470" lon="113.9349485"><ele>17.2</ele><time>2023-08-08T22:19:25Z</time></trkpt>
      <trkpt lat="22.5386628" lon="113.9349474"><ele>17.1</ele><time>2023-08-08T22:19:26Z</time></trkpt>
      <trkpt lat="22.5386783" lon="113.9349461"><ele>17.0</ele><time>2023-08-08T22:19:27Z</time></trkpt>
      <trkpt lat="22.5386937" lon="113.9349482"><ele>16.9</ele><time>2023-08-08T22:19:28Z</time></trkpt>
      <trkpt lat="22.5387090" lon="113.9349545"><ele>16.8</ele><time>2023-08-08T22:19:29Z</time></trkpt>
      <trkpt lat="22.5387240" lon="113.9349622"><ele>16.7</ele><time>2023-08-08T22:19:30Z</time></trkpt>
      <trkpt lat="22.5387385" lon="113.9349712"><ele>16.6</ele><time>2023-08-08T22:19:31Z</time></trkpt>
      <trkpt lat="22.5387529" lon="113.9349814"><ele>16.4</ele><time>2023-08-08T22:19:32Z</time></trkpt>
      <trkpt lat="22.5387671" lon="113.9349953"><ele>16.3</ele><time>2023-08-08T22:19:33Z</time></trkpt>
      <trkpt lat="22.5387783" lon="113.9350140"><ele>16.2</ele><time>2023-08-08T22:19:34Z</time></trkpt>
      <trkpt lat="22.5387848" lon="113.9350336"><ele>16.1</ele><time>2023-08-08T22:19:35Z</time></trkpt>
      <trkpt lat="22.5387885" lon="113.9350522"><ele>15.9</ele><time>2023-08-08T22:19:36Z</time></trkpt>
      <trkpt lat="22.5387914" lon="113.9350704"><ele>15.8</ele><time>2023-08-08T22:19:37Z</time></trkpt>
      <trkpt lat="22.5387942" lon="113.9350884"><ele>15.6</ele><time>2023-08-08T22:19:38Z</time></trkpt>
      <trkpt lat="22.5387967" lon="113.9351067"><ele>15.5</ele><time>2023-08-08T22:19:39Z</time></trkpt>
      <trkpt lat="22.5387992" lon="113.9351250"><ele>15.4</ele><time>2023-08-08T22:19:40Z</time></trkpt>
      <trkpt lat="22.5388023" lon="113.9351432"><ele>15.3</ele><time>2023-08-08T22:19:41Z</time></trkpt>
      <trkpt lat="22.5388053" lon="113.9351613"><ele>15.2</ele><time>2023-08-08T22:19:42Z</time></trkpt>
      <trkpt lat="22.5388086" lon="113.9351792"><ele>15.0</ele><time>2023-08-08T22:19:43Z</time></trkpt>
      <trkpt lat="22.5388115" lon="113.9351971"><ele>14.9</ele><time>2023-08-08T22:19:44Z</time></trkpt>
      <trkpt lat="22.5388131" lon="113.9352151"><ele>14.8</ele><time>2023-08-08T22:19:45Z</time></trkpt>
      <trkpt lat="22.5388141" lon="113.9352329"><ele>14.7</ele><time>2023-08-08T22:19:46Z</time></trkpt>
      <trkpt lat="22.5388149" lon="113.9352507"><ele>14.6</ele><time>2023-08-08T22:19:47Z</time></trkpt>
      <trkpt lat="22.5388152" lon="113.9352685"><ele>14.5</ele><time>2023-08-08T22:19:48Z</time></trkpt>
      <trkpt lat="22.5388150" lon="113.9352860"><ele>14.5</ele><time>2023-08-08T22:19:49Z</time></trkpt>
      <trkpt lat="22.5388143" lon="113.9353032"><ele>14.4</ele><time>2023-08-08T22:19:50Z</time></trkpt>
      <trkpt lat="22.5388130" lon="113.9353203"><ele>14.3</ele><time>2023-08-08T22:19:51Z</time></trkpt>
      <trkpt lat="22.5388113" lon="113.9353373"><ele>14.3</ele><time>2023-08-08T22:19:52Z</time></trkpt>
      <trkpt lat="22.5388095" lon="113.9353543"><ele>14.2</ele><time>2023-08-08T22:19:53Z</time></trkpt>
      <trkpt lat="22.5388082" lon="113.9353711"><ele>14.2</ele><time>2023-08-08T22:19:54Z</time></trkpt>
      <trkpt lat="22.5388078" lon="113.9353871"><ele>14.1</ele><time>2023-08-08T22:19:55Z</time></trkpt>
      <trkpt lat="22.5388079" lon="113.9354011"><ele>14.1</ele><time>2023-08-08T22:19:56Z</time></trkpt>
      <trkpt lat="22.5388075" lon="113.9354129"><ele>14.1</ele><time>2023-08-08T22:19:57Z</time></trkpt>
      <trkpt lat="22.5388056" lon="113.9354223"><ele>14.0</ele><time>2023-08-08T22:19:58Z</time></trkpt>
      <trkpt lat="22.5388015" lon="113.9354309"><ele>14.0</ele><time>2023-08-08T22:19:59Z</time></trkpt>
      <trkpt lat="22.5387946" lon="113.9354395"><ele>14.0</ele><time>2023-08-08T22:20:00Z</time></trkpt>
      <trkpt lat="22.5387862" lon="113.9354459"><ele>14.0</ele><time>2023-08-08T22:20:01Z</time></trkpt>
      <trkpt lat="22.5387763" lon="113.9354505"><ele>14.0</ele><time>2023-08-08T22:20:02Z</time></trkpt>
      <trkpt lat="22.5387637" lon="113.9354553"><ele>14.0</ele><time>2023-08-08T22:20:03Z</time></trkpt>
      <trkpt lat="22.5387482" lon="113.9354604"><ele>14.0</ele><time>2023-08-08T22:20:04Z</time></trkpt>
      <trkpt lat="22.5387314" lon="113.9354655"><ele>14.0</ele><time>2023-08-08T22:20:05Z</time></trkpt>
      <trkpt lat="22.5387151" lon="113.9354704"><ele>14.0</ele><time>2023-08-08T22:20:06Z</time></trkpt>
      <trkpt lat="22.5386988" lon="113.9354750"><ele>14.0</ele><time>2023-08-08T22:20:07Z</time></trkpt>
      <trkpt lat="22.5386826" lon="113.9354796"><ele>14.1</ele><time>2023-08-08T22:20:08Z</time></trkpt>
      <trkpt lat="22.5386664" lon="113.9354843"><ele>14.1</ele><time>2023-08-08T22:20:09Z</time></trkpt>
      <trkpt lat="22.5386503" lon="113.9354897"><ele>14.1</ele><time>2023-08-08T22:20:10Z</time></trkpt>
      <trkpt lat="22.5386344" lon="113.9354962"><ele>14.1</ele><time>2023-08-08T22:20:11Z</time></trkpt>
      <trkpt lat="22.5386189" lon="113.9355038"><ele>14.2</ele><time>2023-08-08T22:20:12Z</time></trkpt>
      <trkpt lat="22.5386038" lon="113.9355125"><ele>14.2</ele><time>2023-08-08T22:20:13Z</time></trkpt>
      <trkpt lat="22.5385890" lon="113.9355219"><ele>14.3</ele><time>2023-08-08T22:20:14Z</time></trkpt>
      <trkpt lat="22.5385745" lon="113.9355316"><ele>14.3</ele><time>2023-08-08T22:20:15Z</time></trkpt>
      <trkpt lat="22.5385604" lon="113.9355415"><ele>14.4</ele><time>2023-08-08T22:20:16Z</time></trkpt>
      <trkpt lat="22.5385465" lon="113.9355519"><ele>14.4</ele><time>2023-08-08T22:20:17Z</time></trkpt>
      <trkpt lat="22.5385332" lon="113.9355632"><ele>14.5</ele><time>2023-08-08T22:20:18Z</time></trkpt>
      <trkpt lat="22.5385206" lon="113.9355755"><ele>14.5</ele><time>2023-08-08T22:20:19Z</time></trkpt>
      <trkpt lat="22.5385084" lon="113.9355881"><ele>14.6</ele><time>2023-08-08T22:20:20Z</time></trkpt>
      <trkpt lat="22.5384967" lon="113.9356013"><ele>14.6</ele><time>2023-08-08T22:20:21Z</time></trkpt>
      <trkpt lat="22.5384852" lon="113.9356146"><ele>14.7</ele><time>2023-08-08T22:20:22Z</time></trkpt>
      <trkpt lat="22.5384740" lon="113.9356281"><ele>14.8</ele><time>2023-08-08T22:20:23Z</time></trkpt>
      <trkpt lat="22.5384635" lon="113.9356418"><ele>14.9</ele><time>2023-08-08T22:20:24Z</time></trkpt>
      <trkpt lat="22.5384532" lon="113.9356558"><ele>14.9</ele><time>2023-08-08T22:20:25Z</time></trkpt>
      <trkpt lat="22.5384434" lon="113.9356702"><ele>15.0</ele><time>2023-08-08T22:20:26Z</time></trkpt>
      <trkpt lat="22.5384339" lon="113.9356846"><ele>15.1</ele><time>2023-08-08T22:20:27Z</time></trkpt>
      <trkpt lat="22.5384245" lon="113.9356989"><ele>15.2</ele><time>2023-08-08T22:20:28Z</time></trkpt>
      <trkpt lat="22.5384158" lon="113.9357139"><ele>15.2</ele><time>2023-08-08T22:20:29Z</time></trkpt>
      <trkpt lat="22.5384084" lon="113.9357298"><ele>15.3</ele><time>2023-08-08T22:20:30Z</time></trkpt>
      <trkpt lat="22.5384018" lon="113.9357461"><ele>15.4</ele><time>2023-08-08T22:20:31Z</time></trkpt>
      <trkpt lat="22.5383955" lon="113.9357624"><ele>15.5</ele><time>2023-08-08T22:20:32Z</time></trkpt>
      <trkpt lat="22.5383896" lon="113.9357788"><ele>15.6</ele><time>2023-08-08T22:20:33Z</time></trkpt>
      <trkpt lat="22.5383842" lon="113.9357952"><ele>15.6</ele><time>2023-08-08T22:20:34Z</time></trkpt>
      <trkpt lat="22.5383792" lon="113.9358117"><ele>15.7</ele><time>2023-08-08T22:20:35Z</time></trkpt>
      <trkpt lat="22.5383750" lon="113.9358285"><ele>15.8</ele><time>2023-08-08T22:20:36Z</time></trkpt>
      <trkpt lat="22.5383719" lon="113.9358456"><ele>15.9</ele><time>2023-08-08T22:20:37Z</time></trkpt>
      <trkpt lat="22.5383702" lon="113.9358629"><ele>16.0</ele><time>2023-08-08T22:20:38Z</time></trkpt>
      <trkpt lat="22.5383679" lon="113.9358800"><ele>16.0</ele><time>2023-08-08T22:20:39Z</time></trkpt>
      <trkpt lat="22.5383657" lon="113.9358970"><ele>16.1</ele><time>2023-08-08T22:20:40Z</time></trkpt>
      <trkpt lat="22.5383659" lon="113.9359142"><ele>16.1</ele><time>2023-08-08T22:20:41Z</time></trkpt>
      <trkpt lat="22.5383677" lon="113.9359315"><ele>16.2</ele><time>2023-08-08T22:20:42Z</time></trkpt>
      <trkpt lat="22.5383695" lon="113.9359488"><ele>16.2</ele><time>2023-08-08T22:20:43Z</time></trkpt>
      <trkpt lat="22.5383713" lon="113.9359659"><ele>16.3</ele><time>2023-08-08T22:20:44Z</time></trkpt>
      <trkpt lat="22.5383739" lon="113.9359829"><ele>16.3</ele><time>2023-08-08T22:20:45Z</time></trkpt>
      <trkpt lat="22.5383778" lon="113.9359995"><ele>16.4</ele><time>2023-08-08T22:20:46Z</time></trkpt>
      <trkpt lat="22.5383827" lon="113.9360158"><ele>16.4</ele><time>2023-08-08T22:20:47Z</time></trkpt>
      <trkpt lat="22.5383873" lon="113.9360322"><ele>16.4</ele><time>2023-08-08T22:20:48Z</time></trkpt>
      <trkpt lat="22.5383909" lon="113.9360489"><ele>16.4</ele><time>2023-08-08T22:20:49Z</time></trkpt>
      <trkpt lat="22.5383948" lon="113.9360655"><ele>16.5</ele><time>2023-08-08T22:20:50Z</time></trkpt>
      <trkpt lat="22.5383994" lon="113.9360818"><ele>16.5</ele><time>2023-08-08T22:20:51Z</time></trkpt>
      <trkpt lat="22.5384050" lon="113.9360978"><ele>16.5</ele><time>2023-08-08T22:20:52Z</time></trkpt>
      <trkpt lat="22.5384112" lon="113.9361134"><ele>16.5</ele><time>2023-08-08T22:20:53Z</time></trkpt>
      <trkpt lat="22.5384176" lon="113.9361289"><ele>16.5</ele><time>2023-08-08T22:20:54Z</time></trkpt>
      <trkpt lat="22.5384246" lon="113.9361443"><ele>16.4</ele><time>2023-08-08T22:20:55Z</time></trkpt>
      <trkpt lat="22.5384323" lon="113.9361593"><ele>16.4</ele><time>2023-08-08T22:20:56Z</time></trkpt>
      <trkpt lat="22.5384405" lon="113.9361739"><ele>16.4</ele><time>2023-08-08T22:20:57Z</time></trkpt>
      <trkpt lat="22.5384492" lon="113.9361884"><ele>16.4</ele><time>2023-08-08T22:20:58Z</time></trkpt>
      <trkpt lat="22.5384584" lon="113.9362026"><ele>16.4</ele><time>2023-08-08T22:20:59Z</time></trkpt>
      <trkpt lat="22.5384680" lon="113.9362165"><ele>16.3</ele><time>2023-08-08T22:21:00Z</time></trkpt>
      <trkpt lat="22.5384775" lon="113.9362305"><ele>16.3</ele><time>2023-08-08T22:21:01Z</time></trkpt>
      <trkpt lat="22.5384864" lon="113.9362449"><ele>16.3</ele><time>2023-08-08T22:21:02Z</time></trkpt>
      <trkpt lat="22.5384963" lon="113.9362586"><ele>16.2</ele><time>2023-08-08T22:21:03Z</time></trkpt>
      <trkpt lat="22.5385080" lon="113.9362709"><ele>16.2</ele><time>2023-08-08T22:21:04Z</time></trkpt>
      <trkpt lat="22.5385203" lon="113.9362823"><ele>16.1</ele><time>2023-08-08T22:21:05Z</time></trkpt>
      <trkpt lat="22.5385329" lon="113.9362931"><ele>16.1</ele><time>2023-08-08T22:21:06Z</time></trkpt>
      <trkpt lat="22.5385459" lon="113.9363032"><ele>16.1</ele><time>2023-08-08T22:21:07Z</time></trkpt>
      <trkpt lat="22.5385592" lon="113.9363130"><ele>16.0</ele><time>2023-08-08T22:21:08Z</time></trkpt>
      <trkpt lat="22.5385722" lon="113.9363232"><ele>16.0</ele><time>2023-08-08T22:21:09Z</time></trkpt>
      <trkpt lat="22.5385853" lon="113.9363330"><ele>16.0</ele><time>2023-08-08T22:21:10Z</time></trkpt>
      <trkpt lat="22.5385991" lon="113.9363416"><ele>15.9</ele><time>2023-08-08T22:21:11Z</time></trkpt>
      <trkpt lat="22.5386133" lon="113.9363499"><ele>15.9</ele><time>2023-08-08T22:21:12Z</time></trkpt>
      <trkpt lat="22.5386277" lon="113.9363579"><ele>15.8</ele><time>2023-08-08T22:21:13Z</time></trkpt>
      <trkpt lat="22.5386424" lon="113.9363649"><ele>15.8</ele><time>2023-08-08T22:21:14Z</time></trkpt>
      <trkpt lat="22.5386572" lon="113.9363716"><ele>15.8</ele><time>2023-08-08T22:21:15Z</time></trkpt>
      <trkpt lat="22.5386722" lon="113.9363776"><ele>15.7</ele><time>2023-08-08T22:21:16Z</time></trkpt>
      <trkpt lat="22.5386875" lon="113.9363824"><ele>15.7</ele><time>2023-08-08T22:21:17Z</time></trkpt>
      <trkpt lat="22.5387030" lon="113.9363867"><ele>15.7</ele><time>2023-08-08T22:21:18Z</time></trkpt>
      <trkpt lat="22.5387186" lon="113.9363907"><ele>15.7</ele><time>2023-08-08T22:21:19Z</time></trkpt>
      <trkpt lat="22.5387344" lon="113.9363941"><ele>15.6</ele><time>2023-08-08T22:21:20Z</time></trkpt>
      <trkpt lat="22.5387503" lon="113.9363965"><ele>15.6</ele><time>2023-08-08T22:21:21Z</time></trkpt>
      <trkpt lat="22.5387663" lon="113.9363984"><ele>15.6</ele><time>2023-08-08T22:21:22Z</time></trkpt>
      <trkpt lat="22.5387822" lon="113.9364003"><ele>15.6</ele><time>2023-08-08T22:21:23Z</time></trkpt>
      <trkpt lat="22.5387982" lon="113.9364017"><ele>15.5</ele><time>2023-08-08T22:21:24Z</time></trkpt>
      <trkpt lat="22.5388143" lon="113.9364029"><ele>15.5</ele><time>2023-08-08T22:21:25Z</time></trkpt>
      <trkpt lat="22.5388303" lon="113.9364039"><ele>15.5</ele><time>2023-08-08T22:21:26Z</time></trkpt>
      <trkpt lat="22.5388462" lon="113.9364044"><ele>15.5</ele><time>2023-08-08T22:21:27Z</time></trkpt>
      <trkpt lat="22.5388619" lon="113.9364047"><ele>15.5</ele><time>2023-08-08T22:21:28Z</time></trkpt>
      <trkpt lat="22.5388778" lon="113.9364043"><ele>15.5</ele><time>2023-08-08T22:21:29Z</time></trkpt>
      <trkpt lat="22.5388937" lon="113.9364032"><ele>15.5</ele><time>2023-08-08T22:21:30Z</time></trkpt>
      <trkpt lat="22.5389095" lon="113.9364024"><ele>15.4</ele><time>2023-08-08T22:21:31Z</time></trkpt>
      <trkpt lat="22.5389253" lon="113.9364027"><ele>15.4</ele><time>2023-08-08T22:21:32Z</time></trkpt>
      <trkpt lat="22.5389421" lon="113.9364034"><ele>15.4</ele><time>2023-08-08T22:21:33Z</time></trkpt>
      <trkpt lat="22.5389594" lon="113.9364035"><ele>15.4</ele><time>2023-08-08T22:21:34Z</time></trkpt>
      <trkpt lat="22.5389759" lon="113.9364029"><ele>15.4</ele><time>2023-08-08T22:21:35Z</time></trkpt>
      <trkpt lat="22.5389915" lon="113.9364020"><ele>15.4</ele><time>2023-08-08T22:21:36Z</time></trkpt>
      <trkpt lat="22.5390069" lon="113.9364015"><ele>15.4</ele><time>2023-08-08T22:21:37Z</time></trkpt>
      <trkpt lat="22.5390223" lon="113.9364015"><ele>15.4</ele><time>2023-08-08T22:21:38Z</time></trkpt>
      <trkpt lat="22.5390378" lon="113.9364013"><ele>15.4</ele><time>2023-08-08T22:21:39Z</time></trkpt>
      <trkpt lat="22.5390535" lon="113.9364012"><ele>15.4</ele><time>2023-08-08T22:21:40Z</time></trkpt>
      <trkpt lat="22.5390692" lon="113.9364013"><ele>15.4</ele><time>2023-08-08T22:21:41Z</time></trkpt>
      <trkpt lat="22.5390847" lon="113.9364014"><ele>15.3</ele><time>2023-08-08T22:21:42Z</time></trkpt>
      <trkpt lat="22.5391002" lon="113.9364011"><ele>15.3</ele><time>2023-08-08T22:21:43Z</time></trkpt>
      <trkpt lat="22.5391156" lon="113.9364001"><ele>15.3</ele><time>2023-08-08T22:21:44Z</time></trkpt>
      <trkpt lat="22.5391310" lon="113.9363989"><ele>15.3</ele><time>2023-08-08T22:21:45Z</time></trkpt>
      <trkpt lat="22.5391466" lon="113.9363974"><ele>15.3</ele><time>2023-08-08T22:21:46Z</time></trkpt>
      <trkpt lat="22.5391622" lon="113.9363959"><ele>15.3</ele><time>2023-08-08T22:21:47Z</time></trkpt>
      <trkpt lat="22.5391778" lon="113.9363949"><ele>15.3</ele><time>2023-08-08T22:21:48Z</time></trkpt>
      <trkpt lat="22.5391933" lon="113.9363943"><ele>15.3</ele><time>2023-08-08T22:21:49Z</time></trkpt>
      <trkpt lat="22.5392089" lon="113.9363939"><ele>15.3</ele><time>2023-08-08T22:21:50Z</time></trkpt>
      <trkpt lat="22.5392242" lon="113.9363951"><ele>15.3</ele><time>2023-08-08T22:21:51Z</time></trkpt>
      <trkpt lat="22.5392395" lon="113.9363968"><ele>15.3</ele><time>2023-08-08T22:21:52Z</time></trkpt>
      <trkpt lat="22.5392552" lon="113.9363966"><ele>15.3</ele><time>2023-08-08T22:21:53Z</time></trkpt>
      <trkpt lat="22.5392711" lon="113.9363958"><ele>15.3</ele><time>2023-08-08T22:21:54Z</time></trkpt>
      <trkpt lat="22.5392872" lon="113.9363951"><ele>15.3</ele><time>2023-08-08T22:21:55Z</time></trkpt>
      <trkpt lat="22.5393038" lon="113.9363940"><ele>15.3</ele><time>2023-08-08T22:21:56Z</time></trkpt>
      <trkpt lat="22.5393207" lon="113.9363921"><ele>15.3</ele><time>2023-08-08T22:21:57Z</time></trkpt>
      <trkpt lat="22.5393371" lon="113.9363906"><ele>15.3</ele><time>2023-08-08T22:21:58Z</time></trkpt>
      <trkpt lat="22.5393527" lon="113.9363897"><ele>15.3</ele><time>2023-08-08T22:21:59Z</time></trkpt>
      <trkpt lat="22.5393683" lon="113.9363879"><ele>15.3</ele><time>2023-08-08T22:22:00Z</time></trkpt>
      <trkpt lat="22.5393838" lon="113.9363856"><ele>15.3</ele><time>2023-08-08T22:22:01Z</time></trkpt>
      <trkpt lat="22.5393993" lon="113.9363854"><ele>15.4</ele><time>2023-08-08T22:22:02Z</time></trkpt>
      <trkpt lat="22.5394147" lon="113.9363865"><ele>15.4</ele><time>2023-08-08T22:22:03Z</time></trkpt>
      <trkpt lat="22.5394295" lon="113.9363862"><ele>15.4</ele><time>2023-08-08T22:22:04Z</time></trkpt>
      <trkpt lat="22.5394443" lon="113.9363855"><ele>15.5</ele><time>2023-08-08T22:22:05Z</time></trkpt>
      <trkpt lat="22.5394593" lon="113.9363868"><ele>15.5</ele><time>2023-08-08T22:22:06Z</time></trkpt>
      <trkpt lat="22.5394743" lon="113.9363883"><ele>15.5</ele><time>2023-08-08T22:22:07Z</time></trkpt>
      <trkpt lat="22.5394895" lon="113.9363883"><ele>15.6</ele><time>2023-08-08T22:22:08Z</time></trkpt>
      <trkpt lat="22.5395045" lon="113.9363888"><ele>15.6</ele><time>2023-08-08T22:22:09Z</time></trkpt>
      <trkpt lat="22.5395194" lon="113.9363882"><ele>15.6</ele><time>2023-08-08T22:22:10Z</time></trkpt>
      <trkpt lat="22.5395344" lon="113.9363852"><ele>15.7</ele><time>2023-08-08T22:22:11Z</time></trkpt>
      <trkpt lat="22.5395494" lon="113.9363818"><ele>15.7</ele><time>2023-08-08T22:22:12Z</time></trkpt>
      <trkpt lat="22.5395642" lon="113.9363781"><ele>15.7</ele><time>2023-08-08T22:22:13Z</time></trkpt>
      <trkpt lat="22.5395787" lon="113.9363739"><ele>15.8</ele><time>2023-08-08T22:22:14Z</time></trkpt>
      <trkpt lat="22.5395932" lon="113.9363698"><ele>15.8</ele><time>2023-08-08T22:22:15Z</time></trkpt>
      <trkpt lat="22.5396078" lon="113.9363665"><ele>15.8</ele><time>2023-08-08T22:22:16Z</time></trkpt>
      <trkpt lat="22.5396224" lon="113.9363636"><ele>15.8</ele><time>2023-08-08T22:22:17Z</time></trkpt>
      <trkpt lat="22.5396375" lon="113.9363606"><ele>15.9</ele><time>2023-08-08T22:22:18Z</time></trkpt>
      <trkpt lat="22.5396537" lon="113.9363573"><ele>15.9</ele><time>2023-08-08T22:22:19Z</time></trkpt>
      <trkpt lat="22.5396705" lon="113.9363529"><ele>15.9</ele><time>2023-08-08T22:22:20Z</time></trkpt>
      <trkpt lat="22.5396869" lon="113.9363468"><ele>15.9</ele><time>2023-08-08T22:22:21Z</time></trkpt>
      <trkpt lat="22.5397026" lon="113.9363394"><ele>15.9</ele><time>2023-08-08T22:22:22Z</time></trkpt>
      <trkpt lat="22.5397171" lon="113.9363324"><ele>15.9</ele><time>2023-08-08T22:22:23Z</time></trkpt>
      <trkpt lat="22.5397306" lon="113.9363252"><ele>15.9</ele><time>2023-08-08T22:22:24Z</time></trkpt>
      <trkpt lat="22.5397433" lon="113.9363166"><ele>15.9</ele><time>2023-08-08T22:22:25Z</time></trkpt>
      <trkpt lat="22.5397555" lon="113.9363070"><ele>15.9</ele><time>2023-08-08T22:22:26Z</time></trkpt>
      <trkpt lat="22.5397674" lon="113.9362968"><ele>15.9</ele><time>2023-08-08T22:22:27Z</time></trkpt>
      <trkpt lat="22.5397791" lon="113.9362864"><ele>15.9</ele><time>2023-08-08T22:22:28Z</time></trkpt>
      <trkpt lat="22.5397907" lon="113.9362758"><ele>15.9</ele><time>2023-08-08T22:22:29Z</time></trkpt>
      <trkpt lat="22.5398024" lon="113.9362655"><ele>15.9</ele><time>2023-08-08T22:22:30Z</time></trkpt>
      <trkpt lat="22.5398138" lon="113.9362550"><ele>15.9</ele><time>2023-08-08T22:22:31Z</time></trkpt>
      <trkpt lat="22.5398244" lon="113.9362436"><ele>15.9</ele><time>2023-08-08T22:22:32Z</time></trkpt>
      <trkpt lat="22.5398339" lon="113.9362311"><ele>15.9</ele><time>2023-08-08T22:22:33Z</time></trkpt>
      <trkpt lat="22.5398419" lon="113.9362175"><ele>15.8</ele><time>2023-08-08T22:22:34Z</time></trkpt>
      <trkpt lat="22.5398496" lon="113.9362033"><ele>15.8</ele><time>2023-08-08T22:22:35Z</time></trkpt>
      <trkpt lat="22.5398577" lon="113.9361894"><ele>15.8</ele><time>2023-08-08T22:22:36Z</time></trkpt>
      <trkpt lat="22.5398656" lon="113.9361755"><ele>15.8</ele><time>2023-08-08T22:22:37Z</time></trkpt>
      <trkpt lat="22.5398729" lon="113.9361611"><ele>15.7</ele><time>2023-08-08T22:22:38Z</time></trkpt>
      <trkpt lat="22.5398795" lon="113.9361463"><ele>15.7</ele><time>2023-08-08T22:22:39Z</time></trkpt>
      <trkpt lat="22.5398862" lon="113.9361316"><ele>15.7</ele><time>2023-08-08T22:22:40Z</time></trkpt>
      <trkpt lat="22.5398933" lon="113.9361174"><ele>15.6</ele><time>2023-08-08T22:22:41Z</time></trkpt>
      <trkpt lat="22.5399006" lon="113.9361034"><ele>15.6</ele><time>2023-08-08T22:22:42Z</time></trkpt>
      <trkpt lat="22.5399076" lon="113.9360893"><ele>15.6</ele><time>2023-08-08T22:22:43Z</time></trkpt>
      <trkpt lat="22.5399134" lon="113.9360745"><ele>15.5</ele><time>2023-08-08T22:22:44Z</time></trkpt>
      <trkpt lat="22.5399184" lon="113.9360591"><ele>15.5</ele><time>2023-08-08T22:22:45Z</time></trkpt>
      <trkpt lat="22.5399231" lon="113.9360436"><ele>15.5</ele><time>2023-08-08T22:22:46Z</time></trkpt>
      <trkpt lat="22.5399278" lon="113.9360283"><ele>15.4</ele><time>2023-08-08T22:22:47Z</time></trkpt>
      <trkpt lat="22.5399329" lon="113.9360134"><ele>15.4</ele><time>2023-08-08T22:22:48Z</time></trkpt>
      <trkpt lat="22.5399383" lon="113.9359986"><ele>15.4</ele><time>2023-08-08T22:22:49Z</time></trkpt>
      <trkpt lat="22.5399430" lon="113.9359835"><ele>15.4</ele><time>2023-08-08T22:22:50Z</time></trkpt>
      <trkpt lat="22.5399465" lon="113.9359681"><ele>15.3</ele><time>2023-08-08T22:22:51Z</time></trkpt>
      <trkpt lat="22.5399487" lon="113.9359523"><ele>15.3</ele><time>2023-08-08T22:22:52Z</time></trkpt>
      <trkpt lat="22.5399497" lon="113.9359364"><ele>15.3</ele><time>2023-08-08T22:22:53Z</time></trkpt>
      <trkpt lat="22.5399495" lon="113.9359203"><ele>15.3</ele><time>2023-08-08T22:22:54Z</time></trkpt>
      <trkpt lat="22.5399489" lon="113.9359035"><ele>15.3</ele><time>2023-08-08T22:22:55Z</time></trkpt>
      <trkpt lat="22.5399481" lon="113.9358864"><ele>15.3</ele><time>2023-08-08T22:22:56Z</time></trkpt>
      <trkpt lat="22.5399468" lon="113.9358695"><ele>15.2</ele><time>2023-08-08T22:22:57Z</time></trkpt>
      <trkpt lat="22.5399444" lon="113.9358527"><ele>15.2</ele><time>2023-08-08T22:22:58Z</time></trkpt>
      <trkpt lat="22.5399411" lon="113.9358361"><ele>15.3</ele><time>2023-08-08T22:22:59Z</time></trkpt>
      <trkpt lat="22.5399373" lon="113.9358195"><ele>15.3</ele><time>2023-08-08T22:23:00Z</time></trkpt>
      <trkpt lat="22.5399331" lon="113.9358030"><ele>15.3</ele><time>2023-08-08T22:23:01Z</time></trkpt>
      <trkpt lat="22.5399275" lon="113.9357868"><ele>15.3</ele><time>2023-08-08T22:23:02Z</time></trkpt>
      <trkpt lat="22.5399208" lon="113.9357709"><ele>15.3</ele><time>2023-08-08T22:23:03Z</time></trkpt>
      <trkpt lat="22.5399135" lon="113.9357555"><ele>15.3</ele><time>2023-08-08T22:23:04Z</time></trkpt>
      <trkpt lat="22.5399062" lon="113.9357399"><ele>15.3</ele><time>2023-08-08T22:23:05Z</time></trkpt>
      <trkpt lat="22.5398986" lon="113.9357244"><ele>15.4</ele><time>2023-08-08T22:23:06Z</time></trkpt>
      <trkpt lat="22.5398899" lon="113.9357098"><ele>15.4</ele><time>2023-08-08T22:23:07Z</time></trkpt>
      <trkpt lat="22.5398800" lon="113.9356960"><ele>15.4</ele><time>2023-08-08T22:23:08Z</time></trkpt>
      <trkpt lat="22.5398690" lon="113.9356829"><ele>15.4</ele><time>2023-08-08T22:23:09Z</time></trkpt>
      <trkpt lat="22.5398578" lon="113.9356703"><ele>15.5</ele><time>2023-08-08T22:23:10Z</time></trkpt>
      <trkpt lat="22.5398467" lon="113.9356576"><ele>15.5</ele><time>2023-08-08T22:23:11Z</time></trkpt>
      <trkpt lat="22.5398360" lon="113.9356446"><ele>15.5</ele><time>2023-08-08T22:23:12Z</time></trkpt>
      <trkpt lat="22.5398254" lon="113.9356315"><ele>15.6</ele><time>2023-08-08T22:23:13Z</time></trkpt>
      <trkpt lat="22.5398145" lon="113.9356184"><ele>15.6</ele><time>2023-08-08T22:23:14Z</time></trkpt>
      <trkpt lat="22.5398035" lon="113.9356056"><ele>15.6</ele><time>2023-08-08T22:23:15Z</time></trkpt>
      <trkpt lat="22.5397924" lon="113.9355929"><ele>15.7</ele><time>2023-08-08T22:23:16Z</time></trkpt>
      <trkpt lat="22.5397813" lon="113.9355802"><ele>15.7</ele><time>2023-08-08T22:23:17Z</time></trkpt>
      <trkpt lat="22.5397699" lon="113.9355680"><ele>15.7</ele><time>2023-08-08T22:23:18Z</time></trkpt>
      <trkpt lat="22.5397579" lon="113.9355562"><ele>15.8</ele><time>2023-08-08T22:23:19Z</time></trkpt>
      <trkpt lat="22.5397451" lon="113.9355452"><ele>15.8</ele><time>2023-08-08T22:23:20Z</time></trkpt>
      <trkpt lat="22.5397313" lon="113.9355354"><ele>15.9</ele><time>2023-08-08T22:23:21Z</time></trkpt>
      <trkpt lat="22.5397170" lon="113.9355261"><ele>15.9</ele><time>2023-08-08T22:23:22Z</time></trkpt>
      <trkpt lat="22.5397022" lon="113.9355173"><ele>15.9</ele><time>2023-08-08T22:23:23Z</time></trkpt>
      <trkpt lat="22.5396872" lon="113.9355093"><ele>16.0</ele><time>2023-08-08T22:23:24Z</time></trkpt>
      <trkpt lat="22.5396722" lon="113.9355015"><ele>16.0</ele><time>2023-08-08T22:23:25Z</time></trkpt>
      <trkpt lat="22.5396571" lon="113.9354938"><ele>16.1</ele><time>2023-08-08T22:23:26Z</time></trkpt>
      <trkpt lat="22.5396412" lon="113.9354875"><ele>16.1</ele><time>2023-08-08T22:23:27Z</time></trkpt>
      <trkpt lat="22.5396247" lon="113.9354833"><ele>16.2</ele><time>2023-08-08T22:23:28Z</time></trkpt>
      <trkpt lat="22.5396081" lon="113.9354800"><ele>16.2</ele><time>2023-08-08T22:23:29Z</time></trkpt>
      <trkpt lat="22.5395915" lon="113.9354777"><ele>16.2</ele><time>2023-08-08T22:23:30Z</time></trkpt>
      <trkpt lat="22.5395747" lon="113.9354763"><ele>16.3</ele><time>2023-08-08T22:23:31Z</time></trkpt>
      <trkpt lat="22.5395578" lon="113.9354752"><ele>16.3</ele><time>2023-08-08T22:23:32Z</time></trkpt>
      <trkpt lat="22.5395408" lon="113.9354748"><ele>16.4</ele><time>2023-08-08T22:23:33Z</time></trkpt>
      <trkpt lat="22.5395236" lon="113.9354751"><ele>16.4</ele><time>2023-08-08T22:23:34Z</time></trkpt>
      <trkpt lat="22.5395066" lon="113.9354759"><ele>16.5</ele><time>2023-08-08T22:23:35Z</time></trkpt>
      <trkpt lat="22.5394899" lon="113.9354767"><ele>16.5</ele><time>2023-08-08T22:23:36Z</time></trkpt>
      <trkpt lat="22.5394732" lon="113.9354778"><ele>16.5</ele><time>2023-08-08T22:23:37Z</time></trkpt>
      <trkpt lat="22.5394564" lon="113.9354786"><ele>16.6</ele><time>2023-08-08T22:23:38Z</time></trkpt>
      <trkpt lat="22.5394397" lon="113.9354785"><ele>16.6</ele><time>2023-08-08T22:23:39Z</time></trkpt>
      <trkpt lat="22.5394230" lon="113.9354781"><ele>16.6</ele><time>2023-08-08T22:23:40Z</time></trkpt>
      <trkpt lat="22.5394062" lon="113.9354779"><ele>16.7</ele><time>2023-08-08T22:23:41Z</time></trkpt>
      <trkpt lat="22.5393895" lon="113.9354772"><ele>16.7</ele><time>2023-08-08T22:23:42Z</time></trkpt>
      <trkpt lat="22.5393729" lon="113.9354769"><ele>16.7</ele><time>2023-08-08T22:23:43Z</time></trkpt>
      <trkpt lat="22.5393562" lon="113.9354775"><ele>16.8</ele><time>2023-08-08T22:23:44Z</time></trkpt>
      <trkpt lat="22.5393395" lon="113.9354783"><ele>16.8</ele><time>2023-08-08T22:23:45Z</time></trkpt>
      <trkpt lat="22.5393229" lon="113.9354789"><ele>16.8</ele><time>2023-08-08T22:23:46Z</time></trkpt>
      <trkpt lat="22.5393063" lon="113.9354791"><ele>16.9</ele><time>2023-08-08T22:23:47Z</time></trkpt>
      <trkpt lat="22.5392896" lon="113.9354792"><ele>16.9</ele><time>2023-08-08T22:23:48Z</time></trkpt>
      <trkpt lat="22.5392730" lon="113.9354793"><ele>16.9</ele><time>2023-08-08T22:23:49Z</time></trkpt>
      <trkpt lat="22.5392562" lon="113.9354796"><ele>16.9</ele><time>2023-08-08T22:23:50Z</time></trkpt>
      <trkpt lat="22.5392392" lon="113.9354807"><ele>17.0</ele><time>2023-08-08T22:23:51Z</time></trkpt>
      <trkpt lat="22.5392220" lon="113.9354824"><ele>17.0</ele><time>2023-08-08T22:23:52Z</time></trkpt>
      <trkpt lat="22.5392048" lon="113.9354835"><ele>17.0</ele><time>2023-08-08T22:23:53Z</time></trkpt>
      <trkpt lat="22.5391875" lon="113.9354832"><ele>17.0</ele><time>2023-08-08T22:23:54Z</time></trkpt>
      <trkpt lat="22.5391695" lon="113.9354832"><ele>17.0</ele><time>2023-08-08T22:23:55Z</time></trkpt>
      <trkpt lat="22.5391511" lon="113.9354844"><ele>17.1</ele><time>2023-08-08T22:23:56Z</time></trkpt>
      <trkpt lat="22.5391343" lon="113.9354857"><ele>17.1</ele><time>2023-08-08T22:23:57Z</time></trkpt>
      <trkpt lat="22.5391181" lon="113.9354868"><ele>17.1</ele><time>2023-08-08T22:23:58Z</time></trkpt>
      <trkpt lat="22.5391012" lon="113.9354878"><ele>17.1</ele><time>2023-08-08T22:23:59Z</time></trkpt>
      <trkpt lat="22.5390839" lon="113.9354890"><ele>17.1</ele><time>2023-08-08T22:24:00Z</time></trkpt>
      <trkpt lat="22.5390662" lon="113.9354900"><ele>17.1</ele><time>2023-08-08T22:24:01Z</time></trkpt>
      <trkpt lat="22.5390486" lon="113.9354896"><ele>17.1</ele><time>2023-08-08T22:24:02Z</time></trkpt>
      <trkpt lat="22.5390313" lon="113.9354885"><ele>17.1</ele><time>2023-08-08T22:24:03Z</time></trkpt>
      <trkpt lat="22.5390143" lon="113.9354875"><ele>17.1</ele><time>2023-08-08T22:24:04Z</time></trkpt>
      <trkpt lat="22.5389975" lon="113.9354861"><ele>17.1</ele><time>2023-08-08T22:24:05Z</time></trkpt>
      <trkpt lat="22.5389805" lon="113.9354846"><ele>17.1</ele><time>2023-08-08T22:24:06Z</time></trkpt>
      <trkpt lat="22.5389633" lon="113.9354846"><ele>17.1</ele><time>2023-08-08T22:24:07Z</time></trkpt>
      <trkpt lat="22.5389461" lon="113.9354853"><ele>17.1</ele><time>2023-08-08T22:24:08Z</time></trkpt>
      <trkpt lat="22.5389291" lon="113.9354853"><ele>17.1</ele><time>2023-08-08T22:24:09Z</time></trkpt>
      <trkpt lat="22.5389122" lon="113.9354852"><ele>17.1</ele><time>2023-08-08T22:24:10Z</time></trkpt>
      <trkpt lat="22.5388951" lon="113.9354848"><ele>17.1</ele><time>2023-08-08T22:24:11Z</time></trkpt>
      <trkpt lat="22.5388783" lon="113.9354837"><ele>17.1</ele><time>2023-08-08T22:24:12Z</time></trkpt>
      <trkpt lat="22.5388618" lon="113.9354831"><ele>17.1</ele><time>2023-08-08T22:24:13Z</time></trkpt>
      <trkpt lat="22.5388452" lon="113.9354834"><ele>17.1</ele><time>2023-08-08T22:24:14Z</time></trkpt>
      <trkpt lat="22.5388285" lon="113.9354834"><ele>17.0</ele><time>2023-08-08T22:24:15Z</time></trkpt>
      <trkpt lat="22.5388115" lon="113.9354821"><ele>17.0</ele><time>2023-08-08T22:24:16Z</time></trkpt>
      <trkpt lat="22.5387944" lon="113.9354806"><ele>17.0</ele><time>2023-08-08T22:24:17Z</time></trkpt>
      <trkpt lat="22.5387776" lon="113.9354795"><ele>17.0</ele><time>2023-08-08T22:24:18Z</time></trkpt>
      <trkpt lat="22.5387622" lon="113.9354792"><ele>17.0</ele><time>2023-08-08T22:24:19Z</time></trkpt>
      <trkpt lat="22.5387479" lon="113.9354804"><ele>16.9</ele><time>2023-08-08T22:24:20Z</time></trkpt>
      <trkpt lat="22.5387327" lon="113.9354817"><ele>16.9</ele><time>2023-08-08T22:24:21Z</time></trkpt>
      <trkpt lat="22.5387164" lon="113.9354834"><ele>16.9</ele><time>2023-08-08T22:24:22Z</time></trkpt>
      <trkpt lat="22.5386998" lon="113.9354868"><ele>16.8</ele><time>2023-08-08T22:24:23Z</time></trkpt>
      <trkpt lat="22.5386835" lon="113.9354922"><ele>16.8</ele><time>2023-08-08T22:24:24Z</time></trkpt>
      <trkpt lat="22.5386677" lon="113.9354988"><ele>16.8</ele><time>2023-08-08T22:24:25Z</time></trkpt>
      <trkpt lat="22.5386521" lon="113.9355056"><ele>16.7</ele><time>2023-08-08T22:24:26Z</time></trkpt>
      <trkpt lat="22.5386366" lon="113.9355120"><ele>16.7</ele><time>2023-08-08T22:24:27Z</time></trkpt>
      <trkpt lat="22.5386211" lon="113.9355178"><ele>16.7</ele><time>2023-08-08T22:24:28Z</time></trkpt>
      <trkpt lat="22.5386058" lon="113.9355237"><ele>16.6</ele><time>2023-08-08T22:24:29Z</time></trkpt>
      <trkpt lat="22.5385904" lon="113.9355301"><ele>16.6</ele><time>2023-08-08T22:24:30Z</time></trkpt>
      <trkpt lat="22.5385748" lon="113.9355366"><ele>16.6</ele><time>2023-08-08T22:24:31Z</time></trkpt>
      <trkpt lat="22.5385599" lon="113.9355441"><ele>16.5</ele><time>2023-08-08T22:24:32Z</time></trkpt>
      <trkpt lat="22.5385456" lon="113.9355528"><ele>16.5</ele><time>2023-08-08T22:24:33Z</time></trkpt>
      <trkpt lat="22.5385317" lon="113.9355631"><ele>16.4</ele><time>2023-08-08T22:24:34Z</time></trkpt>
      <trkpt lat="22.5385186" lon="113.9355749"><ele>16.4</ele><time>2023-08-08T22:24:35Z</time></trkpt>
      <trkpt lat="22.5385061" lon="113.9355871"><ele>16.4</ele><time>2023-08-08T22:24:36Z</time></trkpt>
      <trkpt lat="22.5384938" lon="113.9355989"><ele>16.3</ele><time>2023-08-08T22:24:37Z</time></trkpt>
      <trkpt lat="22.5384813" lon="113.9356099"><ele>16.3</ele><time>2023-08-08T22:24:38Z</time></trkpt>
      <trkpt lat="22.5384689" lon="113.9356207"><ele>16.2</ele><time>2023-08-08T22:24:39Z</time></trkpt>
      <trkpt lat="22.5384571" lon="113.9356328"><ele>16.2</ele><time>2023-08-08T22:24:40Z</time></trkpt>
      <trkpt lat="22.5384463" lon="113.9356462"><ele>16.2</ele><time>2023-08-08T22:24:41Z</time></trkpt>
      <trkpt lat="22.5384366" lon="113.9356604"><ele>16.1</ele><time>2023-08-08T22:24:42Z</time></trkpt>
      <trkpt lat="22.5384277" lon="113.9356753"><ele>16.1</ele><time>2023-08-08T22:24:43Z</time></trkpt>
      <trkpt lat="22.5384194" lon="113.9356906"><ele>16.1</ele><time>2023-08-08T22:24:44Z</time></trkpt>
      <trkpt lat="22.5384116" lon="113.9357061"><ele>16.0</ele><time>2023-08-08T22:24:45Z</time></trkpt>
      <trkpt lat="22.5384046" lon="113.9357219"><ele>16.0</ele><time>2023-08-08T22:24:46Z</time></trkpt>
      <trkpt lat="22.5383984" lon="113.9357383"><ele>16.0</ele><time>2023-08-08T22:24:47Z</time></trkpt>
      <trkpt lat="22.5383923" lon="113.9357549"><ele>15.9</ele><time>2023-08-08T22:24:48Z</time></trkpt>
      <trkpt lat="22.5383864" lon="113.9357714"><ele>15.9</ele><time>2023-08-08T22:24:49Z</time></trkpt>
      <trkpt lat="22.5383818" lon="113.9357885"><ele>15.9</ele><time>2023-08-08T22:24:50Z</time></trkpt>
      <trkpt lat="22.5383780" lon="113.9358061"><ele>15.9</ele><time>2023-08-08T22:24:51Z</time></trkpt>
      <trkpt lat="22.5383739" lon="113.9358240"><ele>15.9</ele><time>2023-08-08T22:24:52Z</time></trkpt>
      <trkpt lat="22.5383695" lon="113.9358420"><ele>15.9</ele><time>2023-08-08T22:24:53Z</time></trkpt>
      <trkpt lat="22.5383662" lon="113.9358602"><ele>15.9</ele><time>2023-08-08T22:24:54Z</time></trkpt>
      <trkpt lat="22.5383639" lon="113.9358783"><ele>15.9</ele><time>2023-08-08T22:24:55Z</time></trkpt>
      <trkpt lat="22.5383621" lon="113.9358966"><ele>15.9</ele><time>2023-08-08T22:24:56Z</time></trkpt>
      <trkpt lat="22.5383615" lon="113.9359151"><ele>15.9</ele><time>2023-08-08T22:24:57Z</time></trkpt>
      <trkpt lat="22.5383621" lon="113.9359335"><ele>15.9</ele><time>2023-08-08T22:24:58Z</time></trkpt>
      <trkpt lat="22.5383639" lon="113.9359514"><ele>15.9</ele><time>2023-08-08T22:24:59Z</time></trkpt>
      <trkpt lat="22.5383668" lon="113.9359688"><ele>16.0</ele><time>2023-08-08T22:25:00Z</time></trkpt>
      <trkpt lat="22.5383704" lon="113.9359859"><ele>16.0</ele><time>2023-08-08T22:25:01Z</time></trkpt>
      <trkpt lat="22.5383738" lon="113.9360030"><ele>16.0</ele><time>2023-08-08T22:25:02Z</time></trkpt>
      <trkpt lat="22.5383775" lon="113.9360202"><ele>16.1</ele><time>2023-08-08T22:25:03Z</time></trkpt>
      <trkpt lat="22.5383819" lon="113.9360372"><ele>16.1</ele><time>2023-08-08T22:25:04Z</time></trkpt>
      <trkpt lat="22.5383859" lon="113.9360543"><ele>16.2</ele><time>2023-08-08T22:25:05Z</time></trkpt>
      <trkpt lat="22.5383905" lon="113.9360711"><ele>16.2</ele><time>2023-08-08T22:25:06Z</time></trkpt>
      <trkpt lat="22.5383960" lon="113.9360876"><ele>16.3</ele><time>2023-08-08T22:25:07Z</time></trkpt>
      <trkpt lat="22.5384018" lon="113.9361041"><ele>16.3</ele><time>2023-08-08T22:25:08Z</time></trkpt>
      <trkpt lat="22.5384076" lon="113.9361203"><ele>16.4</ele><time>2023-08-08T22:25:09Z</time></trkpt>
      <trkpt lat="22.5384143" lon="113.9361362"><ele>16.5</ele><time>2023-08-08T22:25:10Z</time></trkpt>
      <trkpt lat="22.5384215" lon="113.9361518"><ele>16.5</ele><time>2023-08-08T22:25:11Z</time></trkpt>
      <trkpt lat="22.5384289" lon="113.9361678"><ele>16.6</ele><time>2023-08-08T22:25:12Z</time></trkpt>
      <trkpt lat="22.5384368" lon="113.9361845"><ele>16.6</ele><time>2023-08-08T22:25:13Z</time></trkpt>
      <trkpt lat="22.5384458" lon="113.9362011"><ele>16.7</ele><time>2023-08-08T22:25:14Z</time></trkpt>
      <trkpt lat="22.5384560" lon="113.9362170"><ele>16.8</ele><time>2023-08-08T22:25:15Z</time></trkpt>
      <trkpt lat="22.5384673" lon="113.9362320"><ele>16.8</ele><time>2023-08-08T22:25:16Z</time></trkpt>
      <trkpt lat="22.5384786" lon="113.9362469"><ele>16.9</ele><time>2023-08-08T22:25:17Z</time></trkpt>
      <trkpt lat="22.5384896" lon="113.9362615"><ele>16.9</ele><time>2023-08-08T22:25:18Z</time></trkpt>
      <trkpt lat="22.5385013" lon="113.9362756"><ele>17.0</ele><time>2023-08-08T22:25:19Z</time></trkpt>
      <trkpt lat="22.5385135" lon="113.9362890"><ele>17.0</ele><time>2023-08-08T22:25:20Z</time></trkpt>
      <trkpt lat="22.5385265" lon="113.9363012"><ele>17.1</ele><time>2023-08-08T22:25:21Z</time></trkpt>
      <trkpt lat="22.5385411" lon="113.9363116"><ele>17.1</ele><time>2023-08-08T22:25:22Z</time></trkpt>
      <trkpt lat="22.5385570" lon="113.9363207"><ele>17.1</ele><time>2023-08-08T22:25:23Z</time></trkpt>
      <trkpt lat="22.5385731" lon="113.9363290"><ele>17.2</ele><time>2023-08-08T22:25:24Z</time></trkpt>
      <trkpt lat="22.5385895" lon="113.9363359"><ele>17.2</ele><time>2023-08-08T22:25:25Z</time></trkpt>
      <trkpt lat="22.5386063" lon="113.9363417"><ele>17.3</ele><time>2023-08-08T22:25:26Z</time></trkpt>
      <trkpt lat="22.5386229" lon="113.9363473"><ele>17.3</ele><time>2023-08-08T22:25:27Z</time></trkpt>
      <trkpt lat="22.5386390" lon="113.9363538"><ele>17.3</ele><time>2023-08-08T22:25:28Z</time></trkpt>
      <trkpt lat="22.5386550" lon="113.9363611"><ele>17.3</ele><time>2023-08-08T22:25:29Z</time></trkpt>
      <trkpt lat="22.5386708" lon="113.9363691"><ele>17.3</ele><time>2023-08-08T22:25:30Z</time></trkpt>
      <trkpt lat="22.5386868" lon="113.9363769"><ele>17.4</ele><time>2023-08-08T22:25:31Z</time></trkpt>
      <trkpt lat="22.5387033" lon="113.9363824"><ele>17.4</ele><time>2023-08-08T22:25:32Z</time></trkpt>
      <trkpt lat="22.5387200" lon="113.9363869"><ele>17.4</ele><time>2023-08-08T22:25:33Z</time></trkpt>
      <trkpt lat="22.5387363" lon="113.9363919"><ele>17.4</ele><time>2023-08-08T22:25:34Z</time></trkpt>
      <trkpt lat="22.5387525" lon="113.9363964"><ele>17.4</ele><time>2023-08-08T22:25:35Z</time></trkpt>
      <trkpt lat="22.5387692" lon="113.9363989"><ele>17.4</ele><time>2023-08-08T22:25:36Z</time></trkpt>
      <trkpt lat="22.5387860" lon="113.9364004"><ele>17.4</ele><time>2023-08-08T22:25:37Z</time></trkpt>
      <trkpt lat="22.5388024" lon="113.9364018"><ele>17.4</ele><time>2023-08-08T22:25:38Z</time></trkpt>
      <trkpt lat="22.5388186" lon="113.9364038"><ele>17.4</ele><time>2023-08-08T22:25:39Z</time></trkpt>
      <trkpt lat="22.5388347" lon="113.9364065"><ele>17.4</ele><time>2023-08-08T22:25:40Z</time></trkpt>
      <trkpt lat="22.5388509" lon="113.9364087"><ele>17.4</ele><time>2023-08-08T22:25:41Z</time></trkpt>
      <trkpt lat="22.5388671" lon="113.9364092"><ele>17.4</ele><time>2023-08-08T22:25:42Z</time></trkpt>
      <trkpt lat="22.5388832" lon="113.9364093"><ele>17.4</ele><time>2023-08-08T22:25:43Z</time></trkpt>
      <trkpt lat="22.5388994" lon="113.9364096"><ele>17.4</ele><time>2023-08-08T22:25:44Z</time></trkpt>
      <trkpt lat="22.5389156" lon="113.9364097"><ele>17.4</ele><time>2023-08-08T22:25:45Z</time></trkpt>
      <trkpt lat="22.5389314" lon="113.9364094"><ele>17.4</ele><time>2023-08-08T22:25:46Z</time></trkpt>
      <trkpt lat="22.5389474" lon="113.9364095"><ele>17.4</ele><time>2023-08-08T22:25:47Z</time></trkpt>
      <trkpt lat="22.5389634" lon="113.9364102"><ele>17.3</ele><time>2023-08-08T22:25:48Z</time></trkpt>
      <trkpt lat="22.5389792" lon="113.9364118"><ele>17.3</ele><time>2023-08-08T22:25:49Z</time></trkpt>
      <trkpt lat="22.5389954" lon="113.9364130"><ele>17.3</ele><time>2023-08-08T22:25:50Z</time></trkpt>
      <trkpt lat="22.5390119" lon="113.9364135"><ele>17.3</ele><time>2023-08-08T22:25:51Z</time></trkpt>
      <trkpt lat="22.5390283" lon="113.9364135"><ele>17.3</ele><time>2023-08-08T22:25:52Z</time></trkpt>
      <trkpt lat="22.5390442" lon="113.9364131"><ele>17.3</ele><time>2023-08-08T22:25:53Z</time></trkpt>
      <trkpt lat="22.5390598" lon="113.9364121"><ele>17.2</ele><time>2023-08-08T22:25:54Z</time></trkpt>
      <trkpt lat="22.5390751" lon="113.9364106"><ele>17.2</ele><time>2023-08-08T22:25:55Z</time></trkpt>
      <trkpt lat="22.5390904" lon="113.9364095"><ele>17.2</ele><time>2023-08-08T22:25:56Z</time></trkpt>
      <trkpt lat="22.5391058" lon="113.9364089"><ele>17.2</ele><time>2023-08-08T22:25:57Z</time></trkpt>
      <trkpt lat="22.5391214" lon="113.9364087"><ele>17.1</ele><time>2023-08-08T22:25:58Z</time></trkpt>
      <trkpt lat="22.5391371" lon="113.9364088"><ele>17.1</ele><time>2023-08-08T22:25:59Z</time></trkpt>
      <trkpt lat="22.5391528" lon="113.9364085"><ele>17.1</ele><time>2023-08-08T22:26:00Z</time></trkpt>
      <trkpt lat="22.5391685" lon="113.9364078"><ele>17.1</ele><time>2023-08-08T22:26:01Z</time></trkpt>
      <trkpt lat="22.5391839" lon="113.9364077"><ele>17.0</ele><time>2023-08-08T22:26:02Z</time></trkpt>
      <trkpt lat="22.5391993" lon="113.9364077"><ele>17.0</ele><time>2023-08-08T22:26:03Z</time></trkpt>
      <trkpt lat="22.5392148" lon="113.9364064"><ele>17.0</ele><time>2023-08-08T22:26:04Z</time></trkpt>
      <trkpt lat="22.5392308" lon="113.9364042"><ele>17.0</ele><time>2023-08-08T22:26:05Z</time></trkpt>
      <trkpt lat="22.5392469" lon="113.9364016"><ele>16.9</ele><time>2023-08-08T22:26:06Z</time></trkpt>
      <trkpt lat="22.5392627" lon="113.9363990"><ele>16.9</ele><time>2023-08-08T22:26:07Z</time></trkpt>
      <trkpt lat="22.5392784" lon="113.9363972"><ele>16.9</ele><time>2023-08-08T22:26:08Z</time></trkpt>
      <trkpt lat="22.5392941" lon="113.9363961"><ele>16.9</ele><time>2023-08-08T22:26:09Z</time></trkpt>
      <trkpt lat="22.5393098" lon="113.9363947"><ele>16.9</ele><time>2023-08-08T22:26:10Z</time></trkpt>
      <trkpt lat="22.5393256" lon="113.9363930"><ele>16.8</ele><time>2023-08-08T22:26:11Z</time></trkpt>
      <trkpt lat="22.5393414" lon="113.9363919"><ele>16.8</ele><time>2023-08-08T22:26:12Z</time></trkpt>
      <trkpt lat="22.5393572" lon="113.9363914"><ele>16.8</ele><time>2023-08-08T22:26:13Z</time></trkpt>
      <trkpt lat="22.5393729" lon="113.9363907"><ele>16.8</ele><time>2023-08-08T22:26:14Z</time></trkpt>
      <trkpt lat="22.5393887" lon="113.9363900"><ele>16.8</ele><time>2023-08-08T22:26:15Z</time></trkpt>
      <trkpt lat="22.5394043" lon="113.9363892"><ele>16.8</ele><time>2023-08-08T22:26:16Z</time></trkpt>
      <trkpt lat="22.5394199" lon="113.9363887"><ele>16.8</ele><time>2023-08-08T22:26:17Z</time></trkpt>
      <trkpt lat="22.5394355" lon="113.9363884"><ele>16.8</ele><time>2023-08-08T22:26:18Z</time></trkpt>
      <trkpt lat="22.5394506" lon="113.9363876"><ele>16.8</ele><time>2023-08-08T22:26:19Z</time></trkpt>
      <trkpt lat="22.5394650" lon="113.9363860"><ele>16.8</ele><time>2023-08-08T22:26:20Z</time></trkpt>
      <trkpt lat="22.5394798" lon="113.9363841"><ele>16.8</ele><time>2023-08-08T22:26:21Z</time></trkpt>
      <trkpt lat="22.5394952" lon="113.9363825"><ele>16.8</ele><time>2023-08-08T22:26:22Z</time></trkpt>
      <trkpt lat="22.5395107" lon="113.9363816"><ele>16.8</ele><time>2023-08-08T22:26:23Z</time></trkpt>
      <trkpt lat="22.5395263" lon="113.9363811"><ele>16.8</ele><time>2023-08-08T22:26:24Z</time></trkpt>
      <trkpt lat="22.5395419" lon="113.9363805"><ele>16.8</ele><time>2023-08-08T22:26:25Z</time></trkpt>
      <trkpt lat="22.5395575" lon="113.9363796"><ele>16.8</ele><time>2023-08-08T22:26:26Z</time></trkpt>
      <trkpt lat="22.5395730" lon="113.9363785"><ele>16.9</ele><time>2023-08-08T22:26:27Z</time></trkpt>
      <trkpt lat="22.5395885" lon="113.9363768"><ele>16.9</ele><time>2023-08-08T22:26:28Z</time></trkpt>
      <trkpt lat="22.5396039" lon="113.9363748"><ele>16.9</ele><time>2023-08-08T22:26:29Z</time></trkpt>
      <trkpt lat="22.5396192" lon="113.9363724"><ele>16.9</ele><time>2023-08-08T22:26:30Z</time></trkpt>
      <trkpt lat="22.5396344" lon="113.9363688"><ele>16.9</ele><time>2023-08-08T22:26:31Z</time></trkpt>
      <trkpt lat="22.5396494" lon="113.9363645"><ele>17.0</ele><time>2023-08-08T22:26:32Z</time></trkpt>
      <trkpt lat="22.5396642" lon="113.9363600"><ele>17.0</ele><time>2023-08-08T22:26:33Z</time></trkpt>
      <trkpt lat="22.5396791" lon="113.9363551"><ele>17.0</ele><time>2023-08-08T22:26:34Z</time></trkpt>
      <trkpt lat="22.5396937" lon="113.9363488"><ele>17.0</ele><time>2023-08-08T22:26:35Z</time></trkpt>
      <trkpt lat="22.5397081" lon="113.9363415"><ele>17.0</ele><time>2023-08-08T22:26:36Z</time></trkpt>
      <trkpt lat="22.5397220" lon="113.9363334"><ele>17.1</ele><time>2023-08-08T22:26:37Z</time></trkpt>
      <trkpt lat="22.5397354" lon="113.9363243"><ele>17.1</ele><time>2023-08-08T22:26:38Z</time></trkpt>
      <trkpt lat="22.5397484" lon="113.9363142"><ele>17.1</ele><time>2023-08-08T22:26:39Z</time></trkpt>
      <trkpt lat="22.5397609" lon="113.9363034"><ele>17.1</ele><time>2023-08-08T22:26:40Z</time></trkpt>
      <trkpt lat="22.5397728" lon="113.9362917"><ele>17.1</ele><time>2023-08-08T22:26:41Z</time></trkpt>
      <trkpt lat="22.5397845" lon="113.9362795"><ele>17.1</ele><time>2023-08-08T22:26:42Z</time></trkpt>
      <trkpt lat="22.5397962" lon="113.9362672"><ele>17.1</ele><time>2023-08-08T22:26:43Z</time></trkpt>
      <trkpt lat="22.5398081" lon="113.9362550"><ele>17.1</ele><time>2023-08-08T22:26:44Z</time></trkpt>
      <trkpt lat="22.5398200" lon="113.9362430"><ele>17.1</ele><time>2023-08-08T22:26:45Z</time></trkpt>
      <trkpt lat="22.5398321" lon="113.9362312"><ele>17.1</ele><time>2023-08-08T22:26:46Z</time></trkpt>
      <trkpt lat="22.5398440" lon="113.9362183"><ele>17.1</ele><time>2023-08-08T22:26:47Z</time></trkpt>
      <trkpt lat="22.5398551" lon="113.9362037"><ele>17.1</ele><time>2023-08-08T22:26:48Z</time></trkpt>
      <trkpt lat="22.5398656" lon="113.9361883"><ele>17.1</ele><time>2023-08-08T22:26:49Z</time></trkpt>
      <trkpt lat="22.5398758" lon="113.9361728"><ele>17.0</ele><time>2023-08-08T22:26:50Z</time></trkpt>
      <trkpt lat="22.5398855" lon="113.9361570"><ele>17.0</ele><time>2023-08-08T22:26:51Z</time></trkpt>
      <trkpt lat="22.5398938" lon="113.9361408"><ele>17.0</ele><time>2023-08-08T22:26:52Z</time></trkpt>
      <trkpt lat="22.5399010" lon="113.9361242"><ele>17.0</ele><time>2023-08-08T22:26:53Z</time></trkpt>
      <trkpt lat="22.5399081" lon="113.9361078"><ele>16.9</ele><time>2023-08-08T22:26:54Z</time></trkpt>
      <trkpt lat="22.5399152" lon="113.9360917"><ele>16.9</ele><time>2023-08-08T22:26:55Z</time></trkpt>
      <trkpt lat="22.5399218" lon="113.9360756"><ele>16.8</ele><time>2023-08-08T22:26:56Z</time></trkpt>
      <trkpt lat="22.5399271" lon="113.9360588"><ele>16.8</ele><time>2023-08-08T22:26:57Z</time></trkpt>
      <trkpt lat="22.5399311" lon="113.9360413"><ele>16.8</ele><time>2023-08-08T22:26:58Z</time></trkpt>
      <trkpt lat="22.5399342" lon="113.9360236"><ele>16.7</ele><time>2023-08-08T22:26:59Z</time></trkpt>
      <trkpt lat="22.5399369" lon="113.9360056"><ele>16.7</ele><time>2023-08-08T22:27:00Z</time></trkpt>
      <trkpt lat="22.5399397" lon="113.9359878"><ele>16.7</ele><time>2023-08-08T22:27:01Z</time></trkpt>
      <trkpt lat="22.5399423" lon="113.9359703"><ele>16.6</ele><time>2023-08-08T22:27:02Z</time></trkpt>
      <trkpt lat="22.5399436" lon="113.9359529"><ele>16.6</ele><time>2023-08-08T22:27:03Z</time></trkpt>
      <trkpt lat="22.5399435" lon="113.9359352"><ele>16.5</ele><time>2023-08-08T22:27:04Z</time></trkpt>
      <trkpt lat="22.5399424" lon="113.9359174"><ele>16.5</ele><time>2023-08-08T22:27:05Z</time></trkpt>
      <trkpt lat="22.5399402" lon="113.9358996"><ele>16.5</ele><time>2023-08-08T22:27:06Z</time></trkpt>
      <trkpt lat="22.5399372" lon="113.9358817"><ele>16.4</ele><time>2023-08-08T22:27:07Z</time></trkpt>
      <trkpt lat="22.5399339" lon="113.9358638"><ele>16.4</ele><time>2023-08-08T22:27:08Z</time></trkpt>
      <trkpt lat="22.5399306" lon="113.9358458"><ele>16.4</ele><time>2023-08-08T22:27:09Z</time></trkpt>
      <trkpt lat="22.5399275" lon="113.9358280"><ele>16.3</ele><time>2023-08-08T22:27:10Z</time></trkpt>
      <trkpt lat="22.5399242" lon="113.9358103"><ele>16.3</ele><time>2023-08-08T22:27:11Z</time></trkpt>
      <trkpt lat="22.5399210" lon="113.9357929"><ele>16.2</ele><time>2023-08-08T22:27:12Z</time></trkpt>
      <trkpt lat="22.5399160" lon="113.9357762"><ele>16.2</ele><time>2023-08-08T22:27:13Z</time></trkpt>
      <trkpt lat="22.5399088" lon="113.9357599"><ele>16.1</ele><time>2023-08-08T22:27:14Z</time></trkpt>
      <trkpt lat="22.5399014" lon="113.9357436"><ele>16.1</ele><time>2023-08-08T22:27:15Z</time></trkpt>
      <trkpt lat="22.5398947" lon="113.9357270"><ele>16.0</ele><time>2023-08-08T22:27:16Z</time></trkpt>
      <trkpt lat="22.5398886" lon="113.9357106"><ele>16.0</ele><time>2023-08-08T22:27:17Z</time></trkpt>
      <trkpt lat="22.5398820" lon="113.9356948"><ele>15.9</ele><time>2023-08-08T22:27:18Z</time></trkpt>
      <trkpt lat="22.5398748" lon="113.9356794"><ele>15.9</ele><time>2023-08-08T22:27:19Z</time></trkpt>
      <trkpt lat="22.5398673" lon="113.9356644"><ele>15.8</ele><time>2023-08-08T22:27:20Z</time></trkpt>
      <trkpt lat="22.5398589" lon="113.9356499"><ele>15.8</ele><time>2023-08-08T22:27:21Z</time></trkpt>
      <trkpt lat="22.5398503" lon="113.9356355"><ele>15.7</ele><time>2023-08-08T22:27:22Z</time></trkpt>
      <trkpt lat="22.5398415" lon="113.9356213"><ele>15.7</ele><time>2023-08-08T22:27:23Z</time></trkpt>
      <trkpt lat="22.5398319" lon="113.9356079"><ele>15.6</ele><time>2023-08-08T22:27:24Z</time></trkpt>
      <trkpt lat="22.5398214" lon="113.9355954"><ele>15.5</ele><time>2023-08-08T22:27:25Z</time></trkpt>
      <trkpt lat="22.5398097" lon="113.9355842"><ele>15.5</ele><time>2023-08-08T22:27:26Z</time></trkpt>
      <trkpt lat="22.5397970" lon="113.9355744"><ele>15.4</ele><time>2023-08-08T22:27:27Z</time></trkpt>
      <trkpt lat="22.5397839" lon="113.9355652"><ele>15.4</ele><time>2023-08-08T22:27:28Z</time></trkpt>
      <trkpt lat="22.5397706" lon="113.9355565"><ele>15.3</ele><time>2023-08-08T22:27:29Z</time></trkpt>
      <trkpt lat="22.5397572" lon="113.9355482"><ele>15.2</ele><time>2023-08-08T22:27:30Z</time></trkpt>
      <trkpt lat="22.5397438" lon="113.9355400"><ele>15.2</ele><time>2023-08-08T22:27:31Z</time></trkpt>
      <trkpt lat="22.5397304" lon="113.9355320"><ele>15.1</ele><time>2023-08-08T22:27:32Z</time></trkpt>
      <trkpt lat="22.5397172" lon="113.9355236"><ele>15.1</ele><time>2023-08-08T22:27:33Z</time></trkpt>
      <trkpt lat="22.5397043" lon="113.9355148"><ele>15.0</ele><time>2023-08-08T22:27:34Z</time></trkpt>
      <trkpt lat="22.5396913" lon="113.9355060"><ele>15.0</ele><time>2023-08-08T22:27:35Z</time></trkpt>
      <trkpt lat="22.5396781" lon="113.9354977"><ele>14.9</ele><time>2023-08-08T22:27:36Z</time></trkpt>
      <trkpt lat="22.5396647" lon="113.9354898"><ele>14.9</ele><time>2023-08-08T22:27:37Z</time></trkpt>
      <trkpt lat="22.5396507" lon="113.9354833"><ele>14.9</ele><time>2023-08-08T22:27:38Z</time></trkpt>
      <trkpt lat="22.5396363" lon="113.9354782"><ele>14.8</ele><time>2023-08-08T22:27:39Z</time></trkpt>
      <trkpt lat="22.5396218" lon="113.9354734"><ele>14.8</ele><time>2023-08-08T22:27:40Z</time></trkpt>
      <trkpt lat="22.5396074" lon="113.9354687"><ele>14.8</ele><time>2023-08-08T22:27:41Z</time></trkpt>
      <trkpt lat="22.5395927" lon="113.9354650"><ele>14.8</ele><time>2023-08-08T22:27:42Z</time></trkpt>
      <trkpt lat="22.5395778" lon="113.9354635"><ele>14.8</ele><time>2023-08-08T22:27:43Z</time></trkpt>
      <trkpt lat="22.5395625" lon="113.9354640"><ele>14.8</ele><time>2023-08-08T22:27:44Z</time></trkpt>
      <trkpt lat="22.5395471" lon="113.9354652"><ele>14.8</ele><time>2023-08-08T22:27:45Z</time></trkpt>
      <trkpt lat="22.5395317" lon="113.9354662"><ele>14.8</ele><time>2023-08-08T22:27:46Z</time></trkpt>
      <trkpt lat="22.5395163" lon="113.9354661"><ele>14.8</ele><time>2023-08-08T22:27:47Z</time></trkpt>
      <trkpt lat="22.5395011" lon="113.9354653"><ele>14.8</ele><time>2023-08-08T22:27:48Z</time></trkpt>
      <trkpt lat="22.5394858" lon="113.9354649"><ele>14.8</ele><time>2023-08-08T22:27:49Z</time></trkpt>
      <trkpt lat="22.5394705" lon="113.9354654"><ele>14.8</ele><time>2023-08-08T22:27:50Z</time></trkpt>
      <trkpt lat="22.5394552" lon="113.9354660"><ele>14.8</ele><time>2023-08-08T22:27:51Z</time></trkpt>
      <trkpt lat="22.5394399" lon="113.9354668"><ele>14.8</ele><time>2023-08-08T22:27:52Z</time></trkpt>
      <trkpt lat="22.5394246" lon="113.9354679"><ele>14.8</ele><time>2023-08-08T22:27:53Z</time></trkpt>
      <trkpt lat="22.5394093" lon="113.9354687"><ele>14.9</ele><time>2023-08-08T22:27:54Z</time></trkpt>
      <trkpt lat="22.5393940" lon="113.9354694"><ele>14.9</ele><time>2023-08-08T22:27:55Z</time></trkpt>
      <trkpt lat="22.5393786" lon="113.9354697"><ele>14.9</ele><time>2023-08-08T22:27:56Z</time></trkpt>
      <trkpt lat="22.5393632" lon="113.9354699"><ele>14.9</ele><time>2023-08-08T22:27:57Z</time></trkpt>
      <trkpt lat="22.5393479" lon="113.9354698"><ele>15.0</ele><time>2023-08-08T22:27:58Z</time></trkpt>
      <trkpt lat="22.5393325" lon="113.9354697"><ele>15.0</ele><time>2023-08-08T22:27:59Z</time></trkpt>
      <trkpt lat="22.5393172" lon="113.9354700"><ele>15.0</ele><time>2023-08-08T22:28:00Z</time></trkpt>
      <trkpt lat="22.5393018" lon="113.9354702"><ele>15.1</ele><time>2023-08-08T22:28:01Z</time></trkpt>
      <trkpt lat="22.5392864" lon="113.9354701"><ele>15.1</ele><time>2023-08-08T22:28:02Z</time></trkpt>
      <trkpt lat="22.5392709" lon="113.9354700"><ele>15.1</ele><time>2023-08-08T22:28:03Z</time></trkpt>
      <trkpt lat="22.5392553" lon="113.9354702"><ele>15.2</ele><time>2023-08-08T22:28:04Z</time></trkpt>
      <trkpt lat="22.5392399" lon="113.9354722"><ele>15.2</ele><time>2023-08-08T22:28:05Z</time></trkpt>
      <trkpt lat="22.5392246" lon="113.9354749"><ele>15.2</ele><time>2023-08-08T22:28:06Z</time></trkpt>
      <trkpt lat="22.5392093" lon="113.9354767"><ele>15.3</ele><time>2023-08-08T22:28:07Z</time></trkpt>
      <trkpt lat="22.5391938" lon="113.9354776"><ele>15.3</ele><time>2023-08-08T22:28:08Z</time></trkpt>
      <trkpt lat="22.5391783" lon="113.9354777"><ele>15.3</ele><time>2023-08-08T22:28:09Z</time></trkpt>
      <trkpt lat="22.5391627" lon="113.9354776"><ele>15.4</ele><time>2023-08-08T22:28:10Z</time></trkpt>
      <trkpt lat="22.5391473" lon="113.9354771"><ele>15.4</ele><time>2023-08-08T22:28:11Z</time></trkpt>
      <trkpt lat="22.5391319" lon="113.9354772"><ele>15.4</ele><time>2023-08-08T22:28:12Z</time></trkpt>
      <trkpt lat="22.5391164" lon="113.9354786"><ele>15.5</ele><time>2023-08-08T22:28:13Z</time></trkpt>
      <trkpt lat="22.5391009" lon="113.9354804"><ele>15.5</ele><time>2023-08-08T22:28:14Z</time></trkpt>
      <trkpt lat="22.5390853" lon="113.9354816"><ele>15.5</ele><time>2023-08-08T22:28:15Z</time></trkpt>
      <trkpt lat="22.5390697" lon="113.9354827"><ele>15.5</ele><time>2023-08-08T22:28:16Z</time></trkpt>
      <trkpt lat="22.5390542" lon="113.9354843"><ele>15.6</ele><time>2023-08-08T22:28:17Z</time></trkpt>
      <trkpt lat="22.5390387" lon="113.9354856"><ele>15.6</ele><time>2023-08-08T22:28:18Z</time></trkpt>
      <trkpt lat="22.5390230" lon="113.9354852"><ele>15.6</ele><time>2023-08-08T22:28:19Z</time></trkpt>
      <trkpt lat="22.5390072" lon="113.9354833"><ele>15.6</ele><time>2023-08-08T22:28:20Z</time></trkpt>
      <trkpt lat="22.5389916" lon="113.9354804"><ele>15.7</ele><time>2023-08-08T22:28:21Z</time></trkpt>
      <trkpt lat="22.5389761" lon="113.9354776"><ele>15.7</ele><time>2023-08-08T22:28:22Z</time></trkpt>
      <trkpt lat="22.5389606" lon="113.9354753"><ele>15.7</ele><time>2023-08-08T22:28:23Z</time></trkpt>
      <trkpt lat="22.5389450" lon="113.9354738"><ele>15.7</ele><time>2023-08-08T22:28:24Z</time></trkpt>
      <trkpt lat="22.5389292" lon="113.9354735"><ele>15.7</ele><time>2023-08-08T22:28:25Z</time></trkpt>
      <trkpt lat="22.5389134" lon="113.9354742"><ele>15.7</ele><time>2023-08-08T22:28:26Z</time></trkpt>
      <trkpt lat="22.5388975" lon="113.9354747"><ele>15.7</ele><time>2023-08-08T22:28:27Z</time></trkpt>
      <trkpt lat="22.5388819" lon="113.9354747"><ele>15.7</ele><time>2023-08-08T22:28:28Z</time></trkpt>
      <trkpt lat="22.5388662" lon="113.9354743"><ele>15.7</ele><time>2023-08-08T22:28:29Z</time></trkpt>
      <trkpt lat="22.5388503" lon="113.9354744"><ele>15.7</ele><time>2023-08-08T22:28:30Z</time></trkpt>
      <trkpt lat="22.5388343" lon="113.9354749"><ele>15.7</ele><time>2023-08-08T22:28:31Z</time></trkpt>
      <trkpt lat="22.5388183" lon="113.9354752"><ele>15.7</ele><time>2023-08-08T22:28:32Z</time></trkpt>
      <trkpt lat="22.5388024" lon="113.9354759"><ele>15.7</ele><time>2023-08-08T22:28:33Z</time></trkpt>
      <trkpt lat="22.5387864" lon="113.9354776"><ele>15.7</ele><time>2023-08-08T22:28:34Z</time></trkpt>
      <trkpt lat="22.5387704" lon="113.9354797"><ele>15.7</ele><time>2023-08-08T22:28:35Z</time></trkpt>
      <trkpt lat="22.5387545" lon="113.9354821"><ele>15.7</ele><time>2023-08-08T22:28:36Z</time></trkpt>
      <trkpt lat="22.5387386" lon="113.9354844"><ele>15.6</ele><time>2023-08-08T22:28:37Z</time></trkpt>
      <trkpt lat="22.5387225" lon="113.9354854"><ele>15.6</ele><time>2023-08-08T22:28:38Z</time></trkpt>
      <trkpt lat="22.5387065" lon="113.9354867"><ele>15.6</ele><time>2023-08-08T22:28:39Z</time></trkpt>
      <trkpt lat="22.5386910" lon="113.9354897"><ele>15.6</ele><time>2023-08-08T22:28:40Z</time></trkpt>
      <trkpt lat="22.5386762" lon="113.9354939"><ele>15.6</ele><time>2023-08-08T22:28:41Z</time></trkpt>
      <trkpt lat="22.5386619" lon="113.9354995"><ele>15.5</ele><time>2023-08-08T22:28:42Z</time></trkpt>
      <trkpt lat="22.5386472" lon="113.9355065"><ele>15.5</ele><time>2023-08-08T22:28:43Z</time></trkpt>
      <trkpt lat="22.5386321" lon="113.9355142"><ele>15.5</ele><time>2023-08-08T22:28:44Z</time></trkpt>
      <trkpt lat="22.5386174" lon="113.9355222"><ele>15.5</ele><time>2023-08-08T22:28:45Z</time></trkpt>
      <trkpt lat="22.5386033" lon="113.9355306"><ele>15.4</ele><time>2023-08-08T22:28:46Z</time></trkpt>
      <trkpt lat="22.5385895" lon="113.9355397"><ele>15.4</ele><time>2023-08-08T22:28:47Z</time></trkpt>
      <trkpt lat="22.5385761" lon="113.9355494"><ele>15.4</ele><time>2023-08-08T22:28:48Z</time></trkpt>
      <trkpt lat="22.5385631" lon="113.9355595"><ele>15.4</ele><time>2023-08-08T22:28:49Z</time></trkpt>
      <trkpt lat="22.5385504" lon="113.9355698"><ele>15.4</ele><time>2023-08-08T22:28:50Z</time></trkpt>
      <trkpt lat="22.5385377" lon="113.9355802"><ele>15.3</ele><time>2023-08-08T22:28:51Z</time></trkpt>
      <trkpt lat="22.5385252" lon="113.9355908"><ele>15.3</ele><time>2023-08-08T22:28:52Z</time></trkpt>
      <trkpt lat="22.5385130" lon="113.9356017"><ele>15.3</ele><time>2023-08-08T22:28:53Z</time></trkpt>
      <trkpt lat="22.5385014" lon="113.9356134"><ele>15.3</ele><time>2023-08-08T22:28:54Z</time></trkpt>
      <trkpt lat="22.5384906" lon="113.9356261"><ele>15.3</ele><time>2023-08-08T22:28:55Z</time></trkpt>
      <trkpt lat="22.5384803" lon="113.9356393"><ele>15.3</ele><time>2023-08-08T22:28:56Z</time></trkpt>
      <trkpt lat="22.5384706" lon="113.9356530"><ele>15.3</ele><time>2023-08-08T22:28:57Z</time></trkpt>
      <trkpt lat="22.5384618" lon="113.9356673"><ele>15.3</ele><time>2023-08-08T22:28:58Z</time></trkpt>
      <trkpt lat="22.5384532" lon="113.9356818"><ele>15.3</ele><time>2023-08-08T22:28:59Z</time></trkpt>
      <trkpt lat="22.5384449" lon="113.9356964"><ele>15.3</ele><time>2023-08-08T22:29:00Z</time></trkpt>
      <trkpt lat="22.5384372" lon="113.9357116"><ele>15.3</ele><time>2023-08-08T22:29:01Z</time></trkpt>
      <trkpt lat="22.5384305" lon="113.9357273"><ele>15.2</ele><time>2023-08-08T22:29:02Z</time></trkpt>
      <trkpt lat="22.5384233" lon="113.9357427"><ele>15.2</ele><time>2023-08-08T22:29:03Z</time></trkpt>
      <trkpt lat="22.5384154" lon="113.9357576"><ele>15.2</ele><time>2023-08-08T22:29:04Z</time></trkpt>
      <trkpt lat="22.5384076" lon="113.9357726"><ele>15.2</ele><time>2023-08-08T22:29:05Z</time></trkpt>
      <trkpt lat="22.5384000" lon="113.9357875"><ele>15.2</ele><time>2023-08-08T22:29:06Z</time></trkpt>
      <trkpt lat="22.5383929" lon="113.9358027"><ele>15.2</ele><time>2023-08-08T22:29:07Z</time></trkpt>
      <trkpt lat="22.5383871" lon="113.9358184"><ele>15.2</ele><time>2023-08-08T22:29:08Z</time></trkpt>
      <trkpt lat="22.5383825" lon="113.9358346"><ele>15.2</ele><time>2023-08-08T22:29:09Z</time></trkpt>
      <trkpt lat="22.5383787" lon="113.9358508"><ele>15.2</ele><time>2023-08-08T22:29:10Z</time></trkpt>
      <trkpt lat="22.5383754" lon="113.9358672"><ele>15.2</ele><time>2023-08-08T22:29:11Z</time></trkpt>
      <trkpt lat="22.5383724" lon="113.9358839"><ele>15.2</ele><time>2023-08-08T22:29:12Z</time></trkpt>
      <trkpt lat="22.5383700" lon="113.9359008"><ele>15.2</ele><time>2023-08-08T22:29:13Z</time></trkpt>
      <trkpt lat="22.5383687" lon="113.9359176"><ele>15.2</ele><time>2023-08-08T22:29:14Z</time></trkpt>
      <trkpt lat="22.5383684" lon="113.9359345"><ele>15.2</ele><time>2023-08-08T22:29:15Z</time></trkpt>
      <trkpt lat="22.5383690" lon="113.9359515"><ele>15.2</ele><time>2023-08-08T22:29:16Z</time></trkpt>
      <trkpt lat="22.5383706" lon="113.9359682"><ele>15.3</ele><time>2023-08-08T22:29:17Z</time></trkpt>
      <trkpt lat="22.5383737" lon="113.9359846"><ele>15.3</ele><time>2023-08-08T22:29:18Z</time></trkpt>
      <trkpt lat="22.5383775" lon="113.9360011"><ele>15.3</ele><time>2023-08-08T22:29:19Z</time></trkpt>
      <trkpt lat="22.5383808" lon="113.9360176"><ele>15.3</ele><time>2023-08-08T22:29:20Z</time></trkpt>
      <trkpt lat="22.5383844" lon="113.9360340"><ele>15.4</ele><time>2023-08-08T22:29:21Z</time></trkpt>
      <trkpt lat="22.5383889" lon="113.9360502"><ele>15.4</ele><time>2023-08-08T22:29:22Z</time></trkpt>
      <trkpt lat="22.5383934" lon="113.9360662"><ele>15.4</ele><time>2023-08-08T22:29:23Z</time></trkpt>
      <trkpt lat="22.5383976" lon="113.9360823"><ele>15.5</ele><time>2023-08-08T22:29:24Z</time></trkpt>
      <trkpt lat="22.5384025" lon="113.9360982"><ele>15.5</ele><time>2023-08-08T22:29:25Z</time></trkpt>
      <trkpt lat="22.5384082" lon="113.9361136"><ele>15.6</ele><time>2023-08-08T22:29:26Z</time></trkpt>
      <trkpt lat="22.5384150" lon="113.9361286"><ele>15.6</ele><time>2023-08-08T22:29:27Z</time></trkpt>
      <trkpt lat="22.5384226" lon="113.9361432"><ele>15.7</ele><time>2023-08-08T22:29:28Z</time></trkpt>
      <trkpt lat="22.5384300" lon="113.9361581"><ele>15.7</ele><time>2023-08-08T22:29:29Z</time></trkpt>
      <trkpt lat="22.5384368" lon="113.9361731"><ele>15.8</ele><time>2023-08-08T22:29:30Z</time></trkpt>
      <trkpt lat="22.5384444" lon="113.9361877"><ele>15.8</ele><time>2023-08-08T22:29:31Z</time></trkpt>
      <trkpt lat="22.5384533" lon="113.9362017"><ele>15.9</ele><time>2023-08-08T22:29:32Z</time></trkpt>
      <trkpt lat="22.5384626" lon="113.9362155"><ele>15.9</ele><time>2023-08-08T22:29:33Z</time></trkpt>
      <trkpt lat="22.5384720" lon="113.9362291"><ele>16.0</ele><time>2023-08-08T22:29:34Z</time></trkpt>
      <trkpt lat="22.5384821" lon="113.9362421"><ele>16.0</ele><time>2023-08-08T22:29:35Z</time></trkpt>
      <trkpt lat="22.5384931" lon="113.9362542"><ele>16.1</ele><time>2023-08-08T22:29:36Z</time></trkpt>
      <trkpt lat="22.5385044" lon="113.9362663"><ele>16.1</ele><time>2023-08-08T22:29:37Z</time></trkpt>
      <trkpt lat="22.5385159" lon="113.9362781"><ele>16.2</ele><time>2023-08-08T22:29:38Z</time></trkpt>
      <trkpt lat="22.5385285" lon="113.9362889"><ele>16.2</ele><time>2023-08-08T22:29:39Z</time></trkpt>
      <trkpt lat="22.5385417" lon="113.9362992"><ele>16.3</ele><time>2023-08-08T22:29:40Z</time></trkpt>
      <trkpt lat="22.5385546" lon="113.9363097"><ele>16.3</ele><time>2023-08-08T22:29:41Z</time></trkpt>
      <trkpt lat="22.5385673" lon="113.9363203"><ele>16.3</ele><time>2023-08-08T22:29:42Z</time></trkpt>
      <trkpt lat="22.5385803" lon="113.9363305"><ele>16.4</ele><time>2023-08-08T22:29:43Z</time></trkpt>
      <trkpt lat="22.5385935" lon="113.9363402"><ele>16.4</ele><time>2023-08-08T22:29:44Z</time></trkpt>
      <trkpt lat="22.5386067" lon="113.9363499"><ele>16.4</ele><time>2023-08-08T22:29:45Z</time></trkpt>
      <trkpt lat="22.5386204" lon="113.9363589"><ele>16.4</ele><time>2023-08-08T22:29:46Z</time></trkpt>
      <trkpt lat="22.5386344" lon="113.9363674"><ele>16.4</ele><time>2023-08-08T22:29:47Z</time></trkpt>
      <trkpt lat="22.5386487" lon="113.9363754"><ele>16.4</ele><time>2023-08-08T22:29:48Z</time></trkpt>
      <trkpt lat="22.5386635" lon="113.9363823"><ele>16.4</ele><time>2023-08-08T22:29:49Z</time></trkpt>
      <trkpt lat="22.5386788" lon="113.9363879"><ele>16.4</ele><time>2023-08-08T22:29:50Z</time></trkpt>
      <trkpt lat="22.5386944" lon="113.9363928"><ele>16.4</ele><time>2023-08-08T22:29:51Z</time></trkpt>
      <trkpt lat="22.5387104" lon="113.9363966"><ele>16.4</ele><time>2023-08-08T22:29:52Z</time></trkpt>
      <trkpt lat="22.5387267" lon="113.9363995"><ele>16.3</ele><time>2023-08-08T22:29:53Z</time></trkpt>
      <trkpt lat="22.5387427" lon="113.9364027"><ele>16.3</ele><time>2023-08-08T22:29:54Z</time></trkpt>
      <trkpt lat="22.5387583" lon="113.9364069"><ele>16.3</ele><time>2023-08-08T22:29:55Z</time></trkpt>
      <trkpt lat="22.5387741" lon="113.9364106"><ele>16.3</ele><time>2023-08-08T22:29:56Z</time></trkpt>
      <trkpt lat="22.5387903" lon="113.9364128"><ele>16.2</ele><time>2023-08-08T22:29:57Z</time></trkpt>
      <trkpt lat="22.5388067" lon="113.9364143"><ele>16.2</ele><time>2023-08-08T22:29:58Z</time></trkpt>
      <trkpt lat="22.5388230" lon="113.9364160"><ele>16.2</ele><time>2023-08-08T22:29:59Z</time></trkpt>
      <trkpt lat="22.5388393" lon="113.9364176"><ele>16.1</ele><time>2023-08-08T22:30:00Z</time></trkpt>
      <trkpt lat="22.5388557" lon="113.9364189"><ele>16.1</ele><time>2023-08-08T22:30:01Z</time></trkpt>
      <trkpt lat="22.5388720" lon="113.9364196"><ele>16.1</ele><time>2023-08-08T22:30:02Z</time></trkpt>
      <trkpt lat="22.5388884" lon="113.9364196"><ele>16.0</ele><time>2023-08-08T22:30:03Z</time></trkpt>
      <trkpt lat="22.5389048" lon="113.9364195"><ele>16.0</ele><time>2023-08-08T22:30:04Z</time></trkpt>
      <trkpt lat="22.5389211" lon="113.9364196"><ele>16.0</ele><time>2023-08-08T22:30:05Z</time></trkpt>
      <trkpt lat="22.5389374" lon="113.9364196"><ele>16.0</ele><time>2023-08-08T22:30:06Z</time></trkpt>
      <trkpt lat="22.5389536" lon="113.9364200"><ele>15.9</ele><time>2023-08-08T22:30:07Z</time></trkpt>
      <trkpt lat="22.5389700" lon="113.9364209"><ele>15.9</ele><time>2023-08-08T22:30:08Z</time></trkpt>
      <trkpt lat="22.5389865" lon="113.9364230"><ele>15.9</ele><time>2023-08-08T22:30:09Z</time></trkpt>
      <trkpt lat="22.5390029" lon="113.9364261"><ele>15.9</ele><time>2023-08-08T22:30:10Z</time></trkpt>
      <trkpt lat="22.5390192" lon="113.9364294"><ele>15.9</ele><time>2023-08-08T22:30:11Z</time></trkpt>
      <trkpt lat="22.5390359" lon="113.9364313"><ele>15.8</ele><time>2023-08-08T22:30:12Z</time></trkpt>
      <trkpt lat="22.5390529" lon="113.9364315"><ele>15.8</ele><time>2023-08-08T22:30:13Z</time></trkpt>
      <trkpt lat="22.5390699" lon="113.9364305"><ele>15.8</ele><time>2023-08-08T22:30:14Z</time></trkpt>
      <trkpt lat="22.5390867" lon="113.9364285"><ele>15.8</ele><time>2023-08-08T22:30:15Z</time></trkpt>
      <trkpt lat="22.5391036" lon="113.9364264"><ele>15.8</ele><time>2023-08-08T22:30:16Z</time></trkpt>
      <trkpt lat="22.5391207" lon="113.9364251"><ele>15.8</ele><time>2023-08-08T22:30:17Z</time></trkpt>
      <trkpt lat="22.5391378" lon="113.9364237"><ele>15.8</ele><time>2023-08-08T22:30:18Z</time></trkpt>
      <trkpt lat="22.5391550" lon="113.9364223"><ele>15.7</ele><time>2023-08-08T22:30:19Z</time></trkpt>
      <trkpt lat="22.5391724" lon="113.9364220"><ele>15.7</ele><time>2023-08-08T22:30:20Z</time></trkpt>
      <trkpt lat="22.5391898" lon="113.9364222"><ele>15.7</ele><time>2023-08-08T22:30:21Z</time></trkpt>
      <trkpt lat="22.5392075" lon="113.9364226"><ele>15.7</ele><time>2023-08-08T22:30:22Z</time></trkpt>
      <trkpt lat="22.5392248" lon="113.9364231"><ele>15.7</ele><time>2023-08-08T22:30:23Z</time></trkpt>
      <trkpt lat="22.5392414" lon="113.9364231"><ele>15.7</ele><time>2023-08-08T22:30:24Z</time></trkpt>
      <trkpt lat="22.5392581" lon="113.9364239"><ele>15.7</ele><time>2023-08-08T22:30:25Z</time></trkpt>
      <trkpt lat="22.5392747" lon="113.9364252"><ele>15.7</ele><time>2023-08-08T22:30:26Z</time></trkpt>
      <trkpt lat="22.5392912" lon="113.9364254"><ele>15.6</ele><time>2023-08-08T22:30:27Z</time></trkpt>
      <trkpt lat="22.5393078" lon="113.9364245"><ele>15.6</ele><time>2023-08-08T22:30:28Z</time></trkpt>
      <trkpt lat="22.5393242" lon="113.9364240"><ele>15.6</ele><time>2023-08-08T22:30:29Z</time></trkpt>
      <trkpt lat="22.5393405" lon="113.9364239"><ele>15.6</ele><time>2023-08-08T22:30:30Z</time></trkpt>
      <trkpt lat="22.5393565" lon="113.9364229"><ele>15.6</ele><time>2023-08-08T22:30:31Z</time></trkpt>
      <trkpt lat="22.5393724" lon="113.9364216"><ele>15.6</ele><time>2023-08-08T22:30:32Z</time></trkpt>
      <trkpt lat="22.5393884" lon="113.9364207"><ele>15.6</ele><time>2023-08-08T22:30:33Z</time></trkpt>
      <trkpt lat="22.5394042" lon="113.9364201"><ele>15.6</ele><time>2023-08-08T22:30:34Z</time></trkpt>
      <trkpt lat="22.5394200" lon="113.9364187"><ele>15.5</ele><time>2023-08-08T22:30:35Z</time></trkpt>
      <trkpt lat="22.5394357" lon="113.9364167"><ele>15.5</ele><time>2023-08-08T22:30:36Z</time></trkpt>
      <trkpt lat="22.5394514" lon="113.9364146"><ele>15.5</ele><time>2023-08-08T22:30:37Z</time></trkpt>
      <trkpt lat="22.5394672" lon="113.9364128"><ele>15.5</ele><time>2023-08-08T22:30:38Z</time></trkpt>
      <trkpt lat="22.5394829" lon="113.9364113"><ele>15.5</ele><time>2023-08-08T22:30:39Z</time></trkpt>
      <trkpt lat="22.5394985" lon="113.9364096"><ele>15.5</ele><time>2023-08-08T22:30:40Z</time></trkpt>
      <trkpt lat="22.5395141" lon="113.9364077"><ele>15.4</ele><time>2023-08-08T22:30:41Z</time></trkpt>
      <trkpt lat="22.5395301" lon="113.9364049"><ele>15.4</ele><time>2023-08-08T22:30:42Z</time></trkpt>
      <trkpt lat="22.5395462" lon="113.9364025"><ele>15.4</ele><time>2023-08-08T22:30:43Z</time></trkpt>
      <trkpt lat="22.5395616" lon="113.9364009"><ele>15.4</ele><time>2023-08-08T22:30:44Z</time></trkpt>
      <trkpt lat="22.5395769" lon="113.9363989"><ele>15.4</ele><time>2023-08-08T22:30:45Z</time></trkpt>
      <trkpt lat="22.5395919" lon="113.9363954"><ele>15.3</ele><time>2023-08-08T22:30:46Z</time></trkpt>
      <trkpt lat="22.5396068" lon="113.9363908"><ele>15.3</ele><time>2023-08-08T22:30:47Z</time></trkpt>
      <trkpt lat="22.5396215" lon="113.9363855"><ele>15.3</ele><time>2023-08-08T22:30:48Z</time></trkpt>
      <trkpt lat="22.5396362" lon="113.9363798"><ele>15.3</ele><time>2023-08-08T22:30:49Z</time></trkpt>
      <trkpt lat="22.5396508" lon="113.9363739"><ele>15.2</ele><time>2023-08-08T22:30:50Z</time></trkpt>
      <trkpt lat="22.5396653" lon="113.9363676"><ele>15.2</ele><time>2023-08-08T22:30:51Z</time></trkpt>
      <trkpt lat="22.5396796" lon="113.9363609"><ele>15.2</ele><time>2023-08-08T22:30:52Z</time></trkpt>
      <trkpt lat="22.5396938" lon="113.9363539"><ele>15.1</ele><time>2023-08-08T22:30:53Z</time></trkpt>
      <trkpt lat="22.5397079" lon="113.9363465"><ele>15.1</ele><time>2023-08-08T22:30:54Z</time></trkpt>
      <trkpt lat="22.5397217" lon="113.9363388"><ele>15.0</ele><time>2023-08-08T22:30:55Z</time></trkpt>
      <trkpt lat="22.5397352" lon="113.9363304"><ele>15.0</ele><time>2023-08-08T22:30:56Z</time></trkpt>
      <trkpt lat="22.5397482" lon="113.9363215"><ele>14.9</ele><time>2023-08-08T22:30:57Z</time></trkpt>
      <trkpt lat="22.5397611" lon="113.9363121"><ele>14.9</ele><time>2023-08-08T22:30:58Z</time></trkpt>
      <trkpt lat="22.5397736" lon="113.9363025"><ele>14.8</ele><time>2023-08-08T22:30:59Z</time></trkpt>
      <trkpt lat="22.5397860" lon="113.9362927"><ele>14.8</ele><time>2023-08-08T22:31:00Z</time></trkpt>
      <trkpt lat="22.5397980" lon="113.9362822"><ele>14.7</ele><time>2023-08-08T22:31:01Z</time></trkpt>
      <trkpt lat="22.5398099" lon="113.9362714"><ele>14.6</ele><time>2023-08-08T22:31:02Z</time></trkpt>
      <trkpt lat="22.5398213" lon="113.9362602"><ele>14.6</ele><time>2023-08-08T22:31:03Z</time></trkpt>
      <trkpt lat="22.5398316" lon="113.9362482"><ele>14.5</ele><time>2023-08-08T22:31:04Z</time></trkpt>
      <trkpt lat="22.5398404" lon="113.9362358"><ele>14.4</ele><time>2023-08-08T22:31:05Z</time></trkpt>
      <trkpt lat="22.5398487" lon="113.9362237"><ele>14.3</ele><time>2023-08-08T22:31:06Z</time></trkpt>
      <trkpt lat="22.5398574" lon="113.9362120"><ele>14.3</ele><time>2023-08-08T22:31:07Z</time></trkpt>
      <trkpt lat="22.5398658" lon="113.9362005"><ele>14.2</ele><time>2023-08-08T22:31:08Z</time></trkpt>
      <trkpt lat="22.5398732" lon="113.9361889"><ele>14.1</ele><time>2023-08-08T22:31:09Z</time></trkpt>
      <trkpt lat="22.5398796" lon="113.9361770"><ele>14.0</ele><time>2023-08-08T22:31:10Z</time></trkpt>
      <trkpt lat="22.5398858" lon="113.9361650"><ele>13.9</ele><time>2023-08-08T22:31:11Z</time></trkpt>
      <trkpt lat="22.5398921" lon="113.9361527"><ele>13.8</ele><time>2023-08-08T22:31:12Z</time></trkpt>
      <trkpt lat="22.5398986" lon="113.9361392"><ele>13.7</ele><time>2023-08-08T22:31:13Z</time></trkpt>
      <trkpt lat="22.5399054" lon="113.9361248"><ele>13.6</ele><time>2023-08-08T22:31:14Z</time></trkpt>
      <trkpt lat="22.5399121" lon="113.9361100"><ele>13.5</ele><time>2023-08-08T22:31:15Z</time></trkpt>
      <trkpt lat="22.5399182" lon="113.9360948"><ele>13.4</ele><time>2023-08-08T22:31:16Z</time></trkpt>
      <trkpt lat="22.5399235" lon="113.9360794"><ele>13.3</ele><time>2023-08-08T22:31:17Z</time></trkpt>
      <trkpt lat="22.5399288" lon="113.9360639"><ele>13.2</ele><time>2023-08-08T22:31:18Z</time></trkpt>
      <trkpt lat="22.5399333" lon="113.9360484"><ele>13.2</ele><time>2023-08-08T22:31:19Z</time></trkpt>
      <trkpt lat="22.5399359" lon="113.9360323"><ele>13.1</ele><time>2023-08-08T22:31:20Z</time></trkpt>
      <trkpt lat="22.5399363" lon="113.9360160"><ele>13.0</ele><time>2023-08-08T22:31:21Z</time></trkpt>
      <trkpt lat="22.5399361" lon="113.9359995"><ele>12.9</ele><time>2023-08-08T22:31:22Z</time></trkpt>
      <trkpt lat="22.5399361" lon="113.9359830"><ele>12.8</ele><time>2023-08-08T22:31:23Z</time></trkpt>
      <trkpt lat="22.5399365" lon="113.9359666"><ele>12.7</ele><time>2023-08-08T22:31:24Z</time></trkpt>
      <trkpt lat="22.5399373" lon="113.9359502"><ele>12.6</ele><time>2023-08-08T22:31:25Z</time></trkpt>
      <trkpt lat="22.5399380" lon="113.9359340"><ele>12.5</ele><time>2023-08-08T22:31:26Z</time></trkpt>
      <trkpt lat="22.5399383" lon="113.9359177"><ele>12.4</ele><time>2023-08-08T22:31:27Z</time></trkpt>
      <trkpt lat="22.5399381" lon="113.9359015"><ele>12.3</ele><time>2023-08-08T22:31:28Z</time></trkpt>
      <trkpt lat="22.5399374" lon="113.9358854"><ele>12.2</ele><time>2023-08-08T22:31:29Z</time></trkpt>
      <trkpt lat="22.5399368" lon="113.9358694"><ele>12.2</ele><time>2023-08-08T22:31:30Z</time></trkpt>
      <trkpt lat="22.5399361" lon="113.9358535"><ele>12.1</ele><time>2023-08-08T22:31:31Z</time></trkpt>
      <trkpt lat="22.5399347" lon="113.9358373"><ele>12.0</ele><time>2023-08-08T22:31:32Z</time></trkpt>
      <trkpt lat="22.5399326" lon="113.9358212"><ele>11.9</ele><time>2023-08-08T22:31:33Z</time></trkpt>
      <trkpt lat="22.5399306" lon="113.9358052"><ele>11.9</ele><time>2023-08-08T22:31:34Z</time></trkpt>
      <trkpt lat="22.5399288" lon="113.9357896"><ele>11.8</ele><time>2023-08-08T22:31:35Z</time></trkpt>
      <trkpt lat="22.5399265" lon="113.9357741"><ele>11.8</ele><time>2023-08-08T22:31:36Z</time></trkpt>
      <trkpt lat="22.5399234" lon="113.9357583"><ele>11.7</ele><time>2023-08-08T22:31:37Z</time></trkpt>
      <trkpt lat="22.5399191" lon="113.9357429"><ele>11.6</ele><time>2023-08-08T22:31:38Z</time></trkpt>
      <trkpt lat="22.5399137" lon="113.9357278"><ele>11.6</ele><time>2023-08-08T22:31:39Z</time></trkpt>
      <trkpt lat="22.5399081" lon="113.9357131"><ele>11.5</ele><time>2023-08-08T22:31:40Z</time></trkpt>
      <trkpt lat="22.5399025" lon="113.9356994"><ele>11.5</ele><time>2023-08-08T22:31:41Z</time></trkpt>
      <trkpt lat="22.5398971" lon="113.9356869"><ele>11.5</ele><time>2023-08-08T22:31:42Z</time></trkpt>
      <trkpt lat="22.5398910" lon="113.9356749"><ele>11.4</ele><time>2023-08-08T22:31:43Z</time></trkpt>
      <trkpt lat="22.5398838" lon="113.9356629"><ele>11.4</ele><time>2023-08-08T22:31:44Z</time></trkpt>
      <trkpt lat="22.5398757" lon="113.9356512"><ele>11.4</ele><time>2023-08-08T22:31:45Z</time></trkpt>
      <trkpt lat="22.5398675" lon="113.9356392"><ele>11.3</ele><time>2023-08-08T22:31:46Z</time></trkpt>
      <trkpt lat="22.5398587" lon="113.9356263"><ele>11.3</ele><time>2023-08-08T22:31:47Z</time></trkpt>
      <trkpt lat="22.5398491" lon="113.9356119"><ele>11.3</ele><time>2023-08-08T22:31:48Z</time></trkpt>
      <trkpt lat="22.5398390" lon="113.9355968"><ele>11.3</ele><time>2023-08-08T22:31:49Z</time></trkpt>
      <trkpt lat="22.5398292" lon="113.9355827"><ele>11.3</ele><time>2023-08-08T22:31:50Z</time></trkpt>
      <trkpt lat="22.5398197" lon="113.9355698"><ele>11.3</ele><time>2023-08-08T22:31:51Z</time></trkpt>
      <trkpt lat="22.5398101" lon="113.9355579"><ele>11.3</ele><time>2023-08-08T22:31:52Z</time></trkpt>
      <trkpt lat="22.5398003" lon="113.9355467"><ele>11.3</ele><time>2023-08-08T22:31:53Z</time></trkpt>
      <trkpt lat="22.5397902" lon="113.9355352"><ele>11.3</ele><time>2023-08-08T22:31:54Z</time></trkpt>
      <trkpt lat="22.5397797" lon="113.9355237"><ele>11.3</ele><time>2023-08-08T22:31:55Z</time></trkpt>
      <trkpt lat="22.5397687" lon="113.9355129"><ele>11.3</ele><time>2023-08-08T22:31:56Z</time></trkpt>
      <trkpt lat="22.5397562" lon="113.9355025"><ele>11.3</ele><time>2023-08-08T22:31:57Z</time></trkpt>
      <trkpt lat="22.5397434" lon="113.9354921"><ele>11.3</ele><time>2023-08-08T22:31:58Z</time></trkpt>
      <trkpt lat="22.5397311" lon="113.9354820"><ele>11.4</ele><time>2023-08-08T22:31:59Z</time></trkpt>
      <trkpt lat="22.5397187" lon="113.9354728"><ele>11.4</ele><time>2023-08-08T22:32:00Z</time></trkpt>
      <trkpt lat="22.5397050" lon="113.9354646"><ele>11.4</ele><time>2023-08-08T22:32:01Z</time></trkpt>
      <trkpt lat="22.5396909" lon="113.9354570"><ele>11.4</ele><time>2023-08-08T22:32:02Z</time></trkpt>
      <trkpt lat="22.5396763" lon="113.9354499"><ele>11.5</ele><time>2023-08-08T22:32:03Z</time></trkpt>
      <trkpt lat="22.5396608" lon="113.9354442"><ele>11.5</ele><time>2023-08-08T22:32:04Z</time></trkpt>
      <trkpt lat="22.5396453" lon="113.9354399"><ele>11.5</ele><time>2023-08-08T22:32:05Z</time></trkpt>
      <trkpt lat="22.5396295" lon="113.9354366"><ele>11.6</ele><time>2023-08-08T22:32:06Z</time></trkpt>
      <trkpt lat="22.5396136" lon="113.9354342"><ele>11.6</ele><time>2023-08-08T22:32:07Z</time></trkpt>
      <trkpt lat="22.5395977" lon="113.9354323"><ele>11.7</ele><time>2023-08-08T22:32:08Z</time></trkpt>
      <trkpt lat="22.5395817" lon="113.9354309"><ele>11.7</ele><time>2023-08-08T22:32:09Z</time></trkpt>
      <trkpt lat="22.5395654" lon="113.9354309"><ele>11.8</ele><time>2023-08-08T22:32:10Z</time></trkpt>
      <trkpt lat="22.5395490" lon="113.9354318"><ele>11.8</ele><time>2023-08-08T22:32:11Z</time></trkpt>
      <trkpt lat="22.5395326" lon="113.9354331"><ele>11.9</ele><time>2023-08-08T22:32:12Z</time></trkpt>
      <trkpt lat="22.5395160" lon="113.9354345"><ele>12.0</ele><time>2023-08-08T22:32:13Z</time></trkpt>
      <trkpt lat="22.5394993" lon="113.9354357"><ele>12.0</ele><time>2023-08-08T22:32:14Z</time></trkpt>
      <trkpt lat="22.5394826" lon="113.9354371"><ele>12.1</ele><time>2023-08-08T22:32:15Z</time></trkpt>
      <trkpt lat="22.5394657" lon="113.9354388"><ele>12.2</ele><time>2023-08-08T22:32:16Z</time></trkpt>
      <trkpt lat="22.5394488" lon="113.9354403"><ele>12.2</ele><time>2023-08-08T22:32:17Z</time></trkpt>
      <trkpt lat="22.5394319" lon="113.9354414"><ele>12.3</ele><time>2023-08-08T22:32:18Z</time></trkpt>
      <trkpt lat="22.5394150" lon="113.9354419"><ele>12.4</ele><time>2023-08-08T22:32:19Z</time></trkpt>
      <trkpt lat="22.5393983" lon="113.9354416"><ele>12.5</ele><time>2023-08-08T22:32:20Z</time></trkpt>
      <trkpt lat="22.5393815" lon="113.9354417"><ele>12.6</ele><time>2023-08-08T22:32:21Z</time></trkpt>
      <trkpt lat="22.5393644" lon="113.9354429"><ele>12.7</ele><time>2023-08-08T22:32:22Z</time></trkpt>
      <trkpt lat="22.5393474" lon="113.9354444"><ele>12.8</ele><time>2023-08-08T22:32:23Z</time></trkpt>
      <trkpt lat="22.5393303" lon="113.9354460"><ele>12.9</ele><time>2023-08-08T22:32:24Z</time></trkpt>
      <trkpt lat="22.5393132" lon="113.9354479"><ele>13.0</ele><time>2023-08-08T22:32:25Z</time></trkpt>
      <trkpt lat="22.5392962" lon="113.9354494"><ele>13.1</ele><time>2023-08-08T22:32:26Z</time></trkpt>
      <trkpt lat="22.5392792" lon="113.9354498"><ele>13.2</ele><time>2023-08-08T22:32:27Z</time></trkpt>
      <trkpt lat="22.5392623" lon="113.9354495"><ele>13.3</ele><time>2023-08-08T22:32:28Z</time></trkpt>
      <trkpt lat="22.5392453" lon="113.9354495"><ele>13.4</ele><time>2023-08-08T22:32:29Z</time></trkpt>
      <trkpt lat="22.5392283" lon="113.9354504"><ele>13.5</ele><time>2023-08-08T22:32:30Z</time></trkpt>
      <trkpt lat="22.5392114" lon="113.9354520"><ele>13.6</ele><time>2023-08-08T22:32:31Z</time></trkpt>
      <trkpt lat="22.5391944" lon="113.9354539"><ele>13.7</ele><time>2023-08-08T22:32:32Z</time></trkpt>
      <trkpt lat="22.5391775" lon="113.9354556"><ele>13.8</ele><time>2023-08-08T22:32:33Z</time></trkpt>
      <trkpt lat="22.5391608" lon="113.9354571"><ele>13.9</ele><time>2023-08-08T22:32:34Z</time></trkpt>
      <trkpt lat="22.5391441" lon="113.9354580"><ele>14.0</ele><time>2023-08-08T22:32:35Z</time></trkpt>
      <trkpt lat="22.5391274" lon="113.9354582"><ele>14.1</ele><time>2023-08-08T22:32:36Z</time></trkpt>
      <trkpt lat="22.5391107" lon="113.9354578"><ele>14.2</ele><time>2023-08-08T22:32:37Z</time></trkpt>
      <trkpt lat="22.5390940" lon="113.9354577"><ele>14.3</ele><time>2023-08-08T22:32:38Z</time></trkpt>
      <trkpt lat="22.5390774" lon="113.9354584"><ele>14.4</ele><time>2023-08-08T22:32:39Z</time></trkpt>
      <trkpt lat="22.5390608" lon="113.9354585"><ele>14.5</ele><time>2023-08-08T22:32:40Z</time></trkpt>
      <trkpt lat="22.5390444" lon="113.9354584"><ele>14.6</ele><time>2023-08-08T22:32:41Z</time></trkpt>
      <trkpt lat="22.5390280" lon="113.9354589"><ele>14.7</ele><time>2023-08-08T22:32:42Z</time></trkpt>
      <trkpt lat="22.5390117" lon="113.9354604"><ele>14.7</ele><time>2023-08-08T22:32:43Z</time></trkpt>
      <trkpt lat="22.5389955" lon="113.9354620"><ele>14.8</ele><time>2023-08-08T22:32:44Z</time></trkpt>
      <trkpt lat="22.5389793" lon="113.9354635"><ele>14.9</ele><time>2023-08-08T22:32:45Z</time></trkpt>
      <trkpt lat="22.5389631" lon="113.9354651"><ele>15.0</ele><time>2023-08-08T22:32:46Z</time></trkpt>
      <trkpt lat="22.5389467" lon="113.9354662"><ele>15.0</ele><time>2023-08-08T22:32:47Z</time></trkpt>
      <trkpt lat="22.5389305" lon="113.9354664"><ele>15.1</ele><time>2023-08-08T22:32:48Z</time></trkpt>
      <trkpt lat="22.5389143" lon="113.9354659"><ele>15.2</ele><time>2023-08-08T22:32:49Z</time></trkpt>
      <trkpt lat="22.5388981" lon="113.9354652"><ele>15.2</ele><time>2023-08-08T22:32:50Z</time></trkpt>
      <trkpt lat="22.5388820" lon="113.9354643"><ele>15.3</ele><time>2023-08-08T22:32:51Z</time></trkpt>
      <trkpt lat="22.5388659" lon="113.9354635"><ele>15.3</ele><time>2023-08-08T22:32:52Z</time></trkpt>
      <trkpt lat="22.5388497" lon="113.9354629"><ele>15.4</ele><time>2023-08-08T22:32:53Z</time></trkpt>
      <trkpt lat="22.5388336" lon="113.9354627"><ele>15.4</ele><time>2023-08-08T22:32:54Z</time></trkpt>
      <trkpt lat="22.5388176" lon="113.9354637"><ele>15.5</ele><time>2023-08-08T22:32:55Z</time></trkpt>
      <trkpt lat="22.5388017" lon="113.9354667"><ele>15.5</ele><time>2023-08-08T22:32:56Z</time></trkpt>
      <trkpt lat="22.5387861" lon="113.9354703"><ele>15.6</ele><time>2023-08-08T22:32:57Z</time></trkpt>
      <trkpt lat="22.5387706" lon="113.9354736"><ele>15.6</ele><time>2023-08-08T22:32:58Z</time></trkpt>
      <trkpt lat="22.5387551" lon="113.9354765"><ele>15.6</ele><time>2023-08-08T22:32:59Z</time></trkpt>
      <trkpt lat="22.5387394" lon="113.9354792"><ele>15.7</ele><time>2023-08-08T22:33:00Z</time></trkpt>
      <trkpt lat="22.5387237" lon="113.9354814"><ele>15.7</ele><time>2023-08-08T22:33:01Z</time></trkpt>
      <trkpt lat="22.5387082" lon="113.9354822"><ele>15.7</ele><time>2023-08-08T22:33:02Z</time></trkpt>
      <trkpt lat="22.5386929" lon="113.9354821"><ele>15.8</ele><time>2023-08-08T22:33:03Z</time></trkpt>
      <trkpt lat="22.5386778" lon="113.9354834"><ele>15.8</ele><time>2023-08-08T22:33:04Z</time></trkpt>
      <trkpt lat="22.5386637" lon="113.9354873"><ele>15.8</ele><time>2023-08-08T22:33:05Z</time></trkpt>
      <trkpt lat="22.5386509" lon="113.9354929"><ele>15.9</ele><time>2023-08-08T22:33:06Z</time></trkpt>
      <trkpt lat="22.5386382" lon="113.9354997"><ele>15.9</ele><time>2023-08-08T22:33:07Z</time></trkpt>
      <trkpt lat="22.5386248" lon="113.9355077"><ele>15.9</ele><time>2023-08-08T22:33:08Z</time></trkpt>
      <trkpt lat="22.5386110" lon="113.9355163"><ele>16.0</ele><time>2023-08-08T22:33:09Z</time></trkpt>
      <trkpt lat="22.5385974" lon="113.9355253"><ele>16.0</ele><time>2023-08-08T22:33:10Z</time></trkpt>
      <trkpt lat="22.5385840" lon="113.9355344"><ele>16.0</ele><time>2023-08-08T22:33:11Z</time></trkpt>
      <trkpt lat="22.5385708" lon="113.9355438"><ele>16.1</ele><time>2023-08-08T22:33:12Z</time></trkpt>
      <trkpt lat="22.5385578" lon="113.9355535"><ele>16.1</ele><time>2023-08-08T22:33:13Z</time></trkpt>
      <trkpt lat="22.5385447" lon="113.9355633"><ele>16.1</ele><time>2023-08-08T22:33:14Z</time></trkpt>
      <trkpt lat="22.5385314" lon="113.9355725"><ele>16.2</ele><time>2023-08-08T22:33:15Z</time></trkpt>
      <trkpt lat="22.5385183" lon="113.9355820"><ele>16.2</ele><time>2023-08-08T22:33:16Z</time></trkpt>
      <trkpt lat="22.5385059" lon="113.9355927"><ele>16.2</ele><time>2023-08-08T22:33:17Z</time></trkpt>
      <trkpt lat="22.5384948" lon="113.9356046"><ele>16.3</ele><time>2023-08-08T22:33:18Z</time></trkpt>
      <trkpt lat="22.5384851" lon="113.9356183"><ele>16.3</ele><time>2023-08-08T22:33:19Z</time></trkpt>
      <trkpt lat="22.5384757" lon="113.9356336"><ele>16.3</ele><time>2023-08-08T22:33:20Z</time></trkpt>
      <trkpt lat="22.5384662" lon="113.9356487"><ele>16.4</ele><time>2023-08-08T22:33:21Z</time></trkpt>
      <trkpt lat="22.5384572" lon="113.9356634"><ele>16.4</ele><time>2023-08-08T22:33:22Z</time></trkpt>
      <trkpt lat="22.5384488" lon="113.9356784"><ele>16.4</ele><time>2023-08-08T22:33:23Z</time></trkpt>
      <trkpt lat="22.5384403" lon="113.9356934"><ele>16.5</ele><time>2023-08-08T22:33:24Z</time></trkpt>
      <trkpt lat="22.5384315" lon="113.9357077"><ele>16.5</ele><time>2023-08-08T22:33:25Z</time></trkpt>
      <trkpt lat="22.5384233" lon="113.9357226"><ele>16.5</ele><time>2023-08-08T22:33:26Z</time></trkpt>
      <trkpt lat="22.5384162" lon="113.9357391"><ele>16.5</ele><time>2023-08-08T22:33:27Z</time></trkpt>
      <trkpt lat="22.5384096" lon="113.9357569"><ele>16.6</ele><time>2023-08-08T22:33:28Z</time></trkpt>
      <trkpt lat="22.5384030" lon="113.9357749"><ele>16.6</ele><time>2023-08-08T22:33:29Z</time></trkpt>
      <trkpt lat="22.5383964" lon="113.9357918"><ele>16.6</ele><time>2023-08-08T22:33:30Z</time></trkpt>
      <trkpt lat="22.5383905" lon="113.9358080"><ele>16.6</ele><time>2023-08-08T22:33:31Z</time></trkpt>
      <trkpt lat="22.5383861" lon="113.9358249"><ele>16.6</ele><time>2023-08-08T22:33:32Z</time></trkpt>
      <trkpt lat="22.5383828" lon="113.9358423"><ele>16.6</ele><time>2023-08-08T22:33:33Z</time></trkpt>
      <trkpt lat="22.5383796" lon="113.9358596"><ele>16.6</ele><time>2023-08-08T22:33:34Z</time></trkpt>
      <trkpt lat="22.5383774" lon="113.9358761"><ele>16.6</ele><time>2023-08-08T22:33:35Z</time></trkpt>
      <trkpt lat="22.5383761" lon="113.9358926"><ele>16.6</ele><time>2023-08-08T22:33:36Z</time></trkpt>
      <trkpt lat="22.5383758" lon="113.9359094"><ele>16.6</ele><time>2023-08-08T22:33:37Z</time></trkpt>
      <trkpt lat="22.5383762" lon="113.9359264"><ele>16.6</ele><time>2023-08-08T22:33:38Z</time></trkpt>
      <trkpt lat="22.5383773" lon="113.9359432"><ele>16.6</ele><time>2023-08-08T22:33:39Z</time></trkpt>
      <trkpt lat="22.5383795" lon="113.9359598"><ele>16.6</ele><time>2023-08-08T22:33:40Z</time></trkpt>
      <trkpt lat="22.5383822" lon="113.9359761"><ele>16.6</ele><time>2023-08-08T22:33:41Z</time></trkpt>
      <trkpt lat="22.5383846" lon="113.9359924"><ele>16.6</ele><time>2023-08-08T22:33:42Z</time></trkpt>
      <trkpt lat="22.5383867" lon="113.9360088"><ele>16.6</ele><time>2023-08-08T22:33:43Z</time></trkpt>
      <trkpt lat="22.5383891" lon="113.9360252"><ele>16.6</ele><time>2023-08-08T22:33:44Z</time></trkpt>
      <trkpt lat="22.5383920" lon="113.9360415"><ele>16.6</ele><time>2023-08-08T22:33:45Z</time></trkpt>
      <trkpt lat="22.5383964" lon="113.9360575"><ele>16.6</ele><time>2023-08-08T22:33:46Z</time></trkpt>
      <trkpt lat="22.5384030" lon="113.9360728"><ele>16.6</ele><time>2023-08-08T22:33:47Z</time></trkpt>
      <trkpt lat="22.5384100" lon="113.9360877"><ele>16.6</ele><time>2023-08-08T22:33:48Z</time></trkpt>
      <trkpt lat="22.5384168" lon="113.9361027"><ele>16.6</ele><time>2023-08-08T22:33:49Z</time></trkpt>
      <trkpt lat="22.5384241" lon="113.9361174"><ele>16.6</ele><time>2023-08-08T22:33:50Z</time></trkpt>
      <trkpt lat="22.5384323" lon="113.9361316"><ele>16.6</ele><time>2023-08-08T22:33:51Z</time></trkpt>
      <trkpt lat="22.5384404" lon="113.9361456"><ele>16.6</ele><time>2023-08-08T22:33:52Z</time></trkpt>
      <trkpt lat="22.5384481" lon="113.9361598"><ele>16.6</ele><time>2023-08-08T22:33:53Z</time></trkpt>
      <trkpt lat="22.5384559" lon="113.9361742"><ele>16.6</ele><time>2023-08-08T22:33:54Z</time></trkpt>
      <trkpt lat="22.5384641" lon="113.9361884"><ele>16.6</ele><time>2023-08-08T22:33:55Z</time></trkpt>
      <trkpt lat="22.5384722" lon="113.9362024"><ele>16.6</ele><time>2023-08-08T22:33:56Z</time></trkpt>
      <trkpt lat="22.5384809" lon="113.9362161"><ele>16.5</ele><time>2023-08-08T22:33:57Z</time></trkpt>
      <trkpt lat="22.5384907" lon="113.9362291"><ele>16.5</ele><time>2023-08-08T22:33:58Z</time></trkpt>
      <trkpt lat="22.5385009" lon="113.9362417"><ele>16.5</ele><time>2023-08-08T22:33:59Z</time></trkpt>
      <trkpt lat="22.5385113" lon="113.9362540"><ele>16.5</ele><time>2023-08-08T22:34:00Z</time></trkpt>
      <trkpt lat="22.5385219" lon="113.9362660"><ele>16.5</ele><time>2023-08-08T22:34:01Z</time></trkpt>
      <trkpt lat="22.5385328" lon="113.9362779"><ele>16.5</ele><time>2023-08-08T22:34:02Z</time></trkpt>
      <trkpt lat="22.5385439" lon="113.9362891"><ele>16.4</ele><time>2023-08-08T22:34:03Z</time></trkpt>
      <trkpt lat="22.5385561" lon="113.9362993"><ele>16.4</ele><time>2023-08-08T22:34:04Z</time></trkpt>
      <trkpt lat="22.5385689" lon="113.9363091"><ele>16.4</ele><time>2023-08-08T22:34:05Z</time></trkpt>
      <trkpt lat="22.5385816" lon="113.9363186"><ele>16.4</ele><time>2023-08-08T22:34:06Z</time></trkpt>
      <trkpt lat="22.5385945" lon="113.9363280"><ele>16.3</ele><time>2023-08-08T22:34:07Z</time></trkpt>
      <trkpt lat="22.5386076" lon="113.9363369"><ele>16.3</ele><time>2023-08-08T22:34:08Z</time></trkpt>
      <trkpt lat="22.5386210" lon="113.9363455"><ele>16.3</ele><time>2023-08-08T22:34:09Z</time></trkpt>
      <trkpt lat="22.5386343" lon="113.9363541"><ele>16.2</ele><time>2023-08-08T22:34:10Z</time></trkpt>
      <trkpt lat="22.5386479" lon="113.9363625"><ele>16.2</ele><time>2023-08-08T22:34:11Z</time></trkpt>
      <trkpt lat="22.5386617" lon="113.9363704"><ele>16.1</ele><time>2023-08-08T22:34:12Z</time></trkpt>
      <trkpt lat="22.5386756" lon="113.9363780"><ele>16.1</ele><time>2023-08-08T22:34:13Z</time></trkpt>
      <trkpt lat="22.5386899" lon="113.9363848"><ele>16.1</ele><time>2023-08-08T22:34:14Z</time></trkpt>
      <trkpt lat="22.5387046" lon="113.9363901"><ele>16.0</ele><time>2023-08-08T22:34:15Z</time></trkpt>
      <trkpt lat="22.5387195" lon="113.9363950"><ele>16.0</ele><time>2023-08-08T22:34:16Z</time></trkpt>
      <trkpt lat="22.5387343" lon="113.9363998"><ele>15.9</ele><time>2023-08-08T22:34:17Z</time></trkpt>
      <trkpt lat="22.5387493" lon="113.9364041"><ele>15.9</ele><time>2023-08-08T22:34:18Z</time></trkpt>
      <trkpt lat="22.5387643" lon="113.9364082"><ele>15.8</ele><time>2023-08-08T22:34:19Z</time></trkpt>
      <trkpt lat="22.5387793" lon="113.9364123"><ele>15.8</ele><time>2023-08-08T22:34:20Z</time></trkpt>
      <trkpt lat="22.5387943" lon="113.9364157"><ele>15.7</ele><time>2023-08-08T22:34:21Z</time></trkpt>
      <trkpt lat="22.5388095" lon="113.9364172"><ele>15.7</ele><time>2023-08-08T22:34:22Z</time></trkpt>
      <trkpt lat="22.5388249" lon="113.9364173"><ele>15.6</ele><time>2023-08-08T22:34:23Z</time></trkpt>
      <trkpt lat="22.5388403" lon="113.9364171"><ele>15.6</ele><time>2023-08-08T22:34:24Z</time></trkpt>
      <trkpt lat="22.5388555" lon="113.9364166"><ele>15.5</ele><time>2023-08-08T22:34:25Z</time></trkpt>
      <trkpt lat="22.5388707" lon="113.9364158"><ele>15.4</ele><time>2023-08-08T22:34:26Z</time></trkpt>
      <trkpt lat="22.5388857" lon="113.9364154"><ele>15.4</ele><time>2023-08-08T22:34:27Z</time></trkpt>
      <trkpt lat="22.5389008" lon="113.9364154"><ele>15.3</ele><time>2023-08-08T22:34:28Z</time></trkpt>
      <trkpt lat="22.5389160" lon="113.9364152"><ele>15.2</ele><time>2023-08-08T22:34:29Z</time></trkpt>
      <trkpt lat="22.5389312" lon="113.9364148"><ele>15.2</ele><time>2023-08-08T22:34:30Z</time></trkpt>
      <trkpt lat="22.5389464" lon="113.9364142"><ele>15.1</ele><time>2023-08-08T22:34:31Z</time></trkpt>
      <trkpt lat="22.5389615" lon="113.9364137"><ele>15.0</ele><time>2023-08-08T22:34:32Z</time></trkpt>
      <trkpt lat="22.5389767" lon="113.9364128"><ele>15.0</ele><time>2023-08-08T22:34:33Z</time></trkpt>
      <trkpt lat="22.5389917" lon="113.9364117"><ele>14.9</ele><time>2023-08-08T22:34:34Z</time></trkpt>
      <trkpt lat="22.5390067" lon="113.9364111"><ele>14.8</ele><time>2023-08-08T22:34:35Z</time></trkpt>
      <trkpt lat="22.5390217" lon="113.9364106"><ele>14.8</ele><time>2023-08-08T22:34:36Z</time></trkpt>
      <trkpt lat="22.5390368" lon="113.9364100"><ele>14.7</ele><time>2023-08-08T22:34:37Z</time></trkpt>
      <trkpt lat="22.5390517" lon="113.9364097"><ele>14.6</ele><time>2023-08-08T22:34:38Z</time></trkpt>
      <trkpt lat="22.5390665" lon="113.9364100"><ele>14.5</ele><time>2023-08-08T22:34:39Z</time></trkpt>
      <trkpt lat="22.5390814" lon="113.9364107"><ele>14.5</ele><time>2023-08-08T22:34:40Z</time></trkpt>
      <trkpt lat="22.5390961" lon="113.9364116"><ele>14.4</ele><time>2023-08-08T22:34:41Z</time></trkpt>
      <trkpt lat="22.5391108" lon="113.9364125"><ele>14.4</ele><time>2023-08-08T22:34:42Z</time></trkpt>
      <trkpt lat="22.5391255" lon="113.9364127"><ele>14.3</ele><time>2023-08-08T22:34:43Z</time></trkpt>
      <trkpt lat="22.5391403" lon="113.9364122"><ele>14.2</ele><time>2023-08-08T22:34:44Z</time></trkpt>
      <trkpt lat="22.5391553" lon="113.9364118"><ele>14.2</ele><time>2023-08-08T22:34:45Z</time></trkpt>
      <trkpt lat="22.5391702" lon="113.9364124"><ele>14.1</ele><time>2023-08-08T22:34:46Z</time></trkpt>
      <trkpt lat="22.5391853" lon="113.9364129"><ele>14.1</ele><time>2023-08-08T22:34:47Z</time></trkpt>
      <trkpt lat="22.5392004" lon="113.9364126"><ele>14.0</ele><time>2023-08-08T22:34:48Z</time></trkpt>
      <trkpt lat="22.5392156" lon="113.9364119"><ele>14.0</ele><time>2023-08-08T22:34:49Z</time></trkpt>
      <trkpt lat="22.5392309" lon="113.9364114"><ele>14.0</ele><time>2023-08-08T22:34:50Z</time></trkpt>
      <trkpt lat="22.5392462" lon="113.9364111"><ele>13.9</ele><time>2023-08-08T22:34:51Z</time></trkpt>
      <trkpt lat="22.5392613" lon="113.9364107"><ele>13.9</ele><time>2023-08-08T22:34:52Z</time></trkpt>
      <trkpt lat="22.5392764" lon="113.9364101"><ele>13.9</ele><time>2023-08-08T22:34:53Z</time></trkpt>
      <trkpt lat="22.5392916" lon="113.9364091"><ele>13.9</ele><time>2023-08-08T22:34:54Z</time></trkpt>
      <trkpt lat="22.5393067" lon="113.9364079"><ele>13.9</ele><time>2023-08-08T22:34:55Z</time></trkpt>
      <trkpt lat="22.5393218" lon="113.9364068"><ele>13.8</ele><time>2023-08-08T22:34:56Z</time></trkpt>
      <trkpt lat="22.5393371" lon="113.9364056"><ele>13.8</ele><time>2023-08-08T22:34:57Z</time></trkpt>
      <trkpt lat="22.5393524" lon="113.9364041"><ele>13.8</ele><time>2023-08-08T22:34:58Z</time></trkpt>
      <trkpt lat="22.5393677" lon="113.9364027"><ele>13.8</ele><time>2023-08-08T22:34:59Z</time></trkpt>
      <trkpt lat="22.5393830" lon="113.9364014"><ele>13.8</ele><time>2023-08-08T22:35:00Z</time></trkpt>
      <trkpt lat="22.5393984" lon="113.9364002"><ele>13.9</ele><time>2023-08-08T22:35:01Z</time></trkpt>
      <trkpt lat="22.5394137" lon="113.9363986"><ele>13.9</ele><time>2023-08-08T22:35:02Z</time></trkpt>
      <trkpt lat="22.5394290" lon="113.9363966"><ele>13.9</ele><time>2023-08-08T22:35:03Z</time></trkpt>
      <trkpt lat="22.5394444" lon="113.9363948"><ele>13.9</ele><time>2023-08-08T22:35:04Z</time></trkpt>
      <trkpt lat="22.5394598" lon="113.9363938"><ele>13.9</ele><time>2023-08-08T22:35:05Z</time></trkpt>
      <trkpt lat="22.5394752" lon="113.9363938"><ele>14.0</ele><time>2023-08-08T22:35:06Z</time></trkpt>
      <trkpt lat="22.5394906" lon="113.9363932"><ele>14.0</ele><time>2023-08-08T22:35:07Z</time></trkpt>
      <trkpt lat="22.5395061" lon="113.9363914"><ele>14.0</ele><time>2023-08-08T22:35:08Z</time></trkpt>
      <trkpt lat="22.5395216" lon="113.9363890"><ele>14.1</ele><time>2023-08-08T22:35:09Z</time></trkpt>
      <trkpt lat="22.5395372" lon="113.9363885"><ele>14.1</ele><time>2023-08-08T22:35:10Z</time></trkpt>
      <trkpt lat="22.5395527" lon="113.9363884"><ele>14.1</ele><time>2023-08-08T22:35:11Z</time></trkpt>
      <trkpt lat="22.5395680" lon="113.9363855"><ele>14.2</ele><time>2023-08-08T22:35:12Z</time></trkpt>
      <trkpt lat="22.5395831" lon="113.9363811"><ele>14.2</ele><time>2023-08-08T22:35:13Z</time></trkpt>
      <trkpt lat="22.5395983" lon="113.9363755"><ele>14.3</ele><time>2023-08-08T22:35:14Z</time></trkpt>
      <trkpt lat="22.5396132" lon="113.9363691"><ele>14.3</ele><time>2023-08-08T22:35:15Z</time></trkpt>
      <trkpt lat="22.5396276" lon="113.9363621"><ele>14.4</ele><time>2023-08-08T22:35:16Z</time></trkpt>
      <trkpt lat="22.5396419" lon="113.9363545"><ele>14.4</ele><time>2023-08-08T22:35:17Z</time></trkpt>
      <trkpt lat="22.5396559" lon="113.9363463"><ele>14.5</ele><time>2023-08-08T22:35:18Z</time></trkpt>
      <trkpt lat="22.5396702" lon="113.9363383"><ele>14.5</ele><time>2023-08-08T22:35:19Z</time></trkpt>
      <trkpt lat="22.5396850" lon="113.9363308"><ele>14.6</ele><time>2023-08-08T22:35:20Z</time></trkpt>
      <trkpt lat="22.5396993" lon="113.9363223"><ele>14.7</ele><time>2023-08-08T22:35:21Z</time></trkpt>
      <trkpt lat="22.5397126" lon="113.9363126"><ele>14.7</ele><time>2023-08-08T22:35:22Z</time></trkpt>
      <trkpt lat="22.5397257" lon="113.9363023"><ele>14.8</ele><time>2023-08-08T22:35:23Z</time></trkpt>
      <trkpt lat="22.5397385" lon="113.9362911"><ele>14.8</ele><time>2023-08-08T22:35:24Z</time></trkpt>
      <trkpt lat="22.5397505" lon="113.9362790"><ele>14.9</ele><time>2023-08-08T22:35:25Z</time></trkpt>
      <trkpt lat="22.5397624" lon="113.9362668"><ele>14.9</ele><time>2023-08-08T22:35:26Z</time></trkpt>
      <trkpt lat="22.5397743" lon="113.9362542"><ele>15.0</ele><time>2023-08-08T22:35:27Z</time></trkpt>
      <trkpt lat="22.5397865" lon="113.9362404"><ele>15.0</ele><time>2023-08-08T22:35:28Z</time></trkpt>
      <trkpt lat="22.5397985" lon="113.9362266"><ele>15.0</ele><time>2023-08-08T22:35:29Z</time></trkpt>
      <trkpt lat="22.5398102" lon="113.9362134"><ele>15.1</ele><time>2023-08-08T22:35:30Z</time></trkpt>
      <trkpt lat="22.5398219" lon="113.9362005"><ele>15.1</ele><time>2023-08-08T22:35:31Z</time></trkpt>
      <trkpt lat="22.5398335" lon="113.9361876"><ele>15.1</ele><time>2023-08-08T22:35:32Z</time></trkpt>
      <trkpt lat="22.5398443" lon="113.9361738"><ele>15.2</ele><time>2023-08-08T22:35:33Z</time></trkpt>
      <trkpt lat="22.5398542" lon="113.9361591"><ele>15.2</ele><time>2023-08-08T22:35:34Z</time></trkpt>
      <trkpt lat="22.5398636" lon="113.9361437"><ele>15.2</ele><time>2023-08-08T22:35:35Z</time></trkpt>
      <trkpt lat="22.5398724" lon="113.9361277"><ele>15.3</ele><time>2023-08-08T22:35:36Z</time></trkpt>
      <trkpt lat="22.5398817" lon="113.9361117"><ele>15.3</ele><time>2023-08-08T22:35:37Z</time></trkpt>
      <trkpt lat="22.5398917" lon="113.9360962"><ele>15.3</ele><time>2023-08-08T22:35:38Z</time></trkpt>
      <trkpt lat="22.5399010" lon="113.9360802"><ele>15.3</ele><time>2023-08-08T22:35:39Z</time></trkpt>
      <trkpt lat="22.5399099" lon="113.9360629"><ele>15.3</ele><time>2023-08-08T22:35:40Z</time></trkpt>
      <trkpt lat="22.5399192" lon="113.9360450"><ele>15.3</ele><time>2023-08-08T22:35:41Z</time></trkpt>
      <trkpt lat="22.5399280" lon="113.9360265"><ele>15.4</ele><time>2023-08-08T22:35:42Z</time></trkpt>
      <trkpt lat="22.5399349" lon="113.9360067"><ele>15.4</ele><time>2023-08-08T22:35:43Z</time></trkpt>
      <trkpt lat="22.5399396" lon="113.9359864"><ele>15.4</ele><time>2023-08-08T22:35:44Z</time></trkpt>
      <trkpt lat="22.5399431" lon="113.9359660"><ele>15.4</ele><time>2023-08-08T22:35:45Z</time></trkpt>
      <trkpt lat="22.5399448" lon="113.9359459"><ele>15.4</ele><time>2023-08-08T22:35:46Z</time></trkpt>
      <trkpt lat="22.5399442" lon="113.9359258"><ele>15.4</ele><time>2023-08-08T22:35:47Z</time></trkpt>
      <trkpt lat="22.5399418" lon="113.9359050"><ele>15.4</ele><time>2023-08-08T22:35:48Z</time></trkpt>
      <trkpt lat="22.5399404" lon="113.9358842"><ele>15.4</ele><time>2023-08-08T22:35:49Z</time></trkpt>
      <trkpt lat="22.5399391" lon="113.9358658"><ele>15.4</ele><time>2023-08-08T22:35:50Z</time></trkpt>
      <trkpt lat="22.5399363" lon="113.9358503"><ele>15.4</ele><time>2023-08-08T22:35:51Z</time></trkpt>
      <trkpt lat="22.5399329" lon="113.9358356"><ele>15.4</ele><time>2023-08-08T22:35:52Z</time></trkpt>
      <trkpt lat="22.5399274" lon="113.9358190"><ele>15.4</ele><time>2023-08-08T22:35:53Z</time></trkpt>
      <trkpt lat="22.5399198" lon="113.9357996"><ele>15.4</ele><time>2023-08-08T22:35:54Z</time></trkpt>
      <trkpt lat="22.5399127" lon="113.9357783"><ele>15.4</ele><time>2023-08-08T22:35:55Z</time></trkpt>
      <trkpt lat="22.5399061" lon="113.9357579"><ele>15.4</ele><time>2023-08-08T22:35:56Z</time></trkpt>
      <trkpt lat="22.5398977" lon="113.9357394"><ele>15.4</ele><time>2023-08-08T22:35:57Z</time></trkpt>
      <trkpt lat="22.5398880" lon="113.9357218"><ele>15.4</ele><time>2023-08-08T22:35:58Z</time></trkpt>
      <trkpt lat="22.5398779" lon="113.9357042"><ele>15.4</ele><time>2023-08-08T22:35:59Z</time></trkpt>
      <trkpt lat="22.5398677" lon="113.9356862"><ele>15.4</ele><time>2023-08-08T22:36:00Z</time></trkpt>
      <trkpt lat="22.5398572" lon="113.9356685"><ele>15.5</ele><time>2023-08-08T22:36:01Z</time></trkpt>
      <trkpt lat="22.5398468" lon="113.9356517"><ele>15.5</ele><time>2023-08-08T22:36:02Z</time></trkpt>
      <trkpt lat="22.5398362" lon="113.9356365"><ele>15.5</ele><time>2023-08-08T22:36:03Z</time></trkpt>
      <trkpt lat="22.5398239" lon="113.9356231"><ele>15.5</ele><time>2023-08-08T22:36:04Z</time></trkpt>
      <trkpt lat="22.5398101" lon="113.9356110"><ele>15.5</ele><time>2023-08-08T22:36:05Z</time></trkpt>
      <trkpt lat="22.5397968" lon="113.9355998"><ele>15.5</ele><time>2023-08-08T22:36:06Z</time></trkpt>
      <trkpt lat="22.5397843" lon="113.9355890"><ele>15.5</ele><time>2023-08-08T22:36:07Z</time></trkpt>
      <trkpt lat="22.5397713" lon="113.9355792"><ele>15.5</ele><time>2023-08-08T22:36:08Z</time></trkpt>
      <trkpt lat="22.5397576" lon="113.9355708"><ele>15.5</ele><time>2023-08-08T22:36:09Z</time></trkpt>
      <trkpt lat="22.5397438" lon="113.9355626"><ele>15.5</ele><time>2023-08-08T22:36:10Z</time></trkpt>
      <trkpt lat="22.5397300" lon="113.9355538"><ele>15.5</ele><time>2023-08-08T22:36:11Z</time></trkpt>
      <trkpt lat="22.5397161" lon="113.9355444"><ele>15.5</ele><time>2023-08-08T22:36:12Z</time></trkpt>
      <trkpt lat="22.5397024" lon="113.9355352"><ele>15.6</ele><time>2023-08-08T22:36:13Z</time></trkpt>
      <trkpt lat="22.5396885" lon="113.9355269"><ele>15.6</ele><time>2023-08-08T22:36:14Z</time></trkpt>
      <trkpt lat="22.5396740" lon="113.9355199"><ele>15.6</ele><time>2023-08-08T22:36:15Z</time></trkpt>
      <trkpt lat="22.5396591" lon="113.9355141"><ele>15.6</ele><time>2023-08-08T22:36:16Z</time></trkpt>
      <trkpt lat="22.5396440" lon="113.9355092"><ele>15.6</ele><time>2023-08-08T22:36:17Z</time></trkpt>
      <trkpt lat="22.5396288" lon="113.9355046"><ele>15.6</ele><time>2023-08-08T22:36:18Z</time></trkpt>
      <trkpt lat="22.5396138" lon="113.9354996"><ele>15.6</ele><time>2023-08-08T22:36:19Z</time></trkpt>
      <trkpt lat="22.5395989" lon="113.9354946"><ele>15.6</ele><time>2023-08-08T22:36:20Z</time></trkpt>
      <trkpt lat="22.5395834" lon="113.9354897"><ele>15.7</ele><time>2023-08-08T22:36:21Z</time></trkpt>
      <trkpt lat="22.5395676" lon="113.9354854"><ele>15.7</ele><time>2023-08-08T22:36:22Z</time></trkpt>
      <trkpt lat="22.5395520" lon="113.9354826"><ele>15.7</ele><time>2023-08-08T22:36:23Z</time></trkpt>
      <trkpt lat="22.5395363" lon="113.9354810"><ele>15.7</ele><time>2023-08-08T22:36:24Z</time></trkpt>
      <trkpt lat="22.5395205" lon="113.9354796"><ele>15.7</ele><time>2023-08-08T22:36:25Z</time></trkpt>
      <trkpt lat="22.5395046" lon="113.9354788"><ele>15.8</ele><time>2023-08-08T22:36:26Z</time></trkpt>
      <trkpt lat="22.5394887" lon="113.9354793"><ele>15.8</ele><time>2023-08-08T22:36:27Z</time></trkpt>
      <trkpt lat="22.5394727" lon="113.9354803"><ele>15.8</ele><time>2023-08-08T22:36:28Z</time></trkpt>
      <trkpt lat="22.5394567" lon="113.9354814"><ele>15.8</ele><time>2023-08-08T22:36:29Z</time></trkpt>
      <trkpt lat="22.5394408" lon="113.9354828"><ele>15.8</ele><time>2023-08-08T22:36:30Z</time></trkpt>
      <trkpt lat="22.5394250" lon="113.9354846"><ele>15.8</ele><time>2023-08-08T22:36:31Z</time></trkpt>
      <trkpt lat="22.5394092" lon="113.9354859"><ele>15.9</ele><time>2023-08-08T22:36:32Z</time></trkpt>
      <trkpt lat="22.5393932" lon="113.9354864"><ele>15.9</ele><time>2023-08-08T22:36:33Z</time></trkpt>
      <trkpt lat="22.5393772" lon="113.9354865"><ele>15.9</ele><time>2023-08-08T22:36:34Z</time></trkpt>
      <trkpt lat="22.5393612" lon="113.9354869"><ele>15.9</ele><time>2023-08-08T22:36:35Z</time></trkpt>
      <trkpt lat="22.5393453" lon="113.9354871"><ele>15.9</ele><time>2023-08-08T22:36:36Z</time></trkpt>
      <trkpt lat="22.5393293" lon="113.9354874"><ele>15.9</ele><time>2023-08-08T22:36:37Z</time></trkpt>
      <trkpt lat="22.5393133" lon="113.9354878"><ele>15.9</ele><time>2023-08-08T22:36:38Z</time></trkpt>
      <trkpt lat="22.5392972" lon="113.9354885"><ele>15.9</ele><time>2023-08-08T22:36:39Z</time></trkpt>
      <trkpt lat="22.5392813" lon="113.9354893"><ele>15.9</ele><time>2023-08-08T22:36:40Z</time></trkpt>
      <trkpt lat="22.5392653" lon="113.9354899"><ele>15.9</ele><time>2023-08-08T22:36:41Z</time></trkpt>
      <trkpt lat="22.5392492" lon="113.9354903"><ele>15.8</ele><time>2023-08-08T22:36:42Z</time></trkpt>
      <trkpt lat="22.5392331" lon="113.9354911"><ele>15.8</ele><time>2023-08-08T22:36:43Z</time></trkpt>
      <trkpt lat="22.5392171" lon="113.9354923"><ele>15.8</ele><time>2023-08-08T22:36:44Z</time></trkpt>
      <trkpt lat="22.5392010" lon="113.9354930"><ele>15.8</ele><time>2023-08-08T22:36:45Z</time></trkpt>
      <trkpt lat="22.5391849" lon="113.9354923"><ele>15.8</ele><time>2023-08-08T22:36:46Z</time></trkpt>
      <trkpt lat="22.5391688" lon="113.9354914"><ele>15.8</ele><time>2023-08-08T22:36:47Z</time></trkpt>
      <trkpt lat="22.5391526" lon="113.9354908"><ele>15.8</ele><time>2023-08-08T22:36:48Z</time></trkpt>
      <trkpt lat="22.5391365" lon="113.9354900"><ele>15.7</ele><time>2023-08-08T22:36:49Z</time></trkpt>
      <trkpt lat="22.5391204" lon="113.9354891"><ele>15.7</ele><time>2023-08-08T22:36:50Z</time></trkpt>
      <trkpt lat="22.5391042" lon="113.9354893"><ele>15.7</ele><time>2023-08-08T22:36:51Z</time></trkpt>
      <trkpt lat="22.5390878" lon="113.9354902"><ele>15.7</ele><time>2023-08-08T22:36:52Z</time></trkpt>
      <trkpt lat="22.5390713" lon="113.9354905"><ele>15.7</ele><time>2023-08-08T22:36:53Z</time></trkpt>
      <trkpt lat="22.5390550" lon="113.9354906"><ele>15.7</ele><time>2023-08-08T22:36:54Z</time></trkpt>
      <trkpt lat="22.5390386" lon="113.9354902"><ele>15.7</ele><time>2023-08-08T22:36:55Z</time></trkpt>
      <trkpt lat="22.5390223" lon="113.9354890"><ele>15.6</ele><time>2023-08-08T22:36:56Z</time></trkpt>
      <trkpt lat="22.5390060" lon="113.9354883"><ele>15.6</ele><time>2023-08-08T22:36:57Z</time></trkpt>
      <trkpt lat="22.5389894" lon="113.9354880"><ele>15.6</ele><time>2023-08-08T22:36:58Z</time></trkpt>
      <trkpt lat="22.5389728" lon="113.9354875"><ele>15.6</ele><time>2023-08-08T22:36:59Z</time></trkpt>
      <trkpt lat="22.5389563" lon="113.9354865"><ele>15.6</ele><time>2023-08-08T22:37:00Z</time></trkpt>
      <trkpt lat="22.5389398" lon="113.9354853"><ele>15.6</ele><time>2023-08-08T22:37:01Z</time></trkpt>
      <trkpt lat="22.5389233" lon="113.9354836"><ele>15.6</ele><time>2023-08-08T22:37:02Z</time></trkpt>
      <trkpt lat="22.5389069" lon="113.9354811"><ele>15.6</ele><time>2023-08-08T22:37:03Z</time></trkpt>
      <trkpt lat="22.5388906" lon="113.9354783"><ele>15.6</ele><time>2023-08-08T22:37:04Z</time></trkpt>
      <trkpt lat="22.5388744" lon="113.9354757"><ele>15.6</ele><time>2023-08-08T22:37:05Z</time></trkpt>
      <trkpt lat="22.5388581" lon="113.9354740"><ele>15.6</ele><time>2023-08-08T22:37:06Z</time></trkpt>
      <trkpt lat="22.5388417" lon="113.9354737"><ele>15.6</ele><time>2023-08-08T22:37:07Z</time></trkpt>
      <trkpt lat="22.5388255" lon="113.9354733"><ele>15.6</ele><time>2023-08-08T22:37:08Z</time></trkpt>
      <trkpt lat="22.5388093" lon="113.9354723"><ele>15.6</ele><time>2023-08-08T22:37:09Z</time></trkpt>
      <trkpt lat="22.5387930" lon="113.9354725"><ele>15.6</ele><time>2023-08-08T22:37:10Z</time></trkpt>
      <trkpt lat="22.5387766" lon="113.9354745"><ele>15.6</ele><time>2023-08-08T22:37:11Z</time></trkpt>
      <trkpt lat="22.5387606" lon="113.9354780"><ele>15.7</ele><time>2023-08-08T22:37:12Z</time></trkpt>
      <trkpt lat="22.5387449" lon="113.9354823"><ele>15.7</ele><time>2023-08-08T22:37:13Z</time></trkpt>
      <trkpt lat="22.5387290" lon="113.9354860"><ele>15.7</ele><time>2023-08-08T22:37:14Z</time></trkpt>
      <trkpt lat="22.5387130" lon="113.9354885"><ele>15.7</ele><time>2023-08-08T22:37:15Z</time></trkpt>
      <trkpt lat="22.5386973" lon="113.9354916"><ele>15.7</ele><time>2023-08-08T22:37:16Z</time></trkpt>
      <trkpt lat="22.5386818" lon="113.9354964"><ele>15.8</ele><time>2023-08-08T22:37:17Z</time></trkpt>
      <trkpt lat="22.5386665" lon="113.9355019"><ele>15.8</ele><time>2023-08-08T22:37:18Z</time></trkpt>
      <trkpt lat="22.5386515" lon="113.9355081"><ele>15.8</ele><time>2023-08-08T22:37:19Z</time></trkpt>
      <trkpt lat="22.5386369" lon="113.9355154"><ele>15.8</ele><time>2023-08-08T22:37:20Z</time></trkpt>
      <trkpt lat="22.5386225" lon="113.9355234"><ele>15.8</ele><time>2023-08-08T22:37:21Z</time></trkpt>
      <trkpt lat="22.5386082" lon="113.9355313"><ele>15.9</ele><time>2023-08-08T22:37:22Z</time></trkpt>
      <trkpt lat="22.5385940" lon="113.9355386"><ele>15.9</ele><time>2023-08-08T22:37:23Z</time></trkpt>
      <trkpt lat="22.5385799" lon="113.9355462"><ele>15.9</ele><time>2023-08-08T22:37:24Z</time></trkpt>
      <trkpt lat="22.5385664" lon="113.9355551"><ele>15.9</ele><time>2023-08-08T22:37:25Z</time></trkpt>
      <trkpt lat="22.5385537" lon="113.9355654"><ele>15.9</ele><time>2023-08-08T22:37:26Z</time></trkpt>
      <trkpt lat="22.5385416" lon="113.9355765"><ele>16.0</ele><time>2023-08-08T22:37:27Z</time></trkpt>
      <trkpt lat="22.5385297" lon="113.9355879"><ele>16.0</ele><time>2023-08-08T22:37:28Z</time></trkpt>
      <trkpt lat="22.5385182" lon="113.9355996"><ele>16.0</ele><time>2023-08-08T22:37:29Z</time></trkpt>
      <trkpt lat="22.5385074" lon="113.9356119"><ele>16.0</ele><time>2023-08-08T22:37:30Z</time></trkpt>
      <trkpt lat="22.5384971" lon="113.9356246"><ele>16.0</ele><time>2023-08-08T22:37:31Z</time></trkpt>
      <trkpt lat="22.5384871" lon="113.9356376"><ele>16.0</ele><time>2023-08-08T22:37:32Z</time></trkpt>
      <trkpt lat="22.5384774" lon="113.9356508"><ele>16.0</ele><time>2023-08-08T22:37:33Z</time></trkpt>
      <trkpt lat="22.5384684" lon="113.9356642"><ele>16.0</ele><time>2023-08-08T22:37:34Z</time></trkpt>
      <trkpt lat="22.5384603" lon="113.9356784"><ele>16.0</ele><time>2023-08-08T22:37:35Z</time></trkpt>
      <trkpt lat="22.5384525" lon="113.9356931"><ele>16.0</ele><time>2023-08-08T22:37:36Z</time></trkpt>
      <trkpt lat="22.5384448" lon="113.9357080"><ele>16.0</ele><time>2023-08-08T22:37:37Z</time></trkpt>
      <trkpt lat="22.5384373" lon="113.9357234"><ele>16.0</ele><time>2023-08-08T22:37:38Z</time></trkpt>
      <trkpt lat="22.5384307" lon="113.9357392"><ele>16.0</ele><time>2023-08-08T22:37:39Z</time></trkpt>
      <trkpt lat="22.5384248" lon="113.9357552"><ele>16.0</ele><time>2023-08-08T22:37:40Z</time></trkpt>
      <trkpt lat="22.5384189" lon="113.9357715"><ele>16.0</ele><time>2023-08-08T22:37:41Z</time></trkpt>
      <trkpt lat="22.5384133" lon="113.9357879"><ele>16.0</ele><time>2023-08-08T22:37:42Z</time></trkpt>
      <trkpt lat="22.5384081" lon="113.9358048"><ele>16.0</ele><time>2023-08-08T22:37:43Z</time></trkpt>
      <trkpt lat="22.5384033" lon="113.9358222"><ele>15.9</ele><time>2023-08-08T22:37:44Z</time></trkpt>
      <trkpt lat="22.5383986" lon="113.9358395"><ele>15.9</ele><time>2023-08-08T22:37:45Z</time></trkpt>
      <trkpt lat="22.5383933" lon="113.9358566"><ele>15.9</ele><time>2023-08-08T22:37:46Z</time></trkpt>
      <trkpt lat="22.5383883" lon="113.9358736"><ele>15.9</ele><time>2023-08-08T22:37:47Z</time></trkpt>
      <trkpt lat="22.5383844" lon="113.9358906"><ele>15.9</ele><time>2023-08-08T22:37:48Z</time></trkpt>
      <trkpt lat="22.5383816" lon="113.9359075"><ele>15.9</ele><time>2023-08-08T22:37:49Z</time></trkpt>
      <trkpt lat="22.5383797" lon="113.9359242"><ele>15.9</ele><time>2023-08-08T22:37:50Z</time></trkpt>
      <trkpt lat="22.5383785" lon="113.9359399"><ele>15.9</ele><time>2023-08-08T22:37:51Z</time></trkpt>
      <trkpt lat="22.5383776" lon="113.9359547"><ele>15.8</ele><time>2023-08-08T22:37:52Z</time></trkpt>
      <trkpt lat="22.5383772" lon="113.9359693"><ele>15.8</ele><time>2023-08-08T22:37:53Z</time></trkpt>
      <trkpt lat="22.5383775" lon="113.9359839"><ele>15.8</ele><time>2023-08-08T22:37:54Z</time></trkpt>
      <trkpt lat="22.5383784" lon="113.9359986"><ele>15.8</ele><time>2023-08-08T22:37:55Z</time></trkpt>
      <trkpt lat="22.5383791" lon="113.9360136"><ele>15.8</ele><time>2023-08-08T22:37:56Z</time></trkpt>
      <trkpt lat="22.5383804" lon="113.9360287"><ele>15.8</ele><time>2023-08-08T22:37:57Z</time></trkpt>
      <trkpt lat="22.5383832" lon="113.9360436"><ele>15.8</ele><time>2023-08-08T22:37:58Z</time></trkpt>
      <trkpt lat="22.5383868" lon="113.9360583"><ele>15.8</ele><time>2023-08-08T22:37:59Z</time></trkpt>
      <trkpt lat="22.5383905" lon="113.9360729"><ele>15.7</ele><time>2023-08-08T22:38:00Z</time></trkpt>
      <trkpt lat="22.5383948" lon="113.9360873"><ele>15.7</ele><time>2023-08-08T22:38:01Z</time></trkpt>
      <trkpt lat="22.5383994" lon="113.9361016"><ele>15.7</ele><time>2023-08-08T22:38:02Z</time></trkpt>
      <trkpt lat="22.5384049" lon="113.9361156"><ele>15.7</ele><time>2023-08-08T22:38:03Z</time></trkpt>
      <trkpt lat="22.5384113" lon="113.9361293"><ele>15.7</ele><time>2023-08-08T22:38:04Z</time></trkpt>
      <trkpt lat="22.5384186" lon="113.9361428"><ele>15.7</ele><time>2023-08-08T22:38:05Z</time></trkpt>
      <trkpt lat="22.5384260" lon="113.9361559"><ele>15.8</ele><time>2023-08-08T22:38:06Z</time></trkpt>
      <trkpt lat="22.5384333" lon="113.9361690"><ele>15.8</ele><time>2023-08-08T22:38:07Z</time></trkpt>
      <trkpt lat="22.5384412" lon="113.9361819"><ele>15.8</ele><time>2023-08-08T22:38:08Z</time></trkpt>
      <trkpt lat="22.5384495" lon="113.9361945"><ele>15.8</ele><time>2023-08-08T22:38:09Z</time></trkpt>
      <trkpt lat="22.5384577" lon="113.9362071"><ele>15.8</ele><time>2023-08-08T22:38:10Z</time></trkpt>
      <trkpt lat="22.5384657" lon="113.9362198"><ele>15.8</ele><time>2023-08-08T22:38:11Z</time></trkpt>
      <trkpt lat="22.5384743" lon="113.9362322"><ele>15.9</ele><time>2023-08-08T22:38:12Z</time></trkpt>
      <trkpt lat="22.5384845" lon="113.9362438"><ele>15.9</ele><time>2023-08-08T22:38:13Z</time></trkpt>
      <trkpt lat="22.5384968" lon="113.9362550"><ele>15.9</ele><time>2023-08-08T22:38:14Z</time></trkpt>
      <trkpt lat="22.5385102" lon="113.9362656"><ele>15.9</ele><time>2023-08-08T22:38:15Z</time></trkpt>
      <trkpt lat="22.5385222" lon="113.9362761"><ele>16.0</ele><time>2023-08-08T22:38:16Z</time></trkpt>
      <trkpt lat="22.5385332" lon="113.9362866"><ele>16.0</ele><time>2023-08-08T22:38:17Z</time></trkpt>
      <trkpt lat="22.5385447" lon="113.9362963"><ele>16.0</ele><time>2023-08-08T22:38:18Z</time></trkpt>
      <trkpt lat="22.5385570" lon="113.9363051"><ele>16.0</ele><time>2023-08-08T22:38:19Z</time></trkpt>
      <trkpt lat="22.5385690" lon="113.9363140"><ele>16.1</ele><time>2023-08-08T22:38:20Z</time></trkpt>
      <trkpt lat="22.5385810" lon="113.9363227"><ele>16.1</ele><time>2023-08-08T22:38:21Z</time></trkpt>
      <trkpt lat="22.5385937" lon="113.9363303"><ele>16.1</ele><time>2023-08-08T22:38:22Z</time></trkpt>
      <trkpt lat="22.5386069" lon="113.9363374"><ele>16.1</ele><time>2023-08-08T22:38:23Z</time></trkpt>
      <trkpt lat="22.5386199" lon="113.9363446"><ele>16.2</ele><time>2023-08-08T22:38:24Z</time></trkpt>
      <trkpt lat="22.5386333" lon="113.9363514"><ele>16.2</ele><time>2023-08-08T22:38:25Z</time></trkpt>
      <trkpt lat="22.5386471" lon="113.9363577"><ele>16.2</ele><time>2023-08-08T22:38:26Z</time></trkpt>
      <trkpt lat="22.5386607" lon="113.9363640"><ele>16.2</ele><time>2023-08-08T22:38:27Z</time></trkpt>
      <trkpt lat="22.5386745" lon="113.9363700"><ele>16.2</ele><time>2023-08-08T22:38:28Z</time></trkpt>
      <trkpt lat="22.5386884" lon="113.9363751"><ele>16.2</ele><time>2023-08-08T22:38:29Z</time></trkpt>
      <trkpt lat="22.5387024" lon="113.9363799"><ele>16.3</ele><time>2023-08-08T22:38:30Z</time></trkpt>
      <trkpt lat="22.5387164" lon="113.9363848"><ele>16.3</ele><time>2023-08-08T22:38:31Z</time></trkpt>
      <trkpt lat="22.5387309" lon="113.9363889"><ele>16.3</ele><time>2023-08-08T22:38:32Z</time></trkpt>
      <trkpt lat="22.5387459" lon="113.9363913"><ele>16.3</ele><time>2023-08-08T22:38:33Z</time></trkpt>
      <trkpt lat="22.5387609" lon="113.9363930"><ele>16.3</ele><time>2023-08-08T22:38:34Z</time></trkpt>
      <trkpt lat="22.5387758" lon="113.9363950"><ele>16.3</ele><time>2023-08-08T22:38:35Z</time></trkpt>
      <trkpt lat="22.5387907" lon="113.9363976"><ele>16.3</ele><time>2023-08-08T22:38:36Z</time></trkpt>
      <trkpt lat="22.5388057" lon="113.9364005"><ele>16.3</ele><time>2023-08-08T22:38:37Z</time></trkpt>
      <trkpt lat="22.5388208" lon="113.9364030"><ele>16.2</ele><time>2023-08-08T22:38:38Z</time></trkpt>
      <trkpt lat="22.5388363" lon="113.9364046"><ele>16.2</ele><time>2023-08-08T22:38:39Z</time></trkpt>
      <trkpt lat="22.5388518" lon="113.9364053"><ele>16.2</ele><time>2023-08-08T22:38:40Z</time></trkpt>
      <trkpt lat="22.5388672" lon="113.9364058"><ele>16.2</ele><time>2023-08-08T22:38:41Z</time></trkpt>
      <trkpt lat="22.5388826" lon="113.9364058"><ele>16.2</ele><time>2023-08-08T22:38:42Z</time></trkpt>
      <trkpt lat="22.5388981" lon="113.9364049"><ele>16.2</ele><time>2023-08-08T22:38:43Z</time></trkpt>
      <trkpt lat="22.5389137" lon="113.9364043"><ele>16.2</ele><time>2023-08-08T22:38:44Z</time></trkpt>
      <trkpt lat="22.5389292" lon="113.9364038"><ele>16.2</ele><time>2023-08-08T22:38:45Z</time></trkpt>
      <trkpt lat="22.5389449" lon="113.9364031"><ele>16.2</ele><time>2023-08-08T22:38:46Z</time></trkpt>
      <trkpt lat="22.5389606" lon="113.9364027"><ele>16.2</ele><time>2023-08-08T22:38:47Z</time></trkpt>
      <trkpt lat="22.5389762" lon="113.9364023"><ele>16.2</ele><time>2023-08-08T22:38:48Z</time></trkpt>
      <trkpt lat="22.5389917" lon="113.9364018"><ele>16.2</ele><time>2023-08-08T22:38:49Z</time></trkpt>
      <trkpt lat="22.5390071" lon="113.9364022"><ele>16.1</ele><time>2023-08-08T22:38:50Z</time></trkpt>
      <trkpt lat="22.5390223" lon="113.9364039"><ele>16.1</ele><time>2023-08-08T22:38:51Z</time></trkpt>
      <trkpt lat="22.5390375" lon="113.9364052"><ele>16.1</ele><time>2023-08-08T22:38:52Z</time></trkpt>
      <trkpt lat="22.5390531" lon="113.9364055"><ele>16.1</ele><time>2023-08-08T22:38:53Z</time></trkpt>
      <trkpt lat="22.5390690" lon="113.9364058"><ele>16.1</ele><time>2023-08-08T22:38:54Z</time></trkpt>
      <trkpt lat="22.5390849" lon="113.9364062"><ele>16.1</ele><time>2023-08-08T22:38:55Z</time></trkpt>
      <trkpt lat="22.5391007" lon="113.9364058"><ele>16.1</ele><time>2023-08-08T22:38:56Z</time></trkpt>
      <trkpt lat="22.5391165" lon="113.9364050"><ele>16.1</ele><time>2023-08-08T22:38:57Z</time></trkpt>
      <trkpt lat="22.5391322" lon="113.9364039"><ele>16.1</ele><time>2023-08-08T22:38:58Z</time></trkpt>
      <trkpt lat="22.5391480" lon="113.9364026"><ele>16.1</ele><time>2023-08-08T22:38:59Z</time></trkpt>
      <trkpt lat="22.5391636" lon="113.9364011"><ele>16.1</ele><time>2023-08-08T22:39:00Z</time></trkpt>
      <trkpt lat="22.5391793" lon="113.9363997"><ele>16.1</ele><time>2023-08-08T22:39:01Z</time></trkpt>
      <trkpt lat="22.5391951" lon="113.9363988"><ele>16.1</ele><time>2023-08-08T22:39:02Z</time></trkpt>
      <trkpt lat="22.5392111" lon="113.9363979"><ele>16.1</ele><time>2023-08-08T22:39:03Z</time></trkpt>
      <trkpt lat="22.5392269" lon="113.9363969"><ele>16.1</ele><time>2023-08-08T22:39:04Z</time></trkpt>
      <trkpt lat="22.5392427" lon="113.9363960"><ele>16.1</ele><time>2023-08-08T22:39:05Z</time></trkpt>
      <trkpt lat="22.5392585" lon="113.9363946"><ele>16.1</ele><time>2023-08-08T22:39:06Z</time></trkpt>
      <trkpt lat="22.5392743" lon="113.9363934"><ele>16.1</ele><time>2023-08-08T22:39:07Z</time></trkpt>
      <trkpt lat="22.5392902" lon="113.9363932"><ele>16.1</ele><time>2023-08-08T22:39:08Z</time></trkpt>
      <trkpt lat="22.5393062" lon="113.9363933"><ele>16.1</ele><time>2023-08-08T22:39:09Z</time></trkpt>
      <trkpt lat="22.5393221" lon="113.9363929"><ele>16.2</ele><time>2023-08-08T22:39:10Z</time></trkpt>
      <trkpt lat="22.5393379" lon="113.9363929"><ele>16.2</ele><time>2023-08-08T22:39:11Z</time></trkpt>
      <trkpt lat="22.5393536" lon="113.9363924"><ele>16.2</ele><time>2023-08-08T22:39:12Z</time></trkpt>
      <trkpt lat="22.5393693" lon="113.9363914"><ele>16.2</ele><time>2023-08-08T22:39:13Z</time></trkpt>
      <trkpt lat="22.5393848" lon="113.9363899"><ele>16.3</ele><time>2023-08-08T22:39:14Z</time></trkpt>
      <trkpt lat="22.5394004" lon="113.9363875"><ele>16.3</ele><time>2023-08-08T22:39:15Z</time></trkpt>
      <trkpt lat="22.5394158" lon="113.9363844"><ele>16.3</ele><time>2023-08-08T22:39:16Z</time></trkpt>
      <trkpt lat="22.5394310" lon="113.9363809"><ele>16.3</ele><time>2023-08-08T22:39:17Z</time></trkpt>
      <trkpt lat="22.5394460" lon="113.9363772"><ele>16.4</ele><time>2023-08-08T22:39:18Z</time></trkpt>
      <trkpt lat="22.5394613" lon="113.9363733"><ele>16.4</ele><time>2023-08-08T22:39:19Z</time></trkpt>
      <trkpt lat="22.5394766" lon="113.9363693"><ele>16.4</ele><time>2023-08-08T22:39:20Z</time></trkpt>
      <trkpt lat="22.5394918" lon="113.9363654"><ele>16.5</ele><time>2023-08-08T22:39:21Z</time></trkpt>
      <trkpt lat="22.5395071" lon="113.9363617"><ele>16.5</ele><time>2023-08-08T22:39:22Z</time></trkpt>
      <trkpt lat="22.5395225" lon="113.9363582"><ele>16.5</ele><time>2023-08-08T22:39:23Z</time></trkpt>
      <trkpt lat="22.5395378" lon="113.9363548"><ele>16.5</ele><time>2023-08-08T22:39:24Z</time></trkpt>
      <trkpt lat="22.5395531" lon="113.9363514"><ele>16.6</ele><time>2023-08-08T22:39:25Z</time></trkpt>
      <trkpt lat="22.5395679" lon="113.9363465"><ele>16.6</ele><time>2023-08-08T22:39:26Z</time></trkpt>
      <trkpt lat="22.5395824" lon="113.9363405"><ele>16.6</ele><time>2023-08-08T22:39:27Z</time></trkpt>
      <trkpt lat="22.5395970" lon="113.9363350"><ele>16.6</ele><time>2023-08-08T22:39:28Z</time></trkpt>
      <trkpt lat="22.5396116" lon="113.9363301"><ele>16.6</ele><time>2023-08-08T22:39:29Z</time></trkpt>
      <trkpt lat="22.5396265" lon="113.9363261"><ele>16.7</ele><time>2023-08-08T22:39:30Z</time></trkpt>
      <trkpt lat="22.5396416" lon="113.9363231"><ele>16.7</ele><time>2023-08-08T22:39:31Z</time></trkpt>
      <trkpt lat="22.5396566" lon="113.9363198"><ele>16.7</ele><time>2023-08-08T22:39:32Z</time></trkpt>
      <trkpt lat="22.5396715" lon="113.9363155"><ele>16.7</ele><time>2023-08-08T22:39:33Z</time></trkpt>
      <trkpt lat="22.5396864" lon="113.9363112"><ele>16.7</ele><time>2023-08-08T22:39:34Z</time></trkpt>
      <trkpt lat="22.5397011" lon="113.9363068"><ele>16.6</ele><time>2023-08-08T22:39:35Z</time></trkpt>
      <trkpt lat="22.5397153" lon="113.9363005"><ele>16.6</ele><time>2023-08-08T22:39:36Z</time></trkpt>
      <trkpt lat="22.5397288" lon="113.9362927"><ele>16.6</ele><time>2023-08-08T22:39:37Z</time></trkpt>
      <trkpt lat="22.5397421" lon="113.9362844"><ele>16.6</ele><time>2023-08-08T22:39:38Z</time></trkpt>
      <trkpt lat="22.5397548" lon="113.9362753"><ele>16.5</ele><time>2023-08-08T22:39:39Z</time></trkpt>
      <trkpt lat="22.5397673" lon="113.9362655"><ele>16.5</ele><time>2023-08-08T22:39:40Z</time></trkpt>
      <trkpt lat="22.5397795" lon="113.9362556"><ele>16.5</ele><time>2023-08-08T22:39:41Z</time></trkpt>
      <trkpt lat="22.5397913" lon="113.9362452"><ele>16.4</ele><time>2023-08-08T22:39:42Z</time></trkpt>
      <trkpt lat="22.5398027" lon="113.9362343"><ele>16.4</ele><time>2023-08-08T22:39:43Z</time></trkpt>
      <trkpt lat="22.5398136" lon="113.9362227"><ele>16.3</ele><time>2023-08-08T22:39:44Z</time></trkpt>
      <trkpt lat="22.5398241" lon="113.9362108"><ele>16.3</ele><time>2023-08-08T22:39:45Z</time></trkpt>
      <trkpt lat="22.5398346" lon="113.9361989"><ele>16.2</ele><time>2023-08-08T22:39:46Z</time></trkpt>
      <trkpt lat="22.5398450" lon="113.9361868"><ele>16.1</ele><time>2023-08-08T22:39:47Z</time></trkpt>
      <trkpt lat="22.5398549" lon="113.9361743"><ele>16.1</ele><time>2023-08-08T22:39:48Z</time></trkpt>
      <trkpt lat="22.5398643" lon="113.9361613"><ele>16.0</ele><time>2023-08-08T22:39:49Z</time></trkpt>
      <trkpt lat="22.5398729" lon="113.9361480"><ele>15.9</ele><time>2023-08-08T22:39:50Z</time></trkpt>
      <trkpt lat="22.5398807" lon="113.9361351"><ele>15.8</ele><time>2023-08-08T22:39:51Z</time></trkpt>
      <trkpt lat="22.5398877" lon="113.9361231"><ele>15.8</ele><time>2023-08-08T22:39:52Z</time></trkpt>
      <trkpt lat="22.5398941" lon="113.9361108"><ele>15.7</ele><time>2023-08-08T22:39:53Z</time></trkpt>
      <trkpt lat="22.5399001" lon="113.9360975"><ele>15.6</ele><time>2023-08-08T22:39:54Z</time></trkpt>
      <trkpt lat="22.5399057" lon="113.9360836"><ele>15.5</ele><time>2023-08-08T22:39:55Z</time></trkpt>
      <trkpt lat="22.5399109" lon="113.9360687"><ele>15.4</ele><time>2023-08-08T22:39:56Z</time></trkpt>
      <trkpt lat="22.5399154" lon="113.9360530"><ele>15.4</ele><time>2023-08-08T22:39:57Z</time></trkpt>
      <trkpt lat="22.5399192" lon="113.9360369"><ele>15.3</ele><time>2023-08-08T22:39:58Z</time></trkpt>
      <trkpt lat="22.5399229" lon="113.9360208"><ele>15.2</ele><time>2023-08-08T22:39:59Z</time></trkpt>
      <trkpt lat="22.5399259" lon="113.9360045"><ele>15.1</ele><time>2023-08-08T22:40:00Z</time></trkpt>
      <trkpt lat="22.5399277" lon="113.9359880"><ele>15.0</ele><time>2023-08-08T22:40:01Z</time></trkpt>
      <trkpt lat="22.5399293" lon="113.9359715"><ele>15.0</ele><time>2023-08-08T22:40:02Z</time></trkpt>
      <trkpt lat="22.5399311" lon="113.9359552"><ele>14.9</ele><time>2023-08-08T22:40:03Z</time></trkpt>
      <trkpt lat="22.5399322" lon="113.9359388"><ele>14.8</ele><time>2023-08-08T22:40:04Z</time></trkpt>
      <trkpt lat="22.5399324" lon="113.9359224"><ele>14.8</ele><time>2023-08-08T22:40:05Z</time></trkpt>
      <trkpt lat="22.5399320" lon="113.9359060"><ele>14.7</ele><time>2023-08-08T22:40:06Z</time></trkpt>
      <trkpt lat="22.5399311" lon="113.9358895"><ele>14.6</ele><time>2023-08-08T22:40:07Z</time></trkpt>
      <trkpt lat="22.5399298" lon="113.9358731"><ele>14.6</ele><time>2023-08-08T22:40:08Z</time></trkpt>
      <trkpt lat="22.5399279" lon="113.9358567"><ele>14.5</ele><time>2023-08-08T22:40:09Z</time></trkpt>
      <trkpt lat="22.5399255" lon="113.9358405"><ele>14.5</ele><time>2023-08-08T22:40:10Z</time></trkpt>
      <trkpt lat="22.5399228" lon="113.9358242"><ele>14.4</ele><time>2023-08-08T22:40:11Z</time></trkpt>
      <trkpt lat="22.5399200" lon="113.9358081"><ele>14.4</ele><time>2023-08-08T22:40:12Z</time></trkpt>
      <trkpt lat="22.5399166" lon="113.9357923"><ele>14.4</ele><time>2023-08-08T22:40:13Z</time></trkpt>
      <trkpt lat="22.5399119" lon="113.9357779"><ele>14.3</ele><time>2023-08-08T22:40:14Z</time></trkpt>
      <trkpt lat="22.5399069" lon="113.9357650"><ele>14.3</ele><time>2023-08-08T22:40:15Z</time></trkpt>
      <trkpt lat="22.5399018" lon="113.9357528"><ele>14.3</ele><time>2023-08-08T22:40:16Z</time></trkpt>
      <trkpt lat="22.5398958" lon="113.9357391"><ele>14.3</ele><time>2023-08-08T22:40:17Z</time></trkpt>
      <trkpt lat="22.5398887" lon="113.9357244"><ele>14.2</ele><time>2023-08-08T22:40:18Z</time></trkpt>
      <trkpt lat="22.5398811" lon="113.9357097"><ele>14.2</ele><time>2023-08-08T22:40:19Z</time></trkpt>
      <trkpt lat="22.5398735" lon="113.9356953"><ele>14.2</ele><time>2023-08-08T22:40:20Z</time></trkpt>
      <trkpt lat="22.5398656" lon="113.9356808"><ele>14.2</ele><time>2023-08-08T22:40:21Z</time></trkpt>
      <trkpt lat="22.5398578" lon="113.9356661"><ele>14.3</ele><time>2023-08-08T22:40:22Z</time></trkpt>
      <trkpt lat="22.5398505" lon="113.9356515"><ele>14.3</ele><time>2023-08-08T22:40:23Z</time></trkpt>
      <trkpt lat="22.5398433" lon="113.9356368"><ele>14.3</ele><time>2023-08-08T22:40:24Z</time></trkpt>
      <trkpt lat="22.5398358" lon="113.9356222"><ele>14.3</ele><time>2023-08-08T22:40:25Z</time></trkpt>
      <trkpt lat="22.5398279" lon="113.9356079"><ele>14.4</ele><time>2023-08-08T22:40:26Z</time></trkpt>
      <trkpt lat="22.5398192" lon="113.9355942"><ele>14.4</ele><time>2023-08-08T22:40:27Z</time></trkpt>
      <trkpt lat="22.5398092" lon="113.9355813"><ele>14.4</ele><time>2023-08-08T22:40:28Z</time></trkpt>
      <trkpt lat="22.5397984" lon="113.9355693"><ele>14.5</ele><time>2023-08-08T22:40:29Z</time></trkpt>
      <trkpt lat="22.5397876" lon="113.9355575"><ele>14.5</ele><time>2023-08-08T22:40:30Z</time></trkpt>
      <trkpt lat="22.5397762" lon="113.9355457"><ele>14.6</ele><time>2023-08-08T22:40:31Z</time></trkpt>
      <trkpt lat="22.5397642" lon="113.9355347"><ele>14.6</ele><time>2023-08-08T22:40:32Z</time></trkpt>
      <trkpt lat="22.5397521" lon="113.9355242"><ele>14.7</ele><time>2023-08-08T22:40:33Z</time></trkpt>
      <trkpt lat="22.5397402" lon="113.9355148"><ele>14.7</ele><time>2023-08-08T22:40:34Z</time></trkpt>
      <trkpt lat="22.5397280" lon="113.9355070"><ele>14.8</ele><time>2023-08-08T22:40:35Z</time></trkpt>
      <trkpt lat="22.5397152" lon="113.9355006"><ele>14.9</ele><time>2023-08-08T22:40:36Z</time></trkpt>
      <trkpt lat="22.5397018" lon="113.9354944"><ele>14.9</ele><time>2023-08-08T22:40:37Z</time></trkpt>
      <trkpt lat="22.5396875" lon="113.9354877"><ele>15.0</ele><time>2023-08-08T22:40:38Z</time></trkpt>
      <trkpt lat="22.5396726" lon="113.9354812"><ele>15.0</ele><time>2023-08-08T22:40:39Z</time></trkpt>
      <trkpt lat="22.5396579" lon="113.9354749"><ele>15.1</ele><time>2023-08-08T22:40:40Z</time></trkpt>
      <trkpt lat="22.5396433" lon="113.9354685"><ele>15.2</ele><time>2023-08-08T22:40:41Z</time></trkpt>
      <trkpt lat="22.5396288" lon="113.9354621"><ele>15.2</ele><time>2023-08-08T22:40:42Z</time></trkpt>
      <trkpt lat="22.5396143" lon="113.9354555"><ele>15.3</ele><time>2023-08-08T22:40:43Z</time></trkpt>
      <trkpt lat="22.5395995" lon="113.9354494"><ele>15.4</ele><time>2023-08-08T22:40:44Z</time></trkpt>
      <trkpt lat="22.5395840" lon="113.9354449"><ele>15.4</ele><time>2023-08-08T22:40:45Z</time></trkpt>
      <trkpt lat="22.5395680" lon="113.9354417"><ele>15.5</ele><time>2023-08-08T22:40:46Z</time></trkpt>
      <trkpt lat="22.5395518" lon="113.9354389"><ele>15.5</ele><time>2023-08-08T22:40:47Z</time></trkpt>
      <trkpt lat="22.5395356" lon="113.9354368"><ele>15.6</ele><time>2023-08-08T22:40:48Z</time></trkpt>
      <trkpt lat="22.5395192" lon="113.9354353"><ele>15.6</ele><time>2023-08-08T22:40:49Z</time></trkpt>
      <trkpt lat="22.5395028" lon="113.9354344"><ele>15.6</ele><time>2023-08-08T22:40:50Z</time></trkpt>
      <trkpt lat="22.5394862" lon="113.9354345"><ele>15.7</ele><time>2023-08-08T22:40:51Z</time></trkpt>
      <trkpt lat="22.5394696" lon="113.9354363"><ele>15.7</ele><time>2023-08-08T22:40:52Z</time></trkpt>
      <trkpt lat="22.5394531" lon="113.9354389"><ele>15.7</ele><time>2023-08-08T22:40:53Z</time></trkpt>
      <trkpt lat="22.5394365" lon="113.9354415"><ele>15.8</ele><time>2023-08-08T22:40:54Z</time></trkpt>
      <trkpt lat="22.5394197" lon="113.9354439"><ele>15.8</ele><time>2023-08-08T22:40:55Z</time></trkpt>
      <trkpt lat="22.5394030" lon="113.9354458"><ele>15.8</ele><time>2023-08-08T22:40:56Z</time></trkpt>
      <trkpt lat="22.5393865" lon="113.9354472"><ele>15.8</ele><time>2023-08-08T22:40:57Z</time></trkpt>
      <trkpt lat="22.5393699" lon="113.9354486"><ele>15.8</ele><time>2023-08-08T22:40:58Z</time></trkpt>
      <trkpt lat="22.5393534" lon="113.9354502"><ele>15.8</ele><time>2023-08-08T22:40:59Z</time></trkpt>
      <trkpt lat="22.5393370" lon="113.9354522"><ele>15.8</ele><time>2023-08-08T22:41:00Z</time></trkpt>
      <trkpt lat="22.5393205" lon="113.9354541"><ele>15.8</ele><time>2023-08-08T22:41:01Z</time></trkpt>
      <trkpt lat="22.5393041" lon="113.9354545"><ele>15.8</ele><time>2023-08-08T22:41:02Z</time></trkpt>
      <trkpt lat="22.5392878" lon="113.9354537"><ele>15.8</ele><time>2023-08-08T22:41:03Z</time></trkpt>
      <trkpt lat="22.5392715" lon="113.9354527"><ele>15.8</ele><time>2023-08-08T22:41:04Z</time></trkpt>
      <trkpt lat="22.5392553" lon="113.9354520"><ele>15.7</ele><time>2023-08-08T22:41:05Z</time></trkpt>
      <trkpt lat="22.5392390" lon="113.9354518"><ele>15.7</ele><time>2023-08-08T22:41:06Z</time></trkpt>
      <trkpt lat="22.5392227" lon="113.9354524"><ele>15.7</ele><time>2023-08-08T22:41:07Z</time></trkpt>
      <trkpt lat="22.5392064" lon="113.9354537"><ele>15.7</ele><time>2023-08-08T22:41:08Z</time></trkpt>
      <trkpt lat="22.5391902" lon="113.9354555"><ele>15.7</ele><time>2023-08-08T22:41:09Z</time></trkpt>
      <trkpt lat="22.5391740" lon="113.9354573"><ele>15.6</ele><time>2023-08-08T22:41:10Z</time></trkpt>
      <trkpt lat="22.5391577" lon="113.9354594"><ele>15.6</ele><time>2023-08-08T22:41:11Z</time></trkpt>
      <trkpt lat="22.5391415" lon="113.9354614"><ele>15.6</ele><time>2023-08-08T22:41:12Z</time></trkpt>
      <trkpt lat="22.5391253" lon="113.9354632"><ele>15.6</ele><time>2023-08-08T22:41:13Z</time></trkpt>
      <trkpt lat="22.5391090" lon="113.9354646"><ele>15.6</ele><time>2023-08-08T22:41:14Z</time></trkpt>
      <trkpt lat="22.5390928" lon="113.9354661"><ele>15.5</ele><time>2023-08-08T22:41:15Z</time></trkpt>
      <trkpt lat="22.5390767" lon="113.9354678"><ele>15.5</ele><time>2023-08-08T22:41:16Z</time></trkpt>
      <trkpt lat="22.5390606" lon="113.9354694"><ele>15.5</ele><time>2023-08-08T22:41:17Z</time></trkpt>
      <trkpt lat="22.5390444" lon="113.9354705"><ele>15.4</ele><time>2023-08-08T22:41:18Z</time></trkpt>
      <trkpt lat="22.5390282" lon="113.9354713"><ele>15.4</ele><time>2023-08-08T22:41:19Z</time></trkpt>
      <trkpt lat="22.5390121" lon="113.9354724"><ele>15.4</ele><time>2023-08-08T22:41:20Z</time></trkpt>
      <trkpt lat="22.5389959" lon="113.9354734"><ele>15.4</ele><time>2023-08-08T22:41:21Z</time></trkpt>
      <trkpt lat="22.5389798" lon="113.9354738"><ele>15.3</ele><time>2023-08-08T22:41:22Z</time></trkpt>
      <trkpt lat="22.5389638" lon="113.9354735"><ele>15.3</ele><time>2023-08-08T22:41:23Z</time></trkpt>
      <trkpt lat="22.5389479" lon="113.9354733"><ele>15.3</ele><time>2023-08-08T22:41:24Z</time></trkpt>
      <trkpt lat="22.5389319" lon="113.9354728"><ele>15.3</ele><time>2023-08-08T22:41:25Z</time></trkpt>
      <trkpt lat="22.5389161" lon="113.9354713"><ele>15.3</ele><time>2023-08-08T22:41:26Z</time></trkpt>
      <trkpt lat="22.5389001" lon="113.9354696"><ele>15.2</ele><time>2023-08-08T22:41:27Z</time></trkpt>
      <trkpt lat="22.5388840" lon="113.9354685"><ele>15.2</ele><time>2023-08-08T22:41:28Z</time></trkpt>
      <trkpt lat="22.5388680" lon="113.9354683"><ele>15.2</ele><time>2023-08-08T22:41:29Z</time></trkpt>
      <trkpt lat="22.5388519" lon="113.9354687"><ele>15.2</ele><time>2023-08-08T22:41:30Z</time></trkpt>
      <trkpt lat="22.5388358" lon="113.9354699"><ele>15.2</ele><time>2023-08-08T22:41:31Z</time></trkpt>
      <trkpt lat="22.5388197" lon="113.9354718"><ele>15.2</ele><time>2023-08-08T22:41:32Z</time></trkpt>
      <trkpt lat="22.5388037" lon="113.9354739"><ele>15.2</ele><time>2023-08-08T22:41:33Z</time></trkpt>
      <trkpt lat="22.5387877" lon="113.9354766"><ele>15.2</ele><time>2023-08-08T22:41:34Z</time></trkpt>
      <trkpt lat="22.5387716" lon="113.9354804"><ele>15.2</ele><time>2023-08-08T22:41:35Z</time></trkpt>
      <trkpt lat="22.5387557" lon="113.9354848"><ele>15.2</ele><time>2023-08-08T22:41:36Z</time></trkpt>
      <trkpt lat="22.5387400" lon="113.9354894"><ele>15.2</ele><time>2023-08-08T22:41:37Z</time></trkpt>
      <trkpt lat="22.5387243" lon="113.9354927"><ele>15.2</ele><time>2023-08-08T22:41:38Z</time></trkpt>
      <trkpt lat="22.5387083" lon="113.9354947"><ele>15.3</ele><time>2023-08-08T22:41:39Z</time></trkpt>
      <trkpt lat="22.5386923" lon="113.9354967"><ele>15.3</ele><time>2023-08-08T22:41:40Z</time></trkpt>
      <trkpt lat="22.5386764" lon="113.9354981"><ele>15.3</ele><time>2023-08-08T22:41:41Z</time></trkpt>
      <trkpt lat="22.5386607" lon="113.9354983"><ele>15.4</ele><time>2023-08-08T22:41:42Z</time></trkpt>
      <trkpt lat="22.5386451" lon="113.9354989"><ele>15.4</ele><time>2023-08-08T22:41:43Z</time></trkpt>
      <trkpt lat="22.5386295" lon="113.9355026"><ele>15.5</ele><time>2023-08-08T22:41:44Z</time></trkpt>
      <trkpt lat="22.5386141" lon="113.9355091"><ele>15.5</ele><time>2023-08-08T22:41:45Z</time></trkpt>
      <trkpt lat="22.5385992" lon="113.9355166"><ele>15.6</ele><time>2023-08-08T22:41:46Z</time></trkpt>
      <trkpt lat="22.5385846" lon="113.9355252"><ele>15.6</ele><time>2023-08-08T22:41:47Z</time></trkpt>
      <trkpt lat="22.5385706" lon="113.9355350"><ele>15.7</ele><time>2023-08-08T22:41:48Z</time></trkpt>
      <trkpt lat="22.5385575" lon="113.9355459"><ele>15.7</ele><time>2023-08-08T22:41:49Z</time></trkpt>
      <trkpt lat="22.5385448" lon="113.9355574"><ele>15.8</ele><time>2023-08-08T22:41:50Z</time></trkpt>
      <trkpt lat="22.5385323" lon="113.9355692"><ele>15.9</ele><time>2023-08-08T22:41:51Z</time></trkpt>
      <trkpt lat="22.5385200" lon="113.9355811"><ele>16.0</ele><time>2023-08-08T22:41:52Z</time></trkpt>
      <trkpt lat="22.5385080" lon="113.9355931"><ele>16.0</ele><time>2023-08-08T22:41:53Z</time></trkpt>
      <trkpt lat="22.5384963" lon="113.9356056"><ele>16.1</ele><time>2023-08-08T22:41:54Z</time></trkpt>
      <trkpt lat="22.5384852" lon="113.9356190"><ele>16.2</ele><time>2023-08-08T22:41:55Z</time></trkpt>
      <trkpt lat="22.5384749" lon="113.9356330"><ele>16.3</ele><time>2023-08-08T22:41:56Z</time></trkpt>
      <trkpt lat="22.5384647" lon="113.9356470"><ele>16.3</ele><time>2023-08-08T22:41:57Z</time></trkpt>
      <trkpt lat="22.5384545" lon="113.9356609"><ele>16.4</ele><time>2023-08-08T22:41:58Z</time></trkpt>
      <trkpt lat="22.5384453" lon="113.9356750"><ele>16.5</ele><time>2023-08-08T22:41:59Z</time></trkpt>
      <trkpt lat="22.5384372" lon="113.9356900"><ele>16.6</ele><time>2023-08-08T22:42:00Z</time></trkpt>
      <trkpt lat="22.5384297" lon="113.9357058"><ele>16.6</ele><time>2023-08-08T22:42:01Z</time></trkpt>
      <trkpt lat="22.5384225" lon="113.9357216"><ele>16.7</ele><time>2023-08-08T22:42:02Z</time></trkpt>
      <trkpt lat="22.5384148" lon="113.9357370"><ele>16.8</ele><time>2023-08-08T22:42:03Z</time></trkpt>
      <trkpt lat="22.5384072" lon="113.9357524"><ele>16.8</ele><time>2023-08-08T22:42:04Z</time></trkpt>
      <trkpt lat="22.5384005" lon="113.9357680"><ele>16.9</ele><time>2023-08-08T22:42:05Z</time></trkpt>
      <trkpt lat="22.5383950" lon="113.9357842"><ele>17.0</ele><time>2023-08-08T22:42:06Z</time></trkpt>
      <trkpt lat="22.5383902" lon="113.9358007"><ele>17.0</ele><time>2023-08-08T22:42:07Z</time></trkpt>
      <trkpt lat="22.5383857" lon="113.9358175"><ele>17.1</ele><time>2023-08-08T22:42:08Z</time></trkpt>
      <trkpt lat="22.5383819" lon="113.9358343"><ele>17.1</ele><time>2023-08-08T22:42:09Z</time></trkpt>
      <trkpt lat="22.5383780" lon="113.9358509"><ele>17.2</ele><time>2023-08-08T22:42:10Z</time></trkpt>
      <trkpt lat="22.5383739" lon="113.9358672"><ele>17.3</ele><time>2023-08-08T22:42:11Z</time></trkpt>
      <trkpt lat="22.5383701" lon="113.9358835"><ele>17.3</ele><time>2023-08-08T22:42:12Z</time></trkpt>
      <trkpt lat="22.5383670" lon="113.9358997"><ele>17.4</ele><time>2023-08-08T22:42:13Z</time></trkpt>
      <trkpt lat="22.5383657" lon="113.9359153"><ele>17.4</ele><time>2023-08-08T22:42:14Z</time></trkpt>
      <trkpt lat="22.5383659" lon="113.9359297"><ele>17.5</ele><time>2023-08-08T22:42:15Z</time></trkpt>
      <trkpt lat="22.5383668" lon="113.9359442"><ele>17.5</ele><time>2023-08-08T22:42:16Z</time></trkpt>
      <trkpt lat="22.5383675" lon="113.9359598"><ele>17.6</ele><time>2023-08-08T22:42:17Z</time></trkpt>
      <trkpt lat="22.5383681" lon="113.9359765"><ele>17.6</ele><time>2023-08-08T22:42:18Z</time></trkpt>
      <trkpt lat="22.5383686" lon="113.9359932"><ele>17.7</ele><time>2023-08-08T22:42:19Z</time></trkpt>
      <trkpt lat="22.5383694" lon="113.9360099"><ele>17.7</ele><time>2023-08-08T22:42:20Z</time></trkpt>
      <trkpt lat="22.5383715" lon="113.9360264"><ele>17.8</ele><time>2023-08-08T22:42:21Z</time></trkpt>
      <trkpt lat="22.5383742" lon="113.9360429"><ele>17.8</ele><time>2023-08-08T22:42:22Z</time></trkpt>
      <trkpt lat="22.5383771" lon="113.9360592"><ele>17.8</ele><time>2023-08-08T22:42:23Z</time></trkpt>
      <trkpt lat="22.5383810" lon="113.9360756"><ele>17.9</ele><time>2023-08-08T22:42:24Z</time></trkpt>
      <trkpt lat="22.5383859" lon="113.9360920"><ele>17.9</ele><time>2023-08-08T22:42:25Z</time></trkpt>
      <trkpt lat="22.5383910" lon="113.9361081"><ele>17.9</ele><time>2023-08-08T22:42:26Z</time></trkpt>
      <trkpt lat="22.5383967" lon="113.9361237"><ele>17.9</ele><time>2023-08-08T22:42:27Z</time></trkpt>
      <trkpt lat="22.5384038" lon="113.9361388"><ele>18.0</ele><time>2023-08-08T22:42:28Z</time></trkpt>
      <trkpt lat="22.5384118" lon="113.9361533"><ele>18.0</ele><time>2023-08-08T22:42:29Z</time></trkpt>
      <trkpt lat="22.5384196" lon="113.9361679"><ele>18.0</ele><time>2023-08-08T22:42:30Z</time></trkpt>
      <trkpt lat="22.5384270" lon="113.9361827"><ele>18.0</ele><time>2023-08-08T22:42:31Z</time></trkpt>
      <trkpt lat="22.5384344" lon="113.9361975"><ele>18.0</ele><time>2023-08-08T22:42:32Z</time></trkpt>
      <trkpt lat="22.5384421" lon="113.9362118"><ele>18.0</ele><time>2023-08-08T22:42:33Z</time></trkpt>
      <trkpt lat="22.5384510" lon="113.9362254"><ele>18.0</ele><time>2023-08-08T22:42:34Z</time></trkpt>
      <trkpt lat="22.5384614" lon="113.9362382"><ele>18.0</ele><time>2023-08-08T22:42:35Z</time></trkpt>
      <trkpt lat="22.5384727" lon="113.9362503"><ele>18.0</ele><time>2023-08-08T22:42:36Z</time></trkpt>
      <trkpt lat="22.5384848" lon="113.9362624"><ele>18.0</ele><time>2023-08-08T22:42:37Z</time></trkpt>
      <trkpt lat="22.5384978" lon="113.9362744"><ele>18.0</ele><time>2023-08-08T22:42:38Z</time></trkpt>
      <trkpt lat="22.5385109" lon="113.9362856"><ele>18.0</ele><time>2023-08-08T22:42:39Z</time></trkpt>
      <trkpt lat="22.5385235" lon="113.9362962"><ele>18.0</ele><time>2023-08-08T22:42:40Z</time></trkpt>
      <trkpt lat="22.5385363" lon="113.9363063"><ele>17.9</ele><time>2023-08-08T22:42:41Z</time></trkpt>
      <trkpt lat="22.5385493" lon="113.9363161"><ele>17.9</ele><time>2023-08-08T22:42:42Z</time></trkpt>
      <trkpt lat="22.5385624" lon="113.9363258"><ele>17.9</ele><time>2023-08-08T22:42:43Z</time></trkpt>
      <trkpt lat="22.5385760" lon="113.9363347"><ele>17.8</ele><time>2023-08-08T22:42:44Z</time></trkpt>
      <trkpt lat="22.5385903" lon="113.9363425"><ele>17.8</ele><time>2023-08-08T22:42:45Z</time></trkpt>
      <trkpt lat="22.5386045" lon="113.9363502"><ele>17.7</ele><time>2023-08-08T22:42:46Z</time></trkpt>
      <trkpt lat="22.5386185" lon="113.9363580"><ele>17.7</ele><time>2023-08-08T22:42:47Z</time></trkpt>
      <trkpt lat="22.5386327" lon="113.9363654"><ele>17.6</ele><time>2023-08-08T22:42:48Z</time></trkpt>
      <trkpt lat="22.5386472" lon="113.9363724"><ele>17.6</ele><time>2023-08-08T22:42:49Z</time></trkpt>
      <trkpt lat="22.5386618" lon="113.9363789"><ele>17.5</ele><time>2023-08-08T22:42:50Z</time></trkpt>
      <trkpt lat="22.5386767" lon="113.9363843"><ele>17.4</ele><time>2023-08-08T22:42:51Z</time></trkpt>
      <trkpt lat="22.5386918" lon="113.9363894"><ele>17.4</ele><time>2023-08-08T22:42:52Z</time></trkpt>
      <trkpt lat="22.5387066" lon="113.9363946"><ele>17.3</ele><time>2023-08-08T22:42:53Z</time></trkpt>
      <trkpt lat="22.5387215" lon="113.9363979"><ele>17.2</ele><time>2023-08-08T22:42:54Z</time></trkpt>
      <trkpt lat="22.5387369" lon="113.9363996"><ele>17.1</ele><time>2023-08-08T22:42:55Z</time></trkpt>
      <trkpt lat="22.5387524" lon="113.9364012"><ele>17.1</ele><time>2023-08-08T22:42:56Z</time></trkpt>
      <trkpt lat="22.5387679" lon="113.9364026"><ele>17.0</ele><time>2023-08-08T22:42:57Z</time></trkpt>
      <trkpt lat="22.5387833" lon="113.9364036"><ele>16.9</ele><time>2023-08-08T22:42:58Z</time></trkpt>
      <trkpt lat="22.5387983" lon="113.9364044"><ele>16.8</ele><time>2023-08-08T22:42:59Z</time></trkpt>
      <trkpt lat="22.5388122" lon="113.9364048"><ele>16.7</ele><time>2023-08-08T22:43:00Z</time></trkpt>
      <trkpt lat="22.5388251" lon="113.9364048"><ele>16.6</ele><time>2023-08-08T22:43:01Z</time></trkpt>
      <trkpt lat="22.5388387" lon="113.9364045"><ele>16.6</ele><time>2023-08-08T22:43:02Z</time></trkpt>
      <trkpt lat="22.5388534" lon="113.9364042"><ele>16.5</ele><time>2023-08-08T22:43:03Z</time></trkpt>
      <trkpt lat="22.5388687" lon="113.9364039"><ele>16.4</ele><time>2023-08-08T22:43:04Z</time></trkpt>
      <trkpt lat="22.5388841" lon="113.9364041"><ele>16.3</ele><time>2023-08-08T22:43:05Z</time></trkpt>
      <trkpt lat="22.5388995" lon="113.9364048"><ele>16.3</ele><time>2023-08-08T22:43:06Z</time></trkpt>
      <trkpt lat="22.5389147" lon="113.9364062"><ele>16.2</ele><time>2023-08-08T22:43:07Z</time></trkpt>
      <trkpt lat="22.5389300" lon="113.9364076"><ele>16.1</ele><time>2023-08-08T22:43:08Z</time></trkpt>
      <trkpt lat="22.5389454" lon="113.9364081"><ele>16.0</ele><time>2023-08-08T22:43:09Z</time></trkpt>
      <trkpt lat="22.5389608" lon="113.9364080"><ele>16.0</ele><time>2023-08-08T22:43:10Z</time></trkpt>
      <trkpt lat="22.5389761" lon="113.9364075"><ele>15.9</ele><time>2023-08-08T22:43:11Z</time></trkpt>
      <trkpt lat="22.5389914" lon="113.9364069"><ele>15.9</ele><time>2023-08-08T22:43:12Z</time></trkpt>
      <trkpt lat="22.5390068" lon="113.9364069"><ele>15.8</ele><time>2023-08-08T22:43:13Z</time></trkpt>
      <trkpt lat="22.5390221" lon="113.9364072"><ele>15.7</ele><time>2023-08-08T22:43:14Z</time></trkpt>
      <trkpt lat="22.5390374" lon="113.9364068"><ele>15.7</ele><time>2023-08-08T22:43:15Z</time></trkpt>
      <trkpt lat="22.5390526" lon="113.9364056"><ele>15.6</ele><time>2023-08-08T22:43:16Z</time></trkpt>
      <trkpt lat="22.5390677" lon="113.9364045"><ele>15.6</ele><time>2023-08-08T22:43:17Z</time></trkpt>
      <trkpt lat="22.5390828" lon="113.9364048"><ele>15.5</ele><time>2023-08-08T22:43:18Z</time></trkpt>
      <trkpt lat="22.5390979" lon="113.9364060"><ele>15.5</ele><time>2023-08-08T22:43:19Z</time></trkpt>
      <trkpt lat="22.5391130" lon="113.9364072"><ele>15.4</ele><time>2023-08-08T22:43:20Z</time></trkpt>
      <trkpt lat="22.5391283" lon="113.9364074"><ele>15.4</ele><time>2023-08-08T22:43:21Z</time></trkpt>
      <trkpt lat="22.5391443" lon="113.9364069"><ele>15.3</ele><time>2023-08-08T22:43:22Z</time></trkpt>
      <trkpt lat="22.5391611" lon="113.9364064"><ele>15.3</ele><time>2023-08-08T22:43:23Z</time></trkpt>
      <trkpt lat="22.5391781" lon="113.9364065"><ele>15.3</ele><time>2023-08-08T22:43:24Z</time></trkpt>
      <trkpt lat="22.5391945" lon="113.9364070"><ele>15.2</ele><time>2023-08-08T22:43:25Z</time></trkpt>
      <trkpt lat="22.5392106" lon="113.9364075"><ele>15.2</ele><time>2023-08-08T22:43:26Z</time></trkpt>
      <trkpt lat="22.5392265" lon="113.9364083"><ele>15.1</ele><time>2023-08-08T22:43:27Z</time></trkpt>
      <trkpt lat="22.5392417" lon="113.9364085"><ele>15.1</ele><time>2023-08-08T22:43:28Z</time></trkpt>
      <trkpt lat="22.5392569" lon="113.9364080"><ele>15.1</ele><time>2023-08-08T22:43:29Z</time></trkpt>
      <trkpt lat="22.5392721" lon="113.9364073"><ele>15.0</ele><time>2023-08-08T22:43:30Z</time></trkpt>
      <trkpt lat="22.5392873" lon="113.9364067"><ele>15.0</ele><time>2023-08-08T22:43:31Z</time></trkpt>
      <trkpt lat="22.5393024" lon="113.9364059"><ele>15.0</ele><time>2023-08-08T22:43:32Z</time></trkpt>
      <trkpt lat="22.5393176" lon="113.9364050"><ele>14.9</ele><time>2023-08-08T22:43:33Z</time></trkpt>
      <trkpt lat="22.5393327" lon="113.9364043"><ele>14.9</ele><time>2023-08-08T22:43:34Z</time></trkpt>
      <trkpt lat="22.5393479" lon="113.9364037"><ele>14.9</ele><time>2023-08-08T22:43:35Z</time></trkpt>
      <trkpt lat="22.5393630" lon="113.9364029"><ele>14.8</ele><time>2023-08-08T22:43:36Z</time></trkpt>
      <trkpt lat="22.5393780" lon="113.9364023"><ele>14.8</ele><time>2023-08-08T22:43:37Z</time></trkpt>
      <trkpt lat="22.5393929" lon="113.9364018"><ele>14.8</ele><time>2023-08-08T22:43:38Z</time></trkpt>
      <trkpt lat="22.5394079" lon="113.9364009"><ele>14.8</ele><time>2023-08-08T22:43:39Z</time></trkpt>
      <trkpt lat="22.5394229" lon="113.9363997"><ele>14.8</ele><time>2023-08-08T22:43:40Z</time></trkpt>
      <trkpt lat="22.5394377" lon="113.9363988"><ele>14.8</ele><time>2023-08-08T22:43:41Z</time></trkpt>
      <trkpt lat="22.5394524" lon="113.9363983"><ele>14.8</ele><time>2023-08-08T22:43:42Z</time></trkpt>
      <trkpt lat="22.5394674" lon="113.9363975"><ele>14.8</ele><time>2023-08-08T22:43:43Z</time></trkpt>
      <trkpt lat="22.5394825" lon="113.9363972"><ele>14.8</ele><time>2023-08-08T22:43:44Z</time></trkpt>
      <trkpt lat="22.5394977" lon="113.9363972"><ele>14.8</ele><time>2023-08-08T22:43:45Z</time></trkpt>
      <trkpt lat="22.5395130" lon="113.9363968"><ele>14.8</ele><time>2023-08-08T22:43:46Z</time></trkpt>
      <trkpt lat="22.5395283" lon="113.9363959"><ele>14.8</ele><time>2023-08-08T22:43:47Z</time></trkpt>
      <trkpt lat="22.5395435" lon="113.9363945"><ele>14.8</ele><time>2023-08-08T22:43:48Z</time></trkpt>
      <trkpt lat="22.5395585" lon="113.9363922"><ele>14.8</ele><time>2023-08-08T22:43:49Z</time></trkpt>
      <trkpt lat="22.5395735" lon="113.9363895"><ele>14.8</ele><time>2023-08-08T22:43:50Z</time></trkpt>
      <trkpt lat="22.5395887" lon="113.9363870"><ele>14.9</ele><time>2023-08-08T22:43:51Z</time></trkpt>
      <trkpt lat="22.5396038" lon="113.9363838"><ele>14.9</ele><time>2023-08-08T22:43:52Z</time></trkpt>
      <trkpt lat="22.5396189" lon="113.9363795"><ele>14.9</ele><time>2023-08-08T22:43:53Z</time></trkpt>
      <trkpt lat="22.5396339" lon="113.9363746"><ele>15.0</ele><time>2023-08-08T22:43:54Z</time></trkpt>
      <trkpt lat="22.5396487" lon="113.9363691"><ele>15.0</ele><time>2023-08-08T22:43:55Z</time></trkpt>
      <trkpt lat="22.5396634" lon="113.9363628"><ele>15.0</ele><time>2023-08-08T22:43:56Z</time></trkpt>
      <trkpt lat="22.5396781" lon="113.9363560"><ele>15.1</ele><time>2023-08-08T22:43:57Z</time></trkpt>
      <trkpt lat="22.5396926" lon="113.9363489"><ele>15.1</ele><time>2023-08-08T22:43:58Z</time></trkpt>
      <trkpt lat="22.5397067" lon="113.9363406"><ele>15.1</ele><time>2023-08-08T22:43:59Z</time></trkpt>
      <trkpt lat="22.5397206" lon="113.9363313"><ele>15.2</ele><time>2023-08-08T22:44:00Z</time></trkpt>
      <trkpt lat="22.5397342" lon="113.9363215"><ele>15.2</ele><time>2023-08-08T22:44:01Z</time></trkpt>
      <trkpt lat="22.5397477" lon="113.9363112"><ele>15.3</ele><time>2023-08-08T22:44:02Z</time></trkpt>
      <trkpt lat="22.5397611" lon="113.9363006"><ele>15.3</ele><time>2023-08-08T22:44:03Z</time></trkpt>
      <trkpt lat="22.5397742" lon="113.9362897"><ele>15.3</ele><time>2023-08-08T22:44:04Z</time></trkpt>
      <trkpt lat="22.5397870" lon="113.9362786"><ele>15.4</ele><time>2023-08-08T22:44:05Z</time></trkpt>
      <trkpt lat="22.5397994" lon="113.9362670"><ele>15.4</ele><time>2023-08-08T22:44:06Z</time></trkpt>
      <trkpt lat="22.5398107" lon="113.9362541"><ele>15.5</ele><time>2023-08-08T22:44:07Z</time></trkpt>
      <trkpt lat="22.5398210" lon="113.9362398"><ele>15.5</ele><time>2023-08-08T22:44:08Z</time></trkpt>
      <trkpt lat="22.5398311" lon="113.9362252"><ele>15.6</ele><time>2023-08-08T22:44:09Z</time></trkpt>
      <trkpt lat="22.5398417" lon="113.9362110"><ele>15.6</ele><time>2023-08-08T22:44:10Z</time></trkpt>
      <trkpt lat="22.5398523" lon="113.9361967"><ele>15.7</ele><time>2023-08-08T22:44:11Z</time></trkpt>
      <trkpt lat="22.5398627" lon="113.9361822"><ele>15.7</ele><time>2023-08-08T22:44:12Z</time></trkpt>
      <trkpt lat="22.5398726" lon="113.9361673"><ele>15.8</ele><time>2023-08-08T22:44:13Z</time></trkpt>
      <trkpt lat="22.5398813" lon="113.9361515"><ele>15.8</ele><time>2023-08-08T22:44:14Z</time></trkpt>
      <trkpt lat="22.5398892" lon="113.9361352"><ele>15.9</ele><time>2023-08-08T22:44:15Z</time></trkpt>
      <trkpt lat="22.5398967" lon="113.9361187"><ele>15.9</ele><time>2023-08-08T22:44:16Z</time></trkpt>
      <trkpt lat="22.5399047" lon="113.9361024"><ele>15.9</ele><time>2023-08-08T22:44:17Z</time></trkpt>
      <trkpt lat="22.5399130" lon="113.9360864"><ele>16.0</ele><time>2023-08-08T22:44:18Z</time></trkpt>
      <trkpt lat="22.5399199" lon="113.9360694"><ele>16.0</ele><time>2023-08-08T22:44:19Z</time></trkpt>
      <trkpt lat="22.5399251" lon="113.9360516"><ele>16.1</ele><time>2023-08-08T22:44:20Z</time></trkpt>
      <trkpt lat="22.5399291" lon="113.9360331"><ele>16.1</ele><time>2023-08-08T22:44:21Z</time></trkpt>
      <trkpt lat="22.5399321" lon="113.9360142"><ele>16.2</ele><time>2023-08-08T22:44:22Z</time></trkpt>
      <trkpt lat="22.5399356" lon="113.9359953"><ele>16.2</ele><time>2023-08-08T22:44:23Z</time></trkpt>
      <trkpt lat="22.5399388" lon="113.9359761"><ele>16.2</ele><time>2023-08-08T22:44:24Z</time></trkpt>
      <trkpt lat="22.5399404" lon="113.9359565"><ele>16.3</ele><time>2023-08-08T22:44:25Z</time></trkpt>
      <trkpt lat="22.5399405" lon="113.9359366"><ele>16.3</ele><time>2023-08-08T22:44:26Z</time></trkpt>
      <trkpt lat="22.5399398" lon="113.9359164"><ele>16.3</ele><time>2023-08-08T22:44:27Z</time></trkpt>
      <trkpt lat="22.5399378" lon="113.9358960"><ele>16.4</ele><time>2023-08-08T22:44:28Z</time></trkpt>
      <trkpt lat="22.5399346" lon="113.9358761"><ele>16.4</ele><time>2023-08-08T22:44:29Z</time></trkpt>
      <trkpt lat="22.5399301" lon="113.9358567"><ele>16.4</ele><time>2023-08-08T22:44:30Z</time></trkpt>
      <trkpt lat="22.5399238" lon="113.9358379"><ele>16.4</ele><time>2023-08-08T22:44:31Z</time></trkpt>
      <trkpt lat="22.5399172" lon="113.9358192"><ele>16.5</ele><time>2023-08-08T22:44:32Z</time></trkpt>
      <trkpt lat="22.5399106" lon="113.9358008"><ele>16.5</ele><time>2023-08-08T22:44:33Z</time></trkpt>
      <trkpt lat="22.5399035" lon="113.9357828"><ele>16.5</ele><time>2023-08-08T22:44:34Z</time></trkpt>
      <trkpt lat="22.5398958" lon="113.9357652"><ele>16.5</ele><time>2023-08-08T22:44:35Z</time></trkpt>
      <trkpt lat="22.5398875" lon="113.9357478"><ele>16.5</ele><time>2023-08-08T22:44:36Z</time></trkpt>
      <trkpt lat="22.5398783" lon="113.9357301"><ele>16.5</ele><time>2023-08-08T22:44:37Z</time></trkpt>
      <trkpt lat="22.5398695" lon="113.9357115"><ele>16.5</ele><time>2023-08-08T22:44:38Z</time></trkpt>
      <trkpt lat="22.5398633" lon="113.9356925"><ele>16.5</ele><time>2023-08-08T22:44:39Z</time></trkpt>
      <trkpt lat="22.5398578" lon="113.9356742"><ele>16.5</ele><time>2023-08-08T22:44:40Z</time></trkpt>
      <trkpt lat="22.5398503" lon="113.9356568"><ele>16.5</ele><time>2023-08-08T22:44:41Z</time></trkpt>
      <trkpt lat="22.5398408" lon="113.9356408"><ele>16.5</ele><time>2023-08-08T22:44:42Z</time></trkpt>
      <trkpt lat="22.5398299" lon="113.9356259"><ele>16.5</ele><time>2023-08-08T22:44:43Z</time></trkpt>
      <trkpt lat="22.5398182" lon="113.9356115"><ele>16.5</ele><time>2023-08-08T22:44:44Z</time></trkpt>
      <trkpt lat="22.5398065" lon="113.9355973"><ele>16.5</ele><time>2023-08-08T22:44:45Z</time></trkpt>
      <trkpt lat="22.5397946" lon="113.9355831"><ele>16.4</ele><time>2023-08-08T22:44:46Z</time></trkpt>
      <trkpt lat="22.5397822" lon="113.9355694"><ele>16.4</ele><time>2023-08-08T22:44:47Z</time></trkpt>
      <trkpt lat="22.5397696" lon="113.9355557"><ele>16.4</ele><time>2023-08-08T22:44:48Z</time></trkpt>
      <trkpt lat="22.5397572" lon="113.9355426"><ele>16.3</ele><time>2023-08-08T22:44:49Z</time></trkpt>
      <trkpt lat="22.5397442" lon="113.9355307"><ele>16.3</ele><time>2023-08-08T22:44:50Z</time></trkpt>
      <trkpt lat="22.5397302" lon="113.9355201"><ele>16.2</ele><time>2023-08-08T22:44:51Z</time></trkpt>
      <trkpt lat="22.5397155" lon="113.9355101"><ele>16.2</ele><time>2023-08-08T22:44:52Z</time></trkpt>
      <trkpt lat="22.5397001" lon="113.9355007"><ele>16.1</ele><time>2023-08-08T22:44:53Z</time></trkpt>
      <trkpt lat="22.5396843" lon="113.9354917"><ele>16.1</ele><time>2023-08-08T22:44:54Z</time></trkpt>
      <trkpt lat="22.5396684" lon="113.9354832"><ele>16.0</ele><time>2023-08-08T22:44:55Z</time></trkpt>
      <trkpt lat="22.5396524" lon="113.9354750"><ele>16.0</ele><time>2023-08-08T22:44:56Z</time></trkpt>
      <trkpt lat="22.5396364" lon="113.9354674"><ele>15.9</ele><time>2023-08-08T22:44:57Z</time></trkpt>
      <trkpt lat="22.5396204" lon="113.9354604"><ele>15.9</ele><time>2023-08-08T22:44:58Z</time></trkpt>
      <trkpt lat="22.5396041" lon="113.9354548"><ele>15.8</ele><time>2023-08-08T22:44:59Z</time></trkpt>
      <trkpt lat="22.5395877" lon="113.9354509"><ele>15.8</ele><time>2023-08-08T22:45:00Z</time></trkpt>
      <trkpt lat="22.5395718" lon="113.9354479"><ele>15.7</ele><time>2023-08-08T22:45:01Z</time></trkpt>
      <trkpt lat="22.5395560" lon="113.9354447"><ele>15.7</ele><time>2023-08-08T22:45:02Z</time></trkpt>
      <trkpt lat="22.5395394" lon="113.9354412"><ele>15.6</ele><time>2023-08-08T22:45:03Z</time></trkpt>
      <trkpt lat="22.5395223" lon="113.9354384"><ele>15.6</ele><time>2023-08-08T22:45:04Z</time></trkpt>
      <trkpt lat="22.5395050" lon="113.9354375"><ele>15.6</ele><time>2023-08-08T22:45:05Z</time></trkpt>
      <trkpt lat="22.5394875" lon="113.9354386"><ele>15.5</ele><time>2023-08-08T22:45:06Z</time></trkpt>
      <trkpt lat="22.5394701" lon="113.9354396"><ele>15.5</ele><time>2023-08-08T22:45:07Z</time></trkpt>
      <trkpt lat="22.5394529" lon="113.9354397"><ele>15.5</ele><time>2023-08-08T22:45:08Z</time></trkpt>
      <trkpt lat="22.5394358" lon="113.9354402"><ele>15.5</ele><time>2023-08-08T22:45:09Z</time></trkpt>
      <trkpt lat="22.5394185" lon="113.9354417"><ele>15.5</ele><time>2023-08-08T22:45:10Z</time></trkpt>
      <trkpt lat="22.5394015" lon="113.9354437"><ele>15.5</ele><time>2023-08-08T22:45:11Z</time></trkpt>
      <trkpt lat="22.5393846" lon="113.9354458"><ele>15.5</ele><time>2023-08-08T22:45:12Z</time></trkpt>
      <trkpt lat="22.5393677" lon="113.9354480"><ele>15.5</ele><time>2023-08-08T22:45:13Z</time></trkpt>
      <trkpt lat="22.5393511" lon="113.9354505"><ele>15.5</ele><time>2023-08-08T22:45:14Z</time></trkpt>
      <trkpt lat="22.5393348" lon="113.9354531"><ele>15.5</ele><time>2023-08-08T22:45:15Z</time></trkpt>
      <trkpt lat="22.5393186" lon="113.9354554"><ele>15.5</ele><time>2023-08-08T22:45:16Z</time></trkpt>
      <trkpt lat="22.5393024" lon="113.9354570"><ele>15.5</ele><time>2023-08-08T22:45:17Z</time></trkpt>
      <trkpt lat="22.5392861" lon="113.9354578"><ele>15.5</ele><time>2023-08-08T22:45:18Z</time></trkpt>
      <trkpt lat="22.5392697" lon="113.9354585"><ele>15.6</ele><time>2023-08-08T22:45:19Z</time></trkpt>
      <trkpt lat="22.5392534" lon="113.9354602"><ele>15.6</ele><time>2023-08-08T22:45:20Z</time></trkpt>
      <trkpt lat="22.5392375" lon="113.9354628"><ele>15.6</ele><time>2023-08-08T22:45:21Z</time></trkpt>
      <trkpt lat="22.5392220" lon="113.9354662"><ele>15.7</ele><time>2023-08-08T22:45:22Z</time></trkpt>
      <trkpt lat="22.5392063" lon="113.9354696"><ele>15.7</ele><time>2023-08-08T22:45:23Z</time></trkpt>
      <trkpt lat="22.5391905" lon="113.9354719"><ele>15.8</ele><time>2023-08-08T22:45:24Z</time></trkpt>
      <trkpt lat="22.5391753" lon="113.9354742"><ele>15.8</ele><time>2023-08-08T22:45:25Z</time></trkpt>
      <trkpt lat="22.5391604" lon="113.9354773"><ele>15.9</ele><time>2023-08-08T22:45:26Z</time></trkpt>
      <trkpt lat="22.5391456" lon="113.9354814"><ele>15.9</ele><time>2023-08-08T22:45:27Z</time></trkpt>
      <trkpt lat="22.5391309" lon="113.9354856"><ele>15.9</ele><time>2023-08-08T22:45:28Z</time></trkpt>
      <trkpt lat="22.5391161" lon="113.9354893"><ele>16.0</ele><time>2023-08-08T22:45:29Z</time></trkpt>
      <trkpt lat="22.5391015" lon="113.9354930"><ele>16.0</ele><time>2023-08-08T22:45:30Z</time></trkpt>
      <trkpt lat="22.5390869" lon="113.9354967"><ele>16.1</ele><time>2023-08-08T22:45:31Z</time></trkpt>
      <trkpt lat="22.5390722" lon="113.9354998"><ele>16.1</ele><time>2023-08-08T22:45:32Z</time></trkpt>
      <trkpt lat="22.5390574" lon="113.9355027"><ele>16.2</ele><time>2023-08-08T22:45:33Z</time></trkpt>
      <trkpt lat="22.5390424" lon="113.9355051"><ele>16.2</ele><time>2023-08-08T22:45:34Z</time></trkpt>
      <trkpt lat="22.5390273" lon="113.9355066"><ele>16.2</ele><time>2023-08-08T22:45:35Z</time></trkpt>
      <trkpt lat="22.5390122" lon="113.9355075"><ele>16.3</ele><time>2023-08-08T22:45:36Z</time></trkpt>
      <trkpt lat="22.5389971" lon="113.9355081"><ele>16.3</ele><time>2023-08-08T22:45:37Z</time></trkpt>
      <trkpt lat="22.5389820" lon="113.9355083"><ele>16.4</ele><time>2023-08-08T22:45:38Z</time></trkpt>
      <trkpt lat="22.5389668" lon="113.9355077"><ele>16.4</ele><time>2023-08-08T22:45:39Z</time></trkpt>
      <trkpt lat="22.5389517" lon="113.9355069"><ele>16.5</ele><time>2023-08-08T22:45:40Z</time></trkpt>
      <trkpt lat="22.5389365" lon="113.9355065"><ele>16.5</ele><time>2023-08-08T22:45:41Z</time></trkpt>
      <trkpt lat="22.5389213" lon="113.9355064"><ele>16.5</ele><time>2023-08-08T22:45:42Z</time></trkpt>
      <trkpt lat="22.5389053" lon="113.9355064"><ele>16.6</ele><time>2023-08-08T22:45:43Z</time></trkpt>
      <trkpt lat="22.5388887" lon="113.9355079"><ele>16.6</ele><time>2023-08-08T22:45:44Z</time></trkpt>
      <trkpt lat="22.5388721" lon="113.9355103"><ele>16.7</ele><time>2023-08-08T22:45:45Z</time></trkpt>
      <trkpt lat="22.5388555" lon="113.9355113"><ele>16.8</ele><time>2023-08-08T22:45:46Z</time></trkpt>
      <trkpt lat="22.5388391" lon="113.9355115"><ele>16.8</ele><time>2023-08-08T22:45:47Z</time></trkpt>
      <trkpt lat="22.5388237" lon="113.9355120"><ele>16.9</ele><time>2023-08-08T22:45:48Z</time></trkpt>
      <trkpt lat="22.5388089" lon="113.9355125"><ele>16.9</ele><time>2023-08-08T22:45:49Z</time></trkpt>
      <trkpt lat="22.5387944" lon="113.9355121"><ele>17.0</ele><time>2023-08-08T22:45:50Z</time></trkpt>
      <trkpt lat="22.5387799" lon="113.9355107"><ele>17.1</ele><time>2023-08-08T22:45:51Z</time></trkpt>
      <trkpt lat="22.5387654" lon="113.9355095"><ele>17.1</ele><time>2023-08-08T22:45:52Z</time></trkpt>
      <trkpt lat="22.5387507" lon="113.9355098"><ele>17.2</ele><time>2023-08-08T22:45:53Z</time></trkpt>
      <trkpt lat="22.5387361" lon="113.9355114"><ele>17.3</ele><time>2023-08-08T22:45:54Z</time></trkpt>
      <trkpt lat="22.5387216" lon="113.9355141"><ele>17.3</ele><time>2023-08-08T22:45:55Z</time></trkpt>
      <trkpt lat="22.5387073" lon="113.9355182"><ele>17.4</ele><time>2023-08-08T22:45:56Z</time></trkpt>
      <trkpt lat="22.5386933" lon="113.9355233"><ele>17.5</ele><time>2023-08-08T22:45:57Z</time></trkpt>
      <trkpt lat="22.5386796" lon="113.9355290"><ele>17.6</ele><time>2023-08-08T22:45:58Z</time></trkpt>
      <trkpt lat="22.5386658" lon="113.9355353"><ele>17.7</ele><time>2023-08-08T22:45:59Z</time></trkpt>
      <trkpt lat="22.5386519" lon="113.9355418"><ele>17.7</ele><time>2023-08-08T22:46:00Z</time></trkpt>
      <trkpt lat="22.5386381" lon="113.9355485"><ele>17.8</ele><time>2023-08-08T22:46:01Z</time></trkpt>
      <trkpt lat="22.5386247" lon="113.9355567"><ele>17.9</ele><time>2023-08-08T22:46:02Z</time></trkpt>
      <trkpt lat="22.5386119" lon="113.9355660"><ele>18.0</ele><time>2023-08-08T22:46:03Z</time></trkpt>
      <trkpt lat="22.5385995" lon="113.9355759"><ele>18.1</ele><time>2023-08-08T22:46:04Z</time></trkpt>
      <trkpt lat="22.5385879" lon="113.9355871"><ele>18.2</ele><time>2023-08-08T22:46:05Z</time></trkpt>
      <trkpt lat="22.5385763" lon="113.9355985"><ele>18.3</ele><time>2023-08-08T22:46:06Z</time></trkpt>
      <trkpt lat="22.5385641" lon="113.9356094"><ele>18.4</ele><time>2023-08-08T22:46:07Z</time></trkpt>
      <trkpt lat="22.5385518" lon="113.9356203"><ele>18.5</ele><time>2023-08-08T22:46:08Z</time></trkpt>
      <trkpt lat="22.5385392" lon="113.9356312"><ele>18.6</ele><time>2023-08-08T22:46:09Z</time></trkpt>
      <trkpt lat="22.5385261" lon="113.9356419"><ele>18.7</ele><time>2023-08-08T22:46:10Z</time></trkpt>
      <trkpt lat="22.5385130" lon="113.9356530"><ele>18.8</ele><time>2023-08-08T22:46:11Z</time></trkpt>
      <trkpt lat="22.5385008" lon="113.9356652"><ele>18.9</ele><time>2023-08-08T22:46:12Z</time></trkpt>
      <trkpt lat="22.5384897" lon="113.9356787"><ele>19.0</ele><time>2023-08-08T22:46:13Z</time></trkpt>
      <trkpt lat="22.5384790" lon="113.9356925"><ele>19.1</ele><time>2023-08-08T22:46:14Z</time></trkpt>
      <trkpt lat="22.5384684" lon="113.9357062"><ele>19.2</ele><time>2023-08-08T22:46:15Z</time></trkpt>
      <trkpt lat="22.5384586" lon="113.9357209"><ele>19.4</ele><time>2023-08-08T22:46:16Z</time></trkpt>
      <trkpt lat="22.5384497" lon="113.9357365"><ele>19.5</ele><time>2023-08-08T22:46:17Z</time></trkpt>
      <trkpt lat="22.5384415" lon="113.9357524"><ele>19.6</ele><time>2023-08-08T22:46:18Z</time></trkpt>
      <trkpt lat="22.5384344" lon="113.9357688"><ele>19.7</ele><time>2023-08-08T22:46:19Z</time></trkpt>
      <trkpt lat="22.5384278" lon="113.9357854"><ele>19.8</ele><time>2023-08-08T22:46:20Z</time></trkpt>
      <trkpt lat="22.5384215" lon="113.9358021"><ele>19.9</ele><time>2023-08-08T22:46:21Z</time></trkpt>
      <trkpt lat="22.5384156" lon="113.9358191"><ele>20.0</ele><time>2023-08-08T22:46:22Z</time></trkpt>
      <trkpt lat="22.5384100" lon="113.9358361"><ele>20.1</ele><time>2023-08-08T22:46:23Z</time></trkpt>
      <trkpt lat="22.5384053" lon="113.9358536"><ele>20.1</ele><time>2023-08-08T22:46:24Z</time></trkpt>
      <trkpt lat="22.5384021" lon="113.9358717"><ele>20.2</ele><time>2023-08-08T22:46:25Z</time></trkpt>
      <trkpt lat="22.5384001" lon="113.9358901"><ele>20.3</ele><time>2023-08-08T22:46:26Z</time></trkpt>
      <trkpt lat="22.5383987" lon="113.9359084"><ele>20.4</ele><time>2023-08-08T22:46:27Z</time></trkpt>
      <trkpt lat="22.5383984" lon="113.9359268"><ele>20.4</ele><time>2023-08-08T22:46:28Z</time></trkpt>
      <trkpt lat="22.5383992" lon="113.9359451"><ele>20.5</ele><time>2023-08-08T22:46:29Z</time></trkpt>
      <trkpt lat="22.5384003" lon="113.9359633"><ele>20.6</ele><time>2023-08-08T22:46:30Z</time></trkpt>
      <trkpt lat="22.5384020" lon="113.9359813"><ele>20.6</ele><time>2023-08-08T22:46:31Z</time></trkpt>
      <trkpt lat="22.5384043" lon="113.9359991"><ele>20.7</ele><time>2023-08-08T22:46:32Z</time></trkpt>
      <trkpt lat="22.5384064" lon="113.9360169"><ele>20.7</ele><time>2023-08-08T22:46:33Z</time></trkpt>
      <trkpt lat="22.5384090" lon="113.9360348"><ele>20.7</ele><time>2023-08-08T22:46:34Z</time></trkpt>
      <trkpt lat="22.5384127" lon="113.9360526"><ele>20.7</ele><time>2023-08-08T22:46:35Z</time></trkpt>
      <trkpt lat="22.5384169" lon="113.9360700"><ele>20.8</ele><time>2023-08-08T22:46:36Z</time></trkpt>
      <trkpt lat="22.5384221" lon="113.9360869"><ele>20.8</ele><time>2023-08-08T22:46:37Z</time></trkpt>
      <trkpt lat="22.5384292" lon="113.9361030"><ele>20.8</ele><time>2023-08-08T22:46:38Z</time></trkpt>
      <trkpt lat="22.5384374" lon="113.9361183"><ele>20.8</ele><time>2023-08-08T22:46:39Z</time></trkpt>
      <trkpt lat="22.5384465" lon="113.9361330"><ele>20.7</ele><time>2023-08-08T22:46:40Z</time></trkpt>
      <trkpt lat="22.5384561" lon="113.9361474"><ele>20.7</ele><time>2023-08-08T22:46:41Z</time></trkpt>
      <trkpt lat="22.5384654" lon="113.9361622"><ele>20.7</ele><time>2023-08-08T22:46:42Z</time></trkpt>
      <trkpt lat="22.5384745" lon="113.9361774"><ele>20.7</ele><time>2023-08-08T22:46:43Z</time></trkpt>
      <trkpt lat="22.5384839" lon="113.9361924"><ele>20.6</ele><time>2023-08-08T22:46:44Z</time></trkpt>
      <trkpt lat="22.5384935" lon="113.9362073"><ele>20.6</ele><time>2023-08-08T22:46:45Z</time></trkpt>
      <trkpt lat="22.5385030" lon="113.9362215"><ele>20.5</ele><time>2023-08-08T22:46:46Z</time></trkpt>
      <trkpt lat="22.5385135" lon="113.9362348"><ele>20.4</ele><time>2023-08-08T22:46:47Z</time></trkpt>
      <trkpt lat="22.5385255" lon="113.9362472"><ele>20.4</ele><time>2023-08-08T22:46:48Z</time></trkpt>
      <trkpt lat="22.5385382" lon="113.9362590"><ele>20.3</ele><time>2023-08-08T22:46:49Z</time></trkpt>
      <trkpt lat="22.5385509" lon="113.9362705"><ele>20.2</ele><time>2023-08-08T22:46:50Z</time></trkpt>
      <trkpt lat="22.5385643" lon="113.9362812"><ele>20.1</ele><time>2023-08-08T22:46:51Z</time></trkpt>
      <trkpt lat="22.5385784" lon="113.9362912"><ele>20.0</ele><time>2023-08-08T22:46:52Z</time></trkpt>
      <trkpt lat="22.5385926" lon="113.9363006"><ele>19.9</ele><time>2023-08-08T22:46:53Z</time></trkpt>
      <trkpt lat="22.5386068" lon="113.9363092"><ele>19.8</ele><time>2023-08-08T22:46:54Z</time></trkpt>
      <trkpt lat="22.5386212" lon="113.9363170"><ele>19.6</ele><time>2023-08-08T22:46:55Z</time></trkpt>
      <trkpt lat="22.5386355" lon="113.9363252"><ele>19.5</ele><time>2023-08-08T22:46:56Z</time></trkpt>
      <trkpt lat="22.5386495" lon="113.9363337"><ele>19.4</ele><time>2023-08-08T22:46:57Z</time></trkpt>
      <trkpt lat="22.5386638" lon="113.9363415"><ele>19.2</ele><time>2023-08-08T22:46:58Z</time></trkpt>
      <trkpt lat="22.5386785" lon="113.9363484"><ele>19.0</ele><time>2023-08-08T22:46:59Z</time></trkpt>
      <trkpt lat="22.5386929" lon="113.9363543"><ele>18.9</ele><time>2023-08-08T22:47:00Z</time></trkpt>
      <trkpt lat="22.5387064" lon="113.9363593"><ele>18.7</ele><time>2023-08-08T22:47:01Z</time></trkpt>
      <trkpt lat="22.5387206" lon="113.9363636"><ele>18.5</ele><time>2023-08-08T22:47:02Z</time></trkpt>
      <trkpt lat="22.5387358" lon="113.9363680"><ele>18.3</ele><time>2023-08-08T22:47:03Z</time></trkpt>
      <trkpt lat="22.5387511" lon="113.9363720"><ele>18.1</ele><time>2023-08-08T22:47:04Z</time></trkpt>
      <trkpt lat="22.5387664" lon="113.9363745"><ele>17.9</ele><time>2023-08-08T22:47:05Z</time></trkpt>
      <trkpt lat="22.5387816" lon="113.9363759"><ele>17.7</ele><time>2023-08-08T22:47:06Z</time></trkpt>
      <trkpt lat="22.5387963" lon="113.9363774"><ele>17.5</ele><time>2023-08-08T22:47:07Z</time></trkpt>
      <trkpt lat="22.5388105" lon="113.9363788"><ele>17.3</ele><time>2023-08-08T22:47:08Z</time></trkpt>
      <trkpt lat="22.5388246" lon="113.9363794"><ele>17.2</ele><time>2023-08-08T22:47:09Z</time></trkpt>
      <trkpt lat="22.5388388" lon="113.9363797"><ele>17.0</ele><time>2023-08-08T22:47:10Z</time></trkpt>
      <trkpt lat="22.5388529" lon="113.9363801"><ele>16.8</ele><time>2023-08-08T22:47:11Z</time></trkpt>
      <trkpt lat="22.5388670" lon="113.9363800"><ele>16.6</ele><time>2023-08-08T22:47:12Z</time></trkpt>
      <trkpt lat="22.5388810" lon="113.9363795"><ele>16.4</ele><time>2023-08-08T22:47:13Z</time></trkpt>
      <trkpt lat="22.5388951" lon="113.9363792"><ele>16.2</ele><time>2023-08-08T22:47:14Z</time></trkpt>
      <trkpt lat="22.5389091" lon="113.9363799"><ele>16.1</ele><time>2023-08-08T22:47:15Z</time></trkpt>
      <trkpt lat="22.5389232" lon="113.9363815"><ele>15.9</ele><time>2023-08-08T22:47:16Z</time></trkpt>
      <trkpt lat="22.5389374" lon="113.9363831"><ele>15.8</ele><time>2023-08-08T22:47:17Z</time></trkpt>
      <trkpt lat="22.5389515" lon="113.9363844"><ele>15.6</ele><time>2023-08-08T22:47:18Z</time></trkpt>
      <trkpt lat="22.5389659" lon="113.9363856"><ele>15.5</ele><time>2023-08-08T22:47:19Z</time></trkpt>
      <trkpt lat="22.5389803" lon="113.9363867"><ele>15.3</ele><time>2023-08-08T22:47:20Z</time></trkpt>
      <trkpt lat="22.5389945" lon="113.9363880"><ele>15.2</ele><time>2023-08-08T22:47:21Z</time></trkpt>
      <trkpt lat="22.5390085" lon="113.9363893"><ele>15.1</ele><time>2023-08-08T22:47:22Z</time></trkpt>
      <trkpt lat="22.5390228" lon="113.9363898"><ele>15.0</ele><time>2023-08-08T22:47:23Z</time></trkpt>
      <trkpt lat="22.5390376" lon="113.9363899"><ele>14.9</ele><time>2023-08-08T22:47:24Z</time></trkpt>
      <trkpt lat="22.5390519" lon="113.9363903"><ele>14.8</ele><time>2023-08-08T22:47:25Z</time></trkpt>
      <trkpt lat="22.5390663" lon="113.9363906"><ele>14.7</ele><time>2023-08-08T22:47:26Z</time></trkpt>
      <trkpt lat="22.5390806" lon="113.9363904"><ele>14.6</ele><time>2023-08-08T22:47:27Z</time></trkpt>
      <trkpt lat="22.5390948" lon="113.9363901"><ele>14.5</ele><time>2023-08-08T22:47:28Z</time></trkpt>
      <trkpt lat="22.5391088" lon="113.9363901"><ele>14.4</ele><time>2023-08-08T22:47:29Z</time></trkpt>
      <trkpt lat="22.5391230" lon="113.9363900"><ele>14.4</ele><time>2023-08-08T22:47:30Z</time></trkpt>
      <trkpt lat="22.5391372" lon="113.9363898"><ele>14.3</ele><time>2023-08-08T22:47:31Z</time></trkpt>
      <trkpt lat="22.5391513" lon="113.9363903"><ele>14.3</ele><time>2023-08-08T22:47:32Z</time></trkpt>
      <trkpt lat="22.5391654" lon="113.9363913"><ele>14.2</ele><time>2023-08-08T22:47:33Z</time></trkpt>
      <trkpt lat="22.5391795" lon="113.9363922"><ele>14.2</ele><time>2023-08-08T22:47:34Z</time></trkpt>
      <trkpt lat="22.5391942" lon="113.9363927"><ele>14.1</ele><time>2023-08-08T22:47:35Z</time></trkpt>
      <trkpt lat="22.5392097" lon="113.9363929"><ele>14.1</ele><time>2023-08-08T22:47:36Z</time></trkpt>
      <trkpt lat="22.5392256" lon="113.9363927"><ele>14.0</ele><time>2023-08-08T22:47:37Z</time></trkpt>
      <trkpt lat="22.5392415" lon="113.9363928"><ele>14.0</ele><time>2023-08-08T22:47:38Z</time></trkpt>
      <trkpt lat="22.5392570" lon="113.9363934"><ele>14.0</ele><time>2023-08-08T22:47:39Z</time></trkpt>
      <trkpt lat="22.5392718" lon="113.9363937"><ele>14.0</ele><time>2023-08-08T22:47:40Z</time></trkpt>
      <trkpt lat="22.5392859" lon="113.9363936"><ele>14.0</ele><time>2023-08-08T22:47:41Z</time></trkpt>
      <trkpt lat="22.5392998" lon="113.9363940"><ele>13.9</ele><time>2023-08-08T22:47:42Z</time></trkpt>
      <trkpt lat="22.5393138" lon="113.9363948"><ele>13.9</ele><time>2023-08-08T22:47:43Z</time></trkpt>
      <trkpt lat="22.5393278" lon="113.9363951"><ele>13.9</ele><time>2023-08-08T22:47:44Z</time></trkpt>
      <trkpt lat="22.5393419" lon="113.9363943"><ele>13.9</ele><time>2023-08-08T22:47:45Z</time></trkpt>
      <trkpt lat="22.5393560" lon="113.9363934"><ele>13.9</ele><time>2023-08-08T22:47:46Z</time></trkpt>
      <trkpt lat="22.5393701" lon="113.9363925"><ele>13.9</ele><time>2023-08-08T22:47:47Z</time></trkpt>
      <trkpt lat="22.5393840" lon="113.9363916"><ele>13.9</ele><time>2023-08-08T22:47:48Z</time></trkpt>
      <trkpt lat="22.5393980" lon="113.9363903"><ele>13.9</ele><time>2023-08-08T22:47:49Z</time></trkpt>
      <trkpt lat="22.5394119" lon="113.9363889"><ele>13.9</ele><time>2023-08-08T22:47:50Z</time></trkpt>
      <trkpt lat="22.5394260" lon="113.9363875"><ele>13.9</ele><time>2023-08-08T22:47:51Z</time></trkpt>
      <trkpt lat="22.5394401" lon="113.9363862"><ele>13.9</ele><time>2023-08-08T22:47:52Z</time></trkpt>
      <trkpt lat="22.5394543" lon="113.9363854"><ele>13.9</ele><time>2023-08-08T22:47:53Z</time></trkpt>
      <trkpt lat="22.5394685" lon="113.9363843"><ele>13.9</ele><time>2023-08-08T22:47:54Z</time></trkpt>
      <trkpt lat="22.5394826" lon="113.9363827"><ele>13.9</ele><time>2023-08-08T22:47:55Z</time></trkpt>
      <trkpt lat="22.5394965" lon="113.9363808"><ele>13.9</ele><time>2023-08-08T22:47:56Z</time></trkpt>
      <trkpt lat="22.5395104" lon="113.9363788"><ele>13.9</ele><time>2023-08-08T22:47:57Z</time></trkpt>
      <trkpt lat="22.5395242" lon="113.9363769"><ele>13.9</ele><time>2023-08-08T22:47:58Z</time></trkpt>
      <trkpt lat="22.5395382" lon="113.9363753"><ele>13.9</ele><time>2023-08-08T22:47:59Z</time></trkpt>
      <trkpt lat="22.5395525" lon="113.9363738"><ele>13.9</ele><time>2023-08-08T22:48:00Z</time></trkpt>
      <trkpt lat="22.5395673" lon="113.9363717"><ele>13.9</ele><time>2023-08-08T22:48:01Z</time></trkpt>
      <trkpt lat="22.5395828" lon="113.9363694"><ele>13.9</ele><time>2023-08-08T22:48:02Z</time></trkpt>
      <trkpt lat="22.5395987" lon="113.9363676"><ele>13.9</ele><time>2023-08-08T22:48:03Z</time></trkpt>
      <trkpt lat="22.5396146" lon="113.9363660"><ele>13.9</ele><time>2023-08-08T22:48:04Z</time></trkpt>
      <trkpt lat="22.5396301" lon="113.9363629"><ele>13.9</ele><time>2023-08-08T22:48:05Z</time></trkpt>
      <trkpt lat="22.5396455" lon="113.9363583"><ele>13.9</ele><time>2023-08-08T22:48:06Z</time></trkpt>
      <trkpt lat="22.5396607" lon="113.9363536"><ele>13.9</ele><time>2023-08-08T22:48:07Z</time></trkpt>
      <trkpt lat="22.5396758" lon="113.9363492"><ele>13.9</ele><time>2023-08-08T22:48:08Z</time></trkpt>
      <trkpt lat="22.5396910" lon="113.9363444"><ele>13.9</ele><time>2023-08-08T22:48:09Z</time></trkpt>
      <trkpt lat="22.5397062" lon="113.9363389"><ele>13.9</ele><time>2023-08-08T22:48:10Z</time></trkpt>
      <trkpt lat="22.5397201" lon="113.9363327"><ele>13.9</ele><time>2023-08-08T22:48:11Z</time></trkpt>
      <trkpt lat="22.5397327" lon="113.9363260"><ele>13.9</ele><time>2023-08-08T22:48:12Z</time></trkpt>
      <trkpt lat="22.5397448" lon="113.9363183"><ele>13.9</ele><time>2023-08-08T22:48:13Z</time></trkpt>
      <trkpt lat="22.5397569" lon="113.9363104"><ele>13.9</ele><time>2023-08-08T22:48:14Z</time></trkpt>
      <trkpt lat="22.5397689" lon="113.9363024"><ele>13.9</ele><time>2023-08-08T22:48:15Z</time></trkpt>
      <trkpt lat="22.5397802" lon="113.9362934"><ele>14.0</ele><time>2023-08-08T22:48:16Z</time></trkpt>
      <trkpt lat="22.5397909" lon="113.9362833"><ele>14.0</ele><time>2023-08-08T22:48:17Z</time></trkpt>
      <trkpt lat="22.5398012" lon="113.9362725"><ele>14.0</ele><time>2023-08-08T22:48:18Z</time></trkpt>
      <trkpt lat="22.5398110" lon="113.9362610"><ele>14.0</ele><time>2023-08-08T22:48:19Z</time></trkpt>
      <trkpt lat="22.5398200" lon="113.9362489"><ele>14.0</ele><time>2023-08-08T22:48:20Z</time></trkpt>
      <trkpt lat="22.5398290" lon="113.9362367"><ele>14.1</ele><time>2023-08-08T22:48:21Z</time></trkpt>
      <trkpt lat="22.5398380" lon="113.9362243"><ele>14.1</ele><time>2023-08-08T22:48:22Z</time></trkpt>
      <trkpt lat="22.5398466" lon="113.9362116"><ele>14.1</ele><time>2023-08-08T22:48:23Z</time></trkpt>
      <trkpt lat="22.5398548" lon="113.9361984"><ele>14.1</ele><time>2023-08-08T22:48:24Z</time></trkpt>
      <trkpt lat="22.5398629" lon="113.9361852"><ele>14.2</ele><time>2023-08-08T22:48:25Z</time></trkpt>
      <trkpt lat="22.5398715" lon="113.9361724"><ele>14.2</ele><time>2023-08-08T22:48:26Z</time></trkpt>
      <trkpt lat="22.5398806" lon="113.9361601"><ele>14.2</ele><time>2023-08-08T22:48:27Z</time></trkpt>
      <trkpt lat="22.5398892" lon="113.9361477"><ele>14.3</ele><time>2023-08-08T22:48:28Z</time></trkpt>
      <trkpt lat="22.5398963" lon="113.9361344"><ele>14.3</ele><time>2023-08-08T22:48:29Z</time></trkpt>
      <trkpt lat="22.5399018" lon="113.9361199"><ele>14.3</ele><time>2023-08-08T22:48:30Z</time></trkpt>
      <trkpt lat="22.5399063" lon="113.9361044"><ele>14.4</ele><time>2023-08-08T22:48:31Z</time></trkpt>
      <trkpt lat="22.5399109" lon="113.9360890"><ele>14.4</ele><time>2023-08-08T22:48:32Z</time></trkpt>
      <trkpt lat="22.5399158" lon="113.9360739"><ele>14.4</ele><time>2023-08-08T22:48:33Z</time></trkpt>
      <trkpt lat="22.5399208" lon="113.9360589"><ele>14.5</ele><time>2023-08-08T22:48:34Z</time></trkpt>
      <trkpt lat="22.5399256" lon="113.9360438"><ele>14.5</ele><time>2023-08-08T22:48:35Z</time></trkpt>
      <trkpt lat="22.5399298" lon="113.9360286"><ele>14.5</ele><time>2023-08-08T22:48:36Z</time></trkpt>
      <trkpt lat="22.5399333" lon="113.9360131"><ele>14.6</ele><time>2023-08-08T22:48:37Z</time></trkpt>
      <trkpt lat="22.5399347" lon="113.9359971"><ele>14.6</ele><time>2023-08-08T22:48:38Z</time></trkpt>
      <trkpt lat="22.5399346" lon="113.9359806"><ele>14.7</ele><time>2023-08-08T22:48:39Z</time></trkpt>
      <trkpt lat="22.5399339" lon="113.9359641"><ele>14.7</ele><time>2023-08-08T22:48:40Z</time></trkpt>
      <trkpt lat="22.5399323" lon="113.9359475"><ele>14.8</ele><time>2023-08-08T22:48:41Z</time></trkpt>
      <trkpt lat="22.5399303" lon="113.9359309"><ele>14.8</ele><time>2023-08-08T22:48:42Z</time></trkpt>
      <trkpt lat="22.5399282" lon="113.9359144"><ele>14.9</ele><time>2023-08-08T22:48:43Z</time></trkpt>
      <trkpt lat="22.5399258" lon="113.9358982"><ele>14.9</ele><time>2023-08-08T22:48:44Z</time></trkpt>
      <trkpt lat="22.5399231" lon="113.9358820"><ele>15.0</ele><time>2023-08-08T22:48:45Z</time></trkpt>
      <trkpt lat="22.5399204" lon="113.9358657"><ele>15.0</ele><time>2023-08-08T22:48:46Z</time></trkpt>
      <trkpt lat="22.5399171" lon="113.9358496"><ele>15.1</ele><time>2023-08-08T22:48:47Z</time></trkpt>
      <trkpt lat="22.5399128" lon="113.9358337"><ele>15.2</ele><time>2023-08-08T22:48:48Z</time></trkpt>
      <trkpt lat="22.5399080" lon="113.9358180"><ele>15.2</ele><time>2023-08-08T22:48:49Z</time></trkpt>
      <trkpt lat="22.5399031" lon="113.9358025"><ele>15.3</ele><time>2023-08-08T22:48:50Z</time></trkpt>
      <trkpt lat="22.5398973" lon="113.9357872"><ele>15.4</ele><time>2023-08-08T22:48:51Z</time></trkpt>
      <trkpt lat="22.5398907" lon="113.9357721"><ele>15.4</ele><time>2023-08-08T22:48:52Z</time></trkpt>
      <trkpt lat="22.5398838" lon="113.9357572"><ele>15.5</ele><time>2023-08-08T22:48:53Z</time></trkpt>
      <trkpt lat="22.5398769" lon="113.9357421"><ele>15.6</ele><time>2023-08-08T22:48:54Z</time></trkpt>
      <trkpt lat="22.5398697" lon="113.9357271"><ele>15.6</ele><time>2023-08-08T22:48:55Z</time></trkpt>
      <trkpt lat="22.5398624" lon="113.9357121"><ele>15.7</ele><time>2023-08-08T22:48:56Z</time></trkpt>
      <trkpt lat="22.5398561" lon="113.9356969"><ele>15.8</ele><time>2023-08-08T22:48:57Z</time></trkpt>
      <trkpt lat="22.5398499" lon="113.9356814"><ele>15.8</ele><time>2023-08-08T22:48:58Z</time></trkpt>
      <trkpt lat="22.5398429" lon="113.9356665"><ele>15.9</ele><time>2023-08-08T22:48:59Z</time></trkpt>
      <trkpt lat="22.5398351" lon="113.9356522"><ele>16.0</ele><time>2023-08-08T22:49:00Z</time></trkpt>
      <trkpt lat="22.5398257" lon="113.9356383"><ele>16.0</ele><time>2023-08-08T22:49:01Z</time></trkpt>
      <trkpt lat="22.5398148" lon="113.9356246"><ele>16.1</ele><time>2023-08-08T22:49:02Z</time></trkpt>
      <trkpt lat="22.5398039" lon="113.9356111"><ele>16.1</ele><time>2023-08-08T22:49:03Z</time></trkpt>
      <trkpt lat="22.5397929" lon="113.9355982"><ele>16.2</ele><time>2023-08-08T22:49:04Z</time></trkpt>
      <trkpt lat="22.5397810" lon="113.9355861"><ele>16.2</ele><time>2023-08-08T22:49:05Z</time></trkpt>
      <trkpt lat="22.5397692" lon="113.9355747"><ele>16.2</ele><time>2023-08-08T22:49:06Z</time></trkpt>
      <trkpt lat="22.5397576" lon="113.9355632"><ele>16.3</ele><time>2023-08-08T22:49:07Z</time></trkpt>
      <trkpt lat="22.5397456" lon="113.9355517"><ele>16.3</ele><time>2023-08-08T22:49:08Z</time></trkpt>
      <trkpt lat="22.5397338" lon="113.9355399"><ele>16.3</ele><time>2023-08-08T22:49:09Z</time></trkpt>
      <trkpt lat="22.5397223" lon="113.9355283"><ele>16.4</ele><time>2023-08-08T22:49:10Z</time></trkpt>
      <trkpt lat="22.5397096" lon="113.9355179"><ele>16.4</ele><time>2023-08-08T22:49:11Z</time></trkpt>
      <trkpt lat="22.5396960" lon="113.9355088"><ele>16.4</ele><time>2023-08-08T22:49:12Z</time></trkpt>
      <trkpt lat="22.5396823" lon="113.9355002"><ele>16.4</ele><time>2023-08-08T22:49:13Z</time></trkpt>
      <trkpt lat="22.5396686" lon="113.9354916"><ele>16.4</ele><time>2023-08-08T22:49:14Z</time></trkpt>
      <trkpt lat="22.5396547" lon="113.9354834"><ele>16.4</ele><time>2023-08-08T22:49:15Z</time></trkpt>
      <trkpt lat="22.5396402" lon="113.9354763"><ele>16.4</ele><time>2023-08-08T22:49:16Z</time></trkpt>
      <trkpt lat="22.5396244" lon="113.9354719"><ele>16.4</ele><time>2023-08-08T22:49:17Z</time></trkpt>
      <trkpt lat="22.5396081" lon="113.9354686"><ele>16.4</ele><time>2023-08-08T22:49:18Z</time></trkpt>
      <trkpt lat="22.5395924" lon="113.9354640"><ele>16.4</ele><time>2023-08-08T22:49:19Z</time></trkpt>
      <trkpt lat="22.5395773" lon="113.9354586"><ele>16.4</ele><time>2023-08-08T22:49:20Z</time></trkpt>
      <trkpt lat="22.5395618" lon="113.9354543"><ele>16.4</ele><time>2023-08-08T22:49:21Z</time></trkpt>
      <trkpt lat="22.5395457" lon="113.9354522"><ele>16.4</ele><time>2023-08-08T22:49:22Z</time></trkpt>
      <trkpt lat="22.5395285" lon="113.9354518"><ele>16.4</ele><time>2023-08-08T22:49:23Z</time></trkpt>
      <trkpt lat="22.5395103" lon="113.9354526"><ele>16.4</ele><time>2023-08-08T22:49:24Z</time></trkpt>
      <trkpt lat="22.5394926" lon="113.9354538"><ele>16.4</ele><time>2023-08-08T22:49:25Z</time></trkpt>
      <trkpt lat="22.5394763" lon="113.9354549"><ele>16.3</ele><time>2023-08-08T22:49:26Z</time></trkpt>
      <trkpt lat="22.5394601" lon="113.9354559"><ele>16.3</ele><time>2023-08-08T22:49:27Z</time></trkpt>
      <trkpt lat="22.5394439" lon="113.9354571"><ele>16.3</ele><time>2023-08-08T22:49:28Z</time></trkpt>
      <trkpt lat="22.5394278" lon="113.9354584"><ele>16.3</ele><time>2023-08-08T22:49:29Z</time></trkpt>
      <trkpt lat="22.5394118" lon="113.9354602"><ele>16.3</ele><time>2023-08-08T22:49:30Z</time></trkpt>
      <trkpt lat="22.5393958" lon="113.9354627"><ele>16.2</ele><time>2023-08-08T22:49:31Z</time></trkpt>
      <trkpt lat="22.5393798" lon="113.9354650"><ele>16.2</ele><time>2023-08-08T22:49:32Z</time></trkpt>
      <trkpt lat="22.5393638" lon="113.9354668"><ele>16.2</ele><time>2023-08-08T22:49:33Z</time></trkpt>
      <trkpt lat="22.5393480" lon="113.9354682"><ele>16.2</ele><time>2023-08-08T22:49:34Z</time></trkpt>
      <trkpt lat="22.5393321" lon="113.9354699"><ele>16.1</ele><time>2023-08-08T22:49:35Z</time></trkpt>
      <trkpt lat="22.5393162" lon="113.9354717"><ele>16.1</ele><time>2023-08-08T22:49:36Z</time></trkpt>
      <trkpt lat="22.5393003" lon="113.9354735"><ele>16.1</ele><time>2023-08-08T22:49:37Z</time></trkpt>
      <trkpt lat="22.5392844" lon="113.9354751"><ele>16.1</ele><time>2023-08-08T22:49:38Z</time></trkpt>
      <trkpt lat="22.5392686" lon="113.9354766"><ele>16.1</ele><time>2023-08-08T22:49:39Z</time></trkpt>
      <trkpt lat="22.5392529" lon="113.9354773"><ele>16.1</ele><time>2023-08-08T22:49:40Z</time></trkpt>
      <trkpt lat="22.5392372" lon="113.9354773"><ele>16.0</ele><time>2023-08-08T22:49:41Z</time></trkpt>
      <trkpt lat="22.5392215" lon="113.9354774"><ele>16.0</ele><time>2023-08-08T22:49:42Z</time></trkpt>
      <trkpt lat="22.5392058" lon="113.9354778"><ele>16.0</ele><time>2023-08-08T22:49:43Z</time></trkpt>
      <trkpt lat="22.5391900" lon="113.9354786"><ele>16.0</ele><time>2023-08-08T22:49:44Z</time></trkpt>
      <trkpt lat="22.5391736" lon="113.9354800"><ele>16.0</ele><time>2023-08-08T22:49:45Z</time></trkpt>
      <trkpt lat="22.5391558" lon="113.9354809"><ele>16.0</ele><time>2023-08-08T22:49:46Z</time></trkpt>
      <trkpt lat="22.5391377" lon="113.9354815"><ele>16.0</ele><time>2023-08-08T22:49:47Z</time></trkpt>
      <trkpt lat="22.5391208" lon="113.9354822"><ele>16.0</ele><time>2023-08-08T22:49:48Z</time></trkpt>
      <trkpt lat="22.5391048" lon="113.9354829"><ele>16.0</ele><time>2023-08-08T22:49:49Z</time></trkpt>
      <trkpt lat="22.5390890" lon="113.9354829"><ele>16.0</ele><time>2023-08-08T22:49:50Z</time></trkpt>
      <trkpt lat="22.5390733" lon="113.9354820"><ele>16.0</ele><time>2023-08-08T22:49:51Z</time></trkpt>
      <trkpt lat="22.5390578" lon="113.9354802"><ele>16.1</ele><time>2023-08-08T22:49:52Z</time></trkpt>
      <trkpt lat="22.5390424" lon="113.9354774"><ele>16.1</ele><time>2023-08-08T22:49:53Z</time></trkpt>
      <trkpt lat="22.5390270" lon="113.9354738"><ele>16.1</ele><time>2023-08-08T22:49:54Z</time></trkpt>
      <trkpt lat="22.5390114" lon="113.9354705"><ele>16.1</ele><time>2023-08-08T22:49:55Z</time></trkpt>
      <trkpt lat="22.5389958" lon="113.9354675"><ele>16.1</ele><time>2023-08-08T22:49:56Z</time></trkpt>
      <trkpt lat="22.5389801" lon="113.9354657"><ele>16.2</ele><time>2023-08-08T22:49:57Z</time></trkpt>
      <trkpt lat="22.5389639" lon="113.9354654"><ele>16.2</ele><time>2023-08-08T22:49:58Z</time></trkpt>
      <trkpt lat="22.5389475" lon="113.9354663"><ele>16.3</ele><time>2023-08-08T22:49:59Z</time></trkpt>
      <trkpt lat="22.5389313" lon="113.9354680"><ele>16.3</ele><time>2023-08-08T22:50:00Z</time></trkpt>
      <trkpt lat="22.5389152" lon="113.9354697"><ele>16.3</ele><time>2023-08-08T22:50:01Z</time></trkpt>
      <trkpt lat="22.5388991" lon="113.9354714"><ele>16.4</ele><time>2023-08-08T22:50:02Z</time></trkpt>
      <trkpt lat="22.5388832" lon="113.9354739"><ele>16.5</ele><time>2023-08-08T22:50:03Z</time></trkpt>
      <trkpt lat="22.5388674" lon="113.9354773"><ele>16.5</ele><time>2023-08-08T22:50:04Z</time></trkpt>
      <trkpt lat="22.5388513" lon="113.9354807"><ele>16.6</ele><time>2023-08-08T22:50:05Z</time></trkpt>
      <trkpt lat="22.5388350" lon="113.9354838"><ele>16.7</ele><time>2023-08-08T22:50:06Z</time></trkpt>
      <trkpt lat="22.5388185" lon="113.9354867"><ele>16.7</ele><time>2023-08-08T22:50:07Z</time></trkpt>
      <trkpt lat="22.5388020" lon="113.9354885"><ele>16.8</ele><time>2023-08-08T22:50:08Z</time></trkpt>
      <trkpt lat="22.5387856" lon="113.9354894"><ele>16.9</ele><time>2023-08-08T22:50:09Z</time></trkpt>
      <trkpt lat="22.5387692" lon="113.9354910"><ele>17.0</ele><time>2023-08-08T22:50:10Z</time></trkpt>
      <trkpt lat="22.5387531" lon="113.9354935"><ele>17.0</ele><time>2023-08-08T22:50:11Z</time></trkpt>
      <trkpt lat="22.5387370" lon="113.9354967"><ele>17.1</ele><time>2023-08-08T22:50:12Z</time></trkpt>
      <trkpt lat="22.5387211" lon="113.9355010"><ele>17.2</ele><time>2023-08-08T22:50:13Z</time></trkpt>
      <trkpt lat="22.5387055" lon="113.9355067"><ele>17.3</ele><time>2023-08-08T22:50:14Z</time></trkpt>
      <trkpt lat="22.5386900" lon="113.9355130"><ele>17.4</ele><time>2023-08-08T22:50:15Z</time></trkpt>
      <trkpt lat="22.5386745" lon="113.9355191"><ele>17.5</ele><time>2023-08-08T22:50:16Z</time></trkpt>
      <trkpt lat="22.5386591" lon="113.9355249"><ele>17.6</ele><time>2023-08-08T22:50:17Z</time></trkpt>
      <trkpt lat="22.5386442" lon="113.9355316"><ele>17.7</ele><time>2023-08-08T22:50:18Z</time></trkpt>
      <trkpt lat="22.5386300" lon="113.9355402"><ele>17.8</ele><time>2023-08-08T22:50:19Z</time></trkpt>
      <trkpt lat="22.5386162" lon="113.9355501"><ele>17.8</ele><time>2023-08-08T22:50:20Z</time></trkpt>
      <trkpt lat="22.5386027" lon="113.9355601"><ele>17.9</ele><time>2023-08-08T22:50:21Z</time></trkpt>
      <trkpt lat="22.5385893" lon="113.9355704"><ele>18.0</ele><time>2023-08-08T22:50:22Z</time></trkpt>
      <trkpt lat="22.5385761" lon="113.9355809"><ele>18.1</ele><time>2023-08-08T22:50:23Z</time></trkpt>
      <trkpt lat="22.5385630" lon="113.9355913"><ele>18.2</ele><time>2023-08-08T22:50:24Z</time></trkpt>
      <trkpt lat="22.5385497" lon="113.9356014"><ele>18.3</ele><time>2023-08-08T22:50:25Z</time></trkpt>
      <trkpt lat="22.5385367" lon="113.9356119"><ele>18.3</ele><time>2023-08-08T22:50:26Z</time></trkpt>
      <trkpt lat="22.5385241" lon="113.9356230"><ele>18.4</ele><time>2023-08-08T22:50:27Z</time></trkpt>
      <trkpt lat="22.5385119" lon="113.9356345"><ele>18.5</ele><time>2023-08-08T22:50:28Z</time></trkpt>
      <trkpt lat="22.5384999" lon="113.9356466"><ele>18.5</ele><time>2023-08-08T22:50:29Z</time></trkpt>
      <trkpt lat="22.5384885" lon="113.9356595"><ele>18.6</ele><time>2023-08-08T22:50:30Z</time></trkpt>
      <trkpt lat="22.5384783" lon="113.9356733"><ele>18.7</ele><time>2023-08-08T22:50:31Z</time></trkpt>
      <trkpt lat="22.5384692" lon="113.9356878"><ele>18.7</ele><time>2023-08-08T22:50:32Z</time></trkpt>
      <trkpt lat="22.5384603" lon="113.9357025"><ele>18.8</ele><time>2023-08-08T22:50:33Z</time></trkpt>
      <trkpt lat="22.5384519" lon="113.9357175"><ele>18.9</ele><time>2023-08-08T22:50:34Z</time></trkpt>
      <trkpt lat="22.5384449" lon="113.9357333"><ele>18.9</ele><time>2023-08-08T22:50:35Z</time></trkpt>
      <trkpt lat="22.5384388" lon="113.9357501"><ele>19.0</ele><time>2023-08-08T22:50:36Z</time></trkpt>
      <trkpt lat="22.5384324" lon="113.9357672"><ele>19.0</ele><time>2023-08-08T22:50:37Z</time></trkpt>
      <trkpt lat="22.5384249" lon="113.9357832"><ele>19.1</ele><time>2023-08-08T22:50:38Z</time></trkpt>
      <trkpt lat="22.5384158" lon="113.9357982"><ele>19.1</ele><time>2023-08-08T22:50:39Z</time></trkpt>
      <trkpt lat="22.5384066" lon="113.9358135"><ele>19.1</ele><time>2023-08-08T22:50:40Z</time></trkpt>
      <trkpt lat="22.5383981" lon="113.9358291"><ele>19.2</ele><time>2023-08-08T22:50:41Z</time></trkpt>
      <trkpt lat="22.5383899" lon="113.9358448"><ele>19.2</ele><time>2023-08-08T22:50:42Z</time></trkpt>
      <trkpt lat="22.5383828" lon="113.9358612"><ele>19.2</ele><time>2023-08-08T22:50:43Z</time></trkpt>
      <trkpt lat="22.5383767" lon="113.9358779"><ele>19.3</ele><time>2023-08-08T22:50:44Z</time></trkpt>
      <trkpt lat="22.5383725" lon="113.9358949"><ele>19.3</ele><time>2023-08-08T22:50:45Z</time></trkpt>
      <trkpt lat="22.5383705" lon="113.9359124"><ele>19.3</ele><time>2023-08-08T22:50:46Z</time></trkpt>
      <trkpt lat="22.5383695" lon="113.9359302"><ele>19.3</ele><time>2023-08-08T22:50:47Z</time></trkpt>
      <trkpt lat="22.5383687" lon="113.9359480"><ele>19.4</ele><time>2023-08-08T22:50:48Z</time></trkpt>
      <trkpt lat="22.5383689" lon="113.9359654"><ele>19.4</ele><time>2023-08-08T22:50:49Z</time></trkpt>
      <trkpt lat="22.5383705" lon="113.9359825"><ele>19.4</ele><time>2023-08-08T22:50:50Z</time></trkpt>
      <trkpt lat="22.5383726" lon="113.9359995"><ele>19.4</ele><time>2023-08-08T22:50:51Z</time></trkpt>
      <trkpt lat="22.5383746" lon="113.9360166"><ele>19.4</ele><time>2023-08-08T22:50:52Z</time></trkpt>
      <trkpt lat="22.5383775" lon="113.9360336"><ele>19.4</ele><time>2023-08-08T22:50:53Z</time></trkpt>
      <trkpt lat="22.5383810" lon="113.9360501"><ele>19.4</ele><time>2023-08-08T22:50:54Z</time></trkpt>
      <trkpt lat="22.5383847" lon="113.9360665"><ele>19.4</ele><time>2023-08-08T22:50:55Z</time></trkpt>
      <trkpt lat="22.5383895" lon="113.9360827"><ele>19.4</ele><time>2023-08-08T22:50:56Z</time></trkpt>
      <trkpt lat="22.5383953" lon="113.9360987"><ele>19.4</ele><time>2023-08-08T22:50:57Z</time></trkpt>
      <trkpt lat="22.5384017" lon="113.9361144"><ele>19.4</ele><time>2023-08-08T22:50:58Z</time></trkpt>
      <trkpt lat="22.5384094" lon="113.9361294"><ele>19.4</ele><time>2023-08-08T22:50:59Z</time></trkpt>
      <trkpt lat="22.5384183" lon="113.9361437"><ele>19.4</ele><time>2023-08-08T22:51:00Z</time></trkpt>
      <trkpt lat="22.5384278" lon="113.9361577"><ele>19.4</ele><time>2023-08-08T22:51:01Z</time></trkpt>
      <trkpt lat="22.5384378" lon="113.9361714"><ele>19.3</ele><time>2023-08-08T22:51:02Z</time></trkpt>
      <trkpt lat="22.5384475" lon="113.9361852"><ele>19.3</ele><time>2023-08-08T22:51:03Z</time></trkpt>
      <trkpt lat="22.5384569" lon="113.9361991"><ele>19.3</ele><time>2023-08-08T22:51:04Z</time></trkpt>
      <trkpt lat="22.5384665" lon="113.9362129"><ele>19.3</ele><time>2023-08-08T22:51:05Z</time></trkpt>
      <trkpt lat="22.5384767" lon="113.9362261"><ele>19.3</ele><time>2023-08-08T22:51:06Z</time></trkpt>
      <trkpt lat="22.5384875" lon="113.9362387"><ele>19.2</ele><time>2023-08-08T22:51:07Z</time></trkpt>
      <trkpt lat="22.5384987" lon="113.9362510"><ele>19.2</ele><time>2023-08-08T22:51:08Z</time></trkpt>
      <trkpt lat="22.5385103" lon="113.9362630"><ele>19.2</ele><time>2023-08-08T22:51:09Z</time></trkpt>
      <trkpt lat="22.5385226" lon="113.9362744"><ele>19.2</ele><time>2023-08-08T22:51:10Z</time></trkpt>
      <trkpt lat="22.5385356" lon="113.9362848"><ele>19.1</ele><time>2023-08-08T22:51:11Z</time></trkpt>
      <trkpt lat="22.5385492" lon="113.9362942"><ele>19.1</ele><time>2023-08-08T22:51:12Z</time></trkpt>
      <trkpt lat="22.5385630" lon="113.9363032"><ele>19.1</ele><time>2023-08-08T22:51:13Z</time></trkpt>
      <trkpt lat="22.5385768" lon="113.9363123"><ele>19.0</ele><time>2023-08-08T22:51:14Z</time></trkpt>
      <trkpt lat="22.5385906" lon="113.9363212"><ele>19.0</ele><time>2023-08-08T22:51:15Z</time></trkpt>
      <trkpt lat="22.5386046" lon="113.9363297"><ele>19.0</ele><time>2023-08-08T22:51:16Z</time></trkpt>
      <trkpt lat="22.5386187" lon="113.9363379"><ele>18.9</ele><time>2023-08-08T22:51:17Z</time></trkpt>
      <trkpt lat="22.5386328" lon="113.9363460"><ele>18.9</ele><time>2023-08-08T22:51:18Z</time></trkpt>
      <trkpt lat="22.5386473" lon="113.9363533"><ele>18.9</ele><time>2023-08-08T22:51:19Z</time></trkpt>
      <trkpt lat="22.5386622" lon="113.9363601"><ele>18.8</ele><time>2023-08-08T22:51:20Z</time></trkpt>
      <trkpt lat="22.5386770" lon="113.9363668"><ele>18.8</ele><time>2023-08-08T22:51:21Z</time></trkpt>
      <trkpt lat="22.5386920" lon="113.9363731"><ele>18.8</ele><time>2023-08-08T22:51:22Z</time></trkpt>
      <trkpt lat="22.5387072" lon="113.9363782"><ele>18.7</ele><time>2023-08-08T22:51:23Z</time></trkpt>
      <trkpt lat="22.5387228" lon="113.9363823"><ele>18.7</ele><time>2023-08-08T22:51:24Z</time></trkpt>
      <trkpt lat="22.5387383" lon="113.9363859"><ele>18.6</ele><time>2023-08-08T22:51:25Z</time></trkpt>
      <trkpt lat="22.5387540" lon="113.9363888"><ele>18.6</ele><time>2023-08-08T22:51:26Z</time></trkpt>
      <trkpt lat="22.5387697" lon="113.9363913"><ele>18.6</ele><time>2023-08-08T22:51:27Z</time></trkpt>
      <trkpt lat="22.5387854" lon="113.9363929"><ele>18.5</ele><time>2023-08-08T22:51:28Z</time></trkpt>
      <trkpt lat="22.5388011" lon="113.9363937"><ele>18.5</ele><time>2023-08-08T22:51:29Z</time></trkpt>
      <trkpt lat="22.5388168" lon="113.9363949"><ele>18.4</ele><time>2023-08-08T22:51:30Z</time></trkpt>
      <trkpt lat="22.5388324" lon="113.9363958"><ele>18.4</ele><time>2023-08-08T22:51:31Z</time></trkpt>
      <trkpt lat="22.5388480" lon="113.9363947"><ele>18.4</ele><time>2023-08-08T22:51:32Z</time></trkpt>
      <trkpt lat="22.5388636" lon="113.9363925"><ele>18.3</ele><time>2023-08-08T22:51:33Z</time></trkpt>
      <trkpt lat="22.5388791" lon="113.9363906"><ele>18.3</ele><time>2023-08-08T22:51:34Z</time></trkpt>
      <trkpt lat="22.5388944" lon="113.9363893"><ele>18.2</ele><time>2023-08-08T22:51:35Z</time></trkpt>
      <trkpt lat="22.5389097" lon="113.9363882"><ele>18.2</ele><time>2023-08-08T22:51:36Z</time></trkpt>
      <trkpt lat="22.5389250" lon="113.9363877"><ele>18.2</ele><time>2023-08-08T22:51:37Z</time></trkpt>
      <trkpt lat="22.5389401" lon="113.9363883"><ele>18.1</ele><time>2023-08-08T22:51:38Z</time></trkpt>
      <trkpt lat="22.5389551" lon="113.9363892"><ele>18.1</ele><time>2023-08-08T22:51:39Z</time></trkpt>
      <trkpt lat="22.5389700" lon="113.9363902"><ele>18.1</ele><time>2023-08-08T22:51:40Z</time></trkpt>
      <trkpt lat="22.5389850" lon="113.9363917"><ele>18.0</ele><time>2023-08-08T22:51:41Z</time></trkpt>
      <trkpt lat="22.5389999" lon="113.9363931"><ele>18.0</ele><time>2023-08-08T22:51:42Z</time></trkpt>
      <trkpt lat="22.5390150" lon="113.9363934"><ele>17.9</ele><time>2023-08-08T22:51:43Z</time></trkpt>
      <trkpt lat="22.5390302" lon="113.9363934"><ele>17.9</ele><time>2023-08-08T22:51:44Z</time></trkpt>
      <trkpt lat="22.5390452" lon="113.9363935"><ele>17.9</ele><time>2023-08-08T22:51:45Z</time></trkpt>
      <trkpt lat="22.5390592" lon="113.9363934"><ele>17.8</ele><time>2023-08-08T22:51:46Z</time></trkpt>
      <trkpt lat="22.5390722" lon="113.9363931"><ele>17.8</ele><time>2023-08-08T22:51:47Z</time></trkpt>
      <trkpt lat="22.5390846" lon="113.9363926"><ele>17.7</ele><time>2023-08-08T22:51:48Z</time></trkpt>
      <trkpt lat="22.5390980" lon="113.9363919"><ele>17.7</ele><time>2023-08-08T22:51:49Z</time></trkpt>
      <trkpt lat="22.5391127" lon="113.9363910"><ele>17.7</ele><time>2023-08-08T22:51:50Z</time></trkpt>
      <trkpt lat="22.5391278" lon="113.9363901"><ele>17.6</ele><time>2023-08-08T22:51:51Z</time></trkpt>
      <trkpt lat="22.5391430" lon="113.9363897"><ele>17.6</ele><time>2023-08-08T22:51:52Z</time></trkpt>
      <trkpt lat="22.5391582" lon="113.9363893"><ele>17.6</ele><time>2023-08-08T22:51:53Z</time></trkpt>
      <trkpt lat="22.5391734" lon="113.9363883"><ele>17.5</ele><time>2023-08-08T22:51:54Z</time></trkpt>
      <trkpt lat="22.5391886" lon="113.9363871"><ele>17.5</ele><time>2023-08-08T22:51:55Z</time></trkpt>
      <trkpt lat="22.5392036" lon="113.9363862"><ele>17.5</ele><time>2023-08-08T22:51:56Z</time></trkpt>
      <trkpt lat="22.5392187" lon="113.9363854"><ele>17.4</ele><time>2023-08-08T22:51:57Z</time></trkpt>
      <trkpt lat="22.5392337" lon="113.9363851"><ele>17.4</ele><time>2023-08-08T22:51:58Z</time></trkpt>
      <trkpt lat="22.5392487" lon="113.9363855"><ele>17.3</ele><time>2023-08-08T22:51:59Z</time></trkpt>
      <trkpt lat="22.5392637" lon="113.9363859"><ele>17.3</ele><time>2023-08-08T22:52:00Z</time></trkpt>
      <trkpt lat="22.5392787" lon="113.9363862"><ele>17.3</ele><time>2023-08-08T22:52:01Z</time></trkpt>
      <trkpt lat="22.5392936" lon="113.9363861"><ele>17.2</ele><time>2023-08-08T22:52:02Z</time></trkpt>
      <trkpt lat="22.5393086" lon="113.9363855"><ele>17.2</ele><time>2023-08-08T22:52:03Z</time></trkpt>
      <trkpt lat="22.5393236" lon="113.9363852"><ele>17.1</ele><time>2023-08-08T22:52:04Z</time></trkpt>
      <trkpt lat="22.5393388" lon="113.9363857"><ele>17.1</ele><time>2023-08-08T22:52:05Z</time></trkpt>
      <trkpt lat="22.5393539" lon="113.9363866"><ele>17.0</ele><time>2023-08-08T22:52:06Z</time></trkpt>
      <trkpt lat="22.5393691" lon="113.9363870"><ele>16.9</ele><time>2023-08-08T22:52:07Z</time></trkpt>
      <trkpt lat="22.5393842" lon="113.9363866"><ele>16.9</ele><time>2023-08-08T22:52:08Z</time></trkpt>
      <trkpt lat="22.5393985" lon="113.9363863"><ele>16.8</ele><time>2023-08-08T22:52:09Z</time></trkpt>
      <trkpt lat="22.5394119" lon="113.9363862"><ele>16.7</ele><time>2023-08-08T22:52:10Z</time></trkpt>
      <trkpt lat="22.5394257" lon="113.9363860"><ele>16.7</ele><time>2023-08-08T22:52:11Z</time></trkpt>
      <trkpt lat="22.5394404" lon="113.9363854"><ele>16.6</ele><time>2023-08-08T22:52:12Z</time></trkpt>
      <trkpt lat="22.5394554" lon="113.9363843"><ele>16.5</ele><time>2023-08-08T22:52:13Z</time></trkpt>
      <trkpt lat="22.5394703" lon="113.9363834"><ele>16.4</ele><time>2023-08-08T22:52:14Z</time></trkpt>
      <trkpt lat="22.5394852" lon="113.9363828"><ele>16.4</ele><time>2023-08-08T22:52:15Z</time></trkpt>
      <trkpt lat="22.5395000" lon="113.9363827"><ele>16.3</ele><time>2023-08-08T22:52:16Z</time></trkpt>
      <trkpt lat="22.5395150" lon="113.9363827"><ele>16.2</ele><time>2023-08-08T22:52:17Z</time></trkpt>
      <trkpt lat="22.5395299" lon="113.9363822"><ele>16.1</ele><time>2023-08-08T22:52:18Z</time></trkpt>
      <trkpt lat="22.5395447" lon="113.9363812"><ele>16.0</ele><time>2023-08-08T22:52:19Z</time></trkpt>
      <trkpt lat="22.5395594" lon="113.9363800"><ele>15.9</ele><time>2023-08-08T22:52:20Z</time></trkpt>
      <trkpt lat="22.5395740" lon="113.9363779"><ele>15.8</ele><time>2023-08-08T22:52:21Z</time></trkpt>
      <trkpt lat="22.5395885" lon="113.9363743"><ele>15.7</ele><time>2023-08-08T22:52:22Z</time></trkpt>
      <trkpt lat="22.5396028" lon="113.9363702"><ele>15.6</ele><time>2023-08-08T22:52:23Z</time></trkpt>
      <trkpt lat="22.5396169" lon="113.9363658"><ele>15.5</ele><time>2023-08-08T22:52:24Z</time></trkpt>
      <trkpt lat="22.5396307" lon="113.9363604"><ele>15.5</ele><time>2023-08-08T22:52:25Z</time></trkpt>
      <trkpt lat="22.5396443" lon="113.9363547"><ele>15.4</ele><time>2023-08-08T22:52:26Z</time></trkpt>
      <trkpt lat="22.5396579" lon="113.9363489"><ele>15.3</ele><time>2023-08-08T22:52:27Z</time></trkpt>
      <trkpt lat="22.5396712" lon="113.9363420"><ele>15.2</ele><time>2023-08-08T22:52:28Z</time></trkpt>
      <trkpt lat="22.5396840" lon="113.9363340"><ele>15.1</ele><time>2023-08-08T22:52:29Z</time></trkpt>
      <trkpt lat="22.5396970" lon="113.9363259"><ele>15.0</ele><time>2023-08-08T22:52:30Z</time></trkpt>
      <trkpt lat="22.5397104" lon="113.9363180"><ele>14.9</ele><time>2023-08-08T22:52:31Z</time></trkpt>
      <trkpt lat="22.5397246" lon="113.9363099"><ele>14.9</ele><time>2023-08-08T22:52:32Z</time></trkpt>
      <trkpt lat="22.5397391" lon="113.9363014"><ele>14.8</ele><time>2023-08-08T22:52:33Z</time></trkpt>
      <trkpt lat="22.5397533" lon="113.9362921"><ele>14.7</ele><time>2023-08-08T22:52:34Z</time></trkpt>
      <trkpt lat="22.5397665" lon="113.9362815"><ele>14.6</ele><time>2023-08-08T22:52:35Z</time></trkpt>
      <trkpt lat="22.5397786" lon="113.9362702"><ele>14.6</ele><time>2023-08-08T22:52:36Z</time></trkpt>
      <trkpt lat="22.5397901" lon="113.9362595"><ele>14.5</ele><time>2023-08-08T22:52:37Z</time></trkpt>
      <trkpt lat="22.5398009" lon="113.9362481"><ele>14.5</ele><time>2023-08-08T22:52:38Z</time></trkpt>
      <trkpt lat="22.5398107" lon="113.9362356"><ele>14.4</ele><time>2023-08-08T22:52:39Z</time></trkpt>
      <trkpt lat="22.5398198" lon="113.9362223"><ele>14.4</ele><time>2023-08-08T22:52:40Z</time></trkpt>
      <trkpt lat="22.5398286" lon="113.9362089"><ele>14.4</ele><time>2023-08-08T22:52:41Z</time></trkpt>
      <trkpt lat="22.5398374" lon="113.9361955"><ele>14.3</ele><time>2023-08-08T22:52:42Z</time></trkpt>
      <trkpt lat="22.5398457" lon="113.9361818"><ele>14.3</ele><time>2023-08-08T22:52:43Z</time></trkpt>
      <trkpt lat="22.5398534" lon="113.9361676"><ele>14.3</ele><time>2023-08-08T22:52:44Z</time></trkpt>
      <trkpt lat="22.5398611" lon="113.9361532"><ele>14.3</ele><time>2023-08-08T22:52:45Z</time></trkpt>
      <trkpt lat="22.5398688" lon="113.9361389"><ele>14.3</ele><time>2023-08-08T22:52:46Z</time></trkpt>
      <trkpt lat="22.5398770" lon="113.9361250"><ele>14.3</ele><time>2023-08-08T22:52:47Z</time></trkpt>
      <trkpt lat="22.5398855" lon="113.9361114"><ele>14.3</ele><time>2023-08-08T22:52:48Z</time></trkpt>
      <trkpt lat="22.5398932" lon="113.9360971"><ele>14.3</ele><time>2023-08-08T22:52:49Z</time></trkpt>
      <trkpt lat="22.5399001" lon="113.9360822"><ele>14.3</ele><time>2023-08-08T22:52:50Z</time></trkpt>
      <trkpt lat="22.5399056" lon="113.9360667"><ele>14.3</ele><time>2023-08-08T22:52:51Z</time></trkpt>
      <trkpt lat="22.5399101" lon="113.9360506"><ele>14.3</ele><time>2023-08-08T22:52:52Z</time></trkpt>
      <trkpt lat="22.5399145" lon="113.9360344"><ele>14.3</ele><time>2023-08-08T22:52:53Z</time></trkpt>
      <trkpt lat="22.5399182" lon="113.9360181"><ele>14.3</ele><time>2023-08-08T22:52:54Z</time></trkpt>
      <trkpt lat="22.5399203" lon="113.9360013"><ele>14.4</ele><time>2023-08-08T22:52:55Z</time></trkpt>
      <trkpt lat="22.5399214" lon="113.9359844"><ele>14.4</ele><time>2023-08-08T22:52:56Z</time></trkpt>
      <trkpt lat="22.5399216" lon="113.9359676"><ele>14.4</ele><time>2023-08-08T22:52:57Z</time></trkpt>
      <trkpt lat="22.5399210" lon="113.9359506"><ele>14.5</ele><time>2023-08-08T22:52:58Z</time></trkpt>
      <trkpt lat="22.5399199" lon="113.9359337"><ele>14.5</ele><time>2023-08-08T22:52:59Z</time></trkpt>
      <trkpt lat="22.5399194" lon="113.9359168"><ele>14.5</ele><time>2023-08-08T22:53:00Z</time></trkpt>
      <trkpt lat="22.5399186" lon="113.9359000"><ele>14.6</ele><time>2023-08-08T22:53:01Z</time></trkpt>
      <trkpt lat="22.5399170" lon="113.9358831"><ele>14.6</ele><time>2023-08-08T22:53:02Z</time></trkpt>
      <trkpt lat="22.5399152" lon="113.9358663"><ele>14.7</ele><time>2023-08-08T22:53:03Z</time></trkpt>
      <trkpt lat="22.5399131" lon="113.9358496"><ele>14.7</ele><time>2023-08-08T22:53:04Z</time></trkpt>
      <trkpt lat="22.5399100" lon="113.9358330"><ele>14.8</ele><time>2023-08-08T22:53:05Z</time></trkpt>
      <trkpt lat="22.5399060" lon="113.9358165"><ele>14.8</ele><time>2023-08-08T22:53:06Z</time></trkpt>
      <trkpt lat="22.5399021" lon="113.9358003"><ele>14.9</ele><time>2023-08-08T22:53:07Z</time></trkpt>
      <trkpt lat="22.5398979" lon="113.9357846"><ele>14.9</ele><time>2023-08-08T22:53:08Z</time></trkpt>
      <trkpt lat="22.5398925" lon="113.9357690"><ele>15.0</ele><time>2023-08-08T22:53:09Z</time></trkpt>
      <trkpt lat="22.5398864" lon="113.9357534"><ele>15.0</ele><time>2023-08-08T22:53:10Z</time></trkpt>
      <trkpt lat="22.5398808" lon="113.9357378"><ele>15.1</ele><time>2023-08-08T22:53:11Z</time></trkpt>
      <trkpt lat="22.5398750" lon="113.9357224"><ele>15.2</ele><time>2023-08-08T22:53:12Z</time></trkpt>
      <trkpt lat="22.5398682" lon="113.9357074"><ele>15.2</ele><time>2023-08-08T22:53:13Z</time></trkpt>
      <trkpt lat="22.5398612" lon="113.9356930"><ele>15.3</ele><time>2023-08-08T22:53:14Z</time></trkpt>
      <trkpt lat="22.5398534" lon="113.9356793"><ele>15.3</ele><time>2023-08-08T22:53:15Z</time></trkpt>
      <trkpt lat="22.5398444" lon="113.9356662"><ele>15.4</ele><time>2023-08-08T22:53:16Z</time></trkpt>
      <trkpt lat="22.5398345" lon="113.9356539"><ele>15.4</ele><time>2023-08-08T22:53:17Z</time></trkpt>
      <trkpt lat="22.5398244" lon="113.9356421"><ele>15.5</ele><time>2023-08-08T22:53:18Z</time></trkpt>
      <trkpt lat="22.5398146" lon="113.9356297"><ele>15.5</ele><time>2023-08-08T22:53:19Z</time></trkpt>
      <trkpt lat="22.5398053" lon="113.9356165"><ele>15.5</ele><time>2023-08-08T22:53:20Z</time></trkpt>
      <trkpt lat="22.5397956" lon="113.9356035"><ele>15.6</ele><time>2023-08-08T22:53:21Z</time></trkpt>
      <trkpt lat="22.5397844" lon="113.9355915"><ele>15.6</ele><time>2023-08-08T22:53:22Z</time></trkpt>
      <trkpt lat="22.5397728" lon="113.9355798"><ele>15.7</ele><time>2023-08-08T22:53:23Z</time></trkpt>
      <trkpt lat="22.5397611" lon="113.9355684"><ele>15.7</ele><time>2023-08-08T22:53:24Z</time></trkpt>
      <trkpt lat="22.5397488" lon="113.9355579"><ele>15.7</ele><time>2023-08-08T22:53:25Z</time></trkpt>
      <trkpt lat="22.5397359" lon="113.9355481"><ele>15.8</ele><time>2023-08-08T22:53:26Z</time></trkpt>
      <trkpt lat="22.5397227" lon="113.9355387"><ele>15.8</ele><time>2023-08-08T22:53:27Z</time></trkpt>
      <trkpt lat="22.5397091" lon="113.9355299"><ele>15.8</ele><time>2023-08-08T22:53:28Z</time></trkpt>
      <trkpt lat="22.5396949" lon="113.9355221"><ele>15.9</ele><time>2023-08-08T22:53:29Z</time></trkpt>
      <trkpt lat="22.5396801" lon="113.9355153"><ele>15.9</ele><time>2023-08-08T22:53:30Z</time></trkpt>
      <trkpt lat="22.5396654" lon="113.9355085"><ele>15.9</ele><time>2023-08-08T22:53:31Z</time></trkpt>
      <trkpt lat="22.5396508" lon="113.9355015"><ele>15.9</ele><time>2023-08-08T22:53:32Z</time></trkpt>
      <trkpt lat="22.5396361" lon="113.9354949"><ele>16.0</ele><time>2023-08-08T22:53:33Z</time></trkpt>
      <trkpt lat="22.5396213" lon="113.9354893"><ele>16.0</ele><time>2023-08-08T22:53:34Z</time></trkpt>
      <trkpt lat="22.5396063" lon="113.9354845"><ele>16.0</ele><time>2023-08-08T22:53:35Z</time></trkpt>
      <trkpt lat="22.5395911" lon="113.9354797"><ele>16.1</ele><time>2023-08-08T22:53:36Z</time></trkpt>
      <trkpt lat="22.5395756" lon="113.9354754"><ele>16.1</ele><time>2023-08-08T22:53:37Z</time></trkpt>
      <trkpt lat="22.5395598" lon="113.9354724"><ele>16.1</ele><time>2023-08-08T22:53:38Z</time></trkpt>
      <trkpt lat="22.5395439" lon="113.9354707"><ele>16.2</ele><time>2023-08-08T22:53:39Z</time></trkpt>
      <trkpt lat="22.5395279" lon="113.9354693"><ele>16.2</ele><time>2023-08-08T22:53:40Z</time></trkpt>
      <trkpt lat="22.5395120" lon="113.9354677"><ele>16.2</ele><time>2023-08-08T22:53:41Z</time></trkpt>
      <trkpt lat="22.5394960" lon="113.9354661"><ele>16.2</ele><time>2023-08-08T22:53:42Z</time></trkpt>
      <trkpt lat="22.5394800" lon="113.9354647"><ele>16.3</ele><time>2023-08-08T22:53:43Z</time></trkpt>
      <trkpt lat="22.5394640" lon="113.9354634"><ele>16.3</ele><time>2023-08-08T22:53:44Z</time></trkpt>
      <trkpt lat="22.5394481" lon="113.9354626"><ele>16.3</ele><time>2023-08-08T22:53:45Z</time></trkpt>
      <trkpt lat="22.5394322" lon="113.9354622"><ele>16.3</ele><time>2023-08-08T22:53:46Z</time></trkpt>
      <trkpt lat="22.5394165" lon="113.9354620"><ele>16.4</ele><time>2023-08-08T22:53:47Z</time></trkpt>
      <trkpt lat="22.5394008" lon="113.9354618"><ele>16.4</ele><time>2023-08-08T22:53:48Z</time></trkpt>
      <trkpt lat="22.5393850" lon="113.9354625"><ele>16.4</ele><time>2023-08-08T22:53:49Z</time></trkpt>
      <trkpt lat="22.5393691" lon="113.9354648"><ele>16.4</ele><time>2023-08-08T22:53:50Z</time></trkpt>
      <trkpt lat="22.5393532" lon="113.9354675"><ele>16.4</ele><time>2023-08-08T22:53:51Z</time></trkpt>
      <trkpt lat="22.5393376" lon="113.9354701"><ele>16.4</ele><time>2023-08-08T22:53:52Z</time></trkpt>
      <trkpt lat="22.5393220" lon="113.9354722"><ele>16.5</ele><time>2023-08-08T22:53:53Z</time></trkpt>
      <trkpt lat="22.5393066" lon="113.9354730"><ele>16.5</ele><time>2023-08-08T22:53:54Z</time></trkpt>
      <trkpt lat="22.5392912" lon="113.9354729"><ele>16.5</ele><time>2023-08-08T22:53:55Z</time></trkpt>
      <trkpt lat="22.5392758" lon="113.9354726"><ele>16.5</ele><time>2023-08-08T22:53:56Z</time></trkpt>
      <trkpt lat="22.5392603" lon="113.9354723"><ele>16.5</ele><time>2023-08-08T22:53:57Z</time></trkpt>
      <trkpt lat="22.5392449" lon="113.9354729"><ele>16.5</ele><time>2023-08-08T22:53:58Z</time></trkpt>
      <trkpt lat="22.5392296" lon="113.9354746"><ele>16.5</ele><time>2023-08-08T22:53:59Z</time></trkpt>
      <trkpt lat="22.5392143" lon="113.9354763"><ele>16.5</ele><time>2023-08-08T22:54:00Z</time></trkpt>
      <trkpt lat="22.5391991" lon="113.9354769"><ele>16.5</ele><time>2023-08-08T22:54:01Z</time></trkpt>
      <trkpt lat="22.5391839" lon="113.9354769"><ele>16.5</ele><time>2023-08-08T22:54:02Z</time></trkpt>
      <trkpt lat="22.5391685" lon="113.9354776"><ele>16.4</ele><time>2023-08-08T22:54:03Z</time></trkpt>
      <trkpt lat="22.5391531" lon="113.9354789"><ele>16.4</ele><time>2023-08-08T22:54:04Z</time></trkpt>
      <trkpt lat="22.5391379" lon="113.9354804"><ele>16.4</ele><time>2023-08-08T22:54:05Z</time></trkpt>
      <trkpt lat="22.5391227" lon="113.9354822"><ele>16.4</ele><time>2023-08-08T22:54:06Z</time></trkpt>
      <trkpt lat="22.5391075" lon="113.9354841"><ele>16.4</ele><time>2023-08-08T22:54:07Z</time></trkpt>
      <trkpt lat="22.5390922" lon="113.9354861"><ele>16.4</ele><time>2023-08-08T22:54:08Z</time></trkpt>
      <trkpt lat="22.5390762" lon="113.9354884"><ele>16.4</ele><time>2023-08-08T22:54:09Z</time></trkpt>
      <trkpt lat="22.5390595" lon="113.9354905"><ele>16.3</ele><time>2023-08-08T22:54:10Z</time></trkpt>
      <trkpt lat="22.5390434" lon="113.9354918"><ele>16.3</ele><time>2023-08-08T22:54:11Z</time></trkpt>
      <trkpt lat="22.5390281" lon="113.9354925"><ele>16.3</ele><time>2023-08-08T22:54:12Z</time></trkpt>
      <trkpt lat="22.5390128" lon="113.9354931"><ele>16.3</ele><time>2023-08-08T22:54:13Z</time></trkpt>
      <trkpt lat="22.5389974" lon="113.9354940"><ele>16.2</ele><time>2023-08-08T22:54:14Z</time></trkpt>
      <trkpt lat="22.5389823" lon="113.9354953"><ele>16.2</ele><time>2023-08-08T22:54:15Z</time></trkpt>
      <trkpt lat="22.5389671" lon="113.9354969"><ele>16.2</ele><time>2023-08-08T22:54:16Z</time></trkpt>
      <trkpt lat="22.5389519" lon="113.9354985"><ele>16.2</ele><time>2023-08-08T22:54:17Z</time></trkpt>
      <trkpt lat="22.5389369" lon="113.9354997"><ele>16.1</ele><time>2023-08-08T22:54:18Z</time></trkpt>
      <trkpt lat="22.5389217" lon="113.9355003"><ele>16.1</ele><time>2023-08-08T22:54:19Z</time></trkpt>
      <trkpt lat="22.5389064" lon="113.9355006"><ele>16.1</ele><time>2023-08-08T22:54:20Z</time></trkpt>
      <trkpt lat="22.5388911" lon="113.9355004"><ele>16.0</ele><time>2023-08-08T22:54:21Z</time></trkpt>
      <trkpt lat="22.5388758" lon="113.9354998"><ele>16.0</ele><time>2023-08-08T22:54:22Z</time></trkpt>
      <trkpt lat="22.5388605" lon="113.9354993"><ele>16.0</ele><time>2023-08-08T22:54:23Z</time></trkpt>
      <trkpt lat="22.5388451" lon="113.9354991"><ele>15.9</ele><time>2023-08-08T22:54:24Z</time></trkpt>
      <trkpt lat="22.5388298" lon="113.9354993"><ele>15.9</ele><time>2023-08-08T22:54:25Z</time></trkpt>
      <trkpt lat="22.5388146" lon="113.9355000"><ele>15.9</ele><time>2023-08-08T22:54:26Z</time></trkpt>
      <trkpt lat="22.5387994" lon="113.9355008"><ele>15.9</ele><time>2023-08-08T22:54:27Z</time></trkpt>
      <trkpt lat="22.5387841" lon="113.9355018"><ele>15.9</ele><time>2023-08-08T22:54:28Z</time></trkpt>
      <trkpt lat="22.5387689" lon="113.9355029"><ele>15.9</ele><time>2023-08-08T22:54:29Z</time></trkpt>
      <trkpt lat="22.5387543" lon="113.9355021"><ele>15.8</ele><time>2023-08-08T22:54:30Z</time></trkpt>
      <trkpt lat="22.5387399" lon="113.9355007"><ele>15.8</ele><time>2023-08-08T22:54:31Z</time></trkpt>
      <trkpt lat="22.5387259" lon="113.9355016"><ele>15.8</ele><time>2023-08-08T22:54:32Z</time></trkpt>
      <trkpt lat="22.5387129" lon="113.9355043"><ele>15.8</ele><time>2023-08-08T22:54:33Z</time></trkpt>
      <trkpt lat="22.5387005" lon="113.9355077"><ele>15.9</ele><time>2023-08-08T22:54:34Z</time></trkpt>
      <trkpt lat="22.5386883" lon="113.9355111"><ele>15.9</ele><time>2023-08-08T22:54:35Z</time></trkpt>
      <trkpt lat="22.5386757" lon="113.9355148"><ele>15.9</ele><time>2023-08-08T22:54:36Z</time></trkpt>
      <trkpt lat="22.5386625" lon="113.9355190"><ele>15.9</ele><time>2023-08-08T22:54:37Z</time></trkpt>
      <trkpt lat="22.5386484" lon="113.9355234"><ele>15.9</ele><time>2023-08-08T22:54:38Z</time></trkpt>
      <trkpt lat="22.5386338" lon="113.9355282"><ele>16.0</ele><time>2023-08-08T22:54:39Z</time></trkpt>
      <trkpt lat="22.5386194" lon="113.9355342"><ele>16.0</ele><time>2023-08-08T22:54:40Z</time></trkpt>
      <trkpt lat="22.5386056" lon="113.9355419"><ele>16.0</ele><time>2023-08-08T22:54:41Z</time></trkpt>
      <trkpt lat="22.5385924" lon="113.9355506"><ele>16.1</ele><time>2023-08-08T22:54:42Z</time></trkpt>
      <trkpt lat="22.5385795" lon="113.9355595"><ele>16.1</ele><time>2023-08-08T22:54:43Z</time></trkpt>
      <trkpt lat="22.5385664" lon="113.9355682"><ele>16.2</ele><time>2023-08-08T22:54:44Z</time></trkpt>
      <trkpt lat="22.5385532" lon="113.9355767"><ele>16.2</ele><time>2023-08-08T22:54:45Z</time></trkpt>
      <trkpt lat="22.5385403" lon="113.9355855"><ele>16.3</ele><time>2023-08-08T22:54:46Z</time></trkpt>
      <trkpt lat="22.5385280" lon="113.9355955"><ele>16.3</ele><time>2023-08-08T22:54:47Z</time></trkpt>
      <trkpt lat="22.5385164" lon="113.9356066"><ele>16.3</ele><time>2023-08-08T22:54:48Z</time></trkpt>
      <trkpt lat="22.5385050" lon="113.9356178"><ele>16.4</ele><time>2023-08-08T22:54:49Z</time></trkpt>
      <trkpt lat="22.5384941" lon="113.9356293"><ele>16.4</ele><time>2023-08-08T22:54:50Z</time></trkpt>
      <trkpt lat="22.5384835" lon="113.9356414"><ele>16.5</ele><time>2023-08-08T22:54:51Z</time></trkpt>
      <trkpt lat="22.5384735" lon="113.9356540"><ele>16.5</ele><time>2023-08-08T22:54:52Z</time></trkpt>
      <trkpt lat="22.5384642" lon="113.9356671"><ele>16.6</ele><time>2023-08-08T22:54:53Z</time></trkpt>
      <trkpt lat="22.5384550" lon="113.9356802"><ele>16.6</ele><time>2023-08-08T22:54:54Z</time></trkpt>
      <trkpt lat="22.5384458" lon="113.9356931"><ele>16.6</ele><time>2023-08-08T22:54:55Z</time></trkpt>
      <trkpt lat="22.5384365" lon="113.9357059"><ele>16.7</ele><time>2023-08-08T22:54:56Z</time></trkpt>
      <trkpt lat="22.5384273" lon="113.9357184"><ele>16.7</ele><time>2023-08-08T22:54:57Z</time></trkpt>
      <trkpt lat="22.5384180" lon="113.9357306"><ele>16.7</ele><time>2023-08-08T22:54:58Z</time></trkpt>
      <trkpt lat="22.5384092" lon="113.9357430"><ele>16.7</ele><time>2023-08-08T22:54:59Z</time></trkpt>
      <trkpt lat="22.5384012" lon="113.9357560"><ele>16.7</ele><time>2023-08-08T22:55:00Z</time></trkpt>
      <trkpt lat="22.5383940" lon="113.9357697"><ele>16.7</ele><time>2023-08-08T22:55:01Z</time></trkpt>
      <trkpt lat="22.5383870" lon="113.9357833"><ele>16.7</ele><time>2023-08-08T22:55:02Z</time></trkpt>
      <trkpt lat="22.5383807" lon="113.9357972"><ele>16.7</ele><time>2023-08-08T22:55:03Z</time></trkpt>
      <trkpt lat="22.5383755" lon="113.9358118"><ele>16.7</ele><time>2023-08-08T22:55:04Z</time></trkpt>
      <trkpt lat="22.5383708" lon="113.9358274"><ele>16.7</ele><time>2023-08-08T22:55:05Z</time></trkpt>
      <trkpt lat="22.5383666" lon="113.9358438"><ele>16.6</ele><time>2023-08-08T22:55:06Z</time></trkpt>
      <trkpt lat="22.5383631" lon="113.9358606"><ele>16.6</ele><time>2023-08-08T22:55:07Z</time></trkpt>
      <trkpt lat="22.5383600" lon="113.9358775"><ele>16.5</ele><time>2023-08-08T22:55:08Z</time></trkpt>
      <trkpt lat="22.5383574" lon="113.9358945"><ele>16.5</ele><time>2023-08-08T22:55:09Z</time></trkpt>
      <trkpt lat="22.5383557" lon="113.9359119"><ele>16.4</ele><time>2023-08-08T22:55:10Z</time></trkpt>
      <trkpt lat="22.5383544" lon="113.9359294"><ele>16.4</ele><time>2023-08-08T22:55:11Z</time></trkpt>
      <trkpt lat="22.5383535" lon="113.9359469"><ele>16.3</ele><time>2023-08-08T22:55:12Z</time></trkpt>
      <trkpt lat="22.5383531" lon="113.9359642"><ele>16.2</ele><time>2023-08-08T22:55:13Z</time></trkpt>
      <trkpt lat="22.5383530" lon="113.9359813"><ele>16.1</ele><time>2023-08-08T22:55:14Z</time></trkpt>
      <trkpt lat="22.5383537" lon="113.9359984"><ele>16.1</ele><time>2023-08-08T22:55:15Z</time></trkpt>
      <trkpt lat="22.5383551" lon="113.9360154"><ele>16.0</ele><time>2023-08-08T22:55:16Z</time></trkpt>
      <trkpt lat="22.5383567" lon="113.9360312"><ele>15.9</ele><time>2023-08-08T22:55:17Z</time></trkpt>
      <trkpt lat="22.5383591" lon="113.9360457"><ele>15.8</ele><time>2023-08-08T22:55:18Z</time></trkpt>
      <trkpt lat="22.5383627" lon="113.9360599"><ele>15.8</ele><time>2023-08-08T22:55:19Z</time></trkpt>
      <trkpt lat="22.5383669" lon="113.9360739"><ele>15.7</ele><time>2023-08-08T22:55:20Z</time></trkpt>
      <trkpt lat="22.5383707" lon="113.9360872"><ele>15.6</ele><time>2023-08-08T22:55:21Z</time></trkpt>
      <trkpt lat="22.5383751" lon="113.9360991"><ele>15.5</ele><time>2023-08-08T22:55:22Z</time></trkpt>
      <trkpt lat="22.5383807" lon="113.9361109"><ele>15.5</ele><time>2023-08-08T22:55:23Z</time></trkpt>
      <trkpt lat="22.5383869" lon="113.9361229"><ele>15.4</ele><time>2023-08-08T22:55:24Z</time></trkpt>
      <trkpt lat="22.5383935" lon="113.9361346"><ele>15.3</ele><time>2023-08-08T22:55:25Z</time></trkpt>
      <trkpt lat="22.5384007" lon="113.9361457"><ele>15.3</ele><time>2023-08-08T22:55:26Z</time></trkpt>
      <trkpt lat="22.5384086" lon="113.9361571"><ele>15.2</ele><time>2023-08-08T22:55:27Z</time></trkpt>
      <trkpt lat="22.5384171" lon="113.9361687"><ele>15.1</ele><time>2023-08-08T22:55:28Z</time></trkpt>
      <trkpt lat="22.5384264" lon="113.9361807"><ele>15.1</ele><time>2023-08-08T22:55:29Z</time></trkpt>
      <trkpt lat="22.5384366" lon="113.9361935"><ele>15.0</ele><time>2023-08-08T22:55:30Z</time></trkpt>
      <trkpt lat="22.5384473" lon="113.9362073"><ele>15.0</ele><time>2023-08-08T22:55:31Z</time></trkpt>
      <trkpt lat="22.5384579" lon="113.9362211"><ele>15.0</ele><time>2023-08-08T22:55:32Z</time></trkpt>
      <trkpt lat="22.5384686" lon="113.9362344"><ele>14.9</ele><time>2023-08-08T22:55:33Z</time></trkpt>
      <trkpt lat="22.5384803" lon="113.9362468"><ele>14.9</ele><time>2023-08-08T22:55:34Z</time></trkpt>
      <trkpt lat="22.5384926" lon="113.9362585"><ele>14.9</ele><time>2023-08-08T22:55:35Z</time></trkpt>
      <trkpt lat="22.5385048" lon="113.9362704"><ele>14.8</ele><time>2023-08-08T22:55:36Z</time></trkpt>
      <trkpt lat="22.5385170" lon="113.9362824"><ele>14.8</ele><time>2023-08-08T22:55:37Z</time></trkpt>
      <trkpt lat="22.5385300" lon="113.9362935"><ele>14.8</ele><time>2023-08-08T22:55:38Z</time></trkpt>
      <trkpt lat="22.5385429" lon="113.9363047"><ele>14.8</ele><time>2023-08-08T22:55:39Z</time></trkpt>
      <trkpt lat="22.5385548" lon="113.9363151"><ele>14.7</ele><time>2023-08-08T22:55:40Z</time></trkpt>
      <trkpt lat="22.5385665" lon="113.9363236"><ele>14.7</ele><time>2023-08-08T22:55:41Z</time></trkpt>
      <trkpt lat="22.5385793" lon="113.9363307"><ele>14.7</ele><time>2023-08-08T22:55:42Z</time></trkpt>
      <trkpt lat="22.5385925" lon="113.9363368"><ele>14.7</ele><time>2023-08-08T22:55:43Z</time></trkpt>
      <trkpt lat="22.5386056" lon="113.9363425"><ele>14.7</ele><time>2023-08-08T22:55:44Z</time></trkpt>
      <trkpt lat="22.5386188" lon="113.9363478"><ele>14.7</ele><time>2023-08-08T22:55:45Z</time></trkpt>
      <trkpt lat="22.5386322" lon="113.9363532"><ele>14.7</ele><time>2023-08-08T22:55:46Z</time></trkpt>
      <trkpt lat="22.5386451" lon="113.9363594"><ele>14.7</ele><time>2023-08-08T22:55:47Z</time></trkpt>
      <trkpt lat="22.5386579" lon="113.9363658"><ele>14.7</ele><time>2023-08-08T22:55:48Z</time></trkpt>
      <trkpt lat="22.5386716" lon="113.9363721"><ele>14.6</ele><time>2023-08-08T22:55:49Z</time></trkpt>
      <trkpt lat="22.5386857" lon="113.9363791"><ele>14.6</ele><time>2023-08-08T22:55:50Z</time></trkpt>
      <trkpt lat="22.5387002" lon="113.9363863"><ele>14.6</ele><time>2023-08-08T22:55:51Z</time></trkpt>
      <trkpt lat="22.5387152" lon="113.9363924"><ele>14.6</ele><time>2023-08-08T22:55:52Z</time></trkpt>
      <trkpt lat="22.5387307" lon="113.9363970"><ele>14.6</ele><time>2023-08-08T22:55:53Z</time></trkpt>
      <trkpt lat="22.5387462" lon="113.9364005"><ele>14.6</ele><time>2023-08-08T22:55:54Z</time></trkpt>
      <trkpt lat="22.5387617" lon="113.9364034"><ele>14.6</ele><time>2023-08-08T22:55:55Z</time></trkpt>
      <trkpt lat="22.5387775" lon="113.9364057"><ele>14.6</ele><time>2023-08-08T22:55:56Z</time></trkpt>
      <trkpt lat="22.5387934" lon="113.9364079"><ele>14.6</ele><time>2023-08-08T22:55:57Z</time></trkpt>
      <trkpt lat="22.5388093" lon="113.9364098"><ele>14.7</ele><time>2023-08-08T22:55:58Z</time></trkpt>
      <trkpt lat="22.5388254" lon="113.9364105"><ele>14.7</ele><time>2023-08-08T22:55:59Z</time></trkpt>
      <trkpt lat="22.5388411" lon="113.9364103"><ele>14.7</ele><time>2023-08-08T22:56:00Z</time></trkpt>
      <trkpt lat="22.5388555" lon="113.9364104"><ele>14.7</ele><time>2023-08-08T22:56:01Z</time></trkpt>
      <trkpt lat="22.5388683" lon="113.9364103"><ele>14.7</ele><time>2023-08-08T22:56:02Z</time></trkpt>
    </trkseg>
  </trk>
  <extensions>
    <distance>5048.61</distance>
    <moving_time>2835.70</moving_time>
    <elapsed_time>2835.70</elapsed_time>
    <average_speed>1.78</average_speed>
    <start_time>2023-08-08T22:10:53Z</start_time>
    <end_time>2023-08-08T22:58:09Z</end_time>
    <average_hr>127.41</average_hr>
  </extensions>
</gpx>
