<?xml version="1.0" encoding="UTF-8"?>
<gpx version="1.1" creator="RunSync" xmlns="http://www.topografix.com/GPX/1/1">
  <metadata><time>2023-06-11T23:00:21Z</time></metadata>
  <trk>
    <name>跑步</name>
    <type>running</type>
    <trkseg>
      <trkpt lat="22.5325765" lon="113.9322248"><ele>5.1</ele><time>2023-06-11T23:02:18Z</time></trkpt>
      <trkpt lat="22.5325937" lon="113.9322314"><ele>5.2</ele><time>2023-06-11T23:02:19Z</time></trkpt>
      <trkpt lat="22.5326105" lon="113.9322388"><ele>5.3</ele><time>2023-06-11T23:02:20Z</time></trkpt>
      <trkpt lat="22.5326277" lon="113.9322456"><ele>5.3</ele><time>2023-06-11T23:02:21Z</time></trkpt>
      <trkpt lat="22.5326456" lon="113.9322513"><ele>5.4</ele><time>2023-06-11T23:02:22Z</time></trkpt>
      <trkpt lat="22.5326633" lon="113.9322570"><ele>5.5</ele><time>2023-06-11T23:02:23Z</time></trkpt>
      <trkpt lat="22.5326808" lon="113.9322634"><ele>5.6</ele><time>2023-06-11T23:02:24Z</time></trkpt>
      <trkpt lat="22.5326980" lon="113.9322705"><ele>5.7</ele><time>2023-06-11T23:02:25Z</time></trkpt>
      <trkpt lat="22.5327149" lon="113.9322780"><ele>5.8</ele><time>2023-06-11T23:02:26Z</time></trkpt>
      <trkpt lat="22.5327315" lon="113.9322857"><ele>5.9</ele><time>2023-06-11T23:02:27Z</time></trkpt>
      <trkpt lat="22.5327476" lon="113.9322938"><ele>6.0</ele><time>2023-06-11T23:02:28Z</time></trkpt>
      <trkpt lat="22.5327632" lon="113.9323028"><ele>6.0</ele><time>2023-06-11T23:02:29Z</time></trkpt>
      <trkpt lat="22.5327787" lon="113.9323121"><ele>6.1</ele><time>2023-06-11T23:02:30Z</time></trkpt>
      <trkpt lat="22.5327938" lon="113.9323220"><ele>6.2</ele><time>2023-06-11T23:02:31Z</time></trkpt>
      <trkpt lat="22.5328086" lon="113.9323325"><ele>6.2</ele><time>2023-06-11T23:02:32Z</time></trkpt>
      <trkpt lat="22.5328238" lon="113.9323428"><ele>6.3</ele><time>2023-06-11T23:02:33Z</time></trkpt>
      <trkpt lat="22.5328392" lon="113.9323527"><ele>6.4</ele><time>2023-06-11T23:02:34Z</time></trkpt>
      <trkpt lat="22.5328545" lon="113.9323627"><ele>6.4</ele><time>2023-06-11T23:02:35Z</time></trkpt>
      <trkpt lat="22.5328698" lon="113.9323724"><ele>6.4</ele><time>2023-06-11T23:02:36Z</time></trkpt>
      <trkpt lat="22.5328851" lon="113.9323820"><ele>6.5</ele><time>2023-06-11T23:02:37Z</time></trkpt>
      <trkpt lat="22.5329001" lon="113.9323922"><ele>6.5</ele><time>2023-06-11T23:02:38Z</time></trkpt>
      <trkpt lat="22.5329155" lon="113.9324020"><ele>6.5</ele><time>2023-06-11T23:02:39Z</time></trkpt>
      <trkpt lat="22.5329310" lon="113.9324116"><ele>6.5</ele><time>2023-06-11T23:02:40Z</time></trkpt>
      <trkpt lat="22.5329462" lon="113.9324214"><ele>6.6</ele><time>2023-06-11T23:02:41Z</time></trkpt>
      <trkpt lat="22.5329611" lon="113.9324318"><ele>6.6</ele><time>2023-06-11T23:02:42Z</time></trkpt>
      <trkpt lat="22.5329748" lon="113.9324437"><ele>6.6</ele><time>2023-06-11T23:02:43Z</time></trkpt>
      <trkpt lat="22.5329878" lon="113.9324563"><ele>6.6</ele><time>2023-06-11T23:02:44Z</time></trkpt>
      <trkpt lat="22.5330016" lon="113.9324682"><ele>6.5</ele><time>2023-06-11T23:02:45Z</time></trkpt>
      <trkpt lat="22.5330166" lon="113.9324791"><ele>6.5</ele><time>2023-06-11T23:02:46Z</time></trkpt>
      <trkpt lat="22.5330329" lon="113.9324896"><ele>6.5</ele><time>2023-06-11T23:02:47Z</time></trkpt>
      <trkpt lat="22.5330497" lon="113.9325002"><ele>6.5</ele><time>2023-06-11T23:02:48Z</time></trkpt>
      <trkpt lat="22.5330667" lon="113.9325106"><ele>6.5</ele><time>2023-06-11T23:02:49Z</time></trkpt>
      <trkpt lat="22.5330838" lon="113.9325203"><ele>6.5</ele><time>2023-06-11T23:02:50Z</time></trkpt>
      <trkpt lat="22.5331011" lon="113.9325291"><ele>6.4</ele><time>2023-06-11T23:02:51Z</time></trkpt>
      <trkpt lat="22.5331188" lon="113.9325379"><ele>6.4</ele><time>2023-06-11T23:02:52Z</time></trkpt>
      <trkpt lat="22.5331370" lon="113.9325465"><ele>6.4</ele><time>2023-06-11T23:02:53Z</time></trkpt>
      <trkpt lat="22.5331552" lon="113.9325546"><ele>6.4</ele><time>2023-06-11T23:02:54Z</time></trkpt>
      <trkpt lat="22.5331731" lon="113.9325625"><ele>6.4</ele><time>2023-06-11T23:02:55Z</time></trkpt>
      <trkpt lat="22.5331909" lon="113.9325707"><ele>6.3</ele><time>2023-06-11T23:02:56Z</time></trkpt>
      <trkpt lat="22.5332087" lon="113.9325790"><ele>6.3</ele><time>2023-06-11T23:02:57Z</time></trkpt>
      <trkpt lat="22.5332267" lon="113.9325870"><ele>6.3</ele><time>2023-06-11T23:02:58Z</time></trkpt>
      <trkpt lat="22.5332447" lon="113.9325951"><ele>6.3</ele><time>2023-06-11T23:02:59Z</time></trkpt>
      <trkpt lat="22.5332628" lon="113.9326028"><ele>6.3</ele><time>2023-06-11T23:03:00Z</time></trkpt>
      <trkpt lat="22.5332807" lon="113.9326109"><ele>6.3</ele><time>2023-06-11T23:03:01Z</time></trkpt>
      <trkpt lat="22.5332986" lon="113.9326192"><ele>6.3</ele><time>2023-06-11T23:03:02Z</time></trkpt>
      <trkpt lat="22.5333166" lon="113.9326271"><ele>6.3</ele><time>2023-06-11T23:03:03Z</time></trkpt>
      <trkpt lat="22.5333347" lon="113.9326354"><ele>6.3</ele><time>2023-06-11T23:03:04Z</time></trkpt>
      <trkpt lat="22.5333530" lon="113.9326431"><ele>6.4</ele><time>2023-06-11T23:03:05Z</time></trkpt>
      <trkpt lat="22.5333712" lon="113.9326502"><ele>6.4</ele><time>2023-06-11T23:03:06Z</time></trkpt>
      <trkpt lat="22.5333899" lon="113.9326561"><ele>6.4</ele><time>2023-06-11T23:03:07Z</time></trkpt>
      <trkpt lat="22.5334088" lon="113.9326617"><ele>6.5</ele><time>2023-06-11T23:03:08Z</time></trkpt>
      <trkpt lat="22.5334270" lon="113.9326684"><ele>6.5</ele><time>2023-06-11T23:03:09Z</time></trkpt>
      <trkpt lat="22.5334449" lon="113.9326764"><ele>6.5</ele><time>2023-06-11T23:03:10Z</time></trkpt>
      <trkpt lat="22.5334629" lon="113.9326847"><ele>6.6</ele><time>2023-06-11T23:03:11Z</time></trkpt>
      <trkpt lat="22.5334811" lon="113.9326926"><ele>6.7</ele><time>2023-06-11T23:03:12Z</time></trkpt>
      <trkpt lat="22.5334995" lon="113.9326996"><ele>6.7</ele><time>2023-06-11T23:03:13Z</time></trkpt>
      <trkpt lat="22.5335180" lon="113.9327057"><ele>6.8</ele><time>2023-06-11T23:03:14Z</time></trkpt>
      <trkpt lat="22.5335361" lon="113.9327123"><ele>6.9</ele><time>2023-06-11T23:03:15Z</time></trkpt>
      <trkpt lat="22.5335537" lon="113.9327197"><ele>7.0</ele><time>2023-06-11T23:03:16Z</time></trkpt>
      <trkpt lat="22.5335708" lon="113.9327277"><ele>7.1</ele><time>2023-06-11T23:03:17Z</time></trkpt>
      <trkpt lat="22.5335877" lon="113.9327363"><ele>7.2</ele><time>2023-06-11T23:03:18Z</time></trkpt>
      <trkpt lat="22.5336048" lon="113.9327453"><ele>7.4</ele><time>2023-06-11T23:03:19Z</time></trkpt>
      <trkpt lat="22.5336222" lon="113.9327550"><ele>7.5</ele><time>2023-06-11T23:03:20Z</time></trkpt>
      <trkpt lat="22.5336398" lon="113.9327648"><ele>7.6</ele><time>2023-06-11T23:03:21Z</time></trkpt>
      <trkpt lat="22.5336575" lon="113.9327747"><ele>7.8</ele><time>2023-06-11T23:03:22Z</time></trkpt>
      <trkpt lat="22.5336747" lon="113.9327851"><ele>7.9</ele><time>2023-06-11T23:03:23Z</time></trkpt>
      <trkpt lat="22.5336911" lon="113.9327959"><ele>8.1</ele><time>2023-06-11T23:03:24Z</time></trkpt>
      <trkpt lat="22.5337071" lon="113.9328069"><ele>8.2</ele><time>2023-06-11T23:03:25Z</time></trkpt>
      <trkpt lat="22.5337234" lon="113.9328176"><ele>8.4</ele><time>2023-06-11T23:03:26Z</time></trkpt>
      <trkpt lat="22.5337394" lon="113.9328286"><ele>8.6</ele><time>2023-06-11T23:03:27Z</time></trkpt>
      <trkpt lat="22.5337549" lon="113.9328402"><ele>8.8</ele><time>2023-06-11T23:03:28Z</time></trkpt>
      <trkpt lat="22.5337703" lon="113.9328521"><ele>8.9</ele><time>2023-06-11T23:03:29Z</time></trkpt>
      <trkpt lat="22.5337861" lon="113.9328640"><ele>9.1</ele><time>2023-06-11T23:03:30Z</time></trkpt>
      <trkpt lat="22.5338022" lon="113.9328753"><ele>9.3</ele><time>2023-06-11T23:03:31Z</time></trkpt>
      <trkpt lat="22.5338186" lon="113.9328862"><ele>9.5</ele><time>2023-06-11T23:03:32Z</time></trkpt>
      <trkpt lat="22.5338348" lon="113.9328977"><ele>9.7</ele><time>2023-06-11T23:03:33Z</time></trkpt>
      <trkpt lat="22.5338504" lon="113.9329102"><ele>9.9</ele><time>2023-06-11T23:03:34Z</time></trkpt>
      <trkpt lat="22.5338657" lon="113.9329227"><ele>10.1</ele><time>2023-06-11T23:03:35Z</time></trkpt>
      <trkpt lat="22.5338808" lon="113.9329343"><ele>10.3</ele><time>2023-06-11T23:03:36Z</time></trkpt>
      <trkpt lat="22.5338963" lon="113.9329451"><ele>10.4</ele><time>2023-06-11T23:03:37Z</time></trkpt>
      <trkpt lat="22.5339123" lon="113.9329553"><ele>10.6</ele><time>2023-06-11T23:03:38Z</time></trkpt>
      <trkpt lat="22.5339275" lon="113.9329662"><ele>10.8</ele><time>2023-06-11T23:03:39Z</time></trkpt>
      <trkpt lat="22.5339419" lon="113.9329780"><ele>11.0</ele><time>2023-06-11T23:03:40Z</time></trkpt>
      <trkpt lat="22.5339565" lon="113.9329897"><ele>11.1</ele><time>2023-06-11T23:03:41Z</time></trkpt>
      <trkpt lat="22.5339712" lon="113.9330009"><ele>11.3</ele><time>2023-06-11T23:03:42Z</time></trkpt>
      <trkpt lat="22.5339866" lon="113.9330115"><ele>11.5</ele><time>2023-06-11T23:03:43Z</time></trkpt>
      <trkpt lat="22.5340026" lon="113.9330213"><ele>11.6</ele><time>2023-06-11T23:03:44Z</time></trkpt>
      <trkpt lat="22.5340183" lon="113.9330308"><ele>11.7</ele><time>2023-06-11T23:03:45Z</time></trkpt>
      <trkpt lat="22.5340334" lon="113.9330408"><ele>11.9</ele><time>2023-06-11T23:03:46Z</time></trkpt>
      <trkpt lat="22.5340482" lon="113.9330516"><ele>12.0</ele><time>2023-06-11T23:03:47Z</time></trkpt>
      <trkpt lat="22.5340626" lon="113.9330628"><ele>12.1</ele><time>2023-06-11T23:03:48Z</time></trkpt>
      <trkpt lat="22.5340767" lon="113.9330740"><ele>12.3</ele><time>2023-06-11T23:03:49Z</time></trkpt>
      <trkpt lat="22.5340907" lon="113.9330852"><ele>12.4</ele><time>2023-06-11T23:03:50Z</time></trkpt>
      <trkpt lat="22.5341046" lon="113.9330961"><ele>12.5</ele><time>2023-06-11T23:03:51Z</time></trkpt>
      <trkpt lat="22.5341185" lon="113.9331070"><ele>12.6</ele><time>2023-06-11T23:03:52Z</time></trkpt>
      <trkpt lat="22.5341320" lon="113.9331183"><ele>12.7</ele><time>2023-06-11T23:03:53Z</time></trkpt>
      <trkpt lat="22.5341454" lon="113.9331294"><ele>12.8</ele><time>2023-06-11T23:03:54Z</time></trkpt>
      <trkpt lat="22.5341590" lon="113.9331401"><ele>12.9</ele><time>2023-06-11T23:03:55Z</time></trkpt>
      <trkpt lat="22.5341731" lon="113.9331506"><ele>12.9</ele><time>2023-06-11T23:03:56Z</time></trkpt>
      <trkpt lat="22.5341874" lon="113.9331606"><ele>13.0</ele><time>2023-06-11T23:03:57Z</time></trkpt>
      <trkpt lat="22.5342018" lon="113.9331707"><ele>13.1</ele><time>2023-06-11T23:03:58Z</time></trkpt>
      <trkpt lat="22.5342162" lon="113.9331809"><ele>13.1</ele><time>2023-06-11T23:03:59Z</time></trkpt>
      <trkpt lat="22.5342300" lon="113.9331916"><ele>13.2</ele><time>2023-06-11T23:04:00Z</time></trkpt>
      <trkpt lat="22.5342431" lon="113.9332031"><ele>13.2</ele><time>2023-06-11T23:04:01Z</time></trkpt>
      <trkpt lat="22.5342554" lon="113.9332154"><ele>13.2</ele><time>2023-06-11T23:04:02Z</time></trkpt>
      <trkpt lat="22.5342671" lon="113.9332283"><ele>13.3</ele><time>2023-06-11T23:04:03Z</time></trkpt>
      <trkpt lat="22.5342793" lon="113.9332406"><ele>13.3</ele><time>2023-06-11T23:04:04Z</time></trkpt>
      <trkpt lat="22.5342925" lon="113.9332519"><ele>13.3</ele><time>2023-06-11T23:04:05Z</time></trkpt>
      <trkpt lat="22.5343065" lon="113.9332623"><ele>13.3</ele><time>2023-06-11T23:04:06Z</time></trkpt>
      <trkpt lat="22.5343204" lon="113.9332727"><ele>13.3</ele><time>2023-06-11T23:04:07Z</time></trkpt>
      <trkpt lat="22.5343335" lon="113.9332841"><ele>13.3</ele><time>2023-06-11T23:04:08Z</time></trkpt>
      <trkpt lat="22.5343462" lon="113.9332960"><ele>13.3</ele><time>2023-06-11T23:04:09Z</time></trkpt>
      <trkpt lat="22.5343589" lon="113.9333079"><ele>13.3</ele><time>2023-06-11T23:04:10Z</time></trkpt>
      <trkpt lat="22.5343701" lon="113.9333213"><ele>13.3</ele><time>2023-06-11T23:04:11Z</time></trkpt>
      <trkpt lat="22.5343812" lon="113.9333348"><ele>13.2</ele><time>2023-06-11T23:04:12Z</time></trkpt>
      <trkpt lat="22.5343940" lon="113.9333464"><ele>13.2</ele><time>2023-06-11T23:04:13Z</time></trkpt>
      <trkpt lat="22.5344075" lon="113.9333573"><ele>13.2</ele><time>2023-06-11T23:04:14Z</time></trkpt>
      <trkpt lat="22.5344212" lon="113.9333682"><ele>13.1</ele><time>2023-06-11T23:04:15Z</time></trkpt>
      <trkpt lat="22.5344349" lon="113.9333790"><ele>13.1</ele><time>2023-06-11T23:04:16Z</time></trkpt>
      <trkpt lat="22.5344495" lon="113.9333886"><ele>13.0</ele><time>2023-06-11T23:04:17Z</time></trkpt>
      <trkpt lat="22.5344645" lon="113.9333978"><ele>13.0</ele><time>2023-06-11T23:04:18Z</time></trkpt>
      <trkpt lat="22.5344789" lon="113.9334075"><ele>12.9</ele><time>2023-06-11T23:04:19Z</time></trkpt>
      <trkpt lat="22.5344922" lon="113.9334187"><ele>12.9</ele><time>2023-06-11T23:04:20Z</time></trkpt>
      <trkpt lat="22.5345047" lon="113.9334308"><ele>12.8</ele><time>2023-06-11T23:04:21Z</time></trkpt>
      <trkpt lat="22.5345176" lon="113.9334424"><ele>12.8</ele><time>2023-06-11T23:04:22Z</time></trkpt>
      <trkpt lat="22.5345305" lon="113.9334539"><ele>12.7</ele><time>2023-06-11T23:04:23Z</time></trkpt>
      <trkpt lat="22.5345428" lon="113.9334661"><ele>12.6</ele><time>2023-06-11T23:04:24Z</time></trkpt>
      <trkpt lat="22.5345550" lon="113.9334784"><ele>12.6</ele><time>2023-06-11T23:04:25Z</time></trkpt>
      <trkpt lat="22.5345673" lon="113.9334905"><ele>12.5</ele><time>2023-06-11T23:04:26Z</time></trkpt>
      <trkpt lat="22.5345796" lon="113.9335027"><ele>12.4</ele><time>2023-06-11T23:04:27Z</time></trkpt>
      <trkpt lat="22.5345914" lon="113.9335151"><ele>12.4</ele><time>2023-06-11T23:04:28Z</time></trkpt>
      <trkpt lat="22.5346030" lon="113.9335277"><ele>12.3</ele><time>2023-06-11T23:04:29Z</time></trkpt>
      <trkpt lat="22.5346155" lon="113.9335394"><ele>12.3</ele><time>2023-06-11T23:04:30Z</time></trkpt>
      <trkpt lat="22.5346285" lon="113.9335507"><ele>12.2</ele><time>2023-06-11T23:04:31Z</time></trkpt>
      <trkpt lat="22.5346407" lon="113.9335631"><ele>12.1</ele><time>2023-06-11T23:04:32Z</time></trkpt>
      <trkpt lat="22.5346519" lon="113.9335764"><ele>12.1</ele><time>2023-06-11T23:04:33Z</time></trkpt>
      <trkpt lat="22.5346624" lon="113.9335905"><ele>12.0</ele><time>2023-06-11T23:04:34Z</time></trkpt>
      <trkpt lat="22.5346723" lon="113.9336049"><ele>12.0</ele><time>2023-06-11T23:04:35Z</time></trkpt>
      <trkpt lat="22.5346815" lon="113.9336197"><ele>11.9</ele><time>2023-06-11T23:04:36Z</time></trkpt>
      <trkpt lat="22.5346911" lon="113.9336343"><ele>11.9</ele><time>2023-06-11T23:04:37Z</time></trkpt>
      <trkpt lat="22.5347013" lon="113.9336484"><ele>11.8</ele><time>2023-06-11T23:04:38Z</time></trkpt>
      <trkpt lat="22.5347120" lon="113.9336622"><ele>11.8</ele><time>2023-06-11T23:04:39Z</time></trkpt>
      <trkpt lat="22.5347229" lon="113.9336759"><ele>11.7</ele><time>2023-06-11T23:04:40Z</time></trkpt>
      <trkpt lat="22.5347333" lon="113.9336900"><ele>11.7</ele><time>2023-06-11T23:04:41Z</time></trkpt>
      <trkpt lat="22.5347442" lon="113.9337038"><ele>11.7</ele><time>2023-06-11T23:04:42Z</time></trkpt>
      <trkpt lat="22.5347558" lon="113.9337169"><ele>11.6</ele><time>2023-06-11T23:04:43Z</time></trkpt>
      <trkpt lat="22.5347682" lon="113.9337293"><ele>11.6</ele><time>2023-06-11T23:04:44Z</time></trkpt>
      <trkpt lat="22.5347817" lon="113.9337404"><ele>11.6</ele><time>2023-06-11T23:04:45Z</time></trkpt>
      <trkpt lat="22.5347954" lon="113.9337513"><ele>11.5</ele><time>2023-06-11T23:04:46Z</time></trkpt>
      <trkpt lat="22.5348075" lon="113.9337638"><ele>11.5</ele><time>2023-06-11T23:04:47Z</time></trkpt>
      <trkpt lat="22.5348180" lon="113.9337776"><ele>11.5</ele><time>2023-06-11T23:04:48Z</time></trkpt>
      <trkpt lat="22.5348275" lon="113.9337923"><ele>11.5</ele><time>2023-06-11T23:04:49Z</time></trkpt>
      <trkpt lat="22.5348375" lon="113.9338066"><ele>11.5</ele><time>2023-06-11T23:04:50Z</time></trkpt>
      <trkpt lat="22.5348491" lon="113.9338196"><ele>11.5</ele><time>2023-06-11T23:04:51Z</time></trkpt>
      <trkpt lat="22.5348608" lon="113.9338326"><ele>11.5</ele><time>2023-06-11T23:04:52Z</time></trkpt>
      <trkpt lat="22.5348727" lon="113.9338456"><ele>11.5</ele><time>2023-06-11T23:04:53Z</time></trkpt>
      <trkpt lat="22.5348849" lon="113.9338580"><ele>11.5</ele><time>2023-06-11T23:04:54Z</time></trkpt>
      <trkpt lat="22.5348975" lon="113.9338700"><ele>11.5</ele><time>2023-06-11T23:04:55Z</time></trkpt>
      <trkpt lat="22.5349110" lon="113.9338810"><ele>11.6</ele><time>2023-06-11T23:04:56Z</time></trkpt>
      <trkpt lat="22.5349253" lon="113.9338908"><ele>11.6</ele><time>2023-06-11T23:04:57Z</time></trkpt>
      <trkpt lat="22.5349403" lon="113.9338997"><ele>11.6</ele><time>2023-06-11T23:04:58Z</time></trkpt>
      <trkpt lat="22.5349555" lon="113.9339081"><ele>11.6</ele><time>2023-06-11T23:04:59Z</time></trkpt>
      <trkpt lat="22.5349699" lon="113.9339175"><ele>11.7</ele><time>2023-06-11T23:05:00Z</time></trkpt>
      <trkpt lat="22.5349836" lon="113.9339280"><ele>11.7</ele><time>2023-06-11T23:05:01Z</time></trkpt>
      <trkpt lat="22.5349974" lon="113.9339380"><ele>11.8</ele><time>2023-06-11T23:05:02Z</time></trkpt>
      <trkpt lat="22.5350119" lon="113.9339468"><ele>11.8</ele><time>2023-06-11T23:05:03Z</time></trkpt>
      <trkpt lat="22.5350273" lon="113.9339538"><ele>11.9</ele><time>2023-06-11T23:05:04Z</time></trkpt>
      <trkpt lat="22.5350432" lon="113.9339596"><ele>11.9</ele><time>2023-06-11T23:05:05Z</time></trkpt>
      <trkpt lat="22.5350587" lon="113.9339666"><ele>12.0</ele><time>2023-06-11T23:05:06Z</time></trkpt>
      <trkpt lat="22.5350732" lon="113.9339754"><ele>12.0</ele><time>2023-06-11T23:05:07Z</time></trkpt>
      <trkpt lat="22.5350877" lon="113.9339841"><ele>12.1</ele><time>2023-06-11T23:05:08Z</time></trkpt>
      <trkpt lat="22.5351029" lon="113.9339916"><ele>12.1</ele><time>2023-06-11T23:05:09Z</time></trkpt>
      <trkpt lat="22.5351180" lon="113.9339989"><ele>12.2</ele><time>2023-06-11T23:05:10Z</time></trkpt>
      <trkpt lat="22.5351327" lon="113.9340070"><ele>12.2</ele><time>2023-06-11T23:05:11Z</time></trkpt>
      <trkpt lat="22.5351468" lon="113.9340161"><ele>12.3</ele><time>2023-06-11T23:05:12Z</time></trkpt>
      <trkpt lat="22.5351607" lon="113.9340255"><ele>12.3</ele><time>2023-06-11T23:05:13Z</time></trkpt>
      <trkpt lat="22.5351746" lon="113.9340345"><ele>12.4</ele><time>2023-06-11T23:05:14Z</time></trkpt>
      <trkpt lat="22.5351887" lon="113.9340434"><ele>12.4</ele><time>2023-06-11T23:05:15Z</time></trkpt>
      <trkpt lat="22.5352027" lon="113.9340522"><ele>12.5</ele><time>2023-06-11T23:05:16Z</time></trkpt>
      <trkpt lat="22.5352164" lon="113.9340610"><ele>12.5</ele><time>2023-06-11T23:05:17Z</time></trkpt>
      <trkpt lat="22.5352301" lon="113.9340700"><ele>12.6</ele><time>2023-06-11T23:05:18Z</time></trkpt>
      <trkpt lat="22.5352439" lon="113.9340791"><ele>12.6</ele><time>2023-06-11T23:05:19Z</time></trkpt>
      <trkpt lat="22.5352573" lon="113.9340887"><ele>12.7</ele><time>2023-06-11T23:05:20Z</time></trkpt>
      <trkpt lat="22.5352713" lon="113.9340974"><ele>12.7</ele><time>2023-06-11T23:05:21Z</time></trkpt>
      <trkpt lat="22.5352856" lon="113.9341058"><ele>12.8</ele><time>2023-06-11T23:05:22Z</time></trkpt>
      <trkpt lat="22.5352992" lon="113.9341153"><ele>12.8</ele><time>2023-06-11T23:05:23Z</time></trkpt>
      <trkpt lat="22.5353120" lon="113.9341258"><ele>12.9</ele><time>2023-06-11T23:05:24Z</time></trkpt>
      <trkpt lat="22.5353246" lon="113.9341367"><ele>12.9</ele><time>2023-06-11T23:05:25Z</time></trkpt>
      <trkpt lat="22.5353374" lon="113.9341471"><ele>13.0</ele><time>2023-06-11T23:05:26Z</time></trkpt>
      <trkpt lat="22.5353500" lon="113.9341575"><ele>13.0</ele><time>2023-06-11T23:05:27Z</time></trkpt>
      <trkpt lat="22.5353628" lon="113.9341674"><ele>13.1</ele><time>2023-06-11T23:05:28Z</time></trkpt>
      <trkpt lat="22.5353756" lon="113.9341760"><ele>13.1</ele><time>2023-06-11T23:05:29Z</time></trkpt>
      <trkpt lat="22.5353871" lon="113.9341858"><ele>13.2</ele><time>2023-06-11T23:05:30Z</time></trkpt>
      <trkpt lat="22.5353978" lon="113.9341972"><ele>13.2</ele><time>2023-06-11T23:05:31Z</time></trkpt>
      <trkpt lat="22.5354091" lon="113.9342082"><ele>13.3</ele><time>2023-06-11T23:05:32Z</time></trkpt>
      <trkpt lat="22.5354213" lon="113.9342186"><ele>13.4</ele><time>2023-06-11T23:05:33Z</time></trkpt>
      <trkpt lat="22.5354337" lon="113.9342293"><ele>13.4</ele><time>2023-06-11T23:05:34Z</time></trkpt>
      <trkpt lat="22.5354463" lon="113.9342399"><ele>13.5</ele><time>2023-06-11T23:05:35Z</time></trkpt>
      <trkpt lat="22.5354593" lon="113.9342503"><ele>13.5</ele><time>2023-06-11T23:05:36Z</time></trkpt>
      <trkpt lat="22.5354722" lon="113.9342608"><ele>13.6</ele><time>2023-06-11T23:05:37Z</time></trkpt>
      <trkpt lat="22.5354851" lon="113.9342711"><ele>13.7</ele><time>2023-06-11T23:05:38Z</time></trkpt>
      <trkpt lat="22.5354978" lon="113.9342816"><ele>13.7</ele><time>2023-06-11T23:05:39Z</time></trkpt>
      <trkpt lat="22.5355105" lon="113.9342922"><ele>13.8</ele><time>2023-06-11T23:05:40Z</time></trkpt>
      <trkpt lat="22.5355244" lon="113.9343016"><ele>13.9</ele><time>2023-06-11T23:05:41Z</time></trkpt>
      <trkpt lat="22.5355387" lon="113.9343105"><ele>13.9</ele><time>2023-06-11T23:05:42Z</time></trkpt>
      <trkpt lat="22.5355524" lon="113.9343201"><ele>14.0</ele><time>2023-06-11T23:05:43Z</time></trkpt>
      <trkpt lat="22.5355658" lon="113.9343301"><ele>14.1</ele><time>2023-06-11T23:05:44Z</time></trkpt>
      <trkpt lat="22.5355799" lon="113.9343395"><ele>14.2</ele><time>2023-06-11T23:05:45Z</time></trkpt>
      <trkpt lat="22.5355943" lon="113.9343487"><ele>14.2</ele><time>2023-06-11T23:05:46Z</time></trkpt>
      <trkpt lat="22.5356078" lon="113.9343588"><ele>14.3</ele><time>2023-06-11T23:05:47Z</time></trkpt>
      <trkpt lat="22.5356214" lon="113.9343687"><ele>14.4</ele><time>2023-06-11T23:05:48Z</time></trkpt>
      <trkpt lat="22.5356357" lon="113.9343777"><ele>14.5</ele><time>2023-06-11T23:05:49Z</time></trkpt>
      <trkpt lat="22.5356503" lon="113.9343867"><ele>14.6</ele><time>2023-06-11T23:05:50Z</time></trkpt>
      <trkpt lat="22.5356647" lon="113.9343957"><ele>14.7</ele><time>2023-06-11T23:05:51Z</time></trkpt>
      <trkpt lat="22.5356792" lon="113.9344049"><ele>14.8</ele><time>2023-06-11T23:05:52Z</time></trkpt>
      <trkpt lat="22.5356940" lon="113.9344139"><ele>14.9</ele><time>2023-06-11T23:05:53Z</time></trkpt>
      <trkpt lat="22.5357087" lon="113.9344229"><ele>15.0</ele><time>2023-06-11T23:05:54Z</time></trkpt>
      <trkpt lat="22.5357233" lon="113.9344319"><ele>15.1</ele><time>2023-06-11T23:05:55Z</time></trkpt>
      <trkpt lat="22.5357387" lon="113.9344399"><ele>15.2</ele><time>2023-06-11T23:05:56Z</time></trkpt>
      <trkpt lat="22.5357549" lon="113.9344471"><ele>15.3</ele><time>2023-06-11T23:05:57Z</time></trkpt>
      <trkpt lat="22.5357708" lon="113.9344547"><ele>15.4</ele><time>2023-06-11T23:05:58Z</time></trkpt>
      <trkpt lat="22.5357869" lon="113.9344620"><ele>15.5</ele><time>2023-06-11T23:05:59Z</time></trkpt>
      <trkpt lat="22.5358037" lon="113.9344684"><ele>15.6</ele><time>2023-06-11T23:06:00Z</time></trkpt>
      <trkpt lat="22.5358203" lon="113.9344751"><ele>15.7</ele><time>2023-06-11T23:06:01Z</time></trkpt>
      <trkpt lat="22.5358361" lon="113.9344827"><ele>15.8</ele><time>2023-06-11T23:06:02Z</time></trkpt>
      <trkpt lat="22.5358508" lon="113.9344916"><ele>15.9</ele><time>2023-06-11T23:06:03Z</time></trkpt>
      <trkpt lat="22.5358641" lon="113.9345023"><ele>16.0</ele><time>2023-06-11T23:06:04Z</time></trkpt>
      <trkpt lat="22.5358770" lon="113.9345133"><ele>16.1</ele><time>2023-06-11T23:06:05Z</time></trkpt>
      <trkpt lat="22.5358900" lon="113.9345242"><ele>16.2</ele><time>2023-06-11T23:06:06Z</time></trkpt>
      <trkpt lat="22.5359029" lon="113.9345351"><ele>16.3</ele><time>2023-06-11T23:06:07Z</time></trkpt>
      <trkpt lat="22.5359154" lon="113.9345464"><ele>16.3</ele><time>2023-06-11T23:06:08Z</time></trkpt>
      <trkpt lat="22.5359279" lon="113.9345576"><ele>16.4</ele><time>2023-06-11T23:06:09Z</time></trkpt>
      <trkpt lat="22.5359411" lon="113.9345684"><ele>16.5</ele><time>2023-06-11T23:06:10Z</time></trkpt>
      <trkpt lat="22.5359547" lon="113.9345793"><ele>16.6</ele><time>2023-06-11T23:06:11Z</time></trkpt>
      <trkpt lat="22.5359686" lon="113.9345901"><ele>16.7</ele><time>2023-06-11T23:06:12Z</time></trkpt>
      <trkpt lat="22.5359825" lon="113.9346009"><ele>16.7</ele><time>2023-06-11T23:06:13Z</time></trkpt>
      <trkpt lat="22.5359968" lon="113.9346112"><ele>16.8</ele><time>2023-06-11T23:06:14Z</time></trkpt>
      <trkpt lat="22.5360123" lon="113.9346203"><ele>16.9</ele><time>2023-06-11T23:06:15Z</time></trkpt>
      <trkpt lat="22.5360285" lon="113.9346285"><ele>16.9</ele><time>2023-06-11T23:06:16Z</time></trkpt>
      <trkpt lat="22.5360448" lon="113.9346367"><ele>17.0</ele><time>2023-06-11T23:06:17Z</time></trkpt>
      <trkpt lat="22.5360609" lon="113.9346449"><ele>17.1</ele><time>2023-06-11T23:06:18Z</time></trkpt>
      <trkpt lat="22.5360767" lon="113.9346535"><ele>17.1</ele><time>2023-06-11T23:06:19Z</time></trkpt>
      <trkpt lat="22.5360931" lon="113.9346611"><ele>17.2</ele><time>2023-06-11T23:06:20Z</time></trkpt>
      <trkpt lat="22.5361100" lon="113.9346682"><ele>17.3</ele><time>2023-06-11T23:06:21Z</time></trkpt>
      <trkpt lat="22.5361268" lon="113.9346755"><ele>17.3</ele><time>2023-06-11T23:06:22Z</time></trkpt>
      <trkpt lat="22.5361432" lon="113.9346828"><ele>17.4</ele><time>2023-06-11T23:06:23Z</time></trkpt>
      <trkpt lat="22.5361591" lon="113.9346907"><ele>17.4</ele><time>2023-06-11T23:06:24Z</time></trkpt>
      <trkpt lat="22.5361748" lon="113.9346988"><ele>17.5</ele><time>2023-06-11T23:06:25Z</time></trkpt>
      <trkpt lat="22.5361907" lon="113.9347066"><ele>17.5</ele><time>2023-06-11T23:06:26Z</time></trkpt>
      <trkpt lat="22.5362059" lon="113.9347156"><ele>17.6</ele><time>2023-06-11T23:06:27Z</time></trkpt>
      <trkpt lat="22.5362207" lon="113.9347251"><ele>17.7</ele><time>2023-06-11T23:06:28Z</time></trkpt>
      <trkpt lat="22.5362356" lon="113.9347339"><ele>17.7</ele><time>2023-06-11T23:06:29Z</time></trkpt>
      <trkpt lat="22.5362506" lon="113.9347426"><ele>17.8</ele><time>2023-06-11T23:06:30Z</time></trkpt>
      <trkpt lat="22.5362655" lon="113.9347512"><ele>17.8</ele><time>2023-06-11T23:06:31Z</time></trkpt>
      <trkpt lat="22.5362802" lon="113.9347598"><ele>17.9</ele><time>2023-06-11T23:06:32Z</time></trkpt>
      <trkpt lat="22.5362947" lon="113.9347686"><ele>18.0</ele><time>2023-06-11T23:06:33Z</time></trkpt>
      <trkpt lat="22.5363092" lon="113.9347775"><ele>18.0</ele><time>2023-06-11T23:06:34Z</time></trkpt>
      <trkpt lat="22.5363235" lon="113.9347865"><ele>18.1</ele><time>2023-06-11T23:06:35Z</time></trkpt>
      <trkpt lat="22.5363385" lon="113.9347944"><ele>18.1</ele><time>2023-06-11T23:06:36Z</time></trkpt>
      <trkpt lat="22.5363535" lon="113.9348020"><ele>18.2</ele><time>2023-06-11T23:06:37Z</time></trkpt>
      <trkpt lat="22.5363682" lon="113.9348099"><ele>18.2</ele><time>2023-06-11T23:06:38Z</time></trkpt>
      <trkpt lat="22.5363836" lon="113.9348166"><ele>18.3</ele><time>2023-06-11T23:06:39Z</time></trkpt>
      <trkpt lat="22.5363993" lon="113.9348231"><ele>18.3</ele><time>2023-06-11T23:06:40Z</time></trkpt>
      <trkpt lat="22.5364150" lon="113.9348294"><ele>18.4</ele><time>2023-06-11T23:06:41Z</time></trkpt>
      <trkpt lat="22.5364309" lon="113.9348352"><ele>18.4</ele><time>2023-06-11T23:06:42Z</time></trkpt>
      <trkpt lat="22.5364465" lon="113.9348412"><ele>18.5</ele><time>2023-06-11T23:06:43Z</time></trkpt>
      <trkpt lat="22.5364620" lon="113.9348472"><ele>18.5</ele><time>2023-06-11T23:06:44Z</time></trkpt>
      <trkpt lat="22.5364774" lon="113.9348535"><ele>18.5</ele><time>2023-06-11T23:06:45Z</time></trkpt>
      <trkpt lat="22.5364924" lon="113.9348606"><ele>18.6</ele><time>2023-06-11T23:06:46Z</time></trkpt>
      <trkpt lat="22.5365075" lon="113.9348681"><ele>18.6</ele><time>2023-06-11T23:06:47Z</time></trkpt>
      <trkpt lat="22.5365225" lon="113.9348756"><ele>18.6</ele><time>2023-06-11T23:06:48Z</time></trkpt>
      <trkpt lat="22.5365372" lon="113.9348833"><ele>18.7</ele><time>2023-06-11T23:06:49Z</time></trkpt>
      <trkpt lat="22.5365512" lon="113.9348918"><ele>18.7</ele><time>2023-06-11T23:06:50Z</time></trkpt>
      <trkpt lat="22.5365647" lon="113.9349008"><ele>18.7</ele><time>2023-06-11T23:06:51Z</time></trkpt>
      <trkpt lat="22.5365782" lon="113.9349090"><ele>18.7</ele><time>2023-06-11T23:06:52Z</time></trkpt>
      <trkpt lat="22.5365916" lon="113.9349172"><ele>18.7</ele><time>2023-06-11T23:06:53Z</time></trkpt>
      <trkpt lat="22.5366047" lon="113.9349264"><ele>18.7</ele><time>2023-06-11T23:06:54Z</time></trkpt>
      <trkpt lat="22.5366172" lon="113.9349366"><ele>18.7</ele><time>2023-06-11T23:06:55Z</time></trkpt>
      <trkpt lat="22.5366288" lon="113.9349481"><ele>18.7</ele><time>2023-06-11T23:06:56Z</time></trkpt>
      <trkpt lat="22.5366400" lon="113.9349602"><ele>18.7</ele><time>2023-06-11T23:06:57Z</time></trkpt>
      <trkpt lat="22.5366511" lon="113.9349727"><ele>18.7</ele><time>2023-06-11T23:06:58Z</time></trkpt>
      <trkpt lat="22.5366617" lon="113.9349855"><ele>18.7</ele><time>2023-06-11T23:06:59Z</time></trkpt>
      <trkpt lat="22.5366722" lon="113.9349981"><ele>18.7</ele><time>2023-06-11T23:07:00Z</time></trkpt>
      <trkpt lat="22.5366825" lon="113.9350108"><ele>18.7</ele><time>2023-06-11T23:07:01Z</time></trkpt>
      <trkpt lat="22.5366926" lon="113.9350239"><ele>18.6</ele><time>2023-06-11T23:07:02Z</time></trkpt>
      <trkpt lat="22.5367031" lon="113.9350367"><ele>18.6</ele><time>2023-06-11T23:07:03Z</time></trkpt>
      <trkpt lat="22.5367140" lon="113.9350492"><ele>18.6</ele><time>2023-06-11T23:07:04Z</time></trkpt>
      <trkpt lat="22.5367253" lon="113.9350613"><ele>18.5</ele><time>2023-06-11T23:07:05Z</time></trkpt>
      <trkpt lat="22.5367363" lon="113.9350736"><ele>18.5</ele><time>2023-06-11T23:07:06Z</time></trkpt>
      <trkpt lat="22.5367463" lon="113.9350872"><ele>18.5</ele><time>2023-06-11T23:07:07Z</time></trkpt>
      <trkpt lat="22.5367557" lon="113.9351012"><ele>18.4</ele><time>2023-06-11T23:07:08Z</time></trkpt>
      <trkpt lat="22.5367652" lon="113.9351150"><ele>18.4</ele><time>2023-06-11T23:07:09Z</time></trkpt>
      <trkpt lat="22.5367737" lon="113.9351294"><ele>18.4</ele><time>2023-06-11T23:07:10Z</time></trkpt>
      <trkpt lat="22.5367823" lon="113.9351437"><ele>18.3</ele><time>2023-06-11T23:07:11Z</time></trkpt>
      <trkpt lat="22.5367933" lon="113.9351561"><ele>18.3</ele><time>2023-06-11T23:07:12Z</time></trkpt>
      <trkpt lat="22.5368049" lon="113.9351681"><ele>18.2</ele><time>2023-06-11T23:07:13Z</time></trkpt>
      <trkpt lat="22.5368156" lon="113.9351810"><ele>18.2</ele><time>2023-06-11T23:07:14Z</time></trkpt>
      <trkpt lat="22.5368258" lon="113.9351944"><ele>18.2</ele><time>2023-06-11T23:07:15Z</time></trkpt>
      <trkpt lat="22.5368356" lon="113.9352080"><ele>18.1</ele><time>2023-06-11T23:07:16Z</time></trkpt>
      <trkpt lat="22.5368454" lon="113.9352215"><ele>18.1</ele><time>2023-06-11T23:07:17Z</time></trkpt>
      <trkpt lat="22.5368550" lon="113.9352352"><ele>18.0</ele><time>2023-06-11T23:07:18Z</time></trkpt>
      <trkpt lat="22.5368645" lon="113.9352489"><ele>18.0</ele><time>2023-06-11T23:07:19Z</time></trkpt>
      <trkpt lat="22.5368739" lon="113.9352627"><ele>18.0</ele><time>2023-06-11T23:07:20Z</time></trkpt>
      <trkpt lat="22.5368837" lon="113.9352761"><ele>17.9</ele><time>2023-06-11T23:07:21Z</time></trkpt>
      <trkpt lat="22.5368947" lon="113.9352883"><ele>17.9</ele><time>2023-06-11T23:07:22Z</time></trkpt>
      <trkpt lat="22.5369068" lon="113.9352996"><ele>17.8</ele><time>2023-06-11T23:07:23Z</time></trkpt>
      <trkpt lat="22.5369182" lon="113.9353115"><ele>17.8</ele><time>2023-06-11T23:07:24Z</time></trkpt>
      <trkpt lat="22.5369287" lon="113.9353243"><ele>17.8</ele><time>2023-06-11T23:07:25Z</time></trkpt>
      <trkpt lat="22.5369398" lon="113.9353365"><ele>17.7</ele><time>2023-06-11T23:07:26Z</time></trkpt>
      <trkpt lat="22.5369509" lon="113.9353490"><ele>17.7</ele><time>2023-06-11T23:07:27Z</time></trkpt>
      <trkpt lat="22.5369628" lon="113.9353601"><ele>17.6</ele><time>2023-06-11T23:07:28Z</time></trkpt>
      <trkpt lat="22.5369769" lon="113.9353673"><ele>17.6</ele><time>2023-06-11T23:07:29Z</time></trkpt>
      <trkpt lat="22.5369919" lon="113.9353722"><ele>17.6</ele><time>2023-06-11T23:07:30Z</time></trkpt>
      <trkpt lat="22.5370080" lon="113.9353763"><ele>17.5</ele><time>2023-06-11T23:07:31Z</time></trkpt>
      <trkpt lat="22.5370248" lon="113.9353793"><ele>17.5</ele><time>2023-06-11T23:07:32Z</time></trkpt>
      <trkpt lat="22.5370416" lon="113.9353818"><ele>17.4</ele><time>2023-06-11T23:07:33Z</time></trkpt>
      <trkpt lat="22.5370587" lon="113.9353843"><ele>17.4</ele><time>2023-06-11T23:07:34Z</time></trkpt>
      <trkpt lat="22.5370761" lon="113.9353867"><ele>17.4</ele><time>2023-06-11T23:07:35Z</time></trkpt>
      <trkpt lat="22.5370932" lon="113.9353893"><ele>17.3</ele><time>2023-06-11T23:07:36Z</time></trkpt>
      <trkpt lat="22.5371103" lon="113.9353920"><ele>17.3</ele><time>2023-06-11T23:07:37Z</time></trkpt>
      <trkpt lat="22.5371282" lon="113.9353938"><ele>17.3</ele><time>2023-06-11T23:07:38Z</time></trkpt>
      <trkpt lat="22.5371465" lon="113.9353946"><ele>17.3</ele><time>2023-06-11T23:07:39Z</time></trkpt>
      <trkpt lat="22.5371653" lon="113.9353952"><ele>17.2</ele><time>2023-06-11T23:07:40Z</time></trkpt>
      <trkpt lat="22.5371844" lon="113.9353963"><ele>17.2</ele><time>2023-06-11T23:07:41Z</time></trkpt>
      <trkpt lat="22.5372036" lon="113.9353983"><ele>17.2</ele><time>2023-06-11T23:07:42Z</time></trkpt>
      <trkpt lat="22.5372218" lon="113.9354019"><ele>17.2</ele><time>2023-06-11T23:07:43Z</time></trkpt>
      <trkpt lat="22.5372389" lon="113.9354063"><ele>17.2</ele><time>2023-06-11T23:07:44Z</time></trkpt>
      <trkpt lat="22.5372556" lon="113.9354114"><ele>17.2</ele><time>2023-06-11T23:07:45Z</time></trkpt>
      <trkpt lat="22.5372721" lon="113.9354165"><ele>17.2</ele><time>2023-06-11T23:07:46Z</time></trkpt>
      <trkpt lat="22.5372891" lon="113.9354204"><ele>17.2</ele><time>2023-06-11T23:07:47Z</time></trkpt>
      <trkpt lat="22.5373060" lon="113.9354239"><ele>17.2</ele><time>2023-06-11T23:07:48Z</time></trkpt>
      <trkpt lat="22.5373227" lon="113.9354279"><ele>17.2</ele><time>2023-06-11T23:07:49Z</time></trkpt>
      <trkpt lat="22.5373392" lon="113.9354312"><ele>17.2</ele><time>2023-06-11T23:07:50Z</time></trkpt>
      <trkpt lat="22.5373555" lon="113.9354338"><ele>17.3</ele><time>2023-06-11T23:07:51Z</time></trkpt>
      <trkpt lat="22.5373711" lon="113.9354363"><ele>17.3</ele><time>2023-06-11T23:07:52Z</time></trkpt>
      <trkpt lat="22.5373857" lon="113.9354392"><ele>17.3</ele><time>2023-06-11T23:07:53Z</time></trkpt>
      <trkpt lat="22.5373994" lon="113.9354425"><ele>17.3</ele><time>2023-06-11T23:07:54Z</time></trkpt>
      <trkpt lat="22.5374129" lon="113.9354460"><ele>17.4</ele><time>2023-06-11T23:07:55Z</time></trkpt>
      <trkpt lat="22.5374265" lon="113.9354497"><ele>17.4</ele><time>2023-06-11T23:07:56Z</time></trkpt>
      <trkpt lat="22.5374393" lon="113.9354538"><ele>17.5</ele><time>2023-06-11T23:07:57Z</time></trkpt>
      <trkpt lat="22.5374513" lon="113.9354585"><ele>17.6</ele><time>2023-06-11T23:07:58Z</time></trkpt>
      <trkpt lat="22.5374632" lon="113.9354636"><ele>17.6</ele><time>2023-06-11T23:07:59Z</time></trkpt>
      <trkpt lat="22.5374760" lon="113.9354693"><ele>17.7</ele><time>2023-06-11T23:08:00Z</time></trkpt>
      <trkpt lat="22.5374902" lon="113.9354745"><ele>17.8</ele><time>2023-06-11T23:08:01Z</time></trkpt>
      <trkpt lat="22.5375050" lon="113.9354793"><ele>17.9</ele><time>2023-06-11T23:08:02Z</time></trkpt>
      <trkpt lat="22.5375196" lon="113.9354849"><ele>18.0</ele><time>2023-06-11T23:08:03Z</time></trkpt>
      <trkpt lat="22.5375340" lon="113.9354916"><ele>18.1</ele><time>2023-06-11T23:08:04Z</time></trkpt>
      <trkpt lat="22.5375478" lon="113.9354995"><ele>18.2</ele><time>2023-06-11T23:08:05Z</time></trkpt>
      <trkpt lat="22.5375613" lon="113.9355081"><ele>18.3</ele><time>2023-06-11T23:08:06Z</time></trkpt>
      <trkpt lat="22.5375747" lon="113.9355164"><ele>18.4</ele><time>2023-06-11T23:08:07Z</time></trkpt>
      <trkpt lat="22.5375881" lon="113.9355243"><ele>18.5</ele><time>2023-06-11T23:08:08Z</time></trkpt>
      <trkpt lat="22.5376014" lon="113.9355317"><ele>18.6</ele><time>2023-06-11T23:08:09Z</time></trkpt>
      <trkpt lat="22.5376148" lon="113.9355383"><ele>18.8</ele><time>2023-06-11T23:08:10Z</time></trkpt>
      <trkpt lat="22.5376281" lon="113.9355445"><ele>18.9</ele><time>2023-06-11T23:08:11Z</time></trkpt>
      <trkpt lat="22.5376413" lon="113.9355502"><ele>19.0</ele><time>2023-06-11T23:08:12Z</time></trkpt>
      <trkpt lat="22.5376546" lon="113.9355551"><ele>19.2</ele><time>2023-06-11T23:08:13Z</time></trkpt>
      <trkpt lat="22.5376679" lon="113.9355585"><ele>19.3</ele><time>2023-06-11T23:08:14Z</time></trkpt>
      <trkpt lat="22.5376810" lon="113.9355588"><ele>19.4</ele><time>2023-06-11T23:08:15Z</time></trkpt>
      <trkpt lat="22.5376937" lon="113.9355551"><ele>19.6</ele><time>2023-06-11T23:08:16Z</time></trkpt>
      <trkpt lat="22.5377058" lon="113.9355480"><ele>19.7</ele><time>2023-06-11T23:08:17Z</time></trkpt>
      <trkpt lat="22.5377172" lon="113.9355394"><ele>19.8</ele><time>2023-06-11T23:08:18Z</time></trkpt>
      <trkpt lat="22.5377285" lon="113.9355305"><ele>20.0</ele><time>2023-06-11T23:08:19Z</time></trkpt>
      <trkpt lat="22.5377387" lon="113.9355204"><ele>20.1</ele><time>2023-06-11T23:08:20Z</time></trkpt>
      <trkpt lat="22.5377478" lon="113.9355087"><ele>20.2</ele><time>2023-06-11T23:08:21Z</time></trkpt>
      <trkpt lat="22.5377560" lon="113.9354959"><ele>20.4</ele><time>2023-06-11T23:08:22Z</time></trkpt>
      <trkpt lat="22.5377628" lon="113.9354821"><ele>20.5</ele><time>2023-06-11T23:08:23Z</time></trkpt>
      <trkpt lat="22.5377686" lon="113.9354675"><ele>20.6</ele><time>2023-06-11T23:08:24Z</time></trkpt>
      <trkpt lat="22.5377735" lon="113.9354522"><ele>20.8</ele><time>2023-06-11T23:08:25Z</time></trkpt>
      <trkpt lat="22.5377773" lon="113.9354365"><ele>20.9</ele><time>2023-06-11T23:08:26Z</time></trkpt>
      <trkpt lat="22.5377806" lon="113.9354206"><ele>21.1</ele><time>2023-06-11T23:08:27Z</time></trkpt>
      <trkpt lat="22.5377844" lon="113.9354049"><ele>21.2</ele><time>2023-06-11T23:08:28Z</time></trkpt>
      <trkpt lat="22.5377894" lon="113.9353897"><ele>21.3</ele><time>2023-06-11T23:08:29Z</time></trkpt>
      <trkpt lat="22.5377957" lon="113.9353752"><ele>21.5</ele><time>2023-06-11T23:08:30Z</time></trkpt>
      <trkpt lat="22.5378035" lon="113.9353620"><ele>21.6</ele><time>2023-06-11T23:08:31Z</time></trkpt>
      <trkpt lat="22.5378126" lon="113.9353499"><ele>21.8</ele><time>2023-06-11T23:08:32Z</time></trkpt>
      <trkpt lat="22.5378216" lon="113.9353377"><ele>21.9</ele><time>2023-06-11T23:08:33Z</time></trkpt>
      <trkpt lat="22.5378298" lon="113.9353258"><ele>22.1</ele><time>2023-06-11T23:08:34Z</time></trkpt>
      <trkpt lat="22.5378375" lon="113.9353147"><ele>22.2</ele><time>2023-06-11T23:08:35Z</time></trkpt>
      <trkpt lat="22.5378446" lon="113.9353035"><ele>22.4</ele><time>2023-06-11T23:08:36Z</time></trkpt>
      <trkpt lat="22.5378517" lon="113.9352913"><ele>22.5</ele><time>2023-06-11T23:08:37Z</time></trkpt>
      <trkpt lat="22.5378598" lon="113.9352789"><ele>22.7</ele><time>2023-06-11T23:08:38Z</time></trkpt>
      <trkpt lat="22.5378692" lon="113.9352672"><ele>22.8</ele><time>2023-06-11T23:08:39Z</time></trkpt>
      <trkpt lat="22.5378794" lon="113.9352560"><ele>23.0</ele><time>2023-06-11T23:08:40Z</time></trkpt>
      <trkpt lat="22.5378895" lon="113.9352450"><ele>23.1</ele><time>2023-06-11T23:08:41Z</time></trkpt>
      <trkpt lat="22.5378996" lon="113.9352339"><ele>23.2</ele><time>2023-06-11T23:08:42Z</time></trkpt>
      <trkpt lat="22.5379101" lon="113.9352232"><ele>23.4</ele><time>2023-06-11T23:08:43Z</time></trkpt>
      <trkpt lat="22.5379210" lon="113.9352129"><ele>23.5</ele><time>2023-06-11T23:08:44Z</time></trkpt>
      <trkpt lat="22.5379317" lon="113.9352024"><ele>23.6</ele><time>2023-06-11T23:08:45Z</time></trkpt>
      <trkpt lat="22.5379421" lon="113.9351918"><ele>23.7</ele><time>2023-06-11T23:08:46Z</time></trkpt>
      <trkpt lat="22.5379522" lon="113.9351807"><ele>23.9</ele><time>2023-06-11T23:08:47Z</time></trkpt>
      <trkpt lat="22.5379629" lon="113.9351699"><ele>24.0</ele><time>2023-06-11T23:08:48Z</time></trkpt>
      <trkpt lat="22.5379738" lon="113.9351592"><ele>24.1</ele><time>2023-06-11T23:08:49Z</time></trkpt>
      <trkpt lat="22.5379848" lon="113.9351486"><ele>24.2</ele><time>2023-06-11T23:08:50Z</time></trkpt>
      <trkpt lat="22.5379966" lon="113.9351386"><ele>24.2</ele><time>2023-06-11T23:08:51Z</time></trkpt>
      <trkpt lat="22.5380096" lon="113.9351299"><ele>24.3</ele><time>2023-06-11T23:08:52Z</time></trkpt>
      <trkpt lat="22.5380236" lon="113.9351226"><ele>24.4</ele><time>2023-06-11T23:08:53Z</time></trkpt>
      <trkpt lat="22.5380379" lon="113.9351153"><ele>24.5</ele><time>2023-06-11T23:08:54Z</time></trkpt>
      <trkpt lat="22.5380515" lon="113.9351072"><ele>24.5</ele><time>2023-06-11T23:08:55Z</time></trkpt>
      <trkpt lat="22.5380643" lon="113.9350980"><ele>24.6</ele><time>2023-06-11T23:08:56Z</time></trkpt>
      <trkpt lat="22.5380761" lon="113.9350875"><ele>24.6</ele><time>2023-06-11T23:08:57Z</time></trkpt>
      <trkpt lat="22.5380866" lon="113.9350756"><ele>24.7</ele><time>2023-06-11T23:08:58Z</time></trkpt>
      <trkpt lat="22.5380962" lon="113.9350628"><ele>24.7</ele><time>2023-06-11T23:08:59Z</time></trkpt>
      <trkpt lat="22.5381052" lon="113.9350496"><ele>24.8</ele><time>2023-06-11T23:09:00Z</time></trkpt>
      <trkpt lat="22.5381151" lon="113.9350368"><ele>24.8</ele><time>2023-06-11T23:09:01Z</time></trkpt>
      <trkpt lat="22.5381269" lon="113.9350255"><ele>24.9</ele><time>2023-06-11T23:09:02Z</time></trkpt>
      <trkpt lat="22.5381404" lon="113.9350158"><ele>24.9</ele><time>2023-06-11T23:09:03Z</time></trkpt>
      <trkpt lat="22.5381547" lon="113.9350068"><ele>24.9</ele><time>2023-06-11T23:09:04Z</time></trkpt>
      <trkpt lat="22.5381681" lon="113.9349966"><ele>25.0</ele><time>2023-06-11T23:09:05Z</time></trkpt>
      <trkpt lat="22.5381810" lon="113.9349860"><ele>25.0</ele><time>2023-06-11T23:09:06Z</time></trkpt>
      <trkpt lat="22.5381960" lon="113.9349783"><ele>25.0</ele><time>2023-06-11T23:09:07Z</time></trkpt>
      <trkpt lat="22.5382135" lon="113.9349750"><ele>25.0</ele><time>2023-06-11T23:09:08Z</time></trkpt>
      <trkpt lat="22.5382319" lon="113.9349753"><ele>25.0</ele><time>2023-06-11T23:09:09Z</time></trkpt>
      <trkpt lat="22.5382502" lon="113.9349784"><ele>25.0</ele><time>2023-06-11T23:09:10Z</time></trkpt>
      <trkpt lat="22.5382680" lon="113.9349833"><ele>25.0</ele><time>2023-06-11T23:09:11Z</time></trkpt>
      <trkpt lat="22.5382854" lon="113.9349881"><ele>25.0</ele><time>2023-06-11T23:09:12Z</time></trkpt>
      <trkpt lat="22.5383027" lon="113.9349904"><ele>25.0</ele><time>2023-06-11T23:09:13Z</time></trkpt>
      <trkpt lat="22.5383198" lon="113.9349895"><ele>25.0</ele><time>2023-06-11T23:09:14Z</time></trkpt>
      <trkpt lat="22.5383366" lon="113.9349855"><ele>25.0</ele><time>2023-06-11T23:09:15Z</time></trkpt>
      <trkpt lat="22.5383526" lon="113.9349790"><ele>25.0</ele><time>2023-06-11T23:09:16Z</time></trkpt>
      <trkpt lat="22.5383684" lon="113.9349717"><ele>24.9</ele><time>2023-06-11T23:09:17Z</time></trkpt>
      <trkpt lat="22.5383843" lon="113.9349649"><ele>24.9</ele><time>2023-06-11T23:09:18Z</time></trkpt>
      <trkpt lat="22.5384006" lon="113.9349592"><ele>24.8</ele><time>2023-06-11T23:09:19Z</time></trkpt>
      <trkpt lat="22.5384175" lon="113.9349555"><ele>24.8</ele><time>2023-06-11T23:09:20Z</time></trkpt>
      <trkpt lat="22.5384346" lon="113.9349531"><ele>24.7</ele><time>2023-06-11T23:09:21Z</time></trkpt>
      <trkpt lat="22.5384516" lon="113.9349507"><ele>24.6</ele><time>2023-06-11T23:09:22Z</time></trkpt>
      <trkpt lat="22.5384688" lon="113.9349486"><ele>24.5</ele><time>2023-06-11T23:09:23Z</time></trkpt>
      <trkpt lat="22.5384854" lon="113.9349453"><ele>24.4</ele><time>2023-06-11T23:09:24Z</time></trkpt>
      <trkpt lat="22.5385011" lon="113.9349400"><ele>24.3</ele><time>2023-06-11T23:09:25Z</time></trkpt>
      <trkpt lat="22.5385169" lon="113.9349346"><ele>24.2</ele><time>2023-06-11T23:09:26Z</time></trkpt>
      <trkpt lat="22.5385334" lon="113.9349311"><ele>24.1</ele><time>2023-06-11T23:09:27Z</time></trkpt>
      <trkpt lat="22.5385503" lon="113.9349298"><ele>24.0</ele><time>2023-06-11T23:09:28Z</time></trkpt>
      <trkpt lat="22.5385673" lon="113.9349294"><ele>23.8</ele><time>2023-06-11T23:09:29Z</time></trkpt>
      <trkpt lat="22.5385842" lon="113.9349295"><ele>23.7</ele><time>2023-06-11T23:09:30Z</time></trkpt>
      <trkpt lat="22.5386010" lon="113.9349294"><ele>23.5</ele><time>2023-06-11T23:09:31Z</time></trkpt>
      <trkpt lat="22.5386177" lon="113.9349288"><ele>23.4</ele><time>2023-06-11T23:09:32Z</time></trkpt>
      <trkpt lat="22.5386344" lon="113.9349275"><ele>23.2</ele><time>2023-06-11T23:09:33Z</time></trkpt>
      <trkpt lat="22.5386513" lon="113.9349276"><ele>23.1</ele><time>2023-06-11T23:09:34Z</time></trkpt>
      <trkpt lat="22.5386684" lon="113.9349317"><ele>22.9</ele><time>2023-06-11T23:09:35Z</time></trkpt>
      <trkpt lat="22.5386831" lon="113.9349418"><ele>22.7</ele><time>2023-06-11T23:09:36Z</time></trkpt>
      <trkpt lat="22.5386922" lon="113.9349583"><ele>22.6</ele><time>2023-06-11T23:09:37Z</time></trkpt>
      <trkpt lat="22.5386974" lon="113.9349770"><ele>22.4</ele><time>2023-06-11T23:09:38Z</time></trkpt>
      <trkpt lat="22.5387027" lon="113.9349952"><ele>22.2</ele><time>2023-06-11T23:09:39Z</time></trkpt>
      <trkpt lat="22.5387108" lon="113.9350120"><ele>22.0</ele><time>2023-06-11T23:09:40Z</time></trkpt>
      <trkpt lat="22.5387238" lon="113.9350246"><ele>21.9</ele><time>2023-06-11T23:09:41Z</time></trkpt>
      <trkpt lat="22.5387400" lon="113.9350331"><ele>21.7</ele><time>2023-06-11T23:09:42Z</time></trkpt>
      <trkpt lat="22.5387568" lon="113.9350394"><ele>21.5</ele><time>2023-06-11T23:09:43Z</time></trkpt>
      <trkpt lat="22.5387735" lon="113.9350452"><ele>21.3</ele><time>2023-06-11T23:09:44Z</time></trkpt>
      <trkpt lat="22.5387893" lon="113.9350532"><ele>21.1</ele><time>2023-06-11T23:09:45Z</time></trkpt>
      <trkpt lat="22.5388018" lon="113.9350665"><ele>21.0</ele><time>2023-06-11T23:09:46Z</time></trkpt>
      <trkpt lat="22.5388090" lon="113.9350849"><ele>20.8</ele><time>2023-06-11T23:09:47Z</time></trkpt>
      <trkpt lat="22.5388131" lon="113.9351048"><ele>20.6</ele><time>2023-06-11T23:09:48Z</time></trkpt>
      <trkpt lat="22.5388161" lon="113.9351247"><ele>20.4</ele><time>2023-06-11T23:09:49Z</time></trkpt>
      <trkpt lat="22.5388189" lon="113.9351445"><ele>20.2</ele><time>2023-06-11T23:09:50Z</time></trkpt>
      <trkpt lat="22.5388225" lon="113.9351643"><ele>20.1</ele><time>2023-06-11T23:09:51Z</time></trkpt>
      <trkpt lat="22.5388264" lon="113.9351841"><ele>19.9</ele><time>2023-06-11T23:09:52Z</time></trkpt>
      <trkpt lat="22.5388304" lon="113.9352034"><ele>19.7</ele><time>2023-06-11T23:09:53Z</time></trkpt>
      <trkpt lat="22.5388342" lon="113.9352222"><ele>19.5</ele><time>2023-06-11T23:09:54Z</time></trkpt>
      <trkpt lat="22.5388376" lon="113.9352412"><ele>19.4</ele><time>2023-06-11T23:09:55Z</time></trkpt>
      <trkpt lat="22.5388397" lon="113.9352605"><ele>19.2</ele><time>2023-06-11T23:09:56Z</time></trkpt>
      <trkpt lat="22.5388412" lon="113.9352797"><ele>19.1</ele><time>2023-06-11T23:09:57Z</time></trkpt>
      <trkpt lat="22.5388412" lon="113.9352986"><ele>18.9</ele><time>2023-06-11T23:09:58Z</time></trkpt>
      <trkpt lat="22.5388373" lon="113.9353170"><ele>18.8</ele><time>2023-06-11T23:09:59Z</time></trkpt>
      <trkpt lat="22.5388304" lon="113.9353346"><ele>18.6</ele><time>2023-06-11T23:10:00Z</time></trkpt>
      <trkpt lat="22.5388216" lon="113.9353513"><ele>18.5</ele><time>2023-06-11T23:10:01Z</time></trkpt>
      <trkpt lat="22.5388118" lon="113.9353674"><ele>18.4</ele><time>2023-06-11T23:10:02Z</time></trkpt>
      <trkpt lat="22.5388014" lon="113.9353830"><ele>18.3</ele><time>2023-06-11T23:10:03Z</time></trkpt>
      <trkpt lat="22.5387903" lon="113.9353983"><ele>18.1</ele><time>2023-06-11T23:10:04Z</time></trkpt>
      <trkpt lat="22.5387778" lon="113.9354121"><ele>18.0</ele><time>2023-06-11T23:10:05Z</time></trkpt>
      <trkpt lat="22.5387648" lon="113.9354248"><ele>17.9</ele><time>2023-06-11T23:10:06Z</time></trkpt>
      <trkpt lat="22.5387519" lon="113.9354376"><ele>17.8</ele><time>2023-06-11T23:10:07Z</time></trkpt>
      <trkpt lat="22.5387393" lon="113.9354509"><ele>17.7</ele><time>2023-06-11T23:10:08Z</time></trkpt>
      <trkpt lat="22.5387272" lon="113.9354645"><ele>17.6</ele><time>2023-06-11T23:10:09Z</time></trkpt>
      <trkpt lat="22.5387149" lon="113.9354778"><ele>17.5</ele><time>2023-06-11T23:10:10Z</time></trkpt>
      <trkpt lat="22.5387014" lon="113.9354895"><ele>17.5</ele><time>2023-06-11T23:10:11Z</time></trkpt>
      <trkpt lat="22.5386860" lon="113.9354982"><ele>17.4</ele><time>2023-06-11T23:10:12Z</time></trkpt>
      <trkpt lat="22.5386698" lon="113.9355048"><ele>17.3</ele><time>2023-06-11T23:10:13Z</time></trkpt>
      <trkpt lat="22.5386538" lon="113.9355111"><ele>17.3</ele><time>2023-06-11T23:10:14Z</time></trkpt>
      <trkpt lat="22.5386382" lon="113.9355185"><ele>17.2</ele><time>2023-06-11T23:10:15Z</time></trkpt>
      <trkpt lat="22.5386231" lon="113.9355270"><ele>17.2</ele><time>2023-06-11T23:10:16Z</time></trkpt>
      <trkpt lat="22.5386088" lon="113.9355368"><ele>17.1</ele><time>2023-06-11T23:10:17Z</time></trkpt>
      <trkpt lat="22.5385948" lon="113.9355472"><ele>17.1</ele><time>2023-06-11T23:10:18Z</time></trkpt>
      <trkpt lat="22.5385805" lon="113.9355568"><ele>17.0</ele><time>2023-06-11T23:10:19Z</time></trkpt>
      <trkpt lat="22.5385662" lon="113.9355665"><ele>17.0</ele><time>2023-06-11T23:10:20Z</time></trkpt>
      <trkpt lat="22.5385528" lon="113.9355776"><ele>17.0</ele><time>2023-06-11T23:10:21Z</time></trkpt>
      <trkpt lat="22.5385399" lon="113.9355893"><ele>17.0</ele><time>2023-06-11T23:10:22Z</time></trkpt>
      <trkpt lat="22.5385271" lon="113.9356012"><ele>16.9</ele><time>2023-06-11T23:10:23Z</time></trkpt>
      <trkpt lat="22.5385145" lon="113.9356131"><ele>16.9</ele><time>2023-06-11T23:10:24Z</time></trkpt>
      <trkpt lat="22.5385022" lon="113.9356254"><ele>16.9</ele><time>2023-06-11T23:10:25Z</time></trkpt>
      <trkpt lat="22.5384905" lon="113.9356383"><ele>16.9</ele><time>2023-06-11T23:10:26Z</time></trkpt>
      <trkpt lat="22.5384791" lon="113.9356516"><ele>16.9</ele><time>2023-06-11T23:10:27Z</time></trkpt>
      <trkpt lat="22.5384677" lon="113.9356649"><ele>16.9</ele><time>2023-06-11T23:10:28Z</time></trkpt>
      <trkpt lat="22.5384574" lon="113.9356792"><ele>16.9</ele><time>2023-06-11T23:10:29Z</time></trkpt>
      <trkpt lat="22.5384478" lon="113.9356941"><ele>16.9</ele><time>2023-06-11T23:10:30Z</time></trkpt>
      <trkpt lat="22.5384389" lon="113.9357091"><ele>16.9</ele><time>2023-06-11T23:10:31Z</time></trkpt>
      <trkpt lat="22.5384316" lon="113.9357251"><ele>16.9</ele><time>2023-06-11T23:10:32Z</time></trkpt>
      <trkpt lat="22.5384253" lon="113.9357416"><ele>16.9</ele><time>2023-06-11T23:10:33Z</time></trkpt>
      <trkpt lat="22.5384194" lon="113.9357584"><ele>17.0</ele><time>2023-06-11T23:10:34Z</time></trkpt>
      <trkpt lat="22.5384129" lon="113.9357749"><ele>17.0</ele><time>2023-06-11T23:10:35Z</time></trkpt>
      <trkpt lat="22.5384059" lon="113.9357913"><ele>17.0</ele><time>2023-06-11T23:10:36Z</time></trkpt>
      <trkpt lat="22.5383996" lon="113.9358078"><ele>17.0</ele><time>2023-06-11T23:10:37Z</time></trkpt>
      <trkpt lat="22.5383930" lon="113.9358243"><ele>17.0</ele><time>2023-06-11T23:10:38Z</time></trkpt>
      <trkpt lat="22.5383869" lon="113.9358408"><ele>17.1</ele><time>2023-06-11T23:10:39Z</time></trkpt>
      <trkpt lat="22.5383827" lon="113.9358578"><ele>17.1</ele><time>2023-06-11T23:10:40Z</time></trkpt>
      <trkpt lat="22.5383805" lon="113.9358753"><ele>17.1</ele><time>2023-06-11T23:10:41Z</time></trkpt>
      <trkpt lat="22.5383797" lon="113.9358931"><ele>17.1</ele><time>2023-06-11T23:10:42Z</time></trkpt>
      <trkpt lat="22.5383795" lon="113.9359108"><ele>17.1</ele><time>2023-06-11T23:10:43Z</time></trkpt>
      <trkpt lat="22.5383805" lon="113.9359288"><ele>17.2</ele><time>2023-06-11T23:10:44Z</time></trkpt>
      <trkpt lat="22.5383824" lon="113.9359469"><ele>17.2</ele><time>2023-06-11T23:10:45Z</time></trkpt>
      <trkpt lat="22.5383843" lon="113.9359648"><ele>17.2</ele><time>2023-06-11T23:10:46Z</time></trkpt>
      <trkpt lat="22.5383856" lon="113.9359824"><ele>17.2</ele><time>2023-06-11T23:10:47Z</time></trkpt>
      <trkpt lat="22.5383870" lon="113.9359999"><ele>17.2</ele><time>2023-06-11T23:10:48Z</time></trkpt>
      <trkpt lat="22.5383891" lon="113.9360173"><ele>17.2</ele><time>2023-06-11T23:10:49Z</time></trkpt>
      <trkpt lat="22.5383924" lon="113.9360345"><ele>17.3</ele><time>2023-06-11T23:10:50Z</time></trkpt>
      <trkpt lat="22.5383974" lon="113.9360514"><ele>17.3</ele><time>2023-06-11T23:10:51Z</time></trkpt>
      <trkpt lat="22.5384023" lon="113.9360681"><ele>17.3</ele><time>2023-06-11T23:10:52Z</time></trkpt>
      <trkpt lat="22.5384073" lon="113.9360848"><ele>17.3</ele><time>2023-06-11T23:10:53Z</time></trkpt>
      <trkpt lat="22.5384134" lon="113.9361011"><ele>17.3</ele><time>2023-06-11T23:10:54Z</time></trkpt>
      <trkpt lat="22.5384202" lon="113.9361170"><ele>17.3</ele><time>2023-06-11T23:10:55Z</time></trkpt>
      <trkpt lat="22.5384279" lon="113.9361325"><ele>17.3</ele><time>2023-06-11T23:10:56Z</time></trkpt>
      <trkpt lat="22.5384370" lon="113.9361472"><ele>17.3</ele><time>2023-06-11T23:10:57Z</time></trkpt>
      <trkpt lat="22.5384470" lon="113.9361614"><ele>17.3</ele><time>2023-06-11T23:10:58Z</time></trkpt>
      <trkpt lat="22.5384575" lon="113.9361750"><ele>17.3</ele><time>2023-06-11T23:10:59Z</time></trkpt>
      <trkpt lat="22.5384682" lon="113.9361883"><ele>17.3</ele><time>2023-06-11T23:11:00Z</time></trkpt>
      <trkpt lat="22.5384786" lon="113.9362016"><ele>17.3</ele><time>2023-06-11T23:11:01Z</time></trkpt>
      <trkpt lat="22.5384897" lon="113.9362141"><ele>17.3</ele><time>2023-06-11T23:11:02Z</time></trkpt>
      <trkpt lat="22.5385019" lon="113.9362259"><ele>17.3</ele><time>2023-06-11T23:11:03Z</time></trkpt>
      <trkpt lat="22.5385145" lon="113.9362377"><ele>17.3</ele><time>2023-06-11T23:11:04Z</time></trkpt>
      <trkpt lat="22.5385269" lon="113.9362500"><ele>17.3</ele><time>2023-06-11T23:11:05Z</time></trkpt>
      <trkpt lat="22.5385393" lon="113.9362620"><ele>17.3</ele><time>2023-06-11T23:11:06Z</time></trkpt>
      <trkpt lat="22.5385522" lon="113.9362729"><ele>17.3</ele><time>2023-06-11T23:11:07Z</time></trkpt>
      <trkpt lat="22.5385659" lon="113.9362821"><ele>17.3</ele><time>2023-06-11T23:11:08Z</time></trkpt>
      <trkpt lat="22.5385803" lon="113.9362905"><ele>17.3</ele><time>2023-06-11T23:11:09Z</time></trkpt>
      <trkpt lat="22.5385949" lon="113.9362986"><ele>17.3</ele><time>2023-06-11T23:11:10Z</time></trkpt>
      <trkpt lat="22.5386100" lon="113.9363058"><ele>17.3</ele><time>2023-06-11T23:11:11Z</time></trkpt>
      <trkpt lat="22.5386254" lon="113.9363121"><ele>17.3</ele><time>2023-06-11T23:11:12Z</time></trkpt>
      <trkpt lat="22.5386407" lon="113.9363186"><ele>17.3</ele><time>2023-06-11T23:11:13Z</time></trkpt>
      <trkpt lat="22.5386558" lon="113.9363257"><ele>17.3</ele><time>2023-06-11T23:11:14Z</time></trkpt>
      <trkpt lat="22.5386709" lon="113.9363327"><ele>17.3</ele><time>2023-06-11T23:11:15Z</time></trkpt>
      <trkpt lat="22.5386861" lon="113.9363393"><ele>17.3</ele><time>2023-06-11T23:11:16Z</time></trkpt>
      <trkpt lat="22.5387016" lon="113.9363452"><ele>17.3</ele><time>2023-06-11T23:11:17Z</time></trkpt>
      <trkpt lat="22.5387174" lon="113.9363494"><ele>17.3</ele><time>2023-06-11T23:11:18Z</time></trkpt>
      <trkpt lat="22.5387334" lon="113.9363530"><ele>17.3</ele><time>2023-06-11T23:11:19Z</time></trkpt>
      <trkpt lat="22.5387495" lon="113.9363566"><ele>17.3</ele><time>2023-06-11T23:11:20Z</time></trkpt>
      <trkpt lat="22.5387658" lon="113.9363583"><ele>17.3</ele><time>2023-06-11T23:11:21Z</time></trkpt>
      <trkpt lat="22.5387824" lon="113.9363585"><ele>17.3</ele><time>2023-06-11T23:11:22Z</time></trkpt>
      <trkpt lat="22.5387988" lon="113.9363577"><ele>17.3</ele><time>2023-06-11T23:11:23Z</time></trkpt>
      <trkpt lat="22.5388154" lon="113.9363562"><ele>17.2</ele><time>2023-06-11T23:11:24Z</time></trkpt>
      <trkpt lat="22.5388320" lon="113.9363551"><ele>17.2</ele><time>2023-06-11T23:11:25Z</time></trkpt>
      <trkpt lat="22.5388484" lon="113.9363559"><ele>17.2</ele><time>2023-06-11T23:11:26Z</time></trkpt>
      <trkpt lat="22.5388648" lon="113.9363579"><ele>17.2</ele><time>2023-06-11T23:11:27Z</time></trkpt>
      <trkpt lat="22.5388811" lon="113.9363593"><ele>17.2</ele><time>2023-06-11T23:11:28Z</time></trkpt>
      <trkpt lat="22.5388975" lon="113.9363617"><ele>17.2</ele><time>2023-06-11T23:11:29Z</time></trkpt>
      <trkpt lat="22.5389140" lon="113.9363640"><ele>17.2</ele><time>2023-06-11T23:11:30Z</time></trkpt>
      <trkpt lat="22.5389307" lon="113.9363644"><ele>17.2</ele><time>2023-06-11T23:11:31Z</time></trkpt>
      <trkpt lat="22.5389473" lon="113.9363647"><ele>17.2</ele><time>2023-06-11T23:11:32Z</time></trkpt>
      <trkpt lat="22.5389639" lon="113.9363650"><ele>17.2</ele><time>2023-06-11T23:11:33Z</time></trkpt>
      <trkpt lat="22.5389806" lon="113.9363647"><ele>17.2</ele><time>2023-06-11T23:11:34Z</time></trkpt>
      <trkpt lat="22.5389972" lon="113.9363644"><ele>17.2</ele><time>2023-06-11T23:11:35Z</time></trkpt>
      <trkpt lat="22.5390136" lon="113.9363639"><ele>17.2</ele><time>2023-06-11T23:11:36Z</time></trkpt>
      <trkpt lat="22.5390298" lon="113.9363628"><ele>17.2</ele><time>2023-06-11T23:11:37Z</time></trkpt>
      <trkpt lat="22.5390459" lon="113.9363619"><ele>17.2</ele><time>2023-06-11T23:11:38Z</time></trkpt>
      <trkpt lat="22.5390618" lon="113.9363616"><ele>17.2</ele><time>2023-06-11T23:11:39Z</time></trkpt>
      <trkpt lat="22.5390775" lon="113.9363600"><ele>17.2</ele><time>2023-06-11T23:11:40Z</time></trkpt>
      <trkpt lat="22.5390934" lon="113.9363578"><ele>17.2</ele><time>2023-06-11T23:11:41Z</time></trkpt>
      <trkpt lat="22.5391096" lon="113.9363562"><ele>17.3</ele><time>2023-06-11T23:11:42Z</time></trkpt>
      <trkpt lat="22.5391255" lon="113.9363539"><ele>17.3</ele><time>2023-06-11T23:11:43Z</time></trkpt>
      <trkpt lat="22.5391414" lon="113.9363521"><ele>17.3</ele><time>2023-06-11T23:11:44Z</time></trkpt>
      <trkpt lat="22.5391573" lon="113.9363526"><ele>17.3</ele><time>2023-06-11T23:11:45Z</time></trkpt>
      <trkpt lat="22.5391730" lon="113.9363543"><ele>17.3</ele><time>2023-06-11T23:11:46Z</time></trkpt>
      <trkpt lat="22.5391889" lon="113.9363561"><ele>17.3</ele><time>2023-06-11T23:11:47Z</time></trkpt>
      <trkpt lat="22.5392048" lon="113.9363579"><ele>17.3</ele><time>2023-06-11T23:11:48Z</time></trkpt>
      <trkpt lat="22.5392207" lon="113.9363588"><ele>17.3</ele><time>2023-06-11T23:11:49Z</time></trkpt>
      <trkpt lat="22.5392366" lon="113.9363585"><ele>17.3</ele><time>2023-06-11T23:11:50Z</time></trkpt>
      <trkpt lat="22.5392524" lon="113.9363570"><ele>17.3</ele><time>2023-06-11T23:11:51Z</time></trkpt>
      <trkpt lat="22.5392681" lon="113.9363559"><ele>17.3</ele><time>2023-06-11T23:11:52Z</time></trkpt>
      <trkpt lat="22.5392839" lon="113.9363559"><ele>17.3</ele><time>2023-06-11T23:11:53Z</time></trkpt>
      <trkpt lat="22.5392999" lon="113.9363568"><ele>17.3</ele><time>2023-06-11T23:11:54Z</time></trkpt>
      <trkpt lat="22.5393158" lon="113.9363576"><ele>17.3</ele><time>2023-06-11T23:11:55Z</time></trkpt>
      <trkpt lat="22.5393317" lon="113.9363576"><ele>17.3</ele><time>2023-06-11T23:11:56Z</time></trkpt>
      <trkpt lat="22.5393476" lon="113.9363576"><ele>17.3</ele><time>2023-06-11T23:11:57Z</time></trkpt>
      <trkpt lat="22.5393636" lon="113.9363576"><ele>17.3</ele><time>2023-06-11T23:11:58Z</time></trkpt>
      <trkpt lat="22.5393793" lon="113.9363573"><ele>17.3</ele><time>2023-06-11T23:11:59Z</time></trkpt>
      <trkpt lat="22.5393947" lon="113.9363566"><ele>17.3</ele><time>2023-06-11T23:12:00Z</time></trkpt>
      <trkpt lat="22.5394102" lon="113.9363554"><ele>17.3</ele><time>2023-06-11T23:12:01Z</time></trkpt>
      <trkpt lat="22.5394260" lon="113.9363540"><ele>17.3</ele><time>2023-06-11T23:12:02Z</time></trkpt>
      <trkpt lat="22.5394416" lon="113.9363523"><ele>17.3</ele><time>2023-06-11T23:12:03Z</time></trkpt>
      <trkpt lat="22.5394573" lon="113.9363514"><ele>17.2</ele><time>2023-06-11T23:12:04Z</time></trkpt>
      <trkpt lat="22.5394730" lon="113.9363512"><ele>17.2</ele><time>2023-06-11T23:12:05Z</time></trkpt>
      <trkpt lat="22.5394886" lon="113.9363502"><ele>17.2</ele><time>2023-06-11T23:12:06Z</time></trkpt>
      <trkpt lat="22.5395043" lon="113.9363491"><ele>17.2</ele><time>2023-06-11T23:12:07Z</time></trkpt>
      <trkpt lat="22.5395200" lon="113.9363482"><ele>17.1</ele><time>2023-06-11T23:12:08Z</time></trkpt>
      <trkpt lat="22.5395356" lon="113.9363475"><ele>17.1</ele><time>2023-06-11T23:12:09Z</time></trkpt>
      <trkpt lat="22.5395512" lon="113.9363469"><ele>17.1</ele><time>2023-06-11T23:12:10Z</time></trkpt>
      <trkpt lat="22.5395667" lon="113.9363458"><ele>17.0</ele><time>2023-06-11T23:12:11Z</time></trkpt>
      <trkpt lat="22.5395820" lon="113.9363432"><ele>17.0</ele><time>2023-06-11T23:12:12Z</time></trkpt>
      <trkpt lat="22.5395965" lon="113.9363390"><ele>16.9</ele><time>2023-06-11T23:12:13Z</time></trkpt>
      <trkpt lat="22.5396106" lon="113.9363343"><ele>16.8</ele><time>2023-06-11T23:12:14Z</time></trkpt>
      <trkpt lat="22.5396253" lon="113.9363299"><ele>16.8</ele><time>2023-06-11T23:12:15Z</time></trkpt>
      <trkpt lat="22.5396401" lon="113.9363248"><ele>16.7</ele><time>2023-06-11T23:12:16Z</time></trkpt>
      <trkpt lat="22.5396541" lon="113.9363176"><ele>16.6</ele><time>2023-06-11T23:12:17Z</time></trkpt>
      <trkpt lat="22.5396675" lon="113.9363095"><ele>16.5</ele><time>2023-06-11T23:12:18Z</time></trkpt>
      <trkpt lat="22.5396813" lon="113.9363021"><ele>16.4</ele><time>2023-06-11T23:12:19Z</time></trkpt>
      <trkpt lat="22.5396955" lon="113.9362954"><ele>16.3</ele><time>2023-06-11T23:12:20Z</time></trkpt>
      <trkpt lat="22.5397095" lon="113.9362883"><ele>16.2</ele><time>2023-06-11T23:12:21Z</time></trkpt>
      <trkpt lat="22.5397228" lon="113.9362798"><ele>16.1</ele><time>2023-06-11T23:12:22Z</time></trkpt>
      <trkpt lat="22.5397357" lon="113.9362705"><ele>16.0</ele><time>2023-06-11T23:12:23Z</time></trkpt>
      <trkpt lat="22.5397484" lon="113.9362609"><ele>15.9</ele><time>2023-06-11T23:12:24Z</time></trkpt>
      <trkpt lat="22.5397608" lon="113.9362508"><ele>15.8</ele><time>2023-06-11T23:12:25Z</time></trkpt>
      <trkpt lat="22.5397731" lon="113.9362408"><ele>15.7</ele><time>2023-06-11T23:12:26Z</time></trkpt>
      <trkpt lat="22.5397850" lon="113.9362306"><ele>15.5</ele><time>2023-06-11T23:12:27Z</time></trkpt>
      <trkpt lat="22.5397963" lon="113.9362196"><ele>15.4</ele><time>2023-06-11T23:12:28Z</time></trkpt>
      <trkpt lat="22.5398071" lon="113.9362081"><ele>15.3</ele><time>2023-06-11T23:12:29Z</time></trkpt>
      <trkpt lat="22.5398176" lon="113.9361964"><ele>15.2</ele><time>2023-06-11T23:12:30Z</time></trkpt>
      <trkpt lat="22.5398274" lon="113.9361841"><ele>15.0</ele><time>2023-06-11T23:12:31Z</time></trkpt>
      <trkpt lat="22.5398366" lon="113.9361710"><ele>14.9</ele><time>2023-06-11T23:12:32Z</time></trkpt>
      <trkpt lat="22.5398457" lon="113.9361582"><ele>14.8</ele><time>2023-06-11T23:12:33Z</time></trkpt>
      <trkpt lat="22.5398551" lon="113.9361456"><ele>14.7</ele><time>2023-06-11T23:12:34Z</time></trkpt>
      <trkpt lat="22.5398635" lon="113.9361324"><ele>14.5</ele><time>2023-06-11T23:12:35Z</time></trkpt>
      <trkpt lat="22.5398708" lon="113.9361190"><ele>14.4</ele><time>2023-06-11T23:12:36Z</time></trkpt>
      <trkpt lat="22.5398773" lon="113.9361064"><ele>14.3</ele><time>2023-06-11T23:12:37Z</time></trkpt>
      <trkpt lat="22.5398833" lon="113.9360938"><ele>14.2</ele><time>2023-06-11T23:12:38Z</time></trkpt>
      <trkpt lat="22.5398900" lon="113.9360799"><ele>14.1</ele><time>2023-06-11T23:12:39Z</time></trkpt>
      <trkpt lat="22.5398971" lon="113.9360651"><ele>14.0</ele><time>2023-06-11T23:12:40Z</time></trkpt>
      <trkpt lat="22.5399027" lon="113.9360494"><ele>13.8</ele><time>2023-06-11T23:12:41Z</time></trkpt>
      <trkpt lat="22.5399064" lon="113.9360329"><ele>13.7</ele><time>2023-06-11T23:12:42Z</time></trkpt>
      <trkpt lat="22.5399095" lon="113.9360160"><ele>13.6</ele><time>2023-06-11T23:12:43Z</time></trkpt>
      <trkpt lat="22.5399128" lon="113.9359995"><ele>13.5</ele><time>2023-06-11T23:12:44Z</time></trkpt>
      <trkpt lat="22.5399164" lon="113.9359834"><ele>13.4</ele><time>2023-06-11T23:12:45Z</time></trkpt>
      <trkpt lat="22.5399198" lon="113.9359674"><ele>13.3</ele><time>2023-06-11T23:12:46Z</time></trkpt>
      <trkpt lat="22.5399227" lon="113.9359514"><ele>13.3</ele><time>2023-06-11T23:12:47Z</time></trkpt>
      <trkpt lat="22.5399258" lon="113.9359356"><ele>13.2</ele><time>2023-06-11T23:12:48Z</time></trkpt>
      <trkpt lat="22.5399289" lon="113.9359198"><ele>13.1</ele><time>2023-06-11T23:12:49Z</time></trkpt>
      <trkpt lat="22.5399312" lon="113.9359041"><ele>13.0</ele><time>2023-06-11T23:12:50Z</time></trkpt>
      <trkpt lat="22.5399331" lon="113.9358886"><ele>13.0</ele><time>2023-06-11T23:12:51Z</time></trkpt>
      <trkpt lat="22.5399344" lon="113.9358729"><ele>12.9</ele><time>2023-06-11T23:12:52Z</time></trkpt>
      <trkpt lat="22.5399343" lon="113.9358568"><ele>12.8</ele><time>2023-06-11T23:12:53Z</time></trkpt>
      <trkpt lat="22.5399329" lon="113.9358406"><ele>12.8</ele><time>2023-06-11T23:12:54Z</time></trkpt>
      <trkpt lat="22.5399304" lon="113.9358243"><ele>12.7</ele><time>2023-06-11T23:12:55Z</time></trkpt>
      <trkpt lat="22.5399267" lon="113.9358082"><ele>12.7</ele><time>2023-06-11T23:12:56Z</time></trkpt>
      <trkpt lat="22.5399224" lon="113.9357924"><ele>12.6</ele><time>2023-06-11T23:12:57Z</time></trkpt>
      <trkpt lat="22.5399175" lon="113.9357770"><ele>12.6</ele><time>2023-06-11T23:12:58Z</time></trkpt>
      <trkpt lat="22.5399121" lon="113.9357617"><ele>12.5</ele><time>2023-06-11T23:12:59Z</time></trkpt>
      <trkpt lat="22.5399069" lon="113.9357463"><ele>12.5</ele><time>2023-06-11T23:13:00Z</time></trkpt>
      <trkpt lat="22.5399017" lon="113.9357309"><ele>12.5</ele><time>2023-06-11T23:13:01Z</time></trkpt>
      <trkpt lat="22.5398959" lon="113.9357158"><ele>12.5</ele><time>2023-06-11T23:13:02Z</time></trkpt>
      <trkpt lat="22.5398896" lon="113.9357008"><ele>12.4</ele><time>2023-06-11T23:13:03Z</time></trkpt>
      <trkpt lat="22.5398828" lon="113.9356865"><ele>12.4</ele><time>2023-06-11T23:13:04Z</time></trkpt>
      <trkpt lat="22.5398750" lon="113.9356730"><ele>12.4</ele><time>2023-06-11T23:13:05Z</time></trkpt>
      <trkpt lat="22.5398664" lon="113.9356595"><ele>12.4</ele><time>2023-06-11T23:13:06Z</time></trkpt>
      <trkpt lat="22.5398581" lon="113.9356456"><ele>12.4</ele><time>2023-06-11T23:13:07Z</time></trkpt>
      <trkpt lat="22.5398505" lon="113.9356315"><ele>12.4</ele><time>2023-06-11T23:13:08Z</time></trkpt>
      <trkpt lat="22.5398422" lon="113.9356178"><ele>12.4</ele><time>2023-06-11T23:13:09Z</time></trkpt>
      <trkpt lat="22.5398332" lon="113.9356045"><ele>12.4</ele><time>2023-06-11T23:13:10Z</time></trkpt>
      <trkpt lat="22.5398240" lon="113.9355914"><ele>12.4</ele><time>2023-06-11T23:13:11Z</time></trkpt>
      <trkpt lat="22.5398141" lon="113.9355791"><ele>12.4</ele><time>2023-06-11T23:13:12Z</time></trkpt>
      <trkpt lat="22.5398033" lon="113.9355673"><ele>12.4</ele><time>2023-06-11T23:13:13Z</time></trkpt>
      <trkpt lat="22.5397924" lon="113.9355557"><ele>12.4</ele><time>2023-06-11T23:13:14Z</time></trkpt>
      <trkpt lat="22.5397811" lon="113.9355445"><ele>12.5</ele><time>2023-06-11T23:13:15Z</time></trkpt>
      <trkpt lat="22.5397691" lon="113.9355341"><ele>12.5</ele><time>2023-06-11T23:13:16Z</time></trkpt>
      <trkpt lat="22.5397563" lon="113.9355245"><ele>12.5</ele><time>2023-06-11T23:13:17Z</time></trkpt>
      <trkpt lat="22.5397431" lon="113.9355155"><ele>12.5</ele><time>2023-06-11T23:13:18Z</time></trkpt>
      <trkpt lat="22.5397294" lon="113.9355075"><ele>12.5</ele><time>2023-06-11T23:13:19Z</time></trkpt>
      <trkpt lat="22.5397152" lon="113.9355005"><ele>12.6</ele><time>2023-06-11T23:13:20Z</time></trkpt>
      <trkpt lat="22.5397006" lon="113.9354946"><ele>12.6</ele><time>2023-06-11T23:13:21Z</time></trkpt>
      <trkpt lat="22.5396851" lon="113.9354906"><ele>12.6</ele><time>2023-06-11T23:13:22Z</time></trkpt>
      <trkpt lat="22.5396693" lon="113.9354876"><ele>12.7</ele><time>2023-06-11T23:13:23Z</time></trkpt>
      <trkpt lat="22.5396539" lon="113.9354835"><ele>12.7</ele><time>2023-06-11T23:13:24Z</time></trkpt>
      <trkpt lat="22.5396387" lon="113.9354784"><ele>12.7</ele><time>2023-06-11T23:13:25Z</time></trkpt>
      <trkpt lat="22.5396232" lon="113.9354742"><ele>12.8</ele><time>2023-06-11T23:13:26Z</time></trkpt>
      <trkpt lat="22.5396074" lon="113.9354715"><ele>12.8</ele><time>2023-06-11T23:13:27Z</time></trkpt>
      <trkpt lat="22.5395914" lon="113.9354690"><ele>12.8</ele><time>2023-06-11T23:13:28Z</time></trkpt>
      <trkpt lat="22.5395753" lon="113.9354666"><ele>12.9</ele><time>2023-06-11T23:13:29Z</time></trkpt>
      <trkpt lat="22.5395592" lon="113.9354645"><ele>12.9</ele><time>2023-06-11T23:13:30Z</time></trkpt>
      <trkpt lat="22.5395433" lon="113.9354623"><ele>12.9</ele><time>2023-06-11T23:13:31Z</time></trkpt>
      <trkpt lat="22.5395276" lon="113.9354592"><ele>13.0</ele><time>2023-06-11T23:13:32Z</time></trkpt>
      <trkpt lat="22.5395119" lon="113.9354559"><ele>13.0</ele><time>2023-06-11T23:13:33Z</time></trkpt>
      <trkpt lat="22.5394958" lon="113.9354539"><ele>13.0</ele><time>2023-06-11T23:13:34Z</time></trkpt>
      <trkpt lat="22.5394794" lon="113.9354535"><ele>13.1</ele><time>2023-06-11T23:13:35Z</time></trkpt>
      <trkpt lat="22.5394630" lon="113.9354542"><ele>13.1</ele><time>2023-06-11T23:13:36Z</time></trkpt>
      <trkpt lat="22.5394467" lon="113.9354553"><ele>13.1</ele><time>2023-06-11T23:13:37Z</time></trkpt>
      <trkpt lat="22.5394305" lon="113.9354566"><ele>13.2</ele><time>2023-06-11T23:13:38Z</time></trkpt>
      <trkpt lat="22.5394143" lon="113.9354576"><ele>13.2</ele><time>2023-06-11T23:13:39Z</time></trkpt>
      <trkpt lat="22.5393980" lon="113.9354586"><ele>13.3</ele><time>2023-06-11T23:13:40Z</time></trkpt>
      <trkpt lat="22.5393817" lon="113.9354593"><ele>13.3</ele><time>2023-06-11T23:13:41Z</time></trkpt>
      <trkpt lat="22.5393655" lon="113.9354580"><ele>13.4</ele><time>2023-06-11T23:13:42Z</time></trkpt>
      <trkpt lat="22.5393493" lon="113.9354560"><ele>13.4</ele><time>2023-06-11T23:13:43Z</time></trkpt>
      <trkpt lat="22.5393330" lon="113.9354554"><ele>13.5</ele><time>2023-06-11T23:13:44Z</time></trkpt>
      <trkpt lat="22.5393166" lon="113.9354564"><ele>13.5</ele><time>2023-06-11T23:13:45Z</time></trkpt>
      <trkpt lat="22.5393001" lon="113.9354581"><ele>13.6</ele><time>2023-06-11T23:13:46Z</time></trkpt>
      <trkpt lat="22.5392836" lon="113.9354597"><ele>13.6</ele><time>2023-06-11T23:13:47Z</time></trkpt>
      <trkpt lat="22.5392673" lon="113.9354609"><ele>13.7</ele><time>2023-06-11T23:13:48Z</time></trkpt>
      <trkpt lat="22.5392508" lon="113.9354609"><ele>13.7</ele><time>2023-06-11T23:13:49Z</time></trkpt>
      <trkpt lat="22.5392342" lon="113.9354600"><ele>13.8</ele><time>2023-06-11T23:13:50Z</time></trkpt>
      <trkpt lat="22.5392176" lon="113.9354595"><ele>13.8</ele><time>2023-06-11T23:13:51Z</time></trkpt>
      <trkpt lat="22.5392010" lon="113.9354588"><ele>13.9</ele><time>2023-06-11T23:13:52Z</time></trkpt>
      <trkpt lat="22.5391844" lon="113.9354580"><ele>13.9</ele><time>2023-06-11T23:13:53Z</time></trkpt>
      <trkpt lat="22.5391678" lon="113.9354580"><ele>14.0</ele><time>2023-06-11T23:13:54Z</time></trkpt>
      <trkpt lat="22.5391511" lon="113.9354582"><ele>14.0</ele><time>2023-06-11T23:13:55Z</time></trkpt>
      <trkpt lat="22.5391343" lon="113.9354584"><ele>14.0</ele><time>2023-06-11T23:13:56Z</time></trkpt>
      <trkpt lat="22.5391177" lon="113.9354601"><ele>14.1</ele><time>2023-06-11T23:13:57Z</time></trkpt>
      <trkpt lat="22.5391011" lon="113.9354627"><ele>14.1</ele><time>2023-06-11T23:13:58Z</time></trkpt>
      <trkpt lat="22.5390843" lon="113.9354637"><ele>14.2</ele><time>2023-06-11T23:13:59Z</time></trkpt>
      <trkpt lat="22.5390676" lon="113.9354630"><ele>14.2</ele><time>2023-06-11T23:14:00Z</time></trkpt>
      <trkpt lat="22.5390508" lon="113.9354624"><ele>14.2</ele><time>2023-06-11T23:14:01Z</time></trkpt>
      <trkpt lat="22.5390340" lon="113.9354635"><ele>14.3</ele><time>2023-06-11T23:14:02Z</time></trkpt>
      <trkpt lat="22.5390173" lon="113.9354657"><ele>14.3</ele><time>2023-06-11T23:14:03Z</time></trkpt>
      <trkpt lat="22.5390005" lon="113.9354686"><ele>14.3</ele><time>2023-06-11T23:14:04Z</time></trkpt>
      <trkpt lat="22.5389838" lon="113.9354721"><ele>14.4</ele><time>2023-06-11T23:14:05Z</time></trkpt>
      <trkpt lat="22.5389671" lon="113.9354753"><ele>14.4</ele><time>2023-06-11T23:14:06Z</time></trkpt>
      <trkpt lat="22.5389504" lon="113.9354778"><ele>14.4</ele><time>2023-06-11T23:14:07Z</time></trkpt>
      <trkpt lat="22.5389335" lon="113.9354802"><ele>14.4</ele><time>2023-06-11T23:14:08Z</time></trkpt>
      <trkpt lat="22.5389167" lon="113.9354828"><ele>14.5</ele><time>2023-06-11T23:14:09Z</time></trkpt>
      <trkpt lat="22.5388998" lon="113.9354845"><ele>14.5</ele><time>2023-06-11T23:14:10Z</time></trkpt>
      <trkpt lat="22.5388832" lon="113.9354852"><ele>14.5</ele><time>2023-06-11T23:14:11Z</time></trkpt>
      <trkpt lat="22.5388664" lon="113.9354854"><ele>14.5</ele><time>2023-06-11T23:14:12Z</time></trkpt>
      <trkpt lat="22.5388497" lon="113.9354865"><ele>14.5</ele><time>2023-06-11T23:14:13Z</time></trkpt>
      <trkpt lat="22.5388331" lon="113.9354890"><ele>14.6</ele><time>2023-06-11T23:14:14Z</time></trkpt>
      <trkpt lat="22.5388167" lon="113.9354935"><ele>14.6</ele><time>2023-06-11T23:14:15Z</time></trkpt>
      <trkpt lat="22.5388006" lon="113.9354998"><ele>14.6</ele><time>2023-06-11T23:14:16Z</time></trkpt>
      <trkpt lat="22.5387847" lon="113.9355067"><ele>14.6</ele><time>2023-06-11T23:14:17Z</time></trkpt>
      <trkpt lat="22.5387688" lon="113.9355130"><ele>14.6</ele><time>2023-06-11T23:14:18Z</time></trkpt>
      <trkpt lat="22.5387526" lon="113.9355185"><ele>14.6</ele><time>2023-06-11T23:14:19Z</time></trkpt>
      <trkpt lat="22.5387363" lon="113.9355234"><ele>14.6</ele><time>2023-06-11T23:14:20Z</time></trkpt>
      <trkpt lat="22.5387198" lon="113.9355279"><ele>14.6</ele><time>2023-06-11T23:14:21Z</time></trkpt>
      <trkpt lat="22.5387035" lon="113.9355327"><ele>14.6</ele><time>2023-06-11T23:14:22Z</time></trkpt>
      <trkpt lat="22.5386873" lon="113.9355374"><ele>14.6</ele><time>2023-06-11T23:14:23Z</time></trkpt>
      <trkpt lat="22.5386715" lon="113.9355430"><ele>14.6</ele><time>2023-06-11T23:14:24Z</time></trkpt>
      <trkpt lat="22.5386559" lon="113.9355496"><ele>14.6</ele><time>2023-06-11T23:14:25Z</time></trkpt>
      <trkpt lat="22.5386404" lon="113.9355565"><ele>14.6</ele><time>2023-06-11T23:14:26Z</time></trkpt>
      <trkpt lat="22.5386251" lon="113.9355640"><ele>14.6</ele><time>2023-06-11T23:14:27Z</time></trkpt>
      <trkpt lat="22.5386099" lon="113.9355718"><ele>14.6</ele><time>2023-06-11T23:14:28Z</time></trkpt>
      <trkpt lat="22.5385946" lon="113.9355796"><ele>14.7</ele><time>2023-06-11T23:14:29Z</time></trkpt>
      <trkpt lat="22.5385796" lon="113.9355877"><ele>14.7</ele><time>2023-06-11T23:14:30Z</time></trkpt>
      <trkpt lat="22.5385648" lon="113.9355958"><ele>14.7</ele><time>2023-06-11T23:14:31Z</time></trkpt>
      <trkpt lat="22.5385500" lon="113.9356036"><ele>14.7</ele><time>2023-06-11T23:14:32Z</time></trkpt>
      <trkpt lat="22.5385353" lon="113.9356117"><ele>14.7</ele><time>2023-06-11T23:14:33Z</time></trkpt>
      <trkpt lat="22.5385215" lon="113.9356214"><ele>14.7</ele><time>2023-06-11T23:14:34Z</time></trkpt>
      <trkpt lat="22.5385091" lon="113.9356332"><ele>14.7</ele><time>2023-06-11T23:14:35Z</time></trkpt>
      <trkpt lat="22.5384983" lon="113.9356464"><ele>14.7</ele><time>2023-06-11T23:14:36Z</time></trkpt>
      <trkpt lat="22.5384886" lon="113.9356604"><ele>14.7</ele><time>2023-06-11T23:14:37Z</time></trkpt>
      <trkpt lat="22.5384787" lon="113.9356749"><ele>14.7</ele><time>2023-06-11T23:14:38Z</time></trkpt>
      <trkpt lat="22.5384693" lon="113.9356895"><ele>14.7</ele><time>2023-06-11T23:14:39Z</time></trkpt>
      <trkpt lat="22.5384606" lon="113.9357045"><ele>14.7</ele><time>2023-06-11T23:14:40Z</time></trkpt>
      <trkpt lat="22.5384521" lon="113.9357197"><ele>14.7</ele><time>2023-06-11T23:14:41Z</time></trkpt>
      <trkpt lat="22.5384441" lon="113.9357354"><ele>14.7</ele><time>2023-06-11T23:14:42Z</time></trkpt>
      <trkpt lat="22.5384365" lon="113.9357513"><ele>14.7</ele><time>2023-06-11T23:14:43Z</time></trkpt>
      <trkpt lat="22.5384292" lon="113.9357674"><ele>14.7</ele><time>2023-06-11T23:14:44Z</time></trkpt>
      <trkpt lat="22.5384228" lon="113.9357839"><ele>14.8</ele><time>2023-06-11T23:14:45Z</time></trkpt>
      <trkpt lat="22.5384178" lon="113.9358008"><ele>14.8</ele><time>2023-06-11T23:14:46Z</time></trkpt>
      <trkpt lat="22.5384134" lon="113.9358178"><ele>14.8</ele><time>2023-06-11T23:14:47Z</time></trkpt>
      <trkpt lat="22.5384094" lon="113.9358348"><ele>14.8</ele><time>2023-06-11T23:14:48Z</time></trkpt>
      <trkpt lat="22.5384060" lon="113.9358522"><ele>14.8</ele><time>2023-06-11T23:14:49Z</time></trkpt>
      <trkpt lat="22.5384039" lon="113.9358700"><ele>14.8</ele><time>2023-06-11T23:14:50Z</time></trkpt>
      <trkpt lat="22.5384031" lon="113.9358881"><ele>14.8</ele><time>2023-06-11T23:14:51Z</time></trkpt>
      <trkpt lat="22.5384030" lon="113.9359061"><ele>14.8</ele><time>2023-06-11T23:14:52Z</time></trkpt>
      <trkpt lat="22.5384034" lon="113.9359239"><ele>14.8</ele><time>2023-06-11T23:14:53Z</time></trkpt>
      <trkpt lat="22.5384038" lon="113.9359414"><ele>14.8</ele><time>2023-06-11T23:14:54Z</time></trkpt>
      <trkpt lat="22.5384047" lon="113.9359586"><ele>14.8</ele><time>2023-06-11T23:14:55Z</time></trkpt>
      <trkpt lat="22.5384071" lon="113.9359758"><ele>14.8</ele><time>2023-06-11T23:14:56Z</time></trkpt>
      <trkpt lat="22.5384100" lon="113.9359927"><ele>14.8</ele><time>2023-06-11T23:14:57Z</time></trkpt>
      <trkpt lat="22.5384135" lon="113.9360096"><ele>14.8</ele><time>2023-06-11T23:14:58Z</time></trkpt>
      <trkpt lat="22.5384175" lon="113.9360263"><ele>14.8</ele><time>2023-06-11T23:14:59Z</time></trkpt>
      <trkpt lat="22.5384221" lon="113.9360429"><ele>14.8</ele><time>2023-06-11T23:15:00Z</time></trkpt>
      <trkpt lat="22.5384270" lon="113.9360594"><ele>14.8</ele><time>2023-06-11T23:15:01Z</time></trkpt>
      <trkpt lat="22.5384315" lon="113.9360759"><ele>14.8</ele><time>2023-06-11T23:15:02Z</time></trkpt>
      <trkpt lat="22.5384364" lon="113.9360921"><ele>14.8</ele><time>2023-06-11T23:15:03Z</time></trkpt>
      <trkpt lat="22.5384432" lon="113.9361076"><ele>14.8</ele><time>2023-06-11T23:15:04Z</time></trkpt>
      <trkpt lat="22.5384515" lon="113.9361225"><ele>14.8</ele><time>2023-06-11T23:15:05Z</time></trkpt>
      <trkpt lat="22.5384603" lon="113.9361370"><ele>14.9</ele><time>2023-06-11T23:15:06Z</time></trkpt>
      <trkpt lat="22.5384694" lon="113.9361512"><ele>14.9</ele><time>2023-06-11T23:15:07Z</time></trkpt>
      <trkpt lat="22.5384787" lon="113.9361652"><ele>14.9</ele><time>2023-06-11T23:15:08Z</time></trkpt>
      <trkpt lat="22.5384880" lon="113.9361790"><ele>14.9</ele><time>2023-06-11T23:15:09Z</time></trkpt>
      <trkpt lat="22.5384974" lon="113.9361927"><ele>14.9</ele><time>2023-06-11T23:15:10Z</time></trkpt>
      <trkpt lat="22.5385070" lon="113.9362062"><ele>15.0</ele><time>2023-06-11T23:15:11Z</time></trkpt>
      <trkpt lat="22.5385172" lon="113.9362192"><ele>15.0</ele><time>2023-06-11T23:15:12Z</time></trkpt>
      <trkpt lat="22.5385281" lon="113.9362314"><ele>15.0</ele><time>2023-06-11T23:15:13Z</time></trkpt>
      <trkpt lat="22.5385401" lon="113.9362428"><ele>15.1</ele><time>2023-06-11T23:15:14Z</time></trkpt>
      <trkpt lat="22.5385526" lon="113.9362541"><ele>15.1</ele><time>2023-06-11T23:15:15Z</time></trkpt>
      <trkpt lat="22.5385658" lon="113.9362646"><ele>15.1</ele><time>2023-06-11T23:15:16Z</time></trkpt>
      <trkpt lat="22.5385799" lon="113.9362740"><ele>15.2</ele><time>2023-06-11T23:15:17Z</time></trkpt>
      <trkpt lat="22.5385942" lon="113.9362831"><ele>15.2</ele><time>2023-06-11T23:15:18Z</time></trkpt>
      <trkpt lat="22.5386081" lon="113.9362925"><ele>15.3</ele><time>2023-06-11T23:15:19Z</time></trkpt>
      <trkpt lat="22.5386213" lon="113.9363021"><ele>15.3</ele><time>2023-06-11T23:15:20Z</time></trkpt>
      <trkpt lat="22.5386339" lon="113.9363120"><ele>15.3</ele><time>2023-06-11T23:15:21Z</time></trkpt>
      <trkpt lat="22.5386460" lon="113.9363224"><ele>15.4</ele><time>2023-06-11T23:15:22Z</time></trkpt>
      <trkpt lat="22.5386584" lon="113.9363322"><ele>15.4</ele><time>2023-06-11T23:15:23Z</time></trkpt>
      <trkpt lat="22.5386727" lon="113.9363393"><ele>15.5</ele><time>2023-06-11T23:15:24Z</time></trkpt>
      <trkpt lat="22.5386886" lon="113.9363439"><ele>15.6</ele><time>2023-06-11T23:15:25Z</time></trkpt>
      <trkpt lat="22.5387050" lon="113.9363474"><ele>15.6</ele><time>2023-06-11T23:15:26Z</time></trkpt>
      <trkpt lat="22.5387214" lon="113.9363501"><ele>15.7</ele><time>2023-06-11T23:15:27Z</time></trkpt>
      <trkpt lat="22.5387377" lon="113.9363516"><ele>15.7</ele><time>2023-06-11T23:15:28Z</time></trkpt>
      <trkpt lat="22.5387543" lon="113.9363520"><ele>15.8</ele><time>2023-06-11T23:15:29Z</time></trkpt>
      <trkpt lat="22.5387712" lon="113.9363519"><ele>15.9</ele><time>2023-06-11T23:15:30Z</time></trkpt>
      <trkpt lat="22.5387881" lon="113.9363517"><ele>15.9</ele><time>2023-06-11T23:15:31Z</time></trkpt>
      <trkpt lat="22.5388049" lon="113.9363515"><ele>16.0</ele><time>2023-06-11T23:15:32Z</time></trkpt>
      <trkpt lat="22.5388216" lon="113.9363517"><ele>16.1</ele><time>2023-06-11T23:15:33Z</time></trkpt>
      <trkpt lat="22.5388382" lon="113.9363523"><ele>16.1</ele><time>2023-06-11T23:15:34Z</time></trkpt>
      <trkpt lat="22.5388542" lon="113.9363527"><ele>16.2</ele><time>2023-06-11T23:15:35Z</time></trkpt>
      <trkpt lat="22.5388702" lon="113.9363520"><ele>16.3</ele><time>2023-06-11T23:15:36Z</time></trkpt>
      <trkpt lat="22.5388863" lon="113.9363502"><ele>16.3</ele><time>2023-06-11T23:15:37Z</time></trkpt>
      <trkpt lat="22.5389024" lon="113.9363479"><ele>16.4</ele><time>2023-06-11T23:15:38Z</time></trkpt>
      <trkpt lat="22.5389183" lon="113.9363458"><ele>16.5</ele><time>2023-06-11T23:15:39Z</time></trkpt>
      <trkpt lat="22.5389343" lon="113.9363438"><ele>16.5</ele><time>2023-06-11T23:15:40Z</time></trkpt>
      <trkpt lat="22.5389502" lon="113.9363422"><ele>16.6</ele><time>2023-06-11T23:15:41Z</time></trkpt>
      <trkpt lat="22.5389662" lon="113.9363411"><ele>16.7</ele><time>2023-06-11T23:15:42Z</time></trkpt>
      <trkpt lat="22.5389822" lon="113.9363400"><ele>16.7</ele><time>2023-06-11T23:15:43Z</time></trkpt>
      <trkpt lat="22.5389982" lon="113.9363391"><ele>16.8</ele><time>2023-06-11T23:15:44Z</time></trkpt>
      <trkpt lat="22.5390143" lon="113.9363383"><ele>16.9</ele><time>2023-06-11T23:15:45Z</time></trkpt>
      <trkpt lat="22.5390304" lon="113.9363380"><ele>16.9</ele><time>2023-06-11T23:15:46Z</time></trkpt>
      <trkpt lat="22.5390463" lon="113.9363389"><ele>17.0</ele><time>2023-06-11T23:15:47Z</time></trkpt>
      <trkpt lat="22.5390621" lon="113.9363408"><ele>17.1</ele><time>2023-06-11T23:15:48Z</time></trkpt>
      <trkpt lat="22.5390780" lon="113.9363419"><ele>17.1</ele><time>2023-06-11T23:15:49Z</time></trkpt>
      <trkpt lat="22.5390940" lon="113.9363419"><ele>17.2</ele><time>2023-06-11T23:15:50Z</time></trkpt>
      <trkpt lat="22.5391100" lon="113.9363413"><ele>17.3</ele><time>2023-06-11T23:15:51Z</time></trkpt>
      <trkpt lat="22.5391259" lon="113.9363403"><ele>17.3</ele><time>2023-06-11T23:15:52Z</time></trkpt>
      <trkpt lat="22.5391419" lon="113.9363388"><ele>17.4</ele><time>2023-06-11T23:15:53Z</time></trkpt>
      <trkpt lat="22.5391578" lon="113.9363370"><ele>17.5</ele><time>2023-06-11T23:15:54Z</time></trkpt>
      <trkpt lat="22.5391739" lon="113.9363355"><ele>17.5</ele><time>2023-06-11T23:15:55Z</time></trkpt>
      <trkpt lat="22.5391900" lon="113.9363341"><ele>17.6</ele><time>2023-06-11T23:15:56Z</time></trkpt>
      <trkpt lat="22.5392059" lon="113.9363328"><ele>17.6</ele><time>2023-06-11T23:15:57Z</time></trkpt>
      <trkpt lat="22.5392216" lon="113.9363317"><ele>17.7</ele><time>2023-06-11T23:15:58Z</time></trkpt>
      <trkpt lat="22.5392373" lon="113.9363313"><ele>17.7</ele><time>2023-06-11T23:15:59Z</time></trkpt>
      <trkpt lat="22.5392530" lon="113.9363326"><ele>17.8</ele><time>2023-06-11T23:16:00Z</time></trkpt>
      <trkpt lat="22.5392683" lon="113.9363339"><ele>17.8</ele><time>2023-06-11T23:16:01Z</time></trkpt>
      <trkpt lat="22.5392838" lon="113.9363339"><ele>17.9</ele><time>2023-06-11T23:16:02Z</time></trkpt>
      <trkpt lat="22.5392993" lon="113.9363336"><ele>17.9</ele><time>2023-06-11T23:16:03Z</time></trkpt>
      <trkpt lat="22.5393150" lon="113.9363327"><ele>18.0</ele><time>2023-06-11T23:16:04Z</time></trkpt>
      <trkpt lat="22.5393307" lon="113.9363313"><ele>18.0</ele><time>2023-06-11T23:16:05Z</time></trkpt>
      <trkpt lat="22.5393463" lon="113.9363300"><ele>18.0</ele><time>2023-06-11T23:16:06Z</time></trkpt>
      <trkpt lat="22.5393618" lon="113.9363293"><ele>18.1</ele><time>2023-06-11T23:16:07Z</time></trkpt>
      <trkpt lat="22.5393775" lon="113.9363284"><ele>18.1</ele><time>2023-06-11T23:16:08Z</time></trkpt>
      <trkpt lat="22.5393932" lon="113.9363274"><ele>18.1</ele><time>2023-06-11T23:16:09Z</time></trkpt>
      <trkpt lat="22.5394088" lon="113.9363268"><ele>18.2</ele><time>2023-06-11T23:16:10Z</time></trkpt>
      <trkpt lat="22.5394244" lon="113.9363261"><ele>18.2</ele><time>2023-06-11T23:16:11Z</time></trkpt>
      <trkpt lat="22.5394400" lon="113.9363246"><ele>18.2</ele><time>2023-06-11T23:16:12Z</time></trkpt>
      <trkpt lat="22.5394556" lon="113.9363228"><ele>18.2</ele><time>2023-06-11T23:16:13Z</time></trkpt>
      <trkpt lat="22.5394712" lon="113.9363216"><ele>18.2</ele><time>2023-06-11T23:16:14Z</time></trkpt>
      <trkpt lat="22.5394869" lon="113.9363214"><ele>18.2</ele><time>2023-06-11T23:16:15Z</time></trkpt>
      <trkpt lat="22.5395027" lon="113.9363221"><ele>18.2</ele><time>2023-06-11T23:16:16Z</time></trkpt>
      <trkpt lat="22.5395185" lon="113.9363225"><ele>18.2</ele><time>2023-06-11T23:16:17Z</time></trkpt>
      <trkpt lat="22.5395341" lon="113.9363216"><ele>18.2</ele><time>2023-06-11T23:16:18Z</time></trkpt>
      <trkpt lat="22.5395497" lon="113.9363204"><ele>18.2</ele><time>2023-06-11T23:16:19Z</time></trkpt>
      <trkpt lat="22.5395652" lon="113.9363182"><ele>18.2</ele><time>2023-06-11T23:16:20Z</time></trkpt>
      <trkpt lat="22.5395804" lon="113.9363137"><ele>18.1</ele><time>2023-06-11T23:16:21Z</time></trkpt>
      <trkpt lat="22.5395954" lon="113.9363076"><ele>18.1</ele><time>2023-06-11T23:16:22Z</time></trkpt>
      <trkpt lat="22.5396102" lon="113.9363015"><ele>18.1</ele><time>2023-06-11T23:16:23Z</time></trkpt>
      <trkpt lat="22.5396248" lon="113.9362946"><ele>18.1</ele><time>2023-06-11T23:16:24Z</time></trkpt>
      <trkpt lat="22.5396389" lon="113.9362865"><ele>18.0</ele><time>2023-06-11T23:16:25Z</time></trkpt>
      <trkpt lat="22.5396527" lon="113.9362778"><ele>18.0</ele><time>2023-06-11T23:16:26Z</time></trkpt>
      <trkpt lat="22.5396661" lon="113.9362684"><ele>17.9</ele><time>2023-06-11T23:16:27Z</time></trkpt>
      <trkpt lat="22.5396796" lon="113.9362593"><ele>17.9</ele><time>2023-06-11T23:16:28Z</time></trkpt>
      <trkpt lat="22.5396933" lon="113.9362508"><ele>17.8</ele><time>2023-06-11T23:16:29Z</time></trkpt>
      <trkpt lat="22.5397071" lon="113.9362425"><ele>17.8</ele><time>2023-06-11T23:16:30Z</time></trkpt>
      <trkpt lat="22.5397210" lon="113.9362344"><ele>17.7</ele><time>2023-06-11T23:16:31Z</time></trkpt>
      <trkpt lat="22.5397345" lon="113.9362259"><ele>17.6</ele><time>2023-06-11T23:16:32Z</time></trkpt>
      <trkpt lat="22.5397474" lon="113.9362161"><ele>17.6</ele><time>2023-06-11T23:16:33Z</time></trkpt>
      <trkpt lat="22.5397595" lon="113.9362052"><ele>17.5</ele><time>2023-06-11T23:16:34Z</time></trkpt>
      <trkpt lat="22.5397711" lon="113.9361938"><ele>17.4</ele><time>2023-06-11T23:16:35Z</time></trkpt>
      <trkpt lat="22.5397823" lon="113.9361820"><ele>17.3</ele><time>2023-06-11T23:16:36Z</time></trkpt>
      <trkpt lat="22.5397925" lon="113.9361691"><ele>17.2</ele><time>2023-06-11T23:16:37Z</time></trkpt>
      <trkpt lat="22.5398019" lon="113.9361556"><ele>17.1</ele><time>2023-06-11T23:16:38Z</time></trkpt>
      <trkpt lat="22.5398116" lon="113.9361426"><ele>17.1</ele><time>2023-06-11T23:16:39Z</time></trkpt>
      <trkpt lat="22.5398215" lon="113.9361298"><ele>17.0</ele><time>2023-06-11T23:16:40Z</time></trkpt>
      <trkpt lat="22.5398312" lon="113.9361169"><ele>16.9</ele><time>2023-06-11T23:16:41Z</time></trkpt>
      <trkpt lat="22.5398403" lon="113.9361032"><ele>16.8</ele><time>2023-06-11T23:16:42Z</time></trkpt>
      <trkpt lat="22.5398479" lon="113.9360885"><ele>16.7</ele><time>2023-06-11T23:16:43Z</time></trkpt>
      <trkpt lat="22.5398540" lon="113.9360726"><ele>16.6</ele><time>2023-06-11T23:16:44Z</time></trkpt>
      <trkpt lat="22.5398584" lon="113.9360560"><ele>16.5</ele><time>2023-06-11T23:16:45Z</time></trkpt>
      <trkpt lat="22.5398617" lon="113.9360390"><ele>16.4</ele><time>2023-06-11T23:16:46Z</time></trkpt>
      <trkpt lat="22.5398645" lon="113.9360217"><ele>16.3</ele><time>2023-06-11T23:16:47Z</time></trkpt>
      <trkpt lat="22.5398672" lon="113.9360044"><ele>16.2</ele><time>2023-06-11T23:16:48Z</time></trkpt>
      <trkpt lat="22.5398702" lon="113.9359873"><ele>16.1</ele><time>2023-06-11T23:16:49Z</time></trkpt>
      <trkpt lat="22.5398732" lon="113.9359701"><ele>16.0</ele><time>2023-06-11T23:16:50Z</time></trkpt>
      <trkpt lat="22.5398757" lon="113.9359528"><ele>15.9</ele><time>2023-06-11T23:16:51Z</time></trkpt>
      <trkpt lat="22.5398776" lon="113.9359355"><ele>15.8</ele><time>2023-06-11T23:16:52Z</time></trkpt>
      <trkpt lat="22.5398783" lon="113.9359181"><ele>15.7</ele><time>2023-06-11T23:16:53Z</time></trkpt>
      <trkpt lat="22.5398774" lon="113.9359005"><ele>15.6</ele><time>2023-06-11T23:16:54Z</time></trkpt>
      <trkpt lat="22.5398757" lon="113.9358829"><ele>15.5</ele><time>2023-06-11T23:16:55Z</time></trkpt>
      <trkpt lat="22.5398738" lon="113.9358653"><ele>15.4</ele><time>2023-06-11T23:16:56Z</time></trkpt>
      <trkpt lat="22.5398715" lon="113.9358478"><ele>15.3</ele><time>2023-06-11T23:16:57Z</time></trkpt>
      <trkpt lat="22.5398686" lon="113.9358306"><ele>15.2</ele><time>2023-06-11T23:16:58Z</time></trkpt>
      <trkpt lat="22.5398644" lon="113.9358142"><ele>15.2</ele><time>2023-06-11T23:16:59Z</time></trkpt>
      <trkpt lat="22.5398589" lon="113.9357985"><ele>15.1</ele><time>2023-06-11T23:17:00Z</time></trkpt>
      <trkpt lat="22.5398533" lon="113.9357827"><ele>15.0</ele><time>2023-06-11T23:17:01Z</time></trkpt>
      <trkpt lat="22.5398476" lon="113.9357667"><ele>14.9</ele><time>2023-06-11T23:17:02Z</time></trkpt>
      <trkpt lat="22.5398413" lon="113.9357506"><ele>14.9</ele><time>2023-06-11T23:17:03Z</time></trkpt>
      <trkpt lat="22.5398347" lon="113.9357345"><ele>14.8</ele><time>2023-06-11T23:17:04Z</time></trkpt>
      <trkpt lat="22.5398275" lon="113.9357188"><ele>14.7</ele><time>2023-06-11T23:17:05Z</time></trkpt>
      <trkpt lat="22.5398193" lon="113.9357035"><ele>14.7</ele><time>2023-06-11T23:17:06Z</time></trkpt>
      <trkpt lat="22.5398105" lon="113.9356888"><ele>14.6</ele><time>2023-06-11T23:17:07Z</time></trkpt>
      <trkpt lat="22.5398009" lon="113.9356748"><ele>14.6</ele><time>2023-06-11T23:17:08Z</time></trkpt>
      <trkpt lat="22.5397906" lon="113.9356615"><ele>14.5</ele><time>2023-06-11T23:17:09Z</time></trkpt>
      <trkpt lat="22.5397797" lon="113.9356486"><ele>14.4</ele><time>2023-06-11T23:17:10Z</time></trkpt>
      <trkpt lat="22.5397686" lon="113.9356360"><ele>14.4</ele><time>2023-06-11T23:17:11Z</time></trkpt>
      <trkpt lat="22.5397570" lon="113.9356239"><ele>14.3</ele><time>2023-06-11T23:17:12Z</time></trkpt>
      <trkpt lat="22.5397456" lon="113.9356115"><ele>14.3</ele><time>2023-06-11T23:17:13Z</time></trkpt>
      <trkpt lat="22.5397346" lon="113.9355988"><ele>14.2</ele><time>2023-06-11T23:17:14Z</time></trkpt>
      <trkpt lat="22.5397233" lon="113.9355862"><ele>14.2</ele><time>2023-06-11T23:17:15Z</time></trkpt>
      <trkpt lat="22.5397113" lon="113.9355745"><ele>14.2</ele><time>2023-06-11T23:17:16Z</time></trkpt>
      <trkpt lat="22.5396984" lon="113.9355642"><ele>14.1</ele><time>2023-06-11T23:17:17Z</time></trkpt>
      <trkpt lat="22.5396845" lon="113.9355557"><ele>14.1</ele><time>2023-06-11T23:17:18Z</time></trkpt>
      <trkpt lat="22.5396703" lon="113.9355474"><ele>14.0</ele><time>2023-06-11T23:17:19Z</time></trkpt>
      <trkpt lat="22.5396561" lon="113.9355391"><ele>14.0</ele><time>2023-06-11T23:17:20Z</time></trkpt>
      <trkpt lat="22.5396415" lon="113.9355315"><ele>14.0</ele><time>2023-06-11T23:17:21Z</time></trkpt>
      <trkpt lat="22.5396264" lon="113.9355248"><ele>13.9</ele><time>2023-06-11T23:17:22Z</time></trkpt>
      <trkpt lat="22.5396112" lon="113.9355188"><ele>13.9</ele><time>2023-06-11T23:17:23Z</time></trkpt>
      <trkpt lat="22.5395958" lon="113.9355135"><ele>13.9</ele><time>2023-06-11T23:17:24Z</time></trkpt>
      <trkpt lat="22.5395801" lon="113.9355084"><ele>13.9</ele><time>2023-06-11T23:17:25Z</time></trkpt>
      <trkpt lat="22.5395645" lon="113.9355037"><ele>13.8</ele><time>2023-06-11T23:17:26Z</time></trkpt>
      <trkpt lat="22.5395488" lon="113.9354993"><ele>13.8</ele><time>2023-06-11T23:17:27Z</time></trkpt>
      <trkpt lat="22.5395329" lon="113.9354952"><ele>13.8</ele><time>2023-06-11T23:17:28Z</time></trkpt>
      <trkpt lat="22.5395168" lon="113.9354926"><ele>13.8</ele><time>2023-06-11T23:17:29Z</time></trkpt>
      <trkpt lat="22.5395005" lon="113.9354922"><ele>13.8</ele><time>2023-06-11T23:17:30Z</time></trkpt>
      <trkpt lat="22.5394843" lon="113.9354928"><ele>13.8</ele><time>2023-06-11T23:17:31Z</time></trkpt>
      <trkpt lat="22.5394680" lon="113.9354936"><ele>13.8</ele><time>2023-06-11T23:17:32Z</time></trkpt>
      <trkpt lat="22.5394518" lon="113.9354948"><ele>13.8</ele><time>2023-06-11T23:17:33Z</time></trkpt>
      <trkpt lat="22.5394355" lon="113.9354966"><ele>13.8</ele><time>2023-06-11T23:17:34Z</time></trkpt>
      <trkpt lat="22.5394193" lon="113.9354981"><ele>13.8</ele><time>2023-06-11T23:17:35Z</time></trkpt>
      <trkpt lat="22.5394031" lon="113.9354991"><ele>13.8</ele><time>2023-06-11T23:17:36Z</time></trkpt>
      <trkpt lat="22.5393870" lon="113.9355005"><ele>13.8</ele><time>2023-06-11T23:17:37Z</time></trkpt>
      <trkpt lat="22.5393708" lon="113.9355019"><ele>13.8</ele><time>2023-06-11T23:17:38Z</time></trkpt>
      <trkpt lat="22.5393547" lon="113.9355031"><ele>13.8</ele><time>2023-06-11T23:17:39Z</time></trkpt>
      <trkpt lat="22.5393386" lon="113.9355036"><ele>13.8</ele><time>2023-06-11T23:17:40Z</time></trkpt>
      <trkpt lat="22.5393225" lon="113.9355038"><ele>13.8</ele><time>2023-06-11T23:17:41Z</time></trkpt>
      <trkpt lat="22.5393065" lon="113.9355038"><ele>13.8</ele><time>2023-06-11T23:17:42Z</time></trkpt>
      <trkpt lat="22.5392906" lon="113.9355035"><ele>13.8</ele><time>2023-06-11T23:17:43Z</time></trkpt>
      <trkpt lat="22.5392746" lon="113.9355036"><ele>13.8</ele><time>2023-06-11T23:17:44Z</time></trkpt>
      <trkpt lat="22.5392586" lon="113.9355034"><ele>13.8</ele><time>2023-06-11T23:17:45Z</time></trkpt>
      <trkpt lat="22.5392428" lon="113.9355023"><ele>13.8</ele><time>2023-06-11T23:17:46Z</time></trkpt>
      <trkpt lat="22.5392269" lon="113.9355017"><ele>13.8</ele><time>2023-06-11T23:17:47Z</time></trkpt>
      <trkpt lat="22.5392108" lon="113.9355023"><ele>13.8</ele><time>2023-06-11T23:17:48Z</time></trkpt>
      <trkpt lat="22.5391948" lon="113.9355032"><ele>13.8</ele><time>2023-06-11T23:17:49Z</time></trkpt>
      <trkpt lat="22.5391789" lon="113.9355040"><ele>13.8</ele><time>2023-06-11T23:17:50Z</time></trkpt>
      <trkpt lat="22.5391631" lon="113.9355040"><ele>13.8</ele><time>2023-06-11T23:17:51Z</time></trkpt>
      <trkpt lat="22.5391472" lon="113.9355032"><ele>13.8</ele><time>2023-06-11T23:17:52Z</time></trkpt>
      <trkpt lat="22.5391314" lon="113.9355024"><ele>13.8</ele><time>2023-06-11T23:17:53Z</time></trkpt>
      <trkpt lat="22.5391156" lon="113.9355020"><ele>13.8</ele><time>2023-06-11T23:17:54Z</time></trkpt>
      <trkpt lat="22.5390998" lon="113.9355020"><ele>13.8</ele><time>2023-06-11T23:17:55Z</time></trkpt>
      <trkpt lat="22.5390843" lon="113.9355028"><ele>13.8</ele><time>2023-06-11T23:17:56Z</time></trkpt>
      <trkpt lat="22.5390688" lon="113.9355041"><ele>13.9</ele><time>2023-06-11T23:17:57Z</time></trkpt>
      <trkpt lat="22.5390532" lon="113.9355052"><ele>13.9</ele><time>2023-06-11T23:17:58Z</time></trkpt>
      <trkpt lat="22.5390373" lon="113.9355057"><ele>13.9</ele><time>2023-06-11T23:17:59Z</time></trkpt>
      <trkpt lat="22.5390214" lon="113.9355061"><ele>13.9</ele><time>2023-06-11T23:18:00Z</time></trkpt>
      <trkpt lat="22.5390054" lon="113.9355066"><ele>13.9</ele><time>2023-06-11T23:18:01Z</time></trkpt>
      <trkpt lat="22.5389895" lon="113.9355069"><ele>14.0</ele><time>2023-06-11T23:18:02Z</time></trkpt>
      <trkpt lat="22.5389739" lon="113.9355081"><ele>14.0</ele><time>2023-06-11T23:18:03Z</time></trkpt>
      <trkpt lat="22.5389586" lon="113.9355103"><ele>14.0</ele><time>2023-06-11T23:18:04Z</time></trkpt>
      <trkpt lat="22.5389434" lon="113.9355123"><ele>14.1</ele><time>2023-06-11T23:18:05Z</time></trkpt>
      <trkpt lat="22.5389283" lon="113.9355140"><ele>14.1</ele><time>2023-06-11T23:18:06Z</time></trkpt>
      <trkpt lat="22.5389133" lon="113.9355154"><ele>14.1</ele><time>2023-06-11T23:18:07Z</time></trkpt>
      <trkpt lat="22.5388982" lon="113.9355164"><ele>14.2</ele><time>2023-06-11T23:18:08Z</time></trkpt>
      <trkpt lat="22.5388831" lon="113.9355170"><ele>14.2</ele><time>2023-06-11T23:18:09Z</time></trkpt>
      <trkpt lat="22.5388680" lon="113.9355172"><ele>14.2</ele><time>2023-06-11T23:18:10Z</time></trkpt>
      <trkpt lat="22.5388529" lon="113.9355171"><ele>14.3</ele><time>2023-06-11T23:18:11Z</time></trkpt>
      <trkpt lat="22.5388378" lon="113.9355168"><ele>14.3</ele><time>2023-06-11T23:18:12Z</time></trkpt>
      <trkpt lat="22.5388228" lon="113.9355169"><ele>14.3</ele><time>2023-06-11T23:18:13Z</time></trkpt>
      <trkpt lat="22.5388079" lon="113.9355176"><ele>14.4</ele><time>2023-06-11T23:18:14Z</time></trkpt>
      <trkpt lat="22.5387930" lon="113.9355187"><ele>14.4</ele><time>2023-06-11T23:18:15Z</time></trkpt>
      <trkpt lat="22.5387782" lon="113.9355200"><ele>14.5</ele><time>2023-06-11T23:18:16Z</time></trkpt>
      <trkpt lat="22.5387635" lon="113.9355214"><ele>14.5</ele><time>2023-06-11T23:18:17Z</time></trkpt>
      <trkpt lat="22.5387490" lon="113.9355227"><ele>14.6</ele><time>2023-06-11T23:18:18Z</time></trkpt>
      <trkpt lat="22.5387344" lon="113.9355241"><ele>14.6</ele><time>2023-06-11T23:18:19Z</time></trkpt>
      <trkpt lat="22.5387198" lon="113.9355255"><ele>14.7</ele><time>2023-06-11T23:18:20Z</time></trkpt>
      <trkpt lat="22.5387051" lon="113.9355269"><ele>14.7</ele><time>2023-06-11T23:18:21Z</time></trkpt>
      <trkpt lat="22.5386906" lon="113.9355286"><ele>14.8</ele><time>2023-06-11T23:18:22Z</time></trkpt>
      <trkpt lat="22.5386760" lon="113.9355305"><ele>14.8</ele><time>2023-06-11T23:18:23Z</time></trkpt>
      <trkpt lat="22.5386615" lon="113.9355328"><ele>14.9</ele><time>2023-06-11T23:18:24Z</time></trkpt>
      <trkpt lat="22.5386471" lon="113.9355360"><ele>14.9</ele><time>2023-06-11T23:18:25Z</time></trkpt>
      <trkpt lat="22.5386330" lon="113.9355405"><ele>15.0</ele><time>2023-06-11T23:18:26Z</time></trkpt>
      <trkpt lat="22.5386190" lon="113.9355461"><ele>15.0</ele><time>2023-06-11T23:18:27Z</time></trkpt>
      <trkpt lat="22.5386052" lon="113.9355521"><ele>15.1</ele><time>2023-06-11T23:18:28Z</time></trkpt>
      <trkpt lat="22.5385916" lon="113.9355586"><ele>15.1</ele><time>2023-06-11T23:18:29Z</time></trkpt>
      <trkpt lat="22.5385782" lon="113.9355659"><ele>15.2</ele><time>2023-06-11T23:18:30Z</time></trkpt>
      <trkpt lat="22.5385651" lon="113.9355742"><ele>15.2</ele><time>2023-06-11T23:18:31Z</time></trkpt>
      <trkpt lat="22.5385525" lon="113.9355844"><ele>15.2</ele><time>2023-06-11T23:18:32Z</time></trkpt>
      <trkpt lat="22.5385404" lon="113.9355962"><ele>15.3</ele><time>2023-06-11T23:18:33Z</time></trkpt>
      <trkpt lat="22.5385285" lon="113.9356080"><ele>15.3</ele><time>2023-06-11T23:18:34Z</time></trkpt>
      <trkpt lat="22.5385166" lon="113.9356198"><ele>15.4</ele><time>2023-06-11T23:18:35Z</time></trkpt>
      <trkpt lat="22.5385053" lon="113.9356319"><ele>15.4</ele><time>2023-06-11T23:18:36Z</time></trkpt>
      <trkpt lat="22.5384949" lon="113.9356443"><ele>15.4</ele><time>2023-06-11T23:18:37Z</time></trkpt>
      <trkpt lat="22.5384852" lon="113.9356574"><ele>15.4</ele><time>2023-06-11T23:18:38Z</time></trkpt>
      <trkpt lat="22.5384760" lon="113.9356707"><ele>15.5</ele><time>2023-06-11T23:18:39Z</time></trkpt>
      <trkpt lat="22.5384666" lon="113.9356837"><ele>15.5</ele><time>2023-06-11T23:18:40Z</time></trkpt>
      <trkpt lat="22.5384570" lon="113.9356964"><ele>15.5</ele><time>2023-06-11T23:18:41Z</time></trkpt>
      <trkpt lat="22.5384476" lon="113.9357095"><ele>15.5</ele><time>2023-06-11T23:18:42Z</time></trkpt>
      <trkpt lat="22.5384388" lon="113.9357230"><ele>15.5</ele><time>2023-06-11T23:18:43Z</time></trkpt>
      <trkpt lat="22.5384316" lon="113.9357377"><ele>15.5</ele><time>2023-06-11T23:18:44Z</time></trkpt>
      <trkpt lat="22.5384264" lon="113.9357537"><ele>15.5</ele><time>2023-06-11T23:18:45Z</time></trkpt>
      <trkpt lat="22.5384223" lon="113.9357701"><ele>15.5</ele><time>2023-06-11T23:18:46Z</time></trkpt>
      <trkpt lat="22.5384183" lon="113.9357865"><ele>15.5</ele><time>2023-06-11T23:18:47Z</time></trkpt>
      <trkpt lat="22.5384151" lon="113.9358030"><ele>15.4</ele><time>2023-06-11T23:18:48Z</time></trkpt>
      <trkpt lat="22.5384131" lon="113.9358199"><ele>15.4</ele><time>2023-06-11T23:18:49Z</time></trkpt>
      <trkpt lat="22.5384110" lon="113.9358368"><ele>15.4</ele><time>2023-06-11T23:18:50Z</time></trkpt>
      <trkpt lat="22.5384087" lon="113.9358536"><ele>15.3</ele><time>2023-06-11T23:18:51Z</time></trkpt>
      <trkpt lat="22.5384070" lon="113.9358704"><ele>15.3</ele><time>2023-06-11T23:18:52Z</time></trkpt>
      <trkpt lat="22.5384064" lon="113.9358874"><ele>15.2</ele><time>2023-06-11T23:18:53Z</time></trkpt>
      <trkpt lat="22.5384068" lon="113.9359044"><ele>15.1</ele><time>2023-06-11T23:18:54Z</time></trkpt>
      <trkpt lat="22.5384075" lon="113.9359215"><ele>15.1</ele><time>2023-06-11T23:18:55Z</time></trkpt>
      <trkpt lat="22.5384079" lon="113.9359386"><ele>15.0</ele><time>2023-06-11T23:18:56Z</time></trkpt>
      <trkpt lat="22.5384075" lon="113.9359558"><ele>14.9</ele><time>2023-06-11T23:18:57Z</time></trkpt>
      <trkpt lat="22.5384074" lon="113.9359730"><ele>14.8</ele><time>2023-06-11T23:18:58Z</time></trkpt>
      <trkpt lat="22.5384094" lon="113.9359900"><ele>14.7</ele><time>2023-06-11T23:18:59Z</time></trkpt>
      <trkpt lat="22.5384134" lon="113.9360068"><ele>14.7</ele><time>2023-06-11T23:19:00Z</time></trkpt>
      <trkpt lat="22.5384184" lon="113.9360235"><ele>14.6</ele><time>2023-06-11T23:19:01Z</time></trkpt>
      <trkpt lat="22.5384237" lon="113.9360401"><ele>14.5</ele><time>2023-06-11T23:19:02Z</time></trkpt>
      <trkpt lat="22.5384293" lon="113.9360565"><ele>14.4</ele><time>2023-06-11T23:19:03Z</time></trkpt>
      <trkpt lat="22.5384351" lon="113.9360727"><ele>14.3</ele><time>2023-06-11T23:19:04Z</time></trkpt>
      <trkpt lat="22.5384409" lon="113.9360889"><ele>14.2</ele><time>2023-06-11T23:19:05Z</time></trkpt>
      <trkpt lat="22.5384466" lon="113.9361051"><ele>14.1</ele><time>2023-06-11T23:19:06Z</time></trkpt>
      <trkpt lat="22.5384523" lon="113.9361212"><ele>14.0</ele><time>2023-06-11T23:19:07Z</time></trkpt>
      <trkpt lat="22.5384592" lon="113.9361368"><ele>13.9</ele><time>2023-06-11T23:19:08Z</time></trkpt>
      <trkpt lat="22.5384673" lon="113.9361518"><ele>13.9</ele><time>2023-06-11T23:19:09Z</time></trkpt>
      <trkpt lat="22.5384761" lon="113.9361663"><ele>13.8</ele><time>2023-06-11T23:19:10Z</time></trkpt>
      <trkpt lat="22.5384857" lon="113.9361802"><ele>13.7</ele><time>2023-06-11T23:19:11Z</time></trkpt>
      <trkpt lat="22.5384957" lon="113.9361939"><ele>13.6</ele><time>2023-06-11T23:19:12Z</time></trkpt>
      <trkpt lat="22.5385052" lon="113.9362078"><ele>13.6</ele><time>2023-06-11T23:19:13Z</time></trkpt>
      <trkpt lat="22.5385150" lon="113.9362214"><ele>13.5</ele><time>2023-06-11T23:19:14Z</time></trkpt>
      <trkpt lat="22.5385258" lon="113.9362342"><ele>13.5</ele><time>2023-06-11T23:19:15Z</time></trkpt>
      <trkpt lat="22.5385370" lon="113.9362465"><ele>13.5</ele><time>2023-06-11T23:19:16Z</time></trkpt>
      <trkpt lat="22.5385483" lon="113.9362585"><ele>13.4</ele><time>2023-06-11T23:19:17Z</time></trkpt>
      <trkpt lat="22.5385608" lon="113.9362693"><ele>13.4</ele><time>2023-06-11T23:19:18Z</time></trkpt>
      <trkpt lat="22.5385742" lon="113.9362791"><ele>13.4</ele><time>2023-06-11T23:19:19Z</time></trkpt>
      <trkpt lat="22.5385876" lon="113.9362886"><ele>13.4</ele><time>2023-06-11T23:19:20Z</time></trkpt>
      <trkpt lat="22.5386013" lon="113.9362976"><ele>13.4</ele><time>2023-06-11T23:19:21Z</time></trkpt>
      <trkpt lat="22.5386149" lon="113.9363065"><ele>13.4</ele><time>2023-06-11T23:19:22Z</time></trkpt>
      <trkpt lat="22.5386287" lon="113.9363151"><ele>13.4</ele><time>2023-06-11T23:19:23Z</time></trkpt>
      <trkpt lat="22.5386433" lon="113.9363221"><ele>13.4</ele><time>2023-06-11T23:19:24Z</time></trkpt>
      <trkpt lat="22.5386585" lon="113.9363278"><ele>13.4</ele><time>2023-06-11T23:19:25Z</time></trkpt>
      <trkpt lat="22.5386738" lon="113.9363328"><ele>13.5</ele><time>2023-06-11T23:19:26Z</time></trkpt>
      <trkpt lat="22.5386892" lon="113.9363372"><ele>13.5</ele><time>2023-06-11T23:19:27Z</time></trkpt>
      <trkpt lat="22.5387049" lon="113.9363405"><ele>13.6</ele><time>2023-06-11T23:19:28Z</time></trkpt>
      <trkpt lat="22.5387206" lon="113.9363436"><ele>13.6</ele><time>2023-06-11T23:19:29Z</time></trkpt>
      <trkpt lat="22.5387361" lon="113.9363474"><ele>13.7</ele><time>2023-06-11T23:19:30Z</time></trkpt>
      <trkpt lat="22.5387514" lon="113.9363512"><ele>13.7</ele><time>2023-06-11T23:19:31Z</time></trkpt>
      <trkpt lat="22.5387667" lon="113.9363543"><ele>13.8</ele><time>2023-06-11T23:19:32Z</time></trkpt>
      <trkpt lat="22.5387819" lon="113.9363576"><ele>13.8</ele><time>2023-06-11T23:19:33Z</time></trkpt>
      <trkpt lat="22.5387971" lon="113.9363607"><ele>13.9</ele><time>2023-06-11T23:19:34Z</time></trkpt>
      <trkpt lat="22.5388127" lon="113.9363623"><ele>14.0</ele><time>2023-06-11T23:19:35Z</time></trkpt>
      <trkpt lat="22.5388284" lon="113.9363619"><ele>14.1</ele><time>2023-06-11T23:19:36Z</time></trkpt>
      <trkpt lat="22.5388441" lon="113.9363597"><ele>14.2</ele><time>2023-06-11T23:19:37Z</time></trkpt>
      <trkpt lat="22.5388598" lon="113.9363566"><ele>14.2</ele><time>2023-06-11T23:19:38Z</time></trkpt>
      <trkpt lat="22.5388755" lon="113.9363541"><ele>14.3</ele><time>2023-06-11T23:19:39Z</time></trkpt>
      <trkpt lat="22.5388913" lon="113.9363527"><ele>14.4</ele><time>2023-06-11T23:19:40Z</time></trkpt>
      <trkpt lat="22.5389070" lon="113.9363520"><ele>14.5</ele><time>2023-06-11T23:19:41Z</time></trkpt>
      <trkpt lat="22.5389226" lon="113.9363517"><ele>14.6</ele><time>2023-06-11T23:19:42Z</time></trkpt>
      <trkpt lat="22.5389382" lon="113.9363516"><ele>14.7</ele><time>2023-06-11T23:19:43Z</time></trkpt>
      <trkpt lat="22.5389538" lon="113.9363515"><ele>14.8</ele><time>2023-06-11T23:19:44Z</time></trkpt>
      <trkpt lat="22.5389695" lon="113.9363512"><ele>14.9</ele><time>2023-06-11T23:19:45Z</time></trkpt>
      <trkpt lat="22.5389851" lon="113.9363511"><ele>15.0</ele><time>2023-06-11T23:19:46Z</time></trkpt>
      <trkpt lat="22.5390007" lon="113.9363505"><ele>15.1</ele><time>2023-06-11T23:19:47Z</time></trkpt>
      <trkpt lat="22.5390162" lon="113.9363483"><ele>15.2</ele><time>2023-06-11T23:19:48Z</time></trkpt>
      <trkpt lat="22.5390316" lon="113.9363453"><ele>15.2</ele><time>2023-06-11T23:19:49Z</time></trkpt>
      <trkpt lat="22.5390470" lon="113.9363428"><ele>15.3</ele><time>2023-06-11T23:19:50Z</time></trkpt>
      <trkpt lat="22.5390624" lon="113.9363409"><ele>15.4</ele><time>2023-06-11T23:19:51Z</time></trkpt>
      <trkpt lat="22.5390777" lon="113.9363402"><ele>15.5</ele><time>2023-06-11T23:19:52Z</time></trkpt>
      <trkpt lat="22.5390930" lon="113.9363402"><ele>15.6</ele><time>2023-06-11T23:19:53Z</time></trkpt>
      <trkpt lat="22.5391083" lon="113.9363392"><ele>15.7</ele><time>2023-06-11T23:19:54Z</time></trkpt>
      <trkpt lat="22.5391235" lon="113.9363372"><ele>15.8</ele><time>2023-06-11T23:19:55Z</time></trkpt>
      <trkpt lat="22.5391387" lon="113.9363353"><ele>15.9</ele><time>2023-06-11T23:19:56Z</time></trkpt>
      <trkpt lat="22.5391538" lon="113.9363333"><ele>16.0</ele><time>2023-06-11T23:19:57Z</time></trkpt>
      <trkpt lat="22.5391690" lon="113.9363318"><ele>16.0</ele><time>2023-06-11T23:19:58Z</time></trkpt>
      <trkpt lat="22.5391842" lon="113.9363309"><ele>16.1</ele><time>2023-06-11T23:19:59Z</time></trkpt>
      <trkpt lat="22.5391994" lon="113.9363288"><ele>16.2</ele><time>2023-06-11T23:20:00Z</time></trkpt>
      <trkpt lat="22.5392144" lon="113.9363257"><ele>16.3</ele><time>2023-06-11T23:20:01Z</time></trkpt>
      <trkpt lat="22.5392294" lon="113.9363228"><ele>16.4</ele><time>2023-06-11T23:20:02Z</time></trkpt>
      <trkpt lat="22.5392443" lon="113.9363208"><ele>16.4</ele><time>2023-06-11T23:20:03Z</time></trkpt>
      <trkpt lat="22.5392593" lon="113.9363190"><ele>16.5</ele><time>2023-06-11T23:20:04Z</time></trkpt>
      <trkpt lat="22.5392743" lon="113.9363177"><ele>16.6</ele><time>2023-06-11T23:20:05Z</time></trkpt>
      <trkpt lat="22.5392892" lon="113.9363171"><ele>16.6</ele><time>2023-06-11T23:20:06Z</time></trkpt>
      <trkpt lat="22.5393041" lon="113.9363159"><ele>16.7</ele><time>2023-06-11T23:20:07Z</time></trkpt>
      <trkpt lat="22.5393193" lon="113.9363147"><ele>16.7</ele><time>2023-06-11T23:20:08Z</time></trkpt>
      <trkpt lat="22.5393348" lon="113.9363147"><ele>16.8</ele><time>2023-06-11T23:20:09Z</time></trkpt>
      <trkpt lat="22.5393503" lon="113.9363146"><ele>16.8</ele><time>2023-06-11T23:20:10Z</time></trkpt>
      <trkpt lat="22.5393659" lon="113.9363134"><ele>16.8</ele><time>2023-06-11T23:20:11Z</time></trkpt>
      <trkpt lat="22.5393816" lon="113.9363117"><ele>16.9</ele><time>2023-06-11T23:20:12Z</time></trkpt>
      <trkpt lat="22.5393971" lon="113.9363099"><ele>16.9</ele><time>2023-06-11T23:20:13Z</time></trkpt>
      <trkpt lat="22.5394127" lon="113.9363086"><ele>16.9</ele><time>2023-06-11T23:20:14Z</time></trkpt>
      <trkpt lat="22.5394282" lon="113.9363080"><ele>17.0</ele><time>2023-06-11T23:20:15Z</time></trkpt>
      <trkpt lat="22.5394434" lon="113.9363078"><ele>17.0</ele><time>2023-06-11T23:20:16Z</time></trkpt>
      <trkpt lat="22.5394584" lon="113.9363078"><ele>17.0</ele><time>2023-06-11T23:20:17Z</time></trkpt>
      <trkpt lat="22.5394733" lon="113.9363079"><ele>17.0</ele><time>2023-06-11T23:20:18Z</time></trkpt>
      <trkpt lat="22.5394882" lon="113.9363080"><ele>17.0</ele><time>2023-06-11T23:20:19Z</time></trkpt>
      <trkpt lat="22.5395031" lon="113.9363081"><ele>17.0</ele><time>2023-06-11T23:20:20Z</time></trkpt>
      <trkpt lat="22.5395180" lon="113.9363073"><ele>17.0</ele><time>2023-06-11T23:20:21Z</time></trkpt>
      <trkpt lat="22.5395328" lon="113.9363054"><ele>17.0</ele><time>2023-06-11T23:20:22Z</time></trkpt>
      <trkpt lat="22.5395477" lon="113.9363031"><ele>16.9</ele><time>2023-06-11T23:20:23Z</time></trkpt>
      <trkpt lat="22.5395625" lon="113.9362998"><ele>16.9</ele><time>2023-06-11T23:20:24Z</time></trkpt>
      <trkpt lat="22.5395772" lon="113.9362958"><ele>16.9</ele><time>2023-06-11T23:20:25Z</time></trkpt>
      <trkpt lat="22.5395919" lon="113.9362923"><ele>16.9</ele><time>2023-06-11T23:20:26Z</time></trkpt>
      <trkpt lat="22.5396065" lon="113.9362890"><ele>16.8</ele><time>2023-06-11T23:20:27Z</time></trkpt>
      <trkpt lat="22.5396211" lon="113.9362853"><ele>16.8</ele><time>2023-06-11T23:20:28Z</time></trkpt>
      <trkpt lat="22.5396356" lon="113.9362811"><ele>16.7</ele><time>2023-06-11T23:20:29Z</time></trkpt>
      <trkpt lat="22.5396496" lon="113.9362756"><ele>16.7</ele><time>2023-06-11T23:20:30Z</time></trkpt>
      <trkpt lat="22.5396634" lon="113.9362692"><ele>16.7</ele><time>2023-06-11T23:20:31Z</time></trkpt>
      <trkpt lat="22.5396773" lon="113.9362633"><ele>16.6</ele><time>2023-06-11T23:20:32Z</time></trkpt>
      <trkpt lat="22.5396912" lon="113.9362573"><ele>16.6</ele><time>2023-06-11T23:20:33Z</time></trkpt>
      <trkpt lat="22.5397044" lon="113.9362495"><ele>16.5</ele><time>2023-06-11T23:20:34Z</time></trkpt>
      <trkpt lat="22.5397169" lon="113.9362406"><ele>16.5</ele><time>2023-06-11T23:20:35Z</time></trkpt>
      <trkpt lat="22.5397290" lon="113.9362310"><ele>16.4</ele><time>2023-06-11T23:20:36Z</time></trkpt>
      <trkpt lat="22.5397406" lon="113.9362206"><ele>16.3</ele><time>2023-06-11T23:20:37Z</time></trkpt>
      <trkpt lat="22.5397519" lon="113.9362097"><ele>16.3</ele><time>2023-06-11T23:20:38Z</time></trkpt>
      <trkpt lat="22.5397632" lon="113.9361989"><ele>16.2</ele><time>2023-06-11T23:20:39Z</time></trkpt>
      <trkpt lat="22.5397745" lon="113.9361882"><ele>16.2</ele><time>2023-06-11T23:20:40Z</time></trkpt>
      <trkpt lat="22.5397857" lon="113.9361773"><ele>16.1</ele><time>2023-06-11T23:20:41Z</time></trkpt>
      <trkpt lat="22.5397967" lon="113.9361663"><ele>16.1</ele><time>2023-06-11T23:20:42Z</time></trkpt>
      <trkpt lat="22.5398071" lon="113.9361548"><ele>16.0</ele><time>2023-06-11T23:20:43Z</time></trkpt>
      <trkpt lat="22.5398160" lon="113.9361417"><ele>15.9</ele><time>2023-06-11T23:20:44Z</time></trkpt>
      <trkpt lat="22.5398239" lon="113.9361277"><ele>15.9</ele><time>2023-06-11T23:20:45Z</time></trkpt>
      <trkpt lat="22.5398325" lon="113.9361143"><ele>15.8</ele><time>2023-06-11T23:20:46Z</time></trkpt>
      <trkpt lat="22.5398410" lon="113.9361010"><ele>15.8</ele><time>2023-06-11T23:20:47Z</time></trkpt>
      <trkpt lat="22.5398483" lon="113.9360868"><ele>15.7</ele><time>2023-06-11T23:20:48Z</time></trkpt>
      <trkpt lat="22.5398541" lon="113.9360719"><ele>15.7</ele><time>2023-06-11T23:20:49Z</time></trkpt>
      <trkpt lat="22.5398583" lon="113.9360562"><ele>15.6</ele><time>2023-06-11T23:20:50Z</time></trkpt>
      <trkpt lat="22.5398609" lon="113.9360398"><ele>15.6</ele><time>2023-06-11T23:20:51Z</time></trkpt>
      <trkpt lat="22.5398627" lon="113.9360231"><ele>15.5</ele><time>2023-06-11T23:20:52Z</time></trkpt>
      <trkpt lat="22.5398640" lon="113.9360062"><ele>15.5</ele><time>2023-06-11T23:20:53Z</time></trkpt>
      <trkpt lat="22.5398653" lon="113.9359895"><ele>15.4</ele><time>2023-06-11T23:20:54Z</time></trkpt>
      <trkpt lat="22.5398673" lon="113.9359729"><ele>15.4</ele><time>2023-06-11T23:20:55Z</time></trkpt>
      <trkpt lat="22.5398693" lon="113.9359566"><ele>15.3</ele><time>2023-06-11T23:20:56Z</time></trkpt>
      <trkpt lat="22.5398702" lon="113.9359403"><ele>15.3</ele><time>2023-06-11T23:20:57Z</time></trkpt>
      <trkpt lat="22.5398699" lon="113.9359240"><ele>15.3</ele><time>2023-06-11T23:20:58Z</time></trkpt>
      <trkpt lat="22.5398686" lon="113.9359073"><ele>15.2</ele><time>2023-06-11T23:20:59Z</time></trkpt>
      <trkpt lat="22.5398660" lon="113.9358904"><ele>15.2</ele><time>2023-06-11T23:21:00Z</time></trkpt>
      <trkpt lat="22.5398621" lon="113.9358736"><ele>15.2</ele><time>2023-06-11T23:21:01Z</time></trkpt>
      <trkpt lat="22.5398572" lon="113.9358568"><ele>15.1</ele><time>2023-06-11T23:21:02Z</time></trkpt>
      <trkpt lat="22.5398522" lon="113.9358396"><ele>15.1</ele><time>2023-06-11T23:21:03Z</time></trkpt>
      <trkpt lat="22.5398479" lon="113.9358221"><ele>15.1</ele><time>2023-06-11T23:21:04Z</time></trkpt>
      <trkpt lat="22.5398430" lon="113.9358049"><ele>15.1</ele><time>2023-06-11T23:21:05Z</time></trkpt>
      <trkpt lat="22.5398361" lon="113.9357885"><ele>15.0</ele><time>2023-06-11T23:21:06Z</time></trkpt>
      <trkpt lat="22.5398286" lon="113.9357727"><ele>15.0</ele><time>2023-06-11T23:21:07Z</time></trkpt>
      <trkpt lat="22.5398214" lon="113.9357572"><ele>15.0</ele><time>2023-06-11T23:21:08Z</time></trkpt>
      <trkpt lat="22.5398138" lon="113.9357422"><ele>15.0</ele><time>2023-06-11T23:21:09Z</time></trkpt>
      <trkpt lat="22.5398053" lon="113.9357276"><ele>15.0</ele><time>2023-06-11T23:21:10Z</time></trkpt>
      <trkpt lat="22.5397967" lon="113.9357131"><ele>15.0</ele><time>2023-06-11T23:21:11Z</time></trkpt>
      <trkpt lat="22.5397881" lon="113.9356986"><ele>15.0</ele><time>2023-06-11T23:21:12Z</time></trkpt>
      <trkpt lat="22.5397790" lon="113.9356845"><ele>15.0</ele><time>2023-06-11T23:21:13Z</time></trkpt>
      <trkpt lat="22.5397689" lon="113.9356710"><ele>15.0</ele><time>2023-06-11T23:21:14Z</time></trkpt>
      <trkpt lat="22.5397580" lon="113.9356585"><ele>15.0</ele><time>2023-06-11T23:21:15Z</time></trkpt>
      <trkpt lat="22.5397467" lon="113.9356462"><ele>15.0</ele><time>2023-06-11T23:21:16Z</time></trkpt>
      <trkpt lat="22.5397355" lon="113.9356337"><ele>15.0</ele><time>2023-06-11T23:21:17Z</time></trkpt>
      <trkpt lat="22.5397244" lon="113.9356212"><ele>15.0</ele><time>2023-06-11T23:21:18Z</time></trkpt>
      <trkpt lat="22.5397130" lon="113.9356090"><ele>15.0</ele><time>2023-06-11T23:21:19Z</time></trkpt>
      <trkpt lat="22.5397006" lon="113.9355979"><ele>15.0</ele><time>2023-06-11T23:21:20Z</time></trkpt>
      <trkpt lat="22.5396879" lon="113.9355872"><ele>15.0</ele><time>2023-06-11T23:21:21Z</time></trkpt>
      <trkpt lat="22.5396746" lon="113.9355772"><ele>15.0</ele><time>2023-06-11T23:21:22Z</time></trkpt>
      <trkpt lat="22.5396602" lon="113.9355687"><ele>15.0</ele><time>2023-06-11T23:21:23Z</time></trkpt>
      <trkpt lat="22.5396451" lon="113.9355612"><ele>15.0</ele><time>2023-06-11T23:21:24Z</time></trkpt>
      <trkpt lat="22.5396299" lon="113.9355545"><ele>15.0</ele><time>2023-06-11T23:21:25Z</time></trkpt>
      <trkpt lat="22.5396144" lon="113.9355485"><ele>15.0</ele><time>2023-06-11T23:21:26Z</time></trkpt>
      <trkpt lat="22.5395988" lon="113.9355428"><ele>15.1</ele><time>2023-06-11T23:21:27Z</time></trkpt>
      <trkpt lat="22.5395832" lon="113.9355373"><ele>15.1</ele><time>2023-06-11T23:21:28Z</time></trkpt>
      <trkpt lat="22.5395675" lon="113.9355326"><ele>15.1</ele><time>2023-06-11T23:21:29Z</time></trkpt>
      <trkpt lat="22.5395515" lon="113.9355291"><ele>15.1</ele><time>2023-06-11T23:21:30Z</time></trkpt>
      <trkpt lat="22.5395355" lon="113.9355271"><ele>15.1</ele><time>2023-06-11T23:21:31Z</time></trkpt>
      <trkpt lat="22.5395194" lon="113.9355267"><ele>15.1</ele><time>2023-06-11T23:21:32Z</time></trkpt>
      <trkpt lat="22.5395033" lon="113.9355270"><ele>15.1</ele><time>2023-06-11T23:21:33Z</time></trkpt>
      <trkpt lat="22.5394875" lon="113.9355275"><ele>15.1</ele><time>2023-06-11T23:21:34Z</time></trkpt>
      <trkpt lat="22.5394717" lon="113.9355284"><ele>15.1</ele><time>2023-06-11T23:21:35Z</time></trkpt>
      <trkpt lat="22.5394558" lon="113.9355292"><ele>15.1</ele><time>2023-06-11T23:21:36Z</time></trkpt>
      <trkpt lat="22.5394400" lon="113.9355295"><ele>15.1</ele><time>2023-06-11T23:21:37Z</time></trkpt>
      <trkpt lat="22.5394242" lon="113.9355294"><ele>15.1</ele><time>2023-06-11T23:21:38Z</time></trkpt>
      <trkpt lat="22.5394085" lon="113.9355288"><ele>15.0</ele><time>2023-06-11T23:21:39Z</time></trkpt>
      <trkpt lat="22.5393928" lon="113.9355283"><ele>15.0</ele><time>2023-06-11T23:21:40Z</time></trkpt>
      <trkpt lat="22.5393772" lon="113.9355286"><ele>15.0</ele><time>2023-06-11T23:21:41Z</time></trkpt>
      <trkpt lat="22.5393615" lon="113.9355290"><ele>15.0</ele><time>2023-06-11T23:21:42Z</time></trkpt>
      <trkpt lat="22.5393458" lon="113.9355284"><ele>14.9</ele><time>2023-06-11T23:21:43Z</time></trkpt>
      <trkpt lat="22.5393303" lon="113.9355277"><ele>14.9</ele><time>2023-06-11T23:21:44Z</time></trkpt>
      <trkpt lat="22.5393148" lon="113.9355279"><ele>14.9</ele><time>2023-06-11T23:21:45Z</time></trkpt>
      <trkpt lat="22.5392994" lon="113.9355286"><ele>14.8</ele><time>2023-06-11T23:21:46Z</time></trkpt>
      <trkpt lat="22.5392841" lon="113.9355294"><ele>14.8</ele><time>2023-06-11T23:21:46Z</time></trkpt>
      <trkpt lat="22.5392687" lon="113.9355306"><ele>14.8</ele><time>2023-06-11T23:21:47Z</time></trkpt>
      <trkpt lat="22.5392534" lon="113.9355317"><ele>14.7</ele><time>2023-06-11T23:21:48Z</time></trkpt>
      <trkpt lat="22.5392381" lon="113.9355323"><ele>14.7</ele><time>2023-06-11T23:21:49Z</time></trkpt>
      <trkpt lat="22.5392227" lon="113.9355329"><ele>14.7</ele><time>2023-06-11T23:21:50Z</time></trkpt>
      <trkpt lat="22.5392073" lon="113.9355340"><ele>14.6</ele><time>2023-06-11T23:21:51Z</time></trkpt>
      <trkpt lat="22.5391919" lon="113.9355349"><ele>14.6</ele><time>2023-06-11T23:21:52Z</time></trkpt>
      <trkpt lat="22.5391764" lon="113.9355352"><ele>14.6</ele><time>2023-06-11T23:21:53Z</time></trkpt>
      <trkpt lat="22.5391608" lon="113.9355350"><ele>14.5</ele><time>2023-06-11T23:21:54Z</time></trkpt>
      <trkpt lat="22.5391452" lon="113.9355340"><ele>14.5</ele><time>2023-06-11T23:21:55Z</time></trkpt>
      <trkpt lat="22.5391298" lon="113.9355326"><ele>14.5</ele><time>2023-06-11T23:21:56Z</time></trkpt>
      <trkpt lat="22.5391145" lon="113.9355312"><ele>14.4</ele><time>2023-06-11T23:21:57Z</time></trkpt>
      <trkpt lat="22.5390994" lon="113.9355307"><ele>14.4</ele><time>2023-06-11T23:21:58Z</time></trkpt>
      <trkpt lat="22.5390842" lon="113.9355316"><ele>14.4</ele><time>2023-06-11T23:21:59Z</time></trkpt>
      <trkpt lat="22.5390689" lon="113.9355333"><ele>14.4</ele><time>2023-06-11T23:22:00Z</time></trkpt>
      <trkpt lat="22.5390536" lon="113.9355342"><ele>14.4</ele><time>2023-06-11T23:22:01Z</time></trkpt>
      <trkpt lat="22.5390383" lon="113.9355334"><ele>14.4</ele><time>2023-06-11T23:22:02Z</time></trkpt>
      <trkpt lat="22.5390231" lon="113.9355322"><ele>14.4</ele><time>2023-06-11T23:22:03Z</time></trkpt>
      <trkpt lat="22.5390078" lon="113.9355320"><ele>14.4</ele><time>2023-06-11T23:22:04Z</time></trkpt>
      <trkpt lat="22.5389926" lon="113.9355325"><ele>14.4</ele><time>2023-06-11T23:22:05Z</time></trkpt>
      <trkpt lat="22.5389774" lon="113.9355334"><ele>14.4</ele><time>2023-06-11T23:22:06Z</time></trkpt>
      <trkpt lat="22.5389623" lon="113.9355337"><ele>14.4</ele><time>2023-06-11T23:22:07Z</time></trkpt>
      <trkpt lat="22.5389471" lon="113.9355331"><ele>14.4</ele><time>2023-06-11T23:22:08Z</time></trkpt>
      <trkpt lat="22.5389320" lon="113.9355321"><ele>14.4</ele><time>2023-06-11T23:22:09Z</time></trkpt>
      <trkpt lat="22.5389169" lon="113.9355314"><ele>14.4</ele><time>2023-06-11T23:22:10Z</time></trkpt>
      <trkpt lat="22.5389018" lon="113.9355309"><ele>14.5</ele><time>2023-06-11T23:22:11Z</time></trkpt>
      <trkpt lat="22.5388864" lon="113.9355304"><ele>14.5</ele><time>2023-06-11T23:22:12Z</time></trkpt>
      <trkpt lat="22.5388708" lon="113.9355302"><ele>14.6</ele><time>2023-06-11T23:22:13Z</time></trkpt>
      <trkpt lat="22.5388551" lon="113.9355300"><ele>14.6</ele><time>2023-06-11T23:22:14Z</time></trkpt>
      <trkpt lat="22.5388393" lon="113.9355293"><ele>14.6</ele><time>2023-06-11T23:22:15Z</time></trkpt>
      <trkpt lat="22.5388237" lon="113.9355286"><ele>14.7</ele><time>2023-06-11T23:22:16Z</time></trkpt>
      <trkpt lat="22.5388084" lon="113.9355280"><ele>14.7</ele><time>2023-06-11T23:22:17Z</time></trkpt>
      <trkpt lat="22.5387934" lon="113.9355279"><ele>14.8</ele><time>2023-06-11T23:22:18Z</time></trkpt>
      <trkpt lat="22.5387787" lon="113.9355277"><ele>14.9</ele><time>2023-06-11T23:22:19Z</time></trkpt>
      <trkpt lat="22.5387639" lon="113.9355277"><ele>14.9</ele><time>2023-06-11T23:22:20Z</time></trkpt>
      <trkpt lat="22.5387490" lon="113.9355280"><ele>15.0</ele><time>2023-06-11T23:22:21Z</time></trkpt>
      <trkpt lat="22.5387340" lon="113.9355288"><ele>15.1</ele><time>2023-06-11T23:22:22Z</time></trkpt>
      <trkpt lat="22.5387193" lon="113.9355314"><ele>15.1</ele><time>2023-06-11T23:22:23Z</time></trkpt>
      <trkpt lat="22.5387048" lon="113.9355360"><ele>15.2</ele><time>2023-06-11T23:22:24Z</time></trkpt>
      <trkpt lat="22.5386905" lon="113.9355417"><ele>15.3</ele><time>2023-06-11T23:22:25Z</time></trkpt>
      <trkpt lat="22.5386763" lon="113.9355483"><ele>15.4</ele><time>2023-06-11T23:22:26Z</time></trkpt>
      <trkpt lat="22.5386624" lon="113.9355561"><ele>15.4</ele><time>2023-06-11T23:22:27Z</time></trkpt>
      <trkpt lat="22.5386491" lon="113.9355648"><ele>15.5</ele><time>2023-06-11T23:22:28Z</time></trkpt>
      <trkpt lat="22.5386357" lon="113.9355737"><ele>15.6</ele><time>2023-06-11T23:22:29Z</time></trkpt>
      <trkpt lat="22.5386226" lon="113.9355830"><ele>15.6</ele><time>2023-06-11T23:22:30Z</time></trkpt>
      <trkpt lat="22.5386097" lon="113.9355928"><ele>15.7</ele><time>2023-06-11T23:22:31Z</time></trkpt>
      <trkpt lat="22.5385970" lon="113.9356031"><ele>15.7</ele><time>2023-06-11T23:22:32Z</time></trkpt>
      <trkpt lat="22.5385845" lon="113.9356136"><ele>15.8</ele><time>2023-06-11T23:22:33Z</time></trkpt>
      <trkpt lat="22.5385722" lon="113.9356244"><ele>15.8</ele><time>2023-06-11T23:22:34Z</time></trkpt>
      <trkpt lat="22.5385601" lon="113.9356354"><ele>15.8</ele><time>2023-06-11T23:22:35Z</time></trkpt>
      <trkpt lat="22.5385486" lon="113.9356470"><ele>15.9</ele><time>2023-06-11T23:22:36Z</time></trkpt>
      <trkpt lat="22.5385374" lon="113.9356591"><ele>15.9</ele><time>2023-06-11T23:22:37Z</time></trkpt>
      <trkpt lat="22.5385260" lon="113.9356708"><ele>15.9</ele><time>2023-06-11T23:22:38Z</time></trkpt>
      <trkpt lat="22.5385145" lon="113.9356823"><ele>15.9</ele><time>2023-06-11T23:22:39Z</time></trkpt>
      <trkpt lat="22.5385036" lon="113.9356944"><ele>15.9</ele><time>2023-06-11T23:22:40Z</time></trkpt>
      <trkpt lat="22.5384935" lon="113.9357072"><ele>15.9</ele><time>2023-06-11T23:22:41Z</time></trkpt>
      <trkpt lat="22.5384841" lon="113.9357206"><ele>15.9</ele><time>2023-06-11T23:22:42Z</time></trkpt>
      <trkpt lat="22.5384753" lon="113.9357345"><ele>15.9</ele><time>2023-06-11T23:22:43Z</time></trkpt>
      <trkpt lat="22.5384670" lon="113.9357485"><ele>15.8</ele><time>2023-06-11T23:22:44Z</time></trkpt>
      <trkpt lat="22.5384595" lon="113.9357630"><ele>15.8</ele><time>2023-06-11T23:22:45Z</time></trkpt>
      <trkpt lat="22.5384536" lon="113.9357786"><ele>15.7</ele><time>2023-06-11T23:22:46Z</time></trkpt>
      <trkpt lat="22.5384495" lon="113.9357949"><ele>15.7</ele><time>2023-06-11T23:22:47Z</time></trkpt>
      <trkpt lat="22.5384462" lon="113.9358115"><ele>15.6</ele><time>2023-06-11T23:22:48Z</time></trkpt>
      <trkpt lat="22.5384433" lon="113.9358282"><ele>15.5</ele><time>2023-06-11T23:22:49Z</time></trkpt>
      <trkpt lat="22.5384409" lon="113.9358449"><ele>15.4</ele><time>2023-06-11T23:22:50Z</time></trkpt>
      <trkpt lat="22.5384393" lon="113.9358604"><ele>15.4</ele><time>2023-06-11T23:22:51Z</time></trkpt>
      <trkpt lat="22.5384383" lon="113.9358749"><ele>15.3</ele><time>2023-06-11T23:22:52Z</time></trkpt>
      <trkpt lat="22.5384379" lon="113.9358899"><ele>15.2</ele><time>2023-06-11T23:22:53Z</time></trkpt>
      <trkpt lat="22.5384384" lon="113.9359065"><ele>15.1</ele><time>2023-06-11T23:22:54Z</time></trkpt>
      <trkpt lat="22.5384393" lon="113.9359236"><ele>15.0</ele><time>2023-06-11T23:22:55Z</time></trkpt>
      <trkpt lat="22.5384409" lon="113.9359412"><ele>14.9</ele><time>2023-06-11T23:22:56Z</time></trkpt>
      <trkpt lat="22.5384431" lon="113.9359592"><ele>14.8</ele><time>2023-06-11T23:22:57Z</time></trkpt>
      <trkpt lat="22.5384457" lon="113.9359771"><ele>14.6</ele><time>2023-06-11T23:22:58Z</time></trkpt>
      <trkpt lat="22.5384492" lon="113.9359948"><ele>14.5</ele><time>2023-06-11T23:22:59Z</time></trkpt>
      <trkpt lat="22.5384535" lon="113.9360123"><ele>14.4</ele><time>2023-06-11T23:23:00Z</time></trkpt>
      <trkpt lat="22.5384590" lon="113.9360290"><ele>14.3</ele><time>2023-06-11T23:23:01Z</time></trkpt>
      <trkpt lat="22.5384653" lon="113.9360448"><ele>14.2</ele><time>2023-06-11T23:23:02Z</time></trkpt>
      <trkpt lat="22.5384720" lon="113.9360603"><ele>14.1</ele><time>2023-06-11T23:23:03Z</time></trkpt>
      <trkpt lat="22.5384789" lon="113.9360758"><ele>14.0</ele><time>2023-06-11T23:23:04Z</time></trkpt>
      <trkpt lat="22.5384856" lon="113.9360912"><ele>13.8</ele><time>2023-06-11T23:23:05Z</time></trkpt>
      <trkpt lat="22.5384927" lon="113.9361064"><ele>13.7</ele><time>2023-06-11T23:23:06Z</time></trkpt>
      <trkpt lat="22.5385002" lon="113.9361212"><ele>13.6</ele><time>2023-06-11T23:23:07Z</time></trkpt>
      <trkpt lat="22.5385078" lon="113.9361359"><ele>13.6</ele><time>2023-06-11T23:23:08Z</time></trkpt>
      <trkpt lat="22.5385161" lon="113.9361501"><ele>13.5</ele><time>2023-06-11T23:23:09Z</time></trkpt>
      <trkpt lat="22.5385260" lon="113.9361630"><ele>13.4</ele><time>2023-06-11T23:23:10Z</time></trkpt>
      <trkpt lat="22.5385366" lon="113.9361754"><ele>13.3</ele><time>2023-06-11T23:23:11Z</time></trkpt>
      <trkpt lat="22.5385463" lon="113.9361885"><ele>13.3</ele><time>2023-06-11T23:23:12Z</time></trkpt>
      <trkpt lat="22.5385563" lon="113.9362013"><ele>13.2</ele><time>2023-06-11T23:23:13Z</time></trkpt>
      <trkpt lat="22.5385677" lon="113.9362128"><ele>13.2</ele><time>2023-06-11T23:23:14Z</time></trkpt>
      <trkpt lat="22.5385794" lon="113.9362237"><ele>13.1</ele><time>2023-06-11T23:23:15Z</time></trkpt>
      <trkpt lat="22.5385912" lon="113.9362346"><ele>13.1</ele><time>2023-06-11T23:23:16Z</time></trkpt>
      <trkpt lat="22.5386031" lon="113.9362454"><ele>13.1</ele><time>2023-06-11T23:23:17Z</time></trkpt>
      <trkpt lat="22.5386156" lon="113.9362555"><ele>13.1</ele><time>2023-06-11T23:23:18Z</time></trkpt>
      <trkpt lat="22.5386283" lon="113.9362648"><ele>13.1</ele><time>2023-06-11T23:23:19Z</time></trkpt>
      <trkpt lat="22.5386414" lon="113.9362735"><ele>13.1</ele><time>2023-06-11T23:23:20Z</time></trkpt>
      <trkpt lat="22.5386548" lon="113.9362822"><ele>13.1</ele><time>2023-06-11T23:23:21Z</time></trkpt>
      <trkpt lat="22.5386683" lon="113.9362903"><ele>13.2</ele><time>2023-06-11T23:23:22Z</time></trkpt>
      <trkpt lat="22.5386827" lon="113.9362967"><ele>13.2</ele><time>2023-06-11T23:23:23Z</time></trkpt>
      <trkpt lat="22.5386978" lon="113.9363015"><ele>13.3</ele><time>2023-06-11T23:23:24Z</time></trkpt>
      <trkpt lat="22.5387132" lon="113.9363052"><ele>13.3</ele><time>2023-06-11T23:23:25Z</time></trkpt>
      <trkpt lat="22.5387288" lon="113.9363078"><ele>13.4</ele><time>2023-06-11T23:23:26Z</time></trkpt>
      <trkpt lat="22.5387444" lon="113.9363099"><ele>13.5</ele><time>2023-06-11T23:23:27Z</time></trkpt>
      <trkpt lat="22.5387601" lon="113.9363117"><ele>13.5</ele><time>2023-06-11T23:23:28Z</time></trkpt>
      <trkpt lat="22.5387760" lon="113.9363125"><ele>13.6</ele><time>2023-06-11T23:23:29Z</time></trkpt>
      <trkpt lat="22.5387918" lon="113.9363131"><ele>13.7</ele><time>2023-06-11T23:23:30Z</time></trkpt>
      <trkpt lat="22.5388077" lon="113.9363134"><ele>13.8</ele><time>2023-06-11T23:23:31Z</time></trkpt>
      <trkpt lat="22.5388237" lon="113.9363131"><ele>13.9</ele><time>2023-06-11T23:23:32Z</time></trkpt>
      <trkpt lat="22.5388398" lon="113.9363129"><ele>14.0</ele><time>2023-06-11T23:23:33Z</time></trkpt>
      <trkpt lat="22.5388558" lon="113.9363128"><ele>14.1</ele><time>2023-06-11T23:23:34Z</time></trkpt>
      <trkpt lat="22.5388718" lon="113.9363126"><ele>14.3</ele><time>2023-06-11T23:23:35Z</time></trkpt>
      <trkpt lat="22.5388877" lon="113.9363122"><ele>14.4</ele><time>2023-06-11T23:23:36Z</time></trkpt>
      <trkpt lat="22.5389036" lon="113.9363114"><ele>14.5</ele><time>2023-06-11T23:23:37Z</time></trkpt>
      <trkpt lat="22.5389198" lon="113.9363105"><ele>14.6</ele><time>2023-06-11T23:23:38Z</time></trkpt>
      <trkpt lat="22.5389360" lon="113.9363101"><ele>14.7</ele><time>2023-06-11T23:23:39Z</time></trkpt>
      <trkpt lat="22.5389520" lon="113.9363105"><ele>14.9</ele><time>2023-06-11T23:23:40Z</time></trkpt>
      <trkpt lat="22.5389678" lon="113.9363115"><ele>15.0</ele><time>2023-06-11T23:23:41Z</time></trkpt>
      <trkpt lat="22.5389835" lon="113.9363119"><ele>15.1</ele><time>2023-06-11T23:23:42Z</time></trkpt>
      <trkpt lat="22.5389993" lon="113.9363114"><ele>15.2</ele><time>2023-06-11T23:23:43Z</time></trkpt>
      <trkpt lat="22.5390151" lon="113.9363099"><ele>15.3</ele><time>2023-06-11T23:23:44Z</time></trkpt>
      <trkpt lat="22.5390309" lon="113.9363083"><ele>15.4</ele><time>2023-06-11T23:23:45Z</time></trkpt>
      <trkpt lat="22.5390467" lon="113.9363074"><ele>15.6</ele><time>2023-06-11T23:23:46Z</time></trkpt>
      <trkpt lat="22.5390624" lon="113.9363074"><ele>15.7</ele><time>2023-06-11T23:23:47Z</time></trkpt>
      <trkpt lat="22.5390781" lon="113.9363076"><ele>15.8</ele><time>2023-06-11T23:23:48Z</time></trkpt>
      <trkpt lat="22.5390939" lon="113.9363080"><ele>15.9</ele><time>2023-06-11T23:23:49Z</time></trkpt>
      <trkpt lat="22.5391097" lon="113.9363091"><ele>16.0</ele><time>2023-06-11T23:23:51Z</time></trkpt>
      <trkpt lat="22.5391254" lon="113.9363103"><ele>16.1</ele><time>2023-06-11T23:23:52Z</time></trkpt>
      <trkpt lat="22.5391412" lon="113.9363104"><ele>16.2</ele><time>2023-06-11T23:23:53Z</time></trkpt>
      <trkpt lat="22.5391570" lon="113.9363101"><ele>16.3</ele><time>2023-06-11T23:23:54Z</time></trkpt>
      <trkpt lat="22.5391728" lon="113.9363105"><ele>16.4</ele><time>2023-06-11T23:23:55Z</time></trkpt>
      <trkpt lat="22.5391887" lon="113.9363106"><ele>16.5</ele><time>2023-06-11T23:23:56Z</time></trkpt>
      <trkpt lat="22.5392043" lon="113.9363098"><ele>16.6</ele><time>2023-06-11T23:23:57Z</time></trkpt>
      <trkpt lat="22.5392201" lon="113.9363092"><ele>16.6</ele><time>2023-06-11T23:23:58Z</time></trkpt>
      <trkpt lat="22.5392359" lon="113.9363087"><ele>16.7</ele><time>2023-06-11T23:23:59Z</time></trkpt>
      <trkpt lat="22.5392516" lon="113.9363087"><ele>16.8</ele><time>2023-06-11T23:24:00Z</time></trkpt>
      <trkpt lat="22.5392672" lon="113.9363079"><ele>16.9</ele><time>2023-06-11T23:24:01Z</time></trkpt>
      <trkpt lat="22.5392828" lon="113.9363059"><ele>16.9</ele><time>2023-06-11T23:24:02Z</time></trkpt>
      <trkpt lat="22.5392983" lon="113.9363037"><ele>17.0</ele><time>2023-06-11T23:24:03Z</time></trkpt>
      <trkpt lat="22.5393137" lon="113.9363011"><ele>17.1</ele><time>2023-06-11T23:24:04Z</time></trkpt>
      <trkpt lat="22.5393290" lon="113.9362988"><ele>17.1</ele><time>2023-06-11T23:24:05Z</time></trkpt>
      <trkpt lat="22.5393443" lon="113.9362973"><ele>17.2</ele><time>2023-06-11T23:24:06Z</time></trkpt>
      <trkpt lat="22.5393597" lon="113.9362962"><ele>17.2</ele><time>2023-06-11T23:24:07Z</time></trkpt>
      <trkpt lat="22.5393752" lon="113.9362953"><ele>17.3</ele><time>2023-06-11T23:24:08Z</time></trkpt>
      <trkpt lat="22.5393906" lon="113.9362947"><ele>17.3</ele><time>2023-06-11T23:24:09Z</time></trkpt>
      <trkpt lat="22.5394061" lon="113.9362944"><ele>17.4</ele><time>2023-06-11T23:24:10Z</time></trkpt>
      <trkpt lat="22.5394214" lon="113.9362938"><ele>17.4</ele><time>2023-06-11T23:24:11Z</time></trkpt>
      <trkpt lat="22.5394369" lon="113.9362930"><ele>17.4</ele><time>2023-06-11T23:24:12Z</time></trkpt>
      <trkpt lat="22.5394523" lon="113.9362918"><ele>17.4</ele><time>2023-06-11T23:24:13Z</time></trkpt>
      <trkpt lat="22.5394676" lon="113.9362901"><ele>17.5</ele><time>2023-06-11T23:24:14Z</time></trkpt>
      <trkpt lat="22.5394830" lon="113.9362894"><ele>17.5</ele><time>2023-06-11T23:24:15Z</time></trkpt>
      <trkpt lat="22.5394985" lon="113.9362900"><ele>17.5</ele><time>2023-06-11T23:24:16Z</time></trkpt>
      <trkpt lat="22.5395139" lon="113.9362909"><ele>17.5</ele><time>2023-06-11T23:24:17Z</time></trkpt>
      <trkpt lat="22.5395293" lon="113.9362912"><ele>17.5</ele><time>2023-06-11T23:24:18Z</time></trkpt>
      <trkpt lat="22.5395445" lon="113.9362903"><ele>17.5</ele><time>2023-06-11T23:24:19Z</time></trkpt>
      <trkpt lat="22.5395596" lon="113.9362883"><ele>17.5</ele><time>2023-06-11T23:24:20Z</time></trkpt>
      <trkpt lat="22.5395746" lon="113.9362854"><ele>17.4</ele><time>2023-06-11T23:24:21Z</time></trkpt>
      <trkpt lat="22.5395893" lon="113.9362813"><ele>17.4</ele><time>2023-06-11T23:24:22Z</time></trkpt>
      <trkpt lat="22.5396039" lon="113.9362766"><ele>17.4</ele><time>2023-06-11T23:24:23Z</time></trkpt>
      <trkpt lat="22.5396183" lon="113.9362717"><ele>17.4</ele><time>2023-06-11T23:24:24Z</time></trkpt>
      <trkpt lat="22.5396325" lon="113.9362661"><ele>17.3</ele><time>2023-06-11T23:24:25Z</time></trkpt>
      <trkpt lat="22.5396465" lon="113.9362598"><ele>17.3</ele><time>2023-06-11T23:24:26Z</time></trkpt>
      <trkpt lat="22.5396602" lon="113.9362533"><ele>17.3</ele><time>2023-06-11T23:24:27Z</time></trkpt>
      <trkpt lat="22.5396739" lon="113.9362469"><ele>17.2</ele><time>2023-06-11T23:24:28Z</time></trkpt>
      <trkpt lat="22.5396873" lon="113.9362399"><ele>17.2</ele><time>2023-06-11T23:24:29Z</time></trkpt>
      <trkpt lat="22.5397001" lon="113.9362319"><ele>17.1</ele><time>2023-06-11T23:24:30Z</time></trkpt>
      <trkpt lat="22.5397121" lon="113.9362229"><ele>17.1</ele><time>2023-06-11T23:24:31Z</time></trkpt>
      <trkpt lat="22.5397237" lon="113.9362132"><ele>17.0</ele><time>2023-06-11T23:24:32Z</time></trkpt>
      <trkpt lat="22.5397356" lon="113.9362039"><ele>16.9</ele><time>2023-06-11T23:24:33Z</time></trkpt>
      <trkpt lat="22.5397478" lon="113.9361948"><ele>16.9</ele><time>2023-06-11T23:24:34Z</time></trkpt>
      <trkpt lat="22.5397595" lon="113.9361851"><ele>16.8</ele><time>2023-06-11T23:24:35Z</time></trkpt>
      <trkpt lat="22.5397706" lon="113.9361745"><ele>16.7</ele><time>2023-06-11T23:24:36Z</time></trkpt>
      <trkpt lat="22.5397812" lon="113.9361634"><ele>16.7</ele><time>2023-06-11T23:24:37Z</time></trkpt>
      <trkpt lat="22.5397916" lon="113.9361521"><ele>16.6</ele><time>2023-06-11T23:24:38Z</time></trkpt>
      <trkpt lat="22.5398019" lon="113.9361405"><ele>16.5</ele><time>2023-06-11T23:24:39Z</time></trkpt>
      <trkpt lat="22.5398115" lon="113.9361281"><ele>16.4</ele><time>2023-06-11T23:24:40Z</time></trkpt>
      <trkpt lat="22.5398198" lon="113.9361147"><ele>16.4</ele><time>2023-06-11T23:24:41Z</time></trkpt>
      <trkpt lat="22.5398272" lon="113.9361006"><ele>16.3</ele><time>2023-06-11T23:24:42Z</time></trkpt>
      <trkpt lat="22.5398339" lon="113.9360861"><ele>16.2</ele><time>2023-06-11T23:24:43Z</time></trkpt>
      <trkpt lat="22.5398397" lon="113.9360709"><ele>16.2</ele><time>2023-06-11T23:24:44Z</time></trkpt>
      <trkpt lat="22.5398445" lon="113.9360550"><ele>16.1</ele><time>2023-06-11T23:24:45Z</time></trkpt>
      <trkpt lat="22.5398483" lon="113.9360388"><ele>16.0</ele><time>2023-06-11T23:24:46Z</time></trkpt>
      <trkpt lat="22.5398516" lon="113.9360225"><ele>15.9</ele><time>2023-06-11T23:24:47Z</time></trkpt>
      <trkpt lat="22.5398555" lon="113.9360064"><ele>15.9</ele><time>2023-06-11T23:24:48Z</time></trkpt>
      <trkpt lat="22.5398602" lon="113.9359906"><ele>15.8</ele><time>2023-06-11T23:24:49Z</time></trkpt>
      <trkpt lat="22.5398642" lon="113.9359745"><ele>15.7</ele><time>2023-06-11T23:24:50Z</time></trkpt>
      <trkpt lat="22.5398667" lon="113.9359579"><ele>15.6</ele><time>2023-06-11T23:24:51Z</time></trkpt>
      <trkpt lat="22.5398677" lon="113.9359410"><ele>15.6</ele><time>2023-06-11T23:24:52Z</time></trkpt>
      <trkpt lat="22.5398676" lon="113.9359240"><ele>15.5</ele><time>2023-06-11T23:24:53Z</time></trkpt>
      <trkpt lat="22.5398669" lon="113.9359069"><ele>15.4</ele><time>2023-06-11T23:24:54Z</time></trkpt>
      <trkpt lat="22.5398663" lon="113.9358898"><ele>15.4</ele><time>2023-06-11T23:24:55Z</time></trkpt>
      <trkpt lat="22.5398642" lon="113.9358729"><ele>15.3</ele><time>2023-06-11T23:24:56Z</time></trkpt>
      <trkpt lat="22.5398593" lon="113.9358561"><ele>15.3</ele><time>2023-06-11T23:24:57Z</time></trkpt>
      <trkpt lat="22.5398533" lon="113.9358395"><ele>15.2</ele><time>2023-06-11T23:24:58Z</time></trkpt>
      <trkpt lat="22.5398474" lon="113.9358229"><ele>15.2</ele><time>2023-06-11T23:24:59Z</time></trkpt>
      <trkpt lat="22.5398416" lon="113.9358063"><ele>15.1</ele><time>2023-06-11T23:25:00Z</time></trkpt>
      <trkpt lat="22.5398362" lon="113.9357897"><ele>15.1</ele><time>2023-06-11T23:25:01Z</time></trkpt>
      <trkpt lat="22.5398304" lon="113.9357732"><ele>15.0</ele><time>2023-06-11T23:25:02Z</time></trkpt>
      <trkpt lat="22.5398228" lon="113.9357574"><ele>15.0</ele><time>2023-06-11T23:25:03Z</time></trkpt>
      <trkpt lat="22.5398142" lon="113.9357420"><ele>15.0</ele><time>2023-06-11T23:25:04Z</time></trkpt>
      <trkpt lat="22.5398066" lon="113.9357263"><ele>15.0</ele><time>2023-06-11T23:25:05Z</time></trkpt>
      <trkpt lat="22.5397995" lon="113.9357105"><ele>15.0</ele><time>2023-06-11T23:25:06Z</time></trkpt>
      <trkpt lat="22.5397917" lon="113.9356952"><ele>14.9</ele><time>2023-06-11T23:25:07Z</time></trkpt>
      <trkpt lat="22.5397827" lon="113.9356805"><ele>14.9</ele><time>2023-06-11T23:25:08Z</time></trkpt>
      <trkpt lat="22.5397728" lon="113.9356664"><ele>14.9</ele><time>2023-06-11T23:25:09Z</time></trkpt>
      <trkpt lat="22.5397617" lon="113.9356533"><ele>14.9</ele><time>2023-06-11T23:25:10Z</time></trkpt>
      <trkpt lat="22.5397502" lon="113.9356406"><ele>14.9</ele><time>2023-06-11T23:25:11Z</time></trkpt>
      <trkpt lat="22.5397386" lon="113.9356280"><ele>14.9</ele><time>2023-06-11T23:25:12Z</time></trkpt>
      <trkpt lat="22.5397264" lon="113.9356160"><ele>15.0</ele><time>2023-06-11T23:25:13Z</time></trkpt>
      <trkpt lat="22.5397138" lon="113.9356049"><ele>15.0</ele><time>2023-06-11T23:25:14Z</time></trkpt>
      <trkpt lat="22.5397008" lon="113.9355945"><ele>15.0</ele><time>2023-06-11T23:25:15Z</time></trkpt>
      <trkpt lat="22.5396871" lon="113.9355852"><ele>15.0</ele><time>2023-06-11T23:25:16Z</time></trkpt>
      <trkpt lat="22.5396729" lon="113.9355763"><ele>15.1</ele><time>2023-06-11T23:25:17Z</time></trkpt>
      <trkpt lat="22.5396586" lon="113.9355676"><ele>15.1</ele><time>2023-06-11T23:25:18Z</time></trkpt>
      <trkpt lat="22.5396441" lon="113.9355597"><ele>15.1</ele><time>2023-06-11T23:25:19Z</time></trkpt>
      <trkpt lat="22.5396288" lon="113.9355536"><ele>15.1</ele><time>2023-06-11T23:25:20Z</time></trkpt>
      <trkpt lat="22.5396132" lon="113.9355482"><ele>15.2</ele><time>2023-06-11T23:25:21Z</time></trkpt>
      <trkpt lat="22.5395977" lon="113.9355429"><ele>15.2</ele><time>2023-06-11T23:25:22Z</time></trkpt>
      <trkpt lat="22.5395819" lon="113.9355383"><ele>15.2</ele><time>2023-06-11T23:25:23Z</time></trkpt>
      <trkpt lat="22.5395659" lon="113.9355348"><ele>15.3</ele><time>2023-06-11T23:25:24Z</time></trkpt>
      <trkpt lat="22.5395498" lon="113.9355319"><ele>15.3</ele><time>2023-06-11T23:25:25Z</time></trkpt>
      <trkpt lat="22.5395334" lon="113.9355302"><ele>15.3</ele><time>2023-06-11T23:25:26Z</time></trkpt>
      <trkpt lat="22.5395169" lon="113.9355293"><ele>15.4</ele><time>2023-06-11T23:25:27Z</time></trkpt>
      <trkpt lat="22.5395005" lon="113.9355281"><ele>15.4</ele><time>2023-06-11T23:25:28Z</time></trkpt>
      <trkpt lat="22.5394844" lon="113.9355273"><ele>15.4</ele><time>2023-06-11T23:25:29Z</time></trkpt>
      <trkpt lat="22.5394681" lon="113.9355274"><ele>15.4</ele><time>2023-06-11T23:25:30Z</time></trkpt>
      <trkpt lat="22.5394518" lon="113.9355279"><ele>15.5</ele><time>2023-06-11T23:25:31Z</time></trkpt>
      <trkpt lat="22.5394353" lon="113.9355283"><ele>15.5</ele><time>2023-06-11T23:25:32Z</time></trkpt>
      <trkpt lat="22.5394189" lon="113.9355285"><ele>15.5</ele><time>2023-06-11T23:25:33Z</time></trkpt>
      <trkpt lat="22.5394026" lon="113.9355287"><ele>15.5</ele><time>2023-06-11T23:25:34Z</time></trkpt>
      <trkpt lat="22.5393864" lon="113.9355291"><ele>15.5</ele><time>2023-06-11T23:25:35Z</time></trkpt>
      <trkpt lat="22.5393702" lon="113.9355305"><ele>15.5</ele><time>2023-06-11T23:25:36Z</time></trkpt>
      <trkpt lat="22.5393541" lon="113.9355320"><ele>15.5</ele><time>2023-06-11T23:25:37Z</time></trkpt>
      <trkpt lat="22.5393378" lon="113.9355327"><ele>15.5</ele><time>2023-06-11T23:25:38Z</time></trkpt>
      <trkpt lat="22.5393213" lon="113.9355334"><ele>15.6</ele><time>2023-06-11T23:25:39Z</time></trkpt>
      <trkpt lat="22.5393048" lon="113.9355346"><ele>15.6</ele><time>2023-06-11T23:25:40Z</time></trkpt>
      <trkpt lat="22.5392886" lon="113.9355356"><ele>15.6</ele><time>2023-06-11T23:25:41Z</time></trkpt>
      <trkpt lat="22.5392724" lon="113.9355362"><ele>15.6</ele><time>2023-06-11T23:25:42Z</time></trkpt>
      <trkpt lat="22.5392563" lon="113.9355363"><ele>15.6</ele><time>2023-06-11T23:25:43Z</time></trkpt>
      <trkpt lat="22.5392402" lon="113.9355362"><ele>15.5</ele><time>2023-06-11T23:25:44Z</time></trkpt>
      <trkpt lat="22.5392240" lon="113.9355369"><ele>15.5</ele><time>2023-06-11T23:25:45Z</time></trkpt>
      <trkpt lat="22.5392079" lon="113.9355389"><ele>15.5</ele><time>2023-06-11T23:25:46Z</time></trkpt>
      <trkpt lat="22.5391919" lon="113.9355416"><ele>15.5</ele><time>2023-06-11T23:25:47Z</time></trkpt>
      <trkpt lat="22.5391760" lon="113.9355448"><ele>15.5</ele><time>2023-06-11T23:25:48Z</time></trkpt>
      <trkpt lat="22.5391602" lon="113.9355481"><ele>15.5</ele><time>2023-06-11T23:25:49Z</time></trkpt>
      <trkpt lat="22.5391443" lon="113.9355498"><ele>15.5</ele><time>2023-06-11T23:25:50Z</time></trkpt>
      <trkpt lat="22.5391283" lon="113.9355503"><ele>15.5</ele><time>2023-06-11T23:25:51Z</time></trkpt>
      <trkpt lat="22.5391124" lon="113.9355505"><ele>15.5</ele><time>2023-06-11T23:25:52Z</time></trkpt>
      <trkpt lat="22.5390966" lon="113.9355500"><ele>15.5</ele><time>2023-06-11T23:25:53Z</time></trkpt>
      <trkpt lat="22.5390808" lon="113.9355495"><ele>15.4</ele><time>2023-06-11T23:25:54Z</time></trkpt>
      <trkpt lat="22.5390650" lon="113.9355499"><ele>15.4</ele><time>2023-06-11T23:25:55Z</time></trkpt>
      <trkpt lat="22.5390493" lon="113.9355504"><ele>15.4</ele><time>2023-06-11T23:25:56Z</time></trkpt>
      <trkpt lat="22.5390336" lon="113.9355502"><ele>15.4</ele><time>2023-06-11T23:25:57Z</time></trkpt>
      <trkpt lat="22.5390180" lon="113.9355504"><ele>15.4</ele><time>2023-06-11T23:25:58Z</time></trkpt>
      <trkpt lat="22.5390025" lon="113.9355513"><ele>15.4</ele><time>2023-06-11T23:25:59Z</time></trkpt>
      <trkpt lat="22.5389871" lon="113.9355518"><ele>15.4</ele><time>2023-06-11T23:26:00Z</time></trkpt>
      <trkpt lat="22.5389717" lon="113.9355515"><ele>15.4</ele><time>2023-06-11T23:26:01Z</time></trkpt>
      <trkpt lat="22.5389564" lon="113.9355511"><ele>15.4</ele><time>2023-06-11T23:26:02Z</time></trkpt>
      <trkpt lat="22.5389410" lon="113.9355506"><ele>15.4</ele><time>2023-06-11T23:26:03Z</time></trkpt>
      <trkpt lat="22.5389257" lon="113.9355495"><ele>15.4</ele><time>2023-06-11T23:26:04Z</time></trkpt>
      <trkpt lat="22.5389105" lon="113.9355486"><ele>15.5</ele><time>2023-06-11T23:26:05Z</time></trkpt>
      <trkpt lat="22.5388952" lon="113.9355485"><ele>15.5</ele><time>2023-06-11T23:26:06Z</time></trkpt>
      <trkpt lat="22.5388801" lon="113.9355485"><ele>15.5</ele><time>2023-06-11T23:26:07Z</time></trkpt>
      <trkpt lat="22.5388650" lon="113.9355481"><ele>15.5</ele><time>2023-06-11T23:26:08Z</time></trkpt>
      <trkpt lat="22.5388499" lon="113.9355479"><ele>15.6</ele><time>2023-06-11T23:26:09Z</time></trkpt>
      <trkpt lat="22.5388349" lon="113.9355473"><ele>15.6</ele><time>2023-06-11T23:26:10Z</time></trkpt>
      <trkpt lat="22.5388197" lon="113.9355465"><ele>15.6</ele><time>2023-06-11T23:26:11Z</time></trkpt>
      <trkpt lat="22.5388045" lon="113.9355458"><ele>15.7</ele><time>2023-06-11T23:26:12Z</time></trkpt>
      <trkpt lat="22.5387894" lon="113.9355446"><ele>15.7</ele><time>2023-06-11T23:26:13Z</time></trkpt>
      <trkpt lat="22.5387743" lon="113.9355436"><ele>15.8</ele><time>2023-06-11T23:26:14Z</time></trkpt>
      <trkpt lat="22.5387592" lon="113.9355441"><ele>15.8</ele><time>2023-06-11T23:26:15Z</time></trkpt>
      <trkpt lat="22.5387440" lon="113.9355458"><ele>15.9</ele><time>2023-06-11T23:26:16Z</time></trkpt>
      <trkpt lat="22.5387288" lon="113.9355471"><ele>15.9</ele><time>2023-06-11T23:26:17Z</time></trkpt>
      <trkpt lat="22.5387136" lon="113.9355485"><ele>16.0</ele><time>2023-06-11T23:26:18Z</time></trkpt>
      <trkpt lat="22.5386983" lon="113.9355499"><ele>16.0</ele><time>2023-06-11T23:26:19Z</time></trkpt>
      <trkpt lat="22.5386831" lon="113.9355514"><ele>16.1</ele><time>2023-06-11T23:26:20Z</time></trkpt>
      <trkpt lat="22.5386680" lon="113.9355546"><ele>16.1</ele><time>2023-06-11T23:26:21Z</time></trkpt>
      <trkpt lat="22.5386533" lon="113.9355598"><ele>16.2</ele><time>2023-06-11T23:26:22Z</time></trkpt>
      <trkpt lat="22.5386389" lon="113.9355663"><ele>16.2</ele><time>2023-06-11T23:26:23Z</time></trkpt>
      <trkpt lat="22.5386249" lon="113.9355738"><ele>16.3</ele><time>2023-06-11T23:26:24Z</time></trkpt>
      <trkpt lat="22.5386111" lon="113.9355820"><ele>16.3</ele><time>2023-06-11T23:26:25Z</time></trkpt>
      <trkpt lat="22.5385980" lon="113.9355907"><ele>16.4</ele><time>2023-06-11T23:26:26Z</time></trkpt>
      <trkpt lat="22.5385859" lon="113.9356006"><ele>16.4</ele><time>2023-06-11T23:26:27Z</time></trkpt>
      <trkpt lat="22.5385742" lon="113.9356112"><ele>16.5</ele><time>2023-06-11T23:26:28Z</time></trkpt>
      <trkpt lat="22.5385621" lon="113.9356210"><ele>16.5</ele><time>2023-06-11T23:26:29Z</time></trkpt>
      <trkpt lat="22.5385502" lon="113.9356309"><ele>16.5</ele><time>2023-06-11T23:26:30Z</time></trkpt>
      <trkpt lat="22.5385387" lon="113.9356415"><ele>16.6</ele><time>2023-06-11T23:26:31Z</time></trkpt>
      <trkpt lat="22.5385275" lon="113.9356523"><ele>16.6</ele><time>2023-06-11T23:26:32Z</time></trkpt>
      <trkpt lat="22.5385163" lon="113.9356630"><ele>16.6</ele><time>2023-06-11T23:26:33Z</time></trkpt>
      <trkpt lat="22.5385058" lon="113.9356744"><ele>16.6</ele><time>2023-06-11T23:26:34Z</time></trkpt>
      <trkpt lat="22.5384962" lon="113.9356870"><ele>16.6</ele><time>2023-06-11T23:26:35Z</time></trkpt>
      <trkpt lat="22.5384868" lon="113.9357000"><ele>16.6</ele><time>2023-06-11T23:26:36Z</time></trkpt>
      <trkpt lat="22.5384781" lon="113.9357134"><ele>16.6</ele><time>2023-06-11T23:26:37Z</time></trkpt>
      <trkpt lat="22.5384703" lon="113.9357276"><ele>16.6</ele><time>2023-06-11T23:26:38Z</time></trkpt>
      <trkpt lat="22.5384631" lon="113.9357421"><ele>16.6</ele><time>2023-06-11T23:26:39Z</time></trkpt>
      <trkpt lat="22.5384566" lon="113.9357572"><ele>16.6</ele><time>2023-06-11T23:26:40Z</time></trkpt>
      <trkpt lat="22.5384509" lon="113.9357727"><ele>16.6</ele><time>2023-06-11T23:26:41Z</time></trkpt>
      <trkpt lat="22.5384456" lon="113.9357884"><ele>16.6</ele><time>2023-06-11T23:26:42Z</time></trkpt>
      <trkpt lat="22.5384406" lon="113.9358041"><ele>16.6</ele><time>2023-06-11T23:26:43Z</time></trkpt>
      <trkpt lat="22.5384366" lon="113.9358203"><ele>16.6</ele><time>2023-06-11T23:26:44Z</time></trkpt>
      <trkpt lat="22.5384334" lon="113.9358367"><ele>16.5</ele><time>2023-06-11T23:26:45Z</time></trkpt>
      <trkpt lat="22.5384301" lon="113.9358531"><ele>16.5</ele><time>2023-06-11T23:26:46Z</time></trkpt>
      <trkpt lat="22.5384279" lon="113.9358698"><ele>16.5</ele><time>2023-06-11T23:26:47Z</time></trkpt>
      <trkpt lat="22.5384272" lon="113.9358869"><ele>16.5</ele><time>2023-06-11T23:26:48Z</time></trkpt>
      <trkpt lat="22.5384274" lon="113.9359041"><ele>16.4</ele><time>2023-06-11T23:26:49Z</time></trkpt>
      <trkpt lat="22.5384284" lon="113.9359213"><ele>16.4</ele><time>2023-06-11T23:26:50Z</time></trkpt>
      <trkpt lat="22.5384299" lon="113.9359384"><ele>16.4</ele><time>2023-06-11T23:26:51Z</time></trkpt>
      <trkpt lat="22.5384317" lon="113.9359555"><ele>16.3</ele><time>2023-06-11T23:26:52Z</time></trkpt>
      <trkpt lat="22.5384342" lon="113.9359725"><ele>16.3</ele><time>2023-06-11T23:26:53Z</time></trkpt>
      <trkpt lat="22.5384373" lon="113.9359893"><ele>16.3</ele><time>2023-06-11T23:26:54Z</time></trkpt>
      <trkpt lat="22.5384407" lon="113.9360060"><ele>16.2</ele><time>2023-06-11T23:26:55Z</time></trkpt>
      <trkpt lat="22.5384450" lon="113.9360225"><ele>16.2</ele><time>2023-06-11T23:26:56Z</time></trkpt>
      <trkpt lat="22.5384504" lon="113.9360389"><ele>16.2</ele><time>2023-06-11T23:26:57Z</time></trkpt>
      <trkpt lat="22.5384557" lon="113.9360552"><ele>16.1</ele><time>2023-06-11T23:26:58Z</time></trkpt>
      <trkpt lat="22.5384607" lon="113.9360715"><ele>16.1</ele><time>2023-06-11T23:26:59Z</time></trkpt>
      <trkpt lat="22.5384659" lon="113.9360876"><ele>16.1</ele><time>2023-06-11T23:27:00Z</time></trkpt>
      <trkpt lat="22.5384714" lon="113.9361036"><ele>16.1</ele><time>2023-06-11T23:27:01Z</time></trkpt>
      <trkpt lat="22.5384787" lon="113.9361187"><ele>16.1</ele><time>2023-06-11T23:27:02Z</time></trkpt>
      <trkpt lat="22.5384887" lon="113.9361323"><ele>16.0</ele><time>2023-06-11T23:27:03Z</time></trkpt>
      <trkpt lat="22.5384994" lon="113.9361454"><ele>16.0</ele><time>2023-06-11T23:27:04Z</time></trkpt>
      <trkpt lat="22.5385101" lon="113.9361584"><ele>16.0</ele><time>2023-06-11T23:27:05Z</time></trkpt>
      <trkpt lat="22.5385213" lon="113.9361708"><ele>16.0</ele><time>2023-06-11T23:27:06Z</time></trkpt>
      <trkpt lat="22.5385324" lon="113.9361833"><ele>16.0</ele><time>2023-06-11T23:27:07Z</time></trkpt>
      <trkpt lat="22.5385432" lon="113.9361960"><ele>16.0</ele><time>2023-06-11T23:27:08Z</time></trkpt>
      <trkpt lat="22.5385548" lon="113.9362076"><ele>16.0</ele><time>2023-06-11T23:27:09Z</time></trkpt>
      <trkpt lat="22.5385672" lon="113.9362185"><ele>16.0</ele><time>2023-06-11T23:27:10Z</time></trkpt>
      <trkpt lat="22.5385798" lon="113.9362292"><ele>16.0</ele><time>2023-06-11T23:27:11Z</time></trkpt>
      <trkpt lat="22.5385931" lon="113.9362391"><ele>16.0</ele><time>2023-06-11T23:27:12Z</time></trkpt>
    </trkseg>
  </trk>
  <extensions>
    <distance>3106.60</distance>
    <moving_time>1732.15</moving_time>
    <elapsed_time>1732.15</elapsed_time>
    <average_speed>1.79</average_speed>
    <start_time>2023-06-11T23:00:21Z</start_time>
    <end_time>2023-06-11T23:29:13Z</end_time>
    <average_hr>120.62</average_hr>
  </extensions>
</gpx>
