<?xml version="1.0" encoding="UTF-8"?>
<gpx version="1.1" creator="RunSync" xmlns="http://www.topografix.com/GPX/1/1">
  <metadata><time>2023-06-29T22:30:49Z</time></metadata>
  <trk>
    <name>跑步</name>
    <type>running</type>
    <trkseg>
      <trkpt lat="22.5327260" lon="113.9320796"><ele>10.6</ele><time>2023-06-29T22:32:32Z</time></trkpt>
      <trkpt lat="22.5327447" lon="113.9320852"><ele>10.5</ele><time>2023-06-29T22:32:33Z</time></trkpt>
      <trkpt lat="22.5327610" lon="113.9320904"><ele>10.5</ele><time>2023-06-29T22:32:34Z</time></trkpt>
      <trkpt lat="22.5327794" lon="113.9320968"><ele>10.5</ele><time>2023-06-29T22:32:35Z</time></trkpt>
      <trkpt lat="22.5328018" lon="113.9321056"><ele>10.5</ele><time>2023-06-29T22:32:36Z</time></trkpt>
      <trkpt lat="22.5328283" lon="113.9321171"><ele>10.4</ele><time>2023-06-29T22:32:37Z</time></trkpt>
      <trkpt lat="22.5328563" lon="113.9321304"><ele>10.4</ele><time>2023-06-29T22:32:38Z</time></trkpt>
      <trkpt lat="22.5328804" lon="113.9321430"><ele>10.4</ele><time>2023-06-29T22:32:39Z</time></trkpt>
      <trkpt lat="22.5329034" lon="113.9321564"><ele>10.4</ele><time>2023-06-29T22:32:40Z</time></trkpt>
      <trkpt lat="22.5329259" lon="113.9321707"><ele>10.4</ele><time>2023-06-29T22:32:41Z</time></trkpt>
      <trkpt lat="22.5329460" lon="113.9321848"><ele>10.4</ele><time>2023-06-29T22:32:42Z</time></trkpt>
      <trkpt lat="22.5329642" lon="113.9321987"><ele>10.4</ele><time>2023-06-29T22:32:43Z</time></trkpt>
      <trkpt lat="22.5329842" lon="113.9322151"><ele>10.4</ele><time>2023-06-29T22:32:44Z</time></trkpt>
      <trkpt lat="22.5330048" lon="113.9322325"><ele>10.4</ele><time>2023-06-29T22:32:45Z</time></trkpt>
      <trkpt lat="22.5330243" lon="113.9322492"><ele>10.4</ele><time>2023-06-29T22:32:46Z</time></trkpt>
      <trkpt lat="22.5330438" lon="113.9322660"><ele>10.4</ele><time>2023-06-29T22:32:47Z</time></trkpt>
      <trkpt lat="22.5330621" lon="113.9322816"><ele>10.5</ele><time>2023-06-29T22:32:48Z</time></trkpt>
      <trkpt lat="22.5330848" lon="113.9323009"><ele>10.5</ele><time>2023-06-29T22:32:49Z</time></trkpt>
      <trkpt lat="22.5331116" lon="113.9323236"><ele>10.5</ele><time>2023-06-29T22:32:50Z</time></trkpt>
      <trkpt lat="22.5331383" lon="113.9323463"><ele>10.5</ele><time>2023-06-29T22:32:51Z</time></trkpt>
      <trkpt lat="22.5331625" lon="113.9323671"><ele>10.5</ele><time>2023-06-29T22:32:52Z</time></trkpt>
      <trkpt lat="22.5331847" lon="113.9323867"><ele>10.5</ele><time>2023-06-29T22:32:53Z</time></trkpt>
      <trkpt lat="22.5332055" lon="113.9324056"><ele>10.5</ele><time>2023-06-29T22:32:54Z</time></trkpt>
      <trkpt lat="22.5332271" lon="113.9324264"><ele>10.4</ele><time>2023-06-29T22:32:55Z</time></trkpt>
      <trkpt lat="22.5332527" lon="113.9324521"><ele>10.4</ele><time>2023-06-29T22:32:56Z</time></trkpt>
      <trkpt lat="22.5332783" lon="113.9324786"><ele>10.4</ele><time>2023-06-29T22:32:57Z</time></trkpt>
      <trkpt lat="22.5332995" lon="113.9325015"><ele>10.4</ele><time>2023-06-29T22:32:58Z</time></trkpt>
      <trkpt lat="22.5333194" lon="113.9325238"><ele>10.4</ele><time>2023-06-29T22:32:59Z</time></trkpt>
      <trkpt lat="22.5333420" lon="113.9325496"><ele>10.4</ele><time>2023-06-29T22:33:00Z</time></trkpt>
      <trkpt lat="22.5333619" lon="113.9325726"><ele>10.4</ele><time>2023-06-29T22:33:01Z</time></trkpt>
      <trkpt lat="22.5333800" lon="113.9325936"><ele>10.4</ele><time>2023-06-29T22:33:02Z</time></trkpt>
      <trkpt lat="22.5333985" lon="113.9326145"><ele>10.4</ele><time>2023-06-29T22:33:03Z</time></trkpt>
      <trkpt lat="22.5334294" lon="113.9326442"><ele>10.4</ele><time>2023-06-29T22:33:05Z</time></trkpt>
      <trkpt lat="22.5334540" lon="113.9326644"><ele>10.4</ele><time>2023-06-29T22:33:06Z</time></trkpt>
      <trkpt lat="22.5334757" lon="113.9326787"><ele>10.4</ele><time>2023-06-29T22:33:07Z</time></trkpt>
      <trkpt lat="22.5334965" lon="113.9326902"><ele>10.4</ele><time>2023-06-29T22:33:08Z</time></trkpt>
      <trkpt lat="22.5335161" lon="113.9327019"><ele>10.4</ele><time>2023-06-29T22:33:09Z</time></trkpt>
      <trkpt lat="22.5335350" lon="113.9327134"><ele>10.4</ele><time>2023-06-29T22:33:10Z</time></trkpt>
      <trkpt lat="22.5335534" lon="113.9327242"><ele>10.4</ele><time>2023-06-29T22:33:11Z</time></trkpt>
      <trkpt lat="22.5335711" lon="113.9327355"><ele>10.4</ele><time>2023-06-29T22:33:12Z</time></trkpt>
      <trkpt lat="22.5335887" lon="113.9327468"><ele>10.4</ele><time>2023-06-29T22:33:13Z</time></trkpt>
      <trkpt lat="22.5336062" lon="113.9327574"><ele>10.5</ele><time>2023-06-29T22:33:14Z</time></trkpt>
      <trkpt lat="22.5336238" lon="113.9327677"><ele>10.5</ele><time>2023-06-29T22:33:15Z</time></trkpt>
      <trkpt lat="22.5336408" lon="113.9327781"><ele>10.5</ele><time>2023-06-29T22:33:16Z</time></trkpt>
      <trkpt lat="22.5336576" lon="113.9327879"><ele>10.6</ele><time>2023-06-29T22:33:17Z</time></trkpt>
      <trkpt lat="22.5336750" lon="113.9327965"><ele>10.6</ele><time>2023-06-29T22:33:18Z</time></trkpt>
      <trkpt lat="22.5336923" lon="113.9328058"><ele>10.7</ele><time>2023-06-29T22:33:19Z</time></trkpt>
      <trkpt lat="22.5337091" lon="113.9328157"><ele>10.8</ele><time>2023-06-29T22:33:20Z</time></trkpt>
      <trkpt lat="22.5337257" lon="113.9328252"><ele>10.8</ele><time>2023-06-29T22:33:21Z</time></trkpt>
      <trkpt lat="22.5337431" lon="113.9328341"><ele>10.9</ele><time>2023-06-29T22:33:22Z</time></trkpt>
      <trkpt lat="22.5337609" lon="113.9328424"><ele>11.0</ele><time>2023-06-29T22:33:23Z</time></trkpt>
      <trkpt lat="22.5337779" lon="113.9328520"><ele>11.0</ele><time>2023-06-29T22:33:24Z</time></trkpt>
      <trkpt lat="22.5337943" lon="113.9328637"><ele>11.1</ele><time>2023-06-29T22:33:25Z</time></trkpt>
      <trkpt lat="22.5338101" lon="113.9328760"><ele>11.2</ele><time>2023-06-29T22:33:26Z</time></trkpt>
      <trkpt lat="22.5338259" lon="113.9328882"><ele>11.2</ele><time>2023-06-29T22:33:27Z</time></trkpt>
      <trkpt lat="22.5338417" lon="113.9329003"><ele>11.3</ele><time>2023-06-29T22:33:28Z</time></trkpt>
      <trkpt lat="22.5338571" lon="113.9329123"><ele>11.4</ele><time>2023-06-29T22:33:29Z</time></trkpt>
      <trkpt lat="22.5338727" lon="113.9329242"><ele>11.4</ele><time>2023-06-29T22:33:30Z</time></trkpt>
      <trkpt lat="22.5338888" lon="113.9329362"><ele>11.5</ele><time>2023-06-29T22:33:31Z</time></trkpt>
      <trkpt lat="22.5339046" lon="113.9329491"><ele>11.6</ele><time>2023-06-29T22:33:32Z</time></trkpt>
      <trkpt lat="22.5339204" lon="113.9329623"><ele>11.6</ele><time>2023-06-29T22:33:33Z</time></trkpt>
      <trkpt lat="22.5339358" lon="113.9329755"><ele>11.7</ele><time>2023-06-29T22:33:34Z</time></trkpt>
      <trkpt lat="22.5339512" lon="113.9329877"><ele>11.8</ele><time>2023-06-29T22:33:35Z</time></trkpt>
      <trkpt lat="22.5339673" lon="113.9329986"><ele>11.9</ele><time>2023-06-29T22:33:36Z</time></trkpt>
      <trkpt lat="22.5339836" lon="113.9330096"><ele>11.9</ele><time>2023-06-29T22:33:37Z</time></trkpt>
      <trkpt lat="22.5339998" lon="113.9330211"><ele>12.0</ele><time>2023-06-29T22:33:38Z</time></trkpt>
      <trkpt lat="22.5340166" lon="113.9330316"><ele>12.1</ele><time>2023-06-29T22:33:39Z</time></trkpt>
      <trkpt lat="22.5340337" lon="113.9330412"><ele>12.2</ele><time>2023-06-29T22:33:40Z</time></trkpt>
      <trkpt lat="22.5340505" lon="113.9330508"><ele>12.2</ele><time>2023-06-29T22:33:41Z</time></trkpt>
      <trkpt lat="22.5340668" lon="113.9330610"><ele>12.3</ele><time>2023-06-29T22:33:42Z</time></trkpt>
      <trkpt lat="22.5340829" lon="113.9330714"><ele>12.4</ele><time>2023-06-29T22:33:43Z</time></trkpt>
      <trkpt lat="22.5340986" lon="113.9330815"><ele>12.5</ele><time>2023-06-29T22:33:44Z</time></trkpt>
      <trkpt lat="22.5341141" lon="113.9330917"><ele>12.6</ele><time>2023-06-29T22:33:45Z</time></trkpt>
      <trkpt lat="22.5341297" lon="113.9331018"><ele>12.6</ele><time>2023-06-29T22:33:46Z</time></trkpt>
      <trkpt lat="22.5341452" lon="113.9331117"><ele>12.7</ele><time>2023-06-29T22:33:47Z</time></trkpt>
      <trkpt lat="22.5341605" lon="113.9331219"><ele>12.8</ele><time>2023-06-29T22:33:48Z</time></trkpt>
      <trkpt lat="22.5341754" lon="113.9331325"><ele>12.9</ele><time>2023-06-29T22:33:49Z</time></trkpt>
      <trkpt lat="22.5341903" lon="113.9331428"><ele>13.0</ele><time>2023-06-29T22:33:50Z</time></trkpt>
      <trkpt lat="22.5342060" lon="113.9331522"><ele>13.0</ele><time>2023-06-29T22:33:51Z</time></trkpt>
      <trkpt lat="22.5342221" lon="113.9331613"><ele>13.1</ele><time>2023-06-29T22:33:52Z</time></trkpt>
      <trkpt lat="22.5342383" lon="113.9331701"><ele>13.2</ele><time>2023-06-29T22:33:53Z</time></trkpt>
      <trkpt lat="22.5342545" lon="113.9331791"><ele>13.3</ele><time>2023-06-29T22:33:54Z</time></trkpt>
      <trkpt lat="22.5342709" lon="113.9331889"><ele>13.3</ele><time>2023-06-29T22:33:55Z</time></trkpt>
      <trkpt lat="22.5342869" lon="113.9331996"><ele>13.4</ele><time>2023-06-29T22:33:56Z</time></trkpt>
      <trkpt lat="22.5343021" lon="113.9332114"><ele>13.4</ele><time>2023-06-29T22:33:57Z</time></trkpt>
      <trkpt lat="22.5343168" lon="113.9332234"><ele>13.5</ele><time>2023-06-29T22:33:58Z</time></trkpt>
      <trkpt lat="22.5343321" lon="113.9332341"><ele>13.6</ele><time>2023-06-29T22:33:59Z</time></trkpt>
      <trkpt lat="22.5343483" lon="113.9332434"><ele>13.6</ele><time>2023-06-29T22:34:00Z</time></trkpt>
      <trkpt lat="22.5343641" lon="113.9332533"><ele>13.7</ele><time>2023-06-29T22:34:01Z</time></trkpt>
      <trkpt lat="22.5343791" lon="113.9332640"><ele>13.7</ele><time>2023-06-29T22:34:02Z</time></trkpt>
      <trkpt lat="22.5343940" lon="113.9332750"><ele>13.8</ele><time>2023-06-29T22:34:03Z</time></trkpt>
      <trkpt lat="22.5344087" lon="113.9332866"><ele>13.9</ele><time>2023-06-29T22:34:04Z</time></trkpt>
      <trkpt lat="22.5344233" lon="113.9332983"><ele>13.9</ele><time>2023-06-29T22:34:05Z</time></trkpt>
      <trkpt lat="22.5344371" lon="113.9333110"><ele>14.0</ele><time>2023-06-29T22:34:06Z</time></trkpt>
      <trkpt lat="22.5344499" lon="113.9333249"><ele>14.0</ele><time>2023-06-29T22:34:07Z</time></trkpt>
      <trkpt lat="22.5344622" lon="113.9333390"><ele>14.1</ele><time>2023-06-29T22:34:08Z</time></trkpt>
      <trkpt lat="22.5344743" lon="113.9333532"><ele>14.1</ele><time>2023-06-29T22:34:09Z</time></trkpt>
      <trkpt lat="22.5344869" lon="113.9333671"><ele>14.2</ele><time>2023-06-29T22:34:10Z</time></trkpt>
      <trkpt lat="22.5345004" lon="113.9333803"><ele>14.2</ele><time>2023-06-29T22:34:11Z</time></trkpt>
      <trkpt lat="22.5345146" lon="113.9333929"><ele>14.2</ele><time>2023-06-29T22:34:12Z</time></trkpt>
      <trkpt lat="22.5345295" lon="113.9334047"><ele>14.3</ele><time>2023-06-29T22:34:13Z</time></trkpt>
      <trkpt lat="22.5345444" lon="113.9334158"><ele>14.3</ele><time>2023-06-29T22:34:14Z</time></trkpt>
      <trkpt lat="22.5345591" lon="113.9334271"><ele>14.3</ele><time>2023-06-29T22:34:15Z</time></trkpt>
      <trkpt lat="22.5345741" lon="113.9334379"><ele>14.4</ele><time>2023-06-29T22:34:16Z</time></trkpt>
      <trkpt lat="22.5345889" lon="113.9334489"><ele>14.4</ele><time>2023-06-29T22:34:17Z</time></trkpt>
      <trkpt lat="22.5346038" lon="113.9334598"><ele>14.4</ele><time>2023-06-29T22:34:18Z</time></trkpt>
      <trkpt lat="22.5346189" lon="113.9334706"><ele>14.4</ele><time>2023-06-29T22:34:19Z</time></trkpt>
      <trkpt lat="22.5346331" lon="113.9334823"><ele>14.4</ele><time>2023-06-29T22:34:20Z</time></trkpt>
      <trkpt lat="22.5346462" lon="113.9334949"><ele>14.4</ele><time>2023-06-29T22:34:21Z</time></trkpt>
      <trkpt lat="22.5346594" lon="113.9335076"><ele>14.4</ele><time>2023-06-29T22:34:22Z</time></trkpt>
      <trkpt lat="22.5346730" lon="113.9335200"><ele>14.4</ele><time>2023-06-29T22:34:23Z</time></trkpt>
      <trkpt lat="22.5346866" lon="113.9335325"><ele>14.4</ele><time>2023-06-29T22:34:24Z</time></trkpt>
      <trkpt lat="22.5347003" lon="113.9335452"><ele>14.4</ele><time>2023-06-29T22:34:25Z</time></trkpt>
      <trkpt lat="22.5347133" lon="113.9335583"><ele>14.4</ele><time>2023-06-29T22:34:26Z</time></trkpt>
      <trkpt lat="22.5347253" lon="113.9335723"><ele>14.3</ele><time>2023-06-29T22:34:27Z</time></trkpt>
      <trkpt lat="22.5347372" lon="113.9335863"><ele>14.3</ele><time>2023-06-29T22:34:28Z</time></trkpt>
      <trkpt lat="22.5347494" lon="113.9336001"><ele>14.3</ele><time>2023-06-29T22:34:29Z</time></trkpt>
      <trkpt lat="22.5347618" lon="113.9336137"><ele>14.3</ele><time>2023-06-29T22:34:30Z</time></trkpt>
      <trkpt lat="22.5347745" lon="113.9336268"><ele>14.2</ele><time>2023-06-29T22:34:31Z</time></trkpt>
      <trkpt lat="22.5347866" lon="113.9336404"><ele>14.2</ele><time>2023-06-29T22:34:32Z</time></trkpt>
      <trkpt lat="22.5347983" lon="113.9336545"><ele>14.2</ele><time>2023-06-29T22:34:33Z</time></trkpt>
      <trkpt lat="22.5348101" lon="113.9336684"><ele>14.1</ele><time>2023-06-29T22:34:34Z</time></trkpt>
      <trkpt lat="22.5348225" lon="113.9336818"><ele>14.1</ele><time>2023-06-29T22:34:35Z</time></trkpt>
      <trkpt lat="22.5348351" lon="113.9336950"><ele>14.1</ele><time>2023-06-29T22:34:36Z</time></trkpt>
      <trkpt lat="22.5348474" lon="113.9337084"><ele>14.0</ele><time>2023-06-29T22:34:37Z</time></trkpt>
      <trkpt lat="22.5348600" lon="113.9337214"><ele>14.0</ele><time>2023-06-29T22:34:38Z</time></trkpt>
      <trkpt lat="22.5348721" lon="113.9337344"><ele>13.9</ele><time>2023-06-29T22:34:39Z</time></trkpt>
      <trkpt lat="22.5348836" lon="113.9337479"><ele>13.9</ele><time>2023-06-29T22:34:40Z</time></trkpt>
      <trkpt lat="22.5348956" lon="113.9337608"><ele>13.9</ele><time>2023-06-29T22:34:41Z</time></trkpt>
      <trkpt lat="22.5349082" lon="113.9337731"><ele>13.8</ele><time>2023-06-29T22:34:42Z</time></trkpt>
      <trkpt lat="22.5349210" lon="113.9337850"><ele>13.8</ele><time>2023-06-29T22:34:43Z</time></trkpt>
      <trkpt lat="22.5349339" lon="113.9337967"><ele>13.8</ele><time>2023-06-29T22:34:44Z</time></trkpt>
      <trkpt lat="22.5349467" lon="113.9338085"><ele>13.7</ele><time>2023-06-29T22:34:45Z</time></trkpt>
      <trkpt lat="22.5349589" lon="113.9338210"><ele>13.7</ele><time>2023-06-29T22:34:46Z</time></trkpt>
      <trkpt lat="22.5349710" lon="113.9338338"><ele>13.7</ele><time>2023-06-29T22:34:47Z</time></trkpt>
      <trkpt lat="22.5349833" lon="113.9338460"><ele>13.6</ele><time>2023-06-29T22:34:48Z</time></trkpt>
      <trkpt lat="22.5349965" lon="113.9338571"><ele>13.6</ele><time>2023-06-29T22:34:49Z</time></trkpt>
      <trkpt lat="22.5350101" lon="113.9338675"><ele>13.6</ele><time>2023-06-29T22:34:50Z</time></trkpt>
      <trkpt lat="22.5350239" lon="113.9338776"><ele>13.5</ele><time>2023-06-29T22:34:51Z</time></trkpt>
      <trkpt lat="22.5350377" lon="113.9338875"><ele>13.5</ele><time>2023-06-29T22:34:52Z</time></trkpt>
      <trkpt lat="22.5350514" lon="113.9338977"><ele>13.4</ele><time>2023-06-29T22:34:53Z</time></trkpt>
      <trkpt lat="22.5350644" lon="113.9339086"><ele>13.4</ele><time>2023-06-29T22:34:54Z</time></trkpt>
      <trkpt lat="22.5350771" lon="113.9339200"><ele>13.4</ele><time>2023-06-29T22:34:55Z</time></trkpt>
      <trkpt lat="22.5350898" lon="113.9339314"><ele>13.3</ele><time>2023-06-29T22:34:56Z</time></trkpt>
      <trkpt lat="22.5351023" lon="113.9339429"><ele>13.3</ele><time>2023-06-29T22:34:57Z</time></trkpt>
      <trkpt lat="22.5351152" lon="113.9339537"><ele>13.2</ele><time>2023-06-29T22:34:58Z</time></trkpt>
      <trkpt lat="22.5351293" lon="113.9339628"><ele>13.2</ele><time>2023-06-29T22:34:59Z</time></trkpt>
      <trkpt lat="22.5351441" lon="113.9339704"><ele>13.2</ele><time>2023-06-29T22:35:00Z</time></trkpt>
      <trkpt lat="22.5351592" lon="113.9339774"><ele>13.1</ele><time>2023-06-29T22:35:01Z</time></trkpt>
      <trkpt lat="22.5351740" lon="113.9339847"><ele>13.1</ele><time>2023-06-29T22:35:02Z</time></trkpt>
      <trkpt lat="22.5351887" lon="113.9339925"><ele>13.1</ele><time>2023-06-29T22:35:03Z</time></trkpt>
      <trkpt lat="22.5352035" lon="113.9340003"><ele>13.0</ele><time>2023-06-29T22:35:04Z</time></trkpt>
      <trkpt lat="22.5352184" lon="113.9340081"><ele>13.0</ele><time>2023-06-29T22:35:05Z</time></trkpt>
      <trkpt lat="22.5352333" lon="113.9340160"><ele>13.0</ele><time>2023-06-29T22:35:06Z</time></trkpt>
      <trkpt lat="22.5352481" lon="113.9340240"><ele>12.9</ele><time>2023-06-29T22:35:07Z</time></trkpt>
      <trkpt lat="22.5352628" lon="113.9340321"><ele>12.9</ele><time>2023-06-29T22:35:08Z</time></trkpt>
      <trkpt lat="22.5352773" lon="113.9340402"><ele>12.9</ele><time>2023-06-29T22:35:09Z</time></trkpt>
      <trkpt lat="22.5352916" lon="113.9340485"><ele>12.9</ele><time>2023-06-29T22:35:10Z</time></trkpt>
      <trkpt lat="22.5353059" lon="113.9340576"><ele>12.8</ele><time>2023-06-29T22:35:11Z</time></trkpt>
      <trkpt lat="22.5353201" lon="113.9340672"><ele>12.8</ele><time>2023-06-29T22:35:12Z</time></trkpt>
      <trkpt lat="22.5353339" lon="113.9340770"><ele>12.8</ele><time>2023-06-29T22:35:13Z</time></trkpt>
      <trkpt lat="22.5353475" lon="113.9340871"><ele>12.8</ele><time>2023-06-29T22:35:14Z</time></trkpt>
      <trkpt lat="22.5353610" lon="113.9340973"><ele>12.8</ele><time>2023-06-29T22:35:15Z</time></trkpt>
      <trkpt lat="22.5353751" lon="113.9341068"><ele>12.7</ele><time>2023-06-29T22:35:16Z</time></trkpt>
      <trkpt lat="22.5353898" lon="113.9341154"><ele>12.7</ele><time>2023-06-29T22:35:17Z</time></trkpt>
      <trkpt lat="22.5354045" lon="113.9341229"><ele>12.7</ele><time>2023-06-29T22:35:18Z</time></trkpt>
      <trkpt lat="22.5354187" lon="113.9341294"><ele>12.7</ele><time>2023-06-29T22:35:19Z</time></trkpt>
      <trkpt lat="22.5354318" lon="113.9341353"><ele>12.7</ele><time>2023-06-29T22:35:20Z</time></trkpt>
      <trkpt lat="22.5354440" lon="113.9341410"><ele>12.7</ele><time>2023-06-29T22:35:21Z</time></trkpt>
      <trkpt lat="22.5354553" lon="113.9341470"><ele>12.7</ele><time>2023-06-29T22:35:22Z</time></trkpt>
      <trkpt lat="22.5354661" lon="113.9341537"><ele>12.7</ele><time>2023-06-29T22:35:23Z</time></trkpt>
      <trkpt lat="22.5354770" lon="113.9341613"><ele>12.8</ele><time>2023-06-29T22:35:24Z</time></trkpt>
      <trkpt lat="22.5354879" lon="113.9341690"><ele>12.8</ele><time>2023-06-29T22:35:25Z</time></trkpt>
      <trkpt lat="22.5354984" lon="113.9341762"><ele>12.8</ele><time>2023-06-29T22:35:26Z</time></trkpt>
      <trkpt lat="22.5355084" lon="113.9341827"><ele>12.8</ele><time>2023-06-29T22:35:27Z</time></trkpt>
      <trkpt lat="22.5355182" lon="113.9341889"><ele>12.8</ele><time>2023-06-29T22:35:28Z</time></trkpt>
      <trkpt lat="22.5355277" lon="113.9341951"><ele>12.9</ele><time>2023-06-29T22:35:29Z</time></trkpt>
      <trkpt lat="22.5355373" lon="113.9342016"><ele>12.9</ele><time>2023-06-29T22:35:30Z</time></trkpt>
      <trkpt lat="22.5355476" lon="113.9342089"><ele>12.9</ele><time>2023-06-29T22:35:31Z</time></trkpt>
      <trkpt lat="22.5355579" lon="113.9342163"><ele>13.0</ele><time>2023-06-29T22:35:32Z</time></trkpt>
      <trkpt lat="22.5355676" lon="113.9342231"><ele>13.0</ele><time>2023-06-29T22:35:33Z</time></trkpt>
      <trkpt lat="22.5355774" lon="113.9342299"><ele>13.1</ele><time>2023-06-29T22:35:34Z</time></trkpt>
      <trkpt lat="22.5355872" lon="113.9342372"><ele>13.1</ele><time>2023-06-29T22:35:35Z</time></trkpt>
      <trkpt lat="22.5355973" lon="113.9342456"><ele>13.2</ele><time>2023-06-29T22:35:36Z</time></trkpt>
      <trkpt lat="22.5356083" lon="113.9342548"><ele>13.2</ele><time>2023-06-29T22:35:37Z</time></trkpt>
      <trkpt lat="22.5356198" lon="113.9342643"><ele>13.3</ele><time>2023-06-29T22:35:38Z</time></trkpt>
      <trkpt lat="22.5356319" lon="113.9342736"><ele>13.3</ele><time>2023-06-29T22:35:39Z</time></trkpt>
      <trkpt lat="22.5356447" lon="113.9342829"><ele>13.4</ele><time>2023-06-29T22:35:40Z</time></trkpt>
      <trkpt lat="22.5356577" lon="113.9342924"><ele>13.4</ele><time>2023-06-29T22:35:41Z</time></trkpt>
      <trkpt lat="22.5356706" lon="113.9343024"><ele>13.5</ele><time>2023-06-29T22:35:42Z</time></trkpt>
      <trkpt lat="22.5356834" lon="113.9343136"><ele>13.6</ele><time>2023-06-29T22:35:43Z</time></trkpt>
      <trkpt lat="22.5356961" lon="113.9343257"><ele>13.6</ele><time>2023-06-29T22:35:44Z</time></trkpt>
      <trkpt lat="22.5357085" lon="113.9343379"><ele>13.7</ele><time>2023-06-29T22:35:45Z</time></trkpt>
      <trkpt lat="22.5357219" lon="113.9343495"><ele>13.8</ele><time>2023-06-29T22:35:46Z</time></trkpt>
      <trkpt lat="22.5357358" lon="113.9343605"><ele>13.8</ele><time>2023-06-29T22:35:47Z</time></trkpt>
      <trkpt lat="22.5357500" lon="113.9343711"><ele>13.9</ele><time>2023-06-29T22:35:48Z</time></trkpt>
      <trkpt lat="22.5357653" lon="113.9343804"><ele>14.0</ele><time>2023-06-29T22:35:49Z</time></trkpt>
      <trkpt lat="22.5357817" lon="113.9343879"><ele>14.1</ele><time>2023-06-29T22:35:50Z</time></trkpt>
      <trkpt lat="22.5357984" lon="113.9343947"><ele>14.1</ele><time>2023-06-29T22:35:51Z</time></trkpt>
      <trkpt lat="22.5358157" lon="113.9344005"><ele>14.2</ele><time>2023-06-29T22:35:52Z</time></trkpt>
      <trkpt lat="22.5358333" lon="113.9344048"><ele>14.3</ele><time>2023-06-29T22:35:53Z</time></trkpt>
      <trkpt lat="22.5358513" lon="113.9344080"><ele>14.4</ele><time>2023-06-29T22:35:54Z</time></trkpt>
      <trkpt lat="22.5358696" lon="113.9344098"><ele>14.4</ele><time>2023-06-29T22:35:55Z</time></trkpt>
      <trkpt lat="22.5358880" lon="113.9344115"><ele>14.5</ele><time>2023-06-29T22:35:56Z</time></trkpt>
      <trkpt lat="22.5359062" lon="113.9344135"><ele>14.6</ele><time>2023-06-29T22:35:57Z</time></trkpt>
      <trkpt lat="22.5359234" lon="113.9344151"><ele>14.7</ele><time>2023-06-29T22:35:58Z</time></trkpt>
      <trkpt lat="22.5359394" lon="113.9344163"><ele>14.7</ele><time>2023-06-29T22:35:59Z</time></trkpt>
      <trkpt lat="22.5359551" lon="113.9344181"><ele>14.8</ele><time>2023-06-29T22:36:00Z</time></trkpt>
      <trkpt lat="22.5359705" lon="113.9344202"><ele>14.9</ele><time>2023-06-29T22:36:01Z</time></trkpt>
      <trkpt lat="22.5359858" lon="113.9344232"><ele>14.9</ele><time>2023-06-29T22:36:02Z</time></trkpt>
      <trkpt lat="22.5360010" lon="113.9344268"><ele>15.0</ele><time>2023-06-29T22:36:03Z</time></trkpt>
      <trkpt lat="22.5360166" lon="113.9344305"><ele>15.1</ele><time>2023-06-29T22:36:04Z</time></trkpt>
      <trkpt lat="22.5360322" lon="113.9344346"><ele>15.1</ele><time>2023-06-29T22:36:05Z</time></trkpt>
      <trkpt lat="22.5360474" lon="113.9344399"><ele>15.2</ele><time>2023-06-29T22:36:06Z</time></trkpt>
      <trkpt lat="22.5360622" lon="113.9344462"><ele>15.2</ele><time>2023-06-29T22:36:07Z</time></trkpt>
      <trkpt lat="22.5360769" lon="113.9344531"><ele>15.3</ele><time>2023-06-29T22:36:08Z</time></trkpt>
      <trkpt lat="22.5360912" lon="113.9344611"><ele>15.4</ele><time>2023-06-29T22:36:09Z</time></trkpt>
      <trkpt lat="22.5361047" lon="113.9344708"><ele>15.4</ele><time>2023-06-29T22:36:10Z</time></trkpt>
      <trkpt lat="22.5361173" lon="113.9344821"><ele>15.5</ele><time>2023-06-29T22:36:11Z</time></trkpt>
      <trkpt lat="22.5361296" lon="113.9344936"><ele>15.5</ele><time>2023-06-29T22:36:12Z</time></trkpt>
      <trkpt lat="22.5361422" lon="113.9345049"><ele>15.6</ele><time>2023-06-29T22:36:13Z</time></trkpt>
      <trkpt lat="22.5361548" lon="113.9345164"><ele>15.6</ele><time>2023-06-29T22:36:14Z</time></trkpt>
      <trkpt lat="22.5361676" lon="113.9345277"><ele>15.6</ele><time>2023-06-29T22:36:15Z</time></trkpt>
      <trkpt lat="22.5361812" lon="113.9345382"><ele>15.7</ele><time>2023-06-29T22:36:16Z</time></trkpt>
      <trkpt lat="22.5361953" lon="113.9345481"><ele>15.7</ele><time>2023-06-29T22:36:17Z</time></trkpt>
      <trkpt lat="22.5362095" lon="113.9345582"><ele>15.8</ele><time>2023-06-29T22:36:18Z</time></trkpt>
      <trkpt lat="22.5362237" lon="113.9345685"><ele>15.8</ele><time>2023-06-29T22:36:19Z</time></trkpt>
      <trkpt lat="22.5362375" lon="113.9345793"><ele>15.8</ele><time>2023-06-29T22:36:20Z</time></trkpt>
      <trkpt lat="22.5362509" lon="113.9345906"><ele>15.9</ele><time>2023-06-29T22:36:21Z</time></trkpt>
      <trkpt lat="22.5362644" lon="113.9346019"><ele>15.9</ele><time>2023-06-29T22:36:22Z</time></trkpt>
      <trkpt lat="22.5362782" lon="113.9346129"><ele>15.9</ele><time>2023-06-29T22:36:23Z</time></trkpt>
      <trkpt lat="22.5362918" lon="113.9346243"><ele>16.0</ele><time>2023-06-29T22:36:24Z</time></trkpt>
      <trkpt lat="22.5363052" lon="113.9346359"><ele>16.0</ele><time>2023-06-29T22:36:25Z</time></trkpt>
      <trkpt lat="22.5363193" lon="113.9346468"><ele>16.0</ele><time>2023-06-29T22:36:26Z</time></trkpt>
      <trkpt lat="22.5363338" lon="113.9346572"><ele>16.0</ele><time>2023-06-29T22:36:27Z</time></trkpt>
      <trkpt lat="22.5363486" lon="113.9346670"><ele>16.1</ele><time>2023-06-29T22:36:28Z</time></trkpt>
      <trkpt lat="22.5363641" lon="113.9346758"><ele>16.1</ele><time>2023-06-29T22:36:29Z</time></trkpt>
      <trkpt lat="22.5363800" lon="113.9346833"><ele>16.1</ele><time>2023-06-29T22:36:30Z</time></trkpt>
      <trkpt lat="22.5363959" lon="113.9346906"><ele>16.2</ele><time>2023-06-29T22:36:31Z</time></trkpt>
      <trkpt lat="22.5364116" lon="113.9346988"><ele>16.2</ele><time>2023-06-29T22:36:32Z</time></trkpt>
      <trkpt lat="22.5364274" lon="113.9347070"><ele>16.2</ele><time>2023-06-29T22:36:33Z</time></trkpt>
      <trkpt lat="22.5364433" lon="113.9347150"><ele>16.3</ele><time>2023-06-29T22:36:34Z</time></trkpt>
      <trkpt lat="22.5364593" lon="113.9347233"><ele>16.3</ele><time>2023-06-29T22:36:35Z</time></trkpt>
      <trkpt lat="22.5364754" lon="113.9347319"><ele>16.4</ele><time>2023-06-29T22:36:36Z</time></trkpt>
      <trkpt lat="22.5364915" lon="113.9347406"><ele>16.4</ele><time>2023-06-29T22:36:37Z</time></trkpt>
      <trkpt lat="22.5365077" lon="113.9347489"><ele>16.5</ele><time>2023-06-29T22:36:38Z</time></trkpt>
      <trkpt lat="22.5365238" lon="113.9347571"><ele>16.5</ele><time>2023-06-29T22:36:39Z</time></trkpt>
      <trkpt lat="22.5365398" lon="113.9347658"><ele>16.6</ele><time>2023-06-29T22:36:40Z</time></trkpt>
      <trkpt lat="22.5365552" lon="113.9347772"><ele>16.7</ele><time>2023-06-29T22:36:41Z</time></trkpt>
      <trkpt lat="22.5365699" lon="113.9347917"><ele>16.7</ele><time>2023-06-29T22:36:42Z</time></trkpt>
      <trkpt lat="22.5365852" lon="113.9348080"><ele>16.8</ele><time>2023-06-29T22:36:43Z</time></trkpt>
      <trkpt lat="22.5366007" lon="113.9348232"><ele>16.9</ele><time>2023-06-29T22:36:44Z</time></trkpt>
      <trkpt lat="22.5366164" lon="113.9348361"><ele>17.0</ele><time>2023-06-29T22:36:45Z</time></trkpt>
      <trkpt lat="22.5366318" lon="113.9348489"><ele>17.0</ele><time>2023-06-29T22:36:46Z</time></trkpt>
      <trkpt lat="22.5366465" lon="113.9348625"><ele>17.1</ele><time>2023-06-29T22:36:47Z</time></trkpt>
      <trkpt lat="22.5366599" lon="113.9348773"><ele>17.2</ele><time>2023-06-29T22:36:48Z</time></trkpt>
      <trkpt lat="22.5366730" lon="113.9348924"><ele>17.3</ele><time>2023-06-29T22:36:49Z</time></trkpt>
      <trkpt lat="22.5366870" lon="113.9349069"><ele>17.4</ele><time>2023-06-29T22:36:50Z</time></trkpt>
      <trkpt lat="22.5367008" lon="113.9349215"><ele>17.5</ele><time>2023-06-29T22:36:51Z</time></trkpt>
      <trkpt lat="22.5367143" lon="113.9349361"><ele>17.6</ele><time>2023-06-29T22:36:52Z</time></trkpt>
      <trkpt lat="22.5367284" lon="113.9349502"><ele>17.7</ele><time>2023-06-29T22:36:53Z</time></trkpt>
      <trkpt lat="22.5367427" lon="113.9349642"><ele>17.7</ele><time>2023-06-29T22:36:54Z</time></trkpt>
      <trkpt lat="22.5367566" lon="113.9349785"><ele>17.8</ele><time>2023-06-29T22:36:55Z</time></trkpt>
      <trkpt lat="22.5367702" lon="113.9349932"><ele>17.9</ele><time>2023-06-29T22:36:56Z</time></trkpt>
      <trkpt lat="22.5367840" lon="113.9350081"><ele>18.0</ele><time>2023-06-29T22:36:57Z</time></trkpt>
      <trkpt lat="22.5367980" lon="113.9350230"><ele>18.0</ele><time>2023-06-29T22:36:58Z</time></trkpt>
      <trkpt lat="22.5368117" lon="113.9350385"><ele>18.1</ele><time>2023-06-29T22:36:59Z</time></trkpt>
      <trkpt lat="22.5368251" lon="113.9350542"><ele>18.2</ele><time>2023-06-29T22:37:00Z</time></trkpt>
      <trkpt lat="22.5368392" lon="113.9350689"><ele>18.2</ele><time>2023-06-29T22:37:01Z</time></trkpt>
      <trkpt lat="22.5368536" lon="113.9350834"><ele>18.2</ele><time>2023-06-29T22:37:02Z</time></trkpt>
      <trkpt lat="22.5368677" lon="113.9350978"><ele>18.3</ele><time>2023-06-29T22:37:03Z</time></trkpt>
      <trkpt lat="22.5368814" lon="113.9351125"><ele>18.3</ele><time>2023-06-29T22:37:04Z</time></trkpt>
      <trkpt lat="22.5368944" lon="113.9351276"><ele>18.3</ele><time>2023-06-29T22:37:05Z</time></trkpt>
      <trkpt lat="22.5369070" lon="113.9351432"><ele>18.3</ele><time>2023-06-29T22:37:06Z</time></trkpt>
      <trkpt lat="22.5369201" lon="113.9351583"><ele>18.3</ele><time>2023-06-29T22:37:07Z</time></trkpt>
      <trkpt lat="22.5369343" lon="113.9351724"><ele>18.3</ele><time>2023-06-29T22:37:08Z</time></trkpt>
      <trkpt lat="22.5369489" lon="113.9351856"><ele>18.3</ele><time>2023-06-29T22:37:09Z</time></trkpt>
      <trkpt lat="22.5369640" lon="113.9351981"><ele>18.3</ele><time>2023-06-29T22:37:10Z</time></trkpt>
      <trkpt lat="22.5369796" lon="113.9352103"><ele>18.3</ele><time>2023-06-29T22:37:11Z</time></trkpt>
      <trkpt lat="22.5369943" lon="113.9352235"><ele>18.3</ele><time>2023-06-29T22:37:12Z</time></trkpt>
      <trkpt lat="22.5370079" lon="113.9352375"><ele>18.3</ele><time>2023-06-29T22:37:13Z</time></trkpt>
      <trkpt lat="22.5370224" lon="113.9352508"><ele>18.3</ele><time>2023-06-29T22:37:14Z</time></trkpt>
      <trkpt lat="22.5370379" lon="113.9352632"><ele>18.2</ele><time>2023-06-29T22:37:15Z</time></trkpt>
      <trkpt lat="22.5370538" lon="113.9352751"><ele>18.2</ele><time>2023-06-29T22:37:16Z</time></trkpt>
      <trkpt lat="22.5370707" lon="113.9352859"><ele>18.2</ele><time>2023-06-29T22:37:17Z</time></trkpt>
      <trkpt lat="22.5370884" lon="113.9352954"><ele>18.1</ele><time>2023-06-29T22:37:18Z</time></trkpt>
      <trkpt lat="22.5371061" lon="113.9353047"><ele>18.1</ele><time>2023-06-29T22:37:19Z</time></trkpt>
      <trkpt lat="22.5371235" lon="113.9353142"><ele>18.1</ele><time>2023-06-29T22:37:20Z</time></trkpt>
      <trkpt lat="22.5371408" lon="113.9353236"><ele>18.1</ele><time>2023-06-29T22:37:21Z</time></trkpt>
      <trkpt lat="22.5371576" lon="113.9353332"><ele>18.0</ele><time>2023-06-29T22:37:22Z</time></trkpt>
      <trkpt lat="22.5371742" lon="113.9353433"><ele>18.0</ele><time>2023-06-29T22:37:23Z</time></trkpt>
      <trkpt lat="22.5371907" lon="113.9353535"><ele>18.0</ele><time>2023-06-29T22:37:24Z</time></trkpt>
      <trkpt lat="22.5372072" lon="113.9353639"><ele>17.9</ele><time>2023-06-29T22:37:25Z</time></trkpt>
      <trkpt lat="22.5372237" lon="113.9353741"><ele>17.9</ele><time>2023-06-29T22:37:26Z</time></trkpt>
      <trkpt lat="22.5372400" lon="113.9353843"><ele>17.9</ele><time>2023-06-29T22:37:27Z</time></trkpt>
      <trkpt lat="22.5372562" lon="113.9353950"><ele>17.9</ele><time>2023-06-29T22:37:28Z</time></trkpt>
      <trkpt lat="22.5372719" lon="113.9354061"><ele>17.8</ele><time>2023-06-29T22:37:29Z</time></trkpt>
      <trkpt lat="22.5372874" lon="113.9354174"><ele>17.8</ele><time>2023-06-29T22:37:30Z</time></trkpt>
      <trkpt lat="22.5373027" lon="113.9354286"><ele>17.8</ele><time>2023-06-29T22:37:31Z</time></trkpt>
      <trkpt lat="22.5373176" lon="113.9354403"><ele>17.8</ele><time>2023-06-29T22:37:32Z</time></trkpt>
      <trkpt lat="22.5373323" lon="113.9354524"><ele>17.8</ele><time>2023-06-29T22:37:33Z</time></trkpt>
      <trkpt lat="22.5373469" lon="113.9354646"><ele>17.8</ele><time>2023-06-29T22:37:34Z</time></trkpt>
      <trkpt lat="22.5373620" lon="113.9354760"><ele>17.8</ele><time>2023-06-29T22:37:35Z</time></trkpt>
      <trkpt lat="22.5373774" lon="113.9354865"><ele>17.8</ele><time>2023-06-29T22:37:36Z</time></trkpt>
      <trkpt lat="22.5373935" lon="113.9354963"><ele>17.8</ele><time>2023-06-29T22:37:37Z</time></trkpt>
      <trkpt lat="22.5374097" lon="113.9355054"><ele>17.8</ele><time>2023-06-29T22:37:38Z</time></trkpt>
      <trkpt lat="22.5374257" lon="113.9355148"><ele>17.8</ele><time>2023-06-29T22:37:39Z</time></trkpt>
      <trkpt lat="22.5374421" lon="113.9355235"><ele>17.8</ele><time>2023-06-29T22:37:40Z</time></trkpt>
      <trkpt lat="22.5374589" lon="113.9355310"><ele>17.8</ele><time>2023-06-29T22:37:41Z</time></trkpt>
      <trkpt lat="22.5374755" lon="113.9355388"><ele>17.9</ele><time>2023-06-29T22:37:42Z</time></trkpt>
      <trkpt lat="22.5374918" lon="113.9355469"><ele>17.9</ele><time>2023-06-29T22:37:43Z</time></trkpt>
      <trkpt lat="22.5375078" lon="113.9355552"><ele>17.9</ele><time>2023-06-29T22:37:44Z</time></trkpt>
      <trkpt lat="22.5375240" lon="113.9355633"><ele>17.9</ele><time>2023-06-29T22:37:45Z</time></trkpt>
      <trkpt lat="22.5375403" lon="113.9355705"><ele>18.0</ele><time>2023-06-29T22:37:46Z</time></trkpt>
      <trkpt lat="22.5375568" lon="113.9355759"><ele>18.0</ele><time>2023-06-29T22:37:47Z</time></trkpt>
      <trkpt lat="22.5375734" lon="113.9355804"><ele>18.1</ele><time>2023-06-29T22:37:48Z</time></trkpt>
      <trkpt lat="22.5375899" lon="113.9355844"><ele>18.1</ele><time>2023-06-29T22:37:49Z</time></trkpt>
      <trkpt lat="22.5376063" lon="113.9355874"><ele>18.2</ele><time>2023-06-29T22:37:50Z</time></trkpt>
      <trkpt lat="22.5376224" lon="113.9355897"><ele>18.3</ele><time>2023-06-29T22:37:51Z</time></trkpt>
      <trkpt lat="22.5376381" lon="113.9355906"><ele>18.3</ele><time>2023-06-29T22:37:52Z</time></trkpt>
      <trkpt lat="22.5376534" lon="113.9355902"><ele>18.4</ele><time>2023-06-29T22:37:53Z</time></trkpt>
      <trkpt lat="22.5376685" lon="113.9355882"><ele>18.5</ele><time>2023-06-29T22:37:54Z</time></trkpt>
      <trkpt lat="22.5376831" lon="113.9355847"><ele>18.6</ele><time>2023-06-29T22:37:55Z</time></trkpt>
      <trkpt lat="22.5376973" lon="113.9355797"><ele>18.7</ele><time>2023-06-29T22:37:56Z</time></trkpt>
      <trkpt lat="22.5377108" lon="113.9355726"><ele>18.8</ele><time>2023-06-29T22:37:57Z</time></trkpt>
      <trkpt lat="22.5377239" lon="113.9355640"><ele>18.9</ele><time>2023-06-29T22:37:58Z</time></trkpt>
      <trkpt lat="22.5377367" lon="113.9355548"><ele>19.0</ele><time>2023-06-29T22:37:59Z</time></trkpt>
      <trkpt lat="22.5377491" lon="113.9355455"><ele>19.1</ele><time>2023-06-29T22:38:00Z</time></trkpt>
      <trkpt lat="22.5377609" lon="113.9355352"><ele>19.3</ele><time>2023-06-29T22:38:01Z</time></trkpt>
      <trkpt lat="22.5377715" lon="113.9355226"><ele>19.4</ele><time>2023-06-29T22:38:02Z</time></trkpt>
      <trkpt lat="22.5377811" lon="113.9355082"><ele>19.5</ele><time>2023-06-29T22:38:03Z</time></trkpt>
      <trkpt lat="22.5377899" lon="113.9354926"><ele>19.7</ele><time>2023-06-29T22:38:04Z</time></trkpt>
      <trkpt lat="22.5377980" lon="113.9354763"><ele>19.8</ele><time>2023-06-29T22:38:05Z</time></trkpt>
      <trkpt lat="22.5378061" lon="113.9354602"><ele>19.9</ele><time>2023-06-29T22:38:06Z</time></trkpt>
      <trkpt lat="22.5378145" lon="113.9354442"><ele>20.1</ele><time>2023-06-29T22:38:07Z</time></trkpt>
      <trkpt lat="22.5378220" lon="113.9354278"><ele>20.2</ele><time>2023-06-29T22:38:08Z</time></trkpt>
      <trkpt lat="22.5378293" lon="113.9354113"><ele>20.4</ele><time>2023-06-29T22:38:09Z</time></trkpt>
      <trkpt lat="22.5378371" lon="113.9353951"><ele>20.5</ele><time>2023-06-29T22:38:10Z</time></trkpt>
      <trkpt lat="22.5378455" lon="113.9353791"><ele>20.6</ele><time>2023-06-29T22:38:11Z</time></trkpt>
      <trkpt lat="22.5378544" lon="113.9353637"><ele>20.8</ele><time>2023-06-29T22:38:12Z</time></trkpt>
      <trkpt lat="22.5378636" lon="113.9353486"><ele>20.9</ele><time>2023-06-29T22:38:13Z</time></trkpt>
      <trkpt lat="22.5378730" lon="113.9353337"><ele>21.0</ele><time>2023-06-29T22:38:14Z</time></trkpt>
      <trkpt lat="22.5378825" lon="113.9353188"><ele>21.1</ele><time>2023-06-29T22:38:15Z</time></trkpt>
      <trkpt lat="22.5378924" lon="113.9353040"><ele>21.3</ele><time>2023-06-29T22:38:16Z</time></trkpt>
      <trkpt lat="22.5379030" lon="113.9352899"><ele>21.4</ele><time>2023-06-29T22:38:17Z</time></trkpt>
      <trkpt lat="22.5379141" lon="113.9352774"><ele>21.5</ele><time>2023-06-29T22:38:18Z</time></trkpt>
      <trkpt lat="22.5379250" lon="113.9352677"><ele>21.6</ele><time>2023-06-29T22:38:19Z</time></trkpt>
      <trkpt lat="22.5379345" lon="113.9352606"><ele>21.7</ele><time>2023-06-29T22:38:20Z</time></trkpt>
      <trkpt lat="22.5379435" lon="113.9352540"><ele>21.7</ele><time>2023-06-29T22:38:21Z</time></trkpt>
      <trkpt lat="22.5379532" lon="113.9352468"><ele>21.8</ele><time>2023-06-29T22:38:22Z</time></trkpt>
      <trkpt lat="22.5379635" lon="113.9352392"><ele>21.9</ele><time>2023-06-29T22:38:23Z</time></trkpt>
      <trkpt lat="22.5379745" lon="113.9352311"><ele>21.9</ele><time>2023-06-29T22:38:24Z</time></trkpt>
      <trkpt lat="22.5379867" lon="113.9352222"><ele>22.0</ele><time>2023-06-29T22:38:25Z</time></trkpt>
      <trkpt lat="22.5380006" lon="113.9352121"><ele>22.0</ele><time>2023-06-29T22:38:26Z</time></trkpt>
      <trkpt lat="22.5380155" lon="113.9352011"><ele>22.1</ele><time>2023-06-29T22:38:27Z</time></trkpt>
      <trkpt lat="22.5380305" lon="113.9351894"><ele>22.1</ele><time>2023-06-29T22:38:28Z</time></trkpt>
      <trkpt lat="22.5380450" lon="113.9351764"><ele>22.1</ele><time>2023-06-29T22:38:29Z</time></trkpt>
      <trkpt lat="22.5380592" lon="113.9351628"><ele>22.1</ele><time>2023-06-29T22:38:30Z</time></trkpt>
      <trkpt lat="22.5380734" lon="113.9351493"><ele>22.1</ele><time>2023-06-29T22:38:31Z</time></trkpt>
      <trkpt lat="22.5380871" lon="113.9351357"><ele>22.1</ele><time>2023-06-29T22:38:32Z</time></trkpt>
      <trkpt lat="22.5380999" lon="113.9351212"><ele>22.1</ele><time>2023-06-29T22:38:33Z</time></trkpt>
      <trkpt lat="22.5381122" lon="113.9351055"><ele>22.0</ele><time>2023-06-29T22:38:34Z</time></trkpt>
      <trkpt lat="22.5381254" lon="113.9350907"><ele>22.0</ele><time>2023-06-29T22:38:35Z</time></trkpt>
      <trkpt lat="22.5381395" lon="113.9350770"><ele>21.9</ele><time>2023-06-29T22:38:36Z</time></trkpt>
      <trkpt lat="22.5381538" lon="113.9350632"><ele>21.9</ele><time>2023-06-29T22:38:37Z</time></trkpt>
      <trkpt lat="22.5381680" lon="113.9350489"><ele>21.8</ele><time>2023-06-29T22:38:38Z</time></trkpt>
      <trkpt lat="22.5381833" lon="113.9350372"><ele>21.7</ele><time>2023-06-29T22:38:39Z</time></trkpt>
      <trkpt lat="22.5382006" lon="113.9350281"><ele>21.6</ele><time>2023-06-29T22:38:40Z</time></trkpt>
      <trkpt lat="22.5382200" lon="113.9350186"><ele>21.5</ele><time>2023-06-29T22:38:41Z</time></trkpt>
      <trkpt lat="22.5382418" lon="113.9350094"><ele>21.4</ele><time>2023-06-29T22:38:42Z</time></trkpt>
      <trkpt lat="22.5382656" lon="113.9350020"><ele>21.3</ele><time>2023-06-29T22:38:43Z</time></trkpt>
      <trkpt lat="22.5382883" lon="113.9349986"><ele>21.2</ele><time>2023-06-29T22:38:44Z</time></trkpt>
      <trkpt lat="22.5383080" lon="113.9350016"><ele>21.0</ele><time>2023-06-29T22:38:45Z</time></trkpt>
      <trkpt lat="22.5383253" lon="113.9350114"><ele>20.9</ele><time>2023-06-29T22:38:46Z</time></trkpt>
      <trkpt lat="22.5383397" lon="113.9350260"><ele>20.8</ele><time>2023-06-29T22:38:47Z</time></trkpt>
      <trkpt lat="22.5383521" lon="113.9350424"><ele>20.6</ele><time>2023-06-29T22:38:48Z</time></trkpt>
      <trkpt lat="22.5383635" lon="113.9350591"><ele>20.5</ele><time>2023-06-29T22:38:49Z</time></trkpt>
      <trkpt lat="22.5383747" lon="113.9350750"><ele>20.3</ele><time>2023-06-29T22:38:50Z</time></trkpt>
      <trkpt lat="22.5383873" lon="113.9350885"><ele>20.2</ele><time>2023-06-29T22:38:51Z</time></trkpt>
      <trkpt lat="22.5384019" lon="113.9350984"><ele>20.0</ele><time>2023-06-29T22:38:52Z</time></trkpt>
      <trkpt lat="22.5384186" lon="113.9351044"><ele>19.9</ele><time>2023-06-29T22:38:53Z</time></trkpt>
      <trkpt lat="22.5384365" lon="113.9351077"><ele>19.7</ele><time>2023-06-29T22:38:54Z</time></trkpt>
      <trkpt lat="22.5384548" lon="113.9351098"><ele>19.6</ele><time>2023-06-29T22:38:55Z</time></trkpt>
      <trkpt lat="22.5384732" lon="113.9351100"><ele>19.4</ele><time>2023-06-29T22:38:56Z</time></trkpt>
      <trkpt lat="22.5384915" lon="113.9351086"><ele>19.3</ele><time>2023-06-29T22:38:57Z</time></trkpt>
      <trkpt lat="22.5385095" lon="113.9351070"><ele>19.1</ele><time>2023-06-29T22:38:58Z</time></trkpt>
      <trkpt lat="22.5385275" lon="113.9351052"><ele>19.0</ele><time>2023-06-29T22:38:59Z</time></trkpt>
      <trkpt lat="22.5385458" lon="113.9351025"><ele>18.9</ele><time>2023-06-29T22:39:00Z</time></trkpt>
      <trkpt lat="22.5385638" lon="113.9350984"><ele>18.7</ele><time>2023-06-29T22:39:01Z</time></trkpt>
      <trkpt lat="22.5385811" lon="113.9350938"><ele>18.6</ele><time>2023-06-29T22:39:02Z</time></trkpt>
      <trkpt lat="22.5385983" lon="113.9350897"><ele>18.5</ele><time>2023-06-29T22:39:03Z</time></trkpt>
      <trkpt lat="22.5386156" lon="113.9350863"><ele>18.3</ele><time>2023-06-29T22:39:04Z</time></trkpt>
      <trkpt lat="22.5386332" lon="113.9350833"><ele>18.2</ele><time>2023-06-29T22:39:05Z</time></trkpt>
      <trkpt lat="22.5386511" lon="113.9350811"><ele>18.1</ele><time>2023-06-29T22:39:06Z</time></trkpt>
      <trkpt lat="22.5386693" lon="113.9350807"><ele>17.9</ele><time>2023-06-29T22:39:07Z</time></trkpt>
      <trkpt lat="22.5386873" lon="113.9350812"><ele>17.8</ele><time>2023-06-29T22:39:08Z</time></trkpt>
      <trkpt lat="22.5387054" lon="113.9350810"><ele>17.7</ele><time>2023-06-29T22:39:09Z</time></trkpt>
      <trkpt lat="22.5387236" lon="113.9350805"><ele>17.6</ele><time>2023-06-29T22:39:10Z</time></trkpt>
      <trkpt lat="22.5387416" lon="113.9350798"><ele>17.4</ele><time>2023-06-29T22:39:11Z</time></trkpt>
      <trkpt lat="22.5387597" lon="113.9350791"><ele>17.3</ele><time>2023-06-29T22:39:12Z</time></trkpt>
      <trkpt lat="22.5387781" lon="113.9350805"><ele>17.2</ele><time>2023-06-29T22:39:13Z</time></trkpt>
      <trkpt lat="22.5387955" lon="113.9350862"><ele>17.0</ele><time>2023-06-29T22:39:14Z</time></trkpt>
      <trkpt lat="22.5388101" lon="113.9350970"><ele>16.9</ele><time>2023-06-29T22:39:15Z</time></trkpt>
      <trkpt lat="22.5388207" lon="113.9351127"><ele>16.8</ele><time>2023-06-29T22:39:16Z</time></trkpt>
      <trkpt lat="22.5388277" lon="113.9351317"><ele>16.6</ele><time>2023-06-29T22:39:17Z</time></trkpt>
      <trkpt lat="22.5388310" lon="113.9351522"><ele>16.5</ele><time>2023-06-29T22:39:18Z</time></trkpt>
      <trkpt lat="22.5388329" lon="113.9351735"><ele>16.4</ele><time>2023-06-29T22:39:19Z</time></trkpt>
      <trkpt lat="22.5388347" lon="113.9351948"><ele>16.3</ele><time>2023-06-29T22:39:20Z</time></trkpt>
      <trkpt lat="22.5388370" lon="113.9352157"><ele>16.1</ele><time>2023-06-29T22:39:21Z</time></trkpt>
      <trkpt lat="22.5388394" lon="113.9352360"><ele>16.0</ele><time>2023-06-29T22:39:22Z</time></trkpt>
      <trkpt lat="22.5388375" lon="113.9352566"><ele>15.9</ele><time>2023-06-29T22:39:23Z</time></trkpt>
      <trkpt lat="22.5388327" lon="113.9352777"><ele>15.8</ele><time>2023-06-29T22:39:24Z</time></trkpt>
      <trkpt lat="22.5388279" lon="113.9352987"><ele>15.7</ele><time>2023-06-29T22:39:25Z</time></trkpt>
      <trkpt lat="22.5388231" lon="113.9353195"><ele>15.6</ele><time>2023-06-29T22:39:26Z</time></trkpt>
      <trkpt lat="22.5388196" lon="113.9353404"><ele>15.5</ele><time>2023-06-29T22:39:27Z</time></trkpt>
      <trkpt lat="22.5388131" lon="113.9353597"><ele>15.4</ele><time>2023-06-29T22:39:28Z</time></trkpt>
      <trkpt lat="22.5388023" lon="113.9353766"><ele>15.3</ele><time>2023-06-29T22:39:29Z</time></trkpt>
      <trkpt lat="22.5387924" lon="113.9353937"><ele>15.2</ele><time>2023-06-29T22:39:30Z</time></trkpt>
      <trkpt lat="22.5387848" lon="113.9354123"><ele>15.1</ele><time>2023-06-29T22:39:31Z</time></trkpt>
      <trkpt lat="22.5387788" lon="113.9354295"><ele>15.1</ele><time>2023-06-29T22:39:32Z</time></trkpt>
      <trkpt lat="22.5387718" lon="113.9354440"><ele>15.0</ele><time>2023-06-29T22:39:33Z</time></trkpt>
      <trkpt lat="22.5387623" lon="113.9354566"><ele>14.9</ele><time>2023-06-29T22:39:34Z</time></trkpt>
      <trkpt lat="22.5387496" lon="113.9354678"><ele>14.8</ele><time>2023-06-29T22:39:35Z</time></trkpt>
      <trkpt lat="22.5387334" lon="113.9354782"><ele>14.8</ele><time>2023-06-29T22:39:36Z</time></trkpt>
      <trkpt lat="22.5387164" lon="113.9354874"><ele>14.7</ele><time>2023-06-29T22:39:37Z</time></trkpt>
      <trkpt lat="22.5387006" lon="113.9354956"><ele>14.7</ele><time>2023-06-29T22:39:38Z</time></trkpt>
      <trkpt lat="22.5386853" lon="113.9355039"><ele>14.6</ele><time>2023-06-29T22:39:39Z</time></trkpt>
      <trkpt lat="22.5386694" lon="113.9355113"><ele>14.6</ele><time>2023-06-29T22:39:40Z</time></trkpt>
      <trkpt lat="22.5386531" lon="113.9355183"><ele>14.5</ele><time>2023-06-29T22:39:41Z</time></trkpt>
      <trkpt lat="22.5386374" lon="113.9355272"><ele>14.5</ele><time>2023-06-29T22:39:42Z</time></trkpt>
      <trkpt lat="22.5386220" lon="113.9355378"><ele>14.4</ele><time>2023-06-29T22:39:43Z</time></trkpt>
      <trkpt lat="22.5386063" lon="113.9355487"><ele>14.4</ele><time>2023-06-29T22:39:44Z</time></trkpt>
      <trkpt lat="22.5385899" lon="113.9355595"><ele>14.4</ele><time>2023-06-29T22:39:45Z</time></trkpt>
      <trkpt lat="22.5385735" lon="113.9355712"><ele>14.4</ele><time>2023-06-29T22:39:46Z</time></trkpt>
      <trkpt lat="22.5385582" lon="113.9355845"><ele>14.3</ele><time>2023-06-29T22:39:47Z</time></trkpt>
      <trkpt lat="22.5385436" lon="113.9355983"><ele>14.3</ele><time>2023-06-29T22:39:48Z</time></trkpt>
      <trkpt lat="22.5385294" lon="113.9356130"><ele>14.3</ele><time>2023-06-29T22:39:49Z</time></trkpt>
      <trkpt lat="22.5385155" lon="113.9356280"><ele>14.3</ele><time>2023-06-29T22:39:50Z</time></trkpt>
      <trkpt lat="22.5385019" lon="113.9356436"><ele>14.3</ele><time>2023-06-29T22:39:51Z</time></trkpt>
      <trkpt lat="22.5384882" lon="113.9356595"><ele>14.3</ele><time>2023-06-29T22:39:52Z</time></trkpt>
      <trkpt lat="22.5384748" lon="113.9356755"><ele>14.3</ele><time>2023-06-29T22:39:53Z</time></trkpt>
      <trkpt lat="22.5384630" lon="113.9356927"><ele>14.2</ele><time>2023-06-29T22:39:54Z</time></trkpt>
      <trkpt lat="22.5384525" lon="113.9357108"><ele>14.2</ele><time>2023-06-29T22:39:55Z</time></trkpt>
      <trkpt lat="22.5384413" lon="113.9357280"><ele>14.2</ele><time>2023-06-29T22:39:56Z</time></trkpt>
      <trkpt lat="22.5384311" lon="113.9357458"><ele>14.2</ele><time>2023-06-29T22:39:57Z</time></trkpt>
      <trkpt lat="22.5384227" lon="113.9357644"><ele>14.2</ele><time>2023-06-29T22:39:58Z</time></trkpt>
      <trkpt lat="22.5384143" lon="113.9357823"><ele>14.2</ele><time>2023-06-29T22:39:59Z</time></trkpt>
      <trkpt lat="22.5384070" lon="113.9358005"><ele>14.2</ele><time>2023-06-29T22:40:00Z</time></trkpt>
      <trkpt lat="22.5384001" lon="113.9358186"><ele>14.2</ele><time>2023-06-29T22:40:01Z</time></trkpt>
      <trkpt lat="22.5383934" lon="113.9358366"><ele>14.2</ele><time>2023-06-29T22:40:02Z</time></trkpt>
      <trkpt lat="22.5383874" lon="113.9358549"><ele>14.2</ele><time>2023-06-29T22:40:03Z</time></trkpt>
      <trkpt lat="22.5383829" lon="113.9358742"><ele>14.2</ele><time>2023-06-29T22:40:04Z</time></trkpt>
      <trkpt lat="22.5383798" lon="113.9358944"><ele>14.2</ele><time>2023-06-29T22:40:05Z</time></trkpt>
      <trkpt lat="22.5383783" lon="113.9359147"><ele>14.2</ele><time>2023-06-29T22:40:06Z</time></trkpt>
      <trkpt lat="22.5383787" lon="113.9359348"><ele>14.2</ele><time>2023-06-29T22:40:07Z</time></trkpt>
      <trkpt lat="22.5383802" lon="113.9359547"><ele>14.2</ele><time>2023-06-29T22:40:08Z</time></trkpt>
      <trkpt lat="22.5383814" lon="113.9359745"><ele>14.2</ele><time>2023-06-29T22:40:09Z</time></trkpt>
      <trkpt lat="22.5383829" lon="113.9359945"><ele>14.1</ele><time>2023-06-29T22:40:10Z</time></trkpt>
      <trkpt lat="22.5383861" lon="113.9360145"><ele>14.1</ele><time>2023-06-29T22:40:11Z</time></trkpt>
      <trkpt lat="22.5383901" lon="113.9360341"><ele>14.1</ele><time>2023-06-29T22:40:12Z</time></trkpt>
      <trkpt lat="22.5383952" lon="113.9360534"><ele>14.1</ele><time>2023-06-29T22:40:13Z</time></trkpt>
      <trkpt lat="22.5384015" lon="113.9360726"><ele>14.1</ele><time>2023-06-29T22:40:14Z</time></trkpt>
      <trkpt lat="22.5384078" lon="113.9360917"><ele>14.1</ele><time>2023-06-29T22:40:15Z</time></trkpt>
      <trkpt lat="22.5384149" lon="113.9361106"><ele>14.1</ele><time>2023-06-29T22:40:16Z</time></trkpt>
      <trkpt lat="22.5384252" lon="113.9361281"><ele>14.1</ele><time>2023-06-29T22:40:17Z</time></trkpt>
      <trkpt lat="22.5384370" lon="113.9361443"><ele>14.1</ele><time>2023-06-29T22:40:18Z</time></trkpt>
      <trkpt lat="22.5384487" lon="113.9361603"><ele>14.1</ele><time>2023-06-29T22:40:19Z</time></trkpt>
      <trkpt lat="22.5384596" lon="113.9361769"><ele>14.0</ele><time>2023-06-29T22:40:20Z</time></trkpt>
      <trkpt lat="22.5384700" lon="113.9361939"><ele>14.0</ele><time>2023-06-29T22:40:21Z</time></trkpt>
      <trkpt lat="22.5384818" lon="113.9362097"><ele>14.0</ele><time>2023-06-29T22:40:22Z</time></trkpt>
      <trkpt lat="22.5384953" lon="113.9362238"><ele>14.0</ele><time>2023-06-29T22:40:23Z</time></trkpt>
      <trkpt lat="22.5385088" lon="113.9362373"><ele>14.0</ele><time>2023-06-29T22:40:24Z</time></trkpt>
      <trkpt lat="22.5385218" lon="113.9362510"><ele>13.9</ele><time>2023-06-29T22:40:25Z</time></trkpt>
      <trkpt lat="22.5385348" lon="113.9362648"><ele>13.9</ele><time>2023-06-29T22:40:26Z</time></trkpt>
      <trkpt lat="22.5385478" lon="113.9362783"><ele>13.9</ele><time>2023-06-29T22:40:27Z</time></trkpt>
      <trkpt lat="22.5385618" lon="113.9362909"><ele>13.8</ele><time>2023-06-29T22:40:28Z</time></trkpt>
      <trkpt lat="22.5385767" lon="113.9363023"><ele>13.8</ele><time>2023-06-29T22:40:29Z</time></trkpt>
      <trkpt lat="22.5385918" lon="113.9363134"><ele>13.8</ele><time>2023-06-29T22:40:30Z</time></trkpt>
      <trkpt lat="22.5386065" lon="113.9363248"><ele>13.7</ele><time>2023-06-29T22:40:31Z</time></trkpt>
      <trkpt lat="22.5386212" lon="113.9363363"><ele>13.7</ele><time>2023-06-29T22:40:32Z</time></trkpt>
      <trkpt lat="22.5386362" lon="113.9363469"><ele>13.7</ele><time>2023-06-29T22:40:33Z</time></trkpt>
      <trkpt lat="22.5386515" lon="113.9363568"><ele>13.6</ele><time>2023-06-29T22:40:34Z</time></trkpt>
      <trkpt lat="22.5386671" lon="113.9363657"><ele>13.6</ele><time>2023-06-29T22:40:35Z</time></trkpt>
      <trkpt lat="22.5386829" lon="113.9363732"><ele>13.6</ele><time>2023-06-29T22:40:36Z</time></trkpt>
      <trkpt lat="22.5386990" lon="113.9363797"><ele>13.5</ele><time>2023-06-29T22:40:37Z</time></trkpt>
      <trkpt lat="22.5387155" lon="113.9363857"><ele>13.5</ele><time>2023-06-29T22:40:38Z</time></trkpt>
      <trkpt lat="22.5387320" lon="113.9363913"><ele>13.5</ele><time>2023-06-29T22:40:39Z</time></trkpt>
      <trkpt lat="22.5387486" lon="113.9363959"><ele>13.4</ele><time>2023-06-29T22:40:40Z</time></trkpt>
      <trkpt lat="22.5387653" lon="113.9363989"><ele>13.4</ele><time>2023-06-29T22:40:41Z</time></trkpt>
      <trkpt lat="22.5387816" lon="113.9364004"><ele>13.4</ele><time>2023-06-29T22:40:42Z</time></trkpt>
      <trkpt lat="22.5387978" lon="113.9364011"><ele>13.4</ele><time>2023-06-29T22:40:43Z</time></trkpt>
      <trkpt lat="22.5388144" lon="113.9364011"><ele>13.3</ele><time>2023-06-29T22:40:44Z</time></trkpt>
      <trkpt lat="22.5388316" lon="113.9364008"><ele>13.3</ele><time>2023-06-29T22:40:45Z</time></trkpt>
      <trkpt lat="22.5388489" lon="113.9364008"><ele>13.3</ele><time>2023-06-29T22:40:46Z</time></trkpt>
      <trkpt lat="22.5388662" lon="113.9364002"><ele>13.3</ele><time>2023-06-29T22:40:47Z</time></trkpt>
      <trkpt lat="22.5388834" lon="113.9363997"><ele>13.3</ele><time>2023-06-29T22:40:48Z</time></trkpt>
      <trkpt lat="22.5389007" lon="113.9364003"><ele>13.3</ele><time>2023-06-29T22:40:49Z</time></trkpt>
      <trkpt lat="22.5389181" lon="113.9364017"><ele>13.3</ele><time>2023-06-29T22:40:50Z</time></trkpt>
      <trkpt lat="22.5389354" lon="113.9364037"><ele>13.3</ele><time>2023-06-29T22:40:51Z</time></trkpt>
      <trkpt lat="22.5389527" lon="113.9364045"><ele>13.3</ele><time>2023-06-29T22:40:52Z</time></trkpt>
      <trkpt lat="22.5389702" lon="113.9364036"><ele>13.3</ele><time>2023-06-29T22:40:53Z</time></trkpt>
      <trkpt lat="22.5389878" lon="113.9364038"><ele>13.4</ele><time>2023-06-29T22:40:54Z</time></trkpt>
      <trkpt lat="22.5390052" lon="113.9364049"><ele>13.4</ele><time>2023-06-29T22:40:55Z</time></trkpt>
      <trkpt lat="22.5390225" lon="113.9364053"><ele>13.4</ele><time>2023-06-29T22:40:56Z</time></trkpt>
      <trkpt lat="22.5390400" lon="113.9364066"><ele>13.4</ele><time>2023-06-29T22:40:57Z</time></trkpt>
      <trkpt lat="22.5390576" lon="113.9364083"><ele>13.5</ele><time>2023-06-29T22:40:58Z</time></trkpt>
      <trkpt lat="22.5390752" lon="113.9364086"><ele>13.5</ele><time>2023-06-29T22:40:59Z</time></trkpt>
      <trkpt lat="22.5390926" lon="113.9364077"><ele>13.5</ele><time>2023-06-29T22:41:00Z</time></trkpt>
      <trkpt lat="22.5391098" lon="113.9364067"><ele>13.6</ele><time>2023-06-29T22:41:01Z</time></trkpt>
      <trkpt lat="22.5391273" lon="113.9364057"><ele>13.6</ele><time>2023-06-29T22:41:02Z</time></trkpt>
      <trkpt lat="22.5391449" lon="113.9364048"><ele>13.7</ele><time>2023-06-29T22:41:03Z</time></trkpt>
      <trkpt lat="22.5391622" lon="113.9364044"><ele>13.7</ele><time>2023-06-29T22:41:04Z</time></trkpt>
      <trkpt lat="22.5391795" lon="113.9364045"><ele>13.7</ele><time>2023-06-29T22:41:05Z</time></trkpt>
      <trkpt lat="22.5391968" lon="113.9364049"><ele>13.8</ele><time>2023-06-29T22:41:06Z</time></trkpt>
      <trkpt lat="22.5392143" lon="113.9364050"><ele>13.8</ele><time>2023-06-29T22:41:07Z</time></trkpt>
      <trkpt lat="22.5392320" lon="113.9364051"><ele>13.9</ele><time>2023-06-29T22:41:08Z</time></trkpt>
      <trkpt lat="22.5392496" lon="113.9364052"><ele>13.9</ele><time>2023-06-29T22:41:09Z</time></trkpt>
      <trkpt lat="22.5392668" lon="113.9364048"><ele>13.9</ele><time>2023-06-29T22:41:10Z</time></trkpt>
      <trkpt lat="22.5392840" lon="113.9364030"><ele>14.0</ele><time>2023-06-29T22:41:11Z</time></trkpt>
      <trkpt lat="22.5393011" lon="113.9364001"><ele>14.0</ele><time>2023-06-29T22:41:12Z</time></trkpt>
      <trkpt lat="22.5393181" lon="113.9363975"><ele>14.0</ele><time>2023-06-29T22:41:13Z</time></trkpt>
      <trkpt lat="22.5393352" lon="113.9363956"><ele>14.1</ele><time>2023-06-29T22:41:14Z</time></trkpt>
      <trkpt lat="22.5393523" lon="113.9363949"><ele>14.1</ele><time>2023-06-29T22:41:15Z</time></trkpt>
      <trkpt lat="22.5393692" lon="113.9363938"><ele>14.1</ele><time>2023-06-29T22:41:16Z</time></trkpt>
      <trkpt lat="22.5393862" lon="113.9363913"><ele>14.1</ele><time>2023-06-29T22:41:17Z</time></trkpt>
      <trkpt lat="22.5394035" lon="113.9363893"><ele>14.1</ele><time>2023-06-29T22:41:18Z</time></trkpt>
      <trkpt lat="22.5394207" lon="113.9363876"><ele>14.1</ele><time>2023-06-29T22:41:19Z</time></trkpt>
      <trkpt lat="22.5394376" lon="113.9363855"><ele>14.1</ele><time>2023-06-29T22:41:20Z</time></trkpt>
      <trkpt lat="22.5394546" lon="113.9363849"><ele>14.0</ele><time>2023-06-29T22:41:21Z</time></trkpt>
      <trkpt lat="22.5394711" lon="113.9363870"><ele>14.0</ele><time>2023-06-29T22:41:22Z</time></trkpt>
      <trkpt lat="22.5394877" lon="113.9363892"><ele>14.0</ele><time>2023-06-29T22:41:23Z</time></trkpt>
      <trkpt lat="22.5395046" lon="113.9363901"><ele>14.0</ele><time>2023-06-29T22:41:24Z</time></trkpt>
      <trkpt lat="22.5395215" lon="113.9363897"><ele>13.9</ele><time>2023-06-29T22:41:25Z</time></trkpt>
      <trkpt lat="22.5395383" lon="113.9363890"><ele>13.9</ele><time>2023-06-29T22:41:26Z</time></trkpt>
      <trkpt lat="22.5395551" lon="113.9363886"><ele>13.8</ele><time>2023-06-29T22:41:27Z</time></trkpt>
      <trkpt lat="22.5395714" lon="113.9363891"><ele>13.8</ele><time>2023-06-29T22:41:28Z</time></trkpt>
      <trkpt lat="22.5395875" lon="113.9363897"><ele>13.7</ele><time>2023-06-29T22:41:29Z</time></trkpt>
      <trkpt lat="22.5396041" lon="113.9363892"><ele>13.7</ele><time>2023-06-29T22:41:30Z</time></trkpt>
      <trkpt lat="22.5396211" lon="113.9363885"><ele>13.7</ele><time>2023-06-29T22:41:31Z</time></trkpt>
      <trkpt lat="22.5396378" lon="113.9363866"><ele>13.6</ele><time>2023-06-29T22:41:32Z</time></trkpt>
      <trkpt lat="22.5396540" lon="113.9363826"><ele>13.6</ele><time>2023-06-29T22:41:33Z</time></trkpt>
      <trkpt lat="22.5396699" lon="113.9363769"><ele>13.5</ele><time>2023-06-29T22:41:34Z</time></trkpt>
      <trkpt lat="22.5396855" lon="113.9363696"><ele>13.5</ele><time>2023-06-29T22:41:35Z</time></trkpt>
      <trkpt lat="22.5397009" lon="113.9363610"><ele>13.4</ele><time>2023-06-29T22:41:36Z</time></trkpt>
      <trkpt lat="22.5397158" lon="113.9363515"><ele>13.4</ele><time>2023-06-29T22:41:37Z</time></trkpt>
      <trkpt lat="22.5397299" lon="113.9363408"><ele>13.3</ele><time>2023-06-29T22:41:38Z</time></trkpt>
      <trkpt lat="22.5397441" lon="113.9363303"><ele>13.3</ele><time>2023-06-29T22:41:39Z</time></trkpt>
      <trkpt lat="22.5397584" lon="113.9363200"><ele>13.2</ele><time>2023-06-29T22:41:40Z</time></trkpt>
      <trkpt lat="22.5397719" lon="113.9363085"><ele>13.2</ele><time>2023-06-29T22:41:41Z</time></trkpt>
      <trkpt lat="22.5397849" lon="113.9362959"><ele>13.1</ele><time>2023-06-29T22:41:42Z</time></trkpt>
      <trkpt lat="22.5397981" lon="113.9362834"><ele>13.1</ele><time>2023-06-29T22:41:43Z</time></trkpt>
      <trkpt lat="22.5398115" lon="113.9362712"><ele>13.0</ele><time>2023-06-29T22:41:44Z</time></trkpt>
      <trkpt lat="22.5398245" lon="113.9362592"><ele>13.0</ele><time>2023-06-29T22:41:45Z</time></trkpt>
      <trkpt lat="22.5398370" lon="113.9362463"><ele>13.0</ele><time>2023-06-29T22:41:46Z</time></trkpt>
      <trkpt lat="22.5398478" lon="113.9362315"><ele>12.9</ele><time>2023-06-29T22:41:47Z</time></trkpt>
      <trkpt lat="22.5398576" lon="113.9362158"><ele>12.9</ele><time>2023-06-29T22:41:48Z</time></trkpt>
      <trkpt lat="22.5398679" lon="113.9362001"><ele>12.8</ele><time>2023-06-29T22:41:49Z</time></trkpt>
      <trkpt lat="22.5398779" lon="113.9361844"><ele>12.8</ele><time>2023-06-29T22:41:50Z</time></trkpt>
      <trkpt lat="22.5398869" lon="113.9361684"><ele>12.8</ele><time>2023-06-29T22:41:51Z</time></trkpt>
      <trkpt lat="22.5398932" lon="113.9361508"><ele>12.7</ele><time>2023-06-29T22:41:52Z</time></trkpt>
      <trkpt lat="22.5398980" lon="113.9361324"><ele>12.7</ele><time>2023-06-29T22:41:53Z</time></trkpt>
      <trkpt lat="22.5399034" lon="113.9361144"><ele>12.7</ele><time>2023-06-29T22:41:54Z</time></trkpt>
      <trkpt lat="22.5399099" lon="113.9360969"><ele>12.6</ele><time>2023-06-29T22:41:55Z</time></trkpt>
      <trkpt lat="22.5399169" lon="113.9360799"><ele>12.6</ele><time>2023-06-29T22:41:56Z</time></trkpt>
      <trkpt lat="22.5399223" lon="113.9360625"><ele>12.6</ele><time>2023-06-29T22:41:57Z</time></trkpt>
      <trkpt lat="22.5399267" lon="113.9360447"><ele>12.6</ele><time>2023-06-29T22:41:58Z</time></trkpt>
      <trkpt lat="22.5399306" lon="113.9360266"><ele>12.6</ele><time>2023-06-29T22:41:59Z</time></trkpt>
      <trkpt lat="22.5399338" lon="113.9360083"><ele>12.5</ele><time>2023-06-29T22:42:00Z</time></trkpt>
      <trkpt lat="22.5399368" lon="113.9359900"><ele>12.5</ele><time>2023-06-29T22:42:01Z</time></trkpt>
      <trkpt lat="22.5399395" lon="113.9359715"><ele>12.5</ele><time>2023-06-29T22:42:02Z</time></trkpt>
      <trkpt lat="22.5399414" lon="113.9359530"><ele>12.5</ele><time>2023-06-29T22:42:03Z</time></trkpt>
      <trkpt lat="22.5399422" lon="113.9359343"><ele>12.5</ele><time>2023-06-29T22:42:04Z</time></trkpt>
      <trkpt lat="22.5399419" lon="113.9359154"><ele>12.5</ele><time>2023-06-29T22:42:05Z</time></trkpt>
      <trkpt lat="22.5399408" lon="113.9358967"><ele>12.5</ele><time>2023-06-29T22:42:06Z</time></trkpt>
      <trkpt lat="22.5399396" lon="113.9358782"><ele>12.6</ele><time>2023-06-29T22:42:07Z</time></trkpt>
      <trkpt lat="22.5399377" lon="113.9358596"><ele>12.6</ele><time>2023-06-29T22:42:08Z</time></trkpt>
      <trkpt lat="22.5399348" lon="113.9358408"><ele>12.6</ele><time>2023-06-29T22:42:09Z</time></trkpt>
      <trkpt lat="22.5399312" lon="113.9358222"><ele>12.6</ele><time>2023-06-29T22:42:10Z</time></trkpt>
      <trkpt lat="22.5399262" lon="113.9358038"><ele>12.6</ele><time>2023-06-29T22:42:11Z</time></trkpt>
      <trkpt lat="22.5399199" lon="113.9357859"><ele>12.6</ele><time>2023-06-29T22:42:12Z</time></trkpt>
      <trkpt lat="22.5399133" lon="113.9357682"><ele>12.7</ele><time>2023-06-29T22:42:13Z</time></trkpt>
      <trkpt lat="22.5399068" lon="113.9357505"><ele>12.7</ele><time>2023-06-29T22:42:14Z</time></trkpt>
      <trkpt lat="22.5399005" lon="113.9357328"><ele>12.7</ele><time>2023-06-29T22:42:15Z</time></trkpt>
      <trkpt lat="22.5398938" lon="113.9357154"><ele>12.7</ele><time>2023-06-29T22:42:16Z</time></trkpt>
      <trkpt lat="22.5398854" lon="113.9356990"><ele>12.7</ele><time>2023-06-29T22:42:17Z</time></trkpt>
      <trkpt lat="22.5398755" lon="113.9356836"><ele>12.7</ele><time>2023-06-29T22:42:18Z</time></trkpt>
      <trkpt lat="22.5398645" lon="113.9356691"><ele>12.7</ele><time>2023-06-29T22:42:19Z</time></trkpt>
      <trkpt lat="22.5398530" lon="113.9356548"><ele>12.8</ele><time>2023-06-29T22:42:20Z</time></trkpt>
      <trkpt lat="22.5398413" lon="113.9356404"><ele>12.8</ele><time>2023-06-29T22:42:21Z</time></trkpt>
      <trkpt lat="22.5398294" lon="113.9356261"><ele>12.8</ele><time>2023-06-29T22:42:22Z</time></trkpt>
      <trkpt lat="22.5398175" lon="113.9356120"><ele>12.8</ele><time>2023-06-29T22:42:23Z</time></trkpt>
      <trkpt lat="22.5398061" lon="113.9355975"><ele>12.8</ele><time>2023-06-29T22:42:24Z</time></trkpt>
      <trkpt lat="22.5397951" lon="113.9355824"><ele>12.8</ele><time>2023-06-29T22:42:25Z</time></trkpt>
      <trkpt lat="22.5397831" lon="113.9355681"><ele>12.8</ele><time>2023-06-29T22:42:26Z</time></trkpt>
      <trkpt lat="22.5397701" lon="113.9355553"><ele>12.8</ele><time>2023-06-29T22:42:27Z</time></trkpt>
      <trkpt lat="22.5397562" lon="113.9355441"><ele>12.9</ele><time>2023-06-29T22:42:28Z</time></trkpt>
      <trkpt lat="22.5397412" lon="113.9355346"><ele>12.9</ele><time>2023-06-29T22:42:29Z</time></trkpt>
      <trkpt lat="22.5397252" lon="113.9355260"><ele>12.9</ele><time>2023-06-29T22:42:30Z</time></trkpt>
      <trkpt lat="22.5397089" lon="113.9355180"><ele>12.9</ele><time>2023-06-29T22:42:31Z</time></trkpt>
      <trkpt lat="22.5396924" lon="113.9355111"><ele>12.9</ele><time>2023-06-29T22:42:32Z</time></trkpt>
      <trkpt lat="22.5396756" lon="113.9355043"><ele>12.9</ele><time>2023-06-29T22:42:33Z</time></trkpt>
      <trkpt lat="22.5396590" lon="113.9354970"><ele>12.9</ele><time>2023-06-29T22:42:34Z</time></trkpt>
      <trkpt lat="22.5396420" lon="113.9354903"><ele>12.9</ele><time>2023-06-29T22:42:35Z</time></trkpt>
      <trkpt lat="22.5396248" lon="113.9354840"><ele>13.0</ele><time>2023-06-29T22:42:36Z</time></trkpt>
      <trkpt lat="22.5396073" lon="113.9354786"><ele>13.0</ele><time>2023-06-29T22:42:37Z</time></trkpt>
      <trkpt lat="22.5395895" lon="113.9354745"><ele>13.0</ele><time>2023-06-29T22:42:38Z</time></trkpt>
      <trkpt lat="22.5395714" lon="113.9354714"><ele>13.0</ele><time>2023-06-29T22:42:39Z</time></trkpt>
      <trkpt lat="22.5395531" lon="113.9354696"><ele>13.0</ele><time>2023-06-29T22:42:40Z</time></trkpt>
      <trkpt lat="22.5395345" lon="113.9354687"><ele>13.0</ele><time>2023-06-29T22:42:41Z</time></trkpt>
      <trkpt lat="22.5395159" lon="113.9354676"><ele>13.1</ele><time>2023-06-29T22:42:42Z</time></trkpt>
      <trkpt lat="22.5394974" lon="113.9354656"><ele>13.1</ele><time>2023-06-29T22:42:43Z</time></trkpt>
      <trkpt lat="22.5394791" lon="113.9354641"><ele>13.1</ele><time>2023-06-29T22:42:44Z</time></trkpt>
      <trkpt lat="22.5394608" lon="113.9354635"><ele>13.1</ele><time>2023-06-29T22:42:45Z</time></trkpt>
      <trkpt lat="22.5394427" lon="113.9354630"><ele>13.1</ele><time>2023-06-29T22:42:46Z</time></trkpt>
      <trkpt lat="22.5394247" lon="113.9354621"><ele>13.2</ele><time>2023-06-29T22:42:47Z</time></trkpt>
      <trkpt lat="22.5394067" lon="113.9354604"><ele>13.2</ele><time>2023-06-29T22:42:48Z</time></trkpt>
      <trkpt lat="22.5393886" lon="113.9354589"><ele>13.2</ele><time>2023-06-29T22:42:49Z</time></trkpt>
      <trkpt lat="22.5393703" lon="113.9354589"><ele>13.2</ele><time>2023-06-29T22:42:50Z</time></trkpt>
      <trkpt lat="22.5393519" lon="113.9354594"><ele>13.2</ele><time>2023-06-29T22:42:51Z</time></trkpt>
      <trkpt lat="22.5393334" lon="113.9354592"><ele>13.3</ele><time>2023-06-29T22:42:52Z</time></trkpt>
      <trkpt lat="22.5393151" lon="113.9354592"><ele>13.3</ele><time>2023-06-29T22:42:53Z</time></trkpt>
      <trkpt lat="22.5392969" lon="113.9354588"><ele>13.3</ele><time>2023-06-29T22:42:54Z</time></trkpt>
      <trkpt lat="22.5392788" lon="113.9354564"><ele>13.3</ele><time>2023-06-29T22:42:55Z</time></trkpt>
      <trkpt lat="22.5392610" lon="113.9354542"><ele>13.3</ele><time>2023-06-29T22:42:56Z</time></trkpt>
      <trkpt lat="22.5392426" lon="113.9354550"><ele>13.4</ele><time>2023-06-29T22:42:57Z</time></trkpt>
      <trkpt lat="22.5392240" lon="113.9354573"><ele>13.4</ele><time>2023-06-29T22:42:58Z</time></trkpt>
      <trkpt lat="22.5392053" lon="113.9354597"><ele>13.4</ele><time>2023-06-29T22:42:59Z</time></trkpt>
      <trkpt lat="22.5391865" lon="113.9354619"><ele>13.4</ele><time>2023-06-29T22:43:00Z</time></trkpt>
      <trkpt lat="22.5391673" lon="113.9354628"><ele>13.4</ele><time>2023-06-29T22:43:01Z</time></trkpt>
      <trkpt lat="22.5391480" lon="113.9354617"><ele>13.5</ele><time>2023-06-29T22:43:02Z</time></trkpt>
      <trkpt lat="22.5391283" lon="113.9354598"><ele>13.5</ele><time>2023-06-29T22:43:03Z</time></trkpt>
      <trkpt lat="22.5391073" lon="113.9354584"><ele>13.5</ele><time>2023-06-29T22:43:04Z</time></trkpt>
      <trkpt lat="22.5390836" lon="113.9354573"><ele>13.5</ele><time>2023-06-29T22:43:05Z</time></trkpt>
      <trkpt lat="22.5390589" lon="113.9354563"><ele>13.5</ele><time>2023-06-29T22:43:06Z</time></trkpt>
      <trkpt lat="22.5390369" lon="113.9354554"><ele>13.6</ele><time>2023-06-29T22:43:07Z</time></trkpt>
      <trkpt lat="22.5390176" lon="113.9354541"><ele>13.6</ele><time>2023-06-29T22:43:08Z</time></trkpt>
      <trkpt lat="22.5389990" lon="113.9354519"><ele>13.6</ele><time>2023-06-29T22:43:09Z</time></trkpt>
      <trkpt lat="22.5389797" lon="113.9354504"><ele>13.6</ele><time>2023-06-29T22:43:10Z</time></trkpt>
      <trkpt lat="22.5389593" lon="113.9354500"><ele>13.6</ele><time>2023-06-29T22:43:11Z</time></trkpt>
      <trkpt lat="22.5389389" lon="113.9354493"><ele>13.7</ele><time>2023-06-29T22:43:12Z</time></trkpt>
      <trkpt lat="22.5389186" lon="113.9354492"><ele>13.7</ele><time>2023-06-29T22:43:13Z</time></trkpt>
      <trkpt lat="22.5388982" lon="113.9354488"><ele>13.7</ele><time>2023-06-29T22:43:14Z</time></trkpt>
      <trkpt lat="22.5388777" lon="113.9354471"><ele>13.7</ele><time>2023-06-29T22:43:15Z</time></trkpt>
      <trkpt lat="22.5388573" lon="113.9354465"><ele>13.7</ele><time>2023-06-29T22:43:16Z</time></trkpt>
      <trkpt lat="22.5388376" lon="113.9354478"><ele>13.7</ele><time>2023-06-29T22:43:17Z</time></trkpt>
      <trkpt lat="22.5388180" lon="113.9354499"><ele>13.8</ele><time>2023-06-29T22:43:18Z</time></trkpt>
      <trkpt lat="22.5387980" lon="113.9354524"><ele>13.8</ele><time>2023-06-29T22:43:19Z</time></trkpt>
      <trkpt lat="22.5387783" lon="113.9354561"><ele>13.8</ele><time>2023-06-29T22:43:20Z</time></trkpt>
      <trkpt lat="22.5387588" lon="113.9354608"><ele>13.8</ele><time>2023-06-29T22:43:21Z</time></trkpt>
      <trkpt lat="22.5387390" lon="113.9354658"><ele>13.9</ele><time>2023-06-29T22:43:22Z</time></trkpt>
      <trkpt lat="22.5387199" lon="113.9354719"><ele>13.9</ele><time>2023-06-29T22:43:23Z</time></trkpt>
      <trkpt lat="22.5387015" lon="113.9354806"><ele>13.9</ele><time>2023-06-29T22:43:24Z</time></trkpt>
      <trkpt lat="22.5386831" lon="113.9354917"><ele>13.9</ele><time>2023-06-29T22:43:25Z</time></trkpt>
      <trkpt lat="22.5386646" lon="113.9355031"><ele>13.9</ele><time>2023-06-29T22:43:26Z</time></trkpt>
      <trkpt lat="22.5386456" lon="113.9355160"><ele>14.0</ele><time>2023-06-29T22:43:27Z</time></trkpt>
      <trkpt lat="22.5386256" lon="113.9355308"><ele>14.0</ele><time>2023-06-29T22:43:28Z</time></trkpt>
      <trkpt lat="22.5386050" lon="113.9355458"><ele>14.0</ele><time>2023-06-29T22:43:29Z</time></trkpt>
      <trkpt lat="22.5385857" lon="113.9355604"><ele>14.0</ele><time>2023-06-29T22:43:30Z</time></trkpt>
      <trkpt lat="22.5385684" lon="113.9355743"><ele>14.0</ele><time>2023-06-29T22:43:31Z</time></trkpt>
      <trkpt lat="22.5385522" lon="113.9355888"><ele>14.0</ele><time>2023-06-29T22:43:32Z</time></trkpt>
      <trkpt lat="22.5385368" lon="113.9356044"><ele>14.1</ele><time>2023-06-29T22:43:33Z</time></trkpt>
      <trkpt lat="22.5385226" lon="113.9356210"><ele>14.1</ele><time>2023-06-29T22:43:34Z</time></trkpt>
      <trkpt lat="22.5385090" lon="113.9356379"><ele>14.1</ele><time>2023-06-29T22:43:35Z</time></trkpt>
      <trkpt lat="22.5384955" lon="113.9356551"><ele>14.1</ele><time>2023-06-29T22:43:36Z</time></trkpt>
      <trkpt lat="22.5384828" lon="113.9356724"><ele>14.1</ele><time>2023-06-29T22:43:37Z</time></trkpt>
      <trkpt lat="22.5384710" lon="113.9356902"><ele>14.1</ele><time>2023-06-29T22:43:38Z</time></trkpt>
      <trkpt lat="22.5384597" lon="113.9357087"><ele>14.1</ele><time>2023-06-29T22:43:39Z</time></trkpt>
      <trkpt lat="22.5384495" lon="113.9357274"><ele>14.1</ele><time>2023-06-29T22:43:40Z</time></trkpt>
      <trkpt lat="22.5384406" lon="113.9357466"><ele>14.1</ele><time>2023-06-29T22:43:41Z</time></trkpt>
      <trkpt lat="22.5384330" lon="113.9357662"><ele>14.1</ele><time>2023-06-29T22:43:42Z</time></trkpt>
      <trkpt lat="22.5384265" lon="113.9357859"><ele>14.0</ele><time>2023-06-29T22:43:43Z</time></trkpt>
      <trkpt lat="22.5384210" lon="113.9358063"><ele>14.0</ele><time>2023-06-29T22:43:44Z</time></trkpt>
      <trkpt lat="22.5384163" lon="113.9358272"><ele>14.0</ele><time>2023-06-29T22:43:45Z</time></trkpt>
      <trkpt lat="22.5384118" lon="113.9358476"><ele>14.0</ele><time>2023-06-29T22:43:46Z</time></trkpt>
      <trkpt lat="22.5384078" lon="113.9358677"><ele>13.9</ele><time>2023-06-29T22:43:47Z</time></trkpt>
      <trkpt lat="22.5384050" lon="113.9358878"><ele>13.9</ele><time>2023-06-29T22:43:48Z</time></trkpt>
      <trkpt lat="22.5384026" lon="113.9359078"><ele>13.9</ele><time>2023-06-29T22:43:49Z</time></trkpt>
      <trkpt lat="22.5384011" lon="113.9359282"><ele>13.8</ele><time>2023-06-29T22:43:50Z</time></trkpt>
      <trkpt lat="22.5384005" lon="113.9359494"><ele>13.8</ele><time>2023-06-29T22:43:51Z</time></trkpt>
      <trkpt lat="22.5384018" lon="113.9359704"><ele>13.7</ele><time>2023-06-29T22:43:52Z</time></trkpt>
      <trkpt lat="22.5384055" lon="113.9359909"><ele>13.7</ele><time>2023-06-29T22:43:53Z</time></trkpt>
      <trkpt lat="22.5384101" lon="113.9360112"><ele>13.6</ele><time>2023-06-29T22:43:54Z</time></trkpt>
      <trkpt lat="22.5384149" lon="113.9360312"><ele>13.6</ele><time>2023-06-29T22:43:55Z</time></trkpt>
      <trkpt lat="22.5384202" lon="113.9360508"><ele>13.6</ele><time>2023-06-29T22:43:56Z</time></trkpt>
      <trkpt lat="22.5384249" lon="113.9360703"><ele>13.5</ele><time>2023-06-29T22:43:57Z</time></trkpt>
      <trkpt lat="22.5384295" lon="113.9360893"><ele>13.5</ele><time>2023-06-29T22:43:58Z</time></trkpt>
      <trkpt lat="22.5384358" lon="113.9361076"><ele>13.4</ele><time>2023-06-29T22:43:59Z</time></trkpt>
      <trkpt lat="22.5384436" lon="113.9361254"><ele>13.4</ele><time>2023-06-29T22:44:00Z</time></trkpt>
      <trkpt lat="22.5384523" lon="113.9361429"><ele>13.4</ele><time>2023-06-29T22:44:01Z</time></trkpt>
      <trkpt lat="22.5384621" lon="113.9361602"><ele>13.4</ele><time>2023-06-29T22:44:02Z</time></trkpt>
      <trkpt lat="22.5384725" lon="113.9361771"><ele>13.3</ele><time>2023-06-29T22:44:03Z</time></trkpt>
      <trkpt lat="22.5384836" lon="113.9361935"><ele>13.3</ele><time>2023-06-29T22:44:04Z</time></trkpt>
      <trkpt lat="22.5384950" lon="113.9362094"><ele>13.3</ele><time>2023-06-29T22:44:05Z</time></trkpt>
      <trkpt lat="22.5385059" lon="113.9362251"><ele>13.3</ele><time>2023-06-29T22:44:06Z</time></trkpt>
      <trkpt lat="22.5385164" lon="113.9362400"><ele>13.3</ele><time>2023-06-29T22:44:07Z</time></trkpt>
      <trkpt lat="22.5385272" lon="113.9362549"><ele>13.3</ele><time>2023-06-29T22:44:08Z</time></trkpt>
      <trkpt lat="22.5385396" lon="113.9362687"><ele>13.3</ele><time>2023-06-29T22:44:09Z</time></trkpt>
      <trkpt lat="22.5385537" lon="113.9362807"><ele>13.3</ele><time>2023-06-29T22:44:10Z</time></trkpt>
      <trkpt lat="22.5385677" lon="113.9362927"><ele>13.4</ele><time>2023-06-29T22:44:11Z</time></trkpt>
      <trkpt lat="22.5385815" lon="113.9363047"><ele>13.4</ele><time>2023-06-29T22:44:12Z</time></trkpt>
      <trkpt lat="22.5385957" lon="113.9363155"><ele>13.4</ele><time>2023-06-29T22:44:13Z</time></trkpt>
      <trkpt lat="22.5386109" lon="113.9363244"><ele>13.4</ele><time>2023-06-29T22:44:14Z</time></trkpt>
      <trkpt lat="22.5386269" lon="113.9363323"><ele>13.5</ele><time>2023-06-29T22:44:15Z</time></trkpt>
      <trkpt lat="22.5386426" lon="113.9363406"><ele>13.5</ele><time>2023-06-29T22:44:16Z</time></trkpt>
      <trkpt lat="22.5386583" lon="113.9363490"><ele>13.5</ele><time>2023-06-29T22:44:17Z</time></trkpt>
      <trkpt lat="22.5386743" lon="113.9363569"><ele>13.6</ele><time>2023-06-29T22:44:18Z</time></trkpt>
      <trkpt lat="22.5386906" lon="113.9363642"><ele>13.6</ele><time>2023-06-29T22:44:19Z</time></trkpt>
      <trkpt lat="22.5387075" lon="113.9363708"><ele>13.7</ele><time>2023-06-29T22:44:20Z</time></trkpt>
      <trkpt lat="22.5387248" lon="113.9363767"><ele>13.7</ele><time>2023-06-29T22:44:21Z</time></trkpt>
      <trkpt lat="22.5387422" lon="113.9363816"><ele>13.7</ele><time>2023-06-29T22:44:22Z</time></trkpt>
      <trkpt lat="22.5387598" lon="113.9363850"><ele>13.8</ele><time>2023-06-29T22:44:23Z</time></trkpt>
      <trkpt lat="22.5387779" lon="113.9363870"><ele>13.8</ele><time>2023-06-29T22:44:24Z</time></trkpt>
      <trkpt lat="22.5387960" lon="113.9363886"><ele>13.9</ele><time>2023-06-29T22:44:25Z</time></trkpt>
      <trkpt lat="22.5388139" lon="113.9363886"><ele>13.9</ele><time>2023-06-29T22:44:26Z</time></trkpt>
      <trkpt lat="22.5388319" lon="113.9363880"><ele>13.9</ele><time>2023-06-29T22:44:27Z</time></trkpt>
      <trkpt lat="22.5388499" lon="113.9363886"><ele>14.0</ele><time>2023-06-29T22:44:28Z</time></trkpt>
      <trkpt lat="22.5388681" lon="113.9363887"><ele>14.0</ele><time>2023-06-29T22:44:29Z</time></trkpt>
      <trkpt lat="22.5388863" lon="113.9363885"><ele>14.0</ele><time>2023-06-29T22:44:30Z</time></trkpt>
      <trkpt lat="22.5389043" lon="113.9363894"><ele>14.1</ele><time>2023-06-29T22:44:31Z</time></trkpt>
      <trkpt lat="22.5389227" lon="113.9363904"><ele>14.1</ele><time>2023-06-29T22:44:32Z</time></trkpt>
      <trkpt lat="22.5389412" lon="113.9363906"><ele>14.1</ele><time>2023-06-29T22:44:33Z</time></trkpt>
      <trkpt lat="22.5389595" lon="113.9363898"><ele>14.1</ele><time>2023-06-29T22:44:34Z</time></trkpt>
      <trkpt lat="22.5389776" lon="113.9363889"><ele>14.1</ele><time>2023-06-29T22:44:35Z</time></trkpt>
      <trkpt lat="22.5389955" lon="113.9363888"><ele>14.2</ele><time>2023-06-29T22:44:36Z</time></trkpt>
      <trkpt lat="22.5390134" lon="113.9363895"><ele>14.2</ele><time>2023-06-29T22:44:37Z</time></trkpt>
      <trkpt lat="22.5390311" lon="113.9363905"><ele>14.2</ele><time>2023-06-29T22:44:38Z</time></trkpt>
      <trkpt lat="22.5390487" lon="113.9363913"><ele>14.1</ele><time>2023-06-29T22:44:39Z</time></trkpt>
      <trkpt lat="22.5390662" lon="113.9363912"><ele>14.1</ele><time>2023-06-29T22:44:40Z</time></trkpt>
      <trkpt lat="22.5390839" lon="113.9363912"><ele>14.1</ele><time>2023-06-29T22:44:41Z</time></trkpt>
      <trkpt lat="22.5391018" lon="113.9363924"><ele>14.1</ele><time>2023-06-29T22:44:42Z</time></trkpt>
      <trkpt lat="22.5391198" lon="113.9363938"><ele>14.1</ele><time>2023-06-29T22:44:43Z</time></trkpt>
      <trkpt lat="22.5391379" lon="113.9363948"><ele>14.0</ele><time>2023-06-29T22:44:44Z</time></trkpt>
      <trkpt lat="22.5391561" lon="113.9363956"><ele>14.0</ele><time>2023-06-29T22:44:45Z</time></trkpt>
      <trkpt lat="22.5391739" lon="113.9363961"><ele>13.9</ele><time>2023-06-29T22:44:46Z</time></trkpt>
      <trkpt lat="22.5391919" lon="113.9363958"><ele>13.9</ele><time>2023-06-29T22:44:47Z</time></trkpt>
      <trkpt lat="22.5392100" lon="113.9363941"><ele>13.8</ele><time>2023-06-29T22:44:48Z</time></trkpt>
      <trkpt lat="22.5392282" lon="113.9363917"><ele>13.8</ele><time>2023-06-29T22:44:49Z</time></trkpt>
      <trkpt lat="22.5392470" lon="113.9363900"><ele>13.7</ele><time>2023-06-29T22:44:50Z</time></trkpt>
      <trkpt lat="22.5392662" lon="113.9363891"><ele>13.6</ele><time>2023-06-29T22:44:51Z</time></trkpt>
      <trkpt lat="22.5392849" lon="113.9363884"><ele>13.6</ele><time>2023-06-29T22:44:52Z</time></trkpt>
      <trkpt lat="22.5393037" lon="113.9363885"><ele>13.5</ele><time>2023-06-29T22:44:53Z</time></trkpt>
      <trkpt lat="22.5393225" lon="113.9363897"><ele>13.4</ele><time>2023-06-29T22:44:54Z</time></trkpt>
      <trkpt lat="22.5393409" lon="113.9363905"><ele>13.4</ele><time>2023-06-29T22:44:55Z</time></trkpt>
      <trkpt lat="22.5393593" lon="113.9363902"><ele>13.3</ele><time>2023-06-29T22:44:56Z</time></trkpt>
      <trkpt lat="22.5393780" lon="113.9363888"><ele>13.2</ele><time>2023-06-29T22:44:57Z</time></trkpt>
      <trkpt lat="22.5393967" lon="113.9363873"><ele>13.2</ele><time>2023-06-29T22:44:58Z</time></trkpt>
      <trkpt lat="22.5394152" lon="113.9363861"><ele>13.1</ele><time>2023-06-29T22:44:59Z</time></trkpt>
      <trkpt lat="22.5394335" lon="113.9363856"><ele>13.0</ele><time>2023-06-29T22:45:00Z</time></trkpt>
      <trkpt lat="22.5394517" lon="113.9363860"><ele>13.0</ele><time>2023-06-29T22:45:01Z</time></trkpt>
      <trkpt lat="22.5394704" lon="113.9363862"><ele>12.9</ele><time>2023-06-29T22:45:02Z</time></trkpt>
      <trkpt lat="22.5394892" lon="113.9363855"><ele>12.9</ele><time>2023-06-29T22:45:03Z</time></trkpt>
      <trkpt lat="22.5395075" lon="113.9363842"><ele>12.9</ele><time>2023-06-29T22:45:04Z</time></trkpt>
      <trkpt lat="22.5395257" lon="113.9363837"><ele>12.8</ele><time>2023-06-29T22:45:05Z</time></trkpt>
      <trkpt lat="22.5395439" lon="113.9363841"><ele>12.8</ele><time>2023-06-29T22:45:06Z</time></trkpt>
      <trkpt lat="22.5395619" lon="113.9363840"><ele>12.8</ele><time>2023-06-29T22:45:07Z</time></trkpt>
      <trkpt lat="22.5395797" lon="113.9363827"><ele>12.8</ele><time>2023-06-29T22:45:08Z</time></trkpt>
      <trkpt lat="22.5395976" lon="113.9363808"><ele>12.8</ele><time>2023-06-29T22:45:09Z</time></trkpt>
      <trkpt lat="22.5396151" lon="113.9363788"><ele>12.7</ele><time>2023-06-29T22:45:10Z</time></trkpt>
      <trkpt lat="22.5396325" lon="113.9363754"><ele>12.7</ele><time>2023-06-29T22:45:11Z</time></trkpt>
      <trkpt lat="22.5396498" lon="113.9363703"><ele>12.7</ele><time>2023-06-29T22:45:12Z</time></trkpt>
      <trkpt lat="22.5396667" lon="113.9363650"><ele>12.7</ele><time>2023-06-29T22:45:13Z</time></trkpt>
      <trkpt lat="22.5396831" lon="113.9363592"><ele>12.7</ele><time>2023-06-29T22:45:14Z</time></trkpt>
      <trkpt lat="22.5396990" lon="113.9363528"><ele>12.7</ele><time>2023-06-29T22:45:15Z</time></trkpt>
      <trkpt lat="22.5397146" lon="113.9363458"><ele>12.7</ele><time>2023-06-29T22:45:16Z</time></trkpt>
      <trkpt lat="22.5397299" lon="113.9363380"><ele>12.7</ele><time>2023-06-29T22:45:17Z</time></trkpt>
      <trkpt lat="22.5397449" lon="113.9363292"><ele>12.8</ele><time>2023-06-29T22:45:18Z</time></trkpt>
      <trkpt lat="22.5397594" lon="113.9363194"><ele>12.8</ele><time>2023-06-29T22:45:19Z</time></trkpt>
      <trkpt lat="22.5397730" lon="113.9363083"><ele>12.8</ele><time>2023-06-29T22:45:20Z</time></trkpt>
      <trkpt lat="22.5397861" lon="113.9362964"><ele>12.8</ele><time>2023-06-29T22:45:21Z</time></trkpt>
      <trkpt lat="22.5397988" lon="113.9362838"><ele>12.8</ele><time>2023-06-29T22:45:22Z</time></trkpt>
      <trkpt lat="22.5398112" lon="113.9362706"><ele>12.8</ele><time>2023-06-29T22:45:23Z</time></trkpt>
      <trkpt lat="22.5398238" lon="113.9362574"><ele>12.9</ele><time>2023-06-29T22:45:24Z</time></trkpt>
      <trkpt lat="22.5398364" lon="113.9362439"><ele>12.9</ele><time>2023-06-29T22:45:25Z</time></trkpt>
      <trkpt lat="22.5398480" lon="113.9362293"><ele>12.9</ele><time>2023-06-29T22:45:26Z</time></trkpt>
      <trkpt lat="22.5398584" lon="113.9362131"><ele>13.0</ele><time>2023-06-29T22:45:27Z</time></trkpt>
      <trkpt lat="22.5398680" lon="113.9361964"><ele>13.0</ele><time>2023-06-29T22:45:28Z</time></trkpt>
      <trkpt lat="22.5398767" lon="113.9361803"><ele>13.0</ele><time>2023-06-29T22:45:29Z</time></trkpt>
      <trkpt lat="22.5398849" lon="113.9361640"><ele>13.1</ele><time>2023-06-29T22:45:30Z</time></trkpt>
      <trkpt lat="22.5398931" lon="113.9361470"><ele>13.1</ele><time>2023-06-29T22:45:31Z</time></trkpt>
      <trkpt lat="22.5399008" lon="113.9361296"><ele>13.2</ele><time>2023-06-29T22:45:32Z</time></trkpt>
      <trkpt lat="22.5399071" lon="113.9361114"><ele>13.2</ele><time>2023-06-29T22:45:33Z</time></trkpt>
      <trkpt lat="22.5399123" lon="113.9360925"><ele>13.3</ele><time>2023-06-29T22:45:34Z</time></trkpt>
      <trkpt lat="22.5399167" lon="113.9360733"><ele>13.3</ele><time>2023-06-29T22:45:35Z</time></trkpt>
      <trkpt lat="22.5399210" lon="113.9360537"><ele>13.4</ele><time>2023-06-29T22:45:36Z</time></trkpt>
      <trkpt lat="22.5399252" lon="113.9360339"><ele>13.4</ele><time>2023-06-29T22:45:37Z</time></trkpt>
      <trkpt lat="22.5399294" lon="113.9360145"><ele>13.5</ele><time>2023-06-29T22:45:38Z</time></trkpt>
      <trkpt lat="22.5399331" lon="113.9359949"><ele>13.5</ele><time>2023-06-29T22:45:39Z</time></trkpt>
      <trkpt lat="22.5399355" lon="113.9359747"><ele>13.6</ele><time>2023-06-29T22:45:40Z</time></trkpt>
      <trkpt lat="22.5399371" lon="113.9359544"><ele>13.6</ele><time>2023-06-29T22:45:41Z</time></trkpt>
      <trkpt lat="22.5399374" lon="113.9359339"><ele>13.7</ele><time>2023-06-29T22:45:42Z</time></trkpt>
      <trkpt lat="22.5399360" lon="113.9359133"><ele>13.8</ele><time>2023-06-29T22:45:43Z</time></trkpt>
      <trkpt lat="22.5399346" lon="113.9358931"><ele>13.8</ele><time>2023-06-29T22:45:44Z</time></trkpt>
      <trkpt lat="22.5399339" lon="113.9358730"><ele>13.9</ele><time>2023-06-29T22:45:45Z</time></trkpt>
      <trkpt lat="22.5399323" lon="113.9358528"><ele>13.9</ele><time>2023-06-29T22:45:46Z</time></trkpt>
      <trkpt lat="22.5399275" lon="113.9358325"><ele>13.9</ele><time>2023-06-29T22:45:47Z</time></trkpt>
      <trkpt lat="22.5399206" lon="113.9358117"><ele>14.0</ele><time>2023-06-29T22:45:48Z</time></trkpt>
      <trkpt lat="22.5399142" lon="113.9357916"><ele>14.0</ele><time>2023-06-29T22:45:49Z</time></trkpt>
      <trkpt lat="22.5399069" lon="113.9357725"><ele>14.1</ele><time>2023-06-29T22:45:50Z</time></trkpt>
      <trkpt lat="22.5398975" lon="113.9357527"><ele>14.1</ele><time>2023-06-29T22:45:51Z</time></trkpt>
      <trkpt lat="22.5398866" lon="113.9357322"><ele>14.1</ele><time>2023-06-29T22:45:52Z</time></trkpt>
      <trkpt lat="22.5398767" lon="113.9357125"><ele>14.1</ele><time>2023-06-29T22:45:53Z</time></trkpt>
      <trkpt lat="22.5398675" lon="113.9356943"><ele>14.1</ele><time>2023-06-29T22:45:54Z</time></trkpt>
      <trkpt lat="22.5398576" lon="113.9356772"><ele>14.1</ele><time>2023-06-29T22:45:55Z</time></trkpt>
      <trkpt lat="22.5398475" lon="113.9356606"><ele>14.1</ele><time>2023-06-29T22:45:56Z</time></trkpt>
      <trkpt lat="22.5398361" lon="113.9356446"><ele>14.1</ele><time>2023-06-29T22:45:57Z</time></trkpt>
      <trkpt lat="22.5398227" lon="113.9356297"><ele>14.1</ele><time>2023-06-29T22:45:58Z</time></trkpt>
      <trkpt lat="22.5398087" lon="113.9356154"><ele>14.1</ele><time>2023-06-29T22:45:59Z</time></trkpt>
      <trkpt lat="22.5397950" lon="113.9356012"><ele>14.1</ele><time>2023-06-29T22:46:00Z</time></trkpt>
      <trkpt lat="22.5397813" lon="113.9355870"><ele>14.1</ele><time>2023-06-29T22:46:01Z</time></trkpt>
      <trkpt lat="22.5397671" lon="113.9355735"><ele>14.1</ele><time>2023-06-29T22:46:02Z</time></trkpt>
      <trkpt lat="22.5397518" lon="113.9355610"><ele>14.0</ele><time>2023-06-29T22:46:03Z</time></trkpt>
      <trkpt lat="22.5397363" lon="113.9355491"><ele>14.0</ele><time>2023-06-29T22:46:04Z</time></trkpt>
      <trkpt lat="22.5397211" lon="113.9355381"><ele>14.0</ele><time>2023-06-29T22:46:05Z</time></trkpt>
      <trkpt lat="22.5397052" lon="113.9355288"><ele>14.0</ele><time>2023-06-29T22:46:06Z</time></trkpt>
      <trkpt lat="22.5396886" lon="113.9355208"><ele>13.9</ele><time>2023-06-29T22:46:07Z</time></trkpt>
      <trkpt lat="22.5396716" lon="113.9355134"><ele>13.9</ele><time>2023-06-29T22:46:08Z</time></trkpt>
      <trkpt lat="22.5396542" lon="113.9355059"><ele>13.9</ele><time>2023-06-29T22:46:09Z</time></trkpt>
      <trkpt lat="22.5396365" lon="113.9354979"><ele>13.8</ele><time>2023-06-29T22:46:10Z</time></trkpt>
      <trkpt lat="22.5396190" lon="113.9354902"><ele>13.8</ele><time>2023-06-29T22:46:11Z</time></trkpt>
      <trkpt lat="22.5396016" lon="113.9354826"><ele>13.8</ele><time>2023-06-29T22:46:12Z</time></trkpt>
      <trkpt lat="22.5395839" lon="113.9354756"><ele>13.7</ele><time>2023-06-29T22:46:13Z</time></trkpt>
      <trkpt lat="22.5395655" lon="113.9354714"><ele>13.7</ele><time>2023-06-29T22:46:14Z</time></trkpt>
      <trkpt lat="22.5395466" lon="113.9354690"><ele>13.7</ele><time>2023-06-29T22:46:15Z</time></trkpt>
      <trkpt lat="22.5395277" lon="113.9354670"><ele>13.6</ele><time>2023-06-29T22:46:16Z</time></trkpt>
      <trkpt lat="22.5395088" lon="113.9354654"><ele>13.6</ele><time>2023-06-29T22:46:17Z</time></trkpt>
      <trkpt lat="22.5394899" lon="113.9354646"><ele>13.6</ele><time>2023-06-29T22:46:18Z</time></trkpt>
      <trkpt lat="22.5394712" lon="113.9354645"><ele>13.5</ele><time>2023-06-29T22:46:19Z</time></trkpt>
      <trkpt lat="22.5394528" lon="113.9354649"><ele>13.5</ele><time>2023-06-29T22:46:20Z</time></trkpt>
      <trkpt lat="22.5394343" lon="113.9354650"><ele>13.5</ele><time>2023-06-29T22:46:21Z</time></trkpt>
      <trkpt lat="22.5394164" lon="113.9354642"><ele>13.5</ele><time>2023-06-29T22:46:22Z</time></trkpt>
      <trkpt lat="22.5393989" lon="113.9354635"><ele>13.4</ele><time>2023-06-29T22:46:23Z</time></trkpt>
      <trkpt lat="22.5393811" lon="113.9354629"><ele>13.4</ele><time>2023-06-29T22:46:24Z</time></trkpt>
      <trkpt lat="22.5393629" lon="113.9354616"><ele>13.4</ele><time>2023-06-29T22:46:25Z</time></trkpt>
      <trkpt lat="22.5393450" lon="113.9354595"><ele>13.3</ele><time>2023-06-29T22:46:26Z</time></trkpt>
      <trkpt lat="22.5393270" lon="113.9354576"><ele>13.3</ele><time>2023-06-29T22:46:27Z</time></trkpt>
      <trkpt lat="22.5393090" lon="113.9354562"><ele>13.3</ele><time>2023-06-29T22:46:28Z</time></trkpt>
      <trkpt lat="22.5392911" lon="113.9354556"><ele>13.2</ele><time>2023-06-29T22:46:29Z</time></trkpt>
      <trkpt lat="22.5392731" lon="113.9354564"><ele>13.2</ele><time>2023-06-29T22:46:30Z</time></trkpt>
      <trkpt lat="22.5392548" lon="113.9354570"><ele>13.1</ele><time>2023-06-29T22:46:31Z</time></trkpt>
      <trkpt lat="22.5392367" lon="113.9354563"><ele>13.1</ele><time>2023-06-29T22:46:32Z</time></trkpt>
      <trkpt lat="22.5392192" lon="113.9354556"><ele>13.1</ele><time>2023-06-29T22:46:33Z</time></trkpt>
      <trkpt lat="22.5392018" lon="113.9354555"><ele>13.1</ele><time>2023-06-29T22:46:34Z</time></trkpt>
      <trkpt lat="22.5391844" lon="113.9354558"><ele>13.0</ele><time>2023-06-29T22:46:35Z</time></trkpt>
      <trkpt lat="22.5391668" lon="113.9354568"><ele>13.0</ele><time>2023-06-29T22:46:36Z</time></trkpt>
      <trkpt lat="22.5391493" lon="113.9354582"><ele>13.0</ele><time>2023-06-29T22:46:37Z</time></trkpt>
      <trkpt lat="22.5391320" lon="113.9354596"><ele>12.9</ele><time>2023-06-29T22:46:38Z</time></trkpt>
      <trkpt lat="22.5391149" lon="113.9354609"><ele>12.9</ele><time>2023-06-29T22:46:39Z</time></trkpt>
      <trkpt lat="22.5390978" lon="113.9354615"><ele>12.9</ele><time>2023-06-29T22:46:40Z</time></trkpt>
      <trkpt lat="22.5390807" lon="113.9354617"><ele>12.8</ele><time>2023-06-29T22:46:41Z</time></trkpt>
      <trkpt lat="22.5390637" lon="113.9354624"><ele>12.8</ele><time>2023-06-29T22:46:42Z</time></trkpt>
      <trkpt lat="22.5390468" lon="113.9354635"><ele>12.8</ele><time>2023-06-29T22:46:43Z</time></trkpt>
      <trkpt lat="22.5390298" lon="113.9354645"><ele>12.7</ele><time>2023-06-29T22:46:44Z</time></trkpt>
      <trkpt lat="22.5390128" lon="113.9354659"><ele>12.7</ele><time>2023-06-29T22:46:45Z</time></trkpt>
      <trkpt lat="22.5389959" lon="113.9354683"><ele>12.7</ele><time>2023-06-29T22:46:46Z</time></trkpt>
      <trkpt lat="22.5389790" lon="113.9354716"><ele>12.6</ele><time>2023-06-29T22:46:47Z</time></trkpt>
      <trkpt lat="22.5389621" lon="113.9354743"><ele>12.6</ele><time>2023-06-29T22:46:48Z</time></trkpt>
      <trkpt lat="22.5389451" lon="113.9354760"><ele>12.6</ele><time>2023-06-29T22:46:49Z</time></trkpt>
      <trkpt lat="22.5389281" lon="113.9354774"><ele>12.5</ele><time>2023-06-29T22:46:50Z</time></trkpt>
      <trkpt lat="22.5389114" lon="113.9354790"><ele>12.5</ele><time>2023-06-29T22:46:51Z</time></trkpt>
      <trkpt lat="22.5388950" lon="113.9354809"><ele>12.5</ele><time>2023-06-29T22:46:52Z</time></trkpt>
      <trkpt lat="22.5388783" lon="113.9354817"><ele>12.4</ele><time>2023-06-29T22:46:53Z</time></trkpt>
      <trkpt lat="22.5388618" lon="113.9354813"><ele>12.4</ele><time>2023-06-29T22:46:54Z</time></trkpt>
      <trkpt lat="22.5388454" lon="113.9354808"><ele>12.4</ele><time>2023-06-29T22:46:55Z</time></trkpt>
      <trkpt lat="22.5388286" lon="113.9354807"><ele>12.4</ele><time>2023-06-29T22:46:56Z</time></trkpt>
      <trkpt lat="22.5388121" lon="113.9354812"><ele>12.3</ele><time>2023-06-29T22:46:57Z</time></trkpt>
      <trkpt lat="22.5387960" lon="113.9354824"><ele>12.3</ele><time>2023-06-29T22:46:58Z</time></trkpt>
      <trkpt lat="22.5387796" lon="113.9354843"><ele>12.3</ele><time>2023-06-29T22:46:59Z</time></trkpt>
      <trkpt lat="22.5387632" lon="113.9354866"><ele>12.3</ele><time>2023-06-29T22:47:00Z</time></trkpt>
      <trkpt lat="22.5387465" lon="113.9354892"><ele>12.2</ele><time>2023-06-29T22:47:01Z</time></trkpt>
      <trkpt lat="22.5387298" lon="113.9354922"><ele>12.2</ele><time>2023-06-29T22:47:02Z</time></trkpt>
      <trkpt lat="22.5387130" lon="113.9354940"><ele>12.2</ele><time>2023-06-29T22:47:03Z</time></trkpt>
      <trkpt lat="22.5386965" lon="113.9354944"><ele>12.2</ele><time>2023-06-29T22:47:04Z</time></trkpt>
      <trkpt lat="22.5386805" lon="113.9354957"><ele>12.2</ele><time>2023-06-29T22:47:05Z</time></trkpt>
      <trkpt lat="22.5386645" lon="113.9354987"><ele>12.1</ele><time>2023-06-29T22:47:06Z</time></trkpt>
      <trkpt lat="22.5386485" lon="113.9355030"><ele>12.1</ele><time>2023-06-29T22:47:07Z</time></trkpt>
      <trkpt lat="22.5386327" lon="113.9355087"><ele>12.1</ele><time>2023-06-29T22:47:08Z</time></trkpt>
      <trkpt lat="22.5386172" lon="113.9355159"><ele>12.1</ele><time>2023-06-29T22:47:09Z</time></trkpt>
      <trkpt lat="22.5386019" lon="113.9355232"><ele>12.0</ele><time>2023-06-29T22:47:10Z</time></trkpt>
      <trkpt lat="22.5385862" lon="113.9355290"><ele>12.0</ele><time>2023-06-29T22:47:11Z</time></trkpt>
      <trkpt lat="22.5385705" lon="113.9355354"><ele>12.0</ele><time>2023-06-29T22:47:12Z</time></trkpt>
      <trkpt lat="22.5385555" lon="113.9355437"><ele>11.9</ele><time>2023-06-29T22:47:13Z</time></trkpt>
      <trkpt lat="22.5385415" lon="113.9355535"><ele>11.9</ele><time>2023-06-29T22:47:14Z</time></trkpt>
      <trkpt lat="22.5385283" lon="113.9355643"><ele>11.9</ele><time>2023-06-29T22:47:15Z</time></trkpt>
      <trkpt lat="22.5385157" lon="113.9355760"><ele>11.8</ele><time>2023-06-29T22:47:16Z</time></trkpt>
      <trkpt lat="22.5385036" lon="113.9355885"><ele>11.8</ele><time>2023-06-29T22:47:17Z</time></trkpt>
      <trkpt lat="22.5384923" lon="113.9356020"><ele>11.7</ele><time>2023-06-29T22:47:18Z</time></trkpt>
      <trkpt lat="22.5384820" lon="113.9356165"><ele>11.7</ele><time>2023-06-29T22:47:19Z</time></trkpt>
      <trkpt lat="22.5384723" lon="113.9356313"><ele>11.6</ele><time>2023-06-29T22:47:20Z</time></trkpt>
      <trkpt lat="22.5384626" lon="113.9356461"><ele>11.6</ele><time>2023-06-29T22:47:21Z</time></trkpt>
      <trkpt lat="22.5384527" lon="113.9356609"><ele>11.5</ele><time>2023-06-29T22:47:22Z</time></trkpt>
      <trkpt lat="22.5384433" lon="113.9356760"><ele>11.5</ele><time>2023-06-29T22:47:23Z</time></trkpt>
      <trkpt lat="22.5384359" lon="113.9356925"><ele>11.4</ele><time>2023-06-29T22:47:24Z</time></trkpt>
      <trkpt lat="22.5384302" lon="113.9357103"><ele>11.4</ele><time>2023-06-29T22:47:25Z</time></trkpt>
      <trkpt lat="22.5384242" lon="113.9357282"><ele>11.3</ele><time>2023-06-29T22:47:26Z</time></trkpt>
      <trkpt lat="22.5384179" lon="113.9357459"><ele>11.3</ele><time>2023-06-29T22:47:27Z</time></trkpt>
      <trkpt lat="22.5384119" lon="113.9357637"><ele>11.2</ele><time>2023-06-29T22:47:28Z</time></trkpt>
      <trkpt lat="22.5384066" lon="113.9357816"><ele>11.2</ele><time>2023-06-29T22:47:29Z</time></trkpt>
      <trkpt lat="22.5384018" lon="113.9357997"><ele>11.1</ele><time>2023-06-29T22:47:30Z</time></trkpt>
      <trkpt lat="22.5383976" lon="113.9358183"><ele>11.1</ele><time>2023-06-29T22:47:31Z</time></trkpt>
      <trkpt lat="22.5383942" lon="113.9358371"><ele>11.0</ele><time>2023-06-29T22:47:32Z</time></trkpt>
      <trkpt lat="22.5383913" lon="113.9358560"><ele>11.0</ele><time>2023-06-29T22:47:33Z</time></trkpt>
      <trkpt lat="22.5383888" lon="113.9358750"><ele>11.0</ele><time>2023-06-29T22:47:34Z</time></trkpt>
      <trkpt lat="22.5383876" lon="113.9358943"><ele>11.0</ele><time>2023-06-29T22:47:35Z</time></trkpt>
      <trkpt lat="22.5383885" lon="113.9359135"><ele>10.9</ele><time>2023-06-29T22:47:36Z</time></trkpt>
      <trkpt lat="22.5383907" lon="113.9359328"><ele>10.9</ele><time>2023-06-29T22:47:37Z</time></trkpt>
      <trkpt lat="22.5383930" lon="113.9359522"><ele>10.9</ele><time>2023-06-29T22:47:38Z</time></trkpt>
      <trkpt lat="22.5383952" lon="113.9359717"><ele>10.9</ele><time>2023-06-29T22:47:39Z</time></trkpt>
      <trkpt lat="22.5383982" lon="113.9359912"><ele>10.9</ele><time>2023-06-29T22:47:40Z</time></trkpt>
      <trkpt lat="22.5384021" lon="113.9360104"><ele>10.9</ele><time>2023-06-29T22:47:41Z</time></trkpt>
      <trkpt lat="22.5384059" lon="113.9360295"><ele>10.9</ele><time>2023-06-29T22:47:42Z</time></trkpt>
      <trkpt lat="22.5384101" lon="113.9360485"><ele>10.9</ele><time>2023-06-29T22:47:43Z</time></trkpt>
      <trkpt lat="22.5384150" lon="113.9360673"><ele>10.9</ele><time>2023-06-29T22:47:44Z</time></trkpt>
      <trkpt lat="22.5384199" lon="113.9360861"><ele>11.0</ele><time>2023-06-29T22:47:45Z</time></trkpt>
      <trkpt lat="22.5384254" lon="113.9361049"><ele>11.0</ele><time>2023-06-29T22:47:46Z</time></trkpt>
      <trkpt lat="22.5384314" lon="113.9361234"><ele>11.0</ele><time>2023-06-29T22:47:47Z</time></trkpt>
      <trkpt lat="22.5384374" lon="113.9361418"><ele>11.0</ele><time>2023-06-29T22:47:48Z</time></trkpt>
      <trkpt lat="22.5384440" lon="113.9361599"><ele>11.0</ele><time>2023-06-29T22:47:49Z</time></trkpt>
      <trkpt lat="22.5384519" lon="113.9361776"><ele>11.0</ele><time>2023-06-29T22:47:50Z</time></trkpt>
      <trkpt lat="22.5384616" lon="113.9361945"><ele>11.0</ele><time>2023-06-29T22:47:51Z</time></trkpt>
      <trkpt lat="22.5384728" lon="113.9362106"><ele>11.1</ele><time>2023-06-29T22:47:52Z</time></trkpt>
      <trkpt lat="22.5384838" lon="113.9362264"><ele>11.1</ele><time>2023-06-29T22:47:53Z</time></trkpt>
      <trkpt lat="22.5384942" lon="113.9362418"><ele>11.1</ele><time>2023-06-29T22:47:54Z</time></trkpt>
      <trkpt lat="22.5385050" lon="113.9362566"><ele>11.1</ele><time>2023-06-29T22:47:55Z</time></trkpt>
      <trkpt lat="22.5385163" lon="113.9362714"><ele>11.1</ele><time>2023-06-29T22:47:56Z</time></trkpt>
      <trkpt lat="22.5385274" lon="113.9362862"><ele>11.1</ele><time>2023-06-29T22:47:57Z</time></trkpt>
      <trkpt lat="22.5385395" lon="113.9362998"><ele>11.1</ele><time>2023-06-29T22:47:58Z</time></trkpt>
      <trkpt lat="22.5385523" lon="113.9363125"><ele>11.1</ele><time>2023-06-29T22:47:59Z</time></trkpt>
      <trkpt lat="22.5385656" lon="113.9363246"><ele>11.1</ele><time>2023-06-29T22:48:00Z</time></trkpt>
      <trkpt lat="22.5385803" lon="113.9363353"><ele>11.2</ele><time>2023-06-29T22:48:01Z</time></trkpt>
      <trkpt lat="22.5385957" lon="113.9363451"><ele>11.2</ele><time>2023-06-29T22:48:02Z</time></trkpt>
      <trkpt lat="22.5386110" lon="113.9363547"><ele>11.2</ele><time>2023-06-29T22:48:03Z</time></trkpt>
      <trkpt lat="22.5386266" lon="113.9363637"><ele>11.2</ele><time>2023-06-29T22:48:04Z</time></trkpt>
      <trkpt lat="22.5386427" lon="113.9363716"><ele>11.2</ele><time>2023-06-29T22:48:05Z</time></trkpt>
      <trkpt lat="22.5386593" lon="113.9363781"><ele>11.2</ele><time>2023-06-29T22:48:06Z</time></trkpt>
      <trkpt lat="22.5386764" lon="113.9363828"><ele>11.2</ele><time>2023-06-29T22:48:07Z</time></trkpt>
      <trkpt lat="22.5386932" lon="113.9363867"><ele>11.2</ele><time>2023-06-29T22:48:08Z</time></trkpt>
      <trkpt lat="22.5387095" lon="113.9363913"><ele>11.2</ele><time>2023-06-29T22:48:09Z</time></trkpt>
      <trkpt lat="22.5387263" lon="113.9363958"><ele>11.2</ele><time>2023-06-29T22:48:10Z</time></trkpt>
      <trkpt lat="22.5387436" lon="113.9363997"><ele>11.2</ele><time>2023-06-29T22:48:11Z</time></trkpt>
      <trkpt lat="22.5387609" lon="113.9364040"><ele>11.2</ele><time>2023-06-29T22:48:12Z</time></trkpt>
      <trkpt lat="22.5387784" lon="113.9364079"><ele>11.2</ele><time>2023-06-29T22:48:13Z</time></trkpt>
      <trkpt lat="22.5387959" lon="113.9364107"><ele>11.2</ele><time>2023-06-29T22:48:14Z</time></trkpt>
      <trkpt lat="22.5388134" lon="113.9364122"><ele>11.2</ele><time>2023-06-29T22:48:15Z</time></trkpt>
      <trkpt lat="22.5388311" lon="113.9364117"><ele>11.3</ele><time>2023-06-29T22:48:16Z</time></trkpt>
      <trkpt lat="22.5388490" lon="113.9364097"><ele>11.3</ele><time>2023-06-29T22:48:17Z</time></trkpt>
      <trkpt lat="22.5388667" lon="113.9364078"><ele>11.3</ele><time>2023-06-29T22:48:18Z</time></trkpt>
      <trkpt lat="22.5388842" lon="113.9364062"><ele>11.3</ele><time>2023-06-29T22:48:19Z</time></trkpt>
      <trkpt lat="22.5389017" lon="113.9364053"><ele>11.3</ele><time>2023-06-29T22:48:20Z</time></trkpt>
      <trkpt lat="22.5389191" lon="113.9364051"><ele>11.3</ele><time>2023-06-29T22:48:21Z</time></trkpt>
      <trkpt lat="22.5389368" lon="113.9364046"><ele>11.3</ele><time>2023-06-29T22:48:22Z</time></trkpt>
      <trkpt lat="22.5389546" lon="113.9364034"><ele>11.3</ele><time>2023-06-29T22:48:23Z</time></trkpt>
      <trkpt lat="22.5389725" lon="113.9364016"><ele>11.3</ele><time>2023-06-29T22:48:24Z</time></trkpt>
      <trkpt lat="22.5389903" lon="113.9363995"><ele>11.3</ele><time>2023-06-29T22:48:25Z</time></trkpt>
      <trkpt lat="22.5390079" lon="113.9363985"><ele>11.3</ele><time>2023-06-29T22:48:26Z</time></trkpt>
      <trkpt lat="22.5390255" lon="113.9363991"><ele>11.3</ele><time>2023-06-29T22:48:27Z</time></trkpt>
      <trkpt lat="22.5390431" lon="113.9363998"><ele>11.3</ele><time>2023-06-29T22:48:28Z</time></trkpt>
      <trkpt lat="22.5390606" lon="113.9364000"><ele>11.3</ele><time>2023-06-29T22:48:29Z</time></trkpt>
      <trkpt lat="22.5390778" lon="113.9363999"><ele>11.3</ele><time>2023-06-29T22:48:30Z</time></trkpt>
      <trkpt lat="22.5390951" lon="113.9363996"><ele>11.3</ele><time>2023-06-29T22:48:31Z</time></trkpt>
      <trkpt lat="22.5391126" lon="113.9363995"><ele>11.3</ele><time>2023-06-29T22:48:32Z</time></trkpt>
      <trkpt lat="22.5391302" lon="113.9363998"><ele>11.3</ele><time>2023-06-29T22:48:33Z</time></trkpt>
      <trkpt lat="22.5391477" lon="113.9364004"><ele>11.3</ele><time>2023-06-29T22:48:34Z</time></trkpt>
      <trkpt lat="22.5391656" lon="113.9364013"><ele>11.3</ele><time>2023-06-29T22:48:35Z</time></trkpt>
      <trkpt lat="22.5391837" lon="113.9364019"><ele>11.4</ele><time>2023-06-29T22:48:36Z</time></trkpt>
      <trkpt lat="22.5392013" lon="113.9364021"><ele>11.4</ele><time>2023-06-29T22:48:37Z</time></trkpt>
      <trkpt lat="22.5392184" lon="113.9364028"><ele>11.4</ele><time>2023-06-29T22:48:38Z</time></trkpt>
      <trkpt lat="22.5392355" lon="113.9364022"><ele>11.4</ele><time>2023-06-29T22:48:39Z</time></trkpt>
      <trkpt lat="22.5392528" lon="113.9363997"><ele>11.5</ele><time>2023-06-29T22:48:40Z</time></trkpt>
      <trkpt lat="22.5392701" lon="113.9363984"><ele>11.5</ele><time>2023-06-29T22:48:41Z</time></trkpt>
      <trkpt lat="22.5392874" lon="113.9363988"><ele>11.5</ele><time>2023-06-29T22:48:42Z</time></trkpt>
      <trkpt lat="22.5393047" lon="113.9363990"><ele>11.5</ele><time>2023-06-29T22:48:43Z</time></trkpt>
      <trkpt lat="22.5393221" lon="113.9363979"><ele>11.6</ele><time>2023-06-29T22:48:44Z</time></trkpt>
      <trkpt lat="22.5393397" lon="113.9363966"><ele>11.6</ele><time>2023-06-29T22:48:45Z</time></trkpt>
      <trkpt lat="22.5393572" lon="113.9363955"><ele>11.6</ele><time>2023-06-29T22:48:46Z</time></trkpt>
      <trkpt lat="22.5393748" lon="113.9363934"><ele>11.7</ele><time>2023-06-29T22:48:47Z</time></trkpt>
      <trkpt lat="22.5393921" lon="113.9363901"><ele>11.7</ele><time>2023-06-29T22:48:48Z</time></trkpt>
      <trkpt lat="22.5394094" lon="113.9363867"><ele>11.8</ele><time>2023-06-29T22:48:49Z</time></trkpt>
      <trkpt lat="22.5394270" lon="113.9363849"><ele>11.8</ele><time>2023-06-29T22:48:50Z</time></trkpt>
      <trkpt lat="22.5394451" lon="113.9363842"><ele>11.9</ele><time>2023-06-29T22:48:51Z</time></trkpt>
      <trkpt lat="22.5394633" lon="113.9363836"><ele>11.9</ele><time>2023-06-29T22:48:52Z</time></trkpt>
      <trkpt lat="22.5394816" lon="113.9363832"><ele>12.0</ele><time>2023-06-29T22:48:53Z</time></trkpt>
      <trkpt lat="22.5394999" lon="113.9363823"><ele>12.0</ele><time>2023-06-29T22:48:54Z</time></trkpt>
      <trkpt lat="22.5395183" lon="113.9363807"><ele>12.1</ele><time>2023-06-29T22:48:55Z</time></trkpt>
      <trkpt lat="22.5395366" lon="113.9363795"><ele>12.1</ele><time>2023-06-29T22:48:56Z</time></trkpt>
      <trkpt lat="22.5395548" lon="113.9363778"><ele>12.2</ele><time>2023-06-29T22:48:57Z</time></trkpt>
      <trkpt lat="22.5395731" lon="113.9363747"><ele>12.2</ele><time>2023-06-29T22:48:58Z</time></trkpt>
      <trkpt lat="22.5395913" lon="113.9363714"><ele>12.3</ele><time>2023-06-29T22:48:59Z</time></trkpt>
      <trkpt lat="22.5396090" lon="113.9363684"><ele>12.3</ele><time>2023-06-29T22:49:00Z</time></trkpt>
      <trkpt lat="22.5396264" lon="113.9363644"><ele>12.4</ele><time>2023-06-29T22:49:01Z</time></trkpt>
      <trkpt lat="22.5396438" lon="113.9363593"><ele>12.4</ele><time>2023-06-29T22:49:02Z</time></trkpt>
      <trkpt lat="22.5396609" lon="113.9363533"><ele>12.5</ele><time>2023-06-29T22:49:03Z</time></trkpt>
      <trkpt lat="22.5396776" lon="113.9363457"><ele>12.6</ele><time>2023-06-29T22:49:04Z</time></trkpt>
      <trkpt lat="22.5396941" lon="113.9363372"><ele>12.6</ele><time>2023-06-29T22:49:05Z</time></trkpt>
      <trkpt lat="22.5397103" lon="113.9363280"><ele>12.7</ele><time>2023-06-29T22:49:06Z</time></trkpt>
      <trkpt lat="22.5397263" lon="113.9363177"><ele>12.7</ele><time>2023-06-29T22:49:07Z</time></trkpt>
      <trkpt lat="22.5397417" lon="113.9363068"><ele>12.8</ele><time>2023-06-29T22:49:08Z</time></trkpt>
      <trkpt lat="22.5397562" lon="113.9362951"><ele>12.8</ele><time>2023-06-29T22:49:09Z</time></trkpt>
      <trkpt lat="22.5397701" lon="113.9362828"><ele>12.9</ele><time>2023-06-29T22:49:10Z</time></trkpt>
      <trkpt lat="22.5397844" lon="113.9362707"><ele>12.9</ele><time>2023-06-29T22:49:11Z</time></trkpt>
      <trkpt lat="22.5397989" lon="113.9362585"><ele>13.0</ele><time>2023-06-29T22:49:12Z</time></trkpt>
      <trkpt lat="22.5398122" lon="113.9362440"><ele>13.0</ele><time>2023-06-29T22:49:13Z</time></trkpt>
      <trkpt lat="22.5398240" lon="113.9362277"><ele>13.0</ele><time>2023-06-29T22:49:14Z</time></trkpt>
      <trkpt lat="22.5398354" lon="113.9362117"><ele>13.1</ele><time>2023-06-29T22:49:15Z</time></trkpt>
      <trkpt lat="22.5398473" lon="113.9361964"><ele>13.1</ele><time>2023-06-29T22:49:16Z</time></trkpt>
      <trkpt lat="22.5398589" lon="113.9361810"><ele>13.2</ele><time>2023-06-29T22:49:17Z</time></trkpt>
      <trkpt lat="22.5398691" lon="113.9361644"><ele>13.2</ele><time>2023-06-29T22:49:18Z</time></trkpt>
      <trkpt lat="22.5398780" lon="113.9361469"><ele>13.2</ele><time>2023-06-29T22:49:19Z</time></trkpt>
      <trkpt lat="22.5398865" lon="113.9361292"><ele>13.3</ele><time>2023-06-29T22:49:20Z</time></trkpt>
      <trkpt lat="22.5398953" lon="113.9361114"><ele>13.3</ele><time>2023-06-29T22:49:21Z</time></trkpt>
      <trkpt lat="22.5399029" lon="113.9360930"><ele>13.3</ele><time>2023-06-29T22:49:22Z</time></trkpt>
      <trkpt lat="22.5399086" lon="113.9360738"><ele>13.4</ele><time>2023-06-29T22:49:23Z</time></trkpt>
      <trkpt lat="22.5399127" lon="113.9360540"><ele>13.4</ele><time>2023-06-29T22:49:24Z</time></trkpt>
      <trkpt lat="22.5399162" lon="113.9360341"><ele>13.4</ele><time>2023-06-29T22:49:25Z</time></trkpt>
      <trkpt lat="22.5399192" lon="113.9360141"><ele>13.5</ele><time>2023-06-29T22:49:26Z</time></trkpt>
      <trkpt lat="22.5399215" lon="113.9359937"><ele>13.5</ele><time>2023-06-29T22:49:27Z</time></trkpt>
      <trkpt lat="22.5399231" lon="113.9359728"><ele>13.5</ele><time>2023-06-29T22:49:28Z</time></trkpt>
      <trkpt lat="22.5399240" lon="113.9359519"><ele>13.6</ele><time>2023-06-29T22:49:29Z</time></trkpt>
      <trkpt lat="22.5399235" lon="113.9359314"><ele>13.6</ele><time>2023-06-29T22:49:30Z</time></trkpt>
      <trkpt lat="22.5399222" lon="113.9359112"><ele>13.6</ele><time>2023-06-29T22:49:31Z</time></trkpt>
      <trkpt lat="22.5399207" lon="113.9358911"><ele>13.7</ele><time>2023-06-29T22:49:32Z</time></trkpt>
      <trkpt lat="22.5399187" lon="113.9358710"><ele>13.7</ele><time>2023-06-29T22:49:33Z</time></trkpt>
      <trkpt lat="22.5399166" lon="113.9358512"><ele>13.7</ele><time>2023-06-29T22:49:34Z</time></trkpt>
      <trkpt lat="22.5399141" lon="113.9358316"><ele>13.7</ele><time>2023-06-29T22:49:35Z</time></trkpt>
      <trkpt lat="22.5399111" lon="113.9358122"><ele>13.8</ele><time>2023-06-29T22:49:36Z</time></trkpt>
      <trkpt lat="22.5399071" lon="113.9357931"><ele>13.8</ele><time>2023-06-29T22:49:37Z</time></trkpt>
      <trkpt lat="22.5399008" lon="113.9357744"><ele>13.8</ele><time>2023-06-29T22:49:38Z</time></trkpt>
      <trkpt lat="22.5398930" lon="113.9357559"><ele>13.8</ele><time>2023-06-29T22:49:39Z</time></trkpt>
      <trkpt lat="22.5398849" lon="113.9357378"><ele>13.8</ele><time>2023-06-29T22:49:40Z</time></trkpt>
      <trkpt lat="22.5398766" lon="113.9357203"><ele>13.8</ele><time>2023-06-29T22:49:41Z</time></trkpt>
      <trkpt lat="22.5398684" lon="113.9357030"><ele>13.8</ele><time>2023-06-29T22:49:42Z</time></trkpt>
      <trkpt lat="22.5398606" lon="113.9356856"><ele>13.8</ele><time>2023-06-29T22:49:43Z</time></trkpt>
      <trkpt lat="22.5398521" lon="113.9356683"><ele>13.8</ele><time>2023-06-29T22:49:44Z</time></trkpt>
      <trkpt lat="22.5398428" lon="113.9356516"><ele>13.8</ele><time>2023-06-29T22:49:45Z</time></trkpt>
      <trkpt lat="22.5398326" lon="113.9356358"><ele>13.8</ele><time>2023-06-29T22:49:46Z</time></trkpt>
      <trkpt lat="22.5398216" lon="113.9356205"><ele>13.7</ele><time>2023-06-29T22:49:47Z</time></trkpt>
      <trkpt lat="22.5398099" lon="113.9356054"><ele>13.7</ele><time>2023-06-29T22:49:48Z</time></trkpt>
      <trkpt lat="22.5397978" lon="113.9355910"><ele>13.7</ele><time>2023-06-29T22:49:49Z</time></trkpt>
      <trkpt lat="22.5397844" lon="113.9355781"><ele>13.6</ele><time>2023-06-29T22:49:50Z</time></trkpt>
      <trkpt lat="22.5397694" lon="113.9355669"><ele>13.6</ele><time>2023-06-29T22:49:51Z</time></trkpt>
      <trkpt lat="22.5397535" lon="113.9355571"><ele>13.5</ele><time>2023-06-29T22:49:52Z</time></trkpt>
      <trkpt lat="22.5397373" lon="113.9355480"><ele>13.5</ele><time>2023-06-29T22:49:53Z</time></trkpt>
      <trkpt lat="22.5397212" lon="113.9355390"><ele>13.4</ele><time>2023-06-29T22:49:54Z</time></trkpt>
      <trkpt lat="22.5397055" lon="113.9355298"><ele>13.4</ele><time>2023-06-29T22:49:55Z</time></trkpt>
      <trkpt lat="22.5396896" lon="113.9355212"><ele>13.3</ele><time>2023-06-29T22:49:56Z</time></trkpt>
      <trkpt lat="22.5396737" lon="113.9355130"><ele>13.2</ele><time>2023-06-29T22:49:57Z</time></trkpt>
      <trkpt lat="22.5396577" lon="113.9355054"><ele>13.1</ele><time>2023-06-29T22:49:58Z</time></trkpt>
      <trkpt lat="22.5396408" lon="113.9354987"><ele>13.0</ele><time>2023-06-29T22:49:59Z</time></trkpt>
      <trkpt lat="22.5396230" lon="113.9354933"><ele>13.0</ele><time>2023-06-29T22:50:00Z</time></trkpt>
      <trkpt lat="22.5396054" lon="113.9354885"><ele>12.9</ele><time>2023-06-29T22:50:01Z</time></trkpt>
      <trkpt lat="22.5395880" lon="113.9354835"><ele>12.8</ele><time>2023-06-29T22:50:02Z</time></trkpt>
      <trkpt lat="22.5395704" lon="113.9354796"><ele>12.7</ele><time>2023-06-29T22:50:03Z</time></trkpt>
      <trkpt lat="22.5395526" lon="113.9354769"><ele>12.6</ele><time>2023-06-29T22:50:04Z</time></trkpt>
      <trkpt lat="22.5395344" lon="113.9354745"><ele>12.5</ele><time>2023-06-29T22:50:05Z</time></trkpt>
      <trkpt lat="22.5395160" lon="113.9354725"><ele>12.4</ele><time>2023-06-29T22:50:06Z</time></trkpt>
      <trkpt lat="22.5394975" lon="113.9354712"><ele>12.3</ele><time>2023-06-29T22:50:07Z</time></trkpt>
      <trkpt lat="22.5394792" lon="113.9354704"><ele>12.2</ele><time>2023-06-29T22:50:08Z</time></trkpt>
      <trkpt lat="22.5394616" lon="113.9354675"><ele>12.1</ele><time>2023-06-29T22:50:09Z</time></trkpt>
      <trkpt lat="22.5394442" lon="113.9354635"><ele>12.0</ele><time>2023-06-29T22:50:10Z</time></trkpt>
      <trkpt lat="22.5394262" lon="113.9354618"><ele>12.0</ele><time>2023-06-29T22:50:11Z</time></trkpt>
      <trkpt lat="22.5394079" lon="113.9354600"><ele>11.9</ele><time>2023-06-29T22:50:12Z</time></trkpt>
      <trkpt lat="22.5393898" lon="113.9354567"><ele>11.8</ele><time>2023-06-29T22:50:13Z</time></trkpt>
      <trkpt lat="22.5393720" lon="113.9354532"><ele>11.7</ele><time>2023-06-29T22:50:14Z</time></trkpt>
      <trkpt lat="22.5393543" lon="113.9354514"><ele>11.7</ele><time>2023-06-29T22:50:15Z</time></trkpt>
      <trkpt lat="22.5393370" lon="113.9354513"><ele>11.6</ele><time>2023-06-29T22:50:16Z</time></trkpt>
      <trkpt lat="22.5393198" lon="113.9354527"><ele>11.5</ele><time>2023-06-29T22:50:17Z</time></trkpt>
      <trkpt lat="22.5393020" lon="113.9354550"><ele>11.5</ele><time>2023-06-29T22:50:18Z</time></trkpt>
      <trkpt lat="22.5392836" lon="113.9354564"><ele>11.5</ele><time>2023-06-29T22:50:19Z</time></trkpt>
      <trkpt lat="22.5392649" lon="113.9354566"><ele>11.4</ele><time>2023-06-29T22:50:20Z</time></trkpt>
      <trkpt lat="22.5392464" lon="113.9354569"><ele>11.4</ele><time>2023-06-29T22:50:21Z</time></trkpt>
      <trkpt lat="22.5392283" lon="113.9354566"><ele>11.4</ele><time>2023-06-29T22:50:22Z</time></trkpt>
      <trkpt lat="22.5392105" lon="113.9354560"><ele>11.4</ele><time>2023-06-29T22:50:23Z</time></trkpt>
      <trkpt lat="22.5391925" lon="113.9354564"><ele>11.4</ele><time>2023-06-29T22:50:24Z</time></trkpt>
      <trkpt lat="22.5391744" lon="113.9354570"><ele>11.4</ele><time>2023-06-29T22:50:25Z</time></trkpt>
      <trkpt lat="22.5391560" lon="113.9354579"><ele>11.4</ele><time>2023-06-29T22:50:26Z</time></trkpt>
      <trkpt lat="22.5391373" lon="113.9354594"><ele>11.4</ele><time>2023-06-29T22:50:27Z</time></trkpt>
      <trkpt lat="22.5391186" lon="113.9354603"><ele>11.4</ele><time>2023-06-29T22:50:28Z</time></trkpt>
      <trkpt lat="22.5391003" lon="113.9354607"><ele>11.4</ele><time>2023-06-29T22:50:29Z</time></trkpt>
      <trkpt lat="22.5390822" lon="113.9354615"><ele>11.4</ele><time>2023-06-29T22:50:30Z</time></trkpt>
      <trkpt lat="22.5390644" lon="113.9354626"><ele>11.5</ele><time>2023-06-29T22:50:31Z</time></trkpt>
      <trkpt lat="22.5390466" lon="113.9354638"><ele>11.5</ele><time>2023-06-29T22:50:32Z</time></trkpt>
      <trkpt lat="22.5390284" lon="113.9354651"><ele>11.5</ele><time>2023-06-29T22:50:33Z</time></trkpt>
      <trkpt lat="22.5390100" lon="113.9354663"><ele>11.5</ele><time>2023-06-29T22:50:34Z</time></trkpt>
      <trkpt lat="22.5389916" lon="113.9354683"><ele>11.6</ele><time>2023-06-29T22:50:35Z</time></trkpt>
      <trkpt lat="22.5389726" lon="113.9354714"><ele>11.6</ele><time>2023-06-29T22:50:36Z</time></trkpt>
      <trkpt lat="22.5389528" lon="113.9354746"><ele>11.6</ele><time>2023-06-29T22:50:37Z</time></trkpt>
      <trkpt lat="22.5389325" lon="113.9354749"><ele>11.7</ele><time>2023-06-29T22:50:38Z</time></trkpt>
      <trkpt lat="22.5389134" lon="113.9354734"><ele>11.7</ele><time>2023-06-29T22:50:39Z</time></trkpt>
      <trkpt lat="22.5388957" lon="113.9354738"><ele>11.7</ele><time>2023-06-29T22:50:40Z</time></trkpt>
      <trkpt lat="22.5388783" lon="113.9354754"><ele>11.7</ele><time>2023-06-29T22:50:41Z</time></trkpt>
      <trkpt lat="22.5388609" lon="113.9354772"><ele>11.8</ele><time>2023-06-29T22:50:42Z</time></trkpt>
      <trkpt lat="22.5388437" lon="113.9354803"><ele>11.8</ele><time>2023-06-29T22:50:43Z</time></trkpt>
      <trkpt lat="22.5388269" lon="113.9354846"><ele>11.8</ele><time>2023-06-29T22:50:44Z</time></trkpt>
      <trkpt lat="22.5388096" lon="113.9354881"><ele>11.8</ele><time>2023-06-29T22:50:45Z</time></trkpt>
      <trkpt lat="22.5387921" lon="113.9354906"><ele>11.8</ele><time>2023-06-29T22:50:46Z</time></trkpt>
      <trkpt lat="22.5387750" lon="113.9354929"><ele>11.8</ele><time>2023-06-29T22:50:47Z</time></trkpt>
      <trkpt lat="22.5387579" lon="113.9354953"><ele>11.9</ele><time>2023-06-29T22:50:48Z</time></trkpt>
      <trkpt lat="22.5387409" lon="113.9354971"><ele>11.9</ele><time>2023-06-29T22:50:49Z</time></trkpt>
      <trkpt lat="22.5387241" lon="113.9354980"><ele>11.9</ele><time>2023-06-29T22:50:50Z</time></trkpt>
      <trkpt lat="22.5387074" lon="113.9354998"><ele>11.9</ele><time>2023-06-29T22:50:51Z</time></trkpt>
      <trkpt lat="22.5386908" lon="113.9355029"><ele>11.9</ele><time>2023-06-29T22:50:52Z</time></trkpt>
      <trkpt lat="22.5386743" lon="113.9355071"><ele>11.9</ele><time>2023-06-29T22:50:53Z</time></trkpt>
      <trkpt lat="22.5386579" lon="113.9355134"><ele>11.9</ele><time>2023-06-29T22:50:54Z</time></trkpt>
      <trkpt lat="22.5386424" lon="113.9355217"><ele>11.9</ele><time>2023-06-29T22:50:55Z</time></trkpt>
      <trkpt lat="22.5386274" lon="113.9355310"><ele>11.9</ele><time>2023-06-29T22:50:56Z</time></trkpt>
      <trkpt lat="22.5386126" lon="113.9355411"><ele>11.9</ele><time>2023-06-29T22:50:57Z</time></trkpt>
      <trkpt lat="22.5385982" lon="113.9355518"><ele>11.9</ele><time>2023-06-29T22:50:58Z</time></trkpt>
      <trkpt lat="22.5385848" lon="113.9355638"><ele>11.9</ele><time>2023-06-29T22:50:59Z</time></trkpt>
      <trkpt lat="22.5385728" lon="113.9355776"><ele>11.9</ele><time>2023-06-29T22:51:00Z</time></trkpt>
      <trkpt lat="22.5385608" lon="113.9355915"><ele>11.9</ele><time>2023-06-29T22:51:01Z</time></trkpt>
      <trkpt lat="22.5385482" lon="113.9356045"><ele>12.0</ele><time>2023-06-29T22:51:02Z</time></trkpt>
      <trkpt lat="22.5385351" lon="113.9356167"><ele>12.0</ele><time>2023-06-29T22:51:03Z</time></trkpt>
      <trkpt lat="22.5385218" lon="113.9356285"><ele>12.0</ele><time>2023-06-29T22:51:04Z</time></trkpt>
      <trkpt lat="22.5385086" lon="113.9356403"><ele>12.0</ele><time>2023-06-29T22:51:05Z</time></trkpt>
      <trkpt lat="22.5384963" lon="113.9356536"><ele>12.1</ele><time>2023-06-29T22:51:06Z</time></trkpt>
      <trkpt lat="22.5384850" lon="113.9356681"><ele>12.1</ele><time>2023-06-29T22:51:07Z</time></trkpt>
      <trkpt lat="22.5384741" lon="113.9356831"><ele>12.1</ele><time>2023-06-29T22:51:08Z</time></trkpt>
      <trkpt lat="22.5384638" lon="113.9356989"><ele>12.2</ele><time>2023-06-29T22:51:09Z</time></trkpt>
      <trkpt lat="22.5384542" lon="113.9357154"><ele>12.2</ele><time>2023-06-29T22:51:10Z</time></trkpt>
      <trkpt lat="22.5384457" lon="113.9357329"><ele>12.3</ele><time>2023-06-29T22:51:11Z</time></trkpt>
      <trkpt lat="22.5384384" lon="113.9357513"><ele>12.4</ele><time>2023-06-29T22:51:12Z</time></trkpt>
      <trkpt lat="22.5384317" lon="113.9357695"><ele>12.4</ele><time>2023-06-29T22:51:13Z</time></trkpt>
      <trkpt lat="22.5384257" lon="113.9357876"><ele>12.5</ele><time>2023-06-29T22:51:14Z</time></trkpt>
      <trkpt lat="22.5384209" lon="113.9358060"><ele>12.6</ele><time>2023-06-29T22:51:15Z</time></trkpt>
      <trkpt lat="22.5384174" lon="113.9358246"><ele>12.7</ele><time>2023-06-29T22:51:16Z</time></trkpt>
      <trkpt lat="22.5384143" lon="113.9358435"><ele>12.8</ele><time>2023-06-29T22:51:17Z</time></trkpt>
      <trkpt lat="22.5384117" lon="113.9358628"><ele>12.8</ele><time>2023-06-29T22:51:18Z</time></trkpt>
      <trkpt lat="22.5384097" lon="113.9358823"><ele>12.9</ele><time>2023-06-29T22:51:19Z</time></trkpt>
      <trkpt lat="22.5384078" lon="113.9359017"><ele>13.1</ele><time>2023-06-29T22:51:20Z</time></trkpt>
      <trkpt lat="22.5384053" lon="113.9359207"><ele>13.2</ele><time>2023-06-29T22:51:21Z</time></trkpt>
      <trkpt lat="22.5384043" lon="113.9359401"><ele>13.3</ele><time>2023-06-29T22:51:22Z</time></trkpt>
      <trkpt lat="22.5384054" lon="113.9359600"><ele>13.4</ele><time>2023-06-29T22:51:23Z</time></trkpt>
      <trkpt lat="22.5384057" lon="113.9359797"><ele>13.5</ele><time>2023-06-29T22:51:24Z</time></trkpt>
      <trkpt lat="22.5384060" lon="113.9359989"><ele>13.7</ele><time>2023-06-29T22:51:25Z</time></trkpt>
      <trkpt lat="22.5384079" lon="113.9360177"><ele>13.8</ele><time>2023-06-29T22:51:26Z</time></trkpt>
      <trkpt lat="22.5384123" lon="113.9360365"><ele>13.9</ele><time>2023-06-29T22:51:27Z</time></trkpt>
      <trkpt lat="22.5384180" lon="113.9360554"><ele>14.1</ele><time>2023-06-29T22:51:28Z</time></trkpt>
      <trkpt lat="22.5384239" lon="113.9360743"><ele>14.2</ele><time>2023-06-29T22:51:29Z</time></trkpt>
      <trkpt lat="22.5384312" lon="113.9360925"><ele>14.4</ele><time>2023-06-29T22:51:30Z</time></trkpt>
      <trkpt lat="22.5384403" lon="113.9361098"><ele>14.6</ele><time>2023-06-29T22:51:31Z</time></trkpt>
      <trkpt lat="22.5384499" lon="113.9361270"><ele>14.7</ele><time>2023-06-29T22:51:32Z</time></trkpt>
      <trkpt lat="22.5384595" lon="113.9361443"><ele>14.9</ele><time>2023-06-29T22:51:33Z</time></trkpt>
      <trkpt lat="22.5384702" lon="113.9361608"><ele>15.1</ele><time>2023-06-29T22:51:34Z</time></trkpt>
      <trkpt lat="22.5384826" lon="113.9361763"><ele>15.2</ele><time>2023-06-29T22:51:35Z</time></trkpt>
      <trkpt lat="22.5384960" lon="113.9361923"><ele>15.4</ele><time>2023-06-29T22:51:36Z</time></trkpt>
      <trkpt lat="22.5385094" lon="113.9362091"><ele>15.6</ele><time>2023-06-29T22:51:37Z</time></trkpt>
      <trkpt lat="22.5385228" lon="113.9362256"><ele>15.7</ele><time>2023-06-29T22:51:38Z</time></trkpt>
      <trkpt lat="22.5385365" lon="113.9362414"><ele>15.9</ele><time>2023-06-29T22:51:39Z</time></trkpt>
      <trkpt lat="22.5385513" lon="113.9362559"><ele>16.0</ele><time>2023-06-29T22:51:40Z</time></trkpt>
      <trkpt lat="22.5385672" lon="113.9362691"><ele>16.2</ele><time>2023-06-29T22:51:41Z</time></trkpt>
      <trkpt lat="22.5385840" lon="113.9362811"><ele>16.3</ele><time>2023-06-29T22:51:42Z</time></trkpt>
      <trkpt lat="22.5386020" lon="113.9362913"><ele>16.5</ele><time>2023-06-29T22:51:43Z</time></trkpt>
      <trkpt lat="22.5386206" lon="113.9363004"><ele>16.6</ele><time>2023-06-29T22:51:44Z</time></trkpt>
      <trkpt lat="22.5386390" lon="113.9363092"><ele>16.8</ele><time>2023-06-29T22:51:45Z</time></trkpt>
      <trkpt lat="22.5386576" lon="113.9363172"><ele>16.9</ele><time>2023-06-29T22:51:46Z</time></trkpt>
      <trkpt lat="22.5386758" lon="113.9363247"><ele>17.0</ele><time>2023-06-29T22:51:47Z</time></trkpt>
      <trkpt lat="22.5386937" lon="113.9363324"><ele>17.1</ele><time>2023-06-29T22:51:48Z</time></trkpt>
      <trkpt lat="22.5387122" lon="113.9363393"><ele>17.2</ele><time>2023-06-29T22:51:49Z</time></trkpt>
      <trkpt lat="22.5387314" lon="113.9363455"><ele>17.3</ele><time>2023-06-29T22:51:50Z</time></trkpt>
      <trkpt lat="22.5387512" lon="113.9363502"><ele>17.4</ele><time>2023-06-29T22:51:51Z</time></trkpt>
      <trkpt lat="22.5387713" lon="113.9363534"><ele>17.5</ele><time>2023-06-29T22:51:52Z</time></trkpt>
      <trkpt lat="22.5387914" lon="113.9363555"><ele>17.5</ele><time>2023-06-29T22:51:53Z</time></trkpt>
      <trkpt lat="22.5388118" lon="113.9363558"><ele>17.6</ele><time>2023-06-29T22:51:54Z</time></trkpt>
      <trkpt lat="22.5388319" lon="113.9363557"><ele>17.6</ele><time>2023-06-29T22:51:55Z</time></trkpt>
      <trkpt lat="22.5388519" lon="113.9363556"><ele>17.7</ele><time>2023-06-29T22:51:56Z</time></trkpt>
      <trkpt lat="22.5388717" lon="113.9363541"><ele>17.7</ele><time>2023-06-29T22:51:57Z</time></trkpt>
      <trkpt lat="22.5388911" lon="113.9363518"><ele>17.7</ele><time>2023-06-29T22:51:58Z</time></trkpt>
      <trkpt lat="22.5389104" lon="113.9363490"><ele>17.7</ele><time>2023-06-29T22:51:59Z</time></trkpt>
      <trkpt lat="22.5389297" lon="113.9363457"><ele>17.7</ele><time>2023-06-29T22:52:00Z</time></trkpt>
      <trkpt lat="22.5389488" lon="113.9363441"><ele>17.6</ele><time>2023-06-29T22:52:01Z</time></trkpt>
      <trkpt lat="22.5389680" lon="113.9363446"><ele>17.6</ele><time>2023-06-29T22:52:02Z</time></trkpt>
      <trkpt lat="22.5389870" lon="113.9363466"><ele>17.6</ele><time>2023-06-29T22:52:03Z</time></trkpt>
      <trkpt lat="22.5390056" lon="113.9363499"><ele>17.6</ele><time>2023-06-29T22:52:04Z</time></trkpt>
      <trkpt lat="22.5390246" lon="113.9363528"><ele>17.5</ele><time>2023-06-29T22:52:05Z</time></trkpt>
      <trkpt lat="22.5390438" lon="113.9363550"><ele>17.5</ele><time>2023-06-29T22:52:06Z</time></trkpt>
      <trkpt lat="22.5390625" lon="113.9363573"><ele>17.4</ele><time>2023-06-29T22:52:07Z</time></trkpt>
      <trkpt lat="22.5390811" lon="113.9363587"><ele>17.4</ele><time>2023-06-29T22:52:08Z</time></trkpt>
      <trkpt lat="22.5391002" lon="113.9363591"><ele>17.3</ele><time>2023-06-29T22:52:09Z</time></trkpt>
      <trkpt lat="22.5391197" lon="113.9363587"><ele>17.3</ele><time>2023-06-29T22:52:10Z</time></trkpt>
      <trkpt lat="22.5391394" lon="113.9363580"><ele>17.2</ele><time>2023-06-29T22:52:11Z</time></trkpt>
      <trkpt lat="22.5391586" lon="113.9363568"><ele>17.1</ele><time>2023-06-29T22:52:12Z</time></trkpt>
      <trkpt lat="22.5391774" lon="113.9363553"><ele>17.1</ele><time>2023-06-29T22:52:13Z</time></trkpt>
      <trkpt lat="22.5391965" lon="113.9363542"><ele>17.0</ele><time>2023-06-29T22:52:14Z</time></trkpt>
      <trkpt lat="22.5392152" lon="113.9363542"><ele>17.0</ele><time>2023-06-29T22:52:15Z</time></trkpt>
      <trkpt lat="22.5392337" lon="113.9363543"><ele>16.9</ele><time>2023-06-29T22:52:16Z</time></trkpt>
      <trkpt lat="22.5392527" lon="113.9363545"><ele>16.9</ele><time>2023-06-29T22:52:17Z</time></trkpt>
      <trkpt lat="22.5392717" lon="113.9363545"><ele>16.8</ele><time>2023-06-29T22:52:18Z</time></trkpt>
      <trkpt lat="22.5392907" lon="113.9363535"><ele>16.7</ele><time>2023-06-29T22:52:19Z</time></trkpt>
      <trkpt lat="22.5393096" lon="113.9363521"><ele>16.7</ele><time>2023-06-29T22:52:20Z</time></trkpt>
      <trkpt lat="22.5393281" lon="113.9363506"><ele>16.6</ele><time>2023-06-29T22:52:21Z</time></trkpt>
      <trkpt lat="22.5393467" lon="113.9363487"><ele>16.6</ele><time>2023-06-29T22:52:22Z</time></trkpt>
      <trkpt lat="22.5393656" lon="113.9363471"><ele>16.5</ele><time>2023-06-29T22:52:23Z</time></trkpt>
      <trkpt lat="22.5393841" lon="113.9363466"><ele>16.5</ele><time>2023-06-29T22:52:24Z</time></trkpt>
      <trkpt lat="22.5394029" lon="113.9363469"><ele>16.5</ele><time>2023-06-29T22:52:25Z</time></trkpt>
      <trkpt lat="22.5394219" lon="113.9363472"><ele>16.4</ele><time>2023-06-29T22:52:26Z</time></trkpt>
      <trkpt lat="22.5394406" lon="113.9363476"><ele>16.4</ele><time>2023-06-29T22:52:27Z</time></trkpt>
      <trkpt lat="22.5394595" lon="113.9363474"><ele>16.3</ele><time>2023-06-29T22:52:28Z</time></trkpt>
      <trkpt lat="22.5394783" lon="113.9363460"><ele>16.3</ele><time>2023-06-29T22:52:29Z</time></trkpt>
      <trkpt lat="22.5394966" lon="113.9363445"><ele>16.3</ele><time>2023-06-29T22:52:30Z</time></trkpt>
      <trkpt lat="22.5395147" lon="113.9363439"><ele>16.2</ele><time>2023-06-29T22:52:31Z</time></trkpt>
      <trkpt lat="22.5395325" lon="113.9363442"><ele>16.2</ele><time>2023-06-29T22:52:32Z</time></trkpt>
      <trkpt lat="22.5395498" lon="113.9363445"><ele>16.2</ele><time>2023-06-29T22:52:33Z</time></trkpt>
      <trkpt lat="22.5395672" lon="113.9363440"><ele>16.2</ele><time>2023-06-29T22:52:34Z</time></trkpt>
      <trkpt lat="22.5395846" lon="113.9363420"><ele>16.1</ele><time>2023-06-29T22:52:35Z</time></trkpt>
      <trkpt lat="22.5396019" lon="113.9363383"><ele>16.1</ele><time>2023-06-29T22:52:36Z</time></trkpt>
      <trkpt lat="22.5396194" lon="113.9363332"><ele>16.1</ele><time>2023-06-29T22:52:37Z</time></trkpt>
      <trkpt lat="22.5396367" lon="113.9363276"><ele>16.1</ele><time>2023-06-29T22:52:38Z</time></trkpt>
      <trkpt lat="22.5396533" lon="113.9363228"><ele>16.1</ele><time>2023-06-29T22:52:39Z</time></trkpt>
      <trkpt lat="22.5396695" lon="113.9363177"><ele>16.1</ele><time>2023-06-29T22:52:40Z</time></trkpt>
      <trkpt lat="22.5396853" lon="113.9363105"><ele>16.1</ele><time>2023-06-29T22:52:41Z</time></trkpt>
      <trkpt lat="22.5397007" lon="113.9363015"><ele>16.1</ele><time>2023-06-29T22:52:42Z</time></trkpt>
      <trkpt lat="22.5397160" lon="113.9362915"><ele>16.1</ele><time>2023-06-29T22:52:43Z</time></trkpt>
      <trkpt lat="22.5397311" lon="113.9362816"><ele>16.1</ele><time>2023-06-29T22:52:44Z</time></trkpt>
      <trkpt lat="22.5397460" lon="113.9362719"><ele>16.1</ele><time>2023-06-29T22:52:45Z</time></trkpt>
      <trkpt lat="22.5397604" lon="113.9362611"><ele>16.1</ele><time>2023-06-29T22:52:46Z</time></trkpt>
      <trkpt lat="22.5397743" lon="113.9362493"><ele>16.1</ele><time>2023-06-29T22:52:47Z</time></trkpt>
      <trkpt lat="22.5397886" lon="113.9362380"><ele>16.1</ele><time>2023-06-29T22:52:48Z</time></trkpt>
      <trkpt lat="22.5398031" lon="113.9362272"><ele>16.1</ele><time>2023-06-29T22:52:49Z</time></trkpt>
      <trkpt lat="22.5398176" lon="113.9362171"><ele>16.1</ele><time>2023-06-29T22:52:50Z</time></trkpt>
      <trkpt lat="22.5398314" lon="113.9362056"><ele>16.1</ele><time>2023-06-29T22:52:51Z</time></trkpt>
      <trkpt lat="22.5398436" lon="113.9361919"><ele>16.1</ele><time>2023-06-29T22:52:52Z</time></trkpt>
      <trkpt lat="22.5398551" lon="113.9361775"><ele>16.2</ele><time>2023-06-29T22:52:53Z</time></trkpt>
      <trkpt lat="22.5398657" lon="113.9361627"><ele>16.2</ele><time>2023-06-29T22:52:54Z</time></trkpt>
      <trkpt lat="22.5398757" lon="113.9361471"><ele>16.2</ele><time>2023-06-29T22:52:55Z</time></trkpt>
      <trkpt lat="22.5398848" lon="113.9361305"><ele>16.2</ele><time>2023-06-29T22:52:56Z</time></trkpt>
      <trkpt lat="22.5398934" lon="113.9361136"><ele>16.2</ele><time>2023-06-29T22:52:57Z</time></trkpt>
      <trkpt lat="22.5399015" lon="113.9360964"><ele>16.2</ele><time>2023-06-29T22:52:58Z</time></trkpt>
      <trkpt lat="22.5399076" lon="113.9360778"><ele>16.2</ele><time>2023-06-29T22:52:59Z</time></trkpt>
      <trkpt lat="22.5399127" lon="113.9360587"><ele>16.3</ele><time>2023-06-29T22:53:00Z</time></trkpt>
      <trkpt lat="22.5399176" lon="113.9360394"><ele>16.3</ele><time>2023-06-29T22:53:01Z</time></trkpt>
      <trkpt lat="22.5399220" lon="113.9360199"><ele>16.3</ele><time>2023-06-29T22:53:02Z</time></trkpt>
      <trkpt lat="22.5399256" lon="113.9360005"><ele>16.3</ele><time>2023-06-29T22:53:03Z</time></trkpt>
      <trkpt lat="22.5399279" lon="113.9359806"><ele>16.3</ele><time>2023-06-29T22:53:04Z</time></trkpt>
      <trkpt lat="22.5399294" lon="113.9359600"><ele>16.3</ele><time>2023-06-29T22:53:05Z</time></trkpt>
      <trkpt lat="22.5399310" lon="113.9359388"><ele>16.3</ele><time>2023-06-29T22:53:06Z</time></trkpt>
      <trkpt lat="22.5399338" lon="113.9359172"><ele>16.3</ele><time>2023-06-29T22:53:07Z</time></trkpt>
      <trkpt lat="22.5399368" lon="113.9358957"><ele>16.2</ele><time>2023-06-29T22:53:08Z</time></trkpt>
      <trkpt lat="22.5399374" lon="113.9358746"><ele>16.2</ele><time>2023-06-29T22:53:09Z</time></trkpt>
      <trkpt lat="22.5399345" lon="113.9358534"><ele>16.2</ele><time>2023-06-29T22:53:10Z</time></trkpt>
      <trkpt lat="22.5399307" lon="113.9358321"><ele>16.2</ele><time>2023-06-29T22:53:11Z</time></trkpt>
      <trkpt lat="22.5399269" lon="113.9358112"><ele>16.1</ele><time>2023-06-29T22:53:12Z</time></trkpt>
      <trkpt lat="22.5399217" lon="113.9357910"><ele>16.1</ele><time>2023-06-29T22:53:13Z</time></trkpt>
      <trkpt lat="22.5399149" lon="113.9357714"><ele>16.0</ele><time>2023-06-29T22:53:14Z</time></trkpt>
      <trkpt lat="22.5399060" lon="113.9357519"><ele>16.0</ele><time>2023-06-29T22:53:15Z</time></trkpt>
      <trkpt lat="22.5398970" lon="113.9357321"><ele>16.0</ele><time>2023-06-29T22:53:16Z</time></trkpt>
      <trkpt lat="22.5398873" lon="113.9357132"><ele>15.9</ele><time>2023-06-29T22:53:17Z</time></trkpt>
      <trkpt lat="22.5398751" lon="113.9356957"><ele>15.9</ele><time>2023-06-29T22:53:18Z</time></trkpt>
      <trkpt lat="22.5398623" lon="113.9356788"><ele>15.8</ele><time>2023-06-29T22:53:19Z</time></trkpt>
      <trkpt lat="22.5398496" lon="113.9356628"><ele>15.7</ele><time>2023-06-29T22:53:20Z</time></trkpt>
      <trkpt lat="22.5398362" lon="113.9356480"><ele>15.7</ele><time>2023-06-29T22:53:21Z</time></trkpt>
      <trkpt lat="22.5398223" lon="113.9356335"><ele>15.6</ele><time>2023-06-29T22:53:22Z</time></trkpt>
      <trkpt lat="22.5398084" lon="113.9356194"><ele>15.6</ele><time>2023-06-29T22:53:23Z</time></trkpt>
      <trkpt lat="22.5397944" lon="113.9356061"><ele>15.5</ele><time>2023-06-29T22:53:24Z</time></trkpt>
      <trkpt lat="22.5397802" lon="113.9355932"><ele>15.4</ele><time>2023-06-29T22:53:25Z</time></trkpt>
      <trkpt lat="22.5397661" lon="113.9355809"><ele>15.4</ele><time>2023-06-29T22:53:26Z</time></trkpt>
      <trkpt lat="22.5397515" lon="113.9355689"><ele>15.3</ele><time>2023-06-29T22:53:27Z</time></trkpt>
      <trkpt lat="22.5397361" lon="113.9355576"><ele>15.3</ele><time>2023-06-29T22:53:28Z</time></trkpt>
      <trkpt lat="22.5397201" lon="113.9355474"><ele>15.2</ele><time>2023-06-29T22:53:29Z</time></trkpt>
      <trkpt lat="22.5397031" lon="113.9355384"><ele>15.2</ele><time>2023-06-29T22:53:30Z</time></trkpt>
      <trkpt lat="22.5396853" lon="113.9355309"><ele>15.1</ele><time>2023-06-29T22:53:31Z</time></trkpt>
      <trkpt lat="22.5396672" lon="113.9355245"><ele>15.1</ele><time>2023-06-29T22:53:32Z</time></trkpt>
      <trkpt lat="22.5396491" lon="113.9355189"><ele>15.0</ele><time>2023-06-29T22:53:33Z</time></trkpt>
      <trkpt lat="22.5396312" lon="113.9355138"><ele>15.0</ele><time>2023-06-29T22:53:34Z</time></trkpt>
      <trkpt lat="22.5396133" lon="113.9355087"><ele>14.9</ele><time>2023-06-29T22:53:35Z</time></trkpt>
      <trkpt lat="22.5395954" lon="113.9355046"><ele>14.9</ele><time>2023-06-29T22:53:36Z</time></trkpt>
      <trkpt lat="22.5395772" lon="113.9355019"><ele>14.8</ele><time>2023-06-29T22:53:37Z</time></trkpt>
      <trkpt lat="22.5395586" lon="113.9355002"><ele>14.8</ele><time>2023-06-29T22:53:38Z</time></trkpt>
      <trkpt lat="22.5395398" lon="113.9354986"><ele>14.7</ele><time>2023-06-29T22:53:39Z</time></trkpt>
      <trkpt lat="22.5395210" lon="113.9354966"><ele>14.7</ele><time>2023-06-29T22:53:40Z</time></trkpt>
      <trkpt lat="22.5395023" lon="113.9354947"><ele>14.7</ele><time>2023-06-29T22:53:41Z</time></trkpt>
      <trkpt lat="22.5394833" lon="113.9354935"><ele>14.6</ele><time>2023-06-29T22:53:42Z</time></trkpt>
      <trkpt lat="22.5394642" lon="113.9354930"><ele>14.6</ele><time>2023-06-29T22:53:43Z</time></trkpt>
      <trkpt lat="22.5394448" lon="113.9354930"><ele>14.6</ele><time>2023-06-29T22:53:44Z</time></trkpt>
      <trkpt lat="22.5394256" lon="113.9354916"><ele>14.6</ele><time>2023-06-29T22:53:45Z</time></trkpt>
      <trkpt lat="22.5394065" lon="113.9354903"><ele>14.5</ele><time>2023-06-29T22:53:46Z</time></trkpt>
      <trkpt lat="22.5393876" lon="113.9354907"><ele>14.5</ele><time>2023-06-29T22:53:47Z</time></trkpt>
      <trkpt lat="22.5393685" lon="113.9354913"><ele>14.5</ele><time>2023-06-29T22:53:48Z</time></trkpt>
      <trkpt lat="22.5393492" lon="113.9354922"><ele>14.5</ele><time>2023-06-29T22:53:49Z</time></trkpt>
      <trkpt lat="22.5393299" lon="113.9354935"><ele>14.4</ele><time>2023-06-29T22:53:50Z</time></trkpt>
      <trkpt lat="22.5393108" lon="113.9354944"><ele>14.4</ele><time>2023-06-29T22:53:51Z</time></trkpt>
      <trkpt lat="22.5392919" lon="113.9354939"><ele>14.4</ele><time>2023-06-29T22:53:52Z</time></trkpt>
      <trkpt lat="22.5392730" lon="113.9354926"><ele>14.4</ele><time>2023-06-29T22:53:53Z</time></trkpt>
      <trkpt lat="22.5392540" lon="113.9354926"><ele>14.4</ele><time>2023-06-29T22:53:54Z</time></trkpt>
      <trkpt lat="22.5392351" lon="113.9354936"><ele>14.4</ele><time>2023-06-29T22:53:55Z</time></trkpt>
      <trkpt lat="22.5392162" lon="113.9354944"><ele>14.3</ele><time>2023-06-29T22:53:56Z</time></trkpt>
      <trkpt lat="22.5391975" lon="113.9354945"><ele>14.3</ele><time>2023-06-29T22:53:57Z</time></trkpt>
      <trkpt lat="22.5391791" lon="113.9354945"><ele>14.3</ele><time>2023-06-29T22:53:58Z</time></trkpt>
      <trkpt lat="22.5391607" lon="113.9354953"><ele>14.3</ele><time>2023-06-29T22:53:59Z</time></trkpt>
      <trkpt lat="22.5391421" lon="113.9354958"><ele>14.3</ele><time>2023-06-29T22:54:00Z</time></trkpt>
      <trkpt lat="22.5391235" lon="113.9354958"><ele>14.3</ele><time>2023-06-29T22:54:01Z</time></trkpt>
      <trkpt lat="22.5391051" lon="113.9354958"><ele>14.3</ele><time>2023-06-29T22:54:02Z</time></trkpt>
      <trkpt lat="22.5390864" lon="113.9354961"><ele>14.3</ele><time>2023-06-29T22:54:03Z</time></trkpt>
      <trkpt lat="22.5390678" lon="113.9354966"><ele>14.3</ele><time>2023-06-29T22:54:04Z</time></trkpt>
      <trkpt lat="22.5390492" lon="113.9354976"><ele>14.3</ele><time>2023-06-29T22:54:05Z</time></trkpt>
      <trkpt lat="22.5390303" lon="113.9354989"><ele>14.2</ele><time>2023-06-29T22:54:06Z</time></trkpt>
      <trkpt lat="22.5390114" lon="113.9354988"><ele>14.2</ele><time>2023-06-29T22:54:07Z</time></trkpt>
      <trkpt lat="22.5389924" lon="113.9354983"><ele>14.2</ele><time>2023-06-29T22:54:08Z</time></trkpt>
      <trkpt lat="22.5389735" lon="113.9354985"><ele>14.2</ele><time>2023-06-29T22:54:09Z</time></trkpt>
      <trkpt lat="22.5389550" lon="113.9354986"><ele>14.2</ele><time>2023-06-29T22:54:10Z</time></trkpt>
      <trkpt lat="22.5389366" lon="113.9354988"><ele>14.2</ele><time>2023-06-29T22:54:11Z</time></trkpt>
      <trkpt lat="22.5389182" lon="113.9354996"><ele>14.2</ele><time>2023-06-29T22:54:12Z</time></trkpt>
      <trkpt lat="22.5389000" lon="113.9355000"><ele>14.2</ele><time>2023-06-29T22:54:13Z</time></trkpt>
      <trkpt lat="22.5388818" lon="113.9355003"><ele>14.2</ele><time>2023-06-29T22:54:14Z</time></trkpt>
      <trkpt lat="22.5388639" lon="113.9355017"><ele>14.2</ele><time>2023-06-29T22:54:15Z</time></trkpt>
      <trkpt lat="22.5388464" lon="113.9355041"><ele>14.2</ele><time>2023-06-29T22:54:16Z</time></trkpt>
      <trkpt lat="22.5388288" lon="113.9355063"><ele>14.2</ele><time>2023-06-29T22:54:17Z</time></trkpt>
      <trkpt lat="22.5388110" lon="113.9355084"><ele>14.2</ele><time>2023-06-29T22:54:18Z</time></trkpt>
      <trkpt lat="22.5387936" lon="113.9355113"><ele>14.2</ele><time>2023-06-29T22:54:19Z</time></trkpt>
      <trkpt lat="22.5387764" lon="113.9355157"><ele>14.2</ele><time>2023-06-29T22:54:20Z</time></trkpt>
      <trkpt lat="22.5387596" lon="113.9355213"><ele>14.2</ele><time>2023-06-29T22:54:21Z</time></trkpt>
      <trkpt lat="22.5387430" lon="113.9355262"><ele>14.2</ele><time>2023-06-29T22:54:22Z</time></trkpt>
      <trkpt lat="22.5387262" lon="113.9355301"><ele>14.2</ele><time>2023-06-29T22:54:23Z</time></trkpt>
      <trkpt lat="22.5387096" lon="113.9355343"><ele>14.2</ele><time>2023-06-29T22:54:24Z</time></trkpt>
      <trkpt lat="22.5386936" lon="113.9355395"><ele>14.2</ele><time>2023-06-29T22:54:25Z</time></trkpt>
      <trkpt lat="22.5386775" lon="113.9355455"><ele>14.2</ele><time>2023-06-29T22:54:26Z</time></trkpt>
      <trkpt lat="22.5386611" lon="113.9355517"><ele>14.2</ele><time>2023-06-29T22:54:27Z</time></trkpt>
      <trkpt lat="22.5386446" lon="113.9355572"><ele>14.2</ele><time>2023-06-29T22:54:28Z</time></trkpt>
      <trkpt lat="22.5386283" lon="113.9355635"><ele>14.2</ele><time>2023-06-29T22:54:29Z</time></trkpt>
      <trkpt lat="22.5386128" lon="113.9355715"><ele>14.2</ele><time>2023-06-29T22:54:30Z</time></trkpt>
      <trkpt lat="22.5385984" lon="113.9355813"><ele>14.2</ele><time>2023-06-29T22:54:31Z</time></trkpt>
      <trkpt lat="22.5385844" lon="113.9355926"><ele>14.2</ele><time>2023-06-29T22:54:32Z</time></trkpt>
      <trkpt lat="22.5385698" lon="113.9356045"><ele>14.2</ele><time>2023-06-29T22:54:33Z</time></trkpt>
      <trkpt lat="22.5385548" lon="113.9356166"><ele>14.2</ele><time>2023-06-29T22:54:34Z</time></trkpt>
      <trkpt lat="22.5385404" lon="113.9356298"><ele>14.2</ele><time>2023-06-29T22:54:35Z</time></trkpt>
      <trkpt lat="22.5385265" lon="113.9356441"><ele>14.2</ele><time>2023-06-29T22:54:36Z</time></trkpt>
      <trkpt lat="22.5385122" lon="113.9356593"><ele>14.2</ele><time>2023-06-29T22:54:37Z</time></trkpt>
      <trkpt lat="22.5384975" lon="113.9356755"><ele>14.2</ele><time>2023-06-29T22:54:38Z</time></trkpt>
      <trkpt lat="22.5384837" lon="113.9356913"><ele>14.2</ele><time>2023-06-29T22:54:39Z</time></trkpt>
      <trkpt lat="22.5384714" lon="113.9357065"><ele>14.2</ele><time>2023-06-29T22:54:40Z</time></trkpt>
      <trkpt lat="22.5384605" lon="113.9357222"><ele>14.2</ele><time>2023-06-29T22:54:41Z</time></trkpt>
      <trkpt lat="22.5384504" lon="113.9357383"><ele>14.2</ele><time>2023-06-29T22:54:42Z</time></trkpt>
      <trkpt lat="22.5384413" lon="113.9357549"><ele>14.2</ele><time>2023-06-29T22:54:43Z</time></trkpt>
      <trkpt lat="22.5384336" lon="113.9357724"><ele>14.2</ele><time>2023-06-29T22:54:44Z</time></trkpt>
      <trkpt lat="22.5384274" lon="113.9357904"><ele>14.2</ele><time>2023-06-29T22:54:45Z</time></trkpt>
      <trkpt lat="22.5384224" lon="113.9358090"><ele>14.2</ele><time>2023-06-29T22:54:46Z</time></trkpt>
      <trkpt lat="22.5384185" lon="113.9358280"><ele>14.2</ele><time>2023-06-29T22:54:47Z</time></trkpt>
      <trkpt lat="22.5384152" lon="113.9358470"><ele>14.2</ele><time>2023-06-29T22:54:48Z</time></trkpt>
      <trkpt lat="22.5384120" lon="113.9358660"><ele>14.2</ele><time>2023-06-29T22:54:49Z</time></trkpt>
      <trkpt lat="22.5384088" lon="113.9358849"><ele>14.2</ele><time>2023-06-29T22:54:50Z</time></trkpt>
      <trkpt lat="22.5384061" lon="113.9359035"><ele>14.1</ele><time>2023-06-29T22:54:51Z</time></trkpt>
      <trkpt lat="22.5384047" lon="113.9359220"><ele>14.1</ele><time>2023-06-29T22:54:52Z</time></trkpt>
      <trkpt lat="22.5384052" lon="113.9359410"><ele>14.1</ele><time>2023-06-29T22:54:53Z</time></trkpt>
      <trkpt lat="22.5384070" lon="113.9359601"><ele>14.1</ele><time>2023-06-29T22:54:54Z</time></trkpt>
      <trkpt lat="22.5384095" lon="113.9359791"><ele>14.1</ele><time>2023-06-29T22:54:55Z</time></trkpt>
      <trkpt lat="22.5384126" lon="113.9359979"><ele>14.1</ele><time>2023-06-29T22:54:56Z</time></trkpt>
      <trkpt lat="22.5384162" lon="113.9360165"><ele>14.1</ele><time>2023-06-29T22:54:57Z</time></trkpt>
      <trkpt lat="22.5384201" lon="113.9360349"><ele>14.0</ele><time>2023-06-29T22:54:58Z</time></trkpt>
      <trkpt lat="22.5384250" lon="113.9360536"><ele>14.0</ele><time>2023-06-29T22:54:59Z</time></trkpt>
      <trkpt lat="22.5384312" lon="113.9360727"><ele>14.0</ele><time>2023-06-29T22:55:00Z</time></trkpt>
      <trkpt lat="22.5384382" lon="113.9360910"><ele>14.0</ele><time>2023-06-29T22:55:01Z</time></trkpt>
      <trkpt lat="22.5384456" lon="113.9361084"><ele>14.0</ele><time>2023-06-29T22:55:02Z</time></trkpt>
      <trkpt lat="22.5384531" lon="113.9361254"><ele>13.9</ele><time>2023-06-29T22:55:03Z</time></trkpt>
      <trkpt lat="22.5384605" lon="113.9361423"><ele>13.9</ele><time>2023-06-29T22:55:04Z</time></trkpt>
      <trkpt lat="22.5384694" lon="113.9361586"><ele>13.9</ele><time>2023-06-29T22:55:05Z</time></trkpt>
      <trkpt lat="22.5384797" lon="113.9361740"><ele>13.9</ele><time>2023-06-29T22:55:06Z</time></trkpt>
      <trkpt lat="22.5384902" lon="113.9361888"><ele>13.8</ele><time>2023-06-29T22:55:07Z</time></trkpt>
      <trkpt lat="22.5385006" lon="113.9362034"><ele>13.8</ele><time>2023-06-29T22:55:08Z</time></trkpt>
      <trkpt lat="22.5385108" lon="113.9362180"><ele>13.8</ele><time>2023-06-29T22:55:09Z</time></trkpt>
      <trkpt lat="22.5385210" lon="113.9362323"><ele>13.8</ele><time>2023-06-29T22:55:10Z</time></trkpt>
      <trkpt lat="22.5385321" lon="113.9362456"><ele>13.7</ele><time>2023-06-29T22:55:11Z</time></trkpt>
      <trkpt lat="22.5385445" lon="113.9362577"><ele>13.7</ele><time>2023-06-29T22:55:12Z</time></trkpt>
      <trkpt lat="22.5385574" lon="113.9362695"><ele>13.7</ele><time>2023-06-29T22:55:13Z</time></trkpt>
      <trkpt lat="22.5385706" lon="113.9362813"><ele>13.7</ele><time>2023-06-29T22:55:14Z</time></trkpt>
      <trkpt lat="22.5385849" lon="113.9362920"><ele>13.7</ele><time>2023-06-29T22:55:15Z</time></trkpt>
      <trkpt lat="22.5386004" lon="113.9363009"><ele>13.7</ele><time>2023-06-29T22:55:16Z</time></trkpt>
      <trkpt lat="22.5386167" lon="113.9363094"><ele>13.7</ele><time>2023-06-29T22:55:17Z</time></trkpt>
      <trkpt lat="22.5386339" lon="113.9363166"><ele>13.7</ele><time>2023-06-29T22:55:18Z</time></trkpt>
      <trkpt lat="22.5386515" lon="113.9363223"><ele>13.7</ele><time>2023-06-29T22:55:19Z</time></trkpt>
      <trkpt lat="22.5386688" lon="113.9363271"><ele>13.7</ele><time>2023-06-29T22:55:20Z</time></trkpt>
      <trkpt lat="22.5386861" lon="113.9363314"><ele>13.7</ele><time>2023-06-29T22:55:21Z</time></trkpt>
      <trkpt lat="22.5387032" lon="113.9363359"><ele>13.7</ele><time>2023-06-29T22:55:22Z</time></trkpt>
      <trkpt lat="22.5387205" lon="113.9363400"><ele>13.7</ele><time>2023-06-29T22:55:23Z</time></trkpt>
      <trkpt lat="22.5387382" lon="113.9363435"><ele>13.7</ele><time>2023-06-29T22:55:24Z</time></trkpt>
      <trkpt lat="22.5387562" lon="113.9363465"><ele>13.7</ele><time>2023-06-29T22:55:25Z</time></trkpt>
      <trkpt lat="22.5387746" lon="113.9363487"><ele>13.7</ele><time>2023-06-29T22:55:26Z</time></trkpt>
      <trkpt lat="22.5387932" lon="113.9363507"><ele>13.7</ele><time>2023-06-29T22:55:27Z</time></trkpt>
      <trkpt lat="22.5388117" lon="113.9363528"><ele>13.7</ele><time>2023-06-29T22:55:28Z</time></trkpt>
      <trkpt lat="22.5388301" lon="113.9363549"><ele>13.7</ele><time>2023-06-29T22:55:29Z</time></trkpt>
      <trkpt lat="22.5388481" lon="113.9363592"><ele>13.7</ele><time>2023-06-29T22:55:30Z</time></trkpt>
      <trkpt lat="22.5388666" lon="113.9363630"><ele>13.8</ele><time>2023-06-29T22:55:31Z</time></trkpt>
      <trkpt lat="22.5388857" lon="113.9363635"><ele>13.8</ele><time>2023-06-29T22:55:32Z</time></trkpt>
      <trkpt lat="22.5389049" lon="113.9363639"><ele>13.8</ele><time>2023-06-29T22:55:33Z</time></trkpt>
      <trkpt lat="22.5389246" lon="113.9363663"><ele>13.8</ele><time>2023-06-29T22:55:34Z</time></trkpt>
      <trkpt lat="22.5389449" lon="113.9363690"><ele>13.8</ele><time>2023-06-29T22:55:35Z</time></trkpt>
      <trkpt lat="22.5389653" lon="113.9363715"><ele>13.8</ele><time>2023-06-29T22:55:36Z</time></trkpt>
      <trkpt lat="22.5389856" lon="113.9363735"><ele>13.8</ele><time>2023-06-29T22:55:37Z</time></trkpt>
      <trkpt lat="22.5390056" lon="113.9363746"><ele>13.8</ele><time>2023-06-29T22:55:38Z</time></trkpt>
      <trkpt lat="22.5390258" lon="113.9363737"><ele>13.8</ele><time>2023-06-29T22:55:39Z</time></trkpt>
      <trkpt lat="22.5390460" lon="113.9363714"><ele>13.9</ele><time>2023-06-29T22:55:40Z</time></trkpt>
      <trkpt lat="22.5390659" lon="113.9363698"><ele>13.9</ele><time>2023-06-29T22:55:41Z</time></trkpt>
      <trkpt lat="22.5390855" lon="113.9363685"><ele>13.9</ele><time>2023-06-29T22:55:42Z</time></trkpt>
      <trkpt lat="22.5391051" lon="113.9363671"><ele>13.9</ele><time>2023-06-29T22:55:43Z</time></trkpt>
      <trkpt lat="22.5391247" lon="113.9363665"><ele>13.9</ele><time>2023-06-29T22:55:44Z</time></trkpt>
      <trkpt lat="22.5391445" lon="113.9363664"><ele>13.9</ele><time>2023-06-29T22:55:45Z</time></trkpt>
      <trkpt lat="22.5391643" lon="113.9363657"><ele>14.0</ele><time>2023-06-29T22:55:46Z</time></trkpt>
      <trkpt lat="22.5391840" lon="113.9363637"><ele>14.0</ele><time>2023-06-29T22:55:47Z</time></trkpt>
      <trkpt lat="22.5392036" lon="113.9363605"><ele>14.0</ele><time>2023-06-29T22:55:48Z</time></trkpt>
      <trkpt lat="22.5392229" lon="113.9363582"><ele>14.0</ele><time>2023-06-29T22:55:49Z</time></trkpt>
      <trkpt lat="22.5392423" lon="113.9363574"><ele>14.1</ele><time>2023-06-29T22:55:50Z</time></trkpt>
      <trkpt lat="22.5392617" lon="113.9363566"><ele>14.1</ele><time>2023-06-29T22:55:51Z</time></trkpt>
      <trkpt lat="22.5392806" lon="113.9363550"><ele>14.1</ele><time>2023-06-29T22:55:52Z</time></trkpt>
      <trkpt lat="22.5392996" lon="113.9363527"><ele>14.1</ele><time>2023-06-29T22:55:53Z</time></trkpt>
      <trkpt lat="22.5393187" lon="113.9363506"><ele>14.1</ele><time>2023-06-29T22:55:54Z</time></trkpt>
      <trkpt lat="22.5393377" lon="113.9363504"><ele>14.2</ele><time>2023-06-29T22:55:55Z</time></trkpt>
      <trkpt lat="22.5393569" lon="113.9363507"><ele>14.2</ele><time>2023-06-29T22:55:56Z</time></trkpt>
      <trkpt lat="22.5393761" lon="113.9363498"><ele>14.2</ele><time>2023-06-29T22:55:57Z</time></trkpt>
      <trkpt lat="22.5393950" lon="113.9363485"><ele>14.2</ele><time>2023-06-29T22:55:58Z</time></trkpt>
      <trkpt lat="22.5394141" lon="113.9363466"><ele>14.2</ele><time>2023-06-29T22:55:59Z</time></trkpt>
      <trkpt lat="22.5394332" lon="113.9363437"><ele>14.2</ele><time>2023-06-29T22:56:00Z</time></trkpt>
      <trkpt lat="22.5394522" lon="113.9363397"><ele>14.2</ele><time>2023-06-29T22:56:01Z</time></trkpt>
      <trkpt lat="22.5394713" lon="113.9363361"><ele>14.2</ele><time>2023-06-29T22:56:02Z</time></trkpt>
      <trkpt lat="22.5394905" lon="113.9363330"><ele>14.2</ele><time>2023-06-29T22:56:03Z</time></trkpt>
      <trkpt lat="22.5395090" lon="113.9363297"><ele>14.2</ele><time>2023-06-29T22:56:04Z</time></trkpt>
      <trkpt lat="22.5395276" lon="113.9363267"><ele>14.2</ele><time>2023-06-29T22:56:05Z</time></trkpt>
      <trkpt lat="22.5395467" lon="113.9363248"><ele>14.2</ele><time>2023-06-29T22:56:06Z</time></trkpt>
      <trkpt lat="22.5395657" lon="113.9363230"><ele>14.2</ele><time>2023-06-29T22:56:07Z</time></trkpt>
      <trkpt lat="22.5395843" lon="113.9363201"><ele>14.2</ele><time>2023-06-29T22:56:08Z</time></trkpt>
      <trkpt lat="22.5396027" lon="113.9363164"><ele>14.2</ele><time>2023-06-29T22:56:09Z</time></trkpt>
      <trkpt lat="22.5396211" lon="113.9363127"><ele>14.2</ele><time>2023-06-29T22:56:10Z</time></trkpt>
      <trkpt lat="22.5396396" lon="113.9363088"><ele>14.2</ele><time>2023-06-29T22:56:11Z</time></trkpt>
      <trkpt lat="22.5396575" lon="113.9363032"><ele>14.2</ele><time>2023-06-29T22:56:12Z</time></trkpt>
      <trkpt lat="22.5396745" lon="113.9362954"><ele>14.2</ele><time>2023-06-29T22:56:13Z</time></trkpt>
      <trkpt lat="22.5396912" lon="113.9362867"><ele>14.2</ele><time>2023-06-29T22:56:14Z</time></trkpt>
      <trkpt lat="22.5397077" lon="113.9362776"><ele>14.2</ele><time>2023-06-29T22:56:15Z</time></trkpt>
      <trkpt lat="22.5397238" lon="113.9362682"><ele>14.1</ele><time>2023-06-29T22:56:16Z</time></trkpt>
      <trkpt lat="22.5397394" lon="113.9362579"><ele>14.1</ele><time>2023-06-29T22:56:17Z</time></trkpt>
      <trkpt lat="22.5397549" lon="113.9362472"><ele>14.1</ele><time>2023-06-29T22:56:18Z</time></trkpt>
      <trkpt lat="22.5397699" lon="113.9362358"><ele>14.1</ele><time>2023-06-29T22:56:19Z</time></trkpt>
      <trkpt lat="22.5397840" lon="113.9362235"><ele>14.1</ele><time>2023-06-29T22:56:20Z</time></trkpt>
      <trkpt lat="22.5397974" lon="113.9362107"><ele>14.1</ele><time>2023-06-29T22:56:21Z</time></trkpt>
      <trkpt lat="22.5398107" lon="113.9361975"><ele>14.1</ele><time>2023-06-29T22:56:22Z</time></trkpt>
      <trkpt lat="22.5398236" lon="113.9361837"><ele>14.1</ele><time>2023-06-29T22:56:23Z</time></trkpt>
      <trkpt lat="22.5398355" lon="113.9361687"><ele>14.1</ele><time>2023-06-29T22:56:24Z</time></trkpt>
      <trkpt lat="22.5398457" lon="113.9361526"><ele>14.1</ele><time>2023-06-29T22:56:25Z</time></trkpt>
      <trkpt lat="22.5398550" lon="113.9361358"><ele>14.1</ele><time>2023-06-29T22:56:26Z</time></trkpt>
      <trkpt lat="22.5398638" lon="113.9361190"><ele>14.1</ele><time>2023-06-29T22:56:27Z</time></trkpt>
      <trkpt lat="22.5398723" lon="113.9361022"><ele>14.1</ele><time>2023-06-29T22:56:28Z</time></trkpt>
      <trkpt lat="22.5398803" lon="113.9360853"><ele>14.1</ele><time>2023-06-29T22:56:29Z</time></trkpt>
      <trkpt lat="22.5398880" lon="113.9360682"><ele>14.1</ele><time>2023-06-29T22:56:30Z</time></trkpt>
      <trkpt lat="22.5398946" lon="113.9360508"><ele>14.1</ele><time>2023-06-29T22:56:31Z</time></trkpt>
      <trkpt lat="22.5398996" lon="113.9360323"><ele>14.2</ele><time>2023-06-29T22:56:32Z</time></trkpt>
      <trkpt lat="22.5399034" lon="113.9360133"><ele>14.2</ele><time>2023-06-29T22:56:33Z</time></trkpt>
      <trkpt lat="22.5399066" lon="113.9359942"><ele>14.2</ele><time>2023-06-29T22:56:34Z</time></trkpt>
      <trkpt lat="22.5399093" lon="113.9359757"><ele>14.2</ele><time>2023-06-29T22:56:35Z</time></trkpt>
      <trkpt lat="22.5399113" lon="113.9359575"><ele>14.2</ele><time>2023-06-29T22:56:36Z</time></trkpt>
      <trkpt lat="22.5399119" lon="113.9359390"><ele>14.2</ele><time>2023-06-29T22:56:37Z</time></trkpt>
      <trkpt lat="22.5399118" lon="113.9359202"><ele>14.3</ele><time>2023-06-29T22:56:38Z</time></trkpt>
      <trkpt lat="22.5399115" lon="113.9359013"><ele>14.3</ele><time>2023-06-29T22:56:39Z</time></trkpt>
      <trkpt lat="22.5399106" lon="113.9358825"><ele>14.3</ele><time>2023-06-29T22:56:40Z</time></trkpt>
      <trkpt lat="22.5399093" lon="113.9358636"><ele>14.3</ele><time>2023-06-29T22:56:41Z</time></trkpt>
      <trkpt lat="22.5399079" lon="113.9358447"><ele>14.4</ele><time>2023-06-29T22:56:42Z</time></trkpt>
      <trkpt lat="22.5399055" lon="113.9358262"><ele>14.4</ele><time>2023-06-29T22:56:43Z</time></trkpt>
      <trkpt lat="22.5399017" lon="113.9358078"><ele>14.4</ele><time>2023-06-29T22:56:44Z</time></trkpt>
      <trkpt lat="22.5398972" lon="113.9357895"><ele>14.5</ele><time>2023-06-29T22:56:45Z</time></trkpt>
      <trkpt lat="22.5398919" lon="113.9357716"><ele>14.5</ele><time>2023-06-29T22:56:46Z</time></trkpt>
      <trkpt lat="22.5398851" lon="113.9357540"><ele>14.6</ele><time>2023-06-29T22:56:47Z</time></trkpt>
      <trkpt lat="22.5398780" lon="113.9357369"><ele>14.6</ele><time>2023-06-29T22:56:48Z</time></trkpt>
      <trkpt lat="22.5398712" lon="113.9357199"><ele>14.6</ele><time>2023-06-29T22:56:49Z</time></trkpt>
      <trkpt lat="22.5398638" lon="113.9357029"><ele>14.7</ele><time>2023-06-29T22:56:50Z</time></trkpt>
      <trkpt lat="22.5398561" lon="113.9356859"><ele>14.7</ele><time>2023-06-29T22:56:51Z</time></trkpt>
      <trkpt lat="22.5398475" lon="113.9356693"><ele>14.8</ele><time>2023-06-29T22:56:52Z</time></trkpt>
      <trkpt lat="22.5398377" lon="113.9356533"><ele>14.8</ele><time>2023-06-29T22:56:53Z</time></trkpt>
      <trkpt lat="22.5398274" lon="113.9356375"><ele>14.9</ele><time>2023-06-29T22:56:54Z</time></trkpt>
      <trkpt lat="22.5398166" lon="113.9356223"><ele>14.9</ele><time>2023-06-29T22:56:55Z</time></trkpt>
      <trkpt lat="22.5398048" lon="113.9356082"><ele>14.9</ele><time>2023-06-29T22:56:56Z</time></trkpt>
      <trkpt lat="22.5397923" lon="113.9355949"><ele>15.0</ele><time>2023-06-29T22:56:57Z</time></trkpt>
      <trkpt lat="22.5397790" lon="113.9355827"><ele>15.0</ele><time>2023-06-29T22:56:58Z</time></trkpt>
      <trkpt lat="22.5397645" lon="113.9355717"><ele>15.0</ele><time>2023-06-29T22:56:59Z</time></trkpt>
      <trkpt lat="22.5397485" lon="113.9355619"><ele>15.1</ele><time>2023-06-29T22:57:00Z</time></trkpt>
      <trkpt lat="22.5397318" lon="113.9355523"><ele>15.1</ele><time>2023-06-29T22:57:01Z</time></trkpt>
      <trkpt lat="22.5397152" lon="113.9355428"><ele>15.1</ele><time>2023-06-29T22:57:02Z</time></trkpt>
      <trkpt lat="22.5396988" lon="113.9355340"><ele>15.1</ele><time>2023-06-29T22:57:03Z</time></trkpt>
      <trkpt lat="22.5396823" lon="113.9355259"><ele>15.1</ele><time>2023-06-29T22:57:04Z</time></trkpt>
      <trkpt lat="22.5396654" lon="113.9355188"><ele>15.2</ele><time>2023-06-29T22:57:05Z</time></trkpt>
      <trkpt lat="22.5396483" lon="113.9355121"><ele>15.2</ele><time>2023-06-29T22:57:06Z</time></trkpt>
      <trkpt lat="22.5396309" lon="113.9355057"><ele>15.2</ele><time>2023-06-29T22:57:07Z</time></trkpt>
      <trkpt lat="22.5396129" lon="113.9355000"><ele>15.1</ele><time>2023-06-29T22:57:08Z</time></trkpt>
      <trkpt lat="22.5395943" lon="113.9354955"><ele>15.1</ele><time>2023-06-29T22:57:09Z</time></trkpt>
      <trkpt lat="22.5395758" lon="113.9354922"><ele>15.1</ele><time>2023-06-29T22:57:10Z</time></trkpt>
      <trkpt lat="22.5395572" lon="113.9354899"><ele>15.1</ele><time>2023-06-29T22:57:11Z</time></trkpt>
      <trkpt lat="22.5395384" lon="113.9354886"><ele>15.0</ele><time>2023-06-29T22:57:12Z</time></trkpt>
      <trkpt lat="22.5395194" lon="113.9354880"><ele>15.0</ele><time>2023-06-29T22:57:13Z</time></trkpt>
      <trkpt lat="22.5395001" lon="113.9354883"><ele>14.9</ele><time>2023-06-29T22:57:14Z</time></trkpt>
      <trkpt lat="22.5394809" lon="113.9354887"><ele>14.9</ele><time>2023-06-29T22:57:15Z</time></trkpt>
      <trkpt lat="22.5394617" lon="113.9354883"><ele>14.8</ele><time>2023-06-29T22:57:16Z</time></trkpt>
      <trkpt lat="22.5394426" lon="113.9354886"><ele>14.8</ele><time>2023-06-29T22:57:17Z</time></trkpt>
      <trkpt lat="22.5394237" lon="113.9354904"><ele>14.7</ele><time>2023-06-29T22:57:18Z</time></trkpt>
      <trkpt lat="22.5394047" lon="113.9354936"><ele>14.6</ele><time>2023-06-29T22:57:19Z</time></trkpt>
      <trkpt lat="22.5393855" lon="113.9354962"><ele>14.6</ele><time>2023-06-29T22:57:20Z</time></trkpt>
      <trkpt lat="22.5393658" lon="113.9354969"><ele>14.5</ele><time>2023-06-29T22:57:21Z</time></trkpt>
      <trkpt lat="22.5393461" lon="113.9354976"><ele>14.4</ele><time>2023-06-29T22:57:22Z</time></trkpt>
      <trkpt lat="22.5393266" lon="113.9354982"><ele>14.3</ele><time>2023-06-29T22:57:23Z</time></trkpt>
      <trkpt lat="22.5393072" lon="113.9354979"><ele>14.3</ele><time>2023-06-29T22:57:24Z</time></trkpt>
      <trkpt lat="22.5392879" lon="113.9354968"><ele>14.2</ele><time>2023-06-29T22:57:25Z</time></trkpt>
      <trkpt lat="22.5392692" lon="113.9354954"><ele>14.1</ele><time>2023-06-29T22:57:26Z</time></trkpt>
      <trkpt lat="22.5392505" lon="113.9354948"><ele>14.0</ele><time>2023-06-29T22:57:27Z</time></trkpt>
      <trkpt lat="22.5392318" lon="113.9354956"><ele>13.9</ele><time>2023-06-29T22:57:28Z</time></trkpt>
      <trkpt lat="22.5392129" lon="113.9354965"><ele>13.9</ele><time>2023-06-29T22:57:29Z</time></trkpt>
      <trkpt lat="22.5391936" lon="113.9354968"><ele>13.8</ele><time>2023-06-29T22:57:30Z</time></trkpt>
      <trkpt lat="22.5391742" lon="113.9354961"><ele>13.7</ele><time>2023-06-29T22:57:31Z</time></trkpt>
      <trkpt lat="22.5391551" lon="113.9354955"><ele>13.6</ele><time>2023-06-29T22:57:32Z</time></trkpt>
      <trkpt lat="22.5391359" lon="113.9354967"><ele>13.6</ele><time>2023-06-29T22:57:33Z</time></trkpt>
      <trkpt lat="22.5391168" lon="113.9354981"><ele>13.5</ele><time>2023-06-29T22:57:34Z</time></trkpt>
      <trkpt lat="22.5390979" lon="113.9354983"><ele>13.4</ele><time>2023-06-29T22:57:35Z</time></trkpt>
      <trkpt lat="22.5390794" lon="113.9354978"><ele>13.3</ele><time>2023-06-29T22:57:36Z</time></trkpt>
      <trkpt lat="22.5390613" lon="113.9354969"><ele>13.3</ele><time>2023-06-29T22:57:37Z</time></trkpt>
      <trkpt lat="22.5390431" lon="113.9354956"><ele>13.2</ele><time>2023-06-29T22:57:38Z</time></trkpt>
      <trkpt lat="22.5390247" lon="113.9354946"><ele>13.1</ele><time>2023-06-29T22:57:39Z</time></trkpt>
      <trkpt lat="22.5390065" lon="113.9354942"><ele>13.1</ele><time>2023-06-29T22:57:40Z</time></trkpt>
      <trkpt lat="22.5389883" lon="113.9354941"><ele>13.0</ele><time>2023-06-29T22:57:41Z</time></trkpt>
      <trkpt lat="22.5389699" lon="113.9354940"><ele>12.9</ele><time>2023-06-29T22:57:42Z</time></trkpt>
      <trkpt lat="22.5389517" lon="113.9354931"><ele>12.9</ele><time>2023-06-29T22:57:43Z</time></trkpt>
      <trkpt lat="22.5389334" lon="113.9354918"><ele>12.8</ele><time>2023-06-29T22:57:44Z</time></trkpt>
      <trkpt lat="22.5389144" lon="113.9354905"><ele>12.8</ele><time>2023-06-29T22:57:45Z</time></trkpt>
      <trkpt lat="22.5388952" lon="113.9354905"><ele>12.7</ele><time>2023-06-29T22:57:46Z</time></trkpt>
      <trkpt lat="22.5388766" lon="113.9354919"><ele>12.7</ele><time>2023-06-29T22:57:47Z</time></trkpt>
      <trkpt lat="22.5388587" lon="113.9354923"><ele>12.6</ele><time>2023-06-29T22:57:48Z</time></trkpt>
      <trkpt lat="22.5388410" lon="113.9354917"><ele>12.6</ele><time>2023-06-29T22:57:49Z</time></trkpt>
      <trkpt lat="22.5388232" lon="113.9354915"><ele>12.5</ele><time>2023-06-29T22:57:50Z</time></trkpt>
      <trkpt lat="22.5388052" lon="113.9354919"><ele>12.5</ele><time>2023-06-29T22:57:51Z</time></trkpt>
      <trkpt lat="22.5387874" lon="113.9354929"><ele>12.4</ele><time>2023-06-29T22:57:52Z</time></trkpt>
      <trkpt lat="22.5387701" lon="113.9354950"><ele>12.4</ele><time>2023-06-29T22:57:53Z</time></trkpt>
      <trkpt lat="22.5387528" lon="113.9354990"><ele>12.4</ele><time>2023-06-29T22:57:54Z</time></trkpt>
      <trkpt lat="22.5387355" lon="113.9355041"><ele>12.3</ele><time>2023-06-29T22:57:55Z</time></trkpt>
      <trkpt lat="22.5387180" lon="113.9355089"><ele>12.3</ele><time>2023-06-29T22:57:56Z</time></trkpt>
      <trkpt lat="22.5387007" lon="113.9355138"><ele>12.2</ele><time>2023-06-29T22:57:57Z</time></trkpt>
      <trkpt lat="22.5386837" lon="113.9355194"><ele>12.2</ele><time>2023-06-29T22:57:58Z</time></trkpt>
      <trkpt lat="22.5386667" lon="113.9355252"><ele>12.2</ele><time>2023-06-29T22:57:59Z</time></trkpt>
      <trkpt lat="22.5386499" lon="113.9355314"><ele>12.1</ele><time>2023-06-29T22:58:00Z</time></trkpt>
      <trkpt lat="22.5386337" lon="113.9355386"><ele>12.1</ele><time>2023-06-29T22:58:01Z</time></trkpt>
      <trkpt lat="22.5386175" lon="113.9355464"><ele>12.1</ele><time>2023-06-29T22:58:02Z</time></trkpt>
      <trkpt lat="22.5386014" lon="113.9355553"><ele>12.0</ele><time>2023-06-29T22:58:03Z</time></trkpt>
      <trkpt lat="22.5385862" lon="113.9355655"><ele>12.0</ele><time>2023-06-29T22:58:04Z</time></trkpt>
      <trkpt lat="22.5385718" lon="113.9355769"><ele>12.0</ele><time>2023-06-29T22:58:05Z</time></trkpt>
      <trkpt lat="22.5385576" lon="113.9355890"><ele>11.9</ele><time>2023-06-29T22:58:06Z</time></trkpt>
      <trkpt lat="22.5385438" lon="113.9356011"><ele>11.9</ele><time>2023-06-29T22:58:07Z</time></trkpt>
      <trkpt lat="22.5385306" lon="113.9356137"><ele>11.9</ele><time>2023-06-29T22:58:08Z</time></trkpt>
      <trkpt lat="22.5385177" lon="113.9356272"><ele>11.9</ele><time>2023-06-29T22:58:09Z</time></trkpt>
      <trkpt lat="22.5385057" lon="113.9356414"><ele>11.9</ele><time>2023-06-29T22:58:10Z</time></trkpt>
      <trkpt lat="22.5384940" lon="113.9356560"><ele>11.9</ele><time>2023-06-29T22:58:11Z</time></trkpt>
      <trkpt lat="22.5384826" lon="113.9356711"><ele>11.9</ele><time>2023-06-29T22:58:12Z</time></trkpt>
      <trkpt lat="22.5384722" lon="113.9356872"><ele>11.8</ele><time>2023-06-29T22:58:13Z</time></trkpt>
      <trkpt lat="22.5384626" lon="113.9357042"><ele>11.8</ele><time>2023-06-29T22:58:14Z</time></trkpt>
      <trkpt lat="22.5384535" lon="113.9357215"><ele>11.8</ele><time>2023-06-29T22:58:15Z</time></trkpt>
      <trkpt lat="22.5384449" lon="113.9357387"><ele>11.9</ele><time>2023-06-29T22:58:16Z</time></trkpt>
      <trkpt lat="22.5384366" lon="113.9357555"><ele>11.9</ele><time>2023-06-29T22:58:17Z</time></trkpt>
      <trkpt lat="22.5384283" lon="113.9357723"><ele>11.9</ele><time>2023-06-29T22:58:18Z</time></trkpt>
      <trkpt lat="22.5384200" lon="113.9357891"><ele>11.9</ele><time>2023-06-29T22:58:19Z</time></trkpt>
      <trkpt lat="22.5384123" lon="113.9358063"><ele>11.9</ele><time>2023-06-29T22:58:20Z</time></trkpt>
      <trkpt lat="22.5384054" lon="113.9358239"><ele>11.9</ele><time>2023-06-29T22:58:21Z</time></trkpt>
      <trkpt lat="22.5383998" lon="113.9358419"><ele>12.0</ele><time>2023-06-29T22:58:22Z</time></trkpt>
      <trkpt lat="22.5383964" lon="113.9358611"><ele>12.0</ele><time>2023-06-29T22:58:23Z</time></trkpt>
      <trkpt lat="22.5383944" lon="113.9358811"><ele>12.0</ele><time>2023-06-29T22:58:24Z</time></trkpt>
      <trkpt lat="22.5383934" lon="113.9359011"><ele>12.1</ele><time>2023-06-29T22:58:25Z</time></trkpt>
      <trkpt lat="22.5383930" lon="113.9359210"><ele>12.1</ele><time>2023-06-29T22:58:26Z</time></trkpt>
      <trkpt lat="22.5383937" lon="113.9359410"><ele>12.2</ele><time>2023-06-29T22:58:27Z</time></trkpt>
      <trkpt lat="22.5383958" lon="113.9359609"><ele>12.3</ele><time>2023-06-29T22:58:28Z</time></trkpt>
      <trkpt lat="22.5383988" lon="113.9359809"><ele>12.3</ele><time>2023-06-29T22:58:29Z</time></trkpt>
      <trkpt lat="22.5384027" lon="113.9360007"><ele>12.4</ele><time>2023-06-29T22:58:30Z</time></trkpt>
      <trkpt lat="22.5384075" lon="113.9360200"><ele>12.4</ele><time>2023-06-29T22:58:31Z</time></trkpt>
      <trkpt lat="22.5384128" lon="113.9360389"><ele>12.5</ele><time>2023-06-29T22:58:32Z</time></trkpt>
      <trkpt lat="22.5384184" lon="113.9360576"><ele>12.6</ele><time>2023-06-29T22:58:33Z</time></trkpt>
      <trkpt lat="22.5384243" lon="113.9360761"><ele>12.6</ele><time>2023-06-29T22:58:34Z</time></trkpt>
      <trkpt lat="22.5384310" lon="113.9360943"><ele>12.7</ele><time>2023-06-29T22:58:35Z</time></trkpt>
      <trkpt lat="22.5384390" lon="113.9361120"><ele>12.8</ele><time>2023-06-29T22:58:36Z</time></trkpt>
      <trkpt lat="22.5384473" lon="113.9361292"><ele>12.9</ele><time>2023-06-29T22:58:37Z</time></trkpt>
      <trkpt lat="22.5384560" lon="113.9361461"><ele>13.0</ele><time>2023-06-29T22:58:38Z</time></trkpt>
      <trkpt lat="22.5384656" lon="113.9361626"><ele>13.0</ele><time>2023-06-29T22:58:39Z</time></trkpt>
      <trkpt lat="22.5384753" lon="113.9361786"><ele>13.1</ele><time>2023-06-29T22:58:40Z</time></trkpt>
      <trkpt lat="22.5384853" lon="113.9361943"><ele>13.2</ele><time>2023-06-29T22:58:41Z</time></trkpt>
      <trkpt lat="22.5384956" lon="113.9362097"><ele>13.3</ele><time>2023-06-29T22:58:42Z</time></trkpt>
      <trkpt lat="22.5385065" lon="113.9362246"><ele>13.4</ele><time>2023-06-29T22:58:43Z</time></trkpt>
      <trkpt lat="22.5385183" lon="113.9362389"><ele>13.5</ele><time>2023-06-29T22:58:44Z</time></trkpt>
      <trkpt lat="22.5385307" lon="113.9362530"><ele>13.5</ele><time>2023-06-29T22:58:45Z</time></trkpt>
      <trkpt lat="22.5385428" lon="113.9362671"><ele>13.6</ele><time>2023-06-29T22:58:46Z</time></trkpt>
      <trkpt lat="22.5385549" lon="113.9362814"><ele>13.7</ele><time>2023-06-29T22:58:47Z</time></trkpt>
      <trkpt lat="22.5385678" lon="113.9362952"><ele>13.8</ele><time>2023-06-29T22:58:48Z</time></trkpt>
      <trkpt lat="22.5385810" lon="113.9363080"><ele>13.9</ele><time>2023-06-29T22:58:49Z</time></trkpt>
      <trkpt lat="22.5385944" lon="113.9363201"><ele>14.0</ele><time>2023-06-29T22:58:50Z</time></trkpt>
      <trkpt lat="22.5386092" lon="113.9363301"><ele>14.0</ele><time>2023-06-29T22:58:51Z</time></trkpt>
      <trkpt lat="22.5386254" lon="113.9363383"><ele>14.1</ele><time>2023-06-29T22:58:52Z</time></trkpt>
      <trkpt lat="22.5386423" lon="113.9363452"><ele>14.2</ele><time>2023-06-29T22:58:53Z</time></trkpt>
      <trkpt lat="22.5386596" lon="113.9363512"><ele>14.3</ele><time>2023-06-29T22:58:54Z</time></trkpt>
      <trkpt lat="22.5386765" lon="113.9363581"><ele>14.4</ele><time>2023-06-29T22:58:55Z</time></trkpt>
      <trkpt lat="22.5386929" lon="113.9363653"><ele>14.5</ele><time>2023-06-29T22:58:56Z</time></trkpt>
      <trkpt lat="22.5387100" lon="113.9363705"><ele>14.6</ele><time>2023-06-29T22:58:57Z</time></trkpt>
      <trkpt lat="22.5387279" lon="113.9363731"><ele>14.7</ele><time>2023-06-29T22:58:58Z</time></trkpt>
      <trkpt lat="22.5387459" lon="113.9363747"><ele>14.7</ele><time>2023-06-29T22:58:59Z</time></trkpt>
      <trkpt lat="22.5387641" lon="113.9363763"><ele>14.8</ele><time>2023-06-29T22:59:00Z</time></trkpt>
      <trkpt lat="22.5387826" lon="113.9363774"><ele>14.9</ele><time>2023-06-29T22:59:01Z</time></trkpt>
      <trkpt lat="22.5388011" lon="113.9363770"><ele>15.0</ele><time>2023-06-29T22:59:02Z</time></trkpt>
      <trkpt lat="22.5388194" lon="113.9363756"><ele>15.1</ele><time>2023-06-29T22:59:03Z</time></trkpt>
      <trkpt lat="22.5388374" lon="113.9363742"><ele>15.2</ele><time>2023-06-29T22:59:04Z</time></trkpt>
      <trkpt lat="22.5388553" lon="113.9363726"><ele>15.2</ele><time>2023-06-29T22:59:05Z</time></trkpt>
      <trkpt lat="22.5388733" lon="113.9363707"><ele>15.3</ele><time>2023-06-29T22:59:06Z</time></trkpt>
      <trkpt lat="22.5388912" lon="113.9363691"><ele>15.4</ele><time>2023-06-29T22:59:07Z</time></trkpt>
      <trkpt lat="22.5389092" lon="113.9363678"><ele>15.5</ele><time>2023-06-29T22:59:08Z</time></trkpt>
      <trkpt lat="22.5389272" lon="113.9363666"><ele>15.5</ele><time>2023-06-29T22:59:09Z</time></trkpt>
      <trkpt lat="22.5389452" lon="113.9363654"><ele>15.6</ele><time>2023-06-29T22:59:10Z</time></trkpt>
      <trkpt lat="22.5389633" lon="113.9363639"><ele>15.7</ele><time>2023-06-29T22:59:11Z</time></trkpt>
      <trkpt lat="22.5389812" lon="113.9363623"><ele>15.7</ele><time>2023-06-29T22:59:12Z</time></trkpt>
      <trkpt lat="22.5389991" lon="113.9363610"><ele>15.8</ele><time>2023-06-29T22:59:13Z</time></trkpt>
      <trkpt lat="22.5390175" lon="113.9363602"><ele>15.9</ele><time>2023-06-29T22:59:14Z</time></trkpt>
      <trkpt lat="22.5390360" lon="113.9363596"><ele>15.9</ele><time>2023-06-29T22:59:15Z</time></trkpt>
      <trkpt lat="22.5390546" lon="113.9363588"><ele>16.0</ele><time>2023-06-29T22:59:16Z</time></trkpt>
      <trkpt lat="22.5390731" lon="113.9363576"><ele>16.0</ele><time>2023-06-29T22:59:17Z</time></trkpt>
      <trkpt lat="22.5390915" lon="113.9363558"><ele>16.1</ele><time>2023-06-29T22:59:18Z</time></trkpt>
      <trkpt lat="22.5391101" lon="113.9363542"><ele>16.1</ele><time>2023-06-29T22:59:19Z</time></trkpt>
      <trkpt lat="22.5391289" lon="113.9363524"><ele>16.1</ele><time>2023-06-29T22:59:20Z</time></trkpt>
      <trkpt lat="22.5391474" lon="113.9363505"><ele>16.2</ele><time>2023-06-29T22:59:21Z</time></trkpt>
      <trkpt lat="22.5391655" lon="113.9363494"><ele>16.2</ele><time>2023-06-29T22:59:22Z</time></trkpt>
      <trkpt lat="22.5391835" lon="113.9363484"><ele>16.2</ele><time>2023-06-29T22:59:23Z</time></trkpt>
      <trkpt lat="22.5392015" lon="113.9363477"><ele>16.2</ele><time>2023-06-29T22:59:24Z</time></trkpt>
      <trkpt lat="22.5392200" lon="113.9363474"><ele>16.3</ele><time>2023-06-29T22:59:25Z</time></trkpt>
      <trkpt lat="22.5392389" lon="113.9363474"><ele>16.3</ele><time>2023-06-29T22:59:26Z</time></trkpt>
      <trkpt lat="22.5392575" lon="113.9363476"><ele>16.3</ele><time>2023-06-29T22:59:27Z</time></trkpt>
      <trkpt lat="22.5392758" lon="113.9363470"><ele>16.2</ele><time>2023-06-29T22:59:28Z</time></trkpt>
      <trkpt lat="22.5392942" lon="113.9363468"><ele>16.2</ele><time>2023-06-29T22:59:29Z</time></trkpt>
      <trkpt lat="22.5393125" lon="113.9363481"><ele>16.2</ele><time>2023-06-29T22:59:30Z</time></trkpt>
      <trkpt lat="22.5393311" lon="113.9363496"><ele>16.2</ele><time>2023-06-29T22:59:31Z</time></trkpt>
      <trkpt lat="22.5393496" lon="113.9363507"><ele>16.1</ele><time>2023-06-29T22:59:32Z</time></trkpt>
      <trkpt lat="22.5393676" lon="113.9363524"><ele>16.1</ele><time>2023-06-29T22:59:33Z</time></trkpt>
      <trkpt lat="22.5393857" lon="113.9363549"><ele>16.1</ele><time>2023-06-29T22:59:34Z</time></trkpt>
      <trkpt lat="22.5394038" lon="113.9363564"><ele>16.0</ele><time>2023-06-29T22:59:35Z</time></trkpt>
      <trkpt lat="22.5394218" lon="113.9363566"><ele>16.0</ele><time>2023-06-29T22:59:36Z</time></trkpt>
      <trkpt lat="22.5394398" lon="113.9363557"><ele>15.9</ele><time>2023-06-29T22:59:37Z</time></trkpt>
      <trkpt lat="22.5394579" lon="113.9363546"><ele>15.9</ele><time>2023-06-29T22:59:38Z</time></trkpt>
      <trkpt lat="22.5394761" lon="113.9363534"><ele>15.8</ele><time>2023-06-29T22:59:39Z</time></trkpt>
      <trkpt lat="22.5394943" lon="113.9363526"><ele>15.7</ele><time>2023-06-29T22:59:40Z</time></trkpt>
      <trkpt lat="22.5395118" lon="113.9363523"><ele>15.7</ele><time>2023-06-29T22:59:41Z</time></trkpt>
      <trkpt lat="22.5395293" lon="113.9363524"><ele>15.6</ele><time>2023-06-29T22:59:42Z</time></trkpt>
      <trkpt lat="22.5395473" lon="113.9363517"><ele>15.5</ele><time>2023-06-29T22:59:43Z</time></trkpt>
      <trkpt lat="22.5395653" lon="113.9363502"><ele>15.5</ele><time>2023-06-29T22:59:44Z</time></trkpt>
      <trkpt lat="22.5395833" lon="113.9363486"><ele>15.4</ele><time>2023-06-29T22:59:45Z</time></trkpt>
      <trkpt lat="22.5396004" lon="113.9363456"><ele>15.3</ele><time>2023-06-29T22:59:46Z</time></trkpt>
      <trkpt lat="22.5396157" lon="113.9363416"><ele>15.3</ele><time>2023-06-29T22:59:47Z</time></trkpt>
      <trkpt lat="22.5396311" lon="113.9363369"><ele>15.2</ele><time>2023-06-29T22:59:48Z</time></trkpt>
      <trkpt lat="22.5396473" lon="113.9363314"><ele>15.1</ele><time>2023-06-29T22:59:49Z</time></trkpt>
      <trkpt lat="22.5396636" lon="113.9363258"><ele>15.0</ele><time>2023-06-29T22:59:50Z</time></trkpt>
      <trkpt lat="22.5396796" lon="113.9363190"><ele>15.0</ele><time>2023-06-29T22:59:51Z</time></trkpt>
      <trkpt lat="22.5396952" lon="113.9363102"><ele>14.9</ele><time>2023-06-29T22:59:52Z</time></trkpt>
      <trkpt lat="22.5397108" lon="113.9363011"><ele>14.8</ele><time>2023-06-29T22:59:53Z</time></trkpt>
      <trkpt lat="22.5397262" lon="113.9362916"><ele>14.8</ele><time>2023-06-29T22:59:54Z</time></trkpt>
      <trkpt lat="22.5397410" lon="113.9362809"><ele>14.7</ele><time>2023-06-29T22:59:55Z</time></trkpt>
      <trkpt lat="22.5397556" lon="113.9362701"><ele>14.7</ele><time>2023-06-29T22:59:56Z</time></trkpt>
      <trkpt lat="22.5397699" lon="113.9362596"><ele>14.6</ele><time>2023-06-29T22:59:57Z</time></trkpt>
      <trkpt lat="22.5397837" lon="113.9362484"><ele>14.6</ele><time>2023-06-29T22:59:58Z</time></trkpt>
      <trkpt lat="22.5397969" lon="113.9362363"><ele>14.5</ele><time>2023-06-29T22:59:59Z</time></trkpt>
      <trkpt lat="22.5398095" lon="113.9362232"><ele>14.5</ele><time>2023-06-29T23:00:00Z</time></trkpt>
      <trkpt lat="22.5398215" lon="113.9362085"><ele>14.5</ele><time>2023-06-29T23:00:01Z</time></trkpt>
      <trkpt lat="22.5398326" lon="113.9361930"><ele>14.4</ele><time>2023-06-29T23:00:02Z</time></trkpt>
      <trkpt lat="22.5398434" lon="113.9361780"><ele>14.4</ele><time>2023-06-29T23:00:03Z</time></trkpt>
      <trkpt lat="22.5398541" lon="113.9361626"><ele>14.4</ele><time>2023-06-29T23:00:04Z</time></trkpt>
      <trkpt lat="22.5398644" lon="113.9361469"><ele>14.3</ele><time>2023-06-29T23:00:05Z</time></trkpt>
      <trkpt lat="22.5398742" lon="113.9361309"><ele>14.3</ele><time>2023-06-29T23:00:06Z</time></trkpt>
      <trkpt lat="22.5398831" lon="113.9361144"><ele>14.3</ele><time>2023-06-29T23:00:07Z</time></trkpt>
      <trkpt lat="22.5398911" lon="113.9360974"><ele>14.3</ele><time>2023-06-29T23:00:08Z</time></trkpt>
      <trkpt lat="22.5398982" lon="113.9360795"><ele>14.3</ele><time>2023-06-29T23:00:09Z</time></trkpt>
      <trkpt lat="22.5399044" lon="113.9360610"><ele>14.3</ele><time>2023-06-29T23:00:10Z</time></trkpt>
      <trkpt lat="22.5399097" lon="113.9360422"><ele>14.3</ele><time>2023-06-29T23:00:11Z</time></trkpt>
      <trkpt lat="22.5399141" lon="113.9360228"><ele>14.3</ele><time>2023-06-29T23:00:12Z</time></trkpt>
      <trkpt lat="22.5399187" lon="113.9360034"><ele>14.3</ele><time>2023-06-29T23:00:13Z</time></trkpt>
      <trkpt lat="22.5399231" lon="113.9359841"><ele>14.4</ele><time>2023-06-29T23:00:14Z</time></trkpt>
      <trkpt lat="22.5399252" lon="113.9359646"><ele>14.4</ele><time>2023-06-29T23:00:15Z</time></trkpt>
      <trkpt lat="22.5399256" lon="113.9359454"><ele>14.4</ele><time>2023-06-29T23:00:16Z</time></trkpt>
      <trkpt lat="22.5399255" lon="113.9359264"><ele>14.4</ele><time>2023-06-29T23:00:17Z</time></trkpt>
      <trkpt lat="22.5399250" lon="113.9359076"><ele>14.5</ele><time>2023-06-29T23:00:18Z</time></trkpt>
      <trkpt lat="22.5399237" lon="113.9358885"><ele>14.5</ele><time>2023-06-29T23:00:19Z</time></trkpt>
      <trkpt lat="22.5399216" lon="113.9358687"><ele>14.5</ele><time>2023-06-29T23:00:20Z</time></trkpt>
      <trkpt lat="22.5399193" lon="113.9358484"><ele>14.6</ele><time>2023-06-29T23:00:21Z</time></trkpt>
      <trkpt lat="22.5399171" lon="113.9358283"><ele>14.6</ele><time>2023-06-29T23:00:22Z</time></trkpt>
      <trkpt lat="22.5399144" lon="113.9358086"><ele>14.6</ele><time>2023-06-29T23:00:23Z</time></trkpt>
      <trkpt lat="22.5399109" lon="113.9357889"><ele>14.6</ele><time>2023-06-29T23:00:24Z</time></trkpt>
      <trkpt lat="22.5399075" lon="113.9357695"><ele>14.7</ele><time>2023-06-29T23:00:25Z</time></trkpt>
      <trkpt lat="22.5399025" lon="113.9357507"><ele>14.7</ele><time>2023-06-29T23:00:26Z</time></trkpt>
      <trkpt lat="22.5398972" lon="113.9357330"><ele>14.7</ele><time>2023-06-29T23:00:27Z</time></trkpt>
      <trkpt lat="22.5398936" lon="113.9357154"><ele>14.8</ele><time>2023-06-29T23:00:28Z</time></trkpt>
      <trkpt lat="22.5398862" lon="113.9356987"><ele>14.8</ele><time>2023-06-29T23:00:29Z</time></trkpt>
      <trkpt lat="22.5398732" lon="113.9356843"><ele>14.8</ele><time>2023-06-29T23:00:30Z</time></trkpt>
      <trkpt lat="22.5398591" lon="113.9356712"><ele>14.8</ele><time>2023-06-29T23:00:31Z</time></trkpt>
      <trkpt lat="22.5398450" lon="113.9356585"><ele>14.9</ele><time>2023-06-29T23:00:32Z</time></trkpt>
      <trkpt lat="22.5398311" lon="113.9356458"><ele>14.9</ele><time>2023-06-29T23:00:33Z</time></trkpt>
      <trkpt lat="22.5398174" lon="113.9356327"><ele>14.9</ele><time>2023-06-29T23:00:34Z</time></trkpt>
      <trkpt lat="22.5398032" lon="113.9356192"><ele>14.9</ele><time>2023-06-29T23:00:35Z</time></trkpt>
      <trkpt lat="22.5397890" lon="113.9356051"><ele>14.9</ele><time>2023-06-29T23:00:36Z</time></trkpt>
      <trkpt lat="22.5397748" lon="113.9355907"><ele>15.0</ele><time>2023-06-29T23:00:37Z</time></trkpt>
      <trkpt lat="22.5397603" lon="113.9355770"><ele>15.0</ele><time>2023-06-29T23:00:38Z</time></trkpt>
      <trkpt lat="22.5397447" lon="113.9355646"><ele>15.0</ele><time>2023-06-29T23:00:39Z</time></trkpt>
      <trkpt lat="22.5397280" lon="113.9355536"><ele>15.0</ele><time>2023-06-29T23:00:40Z</time></trkpt>
      <trkpt lat="22.5397115" lon="113.9355418"><ele>15.0</ele><time>2023-06-29T23:00:41Z</time></trkpt>
      <trkpt lat="22.5396951" lon="113.9355292"><ele>15.0</ele><time>2023-06-29T23:00:42Z</time></trkpt>
      <trkpt lat="22.5396782" lon="113.9355173"><ele>15.0</ele><time>2023-06-29T23:00:43Z</time></trkpt>
      <trkpt lat="22.5396612" lon="113.9355065"><ele>15.0</ele><time>2023-06-29T23:00:44Z</time></trkpt>
      <trkpt lat="22.5396439" lon="113.9354971"><ele>15.0</ele><time>2023-06-29T23:00:45Z</time></trkpt>
      <trkpt lat="22.5396257" lon="113.9354893"><ele>15.0</ele><time>2023-06-29T23:00:46Z</time></trkpt>
      <trkpt lat="22.5396067" lon="113.9354827"><ele>14.9</ele><time>2023-06-29T23:00:47Z</time></trkpt>
      <trkpt lat="22.5395873" lon="113.9354763"><ele>14.9</ele><time>2023-06-29T23:00:48Z</time></trkpt>
      <trkpt lat="22.5395682" lon="113.9354694"><ele>14.9</ele><time>2023-06-29T23:00:49Z</time></trkpt>
      <trkpt lat="22.5395493" lon="113.9354624"><ele>14.9</ele><time>2023-06-29T23:00:50Z</time></trkpt>
      <trkpt lat="22.5395300" lon="113.9354555"><ele>14.9</ele><time>2023-06-29T23:00:51Z</time></trkpt>
      <trkpt lat="22.5395103" lon="113.9354486"><ele>14.8</ele><time>2023-06-29T23:00:52Z</time></trkpt>
      <trkpt lat="22.5394906" lon="113.9354432"><ele>14.8</ele><time>2023-06-29T23:00:53Z</time></trkpt>
      <trkpt lat="22.5394711" lon="113.9354400"><ele>14.8</ele><time>2023-06-29T23:00:54Z</time></trkpt>
      <trkpt lat="22.5394516" lon="113.9354379"><ele>14.7</ele><time>2023-06-29T23:00:55Z</time></trkpt>
      <trkpt lat="22.5394318" lon="113.9354368"><ele>14.7</ele><time>2023-06-29T23:00:56Z</time></trkpt>
      <trkpt lat="22.5394118" lon="113.9354353"><ele>14.7</ele><time>2023-06-29T23:00:57Z</time></trkpt>
      <trkpt lat="22.5393917" lon="113.9354340"><ele>14.6</ele><time>2023-06-29T23:00:58Z</time></trkpt>
      <trkpt lat="22.5393716" lon="113.9354332"><ele>14.6</ele><time>2023-06-29T23:00:59Z</time></trkpt>
      <trkpt lat="22.5393518" lon="113.9354315"><ele>14.5</ele><time>2023-06-29T23:01:00Z</time></trkpt>
      <trkpt lat="22.5393318" lon="113.9354304"><ele>14.5</ele><time>2023-06-29T23:01:01Z</time></trkpt>
      <trkpt lat="22.5393123" lon="113.9354312"><ele>14.4</ele><time>2023-06-29T23:01:02Z</time></trkpt>
      <trkpt lat="22.5392931" lon="113.9354324"><ele>14.3</ele><time>2023-06-29T23:01:03Z</time></trkpt>
      <trkpt lat="22.5392739" lon="113.9354325"><ele>14.3</ele><time>2023-06-29T23:01:04Z</time></trkpt>
      <trkpt lat="22.5392547" lon="113.9354318"><ele>14.2</ele><time>2023-06-29T23:01:05Z</time></trkpt>
      <trkpt lat="22.5392354" lon="113.9354316"><ele>14.2</ele><time>2023-06-29T23:01:06Z</time></trkpt>
      <trkpt lat="22.5392162" lon="113.9354319"><ele>14.1</ele><time>2023-06-29T23:01:07Z</time></trkpt>
      <trkpt lat="22.5391970" lon="113.9354319"><ele>14.0</ele><time>2023-06-29T23:01:08Z</time></trkpt>
      <trkpt lat="22.5391777" lon="113.9354310"><ele>13.9</ele><time>2023-06-29T23:01:09Z</time></trkpt>
      <trkpt lat="22.5391583" lon="113.9354302"><ele>13.9</ele><time>2023-06-29T23:01:10Z</time></trkpt>
      <trkpt lat="22.5391391" lon="113.9354304"><ele>13.8</ele><time>2023-06-29T23:01:11Z</time></trkpt>
      <trkpt lat="22.5391198" lon="113.9354306"><ele>13.7</ele><time>2023-06-29T23:01:12Z</time></trkpt>
      <trkpt lat="22.5391003" lon="113.9354310"><ele>13.7</ele><time>2023-06-29T23:01:13Z</time></trkpt>
      <trkpt lat="22.5390810" lon="113.9354323"><ele>13.6</ele><time>2023-06-29T23:01:14Z</time></trkpt>
      <trkpt lat="22.5390617" lon="113.9354334"><ele>13.5</ele><time>2023-06-29T23:01:15Z</time></trkpt>
      <trkpt lat="22.5390428" lon="113.9354330"><ele>13.4</ele><time>2023-06-29T23:01:16Z</time></trkpt>
      <trkpt lat="22.5390243" lon="113.9354320"><ele>13.4</ele><time>2023-06-29T23:01:17Z</time></trkpt>
      <trkpt lat="22.5390054" lon="113.9354324"><ele>13.3</ele><time>2023-06-29T23:01:18Z</time></trkpt>
      <trkpt lat="22.5389865" lon="113.9354338"><ele>13.2</ele><time>2023-06-29T23:01:19Z</time></trkpt>
      <trkpt lat="22.5389675" lon="113.9354347"><ele>13.2</ele><time>2023-06-29T23:01:20Z</time></trkpt>
      <trkpt lat="22.5389486" lon="113.9354353"><ele>13.1</ele><time>2023-06-29T23:01:21Z</time></trkpt>
      <trkpt lat="22.5389302" lon="113.9354368"><ele>13.0</ele><time>2023-06-29T23:01:22Z</time></trkpt>
      <trkpt lat="22.5389122" lon="113.9354401"><ele>13.0</ele><time>2023-06-29T23:01:23Z</time></trkpt>
      <trkpt lat="22.5388936" lon="113.9354441"><ele>12.9</ele><time>2023-06-29T23:01:24Z</time></trkpt>
      <trkpt lat="22.5388751" lon="113.9354488"><ele>12.9</ele><time>2023-06-29T23:01:25Z</time></trkpt>
      <trkpt lat="22.5388581" lon="113.9354567"><ele>12.8</ele><time>2023-06-29T23:01:26Z</time></trkpt>
      <trkpt lat="22.5388425" lon="113.9354669"><ele>12.8</ele><time>2023-06-29T23:01:27Z</time></trkpt>
      <trkpt lat="22.5388267" lon="113.9354763"><ele>12.7</ele><time>2023-06-29T23:01:28Z</time></trkpt>
      <trkpt lat="22.5388107" lon="113.9354854"><ele>12.7</ele><time>2023-06-29T23:01:29Z</time></trkpt>
      <trkpt lat="22.5387955" lon="113.9354953"><ele>12.6</ele><time>2023-06-29T23:01:30Z</time></trkpt>
      <trkpt lat="22.5387800" lon="113.9355052"><ele>12.6</ele><time>2023-06-29T23:01:31Z</time></trkpt>
      <trkpt lat="22.5387637" lon="113.9355136"><ele>12.5</ele><time>2023-06-29T23:01:32Z</time></trkpt>
      <trkpt lat="22.5387474" lon="113.9355216"><ele>12.5</ele><time>2023-06-29T23:01:33Z</time></trkpt>
      <trkpt lat="22.5387315" lon="113.9355302"><ele>12.5</ele><time>2023-06-29T23:01:34Z</time></trkpt>
      <trkpt lat="22.5387163" lon="113.9355394"><ele>12.4</ele><time>2023-06-29T23:01:35Z</time></trkpt>
      <trkpt lat="22.5387012" lon="113.9355483"><ele>12.4</ele><time>2023-06-29T23:01:36Z</time></trkpt>
      <trkpt lat="22.5386857" lon="113.9355560"><ele>12.3</ele><time>2023-06-29T23:01:37Z</time></trkpt>
      <trkpt lat="22.5386697" lon="113.9355630"><ele>12.3</ele><time>2023-06-29T23:01:38Z</time></trkpt>
      <trkpt lat="22.5386538" lon="113.9355698"><ele>12.3</ele><time>2023-06-29T23:01:39Z</time></trkpt>
      <trkpt lat="22.5386379" lon="113.9355777"><ele>12.2</ele><time>2023-06-29T23:01:40Z</time></trkpt>
      <trkpt lat="22.5386225" lon="113.9355871"><ele>12.2</ele><time>2023-06-29T23:01:41Z</time></trkpt>
      <trkpt lat="22.5386076" lon="113.9355969"><ele>12.2</ele><time>2023-06-29T23:01:42Z</time></trkpt>
      <trkpt lat="22.5385927" lon="113.9356070"><ele>12.1</ele><time>2023-06-29T23:01:43Z</time></trkpt>
      <trkpt lat="22.5385785" lon="113.9356174"><ele>12.1</ele><time>2023-06-29T23:01:44Z</time></trkpt>
      <trkpt lat="22.5385648" lon="113.9356279"><ele>12.1</ele><time>2023-06-29T23:01:45Z</time></trkpt>
      <trkpt lat="22.5385515" lon="113.9356393"><ele>12.0</ele><time>2023-06-29T23:01:46Z</time></trkpt>
      <trkpt lat="22.5385381" lon="113.9356514"><ele>12.0</ele><time>2023-06-29T23:01:47Z</time></trkpt>
      <trkpt lat="22.5385244" lon="113.9356631"><ele>12.0</ele><time>2023-06-29T23:01:48Z</time></trkpt>
      <trkpt lat="22.5385109" lon="113.9356750"><ele>11.9</ele><time>2023-06-29T23:01:49Z</time></trkpt>
      <trkpt lat="22.5384981" lon="113.9356875"><ele>11.9</ele><time>2023-06-29T23:01:50Z</time></trkpt>
      <trkpt lat="22.5384858" lon="113.9357006"><ele>11.9</ele><time>2023-06-29T23:01:51Z</time></trkpt>
      <trkpt lat="22.5384745" lon="113.9357149"><ele>11.9</ele><time>2023-06-29T23:01:52Z</time></trkpt>
      <trkpt lat="22.5384648" lon="113.9357300"><ele>11.8</ele><time>2023-06-29T23:01:53Z</time></trkpt>
      <trkpt lat="22.5384566" lon="113.9357457"><ele>11.8</ele><time>2023-06-29T23:01:54Z</time></trkpt>
      <trkpt lat="22.5384494" lon="113.9357621"><ele>11.8</ele><time>2023-06-29T23:01:55Z</time></trkpt>
      <trkpt lat="22.5384427" lon="113.9357790"><ele>11.8</ele><time>2023-06-29T23:01:56Z</time></trkpt>
      <trkpt lat="22.5384366" lon="113.9357963"><ele>11.8</ele><time>2023-06-29T23:01:57Z</time></trkpt>
      <trkpt lat="22.5384313" lon="113.9358138"><ele>11.8</ele><time>2023-06-29T23:01:58Z</time></trkpt>
      <trkpt lat="22.5384262" lon="113.9358315"><ele>11.8</ele><time>2023-06-29T23:01:59Z</time></trkpt>
      <trkpt lat="22.5384224" lon="113.9358495"><ele>11.8</ele><time>2023-06-29T23:02:00Z</time></trkpt>
      <trkpt lat="22.5384198" lon="113.9358679"><ele>11.8</ele><time>2023-06-29T23:02:01Z</time></trkpt>
      <trkpt lat="22.5384171" lon="113.9358863"><ele>11.8</ele><time>2023-06-29T23:02:02Z</time></trkpt>
      <trkpt lat="22.5384144" lon="113.9359048"><ele>11.8</ele><time>2023-06-29T23:02:03Z</time></trkpt>
      <trkpt lat="22.5384117" lon="113.9359229"><ele>11.8</ele><time>2023-06-29T23:02:04Z</time></trkpt>
      <trkpt lat="22.5384091" lon="113.9359406"><ele>11.8</ele><time>2023-06-29T23:02:05Z</time></trkpt>
      <trkpt lat="22.5384078" lon="113.9359587"><ele>11.8</ele><time>2023-06-29T23:02:06Z</time></trkpt>
      <trkpt lat="22.5384079" lon="113.9359770"><ele>11.8</ele><time>2023-06-29T23:02:07Z</time></trkpt>
      <trkpt lat="22.5384089" lon="113.9359951"><ele>11.8</ele><time>2023-06-29T23:02:08Z</time></trkpt>
      <trkpt lat="22.5384104" lon="113.9360132"><ele>11.8</ele><time>2023-06-29T23:02:09Z</time></trkpt>
      <trkpt lat="22.5384127" lon="113.9360316"><ele>11.8</ele><time>2023-06-29T23:02:10Z</time></trkpt>
      <trkpt lat="22.5384158" lon="113.9360496"><ele>11.9</ele><time>2023-06-29T23:02:11Z</time></trkpt>
      <trkpt lat="22.5384200" lon="113.9360676"><ele>11.9</ele><time>2023-06-29T23:02:12Z</time></trkpt>
      <trkpt lat="22.5384246" lon="113.9360855"><ele>11.9</ele><time>2023-06-29T23:02:13Z</time></trkpt>
      <trkpt lat="22.5384285" lon="113.9361033"><ele>11.9</ele><time>2023-06-29T23:02:14Z</time></trkpt>
      <trkpt lat="22.5384327" lon="113.9361210"><ele>11.9</ele><time>2023-06-29T23:02:15Z</time></trkpt>
      <trkpt lat="22.5384375" lon="113.9361380"><ele>12.0</ele><time>2023-06-29T23:02:16Z</time></trkpt>
      <trkpt lat="22.5384432" lon="113.9361547"><ele>12.0</ele><time>2023-06-29T23:02:17Z</time></trkpt>
      <trkpt lat="22.5384505" lon="113.9361713"><ele>12.0</ele><time>2023-06-29T23:02:18Z</time></trkpt>
      <trkpt lat="22.5384574" lon="113.9361882"><ele>12.0</ele><time>2023-06-29T23:02:19Z</time></trkpt>
      <trkpt lat="22.5384650" lon="113.9362042"><ele>12.1</ele><time>2023-06-29T23:02:20Z</time></trkpt>
      <trkpt lat="22.5384752" lon="113.9362188"><ele>12.1</ele><time>2023-06-29T23:02:21Z</time></trkpt>
      <trkpt lat="22.5384848" lon="113.9362338"><ele>12.1</ele><time>2023-06-29T23:02:22Z</time></trkpt>
      <trkpt lat="22.5384938" lon="113.9362492"><ele>12.1</ele><time>2023-06-29T23:02:23Z</time></trkpt>
      <trkpt lat="22.5385041" lon="113.9362632"><ele>12.2</ele><time>2023-06-29T23:02:24Z</time></trkpt>
      <trkpt lat="22.5385156" lon="113.9362757"><ele>12.2</ele><time>2023-06-29T23:02:25Z</time></trkpt>
      <trkpt lat="22.5385276" lon="113.9362878"><ele>12.2</ele><time>2023-06-29T23:02:26Z</time></trkpt>
      <trkpt lat="22.5385401" lon="113.9362998"><ele>12.2</ele><time>2023-06-29T23:02:27Z</time></trkpt>
      <trkpt lat="22.5385530" lon="113.9363116"><ele>12.3</ele><time>2023-06-29T23:02:28Z</time></trkpt>
      <trkpt lat="22.5385662" lon="113.9363233"><ele>12.3</ele><time>2023-06-29T23:02:29Z</time></trkpt>
      <trkpt lat="22.5385793" lon="113.9363351"><ele>12.3</ele><time>2023-06-29T23:02:30Z</time></trkpt>
      <trkpt lat="22.5385921" lon="113.9363470"><ele>12.4</ele><time>2023-06-29T23:02:31Z</time></trkpt>
      <trkpt lat="22.5386056" lon="113.9363573"><ele>12.4</ele><time>2023-06-29T23:02:32Z</time></trkpt>
      <trkpt lat="22.5386202" lon="113.9363655"><ele>12.4</ele><time>2023-06-29T23:02:33Z</time></trkpt>
      <trkpt lat="22.5386351" lon="113.9363726"><ele>12.4</ele><time>2023-06-29T23:02:34Z</time></trkpt>
      <trkpt lat="22.5386503" lon="113.9363794"><ele>12.5</ele><time>2023-06-29T23:02:35Z</time></trkpt>
      <trkpt lat="22.5386662" lon="113.9363859"><ele>12.5</ele><time>2023-06-29T23:02:36Z</time></trkpt>
      <trkpt lat="22.5386823" lon="113.9363921"><ele>12.5</ele><time>2023-06-29T23:02:37Z</time></trkpt>
      <trkpt lat="22.5386984" lon="113.9363967"><ele>12.5</ele><time>2023-06-29T23:02:38Z</time></trkpt>
      <trkpt lat="22.5387146" lon="113.9364005"><ele>12.6</ele><time>2023-06-29T23:02:39Z</time></trkpt>
      <trkpt lat="22.5387308" lon="113.9364046"><ele>12.6</ele><time>2023-06-29T23:02:40Z</time></trkpt>
      <trkpt lat="22.5387473" lon="113.9364083"><ele>12.6</ele><time>2023-06-29T23:02:41Z</time></trkpt>
      <trkpt lat="22.5387643" lon="113.9364111"><ele>12.7</ele><time>2023-06-29T23:02:42Z</time></trkpt>
    </trkseg>
  </trk>
  <extensions>
    <distance>4040.16</distance>
    <moving_time>2014.72</moving_time>
    <elapsed_time>2014.72</elapsed_time>
    <average_speed>2.01</average_speed>
    <start_time>2023-06-29T22:30:49Z</start_time>
    <end_time>2023-06-29T23:04:24Z</end_time>
    <average_hr>130.56</average_hr>
  </extensions>
</gpx>
