<?xml version="1.0" encoding="UTF-8"?>
<gpx version="1.1" creator="RunSync" xmlns="http://www.topografix.com/GPX/1/1">
  <metadata><time>2024-01-01T00:37:06Z</time></metadata>
  <trk>
    <name>跑步</name>
    <type>running</type>
    <trkseg>
      <trkpt lat="25.7387055" lon="100.1677769"><ele>1967.5</ele><time>2024-01-01T00:39:05Z</time></trkpt>
      <trkpt lat="25.7387086" lon="100.1677991"><ele>1967.6</ele><time>2024-01-01T00:39:06Z</time></trkpt>
      <trkpt lat="25.7387104" lon="100.1678217"><ele>1967.6</ele><time>2024-01-01T00:39:07Z</time></trkpt>
      <trkpt lat="25.7387113" lon="100.1678445"><ele>1967.7</ele><time>2024-01-01T00:39:08Z</time></trkpt>
      <trkpt lat="25.7387114" lon="100.1678676"><ele>1967.7</ele><time>2024-01-01T00:39:09Z</time></trkpt>
      <trkpt lat="25.7387101" lon="100.1678909"><ele>1967.7</ele><time>2024-01-01T00:39:10Z</time></trkpt>
      <trkpt lat="25.7387074" lon="100.1679141"><ele>1967.7</ele><time>2024-01-01T00:39:11Z</time></trkpt>
      <trkpt lat="25.7387035" lon="100.1679365"><ele>1967.8</ele><time>2024-01-01T00:39:12Z</time></trkpt>
      <trkpt lat="25.7386986" lon="100.1679582"><ele>1967.8</ele><time>2024-01-01T00:39:13Z</time></trkpt>
      <trkpt lat="25.7386930" lon="100.1679793"><ele>1967.8</ele><time>2024-01-01T00:39:14Z</time></trkpt>
      <trkpt lat="25.7386865" lon="100.1680002"><ele>1967.8</ele><time>2024-01-01T00:39:15Z</time></trkpt>
      <trkpt lat="25.7386794" lon="100.1680210"><ele>1967.8</ele><time>2024-01-01T00:39:16Z</time></trkpt>
      <trkpt lat="25.7386727" lon="100.1680421"><ele>1967.9</ele><time>2024-01-01T00:39:17Z</time></trkpt>
      <trkpt lat="25.7386658" lon="100.1680633"><ele>1967.9</ele><time>2024-01-01T00:39:18Z</time></trkpt>
      <trkpt lat="25.7386584" lon="100.1680839"><ele>1967.9</ele><time>2024-01-01T00:39:19Z</time></trkpt>
      <trkpt lat="25.7386519" lon="100.1681043"><ele>1968.0</ele><time>2024-01-01T00:39:20Z</time></trkpt>
      <trkpt lat="25.7386460" lon="100.1681247"><ele>1968.0</ele><time>2024-01-01T00:39:21Z</time></trkpt>
      <trkpt lat="25.7386394" lon="100.1681456"><ele>1968.0</ele><time>2024-01-01T00:39:22Z</time></trkpt>
      <trkpt lat="25.7386317" lon="100.1681665"><ele>1968.0</ele><time>2024-01-01T00:39:23Z</time></trkpt>
      <trkpt lat="25.7386224" lon="100.1681868"><ele>1968.0</ele><time>2024-01-01T00:39:24Z</time></trkpt>
      <trkpt lat="25.7386125" lon="100.1682069"><ele>1968.0</ele><time>2024-01-01T00:39:25Z</time></trkpt>
      <trkpt lat="25.7386031" lon="100.1682273"><ele>1968.0</ele><time>2024-01-01T00:39:26Z</time></trkpt>
      <trkpt lat="25.7385943" lon="100.1682478"><ele>1968.0</ele><time>2024-01-01T00:39:27Z</time></trkpt>
      <trkpt lat="25.7385850" lon="100.1682681"><ele>1968.0</ele><time>2024-01-01T00:39:28Z</time></trkpt>
      <trkpt lat="25.7385749" lon="100.1682881"><ele>1967.9</ele><time>2024-01-01T00:39:29Z</time></trkpt>
      <trkpt lat="25.7385650" lon="100.1683081"><ele>1967.9</ele><time>2024-01-01T00:39:30Z</time></trkpt>
      <trkpt lat="25.7385553" lon="100.1683282"><ele>1967.8</ele><time>2024-01-01T00:39:31Z</time></trkpt>
      <trkpt lat="25.7385455" lon="100.1683483"><ele>1967.7</ele><time>2024-01-01T00:39:32Z</time></trkpt>
      <trkpt lat="25.7385365" lon="100.1683691"><ele>1967.7</ele><time>2024-01-01T00:39:33Z</time></trkpt>
      <trkpt lat="25.7385293" lon="100.1683911"><ele>1967.6</ele><time>2024-01-01T00:39:34Z</time></trkpt>
      <trkpt lat="25.7385227" lon="100.1684131"><ele>1967.6</ele><time>2024-01-01T00:39:35Z</time></trkpt>
      <trkpt lat="25.7385159" lon="100.1684347"><ele>1967.5</ele><time>2024-01-01T00:39:36Z</time></trkpt>
      <trkpt lat="25.7385090" lon="100.1684560"><ele>1967.4</ele><time>2024-01-01T00:39:37Z</time></trkpt>
      <trkpt lat="25.7385016" lon="100.1684769"><ele>1967.4</ele><time>2024-01-01T00:39:38Z</time></trkpt>
      <trkpt lat="25.7384938" lon="100.1684973"><ele>1967.4</ele><time>2024-01-01T00:39:39Z</time></trkpt>
      <trkpt lat="25.7384857" lon="100.1685174"><ele>1967.4</ele><time>2024-01-01T00:39:40Z</time></trkpt>
      <trkpt lat="25.7384775" lon="100.1685377"><ele>1967.4</ele><time>2024-01-01T00:39:41Z</time></trkpt>
      <trkpt lat="25.7384695" lon="100.1685580"><ele>1967.4</ele><time>2024-01-01T00:39:42Z</time></trkpt>
      <trkpt lat="25.7384616" lon="100.1685783"><ele>1967.4</ele><time>2024-01-01T00:39:43Z</time></trkpt>
      <trkpt lat="25.7384538" lon="100.1685982"><ele>1967.4</ele><time>2024-01-01T00:39:44Z</time></trkpt>
      <trkpt lat="25.7384462" lon="100.1686179"><ele>1967.4</ele><time>2024-01-01T00:39:45Z</time></trkpt>
      <trkpt lat="25.7384387" lon="100.1686373"><ele>1967.4</ele><time>2024-01-01T00:39:46Z</time></trkpt>
      <trkpt lat="25.7384317" lon="100.1686567"><ele>1967.4</ele><time>2024-01-01T00:39:47Z</time></trkpt>
      <trkpt lat="25.7384252" lon="100.1686762"><ele>1967.4</ele><time>2024-01-01T00:39:48Z</time></trkpt>
      <trkpt lat="25.7384191" lon="100.1686955"><ele>1967.5</ele><time>2024-01-01T00:39:49Z</time></trkpt>
      <trkpt lat="25.7384126" lon="100.1687147"><ele>1967.5</ele><time>2024-01-01T00:39:50Z</time></trkpt>
      <trkpt lat="25.7384054" lon="100.1687335"><ele>1967.6</ele><time>2024-01-01T00:39:51Z</time></trkpt>
      <trkpt lat="25.7383980" lon="100.1687519"><ele>1967.7</ele><time>2024-01-01T00:39:52Z</time></trkpt>
      <trkpt lat="25.7383899" lon="100.1687702"><ele>1967.7</ele><time>2024-01-01T00:39:53Z</time></trkpt>
      <trkpt lat="25.7383816" lon="100.1687885"><ele>1967.7</ele><time>2024-01-01T00:39:54Z</time></trkpt>
      <trkpt lat="25.7383738" lon="100.1688073"><ele>1967.8</ele><time>2024-01-01T00:39:55Z</time></trkpt>
      <trkpt lat="25.7383666" lon="100.1688265"><ele>1967.8</ele><time>2024-01-01T00:39:56Z</time></trkpt>
      <trkpt lat="25.7383593" lon="100.1688460"><ele>1967.9</ele><time>2024-01-01T00:39:57Z</time></trkpt>
      <trkpt lat="25.7383515" lon="100.1688657"><ele>1968.0</ele><time>2024-01-01T00:39:58Z</time></trkpt>
      <trkpt lat="25.7383430" lon="100.1688849"><ele>1968.0</ele><time>2024-01-01T00:39:59Z</time></trkpt>
      <trkpt lat="25.7383349" lon="100.1689037"><ele>1968.0</ele><time>2024-01-01T00:40:00Z</time></trkpt>
      <trkpt lat="25.7383276" lon="100.1689229"><ele>1968.1</ele><time>2024-01-01T00:40:01Z</time></trkpt>
      <trkpt lat="25.7383209" lon="100.1689425"><ele>1968.1</ele><time>2024-01-01T00:40:02Z</time></trkpt>
      <trkpt lat="25.7383144" lon="100.1689624"><ele>1968.2</ele><time>2024-01-01T00:40:03Z</time></trkpt>
      <trkpt lat="25.7383080" lon="100.1689825"><ele>1968.2</ele><time>2024-01-01T00:40:04Z</time></trkpt>
      <trkpt lat="25.7383016" lon="100.1690030"><ele>1968.2</ele><time>2024-01-01T00:40:05Z</time></trkpt>
      <trkpt lat="25.7382958" lon="100.1690242"><ele>1968.3</ele><time>2024-01-01T00:40:06Z</time></trkpt>
      <trkpt lat="25.7382909" lon="100.1690458"><ele>1968.3</ele><time>2024-01-01T00:40:07Z</time></trkpt>
      <trkpt lat="25.7382854" lon="100.1690671"><ele>1968.3</ele><time>2024-01-01T00:40:08Z</time></trkpt>
      <trkpt lat="25.7382793" lon="100.1690877"><ele>1968.3</ele><time>2024-01-01T00:40:09Z</time></trkpt>
      <trkpt lat="25.7382731" lon="100.1691080"><ele>1968.3</ele><time>2024-01-01T00:40:10Z</time></trkpt>
      <trkpt lat="25.7382671" lon="100.1691283"><ele>1968.3</ele><time>2024-01-01T00:40:11Z</time></trkpt>
      <trkpt lat="25.7382613" lon="100.1691488"><ele>1968.3</ele><time>2024-01-01T00:40:12Z</time></trkpt>
      <trkpt lat="25.7382564" lon="100.1691697"><ele>1968.3</ele><time>2024-01-01T00:40:13Z</time></trkpt>
      <trkpt lat="25.7382523" lon="100.1691909"><ele>1968.3</ele><time>2024-01-01T00:40:14Z</time></trkpt>
      <trkpt lat="25.7382479" lon="100.1692122"><ele>1968.3</ele><time>2024-01-01T00:40:15Z</time></trkpt>
      <trkpt lat="25.7382432" lon="100.1692334"><ele>1968.3</ele><time>2024-01-01T00:40:16Z</time></trkpt>
      <trkpt lat="25.7382384" lon="100.1692545"><ele>1968.3</ele><time>2024-01-01T00:40:17Z</time></trkpt>
      <trkpt lat="25.7382343" lon="100.1692756"><ele>1968.3</ele><time>2024-01-01T00:40:18Z</time></trkpt>
      <trkpt lat="25.7382315" lon="100.1692970"><ele>1968.3</ele><time>2024-01-01T00:40:19Z</time></trkpt>
      <trkpt lat="25.7382290" lon="100.1693184"><ele>1968.3</ele><time>2024-01-01T00:40:20Z</time></trkpt>
      <trkpt lat="25.7382256" lon="100.1693395"><ele>1968.4</ele><time>2024-01-01T00:40:21Z</time></trkpt>
      <trkpt lat="25.7382216" lon="100.1693606"><ele>1968.4</ele><time>2024-01-01T00:40:22Z</time></trkpt>
      <trkpt lat="25.7382174" lon="100.1693816"><ele>1968.4</ele><time>2024-01-01T00:40:23Z</time></trkpt>
      <trkpt lat="25.7382142" lon="100.1694026"><ele>1968.4</ele><time>2024-01-01T00:40:24Z</time></trkpt>
      <trkpt lat="25.7382121" lon="100.1694239"><ele>1968.4</ele><time>2024-01-01T00:40:25Z</time></trkpt>
      <trkpt lat="25.7382098" lon="100.1694455"><ele>1968.4</ele><time>2024-01-01T00:40:26Z</time></trkpt>
      <trkpt lat="25.7382070" lon="100.1694674"><ele>1968.4</ele><time>2024-01-01T00:40:27Z</time></trkpt>
      <trkpt lat="25.7382038" lon="100.1694891"><ele>1968.4</ele><time>2024-01-01T00:40:28Z</time></trkpt>
      <trkpt lat="25.7382005" lon="100.1695108"><ele>1968.4</ele><time>2024-01-01T00:40:29Z</time></trkpt>
      <trkpt lat="25.7381972" lon="100.1695324"><ele>1968.4</ele><time>2024-01-01T00:40:30Z</time></trkpt>
      <trkpt lat="25.7381940" lon="100.1695539"><ele>1968.3</ele><time>2024-01-01T00:40:31Z</time></trkpt>
      <trkpt lat="25.7381910" lon="100.1695757"><ele>1968.3</ele><time>2024-01-01T00:40:32Z</time></trkpt>
      <trkpt lat="25.7381877" lon="100.1695973"><ele>1968.3</ele><time>2024-01-01T00:40:33Z</time></trkpt>
      <trkpt lat="25.7381848" lon="100.1696190"><ele>1968.3</ele><time>2024-01-01T00:40:34Z</time></trkpt>
      <trkpt lat="25.7381829" lon="100.1696407"><ele>1968.3</ele><time>2024-01-01T00:40:35Z</time></trkpt>
      <trkpt lat="25.7381813" lon="100.1696624"><ele>1968.2</ele><time>2024-01-01T00:40:36Z</time></trkpt>
      <trkpt lat="25.7381797" lon="100.1696840"><ele>1968.2</ele><time>2024-01-01T00:40:37Z</time></trkpt>
      <trkpt lat="25.7381785" lon="100.1697053"><ele>1968.2</ele><time>2024-01-01T00:40:38Z</time></trkpt>
      <trkpt lat="25.7381771" lon="100.1697265"><ele>1968.2</ele><time>2024-01-01T00:40:39Z</time></trkpt>
      <trkpt lat="25.7381756" lon="100.1697477"><ele>1968.1</ele><time>2024-01-01T00:40:40Z</time></trkpt>
      <trkpt lat="25.7381739" lon="100.1697688"><ele>1968.1</ele><time>2024-01-01T00:40:41Z</time></trkpt>
      <trkpt lat="25.7381717" lon="100.1697901"><ele>1968.0</ele><time>2024-01-01T00:40:42Z</time></trkpt>
      <trkpt lat="25.7381690" lon="100.1698116"><ele>1968.0</ele><time>2024-01-01T00:40:43Z</time></trkpt>
      <trkpt lat="25.7381665" lon="100.1698334"><ele>1968.0</ele><time>2024-01-01T00:40:44Z</time></trkpt>
      <trkpt lat="25.7381641" lon="100.1698554"><ele>1967.9</ele><time>2024-01-01T00:40:45Z</time></trkpt>
      <trkpt lat="25.7381612" lon="100.1698775"><ele>1967.9</ele><time>2024-01-01T00:40:46Z</time></trkpt>
      <trkpt lat="25.7381582" lon="100.1698999"><ele>1967.9</ele><time>2024-01-01T00:40:47Z</time></trkpt>
      <trkpt lat="25.7381556" lon="100.1699224"><ele>1967.8</ele><time>2024-01-01T00:40:48Z</time></trkpt>
      <trkpt lat="25.7381537" lon="100.1699451"><ele>1967.8</ele><time>2024-01-01T00:40:49Z</time></trkpt>
      <trkpt lat="25.7381513" lon="100.1699678"><ele>1967.7</ele><time>2024-01-01T00:40:50Z</time></trkpt>
      <trkpt lat="25.7381483" lon="100.1699907"><ele>1967.6</ele><time>2024-01-01T00:40:51Z</time></trkpt>
      <trkpt lat="25.7381453" lon="100.1700139"><ele>1967.6</ele><time>2024-01-01T00:40:52Z</time></trkpt>
      <trkpt lat="25.7381433" lon="100.1700374"><ele>1967.5</ele><time>2024-01-01T00:40:53Z</time></trkpt>
      <trkpt lat="25.7381422" lon="100.1700614"><ele>1967.5</ele><time>2024-01-01T00:40:54Z</time></trkpt>
      <trkpt lat="25.7381409" lon="100.1700858"><ele>1967.4</ele><time>2024-01-01T00:40:55Z</time></trkpt>
      <trkpt lat="25.7381380" lon="100.1701102"><ele>1967.4</ele><time>2024-01-01T00:40:56Z</time></trkpt>
      <trkpt lat="25.7381338" lon="100.1701340"><ele>1967.4</ele><time>2024-01-01T00:40:57Z</time></trkpt>
      <trkpt lat="25.7381296" lon="100.1701576"><ele>1967.3</ele><time>2024-01-01T00:40:58Z</time></trkpt>
      <trkpt lat="25.7381259" lon="100.1701810"><ele>1967.3</ele><time>2024-01-01T00:40:59Z</time></trkpt>
      <trkpt lat="25.7381231" lon="100.1702046"><ele>1967.3</ele><time>2024-01-01T00:41:00Z</time></trkpt>
      <trkpt lat="25.7381203" lon="100.1702281"><ele>1967.2</ele><time>2024-01-01T00:41:01Z</time></trkpt>
      <trkpt lat="25.7381171" lon="100.1702510"><ele>1967.2</ele><time>2024-01-01T00:41:02Z</time></trkpt>
      <trkpt lat="25.7381135" lon="100.1702736"><ele>1967.2</ele><time>2024-01-01T00:41:03Z</time></trkpt>
      <trkpt lat="25.7381096" lon="100.1702961"><ele>1967.2</ele><time>2024-01-01T00:41:04Z</time></trkpt>
      <trkpt lat="25.7381051" lon="100.1703185"><ele>1967.2</ele><time>2024-01-01T00:41:05Z</time></trkpt>
      <trkpt lat="25.7380996" lon="100.1703406"><ele>1967.2</ele><time>2024-01-01T00:41:06Z</time></trkpt>
      <trkpt lat="25.7380936" lon="100.1703626"><ele>1967.1</ele><time>2024-01-01T00:41:07Z</time></trkpt>
      <trkpt lat="25.7380871" lon="100.1703843"><ele>1967.1</ele><time>2024-01-01T00:41:08Z</time></trkpt>
      <trkpt lat="25.7380801" lon="100.1704057"><ele>1967.1</ele><time>2024-01-01T00:41:09Z</time></trkpt>
      <trkpt lat="25.7380732" lon="100.1704274"><ele>1967.1</ele><time>2024-01-01T00:41:10Z</time></trkpt>
      <trkpt lat="25.7380670" lon="100.1704494"><ele>1967.1</ele><time>2024-01-01T00:41:11Z</time></trkpt>
      <trkpt lat="25.7380613" lon="100.1704714"><ele>1967.1</ele><time>2024-01-01T00:41:12Z</time></trkpt>
      <trkpt lat="25.7380560" lon="100.1704932"><ele>1967.1</ele><time>2024-01-01T00:41:13Z</time></trkpt>
      <trkpt lat="25.7380513" lon="100.1705149"><ele>1967.2</ele><time>2024-01-01T00:41:14Z</time></trkpt>
      <trkpt lat="25.7380463" lon="100.1705366"><ele>1967.2</ele><time>2024-01-01T00:41:15Z</time></trkpt>
      <trkpt lat="25.7380412" lon="100.1705583"><ele>1967.2</ele><time>2024-01-01T00:41:16Z</time></trkpt>
      <trkpt lat="25.7380359" lon="100.1705797"><ele>1967.2</ele><time>2024-01-01T00:41:17Z</time></trkpt>
      <trkpt lat="25.7380298" lon="100.1706005"><ele>1967.2</ele><time>2024-01-01T00:41:18Z</time></trkpt>
      <trkpt lat="25.7380228" lon="100.1706210"><ele>1967.2</ele><time>2024-01-01T00:41:19Z</time></trkpt>
      <trkpt lat="25.7380150" lon="100.1706413"><ele>1967.2</ele><time>2024-01-01T00:41:20Z</time></trkpt>
      <trkpt lat="25.7380066" lon="100.1706615"><ele>1967.2</ele><time>2024-01-01T00:41:21Z</time></trkpt>
      <trkpt lat="25.7379978" lon="100.1706816"><ele>1967.1</ele><time>2024-01-01T00:41:22Z</time></trkpt>
      <trkpt lat="25.7379882" lon="100.1707012"><ele>1967.1</ele><time>2024-01-01T00:41:23Z</time></trkpt>
      <trkpt lat="25.7379776" lon="100.1707200"><ele>1967.1</ele><time>2024-01-01T00:41:24Z</time></trkpt>
      <trkpt lat="25.7379657" lon="100.1707379"><ele>1967.0</ele><time>2024-01-01T00:41:25Z</time></trkpt>
      <trkpt lat="25.7379526" lon="100.1707547"><ele>1967.0</ele><time>2024-01-01T00:41:26Z</time></trkpt>
      <trkpt lat="25.7379391" lon="100.1707707"><ele>1966.9</ele><time>2024-01-01T00:41:27Z</time></trkpt>
      <trkpt lat="25.7379248" lon="100.1707856"><ele>1966.8</ele><time>2024-01-01T00:41:28Z</time></trkpt>
      <trkpt lat="25.7379093" lon="100.1707997"><ele>1966.8</ele><time>2024-01-01T00:41:29Z</time></trkpt>
      <trkpt lat="25.7378929" lon="100.1708123"><ele>1966.7</ele><time>2024-01-01T00:41:30Z</time></trkpt>
      <trkpt lat="25.7378760" lon="100.1708233"><ele>1966.5</ele><time>2024-01-01T00:41:31Z</time></trkpt>
      <trkpt lat="25.7378588" lon="100.1708328"><ele>1966.4</ele><time>2024-01-01T00:41:32Z</time></trkpt>
      <trkpt lat="25.7378416" lon="100.1708417"><ele>1966.3</ele><time>2024-01-01T00:41:33Z</time></trkpt>
      <trkpt lat="25.7378238" lon="100.1708499"><ele>1966.2</ele><time>2024-01-01T00:41:34Z</time></trkpt>
      <trkpt lat="25.7378053" lon="100.1708574"><ele>1966.0</ele><time>2024-01-01T00:41:35Z</time></trkpt>
      <trkpt lat="25.7377862" lon="100.1708646"><ele>1965.9</ele><time>2024-01-01T00:41:36Z</time></trkpt>
      <trkpt lat="25.7377668" lon="100.1708709"><ele>1965.7</ele><time>2024-01-01T00:41:37Z</time></trkpt>
      <trkpt lat="25.7377469" lon="100.1708755"><ele>1965.6</ele><time>2024-01-01T00:41:38Z</time></trkpt>
      <trkpt lat="25.7377264" lon="100.1708788"><ele>1965.5</ele><time>2024-01-01T00:41:39Z</time></trkpt>
      <trkpt lat="25.7377053" lon="100.1708813"><ele>1965.3</ele><time>2024-01-01T00:41:40Z</time></trkpt>
      <trkpt lat="25.7376836" lon="100.1708828"><ele>1965.2</ele><time>2024-01-01T00:41:41Z</time></trkpt>
      <trkpt lat="25.7376615" lon="100.1708832"><ele>1965.1</ele><time>2024-01-01T00:41:42Z</time></trkpt>
      <trkpt lat="25.7376393" lon="100.1708828"><ele>1965.0</ele><time>2024-01-01T00:41:43Z</time></trkpt>
      <trkpt lat="25.7376171" lon="100.1708824"><ele>1964.9</ele><time>2024-01-01T00:41:44Z</time></trkpt>
      <trkpt lat="25.7375950" lon="100.1708843"><ele>1964.9</ele><time>2024-01-01T00:41:45Z</time></trkpt>
      <trkpt lat="25.7375733" lon="100.1708888"><ele>1964.8</ele><time>2024-01-01T00:41:46Z</time></trkpt>
      <trkpt lat="25.7375516" lon="100.1708929"><ele>1964.8</ele><time>2024-01-01T00:41:47Z</time></trkpt>
      <trkpt lat="25.7375296" lon="100.1708941"><ele>1964.8</ele><time>2024-01-01T00:41:48Z</time></trkpt>
      <trkpt lat="25.7375079" lon="100.1708928"><ele>1964.8</ele><time>2024-01-01T00:41:49Z</time></trkpt>
      <trkpt lat="25.7374866" lon="100.1708911"><ele>1964.8</ele><time>2024-01-01T00:41:50Z</time></trkpt>
      <trkpt lat="25.7374654" lon="100.1708901"><ele>1964.8</ele><time>2024-01-01T00:41:51Z</time></trkpt>
      <trkpt lat="25.7374445" lon="100.1708895"><ele>1964.8</ele><time>2024-01-01T00:41:52Z</time></trkpt>
      <trkpt lat="25.7374236" lon="100.1708889"><ele>1964.9</ele><time>2024-01-01T00:41:53Z</time></trkpt>
      <trkpt lat="25.7374029" lon="100.1708881"><ele>1964.9</ele><time>2024-01-01T00:41:54Z</time></trkpt>
      <trkpt lat="25.7373824" lon="100.1708871"><ele>1965.0</ele><time>2024-01-01T00:41:55Z</time></trkpt>
      <trkpt lat="25.7373621" lon="100.1708864"><ele>1965.0</ele><time>2024-01-01T00:41:56Z</time></trkpt>
      <trkpt lat="25.7373420" lon="100.1708869"><ele>1965.1</ele><time>2024-01-01T00:41:57Z</time></trkpt>
      <trkpt lat="25.7373220" lon="100.1708881"><ele>1965.1</ele><time>2024-01-01T00:41:58Z</time></trkpt>
      <trkpt lat="25.7373020" lon="100.1708891"><ele>1965.2</ele><time>2024-01-01T00:41:59Z</time></trkpt>
      <trkpt lat="25.7372819" lon="100.1708897"><ele>1965.2</ele><time>2024-01-01T00:42:00Z</time></trkpt>
      <trkpt lat="25.7372619" lon="100.1708899"><ele>1965.2</ele><time>2024-01-01T00:42:01Z</time></trkpt>
      <trkpt lat="25.7372422" lon="100.1708898"><ele>1965.3</ele><time>2024-01-01T00:42:02Z</time></trkpt>
      <trkpt lat="25.7372228" lon="100.1708893"><ele>1965.3</ele><time>2024-01-01T00:42:03Z</time></trkpt>
      <trkpt lat="25.7372035" lon="100.1708889"><ele>1965.4</ele><time>2024-01-01T00:42:04Z</time></trkpt>
      <trkpt lat="25.7371841" lon="100.1708887"><ele>1965.4</ele><time>2024-01-01T00:42:05Z</time></trkpt>
      <trkpt lat="25.7371648" lon="100.1708887"><ele>1965.4</ele><time>2024-01-01T00:42:06Z</time></trkpt>
      <trkpt lat="25.7371455" lon="100.1708887"><ele>1965.4</ele><time>2024-01-01T00:42:07Z</time></trkpt>
      <trkpt lat="25.7371265" lon="100.1708886"><ele>1965.5</ele><time>2024-01-01T00:42:08Z</time></trkpt>
      <trkpt lat="25.7371077" lon="100.1708883"><ele>1965.4</ele><time>2024-01-01T00:42:09Z</time></trkpt>
      <trkpt lat="25.7370888" lon="100.1708872"><ele>1965.4</ele><time>2024-01-01T00:42:10Z</time></trkpt>
      <trkpt lat="25.7370698" lon="100.1708856"><ele>1965.4</ele><time>2024-01-01T00:42:11Z</time></trkpt>
      <trkpt lat="25.7370507" lon="100.1708834"><ele>1965.4</ele><time>2024-01-01T00:42:12Z</time></trkpt>
      <trkpt lat="25.7370319" lon="100.1708802"><ele>1965.4</ele><time>2024-01-01T00:42:13Z</time></trkpt>
      <trkpt lat="25.7370131" lon="100.1708760"><ele>1965.4</ele><time>2024-01-01T00:42:14Z</time></trkpt>
      <trkpt lat="25.7369943" lon="100.1708710"><ele>1965.4</ele><time>2024-01-01T00:42:15Z</time></trkpt>
      <trkpt lat="25.7369753" lon="100.1708662"><ele>1965.4</ele><time>2024-01-01T00:42:16Z</time></trkpt>
      <trkpt lat="25.7369561" lon="100.1708619"><ele>1965.3</ele><time>2024-01-01T00:42:17Z</time></trkpt>
      <trkpt lat="25.7369372" lon="100.1708571"><ele>1965.3</ele><time>2024-01-01T00:42:18Z</time></trkpt>
      <trkpt lat="25.7369185" lon="100.1708512"><ele>1965.3</ele><time>2024-01-01T00:42:19Z</time></trkpt>
      <trkpt lat="25.7369001" lon="100.1708442"><ele>1965.3</ele><time>2024-01-01T00:42:20Z</time></trkpt>
      <trkpt lat="25.7368817" lon="100.1708370"><ele>1965.3</ele><time>2024-01-01T00:42:21Z</time></trkpt>
      <trkpt lat="25.7368632" lon="100.1708305"><ele>1965.2</ele><time>2024-01-01T00:42:22Z</time></trkpt>
      <trkpt lat="25.7368446" lon="100.1708244"><ele>1965.2</ele><time>2024-01-01T00:42:23Z</time></trkpt>
      <trkpt lat="25.7368261" lon="100.1708186"><ele>1965.2</ele><time>2024-01-01T00:42:24Z</time></trkpt>
      <trkpt lat="25.7368077" lon="100.1708130"><ele>1965.2</ele><time>2024-01-01T00:42:25Z</time></trkpt>
      <trkpt lat="25.7367892" lon="100.1708069"><ele>1965.3</ele><time>2024-01-01T00:42:26Z</time></trkpt>
      <trkpt lat="25.7367706" lon="100.1708007"><ele>1965.3</ele><time>2024-01-01T00:42:27Z</time></trkpt>
      <trkpt lat="25.7367517" lon="100.1707951"><ele>1965.3</ele><time>2024-01-01T00:42:28Z</time></trkpt>
      <trkpt lat="25.7367325" lon="100.1707904"><ele>1965.4</ele><time>2024-01-01T00:42:29Z</time></trkpt>
      <trkpt lat="25.7367135" lon="100.1707866"><ele>1965.4</ele><time>2024-01-01T00:42:30Z</time></trkpt>
      <trkpt lat="25.7366944" lon="100.1707844"><ele>1965.5</ele><time>2024-01-01T00:42:31Z</time></trkpt>
      <trkpt lat="25.7366750" lon="100.1707841"><ele>1965.6</ele><time>2024-01-01T00:42:32Z</time></trkpt>
      <trkpt lat="25.7366553" lon="100.1707854"><ele>1965.7</ele><time>2024-01-01T00:42:33Z</time></trkpt>
      <trkpt lat="25.7366350" lon="100.1707883"><ele>1965.8</ele><time>2024-01-01T00:42:34Z</time></trkpt>
      <trkpt lat="25.7366145" lon="100.1707937"><ele>1965.9</ele><time>2024-01-01T00:42:35Z</time></trkpt>
      <trkpt lat="25.7365940" lon="100.1708016"><ele>1966.1</ele><time>2024-01-01T00:42:36Z</time></trkpt>
      <trkpt lat="25.7365739" lon="100.1708106"><ele>1966.2</ele><time>2024-01-01T00:42:37Z</time></trkpt>
      <trkpt lat="25.7365538" lon="100.1708193"><ele>1966.3</ele><time>2024-01-01T00:42:38Z</time></trkpt>
      <trkpt lat="25.7365340" lon="100.1708271"><ele>1966.5</ele><time>2024-01-01T00:42:39Z</time></trkpt>
      <trkpt lat="25.7365147" lon="100.1708356"><ele>1966.6</ele><time>2024-01-01T00:42:40Z</time></trkpt>
      <trkpt lat="25.7364962" lon="100.1708455"><ele>1966.7</ele><time>2024-01-01T00:42:41Z</time></trkpt>
      <trkpt lat="25.7364783" lon="100.1708561"><ele>1966.8</ele><time>2024-01-01T00:42:42Z</time></trkpt>
      <trkpt lat="25.7364604" lon="100.1708671"><ele>1966.9</ele><time>2024-01-01T00:42:43Z</time></trkpt>
      <trkpt lat="25.7364425" lon="100.1708780"><ele>1967.0</ele><time>2024-01-01T00:42:44Z</time></trkpt>
      <trkpt lat="25.7364242" lon="100.1708884"><ele>1967.1</ele><time>2024-01-01T00:42:45Z</time></trkpt>
      <trkpt lat="25.7364059" lon="100.1708986"><ele>1967.1</ele><time>2024-01-01T00:42:46Z</time></trkpt>
      <trkpt lat="25.7363880" lon="100.1709089"><ele>1967.2</ele><time>2024-01-01T00:42:47Z</time></trkpt>
      <trkpt lat="25.7363699" lon="100.1709190"><ele>1967.2</ele><time>2024-01-01T00:42:48Z</time></trkpt>
      <trkpt lat="25.7363513" lon="100.1709280"><ele>1967.2</ele><time>2024-01-01T00:42:49Z</time></trkpt>
      <trkpt lat="25.7363326" lon="100.1709367"><ele>1967.2</ele><time>2024-01-01T00:42:50Z</time></trkpt>
      <trkpt lat="25.7363138" lon="100.1709455"><ele>1967.2</ele><time>2024-01-01T00:42:51Z</time></trkpt>
      <trkpt lat="25.7362946" lon="100.1709529"><ele>1967.1</ele><time>2024-01-01T00:42:52Z</time></trkpt>
      <trkpt lat="25.7362746" lon="100.1709580"><ele>1967.1</ele><time>2024-01-01T00:42:53Z</time></trkpt>
      <trkpt lat="25.7362540" lon="100.1709614"><ele>1967.1</ele><time>2024-01-01T00:42:54Z</time></trkpt>
      <trkpt lat="25.7362333" lon="100.1709644"><ele>1967.0</ele><time>2024-01-01T00:42:55Z</time></trkpt>
      <trkpt lat="25.7362123" lon="100.1709672"><ele>1967.0</ele><time>2024-01-01T00:42:56Z</time></trkpt>
      <trkpt lat="25.7361914" lon="100.1709692"><ele>1966.9</ele><time>2024-01-01T00:42:57Z</time></trkpt>
      <trkpt lat="25.7361704" lon="100.1709707"><ele>1966.8</ele><time>2024-01-01T00:42:58Z</time></trkpt>
      <trkpt lat="25.7361493" lon="100.1709717"><ele>1966.8</ele><time>2024-01-01T00:42:59Z</time></trkpt>
      <trkpt lat="25.7361281" lon="100.1709721"><ele>1966.7</ele><time>2024-01-01T00:43:00Z</time></trkpt>
      <trkpt lat="25.7361069" lon="100.1709719"><ele>1966.7</ele><time>2024-01-01T00:43:01Z</time></trkpt>
      <trkpt lat="25.7360857" lon="100.1709721"><ele>1966.6</ele><time>2024-01-01T00:43:02Z</time></trkpt>
      <trkpt lat="25.7360645" lon="100.1709727"><ele>1966.6</ele><time>2024-01-01T00:43:03Z</time></trkpt>
      <trkpt lat="25.7360434" lon="100.1709730"><ele>1966.6</ele><time>2024-01-01T00:43:04Z</time></trkpt>
      <trkpt lat="25.7360225" lon="100.1709731"><ele>1966.5</ele><time>2024-01-01T00:43:05Z</time></trkpt>
      <trkpt lat="25.7360020" lon="100.1709729"><ele>1966.5</ele><time>2024-01-01T00:43:06Z</time></trkpt>
      <trkpt lat="25.7359818" lon="100.1709730"><ele>1966.4</ele><time>2024-01-01T00:43:07Z</time></trkpt>
      <trkpt lat="25.7359619" lon="100.1709735"><ele>1966.4</ele><time>2024-01-01T00:43:08Z</time></trkpt>
      <trkpt lat="25.7359422" lon="100.1709736"><ele>1966.4</ele><time>2024-01-01T00:43:09Z</time></trkpt>
      <trkpt lat="25.7359226" lon="100.1709735"><ele>1966.4</ele><time>2024-01-01T00:43:10Z</time></trkpt>
      <trkpt lat="25.7359031" lon="100.1709733"><ele>1966.3</ele><time>2024-01-01T00:43:11Z</time></trkpt>
      <trkpt lat="25.7358838" lon="100.1709730"><ele>1966.3</ele><time>2024-01-01T00:43:12Z</time></trkpt>
      <trkpt lat="25.7358648" lon="100.1709723"><ele>1966.3</ele><time>2024-01-01T00:43:13Z</time></trkpt>
      <trkpt lat="25.7358461" lon="100.1709720"><ele>1966.3</ele><time>2024-01-01T00:43:14Z</time></trkpt>
      <trkpt lat="25.7358270" lon="100.1709720"><ele>1966.3</ele><time>2024-01-01T00:43:15Z</time></trkpt>
      <trkpt lat="25.7358072" lon="100.1709713"><ele>1966.3</ele><time>2024-01-01T00:43:16Z</time></trkpt>
      <trkpt lat="25.7357874" lon="100.1709704"><ele>1966.3</ele><time>2024-01-01T00:43:17Z</time></trkpt>
      <trkpt lat="25.7357677" lon="100.1709701"><ele>1966.3</ele><time>2024-01-01T00:43:18Z</time></trkpt>
      <trkpt lat="25.7357485" lon="100.1709702"><ele>1966.3</ele><time>2024-01-01T00:43:19Z</time></trkpt>
      <trkpt lat="25.7357293" lon="100.1709704"><ele>1966.3</ele><time>2024-01-01T00:43:20Z</time></trkpt>
      <trkpt lat="25.7357098" lon="100.1709707"><ele>1966.3</ele><time>2024-01-01T00:43:21Z</time></trkpt>
      <trkpt lat="25.7356902" lon="100.1709712"><ele>1966.2</ele><time>2024-01-01T00:43:22Z</time></trkpt>
      <trkpt lat="25.7356706" lon="100.1709717"><ele>1966.2</ele><time>2024-01-01T00:43:23Z</time></trkpt>
      <trkpt lat="25.7356513" lon="100.1709725"><ele>1966.2</ele><time>2024-01-01T00:43:24Z</time></trkpt>
      <trkpt lat="25.7356322" lon="100.1709740"><ele>1966.2</ele><time>2024-01-01T00:43:25Z</time></trkpt>
      <trkpt lat="25.7356132" lon="100.1709760"><ele>1966.2</ele><time>2024-01-01T00:43:26Z</time></trkpt>
      <trkpt lat="25.7355942" lon="100.1709789"><ele>1966.1</ele><time>2024-01-01T00:43:27Z</time></trkpt>
      <trkpt lat="25.7355748" lon="100.1709828"><ele>1966.1</ele><time>2024-01-01T00:43:28Z</time></trkpt>
      <trkpt lat="25.7355556" lon="100.1709880"><ele>1966.1</ele><time>2024-01-01T00:43:29Z</time></trkpt>
      <trkpt lat="25.7355367" lon="100.1709942"><ele>1966.0</ele><time>2024-01-01T00:43:30Z</time></trkpt>
      <trkpt lat="25.7355184" lon="100.1710014"><ele>1966.0</ele><time>2024-01-01T00:43:31Z</time></trkpt>
      <trkpt lat="25.7355008" lon="100.1710095"><ele>1966.0</ele><time>2024-01-01T00:43:32Z</time></trkpt>
      <trkpt lat="25.7354835" lon="100.1710182"><ele>1966.0</ele><time>2024-01-01T00:43:33Z</time></trkpt>
      <trkpt lat="25.7354666" lon="100.1710278"><ele>1966.0</ele><time>2024-01-01T00:43:34Z</time></trkpt>
      <trkpt lat="25.7354500" lon="100.1710388"><ele>1966.0</ele><time>2024-01-01T00:43:35Z</time></trkpt>
      <trkpt lat="25.7354337" lon="100.1710507"><ele>1966.0</ele><time>2024-01-01T00:43:36Z</time></trkpt>
      <trkpt lat="25.7354176" lon="100.1710631"><ele>1966.0</ele><time>2024-01-01T00:43:37Z</time></trkpt>
      <trkpt lat="25.7354013" lon="100.1710755"><ele>1966.0</ele><time>2024-01-01T00:43:38Z</time></trkpt>
      <trkpt lat="25.7353854" lon="100.1710881"><ele>1966.0</ele><time>2024-01-01T00:43:39Z</time></trkpt>
      <trkpt lat="25.7353703" lon="100.1711020"><ele>1966.0</ele><time>2024-01-01T00:43:40Z</time></trkpt>
      <trkpt lat="25.7353564" lon="100.1711176"><ele>1966.0</ele><time>2024-01-01T00:43:41Z</time></trkpt>
      <trkpt lat="25.7353434" lon="100.1711346"><ele>1966.0</ele><time>2024-01-01T00:43:42Z</time></trkpt>
      <trkpt lat="25.7353309" lon="100.1711522"><ele>1966.1</ele><time>2024-01-01T00:43:43Z</time></trkpt>
      <trkpt lat="25.7353185" lon="100.1711702"><ele>1966.1</ele><time>2024-01-01T00:43:44Z</time></trkpt>
      <trkpt lat="25.7353063" lon="100.1711887"><ele>1966.1</ele><time>2024-01-01T00:43:45Z</time></trkpt>
      <trkpt lat="25.7352948" lon="100.1712079"><ele>1966.1</ele><time>2024-01-01T00:43:46Z</time></trkpt>
      <trkpt lat="25.7352843" lon="100.1712278"><ele>1966.1</ele><time>2024-01-01T00:43:47Z</time></trkpt>
      <trkpt lat="25.7352742" lon="100.1712473"><ele>1966.1</ele><time>2024-01-01T00:43:48Z</time></trkpt>
      <trkpt lat="25.7352647" lon="100.1712664"><ele>1966.1</ele><time>2024-01-01T00:43:49Z</time></trkpt>
      <trkpt lat="25.7352570" lon="100.1712865"><ele>1966.2</ele><time>2024-01-01T00:43:50Z</time></trkpt>
      <trkpt lat="25.7352503" lon="100.1713081"><ele>1966.2</ele><time>2024-01-01T00:43:51Z</time></trkpt>
      <trkpt lat="25.7352434" lon="100.1713307"><ele>1966.2</ele><time>2024-01-01T00:43:52Z</time></trkpt>
      <trkpt lat="25.7352358" lon="100.1713535"><ele>1966.3</ele><time>2024-01-01T00:43:53Z</time></trkpt>
      <trkpt lat="25.7352287" lon="100.1713763"><ele>1966.3</ele><time>2024-01-01T00:43:54Z</time></trkpt>
      <trkpt lat="25.7352230" lon="100.1713996"><ele>1966.3</ele><time>2024-01-01T00:43:55Z</time></trkpt>
      <trkpt lat="25.7352192" lon="100.1714235"><ele>1966.4</ele><time>2024-01-01T00:43:56Z</time></trkpt>
      <trkpt lat="25.7352171" lon="100.1714475"><ele>1966.4</ele><time>2024-01-01T00:43:57Z</time></trkpt>
      <trkpt lat="25.7352154" lon="100.1714714"><ele>1966.4</ele><time>2024-01-01T00:43:58Z</time></trkpt>
      <trkpt lat="25.7352139" lon="100.1714951"><ele>1966.5</ele><time>2024-01-01T00:43:59Z</time></trkpt>
      <trkpt lat="25.7352126" lon="100.1715183"><ele>1966.5</ele><time>2024-01-01T00:44:00Z</time></trkpt>
      <trkpt lat="25.7352114" lon="100.1715413"><ele>1966.6</ele><time>2024-01-01T00:44:01Z</time></trkpt>
      <trkpt lat="25.7352104" lon="100.1715641"><ele>1966.6</ele><time>2024-01-01T00:44:02Z</time></trkpt>
      <trkpt lat="25.7352092" lon="100.1715868"><ele>1966.7</ele><time>2024-01-01T00:44:03Z</time></trkpt>
      <trkpt lat="25.7352085" lon="100.1716093"><ele>1966.7</ele><time>2024-01-01T00:44:04Z</time></trkpt>
      <trkpt lat="25.7352075" lon="100.1716314"><ele>1966.8</ele><time>2024-01-01T00:44:05Z</time></trkpt>
      <trkpt lat="25.7352065" lon="100.1716531"><ele>1966.8</ele><time>2024-01-01T00:44:06Z</time></trkpt>
      <trkpt lat="25.7352059" lon="100.1716742"><ele>1966.9</ele><time>2024-01-01T00:44:07Z</time></trkpt>
      <trkpt lat="25.7352056" lon="100.1716949"><ele>1966.9</ele><time>2024-01-01T00:44:08Z</time></trkpt>
      <trkpt lat="25.7352052" lon="100.1717160"><ele>1967.0</ele><time>2024-01-01T00:44:09Z</time></trkpt>
      <trkpt lat="25.7352046" lon="100.1717376"><ele>1967.0</ele><time>2024-01-01T00:44:10Z</time></trkpt>
      <trkpt lat="25.7352037" lon="100.1717599"><ele>1967.0</ele><time>2024-01-01T00:44:11Z</time></trkpt>
      <trkpt lat="25.7352027" lon="100.1717825"><ele>1967.0</ele><time>2024-01-01T00:44:12Z</time></trkpt>
      <trkpt lat="25.7352023" lon="100.1718049"><ele>1967.1</ele><time>2024-01-01T00:44:13Z</time></trkpt>
      <trkpt lat="25.7352028" lon="100.1718273"><ele>1967.1</ele><time>2024-01-01T00:44:14Z</time></trkpt>
      <trkpt lat="25.7352035" lon="100.1718491"><ele>1967.1</ele><time>2024-01-01T00:44:15Z</time></trkpt>
      <trkpt lat="25.7352035" lon="100.1718707"><ele>1967.1</ele><time>2024-01-01T00:44:16Z</time></trkpt>
      <trkpt lat="25.7352024" lon="100.1718927"><ele>1967.1</ele><time>2024-01-01T00:44:17Z</time></trkpt>
      <trkpt lat="25.7352006" lon="100.1719149"><ele>1967.1</ele><time>2024-01-01T00:44:18Z</time></trkpt>
      <trkpt lat="25.7351992" lon="100.1719369"><ele>1967.0</ele><time>2024-01-01T00:44:19Z</time></trkpt>
      <trkpt lat="25.7351983" lon="100.1719584"><ele>1967.0</ele><time>2024-01-01T00:44:20Z</time></trkpt>
      <trkpt lat="25.7351975" lon="100.1719796"><ele>1967.0</ele><time>2024-01-01T00:44:21Z</time></trkpt>
      <trkpt lat="25.7351961" lon="100.1720004"><ele>1967.0</ele><time>2024-01-01T00:44:22Z</time></trkpt>
      <trkpt lat="25.7351939" lon="100.1720209"><ele>1967.0</ele><time>2024-01-01T00:44:23Z</time></trkpt>
      <trkpt lat="25.7351915" lon="100.1720412"><ele>1967.0</ele><time>2024-01-01T00:44:24Z</time></trkpt>
      <trkpt lat="25.7351892" lon="100.1720614"><ele>1967.0</ele><time>2024-01-01T00:44:25Z</time></trkpt>
      <trkpt lat="25.7351873" lon="100.1720821"><ele>1967.0</ele><time>2024-01-01T00:44:26Z</time></trkpt>
      <trkpt lat="25.7351854" lon="100.1721033"><ele>1967.0</ele><time>2024-01-01T00:44:27Z</time></trkpt>
      <trkpt lat="25.7351837" lon="100.1721246"><ele>1967.0</ele><time>2024-01-01T00:44:28Z</time></trkpt>
      <trkpt lat="25.7351827" lon="100.1721458"><ele>1967.0</ele><time>2024-01-01T00:44:29Z</time></trkpt>
      <trkpt lat="25.7351816" lon="100.1721668"><ele>1967.0</ele><time>2024-01-01T00:44:30Z</time></trkpt>
      <trkpt lat="25.7351799" lon="100.1721875"><ele>1967.0</ele><time>2024-01-01T00:44:31Z</time></trkpt>
      <trkpt lat="25.7351772" lon="100.1722081"><ele>1967.0</ele><time>2024-01-01T00:44:32Z</time></trkpt>
      <trkpt lat="25.7351740" lon="100.1722287"><ele>1967.0</ele><time>2024-01-01T00:44:33Z</time></trkpt>
      <trkpt lat="25.7351715" lon="100.1722492"><ele>1966.9</ele><time>2024-01-01T00:44:34Z</time></trkpt>
      <trkpt lat="25.7351689" lon="100.1722698"><ele>1966.9</ele><time>2024-01-01T00:44:35Z</time></trkpt>
      <trkpt lat="25.7351656" lon="100.1722905"><ele>1966.9</ele><time>2024-01-01T00:44:36Z</time></trkpt>
      <trkpt lat="25.7351620" lon="100.1723109"><ele>1966.8</ele><time>2024-01-01T00:44:37Z</time></trkpt>
      <trkpt lat="25.7351578" lon="100.1723314"><ele>1966.7</ele><time>2024-01-01T00:44:38Z</time></trkpt>
      <trkpt lat="25.7351529" lon="100.1723523"><ele>1966.7</ele><time>2024-01-01T00:44:39Z</time></trkpt>
      <trkpt lat="25.7351472" lon="100.1723734"><ele>1966.6</ele><time>2024-01-01T00:44:40Z</time></trkpt>
      <trkpt lat="25.7351416" lon="100.1723949"><ele>1966.6</ele><time>2024-01-01T00:44:41Z</time></trkpt>
      <trkpt lat="25.7351362" lon="100.1724163"><ele>1966.5</ele><time>2024-01-01T00:44:42Z</time></trkpt>
      <trkpt lat="25.7351307" lon="100.1724376"><ele>1966.5</ele><time>2024-01-01T00:44:43Z</time></trkpt>
      <trkpt lat="25.7351249" lon="100.1724586"><ele>1966.4</ele><time>2024-01-01T00:44:44Z</time></trkpt>
      <trkpt lat="25.7351188" lon="100.1724795"><ele>1966.4</ele><time>2024-01-01T00:44:45Z</time></trkpt>
      <trkpt lat="25.7351121" lon="100.1725004"><ele>1966.4</ele><time>2024-01-01T00:44:46Z</time></trkpt>
      <trkpt lat="25.7351050" lon="100.1725210"><ele>1966.3</ele><time>2024-01-01T00:44:47Z</time></trkpt>
      <trkpt lat="25.7350978" lon="100.1725414"><ele>1966.3</ele><time>2024-01-01T00:44:48Z</time></trkpt>
      <trkpt lat="25.7350908" lon="100.1725613"><ele>1966.3</ele><time>2024-01-01T00:44:49Z</time></trkpt>
      <trkpt lat="25.7350836" lon="100.1725808"><ele>1966.3</ele><time>2024-01-01T00:44:50Z</time></trkpt>
      <trkpt lat="25.7350757" lon="100.1726001"><ele>1966.3</ele><time>2024-01-01T00:44:51Z</time></trkpt>
      <trkpt lat="25.7350674" lon="100.1726193"><ele>1966.3</ele><time>2024-01-01T00:44:52Z</time></trkpt>
      <trkpt lat="25.7350592" lon="100.1726386"><ele>1966.3</ele><time>2024-01-01T00:44:53Z</time></trkpt>
      <trkpt lat="25.7350507" lon="100.1726580"><ele>1966.2</ele><time>2024-01-01T00:44:54Z</time></trkpt>
      <trkpt lat="25.7350421" lon="100.1726774"><ele>1966.2</ele><time>2024-01-01T00:44:55Z</time></trkpt>
      <trkpt lat="25.7350330" lon="100.1726966"><ele>1966.1</ele><time>2024-01-01T00:44:56Z</time></trkpt>
      <trkpt lat="25.7350238" lon="100.1727156"><ele>1966.0</ele><time>2024-01-01T00:44:57Z</time></trkpt>
      <trkpt lat="25.7350150" lon="100.1727347"><ele>1966.0</ele><time>2024-01-01T00:44:58Z</time></trkpt>
      <trkpt lat="25.7350063" lon="100.1727538"><ele>1965.9</ele><time>2024-01-01T00:44:59Z</time></trkpt>
      <trkpt lat="25.7349981" lon="100.1727728"><ele>1965.8</ele><time>2024-01-01T00:45:00Z</time></trkpt>
      <trkpt lat="25.7349900" lon="100.1727915"><ele>1965.8</ele><time>2024-01-01T00:45:01Z</time></trkpt>
      <trkpt lat="25.7349813" lon="100.1728094"><ele>1965.7</ele><time>2024-01-01T00:45:02Z</time></trkpt>
      <trkpt lat="25.7349725" lon="100.1728267"><ele>1965.6</ele><time>2024-01-01T00:45:03Z</time></trkpt>
      <trkpt lat="25.7349639" lon="100.1728439"><ele>1965.6</ele><time>2024-01-01T00:45:04Z</time></trkpt>
      <trkpt lat="25.7349553" lon="100.1728610"><ele>1965.5</ele><time>2024-01-01T00:45:05Z</time></trkpt>
      <trkpt lat="25.7349470" lon="100.1728773"><ele>1965.5</ele><time>2024-01-01T00:45:06Z</time></trkpt>
      <trkpt lat="25.7349389" lon="100.1728931"><ele>1965.4</ele><time>2024-01-01T00:45:07Z</time></trkpt>
      <trkpt lat="25.7349308" lon="100.1729089"><ele>1965.4</ele><time>2024-01-01T00:45:08Z</time></trkpt>
      <trkpt lat="25.7349227" lon="100.1729246"><ele>1965.4</ele><time>2024-01-01T00:45:09Z</time></trkpt>
      <trkpt lat="25.7349145" lon="100.1729401"><ele>1965.4</ele><time>2024-01-01T00:45:10Z</time></trkpt>
      <trkpt lat="25.7349058" lon="100.1729551"><ele>1965.4</ele><time>2024-01-01T00:45:11Z</time></trkpt>
      <trkpt lat="25.7348968" lon="100.1729698"><ele>1965.4</ele><time>2024-01-01T00:45:12Z</time></trkpt>
      <trkpt lat="25.7348877" lon="100.1729848"><ele>1965.4</ele><time>2024-01-01T00:45:13Z</time></trkpt>
      <trkpt lat="25.7348787" lon="100.1730003"><ele>1965.5</ele><time>2024-01-01T00:45:14Z</time></trkpt>
      <trkpt lat="25.7348701" lon="100.1730166"><ele>1965.5</ele><time>2024-01-01T00:45:15Z</time></trkpt>
      <trkpt lat="25.7348609" lon="100.1730334"><ele>1965.6</ele><time>2024-01-01T00:45:16Z</time></trkpt>
      <trkpt lat="25.7348509" lon="100.1730507"><ele>1965.7</ele><time>2024-01-01T00:45:17Z</time></trkpt>
      <trkpt lat="25.7348404" lon="100.1730688"><ele>1965.8</ele><time>2024-01-01T00:45:18Z</time></trkpt>
      <trkpt lat="25.7348293" lon="100.1730868"><ele>1965.9</ele><time>2024-01-01T00:45:19Z</time></trkpt>
      <trkpt lat="25.7348183" lon="100.1731044"><ele>1966.0</ele><time>2024-01-01T00:45:20Z</time></trkpt>
      <trkpt lat="25.7348081" lon="100.1731219"><ele>1966.1</ele><time>2024-01-01T00:45:21Z</time></trkpt>
      <trkpt lat="25.7347982" lon="100.1731391"><ele>1966.2</ele><time>2024-01-01T00:45:22Z</time></trkpt>
      <trkpt lat="25.7347879" lon="100.1731565"><ele>1966.3</ele><time>2024-01-01T00:45:23Z</time></trkpt>
      <trkpt lat="25.7347775" lon="100.1731740"><ele>1966.4</ele><time>2024-01-01T00:45:24Z</time></trkpt>
      <trkpt lat="25.7347671" lon="100.1731914"><ele>1966.4</ele><time>2024-01-01T00:45:25Z</time></trkpt>
      <trkpt lat="25.7347566" lon="100.1732085"><ele>1966.5</ele><time>2024-01-01T00:45:26Z</time></trkpt>
      <trkpt lat="25.7347464" lon="100.1732251"><ele>1966.6</ele><time>2024-01-01T00:45:27Z</time></trkpt>
      <trkpt lat="25.7347363" lon="100.1732414"><ele>1966.7</ele><time>2024-01-01T00:45:28Z</time></trkpt>
      <trkpt lat="25.7347264" lon="100.1732575"><ele>1966.7</ele><time>2024-01-01T00:45:29Z</time></trkpt>
      <trkpt lat="25.7347169" lon="100.1732740"><ele>1966.8</ele><time>2024-01-01T00:45:30Z</time></trkpt>
      <trkpt lat="25.7347072" lon="100.1732903"><ele>1966.8</ele><time>2024-01-01T00:45:31Z</time></trkpt>
      <trkpt lat="25.7346976" lon="100.1733066"><ele>1966.9</ele><time>2024-01-01T00:45:32Z</time></trkpt>
      <trkpt lat="25.7346880" lon="100.1733230"><ele>1966.9</ele><time>2024-01-01T00:45:33Z</time></trkpt>
      <trkpt lat="25.7346781" lon="100.1733392"><ele>1967.0</ele><time>2024-01-01T00:45:34Z</time></trkpt>
      <trkpt lat="25.7346670" lon="100.1733551"><ele>1967.0</ele><time>2024-01-01T00:45:35Z</time></trkpt>
      <trkpt lat="25.7346551" lon="100.1733705"><ele>1967.0</ele><time>2024-01-01T00:45:36Z</time></trkpt>
      <trkpt lat="25.7346433" lon="100.1733856"><ele>1967.0</ele><time>2024-01-01T00:45:37Z</time></trkpt>
      <trkpt lat="25.7346318" lon="100.1734008"><ele>1967.0</ele><time>2024-01-01T00:45:38Z</time></trkpt>
      <trkpt lat="25.7346206" lon="100.1734160"><ele>1967.0</ele><time>2024-01-01T00:45:39Z</time></trkpt>
      <trkpt lat="25.7346094" lon="100.1734315"><ele>1967.0</ele><time>2024-01-01T00:45:40Z</time></trkpt>
      <trkpt lat="25.7345978" lon="100.1734463"><ele>1967.1</ele><time>2024-01-01T00:45:41Z</time></trkpt>
      <trkpt lat="25.7345859" lon="100.1734604"><ele>1967.1</ele><time>2024-01-01T00:45:42Z</time></trkpt>
      <trkpt lat="25.7345747" lon="100.1734749"><ele>1967.1</ele><time>2024-01-01T00:45:43Z</time></trkpt>
      <trkpt lat="25.7345640" lon="100.1734897"><ele>1967.1</ele><time>2024-01-01T00:45:44Z</time></trkpt>
      <trkpt lat="25.7345527" lon="100.1735043"><ele>1967.2</ele><time>2024-01-01T00:45:45Z</time></trkpt>
      <trkpt lat="25.7345402" lon="100.1735180"><ele>1967.2</ele><time>2024-01-01T00:45:46Z</time></trkpt>
      <trkpt lat="25.7345275" lon="100.1735314"><ele>1967.2</ele><time>2024-01-01T00:45:47Z</time></trkpt>
      <trkpt lat="25.7345155" lon="100.1735457"><ele>1967.3</ele><time>2024-01-01T00:45:48Z</time></trkpt>
      <trkpt lat="25.7345042" lon="100.1735606"><ele>1967.3</ele><time>2024-01-01T00:45:49Z</time></trkpt>
      <trkpt lat="25.7344931" lon="100.1735756"><ele>1967.3</ele><time>2024-01-01T00:45:50Z</time></trkpt>
      <trkpt lat="25.7344822" lon="100.1735905"><ele>1967.3</ele><time>2024-01-01T00:45:51Z</time></trkpt>
      <trkpt lat="25.7344712" lon="100.1736055"><ele>1967.4</ele><time>2024-01-01T00:45:52Z</time></trkpt>
      <trkpt lat="25.7344597" lon="100.1736204"><ele>1967.4</ele><time>2024-01-01T00:45:53Z</time></trkpt>
      <trkpt lat="25.7344474" lon="100.1736344"><ele>1967.4</ele><time>2024-01-01T00:45:54Z</time></trkpt>
      <trkpt lat="25.7344344" lon="100.1736478"><ele>1967.4</ele><time>2024-01-01T00:45:55Z</time></trkpt>
      <trkpt lat="25.7344213" lon="100.1736610"><ele>1967.4</ele><time>2024-01-01T00:45:56Z</time></trkpt>
      <trkpt lat="25.7344087" lon="100.1736741"><ele>1967.5</ele><time>2024-01-01T00:45:57Z</time></trkpt>
      <trkpt lat="25.7343966" lon="100.1736877"><ele>1967.5</ele><time>2024-01-01T00:45:58Z</time></trkpt>
      <trkpt lat="25.7343854" lon="100.1737015"><ele>1967.4</ele><time>2024-01-01T00:45:59Z</time></trkpt>
      <trkpt lat="25.7343745" lon="100.1737146"><ele>1967.4</ele><time>2024-01-01T00:46:00Z</time></trkpt>
      <trkpt lat="25.7343636" lon="100.1737273"><ele>1967.4</ele><time>2024-01-01T00:46:01Z</time></trkpt>
      <trkpt lat="25.7343532" lon="100.1737404"><ele>1967.4</ele><time>2024-01-01T00:46:02Z</time></trkpt>
      <trkpt lat="25.7343436" lon="100.1737541"><ele>1967.4</ele><time>2024-01-01T00:46:03Z</time></trkpt>
      <trkpt lat="25.7343341" lon="100.1737679"><ele>1967.4</ele><time>2024-01-01T00:46:04Z</time></trkpt>
      <trkpt lat="25.7343242" lon="100.1737812"><ele>1967.3</ele><time>2024-01-01T00:46:05Z</time></trkpt>
      <trkpt lat="25.7343137" lon="100.1737939"><ele>1967.3</ele><time>2024-01-01T00:46:06Z</time></trkpt>
      <trkpt lat="25.7343023" lon="100.1738059"><ele>1967.3</ele><time>2024-01-01T00:46:07Z</time></trkpt>
      <trkpt lat="25.7342896" lon="100.1738175"><ele>1967.2</ele><time>2024-01-01T00:46:08Z</time></trkpt>
      <trkpt lat="25.7342761" lon="100.1738285"><ele>1967.2</ele><time>2024-01-01T00:46:09Z</time></trkpt>
      <trkpt lat="25.7342623" lon="100.1738396"><ele>1967.2</ele><time>2024-01-01T00:46:10Z</time></trkpt>
      <trkpt lat="25.7342484" lon="100.1738512"><ele>1967.2</ele><time>2024-01-01T00:46:11Z</time></trkpt>
      <trkpt lat="25.7342341" lon="100.1738625"><ele>1967.2</ele><time>2024-01-01T00:46:12Z</time></trkpt>
      <trkpt lat="25.7342193" lon="100.1738733"><ele>1967.2</ele><time>2024-01-01T00:46:13Z</time></trkpt>
      <trkpt lat="25.7342049" lon="100.1738846"><ele>1967.2</ele><time>2024-01-01T00:46:14Z</time></trkpt>
      <trkpt lat="25.7341915" lon="100.1738962"><ele>1967.2</ele><time>2024-01-01T00:46:15Z</time></trkpt>
      <trkpt lat="25.7341789" lon="100.1739079"><ele>1967.3</ele><time>2024-01-01T00:46:16Z</time></trkpt>
      <trkpt lat="25.7341669" lon="100.1739190"><ele>1967.3</ele><time>2024-01-01T00:46:17Z</time></trkpt>
      <trkpt lat="25.7341552" lon="100.1739298"><ele>1967.3</ele><time>2024-01-01T00:46:18Z</time></trkpt>
      <trkpt lat="25.7341436" lon="100.1739410"><ele>1967.4</ele><time>2024-01-01T00:46:19Z</time></trkpt>
      <trkpt lat="25.7341317" lon="100.1739532"><ele>1967.4</ele><time>2024-01-01T00:46:20Z</time></trkpt>
      <trkpt lat="25.7341193" lon="100.1739664"><ele>1967.5</ele><time>2024-01-01T00:46:21Z</time></trkpt>
      <trkpt lat="25.7341063" lon="100.1739795"><ele>1967.5</ele><time>2024-01-01T00:46:22Z</time></trkpt>
      <trkpt lat="25.7340929" lon="100.1739923"><ele>1967.5</ele><time>2024-01-01T00:46:23Z</time></trkpt>
      <trkpt lat="25.7340791" lon="100.1740046"><ele>1967.5</ele><time>2024-01-01T00:46:24Z</time></trkpt>
      <trkpt lat="25.7340650" lon="100.1740161"><ele>1967.5</ele><time>2024-01-01T00:46:25Z</time></trkpt>
      <trkpt lat="25.7340507" lon="100.1740271"><ele>1967.5</ele><time>2024-01-01T00:46:26Z</time></trkpt>
      <trkpt lat="25.7340364" lon="100.1740386"><ele>1967.5</ele><time>2024-01-01T00:46:27Z</time></trkpt>
      <trkpt lat="25.7340222" lon="100.1740499"><ele>1967.4</ele><time>2024-01-01T00:46:28Z</time></trkpt>
      <trkpt lat="25.7340081" lon="100.1740615"><ele>1967.4</ele><time>2024-01-01T00:46:29Z</time></trkpt>
      <trkpt lat="25.7339939" lon="100.1740734"><ele>1967.4</ele><time>2024-01-01T00:46:30Z</time></trkpt>
      <trkpt lat="25.7339794" lon="100.1740858"><ele>1967.3</ele><time>2024-01-01T00:46:31Z</time></trkpt>
      <trkpt lat="25.7339643" lon="100.1740977"><ele>1967.3</ele><time>2024-01-01T00:46:32Z</time></trkpt>
      <trkpt lat="25.7339487" lon="100.1741087"><ele>1967.2</ele><time>2024-01-01T00:46:33Z</time></trkpt>
      <trkpt lat="25.7339331" lon="100.1741197"><ele>1967.2</ele><time>2024-01-01T00:46:34Z</time></trkpt>
      <trkpt lat="25.7339181" lon="100.1741311"><ele>1967.1</ele><time>2024-01-01T00:46:35Z</time></trkpt>
      <trkpt lat="25.7339035" lon="100.1741428"><ele>1967.1</ele><time>2024-01-01T00:46:36Z</time></trkpt>
      <trkpt lat="25.7338888" lon="100.1741544"><ele>1967.0</ele><time>2024-01-01T00:46:37Z</time></trkpt>
      <trkpt lat="25.7338739" lon="100.1741657"><ele>1967.0</ele><time>2024-01-01T00:46:38Z</time></trkpt>
      <trkpt lat="25.7338587" lon="100.1741769"><ele>1966.9</ele><time>2024-01-01T00:46:39Z</time></trkpt>
      <trkpt lat="25.7338436" lon="100.1741879"><ele>1966.9</ele><time>2024-01-01T00:46:40Z</time></trkpt>
      <trkpt lat="25.7338288" lon="100.1741989"><ele>1966.9</ele><time>2024-01-01T00:46:41Z</time></trkpt>
      <trkpt lat="25.7338141" lon="100.1742096"><ele>1966.8</ele><time>2024-01-01T00:46:42Z</time></trkpt>
      <trkpt lat="25.7337993" lon="100.1742199"><ele>1966.8</ele><time>2024-01-01T00:46:43Z</time></trkpt>
      <trkpt lat="25.7337846" lon="100.1742301"><ele>1966.8</ele><time>2024-01-01T00:46:44Z</time></trkpt>
      <trkpt lat="25.7337696" lon="100.1742398"><ele>1966.8</ele><time>2024-01-01T00:46:45Z</time></trkpt>
      <trkpt lat="25.7337545" lon="100.1742494"><ele>1966.8</ele><time>2024-01-01T00:46:46Z</time></trkpt>
      <trkpt lat="25.7337397" lon="100.1742592"><ele>1966.9</ele><time>2024-01-01T00:46:47Z</time></trkpt>
      <trkpt lat="25.7337254" lon="100.1742695"><ele>1966.9</ele><time>2024-01-01T00:46:48Z</time></trkpt>
      <trkpt lat="25.7337114" lon="100.1742799"><ele>1967.0</ele><time>2024-01-01T00:46:49Z</time></trkpt>
      <trkpt lat="25.7336971" lon="100.1742898"><ele>1967.0</ele><time>2024-01-01T00:46:50Z</time></trkpt>
      <trkpt lat="25.7336827" lon="100.1742995"><ele>1967.1</ele><time>2024-01-01T00:46:51Z</time></trkpt>
      <trkpt lat="25.7336685" lon="100.1743095"><ele>1967.1</ele><time>2024-01-01T00:46:52Z</time></trkpt>
      <trkpt lat="25.7336542" lon="100.1743195"><ele>1967.2</ele><time>2024-01-01T00:46:53Z</time></trkpt>
      <trkpt lat="25.7336401" lon="100.1743296"><ele>1967.2</ele><time>2024-01-01T00:46:54Z</time></trkpt>
      <trkpt lat="25.7336262" lon="100.1743395"><ele>1967.3</ele><time>2024-01-01T00:46:55Z</time></trkpt>
      <trkpt lat="25.7336120" lon="100.1743487"><ele>1967.4</ele><time>2024-01-01T00:46:56Z</time></trkpt>
      <trkpt lat="25.7335976" lon="100.1743582"><ele>1967.4</ele><time>2024-01-01T00:46:57Z</time></trkpt>
      <trkpt lat="25.7335834" lon="100.1743682"><ele>1967.5</ele><time>2024-01-01T00:46:58Z</time></trkpt>
      <trkpt lat="25.7335692" lon="100.1743785"><ele>1967.5</ele><time>2024-01-01T00:46:59Z</time></trkpt>
      <trkpt lat="25.7335547" lon="100.1743889"><ele>1967.6</ele><time>2024-01-01T00:47:00Z</time></trkpt>
      <trkpt lat="25.7335402" lon="100.1743988"><ele>1967.6</ele><time>2024-01-01T00:47:01Z</time></trkpt>
      <trkpt lat="25.7335260" lon="100.1744095"><ele>1967.6</ele><time>2024-01-01T00:47:02Z</time></trkpt>
      <trkpt lat="25.7335128" lon="100.1744214"><ele>1967.6</ele><time>2024-01-01T00:47:03Z</time></trkpt>
      <trkpt lat="25.7334997" lon="100.1744339"><ele>1967.5</ele><time>2024-01-01T00:47:04Z</time></trkpt>
      <trkpt lat="25.7334866" lon="100.1744464"><ele>1967.5</ele><time>2024-01-01T00:47:05Z</time></trkpt>
      <trkpt lat="25.7334734" lon="100.1744586"><ele>1967.5</ele><time>2024-01-01T00:47:06Z</time></trkpt>
      <trkpt lat="25.7334602" lon="100.1744710"><ele>1967.4</ele><time>2024-01-01T00:47:07Z</time></trkpt>
      <trkpt lat="25.7334473" lon="100.1744838"><ele>1967.3</ele><time>2024-01-01T00:47:08Z</time></trkpt>
      <trkpt lat="25.7334348" lon="100.1744969"><ele>1967.3</ele><time>2024-01-01T00:47:09Z</time></trkpt>
      <trkpt lat="25.7334225" lon="100.1745107"><ele>1967.2</ele><time>2024-01-01T00:47:10Z</time></trkpt>
      <trkpt lat="25.7334097" lon="100.1745246"><ele>1967.1</ele><time>2024-01-01T00:47:11Z</time></trkpt>
      <trkpt lat="25.7333960" lon="100.1745382"><ele>1967.0</ele><time>2024-01-01T00:47:12Z</time></trkpt>
      <trkpt lat="25.7333819" lon="100.1745517"><ele>1967.0</ele><time>2024-01-01T00:47:13Z</time></trkpt>
      <trkpt lat="25.7333682" lon="100.1745648"><ele>1966.9</ele><time>2024-01-01T00:47:14Z</time></trkpt>
      <trkpt lat="25.7333551" lon="100.1745780"><ele>1966.8</ele><time>2024-01-01T00:47:15Z</time></trkpt>
      <trkpt lat="25.7333425" lon="100.1745915"><ele>1966.7</ele><time>2024-01-01T00:47:16Z</time></trkpt>
      <trkpt lat="25.7333299" lon="100.1746056"><ele>1966.6</ele><time>2024-01-01T00:47:17Z</time></trkpt>
      <trkpt lat="25.7333171" lon="100.1746200"><ele>1966.6</ele><time>2024-01-01T00:47:18Z</time></trkpt>
      <trkpt lat="25.7333041" lon="100.1746342"><ele>1966.5</ele><time>2024-01-01T00:47:19Z</time></trkpt>
      <trkpt lat="25.7332905" lon="100.1746482"><ele>1966.4</ele><time>2024-01-01T00:47:20Z</time></trkpt>
      <trkpt lat="25.7332770" lon="100.1746621"><ele>1966.4</ele><time>2024-01-01T00:47:21Z</time></trkpt>
      <trkpt lat="25.7332642" lon="100.1746763"><ele>1966.4</ele><time>2024-01-01T00:47:22Z</time></trkpt>
      <trkpt lat="25.7332519" lon="100.1746907"><ele>1966.3</ele><time>2024-01-01T00:47:23Z</time></trkpt>
      <trkpt lat="25.7332402" lon="100.1747050"><ele>1966.3</ele><time>2024-01-01T00:47:24Z</time></trkpt>
      <trkpt lat="25.7332289" lon="100.1747192"><ele>1966.3</ele><time>2024-01-01T00:47:25Z</time></trkpt>
      <trkpt lat="25.7332181" lon="100.1747333"><ele>1966.3</ele><time>2024-01-01T00:47:26Z</time></trkpt>
      <trkpt lat="25.7332074" lon="100.1747471"><ele>1966.3</ele><time>2024-01-01T00:47:27Z</time></trkpt>
      <trkpt lat="25.7331969" lon="100.1747607"><ele>1966.3</ele><time>2024-01-01T00:47:28Z</time></trkpt>
      <trkpt lat="25.7331866" lon="100.1747743"><ele>1966.3</ele><time>2024-01-01T00:47:29Z</time></trkpt>
      <trkpt lat="25.7331764" lon="100.1747877"><ele>1966.3</ele><time>2024-01-01T00:47:30Z</time></trkpt>
      <trkpt lat="25.7331666" lon="100.1748006"><ele>1966.3</ele><time>2024-01-01T00:47:31Z</time></trkpt>
      <trkpt lat="25.7331573" lon="100.1748134"><ele>1966.3</ele><time>2024-01-01T00:47:32Z</time></trkpt>
      <trkpt lat="25.7331483" lon="100.1748264"><ele>1966.4</ele><time>2024-01-01T00:47:33Z</time></trkpt>
      <trkpt lat="25.7331398" lon="100.1748395"><ele>1966.4</ele><time>2024-01-01T00:47:34Z</time></trkpt>
      <trkpt lat="25.7331317" lon="100.1748525"><ele>1966.4</ele><time>2024-01-01T00:47:35Z</time></trkpt>
      <trkpt lat="25.7331230" lon="100.1748651"><ele>1966.4</ele><time>2024-01-01T00:47:36Z</time></trkpt>
      <trkpt lat="25.7331138" lon="100.1748773"><ele>1966.5</ele><time>2024-01-01T00:47:37Z</time></trkpt>
      <trkpt lat="25.7331044" lon="100.1748892"><ele>1966.5</ele><time>2024-01-01T00:47:38Z</time></trkpt>
      <trkpt lat="25.7330955" lon="100.1749016"><ele>1966.5</ele><time>2024-01-01T00:47:39Z</time></trkpt>
      <trkpt lat="25.7330872" lon="100.1749147"><ele>1966.5</ele><time>2024-01-01T00:47:40Z</time></trkpt>
      <trkpt lat="25.7330787" lon="100.1749281"><ele>1966.5</ele><time>2024-01-01T00:47:41Z</time></trkpt>
      <trkpt lat="25.7330694" lon="100.1749417"><ele>1966.5</ele><time>2024-01-01T00:47:42Z</time></trkpt>
      <trkpt lat="25.7330596" lon="100.1749551"><ele>1966.6</ele><time>2024-01-01T00:47:43Z</time></trkpt>
      <trkpt lat="25.7330495" lon="100.1749683"><ele>1966.6</ele><time>2024-01-01T00:47:44Z</time></trkpt>
      <trkpt lat="25.7330395" lon="100.1749818"><ele>1966.6</ele><time>2024-01-01T00:47:45Z</time></trkpt>
      <trkpt lat="25.7330302" lon="100.1749954"><ele>1966.7</ele><time>2024-01-01T00:47:46Z</time></trkpt>
      <trkpt lat="25.7330215" lon="100.1750089"><ele>1966.8</ele><time>2024-01-01T00:47:47Z</time></trkpt>
      <trkpt lat="25.7330135" lon="100.1750228"><ele>1966.8</ele><time>2024-01-01T00:47:48Z</time></trkpt>
      <trkpt lat="25.7330058" lon="100.1750370"><ele>1966.9</ele><time>2024-01-01T00:47:49Z</time></trkpt>
      <trkpt lat="25.7329978" lon="100.1750511"><ele>1967.0</ele><time>2024-01-01T00:47:50Z</time></trkpt>
      <trkpt lat="25.7329886" lon="100.1750645"><ele>1967.1</ele><time>2024-01-01T00:47:51Z</time></trkpt>
      <trkpt lat="25.7329789" lon="100.1750775"><ele>1967.2</ele><time>2024-01-01T00:47:52Z</time></trkpt>
      <trkpt lat="25.7329697" lon="100.1750909"><ele>1967.3</ele><time>2024-01-01T00:47:53Z</time></trkpt>
      <trkpt lat="25.7329610" lon="100.1751044"><ele>1967.4</ele><time>2024-01-01T00:47:54Z</time></trkpt>
      <trkpt lat="25.7329521" lon="100.1751179"><ele>1967.5</ele><time>2024-01-01T00:47:55Z</time></trkpt>
      <trkpt lat="25.7329430" lon="100.1751318"><ele>1967.6</ele><time>2024-01-01T00:47:56Z</time></trkpt>
      <trkpt lat="25.7329341" lon="100.1751463"><ele>1967.7</ele><time>2024-01-01T00:47:57Z</time></trkpt>
      <trkpt lat="25.7329258" lon="100.1751614"><ele>1967.7</ele><time>2024-01-01T00:47:58Z</time></trkpt>
      <trkpt lat="25.7329179" lon="100.1751769"><ele>1967.8</ele><time>2024-01-01T00:47:59Z</time></trkpt>
      <trkpt lat="25.7329099" lon="100.1751924"><ele>1967.8</ele><time>2024-01-01T00:48:00Z</time></trkpt>
      <trkpt lat="25.7329016" lon="100.1752079"><ele>1967.8</ele><time>2024-01-01T00:48:01Z</time></trkpt>
      <trkpt lat="25.7328928" lon="100.1752232"><ele>1967.8</ele><time>2024-01-01T00:48:02Z</time></trkpt>
      <trkpt lat="25.7328836" lon="100.1752387"><ele>1967.8</ele><time>2024-01-01T00:48:03Z</time></trkpt>
      <trkpt lat="25.7328742" lon="100.1752544"><ele>1967.7</ele><time>2024-01-01T00:48:04Z</time></trkpt>
      <trkpt lat="25.7328650" lon="100.1752702"><ele>1967.6</ele><time>2024-01-01T00:48:05Z</time></trkpt>
      <trkpt lat="25.7328564" lon="100.1752864"><ele>1967.6</ele><time>2024-01-01T00:48:06Z</time></trkpt>
      <trkpt lat="25.7328491" lon="100.1753029"><ele>1967.5</ele><time>2024-01-01T00:48:07Z</time></trkpt>
      <trkpt lat="25.7328428" lon="100.1753199"><ele>1967.4</ele><time>2024-01-01T00:48:08Z</time></trkpt>
      <trkpt lat="25.7328366" lon="100.1753372"><ele>1967.2</ele><time>2024-01-01T00:48:09Z</time></trkpt>
      <trkpt lat="25.7328304" lon="100.1753545"><ele>1967.1</ele><time>2024-01-01T00:48:10Z</time></trkpt>
      <trkpt lat="25.7328237" lon="100.1753715"><ele>1967.1</ele><time>2024-01-01T00:48:11Z</time></trkpt>
      <trkpt lat="25.7328168" lon="100.1753885"><ele>1967.0</ele><time>2024-01-01T00:48:12Z</time></trkpt>
      <trkpt lat="25.7328097" lon="100.1754054"><ele>1966.9</ele><time>2024-01-01T00:48:13Z</time></trkpt>
      <trkpt lat="25.7328022" lon="100.1754223"><ele>1966.8</ele><time>2024-01-01T00:48:14Z</time></trkpt>
      <trkpt lat="25.7327941" lon="100.1754390"><ele>1966.8</ele><time>2024-01-01T00:48:15Z</time></trkpt>
      <trkpt lat="25.7327862" lon="100.1754558"><ele>1966.7</ele><time>2024-01-01T00:48:16Z</time></trkpt>
      <trkpt lat="25.7327786" lon="100.1754725"><ele>1966.6</ele><time>2024-01-01T00:48:17Z</time></trkpt>
      <trkpt lat="25.7327714" lon="100.1754893"><ele>1966.6</ele><time>2024-01-01T00:48:18Z</time></trkpt>
      <trkpt lat="25.7327654" lon="100.1755066"><ele>1966.5</ele><time>2024-01-01T00:48:19Z</time></trkpt>
      <trkpt lat="25.7327601" lon="100.1755244"><ele>1966.5</ele><time>2024-01-01T00:48:20Z</time></trkpt>
      <trkpt lat="25.7327548" lon="100.1755426"><ele>1966.5</ele><time>2024-01-01T00:48:21Z</time></trkpt>
      <trkpt lat="25.7327493" lon="100.1755611"><ele>1966.4</ele><time>2024-01-01T00:48:22Z</time></trkpt>
      <trkpt lat="25.7327437" lon="100.1755796"><ele>1966.4</ele><time>2024-01-01T00:48:23Z</time></trkpt>
      <trkpt lat="25.7327381" lon="100.1755984"><ele>1966.4</ele><time>2024-01-01T00:48:24Z</time></trkpt>
      <trkpt lat="25.7327320" lon="100.1756171"><ele>1966.4</ele><time>2024-01-01T00:48:25Z</time></trkpt>
      <trkpt lat="25.7327253" lon="100.1756354"><ele>1966.3</ele><time>2024-01-01T00:48:26Z</time></trkpt>
      <trkpt lat="25.7327186" lon="100.1756535"><ele>1966.3</ele><time>2024-01-01T00:48:27Z</time></trkpt>
      <trkpt lat="25.7327123" lon="100.1756717"><ele>1966.3</ele><time>2024-01-01T00:48:28Z</time></trkpt>
      <trkpt lat="25.7327067" lon="100.1756902"><ele>1966.3</ele><time>2024-01-01T00:48:29Z</time></trkpt>
      <trkpt lat="25.7327014" lon="100.1757090"><ele>1966.3</ele><time>2024-01-01T00:48:30Z</time></trkpt>
      <trkpt lat="25.7326961" lon="100.1757277"><ele>1966.3</ele><time>2024-01-01T00:48:31Z</time></trkpt>
      <trkpt lat="25.7326909" lon="100.1757461"><ele>1966.3</ele><time>2024-01-01T00:48:32Z</time></trkpt>
      <trkpt lat="25.7326864" lon="100.1757643"><ele>1966.3</ele><time>2024-01-01T00:48:33Z</time></trkpt>
      <trkpt lat="25.7326822" lon="100.1757827"><ele>1966.3</ele><time>2024-01-01T00:48:34Z</time></trkpt>
      <trkpt lat="25.7326780" lon="100.1758014"><ele>1966.3</ele><time>2024-01-01T00:48:35Z</time></trkpt>
      <trkpt lat="25.7326745" lon="100.1758201"><ele>1966.3</ele><time>2024-01-01T00:48:36Z</time></trkpt>
      <trkpt lat="25.7326721" lon="100.1758388"><ele>1966.4</ele><time>2024-01-01T00:48:37Z</time></trkpt>
      <trkpt lat="25.7326702" lon="100.1758575"><ele>1966.4</ele><time>2024-01-01T00:48:38Z</time></trkpt>
      <trkpt lat="25.7326686" lon="100.1758765"><ele>1966.4</ele><time>2024-01-01T00:48:39Z</time></trkpt>
      <trkpt lat="25.7326670" lon="100.1758960"><ele>1966.4</ele><time>2024-01-01T00:48:40Z</time></trkpt>
      <trkpt lat="25.7326654" lon="100.1759153"><ele>1966.5</ele><time>2024-01-01T00:48:41Z</time></trkpt>
      <trkpt lat="25.7326641" lon="100.1759344"><ele>1966.5</ele><time>2024-01-01T00:48:42Z</time></trkpt>
      <trkpt lat="25.7326629" lon="100.1759532"><ele>1966.6</ele><time>2024-01-01T00:48:43Z</time></trkpt>
      <trkpt lat="25.7326617" lon="100.1759719"><ele>1966.6</ele><time>2024-01-01T00:48:44Z</time></trkpt>
      <trkpt lat="25.7326602" lon="100.1759907"><ele>1966.7</ele><time>2024-01-01T00:48:45Z</time></trkpt>
      <trkpt lat="25.7326584" lon="100.1760092"><ele>1966.7</ele><time>2024-01-01T00:48:46Z</time></trkpt>
      <trkpt lat="25.7326563" lon="100.1760273"><ele>1966.8</ele><time>2024-01-01T00:48:47Z</time></trkpt>
      <trkpt lat="25.7326542" lon="100.1760452"><ele>1966.8</ele><time>2024-01-01T00:48:48Z</time></trkpt>
      <trkpt lat="25.7326524" lon="100.1760628"><ele>1966.8</ele><time>2024-01-01T00:48:49Z</time></trkpt>
      <trkpt lat="25.7326512" lon="100.1760803"><ele>1966.9</ele><time>2024-01-01T00:48:50Z</time></trkpt>
      <trkpt lat="25.7326506" lon="100.1760978"><ele>1966.9</ele><time>2024-01-01T00:48:51Z</time></trkpt>
      <trkpt lat="25.7326502" lon="100.1761155"><ele>1966.9</ele><time>2024-01-01T00:48:52Z</time></trkpt>
      <trkpt lat="25.7326494" lon="100.1761333"><ele>1966.9</ele><time>2024-01-01T00:48:53Z</time></trkpt>
      <trkpt lat="25.7326482" lon="100.1761513"><ele>1966.9</ele><time>2024-01-01T00:48:54Z</time></trkpt>
      <trkpt lat="25.7326471" lon="100.1761697"><ele>1966.9</ele><time>2024-01-01T00:48:55Z</time></trkpt>
      <trkpt lat="25.7326460" lon="100.1761885"><ele>1966.9</ele><time>2024-01-01T00:48:56Z</time></trkpt>
      <trkpt lat="25.7326453" lon="100.1762071"><ele>1966.9</ele><time>2024-01-01T00:48:57Z</time></trkpt>
      <trkpt lat="25.7326454" lon="100.1762258"><ele>1966.9</ele><time>2024-01-01T00:48:58Z</time></trkpt>
      <trkpt lat="25.7326457" lon="100.1762448"><ele>1966.9</ele><time>2024-01-01T00:48:59Z</time></trkpt>
      <trkpt lat="25.7326469" lon="100.1762640"><ele>1967.0</ele><time>2024-01-01T00:49:00Z</time></trkpt>
      <trkpt lat="25.7326489" lon="100.1762835"><ele>1967.0</ele><time>2024-01-01T00:49:01Z</time></trkpt>
      <trkpt lat="25.7326505" lon="100.1763031"><ele>1967.0</ele><time>2024-01-01T00:49:02Z</time></trkpt>
      <trkpt lat="25.7326521" lon="100.1763224"><ele>1967.0</ele><time>2024-01-01T00:49:03Z</time></trkpt>
      <trkpt lat="25.7326538" lon="100.1763417"><ele>1967.1</ele><time>2024-01-01T00:49:04Z</time></trkpt>
      <trkpt lat="25.7326558" lon="100.1763610"><ele>1967.1</ele><time>2024-01-01T00:49:05Z</time></trkpt>
      <trkpt lat="25.7326585" lon="100.1763807"><ele>1967.1</ele><time>2024-01-01T00:49:06Z</time></trkpt>
      <trkpt lat="25.7326611" lon="100.1764004"><ele>1967.2</ele><time>2024-01-01T00:49:07Z</time></trkpt>
      <trkpt lat="25.7326633" lon="100.1764201"><ele>1967.2</ele><time>2024-01-01T00:49:08Z</time></trkpt>
      <trkpt lat="25.7326659" lon="100.1764396"><ele>1967.3</ele><time>2024-01-01T00:49:09Z</time></trkpt>
      <trkpt lat="25.7326695" lon="100.1764587"><ele>1967.3</ele><time>2024-01-01T00:49:10Z</time></trkpt>
      <trkpt lat="25.7326737" lon="100.1764776"><ele>1967.3</ele><time>2024-01-01T00:49:11Z</time></trkpt>
      <trkpt lat="25.7326778" lon="100.1764963"><ele>1967.4</ele><time>2024-01-01T00:49:12Z</time></trkpt>
      <trkpt lat="25.7326814" lon="100.1765149"><ele>1967.4</ele><time>2024-01-01T00:49:13Z</time></trkpt>
      <trkpt lat="25.7326854" lon="100.1765328"><ele>1967.4</ele><time>2024-01-01T00:49:14Z</time></trkpt>
      <trkpt lat="25.7326901" lon="100.1765499"><ele>1967.4</ele><time>2024-01-01T00:49:15Z</time></trkpt>
      <trkpt lat="25.7326953" lon="100.1765670"><ele>1967.4</ele><time>2024-01-01T00:49:16Z</time></trkpt>
      <trkpt lat="25.7327004" lon="100.1765849"><ele>1967.4</ele><time>2024-01-01T00:49:17Z</time></trkpt>
      <trkpt lat="25.7327051" lon="100.1766030"><ele>1967.4</ele><time>2024-01-01T00:49:18Z</time></trkpt>
      <trkpt lat="25.7327094" lon="100.1766211"><ele>1967.4</ele><time>2024-01-01T00:49:19Z</time></trkpt>
      <trkpt lat="25.7327138" lon="100.1766389"><ele>1967.4</ele><time>2024-01-01T00:49:20Z</time></trkpt>
      <trkpt lat="25.7327182" lon="100.1766569"><ele>1967.4</ele><time>2024-01-01T00:49:21Z</time></trkpt>
      <trkpt lat="25.7327221" lon="100.1766754"><ele>1967.4</ele><time>2024-01-01T00:49:22Z</time></trkpt>
      <trkpt lat="25.7327261" lon="100.1766936"><ele>1967.4</ele><time>2024-01-01T00:49:23Z</time></trkpt>
      <trkpt lat="25.7327317" lon="100.1767110"><ele>1967.3</ele><time>2024-01-01T00:49:24Z</time></trkpt>
      <trkpt lat="25.7327382" lon="100.1767279"><ele>1967.3</ele><time>2024-01-01T00:49:25Z</time></trkpt>
      <trkpt lat="25.7327448" lon="100.1767448"><ele>1967.3</ele><time>2024-01-01T00:49:26Z</time></trkpt>
      <trkpt lat="25.7327513" lon="100.1767616"><ele>1967.3</ele><time>2024-01-01T00:49:27Z</time></trkpt>
      <trkpt lat="25.7327579" lon="100.1767782"><ele>1967.3</ele><time>2024-01-01T00:49:28Z</time></trkpt>
      <trkpt lat="25.7327647" lon="100.1767950"><ele>1967.2</ele><time>2024-01-01T00:49:29Z</time></trkpt>
      <trkpt lat="25.7327716" lon="100.1768119"><ele>1967.2</ele><time>2024-01-01T00:49:30Z</time></trkpt>
      <trkpt lat="25.7327780" lon="100.1768292"><ele>1967.1</ele><time>2024-01-01T00:49:31Z</time></trkpt>
      <trkpt lat="25.7327845" lon="100.1768469"><ele>1967.1</ele><time>2024-01-01T00:49:32Z</time></trkpt>
      <trkpt lat="25.7327911" lon="100.1768648"><ele>1967.0</ele><time>2024-01-01T00:49:33Z</time></trkpt>
      <trkpt lat="25.7327984" lon="100.1768825"><ele>1967.0</ele><time>2024-01-01T00:49:34Z</time></trkpt>
      <trkpt lat="25.7328066" lon="100.1768998"><ele>1967.0</ele><time>2024-01-01T00:49:35Z</time></trkpt>
      <trkpt lat="25.7328151" lon="100.1769170"><ele>1967.0</ele><time>2024-01-01T00:49:36Z</time></trkpt>
      <trkpt lat="25.7328237" lon="100.1769344"><ele>1967.0</ele><time>2024-01-01T00:49:37Z</time></trkpt>
      <trkpt lat="25.7328324" lon="100.1769515"><ele>1966.9</ele><time>2024-01-01T00:49:38Z</time></trkpt>
      <trkpt lat="25.7328408" lon="100.1769685"><ele>1966.9</ele><time>2024-01-01T00:49:39Z</time></trkpt>
      <trkpt lat="25.7328490" lon="100.1769853"><ele>1966.9</ele><time>2024-01-01T00:49:40Z</time></trkpt>
      <trkpt lat="25.7328570" lon="100.1770019"><ele>1966.9</ele><time>2024-01-01T00:49:41Z</time></trkpt>
      <trkpt lat="25.7328652" lon="100.1770183"><ele>1966.9</ele><time>2024-01-01T00:49:42Z</time></trkpt>
      <trkpt lat="25.7328738" lon="100.1770344"><ele>1966.9</ele><time>2024-01-01T00:49:43Z</time></trkpt>
      <trkpt lat="25.7328829" lon="100.1770500"><ele>1967.0</ele><time>2024-01-01T00:49:44Z</time></trkpt>
      <trkpt lat="25.7328922" lon="100.1770657"><ele>1967.0</ele><time>2024-01-01T00:49:45Z</time></trkpt>
      <trkpt lat="25.7329018" lon="100.1770812"><ele>1967.0</ele><time>2024-01-01T00:49:46Z</time></trkpt>
      <trkpt lat="25.7329122" lon="100.1770964"><ele>1967.0</ele><time>2024-01-01T00:49:47Z</time></trkpt>
      <trkpt lat="25.7329231" lon="100.1771115"><ele>1967.0</ele><time>2024-01-01T00:49:48Z</time></trkpt>
      <trkpt lat="25.7329339" lon="100.1771266"><ele>1967.0</ele><time>2024-01-01T00:49:49Z</time></trkpt>
      <trkpt lat="25.7329444" lon="100.1771422"><ele>1967.0</ele><time>2024-01-01T00:49:50Z</time></trkpt>
      <trkpt lat="25.7329545" lon="100.1771580"><ele>1967.0</ele><time>2024-01-01T00:49:51Z</time></trkpt>
      <trkpt lat="25.7329647" lon="100.1771734"><ele>1967.0</ele><time>2024-01-01T00:49:52Z</time></trkpt>
      <trkpt lat="25.7329752" lon="100.1771885"><ele>1967.0</ele><time>2024-01-01T00:49:53Z</time></trkpt>
      <trkpt lat="25.7329857" lon="100.1772035"><ele>1967.0</ele><time>2024-01-01T00:49:54Z</time></trkpt>
      <trkpt lat="25.7329962" lon="100.1772183"><ele>1967.1</ele><time>2024-01-01T00:49:55Z</time></trkpt>
      <trkpt lat="25.7330067" lon="100.1772332"><ele>1967.1</ele><time>2024-01-01T00:49:56Z</time></trkpt>
      <trkpt lat="25.7330174" lon="100.1772478"><ele>1967.2</ele><time>2024-01-01T00:49:57Z</time></trkpt>
      <trkpt lat="25.7330284" lon="100.1772616"><ele>1967.3</ele><time>2024-01-01T00:49:58Z</time></trkpt>
      <trkpt lat="25.7330399" lon="100.1772744"><ele>1967.4</ele><time>2024-01-01T00:49:59Z</time></trkpt>
      <trkpt lat="25.7330518" lon="100.1772866"><ele>1967.5</ele><time>2024-01-01T00:50:00Z</time></trkpt>
      <trkpt lat="25.7330635" lon="100.1772987"><ele>1967.6</ele><time>2024-01-01T00:50:01Z</time></trkpt>
      <trkpt lat="25.7330751" lon="100.1773106"><ele>1967.7</ele><time>2024-01-01T00:50:02Z</time></trkpt>
      <trkpt lat="25.7330866" lon="100.1773222"><ele>1967.8</ele><time>2024-01-01T00:50:03Z</time></trkpt>
      <trkpt lat="25.7330980" lon="100.1773334"><ele>1967.9</ele><time>2024-01-01T00:50:04Z</time></trkpt>
      <trkpt lat="25.7331092" lon="100.1773447"><ele>1968.0</ele><time>2024-01-01T00:50:05Z</time></trkpt>
      <trkpt lat="25.7331202" lon="100.1773561"><ele>1968.1</ele><time>2024-01-01T00:50:06Z</time></trkpt>
      <trkpt lat="25.7331314" lon="100.1773671"><ele>1968.2</ele><time>2024-01-01T00:50:07Z</time></trkpt>
      <trkpt lat="25.7331431" lon="100.1773779"><ele>1968.2</ele><time>2024-01-01T00:50:08Z</time></trkpt>
      <trkpt lat="25.7331545" lon="100.1773887"><ele>1968.3</ele><time>2024-01-01T00:50:09Z</time></trkpt>
      <trkpt lat="25.7331653" lon="100.1773995"><ele>1968.4</ele><time>2024-01-01T00:50:10Z</time></trkpt>
      <trkpt lat="25.7331753" lon="100.1774105"><ele>1968.4</ele><time>2024-01-01T00:50:11Z</time></trkpt>
      <trkpt lat="25.7331849" lon="100.1774217"><ele>1968.5</ele><time>2024-01-01T00:50:12Z</time></trkpt>
      <trkpt lat="25.7331946" lon="100.1774331"><ele>1968.5</ele><time>2024-01-01T00:50:13Z</time></trkpt>
      <trkpt lat="25.7332045" lon="100.1774444"><ele>1968.5</ele><time>2024-01-01T00:50:14Z</time></trkpt>
      <trkpt lat="25.7332143" lon="100.1774560"><ele>1968.4</ele><time>2024-01-01T00:50:15Z</time></trkpt>
      <trkpt lat="25.7332236" lon="100.1774682"><ele>1968.4</ele><time>2024-01-01T00:50:16Z</time></trkpt>
      <trkpt lat="25.7332320" lon="100.1774810"><ele>1968.4</ele><time>2024-01-01T00:50:17Z</time></trkpt>
      <trkpt lat="25.7332395" lon="100.1774942"><ele>1968.3</ele><time>2024-01-01T00:50:18Z</time></trkpt>
      <trkpt lat="25.7332457" lon="100.1775080"><ele>1968.3</ele><time>2024-01-01T00:50:19Z</time></trkpt>
      <trkpt lat="25.7332511" lon="100.1775225"><ele>1968.2</ele><time>2024-01-01T00:50:20Z</time></trkpt>
      <trkpt lat="25.7332558" lon="100.1775376"><ele>1968.1</ele><time>2024-01-01T00:50:21Z</time></trkpt>
      <trkpt lat="25.7332602" lon="100.1775532"><ele>1968.1</ele><time>2024-01-01T00:50:22Z</time></trkpt>
      <trkpt lat="25.7332646" lon="100.1775690"><ele>1968.0</ele><time>2024-01-01T00:50:23Z</time></trkpt>
      <trkpt lat="25.7332698" lon="100.1775850"><ele>1967.9</ele><time>2024-01-01T00:50:24Z</time></trkpt>
      <trkpt lat="25.7332756" lon="100.1776012"><ele>1967.9</ele><time>2024-01-01T00:50:25Z</time></trkpt>
      <trkpt lat="25.7332814" lon="100.1776176"><ele>1967.8</ele><time>2024-01-01T00:50:26Z</time></trkpt>
      <trkpt lat="25.7332877" lon="100.1776342"><ele>1967.8</ele><time>2024-01-01T00:50:27Z</time></trkpt>
      <trkpt lat="25.7332938" lon="100.1776511"><ele>1967.7</ele><time>2024-01-01T00:50:28Z</time></trkpt>
      <trkpt lat="25.7332996" lon="100.1776679"><ele>1967.7</ele><time>2024-01-01T00:50:29Z</time></trkpt>
      <trkpt lat="25.7333052" lon="100.1776845"><ele>1967.7</ele><time>2024-01-01T00:50:30Z</time></trkpt>
      <trkpt lat="25.7333100" lon="100.1777007"><ele>1967.7</ele><time>2024-01-01T00:50:31Z</time></trkpt>
      <trkpt lat="25.7333145" lon="100.1777164"><ele>1967.6</ele><time>2024-01-01T00:50:32Z</time></trkpt>
      <trkpt lat="25.7333194" lon="100.1777319"><ele>1967.6</ele><time>2024-01-01T00:50:33Z</time></trkpt>
      <trkpt lat="25.7333244" lon="100.1777474"><ele>1967.6</ele><time>2024-01-01T00:50:34Z</time></trkpt>
      <trkpt lat="25.7333296" lon="100.1777628"><ele>1967.6</ele><time>2024-01-01T00:50:35Z</time></trkpt>
      <trkpt lat="25.7333342" lon="100.1777784"><ele>1967.6</ele><time>2024-01-01T00:50:36Z</time></trkpt>
      <trkpt lat="25.7333381" lon="100.1777942"><ele>1967.6</ele><time>2024-01-01T00:50:37Z</time></trkpt>
      <trkpt lat="25.7333410" lon="100.1778103"><ele>1967.6</ele><time>2024-01-01T00:50:38Z</time></trkpt>
      <trkpt lat="25.7333432" lon="100.1778268"><ele>1967.6</ele><time>2024-01-01T00:50:39Z</time></trkpt>
      <trkpt lat="25.7333450" lon="100.1778435"><ele>1967.6</ele><time>2024-01-01T00:50:40Z</time></trkpt>
      <trkpt lat="25.7333468" lon="100.1778603"><ele>1967.6</ele><time>2024-01-01T00:50:41Z</time></trkpt>
      <trkpt lat="25.7333491" lon="100.1778769"><ele>1967.6</ele><time>2024-01-01T00:50:42Z</time></trkpt>
      <trkpt lat="25.7333520" lon="100.1778934"><ele>1967.6</ele><time>2024-01-01T00:50:43Z</time></trkpt>
      <trkpt lat="25.7333548" lon="100.1779098"><ele>1967.6</ele><time>2024-01-01T00:50:44Z</time></trkpt>
      <trkpt lat="25.7333571" lon="100.1779262"><ele>1967.6</ele><time>2024-01-01T00:50:45Z</time></trkpt>
      <trkpt lat="25.7333586" lon="100.1779430"><ele>1967.6</ele><time>2024-01-01T00:50:46Z</time></trkpt>
      <trkpt lat="25.7333590" lon="100.1779604"><ele>1967.6</ele><time>2024-01-01T00:50:47Z</time></trkpt>
      <trkpt lat="25.7333585" lon="100.1779782"><ele>1967.6</ele><time>2024-01-01T00:50:48Z</time></trkpt>
      <trkpt lat="25.7333579" lon="100.1779963"><ele>1967.6</ele><time>2024-01-01T00:50:49Z</time></trkpt>
      <trkpt lat="25.7333577" lon="100.1780145"><ele>1967.6</ele><time>2024-01-01T00:50:50Z</time></trkpt>
      <trkpt lat="25.7333579" lon="100.1780326"><ele>1967.7</ele><time>2024-01-01T00:50:51Z</time></trkpt>
      <trkpt lat="25.7333586" lon="100.1780505"><ele>1967.7</ele><time>2024-01-01T00:50:52Z</time></trkpt>
      <trkpt lat="25.7333594" lon="100.1780684"><ele>1967.7</ele><time>2024-01-01T00:50:53Z</time></trkpt>
      <trkpt lat="25.7333595" lon="100.1780861"><ele>1967.8</ele><time>2024-01-01T00:50:54Z</time></trkpt>
      <trkpt lat="25.7333591" lon="100.1781036"><ele>1967.8</ele><time>2024-01-01T00:50:55Z</time></trkpt>
      <trkpt lat="25.7333583" lon="100.1781212"><ele>1967.8</ele><time>2024-01-01T00:50:56Z</time></trkpt>
      <trkpt lat="25.7333577" lon="100.1781391"><ele>1967.8</ele><time>2024-01-01T00:50:57Z</time></trkpt>
      <trkpt lat="25.7333574" lon="100.1781572"><ele>1967.8</ele><time>2024-01-01T00:50:58Z</time></trkpt>
      <trkpt lat="25.7333570" lon="100.1781757"><ele>1967.8</ele><time>2024-01-01T00:50:59Z</time></trkpt>
      <trkpt lat="25.7333563" lon="100.1781944"><ele>1967.8</ele><time>2024-01-01T00:51:00Z</time></trkpt>
      <trkpt lat="25.7333559" lon="100.1782133"><ele>1967.8</ele><time>2024-01-01T00:51:01Z</time></trkpt>
      <trkpt lat="25.7333559" lon="100.1782322"><ele>1967.8</ele><time>2024-01-01T00:51:02Z</time></trkpt>
      <trkpt lat="25.7333561" lon="100.1782512"><ele>1967.7</ele><time>2024-01-01T00:51:03Z</time></trkpt>
      <trkpt lat="25.7333564" lon="100.1782705"><ele>1967.7</ele><time>2024-01-01T00:51:04Z</time></trkpt>
      <trkpt lat="25.7333558" lon="100.1782904"><ele>1967.7</ele><time>2024-01-01T00:51:05Z</time></trkpt>
      <trkpt lat="25.7333539" lon="100.1783109"><ele>1967.6</ele><time>2024-01-01T00:51:06Z</time></trkpt>
      <trkpt lat="25.7333517" lon="100.1783314"><ele>1967.6</ele><time>2024-01-01T00:51:07Z</time></trkpt>
      <trkpt lat="25.7333500" lon="100.1783522"><ele>1967.5</ele><time>2024-01-01T00:51:08Z</time></trkpt>
      <trkpt lat="25.7333497" lon="100.1783732"><ele>1967.4</ele><time>2024-01-01T00:51:09Z</time></trkpt>
      <trkpt lat="25.7333500" lon="100.1783941"><ele>1967.4</ele><time>2024-01-01T00:51:10Z</time></trkpt>
      <trkpt lat="25.7333496" lon="100.1784149"><ele>1967.3</ele><time>2024-01-01T00:51:11Z</time></trkpt>
      <trkpt lat="25.7333487" lon="100.1784354"><ele>1967.3</ele><time>2024-01-01T00:51:12Z</time></trkpt>
      <trkpt lat="25.7333482" lon="100.1784558"><ele>1967.3</ele><time>2024-01-01T00:51:13Z</time></trkpt>
      <trkpt lat="25.7333486" lon="100.1784764"><ele>1967.3</ele><time>2024-01-01T00:51:14Z</time></trkpt>
      <trkpt lat="25.7333495" lon="100.1784973"><ele>1967.2</ele><time>2024-01-01T00:51:15Z</time></trkpt>
      <trkpt lat="25.7333503" lon="100.1785183"><ele>1967.2</ele><time>2024-01-01T00:51:16Z</time></trkpt>
      <trkpt lat="25.7333506" lon="100.1785391"><ele>1967.2</ele><time>2024-01-01T00:51:17Z</time></trkpt>
      <trkpt lat="25.7333499" lon="100.1785599"><ele>1967.2</ele><time>2024-01-01T00:51:18Z</time></trkpt>
      <trkpt lat="25.7333486" lon="100.1785806"><ele>1967.2</ele><time>2024-01-01T00:51:19Z</time></trkpt>
      <trkpt lat="25.7333477" lon="100.1786014"><ele>1967.2</ele><time>2024-01-01T00:51:20Z</time></trkpt>
      <trkpt lat="25.7333467" lon="100.1786226"><ele>1967.3</ele><time>2024-01-01T00:51:21Z</time></trkpt>
      <trkpt lat="25.7333447" lon="100.1786441"><ele>1967.3</ele><time>2024-01-01T00:51:22Z</time></trkpt>
      <trkpt lat="25.7333414" lon="100.1786659"><ele>1967.3</ele><time>2024-01-01T00:51:23Z</time></trkpt>
      <trkpt lat="25.7333379" lon="100.1786872"><ele>1967.4</ele><time>2024-01-01T00:51:24Z</time></trkpt>
      <trkpt lat="25.7333355" lon="100.1787079"><ele>1967.5</ele><time>2024-01-01T00:51:25Z</time></trkpt>
      <trkpt lat="25.7333340" lon="100.1787282"><ele>1967.5</ele><time>2024-01-01T00:51:26Z</time></trkpt>
      <trkpt lat="25.7333326" lon="100.1787486"><ele>1967.5</ele><time>2024-01-01T00:51:27Z</time></trkpt>
      <trkpt lat="25.7333313" lon="100.1787696"><ele>1967.5</ele><time>2024-01-01T00:51:28Z</time></trkpt>
      <trkpt lat="25.7333304" lon="100.1787907"><ele>1967.6</ele><time>2024-01-01T00:51:29Z</time></trkpt>
      <trkpt lat="25.7333305" lon="100.1788122"><ele>1967.6</ele><time>2024-01-01T00:51:30Z</time></trkpt>
      <trkpt lat="25.7333317" lon="100.1788338"><ele>1967.6</ele><time>2024-01-01T00:51:31Z</time></trkpt>
      <trkpt lat="25.7333328" lon="100.1788553"><ele>1967.6</ele><time>2024-01-01T00:51:32Z</time></trkpt>
      <trkpt lat="25.7333334" lon="100.1788763"><ele>1967.6</ele><time>2024-01-01T00:51:33Z</time></trkpt>
      <trkpt lat="25.7333331" lon="100.1788969"><ele>1967.5</ele><time>2024-01-01T00:51:34Z</time></trkpt>
      <trkpt lat="25.7333324" lon="100.1789175"><ele>1967.5</ele><time>2024-01-01T00:51:35Z</time></trkpt>
      <trkpt lat="25.7333312" lon="100.1789383"><ele>1967.5</ele><time>2024-01-01T00:51:36Z</time></trkpt>
      <trkpt lat="25.7333304" lon="100.1789592"><ele>1967.4</ele><time>2024-01-01T00:51:37Z</time></trkpt>
      <trkpt lat="25.7333301" lon="100.1789804"><ele>1967.4</ele><time>2024-01-01T00:51:38Z</time></trkpt>
      <trkpt lat="25.7333292" lon="100.1790017"><ele>1967.3</ele><time>2024-01-01T00:51:39Z</time></trkpt>
      <trkpt lat="25.7333284" lon="100.1790229"><ele>1967.3</ele><time>2024-01-01T00:51:40Z</time></trkpt>
      <trkpt lat="25.7333281" lon="100.1790437"><ele>1967.2</ele><time>2024-01-01T00:51:41Z</time></trkpt>
      <trkpt lat="25.7333279" lon="100.1790644"><ele>1967.1</ele><time>2024-01-01T00:51:42Z</time></trkpt>
      <trkpt lat="25.7333272" lon="100.1790849"><ele>1967.1</ele><time>2024-01-01T00:51:43Z</time></trkpt>
      <trkpt lat="25.7333254" lon="100.1791051"><ele>1967.0</ele><time>2024-01-01T00:51:44Z</time></trkpt>
      <trkpt lat="25.7333230" lon="100.1791255"><ele>1967.0</ele><time>2024-01-01T00:51:45Z</time></trkpt>
      <trkpt lat="25.7333200" lon="100.1791457"><ele>1966.9</ele><time>2024-01-01T00:51:46Z</time></trkpt>
      <trkpt lat="25.7333167" lon="100.1791657"><ele>1966.9</ele><time>2024-01-01T00:51:47Z</time></trkpt>
      <trkpt lat="25.7333132" lon="100.1791854"><ele>1966.9</ele><time>2024-01-01T00:51:48Z</time></trkpt>
      <trkpt lat="25.7333088" lon="100.1792048"><ele>1966.9</ele><time>2024-01-01T00:51:49Z</time></trkpt>
      <trkpt lat="25.7333032" lon="100.1792237"><ele>1966.9</ele><time>2024-01-01T00:51:50Z</time></trkpt>
      <trkpt lat="25.7332964" lon="100.1792420"><ele>1966.9</ele><time>2024-01-01T00:51:51Z</time></trkpt>
      <trkpt lat="25.7332887" lon="100.1792596"><ele>1966.9</ele><time>2024-01-01T00:51:52Z</time></trkpt>
      <trkpt lat="25.7332806" lon="100.1792769"><ele>1967.0</ele><time>2024-01-01T00:51:53Z</time></trkpt>
      <trkpt lat="25.7332727" lon="100.1792941"><ele>1967.0</ele><time>2024-01-01T00:51:54Z</time></trkpt>
      <trkpt lat="25.7332650" lon="100.1793112"><ele>1967.0</ele><time>2024-01-01T00:51:55Z</time></trkpt>
      <trkpt lat="25.7332569" lon="100.1793282"><ele>1967.1</ele><time>2024-01-01T00:51:56Z</time></trkpt>
      <trkpt lat="25.7332483" lon="100.1793448"><ele>1967.2</ele><time>2024-01-01T00:51:57Z</time></trkpt>
      <trkpt lat="25.7332395" lon="100.1793614"><ele>1967.2</ele><time>2024-01-01T00:51:58Z</time></trkpt>
      <trkpt lat="25.7332307" lon="100.1793784"><ele>1967.3</ele><time>2024-01-01T00:51:59Z</time></trkpt>
      <trkpt lat="25.7332217" lon="100.1793957"><ele>1967.3</ele><time>2024-01-01T00:52:00Z</time></trkpt>
      <trkpt lat="25.7332118" lon="100.1794129"><ele>1967.4</ele><time>2024-01-01T00:52:01Z</time></trkpt>
      <trkpt lat="25.7332008" lon="100.1794295"><ele>1967.5</ele><time>2024-01-01T00:52:02Z</time></trkpt>
      <trkpt lat="25.7331896" lon="100.1794460"><ele>1967.5</ele><time>2024-01-01T00:52:03Z</time></trkpt>
      <trkpt lat="25.7331786" lon="100.1794628"><ele>1967.6</ele><time>2024-01-01T00:52:04Z</time></trkpt>
      <trkpt lat="25.7331677" lon="100.1794797"><ele>1967.7</ele><time>2024-01-01T00:52:05Z</time></trkpt>
      <trkpt lat="25.7331571" lon="100.1794970"><ele>1967.7</ele><time>2024-01-01T00:52:06Z</time></trkpt>
      <trkpt lat="25.7331465" lon="100.1795146"><ele>1967.8</ele><time>2024-01-01T00:52:07Z</time></trkpt>
      <trkpt lat="25.7331367" lon="100.1795327"><ele>1967.8</ele><time>2024-01-01T00:52:08Z</time></trkpt>
      <trkpt lat="25.7331276" lon="100.1795509"><ele>1967.9</ele><time>2024-01-01T00:52:09Z</time></trkpt>
      <trkpt lat="25.7331180" lon="100.1795686"><ele>1968.0</ele><time>2024-01-01T00:52:10Z</time></trkpt>
      <trkpt lat="25.7331079" lon="100.1795860"><ele>1968.1</ele><time>2024-01-01T00:52:11Z</time></trkpt>
      <trkpt lat="25.7330972" lon="100.1796029"><ele>1968.1</ele><time>2024-01-01T00:52:12Z</time></trkpt>
      <trkpt lat="25.7330859" lon="100.1796196"><ele>1968.2</ele><time>2024-01-01T00:52:13Z</time></trkpt>
      <trkpt lat="25.7330749" lon="100.1796363"><ele>1968.3</ele><time>2024-01-01T00:52:14Z</time></trkpt>
      <trkpt lat="25.7330647" lon="100.1796530"><ele>1968.4</ele><time>2024-01-01T00:52:15Z</time></trkpt>
      <trkpt lat="25.7330557" lon="100.1796702"><ele>1968.5</ele><time>2024-01-01T00:52:16Z</time></trkpt>
      <trkpt lat="25.7330465" lon="100.1796873"><ele>1968.6</ele><time>2024-01-01T00:52:17Z</time></trkpt>
      <trkpt lat="25.7330367" lon="100.1797040"><ele>1968.7</ele><time>2024-01-01T00:52:18Z</time></trkpt>
      <trkpt lat="25.7330270" lon="100.1797207"><ele>1968.8</ele><time>2024-01-01T00:52:19Z</time></trkpt>
      <trkpt lat="25.7330174" lon="100.1797376"><ele>1968.9</ele><time>2024-01-01T00:52:20Z</time></trkpt>
      <trkpt lat="25.7330075" lon="100.1797547"><ele>1969.1</ele><time>2024-01-01T00:52:21Z</time></trkpt>
      <trkpt lat="25.7329976" lon="100.1797718"><ele>1969.2</ele><time>2024-01-01T00:52:22Z</time></trkpt>
      <trkpt lat="25.7329879" lon="100.1797890"><ele>1969.3</ele><time>2024-01-01T00:52:23Z</time></trkpt>
      <trkpt lat="25.7329779" lon="100.1798068"><ele>1969.4</ele><time>2024-01-01T00:52:24Z</time></trkpt>
      <trkpt lat="25.7329689" lon="100.1798253"><ele>1969.5</ele><time>2024-01-01T00:52:25Z</time></trkpt>
      <trkpt lat="25.7329620" lon="100.1798446"><ele>1969.5</ele><time>2024-01-01T00:52:26Z</time></trkpt>
      <trkpt lat="25.7329557" lon="100.1798641"><ele>1969.6</ele><time>2024-01-01T00:52:27Z</time></trkpt>
      <trkpt lat="25.7329496" lon="100.1798837"><ele>1969.7</ele><time>2024-01-01T00:52:28Z</time></trkpt>
      <trkpt lat="25.7329441" lon="100.1799035"><ele>1969.7</ele><time>2024-01-01T00:52:29Z</time></trkpt>
      <trkpt lat="25.7329391" lon="100.1799232"><ele>1969.7</ele><time>2024-01-01T00:52:30Z</time></trkpt>
      <trkpt lat="25.7329343" lon="100.1799432"><ele>1969.8</ele><time>2024-01-01T00:52:31Z</time></trkpt>
      <trkpt lat="25.7329293" lon="100.1799631"><ele>1969.8</ele><time>2024-01-01T00:52:32Z</time></trkpt>
      <trkpt lat="25.7329240" lon="100.1799830"><ele>1969.8</ele><time>2024-01-01T00:52:33Z</time></trkpt>
      <trkpt lat="25.7329175" lon="100.1800029"><ele>1969.8</ele><time>2024-01-01T00:52:34Z</time></trkpt>
      <trkpt lat="25.7329105" lon="100.1800227"><ele>1969.8</ele><time>2024-01-01T00:52:35Z</time></trkpt>
      <trkpt lat="25.7329041" lon="100.1800429"><ele>1969.7</ele><time>2024-01-01T00:52:36Z</time></trkpt>
      <trkpt lat="25.7328976" lon="100.1800631"><ele>1969.6</ele><time>2024-01-01T00:52:37Z</time></trkpt>
      <trkpt lat="25.7328915" lon="100.1800833"><ele>1969.6</ele><time>2024-01-01T00:52:38Z</time></trkpt>
      <trkpt lat="25.7328862" lon="100.1801038"><ele>1969.5</ele><time>2024-01-01T00:52:39Z</time></trkpt>
      <trkpt lat="25.7328814" lon="100.1801243"><ele>1969.4</ele><time>2024-01-01T00:52:40Z</time></trkpt>
      <trkpt lat="25.7328769" lon="100.1801447"><ele>1969.4</ele><time>2024-01-01T00:52:41Z</time></trkpt>
      <trkpt lat="25.7328718" lon="100.1801647"><ele>1969.3</ele><time>2024-01-01T00:52:42Z</time></trkpt>
      <trkpt lat="25.7328669" lon="100.1801848"><ele>1969.2</ele><time>2024-01-01T00:52:43Z</time></trkpt>
      <trkpt lat="25.7328625" lon="100.1802050"><ele>1969.1</ele><time>2024-01-01T00:52:44Z</time></trkpt>
      <trkpt lat="25.7328586" lon="100.1802252"><ele>1969.1</ele><time>2024-01-01T00:52:45Z</time></trkpt>
      <trkpt lat="25.7328548" lon="100.1802456"><ele>1969.0</ele><time>2024-01-01T00:52:46Z</time></trkpt>
      <trkpt lat="25.7328512" lon="100.1802660"><ele>1968.9</ele><time>2024-01-01T00:52:47Z</time></trkpt>
      <trkpt lat="25.7328482" lon="100.1802862"><ele>1968.9</ele><time>2024-01-01T00:52:48Z</time></trkpt>
      <trkpt lat="25.7328454" lon="100.1803061"><ele>1968.8</ele><time>2024-01-01T00:52:49Z</time></trkpt>
      <trkpt lat="25.7328425" lon="100.1803255"><ele>1968.7</ele><time>2024-01-01T00:52:50Z</time></trkpt>
      <trkpt lat="25.7328396" lon="100.1803449"><ele>1968.7</ele><time>2024-01-01T00:52:51Z</time></trkpt>
      <trkpt lat="25.7328370" lon="100.1803647"><ele>1968.6</ele><time>2024-01-01T00:52:52Z</time></trkpt>
      <trkpt lat="25.7328346" lon="100.1803847"><ele>1968.6</ele><time>2024-01-01T00:52:53Z</time></trkpt>
      <trkpt lat="25.7328320" lon="100.1804048"><ele>1968.5</ele><time>2024-01-01T00:52:54Z</time></trkpt>
      <trkpt lat="25.7328286" lon="100.1804248"><ele>1968.5</ele><time>2024-01-01T00:52:55Z</time></trkpt>
      <trkpt lat="25.7328246" lon="100.1804451"><ele>1968.5</ele><time>2024-01-01T00:52:56Z</time></trkpt>
      <trkpt lat="25.7328198" lon="100.1804654"><ele>1968.4</ele><time>2024-01-01T00:52:57Z</time></trkpt>
      <trkpt lat="25.7328149" lon="100.1804857"><ele>1968.4</ele><time>2024-01-01T00:52:58Z</time></trkpt>
      <trkpt lat="25.7328104" lon="100.1805063"><ele>1968.4</ele><time>2024-01-01T00:52:59Z</time></trkpt>
      <trkpt lat="25.7328061" lon="100.1805269"><ele>1968.4</ele><time>2024-01-01T00:53:00Z</time></trkpt>
      <trkpt lat="25.7328023" lon="100.1805476"><ele>1968.3</ele><time>2024-01-01T00:53:01Z</time></trkpt>
      <trkpt lat="25.7327991" lon="100.1805684"><ele>1968.3</ele><time>2024-01-01T00:53:02Z</time></trkpt>
      <trkpt lat="25.7327956" lon="100.1805888"><ele>1968.3</ele><time>2024-01-01T00:53:03Z</time></trkpt>
      <trkpt lat="25.7327916" lon="100.1806089"><ele>1968.3</ele><time>2024-01-01T00:53:04Z</time></trkpt>
      <trkpt lat="25.7327877" lon="100.1806289"><ele>1968.3</ele><time>2024-01-01T00:53:05Z</time></trkpt>
      <trkpt lat="25.7327840" lon="100.1806490"><ele>1968.3</ele><time>2024-01-01T00:53:06Z</time></trkpt>
      <trkpt lat="25.7327800" lon="100.1806689"><ele>1968.3</ele><time>2024-01-01T00:53:07Z</time></trkpt>
      <trkpt lat="25.7327756" lon="100.1806884"><ele>1968.3</ele><time>2024-01-01T00:53:08Z</time></trkpt>
      <trkpt lat="25.7327714" lon="100.1807083"><ele>1968.3</ele><time>2024-01-01T00:53:09Z</time></trkpt>
      <trkpt lat="25.7327676" lon="100.1807284"><ele>1968.3</ele><time>2024-01-01T00:53:10Z</time></trkpt>
      <trkpt lat="25.7327646" lon="100.1807486"><ele>1968.3</ele><time>2024-01-01T00:53:11Z</time></trkpt>
      <trkpt lat="25.7327622" lon="100.1807690"><ele>1968.2</ele><time>2024-01-01T00:53:12Z</time></trkpt>
      <trkpt lat="25.7327601" lon="100.1807894"><ele>1968.2</ele><time>2024-01-01T00:53:13Z</time></trkpt>
      <trkpt lat="25.7327578" lon="100.1808100"><ele>1968.2</ele><time>2024-01-01T00:53:14Z</time></trkpt>
      <trkpt lat="25.7327547" lon="100.1808306"><ele>1968.2</ele><time>2024-01-01T00:53:15Z</time></trkpt>
      <trkpt lat="25.7327511" lon="100.1808508"><ele>1968.2</ele><time>2024-01-01T00:53:16Z</time></trkpt>
      <trkpt lat="25.7327478" lon="100.1808708"><ele>1968.1</ele><time>2024-01-01T00:53:17Z</time></trkpt>
      <trkpt lat="25.7327448" lon="100.1808904"><ele>1968.1</ele><time>2024-01-01T00:53:18Z</time></trkpt>
      <trkpt lat="25.7327416" lon="100.1809100"><ele>1968.1</ele><time>2024-01-01T00:53:19Z</time></trkpt>
      <trkpt lat="25.7327379" lon="100.1809296"><ele>1968.1</ele><time>2024-01-01T00:53:20Z</time></trkpt>
      <trkpt lat="25.7327334" lon="100.1809491"><ele>1968.0</ele><time>2024-01-01T00:53:21Z</time></trkpt>
      <trkpt lat="25.7327285" lon="100.1809686"><ele>1968.0</ele><time>2024-01-01T00:53:22Z</time></trkpt>
      <trkpt lat="25.7327237" lon="100.1809884"><ele>1968.0</ele><time>2024-01-01T00:53:23Z</time></trkpt>
      <trkpt lat="25.7327193" lon="100.1810086"><ele>1968.0</ele><time>2024-01-01T00:53:24Z</time></trkpt>
      <trkpt lat="25.7327144" lon="100.1810287"><ele>1968.0</ele><time>2024-01-01T00:53:25Z</time></trkpt>
      <trkpt lat="25.7327094" lon="100.1810487"><ele>1967.9</ele><time>2024-01-01T00:53:26Z</time></trkpt>
      <trkpt lat="25.7327051" lon="100.1810688"><ele>1967.9</ele><time>2024-01-01T00:53:27Z</time></trkpt>
      <trkpt lat="25.7327015" lon="100.1810894"><ele>1967.9</ele><time>2024-01-01T00:53:28Z</time></trkpt>
      <trkpt lat="25.7326985" lon="100.1811105"><ele>1967.9</ele><time>2024-01-01T00:53:29Z</time></trkpt>
      <trkpt lat="25.7326957" lon="100.1811319"><ele>1967.9</ele><time>2024-01-01T00:53:30Z</time></trkpt>
      <trkpt lat="25.7326928" lon="100.1811534"><ele>1967.9</ele><time>2024-01-01T00:53:31Z</time></trkpt>
      <trkpt lat="25.7326898" lon="100.1811750"><ele>1967.9</ele><time>2024-01-01T00:53:32Z</time></trkpt>
      <trkpt lat="25.7326862" lon="100.1811966"><ele>1967.9</ele><time>2024-01-01T00:53:33Z</time></trkpt>
      <trkpt lat="25.7326813" lon="100.1812177"><ele>1968.0</ele><time>2024-01-01T00:53:34Z</time></trkpt>
      <trkpt lat="25.7326751" lon="100.1812376"><ele>1968.0</ele><time>2024-01-01T00:53:35Z</time></trkpt>
      <trkpt lat="25.7326681" lon="100.1812566"><ele>1968.0</ele><time>2024-01-01T00:53:36Z</time></trkpt>
      <trkpt lat="25.7326608" lon="100.1812757"><ele>1968.0</ele><time>2024-01-01T00:53:37Z</time></trkpt>
      <trkpt lat="25.7326537" lon="100.1812950"><ele>1968.1</ele><time>2024-01-01T00:53:38Z</time></trkpt>
      <trkpt lat="25.7326469" lon="100.1813144"><ele>1968.1</ele><time>2024-01-01T00:53:39Z</time></trkpt>
      <trkpt lat="25.7326404" lon="100.1813337"><ele>1968.1</ele><time>2024-01-01T00:53:40Z</time></trkpt>
      <trkpt lat="25.7326338" lon="100.1813527"><ele>1968.2</ele><time>2024-01-01T00:53:41Z</time></trkpt>
      <trkpt lat="25.7326271" lon="100.1813718"><ele>1968.2</ele><time>2024-01-01T00:53:42Z</time></trkpt>
      <trkpt lat="25.7326205" lon="100.1813908"><ele>1968.3</ele><time>2024-01-01T00:53:43Z</time></trkpt>
      <trkpt lat="25.7326141" lon="100.1814100"><ele>1968.3</ele><time>2024-01-01T00:53:44Z</time></trkpt>
      <trkpt lat="25.7326077" lon="100.1814294"><ele>1968.3</ele><time>2024-01-01T00:53:45Z</time></trkpt>
      <trkpt lat="25.7326013" lon="100.1814489"><ele>1968.3</ele><time>2024-01-01T00:53:46Z</time></trkpt>
      <trkpt lat="25.7325949" lon="100.1814683"><ele>1968.3</ele><time>2024-01-01T00:53:47Z</time></trkpt>
      <trkpt lat="25.7325876" lon="100.1814873"><ele>1968.3</ele><time>2024-01-01T00:53:48Z</time></trkpt>
      <trkpt lat="25.7325796" lon="100.1815058"><ele>1968.3</ele><time>2024-01-01T00:53:49Z</time></trkpt>
      <trkpt lat="25.7325726" lon="100.1815247"><ele>1968.2</ele><time>2024-01-01T00:53:50Z</time></trkpt>
      <trkpt lat="25.7325665" lon="100.1815436"><ele>1968.2</ele><time>2024-01-01T00:53:51Z</time></trkpt>
      <trkpt lat="25.7325604" lon="100.1815622"><ele>1968.2</ele><time>2024-01-01T00:53:52Z</time></trkpt>
      <trkpt lat="25.7325537" lon="100.1815806"><ele>1968.2</ele><time>2024-01-01T00:53:53Z</time></trkpt>
      <trkpt lat="25.7325466" lon="100.1815986"><ele>1968.2</ele><time>2024-01-01T00:53:54Z</time></trkpt>
      <trkpt lat="25.7325397" lon="100.1816168"><ele>1968.2</ele><time>2024-01-01T00:53:55Z</time></trkpt>
      <trkpt lat="25.7325323" lon="100.1816348"><ele>1968.2</ele><time>2024-01-01T00:53:56Z</time></trkpt>
      <trkpt lat="25.7325244" lon="100.1816525"><ele>1968.2</ele><time>2024-01-01T00:53:57Z</time></trkpt>
      <trkpt lat="25.7325166" lon="100.1816704"><ele>1968.2</ele><time>2024-01-01T00:53:58Z</time></trkpt>
      <trkpt lat="25.7325095" lon="100.1816886"><ele>1968.3</ele><time>2024-01-01T00:53:59Z</time></trkpt>
      <trkpt lat="25.7325028" lon="100.1817072"><ele>1968.3</ele><time>2024-01-01T00:54:00Z</time></trkpt>
      <trkpt lat="25.7324959" lon="100.1817257"><ele>1968.3</ele><time>2024-01-01T00:54:01Z</time></trkpt>
      <trkpt lat="25.7324885" lon="100.1817441"><ele>1968.4</ele><time>2024-01-01T00:54:02Z</time></trkpt>
      <trkpt lat="25.7324804" lon="100.1817628"><ele>1968.4</ele><time>2024-01-01T00:54:03Z</time></trkpt>
      <trkpt lat="25.7324716" lon="100.1817820"><ele>1968.5</ele><time>2024-01-01T00:54:04Z</time></trkpt>
      <trkpt lat="25.7324627" lon="100.1818021"><ele>1968.5</ele><time>2024-01-01T00:54:05Z</time></trkpt>
      <trkpt lat="25.7324540" lon="100.1818226"><ele>1968.6</ele><time>2024-01-01T00:54:06Z</time></trkpt>
      <trkpt lat="25.7324455" lon="100.1818433"><ele>1968.6</ele><time>2024-01-01T00:54:07Z</time></trkpt>
      <trkpt lat="25.7324377" lon="100.1818638"><ele>1968.6</ele><time>2024-01-01T00:54:08Z</time></trkpt>
      <trkpt lat="25.7324310" lon="100.1818840"><ele>1968.6</ele><time>2024-01-01T00:54:09Z</time></trkpt>
      <trkpt lat="25.7324257" lon="100.1819044"><ele>1968.6</ele><time>2024-01-01T00:54:10Z</time></trkpt>
      <trkpt lat="25.7324206" lon="100.1819250"><ele>1968.6</ele><time>2024-01-01T00:54:11Z</time></trkpt>
      <trkpt lat="25.7324145" lon="100.1819457"><ele>1968.7</ele><time>2024-01-01T00:54:12Z</time></trkpt>
      <trkpt lat="25.7324081" lon="100.1819661"><ele>1968.7</ele><time>2024-01-01T00:54:13Z</time></trkpt>
      <trkpt lat="25.7324018" lon="100.1819860"><ele>1968.7</ele><time>2024-01-01T00:54:14Z</time></trkpt>
      <trkpt lat="25.7323959" lon="100.1820057"><ele>1968.7</ele><time>2024-01-01T00:54:15Z</time></trkpt>
      <trkpt lat="25.7323904" lon="100.1820257"><ele>1968.7</ele><time>2024-01-01T00:54:16Z</time></trkpt>
      <trkpt lat="25.7323850" lon="100.1820460"><ele>1968.7</ele><time>2024-01-01T00:54:17Z</time></trkpt>
      <trkpt lat="25.7323793" lon="100.1820665"><ele>1968.7</ele><time>2024-01-01T00:54:18Z</time></trkpt>
      <trkpt lat="25.7323742" lon="100.1820867"><ele>1968.7</ele><time>2024-01-01T00:54:19Z</time></trkpt>
      <trkpt lat="25.7323707" lon="100.1821066"><ele>1968.7</ele><time>2024-01-01T00:54:20Z</time></trkpt>
      <trkpt lat="25.7323684" lon="100.1821263"><ele>1968.8</ele><time>2024-01-01T00:54:21Z</time></trkpt>
      <trkpt lat="25.7323662" lon="100.1821456"><ele>1968.8</ele><time>2024-01-01T00:54:22Z</time></trkpt>
      <trkpt lat="25.7323638" lon="100.1821649"><ele>1968.7</ele><time>2024-01-01T00:54:23Z</time></trkpt>
      <trkpt lat="25.7323611" lon="100.1821843"><ele>1968.7</ele><time>2024-01-01T00:54:24Z</time></trkpt>
      <trkpt lat="25.7323585" lon="100.1822040"><ele>1968.7</ele><time>2024-01-01T00:54:25Z</time></trkpt>
      <trkpt lat="25.7323558" lon="100.1822239"><ele>1968.7</ele><time>2024-01-01T00:54:26Z</time></trkpt>
      <trkpt lat="25.7323529" lon="100.1822434"><ele>1968.7</ele><time>2024-01-01T00:54:27Z</time></trkpt>
      <trkpt lat="25.7323498" lon="100.1822623"><ele>1968.7</ele><time>2024-01-01T00:54:28Z</time></trkpt>
      <trkpt lat="25.7323470" lon="100.1822809"><ele>1968.7</ele><time>2024-01-01T00:54:29Z</time></trkpt>
      <trkpt lat="25.7323451" lon="100.1822997"><ele>1968.7</ele><time>2024-01-01T00:54:30Z</time></trkpt>
      <trkpt lat="25.7323440" lon="100.1823188"><ele>1968.6</ele><time>2024-01-01T00:54:31Z</time></trkpt>
      <trkpt lat="25.7323432" lon="100.1823381"><ele>1968.6</ele><time>2024-01-01T00:54:32Z</time></trkpt>
      <trkpt lat="25.7323425" lon="100.1823576"><ele>1968.6</ele><time>2024-01-01T00:54:33Z</time></trkpt>
      <trkpt lat="25.7323419" lon="100.1823773"><ele>1968.6</ele><time>2024-01-01T00:54:34Z</time></trkpt>
      <trkpt lat="25.7323414" lon="100.1823971"><ele>1968.5</ele><time>2024-01-01T00:54:35Z</time></trkpt>
      <trkpt lat="25.7323414" lon="100.1824173"><ele>1968.5</ele><time>2024-01-01T00:54:36Z</time></trkpt>
      <trkpt lat="25.7323422" lon="100.1824376"><ele>1968.4</ele><time>2024-01-01T00:54:37Z</time></trkpt>
      <trkpt lat="25.7323434" lon="100.1824577"><ele>1968.4</ele><time>2024-01-01T00:54:38Z</time></trkpt>
      <trkpt lat="25.7323444" lon="100.1824777"><ele>1968.3</ele><time>2024-01-01T00:54:39Z</time></trkpt>
      <trkpt lat="25.7323452" lon="100.1824978"><ele>1968.3</ele><time>2024-01-01T00:54:40Z</time></trkpt>
      <trkpt lat="25.7323461" lon="100.1825180"><ele>1968.3</ele><time>2024-01-01T00:54:41Z</time></trkpt>
      <trkpt lat="25.7323473" lon="100.1825383"><ele>1968.3</ele><time>2024-01-01T00:54:42Z</time></trkpt>
      <trkpt lat="25.7323491" lon="100.1825585"><ele>1968.3</ele><time>2024-01-01T00:54:43Z</time></trkpt>
      <trkpt lat="25.7323516" lon="100.1825783"><ele>1968.3</ele><time>2024-01-01T00:54:44Z</time></trkpt>
      <trkpt lat="25.7323547" lon="100.1825977"><ele>1968.3</ele><time>2024-01-01T00:54:45Z</time></trkpt>
      <trkpt lat="25.7323581" lon="100.1826172"><ele>1968.4</ele><time>2024-01-01T00:54:46Z</time></trkpt>
      <trkpt lat="25.7323615" lon="100.1826367"><ele>1968.4</ele><time>2024-01-01T00:54:47Z</time></trkpt>
      <trkpt lat="25.7323648" lon="100.1826562"><ele>1968.5</ele><time>2024-01-01T00:54:48Z</time></trkpt>
      <trkpt lat="25.7323683" lon="100.1826759"><ele>1968.5</ele><time>2024-01-01T00:54:49Z</time></trkpt>
      <trkpt lat="25.7323722" lon="100.1826953"><ele>1968.6</ele><time>2024-01-01T00:54:50Z</time></trkpt>
      <trkpt lat="25.7323762" lon="100.1827144"><ele>1968.6</ele><time>2024-01-01T00:54:51Z</time></trkpt>
      <trkpt lat="25.7323806" lon="100.1827335"><ele>1968.6</ele><time>2024-01-01T00:54:52Z</time></trkpt>
      <trkpt lat="25.7323853" lon="100.1827525"><ele>1968.6</ele><time>2024-01-01T00:54:53Z</time></trkpt>
      <trkpt lat="25.7323901" lon="100.1827714"><ele>1968.6</ele><time>2024-01-01T00:54:54Z</time></trkpt>
      <trkpt lat="25.7323942" lon="100.1827903"><ele>1968.6</ele><time>2024-01-01T00:54:55Z</time></trkpt>
      <trkpt lat="25.7323979" lon="100.1828092"><ele>1968.6</ele><time>2024-01-01T00:54:56Z</time></trkpt>
      <trkpt lat="25.7324024" lon="100.1828281"><ele>1968.6</ele><time>2024-01-01T00:54:57Z</time></trkpt>
      <trkpt lat="25.7324073" lon="100.1828468"><ele>1968.6</ele><time>2024-01-01T00:54:58Z</time></trkpt>
      <trkpt lat="25.7324121" lon="100.1828654"><ele>1968.5</ele><time>2024-01-01T00:54:59Z</time></trkpt>
      <trkpt lat="25.7324162" lon="100.1828838"><ele>1968.5</ele><time>2024-01-01T00:55:00Z</time></trkpt>
      <trkpt lat="25.7324202" lon="100.1829020"><ele>1968.4</ele><time>2024-01-01T00:55:01Z</time></trkpt>
      <trkpt lat="25.7324241" lon="100.1829205"><ele>1968.3</ele><time>2024-01-01T00:55:02Z</time></trkpt>
      <trkpt lat="25.7324282" lon="100.1829392"><ele>1968.2</ele><time>2024-01-01T00:55:03Z</time></trkpt>
      <trkpt lat="25.7324328" lon="100.1829583"><ele>1968.1</ele><time>2024-01-01T00:55:04Z</time></trkpt>
      <trkpt lat="25.7324380" lon="100.1829774"><ele>1968.0</ele><time>2024-01-01T00:55:05Z</time></trkpt>
      <trkpt lat="25.7324432" lon="100.1829965"><ele>1967.9</ele><time>2024-01-01T00:55:06Z</time></trkpt>
      <trkpt lat="25.7324485" lon="100.1830154"><ele>1967.8</ele><time>2024-01-01T00:55:07Z</time></trkpt>
      <trkpt lat="25.7324540" lon="100.1830345"><ele>1967.7</ele><time>2024-01-01T00:55:08Z</time></trkpt>
      <trkpt lat="25.7324598" lon="100.1830534"><ele>1967.6</ele><time>2024-01-01T00:55:09Z</time></trkpt>
      <trkpt lat="25.7324661" lon="100.1830722"><ele>1967.5</ele><time>2024-01-01T00:55:10Z</time></trkpt>
      <trkpt lat="25.7324727" lon="100.1830906"><ele>1967.4</ele><time>2024-01-01T00:55:11Z</time></trkpt>
      <trkpt lat="25.7324798" lon="100.1831088"><ele>1967.3</ele><time>2024-01-01T00:55:12Z</time></trkpt>
      <trkpt lat="25.7324878" lon="100.1831267"><ele>1967.2</ele><time>2024-01-01T00:55:13Z</time></trkpt>
      <trkpt lat="25.7324963" lon="100.1831443"><ele>1967.1</ele><time>2024-01-01T00:55:14Z</time></trkpt>
      <trkpt lat="25.7325054" lon="100.1831616"><ele>1967.0</ele><time>2024-01-01T00:55:15Z</time></trkpt>
      <trkpt lat="25.7325146" lon="100.1831789"><ele>1967.0</ele><time>2024-01-01T00:55:16Z</time></trkpt>
      <trkpt lat="25.7325242" lon="100.1831960"><ele>1967.0</ele><time>2024-01-01T00:55:17Z</time></trkpt>
      <trkpt lat="25.7325343" lon="100.1832130"><ele>1966.9</ele><time>2024-01-01T00:55:18Z</time></trkpt>
      <trkpt lat="25.7325443" lon="100.1832298"><ele>1966.9</ele><time>2024-01-01T00:55:19Z</time></trkpt>
      <trkpt lat="25.7325542" lon="100.1832466"><ele>1966.9</ele><time>2024-01-01T00:55:20Z</time></trkpt>
      <trkpt lat="25.7325636" lon="100.1832639"><ele>1967.0</ele><time>2024-01-01T00:55:21Z</time></trkpt>
      <trkpt lat="25.7325723" lon="100.1832814"><ele>1967.0</ele><time>2024-01-01T00:55:22Z</time></trkpt>
      <trkpt lat="25.7325807" lon="100.1832987"><ele>1967.1</ele><time>2024-01-01T00:55:23Z</time></trkpt>
      <trkpt lat="25.7325888" lon="100.1833160"><ele>1967.2</ele><time>2024-01-01T00:55:24Z</time></trkpt>
      <trkpt lat="25.7325967" lon="100.1833340"><ele>1967.2</ele><time>2024-01-01T00:55:25Z</time></trkpt>
      <trkpt lat="25.7326038" lon="100.1833528"><ele>1967.3</ele><time>2024-01-01T00:55:26Z</time></trkpt>
      <trkpt lat="25.7326099" lon="100.1833723"><ele>1967.4</ele><time>2024-01-01T00:55:27Z</time></trkpt>
      <trkpt lat="25.7326157" lon="100.1833918"><ele>1967.5</ele><time>2024-01-01T00:55:28Z</time></trkpt>
      <trkpt lat="25.7326212" lon="100.1834108"><ele>1967.6</ele><time>2024-01-01T00:55:29Z</time></trkpt>
      <trkpt lat="25.7326260" lon="100.1834293"><ele>1967.6</ele><time>2024-01-01T00:55:30Z</time></trkpt>
      <trkpt lat="25.7326291" lon="100.1834477"><ele>1967.7</ele><time>2024-01-01T00:55:31Z</time></trkpt>
      <trkpt lat="25.7326304" lon="100.1834665"><ele>1967.8</ele><time>2024-01-01T00:55:32Z</time></trkpt>
      <trkpt lat="25.7326305" lon="100.1834857"><ele>1967.9</ele><time>2024-01-01T00:55:33Z</time></trkpt>
      <trkpt lat="25.7326302" lon="100.1835051"><ele>1968.0</ele><time>2024-01-01T00:55:34Z</time></trkpt>
      <trkpt lat="25.7326299" lon="100.1835246"><ele>1968.0</ele><time>2024-01-01T00:55:35Z</time></trkpt>
      <trkpt lat="25.7326296" lon="100.1835440"><ele>1968.1</ele><time>2024-01-01T00:55:36Z</time></trkpt>
      <trkpt lat="25.7326285" lon="100.1835634"><ele>1968.2</ele><time>2024-01-01T00:55:37Z</time></trkpt>
      <trkpt lat="25.7326266" lon="100.1835832"><ele>1968.3</ele><time>2024-01-01T00:55:38Z</time></trkpt>
      <trkpt lat="25.7326243" lon="100.1836030"><ele>1968.4</ele><time>2024-01-01T00:55:39Z</time></trkpt>
      <trkpt lat="25.7326209" lon="100.1836229"><ele>1968.5</ele><time>2024-01-01T00:55:40Z</time></trkpt>
      <trkpt lat="25.7326167" lon="100.1836428"><ele>1968.6</ele><time>2024-01-01T00:55:41Z</time></trkpt>
      <trkpt lat="25.7326119" lon="100.1836627"><ele>1968.6</ele><time>2024-01-01T00:55:42Z</time></trkpt>
      <trkpt lat="25.7326077" lon="100.1836826"><ele>1968.7</ele><time>2024-01-01T00:55:43Z</time></trkpt>
      <trkpt lat="25.7326039" lon="100.1837027"><ele>1968.8</ele><time>2024-01-01T00:55:44Z</time></trkpt>
      <trkpt lat="25.7325998" lon="100.1837227"><ele>1968.9</ele><time>2024-01-01T00:55:45Z</time></trkpt>
      <trkpt lat="25.7325957" lon="100.1837427"><ele>1968.9</ele><time>2024-01-01T00:55:46Z</time></trkpt>
      <trkpt lat="25.7325919" lon="100.1837627"><ele>1969.0</ele><time>2024-01-01T00:55:47Z</time></trkpt>
      <trkpt lat="25.7325885" lon="100.1837826"><ele>1969.0</ele><time>2024-01-01T00:55:48Z</time></trkpt>
      <trkpt lat="25.7325855" lon="100.1838023"><ele>1969.0</ele><time>2024-01-01T00:55:49Z</time></trkpt>
      <trkpt lat="25.7325825" lon="100.1838218"><ele>1969.0</ele><time>2024-01-01T00:55:50Z</time></trkpt>
      <trkpt lat="25.7325793" lon="100.1838417"><ele>1969.0</ele><time>2024-01-01T00:55:51Z</time></trkpt>
      <trkpt lat="25.7325761" lon="100.1838621"><ele>1969.0</ele><time>2024-01-01T00:55:52Z</time></trkpt>
      <trkpt lat="25.7325731" lon="100.1838824"><ele>1969.0</ele><time>2024-01-01T00:55:53Z</time></trkpt>
      <trkpt lat="25.7325706" lon="100.1839024"><ele>1968.9</ele><time>2024-01-01T00:55:54Z</time></trkpt>
      <trkpt lat="25.7325675" lon="100.1839221"><ele>1968.8</ele><time>2024-01-01T00:55:55Z</time></trkpt>
      <trkpt lat="25.7325632" lon="100.1839417"><ele>1968.8</ele><time>2024-01-01T00:55:56Z</time></trkpt>
      <trkpt lat="25.7325583" lon="100.1839613"><ele>1968.7</ele><time>2024-01-01T00:55:57Z</time></trkpt>
      <trkpt lat="25.7325534" lon="100.1839808"><ele>1968.7</ele><time>2024-01-01T00:55:58Z</time></trkpt>
      <trkpt lat="25.7325491" lon="100.1840004"><ele>1968.6</ele><time>2024-01-01T00:55:59Z</time></trkpt>
      <trkpt lat="25.7325453" lon="100.1840201"><ele>1968.6</ele><time>2024-01-01T00:56:00Z</time></trkpt>
      <trkpt lat="25.7325420" lon="100.1840400"><ele>1968.6</ele><time>2024-01-01T00:56:01Z</time></trkpt>
      <trkpt lat="25.7325392" lon="100.1840599"><ele>1968.6</ele><time>2024-01-01T00:56:02Z</time></trkpt>
      <trkpt lat="25.7325367" lon="100.1840796"><ele>1968.5</ele><time>2024-01-01T00:56:03Z</time></trkpt>
      <trkpt lat="25.7325346" lon="100.1840994"><ele>1968.5</ele><time>2024-01-01T00:56:04Z</time></trkpt>
      <trkpt lat="25.7325322" lon="100.1841192"><ele>1968.6</ele><time>2024-01-01T00:56:05Z</time></trkpt>
      <trkpt lat="25.7325292" lon="100.1841388"><ele>1968.6</ele><time>2024-01-01T00:56:06Z</time></trkpt>
      <trkpt lat="25.7325260" lon="100.1841583"><ele>1968.6</ele><time>2024-01-01T00:56:07Z</time></trkpt>
      <trkpt lat="25.7325231" lon="100.1841774"><ele>1968.7</ele><time>2024-01-01T00:56:08Z</time></trkpt>
      <trkpt lat="25.7325206" lon="100.1841966"><ele>1968.7</ele><time>2024-01-01T00:56:09Z</time></trkpt>
      <trkpt lat="25.7325179" lon="100.1842161"><ele>1968.7</ele><time>2024-01-01T00:56:10Z</time></trkpt>
      <trkpt lat="25.7325148" lon="100.1842356"><ele>1968.7</ele><time>2024-01-01T00:56:11Z</time></trkpt>
      <trkpt lat="25.7325112" lon="100.1842552"><ele>1968.7</ele><time>2024-01-01T00:56:12Z</time></trkpt>
      <trkpt lat="25.7325074" lon="100.1842747"><ele>1968.7</ele><time>2024-01-01T00:56:13Z</time></trkpt>
      <trkpt lat="25.7325039" lon="100.1842941"><ele>1968.6</ele><time>2024-01-01T00:56:14Z</time></trkpt>
      <trkpt lat="25.7324998" lon="100.1843138"><ele>1968.6</ele><time>2024-01-01T00:56:15Z</time></trkpt>
      <trkpt lat="25.7324940" lon="100.1843333"><ele>1968.6</ele><time>2024-01-01T00:56:16Z</time></trkpt>
      <trkpt lat="25.7324882" lon="100.1843523"><ele>1968.5</ele><time>2024-01-01T00:56:17Z</time></trkpt>
      <trkpt lat="25.7324826" lon="100.1843706"><ele>1968.4</ele><time>2024-01-01T00:56:18Z</time></trkpt>
      <trkpt lat="25.7324763" lon="100.1843884"><ele>1968.3</ele><time>2024-01-01T00:56:19Z</time></trkpt>
      <trkpt lat="25.7324693" lon="100.1844062"><ele>1968.2</ele><time>2024-01-01T00:56:20Z</time></trkpt>
      <trkpt lat="25.7324625" lon="100.1844237"><ele>1968.2</ele><time>2024-01-01T00:56:21Z</time></trkpt>
      <trkpt lat="25.7324557" lon="100.1844414"><ele>1968.1</ele><time>2024-01-01T00:56:22Z</time></trkpt>
      <trkpt lat="25.7324485" lon="100.1844594"><ele>1968.0</ele><time>2024-01-01T00:56:23Z</time></trkpt>
      <trkpt lat="25.7324406" lon="100.1844772"><ele>1967.9</ele><time>2024-01-01T00:56:24Z</time></trkpt>
      <trkpt lat="25.7324317" lon="100.1844946"><ele>1967.8</ele><time>2024-01-01T00:56:25Z</time></trkpt>
      <trkpt lat="25.7324219" lon="100.1845116"><ele>1967.7</ele><time>2024-01-01T00:56:26Z</time></trkpt>
      <trkpt lat="25.7324112" lon="100.1845279"><ele>1967.6</ele><time>2024-01-01T00:56:27Z</time></trkpt>
      <trkpt lat="25.7324000" lon="100.1845437"><ele>1967.5</ele><time>2024-01-01T00:56:28Z</time></trkpt>
      <trkpt lat="25.7323886" lon="100.1845589"><ele>1967.5</ele><time>2024-01-01T00:56:29Z</time></trkpt>
      <trkpt lat="25.7323768" lon="100.1845741"><ele>1967.4</ele><time>2024-01-01T00:56:30Z</time></trkpt>
      <trkpt lat="25.7323649" lon="100.1845890"><ele>1967.3</ele><time>2024-01-01T00:56:31Z</time></trkpt>
      <trkpt lat="25.7323530" lon="100.1846029"><ele>1967.2</ele><time>2024-01-01T00:56:32Z</time></trkpt>
      <trkpt lat="25.7323401" lon="100.1846161"><ele>1967.2</ele><time>2024-01-01T00:56:33Z</time></trkpt>
      <trkpt lat="25.7323264" lon="100.1846288"><ele>1967.1</ele><time>2024-01-01T00:56:34Z</time></trkpt>
      <trkpt lat="25.7323123" lon="100.1846416"><ele>1967.0</ele><time>2024-01-01T00:56:35Z</time></trkpt>
      <trkpt lat="25.7322977" lon="100.1846542"><ele>1966.9</ele><time>2024-01-01T00:56:36Z</time></trkpt>
      <trkpt lat="25.7322826" lon="100.1846662"><ele>1966.8</ele><time>2024-01-01T00:56:37Z</time></trkpt>
      <trkpt lat="25.7322672" lon="100.1846775"><ele>1966.8</ele><time>2024-01-01T00:56:38Z</time></trkpt>
      <trkpt lat="25.7322520" lon="100.1846885"><ele>1966.7</ele><time>2024-01-01T00:56:39Z</time></trkpt>
      <trkpt lat="25.7322370" lon="100.1846992"><ele>1966.6</ele><time>2024-01-01T00:56:40Z</time></trkpt>
      <trkpt lat="25.7322221" lon="100.1847099"><ele>1966.6</ele><time>2024-01-01T00:56:41Z</time></trkpt>
      <trkpt lat="25.7322075" lon="100.1847200"><ele>1966.5</ele><time>2024-01-01T00:56:42Z</time></trkpt>
      <trkpt lat="25.7321921" lon="100.1847295"><ele>1966.5</ele><time>2024-01-01T00:56:43Z</time></trkpt>
      <trkpt lat="25.7321761" lon="100.1847382"><ele>1966.4</ele><time>2024-01-01T00:56:44Z</time></trkpt>
      <trkpt lat="25.7321601" lon="100.1847464"><ele>1966.4</ele><time>2024-01-01T00:56:45Z</time></trkpt>
      <trkpt lat="25.7321444" lon="100.1847550"><ele>1966.4</ele><time>2024-01-01T00:56:46Z</time></trkpt>
      <trkpt lat="25.7321291" lon="100.1847638"><ele>1966.3</ele><time>2024-01-01T00:56:47Z</time></trkpt>
      <trkpt lat="25.7321136" lon="100.1847725"><ele>1966.3</ele><time>2024-01-01T00:56:48Z</time></trkpt>
      <trkpt lat="25.7320977" lon="100.1847810"><ele>1966.3</ele><time>2024-01-01T00:56:49Z</time></trkpt>
      <trkpt lat="25.7320821" lon="100.1847906"><ele>1966.3</ele><time>2024-01-01T00:56:50Z</time></trkpt>
      <trkpt lat="25.7320671" lon="100.1848012"><ele>1966.3</ele><time>2024-01-01T00:56:51Z</time></trkpt>
      <trkpt lat="25.7320525" lon="100.1848122"><ele>1966.4</ele><time>2024-01-01T00:56:52Z</time></trkpt>
      <trkpt lat="25.7320381" lon="100.1848236"><ele>1966.4</ele><time>2024-01-01T00:56:53Z</time></trkpt>
      <trkpt lat="25.7320235" lon="100.1848359"><ele>1966.5</ele><time>2024-01-01T00:56:54Z</time></trkpt>
      <trkpt lat="25.7320094" lon="100.1848487"><ele>1966.5</ele><time>2024-01-01T00:56:55Z</time></trkpt>
      <trkpt lat="25.7319958" lon="100.1848617"><ele>1966.6</ele><time>2024-01-01T00:56:56Z</time></trkpt>
      <trkpt lat="25.7319829" lon="100.1848752"><ele>1966.7</ele><time>2024-01-01T00:56:57Z</time></trkpt>
      <trkpt lat="25.7319711" lon="100.1848895"><ele>1966.8</ele><time>2024-01-01T00:56:58Z</time></trkpt>
      <trkpt lat="25.7319602" lon="100.1849049"><ele>1966.8</ele><time>2024-01-01T00:56:59Z</time></trkpt>
      <trkpt lat="25.7319495" lon="100.1849211"><ele>1966.9</ele><time>2024-01-01T00:57:00Z</time></trkpt>
      <trkpt lat="25.7319393" lon="100.1849377"><ele>1967.0</ele><time>2024-01-01T00:57:01Z</time></trkpt>
      <trkpt lat="25.7319290" lon="100.1849544"><ele>1967.1</ele><time>2024-01-01T00:57:02Z</time></trkpt>
      <trkpt lat="25.7319186" lon="100.1849714"><ele>1967.2</ele><time>2024-01-01T00:57:03Z</time></trkpt>
      <trkpt lat="25.7319083" lon="100.1849889"><ele>1967.3</ele><time>2024-01-01T00:57:04Z</time></trkpt>
      <trkpt lat="25.7318980" lon="100.1850067"><ele>1967.4</ele><time>2024-01-01T00:57:05Z</time></trkpt>
      <trkpt lat="25.7318881" lon="100.1850252"><ele>1967.5</ele><time>2024-01-01T00:57:06Z</time></trkpt>
      <trkpt lat="25.7318782" lon="100.1850444"><ele>1967.5</ele><time>2024-01-01T00:57:07Z</time></trkpt>
      <trkpt lat="25.7318687" lon="100.1850636"><ele>1967.6</ele><time>2024-01-01T00:57:08Z</time></trkpt>
      <trkpt lat="25.7318603" lon="100.1850829"><ele>1967.7</ele><time>2024-01-01T00:57:09Z</time></trkpt>
      <trkpt lat="25.7318524" lon="100.1851021"><ele>1967.8</ele><time>2024-01-01T00:57:10Z</time></trkpt>
      <trkpt lat="25.7318448" lon="100.1851214"><ele>1967.9</ele><time>2024-01-01T00:57:11Z</time></trkpt>
      <trkpt lat="25.7318370" lon="100.1851406"><ele>1967.9</ele><time>2024-01-01T00:57:12Z</time></trkpt>
      <trkpt lat="25.7318292" lon="100.1851593"><ele>1968.0</ele><time>2024-01-01T00:57:13Z</time></trkpt>
      <trkpt lat="25.7318214" lon="100.1851778"><ele>1968.1</ele><time>2024-01-01T00:57:14Z</time></trkpt>
      <trkpt lat="25.7318129" lon="100.1851959"><ele>1968.1</ele><time>2024-01-01T00:57:15Z</time></trkpt>
      <trkpt lat="25.7318038" lon="100.1852137"><ele>1968.2</ele><time>2024-01-01T00:57:16Z</time></trkpt>
      <trkpt lat="25.7317946" lon="100.1852314"><ele>1968.2</ele><time>2024-01-01T00:57:17Z</time></trkpt>
      <trkpt lat="25.7317856" lon="100.1852486"><ele>1968.3</ele><time>2024-01-01T00:57:18Z</time></trkpt>
      <trkpt lat="25.7317772" lon="100.1852653"><ele>1968.3</ele><time>2024-01-01T00:57:19Z</time></trkpt>
      <trkpt lat="25.7317691" lon="100.1852817"><ele>1968.4</ele><time>2024-01-01T00:57:20Z</time></trkpt>
      <trkpt lat="25.7317612" lon="100.1852982"><ele>1968.4</ele><time>2024-01-01T00:57:21Z</time></trkpt>
      <trkpt lat="25.7317529" lon="100.1853148"><ele>1968.4</ele><time>2024-01-01T00:57:22Z</time></trkpt>
      <trkpt lat="25.7317440" lon="100.1853309"><ele>1968.4</ele><time>2024-01-01T00:57:23Z</time></trkpt>
      <trkpt lat="25.7317351" lon="100.1853467"><ele>1968.3</ele><time>2024-01-01T00:57:24Z</time></trkpt>
      <trkpt lat="25.7317261" lon="100.1853620"><ele>1968.3</ele><time>2024-01-01T00:57:25Z</time></trkpt>
      <trkpt lat="25.7317169" lon="100.1853768"><ele>1968.3</ele><time>2024-01-01T00:57:26Z</time></trkpt>
      <trkpt lat="25.7317076" lon="100.1853910"><ele>1968.3</ele><time>2024-01-01T00:57:27Z</time></trkpt>
      <trkpt lat="25.7316979" lon="100.1854046"><ele>1968.2</ele><time>2024-01-01T00:57:28Z</time></trkpt>
      <trkpt lat="25.7316883" lon="100.1854179"><ele>1968.2</ele><time>2024-01-01T00:57:29Z</time></trkpt>
      <trkpt lat="25.7316793" lon="100.1854310"><ele>1968.1</ele><time>2024-01-01T00:57:30Z</time></trkpt>
      <trkpt lat="25.7316720" lon="100.1854434"><ele>1968.1</ele><time>2024-01-01T00:57:31Z</time></trkpt>
      <trkpt lat="25.7316689" lon="100.1854547"><ele>1968.0</ele><time>2024-01-01T00:57:32Z</time></trkpt>
      <trkpt lat="25.7316720" lon="100.1854645"><ele>1967.9</ele><time>2024-01-01T00:57:33Z</time></trkpt>
      <trkpt lat="25.7316821" lon="100.1854707"><ele>1967.8</ele><time>2024-01-01T00:57:34Z</time></trkpt>
      <trkpt lat="25.7316978" lon="100.1854699"><ele>1967.8</ele><time>2024-01-01T00:57:35Z</time></trkpt>
      <trkpt lat="25.7317151" lon="100.1854605"><ele>1967.7</ele><time>2024-01-01T00:57:36Z</time></trkpt>
      <trkpt lat="25.7317309" lon="100.1854449"><ele>1967.7</ele><time>2024-01-01T00:57:37Z</time></trkpt>
      <trkpt lat="25.7317444" lon="100.1854265"><ele>1967.6</ele><time>2024-01-01T00:57:38Z</time></trkpt>
      <trkpt lat="25.7317555" lon="100.1854080"><ele>1967.6</ele><time>2024-01-01T00:57:39Z</time></trkpt>
      <trkpt lat="25.7317652" lon="100.1853899"><ele>1967.5</ele><time>2024-01-01T00:57:40Z</time></trkpt>
      <trkpt lat="25.7317747" lon="100.1853722"><ele>1967.5</ele><time>2024-01-01T00:57:41Z</time></trkpt>
      <trkpt lat="25.7317841" lon="100.1853550"><ele>1967.4</ele><time>2024-01-01T00:57:42Z</time></trkpt>
      <trkpt lat="25.7317933" lon="100.1853378"><ele>1967.4</ele><time>2024-01-01T00:57:43Z</time></trkpt>
      <trkpt lat="25.7318023" lon="100.1853209"><ele>1967.4</ele><time>2024-01-01T00:57:44Z</time></trkpt>
      <trkpt lat="25.7318108" lon="100.1853041"><ele>1967.3</ele><time>2024-01-01T00:57:45Z</time></trkpt>
      <trkpt lat="25.7318185" lon="100.1852871"><ele>1967.3</ele><time>2024-01-01T00:57:46Z</time></trkpt>
      <trkpt lat="25.7318260" lon="100.1852702"><ele>1967.3</ele><time>2024-01-01T00:57:47Z</time></trkpt>
      <trkpt lat="25.7318337" lon="100.1852535"><ele>1967.3</ele><time>2024-01-01T00:57:48Z</time></trkpt>
      <trkpt lat="25.7318421" lon="100.1852371"><ele>1967.3</ele><time>2024-01-01T00:57:49Z</time></trkpt>
      <trkpt lat="25.7318507" lon="100.1852212"><ele>1967.2</ele><time>2024-01-01T00:57:50Z</time></trkpt>
      <trkpt lat="25.7318587" lon="100.1852051"><ele>1967.2</ele><time>2024-01-01T00:57:51Z</time></trkpt>
      <trkpt lat="25.7318663" lon="100.1851890"><ele>1967.2</ele><time>2024-01-01T00:57:52Z</time></trkpt>
      <trkpt lat="25.7318739" lon="100.1851727"><ele>1967.1</ele><time>2024-01-01T00:57:53Z</time></trkpt>
      <trkpt lat="25.7318814" lon="100.1851561"><ele>1967.1</ele><time>2024-01-01T00:57:54Z</time></trkpt>
      <trkpt lat="25.7318885" lon="100.1851390"><ele>1967.1</ele><time>2024-01-01T00:57:55Z</time></trkpt>
      <trkpt lat="25.7318951" lon="100.1851214"><ele>1967.1</ele><time>2024-01-01T00:57:56Z</time></trkpt>
      <trkpt lat="25.7319021" lon="100.1851042"><ele>1967.0</ele><time>2024-01-01T00:57:57Z</time></trkpt>
      <trkpt lat="25.7319095" lon="100.1850876"><ele>1967.0</ele><time>2024-01-01T00:57:58Z</time></trkpt>
      <trkpt lat="25.7319173" lon="100.1850714"><ele>1967.0</ele><time>2024-01-01T00:57:59Z</time></trkpt>
      <trkpt lat="25.7319251" lon="100.1850553"><ele>1967.0</ele><time>2024-01-01T00:58:00Z</time></trkpt>
      <trkpt lat="25.7319329" lon="100.1850391"><ele>1967.1</ele><time>2024-01-01T00:58:01Z</time></trkpt>
      <trkpt lat="25.7319411" lon="100.1850228"><ele>1967.1</ele><time>2024-01-01T00:58:02Z</time></trkpt>
      <trkpt lat="25.7319498" lon="100.1850069"><ele>1967.1</ele><time>2024-01-01T00:58:03Z</time></trkpt>
      <trkpt lat="25.7319589" lon="100.1849910"><ele>1967.1</ele><time>2024-01-01T00:58:04Z</time></trkpt>
      <trkpt lat="25.7319679" lon="100.1849752"><ele>1967.1</ele><time>2024-01-01T00:58:05Z</time></trkpt>
      <trkpt lat="25.7319769" lon="100.1849594"><ele>1967.1</ele><time>2024-01-01T00:58:06Z</time></trkpt>
      <trkpt lat="25.7319865" lon="100.1849437"><ele>1967.1</ele><time>2024-01-01T00:58:07Z</time></trkpt>
      <trkpt lat="25.7319970" lon="100.1849288"><ele>1967.1</ele><time>2024-01-01T00:58:08Z</time></trkpt>
      <trkpt lat="25.7320084" lon="100.1849145"><ele>1967.1</ele><time>2024-01-01T00:58:09Z</time></trkpt>
      <trkpt lat="25.7320206" lon="100.1849011"><ele>1967.1</ele><time>2024-01-01T00:58:10Z</time></trkpt>
      <trkpt lat="25.7320334" lon="100.1848884"><ele>1967.1</ele><time>2024-01-01T00:58:11Z</time></trkpt>
      <trkpt lat="25.7320465" lon="100.1848759"><ele>1967.1</ele><time>2024-01-01T00:58:12Z</time></trkpt>
      <trkpt lat="25.7320598" lon="100.1848633"><ele>1967.1</ele><time>2024-01-01T00:58:13Z</time></trkpt>
      <trkpt lat="25.7320733" lon="100.1848510"><ele>1967.1</ele><time>2024-01-01T00:58:14Z</time></trkpt>
      <trkpt lat="25.7320873" lon="100.1848392"><ele>1967.0</ele><time>2024-01-01T00:58:15Z</time></trkpt>
      <trkpt lat="25.7321019" lon="100.1848279"><ele>1967.0</ele><time>2024-01-01T00:58:16Z</time></trkpt>
      <trkpt lat="25.7321167" lon="100.1848165"><ele>1967.0</ele><time>2024-01-01T00:58:17Z</time></trkpt>
      <trkpt lat="25.7321318" lon="100.1848054"><ele>1967.0</ele><time>2024-01-01T00:58:18Z</time></trkpt>
      <trkpt lat="25.7321474" lon="100.1847947"><ele>1967.0</ele><time>2024-01-01T00:58:19Z</time></trkpt>
      <trkpt lat="25.7321633" lon="100.1847843"><ele>1967.0</ele><time>2024-01-01T00:58:20Z</time></trkpt>
      <trkpt lat="25.7321792" lon="100.1847744"><ele>1967.0</ele><time>2024-01-01T00:58:21Z</time></trkpt>
      <trkpt lat="25.7321953" lon="100.1847653"><ele>1967.0</ele><time>2024-01-01T00:58:22Z</time></trkpt>
      <trkpt lat="25.7322118" lon="100.1847571"><ele>1967.0</ele><time>2024-01-01T00:58:23Z</time></trkpt>
      <trkpt lat="25.7322282" lon="100.1847496"><ele>1967.0</ele><time>2024-01-01T00:58:24Z</time></trkpt>
      <trkpt lat="25.7322445" lon="100.1847417"><ele>1967.0</ele><time>2024-01-01T00:58:25Z</time></trkpt>
      <trkpt lat="25.7322607" lon="100.1847333"><ele>1967.0</ele><time>2024-01-01T00:58:26Z</time></trkpt>
      <trkpt lat="25.7322767" lon="100.1847238"><ele>1967.0</ele><time>2024-01-01T00:58:27Z</time></trkpt>
      <trkpt lat="25.7322925" lon="100.1847132"><ele>1967.0</ele><time>2024-01-01T00:58:28Z</time></trkpt>
      <trkpt lat="25.7323076" lon="100.1847020"><ele>1967.0</ele><time>2024-01-01T00:58:29Z</time></trkpt>
      <trkpt lat="25.7323217" lon="100.1846898"><ele>1967.1</ele><time>2024-01-01T00:58:30Z</time></trkpt>
      <trkpt lat="25.7323351" lon="100.1846768"><ele>1967.1</ele><time>2024-01-01T00:58:31Z</time></trkpt>
      <trkpt lat="25.7323482" lon="100.1846631"><ele>1967.1</ele><time>2024-01-01T00:58:32Z</time></trkpt>
      <trkpt lat="25.7323609" lon="100.1846490"><ele>1967.2</ele><time>2024-01-01T00:58:33Z</time></trkpt>
      <trkpt lat="25.7323731" lon="100.1846345"><ele>1967.2</ele><time>2024-01-01T00:58:34Z</time></trkpt>
      <trkpt lat="25.7323845" lon="100.1846192"><ele>1967.2</ele><time>2024-01-01T00:58:35Z</time></trkpt>
      <trkpt lat="25.7323954" lon="100.1846032"><ele>1967.2</ele><time>2024-01-01T00:58:36Z</time></trkpt>
      <trkpt lat="25.7324060" lon="100.1845863"><ele>1967.3</ele><time>2024-01-01T00:58:37Z</time></trkpt>
      <trkpt lat="25.7324166" lon="100.1845684"><ele>1967.3</ele><time>2024-01-01T00:58:38Z</time></trkpt>
      <trkpt lat="25.7324271" lon="100.1845499"><ele>1967.3</ele><time>2024-01-01T00:58:39Z</time></trkpt>
      <trkpt lat="25.7324367" lon="100.1845307"><ele>1967.4</ele><time>2024-01-01T00:58:40Z</time></trkpt>
      <trkpt lat="25.7324460" lon="100.1845112"><ele>1967.4</ele><time>2024-01-01T00:58:41Z</time></trkpt>
      <trkpt lat="25.7324558" lon="100.1844924"><ele>1967.4</ele><time>2024-01-01T00:58:42Z</time></trkpt>
      <trkpt lat="25.7324654" lon="100.1844737"><ele>1967.5</ele><time>2024-01-01T00:58:43Z</time></trkpt>
      <trkpt lat="25.7324741" lon="100.1844547"><ele>1967.5</ele><time>2024-01-01T00:58:44Z</time></trkpt>
      <trkpt lat="25.7324816" lon="100.1844348"><ele>1967.5</ele><time>2024-01-01T00:58:45Z</time></trkpt>
      <trkpt lat="25.7324887" lon="100.1844146"><ele>1967.5</ele><time>2024-01-01T00:58:46Z</time></trkpt>
      <trkpt lat="25.7324963" lon="100.1843945"><ele>1967.5</ele><time>2024-01-01T00:58:47Z</time></trkpt>
      <trkpt lat="25.7325047" lon="100.1843746"><ele>1967.4</ele><time>2024-01-01T00:58:48Z</time></trkpt>
      <trkpt lat="25.7325142" lon="100.1843557"><ele>1967.4</ele><time>2024-01-01T00:58:49Z</time></trkpt>
      <trkpt lat="25.7325236" lon="100.1843375"><ele>1967.4</ele><time>2024-01-01T00:58:50Z</time></trkpt>
      <trkpt lat="25.7325320" lon="100.1843196"><ele>1967.3</ele><time>2024-01-01T00:58:51Z</time></trkpt>
      <trkpt lat="25.7325392" lon="100.1843018"><ele>1967.3</ele><time>2024-01-01T00:58:52Z</time></trkpt>
      <trkpt lat="25.7325450" lon="100.1842834"><ele>1967.3</ele><time>2024-01-01T00:58:53Z</time></trkpt>
      <trkpt lat="25.7325500" lon="100.1842651"><ele>1967.2</ele><time>2024-01-01T00:58:54Z</time></trkpt>
      <trkpt lat="25.7325542" lon="100.1842470"><ele>1967.2</ele><time>2024-01-01T00:58:55Z</time></trkpt>
      <trkpt lat="25.7325580" lon="100.1842289"><ele>1967.2</ele><time>2024-01-01T00:58:56Z</time></trkpt>
      <trkpt lat="25.7325613" lon="100.1842106"><ele>1967.1</ele><time>2024-01-01T00:58:57Z</time></trkpt>
      <trkpt lat="25.7325637" lon="100.1841913"><ele>1967.1</ele><time>2024-01-01T00:58:58Z</time></trkpt>
      <trkpt lat="25.7325659" lon="100.1841714"><ele>1967.1</ele><time>2024-01-01T00:58:59Z</time></trkpt>
      <trkpt lat="25.7325683" lon="100.1841514"><ele>1967.1</ele><time>2024-01-01T00:59:00Z</time></trkpt>
      <trkpt lat="25.7325703" lon="100.1841314"><ele>1967.0</ele><time>2024-01-01T00:59:01Z</time></trkpt>
      <trkpt lat="25.7325725" lon="100.1841112"><ele>1967.1</ele><time>2024-01-01T00:59:02Z</time></trkpt>
      <trkpt lat="25.7325749" lon="100.1840905"><ele>1967.1</ele><time>2024-01-01T00:59:03Z</time></trkpt>
      <trkpt lat="25.7325771" lon="100.1840695"><ele>1967.1</ele><time>2024-01-01T00:59:04Z</time></trkpt>
      <trkpt lat="25.7325789" lon="100.1840485"><ele>1967.2</ele><time>2024-01-01T00:59:05Z</time></trkpt>
      <trkpt lat="25.7325802" lon="100.1840275"><ele>1967.3</ele><time>2024-01-01T00:59:06Z</time></trkpt>
      <trkpt lat="25.7325819" lon="100.1840065"><ele>1967.3</ele><time>2024-01-01T00:59:07Z</time></trkpt>
      <trkpt lat="25.7325836" lon="100.1839855"><ele>1967.4</ele><time>2024-01-01T00:59:08Z</time></trkpt>
      <trkpt lat="25.7325856" lon="100.1839642"><ele>1967.5</ele><time>2024-01-01T00:59:09Z</time></trkpt>
      <trkpt lat="25.7325878" lon="100.1839424"><ele>1967.7</ele><time>2024-01-01T00:59:10Z</time></trkpt>
      <trkpt lat="25.7325898" lon="100.1839201"><ele>1967.8</ele><time>2024-01-01T00:59:11Z</time></trkpt>
      <trkpt lat="25.7325918" lon="100.1838979"><ele>1967.9</ele><time>2024-01-01T00:59:12Z</time></trkpt>
      <trkpt lat="25.7325940" lon="100.1838758"><ele>1968.0</ele><time>2024-01-01T00:59:13Z</time></trkpt>
      <trkpt lat="25.7325960" lon="100.1838541"><ele>1968.1</ele><time>2024-01-01T00:59:14Z</time></trkpt>
      <trkpt lat="25.7325968" lon="100.1838325"><ele>1968.2</ele><time>2024-01-01T00:59:15Z</time></trkpt>
      <trkpt lat="25.7325968" lon="100.1838106"><ele>1968.2</ele><time>2024-01-01T00:59:16Z</time></trkpt>
      <trkpt lat="25.7325974" lon="100.1837887"><ele>1968.3</ele><time>2024-01-01T00:59:17Z</time></trkpt>
      <trkpt lat="25.7325985" lon="100.1837669"><ele>1968.3</ele><time>2024-01-01T00:59:18Z</time></trkpt>
      <trkpt lat="25.7326001" lon="100.1837456"><ele>1968.3</ele><time>2024-01-01T00:59:19Z</time></trkpt>
      <trkpt lat="25.7326022" lon="100.1837248"><ele>1968.3</ele><time>2024-01-01T00:59:20Z</time></trkpt>
      <trkpt lat="25.7326044" lon="100.1837041"><ele>1968.3</ele><time>2024-01-01T00:59:21Z</time></trkpt>
      <trkpt lat="25.7326062" lon="100.1836832"><ele>1968.4</ele><time>2024-01-01T00:59:22Z</time></trkpt>
      <trkpt lat="25.7326080" lon="100.1836622"><ele>1968.4</ele><time>2024-01-01T00:59:23Z</time></trkpt>
      <trkpt lat="25.7326104" lon="100.1836414"><ele>1968.4</ele><time>2024-01-01T00:59:24Z</time></trkpt>
      <trkpt lat="25.7326131" lon="100.1836209"><ele>1968.4</ele><time>2024-01-01T00:59:25Z</time></trkpt>
      <trkpt lat="25.7326160" lon="100.1836004"><ele>1968.5</ele><time>2024-01-01T00:59:26Z</time></trkpt>
      <trkpt lat="25.7326187" lon="100.1835805"><ele>1968.5</ele><time>2024-01-01T00:59:27Z</time></trkpt>
      <trkpt lat="25.7326213" lon="100.1835610"><ele>1968.6</ele><time>2024-01-01T00:59:28Z</time></trkpt>
      <trkpt lat="25.7326241" lon="100.1835416"><ele>1968.7</ele><time>2024-01-01T00:59:29Z</time></trkpt>
      <trkpt lat="25.7326266" lon="100.1835224"><ele>1968.8</ele><time>2024-01-01T00:59:30Z</time></trkpt>
      <trkpt lat="25.7326285" lon="100.1835033"><ele>1968.9</ele><time>2024-01-01T00:59:31Z</time></trkpt>
      <trkpt lat="25.7326301" lon="100.1834844"><ele>1969.0</ele><time>2024-01-01T00:59:32Z</time></trkpt>
      <trkpt lat="25.7326313" lon="100.1834657"><ele>1969.2</ele><time>2024-01-01T00:59:33Z</time></trkpt>
      <trkpt lat="25.7326316" lon="100.1834471"><ele>1969.4</ele><time>2024-01-01T00:59:34Z</time></trkpt>
      <trkpt lat="25.7326307" lon="100.1834288"><ele>1969.5</ele><time>2024-01-01T00:59:35Z</time></trkpt>
      <trkpt lat="25.7326287" lon="100.1834108"><ele>1969.6</ele><time>2024-01-01T00:59:36Z</time></trkpt>
      <trkpt lat="25.7326260" lon="100.1833934"><ele>1969.8</ele><time>2024-01-01T00:59:37Z</time></trkpt>
      <trkpt lat="25.7326227" lon="100.1833760"><ele>1969.9</ele><time>2024-01-01T00:59:38Z</time></trkpt>
      <trkpt lat="25.7326188" lon="100.1833582"><ele>1970.0</ele><time>2024-01-01T00:59:39Z</time></trkpt>
      <trkpt lat="25.7326148" lon="100.1833403"><ele>1970.1</ele><time>2024-01-01T00:59:40Z</time></trkpt>
      <trkpt lat="25.7326107" lon="100.1833228"><ele>1970.2</ele><time>2024-01-01T00:59:41Z</time></trkpt>
      <trkpt lat="25.7326067" lon="100.1833059"><ele>1970.2</ele><time>2024-01-01T00:59:42Z</time></trkpt>
      <trkpt lat="25.7326021" lon="100.1832895"><ele>1970.2</ele><time>2024-01-01T00:59:43Z</time></trkpt>
      <trkpt lat="25.7325967" lon="100.1832731"><ele>1970.2</ele><time>2024-01-01T00:59:44Z</time></trkpt>
      <trkpt lat="25.7325911" lon="100.1832569"><ele>1970.2</ele><time>2024-01-01T00:59:45Z</time></trkpt>
      <trkpt lat="25.7325852" lon="100.1832405"><ele>1970.1</ele><time>2024-01-01T00:59:46Z</time></trkpt>
      <trkpt lat="25.7325790" lon="100.1832244"><ele>1970.1</ele><time>2024-01-01T00:59:47Z</time></trkpt>
      <trkpt lat="25.7325720" lon="100.1832088"><ele>1970.0</ele><time>2024-01-01T00:59:48Z</time></trkpt>
      <trkpt lat="25.7325643" lon="100.1831936"><ele>1969.9</ele><time>2024-01-01T00:59:49Z</time></trkpt>
      <trkpt lat="25.7325564" lon="100.1831783"><ele>1969.8</ele><time>2024-01-01T00:59:50Z</time></trkpt>
      <trkpt lat="25.7325482" lon="100.1831627"><ele>1969.6</ele><time>2024-01-01T00:59:51Z</time></trkpt>
      <trkpt lat="25.7325402" lon="100.1831466"><ele>1969.5</ele><time>2024-01-01T00:59:52Z</time></trkpt>
      <trkpt lat="25.7325329" lon="100.1831299"><ele>1969.4</ele><time>2024-01-01T00:59:53Z</time></trkpt>
      <trkpt lat="25.7325260" lon="100.1831124"><ele>1969.2</ele><time>2024-01-01T00:59:54Z</time></trkpt>
      <trkpt lat="25.7325195" lon="100.1830948"><ele>1969.1</ele><time>2024-01-01T00:59:55Z</time></trkpt>
      <trkpt lat="25.7325130" lon="100.1830771"><ele>1968.9</ele><time>2024-01-01T00:59:56Z</time></trkpt>
      <trkpt lat="25.7325065" lon="100.1830593"><ele>1968.8</ele><time>2024-01-01T00:59:57Z</time></trkpt>
      <trkpt lat="25.7325001" lon="100.1830413"><ele>1968.6</ele><time>2024-01-01T00:59:58Z</time></trkpt>
      <trkpt lat="25.7324938" lon="100.1830231"><ele>1968.5</ele><time>2024-01-01T00:59:59Z</time></trkpt>
      <trkpt lat="25.7324877" lon="100.1830047"><ele>1968.3</ele><time>2024-01-01T01:00:00Z</time></trkpt>
      <trkpt lat="25.7324818" lon="100.1829863"><ele>1968.2</ele><time>2024-01-01T01:00:01Z</time></trkpt>
      <trkpt lat="25.7324754" lon="100.1829680"><ele>1968.1</ele><time>2024-01-01T01:00:02Z</time></trkpt>
      <trkpt lat="25.7324689" lon="100.1829498"><ele>1968.0</ele><time>2024-01-01T01:00:03Z</time></trkpt>
      <trkpt lat="25.7324622" lon="100.1829316"><ele>1967.8</ele><time>2024-01-01T01:00:04Z</time></trkpt>
      <trkpt lat="25.7324556" lon="100.1829129"><ele>1967.7</ele><time>2024-01-01T01:00:05Z</time></trkpt>
      <trkpt lat="25.7324496" lon="100.1828934"><ele>1967.6</ele><time>2024-01-01T01:00:06Z</time></trkpt>
      <trkpt lat="25.7324443" lon="100.1828733"><ele>1967.6</ele><time>2024-01-01T01:00:07Z</time></trkpt>
      <trkpt lat="25.7324395" lon="100.1828532"><ele>1967.5</ele><time>2024-01-01T01:00:08Z</time></trkpt>
      <trkpt lat="25.7324343" lon="100.1828339"><ele>1967.4</ele><time>2024-01-01T01:00:09Z</time></trkpt>
      <trkpt lat="25.7324287" lon="100.1828153"><ele>1967.4</ele><time>2024-01-01T01:00:10Z</time></trkpt>
      <trkpt lat="25.7324228" lon="100.1827968"><ele>1967.3</ele><time>2024-01-01T01:00:11Z</time></trkpt>
      <trkpt lat="25.7324176" lon="100.1827781"><ele>1967.3</ele><time>2024-01-01T01:00:12Z</time></trkpt>
      <trkpt lat="25.7324133" lon="100.1827592"><ele>1967.3</ele><time>2024-01-01T01:00:13Z</time></trkpt>
      <trkpt lat="25.7324093" lon="100.1827401"><ele>1967.3</ele><time>2024-01-01T01:00:14Z</time></trkpt>
      <trkpt lat="25.7324054" lon="100.1827207"><ele>1967.3</ele><time>2024-01-01T01:00:15Z</time></trkpt>
      <trkpt lat="25.7324016" lon="100.1827015"><ele>1967.4</ele><time>2024-01-01T01:00:16Z</time></trkpt>
      <trkpt lat="25.7323979" lon="100.1826826"><ele>1967.4</ele><time>2024-01-01T01:00:17Z</time></trkpt>
      <trkpt lat="25.7323946" lon="100.1826638"><ele>1967.5</ele><time>2024-01-01T01:00:18Z</time></trkpt>
      <trkpt lat="25.7323916" lon="100.1826446"><ele>1967.5</ele><time>2024-01-01T01:00:19Z</time></trkpt>
      <trkpt lat="25.7323893" lon="100.1826248"><ele>1967.6</ele><time>2024-01-01T01:00:20Z</time></trkpt>
      <trkpt lat="25.7323872" lon="100.1826048"><ele>1967.7</ele><time>2024-01-01T01:00:21Z</time></trkpt>
      <trkpt lat="25.7323849" lon="100.1825847"><ele>1967.8</ele><time>2024-01-01T01:00:22Z</time></trkpt>
      <trkpt lat="25.7323829" lon="100.1825650"><ele>1967.8</ele><time>2024-01-01T01:00:23Z</time></trkpt>
      <trkpt lat="25.7323812" lon="100.1825454"><ele>1967.9</ele><time>2024-01-01T01:00:24Z</time></trkpt>
      <trkpt lat="25.7323798" lon="100.1825256"><ele>1968.0</ele><time>2024-01-01T01:00:25Z</time></trkpt>
      <trkpt lat="25.7323784" lon="100.1825056"><ele>1968.1</ele><time>2024-01-01T01:00:26Z</time></trkpt>
      <trkpt lat="25.7323772" lon="100.1824854"><ele>1968.1</ele><time>2024-01-01T01:00:27Z</time></trkpt>
      <trkpt lat="25.7323764" lon="100.1824652"><ele>1968.2</ele><time>2024-01-01T01:00:28Z</time></trkpt>
      <trkpt lat="25.7323757" lon="100.1824450"><ele>1968.2</ele><time>2024-01-01T01:00:29Z</time></trkpt>
      <trkpt lat="25.7323752" lon="100.1824246"><ele>1968.3</ele><time>2024-01-01T01:00:30Z</time></trkpt>
      <trkpt lat="25.7323750" lon="100.1824041"><ele>1968.3</ele><time>2024-01-01T01:00:31Z</time></trkpt>
      <trkpt lat="25.7323748" lon="100.1823833"><ele>1968.3</ele><time>2024-01-01T01:00:32Z</time></trkpt>
      <trkpt lat="25.7323744" lon="100.1823626"><ele>1968.3</ele><time>2024-01-01T01:00:33Z</time></trkpt>
      <trkpt lat="25.7323741" lon="100.1823419"><ele>1968.3</ele><time>2024-01-01T01:00:34Z</time></trkpt>
      <trkpt lat="25.7323742" lon="100.1823211"><ele>1968.3</ele><time>2024-01-01T01:00:35Z</time></trkpt>
      <trkpt lat="25.7323749" lon="100.1823002"><ele>1968.3</ele><time>2024-01-01T01:00:36Z</time></trkpt>
      <trkpt lat="25.7323762" lon="100.1822791"><ele>1968.3</ele><time>2024-01-01T01:00:37Z</time></trkpt>
      <trkpt lat="25.7323776" lon="100.1822584"><ele>1968.2</ele><time>2024-01-01T01:00:38Z</time></trkpt>
      <trkpt lat="25.7323789" lon="100.1822381"><ele>1968.2</ele><time>2024-01-01T01:00:39Z</time></trkpt>
      <trkpt lat="25.7323802" lon="100.1822181"><ele>1968.2</ele><time>2024-01-01T01:00:40Z</time></trkpt>
      <trkpt lat="25.7323824" lon="100.1821982"><ele>1968.1</ele><time>2024-01-01T01:00:41Z</time></trkpt>
      <trkpt lat="25.7323855" lon="100.1821783"><ele>1968.1</ele><time>2024-01-01T01:00:42Z</time></trkpt>
      <trkpt lat="25.7323891" lon="100.1821585"><ele>1968.0</ele><time>2024-01-01T01:00:43Z</time></trkpt>
      <trkpt lat="25.7323925" lon="100.1821387"><ele>1968.0</ele><time>2024-01-01T01:00:44Z</time></trkpt>
      <trkpt lat="25.7323956" lon="100.1821186"><ele>1968.0</ele><time>2024-01-01T01:00:45Z</time></trkpt>
      <trkpt lat="25.7323986" lon="100.1820984"><ele>1967.9</ele><time>2024-01-01T01:00:46Z</time></trkpt>
      <trkpt lat="25.7324021" lon="100.1820781"><ele>1967.9</ele><time>2024-01-01T01:00:47Z</time></trkpt>
      <trkpt lat="25.7324060" lon="100.1820580"><ele>1967.8</ele><time>2024-01-01T01:00:48Z</time></trkpt>
      <trkpt lat="25.7324098" lon="100.1820381"><ele>1967.8</ele><time>2024-01-01T01:00:49Z</time></trkpt>
      <trkpt lat="25.7324139" lon="100.1820182"><ele>1967.7</ele><time>2024-01-01T01:00:50Z</time></trkpt>
      <trkpt lat="25.7324186" lon="100.1819986"><ele>1967.7</ele><time>2024-01-01T01:00:51Z</time></trkpt>
      <trkpt lat="25.7324236" lon="100.1819789"><ele>1967.6</ele><time>2024-01-01T01:00:52Z</time></trkpt>
      <trkpt lat="25.7324288" lon="100.1819591"><ele>1967.6</ele><time>2024-01-01T01:00:53Z</time></trkpt>
      <trkpt lat="25.7324338" lon="100.1819395"><ele>1967.6</ele><time>2024-01-01T01:00:54Z</time></trkpt>
      <trkpt lat="25.7324384" lon="100.1819199"><ele>1967.6</ele><time>2024-01-01T01:00:55Z</time></trkpt>
      <trkpt lat="25.7324436" lon="100.1819006"><ele>1967.6</ele><time>2024-01-01T01:00:56Z</time></trkpt>
      <trkpt lat="25.7324496" lon="100.1818817"><ele>1967.6</ele><time>2024-01-01T01:00:57Z</time></trkpt>
      <trkpt lat="25.7324558" lon="100.1818629"><ele>1967.6</ele><time>2024-01-01T01:00:58Z</time></trkpt>
      <trkpt lat="25.7324616" lon="100.1818444"><ele>1967.6</ele><time>2024-01-01T01:00:59Z</time></trkpt>
      <trkpt lat="25.7324673" lon="100.1818258"><ele>1967.6</ele><time>2024-01-01T01:01:00Z</time></trkpt>
      <trkpt lat="25.7324734" lon="100.1818075"><ele>1967.6</ele><time>2024-01-01T01:01:01Z</time></trkpt>
      <trkpt lat="25.7324807" lon="100.1817901"><ele>1967.5</ele><time>2024-01-01T01:01:02Z</time></trkpt>
      <trkpt lat="25.7324885" lon="100.1817734"><ele>1967.4</ele><time>2024-01-01T01:01:03Z</time></trkpt>
      <trkpt lat="25.7324949" lon="100.1817564"><ele>1967.3</ele><time>2024-01-01T01:01:04Z</time></trkpt>
      <trkpt lat="25.7324997" lon="100.1817390"><ele>1967.2</ele><time>2024-01-01T01:01:05Z</time></trkpt>
      <trkpt lat="25.7325045" lon="100.1817212"><ele>1967.1</ele><time>2024-01-01T01:01:06Z</time></trkpt>
      <trkpt lat="25.7325099" lon="100.1817039"><ele>1967.0</ele><time>2024-01-01T01:01:07Z</time></trkpt>
      <trkpt lat="25.7325160" lon="100.1816868"><ele>1966.9</ele><time>2024-01-01T01:01:08Z</time></trkpt>
      <trkpt lat="25.7325221" lon="100.1816695"><ele>1966.7</ele><time>2024-01-01T01:01:09Z</time></trkpt>
      <trkpt lat="25.7325274" lon="100.1816517"><ele>1966.6</ele><time>2024-01-01T01:01:10Z</time></trkpt>
      <trkpt lat="25.7325320" lon="100.1816334"><ele>1966.5</ele><time>2024-01-01T01:01:11Z</time></trkpt>
      <trkpt lat="25.7325367" lon="100.1816149"><ele>1966.3</ele><time>2024-01-01T01:01:12Z</time></trkpt>
      <trkpt lat="25.7325421" lon="100.1815961"><ele>1966.2</ele><time>2024-01-01T01:01:13Z</time></trkpt>
      <trkpt lat="25.7325483" lon="100.1815771"><ele>1966.1</ele><time>2024-01-01T01:01:14Z</time></trkpt>
      <trkpt lat="25.7325550" lon="100.1815579"><ele>1966.0</ele><time>2024-01-01T01:01:15Z</time></trkpt>
      <trkpt lat="25.7325620" lon="100.1815380"><ele>1965.9</ele><time>2024-01-01T01:01:16Z</time></trkpt>
      <trkpt lat="25.7325693" lon="100.1815181"><ele>1965.8</ele><time>2024-01-01T01:01:17Z</time></trkpt>
      <trkpt lat="25.7325762" lon="100.1814984"><ele>1965.7</ele><time>2024-01-01T01:01:18Z</time></trkpt>
      <trkpt lat="25.7325829" lon="100.1814788"><ele>1965.6</ele><time>2024-01-01T01:01:19Z</time></trkpt>
      <trkpt lat="25.7325900" lon="100.1814593"><ele>1965.5</ele><time>2024-01-01T01:01:20Z</time></trkpt>
      <trkpt lat="25.7325968" lon="100.1814399"><ele>1965.4</ele><time>2024-01-01T01:01:21Z</time></trkpt>
      <trkpt lat="25.7326038" lon="100.1814204"><ele>1965.3</ele><time>2024-01-01T01:01:22Z</time></trkpt>
      <trkpt lat="25.7326109" lon="100.1814009"><ele>1965.3</ele><time>2024-01-01T01:01:23Z</time></trkpt>
      <trkpt lat="25.7326177" lon="100.1813816"><ele>1965.2</ele><time>2024-01-01T01:01:24Z</time></trkpt>
      <trkpt lat="25.7326245" lon="100.1813631"><ele>1965.2</ele><time>2024-01-01T01:01:25Z</time></trkpt>
      <trkpt lat="25.7326312" lon="100.1813450"><ele>1965.1</ele><time>2024-01-01T01:01:26Z</time></trkpt>
      <trkpt lat="25.7326378" lon="100.1813268"><ele>1965.1</ele><time>2024-01-01T01:01:27Z</time></trkpt>
      <trkpt lat="25.7326440" lon="100.1813088"><ele>1965.1</ele><time>2024-01-01T01:01:28Z</time></trkpt>
      <trkpt lat="25.7326496" lon="100.1812910"><ele>1965.1</ele><time>2024-01-01T01:01:29Z</time></trkpt>
      <trkpt lat="25.7326547" lon="100.1812731"><ele>1965.1</ele><time>2024-01-01T01:01:30Z</time></trkpt>
      <trkpt lat="25.7326596" lon="100.1812552"><ele>1965.1</ele><time>2024-01-01T01:01:31Z</time></trkpt>
      <trkpt lat="25.7326645" lon="100.1812373"><ele>1965.1</ele><time>2024-01-01T01:01:32Z</time></trkpt>
      <trkpt lat="25.7326689" lon="100.1812192"><ele>1965.1</ele><time>2024-01-01T01:01:33Z</time></trkpt>
      <trkpt lat="25.7326727" lon="100.1812007"><ele>1965.1</ele><time>2024-01-01T01:01:34Z</time></trkpt>
      <trkpt lat="25.7326767" lon="100.1811823"><ele>1965.1</ele><time>2024-01-01T01:01:35Z</time></trkpt>
      <trkpt lat="25.7326811" lon="100.1811646"><ele>1965.1</ele><time>2024-01-01T01:01:36Z</time></trkpt>
      <trkpt lat="25.7326858" lon="100.1811470"><ele>1965.1</ele><time>2024-01-01T01:01:37Z</time></trkpt>
      <trkpt lat="25.7326908" lon="100.1811293"><ele>1965.1</ele><time>2024-01-01T01:01:38Z</time></trkpt>
      <trkpt lat="25.7326955" lon="100.1811111"><ele>1965.2</ele><time>2024-01-01T01:01:39Z</time></trkpt>
      <trkpt lat="25.7326998" lon="100.1810927"><ele>1965.2</ele><time>2024-01-01T01:01:40Z</time></trkpt>
      <trkpt lat="25.7327042" lon="100.1810744"><ele>1965.2</ele><time>2024-01-01T01:01:41Z</time></trkpt>
      <trkpt lat="25.7327090" lon="100.1810561"><ele>1965.3</ele><time>2024-01-01T01:01:42Z</time></trkpt>
      <trkpt lat="25.7327134" lon="100.1810378"><ele>1965.3</ele><time>2024-01-01T01:01:43Z</time></trkpt>
      <trkpt lat="25.7327173" lon="100.1810194"><ele>1965.4</ele><time>2024-01-01T01:01:44Z</time></trkpt>
      <trkpt lat="25.7327211" lon="100.1810009"><ele>1965.4</ele><time>2024-01-01T01:01:45Z</time></trkpt>
      <trkpt lat="25.7327247" lon="100.1809825"><ele>1965.5</ele><time>2024-01-01T01:01:46Z</time></trkpt>
      <trkpt lat="25.7327282" lon="100.1809641"><ele>1965.6</ele><time>2024-01-01T01:01:47Z</time></trkpt>
      <trkpt lat="25.7327323" lon="100.1809459"><ele>1965.7</ele><time>2024-01-01T01:01:48Z</time></trkpt>
      <trkpt lat="25.7327364" lon="100.1809280"><ele>1965.8</ele><time>2024-01-01T01:01:49Z</time></trkpt>
      <trkpt lat="25.7327404" lon="100.1809101"><ele>1966.0</ele><time>2024-01-01T01:01:50Z</time></trkpt>
      <trkpt lat="25.7327444" lon="100.1808922"><ele>1966.1</ele><time>2024-01-01T01:01:51Z</time></trkpt>
      <trkpt lat="25.7327481" lon="100.1808741"><ele>1966.2</ele><time>2024-01-01T01:01:52Z</time></trkpt>
      <trkpt lat="25.7327514" lon="100.1808560"><ele>1966.4</ele><time>2024-01-01T01:01:53Z</time></trkpt>
      <trkpt lat="25.7327545" lon="100.1808380"><ele>1966.5</ele><time>2024-01-01T01:01:54Z</time></trkpt>
      <trkpt lat="25.7327574" lon="100.1808197"><ele>1966.6</ele><time>2024-01-01T01:01:55Z</time></trkpt>
      <trkpt lat="25.7327603" lon="100.1808013"><ele>1966.8</ele><time>2024-01-01T01:01:56Z</time></trkpt>
      <trkpt lat="25.7327635" lon="100.1807827"><ele>1966.9</ele><time>2024-01-01T01:01:57Z</time></trkpt>
      <trkpt lat="25.7327661" lon="100.1807637"><ele>1967.0</ele><time>2024-01-01T01:01:58Z</time></trkpt>
      <trkpt lat="25.7327682" lon="100.1807443"><ele>1967.1</ele><time>2024-01-01T01:01:59Z</time></trkpt>
      <trkpt lat="25.7327704" lon="100.1807247"><ele>1967.2</ele><time>2024-01-01T01:02:00Z</time></trkpt>
      <trkpt lat="25.7327735" lon="100.1807049"><ele>1967.2</ele><time>2024-01-01T01:02:01Z</time></trkpt>
      <trkpt lat="25.7327771" lon="100.1806851"><ele>1967.3</ele><time>2024-01-01T01:02:02Z</time></trkpt>
      <trkpt lat="25.7327806" lon="100.1806652"><ele>1967.4</ele><time>2024-01-01T01:02:03Z</time></trkpt>
      <trkpt lat="25.7327838" lon="100.1806457"><ele>1967.4</ele><time>2024-01-01T01:02:04Z</time></trkpt>
      <trkpt lat="25.7327864" lon="100.1806264"><ele>1967.5</ele><time>2024-01-01T01:02:05Z</time></trkpt>
      <trkpt lat="25.7327885" lon="100.1806074"><ele>1967.4</ele><time>2024-01-01T01:02:06Z</time></trkpt>
      <trkpt lat="25.7327907" lon="100.1805886"><ele>1967.4</ele><time>2024-01-01T01:02:07Z</time></trkpt>
      <trkpt lat="25.7327931" lon="100.1805696"><ele>1967.4</ele><time>2024-01-01T01:02:08Z</time></trkpt>
      <trkpt lat="25.7327960" lon="100.1805507"><ele>1967.3</ele><time>2024-01-01T01:02:09Z</time></trkpt>
      <trkpt lat="25.7327985" lon="100.1805320"><ele>1967.2</ele><time>2024-01-01T01:02:10Z</time></trkpt>
      <trkpt lat="25.7328008" lon="100.1805132"><ele>1967.2</ele><time>2024-01-01T01:02:11Z</time></trkpt>
      <trkpt lat="25.7328032" lon="100.1804945"><ele>1967.1</ele><time>2024-01-01T01:02:12Z</time></trkpt>
      <trkpt lat="25.7328058" lon="100.1804757"><ele>1967.0</ele><time>2024-01-01T01:02:13Z</time></trkpt>
      <trkpt lat="25.7328086" lon="100.1804569"><ele>1966.9</ele><time>2024-01-01T01:02:14Z</time></trkpt>
      <trkpt lat="25.7328109" lon="100.1804377"><ele>1966.8</ele><time>2024-01-01T01:02:15Z</time></trkpt>
      <trkpt lat="25.7328129" lon="100.1804182"><ele>1966.7</ele><time>2024-01-01T01:02:16Z</time></trkpt>
      <trkpt lat="25.7328154" lon="100.1803988"><ele>1966.6</ele><time>2024-01-01T01:02:17Z</time></trkpt>
      <trkpt lat="25.7328181" lon="100.1803796"><ele>1966.5</ele><time>2024-01-01T01:02:18Z</time></trkpt>
      <trkpt lat="25.7328206" lon="100.1803607"><ele>1966.4</ele><time>2024-01-01T01:02:19Z</time></trkpt>
      <trkpt lat="25.7328222" lon="100.1803419"><ele>1966.4</ele><time>2024-01-01T01:02:20Z</time></trkpt>
      <trkpt lat="25.7328225" lon="100.1803228"><ele>1966.3</ele><time>2024-01-01T01:02:21Z</time></trkpt>
      <trkpt lat="25.7328228" lon="100.1803031"><ele>1966.3</ele><time>2024-01-01T01:02:22Z</time></trkpt>
      <trkpt lat="25.7328242" lon="100.1802826"><ele>1966.3</ele><time>2024-01-01T01:02:23Z</time></trkpt>
      <trkpt lat="25.7328276" lon="100.1802618"><ele>1966.3</ele><time>2024-01-01T01:02:24Z</time></trkpt>
      <trkpt lat="25.7328335" lon="100.1802410"><ele>1966.3</ele><time>2024-01-01T01:02:25Z</time></trkpt>
      <trkpt lat="25.7328403" lon="100.1802202"><ele>1966.2</ele><time>2024-01-01T01:02:26Z</time></trkpt>
      <trkpt lat="25.7328463" lon="100.1801989"><ele>1966.2</ele><time>2024-01-01T01:02:27Z</time></trkpt>
      <trkpt lat="25.7328512" lon="100.1801772"><ele>1966.2</ele><time>2024-01-01T01:02:28Z</time></trkpt>
      <trkpt lat="25.7328551" lon="100.1801559"><ele>1966.3</ele><time>2024-01-01T01:02:29Z</time></trkpt>
      <trkpt lat="25.7328582" lon="100.1801356"><ele>1966.3</ele><time>2024-01-01T01:02:30Z</time></trkpt>
      <trkpt lat="25.7328608" lon="100.1801155"><ele>1966.4</ele><time>2024-01-01T01:02:31Z</time></trkpt>
      <trkpt lat="25.7328633" lon="100.1800954"><ele>1966.5</ele><time>2024-01-01T01:02:32Z</time></trkpt>
      <trkpt lat="25.7328660" lon="100.1800751"><ele>1966.6</ele><time>2024-01-01T01:02:33Z</time></trkpt>
      <trkpt lat="25.7328695" lon="100.1800547"><ele>1966.7</ele><time>2024-01-01T01:02:34Z</time></trkpt>
      <trkpt lat="25.7328740" lon="100.1800347"><ele>1966.8</ele><time>2024-01-01T01:02:35Z</time></trkpt>
      <trkpt lat="25.7328793" lon="100.1800151"><ele>1967.0</ele><time>2024-01-01T01:02:36Z</time></trkpt>
      <trkpt lat="25.7328855" lon="100.1799961"><ele>1967.1</ele><time>2024-01-01T01:02:37Z</time></trkpt>
      <trkpt lat="25.7328918" lon="100.1799773"><ele>1967.2</ele><time>2024-01-01T01:02:38Z</time></trkpt>
      <trkpt lat="25.7328980" lon="100.1799585"><ele>1967.3</ele><time>2024-01-01T01:02:39Z</time></trkpt>
      <trkpt lat="25.7329053" lon="100.1799402"><ele>1967.4</ele><time>2024-01-01T01:02:40Z</time></trkpt>
      <trkpt lat="25.7329138" lon="100.1799221"><ele>1967.6</ele><time>2024-01-01T01:02:41Z</time></trkpt>
      <trkpt lat="25.7329228" lon="100.1799040"><ele>1967.7</ele><time>2024-01-01T01:02:42Z</time></trkpt>
      <trkpt lat="25.7329314" lon="100.1798854"><ele>1967.9</ele><time>2024-01-01T01:02:43Z</time></trkpt>
      <trkpt lat="25.7329397" lon="100.1798663"><ele>1968.0</ele><time>2024-01-01T01:02:44Z</time></trkpt>
      <trkpt lat="25.7329492" lon="100.1798473"><ele>1968.1</ele><time>2024-01-01T01:02:45Z</time></trkpt>
      <trkpt lat="25.7329598" lon="100.1798286"><ele>1968.3</ele><time>2024-01-01T01:02:46Z</time></trkpt>
      <trkpt lat="25.7329705" lon="100.1798100"><ele>1968.4</ele><time>2024-01-01T01:02:47Z</time></trkpt>
      <trkpt lat="25.7329821" lon="100.1797919"><ele>1968.5</ele><time>2024-01-01T01:02:48Z</time></trkpt>
      <trkpt lat="25.7329943" lon="100.1797740"><ele>1968.6</ele><time>2024-01-01T01:02:49Z</time></trkpt>
      <trkpt lat="25.7330054" lon="100.1797559"><ele>1968.7</ele><time>2024-01-01T01:02:50Z</time></trkpt>
      <trkpt lat="25.7330152" lon="100.1797376"><ele>1968.7</ele><time>2024-01-01T01:02:51Z</time></trkpt>
      <trkpt lat="25.7330246" lon="100.1797193"><ele>1968.8</ele><time>2024-01-01T01:02:52Z</time></trkpt>
      <trkpt lat="25.7330343" lon="100.1797013"><ele>1968.8</ele><time>2024-01-01T01:02:53Z</time></trkpt>
      <trkpt lat="25.7330450" lon="100.1796834"><ele>1968.8</ele><time>2024-01-01T01:02:54Z</time></trkpt>
      <trkpt lat="25.7330562" lon="100.1796657"><ele>1968.8</ele><time>2024-01-01T01:02:55Z</time></trkpt>
      <trkpt lat="25.7330673" lon="100.1796481"><ele>1968.8</ele><time>2024-01-01T01:02:56Z</time></trkpt>
      <trkpt lat="25.7330784" lon="100.1796308"><ele>1968.7</ele><time>2024-01-01T01:02:57Z</time></trkpt>
      <trkpt lat="25.7330895" lon="100.1796139"><ele>1968.7</ele><time>2024-01-01T01:02:58Z</time></trkpt>
      <trkpt lat="25.7331004" lon="100.1795973"><ele>1968.6</ele><time>2024-01-01T01:02:59Z</time></trkpt>
      <trkpt lat="25.7331114" lon="100.1795808"><ele>1968.5</ele><time>2024-01-01T01:03:00Z</time></trkpt>
      <trkpt lat="25.7331231" lon="100.1795649"><ele>1968.4</ele><time>2024-01-01T01:03:01Z</time></trkpt>
      <trkpt lat="25.7331345" lon="100.1795490"><ele>1968.4</ele><time>2024-01-01T01:03:02Z</time></trkpt>
      <trkpt lat="25.7331444" lon="100.1795326"><ele>1968.3</ele><time>2024-01-01T01:03:03Z</time></trkpt>
      <trkpt lat="25.7331531" lon="100.1795156"><ele>1968.2</ele><time>2024-01-01T01:03:04Z</time></trkpt>
      <trkpt lat="25.7331612" lon="100.1794985"><ele>1968.1</ele><time>2024-01-01T01:03:05Z</time></trkpt>
      <trkpt lat="25.7331694" lon="100.1794817"><ele>1968.1</ele><time>2024-01-01T01:03:06Z</time></trkpt>
      <trkpt lat="25.7331788" lon="100.1794656"><ele>1968.0</ele><time>2024-01-01T01:03:07Z</time></trkpt>
      <trkpt lat="25.7331896" lon="100.1794504"><ele>1967.9</ele><time>2024-01-01T01:03:08Z</time></trkpt>
      <trkpt lat="25.7332005" lon="100.1794350"><ele>1967.9</ele><time>2024-01-01T01:03:09Z</time></trkpt>
      <trkpt lat="25.7332108" lon="100.1794192"><ele>1967.8</ele><time>2024-01-01T01:03:10Z</time></trkpt>
      <trkpt lat="25.7332207" lon="100.1794029"><ele>1967.7</ele><time>2024-01-01T01:03:11Z</time></trkpt>
      <trkpt lat="25.7332305" lon="100.1793862"><ele>1967.7</ele><time>2024-01-01T01:03:12Z</time></trkpt>
      <trkpt lat="25.7332399" lon="100.1793695"><ele>1967.6</ele><time>2024-01-01T01:03:13Z</time></trkpt>
      <trkpt lat="25.7332492" lon="100.1793526"><ele>1967.6</ele><time>2024-01-01T01:03:14Z</time></trkpt>
      <trkpt lat="25.7332586" lon="100.1793358"><ele>1967.5</ele><time>2024-01-01T01:03:15Z</time></trkpt>
      <trkpt lat="25.7332678" lon="100.1793196"><ele>1967.5</ele><time>2024-01-01T01:03:16Z</time></trkpt>
      <trkpt lat="25.7332763" lon="100.1793033"><ele>1967.5</ele><time>2024-01-01T01:03:17Z</time></trkpt>
      <trkpt lat="25.7332844" lon="100.1792869"><ele>1967.5</ele><time>2024-01-01T01:03:18Z</time></trkpt>
      <trkpt lat="25.7332924" lon="100.1792705"><ele>1967.5</ele><time>2024-01-01T01:03:19Z</time></trkpt>
      <trkpt lat="25.7333005" lon="100.1792542"><ele>1967.5</ele><time>2024-01-01T01:03:20Z</time></trkpt>
      <trkpt lat="25.7333086" lon="100.1792380"><ele>1967.5</ele><time>2024-01-01T01:03:21Z</time></trkpt>
      <trkpt lat="25.7333157" lon="100.1792211"><ele>1967.5</ele><time>2024-01-01T01:03:22Z</time></trkpt>
      <trkpt lat="25.7333217" lon="100.1792038"><ele>1967.6</ele><time>2024-01-01T01:03:23Z</time></trkpt>
      <trkpt lat="25.7333269" lon="100.1791866"><ele>1967.6</ele><time>2024-01-01T01:03:24Z</time></trkpt>
      <trkpt lat="25.7333313" lon="100.1791696"><ele>1967.6</ele><time>2024-01-01T01:03:25Z</time></trkpt>
      <trkpt lat="25.7333349" lon="100.1791528"><ele>1967.6</ele><time>2024-01-01T01:03:26Z</time></trkpt>
      <trkpt lat="25.7333381" lon="100.1791360"><ele>1967.7</ele><time>2024-01-01T01:03:27Z</time></trkpt>
      <trkpt lat="25.7333411" lon="100.1791188"><ele>1967.7</ele><time>2024-01-01T01:03:28Z</time></trkpt>
      <trkpt lat="25.7333435" lon="100.1791012"><ele>1967.7</ele><time>2024-01-01T01:03:29Z</time></trkpt>
      <trkpt lat="25.7333448" lon="100.1790833"><ele>1967.6</ele><time>2024-01-01T01:03:30Z</time></trkpt>
      <trkpt lat="25.7333455" lon="100.1790652"><ele>1967.6</ele><time>2024-01-01T01:03:31Z</time></trkpt>
      <trkpt lat="25.7333460" lon="100.1790472"><ele>1967.6</ele><time>2024-01-01T01:03:32Z</time></trkpt>
      <trkpt lat="25.7333459" lon="100.1790290"><ele>1967.6</ele><time>2024-01-01T01:03:33Z</time></trkpt>
      <trkpt lat="25.7333451" lon="100.1790104"><ele>1967.6</ele><time>2024-01-01T01:03:34Z</time></trkpt>
      <trkpt lat="25.7333436" lon="100.1789917"><ele>1967.6</ele><time>2024-01-01T01:03:35Z</time></trkpt>
      <trkpt lat="25.7333412" lon="100.1789728"><ele>1967.6</ele><time>2024-01-01T01:03:36Z</time></trkpt>
      <trkpt lat="25.7333387" lon="100.1789540"><ele>1967.7</ele><time>2024-01-01T01:03:37Z</time></trkpt>
      <trkpt lat="25.7333361" lon="100.1789353"><ele>1967.7</ele><time>2024-01-01T01:03:38Z</time></trkpt>
      <trkpt lat="25.7333334" lon="100.1789168"><ele>1967.7</ele><time>2024-01-01T01:03:39Z</time></trkpt>
      <trkpt lat="25.7333303" lon="100.1788984"><ele>1967.7</ele><time>2024-01-01T01:03:40Z</time></trkpt>
      <trkpt lat="25.7333280" lon="100.1788797"><ele>1967.7</ele><time>2024-01-01T01:03:41Z</time></trkpt>
      <trkpt lat="25.7333268" lon="100.1788608"><ele>1967.7</ele><time>2024-01-01T01:03:42Z</time></trkpt>
      <trkpt lat="25.7333261" lon="100.1788417"><ele>1967.8</ele><time>2024-01-01T01:03:43Z</time></trkpt>
      <trkpt lat="25.7333263" lon="100.1788225"><ele>1967.8</ele><time>2024-01-01T01:03:44Z</time></trkpt>
      <trkpt lat="25.7333271" lon="100.1788029"><ele>1967.8</ele><time>2024-01-01T01:03:45Z</time></trkpt>
      <trkpt lat="25.7333279" lon="100.1787828"><ele>1967.8</ele><time>2024-01-01T01:03:46Z</time></trkpt>
      <trkpt lat="25.7333282" lon="100.1787628"><ele>1967.8</ele><time>2024-01-01T01:03:47Z</time></trkpt>
      <trkpt lat="25.7333282" lon="100.1787427"><ele>1967.8</ele><time>2024-01-01T01:03:48Z</time></trkpt>
      <trkpt lat="25.7333289" lon="100.1787223"><ele>1967.8</ele><time>2024-01-01T01:03:49Z</time></trkpt>
      <trkpt lat="25.7333304" lon="100.1787015"><ele>1967.8</ele><time>2024-01-01T01:03:50Z</time></trkpt>
      <trkpt lat="25.7333319" lon="100.1786803"><ele>1967.7</ele><time>2024-01-01T01:03:51Z</time></trkpt>
      <trkpt lat="25.7333334" lon="100.1786588"><ele>1967.7</ele><time>2024-01-01T01:03:52Z</time></trkpt>
      <trkpt lat="25.7333351" lon="100.1786373"><ele>1967.6</ele><time>2024-01-01T01:03:53Z</time></trkpt>
      <trkpt lat="25.7333364" lon="100.1786159"><ele>1967.5</ele><time>2024-01-01T01:03:54Z</time></trkpt>
      <trkpt lat="25.7333369" lon="100.1785940"><ele>1967.5</ele><time>2024-01-01T01:03:55Z</time></trkpt>
      <trkpt lat="25.7333370" lon="100.1785715"><ele>1967.4</ele><time>2024-01-01T01:03:56Z</time></trkpt>
      <trkpt lat="25.7333375" lon="100.1785492"><ele>1967.4</ele><time>2024-01-01T01:03:57Z</time></trkpt>
      <trkpt lat="25.7333394" lon="100.1785269"><ele>1967.3</ele><time>2024-01-01T01:03:58Z</time></trkpt>
      <trkpt lat="25.7333430" lon="100.1785044"><ele>1967.3</ele><time>2024-01-01T01:03:59Z</time></trkpt>
      <trkpt lat="25.7333473" lon="100.1784811"><ele>1967.2</ele><time>2024-01-01T01:04:00Z</time></trkpt>
      <trkpt lat="25.7333514" lon="100.1784573"><ele>1967.2</ele><time>2024-01-01T01:04:01Z</time></trkpt>
      <trkpt lat="25.7333549" lon="100.1784334"><ele>1967.1</ele><time>2024-01-01T01:04:02Z</time></trkpt>
      <trkpt lat="25.7333584" lon="100.1784097"><ele>1967.1</ele><time>2024-01-01T01:04:03Z</time></trkpt>
      <trkpt lat="25.7333625" lon="100.1783868"><ele>1967.0</ele><time>2024-01-01T01:04:04Z</time></trkpt>
      <trkpt lat="25.7333671" lon="100.1783644"><ele>1967.0</ele><time>2024-01-01T01:04:05Z</time></trkpt>
      <trkpt lat="25.7333712" lon="100.1783422"><ele>1967.0</ele><time>2024-01-01T01:04:06Z</time></trkpt>
      <trkpt lat="25.7333746" lon="100.1783201"><ele>1967.0</ele><time>2024-01-01T01:04:07Z</time></trkpt>
      <trkpt lat="25.7333770" lon="100.1782976"><ele>1967.0</ele><time>2024-01-01T01:04:08Z</time></trkpt>
      <trkpt lat="25.7333786" lon="100.1782748"><ele>1967.1</ele><time>2024-01-01T01:04:09Z</time></trkpt>
      <trkpt lat="25.7333788" lon="100.1782519"><ele>1967.1</ele><time>2024-01-01T01:04:10Z</time></trkpt>
      <trkpt lat="25.7333784" lon="100.1782290"><ele>1967.2</ele><time>2024-01-01T01:04:11Z</time></trkpt>
      <trkpt lat="25.7333785" lon="100.1782061"><ele>1967.3</ele><time>2024-01-01T01:04:12Z</time></trkpt>
      <trkpt lat="25.7333783" lon="100.1781828"><ele>1967.3</ele><time>2024-01-01T01:04:13Z</time></trkpt>
      <trkpt lat="25.7333773" lon="100.1781593"><ele>1967.4</ele><time>2024-01-01T01:04:14Z</time></trkpt>
      <trkpt lat="25.7333757" lon="100.1781356"><ele>1967.5</ele><time>2024-01-01T01:04:15Z</time></trkpt>
      <trkpt lat="25.7333743" lon="100.1781120"><ele>1967.6</ele><time>2024-01-01T01:04:16Z</time></trkpt>
      <trkpt lat="25.7333734" lon="100.1780884"><ele>1967.6</ele><time>2024-01-01T01:04:17Z</time></trkpt>
      <trkpt lat="25.7333725" lon="100.1780645"><ele>1967.7</ele><time>2024-01-01T01:04:18Z</time></trkpt>
      <trkpt lat="25.7333714" lon="100.1780406"><ele>1967.7</ele><time>2024-01-01T01:04:19Z</time></trkpt>
      <trkpt lat="25.7333704" lon="100.1780168"><ele>1967.7</ele><time>2024-01-01T01:04:20Z</time></trkpt>
      <trkpt lat="25.7333699" lon="100.1779936"><ele>1967.8</ele><time>2024-01-01T01:04:21Z</time></trkpt>
      <trkpt lat="25.7333699" lon="100.1779708"><ele>1967.8</ele><time>2024-01-01T01:04:22Z</time></trkpt>
      <trkpt lat="25.7333693" lon="100.1779483"><ele>1967.8</ele><time>2024-01-01T01:04:23Z</time></trkpt>
      <trkpt lat="25.7333677" lon="100.1779258"><ele>1967.8</ele><time>2024-01-01T01:04:24Z</time></trkpt>
      <trkpt lat="25.7333648" lon="100.1779030"><ele>1967.8</ele><time>2024-01-01T01:04:25Z</time></trkpt>
      <trkpt lat="25.7333614" lon="100.1778800"><ele>1967.8</ele><time>2024-01-01T01:04:26Z</time></trkpt>
      <trkpt lat="25.7333573" lon="100.1778568"><ele>1967.7</ele><time>2024-01-01T01:04:27Z</time></trkpt>
      <trkpt lat="25.7333527" lon="100.1778332"><ele>1967.7</ele><time>2024-01-01T01:04:28Z</time></trkpt>
      <trkpt lat="25.7333478" lon="100.1778096"><ele>1967.7</ele><time>2024-01-01T01:04:29Z</time></trkpt>
      <trkpt lat="25.7333428" lon="100.1777860"><ele>1967.7</ele><time>2024-01-01T01:04:30Z</time></trkpt>
      <trkpt lat="25.7333375" lon="100.1777630"><ele>1967.6</ele><time>2024-01-01T01:04:31Z</time></trkpt>
      <trkpt lat="25.7333313" lon="100.1777407"><ele>1967.6</ele><time>2024-01-01T01:04:32Z</time></trkpt>
      <trkpt lat="25.7333246" lon="100.1777185"><ele>1967.6</ele><time>2024-01-01T01:04:33Z</time></trkpt>
      <trkpt lat="25.7333177" lon="100.1776959"><ele>1967.6</ele><time>2024-01-01T01:04:34Z</time></trkpt>
      <trkpt lat="25.7333114" lon="100.1776727"><ele>1967.5</ele><time>2024-01-01T01:04:35Z</time></trkpt>
      <trkpt lat="25.7333059" lon="100.1776493"><ele>1967.5</ele><time>2024-01-01T01:04:36Z</time></trkpt>
      <trkpt lat="25.7333003" lon="100.1776260"><ele>1967.4</ele><time>2024-01-01T01:04:37Z</time></trkpt>
      <trkpt lat="25.7332940" lon="100.1776035"><ele>1967.4</ele><time>2024-01-01T01:04:38Z</time></trkpt>
      <trkpt lat="25.7332862" lon="100.1775816"><ele>1967.3</ele><time>2024-01-01T01:04:39Z</time></trkpt>
      <trkpt lat="25.7332777" lon="100.1775594"><ele>1967.3</ele><time>2024-01-01T01:04:40Z</time></trkpt>
      <trkpt lat="25.7332687" lon="100.1775374"><ele>1967.2</ele><time>2024-01-01T01:04:41Z</time></trkpt>
      <trkpt lat="25.7332586" lon="100.1775164"><ele>1967.1</ele><time>2024-01-01T01:04:42Z</time></trkpt>
      <trkpt lat="25.7332477" lon="100.1774968"><ele>1967.1</ele><time>2024-01-01T01:04:43Z</time></trkpt>
      <trkpt lat="25.7332361" lon="100.1774782"><ele>1967.0</ele><time>2024-01-01T01:04:44Z</time></trkpt>
      <trkpt lat="25.7332243" lon="100.1774605"><ele>1966.9</ele><time>2024-01-01T01:04:45Z</time></trkpt>
      <trkpt lat="25.7332131" lon="100.1774434"><ele>1966.8</ele><time>2024-01-01T01:04:46Z</time></trkpt>
      <trkpt lat="25.7332028" lon="100.1774266"><ele>1966.7</ele><time>2024-01-01T01:04:47Z</time></trkpt>
      <trkpt lat="25.7331923" lon="100.1774102"><ele>1966.6</ele><time>2024-01-01T01:04:48Z</time></trkpt>
      <trkpt lat="25.7331802" lon="100.1773947"><ele>1966.5</ele><time>2024-01-01T01:04:49Z</time></trkpt>
      <trkpt lat="25.7331669" lon="100.1773801"><ele>1966.5</ele><time>2024-01-01T01:04:50Z</time></trkpt>
      <trkpt lat="25.7331536" lon="100.1773659"><ele>1966.5</ele><time>2024-01-01T01:04:51Z</time></trkpt>
      <trkpt lat="25.7331401" lon="100.1773521"><ele>1966.4</ele><time>2024-01-01T01:04:52Z</time></trkpt>
      <trkpt lat="25.7331267" lon="100.1773389"><ele>1966.4</ele><time>2024-01-01T01:04:53Z</time></trkpt>
      <trkpt lat="25.7331130" lon="100.1773263"><ele>1966.4</ele><time>2024-01-01T01:04:54Z</time></trkpt>
      <trkpt lat="25.7330995" lon="100.1773134"><ele>1966.4</ele><time>2024-01-01T01:04:55Z</time></trkpt>
      <trkpt lat="25.7330867" lon="100.1772995"><ele>1966.4</ele><time>2024-01-01T01:04:56Z</time></trkpt>
      <trkpt lat="25.7330742" lon="100.1772846"><ele>1966.5</ele><time>2024-01-01T01:04:57Z</time></trkpt>
      <trkpt lat="25.7330620" lon="100.1772699"><ele>1966.6</ele><time>2024-01-01T01:04:58Z</time></trkpt>
      <trkpt lat="25.7330498" lon="100.1772556"><ele>1966.6</ele><time>2024-01-01T01:04:59Z</time></trkpt>
      <trkpt lat="25.7330379" lon="100.1772407"><ele>1966.7</ele><time>2024-01-01T01:05:00Z</time></trkpt>
      <trkpt lat="25.7330265" lon="100.1772252"><ele>1966.8</ele><time>2024-01-01T01:05:01Z</time></trkpt>
      <trkpt lat="25.7330151" lon="100.1772094"><ele>1966.9</ele><time>2024-01-01T01:05:02Z</time></trkpt>
      <trkpt lat="25.7330039" lon="100.1771935"><ele>1967.0</ele><time>2024-01-01T01:05:03Z</time></trkpt>
      <trkpt lat="25.7329928" lon="100.1771775"><ele>1967.1</ele><time>2024-01-01T01:05:04Z</time></trkpt>
      <trkpt lat="25.7329816" lon="100.1771614"><ele>1967.3</ele><time>2024-01-01T01:05:05Z</time></trkpt>
      <trkpt lat="25.7329708" lon="100.1771451"><ele>1967.4</ele><time>2024-01-01T01:05:06Z</time></trkpt>
      <trkpt lat="25.7329603" lon="100.1771280"><ele>1967.5</ele><time>2024-01-01T01:05:07Z</time></trkpt>
      <trkpt lat="25.7329504" lon="100.1771103"><ele>1967.7</ele><time>2024-01-01T01:05:08Z</time></trkpt>
      <trkpt lat="25.7329405" lon="100.1770932"><ele>1967.8</ele><time>2024-01-01T01:05:09Z</time></trkpt>
      <trkpt lat="25.7329300" lon="100.1770773"><ele>1967.9</ele><time>2024-01-01T01:05:10Z</time></trkpt>
      <trkpt lat="25.7329190" lon="100.1770620"><ele>1968.0</ele><time>2024-01-01T01:05:11Z</time></trkpt>
      <trkpt lat="25.7329078" lon="100.1770462"><ele>1968.1</ele><time>2024-01-01T01:05:12Z</time></trkpt>
      <trkpt lat="25.7328975" lon="100.1770293"><ele>1968.2</ele><time>2024-01-01T01:05:13Z</time></trkpt>
      <trkpt lat="25.7328882" lon="100.1770117"><ele>1968.3</ele><time>2024-01-01T01:05:14Z</time></trkpt>
      <trkpt lat="25.7328791" lon="100.1769942"><ele>1968.3</ele><time>2024-01-01T01:05:15Z</time></trkpt>
      <trkpt lat="25.7328701" lon="100.1769763"><ele>1968.4</ele><time>2024-01-01T01:05:16Z</time></trkpt>
      <trkpt lat="25.7328612" lon="100.1769585"><ele>1968.4</ele><time>2024-01-01T01:05:17Z</time></trkpt>
      <trkpt lat="25.7328528" lon="100.1769405"><ele>1968.4</ele><time>2024-01-01T01:05:18Z</time></trkpt>
      <trkpt lat="25.7328450" lon="100.1769226"><ele>1968.4</ele><time>2024-01-01T01:05:19Z</time></trkpt>
      <trkpt lat="25.7328375" lon="100.1769048"><ele>1968.3</ele><time>2024-01-01T01:05:20Z</time></trkpt>
      <trkpt lat="25.7328303" lon="100.1768865"><ele>1968.3</ele><time>2024-01-01T01:05:21Z</time></trkpt>
      <trkpt lat="25.7328234" lon="100.1768680"><ele>1968.2</ele><time>2024-01-01T01:05:22Z</time></trkpt>
      <trkpt lat="25.7328165" lon="100.1768500"><ele>1968.1</ele><time>2024-01-01T01:05:23Z</time></trkpt>
      <trkpt lat="25.7328102" lon="100.1768325"><ele>1968.1</ele><time>2024-01-01T01:05:24Z</time></trkpt>
      <trkpt lat="25.7328049" lon="100.1768151"><ele>1968.0</ele><time>2024-01-01T01:05:25Z</time></trkpt>
      <trkpt lat="25.7328002" lon="100.1767977"><ele>1967.9</ele><time>2024-01-01T01:05:26Z</time></trkpt>
      <trkpt lat="25.7327956" lon="100.1767802"><ele>1967.8</ele><time>2024-01-01T01:05:27Z</time></trkpt>
      <trkpt lat="25.7327914" lon="100.1767628"><ele>1967.7</ele><time>2024-01-01T01:05:28Z</time></trkpt>
      <trkpt lat="25.7327870" lon="100.1767458"><ele>1967.7</ele><time>2024-01-01T01:05:29Z</time></trkpt>
      <trkpt lat="25.7327825" lon="100.1767290"><ele>1967.6</ele><time>2024-01-01T01:05:30Z</time></trkpt>
      <trkpt lat="25.7327780" lon="100.1767120"><ele>1967.5</ele><time>2024-01-01T01:05:31Z</time></trkpt>
      <trkpt lat="25.7327732" lon="100.1766950"><ele>1967.4</ele><time>2024-01-01T01:05:32Z</time></trkpt>
      <trkpt lat="25.7327679" lon="100.1766778"><ele>1967.4</ele><time>2024-01-01T01:05:33Z</time></trkpt>
      <trkpt lat="25.7327629" lon="100.1766603"><ele>1967.3</ele><time>2024-01-01T01:05:34Z</time></trkpt>
      <trkpt lat="25.7327588" lon="100.1766422"><ele>1967.2</ele><time>2024-01-01T01:05:35Z</time></trkpt>
      <trkpt lat="25.7327551" lon="100.1766240"><ele>1967.1</ele><time>2024-01-01T01:05:36Z</time></trkpt>
      <trkpt lat="25.7327505" lon="100.1766065"><ele>1967.0</ele><time>2024-01-01T01:05:37Z</time></trkpt>
      <trkpt lat="25.7327453" lon="100.1765894"><ele>1966.9</ele><time>2024-01-01T01:05:38Z</time></trkpt>
      <trkpt lat="25.7327401" lon="100.1765725"><ele>1966.8</ele><time>2024-01-01T01:05:39Z</time></trkpt>
      <trkpt lat="25.7327351" lon="100.1765552"><ele>1966.6</ele><time>2024-01-01T01:05:40Z</time></trkpt>
      <trkpt lat="25.7327305" lon="100.1765371"><ele>1966.5</ele><time>2024-01-01T01:05:41Z</time></trkpt>
      <trkpt lat="25.7327265" lon="100.1765185"><ele>1966.4</ele><time>2024-01-01T01:05:42Z</time></trkpt>
      <trkpt lat="25.7327228" lon="100.1764999"><ele>1966.3</ele><time>2024-01-01T01:05:43Z</time></trkpt>
      <trkpt lat="25.7327189" lon="100.1764813"><ele>1966.2</ele><time>2024-01-01T01:05:44Z</time></trkpt>
      <trkpt lat="25.7327150" lon="100.1764630"><ele>1966.1</ele><time>2024-01-01T01:05:45Z</time></trkpt>
      <trkpt lat="25.7327109" lon="100.1764449"><ele>1966.0</ele><time>2024-01-01T01:05:46Z</time></trkpt>
      <trkpt lat="25.7327064" lon="100.1764272"><ele>1966.0</ele><time>2024-01-01T01:05:47Z</time></trkpt>
      <trkpt lat="25.7327020" lon="100.1764096"><ele>1965.9</ele><time>2024-01-01T01:05:48Z</time></trkpt>
      <trkpt lat="25.7326984" lon="100.1763915"><ele>1965.9</ele><time>2024-01-01T01:05:49Z</time></trkpt>
      <trkpt lat="25.7326962" lon="100.1763731"><ele>1965.9</ele><time>2024-01-01T01:05:50Z</time></trkpt>
      <trkpt lat="25.7326942" lon="100.1763549"><ele>1965.8</ele><time>2024-01-01T01:05:51Z</time></trkpt>
      <trkpt lat="25.7326914" lon="100.1763367"><ele>1965.8</ele><time>2024-01-01T01:05:52Z</time></trkpt>
      <trkpt lat="25.7326885" lon="100.1763183"><ele>1965.8</ele><time>2024-01-01T01:05:53Z</time></trkpt>
      <trkpt lat="25.7326865" lon="100.1762998"><ele>1965.8</ele><time>2024-01-01T01:05:54Z</time></trkpt>
      <trkpt lat="25.7326855" lon="100.1762817"><ele>1965.8</ele><time>2024-01-01T01:05:55Z</time></trkpt>
      <trkpt lat="25.7326847" lon="100.1762639"><ele>1965.8</ele><time>2024-01-01T01:05:56Z</time></trkpt>
      <trkpt lat="25.7326832" lon="100.1762460"><ele>1965.9</ele><time>2024-01-01T01:05:57Z</time></trkpt>
      <trkpt lat="25.7326815" lon="100.1762278"><ele>1965.9</ele><time>2024-01-01T01:05:58Z</time></trkpt>
      <trkpt lat="25.7326803" lon="100.1762094"><ele>1965.9</ele><time>2024-01-01T01:05:59Z</time></trkpt>
      <trkpt lat="25.7326802" lon="100.1761913"><ele>1965.9</ele><time>2024-01-01T01:06:00Z</time></trkpt>
      <trkpt lat="25.7326807" lon="100.1761739"><ele>1965.9</ele><time>2024-01-01T01:06:01Z</time></trkpt>
      <trkpt lat="25.7326808" lon="100.1761568"><ele>1966.0</ele><time>2024-01-01T01:06:02Z</time></trkpt>
      <trkpt lat="25.7326799" lon="100.1761392"><ele>1966.0</ele><time>2024-01-01T01:06:03Z</time></trkpt>
      <trkpt lat="25.7326790" lon="100.1761207"><ele>1966.0</ele><time>2024-01-01T01:06:04Z</time></trkpt>
      <trkpt lat="25.7326785" lon="100.1761021"><ele>1965.9</ele><time>2024-01-01T01:06:05Z</time></trkpt>
      <trkpt lat="25.7326784" lon="100.1760834"><ele>1965.9</ele><time>2024-01-01T01:06:06Z</time></trkpt>
      <trkpt lat="25.7326784" lon="100.1760645"><ele>1965.9</ele><time>2024-01-01T01:06:07Z</time></trkpt>
      <trkpt lat="25.7326790" lon="100.1760456"><ele>1965.9</ele><time>2024-01-01T01:06:08Z</time></trkpt>
      <trkpt lat="25.7326803" lon="100.1760267"><ele>1965.8</ele><time>2024-01-01T01:06:09Z</time></trkpt>
      <trkpt lat="25.7326816" lon="100.1760078"><ele>1965.8</ele><time>2024-01-01T01:06:10Z</time></trkpt>
      <trkpt lat="25.7326832" lon="100.1759892"><ele>1965.7</ele><time>2024-01-01T01:06:11Z</time></trkpt>
      <trkpt lat="25.7326851" lon="100.1759706"><ele>1965.6</ele><time>2024-01-01T01:06:12Z</time></trkpt>
      <trkpt lat="25.7326873" lon="100.1759519"><ele>1965.5</ele><time>2024-01-01T01:06:13Z</time></trkpt>
      <trkpt lat="25.7326898" lon="100.1759333"><ele>1965.5</ele><time>2024-01-01T01:06:14Z</time></trkpt>
      <trkpt lat="25.7326925" lon="100.1759149"><ele>1965.4</ele><time>2024-01-01T01:06:15Z</time></trkpt>
      <trkpt lat="25.7326955" lon="100.1758966"><ele>1965.3</ele><time>2024-01-01T01:06:16Z</time></trkpt>
      <trkpt lat="25.7326993" lon="100.1758788"><ele>1965.2</ele><time>2024-01-01T01:06:17Z</time></trkpt>
      <trkpt lat="25.7327033" lon="100.1758611"><ele>1965.2</ele><time>2024-01-01T01:06:18Z</time></trkpt>
      <trkpt lat="25.7327072" lon="100.1758434"><ele>1965.1</ele><time>2024-01-01T01:06:19Z</time></trkpt>
      <trkpt lat="25.7327110" lon="100.1758256"><ele>1965.0</ele><time>2024-01-01T01:06:20Z</time></trkpt>
      <trkpt lat="25.7327148" lon="100.1758079"><ele>1964.9</ele><time>2024-01-01T01:06:21Z</time></trkpt>
      <trkpt lat="25.7327189" lon="100.1757905"><ele>1964.9</ele><time>2024-01-01T01:06:22Z</time></trkpt>
      <trkpt lat="25.7327230" lon="100.1757729"><ele>1964.8</ele><time>2024-01-01T01:06:23Z</time></trkpt>
      <trkpt lat="25.7327273" lon="100.1757555"><ele>1964.8</ele><time>2024-01-01T01:06:24Z</time></trkpt>
      <trkpt lat="25.7327324" lon="100.1757384"><ele>1964.7</ele><time>2024-01-01T01:06:25Z</time></trkpt>
      <trkpt lat="25.7327373" lon="100.1757215"><ele>1964.7</ele><time>2024-01-01T01:06:26Z</time></trkpt>
      <trkpt lat="25.7327411" lon="100.1757043"><ele>1964.7</ele><time>2024-01-01T01:06:27Z</time></trkpt>
      <trkpt lat="25.7327450" lon="100.1756867"><ele>1964.7</ele><time>2024-01-01T01:06:28Z</time></trkpt>
      <trkpt lat="25.7327498" lon="100.1756691"><ele>1964.7</ele><time>2024-01-01T01:06:29Z</time></trkpt>
      <trkpt lat="25.7327552" lon="100.1756516"><ele>1964.7</ele><time>2024-01-01T01:06:30Z</time></trkpt>
      <trkpt lat="25.7327600" lon="100.1756340"><ele>1964.7</ele><time>2024-01-01T01:06:31Z</time></trkpt>
      <trkpt lat="25.7327647" lon="100.1756162"><ele>1964.7</ele><time>2024-01-01T01:06:32Z</time></trkpt>
      <trkpt lat="25.7327700" lon="100.1755985"><ele>1964.8</ele><time>2024-01-01T01:06:33Z</time></trkpt>
      <trkpt lat="25.7327765" lon="100.1755811"><ele>1964.8</ele><time>2024-01-01T01:06:34Z</time></trkpt>
      <trkpt lat="25.7327831" lon="100.1755640"><ele>1964.8</ele><time>2024-01-01T01:06:35Z</time></trkpt>
      <trkpt lat="25.7327887" lon="100.1755465"><ele>1964.9</ele><time>2024-01-01T01:06:36Z</time></trkpt>
      <trkpt lat="25.7327939" lon="100.1755290"><ele>1964.9</ele><time>2024-01-01T01:06:37Z</time></trkpt>
      <trkpt lat="25.7328002" lon="100.1755119"><ele>1965.0</ele><time>2024-01-01T01:06:38Z</time></trkpt>
      <trkpt lat="25.7328073" lon="100.1754953"><ele>1965.0</ele><time>2024-01-01T01:06:39Z</time></trkpt>
      <trkpt lat="25.7328144" lon="100.1754788"><ele>1965.0</ele><time>2024-01-01T01:06:40Z</time></trkpt>
      <trkpt lat="25.7328216" lon="100.1754625"><ele>1965.1</ele><time>2024-01-01T01:06:41Z</time></trkpt>
      <trkpt lat="25.7328293" lon="100.1754461"><ele>1965.1</ele><time>2024-01-01T01:06:42Z</time></trkpt>
      <trkpt lat="25.7328378" lon="100.1754301"><ele>1965.2</ele><time>2024-01-01T01:06:43Z</time></trkpt>
      <trkpt lat="25.7328466" lon="100.1754141"><ele>1965.2</ele><time>2024-01-01T01:06:44Z</time></trkpt>
      <trkpt lat="25.7328554" lon="100.1753981"><ele>1965.3</ele><time>2024-01-01T01:06:45Z</time></trkpt>
      <trkpt lat="25.7328638" lon="100.1753819"><ele>1965.3</ele><time>2024-01-01T01:06:46Z</time></trkpt>
      <trkpt lat="25.7328717" lon="100.1753650"><ele>1965.3</ele><time>2024-01-01T01:06:47Z</time></trkpt>
      <trkpt lat="25.7328799" lon="100.1753482"><ele>1965.3</ele><time>2024-01-01T01:06:48Z</time></trkpt>
      <trkpt lat="25.7328888" lon="100.1753314"><ele>1965.4</ele><time>2024-01-01T01:06:49Z</time></trkpt>
      <trkpt lat="25.7328982" lon="100.1753148"><ele>1965.4</ele><time>2024-01-01T01:06:50Z</time></trkpt>
      <trkpt lat="25.7329079" lon="100.1752983"><ele>1965.4</ele><time>2024-01-01T01:06:51Z</time></trkpt>
      <trkpt lat="25.7329176" lon="100.1752816"><ele>1965.5</ele><time>2024-01-01T01:06:52Z</time></trkpt>
      <trkpt lat="25.7329274" lon="100.1752650"><ele>1965.5</ele><time>2024-01-01T01:06:53Z</time></trkpt>
      <trkpt lat="25.7329374" lon="100.1752485"><ele>1965.5</ele><time>2024-01-01T01:06:54Z</time></trkpt>
      <trkpt lat="25.7329473" lon="100.1752320"><ele>1965.5</ele><time>2024-01-01T01:06:55Z</time></trkpt>
      <trkpt lat="25.7329572" lon="100.1752152"><ele>1965.5</ele><time>2024-01-01T01:06:56Z</time></trkpt>
      <trkpt lat="25.7329670" lon="100.1751979"><ele>1965.5</ele><time>2024-01-01T01:06:57Z</time></trkpt>
      <trkpt lat="25.7329770" lon="100.1751806"><ele>1965.5</ele><time>2024-01-01T01:06:58Z</time></trkpt>
      <trkpt lat="25.7329869" lon="100.1751635"><ele>1965.5</ele><time>2024-01-01T01:06:59Z</time></trkpt>
      <trkpt lat="25.7329967" lon="100.1751459"><ele>1965.5</ele><time>2024-01-01T01:07:00Z</time></trkpt>
      <trkpt lat="25.7330063" lon="100.1751279"><ele>1965.4</ele><time>2024-01-01T01:07:01Z</time></trkpt>
      <trkpt lat="25.7330158" lon="100.1751096"><ele>1965.4</ele><time>2024-01-01T01:07:02Z</time></trkpt>
      <trkpt lat="25.7330258" lon="100.1750915"><ele>1965.4</ele><time>2024-01-01T01:07:03Z</time></trkpt>
      <trkpt lat="25.7330367" lon="100.1750736"><ele>1965.4</ele><time>2024-01-01T01:07:04Z</time></trkpt>
      <trkpt lat="25.7330479" lon="100.1750555"><ele>1965.4</ele><time>2024-01-01T01:07:05Z</time></trkpt>
      <trkpt lat="25.7330592" lon="100.1750370"><ele>1965.4</ele><time>2024-01-01T01:07:06Z</time></trkpt>
      <trkpt lat="25.7330714" lon="100.1750187"><ele>1965.4</ele><time>2024-01-01T01:07:07Z</time></trkpt>
      <trkpt lat="25.7330844" lon="100.1750010"><ele>1965.4</ele><time>2024-01-01T01:07:08Z</time></trkpt>
      <trkpt lat="25.7330967" lon="100.1749827"><ele>1965.4</ele><time>2024-01-01T01:07:09Z</time></trkpt>
      <trkpt lat="25.7331082" lon="100.1749642"><ele>1965.4</ele><time>2024-01-01T01:07:10Z</time></trkpt>
      <trkpt lat="25.7331198" lon="100.1749463"><ele>1965.4</ele><time>2024-01-01T01:07:11Z</time></trkpt>
      <trkpt lat="25.7331317" lon="100.1749290"><ele>1965.4</ele><time>2024-01-01T01:07:12Z</time></trkpt>
      <trkpt lat="25.7331430" lon="100.1749113"><ele>1965.4</ele><time>2024-01-01T01:07:13Z</time></trkpt>
      <trkpt lat="25.7331542" lon="100.1748936"><ele>1965.5</ele><time>2024-01-01T01:07:14Z</time></trkpt>
      <trkpt lat="25.7331655" lon="100.1748761"><ele>1965.5</ele><time>2024-01-01T01:07:15Z</time></trkpt>
      <trkpt lat="25.7331768" lon="100.1748587"><ele>1965.5</ele><time>2024-01-01T01:07:16Z</time></trkpt>
      <trkpt lat="25.7331889" lon="100.1748418"><ele>1965.6</ele><time>2024-01-01T01:07:17Z</time></trkpt>
      <trkpt lat="25.7332018" lon="100.1748257"><ele>1965.6</ele><time>2024-01-01T01:07:18Z</time></trkpt>
      <trkpt lat="25.7332147" lon="100.1748098"><ele>1965.6</ele><time>2024-01-01T01:07:19Z</time></trkpt>
      <trkpt lat="25.7332274" lon="100.1747939"><ele>1965.6</ele><time>2024-01-01T01:07:20Z</time></trkpt>
      <trkpt lat="25.7332400" lon="100.1747783"><ele>1965.6</ele><time>2024-01-01T01:07:21Z</time></trkpt>
      <trkpt lat="25.7332529" lon="100.1747628"><ele>1965.6</ele><time>2024-01-01T01:07:22Z</time></trkpt>
      <trkpt lat="25.7332653" lon="100.1747472"><ele>1965.6</ele><time>2024-01-01T01:07:23Z</time></trkpt>
      <trkpt lat="25.7332770" lon="100.1747311"><ele>1965.5</ele><time>2024-01-01T01:07:24Z</time></trkpt>
      <trkpt lat="25.7332889" lon="100.1747149"><ele>1965.5</ele><time>2024-01-01T01:07:25Z</time></trkpt>
      <trkpt lat="25.7333013" lon="100.1746991"><ele>1965.5</ele><time>2024-01-01T01:07:26Z</time></trkpt>
      <trkpt lat="25.7333143" lon="100.1746839"><ele>1965.4</ele><time>2024-01-01T01:07:27Z</time></trkpt>
      <trkpt lat="25.7333271" lon="100.1746686"><ele>1965.4</ele><time>2024-01-01T01:07:28Z</time></trkpt>
      <trkpt lat="25.7333395" lon="100.1746534"><ele>1965.4</ele><time>2024-01-01T01:07:29Z</time></trkpt>
      <trkpt lat="25.7333521" lon="100.1746386"><ele>1965.4</ele><time>2024-01-01T01:07:30Z</time></trkpt>
      <trkpt lat="25.7333653" lon="100.1746246"><ele>1965.4</ele><time>2024-01-01T01:07:31Z</time></trkpt>
      <trkpt lat="25.7333790" lon="100.1746110"><ele>1965.4</ele><time>2024-01-01T01:07:32Z</time></trkpt>
      <trkpt lat="25.7333929" lon="100.1745975"><ele>1965.4</ele><time>2024-01-01T01:07:33Z</time></trkpt>
      <trkpt lat="25.7334072" lon="100.1745842"><ele>1965.5</ele><time>2024-01-01T01:07:34Z</time></trkpt>
      <trkpt lat="25.7334219" lon="100.1745713"><ele>1965.5</ele><time>2024-01-01T01:07:35Z</time></trkpt>
      <trkpt lat="25.7334367" lon="100.1745590"><ele>1965.6</ele><time>2024-01-01T01:07:36Z</time></trkpt>
      <trkpt lat="25.7334513" lon="100.1745468"><ele>1965.6</ele><time>2024-01-01T01:07:37Z</time></trkpt>
      <trkpt lat="25.7334657" lon="100.1745336"><ele>1965.7</ele><time>2024-01-01T01:07:38Z</time></trkpt>
      <trkpt lat="25.7334793" lon="100.1745195"><ele>1965.8</ele><time>2024-01-01T01:07:39Z</time></trkpt>
      <trkpt lat="25.7334930" lon="100.1745053"><ele>1965.9</ele><time>2024-01-01T01:07:40Z</time></trkpt>
      <trkpt lat="25.7335071" lon="100.1744917"><ele>1966.0</ele><time>2024-01-01T01:07:41Z</time></trkpt>
      <trkpt lat="25.7335217" lon="100.1744787"><ele>1966.1</ele><time>2024-01-01T01:07:42Z</time></trkpt>
      <trkpt lat="25.7335362" lon="100.1744660"><ele>1966.2</ele><time>2024-01-01T01:07:43Z</time></trkpt>
      <trkpt lat="25.7335510" lon="100.1744536"><ele>1966.3</ele><time>2024-01-01T01:07:44Z</time></trkpt>
      <trkpt lat="25.7335663" lon="100.1744413"><ele>1966.5</ele><time>2024-01-01T01:07:45Z</time></trkpt>
      <trkpt lat="25.7335817" lon="100.1744290"><ele>1966.6</ele><time>2024-01-01T01:07:46Z</time></trkpt>
      <trkpt lat="25.7335972" lon="100.1744169"><ele>1966.7</ele><time>2024-01-01T01:07:47Z</time></trkpt>
      <trkpt lat="25.7336129" lon="100.1744054"><ele>1966.8</ele><time>2024-01-01T01:07:48Z</time></trkpt>
      <trkpt lat="25.7336284" lon="100.1743940"><ele>1966.9</ele><time>2024-01-01T01:07:49Z</time></trkpt>
      <trkpt lat="25.7336440" lon="100.1743828"><ele>1967.1</ele><time>2024-01-01T01:07:50Z</time></trkpt>
      <trkpt lat="25.7336600" lon="100.1743722"><ele>1967.2</ele><time>2024-01-01T01:07:51Z</time></trkpt>
      <trkpt lat="25.7336761" lon="100.1743620"><ele>1967.2</ele><time>2024-01-01T01:07:52Z</time></trkpt>
      <trkpt lat="25.7336923" lon="100.1743520"><ele>1967.3</ele><time>2024-01-01T01:07:53Z</time></trkpt>
      <trkpt lat="25.7337084" lon="100.1743421"><ele>1967.4</ele><time>2024-01-01T01:07:54Z</time></trkpt>
      <trkpt lat="25.7337241" lon="100.1743321"><ele>1967.4</ele><time>2024-01-01T01:07:55Z</time></trkpt>
      <trkpt lat="25.7337395" lon="100.1743222"><ele>1967.5</ele><time>2024-01-01T01:07:56Z</time></trkpt>
      <trkpt lat="25.7337545" lon="100.1743119"><ele>1967.5</ele><time>2024-01-01T01:07:57Z</time></trkpt>
      <trkpt lat="25.7337697" lon="100.1743015"><ele>1967.5</ele><time>2024-01-01T01:07:58Z</time></trkpt>
      <trkpt lat="25.7337852" lon="100.1742917"><ele>1967.5</ele><time>2024-01-01T01:07:59Z</time></trkpt>
      <trkpt lat="25.7338008" lon="100.1742818"><ele>1967.5</ele><time>2024-01-01T01:08:00Z</time></trkpt>
      <trkpt lat="25.7338162" lon="100.1742715"><ele>1967.5</ele><time>2024-01-01T01:08:01Z</time></trkpt>
      <trkpt lat="25.7338316" lon="100.1742616"><ele>1967.4</ele><time>2024-01-01T01:08:02Z</time></trkpt>
      <trkpt lat="25.7338470" lon="100.1742517"><ele>1967.4</ele><time>2024-01-01T01:08:03Z</time></trkpt>
      <trkpt lat="25.7338624" lon="100.1742416"><ele>1967.4</ele><time>2024-01-01T01:08:04Z</time></trkpt>
      <trkpt lat="25.7338776" lon="100.1742311"><ele>1967.3</ele><time>2024-01-01T01:08:05Z</time></trkpt>
      <trkpt lat="25.7338930" lon="100.1742203"><ele>1967.3</ele><time>2024-01-01T01:08:06Z</time></trkpt>
      <trkpt lat="25.7339086" lon="100.1742093"><ele>1967.2</ele><time>2024-01-01T01:08:07Z</time></trkpt>
      <trkpt lat="25.7339243" lon="100.1741977"><ele>1967.1</ele><time>2024-01-01T01:08:08Z</time></trkpt>
      <trkpt lat="25.7339396" lon="100.1741853"><ele>1967.1</ele><time>2024-01-01T01:08:09Z</time></trkpt>
      <trkpt lat="25.7339547" lon="100.1741724"><ele>1967.0</ele><time>2024-01-01T01:08:10Z</time></trkpt>
      <trkpt lat="25.7339699" lon="100.1741595"><ele>1966.9</ele><time>2024-01-01T01:08:11Z</time></trkpt>
      <trkpt lat="25.7339854" lon="100.1741471"><ele>1966.9</ele><time>2024-01-01T01:08:12Z</time></trkpt>
      <trkpt lat="25.7340009" lon="100.1741348"><ele>1966.8</ele><time>2024-01-01T01:08:13Z</time></trkpt>
      <trkpt lat="25.7340167" lon="100.1741226"><ele>1966.8</ele><time>2024-01-01T01:08:14Z</time></trkpt>
      <trkpt lat="25.7340324" lon="100.1741104"><ele>1966.7</ele><time>2024-01-01T01:08:15Z</time></trkpt>
      <trkpt lat="25.7340480" lon="100.1740980"><ele>1966.7</ele><time>2024-01-01T01:08:16Z</time></trkpt>
      <trkpt lat="25.7340629" lon="100.1740855"><ele>1966.7</ele><time>2024-01-01T01:08:17Z</time></trkpt>
      <trkpt lat="25.7340774" lon="100.1740724"><ele>1966.7</ele><time>2024-01-01T01:08:18Z</time></trkpt>
      <trkpt lat="25.7340919" lon="100.1740595"><ele>1966.6</ele><time>2024-01-01T01:08:19Z</time></trkpt>
      <trkpt lat="25.7341069" lon="100.1740468"><ele>1966.6</ele><time>2024-01-01T01:08:20Z</time></trkpt>
      <trkpt lat="25.7341224" lon="100.1740347"><ele>1966.6</ele><time>2024-01-01T01:08:21Z</time></trkpt>
      <trkpt lat="25.7341380" lon="100.1740225"><ele>1966.6</ele><time>2024-01-01T01:08:22Z</time></trkpt>
      <trkpt lat="25.7341530" lon="100.1740094"><ele>1966.6</ele><time>2024-01-01T01:08:23Z</time></trkpt>
      <trkpt lat="25.7341678" lon="100.1739962"><ele>1966.7</ele><time>2024-01-01T01:08:24Z</time></trkpt>
      <trkpt lat="25.7341822" lon="100.1739825"><ele>1966.7</ele><time>2024-01-01T01:08:25Z</time></trkpt>
      <trkpt lat="25.7341965" lon="100.1739679"><ele>1966.8</ele><time>2024-01-01T01:08:26Z</time></trkpt>
      <trkpt lat="25.7342110" lon="100.1739534"><ele>1966.8</ele><time>2024-01-01T01:08:27Z</time></trkpt>
      <trkpt lat="25.7342258" lon="100.1739387"><ele>1966.9</ele><time>2024-01-01T01:08:28Z</time></trkpt>
      <trkpt lat="25.7342407" lon="100.1739238"><ele>1967.0</ele><time>2024-01-01T01:08:29Z</time></trkpt>
      <trkpt lat="25.7342553" lon="100.1739083"><ele>1967.1</ele><time>2024-01-01T01:08:30Z</time></trkpt>
      <trkpt lat="25.7342699" lon="100.1738923"><ele>1967.2</ele><time>2024-01-01T01:08:31Z</time></trkpt>
      <trkpt lat="25.7342847" lon="100.1738766"><ele>1967.2</ele><time>2024-01-01T01:08:32Z</time></trkpt>
      <trkpt lat="25.7342992" lon="100.1738607"><ele>1967.3</ele><time>2024-01-01T01:08:33Z</time></trkpt>
      <trkpt lat="25.7343138" lon="100.1738449"><ele>1967.4</ele><time>2024-01-01T01:08:34Z</time></trkpt>
      <trkpt lat="25.7343283" lon="100.1738291"><ele>1967.5</ele><time>2024-01-01T01:08:35Z</time></trkpt>
      <trkpt lat="25.7343426" lon="100.1738132"><ele>1967.5</ele><time>2024-01-01T01:08:36Z</time></trkpt>
      <trkpt lat="25.7343569" lon="100.1737977"><ele>1967.6</ele><time>2024-01-01T01:08:37Z</time></trkpt>
      <trkpt lat="25.7343710" lon="100.1737818"><ele>1967.6</ele><time>2024-01-01T01:08:38Z</time></trkpt>
      <trkpt lat="25.7343846" lon="100.1737654"><ele>1967.7</ele><time>2024-01-01T01:08:39Z</time></trkpt>
      <trkpt lat="25.7343978" lon="100.1737487"><ele>1967.7</ele><time>2024-01-01T01:08:40Z</time></trkpt>
      <trkpt lat="25.7344111" lon="100.1737323"><ele>1967.7</ele><time>2024-01-01T01:08:41Z</time></trkpt>
      <trkpt lat="25.7344245" lon="100.1737162"><ele>1967.6</ele><time>2024-01-01T01:08:42Z</time></trkpt>
      <trkpt lat="25.7344383" lon="100.1737002"><ele>1967.6</ele><time>2024-01-01T01:08:43Z</time></trkpt>
      <trkpt lat="25.7344522" lon="100.1736847"><ele>1967.6</ele><time>2024-01-01T01:08:44Z</time></trkpt>
      <trkpt lat="25.7344658" lon="100.1736695"><ele>1967.6</ele><time>2024-01-01T01:08:45Z</time></trkpt>
      <trkpt lat="25.7344795" lon="100.1736545"><ele>1967.5</ele><time>2024-01-01T01:08:46Z</time></trkpt>
      <trkpt lat="25.7344933" lon="100.1736394"><ele>1967.4</ele><time>2024-01-01T01:08:47Z</time></trkpt>
      <trkpt lat="25.7345072" lon="100.1736242"><ele>1967.4</ele><time>2024-01-01T01:08:48Z</time></trkpt>
      <trkpt lat="25.7345208" lon="100.1736089"><ele>1967.3</ele><time>2024-01-01T01:08:49Z</time></trkpt>
      <trkpt lat="25.7345343" lon="100.1735939"><ele>1967.2</ele><time>2024-01-01T01:08:50Z</time></trkpt>
      <trkpt lat="25.7345478" lon="100.1735792"><ele>1967.1</ele><time>2024-01-01T01:08:51Z</time></trkpt>
      <trkpt lat="25.7345612" lon="100.1735648"><ele>1967.0</ele><time>2024-01-01T01:08:52Z</time></trkpt>
      <trkpt lat="25.7345746" lon="100.1735503"><ele>1966.9</ele><time>2024-01-01T01:08:53Z</time></trkpt>
      <trkpt lat="25.7345879" lon="100.1735357"><ele>1966.8</ele><time>2024-01-01T01:08:54Z</time></trkpt>
      <trkpt lat="25.7346009" lon="100.1735208"><ele>1966.7</ele><time>2024-01-01T01:08:55Z</time></trkpt>
      <trkpt lat="25.7346137" lon="100.1735053"><ele>1966.7</ele><time>2024-01-01T01:08:56Z</time></trkpt>
      <trkpt lat="25.7346261" lon="100.1734895"><ele>1966.6</ele><time>2024-01-01T01:08:57Z</time></trkpt>
      <trkpt lat="25.7346381" lon="100.1734735"><ele>1966.5</ele><time>2024-01-01T01:08:58Z</time></trkpt>
      <trkpt lat="25.7346498" lon="100.1734574"><ele>1966.5</ele><time>2024-01-01T01:08:59Z</time></trkpt>
      <trkpt lat="25.7346611" lon="100.1734409"><ele>1966.4</ele><time>2024-01-01T01:09:00Z</time></trkpt>
      <trkpt lat="25.7346727" lon="100.1734244"><ele>1966.4</ele><time>2024-01-01T01:09:01Z</time></trkpt>
      <trkpt lat="25.7346849" lon="100.1734083"><ele>1966.4</ele><time>2024-01-01T01:09:02Z</time></trkpt>
      <trkpt lat="25.7346969" lon="100.1733923"><ele>1966.4</ele><time>2024-01-01T01:09:03Z</time></trkpt>
      <trkpt lat="25.7347080" lon="100.1733759"><ele>1966.4</ele><time>2024-01-01T01:09:04Z</time></trkpt>
      <trkpt lat="25.7347186" lon="100.1733592"><ele>1966.4</ele><time>2024-01-01T01:09:05Z</time></trkpt>
      <trkpt lat="25.7347297" lon="100.1733425"><ele>1966.5</ele><time>2024-01-01T01:09:06Z</time></trkpt>
      <trkpt lat="25.7347413" lon="100.1733261"><ele>1966.6</ele><time>2024-01-01T01:09:07Z</time></trkpt>
      <trkpt lat="25.7347530" lon="100.1733094"><ele>1966.6</ele><time>2024-01-01T01:09:08Z</time></trkpt>
      <trkpt lat="25.7347643" lon="100.1732920"><ele>1966.7</ele><time>2024-01-01T01:09:09Z</time></trkpt>
      <trkpt lat="25.7347752" lon="100.1732744"><ele>1966.7</ele><time>2024-01-01T01:09:10Z</time></trkpt>
      <trkpt lat="25.7347857" lon="100.1732564"><ele>1966.8</ele><time>2024-01-01T01:09:11Z</time></trkpt>
      <trkpt lat="25.7347966" lon="100.1732388"><ele>1966.9</ele><time>2024-01-01T01:09:12Z</time></trkpt>
      <trkpt lat="25.7348080" lon="100.1732220"><ele>1967.0</ele><time>2024-01-01T01:09:13Z</time></trkpt>
      <trkpt lat="25.7348191" lon="100.1732054"><ele>1967.0</ele><time>2024-01-01T01:09:14Z</time></trkpt>
      <trkpt lat="25.7348296" lon="100.1731886"><ele>1967.1</ele><time>2024-01-01T01:09:15Z</time></trkpt>
      <trkpt lat="25.7348399" lon="100.1731717"><ele>1967.2</ele><time>2024-01-01T01:09:16Z</time></trkpt>
      <trkpt lat="25.7348508" lon="100.1731549"><ele>1967.2</ele><time>2024-01-01T01:09:17Z</time></trkpt>
      <trkpt lat="25.7348616" lon="100.1731381"><ele>1967.3</ele><time>2024-01-01T01:09:18Z</time></trkpt>
      <trkpt lat="25.7348715" lon="100.1731204"><ele>1967.3</ele><time>2024-01-01T01:09:19Z</time></trkpt>
      <trkpt lat="25.7348808" lon="100.1731021"><ele>1967.4</ele><time>2024-01-01T01:09:20Z</time></trkpt>
      <trkpt lat="25.7348902" lon="100.1730839"><ele>1967.4</ele><time>2024-01-01T01:09:21Z</time></trkpt>
      <trkpt lat="25.7349001" lon="100.1730661"><ele>1967.5</ele><time>2024-01-01T01:09:22Z</time></trkpt>
      <trkpt lat="25.7349096" lon="100.1730486"><ele>1967.5</ele><time>2024-01-01T01:09:23Z</time></trkpt>
      <trkpt lat="25.7349189" lon="100.1730313"><ele>1967.5</ele><time>2024-01-01T01:09:24Z</time></trkpt>
      <trkpt lat="25.7349282" lon="100.1730142"><ele>1967.5</ele><time>2024-01-01T01:09:25Z</time></trkpt>
      <trkpt lat="25.7349380" lon="100.1729975"><ele>1967.5</ele><time>2024-01-01T01:09:26Z</time></trkpt>
      <trkpt lat="25.7349480" lon="100.1729809"><ele>1967.4</ele><time>2024-01-01T01:09:27Z</time></trkpt>
      <trkpt lat="25.7349576" lon="100.1729641"><ele>1967.4</ele><time>2024-01-01T01:09:28Z</time></trkpt>
      <trkpt lat="25.7349668" lon="100.1729470"><ele>1967.3</ele><time>2024-01-01T01:09:29Z</time></trkpt>
      <trkpt lat="25.7349758" lon="100.1729301"><ele>1967.2</ele><time>2024-01-01T01:09:30Z</time></trkpt>
      <trkpt lat="25.7349844" lon="100.1729133"><ele>1967.1</ele><time>2024-01-01T01:09:31Z</time></trkpt>
      <trkpt lat="25.7349925" lon="100.1728965"><ele>1967.0</ele><time>2024-01-01T01:09:32Z</time></trkpt>
      <trkpt lat="25.7350011" lon="100.1728800"><ele>1966.8</ele><time>2024-01-01T01:09:33Z</time></trkpt>
      <trkpt lat="25.7350103" lon="100.1728638"><ele>1966.7</ele><time>2024-01-01T01:09:34Z</time></trkpt>
      <trkpt lat="25.7350193" lon="100.1728473"><ele>1966.5</ele><time>2024-01-01T01:09:35Z</time></trkpt>
      <trkpt lat="25.7350279" lon="100.1728308"><ele>1966.4</ele><time>2024-01-01T01:09:36Z</time></trkpt>
      <trkpt lat="25.7350362" lon="100.1728137"><ele>1966.2</ele><time>2024-01-01T01:09:37Z</time></trkpt>
      <trkpt lat="25.7350439" lon="100.1727957"><ele>1966.1</ele><time>2024-01-01T01:09:38Z</time></trkpt>
      <trkpt lat="25.7350511" lon="100.1727772"><ele>1966.0</ele><time>2024-01-01T01:09:39Z</time></trkpt>
      <trkpt lat="25.7350588" lon="100.1727586"><ele>1965.9</ele><time>2024-01-01T01:09:40Z</time></trkpt>
      <trkpt lat="25.7350662" lon="100.1727401"><ele>1965.8</ele><time>2024-01-01T01:09:41Z</time></trkpt>
      <trkpt lat="25.7350732" lon="100.1727215"><ele>1965.7</ele><time>2024-01-01T01:09:42Z</time></trkpt>
      <trkpt lat="25.7350805" lon="100.1727035"><ele>1965.6</ele><time>2024-01-01T01:09:43Z</time></trkpt>
      <trkpt lat="25.7350878" lon="100.1726859"><ele>1965.5</ele><time>2024-01-01T01:09:44Z</time></trkpt>
      <trkpt lat="25.7350944" lon="100.1726680"><ele>1965.5</ele><time>2024-01-01T01:09:45Z</time></trkpt>
      <trkpt lat="25.7351007" lon="100.1726499"><ele>1965.4</ele><time>2024-01-01T01:09:46Z</time></trkpt>
      <trkpt lat="25.7351072" lon="100.1726320"><ele>1965.4</ele><time>2024-01-01T01:09:47Z</time></trkpt>
      <trkpt lat="25.7351136" lon="100.1726143"><ele>1965.4</ele><time>2024-01-01T01:09:48Z</time></trkpt>
      <trkpt lat="25.7351195" lon="100.1725965"><ele>1965.3</ele><time>2024-01-01T01:09:49Z</time></trkpt>
      <trkpt lat="25.7351255" lon="100.1725784"><ele>1965.3</ele><time>2024-01-01T01:09:50Z</time></trkpt>
      <trkpt lat="25.7351316" lon="100.1725603"><ele>1965.3</ele><time>2024-01-01T01:09:51Z</time></trkpt>
      <trkpt lat="25.7351375" lon="100.1725423"><ele>1965.3</ele><time>2024-01-01T01:09:52Z</time></trkpt>
      <trkpt lat="25.7351431" lon="100.1725242"><ele>1965.3</ele><time>2024-01-01T01:09:53Z</time></trkpt>
      <trkpt lat="25.7351493" lon="100.1725066"><ele>1965.3</ele><time>2024-01-01T01:09:54Z</time></trkpt>
      <trkpt lat="25.7351558" lon="100.1724889"><ele>1965.3</ele><time>2024-01-01T01:09:55Z</time></trkpt>
      <trkpt lat="25.7351613" lon="100.1724707"><ele>1965.3</ele><time>2024-01-01T01:09:56Z</time></trkpt>
      <trkpt lat="25.7351656" lon="100.1724520"><ele>1965.3</ele><time>2024-01-01T01:09:57Z</time></trkpt>
      <trkpt lat="25.7351689" lon="100.1724327"><ele>1965.3</ele><time>2024-01-01T01:09:58Z</time></trkpt>
      <trkpt lat="25.7351727" lon="100.1724133"><ele>1965.3</ele><time>2024-01-01T01:09:59Z</time></trkpt>
      <trkpt lat="25.7351775" lon="100.1723941"><ele>1965.3</ele><time>2024-01-01T01:10:00Z</time></trkpt>
      <trkpt lat="25.7351818" lon="100.1723750"><ele>1965.4</ele><time>2024-01-01T01:10:01Z</time></trkpt>
      <trkpt lat="25.7351850" lon="100.1723559"><ele>1965.4</ele><time>2024-01-01T01:10:02Z</time></trkpt>
      <trkpt lat="25.7351881" lon="100.1723367"><ele>1965.4</ele><time>2024-01-01T01:10:03Z</time></trkpt>
      <trkpt lat="25.7351913" lon="100.1723172"><ele>1965.4</ele><time>2024-01-01T01:10:04Z</time></trkpt>
      <trkpt lat="25.7351944" lon="100.1722975"><ele>1965.5</ele><time>2024-01-01T01:10:05Z</time></trkpt>
      <trkpt lat="25.7351970" lon="100.1722780"><ele>1965.5</ele><time>2024-01-01T01:10:06Z</time></trkpt>
      <trkpt lat="25.7351990" lon="100.1722587"><ele>1965.5</ele><time>2024-01-01T01:10:07Z</time></trkpt>
      <trkpt lat="25.7352008" lon="100.1722396"><ele>1965.5</ele><time>2024-01-01T01:10:08Z</time></trkpt>
      <trkpt lat="25.7352031" lon="100.1722207"><ele>1965.5</ele><time>2024-01-01T01:10:09Z</time></trkpt>
      <trkpt lat="25.7352060" lon="100.1722019"><ele>1965.6</ele><time>2024-01-01T01:10:10Z</time></trkpt>
      <trkpt lat="25.7352092" lon="100.1721832"><ele>1965.6</ele><time>2024-01-01T01:10:11Z</time></trkpt>
      <trkpt lat="25.7352125" lon="100.1721646"><ele>1965.6</ele><time>2024-01-01T01:10:12Z</time></trkpt>
      <trkpt lat="25.7352151" lon="100.1721459"><ele>1965.7</ele><time>2024-01-01T01:10:13Z</time></trkpt>
      <trkpt lat="25.7352173" lon="100.1721271"><ele>1965.7</ele><time>2024-01-01T01:10:14Z</time></trkpt>
      <trkpt lat="25.7352197" lon="100.1721081"><ele>1965.7</ele><time>2024-01-01T01:10:15Z</time></trkpt>
      <trkpt lat="25.7352218" lon="100.1720889"><ele>1965.7</ele><time>2024-01-01T01:10:16Z</time></trkpt>
      <trkpt lat="25.7352230" lon="100.1720698"><ele>1965.7</ele><time>2024-01-01T01:10:17Z</time></trkpt>
      <trkpt lat="25.7352236" lon="100.1720505"><ele>1965.7</ele><time>2024-01-01T01:10:18Z</time></trkpt>
      <trkpt lat="25.7352242" lon="100.1720312"><ele>1965.7</ele><time>2024-01-01T01:10:19Z</time></trkpt>
      <trkpt lat="25.7352249" lon="100.1720121"><ele>1965.7</ele><time>2024-01-01T01:10:20Z</time></trkpt>
      <trkpt lat="25.7352257" lon="100.1719930"><ele>1965.7</ele><time>2024-01-01T01:10:21Z</time></trkpt>
      <trkpt lat="25.7352268" lon="100.1719737"><ele>1965.7</ele><time>2024-01-01T01:10:22Z</time></trkpt>
      <trkpt lat="25.7352281" lon="100.1719540"><ele>1965.7</ele><time>2024-01-01T01:10:23Z</time></trkpt>
      <trkpt lat="25.7352296" lon="100.1719345"><ele>1965.8</ele><time>2024-01-01T01:10:24Z</time></trkpt>
      <trkpt lat="25.7352312" lon="100.1719156"><ele>1965.8</ele><time>2024-01-01T01:10:25Z</time></trkpt>
      <trkpt lat="25.7352325" lon="100.1718968"><ele>1965.8</ele><time>2024-01-01T01:10:26Z</time></trkpt>
      <trkpt lat="25.7352335" lon="100.1718779"><ele>1965.8</ele><time>2024-01-01T01:10:27Z</time></trkpt>
      <trkpt lat="25.7352349" lon="100.1718586"><ele>1965.9</ele><time>2024-01-01T01:10:28Z</time></trkpt>
      <trkpt lat="25.7352368" lon="100.1718392"><ele>1965.9</ele><time>2024-01-01T01:10:29Z</time></trkpt>
      <trkpt lat="25.7352381" lon="100.1718197"><ele>1965.9</ele><time>2024-01-01T01:10:30Z</time></trkpt>
      <trkpt lat="25.7352388" lon="100.1718003"><ele>1966.0</ele><time>2024-01-01T01:10:31Z</time></trkpt>
      <trkpt lat="25.7352391" lon="100.1717807"><ele>1966.0</ele><time>2024-01-01T01:10:32Z</time></trkpt>
      <trkpt lat="25.7352400" lon="100.1717613"><ele>1966.1</ele><time>2024-01-01T01:10:33Z</time></trkpt>
      <trkpt lat="25.7352409" lon="100.1717418"><ele>1966.1</ele><time>2024-01-01T01:10:34Z</time></trkpt>
      <trkpt lat="25.7352415" lon="100.1717223"><ele>1966.2</ele><time>2024-01-01T01:10:35Z</time></trkpt>
      <trkpt lat="25.7352425" lon="100.1717029"><ele>1966.2</ele><time>2024-01-01T01:10:36Z</time></trkpt>
      <trkpt lat="25.7352430" lon="100.1716833"><ele>1966.2</ele><time>2024-01-01T01:10:37Z</time></trkpt>
      <trkpt lat="25.7352433" lon="100.1716637"><ele>1966.2</ele><time>2024-01-01T01:10:38Z</time></trkpt>
      <trkpt lat="25.7352438" lon="100.1716442"><ele>1966.2</ele><time>2024-01-01T01:10:39Z</time></trkpt>
      <trkpt lat="25.7352447" lon="100.1716245"><ele>1966.2</ele><time>2024-01-01T01:10:40Z</time></trkpt>
      <trkpt lat="25.7352462" lon="100.1716050"><ele>1966.1</ele><time>2024-01-01T01:10:41Z</time></trkpt>
      <trkpt lat="25.7352477" lon="100.1715856"><ele>1966.0</ele><time>2024-01-01T01:10:42Z</time></trkpt>
      <trkpt lat="25.7352495" lon="100.1715664"><ele>1966.0</ele><time>2024-01-01T01:10:43Z</time></trkpt>
      <trkpt lat="25.7352514" lon="100.1715474"><ele>1965.9</ele><time>2024-01-01T01:10:44Z</time></trkpt>
      <trkpt lat="25.7352528" lon="100.1715287"><ele>1965.8</ele><time>2024-01-01T01:10:45Z</time></trkpt>
      <trkpt lat="25.7352538" lon="100.1715102"><ele>1965.6</ele><time>2024-01-01T01:10:46Z</time></trkpt>
      <trkpt lat="25.7352546" lon="100.1714916"><ele>1965.5</ele><time>2024-01-01T01:10:47Z</time></trkpt>
      <trkpt lat="25.7352554" lon="100.1714730"><ele>1965.3</ele><time>2024-01-01T01:10:48Z</time></trkpt>
      <trkpt lat="25.7352567" lon="100.1714543"><ele>1965.2</ele><time>2024-01-01T01:10:49Z</time></trkpt>
      <trkpt lat="25.7352590" lon="100.1714357"><ele>1965.0</ele><time>2024-01-01T01:10:50Z</time></trkpt>
      <trkpt lat="25.7352623" lon="100.1714172"><ele>1964.9</ele><time>2024-01-01T01:10:51Z</time></trkpt>
      <trkpt lat="25.7352659" lon="100.1713989"><ele>1964.8</ele><time>2024-01-01T01:10:52Z</time></trkpt>
      <trkpt lat="25.7352697" lon="100.1713803"><ele>1964.6</ele><time>2024-01-01T01:10:53Z</time></trkpt>
      <trkpt lat="25.7352740" lon="100.1713616"><ele>1964.5</ele><time>2024-01-01T01:10:54Z</time></trkpt>
      <trkpt lat="25.7352790" lon="100.1713428"><ele>1964.5</ele><time>2024-01-01T01:10:55Z</time></trkpt>
      <trkpt lat="25.7352846" lon="100.1713243"><ele>1964.4</ele><time>2024-01-01T01:10:56Z</time></trkpt>
      <trkpt lat="25.7352912" lon="100.1713065"><ele>1964.4</ele><time>2024-01-01T01:10:57Z</time></trkpt>
      <trkpt lat="25.7352989" lon="100.1712892"><ele>1964.4</ele><time>2024-01-01T01:10:58Z</time></trkpt>
      <trkpt lat="25.7353071" lon="100.1712718"><ele>1964.4</ele><time>2024-01-01T01:10:59Z</time></trkpt>
      <trkpt lat="25.7353156" lon="100.1712541"><ele>1964.4</ele><time>2024-01-01T01:11:00Z</time></trkpt>
      <trkpt lat="25.7353243" lon="100.1712360"><ele>1964.4</ele><time>2024-01-01T01:11:01Z</time></trkpt>
      <trkpt lat="25.7353333" lon="100.1712182"><ele>1964.5</ele><time>2024-01-01T01:11:02Z</time></trkpt>
      <trkpt lat="25.7353432" lon="100.1712007"><ele>1964.6</ele><time>2024-01-01T01:11:03Z</time></trkpt>
      <trkpt lat="25.7353543" lon="100.1711842"><ele>1964.7</ele><time>2024-01-01T01:11:04Z</time></trkpt>
      <trkpt lat="25.7353672" lon="100.1711694"><ele>1964.8</ele><time>2024-01-01T01:11:05Z</time></trkpt>
      <trkpt lat="25.7353807" lon="100.1711553"><ele>1965.0</ele><time>2024-01-01T01:11:06Z</time></trkpt>
      <trkpt lat="25.7353943" lon="100.1711413"><ele>1965.1</ele><time>2024-01-01T01:11:07Z</time></trkpt>
      <trkpt lat="25.7354086" lon="100.1711281"><ele>1965.3</ele><time>2024-01-01T01:11:08Z</time></trkpt>
      <trkpt lat="25.7354234" lon="100.1711153"><ele>1965.5</ele><time>2024-01-01T01:11:09Z</time></trkpt>
      <trkpt lat="25.7354382" lon="100.1711028"><ele>1965.6</ele><time>2024-01-01T01:11:10Z</time></trkpt>
      <trkpt lat="25.7354530" lon="100.1710905"><ele>1965.8</ele><time>2024-01-01T01:11:11Z</time></trkpt>
      <trkpt lat="25.7354681" lon="100.1710790"><ele>1966.0</ele><time>2024-01-01T01:11:12Z</time></trkpt>
      <trkpt lat="25.7354833" lon="100.1710680"><ele>1966.2</ele><time>2024-01-01T01:11:13Z</time></trkpt>
      <trkpt lat="25.7354989" lon="100.1710574"><ele>1966.3</ele><time>2024-01-01T01:11:14Z</time></trkpt>
      <trkpt lat="25.7355147" lon="100.1710481"><ele>1966.4</ele><time>2024-01-01T01:11:15Z</time></trkpt>
      <trkpt lat="25.7355311" lon="100.1710400"><ele>1966.6</ele><time>2024-01-01T01:11:16Z</time></trkpt>
      <trkpt lat="25.7355480" lon="100.1710328"><ele>1966.7</ele><time>2024-01-01T01:11:17Z</time></trkpt>
      <trkpt lat="25.7355654" lon="100.1710270"><ele>1966.8</ele><time>2024-01-01T01:11:18Z</time></trkpt>
      <trkpt lat="25.7355833" lon="100.1710218"><ele>1966.9</ele><time>2024-01-01T01:11:19Z</time></trkpt>
      <trkpt lat="25.7356014" lon="100.1710174"><ele>1966.9</ele><time>2024-01-01T01:11:20Z</time></trkpt>
      <trkpt lat="25.7356194" lon="100.1710139"><ele>1967.0</ele><time>2024-01-01T01:11:21Z</time></trkpt>
      <trkpt lat="25.7356374" lon="100.1710108"><ele>1967.0</ele><time>2024-01-01T01:11:22Z</time></trkpt>
      <trkpt lat="25.7356552" lon="100.1710078"><ele>1967.1</ele><time>2024-01-01T01:11:23Z</time></trkpt>
      <trkpt lat="25.7356732" lon="100.1710049"><ele>1967.1</ele><time>2024-01-01T01:11:24Z</time></trkpt>
      <trkpt lat="25.7356913" lon="100.1710029"><ele>1967.2</ele><time>2024-01-01T01:11:24Z</time></trkpt>
      <trkpt lat="25.7357094" lon="100.1710023"><ele>1967.2</ele><time>2024-01-01T01:11:25Z</time></trkpt>
      <trkpt lat="25.7357275" lon="100.1710030"><ele>1967.2</ele><time>2024-01-01T01:11:26Z</time></trkpt>
      <trkpt lat="25.7357456" lon="100.1710051"><ele>1967.2</ele><time>2024-01-01T01:11:27Z</time></trkpt>
      <trkpt lat="25.7357637" lon="100.1710074"><ele>1967.3</ele><time>2024-01-01T01:11:28Z</time></trkpt>
      <trkpt lat="25.7357816" lon="100.1710087"><ele>1967.3</ele><time>2024-01-01T01:11:29Z</time></trkpt>
      <trkpt lat="25.7357991" lon="100.1710096"><ele>1967.3</ele><time>2024-01-01T01:11:30Z</time></trkpt>
      <trkpt lat="25.7358165" lon="100.1710112"><ele>1967.3</ele><time>2024-01-01T01:11:31Z</time></trkpt>
      <trkpt lat="25.7358341" lon="100.1710144"><ele>1967.4</ele><time>2024-01-01T01:11:32Z</time></trkpt>
      <trkpt lat="25.7358520" lon="100.1710174"><ele>1967.4</ele><time>2024-01-01T01:11:33Z</time></trkpt>
      <trkpt lat="25.7358703" lon="100.1710183"><ele>1967.4</ele><time>2024-01-01T01:11:34Z</time></trkpt>
      <trkpt lat="25.7358888" lon="100.1710164"><ele>1967.5</ele><time>2024-01-01T01:11:35Z</time></trkpt>
      <trkpt lat="25.7359078" lon="100.1710132"><ele>1967.5</ele><time>2024-01-01T01:11:36Z</time></trkpt>
      <trkpt lat="25.7359273" lon="100.1710106"><ele>1967.6</ele><time>2024-01-01T01:11:37Z</time></trkpt>
      <trkpt lat="25.7359470" lon="100.1710092"><ele>1967.6</ele><time>2024-01-01T01:11:38Z</time></trkpt>
      <trkpt lat="25.7359668" lon="100.1710087"><ele>1967.7</ele><time>2024-01-01T01:11:39Z</time></trkpt>
      <trkpt lat="25.7359868" lon="100.1710090"><ele>1967.7</ele><time>2024-01-01T01:11:40Z</time></trkpt>
      <trkpt lat="25.7360070" lon="100.1710095"><ele>1967.8</ele><time>2024-01-01T01:11:41Z</time></trkpt>
      <trkpt lat="25.7360275" lon="100.1710102"><ele>1967.8</ele><time>2024-01-01T01:11:42Z</time></trkpt>
      <trkpt lat="25.7360481" lon="100.1710114"><ele>1967.9</ele><time>2024-01-01T01:11:43Z</time></trkpt>
      <trkpt lat="25.7360686" lon="100.1710129"><ele>1967.9</ele><time>2024-01-01T01:11:44Z</time></trkpt>
      <trkpt lat="25.7360892" lon="100.1710141"><ele>1968.0</ele><time>2024-01-01T01:11:45Z</time></trkpt>
      <trkpt lat="25.7361098" lon="100.1710145"><ele>1968.0</ele><time>2024-01-01T01:11:46Z</time></trkpt>
      <trkpt lat="25.7361307" lon="100.1710145"><ele>1968.1</ele><time>2024-01-01T01:11:47Z</time></trkpt>
      <trkpt lat="25.7361517" lon="100.1710138"><ele>1968.2</ele><time>2024-01-01T01:11:48Z</time></trkpt>
      <trkpt lat="25.7361727" lon="100.1710119"><ele>1968.2</ele><time>2024-01-01T01:11:49Z</time></trkpt>
      <trkpt lat="25.7361934" lon="100.1710095"><ele>1968.3</ele><time>2024-01-01T01:11:50Z</time></trkpt>
      <trkpt lat="25.7362137" lon="100.1710081"><ele>1968.3</ele><time>2024-01-01T01:11:51Z</time></trkpt>
      <trkpt lat="25.7362334" lon="100.1710074"><ele>1968.3</ele><time>2024-01-01T01:11:52Z</time></trkpt>
      <trkpt lat="25.7362528" lon="100.1710060"><ele>1968.4</ele><time>2024-01-01T01:11:53Z</time></trkpt>
      <trkpt lat="25.7362723" lon="100.1710033"><ele>1968.4</ele><time>2024-01-01T01:11:54Z</time></trkpt>
      <trkpt lat="25.7362920" lon="100.1709991"><ele>1968.5</ele><time>2024-01-01T01:11:55Z</time></trkpt>
      <trkpt lat="25.7363119" lon="100.1709935"><ele>1968.5</ele><time>2024-01-01T01:11:56Z</time></trkpt>
      <trkpt lat="25.7363322" lon="100.1709876"><ele>1968.5</ele><time>2024-01-01T01:11:57Z</time></trkpt>
      <trkpt lat="25.7363525" lon="100.1709809"><ele>1968.6</ele><time>2024-01-01T01:11:58Z</time></trkpt>
      <trkpt lat="25.7363725" lon="100.1709730"><ele>1968.6</ele><time>2024-01-01T01:11:59Z</time></trkpt>
      <trkpt lat="25.7363922" lon="100.1709646"><ele>1968.6</ele><time>2024-01-01T01:12:00Z</time></trkpt>
      <trkpt lat="25.7364111" lon="100.1709550"><ele>1968.7</ele><time>2024-01-01T01:12:01Z</time></trkpt>
      <trkpt lat="25.7364296" lon="100.1709443"><ele>1968.7</ele><time>2024-01-01T01:12:02Z</time></trkpt>
      <trkpt lat="25.7364477" lon="100.1709337"><ele>1968.7</ele><time>2024-01-01T01:12:03Z</time></trkpt>
      <trkpt lat="25.7364660" lon="100.1709235"><ele>1968.7</ele><time>2024-01-01T01:12:04Z</time></trkpt>
      <trkpt lat="25.7364841" lon="100.1709143"><ele>1968.7</ele><time>2024-01-01T01:12:05Z</time></trkpt>
      <trkpt lat="25.7365021" lon="100.1709058"><ele>1968.7</ele><time>2024-01-01T01:12:06Z</time></trkpt>
      <trkpt lat="25.7365196" lon="100.1708970"><ele>1968.7</ele><time>2024-01-01T01:12:07Z</time></trkpt>
      <trkpt lat="25.7365366" lon="100.1708874"><ele>1968.7</ele><time>2024-01-01T01:12:08Z</time></trkpt>
      <trkpt lat="25.7365536" lon="100.1708773"><ele>1968.6</ele><time>2024-01-01T01:12:09Z</time></trkpt>
      <trkpt lat="25.7365710" lon="100.1708676"><ele>1968.6</ele><time>2024-01-01T01:12:10Z</time></trkpt>
      <trkpt lat="25.7365887" lon="100.1708584"><ele>1968.6</ele><time>2024-01-01T01:12:11Z</time></trkpt>
      <trkpt lat="25.7366066" lon="100.1708491"><ele>1968.6</ele><time>2024-01-01T01:12:12Z</time></trkpt>
      <trkpt lat="25.7366251" lon="100.1708411"><ele>1968.5</ele><time>2024-01-01T01:12:13Z</time></trkpt>
      <trkpt lat="25.7366440" lon="100.1708351"><ele>1968.5</ele><time>2024-01-01T01:12:14Z</time></trkpt>
      <trkpt lat="25.7366635" lon="100.1708313"><ele>1968.5</ele><time>2024-01-01T01:12:15Z</time></trkpt>
      <trkpt lat="25.7366830" lon="100.1708297"><ele>1968.5</ele><time>2024-01-01T01:12:16Z</time></trkpt>
      <trkpt lat="25.7367028" lon="100.1708297"><ele>1968.5</ele><time>2024-01-01T01:12:17Z</time></trkpt>
      <trkpt lat="25.7367227" lon="100.1708310"><ele>1968.5</ele><time>2024-01-01T01:12:18Z</time></trkpt>
      <trkpt lat="25.7367425" lon="100.1708333"><ele>1968.5</ele><time>2024-01-01T01:12:19Z</time></trkpt>
      <trkpt lat="25.7367626" lon="100.1708366"><ele>1968.5</ele><time>2024-01-01T01:12:20Z</time></trkpt>
      <trkpt lat="25.7367823" lon="100.1708413"><ele>1968.5</ele><time>2024-01-01T01:12:21Z</time></trkpt>
      <trkpt lat="25.7368016" lon="100.1708468"><ele>1968.5</ele><time>2024-01-01T01:12:22Z</time></trkpt>
      <trkpt lat="25.7368202" lon="100.1708538"><ele>1968.5</ele><time>2024-01-01T01:12:23Z</time></trkpt>
      <trkpt lat="25.7368380" lon="100.1708622"><ele>1968.5</ele><time>2024-01-01T01:12:24Z</time></trkpt>
      <trkpt lat="25.7368557" lon="100.1708702"><ele>1968.5</ele><time>2024-01-01T01:12:25Z</time></trkpt>
      <trkpt lat="25.7368732" lon="100.1708773"><ele>1968.5</ele><time>2024-01-01T01:12:26Z</time></trkpt>
      <trkpt lat="25.7368907" lon="100.1708835"><ele>1968.5</ele><time>2024-01-01T01:12:27Z</time></trkpt>
      <trkpt lat="25.7369083" lon="100.1708888"><ele>1968.4</ele><time>2024-01-01T01:12:28Z</time></trkpt>
      <trkpt lat="25.7369258" lon="100.1708939"><ele>1968.4</ele><time>2024-01-01T01:12:29Z</time></trkpt>
      <trkpt lat="25.7369431" lon="100.1708996"><ele>1968.4</ele><time>2024-01-01T01:12:30Z</time></trkpt>
      <trkpt lat="25.7369604" lon="100.1709051"><ele>1968.3</ele><time>2024-01-01T01:12:31Z</time></trkpt>
      <trkpt lat="25.7369778" lon="100.1709093"><ele>1968.2</ele><time>2024-01-01T01:12:32Z</time></trkpt>
      <trkpt lat="25.7369957" lon="100.1709126"><ele>1968.2</ele><time>2024-01-01T01:12:33Z</time></trkpt>
      <trkpt lat="25.7370136" lon="100.1709162"><ele>1968.1</ele><time>2024-01-01T01:12:34Z</time></trkpt>
      <trkpt lat="25.7370318" lon="100.1709204"><ele>1968.0</ele><time>2024-01-01T01:12:35Z</time></trkpt>
      <trkpt lat="25.7370500" lon="100.1709246"><ele>1967.9</ele><time>2024-01-01T01:12:36Z</time></trkpt>
      <trkpt lat="25.7370682" lon="100.1709280"><ele>1967.9</ele><time>2024-01-01T01:12:37Z</time></trkpt>
      <trkpt lat="25.7370868" lon="100.1709305"><ele>1967.8</ele><time>2024-01-01T01:12:38Z</time></trkpt>
      <trkpt lat="25.7371052" lon="100.1709317"><ele>1967.7</ele><time>2024-01-01T01:12:39Z</time></trkpt>
      <trkpt lat="25.7371234" lon="100.1709317"><ele>1967.7</ele><time>2024-01-01T01:12:40Z</time></trkpt>
      <trkpt lat="25.7371414" lon="100.1709304"><ele>1967.7</ele><time>2024-01-01T01:12:41Z</time></trkpt>
      <trkpt lat="25.7371592" lon="100.1709291"><ele>1967.7</ele><time>2024-01-01T01:12:42Z</time></trkpt>
      <trkpt lat="25.7371772" lon="100.1709278"><ele>1967.7</ele><time>2024-01-01T01:12:43Z</time></trkpt>
      <trkpt lat="25.7371950" lon="100.1709260"><ele>1967.8</ele><time>2024-01-01T01:12:44Z</time></trkpt>
      <trkpt lat="25.7372128" lon="100.1709238"><ele>1967.8</ele><time>2024-01-01T01:12:45Z</time></trkpt>
      <trkpt lat="25.7372308" lon="100.1709215"><ele>1967.9</ele><time>2024-01-01T01:12:46Z</time></trkpt>
      <trkpt lat="25.7372486" lon="100.1709193"><ele>1967.9</ele><time>2024-01-01T01:12:47Z</time></trkpt>
      <trkpt lat="25.7372662" lon="100.1709178"><ele>1968.0</ele><time>2024-01-01T01:12:48Z</time></trkpt>
      <trkpt lat="25.7372840" lon="100.1709172"><ele>1968.0</ele><time>2024-01-01T01:12:49Z</time></trkpt>
      <trkpt lat="25.7373019" lon="100.1709164"><ele>1968.1</ele><time>2024-01-01T01:12:50Z</time></trkpt>
      <trkpt lat="25.7373199" lon="100.1709157"><ele>1968.2</ele><time>2024-01-01T01:12:51Z</time></trkpt>
      <trkpt lat="25.7373379" lon="100.1709155"><ele>1968.3</ele><time>2024-01-01T01:12:52Z</time></trkpt>
      <trkpt lat="25.7373555" lon="100.1709153"><ele>1968.3</ele><time>2024-01-01T01:12:53Z</time></trkpt>
      <trkpt lat="25.7373732" lon="100.1709151"><ele>1968.4</ele><time>2024-01-01T01:12:54Z</time></trkpt>
      <trkpt lat="25.7373908" lon="100.1709147"><ele>1968.4</ele><time>2024-01-01T01:12:55Z</time></trkpt>
      <trkpt lat="25.7374085" lon="100.1709140"><ele>1968.5</ele><time>2024-01-01T01:12:56Z</time></trkpt>
      <trkpt lat="25.7374264" lon="100.1709134"><ele>1968.6</ele><time>2024-01-01T01:12:57Z</time></trkpt>
      <trkpt lat="25.7374443" lon="100.1709124"><ele>1968.6</ele><time>2024-01-01T01:12:58Z</time></trkpt>
      <trkpt lat="25.7374622" lon="100.1709108"><ele>1968.7</ele><time>2024-01-01T01:12:59Z</time></trkpt>
      <trkpt lat="25.7374801" lon="100.1709095"><ele>1968.7</ele><time>2024-01-01T01:13:00Z</time></trkpt>
      <trkpt lat="25.7374978" lon="100.1709085"><ele>1968.8</ele><time>2024-01-01T01:13:01Z</time></trkpt>
      <trkpt lat="25.7375155" lon="100.1709075"><ele>1968.8</ele><time>2024-01-01T01:13:02Z</time></trkpt>
      <trkpt lat="25.7375331" lon="100.1709061"><ele>1968.9</ele><time>2024-01-01T01:13:03Z</time></trkpt>
      <trkpt lat="25.7375506" lon="100.1709044"><ele>1968.9</ele><time>2024-01-01T01:13:04Z</time></trkpt>
      <trkpt lat="25.7375679" lon="100.1709025"><ele>1968.9</ele><time>2024-01-01T01:13:05Z</time></trkpt>
      <trkpt lat="25.7375852" lon="100.1709005"><ele>1968.9</ele><time>2024-01-01T01:13:06Z</time></trkpt>
      <trkpt lat="25.7376025" lon="100.1708988"><ele>1968.8</ele><time>2024-01-01T01:13:07Z</time></trkpt>
      <trkpt lat="25.7376199" lon="100.1708979"><ele>1968.8</ele><time>2024-01-01T01:13:08Z</time></trkpt>
      <trkpt lat="25.7376375" lon="100.1708978"><ele>1968.7</ele><time>2024-01-01T01:13:09Z</time></trkpt>
      <trkpt lat="25.7376553" lon="100.1708981"><ele>1968.6</ele><time>2024-01-01T01:13:10Z</time></trkpt>
      <trkpt lat="25.7376734" lon="100.1708978"><ele>1968.5</ele><time>2024-01-01T01:13:11Z</time></trkpt>
      <trkpt lat="25.7376920" lon="100.1708969"><ele>1968.4</ele><time>2024-01-01T01:13:12Z</time></trkpt>
      <trkpt lat="25.7377109" lon="100.1708962"><ele>1968.3</ele><time>2024-01-01T01:13:13Z</time></trkpt>
      <trkpt lat="25.7377299" lon="100.1708951"><ele>1968.1</ele><time>2024-01-01T01:13:14Z</time></trkpt>
      <trkpt lat="25.7377489" lon="100.1708937"><ele>1968.0</ele><time>2024-01-01T01:13:16Z</time></trkpt>
      <trkpt lat="25.7377679" lon="100.1708910"><ele>1967.9</ele><time>2024-01-01T01:13:17Z</time></trkpt>
      <trkpt lat="25.7377874" lon="100.1708870"><ele>1967.8</ele><time>2024-01-01T01:13:18Z</time></trkpt>
      <trkpt lat="25.7378071" lon="100.1708827"><ele>1967.7</ele><time>2024-01-01T01:13:19Z</time></trkpt>
      <trkpt lat="25.7378261" lon="100.1708769"><ele>1967.6</ele><time>2024-01-01T01:13:20Z</time></trkpt>
      <trkpt lat="25.7378445" lon="100.1708691"><ele>1967.5</ele><time>2024-01-01T01:13:21Z</time></trkpt>
      <trkpt lat="25.7378626" lon="100.1708603"><ele>1967.5</ele><time>2024-01-01T01:13:22Z</time></trkpt>
      <trkpt lat="25.7378809" lon="100.1708509"><ele>1967.4</ele><time>2024-01-01T01:13:23Z</time></trkpt>
      <trkpt lat="25.7378989" lon="100.1708408"><ele>1967.3</ele><time>2024-01-01T01:13:24Z</time></trkpt>
      <trkpt lat="25.7379157" lon="100.1708296"><ele>1967.3</ele><time>2024-01-01T01:13:25Z</time></trkpt>
      <trkpt lat="25.7379310" lon="100.1708170"><ele>1967.2</ele><time>2024-01-01T01:13:26Z</time></trkpt>
      <trkpt lat="25.7379449" lon="100.1708028"><ele>1967.2</ele><time>2024-01-01T01:13:27Z</time></trkpt>
      <trkpt lat="25.7379579" lon="100.1707871"><ele>1967.2</ele><time>2024-01-01T01:13:28Z</time></trkpt>
      <trkpt lat="25.7379705" lon="100.1707710"><ele>1967.2</ele><time>2024-01-01T01:13:29Z</time></trkpt>
      <trkpt lat="25.7379829" lon="100.1707547"><ele>1967.3</ele><time>2024-01-01T01:13:30Z</time></trkpt>
      <trkpt lat="25.7379946" lon="100.1707382"><ele>1967.4</ele><time>2024-01-01T01:13:31Z</time></trkpt>
      <trkpt lat="25.7380053" lon="100.1707212"><ele>1967.5</ele><time>2024-01-01T01:13:32Z</time></trkpt>
      <trkpt lat="25.7380147" lon="100.1707028"><ele>1967.6</ele><time>2024-01-01T01:13:33Z</time></trkpt>
      <trkpt lat="25.7380223" lon="100.1706825"><ele>1967.8</ele><time>2024-01-01T01:13:34Z</time></trkpt>
      <trkpt lat="25.7380283" lon="100.1706608"><ele>1967.9</ele><time>2024-01-01T01:13:35Z</time></trkpt>
      <trkpt lat="25.7380334" lon="100.1706389"><ele>1968.1</ele><time>2024-01-01T01:13:36Z</time></trkpt>
      <trkpt lat="25.7380377" lon="100.1706173"><ele>1968.2</ele><time>2024-01-01T01:13:37Z</time></trkpt>
      <trkpt lat="25.7380418" lon="100.1705955"><ele>1968.3</ele><time>2024-01-01T01:13:38Z</time></trkpt>
      <trkpt lat="25.7380466" lon="100.1705738"><ele>1968.5</ele><time>2024-01-01T01:13:39Z</time></trkpt>
      <trkpt lat="25.7380515" lon="100.1705526"><ele>1968.6</ele><time>2024-01-01T01:13:40Z</time></trkpt>
      <trkpt lat="25.7380561" lon="100.1705321"><ele>1968.8</ele><time>2024-01-01T01:13:41Z</time></trkpt>
      <trkpt lat="25.7380606" lon="100.1705124"><ele>1968.9</ele><time>2024-01-01T01:13:42Z</time></trkpt>
      <trkpt lat="25.7380649" lon="100.1704927"><ele>1968.9</ele><time>2024-01-01T01:13:43Z</time></trkpt>
      <trkpt lat="25.7380693" lon="100.1704732"><ele>1969.0</ele><time>2024-01-01T01:13:44Z</time></trkpt>
      <trkpt lat="25.7380745" lon="100.1704544"><ele>1969.1</ele><time>2024-01-01T01:13:45Z</time></trkpt>
      <trkpt lat="25.7380802" lon="100.1704359"><ele>1969.1</ele><time>2024-01-01T01:13:46Z</time></trkpt>
      <trkpt lat="25.7380855" lon="100.1704175"><ele>1969.1</ele><time>2024-01-01T01:13:47Z</time></trkpt>
      <trkpt lat="25.7380907" lon="100.1703986"><ele>1969.1</ele><time>2024-01-01T01:13:48Z</time></trkpt>
      <trkpt lat="25.7380966" lon="100.1703794"><ele>1969.1</ele><time>2024-01-01T01:13:49Z</time></trkpt>
      <trkpt lat="25.7381028" lon="100.1703600"><ele>1969.0</ele><time>2024-01-01T01:13:50Z</time></trkpt>
      <trkpt lat="25.7381081" lon="100.1703401"><ele>1968.9</ele><time>2024-01-01T01:13:51Z</time></trkpt>
      <trkpt lat="25.7381131" lon="100.1703202"><ele>1968.8</ele><time>2024-01-01T01:13:52Z</time></trkpt>
      <trkpt lat="25.7381180" lon="100.1703007"><ele>1968.7</ele><time>2024-01-01T01:13:53Z</time></trkpt>
      <trkpt lat="25.7381224" lon="100.1702814"><ele>1968.6</ele><time>2024-01-01T01:13:54Z</time></trkpt>
      <trkpt lat="25.7381262" lon="100.1702623"><ele>1968.5</ele><time>2024-01-01T01:13:55Z</time></trkpt>
      <trkpt lat="25.7381304" lon="100.1702432"><ele>1968.4</ele><time>2024-01-01T01:13:56Z</time></trkpt>
      <trkpt lat="25.7381353" lon="100.1702243"><ele>1968.3</ele><time>2024-01-01T01:13:57Z</time></trkpt>
      <trkpt lat="25.7381399" lon="100.1702054"><ele>1968.2</ele><time>2024-01-01T01:13:58Z</time></trkpt>
      <trkpt lat="25.7381430" lon="100.1701864"><ele>1968.1</ele><time>2024-01-01T01:13:59Z</time></trkpt>
      <trkpt lat="25.7381453" lon="100.1701671"><ele>1968.1</ele><time>2024-01-01T01:14:00Z</time></trkpt>
      <trkpt lat="25.7381484" lon="100.1701478"><ele>1968.0</ele><time>2024-01-01T01:14:01Z</time></trkpt>
      <trkpt lat="25.7381524" lon="100.1701289"><ele>1967.9</ele><time>2024-01-01T01:14:02Z</time></trkpt>
      <trkpt lat="25.7381561" lon="100.1701101"><ele>1967.8</ele><time>2024-01-01T01:14:03Z</time></trkpt>
      <trkpt lat="25.7381604" lon="100.1700916"><ele>1967.8</ele><time>2024-01-01T01:14:04Z</time></trkpt>
      <trkpt lat="25.7381652" lon="100.1700731"><ele>1967.8</ele><time>2024-01-01T01:14:05Z</time></trkpt>
      <trkpt lat="25.7381691" lon="100.1700544"><ele>1967.8</ele><time>2024-01-01T01:14:06Z</time></trkpt>
      <trkpt lat="25.7381716" lon="100.1700354"><ele>1967.8</ele><time>2024-01-01T01:14:07Z</time></trkpt>
      <trkpt lat="25.7381735" lon="100.1700161"><ele>1967.8</ele><time>2024-01-01T01:14:08Z</time></trkpt>
      <trkpt lat="25.7381748" lon="100.1699969"><ele>1967.8</ele><time>2024-01-01T01:14:09Z</time></trkpt>
      <trkpt lat="25.7381756" lon="100.1699776"><ele>1967.9</ele><time>2024-01-01T01:14:10Z</time></trkpt>
      <trkpt lat="25.7381764" lon="100.1699579"><ele>1967.9</ele><time>2024-01-01T01:14:11Z</time></trkpt>
      <trkpt lat="25.7381779" lon="100.1699382"><ele>1968.0</ele><time>2024-01-01T01:14:12Z</time></trkpt>
      <trkpt lat="25.7381791" lon="100.1699180"><ele>1968.0</ele><time>2024-01-01T01:14:13Z</time></trkpt>
      <trkpt lat="25.7381795" lon="100.1698975"><ele>1968.1</ele><time>2024-01-01T01:14:14Z</time></trkpt>
      <trkpt lat="25.7381797" lon="100.1698763"><ele>1968.1</ele><time>2024-01-01T01:14:15Z</time></trkpt>
      <trkpt lat="25.7381804" lon="100.1698540"><ele>1968.2</ele><time>2024-01-01T01:14:16Z</time></trkpt>
      <trkpt lat="25.7381821" lon="100.1698311"><ele>1968.2</ele><time>2024-01-01T01:14:17Z</time></trkpt>
      <trkpt lat="25.7381849" lon="100.1698074"><ele>1968.3</ele><time>2024-01-01T01:14:18Z</time></trkpt>
      <trkpt lat="25.7381890" lon="100.1697835"><ele>1968.3</ele><time>2024-01-01T01:14:19Z</time></trkpt>
      <trkpt lat="25.7381929" lon="100.1697597"><ele>1968.4</ele><time>2024-01-01T01:14:20Z</time></trkpt>
      <trkpt lat="25.7381957" lon="100.1697364"><ele>1968.4</ele><time>2024-01-01T01:14:21Z</time></trkpt>
      <trkpt lat="25.7381976" lon="100.1697140"><ele>1968.4</ele><time>2024-01-01T01:14:22Z</time></trkpt>
      <trkpt lat="25.7381992" lon="100.1696920"><ele>1968.5</ele><time>2024-01-01T01:14:23Z</time></trkpt>
      <trkpt lat="25.7382007" lon="100.1696703"><ele>1968.5</ele><time>2024-01-01T01:14:24Z</time></trkpt>
      <trkpt lat="25.7382022" lon="100.1696490"><ele>1968.4</ele><time>2024-01-01T01:14:25Z</time></trkpt>
      <trkpt lat="25.7382040" lon="100.1696281"><ele>1968.4</ele><time>2024-01-01T01:14:26Z</time></trkpt>
      <trkpt lat="25.7382063" lon="100.1696077"><ele>1968.4</ele><time>2024-01-01T01:14:27Z</time></trkpt>
      <trkpt lat="25.7382091" lon="100.1695872"><ele>1968.4</ele><time>2024-01-01T01:14:28Z</time></trkpt>
      <trkpt lat="25.7382131" lon="100.1695668"><ele>1968.3</ele><time>2024-01-01T01:14:29Z</time></trkpt>
      <trkpt lat="25.7382172" lon="100.1695462"><ele>1968.3</ele><time>2024-01-01T01:14:30Z</time></trkpt>
      <trkpt lat="25.7382201" lon="100.1695255"><ele>1968.3</ele><time>2024-01-01T01:14:31Z</time></trkpt>
      <trkpt lat="25.7382226" lon="100.1695044"><ele>1968.3</ele><time>2024-01-01T01:14:32Z</time></trkpt>
      <trkpt lat="25.7382260" lon="100.1694831"><ele>1968.3</ele><time>2024-01-01T01:14:33Z</time></trkpt>
      <trkpt lat="25.7382304" lon="100.1694619"><ele>1968.2</ele><time>2024-01-01T01:14:34Z</time></trkpt>
      <trkpt lat="25.7382345" lon="100.1694408"><ele>1968.2</ele><time>2024-01-01T01:14:35Z</time></trkpt>
      <trkpt lat="25.7382371" lon="100.1694198"><ele>1968.2</ele><time>2024-01-01T01:14:36Z</time></trkpt>
      <trkpt lat="25.7382394" lon="100.1693987"><ele>1968.2</ele><time>2024-01-01T01:14:37Z</time></trkpt>
      <trkpt lat="25.7382416" lon="100.1693774"><ele>1968.1</ele><time>2024-01-01T01:14:38Z</time></trkpt>
      <trkpt lat="25.7382436" lon="100.1693564"><ele>1968.1</ele><time>2024-01-01T01:14:39Z</time></trkpt>
      <trkpt lat="25.7382454" lon="100.1693356"><ele>1968.0</ele><time>2024-01-01T01:14:40Z</time></trkpt>
      <trkpt lat="25.7382475" lon="100.1693146"><ele>1968.0</ele><time>2024-01-01T01:14:41Z</time></trkpt>
      <trkpt lat="25.7382502" lon="100.1692931"><ele>1967.9</ele><time>2024-01-01T01:14:42Z</time></trkpt>
      <trkpt lat="25.7382533" lon="100.1692712"><ele>1967.9</ele><time>2024-01-01T01:14:43Z</time></trkpt>
      <trkpt lat="25.7382571" lon="100.1692494"><ele>1967.9</ele><time>2024-01-01T01:14:44Z</time></trkpt>
      <trkpt lat="25.7382608" lon="100.1692273"><ele>1967.8</ele><time>2024-01-01T01:14:45Z</time></trkpt>
      <trkpt lat="25.7382637" lon="100.1692047"><ele>1967.9</ele><time>2024-01-01T01:14:46Z</time></trkpt>
      <trkpt lat="25.7382662" lon="100.1691820"><ele>1967.9</ele><time>2024-01-01T01:14:47Z</time></trkpt>
      <trkpt lat="25.7382691" lon="100.1691600"><ele>1968.0</ele><time>2024-01-01T01:14:48Z</time></trkpt>
      <trkpt lat="25.7382722" lon="100.1691387"><ele>1968.1</ele><time>2024-01-01T01:14:49Z</time></trkpt>
      <trkpt lat="25.7382750" lon="100.1691175"><ele>1968.2</ele><time>2024-01-01T01:14:50Z</time></trkpt>
      <trkpt lat="25.7382780" lon="100.1690962"><ele>1968.4</ele><time>2024-01-01T01:14:51Z</time></trkpt>
      <trkpt lat="25.7382822" lon="100.1690752"><ele>1968.5</ele><time>2024-01-01T01:14:52Z</time></trkpt>
      <trkpt lat="25.7382876" lon="100.1690547"><ele>1968.8</ele><time>2024-01-01T01:14:53Z</time></trkpt>
      <trkpt lat="25.7382931" lon="100.1690343"><ele>1969.0</ele><time>2024-01-01T01:14:54Z</time></trkpt>
      <trkpt lat="25.7382986" lon="100.1690136"><ele>1969.2</ele><time>2024-01-01T01:14:55Z</time></trkpt>
      <trkpt lat="25.7383045" lon="100.1689934"><ele>1969.4</ele><time>2024-01-01T01:14:56Z</time></trkpt>
      <trkpt lat="25.7383099" lon="100.1689739"><ele>1969.6</ele><time>2024-01-01T01:14:57Z</time></trkpt>
      <trkpt lat="25.7383147" lon="100.1689548"><ele>1969.8</ele><time>2024-01-01T01:14:57Z</time></trkpt>
      <trkpt lat="25.7383191" lon="100.1689357"><ele>1969.9</ele><time>2024-01-01T01:14:58Z</time></trkpt>
      <trkpt lat="25.7383233" lon="100.1689164"><ele>1970.1</ele><time>2024-01-01T01:14:59Z</time></trkpt>
      <trkpt lat="25.7383282" lon="100.1688971"><ele>1970.2</ele><time>2024-01-01T01:15:00Z</time></trkpt>
      <trkpt lat="25.7383335" lon="100.1688776"><ele>1970.3</ele><time>2024-01-01T01:15:01Z</time></trkpt>
      <trkpt lat="25.7383388" lon="100.1688575"><ele>1970.4</ele><time>2024-01-01T01:15:02Z</time></trkpt>
      <trkpt lat="25.7383438" lon="100.1688369"><ele>1970.3</ele><time>2024-01-01T01:15:03Z</time></trkpt>
      <trkpt lat="25.7383488" lon="100.1688156"><ele>1970.3</ele><time>2024-01-01T01:15:04Z</time></trkpt>
      <trkpt lat="25.7383543" lon="100.1687940"><ele>1970.2</ele><time>2024-01-01T01:15:05Z</time></trkpt>
      <trkpt lat="25.7383605" lon="100.1687726"><ele>1970.1</ele><time>2024-01-01T01:15:06Z</time></trkpt>
      <trkpt lat="25.7383677" lon="100.1687516"><ele>1969.9</ele><time>2024-01-01T01:15:07Z</time></trkpt>
      <trkpt lat="25.7383762" lon="100.1687315"><ele>1969.7</ele><time>2024-01-01T01:15:08Z</time></trkpt>
      <trkpt lat="25.7383853" lon="100.1687119"><ele>1969.5</ele><time>2024-01-01T01:15:09Z</time></trkpt>
      <trkpt lat="25.7383944" lon="100.1686925"><ele>1969.2</ele><time>2024-01-01T01:15:10Z</time></trkpt>
      <trkpt lat="25.7384042" lon="100.1686735"><ele>1968.9</ele><time>2024-01-01T01:15:11Z</time></trkpt>
      <trkpt lat="25.7384149" lon="100.1686544"><ele>1968.7</ele><time>2024-01-01T01:15:12Z</time></trkpt>
      <trkpt lat="25.7384255" lon="100.1686354"><ele>1968.4</ele><time>2024-01-01T01:15:13Z</time></trkpt>
      <trkpt lat="25.7384357" lon="100.1686166"><ele>1968.1</ele><time>2024-01-01T01:15:14Z</time></trkpt>
      <trkpt lat="25.7384459" lon="100.1685980"><ele>1967.9</ele><time>2024-01-01T01:15:15Z</time></trkpt>
      <trkpt lat="25.7384559" lon="100.1685797"><ele>1967.7</ele><time>2024-01-01T01:15:16Z</time></trkpt>
      <trkpt lat="25.7384656" lon="100.1685617"><ele>1967.4</ele><time>2024-01-01T01:15:17Z</time></trkpt>
      <trkpt lat="25.7384750" lon="100.1685435"><ele>1967.2</ele><time>2024-01-01T01:15:18Z</time></trkpt>
      <trkpt lat="25.7384838" lon="100.1685249"><ele>1967.1</ele><time>2024-01-01T01:15:19Z</time></trkpt>
      <trkpt lat="25.7384918" lon="100.1685058"><ele>1966.9</ele><time>2024-01-01T01:15:20Z</time></trkpt>
      <trkpt lat="25.7384994" lon="100.1684864"><ele>1966.9</ele><time>2024-01-01T01:15:21Z</time></trkpt>
      <trkpt lat="25.7385076" lon="100.1684667"><ele>1966.8</ele><time>2024-01-01T01:15:22Z</time></trkpt>
      <trkpt lat="25.7385161" lon="100.1684470"><ele>1966.8</ele><time>2024-01-01T01:15:23Z</time></trkpt>
      <trkpt lat="25.7385246" lon="100.1684274"><ele>1966.8</ele><time>2024-01-01T01:15:24Z</time></trkpt>
      <trkpt lat="25.7385331" lon="100.1684078"><ele>1966.8</ele><time>2024-01-01T01:15:25Z</time></trkpt>
      <trkpt lat="25.7385411" lon="100.1683879"><ele>1966.8</ele><time>2024-01-01T01:15:26Z</time></trkpt>
      <trkpt lat="25.7385487" lon="100.1683672"><ele>1966.9</ele><time>2024-01-01T01:15:27Z</time></trkpt>
      <trkpt lat="25.7385565" lon="100.1683462"><ele>1967.0</ele><time>2024-01-01T01:15:28Z</time></trkpt>
      <trkpt lat="25.7385645" lon="100.1683247"><ele>1967.1</ele><time>2024-01-01T01:15:29Z</time></trkpt>
      <trkpt lat="25.7385723" lon="100.1683032"><ele>1967.3</ele><time>2024-01-01T01:15:30Z</time></trkpt>
      <trkpt lat="25.7385796" lon="100.1682814"><ele>1967.4</ele><time>2024-01-01T01:15:32Z</time></trkpt>
      <trkpt lat="25.7385869" lon="100.1682595"><ele>1967.6</ele><time>2024-01-01T01:15:33Z</time></trkpt>
      <trkpt lat="25.7385938" lon="100.1682383"><ele>1967.8</ele><time>2024-01-01T01:15:34Z</time></trkpt>
      <trkpt lat="25.7386005" lon="100.1682177"><ele>1967.9</ele><time>2024-01-01T01:15:35Z</time></trkpt>
      <trkpt lat="25.7386075" lon="100.1681979"><ele>1968.1</ele><time>2024-01-01T01:15:36Z</time></trkpt>
      <trkpt lat="25.7386145" lon="100.1681783"><ele>1968.2</ele><time>2024-01-01T01:15:37Z</time></trkpt>
      <trkpt lat="25.7386215" lon="100.1681587"><ele>1968.4</ele><time>2024-01-01T01:15:38Z</time></trkpt>
      <trkpt lat="25.7386287" lon="100.1681391"><ele>1968.5</ele><time>2024-01-01T01:15:39Z</time></trkpt>
      <trkpt lat="25.7386367" lon="100.1681194"><ele>1968.5</ele><time>2024-01-01T01:15:40Z</time></trkpt>
      <trkpt lat="25.7386455" lon="100.1681002"><ele>1968.6</ele><time>2024-01-01T01:15:41Z</time></trkpt>
      <trkpt lat="25.7386537" lon="100.1680814"><ele>1968.7</ele><time>2024-01-01T01:15:42Z</time></trkpt>
      <trkpt lat="25.7386613" lon="100.1680632"><ele>1968.7</ele><time>2024-01-01T01:15:43Z</time></trkpt>
      <trkpt lat="25.7386694" lon="100.1680455"><ele>1968.7</ele><time>2024-01-01T01:15:44Z</time></trkpt>
      <trkpt lat="25.7386775" lon="100.1680282"><ele>1968.7</ele><time>2024-01-01T01:15:45Z</time></trkpt>
      <trkpt lat="25.7386843" lon="100.1680110"><ele>1968.7</ele><time>2024-01-01T01:15:46Z</time></trkpt>
      <trkpt lat="25.7386901" lon="100.1679940"><ele>1968.7</ele><time>2024-01-01T01:15:47Z</time></trkpt>
      <trkpt lat="25.7386955" lon="100.1679776"><ele>1968.6</ele><time>2024-01-01T01:15:48Z</time></trkpt>
      <trkpt lat="25.7387006" lon="100.1679609"><ele>1968.6</ele><time>2024-01-01T01:15:49Z</time></trkpt>
      <trkpt lat="25.7387053" lon="100.1679427"><ele>1968.5</ele><time>2024-01-01T01:15:50Z</time></trkpt>
      <trkpt lat="25.7387098" lon="100.1679238"><ele>1968.4</ele><time>2024-01-01T01:15:51Z</time></trkpt>
      <trkpt lat="25.7387135" lon="100.1679048"><ele>1968.3</ele><time>2024-01-01T01:15:52Z</time></trkpt>
      <trkpt lat="25.7387162" lon="100.1678857"><ele>1968.2</ele><time>2024-01-01T01:15:53Z</time></trkpt>
      <trkpt lat="25.7387170" lon="100.1678663"><ele>1968.1</ele><time>2024-01-01T01:15:54Z</time></trkpt>
      <trkpt lat="25.7387155" lon="100.1678464"><ele>1968.0</ele><time>2024-01-01T01:15:55Z</time></trkpt>
      <trkpt lat="25.7387133" lon="100.1678262"><ele>1968.0</ele><time>2024-01-01T01:15:56Z</time></trkpt>
      <trkpt lat="25.7387115" lon="100.1678057"><ele>1967.9</ele><time>2024-01-01T01:15:57Z</time></trkpt>
      <trkpt lat="25.7387108" lon="100.1677852"><ele>1967.8</ele><time>2024-01-01T01:15:58Z</time></trkpt>
      <trkpt lat="25.7387107" lon="100.1677648"><ele>1967.7</ele><time>2024-01-01T01:15:59Z</time></trkpt>
      <trkpt lat="25.7387100" lon="100.1677447"><ele>1967.6</ele><time>2024-01-01T01:16:00Z</time></trkpt>
      <trkpt lat="25.7387078" lon="100.1677250"><ele>1967.5</ele><time>2024-01-01T01:16:01Z</time></trkpt>
      <trkpt lat="25.7387039" lon="100.1677056"><ele>1967.5</ele><time>2024-01-01T01:16:02Z</time></trkpt>
      <trkpt lat="25.7386986" lon="100.1676867"><ele>1967.4</ele><time>2024-01-01T01:16:03Z</time></trkpt>
      <trkpt lat="25.7386922" lon="100.1676689"><ele>1967.3</ele><time>2024-01-01T01:16:04Z</time></trkpt>
      <trkpt lat="25.7386842" lon="100.1676520"><ele>1967.3</ele><time>2024-01-01T01:16:05Z</time></trkpt>
      <trkpt lat="25.7386752" lon="100.1676354"><ele>1967.2</ele><time>2024-01-01T01:16:06Z</time></trkpt>
      <trkpt lat="25.7386657" lon="100.1676187"><ele>1967.2</ele><time>2024-01-01T01:16:07Z</time></trkpt>
      <trkpt lat="25.7386560" lon="100.1676023"><ele>1967.1</ele><time>2024-01-01T01:16:08Z</time></trkpt>
      <trkpt lat="25.7386457" lon="100.1675867"><ele>1967.1</ele><time>2024-01-01T01:16:09Z</time></trkpt>
      <trkpt lat="25.7386346" lon="100.1675713"><ele>1967.0</ele><time>2024-01-01T01:16:10Z</time></trkpt>
      <trkpt lat="25.7386237" lon="100.1675560"><ele>1967.0</ele><time>2024-01-01T01:16:11Z</time></trkpt>
      <trkpt lat="25.7386130" lon="100.1675412"><ele>1967.0</ele><time>2024-01-01T01:16:12Z</time></trkpt>
      <trkpt lat="25.7386020" lon="100.1675270"><ele>1967.0</ele><time>2024-01-01T01:16:13Z</time></trkpt>
      <trkpt lat="25.7385901" lon="100.1675140"><ele>1967.0</ele><time>2024-01-01T01:16:14Z</time></trkpt>
      <trkpt lat="25.7385773" lon="100.1675018"><ele>1967.1</ele><time>2024-01-01T01:16:15Z</time></trkpt>
      <trkpt lat="25.7385635" lon="100.1674909"><ele>1967.1</ele><time>2024-01-01T01:16:16Z</time></trkpt>
      <trkpt lat="25.7385485" lon="100.1674814"><ele>1967.2</ele><time>2024-01-01T01:16:17Z</time></trkpt>
      <trkpt lat="25.7385329" lon="100.1674726"><ele>1967.4</ele><time>2024-01-01T01:16:18Z</time></trkpt>
      <trkpt lat="25.7385173" lon="100.1674639"><ele>1967.5</ele><time>2024-01-01T01:16:19Z</time></trkpt>
      <trkpt lat="25.7385019" lon="100.1674550"><ele>1967.6</ele><time>2024-01-01T01:16:20Z</time></trkpt>
      <trkpt lat="25.7384870" lon="100.1674457"><ele>1967.7</ele><time>2024-01-01T01:16:21Z</time></trkpt>
      <trkpt lat="25.7384726" lon="100.1674363"><ele>1967.8</ele><time>2024-01-01T01:16:22Z</time></trkpt>
      <trkpt lat="25.7384584" lon="100.1674268"><ele>1967.9</ele><time>2024-01-01T01:16:23Z</time></trkpt>
      <trkpt lat="25.7384449" lon="100.1674164"><ele>1968.0</ele><time>2024-01-01T01:16:24Z</time></trkpt>
      <trkpt lat="25.7384321" lon="100.1674050"><ele>1968.1</ele><time>2024-01-01T01:16:25Z</time></trkpt>
      <trkpt lat="25.7384203" lon="100.1673929"><ele>1968.2</ele><time>2024-01-01T01:16:26Z</time></trkpt>
      <trkpt lat="25.7384095" lon="100.1673800"><ele>1968.2</ele><time>2024-01-01T01:16:27Z</time></trkpt>
      <trkpt lat="25.7383999" lon="100.1673655"><ele>1968.3</ele><time>2024-01-01T01:16:28Z</time></trkpt>
      <trkpt lat="25.7383920" lon="100.1673492"><ele>1968.3</ele><time>2024-01-01T01:16:29Z</time></trkpt>
      <trkpt lat="25.7383857" lon="100.1673306"><ele>1968.2</ele><time>2024-01-01T01:16:30Z</time></trkpt>
      <trkpt lat="25.7383808" lon="100.1673101"><ele>1968.2</ele><time>2024-01-01T01:16:31Z</time></trkpt>
      <trkpt lat="25.7383777" lon="100.1672881"><ele>1968.1</ele><time>2024-01-01T01:16:32Z</time></trkpt>
      <trkpt lat="25.7383760" lon="100.1672646"><ele>1968.0</ele><time>2024-01-01T01:16:33Z</time></trkpt>
      <trkpt lat="25.7383756" lon="100.1672405"><ele>1967.9</ele><time>2024-01-01T01:16:34Z</time></trkpt>
      <trkpt lat="25.7383753" lon="100.1672163"><ele>1967.7</ele><time>2024-01-01T01:16:35Z</time></trkpt>
      <trkpt lat="25.7383752" lon="100.1671921"><ele>1967.6</ele><time>2024-01-01T01:16:36Z</time></trkpt>
      <trkpt lat="25.7383770" lon="100.1671678"><ele>1967.5</ele><time>2024-01-01T01:16:37Z</time></trkpt>
      <trkpt lat="25.7383793" lon="100.1671438"><ele>1967.4</ele><time>2024-01-01T01:16:38Z</time></trkpt>
      <trkpt lat="25.7383815" lon="100.1671202"><ele>1967.2</ele><time>2024-01-01T01:16:39Z</time></trkpt>
      <trkpt lat="25.7383842" lon="100.1670970"><ele>1967.0</ele><time>2024-01-01T01:16:40Z</time></trkpt>
      <trkpt lat="25.7383881" lon="100.1670741"><ele>1966.9</ele><time>2024-01-01T01:16:41Z</time></trkpt>
      <trkpt lat="25.7383922" lon="100.1670519"><ele>1966.7</ele><time>2024-01-01T01:16:42Z</time></trkpt>
      <trkpt lat="25.7383952" lon="100.1670301"><ele>1966.5</ele><time>2024-01-01T01:16:43Z</time></trkpt>
      <trkpt lat="25.7383975" lon="100.1670087"><ele>1966.4</ele><time>2024-01-01T01:16:44Z</time></trkpt>
      <trkpt lat="25.7383988" lon="100.1669875"><ele>1966.3</ele><time>2024-01-01T01:16:45Z</time></trkpt>
      <trkpt lat="25.7383992" lon="100.1669666"><ele>1966.1</ele><time>2024-01-01T01:16:46Z</time></trkpt>
      <trkpt lat="25.7383997" lon="100.1669465"><ele>1966.0</ele><time>2024-01-01T01:16:47Z</time></trkpt>
      <trkpt lat="25.7384008" lon="100.1669267"><ele>1965.9</ele><time>2024-01-01T01:16:48Z</time></trkpt>
      <trkpt lat="25.7384028" lon="100.1669074"><ele>1965.8</ele><time>2024-01-01T01:16:49Z</time></trkpt>
      <trkpt lat="25.7384056" lon="100.1668885"><ele>1965.7</ele><time>2024-01-01T01:16:50Z</time></trkpt>
      <trkpt lat="25.7384094" lon="100.1668700"><ele>1965.6</ele><time>2024-01-01T01:16:51Z</time></trkpt>
      <trkpt lat="25.7384142" lon="100.1668517"><ele>1965.5</ele><time>2024-01-01T01:16:52Z</time></trkpt>
      <trkpt lat="25.7384206" lon="100.1668337"><ele>1965.5</ele><time>2024-01-01T01:16:53Z</time></trkpt>
      <trkpt lat="25.7384294" lon="100.1668166"><ele>1965.4</ele><time>2024-01-01T01:16:54Z</time></trkpt>
      <trkpt lat="25.7384401" lon="100.1668008"><ele>1965.4</ele><time>2024-01-01T01:16:55Z</time></trkpt>
      <trkpt lat="25.7384514" lon="100.1667853"><ele>1965.3</ele><time>2024-01-01T01:16:56Z</time></trkpt>
      <trkpt lat="25.7384630" lon="100.1667698"><ele>1965.3</ele><time>2024-01-01T01:16:57Z</time></trkpt>
      <trkpt lat="25.7384745" lon="100.1667539"><ele>1965.2</ele><time>2024-01-01T01:16:58Z</time></trkpt>
      <trkpt lat="25.7384869" lon="100.1667384"><ele>1965.2</ele><time>2024-01-01T01:16:59Z</time></trkpt>
      <trkpt lat="25.7385003" lon="100.1667241"><ele>1965.2</ele><time>2024-01-01T01:17:00Z</time></trkpt>
      <trkpt lat="25.7385146" lon="100.1667106"><ele>1965.2</ele><time>2024-01-01T01:17:01Z</time></trkpt>
      <trkpt lat="25.7385289" lon="100.1666971"><ele>1965.2</ele><time>2024-01-01T01:17:02Z</time></trkpt>
      <trkpt lat="25.7385423" lon="100.1666828"><ele>1965.2</ele><time>2024-01-01T01:17:03Z</time></trkpt>
      <trkpt lat="25.7385555" lon="100.1666683"><ele>1965.2</ele><time>2024-01-01T01:17:04Z</time></trkpt>
      <trkpt lat="25.7385686" lon="100.1666545"><ele>1965.2</ele><time>2024-01-01T01:17:05Z</time></trkpt>
      <trkpt lat="25.7385808" lon="100.1666410"><ele>1965.3</ele><time>2024-01-01T01:17:06Z</time></trkpt>
      <trkpt lat="25.7385924" lon="100.1666277"><ele>1965.3</ele><time>2024-01-01T01:17:07Z</time></trkpt>
      <trkpt lat="25.7386045" lon="100.1666143"><ele>1965.3</ele><time>2024-01-01T01:17:08Z</time></trkpt>
      <trkpt lat="25.7386181" lon="100.1666008"><ele>1965.4</ele><time>2024-01-01T01:17:09Z</time></trkpt>
      <trkpt lat="25.7386327" lon="100.1665884"><ele>1965.5</ele><time>2024-01-01T01:17:10Z</time></trkpt>
      <trkpt lat="25.7386478" lon="100.1665770"><ele>1965.6</ele><time>2024-01-01T01:17:11Z</time></trkpt>
      <trkpt lat="25.7386629" lon="100.1665655"><ele>1965.6</ele><time>2024-01-01T01:17:12Z</time></trkpt>
      <trkpt lat="25.7386779" lon="100.1665534"><ele>1965.7</ele><time>2024-01-01T01:17:13Z</time></trkpt>
      <trkpt lat="25.7386927" lon="100.1665401"><ele>1965.8</ele><time>2024-01-01T01:17:14Z</time></trkpt>
      <trkpt lat="25.7387070" lon="100.1665257"><ele>1965.8</ele><time>2024-01-01T01:17:15Z</time></trkpt>
      <trkpt lat="25.7387206" lon="100.1665109"><ele>1965.8</ele><time>2024-01-01T01:17:16Z</time></trkpt>
      <trkpt lat="25.7387342" lon="100.1664962"><ele>1965.8</ele><time>2024-01-01T01:17:17Z</time></trkpt>
      <trkpt lat="25.7387483" lon="100.1664824"><ele>1965.7</ele><time>2024-01-01T01:17:18Z</time></trkpt>
      <trkpt lat="25.7387626" lon="100.1664689"><ele>1965.6</ele><time>2024-01-01T01:17:19Z</time></trkpt>
      <trkpt lat="25.7387765" lon="100.1664550"><ele>1965.5</ele><time>2024-01-01T01:17:20Z</time></trkpt>
      <trkpt lat="25.7387896" lon="100.1664399"><ele>1965.4</ele><time>2024-01-01T01:17:21Z</time></trkpt>
      <trkpt lat="25.7388022" lon="100.1664239"><ele>1965.3</ele><time>2024-01-01T01:17:22Z</time></trkpt>
      <trkpt lat="25.7388142" lon="100.1664080"><ele>1965.2</ele><time>2024-01-01T01:17:23Z</time></trkpt>
      <trkpt lat="25.7388257" lon="100.1663922"><ele>1965.1</ele><time>2024-01-01T01:17:24Z</time></trkpt>
      <trkpt lat="25.7388377" lon="100.1663772"><ele>1965.0</ele><time>2024-01-01T01:17:25Z</time></trkpt>
      <trkpt lat="25.7388500" lon="100.1663630"><ele>1964.9</ele><time>2024-01-01T01:17:26Z</time></trkpt>
      <trkpt lat="25.7388621" lon="100.1663485"><ele>1964.8</ele><time>2024-01-01T01:17:27Z</time></trkpt>
      <trkpt lat="25.7388739" lon="100.1663339"><ele>1964.7</ele><time>2024-01-01T01:17:28Z</time></trkpt>
      <trkpt lat="25.7388860" lon="100.1663195"><ele>1964.5</ele><time>2024-01-01T01:17:29Z</time></trkpt>
    </trkseg>
  </trk>
  <extensions>
    <distance>5077.63</distance>
    <moving_time>2747.09</moving_time>
    <elapsed_time>2747.09</elapsed_time>
    <average_speed>1.85</average_speed>
    <start_time>2024-01-01T00:37:06Z</start_time>
    <end_time>2024-01-01T01:22:53Z</end_time>
    <average_hr>118.45</average_hr>
  </extensions>
</gpx>
