<?xml version="1.0" encoding="UTF-8"?>
<gpx version="1.1" creator="RunSync" xmlns="http://www.topografix.com/GPX/1/1">
  <metadata><time>2024-01-07T00:49:07Z</time></metadata>
  <trk>
    <name>跑步</name>
    <type>running</type>
    <trkseg>
      <trkpt lat="25.7387031" lon="100.1679172"><ele>1966.2</ele><time>2024-01-07T00:50:43Z</time></trkpt>
      <trkpt lat="25.7387018" lon="100.1679390"><ele>1966.2</ele><time>2024-01-07T00:50:44Z</time></trkpt>
      <trkpt lat="25.7387017" lon="100.1679609"><ele>1966.3</ele><time>2024-01-07T00:50:45Z</time></trkpt>
      <trkpt lat="25.7387026" lon="100.1679828"><ele>1966.4</ele><time>2024-01-07T00:50:46Z</time></trkpt>
      <trkpt lat="25.7387020" lon="100.1680048"><ele>1966.5</ele><time>2024-01-07T00:50:47Z</time></trkpt>
      <trkpt lat="25.7386986" lon="100.1680264"><ele>1966.6</ele><time>2024-01-07T00:50:48Z</time></trkpt>
      <trkpt lat="25.7386926" lon="100.1680472"><ele>1966.7</ele><time>2024-01-07T00:50:49Z</time></trkpt>
      <trkpt lat="25.7386850" lon="100.1680674"><ele>1966.9</ele><time>2024-01-07T00:50:50Z</time></trkpt>
      <trkpt lat="25.7386771" lon="100.1680876"><ele>1967.0</ele><time>2024-01-07T00:50:51Z</time></trkpt>
      <trkpt lat="25.7386684" lon="100.1681080"><ele>1967.1</ele><time>2024-01-07T00:50:52Z</time></trkpt>
      <trkpt lat="25.7386580" lon="100.1681276"><ele>1967.2</ele><time>2024-01-07T00:50:53Z</time></trkpt>
      <trkpt lat="25.7386456" lon="100.1681459"><ele>1967.3</ele><time>2024-01-07T00:50:54Z</time></trkpt>
      <trkpt lat="25.7386324" lon="100.1681639"><ele>1967.4</ele><time>2024-01-07T00:50:55Z</time></trkpt>
      <trkpt lat="25.7386194" lon="100.1681817"><ele>1967.4</ele><time>2024-01-07T00:50:56Z</time></trkpt>
      <trkpt lat="25.7386077" lon="100.1682004"><ele>1967.4</ele><time>2024-01-07T00:50:57Z</time></trkpt>
      <trkpt lat="25.7385973" lon="100.1682204"><ele>1967.5</ele><time>2024-01-07T00:50:58Z</time></trkpt>
      <trkpt lat="25.7385875" lon="100.1682411"><ele>1967.5</ele><time>2024-01-07T00:50:59Z</time></trkpt>
      <trkpt lat="25.7385789" lon="100.1682623"><ele>1967.5</ele><time>2024-01-07T00:51:00Z</time></trkpt>
      <trkpt lat="25.7385711" lon="100.1682839"><ele>1967.5</ele><time>2024-01-07T00:51:01Z</time></trkpt>
      <trkpt lat="25.7385629" lon="100.1683056"><ele>1967.5</ele><time>2024-01-07T00:51:02Z</time></trkpt>
      <trkpt lat="25.7385550" lon="100.1683274"><ele>1967.4</ele><time>2024-01-07T00:51:03Z</time></trkpt>
      <trkpt lat="25.7385476" lon="100.1683493"><ele>1967.4</ele><time>2024-01-07T00:51:04Z</time></trkpt>
      <trkpt lat="25.7385401" lon="100.1683710"><ele>1967.4</ele><time>2024-01-07T00:51:05Z</time></trkpt>
      <trkpt lat="25.7385320" lon="100.1683922"><ele>1967.3</ele><time>2024-01-07T00:51:06Z</time></trkpt>
      <trkpt lat="25.7385240" lon="100.1684134"><ele>1967.3</ele><time>2024-01-07T00:51:07Z</time></trkpt>
      <trkpt lat="25.7385160" lon="100.1684347"><ele>1967.2</ele><time>2024-01-07T00:51:08Z</time></trkpt>
      <trkpt lat="25.7385074" lon="100.1684562"><ele>1967.1</ele><time>2024-01-07T00:51:09Z</time></trkpt>
      <trkpt lat="25.7384983" lon="100.1684776"><ele>1967.0</ele><time>2024-01-07T00:51:10Z</time></trkpt>
      <trkpt lat="25.7384888" lon="100.1684985"><ele>1966.9</ele><time>2024-01-07T00:51:11Z</time></trkpt>
      <trkpt lat="25.7384798" lon="100.1685188"><ele>1966.8</ele><time>2024-01-07T00:51:12Z</time></trkpt>
      <trkpt lat="25.7384718" lon="100.1685390"><ele>1966.7</ele><time>2024-01-07T00:51:13Z</time></trkpt>
      <trkpt lat="25.7384650" lon="100.1685594"><ele>1966.5</ele><time>2024-01-07T00:51:14Z</time></trkpt>
      <trkpt lat="25.7384585" lon="100.1685803"><ele>1966.4</ele><time>2024-01-07T00:51:15Z</time></trkpt>
      <trkpt lat="25.7384515" lon="100.1686018"><ele>1966.3</ele><time>2024-01-07T00:51:16Z</time></trkpt>
      <trkpt lat="25.7384435" lon="100.1686237"><ele>1966.2</ele><time>2024-01-07T00:51:17Z</time></trkpt>
      <trkpt lat="25.7384346" lon="100.1686453"><ele>1966.1</ele><time>2024-01-07T00:51:18Z</time></trkpt>
      <trkpt lat="25.7384256" lon="100.1686661"><ele>1966.1</ele><time>2024-01-07T00:51:19Z</time></trkpt>
      <trkpt lat="25.7384171" lon="100.1686869"><ele>1966.0</ele><time>2024-01-07T00:51:20Z</time></trkpt>
      <trkpt lat="25.7384089" lon="100.1687080"><ele>1966.0</ele><time>2024-01-07T00:51:21Z</time></trkpt>
      <trkpt lat="25.7384004" lon="100.1687290"><ele>1966.0</ele><time>2024-01-07T00:51:22Z</time></trkpt>
      <trkpt lat="25.7383917" lon="100.1687492"><ele>1966.0</ele><time>2024-01-07T00:51:23Z</time></trkpt>
      <trkpt lat="25.7383828" lon="100.1687688"><ele>1966.1</ele><time>2024-01-07T00:51:24Z</time></trkpt>
      <trkpt lat="25.7383738" lon="100.1687884"><ele>1966.2</ele><time>2024-01-07T00:51:25Z</time></trkpt>
      <trkpt lat="25.7383655" lon="100.1688085"><ele>1966.2</ele><time>2024-01-07T00:51:26Z</time></trkpt>
      <trkpt lat="25.7383589" lon="100.1688300"><ele>1966.3</ele><time>2024-01-07T00:51:27Z</time></trkpt>
      <trkpt lat="25.7383530" lon="100.1688526"><ele>1966.4</ele><time>2024-01-07T00:51:28Z</time></trkpt>
      <trkpt lat="25.7383461" lon="100.1688748"><ele>1966.5</ele><time>2024-01-07T00:51:29Z</time></trkpt>
      <trkpt lat="25.7383384" lon="100.1688961"><ele>1966.6</ele><time>2024-01-07T00:51:30Z</time></trkpt>
      <trkpt lat="25.7383302" lon="100.1689165"><ele>1966.6</ele><time>2024-01-07T00:51:31Z</time></trkpt>
      <trkpt lat="25.7383222" lon="100.1689367"><ele>1966.7</ele><time>2024-01-07T00:51:32Z</time></trkpt>
      <trkpt lat="25.7383140" lon="100.1689571"><ele>1966.8</ele><time>2024-01-07T00:51:33Z</time></trkpt>
      <trkpt lat="25.7383049" lon="100.1689770"><ele>1966.8</ele><time>2024-01-07T00:51:34Z</time></trkpt>
      <trkpt lat="25.7382954" lon="100.1689965"><ele>1966.8</ele><time>2024-01-07T00:51:35Z</time></trkpt>
      <trkpt lat="25.7382865" lon="100.1690165"><ele>1966.8</ele><time>2024-01-07T00:51:36Z</time></trkpt>
      <trkpt lat="25.7382788" lon="100.1690375"><ele>1966.9</ele><time>2024-01-07T00:51:37Z</time></trkpt>
      <trkpt lat="25.7382720" lon="100.1690589"><ele>1966.9</ele><time>2024-01-07T00:51:38Z</time></trkpt>
      <trkpt lat="25.7382661" lon="100.1690802"><ele>1966.9</ele><time>2024-01-07T00:51:39Z</time></trkpt>
      <trkpt lat="25.7382608" lon="100.1691015"><ele>1966.9</ele><time>2024-01-07T00:51:40Z</time></trkpt>
      <trkpt lat="25.7382556" lon="100.1691228"><ele>1966.8</ele><time>2024-01-07T00:51:41Z</time></trkpt>
      <trkpt lat="25.7382502" lon="100.1691442"><ele>1966.8</ele><time>2024-01-07T00:51:42Z</time></trkpt>
      <trkpt lat="25.7382450" lon="100.1691654"><ele>1966.8</ele><time>2024-01-07T00:51:43Z</time></trkpt>
      <trkpt lat="25.7382399" lon="100.1691865"><ele>1966.8</ele><time>2024-01-07T00:51:44Z</time></trkpt>
      <trkpt lat="25.7382350" lon="100.1692080"><ele>1966.8</ele><time>2024-01-07T00:51:45Z</time></trkpt>
      <trkpt lat="25.7382306" lon="100.1692302"><ele>1966.9</ele><time>2024-01-07T00:51:46Z</time></trkpt>
      <trkpt lat="25.7382272" lon="100.1692533"><ele>1966.9</ele><time>2024-01-07T00:51:47Z</time></trkpt>
      <trkpt lat="25.7382244" lon="100.1692771"><ele>1966.9</ele><time>2024-01-07T00:51:48Z</time></trkpt>
      <trkpt lat="25.7382218" lon="100.1693011"><ele>1967.0</ele><time>2024-01-07T00:51:49Z</time></trkpt>
      <trkpt lat="25.7382196" lon="100.1693250"><ele>1967.0</ele><time>2024-01-07T00:51:50Z</time></trkpt>
      <trkpt lat="25.7382179" lon="100.1693485"><ele>1967.1</ele><time>2024-01-07T00:51:51Z</time></trkpt>
      <trkpt lat="25.7382161" lon="100.1693716"><ele>1967.1</ele><time>2024-01-07T00:51:52Z</time></trkpt>
      <trkpt lat="25.7382138" lon="100.1693943"><ele>1967.2</ele><time>2024-01-07T00:51:53Z</time></trkpt>
      <trkpt lat="25.7382110" lon="100.1694169"><ele>1967.3</ele><time>2024-01-07T00:51:54Z</time></trkpt>
      <trkpt lat="25.7382081" lon="100.1694394"><ele>1967.4</ele><time>2024-01-07T00:51:55Z</time></trkpt>
      <trkpt lat="25.7382054" lon="100.1694619"><ele>1967.5</ele><time>2024-01-07T00:51:56Z</time></trkpt>
      <trkpt lat="25.7382035" lon="100.1694843"><ele>1967.6</ele><time>2024-01-07T00:51:57Z</time></trkpt>
      <trkpt lat="25.7382022" lon="100.1695066"><ele>1967.7</ele><time>2024-01-07T00:51:58Z</time></trkpt>
      <trkpt lat="25.7381998" lon="100.1695284"><ele>1967.8</ele><time>2024-01-07T00:51:59Z</time></trkpt>
      <trkpt lat="25.7381960" lon="100.1695500"><ele>1967.9</ele><time>2024-01-07T00:52:00Z</time></trkpt>
      <trkpt lat="25.7381915" lon="100.1695716"><ele>1968.0</ele><time>2024-01-07T00:52:01Z</time></trkpt>
      <trkpt lat="25.7381876" lon="100.1695936"><ele>1968.0</ele><time>2024-01-07T00:52:02Z</time></trkpt>
      <trkpt lat="25.7381846" lon="100.1696160"><ele>1968.1</ele><time>2024-01-07T00:52:03Z</time></trkpt>
      <trkpt lat="25.7381820" lon="100.1696387"><ele>1968.2</ele><time>2024-01-07T00:52:04Z</time></trkpt>
      <trkpt lat="25.7381801" lon="100.1696616"><ele>1968.2</ele><time>2024-01-07T00:52:05Z</time></trkpt>
      <trkpt lat="25.7381793" lon="100.1696847"><ele>1968.2</ele><time>2024-01-07T00:52:06Z</time></trkpt>
      <trkpt lat="25.7381784" lon="100.1697075"><ele>1968.3</ele><time>2024-01-07T00:52:07Z</time></trkpt>
      <trkpt lat="25.7381768" lon="100.1697299"><ele>1968.3</ele><time>2024-01-07T00:52:08Z</time></trkpt>
      <trkpt lat="25.7381740" lon="100.1697517"><ele>1968.3</ele><time>2024-01-07T00:52:09Z</time></trkpt>
      <trkpt lat="25.7381713" lon="100.1697731"><ele>1968.3</ele><time>2024-01-07T00:52:10Z</time></trkpt>
      <trkpt lat="25.7381692" lon="100.1697946"><ele>1968.3</ele><time>2024-01-07T00:52:11Z</time></trkpt>
      <trkpt lat="25.7381669" lon="100.1698163"><ele>1968.2</ele><time>2024-01-07T00:52:12Z</time></trkpt>
      <trkpt lat="25.7381638" lon="100.1698381"><ele>1968.2</ele><time>2024-01-07T00:52:13Z</time></trkpt>
      <trkpt lat="25.7381601" lon="100.1698604"><ele>1968.1</ele><time>2024-01-07T00:52:14Z</time></trkpt>
      <trkpt lat="25.7381560" lon="100.1698831"><ele>1968.0</ele><time>2024-01-07T00:52:15Z</time></trkpt>
      <trkpt lat="25.7381517" lon="100.1699061"><ele>1967.9</ele><time>2024-01-07T00:52:16Z</time></trkpt>
      <trkpt lat="25.7381484" lon="100.1699295"><ele>1967.8</ele><time>2024-01-07T00:52:17Z</time></trkpt>
      <trkpt lat="25.7381459" lon="100.1699529"><ele>1967.7</ele><time>2024-01-07T00:52:18Z</time></trkpt>
      <trkpt lat="25.7381437" lon="100.1699763"><ele>1967.6</ele><time>2024-01-07T00:52:19Z</time></trkpt>
      <trkpt lat="25.7381413" lon="100.1699999"><ele>1967.5</ele><time>2024-01-07T00:52:20Z</time></trkpt>
      <trkpt lat="25.7381388" lon="100.1700239"><ele>1967.5</ele><time>2024-01-07T00:52:21Z</time></trkpt>
      <trkpt lat="25.7381358" lon="100.1700474"><ele>1967.4</ele><time>2024-01-07T00:52:22Z</time></trkpt>
      <trkpt lat="25.7381325" lon="100.1700703"><ele>1967.2</ele><time>2024-01-07T00:52:23Z</time></trkpt>
      <trkpt lat="25.7381294" lon="100.1700932"><ele>1967.2</ele><time>2024-01-07T00:52:24Z</time></trkpt>
      <trkpt lat="25.7381268" lon="100.1701159"><ele>1967.1</ele><time>2024-01-07T00:52:25Z</time></trkpt>
      <trkpt lat="25.7381242" lon="100.1701384"><ele>1967.0</ele><time>2024-01-07T00:52:26Z</time></trkpt>
      <trkpt lat="25.7381208" lon="100.1701605"><ele>1967.0</ele><time>2024-01-07T00:52:27Z</time></trkpt>
      <trkpt lat="25.7381172" lon="100.1701823"><ele>1967.0</ele><time>2024-01-07T00:52:28Z</time></trkpt>
      <trkpt lat="25.7381140" lon="100.1702043"><ele>1967.0</ele><time>2024-01-07T00:52:29Z</time></trkpt>
      <trkpt lat="25.7381109" lon="100.1702269"><ele>1967.0</ele><time>2024-01-07T00:52:30Z</time></trkpt>
      <trkpt lat="25.7381076" lon="100.1702497"><ele>1967.0</ele><time>2024-01-07T00:52:31Z</time></trkpt>
      <trkpt lat="25.7381033" lon="100.1702721"><ele>1967.0</ele><time>2024-01-07T00:52:32Z</time></trkpt>
      <trkpt lat="25.7380983" lon="100.1702942"><ele>1967.1</ele><time>2024-01-07T00:52:33Z</time></trkpt>
      <trkpt lat="25.7380939" lon="100.1703163"><ele>1967.1</ele><time>2024-01-07T00:52:34Z</time></trkpt>
      <trkpt lat="25.7380906" lon="100.1703384"><ele>1967.1</ele><time>2024-01-07T00:52:35Z</time></trkpt>
      <trkpt lat="25.7380875" lon="100.1703603"><ele>1967.1</ele><time>2024-01-07T00:52:36Z</time></trkpt>
      <trkpt lat="25.7380832" lon="100.1703816"><ele>1967.1</ele><time>2024-01-07T00:52:37Z</time></trkpt>
      <trkpt lat="25.7380778" lon="100.1704025"><ele>1967.1</ele><time>2024-01-07T00:52:38Z</time></trkpt>
      <trkpt lat="25.7380724" lon="100.1704234"><ele>1967.2</ele><time>2024-01-07T00:52:39Z</time></trkpt>
      <trkpt lat="25.7380674" lon="100.1704443"><ele>1967.2</ele><time>2024-01-07T00:52:40Z</time></trkpt>
      <trkpt lat="25.7380627" lon="100.1704650"><ele>1967.1</ele><time>2024-01-07T00:52:41Z</time></trkpt>
      <trkpt lat="25.7380576" lon="100.1704852"><ele>1967.1</ele><time>2024-01-07T00:52:42Z</time></trkpt>
      <trkpt lat="25.7380520" lon="100.1705056"><ele>1967.1</ele><time>2024-01-07T00:52:43Z</time></trkpt>
      <trkpt lat="25.7380465" lon="100.1705264"><ele>1967.1</ele><time>2024-01-07T00:52:44Z</time></trkpt>
      <trkpt lat="25.7380414" lon="100.1705474"><ele>1967.1</ele><time>2024-01-07T00:52:45Z</time></trkpt>
      <trkpt lat="25.7380372" lon="100.1705685"><ele>1967.0</ele><time>2024-01-07T00:52:46Z</time></trkpt>
      <trkpt lat="25.7380331" lon="100.1705894"><ele>1967.0</ele><time>2024-01-07T00:52:47Z</time></trkpt>
      <trkpt lat="25.7380275" lon="100.1706099"><ele>1967.0</ele><time>2024-01-07T00:52:48Z</time></trkpt>
      <trkpt lat="25.7380201" lon="100.1706298"><ele>1967.0</ele><time>2024-01-07T00:52:49Z</time></trkpt>
      <trkpt lat="25.7380121" lon="100.1706496"><ele>1967.0</ele><time>2024-01-07T00:52:50Z</time></trkpt>
      <trkpt lat="25.7380036" lon="100.1706694"><ele>1967.0</ele><time>2024-01-07T00:52:51Z</time></trkpt>
      <trkpt lat="25.7379937" lon="100.1706880"><ele>1967.0</ele><time>2024-01-07T00:52:52Z</time></trkpt>
      <trkpt lat="25.7379832" lon="100.1707057"><ele>1967.0</ele><time>2024-01-07T00:52:53Z</time></trkpt>
      <trkpt lat="25.7379721" lon="100.1707228"><ele>1967.0</ele><time>2024-01-07T00:52:54Z</time></trkpt>
      <trkpt lat="25.7379596" lon="100.1707391"><ele>1967.0</ele><time>2024-01-07T00:52:55Z</time></trkpt>
      <trkpt lat="25.7379461" lon="100.1707543"><ele>1967.1</ele><time>2024-01-07T00:52:56Z</time></trkpt>
      <trkpt lat="25.7379320" lon="100.1707689"><ele>1967.1</ele><time>2024-01-07T00:52:57Z</time></trkpt>
      <trkpt lat="25.7379173" lon="100.1707830"><ele>1967.1</ele><time>2024-01-07T00:52:58Z</time></trkpt>
      <trkpt lat="25.7379015" lon="100.1707962"><ele>1967.2</ele><time>2024-01-07T00:52:59Z</time></trkpt>
      <trkpt lat="25.7378846" lon="100.1708075"><ele>1967.2</ele><time>2024-01-07T00:53:00Z</time></trkpt>
      <trkpt lat="25.7378671" lon="100.1708179"><ele>1967.3</ele><time>2024-01-07T00:53:01Z</time></trkpt>
      <trkpt lat="25.7378497" lon="100.1708284"><ele>1967.4</ele><time>2024-01-07T00:53:02Z</time></trkpt>
      <trkpt lat="25.7378323" lon="100.1708385"><ele>1967.4</ele><time>2024-01-07T00:53:03Z</time></trkpt>
      <trkpt lat="25.7378145" lon="100.1708474"><ele>1967.5</ele><time>2024-01-07T00:53:04Z</time></trkpt>
      <trkpt lat="25.7377958" lon="100.1708546"><ele>1967.5</ele><time>2024-01-07T00:53:05Z</time></trkpt>
      <trkpt lat="25.7377765" lon="100.1708600"><ele>1967.5</ele><time>2024-01-07T00:53:06Z</time></trkpt>
      <trkpt lat="25.7377568" lon="100.1708634"><ele>1967.6</ele><time>2024-01-07T00:53:07Z</time></trkpt>
      <trkpt lat="25.7377368" lon="100.1708656"><ele>1967.6</ele><time>2024-01-07T00:53:08Z</time></trkpt>
      <trkpt lat="25.7377164" lon="100.1708674"><ele>1967.6</ele><time>2024-01-07T00:53:09Z</time></trkpt>
      <trkpt lat="25.7376958" lon="100.1708690"><ele>1967.6</ele><time>2024-01-07T00:53:10Z</time></trkpt>
      <trkpt lat="25.7376752" lon="100.1708705"><ele>1967.6</ele><time>2024-01-07T00:53:11Z</time></trkpt>
      <trkpt lat="25.7376547" lon="100.1708722"><ele>1967.5</ele><time>2024-01-07T00:53:12Z</time></trkpt>
      <trkpt lat="25.7376343" lon="100.1708737"><ele>1967.5</ele><time>2024-01-07T00:53:13Z</time></trkpt>
      <trkpt lat="25.7376137" lon="100.1708750"><ele>1967.5</ele><time>2024-01-07T00:53:14Z</time></trkpt>
      <trkpt lat="25.7375932" lon="100.1708764"><ele>1967.4</ele><time>2024-01-07T00:53:15Z</time></trkpt>
      <trkpt lat="25.7375726" lon="100.1708776"><ele>1967.4</ele><time>2024-01-07T00:53:16Z</time></trkpt>
      <trkpt lat="25.7375521" lon="100.1708787"><ele>1967.3</ele><time>2024-01-07T00:53:17Z</time></trkpt>
      <trkpt lat="25.7375318" lon="100.1708792"><ele>1967.2</ele><time>2024-01-07T00:53:18Z</time></trkpt>
      <trkpt lat="25.7375114" lon="100.1708783"><ele>1967.2</ele><time>2024-01-07T00:53:19Z</time></trkpt>
      <trkpt lat="25.7374909" lon="100.1708764"><ele>1967.1</ele><time>2024-01-07T00:53:20Z</time></trkpt>
      <trkpt lat="25.7374701" lon="100.1708746"><ele>1967.0</ele><time>2024-01-07T00:53:21Z</time></trkpt>
      <trkpt lat="25.7374492" lon="100.1708738"><ele>1966.9</ele><time>2024-01-07T00:53:22Z</time></trkpt>
      <trkpt lat="25.7374281" lon="100.1708741"><ele>1966.8</ele><time>2024-01-07T00:53:23Z</time></trkpt>
      <trkpt lat="25.7374069" lon="100.1708742"><ele>1966.7</ele><time>2024-01-07T00:53:24Z</time></trkpt>
      <trkpt lat="25.7373851" lon="100.1708743"><ele>1966.7</ele><time>2024-01-07T00:53:25Z</time></trkpt>
      <trkpt lat="25.7373627" lon="100.1708740"><ele>1966.6</ele><time>2024-01-07T00:53:26Z</time></trkpt>
      <trkpt lat="25.7373396" lon="100.1708731"><ele>1966.5</ele><time>2024-01-07T00:53:27Z</time></trkpt>
      <trkpt lat="25.7373159" lon="100.1708719"><ele>1966.4</ele><time>2024-01-07T00:53:28Z</time></trkpt>
      <trkpt lat="25.7372916" lon="100.1708705"><ele>1966.4</ele><time>2024-01-07T00:53:29Z</time></trkpt>
      <trkpt lat="25.7372669" lon="100.1708694"><ele>1966.4</ele><time>2024-01-07T00:53:30Z</time></trkpt>
      <trkpt lat="25.7372420" lon="100.1708690"><ele>1966.3</ele><time>2024-01-07T00:53:31Z</time></trkpt>
      <trkpt lat="25.7372174" lon="100.1708698"><ele>1966.3</ele><time>2024-01-07T00:53:32Z</time></trkpt>
      <trkpt lat="25.7371930" lon="100.1708708"><ele>1966.3</ele><time>2024-01-07T00:53:33Z</time></trkpt>
      <trkpt lat="25.7371690" lon="100.1708710"><ele>1966.3</ele><time>2024-01-07T00:53:34Z</time></trkpt>
      <trkpt lat="25.7371455" lon="100.1708714"><ele>1966.3</ele><time>2024-01-07T00:53:35Z</time></trkpt>
      <trkpt lat="25.7371223" lon="100.1708725"><ele>1966.3</ele><time>2024-01-07T00:53:36Z</time></trkpt>
      <trkpt lat="25.7370994" lon="100.1708732"><ele>1966.3</ele><time>2024-01-07T00:53:37Z</time></trkpt>
      <trkpt lat="25.7370766" lon="100.1708736"><ele>1966.3</ele><time>2024-01-07T00:53:38Z</time></trkpt>
      <trkpt lat="25.7370541" lon="100.1708728"><ele>1966.4</ele><time>2024-01-07T00:53:39Z</time></trkpt>
      <trkpt lat="25.7370323" lon="100.1708699"><ele>1966.4</ele><time>2024-01-07T00:53:40Z</time></trkpt>
      <trkpt lat="25.7370108" lon="100.1708657"><ele>1966.4</ele><time>2024-01-07T00:53:41Z</time></trkpt>
      <trkpt lat="25.7369894" lon="100.1708611"><ele>1966.4</ele><time>2024-01-07T00:53:42Z</time></trkpt>
      <trkpt lat="25.7369681" lon="100.1708564"><ele>1966.4</ele><time>2024-01-07T00:53:43Z</time></trkpt>
      <trkpt lat="25.7369470" lon="100.1708514"><ele>1966.5</ele><time>2024-01-07T00:53:44Z</time></trkpt>
      <trkpt lat="25.7369263" lon="100.1708460"><ele>1966.5</ele><time>2024-01-07T00:53:45Z</time></trkpt>
      <trkpt lat="25.7369059" lon="100.1708403"><ele>1966.5</ele><time>2024-01-07T00:53:46Z</time></trkpt>
      <trkpt lat="25.7368857" lon="100.1708340"><ele>1966.6</ele><time>2024-01-07T00:53:47Z</time></trkpt>
      <trkpt lat="25.7368653" lon="100.1708268"><ele>1966.6</ele><time>2024-01-07T00:53:48Z</time></trkpt>
      <trkpt lat="25.7368446" lon="100.1708194"><ele>1966.6</ele><time>2024-01-07T00:53:49Z</time></trkpt>
      <trkpt lat="25.7368240" lon="100.1708124"><ele>1966.6</ele><time>2024-01-07T00:53:50Z</time></trkpt>
      <trkpt lat="25.7368034" lon="100.1708063"><ele>1966.6</ele><time>2024-01-07T00:53:51Z</time></trkpt>
      <trkpt lat="25.7367824" lon="100.1708009"><ele>1966.6</ele><time>2024-01-07T00:53:52Z</time></trkpt>
      <trkpt lat="25.7367610" lon="100.1707959"><ele>1966.7</ele><time>2024-01-07T00:53:53Z</time></trkpt>
      <trkpt lat="25.7367392" lon="100.1707914"><ele>1966.7</ele><time>2024-01-07T00:53:54Z</time></trkpt>
      <trkpt lat="25.7367174" lon="100.1707877"><ele>1966.7</ele><time>2024-01-07T00:53:55Z</time></trkpt>
      <trkpt lat="25.7366959" lon="100.1707852"><ele>1966.7</ele><time>2024-01-07T00:53:56Z</time></trkpt>
      <trkpt lat="25.7366744" lon="100.1707843"><ele>1966.7</ele><time>2024-01-07T00:53:57Z</time></trkpt>
      <trkpt lat="25.7366530" lon="100.1707845"><ele>1966.7</ele><time>2024-01-07T00:53:58Z</time></trkpt>
      <trkpt lat="25.7366318" lon="100.1707856"><ele>1966.7</ele><time>2024-01-07T00:53:59Z</time></trkpt>
      <trkpt lat="25.7366112" lon="100.1707876"><ele>1966.7</ele><time>2024-01-07T00:54:00Z</time></trkpt>
      <trkpt lat="25.7365908" lon="100.1707913"><ele>1966.8</ele><time>2024-01-07T00:54:01Z</time></trkpt>
      <trkpt lat="25.7365703" lon="100.1707969"><ele>1966.8</ele><time>2024-01-07T00:54:02Z</time></trkpt>
      <trkpt lat="25.7365498" lon="100.1708040"><ele>1966.8</ele><time>2024-01-07T00:54:03Z</time></trkpt>
      <trkpt lat="25.7365298" lon="100.1708125"><ele>1966.8</ele><time>2024-01-07T00:54:04Z</time></trkpt>
      <trkpt lat="25.7365109" lon="100.1708223"><ele>1966.7</ele><time>2024-01-07T00:54:05Z</time></trkpt>
      <trkpt lat="25.7364927" lon="100.1708333"><ele>1966.7</ele><time>2024-01-07T00:54:06Z</time></trkpt>
      <trkpt lat="25.7364744" lon="100.1708444"><ele>1966.7</ele><time>2024-01-07T00:54:07Z</time></trkpt>
      <trkpt lat="25.7364558" lon="100.1708558"><ele>1966.7</ele><time>2024-01-07T00:54:08Z</time></trkpt>
      <trkpt lat="25.7364372" lon="100.1708675"><ele>1966.7</ele><time>2024-01-07T00:54:09Z</time></trkpt>
      <trkpt lat="25.7364185" lon="100.1708786"><ele>1966.6</ele><time>2024-01-07T00:54:10Z</time></trkpt>
      <trkpt lat="25.7363996" lon="100.1708894"><ele>1966.6</ele><time>2024-01-07T00:54:11Z</time></trkpt>
      <trkpt lat="25.7363809" lon="100.1709005"><ele>1966.5</ele><time>2024-01-07T00:54:12Z</time></trkpt>
      <trkpt lat="25.7363621" lon="100.1709111"><ele>1966.5</ele><time>2024-01-07T00:54:13Z</time></trkpt>
      <trkpt lat="25.7363429" lon="100.1709207"><ele>1966.4</ele><time>2024-01-07T00:54:14Z</time></trkpt>
      <trkpt lat="25.7363238" lon="100.1709301"><ele>1966.4</ele><time>2024-01-07T00:54:15Z</time></trkpt>
      <trkpt lat="25.7363043" lon="100.1709387"><ele>1966.4</ele><time>2024-01-07T00:54:16Z</time></trkpt>
      <trkpt lat="25.7362842" lon="100.1709451"><ele>1966.3</ele><time>2024-01-07T00:54:17Z</time></trkpt>
      <trkpt lat="25.7362640" lon="100.1709503"><ele>1966.3</ele><time>2024-01-07T00:54:18Z</time></trkpt>
      <trkpt lat="25.7362441" lon="100.1709538"><ele>1966.3</ele><time>2024-01-07T00:54:19Z</time></trkpt>
      <trkpt lat="25.7362242" lon="100.1709555"><ele>1966.3</ele><time>2024-01-07T00:54:20Z</time></trkpt>
      <trkpt lat="25.7362039" lon="100.1709566"><ele>1966.3</ele><time>2024-01-07T00:54:21Z</time></trkpt>
      <trkpt lat="25.7361832" lon="100.1709578"><ele>1966.4</ele><time>2024-01-07T00:54:22Z</time></trkpt>
      <trkpt lat="25.7361621" lon="100.1709593"><ele>1966.5</ele><time>2024-01-07T00:54:23Z</time></trkpt>
      <trkpt lat="25.7361408" lon="100.1709605"><ele>1966.5</ele><time>2024-01-07T00:54:24Z</time></trkpt>
      <trkpt lat="25.7361197" lon="100.1709613"><ele>1966.6</ele><time>2024-01-07T00:54:25Z</time></trkpt>
      <trkpt lat="25.7360989" lon="100.1709612"><ele>1966.7</ele><time>2024-01-07T00:54:26Z</time></trkpt>
      <trkpt lat="25.7360786" lon="100.1709606"><ele>1966.8</ele><time>2024-01-07T00:54:27Z</time></trkpt>
      <trkpt lat="25.7360584" lon="100.1709593"><ele>1966.8</ele><time>2024-01-07T00:54:28Z</time></trkpt>
      <trkpt lat="25.7360385" lon="100.1709576"><ele>1966.9</ele><time>2024-01-07T00:54:29Z</time></trkpt>
      <trkpt lat="25.7360187" lon="100.1709564"><ele>1967.0</ele><time>2024-01-07T00:54:30Z</time></trkpt>
      <trkpt lat="25.7359985" lon="100.1709563"><ele>1967.1</ele><time>2024-01-07T00:54:31Z</time></trkpt>
      <trkpt lat="25.7359777" lon="100.1709571"><ele>1967.1</ele><time>2024-01-07T00:54:32Z</time></trkpt>
      <trkpt lat="25.7359567" lon="100.1709577"><ele>1967.2</ele><time>2024-01-07T00:54:33Z</time></trkpt>
      <trkpt lat="25.7359357" lon="100.1709576"><ele>1967.3</ele><time>2024-01-07T00:54:34Z</time></trkpt>
      <trkpt lat="25.7359148" lon="100.1709576"><ele>1967.4</ele><time>2024-01-07T00:54:35Z</time></trkpt>
      <trkpt lat="25.7358942" lon="100.1709577"><ele>1967.4</ele><time>2024-01-07T00:54:36Z</time></trkpt>
      <trkpt lat="25.7358734" lon="100.1709579"><ele>1967.5</ele><time>2024-01-07T00:54:37Z</time></trkpt>
      <trkpt lat="25.7358523" lon="100.1709583"><ele>1967.5</ele><time>2024-01-07T00:54:38Z</time></trkpt>
      <trkpt lat="25.7358312" lon="100.1709585"><ele>1967.5</ele><time>2024-01-07T00:54:39Z</time></trkpt>
      <trkpt lat="25.7358102" lon="100.1709583"><ele>1967.6</ele><time>2024-01-07T00:54:40Z</time></trkpt>
      <trkpt lat="25.7357893" lon="100.1709579"><ele>1967.6</ele><time>2024-01-07T00:54:41Z</time></trkpt>
      <trkpt lat="25.7357680" lon="100.1709574"><ele>1967.6</ele><time>2024-01-07T00:54:42Z</time></trkpt>
      <trkpt lat="25.7357461" lon="100.1709572"><ele>1967.6</ele><time>2024-01-07T00:54:43Z</time></trkpt>
      <trkpt lat="25.7357243" lon="100.1709578"><ele>1967.6</ele><time>2024-01-07T00:54:44Z</time></trkpt>
      <trkpt lat="25.7357029" lon="100.1709591"><ele>1967.6</ele><time>2024-01-07T00:54:45Z</time></trkpt>
      <trkpt lat="25.7356821" lon="100.1709612"><ele>1967.6</ele><time>2024-01-07T00:54:46Z</time></trkpt>
      <trkpt lat="25.7356615" lon="100.1709635"><ele>1967.6</ele><time>2024-01-07T00:54:47Z</time></trkpt>
      <trkpt lat="25.7356410" lon="100.1709660"><ele>1967.6</ele><time>2024-01-07T00:54:48Z</time></trkpt>
      <trkpt lat="25.7356206" lon="100.1709686"><ele>1967.6</ele><time>2024-01-07T00:54:49Z</time></trkpt>
      <trkpt lat="25.7356000" lon="100.1709721"><ele>1967.7</ele><time>2024-01-07T00:54:50Z</time></trkpt>
      <trkpt lat="25.7355794" lon="100.1709773"><ele>1967.7</ele><time>2024-01-07T00:54:51Z</time></trkpt>
      <trkpt lat="25.7355590" lon="100.1709840"><ele>1967.7</ele><time>2024-01-07T00:54:52Z</time></trkpt>
      <trkpt lat="25.7355389" lon="100.1709912"><ele>1967.7</ele><time>2024-01-07T00:54:53Z</time></trkpt>
      <trkpt lat="25.7355193" lon="100.1709998"><ele>1967.8</ele><time>2024-01-07T00:54:54Z</time></trkpt>
      <trkpt lat="25.7355002" lon="100.1710098"><ele>1967.8</ele><time>2024-01-07T00:54:55Z</time></trkpt>
      <trkpt lat="25.7354817" lon="100.1710191"><ele>1967.8</ele><time>2024-01-07T00:54:56Z</time></trkpt>
      <trkpt lat="25.7354645" lon="100.1710284"><ele>1967.8</ele><time>2024-01-07T00:54:57Z</time></trkpt>
      <trkpt lat="25.7354491" lon="100.1710390"><ele>1967.8</ele><time>2024-01-07T00:54:58Z</time></trkpt>
      <trkpt lat="25.7354350" lon="100.1710510"><ele>1967.8</ele><time>2024-01-07T00:54:59Z</time></trkpt>
      <trkpt lat="25.7354208" lon="100.1710631"><ele>1967.9</ele><time>2024-01-07T00:55:00Z</time></trkpt>
      <trkpt lat="25.7354059" lon="100.1710748"><ele>1967.9</ele><time>2024-01-07T00:55:01Z</time></trkpt>
      <trkpt lat="25.7353902" lon="100.1710858"><ele>1967.9</ele><time>2024-01-07T00:55:02Z</time></trkpt>
      <trkpt lat="25.7353742" lon="100.1710970"><ele>1967.9</ele><time>2024-01-07T00:55:03Z</time></trkpt>
      <trkpt lat="25.7353588" lon="100.1711094"><ele>1967.9</ele><time>2024-01-07T00:55:04Z</time></trkpt>
      <trkpt lat="25.7353441" lon="100.1711230"><ele>1967.9</ele><time>2024-01-07T00:55:05Z</time></trkpt>
      <trkpt lat="25.7353297" lon="100.1711371"><ele>1967.8</ele><time>2024-01-07T00:55:06Z</time></trkpt>
      <trkpt lat="25.7353158" lon="100.1711524"><ele>1967.8</ele><time>2024-01-07T00:55:07Z</time></trkpt>
      <trkpt lat="25.7353028" lon="100.1711696"><ele>1967.8</ele><time>2024-01-07T00:55:08Z</time></trkpt>
      <trkpt lat="25.7352911" lon="100.1711881"><ele>1967.8</ele><time>2024-01-07T00:55:09Z</time></trkpt>
      <trkpt lat="25.7352809" lon="100.1712078"><ele>1967.7</ele><time>2024-01-07T00:55:10Z</time></trkpt>
      <trkpt lat="25.7352724" lon="100.1712288"><ele>1967.7</ele><time>2024-01-07T00:55:11Z</time></trkpt>
      <trkpt lat="25.7352653" lon="100.1712509"><ele>1967.7</ele><time>2024-01-07T00:55:12Z</time></trkpt>
      <trkpt lat="25.7352590" lon="100.1712729"><ele>1967.7</ele><time>2024-01-07T00:55:13Z</time></trkpt>
      <trkpt lat="25.7352529" lon="100.1712950"><ele>1967.7</ele><time>2024-01-07T00:55:14Z</time></trkpt>
      <trkpt lat="25.7352470" lon="100.1713170"><ele>1967.7</ele><time>2024-01-07T00:55:15Z</time></trkpt>
      <trkpt lat="25.7352419" lon="100.1713388"><ele>1967.8</ele><time>2024-01-07T00:55:16Z</time></trkpt>
      <trkpt lat="25.7352376" lon="100.1713603"><ele>1967.8</ele><time>2024-01-07T00:55:17Z</time></trkpt>
      <trkpt lat="25.7352336" lon="100.1713816"><ele>1967.8</ele><time>2024-01-07T00:55:18Z</time></trkpt>
      <trkpt lat="25.7352297" lon="100.1714035"><ele>1967.9</ele><time>2024-01-07T00:55:19Z</time></trkpt>
      <trkpt lat="25.7352264" lon="100.1714262"><ele>1968.0</ele><time>2024-01-07T00:55:20Z</time></trkpt>
      <trkpt lat="25.7352237" lon="100.1714493"><ele>1968.0</ele><time>2024-01-07T00:55:21Z</time></trkpt>
      <trkpt lat="25.7352213" lon="100.1714725"><ele>1968.1</ele><time>2024-01-07T00:55:22Z</time></trkpt>
      <trkpt lat="25.7352194" lon="100.1714957"><ele>1968.2</ele><time>2024-01-07T00:55:23Z</time></trkpt>
      <trkpt lat="25.7352180" lon="100.1715189"><ele>1968.3</ele><time>2024-01-07T00:55:24Z</time></trkpt>
      <trkpt lat="25.7352166" lon="100.1715415"><ele>1968.3</ele><time>2024-01-07T00:55:25Z</time></trkpt>
      <trkpt lat="25.7352147" lon="100.1715635"><ele>1968.4</ele><time>2024-01-07T00:55:26Z</time></trkpt>
      <trkpt lat="25.7352128" lon="100.1715850"><ele>1968.4</ele><time>2024-01-07T00:55:27Z</time></trkpt>
      <trkpt lat="25.7352107" lon="100.1716067"><ele>1968.5</ele><time>2024-01-07T00:55:28Z</time></trkpt>
      <trkpt lat="25.7352080" lon="100.1716284"><ele>1968.5</ele><time>2024-01-07T00:55:29Z</time></trkpt>
      <trkpt lat="25.7352044" lon="100.1716498"><ele>1968.5</ele><time>2024-01-07T00:55:30Z</time></trkpt>
      <trkpt lat="25.7352014" lon="100.1716708"><ele>1968.5</ele><time>2024-01-07T00:55:31Z</time></trkpt>
      <trkpt lat="25.7351993" lon="100.1716921"><ele>1968.4</ele><time>2024-01-07T00:55:32Z</time></trkpt>
      <trkpt lat="25.7351969" lon="100.1717135"><ele>1968.3</ele><time>2024-01-07T00:55:33Z</time></trkpt>
      <trkpt lat="25.7351947" lon="100.1717348"><ele>1968.3</ele><time>2024-01-07T00:55:34Z</time></trkpt>
      <trkpt lat="25.7351934" lon="100.1717561"><ele>1968.2</ele><time>2024-01-07T00:55:35Z</time></trkpt>
      <trkpt lat="25.7351924" lon="100.1717777"><ele>1968.0</ele><time>2024-01-07T00:55:36Z</time></trkpt>
      <trkpt lat="25.7351910" lon="100.1717997"><ele>1967.9</ele><time>2024-01-07T00:55:37Z</time></trkpt>
      <trkpt lat="25.7351886" lon="100.1718216"><ele>1967.8</ele><time>2024-01-07T00:55:38Z</time></trkpt>
      <trkpt lat="25.7351863" lon="100.1718430"><ele>1967.7</ele><time>2024-01-07T00:55:39Z</time></trkpt>
      <trkpt lat="25.7351849" lon="100.1718646"><ele>1967.6</ele><time>2024-01-07T00:55:40Z</time></trkpt>
      <trkpt lat="25.7351838" lon="100.1718865"><ele>1967.5</ele><time>2024-01-07T00:55:41Z</time></trkpt>
      <trkpt lat="25.7351827" lon="100.1719086"><ele>1967.4</ele><time>2024-01-07T00:55:42Z</time></trkpt>
      <trkpt lat="25.7351822" lon="100.1719307"><ele>1967.3</ele><time>2024-01-07T00:55:43Z</time></trkpt>
      <trkpt lat="25.7351822" lon="100.1719526"><ele>1967.2</ele><time>2024-01-07T00:55:44Z</time></trkpt>
      <trkpt lat="25.7351822" lon="100.1719745"><ele>1967.2</ele><time>2024-01-07T00:55:45Z</time></trkpt>
      <trkpt lat="25.7351820" lon="100.1719962"><ele>1967.1</ele><time>2024-01-07T00:55:46Z</time></trkpt>
      <trkpt lat="25.7351811" lon="100.1720179"><ele>1967.1</ele><time>2024-01-07T00:55:47Z</time></trkpt>
      <trkpt lat="25.7351793" lon="100.1720394"><ele>1967.0</ele><time>2024-01-07T00:55:48Z</time></trkpt>
      <trkpt lat="25.7351771" lon="100.1720610"><ele>1967.0</ele><time>2024-01-07T00:55:49Z</time></trkpt>
      <trkpt lat="25.7351755" lon="100.1720826"><ele>1967.0</ele><time>2024-01-07T00:55:50Z</time></trkpt>
      <trkpt lat="25.7351749" lon="100.1721043"><ele>1967.0</ele><time>2024-01-07T00:55:51Z</time></trkpt>
      <trkpt lat="25.7351744" lon="100.1721259"><ele>1967.0</ele><time>2024-01-07T00:55:52Z</time></trkpt>
      <trkpt lat="25.7351722" lon="100.1721470"><ele>1967.1</ele><time>2024-01-07T00:55:53Z</time></trkpt>
      <trkpt lat="25.7351689" lon="100.1721679"><ele>1967.1</ele><time>2024-01-07T00:55:54Z</time></trkpt>
      <trkpt lat="25.7351660" lon="100.1721889"><ele>1967.1</ele><time>2024-01-07T00:55:55Z</time></trkpt>
      <trkpt lat="25.7351636" lon="100.1722104"><ele>1967.1</ele><time>2024-01-07T00:55:56Z</time></trkpt>
      <trkpt lat="25.7351613" lon="100.1722322"><ele>1967.1</ele><time>2024-01-07T00:55:57Z</time></trkpt>
      <trkpt lat="25.7351584" lon="100.1722535"><ele>1967.2</ele><time>2024-01-07T00:55:58Z</time></trkpt>
      <trkpt lat="25.7351554" lon="100.1722740"><ele>1967.2</ele><time>2024-01-07T00:55:59Z</time></trkpt>
      <trkpt lat="25.7351524" lon="100.1722939"><ele>1967.2</ele><time>2024-01-07T00:56:00Z</time></trkpt>
      <trkpt lat="25.7351494" lon="100.1723134"><ele>1967.3</ele><time>2024-01-07T00:56:01Z</time></trkpt>
      <trkpt lat="25.7351464" lon="100.1723327"><ele>1967.3</ele><time>2024-01-07T00:56:02Z</time></trkpt>
      <trkpt lat="25.7351434" lon="100.1723522"><ele>1967.3</ele><time>2024-01-07T00:56:03Z</time></trkpt>
      <trkpt lat="25.7351388" lon="100.1723720"><ele>1967.3</ele><time>2024-01-07T00:56:04Z</time></trkpt>
      <trkpt lat="25.7351325" lon="100.1723919"><ele>1967.3</ele><time>2024-01-07T00:56:05Z</time></trkpt>
      <trkpt lat="25.7351259" lon="100.1724120"><ele>1967.3</ele><time>2024-01-07T00:56:06Z</time></trkpt>
      <trkpt lat="25.7351193" lon="100.1724322"><ele>1967.3</ele><time>2024-01-07T00:56:07Z</time></trkpt>
      <trkpt lat="25.7351128" lon="100.1724524"><ele>1967.3</ele><time>2024-01-07T00:56:08Z</time></trkpt>
      <trkpt lat="25.7351062" lon="100.1724726"><ele>1967.4</ele><time>2024-01-07T00:56:09Z</time></trkpt>
      <trkpt lat="25.7350996" lon="100.1724929"><ele>1967.4</ele><time>2024-01-07T00:56:10Z</time></trkpt>
      <trkpt lat="25.7350929" lon="100.1725129"><ele>1967.4</ele><time>2024-01-07T00:56:11Z</time></trkpt>
      <trkpt lat="25.7350866" lon="100.1725328"><ele>1967.4</ele><time>2024-01-07T00:56:12Z</time></trkpt>
      <trkpt lat="25.7350809" lon="100.1725529"><ele>1967.5</ele><time>2024-01-07T00:56:13Z</time></trkpt>
      <trkpt lat="25.7350743" lon="100.1725729"><ele>1967.5</ele><time>2024-01-07T00:56:14Z</time></trkpt>
      <trkpt lat="25.7350662" lon="100.1725924"><ele>1967.6</ele><time>2024-01-07T00:56:15Z</time></trkpt>
      <trkpt lat="25.7350577" lon="100.1726114"><ele>1967.6</ele><time>2024-01-07T00:56:16Z</time></trkpt>
      <trkpt lat="25.7350495" lon="100.1726304"><ele>1967.7</ele><time>2024-01-07T00:56:17Z</time></trkpt>
      <trkpt lat="25.7350419" lon="100.1726499"><ele>1967.7</ele><time>2024-01-07T00:56:18Z</time></trkpt>
      <trkpt lat="25.7350340" lon="100.1726694"><ele>1967.8</ele><time>2024-01-07T00:56:19Z</time></trkpt>
      <trkpt lat="25.7350254" lon="100.1726886"><ele>1967.8</ele><time>2024-01-07T00:56:20Z</time></trkpt>
      <trkpt lat="25.7350170" lon="100.1727079"><ele>1967.8</ele><time>2024-01-07T00:56:21Z</time></trkpt>
      <trkpt lat="25.7350086" lon="100.1727272"><ele>1967.8</ele><time>2024-01-07T00:56:22Z</time></trkpt>
      <trkpt lat="25.7350002" lon="100.1727464"><ele>1967.8</ele><time>2024-01-07T00:56:23Z</time></trkpt>
      <trkpt lat="25.7349919" lon="100.1727657"><ele>1967.8</ele><time>2024-01-07T00:56:24Z</time></trkpt>
      <trkpt lat="25.7349840" lon="100.1727850"><ele>1967.8</ele><time>2024-01-07T00:56:25Z</time></trkpt>
      <trkpt lat="25.7349760" lon="100.1728040"><ele>1967.8</ele><time>2024-01-07T00:56:26Z</time></trkpt>
      <trkpt lat="25.7349673" lon="100.1728227"><ele>1967.7</ele><time>2024-01-07T00:56:27Z</time></trkpt>
      <trkpt lat="25.7349579" lon="100.1728412"><ele>1967.7</ele><time>2024-01-07T00:56:28Z</time></trkpt>
      <trkpt lat="25.7349480" lon="100.1728596"><ele>1967.7</ele><time>2024-01-07T00:56:29Z</time></trkpt>
      <trkpt lat="25.7349370" lon="100.1728779"><ele>1967.7</ele><time>2024-01-07T00:56:30Z</time></trkpt>
      <trkpt lat="25.7349255" lon="100.1728955"><ele>1967.7</ele><time>2024-01-07T00:56:31Z</time></trkpt>
      <trkpt lat="25.7349142" lon="100.1729128"><ele>1967.7</ele><time>2024-01-07T00:56:32Z</time></trkpt>
      <trkpt lat="25.7349035" lon="100.1729304"><ele>1967.7</ele><time>2024-01-07T00:56:33Z</time></trkpt>
      <trkpt lat="25.7348938" lon="100.1729484"><ele>1967.8</ele><time>2024-01-07T00:56:34Z</time></trkpt>
      <trkpt lat="25.7348850" lon="100.1729665"><ele>1967.8</ele><time>2024-01-07T00:56:35Z</time></trkpt>
      <trkpt lat="25.7348769" lon="100.1729843"><ele>1967.9</ele><time>2024-01-07T00:56:36Z</time></trkpt>
      <trkpt lat="25.7348692" lon="100.1730022"><ele>1968.0</ele><time>2024-01-07T00:56:37Z</time></trkpt>
      <trkpt lat="25.7348616" lon="100.1730203"><ele>1968.1</ele><time>2024-01-07T00:56:38Z</time></trkpt>
      <trkpt lat="25.7348540" lon="100.1730389"><ele>1968.2</ele><time>2024-01-07T00:56:39Z</time></trkpt>
      <trkpt lat="25.7348453" lon="100.1730575"><ele>1968.3</ele><time>2024-01-07T00:56:40Z</time></trkpt>
      <trkpt lat="25.7348353" lon="100.1730754"><ele>1968.4</ele><time>2024-01-07T00:56:41Z</time></trkpt>
      <trkpt lat="25.7348251" lon="100.1730931"><ele>1968.5</ele><time>2024-01-07T00:56:42Z</time></trkpt>
      <trkpt lat="25.7348144" lon="100.1731100"><ele>1968.6</ele><time>2024-01-07T00:56:43Z</time></trkpt>
      <trkpt lat="25.7348037" lon="100.1731268"><ele>1968.7</ele><time>2024-01-07T00:56:44Z</time></trkpt>
      <trkpt lat="25.7347930" lon="100.1731439"><ele>1968.8</ele><time>2024-01-07T00:56:45Z</time></trkpt>
      <trkpt lat="25.7347821" lon="100.1731614"><ele>1968.9</ele><time>2024-01-07T00:56:46Z</time></trkpt>
      <trkpt lat="25.7347708" lon="100.1731791"><ele>1968.9</ele><time>2024-01-07T00:56:47Z</time></trkpt>
      <trkpt lat="25.7347593" lon="100.1731969"><ele>1969.0</ele><time>2024-01-07T00:56:48Z</time></trkpt>
      <trkpt lat="25.7347479" lon="100.1732150"><ele>1969.0</ele><time>2024-01-07T00:56:49Z</time></trkpt>
      <trkpt lat="25.7347370" lon="100.1732334"><ele>1969.0</ele><time>2024-01-07T00:56:50Z</time></trkpt>
      <trkpt lat="25.7347262" lon="100.1732521"><ele>1969.0</ele><time>2024-01-07T00:56:51Z</time></trkpt>
      <trkpt lat="25.7347148" lon="100.1732706"><ele>1969.0</ele><time>2024-01-07T00:56:52Z</time></trkpt>
      <trkpt lat="25.7347030" lon="100.1732888"><ele>1969.0</ele><time>2024-01-07T00:56:53Z</time></trkpt>
      <trkpt lat="25.7346913" lon="100.1733069"><ele>1969.0</ele><time>2024-01-07T00:56:54Z</time></trkpt>
      <trkpt lat="25.7346798" lon="100.1733253"><ele>1969.0</ele><time>2024-01-07T00:56:55Z</time></trkpt>
      <trkpt lat="25.7346678" lon="100.1733434"><ele>1969.0</ele><time>2024-01-07T00:56:56Z</time></trkpt>
      <trkpt lat="25.7346555" lon="100.1733609"><ele>1968.9</ele><time>2024-01-07T00:56:57Z</time></trkpt>
      <trkpt lat="25.7346435" lon="100.1733782"><ele>1968.9</ele><time>2024-01-07T00:56:58Z</time></trkpt>
      <trkpt lat="25.7346322" lon="100.1733957"><ele>1968.8</ele><time>2024-01-07T00:56:59Z</time></trkpt>
      <trkpt lat="25.7346211" lon="100.1734132"><ele>1968.8</ele><time>2024-01-07T00:57:00Z</time></trkpt>
      <trkpt lat="25.7346092" lon="100.1734302"><ele>1968.7</ele><time>2024-01-07T00:57:01Z</time></trkpt>
      <trkpt lat="25.7345966" lon="100.1734466"><ele>1968.7</ele><time>2024-01-07T00:57:02Z</time></trkpt>
      <trkpt lat="25.7345840" lon="100.1734626"><ele>1968.6</ele><time>2024-01-07T00:57:03Z</time></trkpt>
      <trkpt lat="25.7345716" lon="100.1734783"><ele>1968.5</ele><time>2024-01-07T00:57:04Z</time></trkpt>
      <trkpt lat="25.7345593" lon="100.1734940"><ele>1968.5</ele><time>2024-01-07T00:57:05Z</time></trkpt>
      <trkpt lat="25.7345469" lon="100.1735095"><ele>1968.4</ele><time>2024-01-07T00:57:06Z</time></trkpt>
      <trkpt lat="25.7345340" lon="100.1735245"><ele>1968.4</ele><time>2024-01-07T00:57:07Z</time></trkpt>
      <trkpt lat="25.7345211" lon="100.1735394"><ele>1968.3</ele><time>2024-01-07T00:57:08Z</time></trkpt>
      <trkpt lat="25.7345078" lon="100.1735541"><ele>1968.3</ele><time>2024-01-07T00:57:09Z</time></trkpt>
      <trkpt lat="25.7344944" lon="100.1735687"><ele>1968.2</ele><time>2024-01-07T00:57:10Z</time></trkpt>
      <trkpt lat="25.7344812" lon="100.1735836"><ele>1968.2</ele><time>2024-01-07T00:57:11Z</time></trkpt>
      <trkpt lat="25.7344683" lon="100.1735991"><ele>1968.2</ele><time>2024-01-07T00:57:12Z</time></trkpt>
      <trkpt lat="25.7344554" lon="100.1736150"><ele>1968.2</ele><time>2024-01-07T00:57:13Z</time></trkpt>
      <trkpt lat="25.7344424" lon="100.1736308"><ele>1968.1</ele><time>2024-01-07T00:57:14Z</time></trkpt>
      <trkpt lat="25.7344292" lon="100.1736465"><ele>1968.2</ele><time>2024-01-07T00:57:15Z</time></trkpt>
      <trkpt lat="25.7344154" lon="100.1736618"><ele>1968.2</ele><time>2024-01-07T00:57:16Z</time></trkpt>
      <trkpt lat="25.7344012" lon="100.1736772"><ele>1968.2</ele><time>2024-01-07T00:57:17Z</time></trkpt>
      <trkpt lat="25.7343872" lon="100.1736932"><ele>1968.2</ele><time>2024-01-07T00:57:18Z</time></trkpt>
      <trkpt lat="25.7343732" lon="100.1737089"><ele>1968.2</ele><time>2024-01-07T00:57:19Z</time></trkpt>
      <trkpt lat="25.7343585" lon="100.1737238"><ele>1968.2</ele><time>2024-01-07T00:57:20Z</time></trkpt>
      <trkpt lat="25.7343437" lon="100.1737386"><ele>1968.2</ele><time>2024-01-07T00:57:21Z</time></trkpt>
      <trkpt lat="25.7343294" lon="100.1737539"><ele>1968.1</ele><time>2024-01-07T00:57:22Z</time></trkpt>
      <trkpt lat="25.7343156" lon="100.1737693"><ele>1968.1</ele><time>2024-01-07T00:57:23Z</time></trkpt>
      <trkpt lat="25.7343019" lon="100.1737849"><ele>1968.1</ele><time>2024-01-07T00:57:24Z</time></trkpt>
      <trkpt lat="25.7342882" lon="100.1738009"><ele>1968.1</ele><time>2024-01-07T00:57:25Z</time></trkpt>
      <trkpt lat="25.7342747" lon="100.1738170"><ele>1968.1</ele><time>2024-01-07T00:57:26Z</time></trkpt>
      <trkpt lat="25.7342608" lon="100.1738328"><ele>1968.1</ele><time>2024-01-07T00:57:27Z</time></trkpt>
      <trkpt lat="25.7342460" lon="100.1738476"><ele>1968.1</ele><time>2024-01-07T00:57:28Z</time></trkpt>
      <trkpt lat="25.7342302" lon="100.1738610"><ele>1968.1</ele><time>2024-01-07T00:57:29Z</time></trkpt>
      <trkpt lat="25.7342135" lon="100.1738728"><ele>1968.1</ele><time>2024-01-07T00:57:30Z</time></trkpt>
      <trkpt lat="25.7341966" lon="100.1738841"><ele>1968.1</ele><time>2024-01-07T00:57:31Z</time></trkpt>
      <trkpt lat="25.7341801" lon="100.1738964"><ele>1968.1</ele><time>2024-01-07T00:57:32Z</time></trkpt>
      <trkpt lat="25.7341637" lon="100.1739093"><ele>1968.1</ele><time>2024-01-07T00:57:33Z</time></trkpt>
      <trkpt lat="25.7341474" lon="100.1739225"><ele>1968.1</ele><time>2024-01-07T00:57:34Z</time></trkpt>
      <trkpt lat="25.7341316" lon="100.1739359"><ele>1968.1</ele><time>2024-01-07T00:57:35Z</time></trkpt>
      <trkpt lat="25.7341164" lon="100.1739494"><ele>1968.0</ele><time>2024-01-07T00:57:36Z</time></trkpt>
      <trkpt lat="25.7341015" lon="100.1739625"><ele>1968.0</ele><time>2024-01-07T00:57:37Z</time></trkpt>
      <trkpt lat="25.7340865" lon="100.1739753"><ele>1968.0</ele><time>2024-01-07T00:57:38Z</time></trkpt>
      <trkpt lat="25.7340712" lon="100.1739883"><ele>1968.0</ele><time>2024-01-07T00:57:39Z</time></trkpt>
      <trkpt lat="25.7340556" lon="100.1740017"><ele>1968.0</ele><time>2024-01-07T00:57:40Z</time></trkpt>
      <trkpt lat="25.7340399" lon="100.1740155"><ele>1968.0</ele><time>2024-01-07T00:57:41Z</time></trkpt>
      <trkpt lat="25.7340239" lon="100.1740289"><ele>1967.9</ele><time>2024-01-07T00:57:42Z</time></trkpt>
      <trkpt lat="25.7340080" lon="100.1740420"><ele>1967.9</ele><time>2024-01-07T00:57:43Z</time></trkpt>
      <trkpt lat="25.7339922" lon="100.1740551"><ele>1967.8</ele><time>2024-01-07T00:57:44Z</time></trkpt>
      <trkpt lat="25.7339765" lon="100.1740682"><ele>1967.8</ele><time>2024-01-07T00:57:45Z</time></trkpt>
      <trkpt lat="25.7339609" lon="100.1740816"><ele>1967.8</ele><time>2024-01-07T00:57:46Z</time></trkpt>
      <trkpt lat="25.7339454" lon="100.1740949"><ele>1967.7</ele><time>2024-01-07T00:57:47Z</time></trkpt>
      <trkpt lat="25.7339300" lon="100.1741084"><ele>1967.7</ele><time>2024-01-07T00:57:48Z</time></trkpt>
      <trkpt lat="25.7339144" lon="100.1741218"><ele>1967.6</ele><time>2024-01-07T00:57:49Z</time></trkpt>
      <trkpt lat="25.7338985" lon="100.1741349"><ele>1967.6</ele><time>2024-01-07T00:57:50Z</time></trkpt>
      <trkpt lat="25.7338825" lon="100.1741475"><ele>1967.5</ele><time>2024-01-07T00:57:51Z</time></trkpt>
      <trkpt lat="25.7338663" lon="100.1741596"><ele>1967.5</ele><time>2024-01-07T00:57:52Z</time></trkpt>
      <trkpt lat="25.7338497" lon="100.1741718"><ele>1967.4</ele><time>2024-01-07T00:57:53Z</time></trkpt>
      <trkpt lat="25.7338330" lon="100.1741841"><ele>1967.4</ele><time>2024-01-07T00:57:54Z</time></trkpt>
      <trkpt lat="25.7338162" lon="100.1741957"><ele>1967.3</ele><time>2024-01-07T00:57:55Z</time></trkpt>
      <trkpt lat="25.7337994" lon="100.1742068"><ele>1967.3</ele><time>2024-01-07T00:57:56Z</time></trkpt>
      <trkpt lat="25.7337831" lon="100.1742181"><ele>1967.3</ele><time>2024-01-07T00:57:57Z</time></trkpt>
      <trkpt lat="25.7337672" lon="100.1742301"><ele>1967.2</ele><time>2024-01-07T00:57:58Z</time></trkpt>
      <trkpt lat="25.7337514" lon="100.1742421"><ele>1967.2</ele><time>2024-01-07T00:57:59Z</time></trkpt>
      <trkpt lat="25.7337356" lon="100.1742538"><ele>1967.2</ele><time>2024-01-07T00:58:00Z</time></trkpt>
      <trkpt lat="25.7337196" lon="100.1742650"><ele>1967.1</ele><time>2024-01-07T00:58:01Z</time></trkpt>
      <trkpt lat="25.7337035" lon="100.1742762"><ele>1967.1</ele><time>2024-01-07T00:58:02Z</time></trkpt>
      <trkpt lat="25.7336874" lon="100.1742877"><ele>1967.1</ele><time>2024-01-07T00:58:03Z</time></trkpt>
      <trkpt lat="25.7336712" lon="100.1742991"><ele>1967.0</ele><time>2024-01-07T00:58:04Z</time></trkpt>
      <trkpt lat="25.7336550" lon="100.1743107"><ele>1967.0</ele><time>2024-01-07T00:58:05Z</time></trkpt>
      <trkpt lat="25.7336392" lon="100.1743225"><ele>1967.0</ele><time>2024-01-07T00:58:06Z</time></trkpt>
      <trkpt lat="25.7336243" lon="100.1743347"><ele>1967.0</ele><time>2024-01-07T00:58:07Z</time></trkpt>
      <trkpt lat="25.7336097" lon="100.1743471"><ele>1966.9</ele><time>2024-01-07T00:58:08Z</time></trkpt>
      <trkpt lat="25.7335950" lon="100.1743590"><ele>1966.9</ele><time>2024-01-07T00:58:09Z</time></trkpt>
      <trkpt lat="25.7335796" lon="100.1743705"><ele>1966.9</ele><time>2024-01-07T00:58:10Z</time></trkpt>
      <trkpt lat="25.7335641" lon="100.1743821"><ele>1966.9</ele><time>2024-01-07T00:58:11Z</time></trkpt>
      <trkpt lat="25.7335488" lon="100.1743940"><ele>1967.0</ele><time>2024-01-07T00:58:12Z</time></trkpt>
      <trkpt lat="25.7335332" lon="100.1744059"><ele>1967.0</ele><time>2024-01-07T00:58:13Z</time></trkpt>
      <trkpt lat="25.7335175" lon="100.1744181"><ele>1967.0</ele><time>2024-01-07T00:58:14Z</time></trkpt>
      <trkpt lat="25.7335022" lon="100.1744312"><ele>1967.1</ele><time>2024-01-07T00:58:15Z</time></trkpt>
      <trkpt lat="25.7334868" lon="100.1744446"><ele>1967.1</ele><time>2024-01-07T00:58:16Z</time></trkpt>
      <trkpt lat="25.7334711" lon="100.1744577"><ele>1967.2</ele><time>2024-01-07T00:58:17Z</time></trkpt>
      <trkpt lat="25.7334556" lon="100.1744706"><ele>1967.3</ele><time>2024-01-07T00:58:18Z</time></trkpt>
      <trkpt lat="25.7334406" lon="100.1744839"><ele>1967.3</ele><time>2024-01-07T00:58:19Z</time></trkpt>
      <trkpt lat="25.7334259" lon="100.1744983"><ele>1967.4</ele><time>2024-01-07T00:58:20Z</time></trkpt>
      <trkpt lat="25.7334106" lon="100.1745131"><ele>1967.4</ele><time>2024-01-07T00:58:21Z</time></trkpt>
      <trkpt lat="25.7333941" lon="100.1745275"><ele>1967.5</ele><time>2024-01-07T00:58:22Z</time></trkpt>
      <trkpt lat="25.7333771" lon="100.1745414"><ele>1967.5</ele><time>2024-01-07T00:58:23Z</time></trkpt>
      <trkpt lat="25.7333604" lon="100.1745559"><ele>1967.5</ele><time>2024-01-07T00:58:24Z</time></trkpt>
      <trkpt lat="25.7333443" lon="100.1745718"><ele>1967.6</ele><time>2024-01-07T00:58:25Z</time></trkpt>
      <trkpt lat="25.7333283" lon="100.1745888"><ele>1967.6</ele><time>2024-01-07T00:58:26Z</time></trkpt>
      <trkpt lat="25.7333123" lon="100.1746065"><ele>1967.7</ele><time>2024-01-07T00:58:27Z</time></trkpt>
      <trkpt lat="25.7332965" lon="100.1746243"><ele>1967.7</ele><time>2024-01-07T00:58:28Z</time></trkpt>
      <trkpt lat="25.7332810" lon="100.1746413"><ele>1967.7</ele><time>2024-01-07T00:58:29Z</time></trkpt>
      <trkpt lat="25.7332653" lon="100.1746569"><ele>1967.7</ele><time>2024-01-07T00:58:30Z</time></trkpt>
      <trkpt lat="25.7332503" lon="100.1746722"><ele>1967.7</ele><time>2024-01-07T00:58:31Z</time></trkpt>
      <trkpt lat="25.7332363" lon="100.1746885"><ele>1967.7</ele><time>2024-01-07T00:58:32Z</time></trkpt>
      <trkpt lat="25.7332231" lon="100.1747055"><ele>1967.7</ele><time>2024-01-07T00:58:33Z</time></trkpt>
      <trkpt lat="25.7332101" lon="100.1747225"><ele>1967.7</ele><time>2024-01-07T00:58:34Z</time></trkpt>
      <trkpt lat="25.7331973" lon="100.1747401"><ele>1967.6</ele><time>2024-01-07T00:58:35Z</time></trkpt>
      <trkpt lat="25.7331848" lon="100.1747583"><ele>1967.6</ele><time>2024-01-07T00:58:36Z</time></trkpt>
      <trkpt lat="25.7331724" lon="100.1747766"><ele>1967.6</ele><time>2024-01-07T00:58:37Z</time></trkpt>
      <trkpt lat="25.7331598" lon="100.1747944"><ele>1967.6</ele><time>2024-01-07T00:58:38Z</time></trkpt>
      <trkpt lat="25.7331465" lon="100.1748114"><ele>1967.6</ele><time>2024-01-07T00:58:39Z</time></trkpt>
      <trkpt lat="25.7331329" lon="100.1748276"><ele>1967.6</ele><time>2024-01-07T00:58:40Z</time></trkpt>
      <trkpt lat="25.7331194" lon="100.1748436"><ele>1967.6</ele><time>2024-01-07T00:58:41Z</time></trkpt>
      <trkpt lat="25.7331063" lon="100.1748600"><ele>1967.6</ele><time>2024-01-07T00:58:42Z</time></trkpt>
      <trkpt lat="25.7330939" lon="100.1748772"><ele>1967.6</ele><time>2024-01-07T00:58:43Z</time></trkpt>
      <trkpt lat="25.7330819" lon="100.1748951"><ele>1967.7</ele><time>2024-01-07T00:58:44Z</time></trkpt>
      <trkpt lat="25.7330697" lon="100.1749129"><ele>1967.6</ele><time>2024-01-07T00:58:45Z</time></trkpt>
      <trkpt lat="25.7330577" lon="100.1749306"><ele>1967.7</ele><time>2024-01-07T00:58:46Z</time></trkpt>
      <trkpt lat="25.7330461" lon="100.1749485"><ele>1967.7</ele><time>2024-01-07T00:58:47Z</time></trkpt>
      <trkpt lat="25.7330346" lon="100.1749666"><ele>1967.7</ele><time>2024-01-07T00:58:48Z</time></trkpt>
      <trkpt lat="25.7330232" lon="100.1749847"><ele>1967.7</ele><time>2024-01-07T00:58:49Z</time></trkpt>
      <trkpt lat="25.7330124" lon="100.1750031"><ele>1967.7</ele><time>2024-01-07T00:58:50Z</time></trkpt>
      <trkpt lat="25.7330019" lon="100.1750213"><ele>1967.7</ele><time>2024-01-07T00:58:51Z</time></trkpt>
      <trkpt lat="25.7329914" lon="100.1750388"><ele>1967.7</ele><time>2024-01-07T00:58:52Z</time></trkpt>
      <trkpt lat="25.7329810" lon="100.1750561"><ele>1967.7</ele><time>2024-01-07T00:58:53Z</time></trkpt>
      <trkpt lat="25.7329707" lon="100.1750738"><ele>1967.7</ele><time>2024-01-07T00:58:54Z</time></trkpt>
      <trkpt lat="25.7329605" lon="100.1750921"><ele>1967.6</ele><time>2024-01-07T00:58:55Z</time></trkpt>
      <trkpt lat="25.7329508" lon="100.1751109"><ele>1967.6</ele><time>2024-01-07T00:58:56Z</time></trkpt>
      <trkpt lat="25.7329409" lon="100.1751292"><ele>1967.6</ele><time>2024-01-07T00:58:57Z</time></trkpt>
      <trkpt lat="25.7329311" lon="100.1751470"><ele>1967.6</ele><time>2024-01-07T00:58:58Z</time></trkpt>
      <trkpt lat="25.7329216" lon="100.1751653"><ele>1967.5</ele><time>2024-01-07T00:58:59Z</time></trkpt>
      <trkpt lat="25.7329119" lon="100.1751838"><ele>1967.5</ele><time>2024-01-07T00:59:00Z</time></trkpt>
      <trkpt lat="25.7329016" lon="100.1752022"><ele>1967.5</ele><time>2024-01-07T00:59:01Z</time></trkpt>
      <trkpt lat="25.7328911" lon="100.1752204"><ele>1967.5</ele><time>2024-01-07T00:59:02Z</time></trkpt>
      <trkpt lat="25.7328808" lon="100.1752384"><ele>1967.5</ele><time>2024-01-07T00:59:03Z</time></trkpt>
      <trkpt lat="25.7328704" lon="100.1752568"><ele>1967.5</ele><time>2024-01-07T00:59:04Z</time></trkpt>
      <trkpt lat="25.7328597" lon="100.1752752"><ele>1967.5</ele><time>2024-01-07T00:59:05Z</time></trkpt>
      <trkpt lat="25.7328490" lon="100.1752939"><ele>1967.5</ele><time>2024-01-07T00:59:06Z</time></trkpt>
      <trkpt lat="25.7328387" lon="100.1753129"><ele>1967.5</ele><time>2024-01-07T00:59:07Z</time></trkpt>
      <trkpt lat="25.7328285" lon="100.1753317"><ele>1967.5</ele><time>2024-01-07T00:59:08Z</time></trkpt>
      <trkpt lat="25.7328182" lon="100.1753504"><ele>1967.5</ele><time>2024-01-07T00:59:09Z</time></trkpt>
      <trkpt lat="25.7328081" lon="100.1753692"><ele>1967.5</ele><time>2024-01-07T00:59:10Z</time></trkpt>
      <trkpt lat="25.7327986" lon="100.1753883"><ele>1967.5</ele><time>2024-01-07T00:59:11Z</time></trkpt>
      <trkpt lat="25.7327899" lon="100.1754077"><ele>1967.5</ele><time>2024-01-07T00:59:12Z</time></trkpt>
      <trkpt lat="25.7327812" lon="100.1754268"><ele>1967.4</ele><time>2024-01-07T00:59:13Z</time></trkpt>
      <trkpt lat="25.7327723" lon="100.1754456"><ele>1967.4</ele><time>2024-01-07T00:59:14Z</time></trkpt>
      <trkpt lat="25.7327637" lon="100.1754644"><ele>1967.4</ele><time>2024-01-07T00:59:15Z</time></trkpt>
      <trkpt lat="25.7327557" lon="100.1754836"><ele>1967.4</ele><time>2024-01-07T00:59:16Z</time></trkpt>
      <trkpt lat="25.7327479" lon="100.1755029"><ele>1967.4</ele><time>2024-01-07T00:59:17Z</time></trkpt>
      <trkpt lat="25.7327401" lon="100.1755225"><ele>1967.3</ele><time>2024-01-07T00:59:18Z</time></trkpt>
      <trkpt lat="25.7327322" lon="100.1755420"><ele>1967.3</ele><time>2024-01-07T00:59:19Z</time></trkpt>
      <trkpt lat="25.7327243" lon="100.1755613"><ele>1967.3</ele><time>2024-01-07T00:59:20Z</time></trkpt>
      <trkpt lat="25.7327175" lon="100.1755809"><ele>1967.2</ele><time>2024-01-07T00:59:21Z</time></trkpt>
      <trkpt lat="25.7327125" lon="100.1756009"><ele>1967.2</ele><time>2024-01-07T00:59:22Z</time></trkpt>
      <trkpt lat="25.7327088" lon="100.1756213"><ele>1967.2</ele><time>2024-01-07T00:59:23Z</time></trkpt>
      <trkpt lat="25.7327055" lon="100.1756419"><ele>1967.1</ele><time>2024-01-07T00:59:24Z</time></trkpt>
      <trkpt lat="25.7327014" lon="100.1756622"><ele>1967.1</ele><time>2024-01-07T00:59:25Z</time></trkpt>
      <trkpt lat="25.7326960" lon="100.1756821"><ele>1967.1</ele><time>2024-01-07T00:59:26Z</time></trkpt>
      <trkpt lat="25.7326901" lon="100.1757020"><ele>1967.1</ele><time>2024-01-07T00:59:27Z</time></trkpt>
      <trkpt lat="25.7326840" lon="100.1757220"><ele>1967.1</ele><time>2024-01-07T00:59:28Z</time></trkpt>
      <trkpt lat="25.7326778" lon="100.1757418"><ele>1967.1</ele><time>2024-01-07T00:59:29Z</time></trkpt>
      <trkpt lat="25.7326717" lon="100.1757613"><ele>1967.1</ele><time>2024-01-07T00:59:30Z</time></trkpt>
      <trkpt lat="25.7326661" lon="100.1757805"><ele>1967.1</ele><time>2024-01-07T00:59:31Z</time></trkpt>
      <trkpt lat="25.7326613" lon="100.1758000"><ele>1967.1</ele><time>2024-01-07T00:59:32Z</time></trkpt>
      <trkpt lat="25.7326580" lon="100.1758202"><ele>1967.1</ele><time>2024-01-07T00:59:33Z</time></trkpt>
      <trkpt lat="25.7326563" lon="100.1758410"><ele>1967.2</ele><time>2024-01-07T00:59:34Z</time></trkpt>
      <trkpt lat="25.7326553" lon="100.1758623"><ele>1967.2</ele><time>2024-01-07T00:59:35Z</time></trkpt>
      <trkpt lat="25.7326539" lon="100.1758836"><ele>1967.2</ele><time>2024-01-07T00:59:36Z</time></trkpt>
      <trkpt lat="25.7326522" lon="100.1759047"><ele>1967.2</ele><time>2024-01-07T00:59:37Z</time></trkpt>
      <trkpt lat="25.7326504" lon="100.1759258"><ele>1967.3</ele><time>2024-01-07T00:59:38Z</time></trkpt>
      <trkpt lat="25.7326482" lon="100.1759472"><ele>1967.3</ele><time>2024-01-07T00:59:39Z</time></trkpt>
      <trkpt lat="25.7326453" lon="100.1759686"><ele>1967.3</ele><time>2024-01-07T00:59:40Z</time></trkpt>
      <trkpt lat="25.7326423" lon="100.1759898"><ele>1967.3</ele><time>2024-01-07T00:59:41Z</time></trkpt>
      <trkpt lat="25.7326397" lon="100.1760108"><ele>1967.3</ele><time>2024-01-07T00:59:42Z</time></trkpt>
      <trkpt lat="25.7326377" lon="100.1760316"><ele>1967.3</ele><time>2024-01-07T00:59:43Z</time></trkpt>
      <trkpt lat="25.7326364" lon="100.1760524"><ele>1967.3</ele><time>2024-01-07T00:59:44Z</time></trkpt>
      <trkpt lat="25.7326359" lon="100.1760733"><ele>1967.3</ele><time>2024-01-07T00:59:45Z</time></trkpt>
      <trkpt lat="25.7326360" lon="100.1760942"><ele>1967.4</ele><time>2024-01-07T00:59:46Z</time></trkpt>
      <trkpt lat="25.7326359" lon="100.1761151"><ele>1967.4</ele><time>2024-01-07T00:59:47Z</time></trkpt>
      <trkpt lat="25.7326358" lon="100.1761359"><ele>1967.3</ele><time>2024-01-07T00:59:48Z</time></trkpt>
      <trkpt lat="25.7326367" lon="100.1761565"><ele>1967.3</ele><time>2024-01-07T00:59:49Z</time></trkpt>
      <trkpt lat="25.7326380" lon="100.1761770"><ele>1967.3</ele><time>2024-01-07T00:59:50Z</time></trkpt>
      <trkpt lat="25.7326396" lon="100.1761976"><ele>1967.3</ele><time>2024-01-07T00:59:51Z</time></trkpt>
      <trkpt lat="25.7326409" lon="100.1762186"><ele>1967.3</ele><time>2024-01-07T00:59:52Z</time></trkpt>
      <trkpt lat="25.7326423" lon="100.1762397"><ele>1967.3</ele><time>2024-01-07T00:59:53Z</time></trkpt>
      <trkpt lat="25.7326438" lon="100.1762609"><ele>1967.3</ele><time>2024-01-07T00:59:54Z</time></trkpt>
      <trkpt lat="25.7326454" lon="100.1762819"><ele>1967.3</ele><time>2024-01-07T00:59:55Z</time></trkpt>
      <trkpt lat="25.7326470" lon="100.1763027"><ele>1967.3</ele><time>2024-01-07T00:59:56Z</time></trkpt>
      <trkpt lat="25.7326485" lon="100.1763233"><ele>1967.3</ele><time>2024-01-07T00:59:57Z</time></trkpt>
      <trkpt lat="25.7326496" lon="100.1763437"><ele>1967.3</ele><time>2024-01-07T00:59:58Z</time></trkpt>
      <trkpt lat="25.7326508" lon="100.1763643"><ele>1967.3</ele><time>2024-01-07T00:59:59Z</time></trkpt>
      <trkpt lat="25.7326522" lon="100.1763850"><ele>1967.3</ele><time>2024-01-07T01:00:00Z</time></trkpt>
      <trkpt lat="25.7326536" lon="100.1764057"><ele>1967.3</ele><time>2024-01-07T01:00:01Z</time></trkpt>
      <trkpt lat="25.7326554" lon="100.1764264"><ele>1967.4</ele><time>2024-01-07T01:00:02Z</time></trkpt>
      <trkpt lat="25.7326577" lon="100.1764470"><ele>1967.4</ele><time>2024-01-07T01:00:03Z</time></trkpt>
      <trkpt lat="25.7326609" lon="100.1764678"><ele>1967.5</ele><time>2024-01-07T01:00:04Z</time></trkpt>
      <trkpt lat="25.7326649" lon="100.1764883"><ele>1967.5</ele><time>2024-01-07T01:00:05Z</time></trkpt>
      <trkpt lat="25.7326687" lon="100.1765087"><ele>1967.6</ele><time>2024-01-07T01:00:06Z</time></trkpt>
      <trkpt lat="25.7326727" lon="100.1765290"><ele>1967.6</ele><time>2024-01-07T01:00:07Z</time></trkpt>
      <trkpt lat="25.7326779" lon="100.1765490"><ele>1967.6</ele><time>2024-01-07T01:00:08Z</time></trkpt>
      <trkpt lat="25.7326839" lon="100.1765692"><ele>1967.7</ele><time>2024-01-07T01:00:09Z</time></trkpt>
      <trkpt lat="25.7326903" lon="100.1765895"><ele>1967.7</ele><time>2024-01-07T01:00:10Z</time></trkpt>
      <trkpt lat="25.7326963" lon="100.1766099"><ele>1967.8</ele><time>2024-01-07T01:00:11Z</time></trkpt>
      <trkpt lat="25.7327023" lon="100.1766298"><ele>1967.9</ele><time>2024-01-07T01:00:12Z</time></trkpt>
      <trkpt lat="25.7327088" lon="100.1766491"><ele>1967.9</ele><time>2024-01-07T01:00:13Z</time></trkpt>
      <trkpt lat="25.7327150" lon="100.1766683"><ele>1968.0</ele><time>2024-01-07T01:00:14Z</time></trkpt>
      <trkpt lat="25.7327210" lon="100.1766878"><ele>1968.1</ele><time>2024-01-07T01:00:15Z</time></trkpt>
      <trkpt lat="25.7327268" lon="100.1767072"><ele>1968.1</ele><time>2024-01-07T01:00:16Z</time></trkpt>
      <trkpt lat="25.7327331" lon="100.1767262"><ele>1968.2</ele><time>2024-01-07T01:00:17Z</time></trkpt>
      <trkpt lat="25.7327398" lon="100.1767450"><ele>1968.2</ele><time>2024-01-07T01:00:18Z</time></trkpt>
      <trkpt lat="25.7327463" lon="100.1767641"><ele>1968.2</ele><time>2024-01-07T01:00:19Z</time></trkpt>
      <trkpt lat="25.7327529" lon="100.1767830"><ele>1968.2</ele><time>2024-01-07T01:00:20Z</time></trkpt>
      <trkpt lat="25.7327602" lon="100.1768015"><ele>1968.2</ele><time>2024-01-07T01:00:21Z</time></trkpt>
      <trkpt lat="25.7327684" lon="100.1768194"><ele>1968.2</ele><time>2024-01-07T01:00:22Z</time></trkpt>
      <trkpt lat="25.7327772" lon="100.1768371"><ele>1968.2</ele><time>2024-01-07T01:00:23Z</time></trkpt>
      <trkpt lat="25.7327855" lon="100.1768548"><ele>1968.2</ele><time>2024-01-07T01:00:24Z</time></trkpt>
      <trkpt lat="25.7327932" lon="100.1768729"><ele>1968.2</ele><time>2024-01-07T01:00:25Z</time></trkpt>
      <trkpt lat="25.7328010" lon="100.1768909"><ele>1968.2</ele><time>2024-01-07T01:00:26Z</time></trkpt>
      <trkpt lat="25.7328095" lon="100.1769087"><ele>1968.2</ele><time>2024-01-07T01:00:27Z</time></trkpt>
      <trkpt lat="25.7328181" lon="100.1769264"><ele>1968.2</ele><time>2024-01-07T01:00:28Z</time></trkpt>
      <trkpt lat="25.7328261" lon="100.1769444"><ele>1968.2</ele><time>2024-01-07T01:00:29Z</time></trkpt>
      <trkpt lat="25.7328340" lon="100.1769623"><ele>1968.1</ele><time>2024-01-07T01:00:30Z</time></trkpt>
      <trkpt lat="25.7328424" lon="100.1769799"><ele>1968.1</ele><time>2024-01-07T01:00:31Z</time></trkpt>
      <trkpt lat="25.7328516" lon="100.1769967"><ele>1968.1</ele><time>2024-01-07T01:00:32Z</time></trkpt>
      <trkpt lat="25.7328613" lon="100.1770128"><ele>1968.0</ele><time>2024-01-07T01:00:33Z</time></trkpt>
      <trkpt lat="25.7328709" lon="100.1770288"><ele>1968.0</ele><time>2024-01-07T01:00:34Z</time></trkpt>
      <trkpt lat="25.7328811" lon="100.1770446"><ele>1968.0</ele><time>2024-01-07T01:00:35Z</time></trkpt>
      <trkpt lat="25.7328920" lon="100.1770601"><ele>1968.0</ele><time>2024-01-07T01:00:36Z</time></trkpt>
      <trkpt lat="25.7329023" lon="100.1770760"><ele>1968.0</ele><time>2024-01-07T01:00:37Z</time></trkpt>
      <trkpt lat="25.7329116" lon="100.1770924"><ele>1968.0</ele><time>2024-01-07T01:00:38Z</time></trkpt>
      <trkpt lat="25.7329208" lon="100.1771087"><ele>1968.0</ele><time>2024-01-07T01:00:39Z</time></trkpt>
      <trkpt lat="25.7329308" lon="100.1771245"><ele>1967.9</ele><time>2024-01-07T01:00:40Z</time></trkpt>
      <trkpt lat="25.7329413" lon="100.1771401"><ele>1967.9</ele><time>2024-01-07T01:00:41Z</time></trkpt>
      <trkpt lat="25.7329523" lon="100.1771556"><ele>1967.9</ele><time>2024-01-07T01:00:42Z</time></trkpt>
      <trkpt lat="25.7329638" lon="100.1771710"><ele>1967.9</ele><time>2024-01-07T01:00:43Z</time></trkpt>
      <trkpt lat="25.7329753" lon="100.1771864"><ele>1967.9</ele><time>2024-01-07T01:00:44Z</time></trkpt>
      <trkpt lat="25.7329865" lon="100.1772023"><ele>1967.9</ele><time>2024-01-07T01:00:45Z</time></trkpt>
      <trkpt lat="25.7329972" lon="100.1772187"><ele>1968.0</ele><time>2024-01-07T01:00:46Z</time></trkpt>
      <trkpt lat="25.7330082" lon="100.1772349"><ele>1968.0</ele><time>2024-01-07T01:00:47Z</time></trkpt>
      <trkpt lat="25.7330202" lon="100.1772504"><ele>1968.0</ele><time>2024-01-07T01:00:48Z</time></trkpt>
      <trkpt lat="25.7330330" lon="100.1772655"><ele>1968.1</ele><time>2024-01-07T01:00:49Z</time></trkpt>
      <trkpt lat="25.7330456" lon="100.1772805"><ele>1968.1</ele><time>2024-01-07T01:00:50Z</time></trkpt>
      <trkpt lat="25.7330576" lon="100.1772954"><ele>1968.2</ele><time>2024-01-07T01:00:51Z</time></trkpt>
      <trkpt lat="25.7330699" lon="100.1773098"><ele>1968.2</ele><time>2024-01-07T01:00:52Z</time></trkpt>
      <trkpt lat="25.7330826" lon="100.1773239"><ele>1968.3</ele><time>2024-01-07T01:00:53Z</time></trkpt>
      <trkpt lat="25.7330954" lon="100.1773381"><ele>1968.3</ele><time>2024-01-07T01:00:54Z</time></trkpt>
      <trkpt lat="25.7331082" lon="100.1773526"><ele>1968.3</ele><time>2024-01-07T01:00:55Z</time></trkpt>
      <trkpt lat="25.7331202" lon="100.1773676"><ele>1968.4</ele><time>2024-01-07T01:00:56Z</time></trkpt>
      <trkpt lat="25.7331315" lon="100.1773824"><ele>1968.4</ele><time>2024-01-07T01:00:57Z</time></trkpt>
      <trkpt lat="25.7331427" lon="100.1773970"><ele>1968.4</ele><time>2024-01-07T01:00:58Z</time></trkpt>
      <trkpt lat="25.7331543" lon="100.1774111"><ele>1968.4</ele><time>2024-01-07T01:00:59Z</time></trkpt>
      <trkpt lat="25.7331663" lon="100.1774250"><ele>1968.4</ele><time>2024-01-07T01:01:00Z</time></trkpt>
      <trkpt lat="25.7331783" lon="100.1774392"><ele>1968.4</ele><time>2024-01-07T01:01:01Z</time></trkpt>
      <trkpt lat="25.7331899" lon="100.1774540"><ele>1968.3</ele><time>2024-01-07T01:01:02Z</time></trkpt>
      <trkpt lat="25.7332006" lon="100.1774700"><ele>1968.3</ele><time>2024-01-07T01:01:03Z</time></trkpt>
      <trkpt lat="25.7332108" lon="100.1774864"><ele>1968.2</ele><time>2024-01-07T01:01:04Z</time></trkpt>
      <trkpt lat="25.7332209" lon="100.1775030"><ele>1968.2</ele><time>2024-01-07T01:01:05Z</time></trkpt>
      <trkpt lat="25.7332307" lon="100.1775198"><ele>1968.2</ele><time>2024-01-07T01:01:06Z</time></trkpt>
      <trkpt lat="25.7332397" lon="100.1775367"><ele>1968.1</ele><time>2024-01-07T01:01:07Z</time></trkpt>
      <trkpt lat="25.7332485" lon="100.1775538"><ele>1968.1</ele><time>2024-01-07T01:01:08Z</time></trkpt>
      <trkpt lat="25.7332575" lon="100.1775709"><ele>1968.1</ele><time>2024-01-07T01:01:09Z</time></trkpt>
      <trkpt lat="25.7332666" lon="100.1775884"><ele>1968.1</ele><time>2024-01-07T01:01:10Z</time></trkpt>
      <trkpt lat="25.7332749" lon="100.1776066"><ele>1968.1</ele><time>2024-01-07T01:01:11Z</time></trkpt>
      <trkpt lat="25.7332825" lon="100.1776252"><ele>1968.0</ele><time>2024-01-07T01:01:12Z</time></trkpt>
      <trkpt lat="25.7332893" lon="100.1776441"><ele>1968.0</ele><time>2024-01-07T01:01:13Z</time></trkpt>
      <trkpt lat="25.7332956" lon="100.1776633"><ele>1968.0</ele><time>2024-01-07T01:01:14Z</time></trkpt>
      <trkpt lat="25.7333019" lon="100.1776826"><ele>1968.0</ele><time>2024-01-07T01:01:15Z</time></trkpt>
      <trkpt lat="25.7333080" lon="100.1777022"><ele>1967.9</ele><time>2024-01-07T01:01:16Z</time></trkpt>
      <trkpt lat="25.7333136" lon="100.1777221"><ele>1968.0</ele><time>2024-01-07T01:01:17Z</time></trkpt>
      <trkpt lat="25.7333183" lon="100.1777424"><ele>1968.0</ele><time>2024-01-07T01:01:18Z</time></trkpt>
      <trkpt lat="25.7333221" lon="100.1777628"><ele>1968.0</ele><time>2024-01-07T01:01:19Z</time></trkpt>
      <trkpt lat="25.7333257" lon="100.1777834"><ele>1968.0</ele><time>2024-01-07T01:01:20Z</time></trkpt>
      <trkpt lat="25.7333291" lon="100.1778038"><ele>1968.0</ele><time>2024-01-07T01:01:21Z</time></trkpt>
      <trkpt lat="25.7333318" lon="100.1778244"><ele>1968.0</ele><time>2024-01-07T01:01:22Z</time></trkpt>
      <trkpt lat="25.7333341" lon="100.1778450"><ele>1968.0</ele><time>2024-01-07T01:01:23Z</time></trkpt>
      <trkpt lat="25.7333360" lon="100.1778656"><ele>1968.0</ele><time>2024-01-07T01:01:24Z</time></trkpt>
      <trkpt lat="25.7333371" lon="100.1778861"><ele>1968.1</ele><time>2024-01-07T01:01:25Z</time></trkpt>
      <trkpt lat="25.7333381" lon="100.1779064"><ele>1968.1</ele><time>2024-01-07T01:01:26Z</time></trkpt>
      <trkpt lat="25.7333399" lon="100.1779266"><ele>1968.2</ele><time>2024-01-07T01:01:27Z</time></trkpt>
      <trkpt lat="25.7333416" lon="100.1779469"><ele>1968.2</ele><time>2024-01-07T01:01:28Z</time></trkpt>
      <trkpt lat="25.7333433" lon="100.1779672"><ele>1968.3</ele><time>2024-01-07T01:01:29Z</time></trkpt>
      <trkpt lat="25.7333448" lon="100.1779877"><ele>1968.4</ele><time>2024-01-07T01:01:30Z</time></trkpt>
      <trkpt lat="25.7333458" lon="100.1780084"><ele>1968.4</ele><time>2024-01-07T01:01:31Z</time></trkpt>
      <trkpt lat="25.7333466" lon="100.1780291"><ele>1968.5</ele><time>2024-01-07T01:01:32Z</time></trkpt>
      <trkpt lat="25.7333478" lon="100.1780496"><ele>1968.6</ele><time>2024-01-07T01:01:33Z</time></trkpt>
      <trkpt lat="25.7333491" lon="100.1780701"><ele>1968.6</ele><time>2024-01-07T01:01:34Z</time></trkpt>
      <trkpt lat="25.7333500" lon="100.1780907"><ele>1968.7</ele><time>2024-01-07T01:01:35Z</time></trkpt>
      <trkpt lat="25.7333502" lon="100.1781111"><ele>1968.7</ele><time>2024-01-07T01:01:36Z</time></trkpt>
      <trkpt lat="25.7333503" lon="100.1781315"><ele>1968.8</ele><time>2024-01-07T01:01:37Z</time></trkpt>
      <trkpt lat="25.7333504" lon="100.1781518"><ele>1968.8</ele><time>2024-01-07T01:01:38Z</time></trkpt>
      <trkpt lat="25.7333503" lon="100.1781723"><ele>1968.8</ele><time>2024-01-07T01:01:39Z</time></trkpt>
      <trkpt lat="25.7333501" lon="100.1781933"><ele>1968.8</ele><time>2024-01-07T01:01:40Z</time></trkpt>
      <trkpt lat="25.7333497" lon="100.1782143"><ele>1968.8</ele><time>2024-01-07T01:01:41Z</time></trkpt>
      <trkpt lat="25.7333484" lon="100.1782353"><ele>1968.8</ele><time>2024-01-07T01:01:42Z</time></trkpt>
      <trkpt lat="25.7333469" lon="100.1782563"><ele>1968.8</ele><time>2024-01-07T01:01:43Z</time></trkpt>
      <trkpt lat="25.7333458" lon="100.1782774"><ele>1968.8</ele><time>2024-01-07T01:01:44Z</time></trkpt>
      <trkpt lat="25.7333444" lon="100.1782984"><ele>1968.8</ele><time>2024-01-07T01:01:45Z</time></trkpt>
      <trkpt lat="25.7333422" lon="100.1783193"><ele>1968.7</ele><time>2024-01-07T01:01:46Z</time></trkpt>
      <trkpt lat="25.7333401" lon="100.1783403"><ele>1968.7</ele><time>2024-01-07T01:01:47Z</time></trkpt>
      <trkpt lat="25.7333391" lon="100.1783615"><ele>1968.7</ele><time>2024-01-07T01:01:48Z</time></trkpt>
      <trkpt lat="25.7333386" lon="100.1783832"><ele>1968.7</ele><time>2024-01-07T01:01:49Z</time></trkpt>
      <trkpt lat="25.7333390" lon="100.1784052"><ele>1968.7</ele><time>2024-01-07T01:01:50Z</time></trkpt>
      <trkpt lat="25.7333406" lon="100.1784270"><ele>1968.7</ele><time>2024-01-07T01:01:51Z</time></trkpt>
      <trkpt lat="25.7333422" lon="100.1784488"><ele>1968.7</ele><time>2024-01-07T01:01:52Z</time></trkpt>
      <trkpt lat="25.7333437" lon="100.1784701"><ele>1968.7</ele><time>2024-01-07T01:01:53Z</time></trkpt>
      <trkpt lat="25.7333448" lon="100.1784913"><ele>1968.7</ele><time>2024-01-07T01:01:54Z</time></trkpt>
      <trkpt lat="25.7333447" lon="100.1785120"><ele>1968.7</ele><time>2024-01-07T01:01:55Z</time></trkpt>
      <trkpt lat="25.7333434" lon="100.1785325"><ele>1968.6</ele><time>2024-01-07T01:01:56Z</time></trkpt>
      <trkpt lat="25.7333418" lon="100.1785530"><ele>1968.6</ele><time>2024-01-07T01:01:57Z</time></trkpt>
      <trkpt lat="25.7333403" lon="100.1785736"><ele>1968.6</ele><time>2024-01-07T01:01:58Z</time></trkpt>
      <trkpt lat="25.7333390" lon="100.1785943"><ele>1968.6</ele><time>2024-01-07T01:01:59Z</time></trkpt>
      <trkpt lat="25.7333382" lon="100.1786148"><ele>1968.6</ele><time>2024-01-07T01:02:00Z</time></trkpt>
      <trkpt lat="25.7333377" lon="100.1786357"><ele>1968.5</ele><time>2024-01-07T01:02:01Z</time></trkpt>
      <trkpt lat="25.7333375" lon="100.1786567"><ele>1968.5</ele><time>2024-01-07T01:02:02Z</time></trkpt>
      <trkpt lat="25.7333373" lon="100.1786776"><ele>1968.5</ele><time>2024-01-07T01:02:03Z</time></trkpt>
      <trkpt lat="25.7333365" lon="100.1786983"><ele>1968.4</ele><time>2024-01-07T01:02:04Z</time></trkpt>
      <trkpt lat="25.7333354" lon="100.1787186"><ele>1968.4</ele><time>2024-01-07T01:02:05Z</time></trkpt>
      <trkpt lat="25.7333346" lon="100.1787391"><ele>1968.3</ele><time>2024-01-07T01:02:06Z</time></trkpt>
      <trkpt lat="25.7333338" lon="100.1787596"><ele>1968.3</ele><time>2024-01-07T01:02:07Z</time></trkpt>
      <trkpt lat="25.7333331" lon="100.1787803"><ele>1968.2</ele><time>2024-01-07T01:02:08Z</time></trkpt>
      <trkpt lat="25.7333325" lon="100.1788013"><ele>1968.2</ele><time>2024-01-07T01:02:09Z</time></trkpt>
      <trkpt lat="25.7333320" lon="100.1788227"><ele>1968.2</ele><time>2024-01-07T01:02:10Z</time></trkpt>
      <trkpt lat="25.7333317" lon="100.1788444"><ele>1968.1</ele><time>2024-01-07T01:02:11Z</time></trkpt>
      <trkpt lat="25.7333312" lon="100.1788663"><ele>1968.1</ele><time>2024-01-07T01:02:12Z</time></trkpt>
      <trkpt lat="25.7333305" lon="100.1788877"><ele>1968.0</ele><time>2024-01-07T01:02:13Z</time></trkpt>
      <trkpt lat="25.7333298" lon="100.1789090"><ele>1968.0</ele><time>2024-01-07T01:02:14Z</time></trkpt>
      <trkpt lat="25.7333293" lon="100.1789301"><ele>1968.0</ele><time>2024-01-07T01:02:15Z</time></trkpt>
      <trkpt lat="25.7333291" lon="100.1789513"><ele>1968.0</ele><time>2024-01-07T01:02:16Z</time></trkpt>
      <trkpt lat="25.7333291" lon="100.1789726"><ele>1968.0</ele><time>2024-01-07T01:02:17Z</time></trkpt>
      <trkpt lat="25.7333291" lon="100.1789936"><ele>1968.0</ele><time>2024-01-07T01:02:18Z</time></trkpt>
      <trkpt lat="25.7333284" lon="100.1790145"><ele>1968.0</ele><time>2024-01-07T01:02:19Z</time></trkpt>
      <trkpt lat="25.7333271" lon="100.1790351"><ele>1968.0</ele><time>2024-01-07T01:02:20Z</time></trkpt>
      <trkpt lat="25.7333259" lon="100.1790557"><ele>1968.0</ele><time>2024-01-07T01:02:21Z</time></trkpt>
      <trkpt lat="25.7333249" lon="100.1790763"><ele>1968.0</ele><time>2024-01-07T01:02:22Z</time></trkpt>
      <trkpt lat="25.7333238" lon="100.1790970"><ele>1968.1</ele><time>2024-01-07T01:02:23Z</time></trkpt>
      <trkpt lat="25.7333217" lon="100.1791174"><ele>1968.1</ele><time>2024-01-07T01:02:24Z</time></trkpt>
      <trkpt lat="25.7333177" lon="100.1791371"><ele>1968.1</ele><time>2024-01-07T01:02:25Z</time></trkpt>
      <trkpt lat="25.7333133" lon="100.1791561"><ele>1968.2</ele><time>2024-01-07T01:02:26Z</time></trkpt>
      <trkpt lat="25.7333095" lon="100.1791750"><ele>1968.2</ele><time>2024-01-07T01:02:27Z</time></trkpt>
      <trkpt lat="25.7333055" lon="100.1791943"><ele>1968.3</ele><time>2024-01-07T01:02:28Z</time></trkpt>
      <trkpt lat="25.7333005" lon="100.1792137"><ele>1968.3</ele><time>2024-01-07T01:02:29Z</time></trkpt>
      <trkpt lat="25.7332937" lon="100.1792327"><ele>1968.4</ele><time>2024-01-07T01:02:30Z</time></trkpt>
      <trkpt lat="25.7332854" lon="100.1792514"><ele>1968.4</ele><time>2024-01-07T01:02:31Z</time></trkpt>
      <trkpt lat="25.7332757" lon="100.1792697"><ele>1968.5</ele><time>2024-01-07T01:02:32Z</time></trkpt>
      <trkpt lat="25.7332651" lon="100.1792874"><ele>1968.5</ele><time>2024-01-07T01:02:33Z</time></trkpt>
      <trkpt lat="25.7332546" lon="100.1793049"><ele>1968.6</ele><time>2024-01-07T01:02:34Z</time></trkpt>
      <trkpt lat="25.7332444" lon="100.1793221"><ele>1968.6</ele><time>2024-01-07T01:02:35Z</time></trkpt>
      <trkpt lat="25.7332347" lon="100.1793395"><ele>1968.7</ele><time>2024-01-07T01:02:36Z</time></trkpt>
      <trkpt lat="25.7332253" lon="100.1793569"><ele>1968.7</ele><time>2024-01-07T01:02:37Z</time></trkpt>
      <trkpt lat="25.7332164" lon="100.1793745"><ele>1968.7</ele><time>2024-01-07T01:02:38Z</time></trkpt>
      <trkpt lat="25.7332080" lon="100.1793925"><ele>1968.7</ele><time>2024-01-07T01:02:39Z</time></trkpt>
      <trkpt lat="25.7331995" lon="100.1794103"><ele>1968.8</ele><time>2024-01-07T01:02:40Z</time></trkpt>
      <trkpt lat="25.7331904" lon="100.1794279"><ele>1968.8</ele><time>2024-01-07T01:02:41Z</time></trkpt>
      <trkpt lat="25.7331813" lon="100.1794455"><ele>1968.7</ele><time>2024-01-07T01:02:42Z</time></trkpt>
      <trkpt lat="25.7331721" lon="100.1794630"><ele>1968.7</ele><time>2024-01-07T01:02:43Z</time></trkpt>
      <trkpt lat="25.7331628" lon="100.1794811"><ele>1968.7</ele><time>2024-01-07T01:02:44Z</time></trkpt>
      <trkpt lat="25.7331537" lon="100.1794998"><ele>1968.7</ele><time>2024-01-07T01:02:45Z</time></trkpt>
      <trkpt lat="25.7331448" lon="100.1795187"><ele>1968.7</ele><time>2024-01-07T01:02:46Z</time></trkpt>
      <trkpt lat="25.7331360" lon="100.1795374"><ele>1968.6</ele><time>2024-01-07T01:02:47Z</time></trkpt>
      <trkpt lat="25.7331277" lon="100.1795557"><ele>1968.6</ele><time>2024-01-07T01:02:48Z</time></trkpt>
      <trkpt lat="25.7331198" lon="100.1795739"><ele>1968.6</ele><time>2024-01-07T01:02:49Z</time></trkpt>
      <trkpt lat="25.7331117" lon="100.1795921"><ele>1968.6</ele><time>2024-01-07T01:02:50Z</time></trkpt>
      <trkpt lat="25.7331023" lon="100.1796099"><ele>1968.6</ele><time>2024-01-07T01:02:51Z</time></trkpt>
      <trkpt lat="25.7330918" lon="100.1796274"><ele>1968.6</ele><time>2024-01-07T01:02:52Z</time></trkpt>
      <trkpt lat="25.7330815" lon="100.1796451"><ele>1968.6</ele><time>2024-01-07T01:02:53Z</time></trkpt>
      <trkpt lat="25.7330719" lon="100.1796633"><ele>1968.6</ele><time>2024-01-07T01:02:54Z</time></trkpt>
      <trkpt lat="25.7330626" lon="100.1796815"><ele>1968.6</ele><time>2024-01-07T01:02:55Z</time></trkpt>
      <trkpt lat="25.7330533" lon="100.1796997"><ele>1968.6</ele><time>2024-01-07T01:02:56Z</time></trkpt>
      <trkpt lat="25.7330437" lon="100.1797178"><ele>1968.6</ele><time>2024-01-07T01:02:57Z</time></trkpt>
      <trkpt lat="25.7330340" lon="100.1797357"><ele>1968.6</ele><time>2024-01-07T01:02:58Z</time></trkpt>
      <trkpt lat="25.7330242" lon="100.1797534"><ele>1968.6</ele><time>2024-01-07T01:02:59Z</time></trkpt>
      <trkpt lat="25.7330141" lon="100.1797711"><ele>1968.6</ele><time>2024-01-07T01:03:00Z</time></trkpt>
      <trkpt lat="25.7330040" lon="100.1797891"><ele>1968.6</ele><time>2024-01-07T01:03:01Z</time></trkpt>
      <trkpt lat="25.7329944" lon="100.1798073"><ele>1968.6</ele><time>2024-01-07T01:03:02Z</time></trkpt>
      <trkpt lat="25.7329847" lon="100.1798252"><ele>1968.5</ele><time>2024-01-07T01:03:03Z</time></trkpt>
      <trkpt lat="25.7329747" lon="100.1798426"><ele>1968.5</ele><time>2024-01-07T01:03:04Z</time></trkpt>
      <trkpt lat="25.7329645" lon="100.1798597"><ele>1968.5</ele><time>2024-01-07T01:03:05Z</time></trkpt>
      <trkpt lat="25.7329546" lon="100.1798773"><ele>1968.4</ele><time>2024-01-07T01:03:06Z</time></trkpt>
      <trkpt lat="25.7329457" lon="100.1798953"><ele>1968.4</ele><time>2024-01-07T01:03:07Z</time></trkpt>
      <trkpt lat="25.7329378" lon="100.1799138"><ele>1968.4</ele><time>2024-01-07T01:03:08Z</time></trkpt>
      <trkpt lat="25.7329300" lon="100.1799325"><ele>1968.3</ele><time>2024-01-07T01:03:09Z</time></trkpt>
      <trkpt lat="25.7329223" lon="100.1799511"><ele>1968.3</ele><time>2024-01-07T01:03:10Z</time></trkpt>
      <trkpt lat="25.7329148" lon="100.1799698"><ele>1968.3</ele><time>2024-01-07T01:03:11Z</time></trkpt>
      <trkpt lat="25.7329078" lon="100.1799887"><ele>1968.2</ele><time>2024-01-07T01:03:12Z</time></trkpt>
      <trkpt lat="25.7329022" lon="100.1800081"><ele>1968.2</ele><time>2024-01-07T01:03:13Z</time></trkpt>
      <trkpt lat="25.7328979" lon="100.1800284"><ele>1968.2</ele><time>2024-01-07T01:03:14Z</time></trkpt>
      <trkpt lat="25.7328938" lon="100.1800489"><ele>1968.2</ele><time>2024-01-07T01:03:15Z</time></trkpt>
      <trkpt lat="25.7328894" lon="100.1800696"><ele>1968.2</ele><time>2024-01-07T01:03:16Z</time></trkpt>
      <trkpt lat="25.7328850" lon="100.1800904"><ele>1968.2</ele><time>2024-01-07T01:03:17Z</time></trkpt>
      <trkpt lat="25.7328811" lon="100.1801116"><ele>1968.2</ele><time>2024-01-07T01:03:18Z</time></trkpt>
      <trkpt lat="25.7328778" lon="100.1801329"><ele>1968.2</ele><time>2024-01-07T01:03:19Z</time></trkpt>
      <trkpt lat="25.7328751" lon="100.1801538"><ele>1968.2</ele><time>2024-01-07T01:03:20Z</time></trkpt>
      <trkpt lat="25.7328728" lon="100.1801745"><ele>1968.3</ele><time>2024-01-07T01:03:21Z</time></trkpt>
      <trkpt lat="25.7328701" lon="100.1801949"><ele>1968.3</ele><time>2024-01-07T01:03:22Z</time></trkpt>
      <trkpt lat="25.7328675" lon="100.1802150"><ele>1968.3</ele><time>2024-01-07T01:03:23Z</time></trkpt>
      <trkpt lat="25.7328655" lon="100.1802349"><ele>1968.4</ele><time>2024-01-07T01:03:24Z</time></trkpt>
      <trkpt lat="25.7328635" lon="100.1802548"><ele>1968.4</ele><time>2024-01-07T01:03:25Z</time></trkpt>
      <trkpt lat="25.7328617" lon="100.1802748"><ele>1968.4</ele><time>2024-01-07T01:03:26Z</time></trkpt>
      <trkpt lat="25.7328599" lon="100.1802947"><ele>1968.4</ele><time>2024-01-07T01:03:27Z</time></trkpt>
      <trkpt lat="25.7328573" lon="100.1803145"><ele>1968.4</ele><time>2024-01-07T01:03:28Z</time></trkpt>
      <trkpt lat="25.7328537" lon="100.1803342"><ele>1968.4</ele><time>2024-01-07T01:03:29Z</time></trkpt>
      <trkpt lat="25.7328492" lon="100.1803536"><ele>1968.4</ele><time>2024-01-07T01:03:30Z</time></trkpt>
      <trkpt lat="25.7328444" lon="100.1803729"><ele>1968.4</ele><time>2024-01-07T01:03:31Z</time></trkpt>
      <trkpt lat="25.7328397" lon="100.1803923"><ele>1968.4</ele><time>2024-01-07T01:03:32Z</time></trkpt>
      <trkpt lat="25.7328355" lon="100.1804116"><ele>1968.3</ele><time>2024-01-07T01:03:33Z</time></trkpt>
      <trkpt lat="25.7328320" lon="100.1804311"><ele>1968.3</ele><time>2024-01-07T01:03:34Z</time></trkpt>
      <trkpt lat="25.7328286" lon="100.1804505"><ele>1968.3</ele><time>2024-01-07T01:03:35Z</time></trkpt>
      <trkpt lat="25.7328247" lon="100.1804697"><ele>1968.3</ele><time>2024-01-07T01:03:36Z</time></trkpt>
      <trkpt lat="25.7328205" lon="100.1804889"><ele>1968.3</ele><time>2024-01-07T01:03:37Z</time></trkpt>
      <trkpt lat="25.7328164" lon="100.1805080"><ele>1968.3</ele><time>2024-01-07T01:03:38Z</time></trkpt>
      <trkpt lat="25.7328127" lon="100.1805270"><ele>1968.3</ele><time>2024-01-07T01:03:39Z</time></trkpt>
      <trkpt lat="25.7328092" lon="100.1805460"><ele>1968.3</ele><time>2024-01-07T01:03:40Z</time></trkpt>
      <trkpt lat="25.7328059" lon="100.1805655"><ele>1968.3</ele><time>2024-01-07T01:03:41Z</time></trkpt>
      <trkpt lat="25.7328020" lon="100.1805852"><ele>1968.3</ele><time>2024-01-07T01:03:42Z</time></trkpt>
      <trkpt lat="25.7327982" lon="100.1806048"><ele>1968.3</ele><time>2024-01-07T01:03:43Z</time></trkpt>
      <trkpt lat="25.7327946" lon="100.1806244"><ele>1968.4</ele><time>2024-01-07T01:03:44Z</time></trkpt>
      <trkpt lat="25.7327909" lon="100.1806438"><ele>1968.4</ele><time>2024-01-07T01:03:45Z</time></trkpt>
      <trkpt lat="25.7327872" lon="100.1806632"><ele>1968.4</ele><time>2024-01-07T01:03:46Z</time></trkpt>
      <trkpt lat="25.7327842" lon="100.1806827"><ele>1968.4</ele><time>2024-01-07T01:03:47Z</time></trkpt>
      <trkpt lat="25.7327815" lon="100.1807021"><ele>1968.4</ele><time>2024-01-07T01:03:48Z</time></trkpt>
      <trkpt lat="25.7327783" lon="100.1807211"><ele>1968.4</ele><time>2024-01-07T01:03:49Z</time></trkpt>
      <trkpt lat="25.7327744" lon="100.1807399"><ele>1968.4</ele><time>2024-01-07T01:03:50Z</time></trkpt>
      <trkpt lat="25.7327700" lon="100.1807590"><ele>1968.4</ele><time>2024-01-07T01:03:51Z</time></trkpt>
      <trkpt lat="25.7327652" lon="100.1807784"><ele>1968.3</ele><time>2024-01-07T01:03:52Z</time></trkpt>
      <trkpt lat="25.7327606" lon="100.1807978"><ele>1968.3</ele><time>2024-01-07T01:03:53Z</time></trkpt>
      <trkpt lat="25.7327561" lon="100.1808170"><ele>1968.2</ele><time>2024-01-07T01:03:54Z</time></trkpt>
      <trkpt lat="25.7327511" lon="100.1808359"><ele>1968.2</ele><time>2024-01-07T01:03:55Z</time></trkpt>
      <trkpt lat="25.7327462" lon="100.1808552"><ele>1968.2</ele><time>2024-01-07T01:03:56Z</time></trkpt>
      <trkpt lat="25.7327421" lon="100.1808749"><ele>1968.1</ele><time>2024-01-07T01:03:57Z</time></trkpt>
      <trkpt lat="25.7327388" lon="100.1808948"><ele>1968.1</ele><time>2024-01-07T01:03:58Z</time></trkpt>
      <trkpt lat="25.7327356" lon="100.1809146"><ele>1968.1</ele><time>2024-01-07T01:03:59Z</time></trkpt>
      <trkpt lat="25.7327315" lon="100.1809340"><ele>1968.1</ele><time>2024-01-07T01:04:00Z</time></trkpt>
      <trkpt lat="25.7327267" lon="100.1809534"><ele>1968.1</ele><time>2024-01-07T01:04:01Z</time></trkpt>
      <trkpt lat="25.7327221" lon="100.1809730"><ele>1968.1</ele><time>2024-01-07T01:04:02Z</time></trkpt>
      <trkpt lat="25.7327175" lon="100.1809924"><ele>1968.1</ele><time>2024-01-07T01:04:03Z</time></trkpt>
      <trkpt lat="25.7327121" lon="100.1810116"><ele>1968.1</ele><time>2024-01-07T01:04:04Z</time></trkpt>
      <trkpt lat="25.7327060" lon="100.1810307"><ele>1968.1</ele><time>2024-01-07T01:04:05Z</time></trkpt>
      <trkpt lat="25.7327004" lon="100.1810500"><ele>1968.2</ele><time>2024-01-07T01:04:06Z</time></trkpt>
      <trkpt lat="25.7326954" lon="100.1810696"><ele>1968.2</ele><time>2024-01-07T01:04:07Z</time></trkpt>
      <trkpt lat="25.7326903" lon="100.1810892"><ele>1968.2</ele><time>2024-01-07T01:04:08Z</time></trkpt>
      <trkpt lat="25.7326847" lon="100.1811086"><ele>1968.2</ele><time>2024-01-07T01:04:09Z</time></trkpt>
      <trkpt lat="25.7326794" lon="100.1811277"><ele>1968.2</ele><time>2024-01-07T01:04:10Z</time></trkpt>
      <trkpt lat="25.7326750" lon="100.1811467"><ele>1968.2</ele><time>2024-01-07T01:04:11Z</time></trkpt>
      <trkpt lat="25.7326710" lon="100.1811655"><ele>1968.2</ele><time>2024-01-07T01:04:12Z</time></trkpt>
      <trkpt lat="25.7326672" lon="100.1811842"><ele>1968.2</ele><time>2024-01-07T01:04:13Z</time></trkpt>
      <trkpt lat="25.7326628" lon="100.1812027"><ele>1968.2</ele><time>2024-01-07T01:04:14Z</time></trkpt>
      <trkpt lat="25.7326579" lon="100.1812211"><ele>1968.3</ele><time>2024-01-07T01:04:15Z</time></trkpt>
      <trkpt lat="25.7326525" lon="100.1812395"><ele>1968.3</ele><time>2024-01-07T01:04:16Z</time></trkpt>
      <trkpt lat="25.7326468" lon="100.1812582"><ele>1968.3</ele><time>2024-01-07T01:04:17Z</time></trkpt>
      <trkpt lat="25.7326409" lon="100.1812771"><ele>1968.3</ele><time>2024-01-07T01:04:18Z</time></trkpt>
      <trkpt lat="25.7326348" lon="100.1812965"><ele>1968.4</ele><time>2024-01-07T01:04:19Z</time></trkpt>
      <trkpt lat="25.7326284" lon="100.1813158"><ele>1968.4</ele><time>2024-01-07T01:04:20Z</time></trkpt>
      <trkpt lat="25.7326216" lon="100.1813348"><ele>1968.4</ele><time>2024-01-07T01:04:21Z</time></trkpt>
      <trkpt lat="25.7326147" lon="100.1813536"><ele>1968.4</ele><time>2024-01-07T01:04:22Z</time></trkpt>
      <trkpt lat="25.7326074" lon="100.1813721"><ele>1968.5</ele><time>2024-01-07T01:04:23Z</time></trkpt>
      <trkpt lat="25.7326003" lon="100.1813908"><ele>1968.5</ele><time>2024-01-07T01:04:24Z</time></trkpt>
      <trkpt lat="25.7325935" lon="100.1814096"><ele>1968.6</ele><time>2024-01-07T01:04:25Z</time></trkpt>
      <trkpt lat="25.7325869" lon="100.1814282"><ele>1968.6</ele><time>2024-01-07T01:04:26Z</time></trkpt>
      <trkpt lat="25.7325807" lon="100.1814469"><ele>1968.6</ele><time>2024-01-07T01:04:27Z</time></trkpt>
      <trkpt lat="25.7325751" lon="100.1814660"><ele>1968.6</ele><time>2024-01-07T01:04:28Z</time></trkpt>
      <trkpt lat="25.7325702" lon="100.1814856"><ele>1968.6</ele><time>2024-01-07T01:04:29Z</time></trkpt>
      <trkpt lat="25.7325662" lon="100.1815055"><ele>1968.6</ele><time>2024-01-07T01:04:30Z</time></trkpt>
      <trkpt lat="25.7325631" lon="100.1815255"><ele>1968.6</ele><time>2024-01-07T01:04:31Z</time></trkpt>
      <trkpt lat="25.7325602" lon="100.1815456"><ele>1968.6</ele><time>2024-01-07T01:04:32Z</time></trkpt>
      <trkpt lat="25.7325562" lon="100.1815652"><ele>1968.6</ele><time>2024-01-07T01:04:33Z</time></trkpt>
      <trkpt lat="25.7325503" lon="100.1815840"><ele>1968.6</ele><time>2024-01-07T01:04:34Z</time></trkpt>
      <trkpt lat="25.7325427" lon="100.1816021"><ele>1968.6</ele><time>2024-01-07T01:04:35Z</time></trkpt>
      <trkpt lat="25.7325353" lon="100.1816203"><ele>1968.6</ele><time>2024-01-07T01:04:36Z</time></trkpt>
      <trkpt lat="25.7325286" lon="100.1816391"><ele>1968.6</ele><time>2024-01-07T01:04:37Z</time></trkpt>
      <trkpt lat="25.7325221" lon="100.1816582"><ele>1968.6</ele><time>2024-01-07T01:04:38Z</time></trkpt>
      <trkpt lat="25.7325151" lon="100.1816776"><ele>1968.6</ele><time>2024-01-07T01:04:39Z</time></trkpt>
      <trkpt lat="25.7325075" lon="100.1816970"><ele>1968.6</ele><time>2024-01-07T01:04:40Z</time></trkpt>
      <trkpt lat="25.7324998" lon="100.1817162"><ele>1968.6</ele><time>2024-01-07T01:04:41Z</time></trkpt>
      <trkpt lat="25.7324923" lon="100.1817357"><ele>1968.7</ele><time>2024-01-07T01:04:42Z</time></trkpt>
      <trkpt lat="25.7324860" lon="100.1817557"><ele>1968.7</ele><time>2024-01-07T01:04:43Z</time></trkpt>
      <trkpt lat="25.7324807" lon="100.1817760"><ele>1968.8</ele><time>2024-01-07T01:04:44Z</time></trkpt>
      <trkpt lat="25.7324743" lon="100.1817955"><ele>1968.8</ele><time>2024-01-07T01:04:45Z</time></trkpt>
      <trkpt lat="25.7324666" lon="100.1818143"><ele>1968.8</ele><time>2024-01-07T01:04:46Z</time></trkpt>
      <trkpt lat="25.7324587" lon="100.1818331"><ele>1968.8</ele><time>2024-01-07T01:04:47Z</time></trkpt>
      <trkpt lat="25.7324503" lon="100.1818516"><ele>1968.9</ele><time>2024-01-07T01:04:48Z</time></trkpt>
      <trkpt lat="25.7324414" lon="100.1818692"><ele>1968.9</ele><time>2024-01-07T01:04:49Z</time></trkpt>
      <trkpt lat="25.7324335" lon="100.1818862"><ele>1968.9</ele><time>2024-01-07T01:04:50Z</time></trkpt>
      <trkpt lat="25.7324269" lon="100.1819033"><ele>1968.9</ele><time>2024-01-07T01:04:51Z</time></trkpt>
      <trkpt lat="25.7324207" lon="100.1819206"><ele>1968.9</ele><time>2024-01-07T01:04:52Z</time></trkpt>
      <trkpt lat="25.7324142" lon="100.1819378"><ele>1969.0</ele><time>2024-01-07T01:04:53Z</time></trkpt>
      <trkpt lat="25.7324072" lon="100.1819549"><ele>1969.0</ele><time>2024-01-07T01:04:54Z</time></trkpt>
      <trkpt lat="25.7324003" lon="100.1819720"><ele>1968.9</ele><time>2024-01-07T01:04:55Z</time></trkpt>
      <trkpt lat="25.7323938" lon="100.1819893"><ele>1968.9</ele><time>2024-01-07T01:04:56Z</time></trkpt>
      <trkpt lat="25.7323880" lon="100.1820072"><ele>1968.9</ele><time>2024-01-07T01:04:57Z</time></trkpt>
      <trkpt lat="25.7323831" lon="100.1820256"><ele>1968.9</ele><time>2024-01-07T01:04:58Z</time></trkpt>
      <trkpt lat="25.7323788" lon="100.1820445"><ele>1968.9</ele><time>2024-01-07T01:04:59Z</time></trkpt>
      <trkpt lat="25.7323750" lon="100.1820638"><ele>1968.9</ele><time>2024-01-07T01:05:00Z</time></trkpt>
      <trkpt lat="25.7323713" lon="100.1820832"><ele>1968.9</ele><time>2024-01-07T01:05:01Z</time></trkpt>
      <trkpt lat="25.7323674" lon="100.1821025"><ele>1968.9</ele><time>2024-01-07T01:05:02Z</time></trkpt>
      <trkpt lat="25.7323637" lon="100.1821215"><ele>1968.9</ele><time>2024-01-07T01:05:03Z</time></trkpt>
      <trkpt lat="25.7323606" lon="100.1821406"><ele>1968.9</ele><time>2024-01-07T01:05:04Z</time></trkpt>
      <trkpt lat="25.7323582" lon="100.1821602"><ele>1968.9</ele><time>2024-01-07T01:05:05Z</time></trkpt>
      <trkpt lat="25.7323558" lon="100.1821800"><ele>1968.9</ele><time>2024-01-07T01:05:06Z</time></trkpt>
      <trkpt lat="25.7323537" lon="100.1821999"><ele>1968.9</ele><time>2024-01-07T01:05:07Z</time></trkpt>
      <trkpt lat="25.7323521" lon="100.1822201"><ele>1968.9</ele><time>2024-01-07T01:05:08Z</time></trkpt>
      <trkpt lat="25.7323507" lon="100.1822407"><ele>1968.9</ele><time>2024-01-07T01:05:09Z</time></trkpt>
      <trkpt lat="25.7323496" lon="100.1822611"><ele>1968.9</ele><time>2024-01-07T01:05:10Z</time></trkpt>
      <trkpt lat="25.7323486" lon="100.1822811"><ele>1968.9</ele><time>2024-01-07T01:05:11Z</time></trkpt>
      <trkpt lat="25.7323478" lon="100.1823011"><ele>1969.0</ele><time>2024-01-07T01:05:12Z</time></trkpt>
      <trkpt lat="25.7323478" lon="100.1823210"><ele>1969.0</ele><time>2024-01-07T01:05:13Z</time></trkpt>
      <trkpt lat="25.7323484" lon="100.1823411"><ele>1969.0</ele><time>2024-01-07T01:05:14Z</time></trkpt>
      <trkpt lat="25.7323489" lon="100.1823609"><ele>1969.0</ele><time>2024-01-07T01:05:15Z</time></trkpt>
      <trkpt lat="25.7323490" lon="100.1823806"><ele>1969.0</ele><time>2024-01-07T01:05:16Z</time></trkpt>
      <trkpt lat="25.7323482" lon="100.1824002"><ele>1968.9</ele><time>2024-01-07T01:05:17Z</time></trkpt>
      <trkpt lat="25.7323463" lon="100.1824198"><ele>1968.9</ele><time>2024-01-07T01:05:18Z</time></trkpt>
      <trkpt lat="25.7323445" lon="100.1824393"><ele>1968.9</ele><time>2024-01-07T01:05:19Z</time></trkpt>
      <trkpt lat="25.7323442" lon="100.1824588"><ele>1968.9</ele><time>2024-01-07T01:05:20Z</time></trkpt>
      <trkpt lat="25.7323446" lon="100.1824783"><ele>1968.9</ele><time>2024-01-07T01:05:21Z</time></trkpt>
      <trkpt lat="25.7323455" lon="100.1824979"><ele>1968.9</ele><time>2024-01-07T01:05:22Z</time></trkpt>
      <trkpt lat="25.7323470" lon="100.1825175"><ele>1968.9</ele><time>2024-01-07T01:05:23Z</time></trkpt>
      <trkpt lat="25.7323486" lon="100.1825375"><ele>1968.9</ele><time>2024-01-07T01:05:24Z</time></trkpt>
      <trkpt lat="25.7323501" lon="100.1825581"><ele>1969.0</ele><time>2024-01-07T01:05:25Z</time></trkpt>
      <trkpt lat="25.7323522" lon="100.1825789"><ele>1969.0</ele><time>2024-01-07T01:05:26Z</time></trkpt>
      <trkpt lat="25.7323544" lon="100.1826001"><ele>1969.0</ele><time>2024-01-07T01:05:27Z</time></trkpt>
      <trkpt lat="25.7323558" lon="100.1826213"><ele>1969.0</ele><time>2024-01-07T01:05:28Z</time></trkpt>
      <trkpt lat="25.7323576" lon="100.1826426"><ele>1969.0</ele><time>2024-01-07T01:05:29Z</time></trkpt>
      <trkpt lat="25.7323597" lon="100.1826640"><ele>1969.0</ele><time>2024-01-07T01:05:30Z</time></trkpt>
      <trkpt lat="25.7323619" lon="100.1826854"><ele>1969.0</ele><time>2024-01-07T01:05:31Z</time></trkpt>
      <trkpt lat="25.7323647" lon="100.1827070"><ele>1969.0</ele><time>2024-01-07T01:05:32Z</time></trkpt>
      <trkpt lat="25.7323687" lon="100.1827282"><ele>1969.0</ele><time>2024-01-07T01:05:33Z</time></trkpt>
      <trkpt lat="25.7323731" lon="100.1827491"><ele>1969.0</ele><time>2024-01-07T01:05:34Z</time></trkpt>
      <trkpt lat="25.7323781" lon="100.1827700"><ele>1969.0</ele><time>2024-01-07T01:05:35Z</time></trkpt>
      <trkpt lat="25.7323850" lon="100.1827905"><ele>1969.0</ele><time>2024-01-07T01:05:36Z</time></trkpt>
      <trkpt lat="25.7323932" lon="100.1828107"><ele>1969.0</ele><time>2024-01-07T01:05:37Z</time></trkpt>
      <trkpt lat="25.7324014" lon="100.1828307"><ele>1969.0</ele><time>2024-01-07T01:05:38Z</time></trkpt>
      <trkpt lat="25.7324092" lon="100.1828509"><ele>1968.9</ele><time>2024-01-07T01:05:39Z</time></trkpt>
      <trkpt lat="25.7324163" lon="100.1828715"><ele>1968.9</ele><time>2024-01-07T01:05:40Z</time></trkpt>
      <trkpt lat="25.7324231" lon="100.1828926"><ele>1968.9</ele><time>2024-01-07T01:05:41Z</time></trkpt>
      <trkpt lat="25.7324286" lon="100.1829145"><ele>1968.9</ele><time>2024-01-07T01:05:42Z</time></trkpt>
      <trkpt lat="25.7324326" lon="100.1829368"><ele>1968.9</ele><time>2024-01-07T01:05:43Z</time></trkpt>
      <trkpt lat="25.7324360" lon="100.1829589"><ele>1968.8</ele><time>2024-01-07T01:05:44Z</time></trkpt>
      <trkpt lat="25.7324393" lon="100.1829805"><ele>1968.8</ele><time>2024-01-07T01:05:45Z</time></trkpt>
      <trkpt lat="25.7324436" lon="100.1830014"><ele>1968.7</ele><time>2024-01-07T01:05:46Z</time></trkpt>
      <trkpt lat="25.7324494" lon="100.1830220"><ele>1968.7</ele><time>2024-01-07T01:05:47Z</time></trkpt>
      <trkpt lat="25.7324565" lon="100.1830424"><ele>1968.6</ele><time>2024-01-07T01:05:48Z</time></trkpt>
      <trkpt lat="25.7324645" lon="100.1830625"><ele>1968.6</ele><time>2024-01-07T01:05:49Z</time></trkpt>
      <trkpt lat="25.7324727" lon="100.1830821"><ele>1968.5</ele><time>2024-01-07T01:05:50Z</time></trkpt>
      <trkpt lat="25.7324813" lon="100.1831014"><ele>1968.5</ele><time>2024-01-07T01:05:51Z</time></trkpt>
      <trkpt lat="25.7324904" lon="100.1831205"><ele>1968.5</ele><time>2024-01-07T01:05:52Z</time></trkpt>
      <trkpt lat="25.7325005" lon="100.1831392"><ele>1968.4</ele><time>2024-01-07T01:05:53Z</time></trkpt>
      <trkpt lat="25.7325115" lon="100.1831574"><ele>1968.4</ele><time>2024-01-07T01:05:54Z</time></trkpt>
      <trkpt lat="25.7325223" lon="100.1831753"><ele>1968.4</ele><time>2024-01-07T01:05:55Z</time></trkpt>
      <trkpt lat="25.7325321" lon="100.1831934"><ele>1968.4</ele><time>2024-01-07T01:05:56Z</time></trkpt>
      <trkpt lat="25.7325408" lon="100.1832119"><ele>1968.4</ele><time>2024-01-07T01:05:57Z</time></trkpt>
      <trkpt lat="25.7325487" lon="100.1832304"><ele>1968.4</ele><time>2024-01-07T01:05:58Z</time></trkpt>
      <trkpt lat="25.7325571" lon="100.1832488"><ele>1968.4</ele><time>2024-01-07T01:05:59Z</time></trkpt>
      <trkpt lat="25.7325664" lon="100.1832667"><ele>1968.4</ele><time>2024-01-07T01:06:00Z</time></trkpt>
      <trkpt lat="25.7325762" lon="100.1832846"><ele>1968.5</ele><time>2024-01-07T01:06:01Z</time></trkpt>
      <trkpt lat="25.7325860" lon="100.1833034"><ele>1968.6</ele><time>2024-01-07T01:06:02Z</time></trkpt>
      <trkpt lat="25.7325948" lon="100.1833234"><ele>1968.7</ele><time>2024-01-07T01:06:03Z</time></trkpt>
      <trkpt lat="25.7326021" lon="100.1833440"><ele>1968.8</ele><time>2024-01-07T01:06:04Z</time></trkpt>
      <trkpt lat="25.7326081" lon="100.1833645"><ele>1968.8</ele><time>2024-01-07T01:06:05Z</time></trkpt>
      <trkpt lat="25.7326136" lon="100.1833852"><ele>1968.9</ele><time>2024-01-07T01:06:06Z</time></trkpt>
      <trkpt lat="25.7326188" lon="100.1834060"><ele>1969.0</ele><time>2024-01-07T01:06:07Z</time></trkpt>
      <trkpt lat="25.7326230" lon="100.1834273"><ele>1969.1</ele><time>2024-01-07T01:06:08Z</time></trkpt>
      <trkpt lat="25.7326252" lon="100.1834489"><ele>1969.2</ele><time>2024-01-07T01:06:09Z</time></trkpt>
      <trkpt lat="25.7326263" lon="100.1834705"><ele>1969.3</ele><time>2024-01-07T01:06:10Z</time></trkpt>
      <trkpt lat="25.7326270" lon="100.1834924"><ele>1969.3</ele><time>2024-01-07T01:06:11Z</time></trkpt>
      <trkpt lat="25.7326274" lon="100.1835145"><ele>1969.4</ele><time>2024-01-07T01:06:12Z</time></trkpt>
      <trkpt lat="25.7326271" lon="100.1835367"><ele>1969.5</ele><time>2024-01-07T01:06:13Z</time></trkpt>
      <trkpt lat="25.7326260" lon="100.1835586"><ele>1969.5</ele><time>2024-01-07T01:06:14Z</time></trkpt>
      <trkpt lat="25.7326243" lon="100.1835798"><ele>1969.6</ele><time>2024-01-07T01:06:15Z</time></trkpt>
      <trkpt lat="25.7326215" lon="100.1836000"><ele>1969.6</ele><time>2024-01-07T01:06:16Z</time></trkpt>
      <trkpt lat="25.7326179" lon="100.1836191"><ele>1969.6</ele><time>2024-01-07T01:06:17Z</time></trkpt>
      <trkpt lat="25.7326141" lon="100.1836377"><ele>1969.6</ele><time>2024-01-07T01:06:18Z</time></trkpt>
      <trkpt lat="25.7326102" lon="100.1836564"><ele>1969.5</ele><time>2024-01-07T01:06:19Z</time></trkpt>
      <trkpt lat="25.7326061" lon="100.1836748"><ele>1969.5</ele><time>2024-01-07T01:06:20Z</time></trkpt>
      <trkpt lat="25.7326012" lon="100.1836932"><ele>1969.5</ele><time>2024-01-07T01:06:21Z</time></trkpt>
      <trkpt lat="25.7325961" lon="100.1837117"><ele>1969.4</ele><time>2024-01-07T01:06:22Z</time></trkpt>
      <trkpt lat="25.7325920" lon="100.1837304"><ele>1969.3</ele><time>2024-01-07T01:06:23Z</time></trkpt>
      <trkpt lat="25.7325883" lon="100.1837494"><ele>1969.3</ele><time>2024-01-07T01:06:24Z</time></trkpt>
      <trkpt lat="25.7325849" lon="100.1837683"><ele>1969.2</ele><time>2024-01-07T01:06:25Z</time></trkpt>
      <trkpt lat="25.7325815" lon="100.1837873"><ele>1969.1</ele><time>2024-01-07T01:06:26Z</time></trkpt>
      <trkpt lat="25.7325777" lon="100.1838063"><ele>1969.1</ele><time>2024-01-07T01:06:27Z</time></trkpt>
      <trkpt lat="25.7325733" lon="100.1838250"><ele>1969.0</ele><time>2024-01-07T01:06:28Z</time></trkpt>
      <trkpt lat="25.7325686" lon="100.1838437"><ele>1969.0</ele><time>2024-01-07T01:06:29Z</time></trkpt>
      <trkpt lat="25.7325641" lon="100.1838623"><ele>1968.9</ele><time>2024-01-07T01:06:30Z</time></trkpt>
      <trkpt lat="25.7325601" lon="100.1838810"><ele>1968.8</ele><time>2024-01-07T01:06:31Z</time></trkpt>
      <trkpt lat="25.7325567" lon="100.1838996"><ele>1968.8</ele><time>2024-01-07T01:06:32Z</time></trkpt>
      <trkpt lat="25.7325536" lon="100.1839181"><ele>1968.7</ele><time>2024-01-07T01:06:33Z</time></trkpt>
      <trkpt lat="25.7325500" lon="100.1839364"><ele>1968.7</ele><time>2024-01-07T01:06:34Z</time></trkpt>
      <trkpt lat="25.7325458" lon="100.1839546"><ele>1968.6</ele><time>2024-01-07T01:06:35Z</time></trkpt>
      <trkpt lat="25.7325411" lon="100.1839731"><ele>1968.6</ele><time>2024-01-07T01:06:36Z</time></trkpt>
      <trkpt lat="25.7325362" lon="100.1839919"><ele>1968.5</ele><time>2024-01-07T01:06:37Z</time></trkpt>
      <trkpt lat="25.7325321" lon="100.1840112"><ele>1968.5</ele><time>2024-01-07T01:06:38Z</time></trkpt>
      <trkpt lat="25.7325293" lon="100.1840308"><ele>1968.4</ele><time>2024-01-07T01:06:39Z</time></trkpt>
      <trkpt lat="25.7325272" lon="100.1840503"><ele>1968.4</ele><time>2024-01-07T01:06:40Z</time></trkpt>
      <trkpt lat="25.7325246" lon="100.1840699"><ele>1968.3</ele><time>2024-01-07T01:06:41Z</time></trkpt>
      <trkpt lat="25.7325213" lon="100.1840894"><ele>1968.3</ele><time>2024-01-07T01:06:42Z</time></trkpt>
      <trkpt lat="25.7325180" lon="100.1841088"><ele>1968.3</ele><time>2024-01-07T01:06:43Z</time></trkpt>
      <trkpt lat="25.7325149" lon="100.1841282"><ele>1968.3</ele><time>2024-01-07T01:06:44Z</time></trkpt>
      <trkpt lat="25.7325119" lon="100.1841476"><ele>1968.3</ele><time>2024-01-07T01:06:45Z</time></trkpt>
      <trkpt lat="25.7325088" lon="100.1841670"><ele>1968.3</ele><time>2024-01-07T01:06:46Z</time></trkpt>
      <trkpt lat="25.7325057" lon="100.1841864"><ele>1968.3</ele><time>2024-01-07T01:06:47Z</time></trkpt>
      <trkpt lat="25.7325021" lon="100.1842055"><ele>1968.4</ele><time>2024-01-07T01:06:48Z</time></trkpt>
      <trkpt lat="25.7324988" lon="100.1842248"><ele>1968.5</ele><time>2024-01-07T01:06:49Z</time></trkpt>
      <trkpt lat="25.7324962" lon="100.1842441"><ele>1968.5</ele><time>2024-01-07T01:06:50Z</time></trkpt>
      <trkpt lat="25.7324936" lon="100.1842630"><ele>1968.6</ele><time>2024-01-07T01:06:51Z</time></trkpt>
      <trkpt lat="25.7324906" lon="100.1842816"><ele>1968.7</ele><time>2024-01-07T01:06:52Z</time></trkpt>
      <trkpt lat="25.7324870" lon="100.1843001"><ele>1968.7</ele><time>2024-01-07T01:06:53Z</time></trkpt>
      <trkpt lat="25.7324828" lon="100.1843186"><ele>1968.8</ele><time>2024-01-07T01:06:54Z</time></trkpt>
      <trkpt lat="25.7324778" lon="100.1843369"><ele>1968.8</ele><time>2024-01-07T01:06:55Z</time></trkpt>
      <trkpt lat="25.7324721" lon="100.1843550"><ele>1968.9</ele><time>2024-01-07T01:06:56Z</time></trkpt>
      <trkpt lat="25.7324659" lon="100.1843733"><ele>1968.9</ele><time>2024-01-07T01:06:57Z</time></trkpt>
      <trkpt lat="25.7324590" lon="100.1843918"><ele>1968.9</ele><time>2024-01-07T01:06:58Z</time></trkpt>
      <trkpt lat="25.7324512" lon="100.1844102"><ele>1969.0</ele><time>2024-01-07T01:06:59Z</time></trkpt>
      <trkpt lat="25.7324428" lon="100.1844280"><ele>1969.0</ele><time>2024-01-07T01:07:00Z</time></trkpt>
      <trkpt lat="25.7324344" lon="100.1844456"><ele>1969.0</ele><time>2024-01-07T01:07:01Z</time></trkpt>
      <trkpt lat="25.7324254" lon="100.1844629"><ele>1969.1</ele><time>2024-01-07T01:07:02Z</time></trkpt>
      <trkpt lat="25.7324159" lon="100.1844798"><ele>1969.1</ele><time>2024-01-07T01:07:03Z</time></trkpt>
      <trkpt lat="25.7324061" lon="100.1844968"><ele>1969.2</ele><time>2024-01-07T01:07:04Z</time></trkpt>
      <trkpt lat="25.7323956" lon="100.1845131"><ele>1969.2</ele><time>2024-01-07T01:07:05Z</time></trkpt>
      <trkpt lat="25.7323844" lon="100.1845290"><ele>1969.2</ele><time>2024-01-07T01:07:06Z</time></trkpt>
      <trkpt lat="25.7323730" lon="100.1845447"><ele>1969.2</ele><time>2024-01-07T01:07:07Z</time></trkpt>
      <trkpt lat="25.7323614" lon="100.1845601"><ele>1969.2</ele><time>2024-01-07T01:07:08Z</time></trkpt>
      <trkpt lat="25.7323498" lon="100.1845756"><ele>1969.2</ele><time>2024-01-07T01:07:09Z</time></trkpt>
      <trkpt lat="25.7323378" lon="100.1845910"><ele>1969.2</ele><time>2024-01-07T01:07:10Z</time></trkpt>
      <trkpt lat="25.7323255" lon="100.1846060"><ele>1969.2</ele><time>2024-01-07T01:07:11Z</time></trkpt>
      <trkpt lat="25.7323129" lon="100.1846207"><ele>1969.2</ele><time>2024-01-07T01:07:12Z</time></trkpt>
      <trkpt lat="25.7323000" lon="100.1846349"><ele>1969.2</ele><time>2024-01-07T01:07:13Z</time></trkpt>
      <trkpt lat="25.7322864" lon="100.1846484"><ele>1969.2</ele><time>2024-01-07T01:07:14Z</time></trkpt>
      <trkpt lat="25.7322718" lon="100.1846608"><ele>1969.2</ele><time>2024-01-07T01:07:15Z</time></trkpt>
      <trkpt lat="25.7322565" lon="100.1846726"><ele>1969.1</ele><time>2024-01-07T01:07:16Z</time></trkpt>
      <trkpt lat="25.7322415" lon="100.1846845"><ele>1969.1</ele><time>2024-01-07T01:07:17Z</time></trkpt>
      <trkpt lat="25.7322266" lon="100.1846962"><ele>1969.0</ele><time>2024-01-07T01:07:18Z</time></trkpt>
      <trkpt lat="25.7322109" lon="100.1847069"><ele>1969.0</ele><time>2024-01-07T01:07:19Z</time></trkpt>
      <trkpt lat="25.7321945" lon="100.1847170"><ele>1968.9</ele><time>2024-01-07T01:07:20Z</time></trkpt>
      <trkpt lat="25.7321778" lon="100.1847267"><ele>1968.8</ele><time>2024-01-07T01:07:21Z</time></trkpt>
      <trkpt lat="25.7321608" lon="100.1847359"><ele>1968.8</ele><time>2024-01-07T01:07:22Z</time></trkpt>
      <trkpt lat="25.7321436" lon="100.1847449"><ele>1968.7</ele><time>2024-01-07T01:07:23Z</time></trkpt>
      <trkpt lat="25.7321264" lon="100.1847545"><ele>1968.6</ele><time>2024-01-07T01:07:24Z</time></trkpt>
      <trkpt lat="25.7321097" lon="100.1847649"><ele>1968.5</ele><time>2024-01-07T01:07:25Z</time></trkpt>
      <trkpt lat="25.7320938" lon="100.1847761"><ele>1968.4</ele><time>2024-01-07T01:07:26Z</time></trkpt>
      <trkpt lat="25.7320784" lon="100.1847877"><ele>1968.3</ele><time>2024-01-07T01:07:27Z</time></trkpt>
      <trkpt lat="25.7320635" lon="100.1847994"><ele>1968.3</ele><time>2024-01-07T01:07:28Z</time></trkpt>
      <trkpt lat="25.7320487" lon="100.1848115"><ele>1968.2</ele><time>2024-01-07T01:07:29Z</time></trkpt>
      <trkpt lat="25.7320338" lon="100.1848232"><ele>1968.2</ele><time>2024-01-07T01:07:30Z</time></trkpt>
      <trkpt lat="25.7320194" lon="100.1848348"><ele>1968.1</ele><time>2024-01-07T01:07:31Z</time></trkpt>
      <trkpt lat="25.7320061" lon="100.1848472"><ele>1968.1</ele><time>2024-01-07T01:07:32Z</time></trkpt>
      <trkpt lat="25.7319935" lon="100.1848607"><ele>1968.0</ele><time>2024-01-07T01:07:33Z</time></trkpt>
      <trkpt lat="25.7319811" lon="100.1848750"><ele>1968.0</ele><time>2024-01-07T01:07:34Z</time></trkpt>
      <trkpt lat="25.7319690" lon="100.1848898"><ele>1967.9</ele><time>2024-01-07T01:07:35Z</time></trkpt>
      <trkpt lat="25.7319574" lon="100.1849049"><ele>1967.9</ele><time>2024-01-07T01:07:36Z</time></trkpt>
      <trkpt lat="25.7319461" lon="100.1849202"><ele>1967.9</ele><time>2024-01-07T01:07:37Z</time></trkpt>
      <trkpt lat="25.7319349" lon="100.1849357"><ele>1967.9</ele><time>2024-01-07T01:07:38Z</time></trkpt>
      <trkpt lat="25.7319237" lon="100.1849519"><ele>1967.9</ele><time>2024-01-07T01:07:39Z</time></trkpt>
      <trkpt lat="25.7319125" lon="100.1849685"><ele>1967.9</ele><time>2024-01-07T01:07:40Z</time></trkpt>
      <trkpt lat="25.7319017" lon="100.1849857"><ele>1967.9</ele><time>2024-01-07T01:07:41Z</time></trkpt>
      <trkpt lat="25.7318917" lon="100.1850034"><ele>1967.8</ele><time>2024-01-07T01:07:42Z</time></trkpt>
      <trkpt lat="25.7318824" lon="100.1850213"><ele>1967.8</ele><time>2024-01-07T01:07:43Z</time></trkpt>
      <trkpt lat="25.7318742" lon="100.1850396"><ele>1967.8</ele><time>2024-01-07T01:07:44Z</time></trkpt>
      <trkpt lat="25.7318667" lon="100.1850583"><ele>1967.8</ele><time>2024-01-07T01:07:45Z</time></trkpt>
      <trkpt lat="25.7318589" lon="100.1850770"><ele>1967.8</ele><time>2024-01-07T01:07:46Z</time></trkpt>
      <trkpt lat="25.7318503" lon="100.1850955"><ele>1967.8</ele><time>2024-01-07T01:07:47Z</time></trkpt>
      <trkpt lat="25.7318416" lon="100.1851141"><ele>1967.8</ele><time>2024-01-07T01:07:48Z</time></trkpt>
      <trkpt lat="25.7318329" lon="100.1851329"><ele>1967.8</ele><time>2024-01-07T01:07:49Z</time></trkpt>
      <trkpt lat="25.7318244" lon="100.1851519"><ele>1967.8</ele><time>2024-01-07T01:07:50Z</time></trkpt>
      <trkpt lat="25.7318159" lon="100.1851709"><ele>1967.8</ele><time>2024-01-07T01:07:51Z</time></trkpt>
      <trkpt lat="25.7318072" lon="100.1851894"><ele>1967.8</ele><time>2024-01-07T01:07:52Z</time></trkpt>
      <trkpt lat="25.7317980" lon="100.1852074"><ele>1967.8</ele><time>2024-01-07T01:07:53Z</time></trkpt>
      <trkpt lat="25.7317887" lon="100.1852252"><ele>1967.8</ele><time>2024-01-07T01:07:54Z</time></trkpt>
      <trkpt lat="25.7317786" lon="100.1852425"><ele>1967.9</ele><time>2024-01-07T01:07:55Z</time></trkpt>
      <trkpt lat="25.7317678" lon="100.1852593"><ele>1967.9</ele><time>2024-01-07T01:07:56Z</time></trkpt>
      <trkpt lat="25.7317577" lon="100.1852763"><ele>1967.9</ele><time>2024-01-07T01:07:57Z</time></trkpt>
      <trkpt lat="25.7317483" lon="100.1852937"><ele>1968.0</ele><time>2024-01-07T01:07:58Z</time></trkpt>
      <trkpt lat="25.7317383" lon="100.1853111"><ele>1968.0</ele><time>2024-01-07T01:07:59Z</time></trkpt>
      <trkpt lat="25.7317277" lon="100.1853278"><ele>1968.1</ele><time>2024-01-07T01:08:00Z</time></trkpt>
      <trkpt lat="25.7317168" lon="100.1853439"><ele>1968.1</ele><time>2024-01-07T01:08:01Z</time></trkpt>
      <trkpt lat="25.7317065" lon="100.1853602"><ele>1968.2</ele><time>2024-01-07T01:08:02Z</time></trkpt>
      <trkpt lat="25.7316973" lon="100.1853768"><ele>1968.2</ele><time>2024-01-07T01:08:03Z</time></trkpt>
      <trkpt lat="25.7316884" lon="100.1853933"><ele>1968.2</ele><time>2024-01-07T01:08:04Z</time></trkpt>
      <trkpt lat="25.7316791" lon="100.1854097"><ele>1968.3</ele><time>2024-01-07T01:08:05Z</time></trkpt>
      <trkpt lat="25.7316685" lon="100.1854257"><ele>1968.3</ele><time>2024-01-07T01:08:06Z</time></trkpt>
      <trkpt lat="25.7316572" lon="100.1854409"><ele>1968.3</ele><time>2024-01-07T01:08:07Z</time></trkpt>
      <trkpt lat="25.7316464" lon="100.1854556"><ele>1968.4</ele><time>2024-01-07T01:08:08Z</time></trkpt>
      <trkpt lat="25.7316368" lon="100.1854694"><ele>1968.4</ele><time>2024-01-07T01:08:09Z</time></trkpt>
      <trkpt lat="25.7316303" lon="100.1854820"><ele>1968.4</ele><time>2024-01-07T01:08:10Z</time></trkpt>
      <trkpt lat="25.7316291" lon="100.1854934"><ele>1968.4</ele><time>2024-01-07T01:08:11Z</time></trkpt>
      <trkpt lat="25.7316352" lon="100.1855024"><ele>1968.5</ele><time>2024-01-07T01:08:12Z</time></trkpt>
      <trkpt lat="25.7316483" lon="100.1855057"><ele>1968.5</ele><time>2024-01-07T01:08:13Z</time></trkpt>
      <trkpt lat="25.7316648" lon="100.1854996"><ele>1968.5</ele><time>2024-01-07T01:08:14Z</time></trkpt>
      <trkpt lat="25.7316805" lon="100.1854857"><ele>1968.4</ele><time>2024-01-07T01:08:15Z</time></trkpt>
      <trkpt lat="25.7316939" lon="100.1854684"><ele>1968.4</ele><time>2024-01-07T01:08:16Z</time></trkpt>
      <trkpt lat="25.7317065" lon="100.1854509"><ele>1968.4</ele><time>2024-01-07T01:08:17Z</time></trkpt>
      <trkpt lat="25.7317189" lon="100.1854344"><ele>1968.4</ele><time>2024-01-07T01:08:18Z</time></trkpt>
      <trkpt lat="25.7317307" lon="100.1854181"><ele>1968.3</ele><time>2024-01-07T01:08:19Z</time></trkpt>
      <trkpt lat="25.7317420" lon="100.1854020"><ele>1968.3</ele><time>2024-01-07T01:08:20Z</time></trkpt>
      <trkpt lat="25.7317529" lon="100.1853859"><ele>1968.2</ele><time>2024-01-07T01:08:21Z</time></trkpt>
      <trkpt lat="25.7317633" lon="100.1853696"><ele>1968.1</ele><time>2024-01-07T01:08:22Z</time></trkpt>
      <trkpt lat="25.7317734" lon="100.1853535"><ele>1968.0</ele><time>2024-01-07T01:08:23Z</time></trkpt>
      <trkpt lat="25.7317832" lon="100.1853373"><ele>1967.9</ele><time>2024-01-07T01:08:24Z</time></trkpt>
      <trkpt lat="25.7317930" lon="100.1853213"><ele>1967.8</ele><time>2024-01-07T01:08:25Z</time></trkpt>
      <trkpt lat="25.7318026" lon="100.1853057"><ele>1967.7</ele><time>2024-01-07T01:08:26Z</time></trkpt>
      <trkpt lat="25.7318116" lon="100.1852900"><ele>1967.7</ele><time>2024-01-07T01:08:27Z</time></trkpt>
      <trkpt lat="25.7318199" lon="100.1852741"><ele>1967.6</ele><time>2024-01-07T01:08:28Z</time></trkpt>
      <trkpt lat="25.7318280" lon="100.1852580"><ele>1967.5</ele><time>2024-01-07T01:08:29Z</time></trkpt>
      <trkpt lat="25.7318364" lon="100.1852421"><ele>1967.5</ele><time>2024-01-07T01:08:30Z</time></trkpt>
      <trkpt lat="25.7318447" lon="100.1852262"><ele>1967.4</ele><time>2024-01-07T01:08:31Z</time></trkpt>
      <trkpt lat="25.7318521" lon="100.1852094"><ele>1967.3</ele><time>2024-01-07T01:08:32Z</time></trkpt>
      <trkpt lat="25.7318592" lon="100.1851922"><ele>1967.3</ele><time>2024-01-07T01:08:33Z</time></trkpt>
      <trkpt lat="25.7318663" lon="100.1851745"><ele>1967.2</ele><time>2024-01-07T01:08:34Z</time></trkpt>
      <trkpt lat="25.7318734" lon="100.1851568"><ele>1967.1</ele><time>2024-01-07T01:08:35Z</time></trkpt>
      <trkpt lat="25.7318804" lon="100.1851393"><ele>1967.1</ele><time>2024-01-07T01:08:36Z</time></trkpt>
      <trkpt lat="25.7318872" lon="100.1851218"><ele>1967.0</ele><time>2024-01-07T01:08:37Z</time></trkpt>
      <trkpt lat="25.7318940" lon="100.1851041"><ele>1966.9</ele><time>2024-01-07T01:08:38Z</time></trkpt>
      <trkpt lat="25.7319006" lon="100.1850864"><ele>1966.7</ele><time>2024-01-07T01:08:39Z</time></trkpt>
      <trkpt lat="25.7319062" lon="100.1850686"><ele>1966.6</ele><time>2024-01-07T01:08:40Z</time></trkpt>
      <trkpt lat="25.7319114" lon="100.1850510"><ele>1966.5</ele><time>2024-01-07T01:08:41Z</time></trkpt>
      <trkpt lat="25.7319173" lon="100.1850339"><ele>1966.4</ele><time>2024-01-07T01:08:42Z</time></trkpt>
      <trkpt lat="25.7319246" lon="100.1850170"><ele>1966.3</ele><time>2024-01-07T01:08:43Z</time></trkpt>
      <trkpt lat="25.7319329" lon="100.1850002"><ele>1966.2</ele><time>2024-01-07T01:08:44Z</time></trkpt>
      <trkpt lat="25.7319414" lon="100.1849831"><ele>1966.1</ele><time>2024-01-07T01:08:45Z</time></trkpt>
      <trkpt lat="25.7319503" lon="100.1849660"><ele>1966.0</ele><time>2024-01-07T01:08:46Z</time></trkpt>
      <trkpt lat="25.7319598" lon="100.1849489"><ele>1965.9</ele><time>2024-01-07T01:08:47Z</time></trkpt>
      <trkpt lat="25.7319703" lon="100.1849326"><ele>1965.9</ele><time>2024-01-07T01:08:48Z</time></trkpt>
      <trkpt lat="25.7319816" lon="100.1849171"><ele>1965.9</ele><time>2024-01-07T01:08:49Z</time></trkpt>
      <trkpt lat="25.7319925" lon="100.1849019"><ele>1965.8</ele><time>2024-01-07T01:08:50Z</time></trkpt>
      <trkpt lat="25.7320027" lon="100.1848869"><ele>1965.8</ele><time>2024-01-07T01:08:51Z</time></trkpt>
      <trkpt lat="25.7320130" lon="100.1848723"><ele>1965.9</ele><time>2024-01-07T01:08:52Z</time></trkpt>
      <trkpt lat="25.7320237" lon="100.1848584"><ele>1965.9</ele><time>2024-01-07T01:08:53Z</time></trkpt>
      <trkpt lat="25.7320349" lon="100.1848453"><ele>1965.9</ele><time>2024-01-07T01:08:54Z</time></trkpt>
      <trkpt lat="25.7320470" lon="100.1848327"><ele>1966.0</ele><time>2024-01-07T01:08:55Z</time></trkpt>
      <trkpt lat="25.7320604" lon="100.1848213"><ele>1966.0</ele><time>2024-01-07T01:08:56Z</time></trkpt>
      <trkpt lat="25.7320751" lon="100.1848116"><ele>1966.1</ele><time>2024-01-07T01:08:57Z</time></trkpt>
      <trkpt lat="25.7320904" lon="100.1848029"><ele>1966.2</ele><time>2024-01-07T01:08:58Z</time></trkpt>
      <trkpt lat="25.7321056" lon="100.1847945"><ele>1966.3</ele><time>2024-01-07T01:08:59Z</time></trkpt>
      <trkpt lat="25.7321211" lon="100.1847860"><ele>1966.4</ele><time>2024-01-07T01:09:00Z</time></trkpt>
      <trkpt lat="25.7321369" lon="100.1847780"><ele>1966.4</ele><time>2024-01-07T01:09:01Z</time></trkpt>
      <trkpt lat="25.7321533" lon="100.1847709"><ele>1966.5</ele><time>2024-01-07T01:09:02Z</time></trkpt>
      <trkpt lat="25.7321700" lon="100.1847643"><ele>1966.6</ele><time>2024-01-07T01:09:03Z</time></trkpt>
      <trkpt lat="25.7321865" lon="100.1847577"><ele>1966.8</ele><time>2024-01-07T01:09:04Z</time></trkpt>
      <trkpt lat="25.7322029" lon="100.1847503"><ele>1966.8</ele><time>2024-01-07T01:09:05Z</time></trkpt>
      <trkpt lat="25.7322189" lon="100.1847422"><ele>1966.9</ele><time>2024-01-07T01:09:06Z</time></trkpt>
      <trkpt lat="25.7322344" lon="100.1847332"><ele>1967.0</ele><time>2024-01-07T01:09:07Z</time></trkpt>
      <trkpt lat="25.7322499" lon="100.1847239"><ele>1967.1</ele><time>2024-01-07T01:09:08Z</time></trkpt>
      <trkpt lat="25.7322648" lon="100.1847140"><ele>1967.2</ele><time>2024-01-07T01:09:09Z</time></trkpt>
      <trkpt lat="25.7322796" lon="100.1847033"><ele>1967.2</ele><time>2024-01-07T01:09:10Z</time></trkpt>
      <trkpt lat="25.7322943" lon="100.1846922"><ele>1967.3</ele><time>2024-01-07T01:09:11Z</time></trkpt>
      <trkpt lat="25.7323086" lon="100.1846806"><ele>1967.3</ele><time>2024-01-07T01:09:12Z</time></trkpt>
      <trkpt lat="25.7323229" lon="100.1846688"><ele>1967.4</ele><time>2024-01-07T01:09:13Z</time></trkpt>
      <trkpt lat="25.7323374" lon="100.1846572"><ele>1967.4</ele><time>2024-01-07T01:09:14Z</time></trkpt>
      <trkpt lat="25.7323518" lon="100.1846455"><ele>1967.4</ele><time>2024-01-07T01:09:15Z</time></trkpt>
      <trkpt lat="25.7323650" lon="100.1846330"><ele>1967.4</ele><time>2024-01-07T01:09:16Z</time></trkpt>
      <trkpt lat="25.7323769" lon="100.1846195"><ele>1967.4</ele><time>2024-01-07T01:09:17Z</time></trkpt>
      <trkpt lat="25.7323880" lon="100.1846054"><ele>1967.4</ele><time>2024-01-07T01:09:18Z</time></trkpt>
      <trkpt lat="25.7323988" lon="100.1845910"><ele>1967.4</ele><time>2024-01-07T01:09:19Z</time></trkpt>
      <trkpt lat="25.7324095" lon="100.1845762"><ele>1967.4</ele><time>2024-01-07T01:09:20Z</time></trkpt>
      <trkpt lat="25.7324206" lon="100.1845616"><ele>1967.4</ele><time>2024-01-07T01:09:21Z</time></trkpt>
      <trkpt lat="25.7324315" lon="100.1845471"><ele>1967.3</ele><time>2024-01-07T01:09:22Z</time></trkpt>
      <trkpt lat="25.7324418" lon="100.1845320"><ele>1967.3</ele><time>2024-01-07T01:09:23Z</time></trkpt>
      <trkpt lat="25.7324513" lon="100.1845164"><ele>1967.2</ele><time>2024-01-07T01:09:24Z</time></trkpt>
      <trkpt lat="25.7324606" lon="100.1845004"><ele>1967.2</ele><time>2024-01-07T01:09:25Z</time></trkpt>
      <trkpt lat="25.7324696" lon="100.1844841"><ele>1967.1</ele><time>2024-01-07T01:09:26Z</time></trkpt>
      <trkpt lat="25.7324779" lon="100.1844677"><ele>1967.0</ele><time>2024-01-07T01:09:27Z</time></trkpt>
      <trkpt lat="25.7324854" lon="100.1844510"><ele>1967.0</ele><time>2024-01-07T01:09:28Z</time></trkpt>
      <trkpt lat="25.7324929" lon="100.1844344"><ele>1966.9</ele><time>2024-01-07T01:09:29Z</time></trkpt>
      <trkpt lat="25.7325004" lon="100.1844173"><ele>1966.9</ele><time>2024-01-07T01:09:30Z</time></trkpt>
      <trkpt lat="25.7325077" lon="100.1843998"><ele>1966.8</ele><time>2024-01-07T01:09:31Z</time></trkpt>
      <trkpt lat="25.7325148" lon="100.1843822"><ele>1966.7</ele><time>2024-01-07T01:09:32Z</time></trkpt>
      <trkpt lat="25.7325213" lon="100.1843645"><ele>1966.7</ele><time>2024-01-07T01:09:33Z</time></trkpt>
      <trkpt lat="25.7325264" lon="100.1843464"><ele>1966.6</ele><time>2024-01-07T01:09:34Z</time></trkpt>
      <trkpt lat="25.7325306" lon="100.1843278"><ele>1966.6</ele><time>2024-01-07T01:09:35Z</time></trkpt>
      <trkpt lat="25.7325354" lon="100.1843091"><ele>1966.6</ele><time>2024-01-07T01:09:36Z</time></trkpt>
      <trkpt lat="25.7325412" lon="100.1842906"><ele>1966.6</ele><time>2024-01-07T01:09:37Z</time></trkpt>
      <trkpt lat="25.7325462" lon="100.1842721"><ele>1966.6</ele><time>2024-01-07T01:09:38Z</time></trkpt>
      <trkpt lat="25.7325496" lon="100.1842533"><ele>1966.6</ele><time>2024-01-07T01:09:39Z</time></trkpt>
      <trkpt lat="25.7325522" lon="100.1842348"><ele>1966.6</ele><time>2024-01-07T01:09:40Z</time></trkpt>
      <trkpt lat="25.7325550" lon="100.1842163"><ele>1966.6</ele><time>2024-01-07T01:09:41Z</time></trkpt>
      <trkpt lat="25.7325584" lon="100.1841980"><ele>1966.6</ele><time>2024-01-07T01:09:42Z</time></trkpt>
      <trkpt lat="25.7325616" lon="100.1841796"><ele>1966.6</ele><time>2024-01-07T01:09:43Z</time></trkpt>
      <trkpt lat="25.7325642" lon="100.1841609"><ele>1966.6</ele><time>2024-01-07T01:09:44Z</time></trkpt>
      <trkpt lat="25.7325665" lon="100.1841422"><ele>1966.6</ele><time>2024-01-07T01:09:45Z</time></trkpt>
      <trkpt lat="25.7325687" lon="100.1841233"><ele>1966.6</ele><time>2024-01-07T01:09:46Z</time></trkpt>
      <trkpt lat="25.7325719" lon="100.1841046"><ele>1966.6</ele><time>2024-01-07T01:09:47Z</time></trkpt>
      <trkpt lat="25.7325744" lon="100.1840861"><ele>1966.6</ele><time>2024-01-07T01:09:48Z</time></trkpt>
      <trkpt lat="25.7325751" lon="100.1840673"><ele>1966.6</ele><time>2024-01-07T01:09:49Z</time></trkpt>
      <trkpt lat="25.7325755" lon="100.1840484"><ele>1966.6</ele><time>2024-01-07T01:09:50Z</time></trkpt>
      <trkpt lat="25.7325766" lon="100.1840294"><ele>1966.6</ele><time>2024-01-07T01:09:51Z</time></trkpt>
      <trkpt lat="25.7325785" lon="100.1840102"><ele>1966.7</ele><time>2024-01-07T01:09:52Z</time></trkpt>
      <trkpt lat="25.7325801" lon="100.1839910"><ele>1966.7</ele><time>2024-01-07T01:09:53Z</time></trkpt>
      <trkpt lat="25.7325813" lon="100.1839720"><ele>1966.7</ele><time>2024-01-07T01:09:54Z</time></trkpt>
      <trkpt lat="25.7325825" lon="100.1839530"><ele>1966.6</ele><time>2024-01-07T01:09:55Z</time></trkpt>
      <trkpt lat="25.7325842" lon="100.1839342"><ele>1966.6</ele><time>2024-01-07T01:09:56Z</time></trkpt>
      <trkpt lat="25.7325863" lon="100.1839154"><ele>1966.7</ele><time>2024-01-07T01:09:57Z</time></trkpt>
      <trkpt lat="25.7325885" lon="100.1838967"><ele>1966.7</ele><time>2024-01-07T01:09:58Z</time></trkpt>
      <trkpt lat="25.7325898" lon="100.1838782"><ele>1966.7</ele><time>2024-01-07T01:09:59Z</time></trkpt>
      <trkpt lat="25.7325909" lon="100.1838598"><ele>1966.7</ele><time>2024-01-07T01:10:00Z</time></trkpt>
      <trkpt lat="25.7325926" lon="100.1838417"><ele>1966.7</ele><time>2024-01-07T01:10:01Z</time></trkpt>
      <trkpt lat="25.7325950" lon="100.1838238"><ele>1966.8</ele><time>2024-01-07T01:10:02Z</time></trkpt>
      <trkpt lat="25.7325965" lon="100.1838061"><ele>1966.8</ele><time>2024-01-07T01:10:03Z</time></trkpt>
      <trkpt lat="25.7325965" lon="100.1837883"><ele>1966.8</ele><time>2024-01-07T01:10:04Z</time></trkpt>
      <trkpt lat="25.7325969" lon="100.1837701"><ele>1966.9</ele><time>2024-01-07T01:10:05Z</time></trkpt>
      <trkpt lat="25.7325983" lon="100.1837518"><ele>1966.9</ele><time>2024-01-07T01:10:06Z</time></trkpt>
      <trkpt lat="25.7325996" lon="100.1837334"><ele>1967.0</ele><time>2024-01-07T01:10:07Z</time></trkpt>
      <trkpt lat="25.7326009" lon="100.1837149"><ele>1967.0</ele><time>2024-01-07T01:10:08Z</time></trkpt>
      <trkpt lat="25.7326027" lon="100.1836963"><ele>1967.1</ele><time>2024-01-07T01:10:09Z</time></trkpt>
      <trkpt lat="25.7326039" lon="100.1836776"><ele>1967.1</ele><time>2024-01-07T01:10:10Z</time></trkpt>
      <trkpt lat="25.7326053" lon="100.1836587"><ele>1967.2</ele><time>2024-01-07T01:10:11Z</time></trkpt>
      <trkpt lat="25.7326079" lon="100.1836398"><ele>1967.2</ele><time>2024-01-07T01:10:12Z</time></trkpt>
      <trkpt lat="25.7326112" lon="100.1836209"><ele>1967.3</ele><time>2024-01-07T01:10:13Z</time></trkpt>
      <trkpt lat="25.7326148" lon="100.1836021"><ele>1967.3</ele><time>2024-01-07T01:10:14Z</time></trkpt>
      <trkpt lat="25.7326181" lon="100.1835834"><ele>1967.4</ele><time>2024-01-07T01:10:15Z</time></trkpt>
      <trkpt lat="25.7326214" lon="100.1835649"><ele>1967.4</ele><time>2024-01-07T01:10:16Z</time></trkpt>
      <trkpt lat="25.7326248" lon="100.1835469"><ele>1967.5</ele><time>2024-01-07T01:10:17Z</time></trkpt>
      <trkpt lat="25.7326278" lon="100.1835287"><ele>1967.5</ele><time>2024-01-07T01:10:18Z</time></trkpt>
      <trkpt lat="25.7326299" lon="100.1835103"><ele>1967.6</ele><time>2024-01-07T01:10:19Z</time></trkpt>
      <trkpt lat="25.7326311" lon="100.1834917"><ele>1967.7</ele><time>2024-01-07T01:10:20Z</time></trkpt>
      <trkpt lat="25.7326323" lon="100.1834732"><ele>1967.7</ele><time>2024-01-07T01:10:21Z</time></trkpt>
      <trkpt lat="25.7326341" lon="100.1834551"><ele>1967.8</ele><time>2024-01-07T01:10:22Z</time></trkpt>
      <trkpt lat="25.7326350" lon="100.1834370"><ele>1967.8</ele><time>2024-01-07T01:10:23Z</time></trkpt>
      <trkpt lat="25.7326351" lon="100.1834189"><ele>1967.8</ele><time>2024-01-07T01:10:24Z</time></trkpt>
      <trkpt lat="25.7326347" lon="100.1834009"><ele>1967.9</ele><time>2024-01-07T01:10:25Z</time></trkpt>
      <trkpt lat="25.7326337" lon="100.1833831"><ele>1967.9</ele><time>2024-01-07T01:10:26Z</time></trkpt>
      <trkpt lat="25.7326321" lon="100.1833657"><ele>1967.9</ele><time>2024-01-07T01:10:27Z</time></trkpt>
      <trkpt lat="25.7326305" lon="100.1833485"><ele>1967.9</ele><time>2024-01-07T01:10:28Z</time></trkpt>
      <trkpt lat="25.7326287" lon="100.1833316"><ele>1968.0</ele><time>2024-01-07T01:10:29Z</time></trkpt>
      <trkpt lat="25.7326266" lon="100.1833151"><ele>1968.0</ele><time>2024-01-07T01:10:30Z</time></trkpt>
      <trkpt lat="25.7326239" lon="100.1832988"><ele>1968.0</ele><time>2024-01-07T01:10:31Z</time></trkpt>
      <trkpt lat="25.7326207" lon="100.1832827"><ele>1968.0</ele><time>2024-01-07T01:10:32Z</time></trkpt>
      <trkpt lat="25.7326170" lon="100.1832670"><ele>1968.1</ele><time>2024-01-07T01:10:33Z</time></trkpt>
      <trkpt lat="25.7326122" lon="100.1832521"><ele>1968.1</ele><time>2024-01-07T01:10:34Z</time></trkpt>
      <trkpt lat="25.7326061" lon="100.1832385"><ele>1968.2</ele><time>2024-01-07T01:10:35Z</time></trkpt>
      <trkpt lat="25.7325993" lon="100.1832251"><ele>1968.2</ele><time>2024-01-07T01:10:36Z</time></trkpt>
      <trkpt lat="25.7325925" lon="100.1832112"><ele>1968.3</ele><time>2024-01-07T01:10:37Z</time></trkpt>
      <trkpt lat="25.7325851" lon="100.1831970"><ele>1968.3</ele><time>2024-01-07T01:10:38Z</time></trkpt>
      <trkpt lat="25.7325773" lon="100.1831825"><ele>1968.4</ele><time>2024-01-07T01:10:39Z</time></trkpt>
      <trkpt lat="25.7325693" lon="100.1831676"><ele>1968.4</ele><time>2024-01-07T01:10:40Z</time></trkpt>
      <trkpt lat="25.7325611" lon="100.1831525"><ele>1968.4</ele><time>2024-01-07T01:10:41Z</time></trkpt>
      <trkpt lat="25.7325528" lon="100.1831371"><ele>1968.4</ele><time>2024-01-07T01:10:42Z</time></trkpt>
      <trkpt lat="25.7325447" lon="100.1831211"><ele>1968.5</ele><time>2024-01-07T01:10:43Z</time></trkpt>
      <trkpt lat="25.7325371" lon="100.1831042"><ele>1968.4</ele><time>2024-01-07T01:10:44Z</time></trkpt>
      <trkpt lat="25.7325300" lon="100.1830871"><ele>1968.4</ele><time>2024-01-07T01:10:45Z</time></trkpt>
      <trkpt lat="25.7325227" lon="100.1830703"><ele>1968.4</ele><time>2024-01-07T01:10:46Z</time></trkpt>
      <trkpt lat="25.7325149" lon="100.1830540"><ele>1968.3</ele><time>2024-01-07T01:10:47Z</time></trkpt>
      <trkpt lat="25.7325069" lon="100.1830376"><ele>1968.2</ele><time>2024-01-07T01:10:48Z</time></trkpt>
      <trkpt lat="25.7324990" lon="100.1830207"><ele>1968.1</ele><time>2024-01-07T01:10:49Z</time></trkpt>
      <trkpt lat="25.7324917" lon="100.1830035"><ele>1968.0</ele><time>2024-01-07T01:10:50Z</time></trkpt>
      <trkpt lat="25.7324850" lon="100.1829858"><ele>1967.8</ele><time>2024-01-07T01:10:51Z</time></trkpt>
      <trkpt lat="25.7324791" lon="100.1829678"><ele>1967.7</ele><time>2024-01-07T01:10:52Z</time></trkpt>
      <trkpt lat="25.7324729" lon="100.1829499"><ele>1967.6</ele><time>2024-01-07T01:10:53Z</time></trkpt>
      <trkpt lat="25.7324663" lon="100.1829323"><ele>1967.4</ele><time>2024-01-07T01:10:54Z</time></trkpt>
      <trkpt lat="25.7324598" lon="100.1829151"><ele>1967.3</ele><time>2024-01-07T01:10:55Z</time></trkpt>
      <trkpt lat="25.7324533" lon="100.1828983"><ele>1967.1</ele><time>2024-01-07T01:10:56Z</time></trkpt>
      <trkpt lat="25.7324470" lon="100.1828813"><ele>1967.0</ele><time>2024-01-07T01:10:57Z</time></trkpt>
      <trkpt lat="25.7324415" lon="100.1828640"><ele>1966.9</ele><time>2024-01-07T01:10:58Z</time></trkpt>
      <trkpt lat="25.7324363" lon="100.1828464"><ele>1966.8</ele><time>2024-01-07T01:10:59Z</time></trkpt>
      <trkpt lat="25.7324313" lon="100.1828288"><ele>1966.8</ele><time>2024-01-07T01:11:00Z</time></trkpt>
      <trkpt lat="25.7324268" lon="100.1828109"><ele>1966.7</ele><time>2024-01-07T01:11:01Z</time></trkpt>
      <trkpt lat="25.7324225" lon="100.1827925"><ele>1966.7</ele><time>2024-01-07T01:11:02Z</time></trkpt>
      <trkpt lat="25.7324186" lon="100.1827740"><ele>1966.6</ele><time>2024-01-07T01:11:03Z</time></trkpt>
      <trkpt lat="25.7324143" lon="100.1827556"><ele>1966.6</ele><time>2024-01-07T01:11:04Z</time></trkpt>
      <trkpt lat="25.7324097" lon="100.1827376"><ele>1966.6</ele><time>2024-01-07T01:11:05Z</time></trkpt>
      <trkpt lat="25.7324052" lon="100.1827192"><ele>1966.6</ele><time>2024-01-07T01:11:06Z</time></trkpt>
      <trkpt lat="25.7324011" lon="100.1827001"><ele>1966.6</ele><time>2024-01-07T01:11:07Z</time></trkpt>
      <trkpt lat="25.7323974" lon="100.1826807"><ele>1966.6</ele><time>2024-01-07T01:11:08Z</time></trkpt>
      <trkpt lat="25.7323940" lon="100.1826614"><ele>1966.6</ele><time>2024-01-07T01:11:09Z</time></trkpt>
      <trkpt lat="25.7323911" lon="100.1826421"><ele>1966.6</ele><time>2024-01-07T01:11:10Z</time></trkpt>
      <trkpt lat="25.7323889" lon="100.1826228"><ele>1966.6</ele><time>2024-01-07T01:11:11Z</time></trkpt>
      <trkpt lat="25.7323865" lon="100.1826034"><ele>1966.7</ele><time>2024-01-07T01:11:12Z</time></trkpt>
      <trkpt lat="25.7323835" lon="100.1825842"><ele>1966.7</ele><time>2024-01-07T01:11:13Z</time></trkpt>
      <trkpt lat="25.7323808" lon="100.1825648"><ele>1966.7</ele><time>2024-01-07T01:11:14Z</time></trkpt>
      <trkpt lat="25.7323785" lon="100.1825455"><ele>1966.7</ele><time>2024-01-07T01:11:15Z</time></trkpt>
      <trkpt lat="25.7323763" lon="100.1825264"><ele>1966.8</ele><time>2024-01-07T01:11:16Z</time></trkpt>
      <trkpt lat="25.7323743" lon="100.1825071"><ele>1966.8</ele><time>2024-01-07T01:11:17Z</time></trkpt>
      <trkpt lat="25.7323728" lon="100.1824877"><ele>1966.8</ele><time>2024-01-07T01:11:18Z</time></trkpt>
      <trkpt lat="25.7323712" lon="100.1824683"><ele>1966.9</ele><time>2024-01-07T01:11:19Z</time></trkpt>
      <trkpt lat="25.7323699" lon="100.1824488"><ele>1966.9</ele><time>2024-01-07T01:11:20Z</time></trkpt>
      <trkpt lat="25.7323691" lon="100.1824295"><ele>1967.0</ele><time>2024-01-07T01:11:21Z</time></trkpt>
      <trkpt lat="25.7323680" lon="100.1824102"><ele>1967.0</ele><time>2024-01-07T01:11:22Z</time></trkpt>
      <trkpt lat="25.7323668" lon="100.1823909"><ele>1967.1</ele><time>2024-01-07T01:11:23Z</time></trkpt>
      <trkpt lat="25.7323658" lon="100.1823718"><ele>1967.2</ele><time>2024-01-07T01:11:24Z</time></trkpt>
      <trkpt lat="25.7323657" lon="100.1823527"><ele>1967.3</ele><time>2024-01-07T01:11:25Z</time></trkpt>
      <trkpt lat="25.7323667" lon="100.1823335"><ele>1967.3</ele><time>2024-01-07T01:11:26Z</time></trkpt>
      <trkpt lat="25.7323681" lon="100.1823144"><ele>1967.4</ele><time>2024-01-07T01:11:27Z</time></trkpt>
      <trkpt lat="25.7323694" lon="100.1822951"><ele>1967.5</ele><time>2024-01-07T01:11:28Z</time></trkpt>
      <trkpt lat="25.7323709" lon="100.1822759"><ele>1967.5</ele><time>2024-01-07T01:11:29Z</time></trkpt>
      <trkpt lat="25.7323724" lon="100.1822565"><ele>1967.6</ele><time>2024-01-07T01:11:30Z</time></trkpt>
      <trkpt lat="25.7323741" lon="100.1822371"><ele>1967.6</ele><time>2024-01-07T01:11:31Z</time></trkpt>
      <trkpt lat="25.7323754" lon="100.1822176"><ele>1967.7</ele><time>2024-01-07T01:11:32Z</time></trkpt>
      <trkpt lat="25.7323769" lon="100.1821978"><ele>1967.7</ele><time>2024-01-07T01:11:33Z</time></trkpt>
      <trkpt lat="25.7323791" lon="100.1821779"><ele>1967.8</ele><time>2024-01-07T01:11:34Z</time></trkpt>
      <trkpt lat="25.7323818" lon="100.1821576"><ele>1967.8</ele><time>2024-01-07T01:11:35Z</time></trkpt>
      <trkpt lat="25.7323852" lon="100.1821370"><ele>1967.8</ele><time>2024-01-07T01:11:36Z</time></trkpt>
      <trkpt lat="25.7323890" lon="100.1821163"><ele>1967.8</ele><time>2024-01-07T01:11:37Z</time></trkpt>
      <trkpt lat="25.7323927" lon="100.1820954"><ele>1967.8</ele><time>2024-01-07T01:11:38Z</time></trkpt>
      <trkpt lat="25.7323966" lon="100.1820747"><ele>1967.8</ele><time>2024-01-07T01:11:39Z</time></trkpt>
      <trkpt lat="25.7324006" lon="100.1820542"><ele>1967.9</ele><time>2024-01-07T01:11:40Z</time></trkpt>
      <trkpt lat="25.7324054" lon="100.1820336"><ele>1967.9</ele><time>2024-01-07T01:11:41Z</time></trkpt>
      <trkpt lat="25.7324109" lon="100.1820134"><ele>1967.8</ele><time>2024-01-07T01:11:42Z</time></trkpt>
      <trkpt lat="25.7324165" lon="100.1819933"><ele>1967.8</ele><time>2024-01-07T01:11:43Z</time></trkpt>
      <trkpt lat="25.7324213" lon="100.1819734"><ele>1967.8</ele><time>2024-01-07T01:11:44Z</time></trkpt>
      <trkpt lat="25.7324248" lon="100.1819533"><ele>1967.8</ele><time>2024-01-07T01:11:45Z</time></trkpt>
      <trkpt lat="25.7324282" lon="100.1819333"><ele>1967.8</ele><time>2024-01-07T01:11:46Z</time></trkpt>
      <trkpt lat="25.7324321" lon="100.1819132"><ele>1967.9</ele><time>2024-01-07T01:11:47Z</time></trkpt>
      <trkpt lat="25.7324363" lon="100.1818929"><ele>1967.9</ele><time>2024-01-07T01:11:48Z</time></trkpt>
      <trkpt lat="25.7324410" lon="100.1818726"><ele>1967.9</ele><time>2024-01-07T01:11:49Z</time></trkpt>
      <trkpt lat="25.7324463" lon="100.1818522"><ele>1968.0</ele><time>2024-01-07T01:11:50Z</time></trkpt>
      <trkpt lat="25.7324521" lon="100.1818317"><ele>1968.0</ele><time>2024-01-07T01:11:51Z</time></trkpt>
      <trkpt lat="25.7324587" lon="100.1818110"><ele>1968.0</ele><time>2024-01-07T01:11:52Z</time></trkpt>
      <trkpt lat="25.7324662" lon="100.1817897"><ele>1968.0</ele><time>2024-01-07T01:11:53Z</time></trkpt>
      <trkpt lat="25.7324744" lon="100.1817687"><ele>1968.1</ele><time>2024-01-07T01:11:54Z</time></trkpt>
      <trkpt lat="25.7324831" lon="100.1817490"><ele>1968.1</ele><time>2024-01-07T01:11:55Z</time></trkpt>
      <trkpt lat="25.7324920" lon="100.1817304"><ele>1968.1</ele><time>2024-01-07T01:11:56Z</time></trkpt>
      <trkpt lat="25.7325003" lon="100.1817119"><ele>1968.1</ele><time>2024-01-07T01:11:57Z</time></trkpt>
      <trkpt lat="25.7325081" lon="100.1816930"><ele>1968.1</ele><time>2024-01-07T01:11:58Z</time></trkpt>
      <trkpt lat="25.7325157" lon="100.1816741"><ele>1968.1</ele><time>2024-01-07T01:11:59Z</time></trkpt>
      <trkpt lat="25.7325227" lon="100.1816547"><ele>1968.0</ele><time>2024-01-07T01:12:00Z</time></trkpt>
      <trkpt lat="25.7325290" lon="100.1816351"><ele>1968.0</ele><time>2024-01-07T01:12:01Z</time></trkpt>
      <trkpt lat="25.7325350" lon="100.1816157"><ele>1968.0</ele><time>2024-01-07T01:12:02Z</time></trkpt>
      <trkpt lat="25.7325406" lon="100.1815964"><ele>1968.0</ele><time>2024-01-07T01:12:03Z</time></trkpt>
      <trkpt lat="25.7325463" lon="100.1815774"><ele>1967.9</ele><time>2024-01-07T01:12:04Z</time></trkpt>
      <trkpt lat="25.7325522" lon="100.1815584"><ele>1967.9</ele><time>2024-01-07T01:12:05Z</time></trkpt>
      <trkpt lat="25.7325576" lon="100.1815392"><ele>1967.8</ele><time>2024-01-07T01:12:06Z</time></trkpt>
      <trkpt lat="25.7325626" lon="100.1815198"><ele>1967.8</ele><time>2024-01-07T01:12:07Z</time></trkpt>
      <trkpt lat="25.7325681" lon="100.1815004"><ele>1967.8</ele><time>2024-01-07T01:12:08Z</time></trkpt>
      <trkpt lat="25.7325744" lon="100.1814812"><ele>1967.7</ele><time>2024-01-07T01:12:09Z</time></trkpt>
      <trkpt lat="25.7325807" lon="100.1814620"><ele>1967.7</ele><time>2024-01-07T01:12:10Z</time></trkpt>
      <trkpt lat="25.7325868" lon="100.1814428"><ele>1967.6</ele><time>2024-01-07T01:12:11Z</time></trkpt>
      <trkpt lat="25.7325928" lon="100.1814241"><ele>1967.6</ele><time>2024-01-07T01:12:12Z</time></trkpt>
      <trkpt lat="25.7325984" lon="100.1814054"><ele>1967.5</ele><time>2024-01-07T01:12:13Z</time></trkpt>
      <trkpt lat="25.7326044" lon="100.1813867"><ele>1967.5</ele><time>2024-01-07T01:12:14Z</time></trkpt>
      <trkpt lat="25.7326109" lon="100.1813683"><ele>1967.4</ele><time>2024-01-07T01:12:15Z</time></trkpt>
      <trkpt lat="25.7326176" lon="100.1813499"><ele>1967.3</ele><time>2024-01-07T01:12:16Z</time></trkpt>
      <trkpt lat="25.7326246" lon="100.1813316"><ele>1967.2</ele><time>2024-01-07T01:12:17Z</time></trkpt>
      <trkpt lat="25.7326315" lon="100.1813133"><ele>1967.1</ele><time>2024-01-07T01:12:18Z</time></trkpt>
      <trkpt lat="25.7326379" lon="100.1812950"><ele>1967.0</ele><time>2024-01-07T01:12:19Z</time></trkpt>
      <trkpt lat="25.7326439" lon="100.1812768"><ele>1966.9</ele><time>2024-01-07T01:12:20Z</time></trkpt>
      <trkpt lat="25.7326497" lon="100.1812583"><ele>1966.9</ele><time>2024-01-07T01:12:21Z</time></trkpt>
      <trkpt lat="25.7326553" lon="100.1812399"><ele>1966.8</ele><time>2024-01-07T01:12:22Z</time></trkpt>
      <trkpt lat="25.7326611" lon="100.1812215"><ele>1966.7</ele><time>2024-01-07T01:12:23Z</time></trkpt>
      <trkpt lat="25.7326675" lon="100.1812032"><ele>1966.6</ele><time>2024-01-07T01:12:24Z</time></trkpt>
      <trkpt lat="25.7326738" lon="100.1811850"><ele>1966.5</ele><time>2024-01-07T01:12:25Z</time></trkpt>
      <trkpt lat="25.7326794" lon="100.1811667"><ele>1966.4</ele><time>2024-01-07T01:12:26Z</time></trkpt>
      <trkpt lat="25.7326849" lon="100.1811488"><ele>1966.4</ele><time>2024-01-07T01:12:27Z</time></trkpt>
      <trkpt lat="25.7326904" lon="100.1811317"><ele>1966.3</ele><time>2024-01-07T01:12:28Z</time></trkpt>
      <trkpt lat="25.7326961" lon="100.1811148"><ele>1966.3</ele><time>2024-01-07T01:12:29Z</time></trkpt>
      <trkpt lat="25.7327018" lon="100.1810979"><ele>1966.2</ele><time>2024-01-07T01:12:30Z</time></trkpt>
      <trkpt lat="25.7327073" lon="100.1810806"><ele>1966.3</ele><time>2024-01-07T01:12:31Z</time></trkpt>
      <trkpt lat="25.7327129" lon="100.1810628"><ele>1966.3</ele><time>2024-01-07T01:12:32Z</time></trkpt>
      <trkpt lat="25.7327183" lon="100.1810447"><ele>1966.3</ele><time>2024-01-07T01:12:33Z</time></trkpt>
      <trkpt lat="25.7327229" lon="100.1810258"><ele>1966.3</ele><time>2024-01-07T01:12:34Z</time></trkpt>
      <trkpt lat="25.7327270" lon="100.1810065"><ele>1966.3</ele><time>2024-01-07T01:12:35Z</time></trkpt>
      <trkpt lat="25.7327306" lon="100.1809867"><ele>1966.3</ele><time>2024-01-07T01:12:36Z</time></trkpt>
      <trkpt lat="25.7327335" lon="100.1809669"><ele>1966.3</ele><time>2024-01-07T01:12:37Z</time></trkpt>
      <trkpt lat="25.7327368" lon="100.1809475"><ele>1966.3</ele><time>2024-01-07T01:12:38Z</time></trkpt>
      <trkpt lat="25.7327421" lon="100.1809289"><ele>1966.3</ele><time>2024-01-07T01:12:39Z</time></trkpt>
      <trkpt lat="25.7327474" lon="100.1809106"><ele>1966.4</ele><time>2024-01-07T01:12:40Z</time></trkpt>
      <trkpt lat="25.7327506" lon="100.1808917"><ele>1966.4</ele><time>2024-01-07T01:12:41Z</time></trkpt>
      <trkpt lat="25.7327531" lon="100.1808725"><ele>1966.4</ele><time>2024-01-07T01:12:42Z</time></trkpt>
      <trkpt lat="25.7327554" lon="100.1808534"><ele>1966.4</ele><time>2024-01-07T01:12:43Z</time></trkpt>
      <trkpt lat="25.7327574" lon="100.1808342"><ele>1966.4</ele><time>2024-01-07T01:12:44Z</time></trkpt>
      <trkpt lat="25.7327600" lon="100.1808150"><ele>1966.3</ele><time>2024-01-07T01:12:45Z</time></trkpt>
      <trkpt lat="25.7327623" lon="100.1807957"><ele>1966.3</ele><time>2024-01-07T01:12:46Z</time></trkpt>
      <trkpt lat="25.7327638" lon="100.1807764"><ele>1966.3</ele><time>2024-01-07T01:12:47Z</time></trkpt>
      <trkpt lat="25.7327651" lon="100.1807573"><ele>1966.2</ele><time>2024-01-07T01:12:48Z</time></trkpt>
      <trkpt lat="25.7327665" lon="100.1807380"><ele>1966.2</ele><time>2024-01-07T01:12:49Z</time></trkpt>
      <trkpt lat="25.7327677" lon="100.1807184"><ele>1966.2</ele><time>2024-01-07T01:12:50Z</time></trkpt>
      <trkpt lat="25.7327691" lon="100.1806988"><ele>1966.1</ele><time>2024-01-07T01:12:51Z</time></trkpt>
      <trkpt lat="25.7327717" lon="100.1806791"><ele>1966.1</ele><time>2024-01-07T01:12:52Z</time></trkpt>
      <trkpt lat="25.7327752" lon="100.1806600"><ele>1966.0</ele><time>2024-01-07T01:12:53Z</time></trkpt>
      <trkpt lat="25.7327787" lon="100.1806410"><ele>1965.9</ele><time>2024-01-07T01:12:54Z</time></trkpt>
      <trkpt lat="25.7327821" lon="100.1806220"><ele>1965.9</ele><time>2024-01-07T01:12:55Z</time></trkpt>
      <trkpt lat="25.7327850" lon="100.1806029"><ele>1965.8</ele><time>2024-01-07T01:12:56Z</time></trkpt>
      <trkpt lat="25.7327871" lon="100.1805835"><ele>1965.7</ele><time>2024-01-07T01:12:57Z</time></trkpt>
      <trkpt lat="25.7327889" lon="100.1805641"><ele>1965.6</ele><time>2024-01-07T01:12:58Z</time></trkpt>
      <trkpt lat="25.7327908" lon="100.1805446"><ele>1965.5</ele><time>2024-01-07T01:12:59Z</time></trkpt>
      <trkpt lat="25.7327923" lon="100.1805250"><ele>1965.4</ele><time>2024-01-07T01:13:00Z</time></trkpt>
      <trkpt lat="25.7327936" lon="100.1805054"><ele>1965.3</ele><time>2024-01-07T01:13:01Z</time></trkpt>
      <trkpt lat="25.7327953" lon="100.1804856"><ele>1965.3</ele><time>2024-01-07T01:13:02Z</time></trkpt>
      <trkpt lat="25.7327980" lon="100.1804659"><ele>1965.2</ele><time>2024-01-07T01:13:03Z</time></trkpt>
      <trkpt lat="25.7328013" lon="100.1804462"><ele>1965.1</ele><time>2024-01-07T01:13:04Z</time></trkpt>
      <trkpt lat="25.7328041" lon="100.1804264"><ele>1965.0</ele><time>2024-01-07T01:13:05Z</time></trkpt>
      <trkpt lat="25.7328062" lon="100.1804066"><ele>1965.0</ele><time>2024-01-07T01:13:06Z</time></trkpt>
      <trkpt lat="25.7328079" lon="100.1803867"><ele>1964.9</ele><time>2024-01-07T01:13:07Z</time></trkpt>
      <trkpt lat="25.7328102" lon="100.1803669"><ele>1964.9</ele><time>2024-01-07T01:13:08Z</time></trkpt>
      <trkpt lat="25.7328129" lon="100.1803474"><ele>1964.9</ele><time>2024-01-07T01:13:09Z</time></trkpt>
      <trkpt lat="25.7328157" lon="100.1803283"><ele>1964.9</ele><time>2024-01-07T01:13:10Z</time></trkpt>
      <trkpt lat="25.7328180" lon="100.1803091"><ele>1964.9</ele><time>2024-01-07T01:13:11Z</time></trkpt>
      <trkpt lat="25.7328204" lon="100.1802896"><ele>1965.0</ele><time>2024-01-07T01:13:12Z</time></trkpt>
      <trkpt lat="25.7328243" lon="100.1802699"><ele>1965.1</ele><time>2024-01-07T01:13:13Z</time></trkpt>
      <trkpt lat="25.7328282" lon="100.1802496"><ele>1965.2</ele><time>2024-01-07T01:13:14Z</time></trkpt>
      <trkpt lat="25.7328316" lon="100.1802286"><ele>1965.3</ele><time>2024-01-07T01:13:15Z</time></trkpt>
      <trkpt lat="25.7328356" lon="100.1802073"><ele>1965.5</ele><time>2024-01-07T01:13:16Z</time></trkpt>
      <trkpt lat="25.7328402" lon="100.1801856"><ele>1965.7</ele><time>2024-01-07T01:13:17Z</time></trkpt>
      <trkpt lat="25.7328446" lon="100.1801635"><ele>1965.9</ele><time>2024-01-07T01:13:18Z</time></trkpt>
      <trkpt lat="25.7328486" lon="100.1801413"><ele>1966.1</ele><time>2024-01-07T01:13:19Z</time></trkpt>
      <trkpt lat="25.7328531" lon="100.1801191"><ele>1966.3</ele><time>2024-01-07T01:13:20Z</time></trkpt>
      <trkpt lat="25.7328585" lon="100.1800971"><ele>1966.6</ele><time>2024-01-07T01:13:21Z</time></trkpt>
      <trkpt lat="25.7328640" lon="100.1800755"><ele>1966.8</ele><time>2024-01-07T01:13:22Z</time></trkpt>
      <trkpt lat="25.7328686" lon="100.1800544"><ele>1967.0</ele><time>2024-01-07T01:13:23Z</time></trkpt>
      <trkpt lat="25.7328731" lon="100.1800338"><ele>1967.3</ele><time>2024-01-07T01:13:24Z</time></trkpt>
      <trkpt lat="25.7328776" lon="100.1800132"><ele>1967.5</ele><time>2024-01-07T01:13:25Z</time></trkpt>
      <trkpt lat="25.7328826" lon="100.1799927"><ele>1967.7</ele><time>2024-01-07T01:13:26Z</time></trkpt>
      <trkpt lat="25.7328884" lon="100.1799725"><ele>1968.0</ele><time>2024-01-07T01:13:27Z</time></trkpt>
      <trkpt lat="25.7328943" lon="100.1799526"><ele>1968.2</ele><time>2024-01-07T01:13:28Z</time></trkpt>
      <trkpt lat="25.7329009" lon="100.1799332"><ele>1968.4</ele><time>2024-01-07T01:13:29Z</time></trkpt>
      <trkpt lat="25.7329092" lon="100.1799142"><ele>1968.7</ele><time>2024-01-07T01:13:30Z</time></trkpt>
      <trkpt lat="25.7329182" lon="100.1798956"><ele>1968.9</ele><time>2024-01-07T01:13:31Z</time></trkpt>
      <trkpt lat="25.7329264" lon="100.1798769"><ele>1969.1</ele><time>2024-01-07T01:13:32Z</time></trkpt>
      <trkpt lat="25.7329341" lon="100.1798582"><ele>1969.3</ele><time>2024-01-07T01:13:33Z</time></trkpt>
      <trkpt lat="25.7329426" lon="100.1798399"><ele>1969.5</ele><time>2024-01-07T01:13:34Z</time></trkpt>
      <trkpt lat="25.7329525" lon="100.1798222"><ele>1969.6</ele><time>2024-01-07T01:13:35Z</time></trkpt>
      <trkpt lat="25.7329634" lon="100.1798051"><ele>1969.7</ele><time>2024-01-07T01:13:36Z</time></trkpt>
      <trkpt lat="25.7329739" lon="100.1797879"><ele>1969.8</ele><time>2024-01-07T01:13:37Z</time></trkpt>
      <trkpt lat="25.7329839" lon="100.1797705"><ele>1969.8</ele><time>2024-01-07T01:13:38Z</time></trkpt>
      <trkpt lat="25.7329942" lon="100.1797533"><ele>1969.8</ele><time>2024-01-07T01:13:39Z</time></trkpt>
      <trkpt lat="25.7330050" lon="100.1797365"><ele>1969.8</ele><time>2024-01-07T01:13:40Z</time></trkpt>
      <trkpt lat="25.7330162" lon="100.1797202"><ele>1969.7</ele><time>2024-01-07T01:13:41Z</time></trkpt>
      <trkpt lat="25.7330275" lon="100.1797040"><ele>1969.6</ele><time>2024-01-07T01:13:42Z</time></trkpt>
      <trkpt lat="25.7330393" lon="100.1796883"><ele>1969.5</ele><time>2024-01-07T01:13:43Z</time></trkpt>
      <trkpt lat="25.7330514" lon="100.1796728"><ele>1969.4</ele><time>2024-01-07T01:13:44Z</time></trkpt>
      <trkpt lat="25.7330632" lon="100.1796570"><ele>1969.2</ele><time>2024-01-07T01:13:45Z</time></trkpt>
      <trkpt lat="25.7330743" lon="100.1796409"><ele>1969.1</ele><time>2024-01-07T01:13:46Z</time></trkpt>
      <trkpt lat="25.7330849" lon="100.1796250"><ele>1969.0</ele><time>2024-01-07T01:13:47Z</time></trkpt>
      <trkpt lat="25.7330955" lon="100.1796092"><ele>1968.8</ele><time>2024-01-07T01:13:48Z</time></trkpt>
      <trkpt lat="25.7331059" lon="100.1795932"><ele>1968.7</ele><time>2024-01-07T01:13:49Z</time></trkpt>
      <trkpt lat="25.7331158" lon="100.1795767"><ele>1968.6</ele><time>2024-01-07T01:13:50Z</time></trkpt>
      <trkpt lat="25.7331253" lon="100.1795597"><ele>1968.5</ele><time>2024-01-07T01:13:51Z</time></trkpt>
      <trkpt lat="25.7331346" lon="100.1795424"><ele>1968.4</ele><time>2024-01-07T01:13:52Z</time></trkpt>
      <trkpt lat="25.7331443" lon="100.1795251"><ele>1968.3</ele><time>2024-01-07T01:13:53Z</time></trkpt>
      <trkpt lat="25.7331538" lon="100.1795076"><ele>1968.3</ele><time>2024-01-07T01:13:54Z</time></trkpt>
      <trkpt lat="25.7331624" lon="100.1794899"><ele>1968.2</ele><time>2024-01-07T01:13:55Z</time></trkpt>
      <trkpt lat="25.7331712" lon="100.1794726"><ele>1968.1</ele><time>2024-01-07T01:13:56Z</time></trkpt>
      <trkpt lat="25.7331811" lon="100.1794559"><ele>1968.0</ele><time>2024-01-07T01:13:57Z</time></trkpt>
      <trkpt lat="25.7331919" lon="100.1794395"><ele>1967.9</ele><time>2024-01-07T01:13:58Z</time></trkpt>
      <trkpt lat="25.7332023" lon="100.1794236"><ele>1967.9</ele><time>2024-01-07T01:13:59Z</time></trkpt>
      <trkpt lat="25.7332115" lon="100.1794075"><ele>1967.8</ele><time>2024-01-07T01:14:00Z</time></trkpt>
      <trkpt lat="25.7332189" lon="100.1793906"><ele>1967.7</ele><time>2024-01-07T01:14:01Z</time></trkpt>
      <trkpt lat="25.7332257" lon="100.1793734"><ele>1967.6</ele><time>2024-01-07T01:14:02Z</time></trkpt>
      <trkpt lat="25.7332334" lon="100.1793566"><ele>1967.5</ele><time>2024-01-07T01:14:03Z</time></trkpt>
      <trkpt lat="25.7332421" lon="100.1793405"><ele>1967.4</ele><time>2024-01-07T01:14:04Z</time></trkpt>
      <trkpt lat="25.7332509" lon="100.1793248"><ele>1967.3</ele><time>2024-01-07T01:14:05Z</time></trkpt>
      <trkpt lat="25.7332598" lon="100.1793090"><ele>1967.1</ele><time>2024-01-07T01:14:06Z</time></trkpt>
      <trkpt lat="25.7332688" lon="100.1792934"><ele>1967.0</ele><time>2024-01-07T01:14:07Z</time></trkpt>
      <trkpt lat="25.7332780" lon="100.1792778"><ele>1966.9</ele><time>2024-01-07T01:14:08Z</time></trkpt>
      <trkpt lat="25.7332874" lon="100.1792625"><ele>1966.8</ele><time>2024-01-07T01:14:09Z</time></trkpt>
      <trkpt lat="25.7332968" lon="100.1792475"><ele>1966.8</ele><time>2024-01-07T01:14:10Z</time></trkpt>
      <trkpt lat="25.7333048" lon="100.1792319"><ele>1966.7</ele><time>2024-01-07T01:14:11Z</time></trkpt>
      <trkpt lat="25.7333112" lon="100.1792157"><ele>1966.7</ele><time>2024-01-07T01:14:12Z</time></trkpt>
      <trkpt lat="25.7333176" lon="100.1791993"><ele>1966.6</ele><time>2024-01-07T01:14:13Z</time></trkpt>
      <trkpt lat="25.7333236" lon="100.1791826"><ele>1966.6</ele><time>2024-01-07T01:14:14Z</time></trkpt>
      <trkpt lat="25.7333288" lon="100.1791656"><ele>1966.6</ele><time>2024-01-07T01:14:15Z</time></trkpt>
      <trkpt lat="25.7333332" lon="100.1791484"><ele>1966.6</ele><time>2024-01-07T01:14:16Z</time></trkpt>
      <trkpt lat="25.7333367" lon="100.1791313"><ele>1966.6</ele><time>2024-01-07T01:14:17Z</time></trkpt>
      <trkpt lat="25.7333389" lon="100.1791140"><ele>1966.7</ele><time>2024-01-07T01:14:18Z</time></trkpt>
      <trkpt lat="25.7333399" lon="100.1790963"><ele>1966.7</ele><time>2024-01-07T01:14:19Z</time></trkpt>
      <trkpt lat="25.7333403" lon="100.1790782"><ele>1966.7</ele><time>2024-01-07T01:14:20Z</time></trkpt>
      <trkpt lat="25.7333406" lon="100.1790597"><ele>1966.8</ele><time>2024-01-07T01:14:21Z</time></trkpt>
      <trkpt lat="25.7333407" lon="100.1790410"><ele>1966.8</ele><time>2024-01-07T01:14:22Z</time></trkpt>
      <trkpt lat="25.7333403" lon="100.1790220"><ele>1966.9</ele><time>2024-01-07T01:14:23Z</time></trkpt>
      <trkpt lat="25.7333390" lon="100.1790028"><ele>1966.9</ele><time>2024-01-07T01:14:24Z</time></trkpt>
      <trkpt lat="25.7333369" lon="100.1789833"><ele>1966.9</ele><time>2024-01-07T01:14:25Z</time></trkpt>
      <trkpt lat="25.7333352" lon="100.1789635"><ele>1966.9</ele><time>2024-01-07T01:14:26Z</time></trkpt>
      <trkpt lat="25.7333346" lon="100.1789434"><ele>1967.0</ele><time>2024-01-07T01:14:27Z</time></trkpt>
      <trkpt lat="25.7333346" lon="100.1789233"><ele>1967.0</ele><time>2024-01-07T01:14:28Z</time></trkpt>
      <trkpt lat="25.7333340" lon="100.1789033"><ele>1967.0</ele><time>2024-01-07T01:14:29Z</time></trkpt>
      <trkpt lat="25.7333326" lon="100.1788836"><ele>1967.0</ele><time>2024-01-07T01:14:30Z</time></trkpt>
      <trkpt lat="25.7333310" lon="100.1788641"><ele>1967.0</ele><time>2024-01-07T01:14:31Z</time></trkpt>
      <trkpt lat="25.7333304" lon="100.1788450"><ele>1967.0</ele><time>2024-01-07T01:14:32Z</time></trkpt>
      <trkpt lat="25.7333301" lon="100.1788264"><ele>1967.0</ele><time>2024-01-07T01:14:33Z</time></trkpt>
      <trkpt lat="25.7333281" lon="100.1788080"><ele>1967.1</ele><time>2024-01-07T01:14:34Z</time></trkpt>
      <trkpt lat="25.7333253" lon="100.1787895"><ele>1967.1</ele><time>2024-01-07T01:14:35Z</time></trkpt>
      <trkpt lat="25.7333226" lon="100.1787708"><ele>1967.2</ele><time>2024-01-07T01:14:36Z</time></trkpt>
      <trkpt lat="25.7333202" lon="100.1787519"><ele>1967.2</ele><time>2024-01-07T01:14:37Z</time></trkpt>
      <trkpt lat="25.7333185" lon="100.1787332"><ele>1967.3</ele><time>2024-01-07T01:14:38Z</time></trkpt>
      <trkpt lat="25.7333178" lon="100.1787144"><ele>1967.4</ele><time>2024-01-07T01:14:39Z</time></trkpt>
      <trkpt lat="25.7333182" lon="100.1786957"><ele>1967.5</ele><time>2024-01-07T01:14:40Z</time></trkpt>
      <trkpt lat="25.7333202" lon="100.1786771"><ele>1967.5</ele><time>2024-01-07T01:14:41Z</time></trkpt>
      <trkpt lat="25.7333222" lon="100.1786585"><ele>1967.6</ele><time>2024-01-07T01:14:42Z</time></trkpt>
      <trkpt lat="25.7333242" lon="100.1786399"><ele>1967.7</ele><time>2024-01-07T01:14:43Z</time></trkpt>
      <trkpt lat="25.7333271" lon="100.1786209"><ele>1967.8</ele><time>2024-01-07T01:14:44Z</time></trkpt>
      <trkpt lat="25.7333305" lon="100.1786018"><ele>1967.9</ele><time>2024-01-07T01:14:45Z</time></trkpt>
      <trkpt lat="25.7333337" lon="100.1785827"><ele>1967.9</ele><time>2024-01-07T01:14:46Z</time></trkpt>
      <trkpt lat="25.7333360" lon="100.1785633"><ele>1968.0</ele><time>2024-01-07T01:14:47Z</time></trkpt>
      <trkpt lat="25.7333384" lon="100.1785437"><ele>1968.1</ele><time>2024-01-07T01:14:48Z</time></trkpt>
      <trkpt lat="25.7333414" lon="100.1785239"><ele>1968.2</ele><time>2024-01-07T01:14:49Z</time></trkpt>
      <trkpt lat="25.7333450" lon="100.1785041"><ele>1968.2</ele><time>2024-01-07T01:14:50Z</time></trkpt>
      <trkpt lat="25.7333486" lon="100.1784845"><ele>1968.3</ele><time>2024-01-07T01:14:51Z</time></trkpt>
      <trkpt lat="25.7333514" lon="100.1784649"><ele>1968.3</ele><time>2024-01-07T01:14:52Z</time></trkpt>
      <trkpt lat="25.7333536" lon="100.1784451"><ele>1968.4</ele><time>2024-01-07T01:14:53Z</time></trkpt>
      <trkpt lat="25.7333555" lon="100.1784254"><ele>1968.4</ele><time>2024-01-07T01:14:54Z</time></trkpt>
      <trkpt lat="25.7333572" lon="100.1784058"><ele>1968.4</ele><time>2024-01-07T01:14:55Z</time></trkpt>
      <trkpt lat="25.7333591" lon="100.1783863"><ele>1968.3</ele><time>2024-01-07T01:14:56Z</time></trkpt>
      <trkpt lat="25.7333608" lon="100.1783669"><ele>1968.3</ele><time>2024-01-07T01:14:57Z</time></trkpt>
      <trkpt lat="25.7333628" lon="100.1783478"><ele>1968.2</ele><time>2024-01-07T01:14:58Z</time></trkpt>
      <trkpt lat="25.7333654" lon="100.1783292"><ele>1968.2</ele><time>2024-01-07T01:14:59Z</time></trkpt>
      <trkpt lat="25.7333677" lon="100.1783110"><ele>1968.1</ele><time>2024-01-07T01:15:00Z</time></trkpt>
      <trkpt lat="25.7333698" lon="100.1782930"><ele>1968.1</ele><time>2024-01-07T01:15:01Z</time></trkpt>
      <trkpt lat="25.7333713" lon="100.1782748"><ele>1968.0</ele><time>2024-01-07T01:15:02Z</time></trkpt>
      <trkpt lat="25.7333720" lon="100.1782563"><ele>1967.9</ele><time>2024-01-07T01:15:03Z</time></trkpt>
      <trkpt lat="25.7333720" lon="100.1782375"><ele>1967.8</ele><time>2024-01-07T01:15:04Z</time></trkpt>
      <trkpt lat="25.7333718" lon="100.1782182"><ele>1967.7</ele><time>2024-01-07T01:15:05Z</time></trkpt>
      <trkpt lat="25.7333721" lon="100.1781984"><ele>1967.6</ele><time>2024-01-07T01:15:06Z</time></trkpt>
      <trkpt lat="25.7333727" lon="100.1781784"><ele>1967.5</ele><time>2024-01-07T01:15:07Z</time></trkpt>
      <trkpt lat="25.7333729" lon="100.1781583"><ele>1967.4</ele><time>2024-01-07T01:15:08Z</time></trkpt>
      <trkpt lat="25.7333728" lon="100.1781383"><ele>1967.3</ele><time>2024-01-07T01:15:09Z</time></trkpt>
      <trkpt lat="25.7333727" lon="100.1781184"><ele>1967.2</ele><time>2024-01-07T01:15:10Z</time></trkpt>
      <trkpt lat="25.7333730" lon="100.1780984"><ele>1967.1</ele><time>2024-01-07T01:15:11Z</time></trkpt>
      <trkpt lat="25.7333734" lon="100.1780782"><ele>1967.1</ele><time>2024-01-07T01:15:12Z</time></trkpt>
      <trkpt lat="25.7333733" lon="100.1780578"><ele>1967.0</ele><time>2024-01-07T01:15:13Z</time></trkpt>
      <trkpt lat="25.7333723" lon="100.1780374"><ele>1967.0</ele><time>2024-01-07T01:15:14Z</time></trkpt>
      <trkpt lat="25.7333707" lon="100.1780170"><ele>1966.9</ele><time>2024-01-07T01:15:15Z</time></trkpt>
      <trkpt lat="25.7333690" lon="100.1779968"><ele>1966.9</ele><time>2024-01-07T01:15:16Z</time></trkpt>
      <trkpt lat="25.7333676" lon="100.1779766"><ele>1966.9</ele><time>2024-01-07T01:15:17Z</time></trkpt>
      <trkpt lat="25.7333661" lon="100.1779564"><ele>1966.8</ele><time>2024-01-07T01:15:18Z</time></trkpt>
      <trkpt lat="25.7333645" lon="100.1779362"><ele>1966.8</ele><time>2024-01-07T01:15:19Z</time></trkpt>
      <trkpt lat="25.7333629" lon="100.1779160"><ele>1966.9</ele><time>2024-01-07T01:15:20Z</time></trkpt>
      <trkpt lat="25.7333609" lon="100.1778959"><ele>1966.9</ele><time>2024-01-07T01:15:21Z</time></trkpt>
      <trkpt lat="25.7333588" lon="100.1778760"><ele>1967.0</ele><time>2024-01-07T01:15:22Z</time></trkpt>
      <trkpt lat="25.7333570" lon="100.1778561"><ele>1967.1</ele><time>2024-01-07T01:15:23Z</time></trkpt>
      <trkpt lat="25.7333550" lon="100.1778367"><ele>1967.2</ele><time>2024-01-07T01:15:24Z</time></trkpt>
      <trkpt lat="25.7333526" lon="100.1778177"><ele>1967.2</ele><time>2024-01-07T01:15:25Z</time></trkpt>
      <trkpt lat="25.7333494" lon="100.1777992"><ele>1967.3</ele><time>2024-01-07T01:15:26Z</time></trkpt>
      <trkpt lat="25.7333459" lon="100.1777805"><ele>1967.4</ele><time>2024-01-07T01:15:27Z</time></trkpt>
      <trkpt lat="25.7333424" lon="100.1777611"><ele>1967.5</ele><time>2024-01-07T01:15:28Z</time></trkpt>
      <trkpt lat="25.7333391" lon="100.1777416"><ele>1967.5</ele><time>2024-01-07T01:15:29Z</time></trkpt>
      <trkpt lat="25.7333352" lon="100.1777226"><ele>1967.6</ele><time>2024-01-07T01:15:30Z</time></trkpt>
      <trkpt lat="25.7333306" lon="100.1777040"><ele>1967.6</ele><time>2024-01-07T01:15:31Z</time></trkpt>
      <trkpt lat="25.7333255" lon="100.1776857"><ele>1967.6</ele><time>2024-01-07T01:15:32Z</time></trkpt>
      <trkpt lat="25.7333199" lon="100.1776674"><ele>1967.7</ele><time>2024-01-07T01:15:33Z</time></trkpt>
      <trkpt lat="25.7333138" lon="100.1776491"><ele>1967.7</ele><time>2024-01-07T01:15:34Z</time></trkpt>
      <trkpt lat="25.7333071" lon="100.1776307"><ele>1967.7</ele><time>2024-01-07T01:15:35Z</time></trkpt>
      <trkpt lat="25.7333000" lon="100.1776124"><ele>1967.8</ele><time>2024-01-07T01:15:36Z</time></trkpt>
      <trkpt lat="25.7332930" lon="100.1775939"><ele>1967.9</ele><time>2024-01-07T01:15:37Z</time></trkpt>
      <trkpt lat="25.7332854" lon="100.1775755"><ele>1967.9</ele><time>2024-01-07T01:15:38Z</time></trkpt>
      <trkpt lat="25.7332774" lon="100.1775572"><ele>1968.0</ele><time>2024-01-07T01:15:39Z</time></trkpt>
      <trkpt lat="25.7332691" lon="100.1775394"><ele>1968.2</ele><time>2024-01-07T01:15:40Z</time></trkpt>
      <trkpt lat="25.7332594" lon="100.1775226"><ele>1968.3</ele><time>2024-01-07T01:15:41Z</time></trkpt>
      <trkpt lat="25.7332491" lon="100.1775063"><ele>1968.4</ele><time>2024-01-07T01:15:42Z</time></trkpt>
      <trkpt lat="25.7332394" lon="100.1774895"><ele>1968.5</ele><time>2024-01-07T01:15:43Z</time></trkpt>
      <trkpt lat="25.7332311" lon="100.1774720"><ele>1968.6</ele><time>2024-01-07T01:15:44Z</time></trkpt>
      <trkpt lat="25.7332234" lon="100.1774544"><ele>1968.8</ele><time>2024-01-07T01:15:45Z</time></trkpt>
      <trkpt lat="25.7332154" lon="100.1774374"><ele>1968.9</ele><time>2024-01-07T01:15:46Z</time></trkpt>
      <trkpt lat="25.7332064" lon="100.1774218"><ele>1968.9</ele><time>2024-01-07T01:15:47Z</time></trkpt>
      <trkpt lat="25.7331964" lon="100.1774070"><ele>1969.0</ele><time>2024-01-07T01:15:48Z</time></trkpt>
      <trkpt lat="25.7331866" lon="100.1773920"><ele>1969.1</ele><time>2024-01-07T01:15:49Z</time></trkpt>
      <trkpt lat="25.7331765" lon="100.1773774"><ele>1969.1</ele><time>2024-01-07T01:15:50Z</time></trkpt>
      <trkpt lat="25.7331654" lon="100.1773634"><ele>1969.2</ele><time>2024-01-07T01:15:51Z</time></trkpt>
      <trkpt lat="25.7331536" lon="100.1773501"><ele>1969.2</ele><time>2024-01-07T01:15:52Z</time></trkpt>
      <trkpt lat="25.7331413" lon="100.1773370"><ele>1969.2</ele><time>2024-01-07T01:15:53Z</time></trkpt>
      <trkpt lat="25.7331289" lon="100.1773240"><ele>1969.2</ele><time>2024-01-07T01:15:54Z</time></trkpt>
      <trkpt lat="25.7331166" lon="100.1773109"><ele>1969.1</ele><time>2024-01-07T01:15:55Z</time></trkpt>
      <trkpt lat="25.7331042" lon="100.1772978"><ele>1969.1</ele><time>2024-01-07T01:15:56Z</time></trkpt>
      <trkpt lat="25.7330915" lon="100.1772853"><ele>1969.1</ele><time>2024-01-07T01:15:57Z</time></trkpt>
      <trkpt lat="25.7330787" lon="100.1772731"><ele>1969.0</ele><time>2024-01-07T01:15:58Z</time></trkpt>
      <trkpt lat="25.7330662" lon="100.1772607"><ele>1968.9</ele><time>2024-01-07T01:15:59Z</time></trkpt>
      <trkpt lat="25.7330541" lon="100.1772484"><ele>1968.8</ele><time>2024-01-07T01:16:00Z</time></trkpt>
      <trkpt lat="25.7330417" lon="100.1772361"><ele>1968.7</ele><time>2024-01-07T01:16:01Z</time></trkpt>
      <trkpt lat="25.7330300" lon="100.1772232"><ele>1968.6</ele><time>2024-01-07T01:16:02Z</time></trkpt>
      <trkpt lat="25.7330186" lon="100.1772095"><ele>1968.4</ele><time>2024-01-07T01:16:03Z</time></trkpt>
      <trkpt lat="25.7330073" lon="100.1771954"><ele>1968.3</ele><time>2024-01-07T01:16:04Z</time></trkpt>
      <trkpt lat="25.7329959" lon="100.1771812"><ele>1968.2</ele><time>2024-01-07T01:16:05Z</time></trkpt>
      <trkpt lat="25.7329844" lon="100.1771665"><ele>1968.0</ele><time>2024-01-07T01:16:06Z</time></trkpt>
      <trkpt lat="25.7329736" lon="100.1771511"><ele>1967.9</ele><time>2024-01-07T01:16:07Z</time></trkpt>
      <trkpt lat="25.7329634" lon="100.1771351"><ele>1967.7</ele><time>2024-01-07T01:16:08Z</time></trkpt>
      <trkpt lat="25.7329537" lon="100.1771188"><ele>1967.6</ele><time>2024-01-07T01:16:09Z</time></trkpt>
      <trkpt lat="25.7329445" lon="100.1771026"><ele>1967.5</ele><time>2024-01-07T01:16:10Z</time></trkpt>
      <trkpt lat="25.7329349" lon="100.1770867"><ele>1967.3</ele><time>2024-01-07T01:16:11Z</time></trkpt>
      <trkpt lat="25.7329251" lon="100.1770712"><ele>1967.2</ele><time>2024-01-07T01:16:12Z</time></trkpt>
      <trkpt lat="25.7329156" lon="100.1770553"><ele>1967.0</ele><time>2024-01-07T01:16:13Z</time></trkpt>
      <trkpt lat="25.7329064" lon="100.1770388"><ele>1966.9</ele><time>2024-01-07T01:16:14Z</time></trkpt>
      <trkpt lat="25.7328974" lon="100.1770222"><ele>1966.8</ele><time>2024-01-07T01:16:15Z</time></trkpt>
      <trkpt lat="25.7328884" lon="100.1770056"><ele>1966.7</ele><time>2024-01-07T01:16:16Z</time></trkpt>
      <trkpt lat="25.7328798" lon="100.1769886"><ele>1966.6</ele><time>2024-01-07T01:16:17Z</time></trkpt>
      <trkpt lat="25.7328718" lon="100.1769711"><ele>1966.5</ele><time>2024-01-07T01:16:18Z</time></trkpt>
      <trkpt lat="25.7328640" lon="100.1769528"><ele>1966.4</ele><time>2024-01-07T01:16:19Z</time></trkpt>
      <trkpt lat="25.7328568" lon="100.1769344"><ele>1966.3</ele><time>2024-01-07T01:16:20Z</time></trkpt>
      <trkpt lat="25.7328496" lon="100.1769168"><ele>1966.2</ele><time>2024-01-07T01:16:21Z</time></trkpt>
      <trkpt lat="25.7328423" lon="100.1768998"><ele>1966.1</ele><time>2024-01-07T01:16:21Z</time></trkpt>
      <trkpt lat="25.7328353" lon="100.1768829"><ele>1966.0</ele><time>2024-01-07T01:16:23Z</time></trkpt>
      <trkpt lat="25.7328277" lon="100.1768660"><ele>1965.9</ele><time>2024-01-07T01:16:23Z</time></trkpt>
      <trkpt lat="25.7328202" lon="100.1768488"><ele>1965.8</ele><time>2024-01-07T01:16:24Z</time></trkpt>
      <trkpt lat="25.7328133" lon="100.1768314"><ele>1965.7</ele><time>2024-01-07T01:16:25Z</time></trkpt>
      <trkpt lat="25.7328070" lon="100.1768137"><ele>1965.6</ele><time>2024-01-07T01:16:26Z</time></trkpt>
      <trkpt lat="25.7328013" lon="100.1767960"><ele>1965.5</ele><time>2024-01-07T01:16:27Z</time></trkpt>
      <trkpt lat="25.7327957" lon="100.1767780"><ele>1965.4</ele><time>2024-01-07T01:16:28Z</time></trkpt>
      <trkpt lat="25.7327899" lon="100.1767599"><ele>1965.3</ele><time>2024-01-07T01:16:29Z</time></trkpt>
      <trkpt lat="25.7327833" lon="100.1767420"><ele>1965.2</ele><time>2024-01-07T01:16:30Z</time></trkpt>
      <trkpt lat="25.7327769" lon="100.1767239"><ele>1965.1</ele><time>2024-01-07T01:16:31Z</time></trkpt>
      <trkpt lat="25.7327712" lon="100.1767057"><ele>1965.0</ele><time>2024-01-07T01:16:32Z</time></trkpt>
      <trkpt lat="25.7327650" lon="100.1766881"><ele>1965.0</ele><time>2024-01-07T01:16:33Z</time></trkpt>
      <trkpt lat="25.7327584" lon="100.1766708"><ele>1964.9</ele><time>2024-01-07T01:16:34Z</time></trkpt>
      <trkpt lat="25.7327522" lon="100.1766531"><ele>1964.8</ele><time>2024-01-07T01:16:35Z</time></trkpt>
      <trkpt lat="25.7327459" lon="100.1766351"><ele>1964.7</ele><time>2024-01-07T01:16:36Z</time></trkpt>
      <trkpt lat="25.7327393" lon="100.1766172"><ele>1964.6</ele><time>2024-01-07T01:16:37Z</time></trkpt>
      <trkpt lat="25.7327328" lon="100.1765995"><ele>1964.6</ele><time>2024-01-07T01:16:38Z</time></trkpt>
      <trkpt lat="25.7327267" lon="100.1765814"><ele>1964.5</ele><time>2024-01-07T01:16:39Z</time></trkpt>
      <trkpt lat="25.7327211" lon="100.1765631"><ele>1964.5</ele><time>2024-01-07T01:16:40Z</time></trkpt>
      <trkpt lat="25.7327163" lon="100.1765446"><ele>1964.5</ele><time>2024-01-07T01:16:41Z</time></trkpt>
      <trkpt lat="25.7327127" lon="100.1765262"><ele>1964.4</ele><time>2024-01-07T01:16:42Z</time></trkpt>
      <trkpt lat="25.7327095" lon="100.1765078"><ele>1964.4</ele><time>2024-01-07T01:16:43Z</time></trkpt>
      <trkpt lat="25.7327061" lon="100.1764891"><ele>1964.4</ele><time>2024-01-07T01:16:44Z</time></trkpt>
      <trkpt lat="25.7327026" lon="100.1764700"><ele>1964.4</ele><time>2024-01-07T01:16:45Z</time></trkpt>
      <trkpt lat="25.7326990" lon="100.1764508"><ele>1964.4</ele><time>2024-01-07T01:16:46Z</time></trkpt>
      <trkpt lat="25.7326954" lon="100.1764316"><ele>1964.5</ele><time>2024-01-07T01:16:47Z</time></trkpt>
      <trkpt lat="25.7326923" lon="100.1764123"><ele>1964.5</ele><time>2024-01-07T01:16:48Z</time></trkpt>
      <trkpt lat="25.7326893" lon="100.1763929"><ele>1964.6</ele><time>2024-01-07T01:16:49Z</time></trkpt>
      <trkpt lat="25.7326859" lon="100.1763738"><ele>1964.7</ele><time>2024-01-07T01:16:50Z</time></trkpt>
      <trkpt lat="25.7326829" lon="100.1763549"><ele>1964.7</ele><time>2024-01-07T01:16:51Z</time></trkpt>
      <trkpt lat="25.7326806" lon="100.1763358"><ele>1964.8</ele><time>2024-01-07T01:16:52Z</time></trkpt>
      <trkpt lat="25.7326786" lon="100.1763170"><ele>1964.8</ele><time>2024-01-07T01:16:53Z</time></trkpt>
      <trkpt lat="25.7326767" lon="100.1762982"><ele>1964.9</ele><time>2024-01-07T01:16:54Z</time></trkpt>
      <trkpt lat="25.7326751" lon="100.1762796"><ele>1965.0</ele><time>2024-01-07T01:16:55Z</time></trkpt>
      <trkpt lat="25.7326742" lon="100.1762612"><ele>1965.0</ele><time>2024-01-07T01:16:56Z</time></trkpt>
      <trkpt lat="25.7326738" lon="100.1762426"><ele>1965.0</ele><time>2024-01-07T01:16:57Z</time></trkpt>
      <trkpt lat="25.7326735" lon="100.1762240"><ele>1965.1</ele><time>2024-01-07T01:16:58Z</time></trkpt>
      <trkpt lat="25.7326738" lon="100.1762056"><ele>1965.1</ele><time>2024-01-07T01:16:59Z</time></trkpt>
      <trkpt lat="25.7326749" lon="100.1761874"><ele>1965.1</ele><time>2024-01-07T01:17:00Z</time></trkpt>
      <trkpt lat="25.7326753" lon="100.1761694"><ele>1965.0</ele><time>2024-01-07T01:17:01Z</time></trkpt>
      <trkpt lat="25.7326747" lon="100.1761512"><ele>1965.0</ele><time>2024-01-07T01:17:02Z</time></trkpt>
      <trkpt lat="25.7326743" lon="100.1761329"><ele>1965.0</ele><time>2024-01-07T01:17:03Z</time></trkpt>
      <trkpt lat="25.7326748" lon="100.1761142"><ele>1964.9</ele><time>2024-01-07T01:17:04Z</time></trkpt>
      <trkpt lat="25.7326760" lon="100.1760952"><ele>1964.8</ele><time>2024-01-07T01:17:05Z</time></trkpt>
      <trkpt lat="25.7326771" lon="100.1760761"><ele>1964.8</ele><time>2024-01-07T01:17:06Z</time></trkpt>
      <trkpt lat="25.7326781" lon="100.1760567"><ele>1964.7</ele><time>2024-01-07T01:17:07Z</time></trkpt>
      <trkpt lat="25.7326794" lon="100.1760371"><ele>1964.7</ele><time>2024-01-07T01:17:08Z</time></trkpt>
      <trkpt lat="25.7326812" lon="100.1760174"><ele>1964.6</ele><time>2024-01-07T01:17:09Z</time></trkpt>
      <trkpt lat="25.7326830" lon="100.1759976"><ele>1964.6</ele><time>2024-01-07T01:17:10Z</time></trkpt>
      <trkpt lat="25.7326845" lon="100.1759780"><ele>1964.6</ele><time>2024-01-07T01:17:11Z</time></trkpt>
      <trkpt lat="25.7326865" lon="100.1759586"><ele>1964.6</ele><time>2024-01-07T01:17:12Z</time></trkpt>
      <trkpt lat="25.7326897" lon="100.1759394"><ele>1964.6</ele><time>2024-01-07T01:17:13Z</time></trkpt>
      <trkpt lat="25.7326932" lon="100.1759202"><ele>1964.6</ele><time>2024-01-07T01:17:14Z</time></trkpt>
      <trkpt lat="25.7326964" lon="100.1759010"><ele>1964.6</ele><time>2024-01-07T01:17:15Z</time></trkpt>
      <trkpt lat="25.7326989" lon="100.1758814"><ele>1964.7</ele><time>2024-01-07T01:17:16Z</time></trkpt>
      <trkpt lat="25.7327008" lon="100.1758616"><ele>1964.8</ele><time>2024-01-07T01:17:17Z</time></trkpt>
      <trkpt lat="25.7327028" lon="100.1758417"><ele>1964.8</ele><time>2024-01-07T01:17:18Z</time></trkpt>
      <trkpt lat="25.7327054" lon="100.1758221"><ele>1964.9</ele><time>2024-01-07T01:17:19Z</time></trkpt>
      <trkpt lat="25.7327084" lon="100.1758028"><ele>1964.9</ele><time>2024-01-07T01:17:20Z</time></trkpt>
      <trkpt lat="25.7327114" lon="100.1757836"><ele>1965.0</ele><time>2024-01-07T01:17:21Z</time></trkpt>
      <trkpt lat="25.7327148" lon="100.1757646"><ele>1965.0</ele><time>2024-01-07T01:17:22Z</time></trkpt>
      <trkpt lat="25.7327188" lon="100.1757456"><ele>1965.0</ele><time>2024-01-07T01:17:23Z</time></trkpt>
      <trkpt lat="25.7327235" lon="100.1757268"><ele>1964.9</ele><time>2024-01-07T01:17:24Z</time></trkpt>
      <trkpt lat="25.7327287" lon="100.1757082"><ele>1964.9</ele><time>2024-01-07T01:17:25Z</time></trkpt>
      <trkpt lat="25.7327338" lon="100.1756898"><ele>1964.9</ele><time>2024-01-07T01:17:26Z</time></trkpt>
      <trkpt lat="25.7327386" lon="100.1756717"><ele>1964.8</ele><time>2024-01-07T01:17:27Z</time></trkpt>
      <trkpt lat="25.7327435" lon="100.1756538"><ele>1964.8</ele><time>2024-01-07T01:17:28Z</time></trkpt>
      <trkpt lat="25.7327489" lon="100.1756362"><ele>1964.7</ele><time>2024-01-07T01:17:29Z</time></trkpt>
      <trkpt lat="25.7327545" lon="100.1756185"><ele>1964.6</ele><time>2024-01-07T01:17:30Z</time></trkpt>
      <trkpt lat="25.7327605" lon="100.1756006"><ele>1964.6</ele><time>2024-01-07T01:17:31Z</time></trkpt>
      <trkpt lat="25.7327669" lon="100.1755827"><ele>1964.5</ele><time>2024-01-07T01:17:32Z</time></trkpt>
      <trkpt lat="25.7327739" lon="100.1755650"><ele>1964.5</ele><time>2024-01-07T01:17:33Z</time></trkpt>
      <trkpt lat="25.7327813" lon="100.1755472"><ele>1964.5</ele><time>2024-01-07T01:17:34Z</time></trkpt>
      <trkpt lat="25.7327891" lon="100.1755295"><ele>1964.5</ele><time>2024-01-07T01:17:35Z</time></trkpt>
      <trkpt lat="25.7327974" lon="100.1755117"><ele>1964.5</ele><time>2024-01-07T01:17:36Z</time></trkpt>
      <trkpt lat="25.7328058" lon="100.1754939"><ele>1964.5</ele><time>2024-01-07T01:17:37Z</time></trkpt>
      <trkpt lat="25.7328144" lon="100.1754766"><ele>1964.5</ele><time>2024-01-07T01:17:38Z</time></trkpt>
      <trkpt lat="25.7328236" lon="100.1754595"><ele>1964.5</ele><time>2024-01-07T01:17:39Z</time></trkpt>
      <trkpt lat="25.7328329" lon="100.1754423"><ele>1964.5</ele><time>2024-01-07T01:17:40Z</time></trkpt>
      <trkpt lat="25.7328413" lon="100.1754244"><ele>1964.6</ele><time>2024-01-07T01:17:41Z</time></trkpt>
      <trkpt lat="25.7328494" lon="100.1754062"><ele>1964.6</ele><time>2024-01-07T01:17:42Z</time></trkpt>
      <trkpt lat="25.7328581" lon="100.1753887"><ele>1964.6</ele><time>2024-01-07T01:17:43Z</time></trkpt>
      <trkpt lat="25.7328672" lon="100.1753716"><ele>1964.7</ele><time>2024-01-07T01:17:44Z</time></trkpt>
      <trkpt lat="25.7328757" lon="100.1753546"><ele>1964.7</ele><time>2024-01-07T01:17:45Z</time></trkpt>
      <trkpt lat="25.7328840" lon="100.1753376"><ele>1964.8</ele><time>2024-01-07T01:17:46Z</time></trkpt>
      <trkpt lat="25.7328930" lon="100.1753208"><ele>1964.9</ele><time>2024-01-07T01:17:47Z</time></trkpt>
      <trkpt lat="25.7329022" lon="100.1753043"><ele>1964.9</ele><time>2024-01-07T01:17:48Z</time></trkpt>
      <trkpt lat="25.7329110" lon="100.1752876"><ele>1964.9</ele><time>2024-01-07T01:17:49Z</time></trkpt>
      <trkpt lat="25.7329191" lon="100.1752704"><ele>1965.0</ele><time>2024-01-07T01:17:50Z</time></trkpt>
      <trkpt lat="25.7329267" lon="100.1752534"><ele>1965.0</ele><time>2024-01-07T01:17:51Z</time></trkpt>
      <trkpt lat="25.7329343" lon="100.1752365"><ele>1965.1</ele><time>2024-01-07T01:17:52Z</time></trkpt>
      <trkpt lat="25.7329420" lon="100.1752197"><ele>1965.1</ele><time>2024-01-07T01:17:53Z</time></trkpt>
      <trkpt lat="25.7329500" lon="100.1752024"><ele>1965.2</ele><time>2024-01-07T01:17:54Z</time></trkpt>
      <trkpt lat="25.7329582" lon="100.1751850"><ele>1965.2</ele><time>2024-01-07T01:17:55Z</time></trkpt>
      <trkpt lat="25.7329669" lon="100.1751680"><ele>1965.2</ele><time>2024-01-07T01:17:56Z</time></trkpt>
      <trkpt lat="25.7329764" lon="100.1751511"><ele>1965.3</ele><time>2024-01-07T01:17:57Z</time></trkpt>
      <trkpt lat="25.7329857" lon="100.1751343"><ele>1965.3</ele><time>2024-01-07T01:17:58Z</time></trkpt>
      <trkpt lat="25.7329943" lon="100.1751173"><ele>1965.3</ele><time>2024-01-07T01:17:59Z</time></trkpt>
      <trkpt lat="25.7330029" lon="100.1751002"><ele>1965.3</ele><time>2024-01-07T01:18:00Z</time></trkpt>
      <trkpt lat="25.7330123" lon="100.1750838"><ele>1965.2</ele><time>2024-01-07T01:18:01Z</time></trkpt>
      <trkpt lat="25.7330228" lon="100.1750681"><ele>1965.2</ele><time>2024-01-07T01:18:02Z</time></trkpt>
      <trkpt lat="25.7330339" lon="100.1750527"><ele>1965.2</ele><time>2024-01-07T01:18:03Z</time></trkpt>
      <trkpt lat="25.7330448" lon="100.1750369"><ele>1965.2</ele><time>2024-01-07T01:18:04Z</time></trkpt>
      <trkpt lat="25.7330555" lon="100.1750206"><ele>1965.1</ele><time>2024-01-07T01:18:05Z</time></trkpt>
      <trkpt lat="25.7330665" lon="100.1750043"><ele>1965.1</ele><time>2024-01-07T01:18:06Z</time></trkpt>
      <trkpt lat="25.7330778" lon="100.1749880"><ele>1965.0</ele><time>2024-01-07T01:18:07Z</time></trkpt>
      <trkpt lat="25.7330894" lon="100.1749721"><ele>1965.0</ele><time>2024-01-07T01:18:08Z</time></trkpt>
      <trkpt lat="25.7331013" lon="100.1749567"><ele>1965.0</ele><time>2024-01-07T01:18:09Z</time></trkpt>
      <trkpt lat="25.7331126" lon="100.1749412"><ele>1965.0</ele><time>2024-01-07T01:18:10Z</time></trkpt>
      <trkpt lat="25.7331233" lon="100.1749253"><ele>1964.9</ele><time>2024-01-07T01:18:11Z</time></trkpt>
      <trkpt lat="25.7331340" lon="100.1749100"><ele>1964.9</ele><time>2024-01-07T01:18:12Z</time></trkpt>
      <trkpt lat="25.7331449" lon="100.1748951"><ele>1964.9</ele><time>2024-01-07T01:18:13Z</time></trkpt>
      <trkpt lat="25.7331555" lon="100.1748802"><ele>1964.9</ele><time>2024-01-07T01:18:14Z</time></trkpt>
      <trkpt lat="25.7331660" lon="100.1748650"><ele>1964.9</ele><time>2024-01-07T01:18:15Z</time></trkpt>
      <trkpt lat="25.7331765" lon="100.1748497"><ele>1965.0</ele><time>2024-01-07T01:18:16Z</time></trkpt>
      <trkpt lat="25.7331871" lon="100.1748345"><ele>1965.0</ele><time>2024-01-07T01:18:17Z</time></trkpt>
      <trkpt lat="25.7331981" lon="100.1748195"><ele>1965.0</ele><time>2024-01-07T01:18:18Z</time></trkpt>
      <trkpt lat="25.7332092" lon="100.1748048"><ele>1965.0</ele><time>2024-01-07T01:18:19Z</time></trkpt>
      <trkpt lat="25.7332205" lon="100.1747903"><ele>1965.1</ele><time>2024-01-07T01:18:20Z</time></trkpt>
      <trkpt lat="25.7332313" lon="100.1747759"><ele>1965.1</ele><time>2024-01-07T01:18:21Z</time></trkpt>
      <trkpt lat="25.7332419" lon="100.1747617"><ele>1965.1</ele><time>2024-01-07T01:18:22Z</time></trkpt>
      <trkpt lat="25.7332536" lon="100.1747482"><ele>1965.1</ele><time>2024-01-07T01:18:23Z</time></trkpt>
      <trkpt lat="25.7332659" lon="100.1747351"><ele>1965.1</ele><time>2024-01-07T01:18:24Z</time></trkpt>
      <trkpt lat="25.7332782" lon="100.1747220"><ele>1965.1</ele><time>2024-01-07T01:18:25Z</time></trkpt>
      <trkpt lat="25.7332905" lon="100.1747088"><ele>1965.1</ele><time>2024-01-07T01:18:26Z</time></trkpt>
      <trkpt lat="25.7333023" lon="100.1746955"><ele>1965.1</ele><time>2024-01-07T01:18:27Z</time></trkpt>
      <trkpt lat="25.7333143" lon="100.1746824"><ele>1965.1</ele><time>2024-01-07T01:18:28Z</time></trkpt>
      <trkpt lat="25.7333263" lon="100.1746697"><ele>1965.1</ele><time>2024-01-07T01:18:29Z</time></trkpt>
      <trkpt lat="25.7333381" lon="100.1746569"><ele>1965.2</ele><time>2024-01-07T01:18:30Z</time></trkpt>
      <trkpt lat="25.7333496" lon="100.1746436"><ele>1965.2</ele><time>2024-01-07T01:18:31Z</time></trkpt>
      <trkpt lat="25.7333612" lon="100.1746304"><ele>1965.2</ele><time>2024-01-07T01:18:32Z</time></trkpt>
      <trkpt lat="25.7333734" lon="100.1746172"><ele>1965.3</ele><time>2024-01-07T01:18:33Z</time></trkpt>
      <trkpt lat="25.7333861" lon="100.1746041"><ele>1965.3</ele><time>2024-01-07T01:18:34Z</time></trkpt>
      <trkpt lat="25.7333988" lon="100.1745913"><ele>1965.3</ele><time>2024-01-07T01:18:35Z</time></trkpt>
      <trkpt lat="25.7334117" lon="100.1745787"><ele>1965.4</ele><time>2024-01-07T01:18:36Z</time></trkpt>
      <trkpt lat="25.7334253" lon="100.1745668"><ele>1965.4</ele><time>2024-01-07T01:18:37Z</time></trkpt>
      <trkpt lat="25.7334392" lon="100.1745553"><ele>1965.4</ele><time>2024-01-07T01:18:38Z</time></trkpt>
      <trkpt lat="25.7334529" lon="100.1745432"><ele>1965.4</ele><time>2024-01-07T01:18:39Z</time></trkpt>
      <trkpt lat="25.7334661" lon="100.1745306"><ele>1965.5</ele><time>2024-01-07T01:18:40Z</time></trkpt>
      <trkpt lat="25.7334796" lon="100.1745187"><ele>1965.5</ele><time>2024-01-07T01:18:41Z</time></trkpt>
      <trkpt lat="25.7334937" lon="100.1745076"><ele>1965.5</ele><time>2024-01-07T01:18:42Z</time></trkpt>
      <trkpt lat="25.7335077" lon="100.1744965"><ele>1965.4</ele><time>2024-01-07T01:18:43Z</time></trkpt>
      <trkpt lat="25.7335216" lon="100.1744853"><ele>1965.4</ele><time>2024-01-07T01:18:44Z</time></trkpt>
      <trkpt lat="25.7335354" lon="100.1744745"><ele>1965.4</ele><time>2024-01-07T01:18:45Z</time></trkpt>
      <trkpt lat="25.7335491" lon="100.1744636"><ele>1965.4</ele><time>2024-01-07T01:18:46Z</time></trkpt>
      <trkpt lat="25.7335630" lon="100.1744528"><ele>1965.4</ele><time>2024-01-07T01:18:47Z</time></trkpt>
      <trkpt lat="25.7335773" lon="100.1744425"><ele>1965.5</ele><time>2024-01-07T01:18:48Z</time></trkpt>
      <trkpt lat="25.7335921" lon="100.1744331"><ele>1965.5</ele><time>2024-01-07T01:18:49Z</time></trkpt>
      <trkpt lat="25.7336073" lon="100.1744244"><ele>1965.5</ele><time>2024-01-07T01:18:51Z</time></trkpt>
      <trkpt lat="25.7336224" lon="100.1744153"><ele>1965.5</ele><time>2024-01-07T01:18:51Z</time></trkpt>
      <trkpt lat="25.7336373" lon="100.1744058"><ele>1965.6</ele><time>2024-01-07T01:18:52Z</time></trkpt>
      <trkpt lat="25.7336521" lon="100.1743961"><ele>1965.6</ele><time>2024-01-07T01:18:53Z</time></trkpt>
      <trkpt lat="25.7336667" lon="100.1743858"><ele>1965.6</ele><time>2024-01-07T01:18:54Z</time></trkpt>
      <trkpt lat="25.7336810" lon="100.1743750"><ele>1965.6</ele><time>2024-01-07T01:18:55Z</time></trkpt>
      <trkpt lat="25.7336955" lon="100.1743642"><ele>1965.7</ele><time>2024-01-07T01:18:56Z</time></trkpt>
      <trkpt lat="25.7337101" lon="100.1743528"><ele>1965.7</ele><time>2024-01-07T01:18:57Z</time></trkpt>
      <trkpt lat="25.7337245" lon="100.1743405"><ele>1965.7</ele><time>2024-01-07T01:18:58Z</time></trkpt>
      <trkpt lat="25.7337392" lon="100.1743283"><ele>1965.8</ele><time>2024-01-07T01:18:59Z</time></trkpt>
      <trkpt lat="25.7337541" lon="100.1743170"><ele>1965.8</ele><time>2024-01-07T01:19:00Z</time></trkpt>
      <trkpt lat="25.7337688" lon="100.1743060"><ele>1965.8</ele><time>2024-01-07T01:19:01Z</time></trkpt>
      <trkpt lat="25.7337834" lon="100.1742948"><ele>1965.9</ele><time>2024-01-07T01:19:02Z</time></trkpt>
      <trkpt lat="25.7337975" lon="100.1742834"><ele>1965.9</ele><time>2024-01-07T01:19:03Z</time></trkpt>
      <trkpt lat="25.7338116" lon="100.1742723"><ele>1965.9</ele><time>2024-01-07T01:19:04Z</time></trkpt>
      <trkpt lat="25.7338259" lon="100.1742617"><ele>1965.9</ele><time>2024-01-07T01:19:05Z</time></trkpt>
      <trkpt lat="25.7338399" lon="100.1742513"><ele>1965.9</ele><time>2024-01-07T01:19:06Z</time></trkpt>
      <trkpt lat="25.7338540" lon="100.1742415"><ele>1966.0</ele><time>2024-01-07T01:19:07Z</time></trkpt>
      <trkpt lat="25.7338683" lon="100.1742319"><ele>1966.0</ele><time>2024-01-07T01:19:08Z</time></trkpt>
      <trkpt lat="25.7338825" lon="100.1742224"><ele>1965.9</ele><time>2024-01-07T01:19:09Z</time></trkpt>
      <trkpt lat="25.7338968" lon="100.1742129"><ele>1965.9</ele><time>2024-01-07T01:19:10Z</time></trkpt>
      <trkpt lat="25.7339112" lon="100.1742041"><ele>1965.9</ele><time>2024-01-07T01:19:11Z</time></trkpt>
      <trkpt lat="25.7339257" lon="100.1741955"><ele>1965.9</ele><time>2024-01-07T01:19:12Z</time></trkpt>
      <trkpt lat="25.7339401" lon="100.1741862"><ele>1966.0</ele><time>2024-01-07T01:19:13Z</time></trkpt>
      <trkpt lat="25.7339543" lon="100.1741761"><ele>1966.0</ele><time>2024-01-07T01:19:14Z</time></trkpt>
      <trkpt lat="25.7339680" lon="100.1741655"><ele>1966.0</ele><time>2024-01-07T01:19:15Z</time></trkpt>
      <trkpt lat="25.7339808" lon="100.1741540"><ele>1966.0</ele><time>2024-01-07T01:19:16Z</time></trkpt>
      <trkpt lat="25.7339930" lon="100.1741418"><ele>1966.0</ele><time>2024-01-07T01:19:17Z</time></trkpt>
      <trkpt lat="25.7340052" lon="100.1741297"><ele>1966.0</ele><time>2024-01-07T01:19:18Z</time></trkpt>
      <trkpt lat="25.7340173" lon="100.1741179"><ele>1966.0</ele><time>2024-01-07T01:19:19Z</time></trkpt>
      <trkpt lat="25.7340294" lon="100.1741059"><ele>1966.1</ele><time>2024-01-07T01:19:20Z</time></trkpt>
      <trkpt lat="25.7340416" lon="100.1740942"><ele>1966.1</ele><time>2024-01-07T01:19:21Z</time></trkpt>
      <trkpt lat="25.7340538" lon="100.1740835"><ele>1966.1</ele><time>2024-01-07T01:19:22Z</time></trkpt>
      <trkpt lat="25.7340661" lon="100.1740737"><ele>1966.2</ele><time>2024-01-07T01:19:23Z</time></trkpt>
      <trkpt lat="25.7340782" lon="100.1740643"><ele>1966.2</ele><time>2024-01-07T01:19:24Z</time></trkpt>
      <trkpt lat="25.7340902" lon="100.1740549"><ele>1966.2</ele><time>2024-01-07T01:19:25Z</time></trkpt>
      <trkpt lat="25.7341019" lon="100.1740450"><ele>1966.3</ele><time>2024-01-07T01:19:26Z</time></trkpt>
      <trkpt lat="25.7341134" lon="100.1740347"><ele>1966.3</ele><time>2024-01-07T01:19:27Z</time></trkpt>
      <trkpt lat="25.7341245" lon="100.1740244"><ele>1966.4</ele><time>2024-01-07T01:19:28Z</time></trkpt>
      <trkpt lat="25.7341357" lon="100.1740146"><ele>1966.4</ele><time>2024-01-07T01:19:29Z</time></trkpt>
      <trkpt lat="25.7341473" lon="100.1740049"><ele>1966.4</ele><time>2024-01-07T01:19:30Z</time></trkpt>
      <trkpt lat="25.7341590" lon="100.1739952"><ele>1966.4</ele><time>2024-01-07T01:19:31Z</time></trkpt>
      <trkpt lat="25.7341704" lon="100.1739854"><ele>1966.4</ele><time>2024-01-07T01:19:32Z</time></trkpt>
      <trkpt lat="25.7341819" lon="100.1739755"><ele>1966.4</ele><time>2024-01-07T01:19:33Z</time></trkpt>
      <trkpt lat="25.7341931" lon="100.1739659"><ele>1966.4</ele><time>2024-01-07T01:19:34Z</time></trkpt>
      <trkpt lat="25.7342039" lon="100.1739559"><ele>1966.4</ele><time>2024-01-07T01:19:35Z</time></trkpt>
      <trkpt lat="25.7342146" lon="100.1739451"><ele>1966.4</ele><time>2024-01-07T01:19:36Z</time></trkpt>
      <trkpt lat="25.7342255" lon="100.1739337"><ele>1966.3</ele><time>2024-01-07T01:19:37Z</time></trkpt>
      <trkpt lat="25.7342365" lon="100.1739219"><ele>1966.3</ele><time>2024-01-07T01:19:38Z</time></trkpt>
      <trkpt lat="25.7342476" lon="100.1739108"><ele>1966.3</ele><time>2024-01-07T01:19:39Z</time></trkpt>
      <trkpt lat="25.7342582" lon="100.1738994"><ele>1966.3</ele><time>2024-01-07T01:19:40Z</time></trkpt>
      <trkpt lat="25.7342690" lon="100.1738872"><ele>1966.3</ele><time>2024-01-07T01:19:41Z</time></trkpt>
      <trkpt lat="25.7342808" lon="100.1738747"><ele>1966.2</ele><time>2024-01-07T01:19:42Z</time></trkpt>
      <trkpt lat="25.7342931" lon="100.1738624"><ele>1966.2</ele><time>2024-01-07T01:19:43Z</time></trkpt>
      <trkpt lat="25.7343048" lon="100.1738495"><ele>1966.2</ele><time>2024-01-07T01:19:44Z</time></trkpt>
      <trkpt lat="25.7343158" lon="100.1738363"><ele>1966.2</ele><time>2024-01-07T01:19:45Z</time></trkpt>
      <trkpt lat="25.7343259" lon="100.1738231"><ele>1966.2</ele><time>2024-01-07T01:19:46Z</time></trkpt>
      <trkpt lat="25.7343356" lon="100.1738102"><ele>1966.2</ele><time>2024-01-07T01:19:47Z</time></trkpt>
      <trkpt lat="25.7343459" lon="100.1737977"><ele>1966.2</ele><time>2024-01-07T01:19:48Z</time></trkpt>
      <trkpt lat="25.7343573" lon="100.1737852"><ele>1966.2</ele><time>2024-01-07T01:19:49Z</time></trkpt>
      <trkpt lat="25.7343701" lon="100.1737730"><ele>1966.3</ele><time>2024-01-07T01:19:50Z</time></trkpt>
      <trkpt lat="25.7343832" lon="100.1737612"><ele>1966.3</ele><time>2024-01-07T01:19:51Z</time></trkpt>
      <trkpt lat="25.7343964" lon="100.1737489"><ele>1966.3</ele><time>2024-01-07T01:19:52Z</time></trkpt>
      <trkpt lat="25.7344098" lon="100.1737367"><ele>1966.3</ele><time>2024-01-07T01:19:53Z</time></trkpt>
      <trkpt lat="25.7344227" lon="100.1737242"><ele>1966.3</ele><time>2024-01-07T01:19:54Z</time></trkpt>
      <trkpt lat="25.7344348" lon="100.1737107"><ele>1966.3</ele><time>2024-01-07T01:19:55Z</time></trkpt>
      <trkpt lat="25.7344466" lon="100.1736966"><ele>1966.3</ele><time>2024-01-07T01:19:56Z</time></trkpt>
      <trkpt lat="25.7344588" lon="100.1736826"><ele>1966.3</ele><time>2024-01-07T01:19:57Z</time></trkpt>
      <trkpt lat="25.7344715" lon="100.1736688"><ele>1966.3</ele><time>2024-01-07T01:19:58Z</time></trkpt>
      <trkpt lat="25.7344845" lon="100.1736555"><ele>1966.3</ele><time>2024-01-07T01:19:59Z</time></trkpt>
      <trkpt lat="25.7344977" lon="100.1736419"><ele>1966.3</ele><time>2024-01-07T01:20:00Z</time></trkpt>
      <trkpt lat="25.7345105" lon="100.1736281"><ele>1966.3</ele><time>2024-01-07T01:20:01Z</time></trkpt>
      <trkpt lat="25.7345228" lon="100.1736140"><ele>1966.3</ele><time>2024-01-07T01:20:02Z</time></trkpt>
      <trkpt lat="25.7345350" lon="100.1735996"><ele>1966.2</ele><time>2024-01-07T01:20:03Z</time></trkpt>
      <trkpt lat="25.7345472" lon="100.1735853"><ele>1966.2</ele><time>2024-01-07T01:20:04Z</time></trkpt>
      <trkpt lat="25.7345592" lon="100.1735706"><ele>1966.1</ele><time>2024-01-07T01:20:05Z</time></trkpt>
      <trkpt lat="25.7345716" lon="100.1735563"><ele>1966.0</ele><time>2024-01-07T01:20:06Z</time></trkpt>
      <trkpt lat="25.7345837" lon="100.1735419"><ele>1965.9</ele><time>2024-01-07T01:20:07Z</time></trkpt>
      <trkpt lat="25.7345948" lon="100.1735268"><ele>1965.8</ele><time>2024-01-07T01:20:08Z</time></trkpt>
      <trkpt lat="25.7346052" lon="100.1735113"><ele>1965.8</ele><time>2024-01-07T01:20:09Z</time></trkpt>
      <trkpt lat="25.7346156" lon="100.1734959"><ele>1965.7</ele><time>2024-01-07T01:20:10Z</time></trkpt>
      <trkpt lat="25.7346259" lon="100.1734806"><ele>1965.6</ele><time>2024-01-07T01:20:11Z</time></trkpt>
      <trkpt lat="25.7346359" lon="100.1734652"><ele>1965.6</ele><time>2024-01-07T01:20:12Z</time></trkpt>
      <trkpt lat="25.7346464" lon="100.1734497"><ele>1965.5</ele><time>2024-01-07T01:20:13Z</time></trkpt>
      <trkpt lat="25.7346570" lon="100.1734343"><ele>1965.4</ele><time>2024-01-07T01:20:14Z</time></trkpt>
      <trkpt lat="25.7346676" lon="100.1734190"><ele>1965.4</ele><time>2024-01-07T01:20:15Z</time></trkpt>
      <trkpt lat="25.7346782" lon="100.1734038"><ele>1965.3</ele><time>2024-01-07T01:20:16Z</time></trkpt>
      <trkpt lat="25.7346881" lon="100.1733888"><ele>1965.3</ele><time>2024-01-07T01:20:17Z</time></trkpt>
      <trkpt lat="25.7346979" lon="100.1733736"><ele>1965.3</ele><time>2024-01-07T01:20:18Z</time></trkpt>
      <trkpt lat="25.7347083" lon="100.1733586"><ele>1965.2</ele><time>2024-01-07T01:20:19Z</time></trkpt>
      <trkpt lat="25.7347194" lon="100.1733439"><ele>1965.2</ele><time>2024-01-07T01:20:20Z</time></trkpt>
      <trkpt lat="25.7347305" lon="100.1733291"><ele>1965.2</ele><time>2024-01-07T01:20:21Z</time></trkpt>
      <trkpt lat="25.7347413" lon="100.1733142"><ele>1965.2</ele><time>2024-01-07T01:20:22Z</time></trkpt>
      <trkpt lat="25.7347518" lon="100.1732994"><ele>1965.1</ele><time>2024-01-07T01:20:23Z</time></trkpt>
      <trkpt lat="25.7347624" lon="100.1732847"><ele>1965.1</ele><time>2024-01-07T01:20:24Z</time></trkpt>
      <trkpt lat="25.7347727" lon="100.1732698"><ele>1965.1</ele><time>2024-01-07T01:20:25Z</time></trkpt>
      <trkpt lat="25.7347818" lon="100.1732541"><ele>1965.1</ele><time>2024-01-07T01:20:26Z</time></trkpt>
      <trkpt lat="25.7347908" lon="100.1732386"><ele>1965.0</ele><time>2024-01-07T01:20:27Z</time></trkpt>
      <trkpt lat="25.7348003" lon="100.1732237"><ele>1965.0</ele><time>2024-01-07T01:20:28Z</time></trkpt>
      <trkpt lat="25.7348102" lon="100.1732091"><ele>1965.0</ele><time>2024-01-07T01:20:29Z</time></trkpt>
      <trkpt lat="25.7348203" lon="100.1731952"><ele>1965.0</ele><time>2024-01-07T01:20:30Z</time></trkpt>
      <trkpt lat="25.7348301" lon="100.1731814"><ele>1965.0</ele><time>2024-01-07T01:20:31Z</time></trkpt>
      <trkpt lat="25.7348402" lon="100.1731679"><ele>1965.0</ele><time>2024-01-07T01:20:32Z</time></trkpt>
      <trkpt lat="25.7348506" lon="100.1731544"><ele>1965.0</ele><time>2024-01-07T01:20:33Z</time></trkpt>
      <trkpt lat="25.7348602" lon="100.1731399"><ele>1965.0</ele><time>2024-01-07T01:20:34Z</time></trkpt>
      <trkpt lat="25.7348694" lon="100.1731250"><ele>1965.0</ele><time>2024-01-07T01:20:35Z</time></trkpt>
      <trkpt lat="25.7348780" lon="100.1731096"><ele>1965.0</ele><time>2024-01-07T01:20:36Z</time></trkpt>
      <trkpt lat="25.7348865" lon="100.1730936"><ele>1965.1</ele><time>2024-01-07T01:20:37Z</time></trkpt>
      <trkpt lat="25.7348954" lon="100.1730772"><ele>1965.1</ele><time>2024-01-07T01:20:38Z</time></trkpt>
      <trkpt lat="25.7349046" lon="100.1730605"><ele>1965.2</ele><time>2024-01-07T01:20:39Z</time></trkpt>
      <trkpt lat="25.7349143" lon="100.1730437"><ele>1965.2</ele><time>2024-01-07T01:20:40Z</time></trkpt>
      <trkpt lat="25.7349238" lon="100.1730266"><ele>1965.2</ele><time>2024-01-07T01:20:41Z</time></trkpt>
      <trkpt lat="25.7349329" lon="100.1730089"><ele>1965.3</ele><time>2024-01-07T01:20:42Z</time></trkpt>
      <trkpt lat="25.7349420" lon="100.1729911"><ele>1965.3</ele><time>2024-01-07T01:20:43Z</time></trkpt>
      <trkpt lat="25.7349510" lon="100.1729733"><ele>1965.4</ele><time>2024-01-07T01:20:44Z</time></trkpt>
      <trkpt lat="25.7349597" lon="100.1729549"><ele>1965.4</ele><time>2024-01-07T01:20:45Z</time></trkpt>
      <trkpt lat="25.7349682" lon="100.1729359"><ele>1965.4</ele><time>2024-01-07T01:20:46Z</time></trkpt>
      <trkpt lat="25.7349771" lon="100.1729167"><ele>1965.5</ele><time>2024-01-07T01:20:47Z</time></trkpt>
      <trkpt lat="25.7349870" lon="100.1728982"><ele>1965.5</ele><time>2024-01-07T01:20:48Z</time></trkpt>
      <trkpt lat="25.7349971" lon="100.1728798"><ele>1965.5</ele><time>2024-01-07T01:20:49Z</time></trkpt>
      <trkpt lat="25.7350059" lon="100.1728608"><ele>1965.5</ele><time>2024-01-07T01:20:50Z</time></trkpt>
      <trkpt lat="25.7350131" lon="100.1728412"><ele>1965.4</ele><time>2024-01-07T01:20:51Z</time></trkpt>
      <trkpt lat="25.7350200" lon="100.1728211"><ele>1965.4</ele><time>2024-01-07T01:20:52Z</time></trkpt>
      <trkpt lat="25.7350284" lon="100.1728019"><ele>1965.4</ele><time>2024-01-07T01:20:53Z</time></trkpt>
      <trkpt lat="25.7350387" lon="100.1727840"><ele>1965.3</ele><time>2024-01-07T01:20:54Z</time></trkpt>
      <trkpt lat="25.7350491" lon="100.1727667"><ele>1965.3</ele><time>2024-01-07T01:20:55Z</time></trkpt>
      <trkpt lat="25.7350584" lon="100.1727488"><ele>1965.2</ele><time>2024-01-07T01:20:56Z</time></trkpt>
      <trkpt lat="25.7350665" lon="100.1727304"><ele>1965.2</ele><time>2024-01-07T01:20:57Z</time></trkpt>
      <trkpt lat="25.7350740" lon="100.1727115"><ele>1965.1</ele><time>2024-01-07T01:20:58Z</time></trkpt>
      <trkpt lat="25.7350811" lon="100.1726924"><ele>1965.0</ele><time>2024-01-07T01:20:59Z</time></trkpt>
      <trkpt lat="25.7350881" lon="100.1726731"><ele>1964.9</ele><time>2024-01-07T01:21:00Z</time></trkpt>
      <trkpt lat="25.7350948" lon="100.1726540"><ele>1964.8</ele><time>2024-01-07T01:21:01Z</time></trkpt>
      <trkpt lat="25.7351011" lon="100.1726346"><ele>1964.7</ele><time>2024-01-07T01:21:02Z</time></trkpt>
      <trkpt lat="25.7351071" lon="100.1726152"><ele>1964.6</ele><time>2024-01-07T01:21:03Z</time></trkpt>
      <trkpt lat="25.7351135" lon="100.1725960"><ele>1964.6</ele><time>2024-01-07T01:21:04Z</time></trkpt>
      <trkpt lat="25.7351201" lon="100.1725772"><ele>1964.5</ele><time>2024-01-07T01:21:05Z</time></trkpt>
      <trkpt lat="25.7351263" lon="100.1725586"><ele>1964.4</ele><time>2024-01-07T01:21:06Z</time></trkpt>
      <trkpt lat="25.7351319" lon="100.1725398"><ele>1964.4</ele><time>2024-01-07T01:21:07Z</time></trkpt>
      <trkpt lat="25.7351378" lon="100.1725208"><ele>1964.3</ele><time>2024-01-07T01:21:08Z</time></trkpt>
      <trkpt lat="25.7351442" lon="100.1725023"><ele>1964.3</ele><time>2024-01-07T01:21:09Z</time></trkpt>
      <trkpt lat="25.7351503" lon="100.1724837"><ele>1964.3</ele><time>2024-01-07T01:21:10Z</time></trkpt>
      <trkpt lat="25.7351552" lon="100.1724648"><ele>1964.3</ele><time>2024-01-07T01:21:11Z</time></trkpt>
      <trkpt lat="25.7351594" lon="100.1724459"><ele>1964.3</ele><time>2024-01-07T01:21:12Z</time></trkpt>
      <trkpt lat="25.7351636" lon="100.1724270"><ele>1964.3</ele><time>2024-01-07T01:21:13Z</time></trkpt>
      <trkpt lat="25.7351680" lon="100.1724085"><ele>1964.3</ele><time>2024-01-07T01:21:14Z</time></trkpt>
      <trkpt lat="25.7351721" lon="100.1723901"><ele>1964.3</ele><time>2024-01-07T01:21:15Z</time></trkpt>
      <trkpt lat="25.7351756" lon="100.1723719"><ele>1964.3</ele><time>2024-01-07T01:21:16Z</time></trkpt>
      <trkpt lat="25.7351788" lon="100.1723537"><ele>1964.4</ele><time>2024-01-07T01:21:17Z</time></trkpt>
      <trkpt lat="25.7351812" lon="100.1723355"><ele>1964.4</ele><time>2024-01-07T01:21:18Z</time></trkpt>
      <trkpt lat="25.7351833" lon="100.1723175"><ele>1964.4</ele><time>2024-01-07T01:21:19Z</time></trkpt>
      <trkpt lat="25.7351858" lon="100.1722995"><ele>1964.5</ele><time>2024-01-07T01:21:20Z</time></trkpt>
      <trkpt lat="25.7351885" lon="100.1722810"><ele>1964.5</ele><time>2024-01-07T01:21:21Z</time></trkpt>
      <trkpt lat="25.7351912" lon="100.1722620"><ele>1964.6</ele><time>2024-01-07T01:21:22Z</time></trkpt>
      <trkpt lat="25.7351936" lon="100.1722428"><ele>1964.6</ele><time>2024-01-07T01:21:23Z</time></trkpt>
      <trkpt lat="25.7351960" lon="100.1722235"><ele>1964.7</ele><time>2024-01-07T01:21:24Z</time></trkpt>
      <trkpt lat="25.7351984" lon="100.1722044"><ele>1964.7</ele><time>2024-01-07T01:21:25Z</time></trkpt>
      <trkpt lat="25.7352006" lon="100.1721855"><ele>1964.8</ele><time>2024-01-07T01:21:26Z</time></trkpt>
      <trkpt lat="25.7352024" lon="100.1721669"><ele>1964.8</ele><time>2024-01-07T01:21:27Z</time></trkpt>
      <trkpt lat="25.7352034" lon="100.1721483"><ele>1964.9</ele><time>2024-01-07T01:21:28Z</time></trkpt>
      <trkpt lat="25.7352034" lon="100.1721297"><ele>1964.9</ele><time>2024-01-07T01:21:29Z</time></trkpt>
      <trkpt lat="25.7352028" lon="100.1721112"><ele>1964.9</ele><time>2024-01-07T01:21:30Z</time></trkpt>
      <trkpt lat="25.7352023" lon="100.1720925"><ele>1964.9</ele><time>2024-01-07T01:21:31Z</time></trkpt>
      <trkpt lat="25.7352030" lon="100.1720737"><ele>1964.9</ele><time>2024-01-07T01:21:32Z</time></trkpt>
      <trkpt lat="25.7352048" lon="100.1720549"><ele>1964.9</ele><time>2024-01-07T01:21:33Z</time></trkpt>
      <trkpt lat="25.7352075" lon="100.1720362"><ele>1964.9</ele><time>2024-01-07T01:21:34Z</time></trkpt>
      <trkpt lat="25.7352104" lon="100.1720176"><ele>1964.9</ele><time>2024-01-07T01:21:35Z</time></trkpt>
      <trkpt lat="25.7352121" lon="100.1719988"><ele>1964.9</ele><time>2024-01-07T01:21:36Z</time></trkpt>
      <trkpt lat="25.7352126" lon="100.1719798"><ele>1964.8</ele><time>2024-01-07T01:21:37Z</time></trkpt>
      <trkpt lat="25.7352128" lon="100.1719605"><ele>1964.8</ele><time>2024-01-07T01:21:38Z</time></trkpt>
      <trkpt lat="25.7352134" lon="100.1719407"><ele>1964.8</ele><time>2024-01-07T01:21:39Z</time></trkpt>
      <trkpt lat="25.7352144" lon="100.1719209"><ele>1964.8</ele><time>2024-01-07T01:21:40Z</time></trkpt>
      <trkpt lat="25.7352159" lon="100.1719011"><ele>1964.8</ele><time>2024-01-07T01:21:41Z</time></trkpt>
      <trkpt lat="25.7352177" lon="100.1718814"><ele>1964.7</ele><time>2024-01-07T01:21:42Z</time></trkpt>
      <trkpt lat="25.7352192" lon="100.1718621"><ele>1964.7</ele><time>2024-01-07T01:21:43Z</time></trkpt>
      <trkpt lat="25.7352203" lon="100.1718432"><ele>1964.7</ele><time>2024-01-07T01:21:44Z</time></trkpt>
      <trkpt lat="25.7352219" lon="100.1718246"><ele>1964.6</ele><time>2024-01-07T01:21:45Z</time></trkpt>
      <trkpt lat="25.7352241" lon="100.1718060"><ele>1964.6</ele><time>2024-01-07T01:21:46Z</time></trkpt>
      <trkpt lat="25.7352266" lon="100.1717874"><ele>1964.6</ele><time>2024-01-07T01:21:48Z</time></trkpt>
      <trkpt lat="25.7352289" lon="100.1717687"><ele>1964.5</ele><time>2024-01-07T01:21:48Z</time></trkpt>
      <trkpt lat="25.7352305" lon="100.1717496"><ele>1964.5</ele><time>2024-01-07T01:21:49Z</time></trkpt>
      <trkpt lat="25.7352319" lon="100.1717304"><ele>1964.5</ele><time>2024-01-07T01:21:50Z</time></trkpt>
      <trkpt lat="25.7352331" lon="100.1717112"><ele>1964.4</ele><time>2024-01-07T01:21:51Z</time></trkpt>
      <trkpt lat="25.7352342" lon="100.1716919"><ele>1964.4</ele><time>2024-01-07T01:21:52Z</time></trkpt>
      <trkpt lat="25.7352347" lon="100.1716727"><ele>1964.3</ele><time>2024-01-07T01:21:53Z</time></trkpt>
      <trkpt lat="25.7352353" lon="100.1716533"><ele>1964.2</ele><time>2024-01-07T01:21:54Z</time></trkpt>
      <trkpt lat="25.7352363" lon="100.1716339"><ele>1964.2</ele><time>2024-01-07T01:21:55Z</time></trkpt>
      <trkpt lat="25.7352378" lon="100.1716148"><ele>1964.1</ele><time>2024-01-07T01:21:56Z</time></trkpt>
      <trkpt lat="25.7352393" lon="100.1715958"><ele>1964.0</ele><time>2024-01-07T01:21:57Z</time></trkpt>
      <trkpt lat="25.7352402" lon="100.1715768"><ele>1964.0</ele><time>2024-01-07T01:21:58Z</time></trkpt>
      <trkpt lat="25.7352411" lon="100.1715578"><ele>1964.0</ele><time>2024-01-07T01:21:59Z</time></trkpt>
      <trkpt lat="25.7352427" lon="100.1715389"><ele>1963.9</ele><time>2024-01-07T01:22:00Z</time></trkpt>
      <trkpt lat="25.7352445" lon="100.1715204"><ele>1963.9</ele><time>2024-01-07T01:22:01Z</time></trkpt>
      <trkpt lat="25.7352453" lon="100.1715019"><ele>1963.9</ele><time>2024-01-07T01:22:02Z</time></trkpt>
      <trkpt lat="25.7352458" lon="100.1714832"><ele>1963.9</ele><time>2024-01-07T01:22:03Z</time></trkpt>
      <trkpt lat="25.7352472" lon="100.1714644"><ele>1963.9</ele><time>2024-01-07T01:22:04Z</time></trkpt>
      <trkpt lat="25.7352488" lon="100.1714455"><ele>1963.9</ele><time>2024-01-07T01:22:05Z</time></trkpt>
      <trkpt lat="25.7352496" lon="100.1714266"><ele>1963.9</ele><time>2024-01-07T01:22:06Z</time></trkpt>
      <trkpt lat="25.7352501" lon="100.1714078"><ele>1964.0</ele><time>2024-01-07T01:22:07Z</time></trkpt>
      <trkpt lat="25.7352508" lon="100.1713890"><ele>1964.0</ele><time>2024-01-07T01:22:08Z</time></trkpt>
      <trkpt lat="25.7352525" lon="100.1713703"><ele>1964.1</ele><time>2024-01-07T01:22:09Z</time></trkpt>
      <trkpt lat="25.7352553" lon="100.1713517"><ele>1964.1</ele><time>2024-01-07T01:22:10Z</time></trkpt>
      <trkpt lat="25.7352589" lon="100.1713334"><ele>1964.2</ele><time>2024-01-07T01:22:11Z</time></trkpt>
      <trkpt lat="25.7352635" lon="100.1713153"><ele>1964.3</ele><time>2024-01-07T01:22:12Z</time></trkpt>
      <trkpt lat="25.7352690" lon="100.1712971"><ele>1964.3</ele><time>2024-01-07T01:22:13Z</time></trkpt>
      <trkpt lat="25.7352757" lon="100.1712793"><ele>1964.4</ele><time>2024-01-07T01:22:14Z</time></trkpt>
      <trkpt lat="25.7352832" lon="100.1712613"><ele>1964.5</ele><time>2024-01-07T01:22:15Z</time></trkpt>
      <trkpt lat="25.7352907" lon="100.1712434"><ele>1964.6</ele><time>2024-01-07T01:22:16Z</time></trkpt>
      <trkpt lat="25.7352991" lon="100.1712260"><ele>1964.6</ele><time>2024-01-07T01:22:17Z</time></trkpt>
      <trkpt lat="25.7353094" lon="100.1712097"><ele>1964.7</ele><time>2024-01-07T01:22:18Z</time></trkpt>
      <trkpt lat="25.7353207" lon="100.1711941"><ele>1964.8</ele><time>2024-01-07T01:22:19Z</time></trkpt>
      <trkpt lat="25.7353322" lon="100.1711785"><ele>1964.9</ele><time>2024-01-07T01:22:20Z</time></trkpt>
      <trkpt lat="25.7353444" lon="100.1711638"><ele>1964.9</ele><time>2024-01-07T01:22:22Z</time></trkpt>
      <trkpt lat="25.7353575" lon="100.1711503"><ele>1965.0</ele><time>2024-01-07T01:22:23Z</time></trkpt>
      <trkpt lat="25.7353714" lon="100.1711375"><ele>1965.0</ele><time>2024-01-07T01:22:24Z</time></trkpt>
      <trkpt lat="25.7353859" lon="100.1711253"><ele>1965.0</ele><time>2024-01-07T01:22:25Z</time></trkpt>
      <trkpt lat="25.7354009" lon="100.1711136"><ele>1965.0</ele><time>2024-01-07T01:22:26Z</time></trkpt>
      <trkpt lat="25.7354160" lon="100.1711023"><ele>1965.0</ele><time>2024-01-07T01:22:27Z</time></trkpt>
      <trkpt lat="25.7354313" lon="100.1710917"><ele>1965.0</ele><time>2024-01-07T01:22:28Z</time></trkpt>
      <trkpt lat="25.7354471" lon="100.1710822"><ele>1965.1</ele><time>2024-01-07T01:22:29Z</time></trkpt>
      <trkpt lat="25.7354631" lon="100.1710737"><ele>1965.1</ele><time>2024-01-07T01:22:30Z</time></trkpt>
      <trkpt lat="25.7354793" lon="100.1710657"><ele>1965.1</ele><time>2024-01-07T01:22:31Z</time></trkpt>
      <trkpt lat="25.7354960" lon="100.1710582"><ele>1965.1</ele><time>2024-01-07T01:22:32Z</time></trkpt>
      <trkpt lat="25.7355133" lon="100.1710511"><ele>1965.2</ele><time>2024-01-07T01:22:33Z</time></trkpt>
      <trkpt lat="25.7355308" lon="100.1710445"><ele>1965.2</ele><time>2024-01-07T01:22:34Z</time></trkpt>
      <trkpt lat="25.7355479" lon="100.1710381"><ele>1965.3</ele><time>2024-01-07T01:22:35Z</time></trkpt>
      <trkpt lat="25.7355647" lon="100.1710321"><ele>1965.3</ele><time>2024-01-07T01:22:36Z</time></trkpt>
      <trkpt lat="25.7355819" lon="100.1710271"><ele>1965.4</ele><time>2024-01-07T01:22:37Z</time></trkpt>
      <trkpt lat="25.7355994" lon="100.1710231"><ele>1965.5</ele><time>2024-01-07T01:22:38Z</time></trkpt>
      <trkpt lat="25.7356171" lon="100.1710202"><ele>1965.7</ele><time>2024-01-07T01:22:39Z</time></trkpt>
      <trkpt lat="25.7356349" lon="100.1710186"><ele>1965.8</ele><time>2024-01-07T01:22:40Z</time></trkpt>
      <trkpt lat="25.7356528" lon="100.1710172"><ele>1965.9</ele><time>2024-01-07T01:22:41Z</time></trkpt>
      <trkpt lat="25.7356709" lon="100.1710158"><ele>1966.0</ele><time>2024-01-07T01:22:42Z</time></trkpt>
      <trkpt lat="25.7356892" lon="100.1710148"><ele>1966.1</ele><time>2024-01-07T01:22:43Z</time></trkpt>
      <trkpt lat="25.7357074" lon="100.1710145"><ele>1966.2</ele><time>2024-01-07T01:22:44Z</time></trkpt>
      <trkpt lat="25.7357255" lon="100.1710144"><ele>1966.3</ele><time>2024-01-07T01:22:45Z</time></trkpt>
      <trkpt lat="25.7357433" lon="100.1710141"><ele>1966.4</ele><time>2024-01-07T01:22:46Z</time></trkpt>
      <trkpt lat="25.7357612" lon="100.1710137"><ele>1966.5</ele><time>2024-01-07T01:22:47Z</time></trkpt>
      <trkpt lat="25.7357791" lon="100.1710141"><ele>1966.6</ele><time>2024-01-07T01:22:48Z</time></trkpt>
      <trkpt lat="25.7357968" lon="100.1710162"><ele>1966.7</ele><time>2024-01-07T01:22:49Z</time></trkpt>
      <trkpt lat="25.7358146" lon="100.1710184"><ele>1966.7</ele><time>2024-01-07T01:22:50Z</time></trkpt>
      <trkpt lat="25.7358322" lon="100.1710189"><ele>1966.8</ele><time>2024-01-07T01:22:51Z</time></trkpt>
      <trkpt lat="25.7358500" lon="100.1710185"><ele>1966.9</ele><time>2024-01-07T01:22:52Z</time></trkpt>
      <trkpt lat="25.7358677" lon="100.1710184"><ele>1967.0</ele><time>2024-01-07T01:22:53Z</time></trkpt>
      <trkpt lat="25.7358852" lon="100.1710186"><ele>1967.1</ele><time>2024-01-07T01:22:54Z</time></trkpt>
      <trkpt lat="25.7359028" lon="100.1710183"><ele>1967.2</ele><time>2024-01-07T01:22:55Z</time></trkpt>
      <trkpt lat="25.7359204" lon="100.1710175"><ele>1967.3</ele><time>2024-01-07T01:22:56Z</time></trkpt>
      <trkpt lat="25.7359381" lon="100.1710165"><ele>1967.4</ele><time>2024-01-07T01:22:57Z</time></trkpt>
      <trkpt lat="25.7359558" lon="100.1710160"><ele>1967.4</ele><time>2024-01-07T01:22:58Z</time></trkpt>
      <trkpt lat="25.7359734" lon="100.1710158"><ele>1967.5</ele><time>2024-01-07T01:22:59Z</time></trkpt>
      <trkpt lat="25.7359909" lon="100.1710154"><ele>1967.6</ele><time>2024-01-07T01:23:00Z</time></trkpt>
      <trkpt lat="25.7360085" lon="100.1710146"><ele>1967.6</ele><time>2024-01-07T01:23:01Z</time></trkpt>
      <trkpt lat="25.7360261" lon="100.1710141"><ele>1967.7</ele><time>2024-01-07T01:23:02Z</time></trkpt>
      <trkpt lat="25.7360436" lon="100.1710138"><ele>1967.7</ele><time>2024-01-07T01:23:03Z</time></trkpt>
      <trkpt lat="25.7360609" lon="100.1710129"><ele>1967.7</ele><time>2024-01-07T01:23:04Z</time></trkpt>
      <trkpt lat="25.7360785" lon="100.1710116"><ele>1967.8</ele><time>2024-01-07T01:23:05Z</time></trkpt>
      <trkpt lat="25.7360961" lon="100.1710106"><ele>1967.8</ele><time>2024-01-07T01:23:06Z</time></trkpt>
      <trkpt lat="25.7361135" lon="100.1710105"><ele>1967.8</ele><time>2024-01-07T01:23:07Z</time></trkpt>
      <trkpt lat="25.7361309" lon="100.1710105"><ele>1967.8</ele><time>2024-01-07T01:23:08Z</time></trkpt>
      <trkpt lat="25.7361484" lon="100.1710105"><ele>1967.8</ele><time>2024-01-07T01:23:09Z</time></trkpt>
      <trkpt lat="25.7361662" lon="100.1710108"><ele>1967.9</ele><time>2024-01-07T01:23:10Z</time></trkpt>
      <trkpt lat="25.7361839" lon="100.1710117"><ele>1967.9</ele><time>2024-01-07T01:23:11Z</time></trkpt>
      <trkpt lat="25.7362013" lon="100.1710122"><ele>1967.9</ele><time>2024-01-07T01:23:12Z</time></trkpt>
      <trkpt lat="25.7362186" lon="100.1710116"><ele>1967.9</ele><time>2024-01-07T01:23:13Z</time></trkpt>
      <trkpt lat="25.7362359" lon="100.1710107"><ele>1967.9</ele><time>2024-01-07T01:23:14Z</time></trkpt>
      <trkpt lat="25.7362532" lon="100.1710090"><ele>1967.9</ele><time>2024-01-07T01:23:15Z</time></trkpt>
      <trkpt lat="25.7362705" lon="100.1710058"><ele>1967.9</ele><time>2024-01-07T01:23:16Z</time></trkpt>
      <trkpt lat="25.7362877" lon="100.1710016"><ele>1967.8</ele><time>2024-01-07T01:23:17Z</time></trkpt>
      <trkpt lat="25.7363047" lon="100.1709974"><ele>1967.8</ele><time>2024-01-07T01:23:18Z</time></trkpt>
      <trkpt lat="25.7363215" lon="100.1709929"><ele>1967.8</ele><time>2024-01-07T01:23:19Z</time></trkpt>
      <trkpt lat="25.7363379" lon="100.1709866"><ele>1967.7</ele><time>2024-01-07T01:23:20Z</time></trkpt>
      <trkpt lat="25.7363547" lon="100.1709794"><ele>1967.7</ele><time>2024-01-07T01:23:21Z</time></trkpt>
      <trkpt lat="25.7363720" lon="100.1709730"><ele>1967.7</ele><time>2024-01-07T01:23:22Z</time></trkpt>
      <trkpt lat="25.7363892" lon="100.1709669"><ele>1967.7</ele><time>2024-01-07T01:23:23Z</time></trkpt>
      <trkpt lat="25.7364057" lon="100.1709590"><ele>1967.6</ele><time>2024-01-07T01:23:24Z</time></trkpt>
      <trkpt lat="25.7364214" lon="100.1709498"><ele>1967.6</ele><time>2024-01-07T01:23:25Z</time></trkpt>
      <trkpt lat="25.7364370" lon="100.1709401"><ele>1967.6</ele><time>2024-01-07T01:23:26Z</time></trkpt>
      <trkpt lat="25.7364525" lon="100.1709305"><ele>1967.6</ele><time>2024-01-07T01:23:27Z</time></trkpt>
      <trkpt lat="25.7364677" lon="100.1709205"><ele>1967.6</ele><time>2024-01-07T01:23:28Z</time></trkpt>
      <trkpt lat="25.7364830" lon="100.1709100"><ele>1967.6</ele><time>2024-01-07T01:23:29Z</time></trkpt>
      <trkpt lat="25.7364984" lon="100.1708996"><ele>1967.7</ele><time>2024-01-07T01:23:30Z</time></trkpt>
      <trkpt lat="25.7365138" lon="100.1708893"><ele>1967.7</ele><time>2024-01-07T01:23:31Z</time></trkpt>
      <trkpt lat="25.7365296" lon="100.1708796"><ele>1967.7</ele><time>2024-01-07T01:23:32Z</time></trkpt>
      <trkpt lat="25.7365457" lon="100.1708704"><ele>1967.8</ele><time>2024-01-07T01:23:33Z</time></trkpt>
      <trkpt lat="25.7365621" lon="100.1708614"><ele>1967.8</ele><time>2024-01-07T01:23:34Z</time></trkpt>
      <trkpt lat="25.7365790" lon="100.1708528"><ele>1967.8</ele><time>2024-01-07T01:23:35Z</time></trkpt>
      <trkpt lat="25.7365963" lon="100.1708448"><ele>1967.8</ele><time>2024-01-07T01:23:36Z</time></trkpt>
      <trkpt lat="25.7366142" lon="100.1708379"><ele>1967.9</ele><time>2024-01-07T01:23:37Z</time></trkpt>
      <trkpt lat="25.7366323" lon="100.1708324"><ele>1967.9</ele><time>2024-01-07T01:23:38Z</time></trkpt>
      <trkpt lat="25.7366506" lon="100.1708282"><ele>1968.0</ele><time>2024-01-07T01:23:39Z</time></trkpt>
      <trkpt lat="25.7366692" lon="100.1708252"><ele>1968.0</ele><time>2024-01-07T01:23:40Z</time></trkpt>
      <trkpt lat="25.7366878" lon="100.1708242"><ele>1968.1</ele><time>2024-01-07T01:23:41Z</time></trkpt>
      <trkpt lat="25.7367063" lon="100.1708255"><ele>1968.1</ele><time>2024-01-07T01:23:42Z</time></trkpt>
      <trkpt lat="25.7367246" lon="100.1708278"><ele>1968.1</ele><time>2024-01-07T01:23:43Z</time></trkpt>
      <trkpt lat="25.7367430" lon="100.1708299"><ele>1968.2</ele><time>2024-01-07T01:23:44Z</time></trkpt>
      <trkpt lat="25.7367614" lon="100.1708321"><ele>1968.2</ele><time>2024-01-07T01:23:45Z</time></trkpt>
      <trkpt lat="25.7367795" lon="100.1708349"><ele>1968.3</ele><time>2024-01-07T01:23:46Z</time></trkpt>
      <trkpt lat="25.7367975" lon="100.1708384"><ele>1968.3</ele><time>2024-01-07T01:23:47Z</time></trkpt>
      <trkpt lat="25.7368153" lon="100.1708433"><ele>1968.4</ele><time>2024-01-07T01:23:48Z</time></trkpt>
      <trkpt lat="25.7368328" lon="100.1708499"><ele>1968.4</ele><time>2024-01-07T01:23:49Z</time></trkpt>
      <trkpt lat="25.7368504" lon="100.1708574"><ele>1968.4</ele><time>2024-01-07T01:23:50Z</time></trkpt>
      <trkpt lat="25.7368679" lon="100.1708648"><ele>1968.4</ele><time>2024-01-07T01:23:51Z</time></trkpt>
      <trkpt lat="25.7368853" lon="100.1708712"><ele>1968.4</ele><time>2024-01-07T01:23:52Z</time></trkpt>
      <trkpt lat="25.7369026" lon="100.1708764"><ele>1968.4</ele><time>2024-01-07T01:23:53Z</time></trkpt>
      <trkpt lat="25.7369201" lon="100.1708812"><ele>1968.4</ele><time>2024-01-07T01:23:54Z</time></trkpt>
      <trkpt lat="25.7369379" lon="100.1708860"><ele>1968.3</ele><time>2024-01-07T01:23:55Z</time></trkpt>
      <trkpt lat="25.7369558" lon="100.1708911"><ele>1968.2</ele><time>2024-01-07T01:23:56Z</time></trkpt>
      <trkpt lat="25.7369738" lon="100.1708966"><ele>1968.1</ele><time>2024-01-07T01:23:57Z</time></trkpt>
      <trkpt lat="25.7369917" lon="100.1709026"><ele>1968.0</ele><time>2024-01-07T01:23:58Z</time></trkpt>
      <trkpt lat="25.7370093" lon="100.1709090"><ele>1967.9</ele><time>2024-01-07T01:23:59Z</time></trkpt>
      <trkpt lat="25.7370270" lon="100.1709146"><ele>1967.8</ele><time>2024-01-07T01:24:00Z</time></trkpt>
      <trkpt lat="25.7370448" lon="100.1709186"><ele>1967.7</ele><time>2024-01-07T01:24:01Z</time></trkpt>
      <trkpt lat="25.7370627" lon="100.1709215"><ele>1967.7</ele><time>2024-01-07T01:24:02Z</time></trkpt>
      <trkpt lat="25.7370809" lon="100.1709237"><ele>1967.6</ele><time>2024-01-07T01:24:03Z</time></trkpt>
      <trkpt lat="25.7370991" lon="100.1709250"><ele>1967.6</ele><time>2024-01-07T01:24:04Z</time></trkpt>
      <trkpt lat="25.7371171" lon="100.1709251"><ele>1967.5</ele><time>2024-01-07T01:24:05Z</time></trkpt>
      <trkpt lat="25.7371352" lon="100.1709240"><ele>1967.5</ele><time>2024-01-07T01:24:06Z</time></trkpt>
      <trkpt lat="25.7371533" lon="100.1709217"><ele>1967.5</ele><time>2024-01-07T01:24:07Z</time></trkpt>
      <trkpt lat="25.7371716" lon="100.1709193"><ele>1967.5</ele><time>2024-01-07T01:24:08Z</time></trkpt>
      <trkpt lat="25.7371898" lon="100.1709176"><ele>1967.5</ele><time>2024-01-07T01:24:09Z</time></trkpt>
      <trkpt lat="25.7372079" lon="100.1709164"><ele>1967.5</ele><time>2024-01-07T01:24:10Z</time></trkpt>
      <trkpt lat="25.7372258" lon="100.1709154"><ele>1967.6</ele><time>2024-01-07T01:24:11Z</time></trkpt>
      <trkpt lat="25.7372436" lon="100.1709141"><ele>1967.6</ele><time>2024-01-07T01:24:12Z</time></trkpt>
      <trkpt lat="25.7372615" lon="100.1709124"><ele>1967.6</ele><time>2024-01-07T01:24:13Z</time></trkpt>
      <trkpt lat="25.7372794" lon="100.1709114"><ele>1967.6</ele><time>2024-01-07T01:24:14Z</time></trkpt>
      <trkpt lat="25.7372971" lon="100.1709110"><ele>1967.6</ele><time>2024-01-07T01:24:15Z</time></trkpt>
      <trkpt lat="25.7373147" lon="100.1709106"><ele>1967.6</ele><time>2024-01-07T01:24:16Z</time></trkpt>
      <trkpt lat="25.7373323" lon="100.1709104"><ele>1967.7</ele><time>2024-01-07T01:24:17Z</time></trkpt>
      <trkpt lat="25.7373500" lon="100.1709109"><ele>1967.7</ele><time>2024-01-07T01:24:18Z</time></trkpt>
      <trkpt lat="25.7373673" lon="100.1709113"><ele>1967.7</ele><time>2024-01-07T01:24:19Z</time></trkpt>
      <trkpt lat="25.7373844" lon="100.1709112"><ele>1967.7</ele><time>2024-01-07T01:24:20Z</time></trkpt>
      <trkpt lat="25.7374015" lon="100.1709106"><ele>1967.7</ele><time>2024-01-07T01:24:21Z</time></trkpt>
      <trkpt lat="25.7374188" lon="100.1709101"><ele>1967.7</ele><time>2024-01-07T01:24:22Z</time></trkpt>
      <trkpt lat="25.7374361" lon="100.1709092"><ele>1967.7</ele><time>2024-01-07T01:24:23Z</time></trkpt>
      <trkpt lat="25.7374533" lon="100.1709075"><ele>1967.7</ele><time>2024-01-07T01:24:24Z</time></trkpt>
      <trkpt lat="25.7374702" lon="100.1709055"><ele>1967.8</ele><time>2024-01-07T01:24:25Z</time></trkpt>
      <trkpt lat="25.7374872" lon="100.1709041"><ele>1967.8</ele><time>2024-01-07T01:24:26Z</time></trkpt>
      <trkpt lat="25.7375041" lon="100.1709031"><ele>1967.7</ele><time>2024-01-07T01:24:27Z</time></trkpt>
      <trkpt lat="25.7375209" lon="100.1709024"><ele>1967.7</ele><time>2024-01-07T01:24:28Z</time></trkpt>
      <trkpt lat="25.7375375" lon="100.1709016"><ele>1967.7</ele><time>2024-01-07T01:24:29Z</time></trkpt>
      <trkpt lat="25.7375539" lon="100.1709000"><ele>1967.7</ele><time>2024-01-07T01:24:30Z</time></trkpt>
      <trkpt lat="25.7375704" lon="100.1708980"><ele>1967.6</ele><time>2024-01-07T01:24:31Z</time></trkpt>
      <trkpt lat="25.7375871" lon="100.1708961"><ele>1967.6</ele><time>2024-01-07T01:24:32Z</time></trkpt>
      <trkpt lat="25.7376038" lon="100.1708944"><ele>1967.5</ele><time>2024-01-07T01:24:33Z</time></trkpt>
      <trkpt lat="25.7376206" lon="100.1708929"><ele>1967.4</ele><time>2024-01-07T01:24:34Z</time></trkpt>
      <trkpt lat="25.7376375" lon="100.1708927"><ele>1967.4</ele><time>2024-01-07T01:24:35Z</time></trkpt>
      <trkpt lat="25.7376545" lon="100.1708930"><ele>1967.3</ele><time>2024-01-07T01:24:36Z</time></trkpt>
      <trkpt lat="25.7376716" lon="100.1708926"><ele>1967.3</ele><time>2024-01-07T01:24:37Z</time></trkpt>
      <trkpt lat="25.7376886" lon="100.1708920"><ele>1967.2</ele><time>2024-01-07T01:24:38Z</time></trkpt>
      <trkpt lat="25.7377056" lon="100.1708910"><ele>1967.2</ele><time>2024-01-07T01:24:39Z</time></trkpt>
      <trkpt lat="25.7377226" lon="100.1708890"><ele>1967.2</ele><time>2024-01-07T01:24:40Z</time></trkpt>
      <trkpt lat="25.7377396" lon="100.1708863"><ele>1967.2</ele><time>2024-01-07T01:24:41Z</time></trkpt>
      <trkpt lat="25.7377567" lon="100.1708833"><ele>1967.2</ele><time>2024-01-07T01:24:42Z</time></trkpt>
      <trkpt lat="25.7377737" lon="100.1708793"><ele>1967.2</ele><time>2024-01-07T01:24:43Z</time></trkpt>
      <trkpt lat="25.7377902" lon="100.1708735"><ele>1967.2</ele><time>2024-01-07T01:24:44Z</time></trkpt>
      <trkpt lat="25.7378062" lon="100.1708660"><ele>1967.2</ele><time>2024-01-07T01:24:45Z</time></trkpt>
      <trkpt lat="25.7378221" lon="100.1708576"><ele>1967.2</ele><time>2024-01-07T01:24:46Z</time></trkpt>
      <trkpt lat="25.7378380" lon="100.1708489"><ele>1967.3</ele><time>2024-01-07T01:24:47Z</time></trkpt>
      <trkpt lat="25.7378535" lon="100.1708396"><ele>1967.3</ele><time>2024-01-07T01:24:48Z</time></trkpt>
      <trkpt lat="25.7378687" lon="100.1708296"><ele>1967.3</ele><time>2024-01-07T01:24:49Z</time></trkpt>
      <trkpt lat="25.7378839" lon="100.1708195"><ele>1967.3</ele><time>2024-01-07T01:24:50Z</time></trkpt>
      <trkpt lat="25.7378986" lon="100.1708092"><ele>1967.4</ele><time>2024-01-07T01:24:51Z</time></trkpt>
      <trkpt lat="25.7379127" lon="100.1707985"><ele>1967.4</ele><time>2024-01-07T01:24:52Z</time></trkpt>
      <trkpt lat="25.7379265" lon="100.1707882"><ele>1967.4</ele><time>2024-01-07T01:24:53Z</time></trkpt>
      <trkpt lat="25.7379401" lon="100.1707778"><ele>1967.4</ele><time>2024-01-07T01:24:54Z</time></trkpt>
      <trkpt lat="25.7379530" lon="100.1707660"><ele>1967.4</ele><time>2024-01-07T01:24:55Z</time></trkpt>
      <trkpt lat="25.7379648" lon="100.1707525"><ele>1967.4</ele><time>2024-01-07T01:24:56Z</time></trkpt>
      <trkpt lat="25.7379754" lon="100.1707380"><ele>1967.4</ele><time>2024-01-07T01:24:57Z</time></trkpt>
      <trkpt lat="25.7379848" lon="100.1707233"><ele>1967.4</ele><time>2024-01-07T01:24:58Z</time></trkpt>
      <trkpt lat="25.7379927" lon="100.1707078"><ele>1967.3</ele><time>2024-01-07T01:24:59Z</time></trkpt>
      <trkpt lat="25.7379992" lon="100.1706914"><ele>1967.3</ele><time>2024-01-07T01:25:00Z</time></trkpt>
      <trkpt lat="25.7380051" lon="100.1706742"><ele>1967.3</ele><time>2024-01-07T01:25:01Z</time></trkpt>
      <trkpt lat="25.7380106" lon="100.1706564"><ele>1967.3</ele><time>2024-01-07T01:25:02Z</time></trkpt>
      <trkpt lat="25.7380153" lon="100.1706378"><ele>1967.3</ele><time>2024-01-07T01:25:03Z</time></trkpt>
      <trkpt lat="25.7380195" lon="100.1706188"><ele>1967.3</ele><time>2024-01-07T01:25:04Z</time></trkpt>
      <trkpt lat="25.7380236" lon="100.1706000"><ele>1967.2</ele><time>2024-01-07T01:25:05Z</time></trkpt>
      <trkpt lat="25.7380281" lon="100.1705818"><ele>1967.2</ele><time>2024-01-07T01:25:06Z</time></trkpt>
      <trkpt lat="25.7380328" lon="100.1705638"><ele>1967.2</ele><time>2024-01-07T01:25:07Z</time></trkpt>
      <trkpt lat="25.7380371" lon="100.1705459"><ele>1967.2</ele><time>2024-01-07T01:25:08Z</time></trkpt>
      <trkpt lat="25.7380413" lon="100.1705278"><ele>1967.2</ele><time>2024-01-07T01:25:09Z</time></trkpt>
      <trkpt lat="25.7380459" lon="100.1705097"><ele>1967.2</ele><time>2024-01-07T01:25:10Z</time></trkpt>
      <trkpt lat="25.7380506" lon="100.1704921"><ele>1967.2</ele><time>2024-01-07T01:25:11Z</time></trkpt>
      <trkpt lat="25.7380547" lon="100.1704747"><ele>1967.2</ele><time>2024-01-07T01:25:12Z</time></trkpt>
      <trkpt lat="25.7380583" lon="100.1704575"><ele>1967.2</ele><time>2024-01-07T01:25:13Z</time></trkpt>
      <trkpt lat="25.7380621" lon="100.1704406"><ele>1967.2</ele><time>2024-01-07T01:25:14Z</time></trkpt>
      <trkpt lat="25.7380661" lon="100.1704237"><ele>1967.3</ele><time>2024-01-07T01:25:15Z</time></trkpt>
      <trkpt lat="25.7380704" lon="100.1704070"><ele>1967.3</ele><time>2024-01-07T01:25:16Z</time></trkpt>
      <trkpt lat="25.7380750" lon="100.1703906"><ele>1967.4</ele><time>2024-01-07T01:25:17Z</time></trkpt>
      <trkpt lat="25.7380798" lon="100.1703743"><ele>1967.4</ele><time>2024-01-07T01:25:18Z</time></trkpt>
      <trkpt lat="25.7380842" lon="100.1703580"><ele>1967.5</ele><time>2024-01-07T01:25:19Z</time></trkpt>
      <trkpt lat="25.7380884" lon="100.1703414"><ele>1967.6</ele><time>2024-01-07T01:25:20Z</time></trkpt>
      <trkpt lat="25.7380930" lon="100.1703247"><ele>1967.6</ele><time>2024-01-07T01:25:21Z</time></trkpt>
      <trkpt lat="25.7380978" lon="100.1703080"><ele>1967.7</ele><time>2024-01-07T01:25:22Z</time></trkpt>
      <trkpt lat="25.7381022" lon="100.1702909"><ele>1967.8</ele><time>2024-01-07T01:25:23Z</time></trkpt>
      <trkpt lat="25.7381062" lon="100.1702733"><ele>1967.9</ele><time>2024-01-07T01:25:24Z</time></trkpt>
      <trkpt lat="25.7381094" lon="100.1702552"><ele>1967.9</ele><time>2024-01-07T01:25:25Z</time></trkpt>
      <trkpt lat="25.7381126" lon="100.1702365"><ele>1968.0</ele><time>2024-01-07T01:25:26Z</time></trkpt>
      <trkpt lat="25.7381160" lon="100.1702174"><ele>1968.0</ele><time>2024-01-07T01:25:27Z</time></trkpt>
      <trkpt lat="25.7381195" lon="100.1701982"><ele>1968.0</ele><time>2024-01-07T01:25:28Z</time></trkpt>
      <trkpt lat="25.7381231" lon="100.1701791"><ele>1968.0</ele><time>2024-01-07T01:25:29Z</time></trkpt>
      <trkpt lat="25.7381259" lon="100.1701602"><ele>1968.1</ele><time>2024-01-07T01:25:30Z</time></trkpt>
      <trkpt lat="25.7381281" lon="100.1701412"><ele>1968.1</ele><time>2024-01-07T01:25:31Z</time></trkpt>
      <trkpt lat="25.7381305" lon="100.1701225"><ele>1968.1</ele><time>2024-01-07T01:25:32Z</time></trkpt>
      <trkpt lat="25.7381337" lon="100.1701039"><ele>1968.2</ele><time>2024-01-07T01:25:33Z</time></trkpt>
      <trkpt lat="25.7381373" lon="100.1700857"><ele>1968.2</ele><time>2024-01-07T01:25:34Z</time></trkpt>
      <trkpt lat="25.7381406" lon="100.1700677"><ele>1968.2</ele><time>2024-01-07T01:25:35Z</time></trkpt>
      <trkpt lat="25.7381436" lon="100.1700499"><ele>1968.2</ele><time>2024-01-07T01:25:36Z</time></trkpt>
      <trkpt lat="25.7381467" lon="100.1700323"><ele>1968.2</ele><time>2024-01-07T01:25:37Z</time></trkpt>
      <trkpt lat="25.7381494" lon="100.1700146"><ele>1968.2</ele><time>2024-01-07T01:25:38Z</time></trkpt>
      <trkpt lat="25.7381520" lon="100.1699970"><ele>1968.2</ele><time>2024-01-07T01:25:39Z</time></trkpt>
      <trkpt lat="25.7381541" lon="100.1699794"><ele>1968.2</ele><time>2024-01-07T01:25:40Z</time></trkpt>
      <trkpt lat="25.7381555" lon="100.1699620"><ele>1968.2</ele><time>2024-01-07T01:25:41Z</time></trkpt>
      <trkpt lat="25.7381568" lon="100.1699449"><ele>1968.2</ele><time>2024-01-07T01:25:42Z</time></trkpt>
      <trkpt lat="25.7381586" lon="100.1699276"><ele>1968.2</ele><time>2024-01-07T01:25:43Z</time></trkpt>
      <trkpt lat="25.7381614" lon="100.1699100"><ele>1968.2</ele><time>2024-01-07T01:25:44Z</time></trkpt>
      <trkpt lat="25.7381645" lon="100.1698920"><ele>1968.2</ele><time>2024-01-07T01:25:45Z</time></trkpt>
      <trkpt lat="25.7381670" lon="100.1698733"><ele>1968.2</ele><time>2024-01-07T01:25:46Z</time></trkpt>
      <trkpt lat="25.7381692" lon="100.1698541"><ele>1968.2</ele><time>2024-01-07T01:25:47Z</time></trkpt>
      <trkpt lat="25.7381710" lon="100.1698345"><ele>1968.2</ele><time>2024-01-07T01:25:48Z</time></trkpt>
      <trkpt lat="25.7381722" lon="100.1698148"><ele>1968.2</ele><time>2024-01-07T01:25:49Z</time></trkpt>
      <trkpt lat="25.7381735" lon="100.1697951"><ele>1968.2</ele><time>2024-01-07T01:25:50Z</time></trkpt>
      <trkpt lat="25.7381750" lon="100.1697755"><ele>1968.1</ele><time>2024-01-07T01:25:51Z</time></trkpt>
      <trkpt lat="25.7381759" lon="100.1697561"><ele>1968.1</ele><time>2024-01-07T01:25:52Z</time></trkpt>
      <trkpt lat="25.7381765" lon="100.1697368"><ele>1968.1</ele><time>2024-01-07T01:25:53Z</time></trkpt>
      <trkpt lat="25.7381776" lon="100.1697177"><ele>1968.1</ele><time>2024-01-07T01:25:54Z</time></trkpt>
      <trkpt lat="25.7381794" lon="100.1696989"><ele>1968.1</ele><time>2024-01-07T01:25:55Z</time></trkpt>
      <trkpt lat="25.7381815" lon="100.1696802"><ele>1968.1</ele><time>2024-01-07T01:25:56Z</time></trkpt>
      <trkpt lat="25.7381828" lon="100.1696617"><ele>1968.1</ele><time>2024-01-07T01:25:57Z</time></trkpt>
      <trkpt lat="25.7381840" lon="100.1696436"><ele>1968.0</ele><time>2024-01-07T01:25:58Z</time></trkpt>
      <trkpt lat="25.7381863" lon="100.1696255"><ele>1968.0</ele><time>2024-01-07T01:25:59Z</time></trkpt>
      <trkpt lat="25.7381895" lon="100.1696074"><ele>1967.9</ele><time>2024-01-07T01:26:00Z</time></trkpt>
      <trkpt lat="25.7381933" lon="100.1695890"><ele>1967.9</ele><time>2024-01-07T01:26:01Z</time></trkpt>
      <trkpt lat="25.7381975" lon="100.1695705"><ele>1967.8</ele><time>2024-01-07T01:26:02Z</time></trkpt>
      <trkpt lat="25.7382013" lon="100.1695521"><ele>1967.8</ele><time>2024-01-07T01:26:03Z</time></trkpt>
      <trkpt lat="25.7382046" lon="100.1695333"><ele>1967.7</ele><time>2024-01-07T01:26:04Z</time></trkpt>
      <trkpt lat="25.7382073" lon="100.1695142"><ele>1967.7</ele><time>2024-01-07T01:26:05Z</time></trkpt>
      <trkpt lat="25.7382097" lon="100.1694945"><ele>1967.6</ele><time>2024-01-07T01:26:06Z</time></trkpt>
      <trkpt lat="25.7382121" lon="100.1694746"><ele>1967.6</ele><time>2024-01-07T01:26:07Z</time></trkpt>
      <trkpt lat="25.7382152" lon="100.1694548"><ele>1967.5</ele><time>2024-01-07T01:26:08Z</time></trkpt>
      <trkpt lat="25.7382189" lon="100.1694351"><ele>1967.4</ele><time>2024-01-07T01:26:09Z</time></trkpt>
      <trkpt lat="25.7382224" lon="100.1694155"><ele>1967.4</ele><time>2024-01-07T01:26:10Z</time></trkpt>
      <trkpt lat="25.7382249" lon="100.1693956"><ele>1967.3</ele><time>2024-01-07T01:26:11Z</time></trkpt>
      <trkpt lat="25.7382266" lon="100.1693751"><ele>1967.3</ele><time>2024-01-07T01:26:12Z</time></trkpt>
      <trkpt lat="25.7382288" lon="100.1693544"><ele>1967.3</ele><time>2024-01-07T01:26:13Z</time></trkpt>
      <trkpt lat="25.7382318" lon="100.1693335"><ele>1967.3</ele><time>2024-01-07T01:26:14Z</time></trkpt>
      <trkpt lat="25.7382347" lon="100.1693123"><ele>1967.3</ele><time>2024-01-07T01:26:15Z</time></trkpt>
      <trkpt lat="25.7382367" lon="100.1692907"><ele>1967.3</ele><time>2024-01-07T01:26:16Z</time></trkpt>
      <trkpt lat="25.7382389" lon="100.1692689"><ele>1967.4</ele><time>2024-01-07T01:26:17Z</time></trkpt>
      <trkpt lat="25.7382415" lon="100.1692474"><ele>1967.5</ele><time>2024-01-07T01:26:18Z</time></trkpt>
      <trkpt lat="25.7382442" lon="100.1692262"><ele>1967.6</ele><time>2024-01-07T01:26:19Z</time></trkpt>
      <trkpt lat="25.7382468" lon="100.1692052"><ele>1967.7</ele><time>2024-01-07T01:26:20Z</time></trkpt>
      <trkpt lat="25.7382488" lon="100.1691844"><ele>1967.8</ele><time>2024-01-07T01:26:21Z</time></trkpt>
      <trkpt lat="25.7382507" lon="100.1691637"><ele>1968.0</ele><time>2024-01-07T01:26:22Z</time></trkpt>
      <trkpt lat="25.7382526" lon="100.1691431"><ele>1968.2</ele><time>2024-01-07T01:26:23Z</time></trkpt>
      <trkpt lat="25.7382545" lon="100.1691220"><ele>1968.3</ele><time>2024-01-07T01:26:24Z</time></trkpt>
      <trkpt lat="25.7382575" lon="100.1691006"><ele>1968.4</ele><time>2024-01-07T01:26:25Z</time></trkpt>
      <trkpt lat="25.7382622" lon="100.1690789"><ele>1968.6</ele><time>2024-01-07T01:26:26Z</time></trkpt>
      <trkpt lat="25.7382683" lon="100.1690578"><ele>1968.7</ele><time>2024-01-07T01:26:27Z</time></trkpt>
      <trkpt lat="25.7382747" lon="100.1690374"><ele>1968.8</ele><time>2024-01-07T01:26:28Z</time></trkpt>
      <trkpt lat="25.7382792" lon="100.1690170"><ele>1968.9</ele><time>2024-01-07T01:26:29Z</time></trkpt>
      <trkpt lat="25.7382834" lon="100.1689967"><ele>1969.0</ele><time>2024-01-07T01:26:30Z</time></trkpt>
      <trkpt lat="25.7382885" lon="100.1689770"><ele>1969.1</ele><time>2024-01-07T01:26:31Z</time></trkpt>
      <trkpt lat="25.7382936" lon="100.1689574"><ele>1969.1</ele><time>2024-01-07T01:26:32Z</time></trkpt>
      <trkpt lat="25.7382987" lon="100.1689377"><ele>1969.1</ele><time>2024-01-07T01:26:33Z</time></trkpt>
      <trkpt lat="25.7383040" lon="100.1689176"><ele>1969.0</ele><time>2024-01-07T01:26:34Z</time></trkpt>
      <trkpt lat="25.7383093" lon="100.1688976"><ele>1969.0</ele><time>2024-01-07T01:26:35Z</time></trkpt>
      <trkpt lat="25.7383152" lon="100.1688777"><ele>1968.9</ele><time>2024-01-07T01:26:36Z</time></trkpt>
      <trkpt lat="25.7383215" lon="100.1688582"><ele>1968.8</ele><time>2024-01-07T01:26:37Z</time></trkpt>
      <trkpt lat="25.7383279" lon="100.1688392"><ele>1968.7</ele><time>2024-01-07T01:26:38Z</time></trkpt>
      <trkpt lat="25.7383338" lon="100.1688200"><ele>1968.6</ele><time>2024-01-07T01:26:39Z</time></trkpt>
      <trkpt lat="25.7383391" lon="100.1688003"><ele>1968.5</ele><time>2024-01-07T01:26:40Z</time></trkpt>
      <trkpt lat="25.7383445" lon="100.1687804"><ele>1968.4</ele><time>2024-01-07T01:26:41Z</time></trkpt>
      <trkpt lat="25.7383506" lon="100.1687603"><ele>1968.2</ele><time>2024-01-07T01:26:42Z</time></trkpt>
      <trkpt lat="25.7383576" lon="100.1687404"><ele>1968.1</ele><time>2024-01-07T01:26:43Z</time></trkpt>
      <trkpt lat="25.7383653" lon="100.1687209"><ele>1968.0</ele><time>2024-01-07T01:26:44Z</time></trkpt>
      <trkpt lat="25.7383732" lon="100.1687013"><ele>1968.0</ele><time>2024-01-07T01:26:45Z</time></trkpt>
      <trkpt lat="25.7383812" lon="100.1686815"><ele>1967.9</ele><time>2024-01-07T01:26:46Z</time></trkpt>
      <trkpt lat="25.7383894" lon="100.1686618"><ele>1967.9</ele><time>2024-01-07T01:26:47Z</time></trkpt>
      <trkpt lat="25.7383979" lon="100.1686427"><ele>1967.8</ele><time>2024-01-07T01:26:48Z</time></trkpt>
      <trkpt lat="25.7384069" lon="100.1686240"><ele>1967.8</ele><time>2024-01-07T01:26:49Z</time></trkpt>
      <trkpt lat="25.7384168" lon="100.1686056"><ele>1967.8</ele><time>2024-01-07T01:26:50Z</time></trkpt>
      <trkpt lat="25.7384270" lon="100.1685874"><ele>1967.8</ele><time>2024-01-07T01:26:51Z</time></trkpt>
      <trkpt lat="25.7384371" lon="100.1685690"><ele>1967.7</ele><time>2024-01-07T01:26:52Z</time></trkpt>
      <trkpt lat="25.7384471" lon="100.1685503"><ele>1967.7</ele><time>2024-01-07T01:26:53Z</time></trkpt>
      <trkpt lat="25.7384576" lon="100.1685317"><ele>1967.7</ele><time>2024-01-07T01:26:54Z</time></trkpt>
      <trkpt lat="25.7384684" lon="100.1685134"><ele>1967.7</ele><time>2024-01-07T01:26:55Z</time></trkpt>
      <trkpt lat="25.7384782" lon="100.1684951"><ele>1967.7</ele><time>2024-01-07T01:26:56Z</time></trkpt>
      <trkpt lat="25.7384872" lon="100.1684767"><ele>1967.7</ele><time>2024-01-07T01:26:57Z</time></trkpt>
      <trkpt lat="25.7384959" lon="100.1684586"><ele>1967.7</ele><time>2024-01-07T01:26:58Z</time></trkpt>
      <trkpt lat="25.7385045" lon="100.1684405"><ele>1967.7</ele><time>2024-01-07T01:26:59Z</time></trkpt>
      <trkpt lat="25.7385132" lon="100.1684226"><ele>1967.8</ele><time>2024-01-07T01:27:00Z</time></trkpt>
      <trkpt lat="25.7385215" lon="100.1684046"><ele>1967.8</ele><time>2024-01-07T01:27:01Z</time></trkpt>
      <trkpt lat="25.7385288" lon="100.1683862"><ele>1967.8</ele><time>2024-01-07T01:27:02Z</time></trkpt>
      <trkpt lat="25.7385352" lon="100.1683677"><ele>1967.9</ele><time>2024-01-07T01:27:03Z</time></trkpt>
      <trkpt lat="25.7385404" lon="100.1683486"><ele>1967.9</ele><time>2024-01-07T01:27:04Z</time></trkpt>
      <trkpt lat="25.7385460" lon="100.1683293"><ele>1967.9</ele><time>2024-01-07T01:27:05Z</time></trkpt>
      <trkpt lat="25.7385525" lon="100.1683100"><ele>1968.0</ele><time>2024-01-07T01:27:06Z</time></trkpt>
      <trkpt lat="25.7385594" lon="100.1682908"><ele>1968.1</ele><time>2024-01-07T01:27:07Z</time></trkpt>
      <trkpt lat="25.7385669" lon="100.1682720"><ele>1968.2</ele><time>2024-01-07T01:27:08Z</time></trkpt>
      <trkpt lat="25.7385749" lon="100.1682531"><ele>1968.3</ele><time>2024-01-07T01:27:09Z</time></trkpt>
      <trkpt lat="25.7385828" lon="100.1682341"><ele>1968.4</ele><time>2024-01-07T01:27:10Z</time></trkpt>
      <trkpt lat="25.7385908" lon="100.1682151"><ele>1968.4</ele><time>2024-01-07T01:27:11Z</time></trkpt>
      <trkpt lat="25.7385990" lon="100.1681961"><ele>1968.4</ele><time>2024-01-07T01:27:12Z</time></trkpt>
      <trkpt lat="25.7386077" lon="100.1681771"><ele>1968.5</ele><time>2024-01-07T01:27:13Z</time></trkpt>
      <trkpt lat="25.7386158" lon="100.1681578"><ele>1968.5</ele><time>2024-01-07T01:27:14Z</time></trkpt>
      <trkpt lat="25.7386228" lon="100.1681383"><ele>1968.5</ele><time>2024-01-07T01:27:15Z</time></trkpt>
      <trkpt lat="25.7386295" lon="100.1681188"><ele>1968.5</ele><time>2024-01-07T01:27:16Z</time></trkpt>
      <trkpt lat="25.7386363" lon="100.1680995"><ele>1968.5</ele><time>2024-01-07T01:27:17Z</time></trkpt>
      <trkpt lat="25.7386436" lon="100.1680807"><ele>1968.4</ele><time>2024-01-07T01:27:18Z</time></trkpt>
      <trkpt lat="25.7386512" lon="100.1680620"><ele>1968.4</ele><time>2024-01-07T01:27:19Z</time></trkpt>
      <trkpt lat="25.7386590" lon="100.1680434"><ele>1968.4</ele><time>2024-01-07T01:27:20Z</time></trkpt>
      <trkpt lat="25.7386672" lon="100.1680254"><ele>1968.3</ele><time>2024-01-07T01:27:21Z</time></trkpt>
      <trkpt lat="25.7386757" lon="100.1680078"><ele>1968.3</ele><time>2024-01-07T01:27:22Z</time></trkpt>
      <trkpt lat="25.7386841" lon="100.1679905"><ele>1968.2</ele><time>2024-01-07T01:27:23Z</time></trkpt>
      <trkpt lat="25.7386917" lon="100.1679732"><ele>1968.2</ele><time>2024-01-07T01:27:24Z</time></trkpt>
      <trkpt lat="25.7386984" lon="100.1679557"><ele>1968.1</ele><time>2024-01-07T01:27:25Z</time></trkpt>
      <trkpt lat="25.7387049" lon="100.1679384"><ele>1968.0</ele><time>2024-01-07T01:27:26Z</time></trkpt>
      <trkpt lat="25.7387109" lon="100.1679211"><ele>1967.9</ele><time>2024-01-07T01:27:27Z</time></trkpt>
      <trkpt lat="25.7387156" lon="100.1679041"><ele>1967.9</ele><time>2024-01-07T01:27:28Z</time></trkpt>
      <trkpt lat="25.7387190" lon="100.1678871"><ele>1967.8</ele><time>2024-01-07T01:27:29Z</time></trkpt>
      <trkpt lat="25.7387217" lon="100.1678701"><ele>1967.7</ele><time>2024-01-07T01:27:30Z</time></trkpt>
      <trkpt lat="25.7387237" lon="100.1678530"><ele>1967.7</ele><time>2024-01-07T01:27:31Z</time></trkpt>
      <trkpt lat="25.7387254" lon="100.1678355"><ele>1967.6</ele><time>2024-01-07T01:27:32Z</time></trkpt>
      <trkpt lat="25.7387265" lon="100.1678179"><ele>1967.6</ele><time>2024-01-07T01:27:33Z</time></trkpt>
      <trkpt lat="25.7387264" lon="100.1678001"><ele>1967.6</ele><time>2024-01-07T01:27:34Z</time></trkpt>
      <trkpt lat="25.7387255" lon="100.1677819"><ele>1967.5</ele><time>2024-01-07T01:27:35Z</time></trkpt>
      <trkpt lat="25.7387254" lon="100.1677637"><ele>1967.5</ele><time>2024-01-07T01:27:36Z</time></trkpt>
      <trkpt lat="25.7387250" lon="100.1677459"><ele>1967.5</ele><time>2024-01-07T01:27:37Z</time></trkpt>
      <trkpt lat="25.7387227" lon="100.1677289"><ele>1967.5</ele><time>2024-01-07T01:27:38Z</time></trkpt>
      <trkpt lat="25.7387185" lon="100.1677125"><ele>1967.4</ele><time>2024-01-07T01:27:39Z</time></trkpt>
      <trkpt lat="25.7387126" lon="100.1676960"><ele>1967.4</ele><time>2024-01-07T01:27:40Z</time></trkpt>
      <trkpt lat="25.7387054" lon="100.1676795"><ele>1967.4</ele><time>2024-01-07T01:27:41Z</time></trkpt>
      <trkpt lat="25.7386974" lon="100.1676633"><ele>1967.4</ele><time>2024-01-07T01:27:42Z</time></trkpt>
      <trkpt lat="25.7386890" lon="100.1676476"><ele>1967.4</ele><time>2024-01-07T01:27:43Z</time></trkpt>
      <trkpt lat="25.7386799" lon="100.1676323"><ele>1967.3</ele><time>2024-01-07T01:27:44Z</time></trkpt>
      <trkpt lat="25.7386698" lon="100.1676174"><ele>1967.3</ele><time>2024-01-07T01:27:45Z</time></trkpt>
      <trkpt lat="25.7386594" lon="100.1676026"><ele>1967.3</ele><time>2024-01-07T01:27:46Z</time></trkpt>
      <trkpt lat="25.7386495" lon="100.1675872"><ele>1967.4</ele><time>2024-01-07T01:27:47Z</time></trkpt>
      <trkpt lat="25.7386398" lon="100.1675716"><ele>1967.4</ele><time>2024-01-07T01:27:48Z</time></trkpt>
      <trkpt lat="25.7386294" lon="100.1675568"><ele>1967.4</ele><time>2024-01-07T01:27:49Z</time></trkpt>
      <trkpt lat="25.7386183" lon="100.1675428"><ele>1967.4</ele><time>2024-01-07T01:27:50Z</time></trkpt>
      <trkpt lat="25.7386069" lon="100.1675300"><ele>1967.5</ele><time>2024-01-07T01:27:51Z</time></trkpt>
      <trkpt lat="25.7385951" lon="100.1675179"><ele>1967.5</ele><time>2024-01-07T01:27:52Z</time></trkpt>
      <trkpt lat="25.7385827" lon="100.1675059"><ele>1967.6</ele><time>2024-01-07T01:27:53Z</time></trkpt>
      <trkpt lat="25.7385695" lon="100.1674948"><ele>1967.7</ele><time>2024-01-07T01:27:54Z</time></trkpt>
      <trkpt lat="25.7385555" lon="100.1674849"><ele>1967.8</ele><time>2024-01-07T01:27:55Z</time></trkpt>
      <trkpt lat="25.7385413" lon="100.1674752"><ele>1967.8</ele><time>2024-01-07T01:27:56Z</time></trkpt>
      <trkpt lat="25.7385273" lon="100.1674649"><ele>1967.9</ele><time>2024-01-07T01:27:57Z</time></trkpt>
      <trkpt lat="25.7385135" lon="100.1674539"><ele>1967.9</ele><time>2024-01-07T01:27:58Z</time></trkpt>
      <trkpt lat="25.7384998" lon="100.1674425"><ele>1968.0</ele><time>2024-01-07T01:27:59Z</time></trkpt>
      <trkpt lat="25.7384860" lon="100.1674311"><ele>1968.0</ele><time>2024-01-07T01:28:00Z</time></trkpt>
      <trkpt lat="25.7384723" lon="100.1674198"><ele>1968.0</ele><time>2024-01-07T01:28:01Z</time></trkpt>
      <trkpt lat="25.7384591" lon="100.1674086"><ele>1968.0</ele><time>2024-01-07T01:28:02Z</time></trkpt>
      <trkpt lat="25.7384464" lon="100.1673963"><ele>1968.0</ele><time>2024-01-07T01:28:03Z</time></trkpt>
      <trkpt lat="25.7384349" lon="100.1673825"><ele>1968.0</ele><time>2024-01-07T01:28:04Z</time></trkpt>
      <trkpt lat="25.7384250" lon="100.1673671"><ele>1968.0</ele><time>2024-01-07T01:28:05Z</time></trkpt>
      <trkpt lat="25.7384168" lon="100.1673498"><ele>1967.9</ele><time>2024-01-07T01:28:06Z</time></trkpt>
      <trkpt lat="25.7384104" lon="100.1673311"><ele>1967.9</ele><time>2024-01-07T01:28:07Z</time></trkpt>
      <trkpt lat="25.7384050" lon="100.1673121"><ele>1967.8</ele><time>2024-01-07T01:28:08Z</time></trkpt>
      <trkpt lat="25.7384004" lon="100.1672930"><ele>1967.7</ele><time>2024-01-07T01:28:09Z</time></trkpt>
      <trkpt lat="25.7383961" lon="100.1672737"><ele>1967.7</ele><time>2024-01-07T01:28:10Z</time></trkpt>
      <trkpt lat="25.7383921" lon="100.1672536"><ele>1967.6</ele><time>2024-01-07T01:28:11Z</time></trkpt>
      <trkpt lat="25.7383887" lon="100.1672334"><ele>1967.5</ele><time>2024-01-07T01:28:12Z</time></trkpt>
      <trkpt lat="25.7383849" lon="100.1672132"><ele>1967.4</ele><time>2024-01-07T01:28:13Z</time></trkpt>
      <trkpt lat="25.7383811" lon="100.1671927"><ele>1967.3</ele><time>2024-01-07T01:28:14Z</time></trkpt>
      <trkpt lat="25.7383785" lon="100.1671717"><ele>1967.2</ele><time>2024-01-07T01:28:15Z</time></trkpt>
      <trkpt lat="25.7383781" lon="100.1671501"><ele>1967.1</ele><time>2024-01-07T01:28:16Z</time></trkpt>
      <trkpt lat="25.7383805" lon="100.1671286"><ele>1967.0</ele><time>2024-01-07T01:28:17Z</time></trkpt>
      <trkpt lat="25.7383852" lon="100.1671077"><ele>1966.9</ele><time>2024-01-07T01:28:18Z</time></trkpt>
      <trkpt lat="25.7383889" lon="100.1670874"><ele>1966.8</ele><time>2024-01-07T01:28:19Z</time></trkpt>
      <trkpt lat="25.7383904" lon="100.1670677"><ele>1966.7</ele><time>2024-01-07T01:28:20Z</time></trkpt>
      <trkpt lat="25.7383918" lon="100.1670482"><ele>1966.6</ele><time>2024-01-07T01:28:21Z</time></trkpt>
      <trkpt lat="25.7383943" lon="100.1670289"><ele>1966.5</ele><time>2024-01-07T01:28:22Z</time></trkpt>
      <trkpt lat="25.7383968" lon="100.1670096"><ele>1966.4</ele><time>2024-01-07T01:28:23Z</time></trkpt>
      <trkpt lat="25.7383982" lon="100.1669901"><ele>1966.3</ele><time>2024-01-07T01:28:24Z</time></trkpt>
      <trkpt lat="25.7383988" lon="100.1669705"><ele>1966.2</ele><time>2024-01-07T01:28:25Z</time></trkpt>
      <trkpt lat="25.7383994" lon="100.1669512"><ele>1966.2</ele><time>2024-01-07T01:28:26Z</time></trkpt>
      <trkpt lat="25.7384005" lon="100.1669321"><ele>1966.1</ele><time>2024-01-07T01:28:27Z</time></trkpt>
      <trkpt lat="25.7384023" lon="100.1669133"><ele>1966.0</ele><time>2024-01-07T01:28:28Z</time></trkpt>
      <trkpt lat="25.7384043" lon="100.1668945"><ele>1965.9</ele><time>2024-01-07T01:28:29Z</time></trkpt>
      <trkpt lat="25.7384069" lon="100.1668759"><ele>1965.8</ele><time>2024-01-07T01:28:30Z</time></trkpt>
      <trkpt lat="25.7384105" lon="100.1668578"><ele>1965.7</ele><time>2024-01-07T01:28:31Z</time></trkpt>
      <trkpt lat="25.7384154" lon="100.1668401"><ele>1965.6</ele><time>2024-01-07T01:28:32Z</time></trkpt>
      <trkpt lat="25.7384219" lon="100.1668232"><ele>1965.5</ele><time>2024-01-07T01:28:33Z</time></trkpt>
      <trkpt lat="25.7384293" lon="100.1668068"><ele>1965.4</ele><time>2024-01-07T01:28:34Z</time></trkpt>
      <trkpt lat="25.7384364" lon="100.1667904"><ele>1965.3</ele><time>2024-01-07T01:28:35Z</time></trkpt>
      <trkpt lat="25.7384444" lon="100.1667745"><ele>1965.3</ele><time>2024-01-07T01:28:36Z</time></trkpt>
      <trkpt lat="25.7384543" lon="100.1667592"><ele>1965.2</ele><time>2024-01-07T01:28:37Z</time></trkpt>
      <trkpt lat="25.7384657" lon="100.1667450"><ele>1965.1</ele><time>2024-01-07T01:28:38Z</time></trkpt>
      <trkpt lat="25.7384778" lon="100.1667319"><ele>1965.0</ele><time>2024-01-07T01:28:39Z</time></trkpt>
      <trkpt lat="25.7384902" lon="100.1667191"><ele>1964.9</ele><time>2024-01-07T01:28:40Z</time></trkpt>
      <trkpt lat="25.7385027" lon="100.1667064"><ele>1964.9</ele><time>2024-01-07T01:28:41Z</time></trkpt>
      <trkpt lat="25.7385148" lon="100.1666934"><ele>1964.8</ele><time>2024-01-07T01:28:42Z</time></trkpt>
      <trkpt lat="25.7385261" lon="100.1666798"><ele>1964.8</ele><time>2024-01-07T01:28:43Z</time></trkpt>
      <trkpt lat="25.7385371" lon="100.1666662"><ele>1964.7</ele><time>2024-01-07T01:28:44Z</time></trkpt>
      <trkpt lat="25.7385489" lon="100.1666529"><ele>1964.7</ele><time>2024-01-07T01:28:45Z</time></trkpt>
      <trkpt lat="25.7385614" lon="100.1666402"><ele>1964.7</ele><time>2024-01-07T01:28:46Z</time></trkpt>
      <trkpt lat="25.7385742" lon="100.1666280"><ele>1964.7</ele><time>2024-01-07T01:28:47Z</time></trkpt>
      <trkpt lat="25.7385869" lon="100.1666155"><ele>1964.8</ele><time>2024-01-07T01:28:48Z</time></trkpt>
      <trkpt lat="25.7385999" lon="100.1666036"><ele>1964.8</ele><time>2024-01-07T01:28:49Z</time></trkpt>
      <trkpt lat="25.7386131" lon="100.1665923"><ele>1964.8</ele><time>2024-01-07T01:28:50Z</time></trkpt>
      <trkpt lat="25.7386266" lon="100.1665813"><ele>1964.8</ele><time>2024-01-07T01:28:51Z</time></trkpt>
      <trkpt lat="25.7386402" lon="100.1665706"><ele>1964.8</ele><time>2024-01-07T01:28:52Z</time></trkpt>
      <trkpt lat="25.7386533" lon="100.1665594"><ele>1964.9</ele><time>2024-01-07T01:28:53Z</time></trkpt>
      <trkpt lat="25.7386665" lon="100.1665481"><ele>1964.9</ele><time>2024-01-07T01:28:54Z</time></trkpt>
      <trkpt lat="25.7386800" lon="100.1665368"><ele>1964.9</ele><time>2024-01-07T01:28:55Z</time></trkpt>
      <trkpt lat="25.7386937" lon="100.1665256"><ele>1964.9</ele><time>2024-01-07T01:28:56Z</time></trkpt>
      <trkpt lat="25.7387078" lon="100.1665151"><ele>1964.9</ele><time>2024-01-07T01:28:57Z</time></trkpt>
      <trkpt lat="25.7387220" lon="100.1665050"><ele>1964.9</ele><time>2024-01-07T01:28:58Z</time></trkpt>
      <trkpt lat="25.7387356" lon="100.1664941"><ele>1964.9</ele><time>2024-01-07T01:28:59Z</time></trkpt>
      <trkpt lat="25.7387486" lon="100.1664822"><ele>1964.9</ele><time>2024-01-07T01:29:00Z</time></trkpt>
      <trkpt lat="25.7387607" lon="100.1664693"><ele>1964.9</ele><time>2024-01-07T01:29:01Z</time></trkpt>
      <trkpt lat="25.7387717" lon="100.1664555"><ele>1964.9</ele><time>2024-01-07T01:29:02Z</time></trkpt>
      <trkpt lat="25.7387817" lon="100.1664407"><ele>1964.9</ele><time>2024-01-07T01:29:03Z</time></trkpt>
      <trkpt lat="25.7387900" lon="100.1664242"><ele>1964.9</ele><time>2024-01-07T01:29:04Z</time></trkpt>
      <trkpt lat="25.7387977" lon="100.1664070"><ele>1964.9</ele><time>2024-01-07T01:29:05Z</time></trkpt>
      <trkpt lat="25.7388064" lon="100.1663901"><ele>1964.9</ele><time>2024-01-07T01:29:06Z</time></trkpt>
      <trkpt lat="25.7388165" lon="100.1663742"><ele>1964.9</ele><time>2024-01-07T01:29:07Z</time></trkpt>
    </trkseg>
  </trk>
  <extensions>
    <distance>5069.65</distance>
    <moving_time>2719.92</moving_time>
    <elapsed_time>2719.92</elapsed_time>
    <average_speed>1.86</average_speed>
    <start_time>2024-01-07T00:49:07Z</start_time>
    <end_time>2024-01-07T01:34:27Z</end_time>
    <average_hr>137.25</average_hr>
  </extensions>
</gpx>
