<?xml version="1.0" encoding="UTF-8"?>
<gpx version="1.1" creator="RunSync" xmlns="http://www.topografix.com/GPX/1/1">
  <metadata><time>2026-10-06T00:42:35Z</time></metadata>
  <trk>
    <name>跑步</name>
    <type>running</type>
    <trkseg>
      <trkpt lat="25.7397506" lon="100.1656237"><ele>1969.3</ele><time>2026-10-06T00:44:02Z</time></trkpt>
      <trkpt lat="25.7397589" lon="100.1656043"><ele>1969.3</ele><time>2026-10-06T00:44:03Z</time></trkpt>
      <trkpt lat="25.7397673" lon="100.1655857"><ele>1969.3</ele><time>2026-10-06T00:44:04Z</time></trkpt>
      <trkpt lat="25.7397754" lon="100.1655676"><ele>1969.3</ele><time>2026-10-06T00:44:05Z</time></trkpt>
      <trkpt lat="25.7397830" lon="100.1655491"><ele>1969.3</ele><time>2026-10-06T00:44:06Z</time></trkpt>
      <trkpt lat="25.7397902" lon="100.1655297"><ele>1969.3</ele><time>2026-10-06T00:44:07Z</time></trkpt>
      <trkpt lat="25.7397975" lon="100.1655098"><ele>1969.3</ele><time>2026-10-06T00:44:08Z</time></trkpt>
      <trkpt lat="25.7398048" lon="100.1654900"><ele>1969.3</ele><time>2026-10-06T00:44:09Z</time></trkpt>
      <trkpt lat="25.7398115" lon="100.1654699"><ele>1969.3</ele><time>2026-10-06T00:44:10Z</time></trkpt>
      <trkpt lat="25.7398172" lon="100.1654484"><ele>1969.2</ele><time>2026-10-06T00:44:11Z</time></trkpt>
      <trkpt lat="25.7398220" lon="100.1654266"><ele>1969.2</ele><time>2026-10-06T00:44:12Z</time></trkpt>
      <trkpt lat="25.7398265" lon="100.1654055"><ele>1969.2</ele><time>2026-10-06T00:44:13Z</time></trkpt>
      <trkpt lat="25.7398307" lon="100.1653843"><ele>1969.2</ele><time>2026-10-06T00:44:14Z</time></trkpt>
      <trkpt lat="25.7398344" lon="100.1653625"><ele>1969.2</ele><time>2026-10-06T00:44:15Z</time></trkpt>
      <trkpt lat="25.7398379" lon="100.1653398"><ele>1969.2</ele><time>2026-10-06T00:44:16Z</time></trkpt>
      <trkpt lat="25.7398415" lon="100.1653173"><ele>1969.2</ele><time>2026-10-06T00:44:17Z</time></trkpt>
      <trkpt lat="25.7398451" lon="100.1652958"><ele>1969.2</ele><time>2026-10-06T00:44:18Z</time></trkpt>
      <trkpt lat="25.7398488" lon="100.1652754"><ele>1969.2</ele><time>2026-10-06T00:44:19Z</time></trkpt>
      <trkpt lat="25.7398526" lon="100.1652571"><ele>1969.2</ele><time>2026-10-06T00:44:20Z</time></trkpt>
      <trkpt lat="25.7398559" lon="100.1652409"><ele>1969.2</ele><time>2026-10-06T00:44:21Z</time></trkpt>
      <trkpt lat="25.7398576" lon="100.1652267"><ele>1969.2</ele><time>2026-10-06T00:44:22Z</time></trkpt>
      <trkpt lat="25.7398592" lon="100.1652143"><ele>1969.3</ele><time>2026-10-06T00:44:23Z</time></trkpt>
      <trkpt lat="25.7398626" lon="100.1651997"><ele>1969.3</ele><time>2026-10-06T00:44:24Z</time></trkpt>
      <trkpt lat="25.7398679" lon="100.1651812"><ele>1969.3</ele><time>2026-10-06T00:44:25Z</time></trkpt>
      <trkpt lat="25.7398734" lon="100.1651610"><ele>1969.3</ele><time>2026-10-06T00:44:26Z</time></trkpt>
      <trkpt lat="25.7398782" lon="100.1651399"><ele>1969.3</ele><time>2026-10-06T00:44:27Z</time></trkpt>
      <trkpt lat="25.7398835" lon="100.1651200"><ele>1969.2</ele><time>2026-10-06T00:44:28Z</time></trkpt>
      <trkpt lat="25.7398898" lon="100.1651020"><ele>1969.2</ele><time>2026-10-06T00:44:29Z</time></trkpt>
      <trkpt lat="25.7398955" lon="100.1650840"><ele>1969.2</ele><time>2026-10-06T00:44:30Z</time></trkpt>
      <trkpt lat="25.7398995" lon="100.1650656"><ele>1969.2</ele><time>2026-10-06T00:44:31Z</time></trkpt>
      <trkpt lat="25.7399027" lon="100.1650457"><ele>1969.1</ele><time>2026-10-06T00:44:32Z</time></trkpt>
      <trkpt lat="25.7399053" lon="100.1650241"><ele>1969.1</ele><time>2026-10-06T00:44:33Z</time></trkpt>
      <trkpt lat="25.7399068" lon="100.1650015"><ele>1969.1</ele><time>2026-10-06T00:44:34Z</time></trkpt>
      <trkpt lat="25.7399079" lon="100.1649781"><ele>1969.1</ele><time>2026-10-06T00:44:35Z</time></trkpt>
      <trkpt lat="25.7399089" lon="100.1649549"><ele>1969.1</ele><time>2026-10-06T00:44:36Z</time></trkpt>
      <trkpt lat="25.7399098" lon="100.1649308"><ele>1969.1</ele><time>2026-10-06T00:44:37Z</time></trkpt>
      <trkpt lat="25.7399108" lon="100.1649054"><ele>1969.1</ele><time>2026-10-06T00:44:38Z</time></trkpt>
      <trkpt lat="25.7399122" lon="100.1648798"><ele>1969.1</ele><time>2026-10-06T00:44:39Z</time></trkpt>
      <trkpt lat="25.7399148" lon="100.1648545"><ele>1969.1</ele><time>2026-10-06T00:44:40Z</time></trkpt>
      <trkpt lat="25.7399195" lon="100.1648307"><ele>1969.1</ele><time>2026-10-06T00:44:41Z</time></trkpt>
      <trkpt lat="25.7399268" lon="100.1648080"><ele>1969.1</ele><time>2026-10-06T00:44:42Z</time></trkpt>
      <trkpt lat="25.7399363" lon="100.1647858"><ele>1969.1</ele><time>2026-10-06T00:44:43Z</time></trkpt>
      <trkpt lat="25.7399472" lon="100.1647642"><ele>1969.1</ele><time>2026-10-06T00:44:44Z</time></trkpt>
      <trkpt lat="25.7399588" lon="100.1647431"><ele>1969.1</ele><time>2026-10-06T00:44:45Z</time></trkpt>
      <trkpt lat="25.7399698" lon="100.1647219"><ele>1969.0</ele><time>2026-10-06T00:44:46Z</time></trkpt>
      <trkpt lat="25.7399796" lon="100.1647000"><ele>1969.0</ele><time>2026-10-06T00:44:47Z</time></trkpt>
      <trkpt lat="25.7399893" lon="100.1646777"><ele>1969.0</ele><time>2026-10-06T00:44:48Z</time></trkpt>
      <trkpt lat="25.7399992" lon="100.1646553"><ele>1969.0</ele><time>2026-10-06T00:44:49Z</time></trkpt>
      <trkpt lat="25.7400085" lon="100.1646312"><ele>1969.0</ele><time>2026-10-06T00:44:50Z</time></trkpt>
      <trkpt lat="25.7400174" lon="100.1646059"><ele>1969.0</ele><time>2026-10-06T00:44:51Z</time></trkpt>
      <trkpt lat="25.7400271" lon="100.1645808"><ele>1969.0</ele><time>2026-10-06T00:44:52Z</time></trkpt>
      <trkpt lat="25.7400389" lon="100.1645562"><ele>1969.0</ele><time>2026-10-06T00:44:53Z</time></trkpt>
      <trkpt lat="25.7400518" lon="100.1645328"><ele>1969.0</ele><time>2026-10-06T00:44:54Z</time></trkpt>
      <trkpt lat="25.7400637" lon="100.1645094"><ele>1969.0</ele><time>2026-10-06T00:44:55Z</time></trkpt>
      <trkpt lat="25.7400747" lon="100.1644856"><ele>1969.0</ele><time>2026-10-06T00:44:56Z</time></trkpt>
      <trkpt lat="25.7400854" lon="100.1644622"><ele>1969.0</ele><time>2026-10-06T00:44:57Z</time></trkpt>
      <trkpt lat="25.7400965" lon="100.1644395"><ele>1969.0</ele><time>2026-10-06T00:44:58Z</time></trkpt>
      <trkpt lat="25.7401080" lon="100.1644180"><ele>1969.0</ele><time>2026-10-06T00:44:59Z</time></trkpt>
      <trkpt lat="25.7401205" lon="100.1643977"><ele>1969.0</ele><time>2026-10-06T00:45:00Z</time></trkpt>
      <trkpt lat="25.7401335" lon="100.1643782"><ele>1969.0</ele><time>2026-10-06T00:45:01Z</time></trkpt>
      <trkpt lat="25.7401463" lon="100.1643590"><ele>1969.0</ele><time>2026-10-06T00:45:02Z</time></trkpt>
      <trkpt lat="25.7401590" lon="100.1643394"><ele>1969.0</ele><time>2026-10-06T00:45:03Z</time></trkpt>
      <trkpt lat="25.7401717" lon="100.1643198"><ele>1969.0</ele><time>2026-10-06T00:45:04Z</time></trkpt>
      <trkpt lat="25.7401843" lon="100.1642998"><ele>1969.0</ele><time>2026-10-06T00:45:05Z</time></trkpt>
      <trkpt lat="25.7401971" lon="100.1642792"><ele>1969.1</ele><time>2026-10-06T00:45:06Z</time></trkpt>
      <trkpt lat="25.7402096" lon="100.1642585"><ele>1969.1</ele><time>2026-10-06T00:45:07Z</time></trkpt>
      <trkpt lat="25.7402218" lon="100.1642377"><ele>1969.1</ele><time>2026-10-06T00:45:08Z</time></trkpt>
      <trkpt lat="25.7402342" lon="100.1642177"><ele>1969.1</ele><time>2026-10-06T00:45:09Z</time></trkpt>
      <trkpt lat="25.7402472" lon="100.1641986"><ele>1969.0</ele><time>2026-10-06T00:45:10Z</time></trkpt>
      <trkpt lat="25.7402603" lon="100.1641799"><ele>1969.0</ele><time>2026-10-06T00:45:11Z</time></trkpt>
      <trkpt lat="25.7402726" lon="100.1641612"><ele>1969.0</ele><time>2026-10-06T00:45:12Z</time></trkpt>
      <trkpt lat="25.7402845" lon="100.1641416"><ele>1969.0</ele><time>2026-10-06T00:45:13Z</time></trkpt>
      <trkpt lat="25.7402971" lon="100.1641223"><ele>1969.0</ele><time>2026-10-06T00:45:14Z</time></trkpt>
      <trkpt lat="25.7403107" lon="100.1641041"><ele>1969.0</ele><time>2026-10-06T00:45:15Z</time></trkpt>
      <trkpt lat="25.7403247" lon="100.1640867"><ele>1969.0</ele><time>2026-10-06T00:45:16Z</time></trkpt>
      <trkpt lat="25.7403388" lon="100.1640698"><ele>1969.0</ele><time>2026-10-06T00:45:17Z</time></trkpt>
      <trkpt lat="25.7403537" lon="100.1640532"><ele>1969.0</ele><time>2026-10-06T00:45:18Z</time></trkpt>
      <trkpt lat="25.7403690" lon="100.1640379"><ele>1969.0</ele><time>2026-10-06T00:45:19Z</time></trkpt>
      <trkpt lat="25.7403840" lon="100.1640236"><ele>1969.0</ele><time>2026-10-06T00:45:20Z</time></trkpt>
      <trkpt lat="25.7403992" lon="100.1640093"><ele>1969.0</ele><time>2026-10-06T00:45:21Z</time></trkpt>
      <trkpt lat="25.7404141" lon="100.1639950"><ele>1969.0</ele><time>2026-10-06T00:45:22Z</time></trkpt>
      <trkpt lat="25.7404288" lon="100.1639804"><ele>1969.0</ele><time>2026-10-06T00:45:23Z</time></trkpt>
      <trkpt lat="25.7404436" lon="100.1639653"><ele>1969.0</ele><time>2026-10-06T00:45:24Z</time></trkpt>
      <trkpt lat="25.7404577" lon="100.1639502"><ele>1969.0</ele><time>2026-10-06T00:45:25Z</time></trkpt>
      <trkpt lat="25.7404710" lon="100.1639347"><ele>1969.0</ele><time>2026-10-06T00:45:26Z</time></trkpt>
      <trkpt lat="25.7404831" lon="100.1639191"><ele>1969.0</ele><time>2026-10-06T00:45:27Z</time></trkpt>
      <trkpt lat="25.7404943" lon="100.1639036"><ele>1969.0</ele><time>2026-10-06T00:45:28Z</time></trkpt>
      <trkpt lat="25.7405055" lon="100.1638881"><ele>1969.0</ele><time>2026-10-06T00:45:29Z</time></trkpt>
      <trkpt lat="25.7405171" lon="100.1638729"><ele>1969.0</ele><time>2026-10-06T00:45:30Z</time></trkpt>
      <trkpt lat="25.7405293" lon="100.1638573"><ele>1969.0</ele><time>2026-10-06T00:45:31Z</time></trkpt>
      <trkpt lat="25.7405419" lon="100.1638410"><ele>1968.9</ele><time>2026-10-06T00:45:32Z</time></trkpt>
      <trkpt lat="25.7405543" lon="100.1638241"><ele>1968.9</ele><time>2026-10-06T00:45:33Z</time></trkpt>
      <trkpt lat="25.7405665" lon="100.1638069"><ele>1968.9</ele><time>2026-10-06T00:45:34Z</time></trkpt>
      <trkpt lat="25.7405787" lon="100.1637902"><ele>1968.8</ele><time>2026-10-06T00:45:35Z</time></trkpt>
      <trkpt lat="25.7405916" lon="100.1637740"><ele>1968.8</ele><time>2026-10-06T00:45:36Z</time></trkpt>
      <trkpt lat="25.7406049" lon="100.1637584"><ele>1968.7</ele><time>2026-10-06T00:45:37Z</time></trkpt>
      <trkpt lat="25.7406188" lon="100.1637429"><ele>1968.7</ele><time>2026-10-06T00:45:38Z</time></trkpt>
      <trkpt lat="25.7406334" lon="100.1637273"><ele>1968.6</ele><time>2026-10-06T00:45:39Z</time></trkpt>
      <trkpt lat="25.7406480" lon="100.1637119"><ele>1968.6</ele><time>2026-10-06T00:45:40Z</time></trkpt>
      <trkpt lat="25.7406626" lon="100.1636970"><ele>1968.6</ele><time>2026-10-06T00:45:41Z</time></trkpt>
      <trkpt lat="25.7406775" lon="100.1636825"><ele>1968.6</ele><time>2026-10-06T00:45:42Z</time></trkpt>
      <trkpt lat="25.7406925" lon="100.1636689"><ele>1968.6</ele><time>2026-10-06T00:45:43Z</time></trkpt>
      <trkpt lat="25.7407071" lon="100.1636559"><ele>1968.6</ele><time>2026-10-06T00:45:44Z</time></trkpt>
      <trkpt lat="25.7407216" lon="100.1636431"><ele>1968.6</ele><time>2026-10-06T00:45:45Z</time></trkpt>
      <trkpt lat="25.7407359" lon="100.1636296"><ele>1968.6</ele><time>2026-10-06T00:45:46Z</time></trkpt>
      <trkpt lat="25.7407501" lon="100.1636150"><ele>1968.6</ele><time>2026-10-06T00:45:47Z</time></trkpt>
      <trkpt lat="25.7407645" lon="100.1635997"><ele>1968.6</ele><time>2026-10-06T00:45:48Z</time></trkpt>
      <trkpt lat="25.7407793" lon="100.1635839"><ele>1968.6</ele><time>2026-10-06T00:45:49Z</time></trkpt>
      <trkpt lat="25.7407938" lon="100.1635677"><ele>1968.7</ele><time>2026-10-06T00:45:50Z</time></trkpt>
      <trkpt lat="25.7408083" lon="100.1635504"><ele>1968.7</ele><time>2026-10-06T00:45:51Z</time></trkpt>
      <trkpt lat="25.7408225" lon="100.1635319"><ele>1968.7</ele><time>2026-10-06T00:45:52Z</time></trkpt>
      <trkpt lat="25.7408359" lon="100.1635133"><ele>1968.7</ele><time>2026-10-06T00:45:53Z</time></trkpt>
      <trkpt lat="25.7408489" lon="100.1634946"><ele>1968.7</ele><time>2026-10-06T00:45:54Z</time></trkpt>
      <trkpt lat="25.7408615" lon="100.1634761"><ele>1968.7</ele><time>2026-10-06T00:45:55Z</time></trkpt>
      <trkpt lat="25.7408743" lon="100.1634581"><ele>1968.7</ele><time>2026-10-06T00:45:56Z</time></trkpt>
      <trkpt lat="25.7408877" lon="100.1634408"><ele>1968.7</ele><time>2026-10-06T00:45:57Z</time></trkpt>
      <trkpt lat="25.7409009" lon="100.1634243"><ele>1968.7</ele><time>2026-10-06T00:45:58Z</time></trkpt>
      <trkpt lat="25.7409140" lon="100.1634076"><ele>1968.7</ele><time>2026-10-06T00:45:59Z</time></trkpt>
      <trkpt lat="25.7409267" lon="100.1633907"><ele>1968.7</ele><time>2026-10-06T00:46:00Z</time></trkpt>
      <trkpt lat="25.7409389" lon="100.1633737"><ele>1968.7</ele><time>2026-10-06T00:46:01Z</time></trkpt>
      <trkpt lat="25.7409505" lon="100.1633565"><ele>1968.7</ele><time>2026-10-06T00:46:02Z</time></trkpt>
      <trkpt lat="25.7409615" lon="100.1633387"><ele>1968.7</ele><time>2026-10-06T00:46:03Z</time></trkpt>
      <trkpt lat="25.7409724" lon="100.1633199"><ele>1968.7</ele><time>2026-10-06T00:46:04Z</time></trkpt>
      <trkpt lat="25.7409831" lon="100.1633003"><ele>1968.7</ele><time>2026-10-06T00:46:05Z</time></trkpt>
      <trkpt lat="25.7409935" lon="100.1632807"><ele>1968.7</ele><time>2026-10-06T00:46:06Z</time></trkpt>
      <trkpt lat="25.7410036" lon="100.1632609"><ele>1968.7</ele><time>2026-10-06T00:46:07Z</time></trkpt>
      <trkpt lat="25.7410141" lon="100.1632410"><ele>1968.7</ele><time>2026-10-06T00:46:08Z</time></trkpt>
      <trkpt lat="25.7410247" lon="100.1632216"><ele>1968.7</ele><time>2026-10-06T00:46:09Z</time></trkpt>
      <trkpt lat="25.7410349" lon="100.1632026"><ele>1968.7</ele><time>2026-10-06T00:46:10Z</time></trkpt>
      <trkpt lat="25.7410450" lon="100.1631839"><ele>1968.7</ele><time>2026-10-06T00:46:11Z</time></trkpt>
      <trkpt lat="25.7410560" lon="100.1631651"><ele>1968.7</ele><time>2026-10-06T00:46:12Z</time></trkpt>
      <trkpt lat="25.7410672" lon="100.1631468"><ele>1968.7</ele><time>2026-10-06T00:46:13Z</time></trkpt>
      <trkpt lat="25.7410772" lon="100.1631283"><ele>1968.7</ele><time>2026-10-06T00:46:14Z</time></trkpt>
      <trkpt lat="25.7410861" lon="100.1631097"><ele>1968.7</ele><time>2026-10-06T00:46:15Z</time></trkpt>
      <trkpt lat="25.7410949" lon="100.1630911"><ele>1968.7</ele><time>2026-10-06T00:46:16Z</time></trkpt>
      <trkpt lat="25.7411037" lon="100.1630719"><ele>1968.7</ele><time>2026-10-06T00:46:17Z</time></trkpt>
      <trkpt lat="25.7411121" lon="100.1630523"><ele>1968.7</ele><time>2026-10-06T00:46:18Z</time></trkpt>
      <trkpt lat="25.7411202" lon="100.1630327"><ele>1968.6</ele><time>2026-10-06T00:46:19Z</time></trkpt>
      <trkpt lat="25.7411278" lon="100.1630130"><ele>1968.6</ele><time>2026-10-06T00:46:20Z</time></trkpt>
      <trkpt lat="25.7411344" lon="100.1629939"><ele>1968.6</ele><time>2026-10-06T00:46:21Z</time></trkpt>
      <trkpt lat="25.7411408" lon="100.1629746"><ele>1968.6</ele><time>2026-10-06T00:46:22Z</time></trkpt>
      <trkpt lat="25.7411472" lon="100.1629545"><ele>1968.7</ele><time>2026-10-06T00:46:23Z</time></trkpt>
      <trkpt lat="25.7411536" lon="100.1629343"><ele>1968.7</ele><time>2026-10-06T00:46:24Z</time></trkpt>
      <trkpt lat="25.7411602" lon="100.1629140"><ele>1968.7</ele><time>2026-10-06T00:46:25Z</time></trkpt>
      <trkpt lat="25.7411665" lon="100.1628942"><ele>1968.7</ele><time>2026-10-06T00:46:26Z</time></trkpt>
      <trkpt lat="25.7411726" lon="100.1628742"><ele>1968.7</ele><time>2026-10-06T00:46:27Z</time></trkpt>
      <trkpt lat="25.7411779" lon="100.1628539"><ele>1968.7</ele><time>2026-10-06T00:46:28Z</time></trkpt>
      <trkpt lat="25.7411825" lon="100.1628334"><ele>1968.7</ele><time>2026-10-06T00:46:29Z</time></trkpt>
      <trkpt lat="25.7411877" lon="100.1628132"><ele>1968.7</ele><time>2026-10-06T00:46:30Z</time></trkpt>
      <trkpt lat="25.7411931" lon="100.1627934"><ele>1968.7</ele><time>2026-10-06T00:46:31Z</time></trkpt>
      <trkpt lat="25.7411981" lon="100.1627735"><ele>1968.7</ele><time>2026-10-06T00:46:32Z</time></trkpt>
      <trkpt lat="25.7412027" lon="100.1627533"><ele>1968.7</ele><time>2026-10-06T00:46:33Z</time></trkpt>
      <trkpt lat="25.7412069" lon="100.1627327"><ele>1968.7</ele><time>2026-10-06T00:46:34Z</time></trkpt>
      <trkpt lat="25.7412110" lon="100.1627114"><ele>1968.7</ele><time>2026-10-06T00:46:35Z</time></trkpt>
      <trkpt lat="25.7412149" lon="100.1626899"><ele>1968.7</ele><time>2026-10-06T00:46:36Z</time></trkpt>
      <trkpt lat="25.7412185" lon="100.1626680"><ele>1968.7</ele><time>2026-10-06T00:46:37Z</time></trkpt>
      <trkpt lat="25.7412228" lon="100.1626460"><ele>1968.7</ele><time>2026-10-06T00:46:38Z</time></trkpt>
      <trkpt lat="25.7412273" lon="100.1626245"><ele>1968.7</ele><time>2026-10-06T00:46:39Z</time></trkpt>
      <trkpt lat="25.7412316" lon="100.1626027"><ele>1968.7</ele><time>2026-10-06T00:46:40Z</time></trkpt>
      <trkpt lat="25.7412353" lon="100.1625809"><ele>1968.7</ele><time>2026-10-06T00:46:41Z</time></trkpt>
      <trkpt lat="25.7412387" lon="100.1625591"><ele>1968.7</ele><time>2026-10-06T00:46:42Z</time></trkpt>
      <trkpt lat="25.7412416" lon="100.1625376"><ele>1968.7</ele><time>2026-10-06T00:46:43Z</time></trkpt>
      <trkpt lat="25.7412439" lon="100.1625167"><ele>1968.7</ele><time>2026-10-06T00:46:44Z</time></trkpt>
      <trkpt lat="25.7412465" lon="100.1624952"><ele>1968.8</ele><time>2026-10-06T00:46:45Z</time></trkpt>
      <trkpt lat="25.7412500" lon="100.1624733"><ele>1968.8</ele><time>2026-10-06T00:46:46Z</time></trkpt>
      <trkpt lat="25.7412535" lon="100.1624513"><ele>1968.8</ele><time>2026-10-06T00:46:47Z</time></trkpt>
      <trkpt lat="25.7412567" lon="100.1624292"><ele>1968.8</ele><time>2026-10-06T00:46:48Z</time></trkpt>
      <trkpt lat="25.7412611" lon="100.1624078"><ele>1968.8</ele><time>2026-10-06T00:46:49Z</time></trkpt>
      <trkpt lat="25.7412680" lon="100.1623865"><ele>1968.9</ele><time>2026-10-06T00:46:50Z</time></trkpt>
      <trkpt lat="25.7412766" lon="100.1623649"><ele>1968.9</ele><time>2026-10-06T00:46:51Z</time></trkpt>
      <trkpt lat="25.7412854" lon="100.1623437"><ele>1968.9</ele><time>2026-10-06T00:46:52Z</time></trkpt>
      <trkpt lat="25.7412945" lon="100.1623229"><ele>1968.9</ele><time>2026-10-06T00:46:53Z</time></trkpt>
      <trkpt lat="25.7413043" lon="100.1623025"><ele>1968.9</ele><time>2026-10-06T00:46:54Z</time></trkpt>
      <trkpt lat="25.7413143" lon="100.1622823"><ele>1968.9</ele><time>2026-10-06T00:46:55Z</time></trkpt>
      <trkpt lat="25.7413235" lon="100.1622621"><ele>1968.9</ele><time>2026-10-06T00:46:56Z</time></trkpt>
      <trkpt lat="25.7413320" lon="100.1622425"><ele>1968.9</ele><time>2026-10-06T00:46:57Z</time></trkpt>
      <trkpt lat="25.7413403" lon="100.1622228"><ele>1968.9</ele><time>2026-10-06T00:46:58Z</time></trkpt>
      <trkpt lat="25.7413489" lon="100.1622033"><ele>1968.8</ele><time>2026-10-06T00:46:59Z</time></trkpt>
      <trkpt lat="25.7413578" lon="100.1621845"><ele>1968.9</ele><time>2026-10-06T00:47:00Z</time></trkpt>
      <trkpt lat="25.7413671" lon="100.1621660"><ele>1968.9</ele><time>2026-10-06T00:47:01Z</time></trkpt>
      <trkpt lat="25.7413766" lon="100.1621475"><ele>1968.9</ele><time>2026-10-06T00:47:02Z</time></trkpt>
      <trkpt lat="25.7413864" lon="100.1621289"><ele>1968.9</ele><time>2026-10-06T00:47:03Z</time></trkpt>
      <trkpt lat="25.7413966" lon="100.1621106"><ele>1968.9</ele><time>2026-10-06T00:47:04Z</time></trkpt>
      <trkpt lat="25.7414074" lon="100.1620926"><ele>1968.9</ele><time>2026-10-06T00:47:05Z</time></trkpt>
      <trkpt lat="25.7414186" lon="100.1620743"><ele>1968.9</ele><time>2026-10-06T00:47:06Z</time></trkpt>
      <trkpt lat="25.7414297" lon="100.1620558"><ele>1968.9</ele><time>2026-10-06T00:47:07Z</time></trkpt>
      <trkpt lat="25.7414407" lon="100.1620372"><ele>1968.9</ele><time>2026-10-06T00:47:08Z</time></trkpt>
      <trkpt lat="25.7414517" lon="100.1620185"><ele>1968.9</ele><time>2026-10-06T00:47:09Z</time></trkpt>
      <trkpt lat="25.7414627" lon="100.1620001"><ele>1968.9</ele><time>2026-10-06T00:47:10Z</time></trkpt>
      <trkpt lat="25.7414736" lon="100.1619815"><ele>1968.9</ele><time>2026-10-06T00:47:11Z</time></trkpt>
      <trkpt lat="25.7414844" lon="100.1619629"><ele>1968.9</ele><time>2026-10-06T00:47:12Z</time></trkpt>
      <trkpt lat="25.7414951" lon="100.1619437"><ele>1968.9</ele><time>2026-10-06T00:47:13Z</time></trkpt>
      <trkpt lat="25.7415054" lon="100.1619239"><ele>1968.9</ele><time>2026-10-06T00:47:14Z</time></trkpt>
      <trkpt lat="25.7415157" lon="100.1619044"><ele>1969.0</ele><time>2026-10-06T00:47:15Z</time></trkpt>
      <trkpt lat="25.7415270" lon="100.1618862"><ele>1969.0</ele><time>2026-10-06T00:47:16Z</time></trkpt>
      <trkpt lat="25.7415393" lon="100.1618694"><ele>1969.0</ele><time>2026-10-06T00:47:17Z</time></trkpt>
      <trkpt lat="25.7415525" lon="100.1618532"><ele>1969.0</ele><time>2026-10-06T00:47:18Z</time></trkpt>
      <trkpt lat="25.7415667" lon="100.1618371"><ele>1969.0</ele><time>2026-10-06T00:47:19Z</time></trkpt>
      <trkpt lat="25.7415812" lon="100.1618221"><ele>1969.0</ele><time>2026-10-06T00:47:20Z</time></trkpt>
      <trkpt lat="25.7415960" lon="100.1618080"><ele>1969.1</ele><time>2026-10-06T00:47:21Z</time></trkpt>
      <trkpt lat="25.7416107" lon="100.1617941"><ele>1969.1</ele><time>2026-10-06T00:47:22Z</time></trkpt>
      <trkpt lat="25.7416255" lon="100.1617797"><ele>1969.1</ele><time>2026-10-06T00:47:23Z</time></trkpt>
      <trkpt lat="25.7416407" lon="100.1617653"><ele>1969.1</ele><time>2026-10-06T00:47:24Z</time></trkpt>
      <trkpt lat="25.7416560" lon="100.1617517"><ele>1969.1</ele><time>2026-10-06T00:47:25Z</time></trkpt>
      <trkpt lat="25.7416712" lon="100.1617384"><ele>1969.2</ele><time>2026-10-06T00:47:26Z</time></trkpt>
      <trkpt lat="25.7416861" lon="100.1617245"><ele>1969.2</ele><time>2026-10-06T00:47:27Z</time></trkpt>
      <trkpt lat="25.7417006" lon="100.1617101"><ele>1969.2</ele><time>2026-10-06T00:47:28Z</time></trkpt>
      <trkpt lat="25.7417152" lon="100.1616960"><ele>1969.2</ele><time>2026-10-06T00:47:29Z</time></trkpt>
      <trkpt lat="25.7417296" lon="100.1616830"><ele>1969.3</ele><time>2026-10-06T00:47:30Z</time></trkpt>
      <trkpt lat="25.7417438" lon="100.1616701"><ele>1969.3</ele><time>2026-10-06T00:47:31Z</time></trkpt>
      <trkpt lat="25.7417573" lon="100.1616564"><ele>1969.3</ele><time>2026-10-06T00:47:32Z</time></trkpt>
      <trkpt lat="25.7417696" lon="100.1616420"><ele>1969.3</ele><time>2026-10-06T00:47:33Z</time></trkpt>
      <trkpt lat="25.7417813" lon="100.1616267"><ele>1969.3</ele><time>2026-10-06T00:47:34Z</time></trkpt>
      <trkpt lat="25.7417933" lon="100.1616111"><ele>1969.4</ele><time>2026-10-06T00:47:35Z</time></trkpt>
      <trkpt lat="25.7418064" lon="100.1615957"><ele>1969.4</ele><time>2026-10-06T00:47:36Z</time></trkpt>
      <trkpt lat="25.7418200" lon="100.1615805"><ele>1969.4</ele><time>2026-10-06T00:47:37Z</time></trkpt>
      <trkpt lat="25.7418331" lon="100.1615653"><ele>1969.4</ele><time>2026-10-06T00:47:38Z</time></trkpt>
      <trkpt lat="25.7418454" lon="100.1615496"><ele>1969.4</ele><time>2026-10-06T00:47:39Z</time></trkpt>
      <trkpt lat="25.7418575" lon="100.1615342"><ele>1969.4</ele><time>2026-10-06T00:47:40Z</time></trkpt>
      <trkpt lat="25.7418699" lon="100.1615194"><ele>1969.4</ele><time>2026-10-06T00:47:41Z</time></trkpt>
      <trkpt lat="25.7418830" lon="100.1615046"><ele>1969.4</ele><time>2026-10-06T00:47:42Z</time></trkpt>
      <trkpt lat="25.7418963" lon="100.1614896"><ele>1969.4</ele><time>2026-10-06T00:47:43Z</time></trkpt>
      <trkpt lat="25.7419095" lon="100.1614741"><ele>1969.5</ele><time>2026-10-06T00:47:44Z</time></trkpt>
      <trkpt lat="25.7419221" lon="100.1614582"><ele>1969.5</ele><time>2026-10-06T00:47:45Z</time></trkpt>
      <trkpt lat="25.7419338" lon="100.1614419"><ele>1969.5</ele><time>2026-10-06T00:47:46Z</time></trkpt>
      <trkpt lat="25.7419451" lon="100.1614244"><ele>1969.5</ele><time>2026-10-06T00:47:47Z</time></trkpt>
      <trkpt lat="25.7419558" lon="100.1614066"><ele>1969.5</ele><time>2026-10-06T00:47:48Z</time></trkpt>
      <trkpt lat="25.7419666" lon="100.1613886"><ele>1969.6</ele><time>2026-10-06T00:47:49Z</time></trkpt>
      <trkpt lat="25.7419779" lon="100.1613706"><ele>1969.6</ele><time>2026-10-06T00:47:50Z</time></trkpt>
      <trkpt lat="25.7419893" lon="100.1613535"><ele>1969.6</ele><time>2026-10-06T00:47:51Z</time></trkpt>
      <trkpt lat="25.7420012" lon="100.1613366"><ele>1969.7</ele><time>2026-10-06T00:47:52Z</time></trkpt>
      <trkpt lat="25.7420137" lon="100.1613192"><ele>1969.7</ele><time>2026-10-06T00:47:53Z</time></trkpt>
      <trkpt lat="25.7420265" lon="100.1613017"><ele>1969.7</ele><time>2026-10-06T00:47:54Z</time></trkpt>
      <trkpt lat="25.7420395" lon="100.1612838"><ele>1969.7</ele><time>2026-10-06T00:47:55Z</time></trkpt>
      <trkpt lat="25.7420527" lon="100.1612662"><ele>1969.8</ele><time>2026-10-06T00:47:56Z</time></trkpt>
      <trkpt lat="25.7420667" lon="100.1612482"><ele>1969.8</ele><time>2026-10-06T00:47:57Z</time></trkpt>
      <trkpt lat="25.7420809" lon="100.1612298"><ele>1969.8</ele><time>2026-10-06T00:47:58Z</time></trkpt>
      <trkpt lat="25.7420944" lon="100.1612118"><ele>1969.8</ele><time>2026-10-06T00:47:59Z</time></trkpt>
      <trkpt lat="25.7421074" lon="100.1611939"><ele>1969.7</ele><time>2026-10-06T00:48:00Z</time></trkpt>
      <trkpt lat="25.7421198" lon="100.1611752"><ele>1969.7</ele><time>2026-10-06T00:48:01Z</time></trkpt>
      <trkpt lat="25.7421313" lon="100.1611554"><ele>1969.7</ele><time>2026-10-06T00:48:02Z</time></trkpt>
      <trkpt lat="25.7421417" lon="100.1611361"><ele>1969.7</ele><time>2026-10-06T00:48:03Z</time></trkpt>
      <trkpt lat="25.7421512" lon="100.1611174"><ele>1969.6</ele><time>2026-10-06T00:48:04Z</time></trkpt>
      <trkpt lat="25.7421607" lon="100.1610978"><ele>1969.6</ele><time>2026-10-06T00:48:05Z</time></trkpt>
      <trkpt lat="25.7421705" lon="100.1610782"><ele>1969.6</ele><time>2026-10-06T00:48:06Z</time></trkpt>
      <trkpt lat="25.7421803" lon="100.1610591"><ele>1969.5</ele><time>2026-10-06T00:48:07Z</time></trkpt>
      <trkpt lat="25.7421898" lon="100.1610405"><ele>1969.5</ele><time>2026-10-06T00:48:08Z</time></trkpt>
      <trkpt lat="25.7421994" lon="100.1610222"><ele>1969.5</ele><time>2026-10-06T00:48:09Z</time></trkpt>
      <trkpt lat="25.7422096" lon="100.1610032"><ele>1969.4</ele><time>2026-10-06T00:48:10Z</time></trkpt>
      <trkpt lat="25.7422198" lon="100.1609843"><ele>1969.4</ele><time>2026-10-06T00:48:11Z</time></trkpt>
      <trkpt lat="25.7422296" lon="100.1609660"><ele>1969.4</ele><time>2026-10-06T00:48:12Z</time></trkpt>
      <trkpt lat="25.7422389" lon="100.1609472"><ele>1969.4</ele><time>2026-10-06T00:48:13Z</time></trkpt>
      <trkpt lat="25.7422475" lon="100.1609280"><ele>1969.3</ele><time>2026-10-06T00:48:14Z</time></trkpt>
      <trkpt lat="25.7422558" lon="100.1609078"><ele>1969.3</ele><time>2026-10-06T00:48:15Z</time></trkpt>
      <trkpt lat="25.7422643" lon="100.1608875"><ele>1969.2</ele><time>2026-10-06T00:48:16Z</time></trkpt>
      <trkpt lat="25.7422722" lon="100.1608677"><ele>1969.2</ele><time>2026-10-06T00:48:17Z</time></trkpt>
      <trkpt lat="25.7422794" lon="100.1608486"><ele>1969.2</ele><time>2026-10-06T00:48:18Z</time></trkpt>
      <trkpt lat="25.7422867" lon="100.1608299"><ele>1969.1</ele><time>2026-10-06T00:48:19Z</time></trkpt>
      <trkpt lat="25.7422939" lon="100.1608108"><ele>1969.1</ele><time>2026-10-06T00:48:20Z</time></trkpt>
      <trkpt lat="25.7423009" lon="100.1607912"><ele>1969.1</ele><time>2026-10-06T00:48:21Z</time></trkpt>
      <trkpt lat="25.7423074" lon="100.1607710"><ele>1969.0</ele><time>2026-10-06T00:48:22Z</time></trkpt>
      <trkpt lat="25.7423133" lon="100.1607501"><ele>1969.0</ele><time>2026-10-06T00:48:23Z</time></trkpt>
      <trkpt lat="25.7423188" lon="100.1607295"><ele>1969.0</ele><time>2026-10-06T00:48:24Z</time></trkpt>
      <trkpt lat="25.7423248" lon="100.1607092"><ele>1969.0</ele><time>2026-10-06T00:48:25Z</time></trkpt>
      <trkpt lat="25.7423320" lon="100.1606887"><ele>1969.0</ele><time>2026-10-06T00:48:26Z</time></trkpt>
      <trkpt lat="25.7423395" lon="100.1606688"><ele>1969.0</ele><time>2026-10-06T00:48:27Z</time></trkpt>
      <trkpt lat="25.7423473" lon="100.1606495"><ele>1969.0</ele><time>2026-10-06T00:48:28Z</time></trkpt>
      <trkpt lat="25.7423553" lon="100.1606299"><ele>1969.0</ele><time>2026-10-06T00:48:29Z</time></trkpt>
      <trkpt lat="25.7423636" lon="100.1606098"><ele>1969.0</ele><time>2026-10-06T00:48:30Z</time></trkpt>
      <trkpt lat="25.7423718" lon="100.1605891"><ele>1969.0</ele><time>2026-10-06T00:48:31Z</time></trkpt>
      <trkpt lat="25.7423788" lon="100.1605679"><ele>1969.0</ele><time>2026-10-06T00:48:32Z</time></trkpt>
      <trkpt lat="25.7423856" lon="100.1605466"><ele>1969.0</ele><time>2026-10-06T00:48:33Z</time></trkpt>
      <trkpt lat="25.7423926" lon="100.1605252"><ele>1969.0</ele><time>2026-10-06T00:48:34Z</time></trkpt>
      <trkpt lat="25.7423997" lon="100.1605036"><ele>1969.0</ele><time>2026-10-06T00:48:35Z</time></trkpt>
      <trkpt lat="25.7424073" lon="100.1604813"><ele>1968.9</ele><time>2026-10-06T00:48:36Z</time></trkpt>
      <trkpt lat="25.7424161" lon="100.1604593"><ele>1968.9</ele><time>2026-10-06T00:48:37Z</time></trkpt>
      <trkpt lat="25.7424262" lon="100.1604382"><ele>1968.9</ele><time>2026-10-06T00:48:38Z</time></trkpt>
      <trkpt lat="25.7424368" lon="100.1604180"><ele>1968.9</ele><time>2026-10-06T00:48:39Z</time></trkpt>
      <trkpt lat="25.7424477" lon="100.1603984"><ele>1968.9</ele><time>2026-10-06T00:48:40Z</time></trkpt>
      <trkpt lat="25.7424593" lon="100.1603788"><ele>1968.9</ele><time>2026-10-06T00:48:41Z</time></trkpt>
      <trkpt lat="25.7424717" lon="100.1603597"><ele>1968.8</ele><time>2026-10-06T00:48:42Z</time></trkpt>
      <trkpt lat="25.7424847" lon="100.1603426"><ele>1968.8</ele><time>2026-10-06T00:48:43Z</time></trkpt>
      <trkpt lat="25.7424991" lon="100.1603268"><ele>1968.8</ele><time>2026-10-06T00:48:44Z</time></trkpt>
      <trkpt lat="25.7425146" lon="100.1603114"><ele>1968.8</ele><time>2026-10-06T00:48:45Z</time></trkpt>
      <trkpt lat="25.7425310" lon="100.1602964"><ele>1968.8</ele><time>2026-10-06T00:48:46Z</time></trkpt>
      <trkpt lat="25.7425480" lon="100.1602817"><ele>1968.9</ele><time>2026-10-06T00:48:47Z</time></trkpt>
      <trkpt lat="25.7425653" lon="100.1602671"><ele>1968.9</ele><time>2026-10-06T00:48:48Z</time></trkpt>
      <trkpt lat="25.7425834" lon="100.1602526"><ele>1968.9</ele><time>2026-10-06T00:48:49Z</time></trkpt>
      <trkpt lat="25.7426015" lon="100.1602390"><ele>1968.9</ele><time>2026-10-06T00:48:50Z</time></trkpt>
      <trkpt lat="25.7426195" lon="100.1602264"><ele>1968.9</ele><time>2026-10-06T00:48:51Z</time></trkpt>
      <trkpt lat="25.7426383" lon="100.1602145"><ele>1968.9</ele><time>2026-10-06T00:48:52Z</time></trkpt>
      <trkpt lat="25.7426576" lon="100.1602032"><ele>1968.9</ele><time>2026-10-06T00:48:53Z</time></trkpt>
      <trkpt lat="25.7426771" lon="100.1601923"><ele>1969.0</ele><time>2026-10-06T00:48:54Z</time></trkpt>
      <trkpt lat="25.7426959" lon="100.1601817"><ele>1969.0</ele><time>2026-10-06T00:48:55Z</time></trkpt>
      <trkpt lat="25.7427129" lon="100.1601707"><ele>1969.0</ele><time>2026-10-06T00:48:56Z</time></trkpt>
      <trkpt lat="25.7427294" lon="100.1601585"><ele>1969.0</ele><time>2026-10-06T00:48:57Z</time></trkpt>
      <trkpt lat="25.7427461" lon="100.1601456"><ele>1969.0</ele><time>2026-10-06T00:48:58Z</time></trkpt>
      <trkpt lat="25.7427631" lon="100.1601319"><ele>1969.0</ele><time>2026-10-06T00:48:59Z</time></trkpt>
      <trkpt lat="25.7427799" lon="100.1601182"><ele>1969.0</ele><time>2026-10-06T00:49:00Z</time></trkpt>
      <trkpt lat="25.7427959" lon="100.1601048"><ele>1969.0</ele><time>2026-10-06T00:49:01Z</time></trkpt>
      <trkpt lat="25.7428118" lon="100.1600908"><ele>1969.1</ele><time>2026-10-06T00:49:02Z</time></trkpt>
      <trkpt lat="25.7428280" lon="100.1600765"><ele>1969.1</ele><time>2026-10-06T00:49:03Z</time></trkpt>
      <trkpt lat="25.7428440" lon="100.1600623"><ele>1969.1</ele><time>2026-10-06T00:49:04Z</time></trkpt>
      <trkpt lat="25.7428596" lon="100.1600486"><ele>1969.1</ele><time>2026-10-06T00:49:05Z</time></trkpt>
      <trkpt lat="25.7428746" lon="100.1600358"><ele>1969.1</ele><time>2026-10-06T00:49:06Z</time></trkpt>
      <trkpt lat="25.7428901" lon="100.1600238"><ele>1969.1</ele><time>2026-10-06T00:49:07Z</time></trkpt>
      <trkpt lat="25.7429063" lon="100.1600123"><ele>1969.2</ele><time>2026-10-06T00:49:08Z</time></trkpt>
      <trkpt lat="25.7429237" lon="100.1600001"><ele>1969.2</ele><time>2026-10-06T00:49:09Z</time></trkpt>
      <trkpt lat="25.7429420" lon="100.1599867"><ele>1969.2</ele><time>2026-10-06T00:49:10Z</time></trkpt>
      <trkpt lat="25.7429601" lon="100.1599732"><ele>1969.2</ele><time>2026-10-06T00:49:11Z</time></trkpt>
      <trkpt lat="25.7429782" lon="100.1599599"><ele>1969.2</ele><time>2026-10-06T00:49:12Z</time></trkpt>
      <trkpt lat="25.7429969" lon="100.1599467"><ele>1969.2</ele><time>2026-10-06T00:49:13Z</time></trkpt>
      <trkpt lat="25.7430171" lon="100.1599332"><ele>1969.2</ele><time>2026-10-06T00:49:14Z</time></trkpt>
      <trkpt lat="25.7430385" lon="100.1599200"><ele>1969.2</ele><time>2026-10-06T00:49:15Z</time></trkpt>
      <trkpt lat="25.7430593" lon="100.1599073"><ele>1969.2</ele><time>2026-10-06T00:49:16Z</time></trkpt>
      <trkpt lat="25.7430787" lon="100.1598939"><ele>1969.2</ele><time>2026-10-06T00:49:17Z</time></trkpt>
      <trkpt lat="25.7430961" lon="100.1598793"><ele>1969.2</ele><time>2026-10-06T00:49:18Z</time></trkpt>
      <trkpt lat="25.7431124" lon="100.1598640"><ele>1969.2</ele><time>2026-10-06T00:49:19Z</time></trkpt>
      <trkpt lat="25.7431286" lon="100.1598481"><ele>1969.2</ele><time>2026-10-06T00:49:20Z</time></trkpt>
      <trkpt lat="25.7431442" lon="100.1598314"><ele>1969.1</ele><time>2026-10-06T00:49:21Z</time></trkpt>
      <trkpt lat="25.7431592" lon="100.1598135"><ele>1969.1</ele><time>2026-10-06T00:49:22Z</time></trkpt>
      <trkpt lat="25.7431734" lon="100.1597944"><ele>1969.1</ele><time>2026-10-06T00:49:23Z</time></trkpt>
      <trkpt lat="25.7431865" lon="100.1597736"><ele>1969.1</ele><time>2026-10-06T00:49:24Z</time></trkpt>
      <trkpt lat="25.7431984" lon="100.1597514"><ele>1969.1</ele><time>2026-10-06T00:49:25Z</time></trkpt>
      <trkpt lat="25.7432090" lon="100.1597297"><ele>1969.1</ele><time>2026-10-06T00:49:26Z</time></trkpt>
      <trkpt lat="25.7432191" lon="100.1597087"><ele>1969.0</ele><time>2026-10-06T00:49:27Z</time></trkpt>
      <trkpt lat="25.7432296" lon="100.1596876"><ele>1969.0</ele><time>2026-10-06T00:49:28Z</time></trkpt>
      <trkpt lat="25.7432403" lon="100.1596670"><ele>1969.0</ele><time>2026-10-06T00:49:29Z</time></trkpt>
      <trkpt lat="25.7432508" lon="100.1596462"><ele>1969.0</ele><time>2026-10-06T00:49:30Z</time></trkpt>
      <trkpt lat="25.7432602" lon="100.1596249"><ele>1968.9</ele><time>2026-10-06T00:49:31Z</time></trkpt>
      <trkpt lat="25.7432687" lon="100.1596025"><ele>1968.9</ele><time>2026-10-06T00:49:32Z</time></trkpt>
      <trkpt lat="25.7432770" lon="100.1595793"><ele>1968.9</ele><time>2026-10-06T00:49:33Z</time></trkpt>
      <trkpt lat="25.7432850" lon="100.1595559"><ele>1968.8</ele><time>2026-10-06T00:49:34Z</time></trkpt>
      <trkpt lat="25.7432933" lon="100.1595323"><ele>1968.8</ele><time>2026-10-06T00:49:35Z</time></trkpt>
      <trkpt lat="25.7433018" lon="100.1595090"><ele>1968.7</ele><time>2026-10-06T00:49:36Z</time></trkpt>
      <trkpt lat="25.7433108" lon="100.1594862"><ele>1968.7</ele><time>2026-10-06T00:49:37Z</time></trkpt>
      <trkpt lat="25.7433201" lon="100.1594637"><ele>1968.7</ele><time>2026-10-06T00:49:38Z</time></trkpt>
      <trkpt lat="25.7433293" lon="100.1594419"><ele>1968.6</ele><time>2026-10-06T00:49:39Z</time></trkpt>
      <trkpt lat="25.7433392" lon="100.1594202"><ele>1968.6</ele><time>2026-10-06T00:49:40Z</time></trkpt>
      <trkpt lat="25.7433500" lon="100.1593984"><ele>1968.5</ele><time>2026-10-06T00:49:41Z</time></trkpt>
      <trkpt lat="25.7433618" lon="100.1593766"><ele>1968.5</ele><time>2026-10-06T00:49:42Z</time></trkpt>
      <trkpt lat="25.7433742" lon="100.1593557"><ele>1968.4</ele><time>2026-10-06T00:49:43Z</time></trkpt>
      <trkpt lat="25.7433870" lon="100.1593357"><ele>1968.4</ele><time>2026-10-06T00:49:44Z</time></trkpt>
      <trkpt lat="25.7434011" lon="100.1593156"><ele>1968.4</ele><time>2026-10-06T00:49:45Z</time></trkpt>
      <trkpt lat="25.7434161" lon="100.1592960"><ele>1968.3</ele><time>2026-10-06T00:49:46Z</time></trkpt>
      <trkpt lat="25.7434319" lon="100.1592768"><ele>1968.3</ele><time>2026-10-06T00:49:47Z</time></trkpt>
      <trkpt lat="25.7434491" lon="100.1592578"><ele>1968.3</ele><time>2026-10-06T00:49:48Z</time></trkpt>
      <trkpt lat="25.7434666" lon="100.1592396"><ele>1968.2</ele><time>2026-10-06T00:49:49Z</time></trkpt>
      <trkpt lat="25.7434839" lon="100.1592218"><ele>1968.2</ele><time>2026-10-06T00:49:50Z</time></trkpt>
      <trkpt lat="25.7435016" lon="100.1592047"><ele>1968.2</ele><time>2026-10-06T00:49:51Z</time></trkpt>
      <trkpt lat="25.7435201" lon="100.1591887"><ele>1968.2</ele><time>2026-10-06T00:49:52Z</time></trkpt>
      <trkpt lat="25.7435393" lon="100.1591736"><ele>1968.2</ele><time>2026-10-06T00:49:53Z</time></trkpt>
      <trkpt lat="25.7435584" lon="100.1591589"><ele>1968.2</ele><time>2026-10-06T00:49:54Z</time></trkpt>
      <trkpt lat="25.7435776" lon="100.1591448"><ele>1968.1</ele><time>2026-10-06T00:49:55Z</time></trkpt>
      <trkpt lat="25.7435974" lon="100.1591318"><ele>1968.1</ele><time>2026-10-06T00:49:56Z</time></trkpt>
      <trkpt lat="25.7436177" lon="100.1591198"><ele>1968.1</ele><time>2026-10-06T00:49:57Z</time></trkpt>
      <trkpt lat="25.7436388" lon="100.1591087"><ele>1968.1</ele><time>2026-10-06T00:49:58Z</time></trkpt>
      <trkpt lat="25.7436604" lon="100.1590988"><ele>1968.1</ele><time>2026-10-06T00:49:59Z</time></trkpt>
      <trkpt lat="25.7436824" lon="100.1590896"><ele>1968.1</ele><time>2026-10-06T00:50:00Z</time></trkpt>
      <trkpt lat="25.7437032" lon="100.1590809"><ele>1968.1</ele><time>2026-10-06T00:50:01Z</time></trkpt>
      <trkpt lat="25.7437218" lon="100.1590714"><ele>1968.1</ele><time>2026-10-06T00:50:02Z</time></trkpt>
      <trkpt lat="25.7437399" lon="100.1590600"><ele>1968.1</ele><time>2026-10-06T00:50:03Z</time></trkpt>
      <trkpt lat="25.7437583" lon="100.1590477"><ele>1968.1</ele><time>2026-10-06T00:50:04Z</time></trkpt>
      <trkpt lat="25.7437765" lon="100.1590353"><ele>1968.1</ele><time>2026-10-06T00:50:05Z</time></trkpt>
      <trkpt lat="25.7437943" lon="100.1590233"><ele>1968.1</ele><time>2026-10-06T00:50:06Z</time></trkpt>
      <trkpt lat="25.7438115" lon="100.1590112"><ele>1968.1</ele><time>2026-10-06T00:50:07Z</time></trkpt>
      <trkpt lat="25.7438291" lon="100.1589983"><ele>1968.2</ele><time>2026-10-06T00:50:08Z</time></trkpt>
      <trkpt lat="25.7438467" lon="100.1589845"><ele>1968.2</ele><time>2026-10-06T00:50:09Z</time></trkpt>
      <trkpt lat="25.7438634" lon="100.1589709"><ele>1968.2</ele><time>2026-10-06T00:50:10Z</time></trkpt>
      <trkpt lat="25.7438799" lon="100.1589579"><ele>1968.2</ele><time>2026-10-06T00:50:11Z</time></trkpt>
      <trkpt lat="25.7438962" lon="100.1589452"><ele>1968.2</ele><time>2026-10-06T00:50:12Z</time></trkpt>
      <trkpt lat="25.7439122" lon="100.1589319"><ele>1968.2</ele><time>2026-10-06T00:50:13Z</time></trkpt>
      <trkpt lat="25.7439278" lon="100.1589178"><ele>1968.2</ele><time>2026-10-06T00:50:14Z</time></trkpt>
      <trkpt lat="25.7439435" lon="100.1589035"><ele>1968.2</ele><time>2026-10-06T00:50:15Z</time></trkpt>
      <trkpt lat="25.7439602" lon="100.1588889"><ele>1968.2</ele><time>2026-10-06T00:50:16Z</time></trkpt>
      <trkpt lat="25.7439767" lon="100.1588746"><ele>1968.2</ele><time>2026-10-06T00:50:17Z</time></trkpt>
      <trkpt lat="25.7439925" lon="100.1588606"><ele>1968.2</ele><time>2026-10-06T00:50:18Z</time></trkpt>
      <trkpt lat="25.7440086" lon="100.1588460"><ele>1968.2</ele><time>2026-10-06T00:50:19Z</time></trkpt>
      <trkpt lat="25.7440246" lon="100.1588309"><ele>1968.1</ele><time>2026-10-06T00:50:20Z</time></trkpt>
      <trkpt lat="25.7440403" lon="100.1588157"><ele>1968.1</ele><time>2026-10-06T00:50:21Z</time></trkpt>
      <trkpt lat="25.7440554" lon="100.1588008"><ele>1968.1</ele><time>2026-10-06T00:50:22Z</time></trkpt>
      <trkpt lat="25.7440701" lon="100.1587863"><ele>1968.1</ele><time>2026-10-06T00:50:23Z</time></trkpt>
      <trkpt lat="25.7440851" lon="100.1587720"><ele>1968.1</ele><time>2026-10-06T00:50:24Z</time></trkpt>
      <trkpt lat="25.7441007" lon="100.1587580"><ele>1968.1</ele><time>2026-10-06T00:50:25Z</time></trkpt>
      <trkpt lat="25.7441171" lon="100.1587444"><ele>1968.1</ele><time>2026-10-06T00:50:26Z</time></trkpt>
      <trkpt lat="25.7441335" lon="100.1587310"><ele>1968.1</ele><time>2026-10-06T00:50:27Z</time></trkpt>
      <trkpt lat="25.7441493" lon="100.1587176"><ele>1968.2</ele><time>2026-10-06T00:50:28Z</time></trkpt>
      <trkpt lat="25.7441652" lon="100.1587039"><ele>1968.2</ele><time>2026-10-06T00:50:29Z</time></trkpt>
      <trkpt lat="25.7441813" lon="100.1586900"><ele>1968.2</ele><time>2026-10-06T00:50:30Z</time></trkpt>
      <trkpt lat="25.7441975" lon="100.1586760"><ele>1968.2</ele><time>2026-10-06T00:50:31Z</time></trkpt>
      <trkpt lat="25.7442132" lon="100.1586612"><ele>1968.2</ele><time>2026-10-06T00:50:32Z</time></trkpt>
      <trkpt lat="25.7442278" lon="100.1586455"><ele>1968.3</ele><time>2026-10-06T00:50:33Z</time></trkpt>
      <trkpt lat="25.7442419" lon="100.1586294"><ele>1968.3</ele><time>2026-10-06T00:50:34Z</time></trkpt>
      <trkpt lat="25.7442561" lon="100.1586134"><ele>1968.3</ele><time>2026-10-06T00:50:35Z</time></trkpt>
      <trkpt lat="25.7442708" lon="100.1585976"><ele>1968.3</ele><time>2026-10-06T00:50:36Z</time></trkpt>
      <trkpt lat="25.7442849" lon="100.1585822"><ele>1968.3</ele><time>2026-10-06T00:50:37Z</time></trkpt>
      <trkpt lat="25.7442983" lon="100.1585672"><ele>1968.3</ele><time>2026-10-06T00:50:38Z</time></trkpt>
      <trkpt lat="25.7443119" lon="100.1585523"><ele>1968.4</ele><time>2026-10-06T00:50:39Z</time></trkpt>
      <trkpt lat="25.7443261" lon="100.1585378"><ele>1968.4</ele><time>2026-10-06T00:50:40Z</time></trkpt>
      <trkpt lat="25.7443404" lon="100.1585238"><ele>1968.4</ele><time>2026-10-06T00:50:41Z</time></trkpt>
      <trkpt lat="25.7443547" lon="100.1585096"><ele>1968.4</ele><time>2026-10-06T00:50:42Z</time></trkpt>
      <trkpt lat="25.7443689" lon="100.1584950"><ele>1968.4</ele><time>2026-10-06T00:50:43Z</time></trkpt>
      <trkpt lat="25.7443838" lon="100.1584805"><ele>1968.4</ele><time>2026-10-06T00:50:44Z</time></trkpt>
      <trkpt lat="25.7443990" lon="100.1584664"><ele>1968.5</ele><time>2026-10-06T00:50:45Z</time></trkpt>
      <trkpt lat="25.7444137" lon="100.1584519"><ele>1968.5</ele><time>2026-10-06T00:50:46Z</time></trkpt>
      <trkpt lat="25.7444279" lon="100.1584367"><ele>1968.5</ele><time>2026-10-06T00:50:47Z</time></trkpt>
      <trkpt lat="25.7444413" lon="100.1584215"><ele>1968.5</ele><time>2026-10-06T00:50:48Z</time></trkpt>
      <trkpt lat="25.7444551" lon="100.1584069"><ele>1968.5</ele><time>2026-10-06T00:50:49Z</time></trkpt>
      <trkpt lat="25.7444694" lon="100.1583932"><ele>1968.5</ele><time>2026-10-06T00:50:50Z</time></trkpt>
      <trkpt lat="25.7444830" lon="100.1583792"><ele>1968.5</ele><time>2026-10-06T00:50:51Z</time></trkpt>
      <trkpt lat="25.7444960" lon="100.1583643"><ele>1968.5</ele><time>2026-10-06T00:50:52Z</time></trkpt>
      <trkpt lat="25.7445088" lon="100.1583494"><ele>1968.5</ele><time>2026-10-06T00:50:53Z</time></trkpt>
      <trkpt lat="25.7445218" lon="100.1583349"><ele>1968.5</ele><time>2026-10-06T00:50:54Z</time></trkpt>
      <trkpt lat="25.7445354" lon="100.1583205"><ele>1968.5</ele><time>2026-10-06T00:50:55Z</time></trkpt>
      <trkpt lat="25.7445490" lon="100.1583056"><ele>1968.5</ele><time>2026-10-06T00:50:56Z</time></trkpt>
      <trkpt lat="25.7445629" lon="100.1582900"><ele>1968.5</ele><time>2026-10-06T00:50:57Z</time></trkpt>
      <trkpt lat="25.7445763" lon="100.1582743"><ele>1968.5</ele><time>2026-10-06T00:50:58Z</time></trkpt>
      <trkpt lat="25.7445886" lon="100.1582586"><ele>1968.6</ele><time>2026-10-06T00:50:59Z</time></trkpt>
      <trkpt lat="25.7445997" lon="100.1582426"><ele>1968.6</ele><time>2026-10-06T00:51:00Z</time></trkpt>
      <trkpt lat="25.7446102" lon="100.1582261"><ele>1968.6</ele><time>2026-10-06T00:51:01Z</time></trkpt>
      <trkpt lat="25.7446211" lon="100.1582096"><ele>1968.6</ele><time>2026-10-06T00:51:02Z</time></trkpt>
      <trkpt lat="25.7446325" lon="100.1581936"><ele>1968.6</ele><time>2026-10-06T00:51:03Z</time></trkpt>
      <trkpt lat="25.7446442" lon="100.1581776"><ele>1968.6</ele><time>2026-10-06T00:51:04Z</time></trkpt>
      <trkpt lat="25.7446566" lon="100.1581615"><ele>1968.6</ele><time>2026-10-06T00:51:05Z</time></trkpt>
      <trkpt lat="25.7446698" lon="100.1581455"><ele>1968.6</ele><time>2026-10-06T00:51:06Z</time></trkpt>
      <trkpt lat="25.7446838" lon="100.1581300"><ele>1968.7</ele><time>2026-10-06T00:51:07Z</time></trkpt>
      <trkpt lat="25.7446986" lon="100.1581162"><ele>1968.7</ele><time>2026-10-06T00:51:08Z</time></trkpt>
      <trkpt lat="25.7447136" lon="100.1581040"><ele>1968.7</ele><time>2026-10-06T00:51:09Z</time></trkpt>
      <trkpt lat="25.7447286" lon="100.1580921"><ele>1968.7</ele><time>2026-10-06T00:51:10Z</time></trkpt>
      <trkpt lat="25.7447435" lon="100.1580801"><ele>1968.7</ele><time>2026-10-06T00:51:11Z</time></trkpt>
      <trkpt lat="25.7447585" lon="100.1580678"><ele>1968.7</ele><time>2026-10-06T00:51:12Z</time></trkpt>
      <trkpt lat="25.7447740" lon="100.1580558"><ele>1968.7</ele><time>2026-10-06T00:51:13Z</time></trkpt>
      <trkpt lat="25.7447896" lon="100.1580438"><ele>1968.7</ele><time>2026-10-06T00:51:14Z</time></trkpt>
      <trkpt lat="25.7448051" lon="100.1580317"><ele>1968.7</ele><time>2026-10-06T00:51:15Z</time></trkpt>
      <trkpt lat="25.7448197" lon="100.1580198"><ele>1968.8</ele><time>2026-10-06T00:51:16Z</time></trkpt>
      <trkpt lat="25.7448337" lon="100.1580083"><ele>1968.8</ele><time>2026-10-06T00:51:17Z</time></trkpt>
      <trkpt lat="25.7448479" lon="100.1579970"><ele>1968.8</ele><time>2026-10-06T00:51:18Z</time></trkpt>
      <trkpt lat="25.7448622" lon="100.1579856"><ele>1968.8</ele><time>2026-10-06T00:51:19Z</time></trkpt>
      <trkpt lat="25.7448772" lon="100.1579740"><ele>1968.8</ele><time>2026-10-06T00:51:20Z</time></trkpt>
      <trkpt lat="25.7448929" lon="100.1579627"><ele>1968.9</ele><time>2026-10-06T00:51:21Z</time></trkpt>
      <trkpt lat="25.7449090" lon="100.1579517"><ele>1968.9</ele><time>2026-10-06T00:51:22Z</time></trkpt>
      <trkpt lat="25.7449246" lon="100.1579402"><ele>1968.9</ele><time>2026-10-06T00:51:23Z</time></trkpt>
      <trkpt lat="25.7449388" lon="100.1579284"><ele>1968.9</ele><time>2026-10-06T00:51:24Z</time></trkpt>
      <trkpt lat="25.7449531" lon="100.1579160"><ele>1968.9</ele><time>2026-10-06T00:51:25Z</time></trkpt>
      <trkpt lat="25.7449680" lon="100.1579031"><ele>1968.9</ele><time>2026-10-06T00:51:26Z</time></trkpt>
      <trkpt lat="25.7449828" lon="100.1578905"><ele>1968.9</ele><time>2026-10-06T00:51:27Z</time></trkpt>
      <trkpt lat="25.7449978" lon="100.1578787"><ele>1968.9</ele><time>2026-10-06T00:51:28Z</time></trkpt>
      <trkpt lat="25.7450129" lon="100.1578674"><ele>1968.9</ele><time>2026-10-06T00:51:29Z</time></trkpt>
      <trkpt lat="25.7450285" lon="100.1578557"><ele>1968.8</ele><time>2026-10-06T00:51:30Z</time></trkpt>
      <trkpt lat="25.7450447" lon="100.1578440"><ele>1968.8</ele><time>2026-10-06T00:51:31Z</time></trkpt>
      <trkpt lat="25.7450608" lon="100.1578328"><ele>1968.8</ele><time>2026-10-06T00:51:32Z</time></trkpt>
      <trkpt lat="25.7450773" lon="100.1578224"><ele>1968.8</ele><time>2026-10-06T00:51:33Z</time></trkpt>
      <trkpt lat="25.7450934" lon="100.1578126"><ele>1968.8</ele><time>2026-10-06T00:51:34Z</time></trkpt>
      <trkpt lat="25.7451086" lon="100.1578022"><ele>1968.8</ele><time>2026-10-06T00:51:35Z</time></trkpt>
      <trkpt lat="25.7451228" lon="100.1577904"><ele>1968.8</ele><time>2026-10-06T00:51:36Z</time></trkpt>
      <trkpt lat="25.7451363" lon="100.1577774"><ele>1968.8</ele><time>2026-10-06T00:51:37Z</time></trkpt>
      <trkpt lat="25.7451499" lon="100.1577633"><ele>1968.8</ele><time>2026-10-06T00:51:38Z</time></trkpt>
      <trkpt lat="25.7451636" lon="100.1577484"><ele>1968.8</ele><time>2026-10-06T00:51:39Z</time></trkpt>
      <trkpt lat="25.7451771" lon="100.1577331"><ele>1968.8</ele><time>2026-10-06T00:51:40Z</time></trkpt>
      <trkpt lat="25.7451906" lon="100.1577180"><ele>1968.7</ele><time>2026-10-06T00:51:41Z</time></trkpt>
      <trkpt lat="25.7452033" lon="100.1577036"><ele>1968.7</ele><time>2026-10-06T00:51:42Z</time></trkpt>
      <trkpt lat="25.7452156" lon="100.1576896"><ele>1968.7</ele><time>2026-10-06T00:51:43Z</time></trkpt>
      <trkpt lat="25.7452288" lon="100.1576761"><ele>1968.7</ele><time>2026-10-06T00:51:44Z</time></trkpt>
      <trkpt lat="25.7452428" lon="100.1576633"><ele>1968.7</ele><time>2026-10-06T00:51:45Z</time></trkpt>
      <trkpt lat="25.7452577" lon="100.1576509"><ele>1968.7</ele><time>2026-10-06T00:51:46Z</time></trkpt>
      <trkpt lat="25.7452732" lon="100.1576384"><ele>1968.6</ele><time>2026-10-06T00:51:47Z</time></trkpt>
      <trkpt lat="25.7452888" lon="100.1576260"><ele>1968.6</ele><time>2026-10-06T00:51:48Z</time></trkpt>
      <trkpt lat="25.7453049" lon="100.1576146"><ele>1968.6</ele><time>2026-10-06T00:51:49Z</time></trkpt>
      <trkpt lat="25.7453215" lon="100.1576040"><ele>1968.6</ele><time>2026-10-06T00:51:50Z</time></trkpt>
      <trkpt lat="25.7453393" lon="100.1575948"><ele>1968.6</ele><time>2026-10-06T00:51:51Z</time></trkpt>
      <trkpt lat="25.7453579" lon="100.1575875"><ele>1968.6</ele><time>2026-10-06T00:51:52Z</time></trkpt>
      <trkpt lat="25.7453763" lon="100.1575818"><ele>1968.6</ele><time>2026-10-06T00:51:53Z</time></trkpt>
      <trkpt lat="25.7453946" lon="100.1575766"><ele>1968.6</ele><time>2026-10-06T00:51:54Z</time></trkpt>
      <trkpt lat="25.7454132" lon="100.1575720"><ele>1968.6</ele><time>2026-10-06T00:51:55Z</time></trkpt>
      <trkpt lat="25.7454324" lon="100.1575686"><ele>1968.6</ele><time>2026-10-06T00:51:56Z</time></trkpt>
      <trkpt lat="25.7454522" lon="100.1575666"><ele>1968.6</ele><time>2026-10-06T00:51:57Z</time></trkpt>
      <trkpt lat="25.7454722" lon="100.1575658"><ele>1968.5</ele><time>2026-10-06T00:51:58Z</time></trkpt>
      <trkpt lat="25.7454924" lon="100.1575656"><ele>1968.5</ele><time>2026-10-06T00:51:59Z</time></trkpt>
      <trkpt lat="25.7455123" lon="100.1575659"><ele>1968.5</ele><time>2026-10-06T00:52:00Z</time></trkpt>
      <trkpt lat="25.7455320" lon="100.1575674"><ele>1968.5</ele><time>2026-10-06T00:52:01Z</time></trkpt>
      <trkpt lat="25.7455514" lon="100.1575702"><ele>1968.4</ele><time>2026-10-06T00:52:02Z</time></trkpt>
      <trkpt lat="25.7455715" lon="100.1575733"><ele>1968.4</ele><time>2026-10-06T00:52:03Z</time></trkpt>
      <trkpt lat="25.7455930" lon="100.1575767"><ele>1968.4</ele><time>2026-10-06T00:52:04Z</time></trkpt>
      <trkpt lat="25.7456147" lon="100.1575807"><ele>1968.3</ele><time>2026-10-06T00:52:05Z</time></trkpt>
      <trkpt lat="25.7456362" lon="100.1575853"><ele>1968.3</ele><time>2026-10-06T00:52:06Z</time></trkpt>
      <trkpt lat="25.7456573" lon="100.1575898"><ele>1968.3</ele><time>2026-10-06T00:52:07Z</time></trkpt>
      <trkpt lat="25.7456776" lon="100.1575924"><ele>1968.2</ele><time>2026-10-06T00:52:08Z</time></trkpt>
      <trkpt lat="25.7456976" lon="100.1575931"><ele>1968.2</ele><time>2026-10-06T00:52:09Z</time></trkpt>
      <trkpt lat="25.7457171" lon="100.1575931"><ele>1968.2</ele><time>2026-10-06T00:52:10Z</time></trkpt>
      <trkpt lat="25.7457360" lon="100.1575932"><ele>1968.2</ele><time>2026-10-06T00:52:11Z</time></trkpt>
      <trkpt lat="25.7457548" lon="100.1575934"><ele>1968.2</ele><time>2026-10-06T00:52:12Z</time></trkpt>
      <trkpt lat="25.7457743" lon="100.1575934"><ele>1968.2</ele><time>2026-10-06T00:52:13Z</time></trkpt>
      <trkpt lat="25.7457948" lon="100.1575932"><ele>1968.2</ele><time>2026-10-06T00:52:14Z</time></trkpt>
      <trkpt lat="25.7458156" lon="100.1575928"><ele>1968.2</ele><time>2026-10-06T00:52:15Z</time></trkpt>
      <trkpt lat="25.7458357" lon="100.1575924"><ele>1968.2</ele><time>2026-10-06T00:52:16Z</time></trkpt>
      <trkpt lat="25.7458551" lon="100.1575924"><ele>1968.2</ele><time>2026-10-06T00:52:17Z</time></trkpt>
      <trkpt lat="25.7458742" lon="100.1575935"><ele>1968.2</ele><time>2026-10-06T00:52:18Z</time></trkpt>
      <trkpt lat="25.7458939" lon="100.1575954"><ele>1968.2</ele><time>2026-10-06T00:52:19Z</time></trkpt>
      <trkpt lat="25.7459136" lon="100.1575965"><ele>1968.2</ele><time>2026-10-06T00:52:20Z</time></trkpt>
      <trkpt lat="25.7459332" lon="100.1575959"><ele>1968.2</ele><time>2026-10-06T00:52:21Z</time></trkpt>
      <trkpt lat="25.7459528" lon="100.1575936"><ele>1968.2</ele><time>2026-10-06T00:52:22Z</time></trkpt>
      <trkpt lat="25.7459722" lon="100.1575905"><ele>1968.2</ele><time>2026-10-06T00:52:23Z</time></trkpt>
      <trkpt lat="25.7459915" lon="100.1575873"><ele>1968.2</ele><time>2026-10-06T00:52:24Z</time></trkpt>
      <trkpt lat="25.7460107" lon="100.1575840"><ele>1968.3</ele><time>2026-10-06T00:52:25Z</time></trkpt>
      <trkpt lat="25.7460290" lon="100.1575803"><ele>1968.3</ele><time>2026-10-06T00:52:26Z</time></trkpt>
      <trkpt lat="25.7460465" lon="100.1575762"><ele>1968.3</ele><time>2026-10-06T00:52:27Z</time></trkpt>
      <trkpt lat="25.7460629" lon="100.1575719"><ele>1968.3</ele><time>2026-10-06T00:52:28Z</time></trkpt>
      <trkpt lat="25.7460793" lon="100.1575669"><ele>1968.3</ele><time>2026-10-06T00:52:29Z</time></trkpt>
      <trkpt lat="25.7460968" lon="100.1575611"><ele>1968.3</ele><time>2026-10-06T00:52:30Z</time></trkpt>
      <trkpt lat="25.7461151" lon="100.1575547"><ele>1968.4</ele><time>2026-10-06T00:52:31Z</time></trkpt>
      <trkpt lat="25.7461341" lon="100.1575484"><ele>1968.4</ele><time>2026-10-06T00:52:32Z</time></trkpt>
      <trkpt lat="25.7461535" lon="100.1575429"><ele>1968.4</ele><time>2026-10-06T00:52:33Z</time></trkpt>
      <trkpt lat="25.7461727" lon="100.1575376"><ele>1968.4</ele><time>2026-10-06T00:52:34Z</time></trkpt>
      <trkpt lat="25.7461917" lon="100.1575319"><ele>1968.4</ele><time>2026-10-06T00:52:35Z</time></trkpt>
      <trkpt lat="25.7462101" lon="100.1575255"><ele>1968.4</ele><time>2026-10-06T00:52:36Z</time></trkpt>
      <trkpt lat="25.7462282" lon="100.1575185"><ele>1968.4</ele><time>2026-10-06T00:52:37Z</time></trkpt>
      <trkpt lat="25.7462458" lon="100.1575111"><ele>1968.4</ele><time>2026-10-06T00:52:38Z</time></trkpt>
      <trkpt lat="25.7462625" lon="100.1575029"><ele>1968.4</ele><time>2026-10-06T00:52:39Z</time></trkpt>
      <trkpt lat="25.7462786" lon="100.1574934"><ele>1968.4</ele><time>2026-10-06T00:52:40Z</time></trkpt>
      <trkpt lat="25.7462941" lon="100.1574826"><ele>1968.4</ele><time>2026-10-06T00:52:41Z</time></trkpt>
      <trkpt lat="25.7463094" lon="100.1574709"><ele>1968.4</ele><time>2026-10-06T00:52:42Z</time></trkpt>
      <trkpt lat="25.7463246" lon="100.1574587"><ele>1968.4</ele><time>2026-10-06T00:52:43Z</time></trkpt>
      <trkpt lat="25.7463394" lon="100.1574460"><ele>1968.4</ele><time>2026-10-06T00:52:44Z</time></trkpt>
      <trkpt lat="25.7463543" lon="100.1574337"><ele>1968.4</ele><time>2026-10-06T00:52:45Z</time></trkpt>
      <trkpt lat="25.7463690" lon="100.1574218"><ele>1968.4</ele><time>2026-10-06T00:52:46Z</time></trkpt>
      <trkpt lat="25.7463833" lon="100.1574093"><ele>1968.5</ele><time>2026-10-06T00:52:47Z</time></trkpt>
      <trkpt lat="25.7463969" lon="100.1573956"><ele>1968.5</ele><time>2026-10-06T00:52:48Z</time></trkpt>
      <trkpt lat="25.7464098" lon="100.1573808"><ele>1968.5</ele><time>2026-10-06T00:52:49Z</time></trkpt>
      <trkpt lat="25.7464233" lon="100.1573657"><ele>1968.5</ele><time>2026-10-06T00:52:50Z</time></trkpt>
      <trkpt lat="25.7464379" lon="100.1573510"><ele>1968.5</ele><time>2026-10-06T00:52:51Z</time></trkpt>
      <trkpt lat="25.7464531" lon="100.1573373"><ele>1968.5</ele><time>2026-10-06T00:52:52Z</time></trkpt>
      <trkpt lat="25.7464682" lon="100.1573243"><ele>1968.5</ele><time>2026-10-06T00:52:53Z</time></trkpt>
      <trkpt lat="25.7464828" lon="100.1573114"><ele>1968.5</ele><time>2026-10-06T00:52:54Z</time></trkpt>
      <trkpt lat="25.7464970" lon="100.1572987"><ele>1968.5</ele><time>2026-10-06T00:52:55Z</time></trkpt>
      <trkpt lat="25.7465109" lon="100.1572862"><ele>1968.5</ele><time>2026-10-06T00:52:56Z</time></trkpt>
      <trkpt lat="25.7465244" lon="100.1572737"><ele>1968.5</ele><time>2026-10-06T00:52:57Z</time></trkpt>
      <trkpt lat="25.7465372" lon="100.1572610"><ele>1968.4</ele><time>2026-10-06T00:52:58Z</time></trkpt>
      <trkpt lat="25.7465494" lon="100.1572473"><ele>1968.4</ele><time>2026-10-06T00:52:59Z</time></trkpt>
      <trkpt lat="25.7465618" lon="100.1572325"><ele>1968.4</ele><time>2026-10-06T00:53:00Z</time></trkpt>
      <trkpt lat="25.7465743" lon="100.1572168"><ele>1968.4</ele><time>2026-10-06T00:53:01Z</time></trkpt>
      <trkpt lat="25.7465870" lon="100.1572003"><ele>1968.4</ele><time>2026-10-06T00:53:02Z</time></trkpt>
      <trkpt lat="25.7466000" lon="100.1571836"><ele>1968.4</ele><time>2026-10-06T00:53:03Z</time></trkpt>
      <trkpt lat="25.7466130" lon="100.1571671"><ele>1968.4</ele><time>2026-10-06T00:53:04Z</time></trkpt>
      <trkpt lat="25.7466268" lon="100.1571514"><ele>1968.4</ele><time>2026-10-06T00:53:05Z</time></trkpt>
      <trkpt lat="25.7466412" lon="100.1571369"><ele>1968.4</ele><time>2026-10-06T00:53:06Z</time></trkpt>
      <trkpt lat="25.7466558" lon="100.1571238"><ele>1968.4</ele><time>2026-10-06T00:53:07Z</time></trkpt>
      <trkpt lat="25.7466706" lon="100.1571110"><ele>1968.4</ele><time>2026-10-06T00:53:08Z</time></trkpt>
      <trkpt lat="25.7466853" lon="100.1570975"><ele>1968.4</ele><time>2026-10-06T00:53:09Z</time></trkpt>
      <trkpt lat="25.7466999" lon="100.1570832"><ele>1968.5</ele><time>2026-10-06T00:53:10Z</time></trkpt>
      <trkpt lat="25.7467141" lon="100.1570690"><ele>1968.5</ele><time>2026-10-06T00:53:11Z</time></trkpt>
      <trkpt lat="25.7467281" lon="100.1570546"><ele>1968.5</ele><time>2026-10-06T00:53:12Z</time></trkpt>
      <trkpt lat="25.7467430" lon="100.1570403"><ele>1968.5</ele><time>2026-10-06T00:53:13Z</time></trkpt>
      <trkpt lat="25.7467585" lon="100.1570255"><ele>1968.5</ele><time>2026-10-06T00:53:14Z</time></trkpt>
      <trkpt lat="25.7467743" lon="100.1570101"><ele>1968.5</ele><time>2026-10-06T00:53:15Z</time></trkpt>
      <trkpt lat="25.7467904" lon="100.1569959"><ele>1968.5</ele><time>2026-10-06T00:53:16Z</time></trkpt>
      <trkpt lat="25.7468060" lon="100.1569834"><ele>1968.5</ele><time>2026-10-06T00:53:17Z</time></trkpt>
      <trkpt lat="25.7468210" lon="100.1569722"><ele>1968.5</ele><time>2026-10-06T00:53:18Z</time></trkpt>
      <trkpt lat="25.7468360" lon="100.1569613"><ele>1968.5</ele><time>2026-10-06T00:53:19Z</time></trkpt>
      <trkpt lat="25.7468512" lon="100.1569491"><ele>1968.4</ele><time>2026-10-06T00:53:20Z</time></trkpt>
      <trkpt lat="25.7468660" lon="100.1569355"><ele>1968.4</ele><time>2026-10-06T00:53:21Z</time></trkpt>
      <trkpt lat="25.7468802" lon="100.1569207"><ele>1968.4</ele><time>2026-10-06T00:53:22Z</time></trkpt>
      <trkpt lat="25.7468949" lon="100.1569062"><ele>1968.4</ele><time>2026-10-06T00:53:23Z</time></trkpt>
      <trkpt lat="25.7469105" lon="100.1568932"><ele>1968.4</ele><time>2026-10-06T00:53:24Z</time></trkpt>
      <trkpt lat="25.7469263" lon="100.1568820"><ele>1968.4</ele><time>2026-10-06T00:53:25Z</time></trkpt>
      <trkpt lat="25.7469437" lon="100.1568727"><ele>1968.4</ele><time>2026-10-06T00:53:26Z</time></trkpt>
      <trkpt lat="25.7469628" lon="100.1568642"><ele>1968.4</ele><time>2026-10-06T00:53:27Z</time></trkpt>
      <trkpt lat="25.7469828" lon="100.1568572"><ele>1968.4</ele><time>2026-10-06T00:53:28Z</time></trkpt>
      <trkpt lat="25.7470042" lon="100.1568525"><ele>1968.4</ele><time>2026-10-06T00:53:29Z</time></trkpt>
      <trkpt lat="25.7470259" lon="100.1568481"><ele>1968.3</ele><time>2026-10-06T00:53:30Z</time></trkpt>
      <trkpt lat="25.7470465" lon="100.1568430"><ele>1968.3</ele><time>2026-10-06T00:53:31Z</time></trkpt>
      <trkpt lat="25.7470660" lon="100.1568377"><ele>1968.3</ele><time>2026-10-06T00:53:32Z</time></trkpt>
      <trkpt lat="25.7470856" lon="100.1568329"><ele>1968.3</ele><time>2026-10-06T00:53:33Z</time></trkpt>
      <trkpt lat="25.7471052" lon="100.1568285"><ele>1968.3</ele><time>2026-10-06T00:53:34Z</time></trkpt>
      <trkpt lat="25.7471248" lon="100.1568235"><ele>1968.3</ele><time>2026-10-06T00:53:35Z</time></trkpt>
      <trkpt lat="25.7471442" lon="100.1568171"><ele>1968.3</ele><time>2026-10-06T00:53:36Z</time></trkpt>
      <trkpt lat="25.7471626" lon="100.1568101"><ele>1968.3</ele><time>2026-10-06T00:53:37Z</time></trkpt>
      <trkpt lat="25.7471807" lon="100.1568035"><ele>1968.3</ele><time>2026-10-06T00:53:38Z</time></trkpt>
      <trkpt lat="25.7471992" lon="100.1567967"><ele>1968.3</ele><time>2026-10-06T00:53:39Z</time></trkpt>
      <trkpt lat="25.7472179" lon="100.1567887"><ele>1968.3</ele><time>2026-10-06T00:53:40Z</time></trkpt>
      <trkpt lat="25.7472366" lon="100.1567804"><ele>1968.2</ele><time>2026-10-06T00:53:41Z</time></trkpt>
      <trkpt lat="25.7472550" lon="100.1567723"><ele>1968.2</ele><time>2026-10-06T00:53:42Z</time></trkpt>
      <trkpt lat="25.7472738" lon="100.1567651"><ele>1968.2</ele><time>2026-10-06T00:53:43Z</time></trkpt>
      <trkpt lat="25.7472926" lon="100.1567591"><ele>1968.2</ele><time>2026-10-06T00:53:44Z</time></trkpt>
      <trkpt lat="25.7473107" lon="100.1567543"><ele>1968.2</ele><time>2026-10-06T00:53:45Z</time></trkpt>
      <trkpt lat="25.7473287" lon="100.1567502"><ele>1968.2</ele><time>2026-10-06T00:53:46Z</time></trkpt>
      <trkpt lat="25.7473469" lon="100.1567462"><ele>1968.1</ele><time>2026-10-06T00:53:47Z</time></trkpt>
      <trkpt lat="25.7473650" lon="100.1567432"><ele>1968.1</ele><time>2026-10-06T00:53:48Z</time></trkpt>
      <trkpt lat="25.7473836" lon="100.1567409"><ele>1968.1</ele><time>2026-10-06T00:53:49Z</time></trkpt>
      <trkpt lat="25.7474025" lon="100.1567388"><ele>1968.1</ele><time>2026-10-06T00:53:50Z</time></trkpt>
      <trkpt lat="25.7474215" lon="100.1567374"><ele>1968.0</ele><time>2026-10-06T00:53:51Z</time></trkpt>
      <trkpt lat="25.7474401" lon="100.1567366"><ele>1968.0</ele><time>2026-10-06T00:53:52Z</time></trkpt>
      <trkpt lat="25.7474582" lon="100.1567356"><ele>1968.0</ele><time>2026-10-06T00:53:53Z</time></trkpt>
      <trkpt lat="25.7474763" lon="100.1567350"><ele>1968.0</ele><time>2026-10-06T00:53:54Z</time></trkpt>
      <trkpt lat="25.7474945" lon="100.1567354"><ele>1968.0</ele><time>2026-10-06T00:53:55Z</time></trkpt>
      <trkpt lat="25.7475131" lon="100.1567364"><ele>1968.0</ele><time>2026-10-06T00:53:56Z</time></trkpt>
      <trkpt lat="25.7475325" lon="100.1567371"><ele>1967.9</ele><time>2026-10-06T00:53:57Z</time></trkpt>
      <trkpt lat="25.7475521" lon="100.1567369"><ele>1967.9</ele><time>2026-10-06T00:53:58Z</time></trkpt>
      <trkpt lat="25.7475716" lon="100.1567367"><ele>1967.9</ele><time>2026-10-06T00:53:59Z</time></trkpt>
      <trkpt lat="25.7475913" lon="100.1567368"><ele>1967.9</ele><time>2026-10-06T00:54:00Z</time></trkpt>
      <trkpt lat="25.7476115" lon="100.1567370"><ele>1967.9</ele><time>2026-10-06T00:54:01Z</time></trkpt>
      <trkpt lat="25.7476316" lon="100.1567370"><ele>1967.9</ele><time>2026-10-06T00:54:02Z</time></trkpt>
      <trkpt lat="25.7476508" lon="100.1567364"><ele>1967.9</ele><time>2026-10-06T00:54:03Z</time></trkpt>
      <trkpt lat="25.7476700" lon="100.1567352"><ele>1967.9</ele><time>2026-10-06T00:54:04Z</time></trkpt>
      <trkpt lat="25.7476898" lon="100.1567334"><ele>1967.8</ele><time>2026-10-06T00:54:05Z</time></trkpt>
      <trkpt lat="25.7477096" lon="100.1567313"><ele>1967.8</ele><time>2026-10-06T00:54:06Z</time></trkpt>
      <trkpt lat="25.7477299" lon="100.1567295"><ele>1967.8</ele><time>2026-10-06T00:54:07Z</time></trkpt>
      <trkpt lat="25.7477503" lon="100.1567282"><ele>1967.8</ele><time>2026-10-06T00:54:08Z</time></trkpt>
      <trkpt lat="25.7477702" lon="100.1567268"><ele>1967.8</ele><time>2026-10-06T00:54:09Z</time></trkpt>
      <trkpt lat="25.7477902" lon="100.1567245"><ele>1967.7</ele><time>2026-10-06T00:54:10Z</time></trkpt>
      <trkpt lat="25.7478098" lon="100.1567211"><ele>1967.7</ele><time>2026-10-06T00:54:11Z</time></trkpt>
      <trkpt lat="25.7478289" lon="100.1567169"><ele>1967.7</ele><time>2026-10-06T00:54:12Z</time></trkpt>
      <trkpt lat="25.7478473" lon="100.1567121"><ele>1967.7</ele><time>2026-10-06T00:54:13Z</time></trkpt>
      <trkpt lat="25.7478654" lon="100.1567067"><ele>1967.6</ele><time>2026-10-06T00:54:14Z</time></trkpt>
      <trkpt lat="25.7478834" lon="100.1567015"><ele>1967.6</ele><time>2026-10-06T00:54:15Z</time></trkpt>
      <trkpt lat="25.7479015" lon="100.1566964"><ele>1967.6</ele><time>2026-10-06T00:54:16Z</time></trkpt>
      <trkpt lat="25.7479202" lon="100.1566911"><ele>1967.6</ele><time>2026-10-06T00:54:17Z</time></trkpt>
      <trkpt lat="25.7479391" lon="100.1566858"><ele>1967.6</ele><time>2026-10-06T00:54:18Z</time></trkpt>
      <trkpt lat="25.7479574" lon="100.1566799"><ele>1967.5</ele><time>2026-10-06T00:54:19Z</time></trkpt>
      <trkpt lat="25.7479751" lon="100.1566727"><ele>1967.5</ele><time>2026-10-06T00:54:20Z</time></trkpt>
      <trkpt lat="25.7479927" lon="100.1566644"><ele>1967.6</ele><time>2026-10-06T00:54:21Z</time></trkpt>
      <trkpt lat="25.7480106" lon="100.1566558"><ele>1967.6</ele><time>2026-10-06T00:54:22Z</time></trkpt>
      <trkpt lat="25.7480294" lon="100.1566476"><ele>1967.6</ele><time>2026-10-06T00:54:23Z</time></trkpt>
      <trkpt lat="25.7480482" lon="100.1566396"><ele>1967.6</ele><time>2026-10-06T00:54:24Z</time></trkpt>
      <trkpt lat="25.7480669" lon="100.1566309"><ele>1967.6</ele><time>2026-10-06T00:54:25Z</time></trkpt>
      <trkpt lat="25.7480860" lon="100.1566205"><ele>1967.6</ele><time>2026-10-06T00:54:26Z</time></trkpt>
      <trkpt lat="25.7481052" lon="100.1566078"><ele>1967.6</ele><time>2026-10-06T00:54:27Z</time></trkpt>
      <trkpt lat="25.7481229" lon="100.1565943"><ele>1967.6</ele><time>2026-10-06T00:54:28Z</time></trkpt>
      <trkpt lat="25.7481385" lon="100.1565817"><ele>1967.6</ele><time>2026-10-06T00:54:29Z</time></trkpt>
      <trkpt lat="25.7481530" lon="100.1565695"><ele>1967.6</ele><time>2026-10-06T00:54:30Z</time></trkpt>
      <trkpt lat="25.7481674" lon="100.1565560"><ele>1967.6</ele><time>2026-10-06T00:54:31Z</time></trkpt>
      <trkpt lat="25.7481809" lon="100.1565405"><ele>1967.6</ele><time>2026-10-06T00:54:32Z</time></trkpt>
      <trkpt lat="25.7481938" lon="100.1565237"><ele>1967.6</ele><time>2026-10-06T00:54:33Z</time></trkpt>
      <trkpt lat="25.7482063" lon="100.1565063"><ele>1967.6</ele><time>2026-10-06T00:54:34Z</time></trkpt>
      <trkpt lat="25.7482180" lon="100.1564885"><ele>1967.6</ele><time>2026-10-06T00:54:35Z</time></trkpt>
      <trkpt lat="25.7482292" lon="100.1564701"><ele>1967.6</ele><time>2026-10-06T00:54:36Z</time></trkpt>
      <trkpt lat="25.7482407" lon="100.1564512"><ele>1967.6</ele><time>2026-10-06T00:54:37Z</time></trkpt>
      <trkpt lat="25.7482537" lon="100.1564327"><ele>1967.6</ele><time>2026-10-06T00:54:38Z</time></trkpt>
      <trkpt lat="25.7482675" lon="100.1564153"><ele>1967.6</ele><time>2026-10-06T00:54:39Z</time></trkpt>
      <trkpt lat="25.7482809" lon="100.1563988"><ele>1967.6</ele><time>2026-10-06T00:54:40Z</time></trkpt>
      <trkpt lat="25.7482941" lon="100.1563824"><ele>1967.6</ele><time>2026-10-06T00:54:41Z</time></trkpt>
      <trkpt lat="25.7483070" lon="100.1563661"><ele>1967.6</ele><time>2026-10-06T00:54:42Z</time></trkpt>
      <trkpt lat="25.7483202" lon="100.1563507"><ele>1967.6</ele><time>2026-10-06T00:54:43Z</time></trkpt>
      <trkpt lat="25.7483335" lon="100.1563358"><ele>1967.6</ele><time>2026-10-06T00:54:44Z</time></trkpt>
      <trkpt lat="25.7483464" lon="100.1563205"><ele>1967.6</ele><time>2026-10-06T00:54:45Z</time></trkpt>
      <trkpt lat="25.7483596" lon="100.1563047"><ele>1967.6</ele><time>2026-10-06T00:54:46Z</time></trkpt>
      <trkpt lat="25.7483728" lon="100.1562891"><ele>1967.6</ele><time>2026-10-06T00:54:47Z</time></trkpt>
      <trkpt lat="25.7483859" lon="100.1562742"><ele>1967.6</ele><time>2026-10-06T00:54:48Z</time></trkpt>
      <trkpt lat="25.7483993" lon="100.1562599"><ele>1967.6</ele><time>2026-10-06T00:54:49Z</time></trkpt>
      <trkpt lat="25.7484133" lon="100.1562457"><ele>1967.6</ele><time>2026-10-06T00:54:50Z</time></trkpt>
      <trkpt lat="25.7484281" lon="100.1562321"><ele>1967.6</ele><time>2026-10-06T00:54:51Z</time></trkpt>
      <trkpt lat="25.7484431" lon="100.1562199"><ele>1967.6</ele><time>2026-10-06T00:54:52Z</time></trkpt>
      <trkpt lat="25.7484574" lon="100.1562090"><ele>1967.6</ele><time>2026-10-06T00:54:53Z</time></trkpt>
      <trkpt lat="25.7484713" lon="100.1561987"><ele>1967.6</ele><time>2026-10-06T00:54:54Z</time></trkpt>
      <trkpt lat="25.7484852" lon="100.1561889"><ele>1967.6</ele><time>2026-10-06T00:54:55Z</time></trkpt>
      <trkpt lat="25.7484996" lon="100.1561788"><ele>1967.6</ele><time>2026-10-06T00:54:56Z</time></trkpt>
      <trkpt lat="25.7485144" lon="100.1561672"><ele>1967.6</ele><time>2026-10-06T00:54:57Z</time></trkpt>
      <trkpt lat="25.7485292" lon="100.1561547"><ele>1967.6</ele><time>2026-10-06T00:54:58Z</time></trkpt>
      <trkpt lat="25.7485439" lon="100.1561421"><ele>1967.6</ele><time>2026-10-06T00:54:59Z</time></trkpt>
      <trkpt lat="25.7485582" lon="100.1561292"><ele>1967.6</ele><time>2026-10-06T00:55:00Z</time></trkpt>
      <trkpt lat="25.7485723" lon="100.1561169"><ele>1967.6</ele><time>2026-10-06T00:55:01Z</time></trkpt>
      <trkpt lat="25.7485863" lon="100.1561057"><ele>1967.6</ele><time>2026-10-06T00:55:02Z</time></trkpt>
      <trkpt lat="25.7486004" lon="100.1560944"><ele>1967.6</ele><time>2026-10-06T00:55:03Z</time></trkpt>
      <trkpt lat="25.7486151" lon="100.1560824"><ele>1967.6</ele><time>2026-10-06T00:55:04Z</time></trkpt>
      <trkpt lat="25.7486301" lon="100.1560705"><ele>1967.6</ele><time>2026-10-06T00:55:05Z</time></trkpt>
      <trkpt lat="25.7486445" lon="100.1560585"><ele>1967.6</ele><time>2026-10-06T00:55:06Z</time></trkpt>
      <trkpt lat="25.7486585" lon="100.1560464"><ele>1967.6</ele><time>2026-10-06T00:55:07Z</time></trkpt>
      <trkpt lat="25.7486720" lon="100.1560348"><ele>1967.6</ele><time>2026-10-06T00:55:08Z</time></trkpt>
      <trkpt lat="25.7486860" lon="100.1560236"><ele>1967.6</ele><time>2026-10-06T00:55:09Z</time></trkpt>
      <trkpt lat="25.7487007" lon="100.1560123"><ele>1967.7</ele><time>2026-10-06T00:55:10Z</time></trkpt>
      <trkpt lat="25.7487152" lon="100.1560008"><ele>1967.7</ele><time>2026-10-06T00:55:11Z</time></trkpt>
      <trkpt lat="25.7487294" lon="100.1559889"><ele>1967.7</ele><time>2026-10-06T00:55:12Z</time></trkpt>
      <trkpt lat="25.7487434" lon="100.1559763"><ele>1967.7</ele><time>2026-10-06T00:55:13Z</time></trkpt>
      <trkpt lat="25.7487573" lon="100.1559626"><ele>1967.7</ele><time>2026-10-06T00:55:14Z</time></trkpt>
      <trkpt lat="25.7487715" lon="100.1559482"><ele>1967.7</ele><time>2026-10-06T00:55:15Z</time></trkpt>
      <trkpt lat="25.7487856" lon="100.1559329"><ele>1967.7</ele><time>2026-10-06T00:55:16Z</time></trkpt>
      <trkpt lat="25.7487992" lon="100.1559180"><ele>1967.7</ele><time>2026-10-06T00:55:17Z</time></trkpt>
      <trkpt lat="25.7488115" lon="100.1559053"><ele>1967.6</ele><time>2026-10-06T00:55:18Z</time></trkpt>
      <trkpt lat="25.7488228" lon="100.1558932"><ele>1967.6</ele><time>2026-10-06T00:55:19Z</time></trkpt>
      <trkpt lat="25.7488342" lon="100.1558800"><ele>1967.6</ele><time>2026-10-06T00:55:20Z</time></trkpt>
      <trkpt lat="25.7488448" lon="100.1558651"><ele>1967.6</ele><time>2026-10-06T00:55:21Z</time></trkpt>
      <trkpt lat="25.7488532" lon="100.1558489"><ele>1967.6</ele><time>2026-10-06T00:55:22Z</time></trkpt>
      <trkpt lat="25.7488586" lon="100.1558321"><ele>1967.5</ele><time>2026-10-06T00:55:23Z</time></trkpt>
      <trkpt lat="25.7488614" lon="100.1558145"><ele>1967.5</ele><time>2026-10-06T00:55:24Z</time></trkpt>
      <trkpt lat="25.7488625" lon="100.1557966"><ele>1967.5</ele><time>2026-10-06T00:55:25Z</time></trkpt>
      <trkpt lat="25.7488606" lon="100.1557793"><ele>1967.5</ele><time>2026-10-06T00:55:26Z</time></trkpt>
      <trkpt lat="25.7488551" lon="100.1557623"><ele>1967.6</ele><time>2026-10-06T00:55:27Z</time></trkpt>
      <trkpt lat="25.7488472" lon="100.1557461"><ele>1967.6</ele><time>2026-10-06T00:55:28Z</time></trkpt>
      <trkpt lat="25.7488385" lon="100.1557310"><ele>1967.6</ele><time>2026-10-06T00:55:29Z</time></trkpt>
      <trkpt lat="25.7488297" lon="100.1557168"><ele>1967.6</ele><time>2026-10-06T00:55:30Z</time></trkpt>
      <trkpt lat="25.7488208" lon="100.1557026"><ele>1967.7</ele><time>2026-10-06T00:55:31Z</time></trkpt>
      <trkpt lat="25.7488117" lon="100.1556881"><ele>1967.7</ele><time>2026-10-06T00:55:32Z</time></trkpt>
      <trkpt lat="25.7488022" lon="100.1556737"><ele>1967.7</ele><time>2026-10-06T00:55:33Z</time></trkpt>
      <trkpt lat="25.7487916" lon="100.1556598"><ele>1967.7</ele><time>2026-10-06T00:55:34Z</time></trkpt>
      <trkpt lat="25.7487808" lon="100.1556458"><ele>1967.7</ele><time>2026-10-06T00:55:35Z</time></trkpt>
      <trkpt lat="25.7487705" lon="100.1556312"><ele>1967.8</ele><time>2026-10-06T00:55:36Z</time></trkpt>
      <trkpt lat="25.7487607" lon="100.1556162"><ele>1967.8</ele><time>2026-10-06T00:55:37Z</time></trkpt>
      <trkpt lat="25.7487516" lon="100.1556015"><ele>1967.8</ele><time>2026-10-06T00:55:38Z</time></trkpt>
      <trkpt lat="25.7487440" lon="100.1555858"><ele>1967.8</ele><time>2026-10-06T00:55:39Z</time></trkpt>
      <trkpt lat="25.7487382" lon="100.1555682"><ele>1967.8</ele><time>2026-10-06T00:55:40Z</time></trkpt>
      <trkpt lat="25.7487348" lon="100.1555488"><ele>1967.8</ele><time>2026-10-06T00:55:41Z</time></trkpt>
      <trkpt lat="25.7487356" lon="100.1555278"><ele>1967.8</ele><time>2026-10-06T00:55:42Z</time></trkpt>
      <trkpt lat="25.7487404" lon="100.1555052"><ele>1967.8</ele><time>2026-10-06T00:55:43Z</time></trkpt>
      <trkpt lat="25.7487487" lon="100.1554807"><ele>1967.8</ele><time>2026-10-06T00:55:44Z</time></trkpt>
      <trkpt lat="25.7487600" lon="100.1554558"><ele>1967.9</ele><time>2026-10-06T00:55:45Z</time></trkpt>
      <trkpt lat="25.7487729" lon="100.1554323"><ele>1967.9</ele><time>2026-10-06T00:55:46Z</time></trkpt>
      <trkpt lat="25.7487872" lon="100.1554093"><ele>1967.9</ele><time>2026-10-06T00:55:47Z</time></trkpt>
      <trkpt lat="25.7488023" lon="100.1553862"><ele>1967.9</ele><time>2026-10-06T00:55:48Z</time></trkpt>
      <trkpt lat="25.7488183" lon="100.1553634"><ele>1967.9</ele><time>2026-10-06T00:55:49Z</time></trkpt>
      <trkpt lat="25.7488353" lon="100.1553419"><ele>1968.0</ele><time>2026-10-06T00:55:50Z</time></trkpt>
      <trkpt lat="25.7488522" lon="100.1553223"><ele>1968.0</ele><time>2026-10-06T00:55:51Z</time></trkpt>
      <trkpt lat="25.7488690" lon="100.1553038"><ele>1968.0</ele><time>2026-10-06T00:55:52Z</time></trkpt>
      <trkpt lat="25.7488855" lon="100.1552856"><ele>1968.0</ele><time>2026-10-06T00:55:53Z</time></trkpt>
      <trkpt lat="25.7489019" lon="100.1552677"><ele>1968.0</ele><time>2026-10-06T00:55:54Z</time></trkpt>
      <trkpt lat="25.7489182" lon="100.1552503"><ele>1968.0</ele><time>2026-10-06T00:55:55Z</time></trkpt>
      <trkpt lat="25.7489340" lon="100.1552332"><ele>1967.9</ele><time>2026-10-06T00:55:56Z</time></trkpt>
      <trkpt lat="25.7489495" lon="100.1552160"><ele>1967.9</ele><time>2026-10-06T00:55:57Z</time></trkpt>
      <trkpt lat="25.7489641" lon="100.1551987"><ele>1967.9</ele><time>2026-10-06T00:55:58Z</time></trkpt>
      <trkpt lat="25.7489771" lon="100.1551803"><ele>1967.9</ele><time>2026-10-06T00:55:59Z</time></trkpt>
      <trkpt lat="25.7489889" lon="100.1551607"><ele>1967.9</ele><time>2026-10-06T00:56:00Z</time></trkpt>
      <trkpt lat="25.7489990" lon="100.1551419"><ele>1967.9</ele><time>2026-10-06T00:56:01Z</time></trkpt>
      <trkpt lat="25.7490062" lon="100.1551234"><ele>1967.9</ele><time>2026-10-06T00:56:02Z</time></trkpt>
      <trkpt lat="25.7490103" lon="100.1551043"><ele>1967.9</ele><time>2026-10-06T00:56:03Z</time></trkpt>
      <trkpt lat="25.7490117" lon="100.1550850"><ele>1967.9</ele><time>2026-10-06T00:56:04Z</time></trkpt>
      <trkpt lat="25.7490107" lon="100.1550661"><ele>1967.9</ele><time>2026-10-06T00:56:05Z</time></trkpt>
      <trkpt lat="25.7490085" lon="100.1550478"><ele>1967.9</ele><time>2026-10-06T00:56:06Z</time></trkpt>
      <trkpt lat="25.7490060" lon="100.1550299"><ele>1968.0</ele><time>2026-10-06T00:56:07Z</time></trkpt>
      <trkpt lat="25.7490027" lon="100.1550125"><ele>1968.0</ele><time>2026-10-06T00:56:08Z</time></trkpt>
      <trkpt lat="25.7489974" lon="100.1549960"><ele>1968.0</ele><time>2026-10-06T00:56:09Z</time></trkpt>
      <trkpt lat="25.7489903" lon="100.1549801"><ele>1968.0</ele><time>2026-10-06T00:56:10Z</time></trkpt>
      <trkpt lat="25.7489828" lon="100.1549647"><ele>1968.0</ele><time>2026-10-06T00:56:11Z</time></trkpt>
      <trkpt lat="25.7489763" lon="100.1549486"><ele>1968.0</ele><time>2026-10-06T00:56:12Z</time></trkpt>
      <trkpt lat="25.7489720" lon="100.1549311"><ele>1968.0</ele><time>2026-10-06T00:56:13Z</time></trkpt>
      <trkpt lat="25.7489710" lon="100.1549128"><ele>1968.0</ele><time>2026-10-06T00:56:14Z</time></trkpt>
      <trkpt lat="25.7489741" lon="100.1548942"><ele>1968.0</ele><time>2026-10-06T00:56:15Z</time></trkpt>
      <trkpt lat="25.7489813" lon="100.1548759"><ele>1968.0</ele><time>2026-10-06T00:56:16Z</time></trkpt>
      <trkpt lat="25.7489920" lon="100.1548584"><ele>1968.0</ele><time>2026-10-06T00:56:17Z</time></trkpt>
      <trkpt lat="25.7490058" lon="100.1548420"><ele>1968.0</ele><time>2026-10-06T00:56:18Z</time></trkpt>
      <trkpt lat="25.7490215" lon="100.1548269"><ele>1967.9</ele><time>2026-10-06T00:56:19Z</time></trkpt>
      <trkpt lat="25.7490380" lon="100.1548126"><ele>1967.9</ele><time>2026-10-06T00:56:20Z</time></trkpt>
      <trkpt lat="25.7490550" lon="100.1547984"><ele>1967.9</ele><time>2026-10-06T00:56:21Z</time></trkpt>
      <trkpt lat="25.7490724" lon="100.1547843"><ele>1967.9</ele><time>2026-10-06T00:56:22Z</time></trkpt>
      <trkpt lat="25.7490905" lon="100.1547711"><ele>1967.9</ele><time>2026-10-06T00:56:23Z</time></trkpt>
      <trkpt lat="25.7491090" lon="100.1547585"><ele>1967.9</ele><time>2026-10-06T00:56:24Z</time></trkpt>
      <trkpt lat="25.7491280" lon="100.1547460"><ele>1967.9</ele><time>2026-10-06T00:56:25Z</time></trkpt>
      <trkpt lat="25.7491471" lon="100.1547334"><ele>1967.9</ele><time>2026-10-06T00:56:26Z</time></trkpt>
      <trkpt lat="25.7491652" lon="100.1547210"><ele>1967.9</ele><time>2026-10-06T00:56:27Z</time></trkpt>
      <trkpt lat="25.7491832" lon="100.1547082"><ele>1967.9</ele><time>2026-10-06T00:56:28Z</time></trkpt>
      <trkpt lat="25.7492015" lon="100.1546946"><ele>1967.9</ele><time>2026-10-06T00:56:29Z</time></trkpt>
      <trkpt lat="25.7492197" lon="100.1546802"><ele>1967.9</ele><time>2026-10-06T00:56:30Z</time></trkpt>
      <trkpt lat="25.7492382" lon="100.1546652"><ele>1967.9</ele><time>2026-10-06T00:56:31Z</time></trkpt>
      <trkpt lat="25.7492567" lon="100.1546504"><ele>1967.9</ele><time>2026-10-06T00:56:32Z</time></trkpt>
      <trkpt lat="25.7492752" lon="100.1546362"><ele>1967.9</ele><time>2026-10-06T00:56:33Z</time></trkpt>
      <trkpt lat="25.7492943" lon="100.1546228"><ele>1967.9</ele><time>2026-10-06T00:56:34Z</time></trkpt>
      <trkpt lat="25.7493136" lon="100.1546101"><ele>1967.8</ele><time>2026-10-06T00:56:35Z</time></trkpt>
      <trkpt lat="25.7493321" lon="100.1545975"><ele>1967.8</ele><time>2026-10-06T00:56:36Z</time></trkpt>
      <trkpt lat="25.7493502" lon="100.1545842"><ele>1967.8</ele><time>2026-10-06T00:56:37Z</time></trkpt>
      <trkpt lat="25.7493687" lon="100.1545709"><ele>1967.8</ele><time>2026-10-06T00:56:38Z</time></trkpt>
      <trkpt lat="25.7493871" lon="100.1545590"><ele>1967.8</ele><time>2026-10-06T00:56:39Z</time></trkpt>
      <trkpt lat="25.7494051" lon="100.1545489"><ele>1967.8</ele><time>2026-10-06T00:56:40Z</time></trkpt>
      <trkpt lat="25.7494237" lon="100.1545412"><ele>1967.8</ele><time>2026-10-06T00:56:41Z</time></trkpt>
      <trkpt lat="25.7494436" lon="100.1545369"><ele>1967.8</ele><time>2026-10-06T00:56:42Z</time></trkpt>
      <trkpt lat="25.7494645" lon="100.1545377"><ele>1967.8</ele><time>2026-10-06T00:56:43Z</time></trkpt>
      <trkpt lat="25.7494851" lon="100.1545445"><ele>1967.8</ele><time>2026-10-06T00:56:44Z</time></trkpt>
      <trkpt lat="25.7495044" lon="100.1545563"><ele>1967.7</ele><time>2026-10-06T00:56:45Z</time></trkpt>
      <trkpt lat="25.7495220" lon="100.1545707"><ele>1967.7</ele><time>2026-10-06T00:56:46Z</time></trkpt>
      <trkpt lat="25.7495385" lon="100.1545865"><ele>1967.7</ele><time>2026-10-06T00:56:47Z</time></trkpt>
      <trkpt lat="25.7495547" lon="100.1546029"><ele>1967.7</ele><time>2026-10-06T00:56:48Z</time></trkpt>
      <trkpt lat="25.7495709" lon="100.1546194"><ele>1967.7</ele><time>2026-10-06T00:56:49Z</time></trkpt>
      <trkpt lat="25.7495870" lon="100.1546355"><ele>1967.7</ele><time>2026-10-06T00:56:50Z</time></trkpt>
      <trkpt lat="25.7496027" lon="100.1546503"><ele>1967.7</ele><time>2026-10-06T00:56:51Z</time></trkpt>
      <trkpt lat="25.7496182" lon="100.1546642"><ele>1967.7</ele><time>2026-10-06T00:56:52Z</time></trkpt>
      <trkpt lat="25.7496337" lon="100.1546776"><ele>1967.7</ele><time>2026-10-06T00:56:53Z</time></trkpt>
      <trkpt lat="25.7496498" lon="100.1546908"><ele>1967.7</ele><time>2026-10-06T00:56:54Z</time></trkpt>
      <trkpt lat="25.7496654" lon="100.1547034"><ele>1967.7</ele><time>2026-10-06T00:56:55Z</time></trkpt>
      <trkpt lat="25.7496807" lon="100.1547145"><ele>1967.6</ele><time>2026-10-06T00:56:56Z</time></trkpt>
      <trkpt lat="25.7496965" lon="100.1547241"><ele>1967.6</ele><time>2026-10-06T00:56:57Z</time></trkpt>
      <trkpt lat="25.7497132" lon="100.1547310"><ele>1967.6</ele><time>2026-10-06T00:56:58Z</time></trkpt>
      <trkpt lat="25.7497305" lon="100.1547343"><ele>1967.6</ele><time>2026-10-06T00:56:59Z</time></trkpt>
      <trkpt lat="25.7497474" lon="100.1547352"><ele>1967.6</ele><time>2026-10-06T00:57:00Z</time></trkpt>
      <trkpt lat="25.7497635" lon="100.1547343"><ele>1967.6</ele><time>2026-10-06T00:57:01Z</time></trkpt>
      <trkpt lat="25.7497785" lon="100.1547317"><ele>1967.6</ele><time>2026-10-06T00:57:02Z</time></trkpt>
      <trkpt lat="25.7497925" lon="100.1547269"><ele>1967.6</ele><time>2026-10-06T00:57:03Z</time></trkpt>
      <trkpt lat="25.7498061" lon="100.1547198"><ele>1967.6</ele><time>2026-10-06T00:57:04Z</time></trkpt>
      <trkpt lat="25.7498194" lon="100.1547111"><ele>1967.7</ele><time>2026-10-06T00:57:05Z</time></trkpt>
      <trkpt lat="25.7498323" lon="100.1547006"><ele>1967.7</ele><time>2026-10-06T00:57:06Z</time></trkpt>
      <trkpt lat="25.7498449" lon="100.1546885"><ele>1967.7</ele><time>2026-10-06T00:57:07Z</time></trkpt>
      <trkpt lat="25.7498562" lon="100.1546755"><ele>1967.7</ele><time>2026-10-06T00:57:08Z</time></trkpt>
      <trkpt lat="25.7498657" lon="100.1546617"><ele>1967.8</ele><time>2026-10-06T00:57:09Z</time></trkpt>
      <trkpt lat="25.7498733" lon="100.1546473"><ele>1967.8</ele><time>2026-10-06T00:57:10Z</time></trkpt>
      <trkpt lat="25.7498807" lon="100.1546322"><ele>1967.8</ele><time>2026-10-06T00:57:11Z</time></trkpt>
      <trkpt lat="25.7498888" lon="100.1546171"><ele>1967.8</ele><time>2026-10-06T00:57:12Z</time></trkpt>
      <trkpt lat="25.7498970" lon="100.1546028"><ele>1967.8</ele><time>2026-10-06T00:57:13Z</time></trkpt>
      <trkpt lat="25.7499040" lon="100.1545884"><ele>1967.8</ele><time>2026-10-06T00:57:14Z</time></trkpt>
      <trkpt lat="25.7499095" lon="100.1545729"><ele>1967.8</ele><time>2026-10-06T00:57:15Z</time></trkpt>
      <trkpt lat="25.7499136" lon="100.1545560"><ele>1967.8</ele><time>2026-10-06T00:57:16Z</time></trkpt>
      <trkpt lat="25.7499162" lon="100.1545378"><ele>1967.8</ele><time>2026-10-06T00:57:17Z</time></trkpt>
      <trkpt lat="25.7499182" lon="100.1545189"><ele>1967.8</ele><time>2026-10-06T00:57:18Z</time></trkpt>
      <trkpt lat="25.7499215" lon="100.1545001"><ele>1967.8</ele><time>2026-10-06T00:57:19Z</time></trkpt>
      <trkpt lat="25.7499272" lon="100.1544822"><ele>1967.8</ele><time>2026-10-06T00:57:20Z</time></trkpt>
      <trkpt lat="25.7499361" lon="100.1544654"><ele>1967.8</ele><time>2026-10-06T00:57:21Z</time></trkpt>
      <trkpt lat="25.7499493" lon="100.1544491"><ele>1967.9</ele><time>2026-10-06T00:57:22Z</time></trkpt>
      <trkpt lat="25.7499651" lon="100.1544334"><ele>1967.9</ele><time>2026-10-06T00:57:23Z</time></trkpt>
      <trkpt lat="25.7499816" lon="100.1544177"><ele>1967.9</ele><time>2026-10-06T00:57:24Z</time></trkpt>
      <trkpt lat="25.7499978" lon="100.1544020"><ele>1967.9</ele><time>2026-10-06T00:57:25Z</time></trkpt>
      <trkpt lat="25.7500131" lon="100.1543869"><ele>1967.9</ele><time>2026-10-06T00:57:26Z</time></trkpt>
      <trkpt lat="25.7500285" lon="100.1543726"><ele>1967.9</ele><time>2026-10-06T00:57:27Z</time></trkpt>
      <trkpt lat="25.7500440" lon="100.1543597"><ele>1967.9</ele><time>2026-10-06T00:57:28Z</time></trkpt>
      <trkpt lat="25.7500584" lon="100.1543476"><ele>1967.9</ele><time>2026-10-06T00:57:29Z</time></trkpt>
      <trkpt lat="25.7500723" lon="100.1543356"><ele>1967.9</ele><time>2026-10-06T00:57:30Z</time></trkpt>
      <trkpt lat="25.7500865" lon="100.1543237"><ele>1967.9</ele><time>2026-10-06T00:57:31Z</time></trkpt>
      <trkpt lat="25.7501004" lon="100.1543118"><ele>1967.9</ele><time>2026-10-06T00:57:32Z</time></trkpt>
      <trkpt lat="25.7501135" lon="100.1542992"><ele>1967.9</ele><time>2026-10-06T00:57:33Z</time></trkpt>
      <trkpt lat="25.7501258" lon="100.1542863"><ele>1967.9</ele><time>2026-10-06T00:57:34Z</time></trkpt>
      <trkpt lat="25.7501385" lon="100.1542744"><ele>1967.9</ele><time>2026-10-06T00:57:35Z</time></trkpt>
      <trkpt lat="25.7501506" lon="100.1542645"><ele>1967.9</ele><time>2026-10-06T00:57:36Z</time></trkpt>
      <trkpt lat="25.7501588" lon="100.1542575"><ele>1968.0</ele><time>2026-10-06T00:57:37Z</time></trkpt>
      <trkpt lat="25.7501603" lon="100.1542552"><ele>1968.0</ele><time>2026-10-06T00:57:38Z</time></trkpt>
      <trkpt lat="25.7501535" lon="100.1542579"><ele>1968.0</ele><time>2026-10-06T00:57:39Z</time></trkpt>
      <trkpt lat="25.7501395" lon="100.1542664"><ele>1968.0</ele><time>2026-10-06T00:57:40Z</time></trkpt>
      <trkpt lat="25.7501240" lon="100.1542815"><ele>1968.0</ele><time>2026-10-06T00:57:41Z</time></trkpt>
      <trkpt lat="25.7501106" lon="100.1542992"><ele>1968.0</ele><time>2026-10-06T00:57:42Z</time></trkpt>
      <trkpt lat="25.7500992" lon="100.1543164"><ele>1968.0</ele><time>2026-10-06T00:57:43Z</time></trkpt>
      <trkpt lat="25.7500884" lon="100.1543324"><ele>1968.0</ele><time>2026-10-06T00:57:44Z</time></trkpt>
      <trkpt lat="25.7500773" lon="100.1543480"><ele>1968.0</ele><time>2026-10-06T00:57:45Z</time></trkpt>
      <trkpt lat="25.7500654" lon="100.1543635"><ele>1968.0</ele><time>2026-10-06T00:57:46Z</time></trkpt>
      <trkpt lat="25.7500526" lon="100.1543786"><ele>1968.0</ele><time>2026-10-06T00:57:47Z</time></trkpt>
      <trkpt lat="25.7500389" lon="100.1543937"><ele>1968.0</ele><time>2026-10-06T00:57:48Z</time></trkpt>
      <trkpt lat="25.7500251" lon="100.1544091"><ele>1968.0</ele><time>2026-10-06T00:57:49Z</time></trkpt>
      <trkpt lat="25.7500119" lon="100.1544242"><ele>1968.0</ele><time>2026-10-06T00:57:50Z</time></trkpt>
      <trkpt lat="25.7499989" lon="100.1544394"><ele>1968.0</ele><time>2026-10-06T00:57:51Z</time></trkpt>
      <trkpt lat="25.7499864" lon="100.1544547"><ele>1967.9</ele><time>2026-10-06T00:57:52Z</time></trkpt>
      <trkpt lat="25.7499750" lon="100.1544699"><ele>1967.9</ele><time>2026-10-06T00:57:53Z</time></trkpt>
      <trkpt lat="25.7499641" lon="100.1544855"><ele>1967.9</ele><time>2026-10-06T00:57:54Z</time></trkpt>
      <trkpt lat="25.7499543" lon="100.1545017"><ele>1967.9</ele><time>2026-10-06T00:57:55Z</time></trkpt>
      <trkpt lat="25.7499455" lon="100.1545185"><ele>1967.9</ele><time>2026-10-06T00:57:56Z</time></trkpt>
      <trkpt lat="25.7499367" lon="100.1545353"><ele>1967.9</ele><time>2026-10-06T00:57:57Z</time></trkpt>
      <trkpt lat="25.7499283" lon="100.1545528"><ele>1967.9</ele><time>2026-10-06T00:57:58Z</time></trkpt>
      <trkpt lat="25.7499206" lon="100.1545719"><ele>1967.9</ele><time>2026-10-06T00:57:59Z</time></trkpt>
      <trkpt lat="25.7499137" lon="100.1545922"><ele>1967.9</ele><time>2026-10-06T00:58:00Z</time></trkpt>
      <trkpt lat="25.7499071" lon="100.1546123"><ele>1967.8</ele><time>2026-10-06T00:58:01Z</time></trkpt>
      <trkpt lat="25.7499001" lon="100.1546310"><ele>1967.8</ele><time>2026-10-06T00:58:02Z</time></trkpt>
      <trkpt lat="25.7498925" lon="100.1546486"><ele>1967.8</ele><time>2026-10-06T00:58:03Z</time></trkpt>
      <trkpt lat="25.7498837" lon="100.1546659"><ele>1967.8</ele><time>2026-10-06T00:58:04Z</time></trkpt>
      <trkpt lat="25.7498734" lon="100.1546824"><ele>1967.8</ele><time>2026-10-06T00:58:05Z</time></trkpt>
      <trkpt lat="25.7498612" lon="100.1546970"><ele>1967.8</ele><time>2026-10-06T00:58:06Z</time></trkpt>
      <trkpt lat="25.7498469" lon="100.1547098"><ele>1967.8</ele><time>2026-10-06T00:58:07Z</time></trkpt>
      <trkpt lat="25.7498312" lon="100.1547213"><ele>1967.8</ele><time>2026-10-06T00:58:08Z</time></trkpt>
      <trkpt lat="25.7498145" lon="100.1547317"><ele>1967.8</ele><time>2026-10-06T00:58:09Z</time></trkpt>
      <trkpt lat="25.7497966" lon="100.1547408"><ele>1967.8</ele><time>2026-10-06T00:58:10Z</time></trkpt>
      <trkpt lat="25.7497774" lon="100.1547490"><ele>1967.8</ele><time>2026-10-06T00:58:11Z</time></trkpt>
      <trkpt lat="25.7497581" lon="100.1547560"><ele>1967.8</ele><time>2026-10-06T00:58:12Z</time></trkpt>
      <trkpt lat="25.7497396" lon="100.1547608"><ele>1967.8</ele><time>2026-10-06T00:58:13Z</time></trkpt>
      <trkpt lat="25.7497202" lon="100.1547625"><ele>1967.8</ele><time>2026-10-06T00:58:14Z</time></trkpt>
      <trkpt lat="25.7496989" lon="100.1547607"><ele>1967.8</ele><time>2026-10-06T00:58:15Z</time></trkpt>
      <trkpt lat="25.7496777" lon="100.1547560"><ele>1967.8</ele><time>2026-10-06T00:58:16Z</time></trkpt>
      <trkpt lat="25.7496580" lon="100.1547489"><ele>1967.8</ele><time>2026-10-06T00:58:17Z</time></trkpt>
      <trkpt lat="25.7496394" lon="100.1547397"><ele>1967.8</ele><time>2026-10-06T00:58:18Z</time></trkpt>
      <trkpt lat="25.7496228" lon="100.1547288"><ele>1967.8</ele><time>2026-10-06T00:58:19Z</time></trkpt>
      <trkpt lat="25.7496083" lon="100.1547158"><ele>1967.8</ele><time>2026-10-06T00:58:20Z</time></trkpt>
      <trkpt lat="25.7495941" lon="100.1547009"><ele>1967.8</ele><time>2026-10-06T00:58:21Z</time></trkpt>
      <trkpt lat="25.7495804" lon="100.1546846"><ele>1967.8</ele><time>2026-10-06T00:58:22Z</time></trkpt>
      <trkpt lat="25.7495678" lon="100.1546674"><ele>1967.8</ele><time>2026-10-06T00:58:23Z</time></trkpt>
      <trkpt lat="25.7495561" lon="100.1546499"><ele>1967.8</ele><time>2026-10-06T00:58:24Z</time></trkpt>
      <trkpt lat="25.7495450" lon="100.1546325"><ele>1967.8</ele><time>2026-10-06T00:58:25Z</time></trkpt>
      <trkpt lat="25.7495342" lon="100.1546157"><ele>1967.8</ele><time>2026-10-06T00:58:26Z</time></trkpt>
      <trkpt lat="25.7495223" lon="100.1546007"><ele>1967.8</ele><time>2026-10-06T00:58:27Z</time></trkpt>
      <trkpt lat="25.7495074" lon="100.1545884"><ele>1967.8</ele><time>2026-10-06T00:58:28Z</time></trkpt>
      <trkpt lat="25.7494896" lon="100.1545801"><ele>1967.8</ele><time>2026-10-06T00:58:29Z</time></trkpt>
      <trkpt lat="25.7494701" lon="100.1545758"><ele>1967.8</ele><time>2026-10-06T00:58:30Z</time></trkpt>
      <trkpt lat="25.7494503" lon="100.1545735"><ele>1967.9</ele><time>2026-10-06T00:58:31Z</time></trkpt>
      <trkpt lat="25.7494312" lon="100.1545724"><ele>1967.9</ele><time>2026-10-06T00:58:32Z</time></trkpt>
      <trkpt lat="25.7494131" lon="100.1545731"><ele>1967.9</ele><time>2026-10-06T00:58:33Z</time></trkpt>
      <trkpt lat="25.7493958" lon="100.1545772"><ele>1967.9</ele><time>2026-10-06T00:58:34Z</time></trkpt>
      <trkpt lat="25.7493796" lon="100.1545856"><ele>1967.9</ele><time>2026-10-06T00:58:35Z</time></trkpt>
      <trkpt lat="25.7493644" lon="100.1545972"><ele>1967.9</ele><time>2026-10-06T00:58:36Z</time></trkpt>
      <trkpt lat="25.7493497" lon="100.1546095"><ele>1967.9</ele><time>2026-10-06T00:58:37Z</time></trkpt>
      <trkpt lat="25.7493349" lon="100.1546212"><ele>1967.9</ele><time>2026-10-06T00:58:38Z</time></trkpt>
      <trkpt lat="25.7493193" lon="100.1546326"><ele>1967.9</ele><time>2026-10-06T00:58:39Z</time></trkpt>
      <trkpt lat="25.7493030" lon="100.1546437"><ele>1967.9</ele><time>2026-10-06T00:58:40Z</time></trkpt>
      <trkpt lat="25.7492866" lon="100.1546545"><ele>1967.9</ele><time>2026-10-06T00:58:41Z</time></trkpt>
      <trkpt lat="25.7492709" lon="100.1546656"><ele>1967.9</ele><time>2026-10-06T00:58:42Z</time></trkpt>
      <trkpt lat="25.7492556" lon="100.1546774"><ele>1967.9</ele><time>2026-10-06T00:58:43Z</time></trkpt>
      <trkpt lat="25.7492401" lon="100.1546899"><ele>1967.9</ele><time>2026-10-06T00:58:44Z</time></trkpt>
      <trkpt lat="25.7492249" lon="100.1547026"><ele>1967.9</ele><time>2026-10-06T00:58:45Z</time></trkpt>
      <trkpt lat="25.7492098" lon="100.1547152"><ele>1967.9</ele><time>2026-10-06T00:58:46Z</time></trkpt>
      <trkpt lat="25.7491948" lon="100.1547277"><ele>1967.9</ele><time>2026-10-06T00:58:47Z</time></trkpt>
      <trkpt lat="25.7491799" lon="100.1547401"><ele>1967.9</ele><time>2026-10-06T00:58:48Z</time></trkpt>
      <trkpt lat="25.7491646" lon="100.1547521"><ele>1967.9</ele><time>2026-10-06T00:58:49Z</time></trkpt>
      <trkpt lat="25.7491497" lon="100.1547642"><ele>1967.9</ele><time>2026-10-06T00:58:50Z</time></trkpt>
      <trkpt lat="25.7491356" lon="100.1547770"><ele>1967.9</ele><time>2026-10-06T00:58:51Z</time></trkpt>
      <trkpt lat="25.7491218" lon="100.1547900"><ele>1967.9</ele><time>2026-10-06T00:58:52Z</time></trkpt>
      <trkpt lat="25.7491084" lon="100.1548032"><ele>1967.9</ele><time>2026-10-06T00:58:53Z</time></trkpt>
      <trkpt lat="25.7490950" lon="100.1548164"><ele>1967.9</ele><time>2026-10-06T00:58:54Z</time></trkpt>
      <trkpt lat="25.7490820" lon="100.1548292"><ele>1967.9</ele><time>2026-10-06T00:58:55Z</time></trkpt>
      <trkpt lat="25.7490693" lon="100.1548413"><ele>1967.9</ele><time>2026-10-06T00:58:56Z</time></trkpt>
      <trkpt lat="25.7490564" lon="100.1548535"><ele>1967.8</ele><time>2026-10-06T00:58:57Z</time></trkpt>
      <trkpt lat="25.7490442" lon="100.1548669"><ele>1967.8</ele><time>2026-10-06T00:58:58Z</time></trkpt>
      <trkpt lat="25.7490338" lon="100.1548823"><ele>1967.8</ele><time>2026-10-06T00:58:59Z</time></trkpt>
      <trkpt lat="25.7490261" lon="100.1548998"><ele>1967.8</ele><time>2026-10-06T00:59:00Z</time></trkpt>
      <trkpt lat="25.7490215" lon="100.1549191"><ele>1967.8</ele><time>2026-10-06T00:59:01Z</time></trkpt>
      <trkpt lat="25.7490201" lon="100.1549401"><ele>1967.8</ele><time>2026-10-06T00:59:02Z</time></trkpt>
      <trkpt lat="25.7490211" lon="100.1549614"><ele>1967.8</ele><time>2026-10-06T00:59:03Z</time></trkpt>
      <trkpt lat="25.7490236" lon="100.1549818"><ele>1967.8</ele><time>2026-10-06T00:59:04Z</time></trkpt>
      <trkpt lat="25.7490272" lon="100.1550010"><ele>1967.8</ele><time>2026-10-06T00:59:05Z</time></trkpt>
      <trkpt lat="25.7490316" lon="100.1550190"><ele>1967.8</ele><time>2026-10-06T00:59:06Z</time></trkpt>
      <trkpt lat="25.7490362" lon="100.1550373"><ele>1967.8</ele><time>2026-10-06T00:59:07Z</time></trkpt>
      <trkpt lat="25.7490399" lon="100.1550571"><ele>1967.8</ele><time>2026-10-06T00:59:08Z</time></trkpt>
      <trkpt lat="25.7490419" lon="100.1550776"><ele>1967.8</ele><time>2026-10-06T00:59:09Z</time></trkpt>
      <trkpt lat="25.7490411" lon="100.1550982"><ele>1967.8</ele><time>2026-10-06T00:59:10Z</time></trkpt>
      <trkpt lat="25.7490379" lon="100.1551186"><ele>1967.8</ele><time>2026-10-06T00:59:11Z</time></trkpt>
      <trkpt lat="25.7490327" lon="100.1551393"><ele>1967.8</ele><time>2026-10-06T00:59:12Z</time></trkpt>
      <trkpt lat="25.7490251" lon="100.1551600"><ele>1967.8</ele><time>2026-10-06T00:59:13Z</time></trkpt>
      <trkpt lat="25.7490146" lon="100.1551799"><ele>1967.8</ele><time>2026-10-06T00:59:14Z</time></trkpt>
      <trkpt lat="25.7490009" lon="100.1551993"><ele>1967.8</ele><time>2026-10-06T00:59:15Z</time></trkpt>
      <trkpt lat="25.7489857" lon="100.1552176"><ele>1967.8</ele><time>2026-10-06T00:59:16Z</time></trkpt>
      <trkpt lat="25.7489699" lon="100.1552337"><ele>1967.8</ele><time>2026-10-06T00:59:17Z</time></trkpt>
      <trkpt lat="25.7489538" lon="100.1552479"><ele>1967.8</ele><time>2026-10-06T00:59:18Z</time></trkpt>
      <trkpt lat="25.7489376" lon="100.1552621"><ele>1967.8</ele><time>2026-10-06T00:59:19Z</time></trkpt>
      <trkpt lat="25.7489212" lon="100.1552776"><ele>1967.8</ele><time>2026-10-06T00:59:20Z</time></trkpt>
      <trkpt lat="25.7489054" lon="100.1552932"><ele>1967.8</ele><time>2026-10-06T00:59:21Z</time></trkpt>
      <trkpt lat="25.7488904" lon="100.1553081"><ele>1967.8</ele><time>2026-10-06T00:59:22Z</time></trkpt>
      <trkpt lat="25.7488756" lon="100.1553226"><ele>1967.8</ele><time>2026-10-06T00:59:23Z</time></trkpt>
      <trkpt lat="25.7488609" lon="100.1553374"><ele>1967.8</ele><time>2026-10-06T00:59:24Z</time></trkpt>
      <trkpt lat="25.7488467" lon="100.1553523"><ele>1967.8</ele><time>2026-10-06T00:59:25Z</time></trkpt>
      <trkpt lat="25.7488344" lon="100.1553681"><ele>1967.8</ele><time>2026-10-06T00:59:26Z</time></trkpt>
      <trkpt lat="25.7488250" lon="100.1553853"><ele>1967.8</ele><time>2026-10-06T00:59:27Z</time></trkpt>
      <trkpt lat="25.7488178" lon="100.1554038"><ele>1967.8</ele><time>2026-10-06T00:59:28Z</time></trkpt>
      <trkpt lat="25.7488119" lon="100.1554233"><ele>1967.8</ele><time>2026-10-06T00:59:29Z</time></trkpt>
      <trkpt lat="25.7488070" lon="100.1554431"><ele>1967.7</ele><time>2026-10-06T00:59:30Z</time></trkpt>
      <trkpt lat="25.7488037" lon="100.1554625"><ele>1967.7</ele><time>2026-10-06T00:59:31Z</time></trkpt>
      <trkpt lat="25.7488032" lon="100.1554817"><ele>1967.7</ele><time>2026-10-06T00:59:32Z</time></trkpt>
      <trkpt lat="25.7488054" lon="100.1555007"><ele>1967.7</ele><time>2026-10-06T00:59:33Z</time></trkpt>
      <trkpt lat="25.7488101" lon="100.1555200"><ele>1967.7</ele><time>2026-10-06T00:59:34Z</time></trkpt>
      <trkpt lat="25.7488163" lon="100.1555396"><ele>1967.7</ele><time>2026-10-06T00:59:35Z</time></trkpt>
      <trkpt lat="25.7488233" lon="100.1555590"><ele>1967.7</ele><time>2026-10-06T00:59:36Z</time></trkpt>
      <trkpt lat="25.7488304" lon="100.1555777"><ele>1967.7</ele><time>2026-10-06T00:59:37Z</time></trkpt>
      <trkpt lat="25.7488376" lon="100.1555954"><ele>1967.6</ele><time>2026-10-06T00:59:38Z</time></trkpt>
      <trkpt lat="25.7488457" lon="100.1556127"><ele>1967.6</ele><time>2026-10-06T00:59:39Z</time></trkpt>
      <trkpt lat="25.7488546" lon="100.1556306"><ele>1967.6</ele><time>2026-10-06T00:59:40Z</time></trkpt>
      <trkpt lat="25.7488627" lon="100.1556489"><ele>1967.6</ele><time>2026-10-06T00:59:41Z</time></trkpt>
      <trkpt lat="25.7488701" lon="100.1556678"><ele>1967.6</ele><time>2026-10-06T00:59:42Z</time></trkpt>
      <trkpt lat="25.7488773" lon="100.1556871"><ele>1967.6</ele><time>2026-10-06T00:59:43Z</time></trkpt>
      <trkpt lat="25.7488846" lon="100.1557067"><ele>1967.6</ele><time>2026-10-06T00:59:44Z</time></trkpt>
      <trkpt lat="25.7488914" lon="100.1557268"><ele>1967.6</ele><time>2026-10-06T00:59:45Z</time></trkpt>
      <trkpt lat="25.7488967" lon="100.1557473"><ele>1967.6</ele><time>2026-10-06T00:59:46Z</time></trkpt>
      <trkpt lat="25.7489005" lon="100.1557681"><ele>1967.6</ele><time>2026-10-06T00:59:47Z</time></trkpt>
      <trkpt lat="25.7489022" lon="100.1557895"><ele>1967.6</ele><time>2026-10-06T00:59:48Z</time></trkpt>
      <trkpt lat="25.7489010" lon="100.1558113"><ele>1967.6</ele><time>2026-10-06T00:59:49Z</time></trkpt>
      <trkpt lat="25.7488971" lon="100.1558330"><ele>1967.6</ele><time>2026-10-06T00:59:50Z</time></trkpt>
      <trkpt lat="25.7488906" lon="100.1558543"><ele>1967.6</ele><time>2026-10-06T00:59:51Z</time></trkpt>
      <trkpt lat="25.7488823" lon="100.1558754"><ele>1967.6</ele><time>2026-10-06T00:59:52Z</time></trkpt>
      <trkpt lat="25.7488726" lon="100.1558959"><ele>1967.6</ele><time>2026-10-06T00:59:53Z</time></trkpt>
      <trkpt lat="25.7488615" lon="100.1559148"><ele>1967.6</ele><time>2026-10-06T00:59:54Z</time></trkpt>
      <trkpt lat="25.7488490" lon="100.1559325"><ele>1967.6</ele><time>2026-10-06T00:59:55Z</time></trkpt>
      <trkpt lat="25.7488350" lon="100.1559486"><ele>1967.6</ele><time>2026-10-06T00:59:56Z</time></trkpt>
      <trkpt lat="25.7488195" lon="100.1559634"><ele>1967.6</ele><time>2026-10-06T00:59:57Z</time></trkpt>
      <trkpt lat="25.7488036" lon="100.1559781"><ele>1967.6</ele><time>2026-10-06T00:59:58Z</time></trkpt>
      <trkpt lat="25.7487881" lon="100.1559930"><ele>1967.6</ele><time>2026-10-06T00:59:59Z</time></trkpt>
      <trkpt lat="25.7487726" lon="100.1560072"><ele>1967.5</ele><time>2026-10-06T01:00:00Z</time></trkpt>
      <trkpt lat="25.7487569" lon="100.1560215"><ele>1967.5</ele><time>2026-10-06T01:00:01Z</time></trkpt>
      <trkpt lat="25.7487413" lon="100.1560356"><ele>1967.5</ele><time>2026-10-06T01:00:02Z</time></trkpt>
      <trkpt lat="25.7487262" lon="100.1560489"><ele>1967.5</ele><time>2026-10-06T01:00:03Z</time></trkpt>
      <trkpt lat="25.7487116" lon="100.1560615"><ele>1967.5</ele><time>2026-10-06T01:00:04Z</time></trkpt>
      <trkpt lat="25.7486969" lon="100.1560738"><ele>1967.5</ele><time>2026-10-06T01:00:05Z</time></trkpt>
      <trkpt lat="25.7486817" lon="100.1560862"><ele>1967.5</ele><time>2026-10-06T01:00:06Z</time></trkpt>
      <trkpt lat="25.7486662" lon="100.1560984"><ele>1967.5</ele><time>2026-10-06T01:00:07Z</time></trkpt>
      <trkpt lat="25.7486505" lon="100.1561097"><ele>1967.5</ele><time>2026-10-06T01:00:08Z</time></trkpt>
      <trkpt lat="25.7486338" lon="100.1561205"><ele>1967.4</ele><time>2026-10-06T01:00:09Z</time></trkpt>
      <trkpt lat="25.7486169" lon="100.1561320"><ele>1967.4</ele><time>2026-10-06T01:00:10Z</time></trkpt>
      <trkpt lat="25.7486007" lon="100.1561455"><ele>1967.4</ele><time>2026-10-06T01:00:11Z</time></trkpt>
      <trkpt lat="25.7485856" lon="100.1561599"><ele>1967.4</ele><time>2026-10-06T01:00:12Z</time></trkpt>
      <trkpt lat="25.7485717" lon="100.1561738"><ele>1967.4</ele><time>2026-10-06T01:00:13Z</time></trkpt>
      <trkpt lat="25.7485576" lon="100.1561876"><ele>1967.4</ele><time>2026-10-06T01:00:14Z</time></trkpt>
      <trkpt lat="25.7485432" lon="100.1562010"><ele>1967.4</ele><time>2026-10-06T01:00:15Z</time></trkpt>
      <trkpt lat="25.7485284" lon="100.1562139"><ele>1967.4</ele><time>2026-10-06T01:00:16Z</time></trkpt>
      <trkpt lat="25.7485136" lon="100.1562265"><ele>1967.4</ele><time>2026-10-06T01:00:17Z</time></trkpt>
      <trkpt lat="25.7484991" lon="100.1562392"><ele>1967.3</ele><time>2026-10-06T01:00:18Z</time></trkpt>
      <trkpt lat="25.7484845" lon="100.1562518"><ele>1967.3</ele><time>2026-10-06T01:00:19Z</time></trkpt>
      <trkpt lat="25.7484697" lon="100.1562641"><ele>1967.3</ele><time>2026-10-06T01:00:20Z</time></trkpt>
      <trkpt lat="25.7484550" lon="100.1562767"><ele>1967.3</ele><time>2026-10-06T01:00:21Z</time></trkpt>
      <trkpt lat="25.7484406" lon="100.1562897"><ele>1967.3</ele><time>2026-10-06T01:00:22Z</time></trkpt>
      <trkpt lat="25.7484272" lon="100.1563022"><ele>1967.3</ele><time>2026-10-06T01:00:23Z</time></trkpt>
      <trkpt lat="25.7484138" lon="100.1563141"><ele>1967.3</ele><time>2026-10-06T01:00:24Z</time></trkpt>
      <trkpt lat="25.7483995" lon="100.1563264"><ele>1967.2</ele><time>2026-10-06T01:00:25Z</time></trkpt>
      <trkpt lat="25.7483848" lon="100.1563394"><ele>1967.2</ele><time>2026-10-06T01:00:26Z</time></trkpt>
      <trkpt lat="25.7483702" lon="100.1563531"><ele>1967.2</ele><time>2026-10-06T01:00:27Z</time></trkpt>
      <trkpt lat="25.7483559" lon="100.1563672"><ele>1967.2</ele><time>2026-10-06T01:00:28Z</time></trkpt>
      <trkpt lat="25.7483417" lon="100.1563814"><ele>1967.2</ele><time>2026-10-06T01:00:29Z</time></trkpt>
      <trkpt lat="25.7483267" lon="100.1563951"><ele>1967.2</ele><time>2026-10-06T01:00:30Z</time></trkpt>
      <trkpt lat="25.7483112" lon="100.1564087"><ele>1967.2</ele><time>2026-10-06T01:00:31Z</time></trkpt>
      <trkpt lat="25.7482956" lon="100.1564227"><ele>1967.1</ele><time>2026-10-06T01:00:32Z</time></trkpt>
      <trkpt lat="25.7482794" lon="100.1564372"><ele>1967.1</ele><time>2026-10-06T01:00:33Z</time></trkpt>
      <trkpt lat="25.7482624" lon="100.1564515"><ele>1967.1</ele><time>2026-10-06T01:00:34Z</time></trkpt>
      <trkpt lat="25.7482448" lon="100.1564648"><ele>1967.1</ele><time>2026-10-06T01:00:35Z</time></trkpt>
      <trkpt lat="25.7482277" lon="100.1564772"><ele>1967.1</ele><time>2026-10-06T01:00:36Z</time></trkpt>
      <trkpt lat="25.7482109" lon="100.1564896"><ele>1967.1</ele><time>2026-10-06T01:00:37Z</time></trkpt>
      <trkpt lat="25.7481946" lon="100.1565019"><ele>1967.1</ele><time>2026-10-06T01:00:38Z</time></trkpt>
      <trkpt lat="25.7481782" lon="100.1565142"><ele>1967.1</ele><time>2026-10-06T01:00:39Z</time></trkpt>
      <trkpt lat="25.7481615" lon="100.1565259"><ele>1967.1</ele><time>2026-10-06T01:00:40Z</time></trkpt>
      <trkpt lat="25.7481447" lon="100.1565377"><ele>1967.1</ele><time>2026-10-06T01:00:41Z</time></trkpt>
      <trkpt lat="25.7481276" lon="100.1565503"><ele>1967.1</ele><time>2026-10-06T01:00:42Z</time></trkpt>
      <trkpt lat="25.7481101" lon="100.1565632"><ele>1967.1</ele><time>2026-10-06T01:00:43Z</time></trkpt>
      <trkpt lat="25.7480923" lon="100.1565766"><ele>1967.1</ele><time>2026-10-06T01:00:44Z</time></trkpt>
      <trkpt lat="25.7480739" lon="100.1565901"><ele>1967.1</ele><time>2026-10-06T01:00:45Z</time></trkpt>
      <trkpt lat="25.7480554" lon="100.1566030"><ele>1967.1</ele><time>2026-10-06T01:00:46Z</time></trkpt>
      <trkpt lat="25.7480365" lon="100.1566151"><ele>1967.1</ele><time>2026-10-06T01:00:47Z</time></trkpt>
      <trkpt lat="25.7480167" lon="100.1566266"><ele>1967.2</ele><time>2026-10-06T01:00:48Z</time></trkpt>
      <trkpt lat="25.7479962" lon="100.1566375"><ele>1967.2</ele><time>2026-10-06T01:00:49Z</time></trkpt>
      <trkpt lat="25.7479755" lon="100.1566468"><ele>1967.2</ele><time>2026-10-06T01:00:50Z</time></trkpt>
      <trkpt lat="25.7479548" lon="100.1566547"><ele>1967.2</ele><time>2026-10-06T01:00:51Z</time></trkpt>
      <trkpt lat="25.7479339" lon="100.1566615"><ele>1967.2</ele><time>2026-10-06T01:00:52Z</time></trkpt>
      <trkpt lat="25.7479130" lon="100.1566677"><ele>1967.2</ele><time>2026-10-06T01:00:53Z</time></trkpt>
      <trkpt lat="25.7478927" lon="100.1566742"><ele>1967.3</ele><time>2026-10-06T01:00:54Z</time></trkpt>
      <trkpt lat="25.7478724" lon="100.1566806"><ele>1967.3</ele><time>2026-10-06T01:00:55Z</time></trkpt>
      <trkpt lat="25.7478519" lon="100.1566868"><ele>1967.3</ele><time>2026-10-06T01:00:56Z</time></trkpt>
      <trkpt lat="25.7478318" lon="100.1566931"><ele>1967.3</ele><time>2026-10-06T01:00:57Z</time></trkpt>
      <trkpt lat="25.7478120" lon="100.1566990"><ele>1967.3</ele><time>2026-10-06T01:00:58Z</time></trkpt>
      <trkpt lat="25.7477918" lon="100.1567042"><ele>1967.3</ele><time>2026-10-06T01:00:59Z</time></trkpt>
      <trkpt lat="25.7477712" lon="100.1567082"><ele>1967.4</ele><time>2026-10-06T01:01:00Z</time></trkpt>
      <trkpt lat="25.7477508" lon="100.1567118"><ele>1967.4</ele><time>2026-10-06T01:01:01Z</time></trkpt>
      <trkpt lat="25.7477308" lon="100.1567158"><ele>1967.4</ele><time>2026-10-06T01:01:02Z</time></trkpt>
      <trkpt lat="25.7477107" lon="100.1567199"><ele>1967.4</ele><time>2026-10-06T01:01:03Z</time></trkpt>
      <trkpt lat="25.7476904" lon="100.1567238"><ele>1967.5</ele><time>2026-10-06T01:01:04Z</time></trkpt>
      <trkpt lat="25.7476700" lon="100.1567274"><ele>1967.5</ele><time>2026-10-06T01:01:05Z</time></trkpt>
      <trkpt lat="25.7476493" lon="100.1567305"><ele>1967.5</ele><time>2026-10-06T01:01:06Z</time></trkpt>
      <trkpt lat="25.7476287" lon="100.1567331"><ele>1967.5</ele><time>2026-10-06T01:01:07Z</time></trkpt>
      <trkpt lat="25.7476079" lon="100.1567349"><ele>1967.5</ele><time>2026-10-06T01:01:08Z</time></trkpt>
      <trkpt lat="25.7475872" lon="100.1567364"><ele>1967.5</ele><time>2026-10-06T01:01:09Z</time></trkpt>
      <trkpt lat="25.7475668" lon="100.1567380"><ele>1967.5</ele><time>2026-10-06T01:01:10Z</time></trkpt>
      <trkpt lat="25.7475464" lon="100.1567394"><ele>1967.5</ele><time>2026-10-06T01:01:11Z</time></trkpt>
      <trkpt lat="25.7475255" lon="100.1567403"><ele>1967.5</ele><time>2026-10-06T01:01:12Z</time></trkpt>
      <trkpt lat="25.7475044" lon="100.1567406"><ele>1967.6</ele><time>2026-10-06T01:01:13Z</time></trkpt>
      <trkpt lat="25.7474837" lon="100.1567409"><ele>1967.6</ele><time>2026-10-06T01:01:14Z</time></trkpt>
      <trkpt lat="25.7474639" lon="100.1567416"><ele>1967.6</ele><time>2026-10-06T01:01:15Z</time></trkpt>
      <trkpt lat="25.7474448" lon="100.1567425"><ele>1967.6</ele><time>2026-10-06T01:01:16Z</time></trkpt>
      <trkpt lat="25.7474256" lon="100.1567442"><ele>1967.6</ele><time>2026-10-06T01:01:17Z</time></trkpt>
      <trkpt lat="25.7474060" lon="100.1567464"><ele>1967.6</ele><time>2026-10-06T01:01:18Z</time></trkpt>
      <trkpt lat="25.7473861" lon="100.1567491"><ele>1967.6</ele><time>2026-10-06T01:01:19Z</time></trkpt>
      <trkpt lat="25.7473663" lon="100.1567523"><ele>1967.6</ele><time>2026-10-06T01:01:20Z</time></trkpt>
      <trkpt lat="25.7473468" lon="100.1567556"><ele>1967.6</ele><time>2026-10-06T01:01:21Z</time></trkpt>
      <trkpt lat="25.7473276" lon="100.1567594"><ele>1967.6</ele><time>2026-10-06T01:01:22Z</time></trkpt>
      <trkpt lat="25.7473089" lon="100.1567641"><ele>1967.6</ele><time>2026-10-06T01:01:23Z</time></trkpt>
      <trkpt lat="25.7472906" lon="100.1567701"><ele>1967.6</ele><time>2026-10-06T01:01:24Z</time></trkpt>
      <trkpt lat="25.7472725" lon="100.1567774"><ele>1967.6</ele><time>2026-10-06T01:01:25Z</time></trkpt>
      <trkpt lat="25.7472549" lon="100.1567849"><ele>1967.6</ele><time>2026-10-06T01:01:26Z</time></trkpt>
      <trkpt lat="25.7472369" lon="100.1567916"><ele>1967.6</ele><time>2026-10-06T01:01:27Z</time></trkpt>
      <trkpt lat="25.7472187" lon="100.1567977"><ele>1967.7</ele><time>2026-10-06T01:01:28Z</time></trkpt>
      <trkpt lat="25.7472007" lon="100.1568042"><ele>1967.7</ele><time>2026-10-06T01:01:29Z</time></trkpt>
      <trkpt lat="25.7471827" lon="100.1568116"><ele>1967.7</ele><time>2026-10-06T01:01:30Z</time></trkpt>
      <trkpt lat="25.7471646" lon="100.1568195"><ele>1967.7</ele><time>2026-10-06T01:01:31Z</time></trkpt>
      <trkpt lat="25.7471467" lon="100.1568271"><ele>1967.7</ele><time>2026-10-06T01:01:32Z</time></trkpt>
      <trkpt lat="25.7471305" lon="100.1568342"><ele>1967.7</ele><time>2026-10-06T01:01:33Z</time></trkpt>
      <trkpt lat="25.7471164" lon="100.1568405"><ele>1967.7</ele><time>2026-10-06T01:01:34Z</time></trkpt>
      <trkpt lat="25.7471017" lon="100.1568469"><ele>1967.7</ele><time>2026-10-06T01:01:35Z</time></trkpt>
      <trkpt lat="25.7470836" lon="100.1568550"><ele>1967.7</ele><time>2026-10-06T01:01:36Z</time></trkpt>
      <trkpt lat="25.7470634" lon="100.1568640"><ele>1967.8</ele><time>2026-10-06T01:01:37Z</time></trkpt>
      <trkpt lat="25.7470430" lon="100.1568723"><ele>1967.8</ele><time>2026-10-06T01:01:38Z</time></trkpt>
      <trkpt lat="25.7470234" lon="100.1568785"><ele>1967.8</ele><time>2026-10-06T01:01:39Z</time></trkpt>
      <trkpt lat="25.7470046" lon="100.1568832"><ele>1967.8</ele><time>2026-10-06T01:01:40Z</time></trkpt>
      <trkpt lat="25.7469855" lon="100.1568872"><ele>1967.8</ele><time>2026-10-06T01:01:41Z</time></trkpt>
      <trkpt lat="25.7469660" lon="100.1568918"><ele>1967.8</ele><time>2026-10-06T01:01:42Z</time></trkpt>
      <trkpt lat="25.7469461" lon="100.1568978"><ele>1967.8</ele><time>2026-10-06T01:01:43Z</time></trkpt>
      <trkpt lat="25.7469258" lon="100.1569047"><ele>1967.8</ele><time>2026-10-06T01:01:44Z</time></trkpt>
      <trkpt lat="25.7469068" lon="100.1569124"><ele>1967.9</ele><time>2026-10-06T01:01:45Z</time></trkpt>
      <trkpt lat="25.7468896" lon="100.1569214"><ele>1967.9</ele><time>2026-10-06T01:01:46Z</time></trkpt>
      <trkpt lat="25.7468736" lon="100.1569323"><ele>1967.9</ele><time>2026-10-06T01:01:47Z</time></trkpt>
      <trkpt lat="25.7468578" lon="100.1569451"><ele>1967.9</ele><time>2026-10-06T01:01:48Z</time></trkpt>
      <trkpt lat="25.7468416" lon="100.1569591"><ele>1967.8</ele><time>2026-10-06T01:01:49Z</time></trkpt>
      <trkpt lat="25.7468260" lon="100.1569730"><ele>1967.8</ele><time>2026-10-06T01:01:50Z</time></trkpt>
      <trkpt lat="25.7468111" lon="100.1569862"><ele>1967.8</ele><time>2026-10-06T01:01:51Z</time></trkpt>
      <trkpt lat="25.7467968" lon="100.1569985"><ele>1967.8</ele><time>2026-10-06T01:01:52Z</time></trkpt>
      <trkpt lat="25.7467826" lon="100.1570102"><ele>1967.8</ele><time>2026-10-06T01:01:53Z</time></trkpt>
      <trkpt lat="25.7467681" lon="100.1570223"><ele>1967.8</ele><time>2026-10-06T01:01:54Z</time></trkpt>
      <trkpt lat="25.7467539" lon="100.1570349"><ele>1967.8</ele><time>2026-10-06T01:01:55Z</time></trkpt>
      <trkpt lat="25.7467405" lon="100.1570476"><ele>1967.8</ele><time>2026-10-06T01:01:56Z</time></trkpt>
      <trkpt lat="25.7467271" lon="100.1570609"><ele>1967.8</ele><time>2026-10-06T01:01:57Z</time></trkpt>
      <trkpt lat="25.7467145" lon="100.1570754"><ele>1967.8</ele><time>2026-10-06T01:01:58Z</time></trkpt>
      <trkpt lat="25.7467026" lon="100.1570912"><ele>1967.8</ele><time>2026-10-06T01:01:59Z</time></trkpt>
      <trkpt lat="25.7466903" lon="100.1571075"><ele>1967.8</ele><time>2026-10-06T01:02:00Z</time></trkpt>
      <trkpt lat="25.7466770" lon="100.1571235"><ele>1967.7</ele><time>2026-10-06T01:02:01Z</time></trkpt>
      <trkpt lat="25.7466629" lon="100.1571393"><ele>1967.7</ele><time>2026-10-06T01:02:02Z</time></trkpt>
      <trkpt lat="25.7466497" lon="100.1571556"><ele>1967.8</ele><time>2026-10-06T01:02:03Z</time></trkpt>
      <trkpt lat="25.7466366" lon="100.1571731"><ele>1967.8</ele><time>2026-10-06T01:02:04Z</time></trkpt>
      <trkpt lat="25.7466228" lon="100.1571908"><ele>1967.8</ele><time>2026-10-06T01:02:05Z</time></trkpt>
      <trkpt lat="25.7466084" lon="100.1572072"><ele>1967.7</ele><time>2026-10-06T01:02:06Z</time></trkpt>
      <trkpt lat="25.7465939" lon="100.1572217"><ele>1967.7</ele><time>2026-10-06T01:02:07Z</time></trkpt>
      <trkpt lat="25.7465808" lon="100.1572365"><ele>1967.7</ele><time>2026-10-06T01:02:08Z</time></trkpt>
      <trkpt lat="25.7465688" lon="100.1572541"><ele>1967.7</ele><time>2026-10-06T01:02:09Z</time></trkpt>
      <trkpt lat="25.7465571" lon="100.1572729"><ele>1967.7</ele><time>2026-10-06T01:02:10Z</time></trkpt>
      <trkpt lat="25.7465451" lon="100.1572909"><ele>1967.7</ele><time>2026-10-06T01:02:11Z</time></trkpt>
      <trkpt lat="25.7465322" lon="100.1573076"><ele>1967.7</ele><time>2026-10-06T01:02:12Z</time></trkpt>
      <trkpt lat="25.7465188" lon="100.1573238"><ele>1967.7</ele><time>2026-10-06T01:02:13Z</time></trkpt>
      <trkpt lat="25.7465045" lon="100.1573394"><ele>1967.7</ele><time>2026-10-06T01:02:14Z</time></trkpt>
      <trkpt lat="25.7464893" lon="100.1573538"><ele>1967.7</ele><time>2026-10-06T01:02:15Z</time></trkpt>
      <trkpt lat="25.7464736" lon="100.1573669"><ele>1967.6</ele><time>2026-10-06T01:02:16Z</time></trkpt>
      <trkpt lat="25.7464569" lon="100.1573792"><ele>1967.6</ele><time>2026-10-06T01:02:17Z</time></trkpt>
      <trkpt lat="25.7464399" lon="100.1573911"><ele>1967.6</ele><time>2026-10-06T01:02:18Z</time></trkpt>
      <trkpt lat="25.7464224" lon="100.1574026"><ele>1967.6</ele><time>2026-10-06T01:02:19Z</time></trkpt>
      <trkpt lat="25.7464043" lon="100.1574130"><ele>1967.6</ele><time>2026-10-06T01:02:20Z</time></trkpt>
      <trkpt lat="25.7463864" lon="100.1574226"><ele>1967.6</ele><time>2026-10-06T01:02:21Z</time></trkpt>
      <trkpt lat="25.7463682" lon="100.1574325"><ele>1967.6</ele><time>2026-10-06T01:02:22Z</time></trkpt>
      <trkpt lat="25.7463494" lon="100.1574434"><ele>1967.6</ele><time>2026-10-06T01:02:23Z</time></trkpt>
      <trkpt lat="25.7463303" lon="100.1574547"><ele>1967.5</ele><time>2026-10-06T01:02:24Z</time></trkpt>
      <trkpt lat="25.7463111" lon="100.1574658"><ele>1967.5</ele><time>2026-10-06T01:02:25Z</time></trkpt>
      <trkpt lat="25.7462918" lon="100.1574775"><ele>1967.5</ele><time>2026-10-06T01:02:26Z</time></trkpt>
      <trkpt lat="25.7462715" lon="100.1574895"><ele>1967.5</ele><time>2026-10-06T01:02:27Z</time></trkpt>
      <trkpt lat="25.7462509" lon="100.1575007"><ele>1967.5</ele><time>2026-10-06T01:02:28Z</time></trkpt>
      <trkpt lat="25.7462307" lon="100.1575104"><ele>1967.5</ele><time>2026-10-06T01:02:29Z</time></trkpt>
      <trkpt lat="25.7462107" lon="100.1575187"><ele>1967.5</ele><time>2026-10-06T01:02:30Z</time></trkpt>
      <trkpt lat="25.7461910" lon="100.1575260"><ele>1967.5</ele><time>2026-10-06T01:02:31Z</time></trkpt>
      <trkpt lat="25.7461714" lon="100.1575328"><ele>1967.5</ele><time>2026-10-06T01:02:32Z</time></trkpt>
      <trkpt lat="25.7461520" lon="100.1575390"><ele>1967.5</ele><time>2026-10-06T01:02:33Z</time></trkpt>
      <trkpt lat="25.7461328" lon="100.1575443"><ele>1967.5</ele><time>2026-10-06T01:02:34Z</time></trkpt>
      <trkpt lat="25.7461138" lon="100.1575490"><ele>1967.5</ele><time>2026-10-06T01:02:35Z</time></trkpt>
      <trkpt lat="25.7460954" lon="100.1575536"><ele>1967.4</ele><time>2026-10-06T01:02:36Z</time></trkpt>
      <trkpt lat="25.7460771" lon="100.1575585"><ele>1967.4</ele><time>2026-10-06T01:02:37Z</time></trkpt>
      <trkpt lat="25.7460586" lon="100.1575638"><ele>1967.4</ele><time>2026-10-06T01:02:38Z</time></trkpt>
      <trkpt lat="25.7460398" lon="100.1575689"><ele>1967.4</ele><time>2026-10-06T01:02:39Z</time></trkpt>
      <trkpt lat="25.7460202" lon="100.1575734"><ele>1967.4</ele><time>2026-10-06T01:02:40Z</time></trkpt>
      <trkpt lat="25.7460000" lon="100.1575775"><ele>1967.4</ele><time>2026-10-06T01:02:41Z</time></trkpt>
      <trkpt lat="25.7459797" lon="100.1575816"><ele>1967.4</ele><time>2026-10-06T01:02:42Z</time></trkpt>
      <trkpt lat="25.7459599" lon="100.1575852"><ele>1967.4</ele><time>2026-10-06T01:02:43Z</time></trkpt>
      <trkpt lat="25.7459409" lon="100.1575882"><ele>1967.4</ele><time>2026-10-06T01:02:44Z</time></trkpt>
      <trkpt lat="25.7459214" lon="100.1575904"><ele>1967.4</ele><time>2026-10-06T01:02:45Z</time></trkpt>
      <trkpt lat="25.7459013" lon="100.1575918"><ele>1967.4</ele><time>2026-10-06T01:02:46Z</time></trkpt>
      <trkpt lat="25.7458815" lon="100.1575922"><ele>1967.4</ele><time>2026-10-06T01:02:47Z</time></trkpt>
      <trkpt lat="25.7458620" lon="100.1575918"><ele>1967.4</ele><time>2026-10-06T01:02:48Z</time></trkpt>
      <trkpt lat="25.7458428" lon="100.1575913"><ele>1967.4</ele><time>2026-10-06T01:02:49Z</time></trkpt>
      <trkpt lat="25.7458237" lon="100.1575913"><ele>1967.4</ele><time>2026-10-06T01:02:50Z</time></trkpt>
      <trkpt lat="25.7458046" lon="100.1575917"><ele>1967.4</ele><time>2026-10-06T01:02:51Z</time></trkpt>
      <trkpt lat="25.7457859" lon="100.1575923"><ele>1967.4</ele><time>2026-10-06T01:02:52Z</time></trkpt>
      <trkpt lat="25.7457667" lon="100.1575928"><ele>1967.4</ele><time>2026-10-06T01:02:53Z</time></trkpt>
      <trkpt lat="25.7457464" lon="100.1575937"><ele>1967.3</ele><time>2026-10-06T01:02:54Z</time></trkpt>
      <trkpt lat="25.7457257" lon="100.1575948"><ele>1967.3</ele><time>2026-10-06T01:02:55Z</time></trkpt>
      <trkpt lat="25.7457054" lon="100.1575951"><ele>1967.3</ele><time>2026-10-06T01:02:56Z</time></trkpt>
      <trkpt lat="25.7456863" lon="100.1575943"><ele>1967.3</ele><time>2026-10-06T01:02:57Z</time></trkpt>
      <trkpt lat="25.7456678" lon="100.1575919"><ele>1967.3</ele><time>2026-10-06T01:02:58Z</time></trkpt>
      <trkpt lat="25.7456493" lon="100.1575862"><ele>1967.3</ele><time>2026-10-06T01:02:59Z</time></trkpt>
      <trkpt lat="25.7456315" lon="100.1575772"><ele>1967.3</ele><time>2026-10-06T01:03:00Z</time></trkpt>
      <trkpt lat="25.7456145" lon="100.1575668"><ele>1967.3</ele><time>2026-10-06T01:03:01Z</time></trkpt>
      <trkpt lat="25.7455973" lon="100.1575585"><ele>1967.3</ele><time>2026-10-06T01:03:02Z</time></trkpt>
      <trkpt lat="25.7455789" lon="100.1575541"><ele>1967.3</ele><time>2026-10-06T01:03:03Z</time></trkpt>
      <trkpt lat="25.7455597" lon="100.1575523"><ele>1967.3</ele><time>2026-10-06T01:03:04Z</time></trkpt>
      <trkpt lat="25.7455411" lon="100.1575516"><ele>1967.3</ele><time>2026-10-06T01:03:05Z</time></trkpt>
      <trkpt lat="25.7455225" lon="100.1575510"><ele>1967.4</ele><time>2026-10-06T01:03:06Z</time></trkpt>
      <trkpt lat="25.7455039" lon="100.1575505"><ele>1967.4</ele><time>2026-10-06T01:03:07Z</time></trkpt>
      <trkpt lat="25.7454855" lon="100.1575503"><ele>1967.4</ele><time>2026-10-06T01:03:08Z</time></trkpt>
      <trkpt lat="25.7454671" lon="100.1575506"><ele>1967.4</ele><time>2026-10-06T01:03:09Z</time></trkpt>
      <trkpt lat="25.7454483" lon="100.1575519"><ele>1967.5</ele><time>2026-10-06T01:03:10Z</time></trkpt>
      <trkpt lat="25.7454291" lon="100.1575544"><ele>1967.5</ele><time>2026-10-06T01:03:11Z</time></trkpt>
      <trkpt lat="25.7454103" lon="100.1575579"><ele>1967.5</ele><time>2026-10-06T01:03:12Z</time></trkpt>
      <trkpt lat="25.7453919" lon="100.1575624"><ele>1967.5</ele><time>2026-10-06T01:03:13Z</time></trkpt>
      <trkpt lat="25.7453728" lon="100.1575678"><ele>1967.6</ele><time>2026-10-06T01:03:14Z</time></trkpt>
      <trkpt lat="25.7453529" lon="100.1575744"><ele>1967.6</ele><time>2026-10-06T01:03:15Z</time></trkpt>
      <trkpt lat="25.7453326" lon="100.1575828"><ele>1967.6</ele><time>2026-10-06T01:03:16Z</time></trkpt>
      <trkpt lat="25.7453128" lon="100.1575929"><ele>1967.6</ele><time>2026-10-06T01:03:17Z</time></trkpt>
      <trkpt lat="25.7452941" lon="100.1576044"><ele>1967.6</ele><time>2026-10-06T01:03:18Z</time></trkpt>
      <trkpt lat="25.7452769" lon="100.1576170"><ele>1967.6</ele><time>2026-10-06T01:03:19Z</time></trkpt>
      <trkpt lat="25.7452605" lon="100.1576303"><ele>1967.6</ele><time>2026-10-06T01:03:20Z</time></trkpt>
      <trkpt lat="25.7452442" lon="100.1576439"><ele>1967.6</ele><time>2026-10-06T01:03:21Z</time></trkpt>
      <trkpt lat="25.7452281" lon="100.1576570"><ele>1967.6</ele><time>2026-10-06T01:03:22Z</time></trkpt>
      <trkpt lat="25.7452130" lon="100.1576701"><ele>1967.6</ele><time>2026-10-06T01:03:23Z</time></trkpt>
      <trkpt lat="25.7451986" lon="100.1576837"><ele>1967.6</ele><time>2026-10-06T01:03:24Z</time></trkpt>
      <trkpt lat="25.7451845" lon="100.1576976"><ele>1967.6</ele><time>2026-10-06T01:03:25Z</time></trkpt>
      <trkpt lat="25.7451708" lon="100.1577117"><ele>1967.6</ele><time>2026-10-06T01:03:26Z</time></trkpt>
      <trkpt lat="25.7451576" lon="100.1577251"><ele>1967.6</ele><time>2026-10-06T01:03:27Z</time></trkpt>
      <trkpt lat="25.7451446" lon="100.1577379"><ele>1967.6</ele><time>2026-10-06T01:03:28Z</time></trkpt>
      <trkpt lat="25.7451310" lon="100.1577508"><ele>1967.6</ele><time>2026-10-06T01:03:29Z</time></trkpt>
      <trkpt lat="25.7451171" lon="100.1577639"><ele>1967.7</ele><time>2026-10-06T01:03:30Z</time></trkpt>
      <trkpt lat="25.7451036" lon="100.1577776"><ele>1967.7</ele><time>2026-10-06T01:03:31Z</time></trkpt>
      <trkpt lat="25.7450907" lon="100.1577913"><ele>1967.7</ele><time>2026-10-06T01:03:32Z</time></trkpt>
      <trkpt lat="25.7450782" lon="100.1578043"><ele>1967.7</ele><time>2026-10-06T01:03:33Z</time></trkpt>
      <trkpt lat="25.7450652" lon="100.1578163"><ele>1967.7</ele><time>2026-10-06T01:03:34Z</time></trkpt>
      <trkpt lat="25.7450510" lon="100.1578277"><ele>1967.7</ele><time>2026-10-06T01:03:35Z</time></trkpt>
      <trkpt lat="25.7450359" lon="100.1578392"><ele>1967.7</ele><time>2026-10-06T01:03:36Z</time></trkpt>
      <trkpt lat="25.7450204" lon="100.1578506"><ele>1967.7</ele><time>2026-10-06T01:03:37Z</time></trkpt>
      <trkpt lat="25.7450050" lon="100.1578615"><ele>1967.7</ele><time>2026-10-06T01:03:38Z</time></trkpt>
      <trkpt lat="25.7449897" lon="100.1578725"><ele>1967.7</ele><time>2026-10-06T01:03:39Z</time></trkpt>
      <trkpt lat="25.7449744" lon="100.1578840"><ele>1967.7</ele><time>2026-10-06T01:03:40Z</time></trkpt>
      <trkpt lat="25.7449594" lon="100.1578965"><ele>1967.7</ele><time>2026-10-06T01:03:41Z</time></trkpt>
      <trkpt lat="25.7449445" lon="100.1579097"><ele>1967.7</ele><time>2026-10-06T01:03:42Z</time></trkpt>
      <trkpt lat="25.7449294" lon="100.1579223"><ele>1967.7</ele><time>2026-10-06T01:03:43Z</time></trkpt>
      <trkpt lat="25.7449146" lon="100.1579344"><ele>1967.7</ele><time>2026-10-06T01:03:44Z</time></trkpt>
      <trkpt lat="25.7449006" lon="100.1579467"><ele>1967.7</ele><time>2026-10-06T01:03:45Z</time></trkpt>
      <trkpt lat="25.7448868" lon="100.1579593"><ele>1967.7</ele><time>2026-10-06T01:03:46Z</time></trkpt>
      <trkpt lat="25.7448725" lon="100.1579722"><ele>1967.6</ele><time>2026-10-06T01:03:47Z</time></trkpt>
      <trkpt lat="25.7448580" lon="100.1579859"><ele>1967.6</ele><time>2026-10-06T01:03:48Z</time></trkpt>
      <trkpt lat="25.7448434" lon="100.1580001"><ele>1967.6</ele><time>2026-10-06T01:03:49Z</time></trkpt>
      <trkpt lat="25.7448283" lon="100.1580135"><ele>1967.6</ele><time>2026-10-06T01:03:50Z</time></trkpt>
      <trkpt lat="25.7448130" lon="100.1580260"><ele>1967.6</ele><time>2026-10-06T01:03:51Z</time></trkpt>
      <trkpt lat="25.7447977" lon="100.1580384"><ele>1967.6</ele><time>2026-10-06T01:03:52Z</time></trkpt>
      <trkpt lat="25.7447827" lon="100.1580515"><ele>1967.5</ele><time>2026-10-06T01:03:53Z</time></trkpt>
      <trkpt lat="25.7447681" lon="100.1580651"><ele>1967.5</ele><time>2026-10-06T01:03:54Z</time></trkpt>
      <trkpt lat="25.7447531" lon="100.1580790"><ele>1967.5</ele><time>2026-10-06T01:03:55Z</time></trkpt>
      <trkpt lat="25.7447381" lon="100.1580926"><ele>1967.5</ele><time>2026-10-06T01:03:56Z</time></trkpt>
      <trkpt lat="25.7447227" lon="100.1581058"><ele>1967.5</ele><time>2026-10-06T01:03:57Z</time></trkpt>
      <trkpt lat="25.7447068" lon="100.1581191"><ele>1967.5</ele><time>2026-10-06T01:03:58Z</time></trkpt>
      <trkpt lat="25.7446912" lon="100.1581328"><ele>1967.4</ele><time>2026-10-06T01:03:59Z</time></trkpt>
      <trkpt lat="25.7446752" lon="100.1581473"><ele>1967.4</ele><time>2026-10-06T01:04:00Z</time></trkpt>
      <trkpt lat="25.7446588" lon="100.1581617"><ele>1967.4</ele><time>2026-10-06T01:04:01Z</time></trkpt>
      <trkpt lat="25.7446421" lon="100.1581764"><ele>1967.4</ele><time>2026-10-06T01:04:02Z</time></trkpt>
      <trkpt lat="25.7446256" lon="100.1581917"><ele>1967.4</ele><time>2026-10-06T01:04:03Z</time></trkpt>
      <trkpt lat="25.7446102" lon="100.1582074"><ele>1967.3</ele><time>2026-10-06T01:04:04Z</time></trkpt>
      <trkpt lat="25.7445950" lon="100.1582234"><ele>1967.3</ele><time>2026-10-06T01:04:05Z</time></trkpt>
      <trkpt lat="25.7445799" lon="100.1582391"><ele>1967.3</ele><time>2026-10-06T01:04:06Z</time></trkpt>
      <trkpt lat="25.7445652" lon="100.1582547"><ele>1967.3</ele><time>2026-10-06T01:04:07Z</time></trkpt>
      <trkpt lat="25.7445506" lon="100.1582706"><ele>1967.2</ele><time>2026-10-06T01:04:08Z</time></trkpt>
      <trkpt lat="25.7445363" lon="100.1582862"><ele>1967.2</ele><time>2026-10-06T01:04:09Z</time></trkpt>
      <trkpt lat="25.7445221" lon="100.1583012"><ele>1967.2</ele><time>2026-10-06T01:04:10Z</time></trkpt>
      <trkpt lat="25.7445080" lon="100.1583154"><ele>1967.2</ele><time>2026-10-06T01:04:11Z</time></trkpt>
      <trkpt lat="25.7444943" lon="100.1583289"><ele>1967.2</ele><time>2026-10-06T01:04:12Z</time></trkpt>
      <trkpt lat="25.7444804" lon="100.1583431"><ele>1967.2</ele><time>2026-10-06T01:04:13Z</time></trkpt>
      <trkpt lat="25.7444667" lon="100.1583576"><ele>1967.1</ele><time>2026-10-06T01:04:14Z</time></trkpt>
      <trkpt lat="25.7444528" lon="100.1583722"><ele>1967.1</ele><time>2026-10-06T01:04:15Z</time></trkpt>
      <trkpt lat="25.7444383" lon="100.1583875"><ele>1967.1</ele><time>2026-10-06T01:04:16Z</time></trkpt>
      <trkpt lat="25.7444236" lon="100.1584034"><ele>1967.1</ele><time>2026-10-06T01:04:17Z</time></trkpt>
      <trkpt lat="25.7444082" lon="100.1584192"><ele>1967.1</ele><time>2026-10-06T01:04:18Z</time></trkpt>
      <trkpt lat="25.7443930" lon="100.1584340"><ele>1967.1</ele><time>2026-10-06T01:04:19Z</time></trkpt>
      <trkpt lat="25.7443797" lon="100.1584483"><ele>1967.1</ele><time>2026-10-06T01:04:20Z</time></trkpt>
      <trkpt lat="25.7443679" lon="100.1584625"><ele>1967.1</ele><time>2026-10-06T01:04:21Z</time></trkpt>
      <trkpt lat="25.7443566" lon="100.1584768"><ele>1967.0</ele><time>2026-10-06T01:04:22Z</time></trkpt>
      <trkpt lat="25.7443442" lon="100.1584912"><ele>1967.0</ele><time>2026-10-06T01:04:23Z</time></trkpt>
      <trkpt lat="25.7443309" lon="100.1585049"><ele>1967.0</ele><time>2026-10-06T01:04:24Z</time></trkpt>
      <trkpt lat="25.7443176" lon="100.1585188"><ele>1967.0</ele><time>2026-10-06T01:04:25Z</time></trkpt>
      <trkpt lat="25.7443041" lon="100.1585335"><ele>1966.9</ele><time>2026-10-06T01:04:26Z</time></trkpt>
      <trkpt lat="25.7442904" lon="100.1585487"><ele>1966.9</ele><time>2026-10-06T01:04:27Z</time></trkpt>
      <trkpt lat="25.7442767" lon="100.1585643"><ele>1966.9</ele><time>2026-10-06T01:04:28Z</time></trkpt>
      <trkpt lat="25.7442628" lon="100.1585803"><ele>1966.9</ele><time>2026-10-06T01:04:29Z</time></trkpt>
      <trkpt lat="25.7442487" lon="100.1585961"><ele>1966.8</ele><time>2026-10-06T01:04:30Z</time></trkpt>
      <trkpt lat="25.7442342" lon="100.1586120"><ele>1966.8</ele><time>2026-10-06T01:04:31Z</time></trkpt>
      <trkpt lat="25.7442195" lon="100.1586276"><ele>1966.8</ele><time>2026-10-06T01:04:32Z</time></trkpt>
      <trkpt lat="25.7442047" lon="100.1586432"><ele>1966.8</ele><time>2026-10-06T01:04:33Z</time></trkpt>
      <trkpt lat="25.7441893" lon="100.1586590"><ele>1966.8</ele><time>2026-10-06T01:04:34Z</time></trkpt>
      <trkpt lat="25.7441735" lon="100.1586749"><ele>1966.8</ele><time>2026-10-06T01:04:35Z</time></trkpt>
      <trkpt lat="25.7441573" lon="100.1586909"><ele>1966.8</ele><time>2026-10-06T01:04:36Z</time></trkpt>
      <trkpt lat="25.7441402" lon="100.1587072"><ele>1966.8</ele><time>2026-10-06T01:04:37Z</time></trkpt>
      <trkpt lat="25.7441229" lon="100.1587233"><ele>1966.8</ele><time>2026-10-06T01:04:38Z</time></trkpt>
      <trkpt lat="25.7441063" lon="100.1587385"><ele>1966.8</ele><time>2026-10-06T01:04:39Z</time></trkpt>
      <trkpt lat="25.7440901" lon="100.1587538"><ele>1966.8</ele><time>2026-10-06T01:04:40Z</time></trkpt>
      <trkpt lat="25.7440731" lon="100.1587698"><ele>1966.8</ele><time>2026-10-06T01:04:41Z</time></trkpt>
      <trkpt lat="25.7440552" lon="100.1587860"><ele>1966.8</ele><time>2026-10-06T01:04:42Z</time></trkpt>
      <trkpt lat="25.7440360" lon="100.1588019"><ele>1966.8</ele><time>2026-10-06T01:04:43Z</time></trkpt>
      <trkpt lat="25.7440156" lon="100.1588169"><ele>1966.8</ele><time>2026-10-06T01:04:44Z</time></trkpt>
      <trkpt lat="25.7439950" lon="100.1588307"><ele>1966.8</ele><time>2026-10-06T01:04:45Z</time></trkpt>
      <trkpt lat="25.7439747" lon="100.1588436"><ele>1966.7</ele><time>2026-10-06T01:04:46Z</time></trkpt>
      <trkpt lat="25.7439553" lon="100.1588560"><ele>1966.7</ele><time>2026-10-06T01:04:47Z</time></trkpt>
      <trkpt lat="25.7439368" lon="100.1588683"><ele>1966.7</ele><time>2026-10-06T01:04:48Z</time></trkpt>
      <trkpt lat="25.7439194" lon="100.1588800"><ele>1966.7</ele><time>2026-10-06T01:04:49Z</time></trkpt>
      <trkpt lat="25.7439025" lon="100.1588922"><ele>1966.7</ele><time>2026-10-06T01:04:50Z</time></trkpt>
      <trkpt lat="25.7438843" lon="100.1589060"><ele>1966.7</ele><time>2026-10-06T01:04:51Z</time></trkpt>
      <trkpt lat="25.7438651" lon="100.1589201"><ele>1966.7</ele><time>2026-10-06T01:04:52Z</time></trkpt>
      <trkpt lat="25.7438456" lon="100.1589340"><ele>1966.6</ele><time>2026-10-06T01:04:53Z</time></trkpt>
      <trkpt lat="25.7438259" lon="100.1589489"><ele>1966.6</ele><time>2026-10-06T01:04:54Z</time></trkpt>
      <trkpt lat="25.7438067" lon="100.1589653"><ele>1966.6</ele><time>2026-10-06T01:04:55Z</time></trkpt>
      <trkpt lat="25.7437886" lon="100.1589818"><ele>1966.6</ele><time>2026-10-06T01:04:56Z</time></trkpt>
      <trkpt lat="25.7437712" lon="100.1589971"><ele>1966.5</ele><time>2026-10-06T01:04:57Z</time></trkpt>
      <trkpt lat="25.7437545" lon="100.1590114"><ele>1966.5</ele><time>2026-10-06T01:04:58Z</time></trkpt>
      <trkpt lat="25.7437398" lon="100.1590260"><ele>1966.5</ele><time>2026-10-06T01:04:59Z</time></trkpt>
      <trkpt lat="25.7437268" lon="100.1590412"><ele>1966.5</ele><time>2026-10-06T01:05:00Z</time></trkpt>
      <trkpt lat="25.7437142" lon="100.1590560"><ele>1966.5</ele><time>2026-10-06T01:05:01Z</time></trkpt>
      <trkpt lat="25.7437010" lon="100.1590701"><ele>1966.4</ele><time>2026-10-06T01:05:02Z</time></trkpt>
      <trkpt lat="25.7436868" lon="100.1590831"><ele>1966.4</ele><time>2026-10-06T01:05:03Z</time></trkpt>
      <trkpt lat="25.7436722" lon="100.1590946"><ele>1966.4</ele><time>2026-10-06T01:05:04Z</time></trkpt>
      <trkpt lat="25.7436575" lon="100.1591049"><ele>1966.4</ele><time>2026-10-06T01:05:05Z</time></trkpt>
      <trkpt lat="25.7436432" lon="100.1591142"><ele>1966.4</ele><time>2026-10-06T01:05:06Z</time></trkpt>
      <trkpt lat="25.7436291" lon="100.1591227"><ele>1966.4</ele><time>2026-10-06T01:05:07Z</time></trkpt>
      <trkpt lat="25.7436150" lon="100.1591308"><ele>1966.5</ele><time>2026-10-06T01:05:08Z</time></trkpt>
      <trkpt lat="25.7436012" lon="100.1591388"><ele>1966.5</ele><time>2026-10-06T01:05:09Z</time></trkpt>
      <trkpt lat="25.7435876" lon="100.1591471"><ele>1966.5</ele><time>2026-10-06T01:05:10Z</time></trkpt>
      <trkpt lat="25.7435733" lon="100.1591565"><ele>1966.5</ele><time>2026-10-06T01:05:11Z</time></trkpt>
      <trkpt lat="25.7435576" lon="100.1591672"><ele>1966.5</ele><time>2026-10-06T01:05:12Z</time></trkpt>
      <trkpt lat="25.7435411" lon="100.1591792"><ele>1966.6</ele><time>2026-10-06T01:05:13Z</time></trkpt>
      <trkpt lat="25.7435244" lon="100.1591924"><ele>1966.6</ele><time>2026-10-06T01:05:14Z</time></trkpt>
      <trkpt lat="25.7435081" lon="100.1592063"><ele>1966.6</ele><time>2026-10-06T01:05:15Z</time></trkpt>
      <trkpt lat="25.7434935" lon="100.1592198"><ele>1966.6</ele><time>2026-10-06T01:05:16Z</time></trkpt>
      <trkpt lat="25.7434811" lon="100.1592326"><ele>1966.7</ele><time>2026-10-06T01:05:17Z</time></trkpt>
      <trkpt lat="25.7434699" lon="100.1592460"><ele>1966.7</ele><time>2026-10-06T01:05:18Z</time></trkpt>
      <trkpt lat="25.7434576" lon="100.1592607"><ele>1966.7</ele><time>2026-10-06T01:05:19Z</time></trkpt>
      <trkpt lat="25.7434447" lon="100.1592755"><ele>1966.7</ele><time>2026-10-06T01:05:20Z</time></trkpt>
      <trkpt lat="25.7434318" lon="100.1592908"><ele>1966.7</ele><time>2026-10-06T01:05:21Z</time></trkpt>
      <trkpt lat="25.7434170" lon="100.1593093"><ele>1966.7</ele><time>2026-10-06T01:05:22Z</time></trkpt>
      <trkpt lat="25.7434002" lon="100.1593317"><ele>1966.7</ele><time>2026-10-06T01:05:23Z</time></trkpt>
      <trkpt lat="25.7433839" lon="100.1593557"><ele>1966.7</ele><time>2026-10-06T01:05:24Z</time></trkpt>
      <trkpt lat="25.7433701" lon="100.1593784"><ele>1966.7</ele><time>2026-10-06T01:05:25Z</time></trkpt>
      <trkpt lat="25.7433581" lon="100.1593999"><ele>1966.7</ele><time>2026-10-06T01:05:26Z</time></trkpt>
      <trkpt lat="25.7433474" lon="100.1594206"><ele>1966.7</ele><time>2026-10-06T01:05:27Z</time></trkpt>
      <trkpt lat="25.7433369" lon="100.1594405"><ele>1966.7</ele><time>2026-10-06T01:05:28Z</time></trkpt>
      <trkpt lat="25.7433261" lon="100.1594600"><ele>1966.7</ele><time>2026-10-06T01:05:29Z</time></trkpt>
      <trkpt lat="25.7433157" lon="100.1594792"><ele>1966.8</ele><time>2026-10-06T01:05:30Z</time></trkpt>
      <trkpt lat="25.7433057" lon="100.1594991"><ele>1966.8</ele><time>2026-10-06T01:05:31Z</time></trkpt>
      <trkpt lat="25.7432957" lon="100.1595192"><ele>1966.8</ele><time>2026-10-06T01:05:32Z</time></trkpt>
      <trkpt lat="25.7432859" lon="100.1595387"><ele>1966.8</ele><time>2026-10-06T01:05:33Z</time></trkpt>
      <trkpt lat="25.7432763" lon="100.1595585"><ele>1966.8</ele><time>2026-10-06T01:05:34Z</time></trkpt>
      <trkpt lat="25.7432672" lon="100.1595782"><ele>1966.9</ele><time>2026-10-06T01:05:35Z</time></trkpt>
      <trkpt lat="25.7432585" lon="100.1595976"><ele>1966.9</ele><time>2026-10-06T01:05:36Z</time></trkpt>
      <trkpt lat="25.7432498" lon="100.1596166"><ele>1966.9</ele><time>2026-10-06T01:05:37Z</time></trkpt>
      <trkpt lat="25.7432412" lon="100.1596350"><ele>1966.9</ele><time>2026-10-06T01:05:38Z</time></trkpt>
      <trkpt lat="25.7432322" lon="100.1596531"><ele>1966.9</ele><time>2026-10-06T01:05:39Z</time></trkpt>
      <trkpt lat="25.7432231" lon="100.1596712"><ele>1966.9</ele><time>2026-10-06T01:05:40Z</time></trkpt>
      <trkpt lat="25.7432140" lon="100.1596894"><ele>1966.9</ele><time>2026-10-06T01:05:41Z</time></trkpt>
      <trkpt lat="25.7432047" lon="100.1597078"><ele>1966.9</ele><time>2026-10-06T01:05:42Z</time></trkpt>
      <trkpt lat="25.7431953" lon="100.1597259"><ele>1967.0</ele><time>2026-10-06T01:05:43Z</time></trkpt>
      <trkpt lat="25.7431855" lon="100.1597440"><ele>1967.0</ele><time>2026-10-06T01:05:44Z</time></trkpt>
      <trkpt lat="25.7431752" lon="100.1597618"><ele>1967.0</ele><time>2026-10-06T01:05:45Z</time></trkpt>
      <trkpt lat="25.7431643" lon="100.1597788"><ele>1967.0</ele><time>2026-10-06T01:05:46Z</time></trkpt>
      <trkpt lat="25.7431517" lon="100.1597950"><ele>1967.0</ele><time>2026-10-06T01:05:47Z</time></trkpt>
      <trkpt lat="25.7431382" lon="100.1598106"><ele>1967.0</ele><time>2026-10-06T01:05:48Z</time></trkpt>
      <trkpt lat="25.7431240" lon="100.1598267"><ele>1967.1</ele><time>2026-10-06T01:05:49Z</time></trkpt>
      <trkpt lat="25.7431098" lon="100.1598428"><ele>1967.1</ele><time>2026-10-06T01:05:50Z</time></trkpt>
      <trkpt lat="25.7430963" lon="100.1598585"><ele>1967.1</ele><time>2026-10-06T01:05:51Z</time></trkpt>
      <trkpt lat="25.7430831" lon="100.1598729"><ele>1967.1</ele><time>2026-10-06T01:05:52Z</time></trkpt>
      <trkpt lat="25.7430694" lon="100.1598863"><ele>1967.2</ele><time>2026-10-06T01:05:53Z</time></trkpt>
      <trkpt lat="25.7430548" lon="100.1598999"><ele>1967.2</ele><time>2026-10-06T01:05:54Z</time></trkpt>
      <trkpt lat="25.7430395" lon="100.1599139"><ele>1967.2</ele><time>2026-10-06T01:05:55Z</time></trkpt>
      <trkpt lat="25.7430244" lon="100.1599274"><ele>1967.2</ele><time>2026-10-06T01:05:56Z</time></trkpt>
      <trkpt lat="25.7430093" lon="100.1599399"><ele>1967.2</ele><time>2026-10-06T01:05:57Z</time></trkpt>
      <trkpt lat="25.7429941" lon="100.1599515"><ele>1967.2</ele><time>2026-10-06T01:05:58Z</time></trkpt>
      <trkpt lat="25.7429787" lon="100.1599629"><ele>1967.3</ele><time>2026-10-06T01:05:59Z</time></trkpt>
      <trkpt lat="25.7429633" lon="100.1599747"><ele>1967.3</ele><time>2026-10-06T01:06:00Z</time></trkpt>
      <trkpt lat="25.7429483" lon="100.1599873"><ele>1967.3</ele><time>2026-10-06T01:06:01Z</time></trkpt>
      <trkpt lat="25.7429338" lon="100.1600005"><ele>1967.3</ele><time>2026-10-06T01:06:02Z</time></trkpt>
      <trkpt lat="25.7429196" lon="100.1600138"><ele>1967.3</ele><time>2026-10-06T01:06:03Z</time></trkpt>
      <trkpt lat="25.7429055" lon="100.1600270"><ele>1967.3</ele><time>2026-10-06T01:06:04Z</time></trkpt>
      <trkpt lat="25.7428913" lon="100.1600398"><ele>1967.3</ele><time>2026-10-06T01:06:05Z</time></trkpt>
      <trkpt lat="25.7428770" lon="100.1600520"><ele>1967.3</ele><time>2026-10-06T01:06:06Z</time></trkpt>
      <trkpt lat="25.7428624" lon="100.1600643"><ele>1967.2</ele><time>2026-10-06T01:06:07Z</time></trkpt>
      <trkpt lat="25.7428472" lon="100.1600765"><ele>1967.2</ele><time>2026-10-06T01:06:08Z</time></trkpt>
      <trkpt lat="25.7428317" lon="100.1600883"><ele>1967.2</ele><time>2026-10-06T01:06:09Z</time></trkpt>
      <trkpt lat="25.7428157" lon="100.1600997"><ele>1967.2</ele><time>2026-10-06T01:06:10Z</time></trkpt>
      <trkpt lat="25.7427997" lon="100.1601104"><ele>1967.2</ele><time>2026-10-06T01:06:11Z</time></trkpt>
      <trkpt lat="25.7427843" lon="100.1601212"><ele>1967.1</ele><time>2026-10-06T01:06:12Z</time></trkpt>
      <trkpt lat="25.7427684" lon="100.1601326"><ele>1967.1</ele><time>2026-10-06T01:06:13Z</time></trkpt>
      <trkpt lat="25.7427521" lon="100.1601444"><ele>1967.1</ele><time>2026-10-06T01:06:14Z</time></trkpt>
      <trkpt lat="25.7427354" lon="100.1601564"><ele>1967.1</ele><time>2026-10-06T01:06:15Z</time></trkpt>
      <trkpt lat="25.7427190" lon="100.1601684"><ele>1967.0</ele><time>2026-10-06T01:06:16Z</time></trkpt>
      <trkpt lat="25.7427032" lon="100.1601806"><ele>1967.0</ele><time>2026-10-06T01:06:17Z</time></trkpt>
      <trkpt lat="25.7426877" lon="100.1601935"><ele>1967.0</ele><time>2026-10-06T01:06:18Z</time></trkpt>
      <trkpt lat="25.7426723" lon="100.1602067"><ele>1966.9</ele><time>2026-10-06T01:06:19Z</time></trkpt>
      <trkpt lat="25.7426569" lon="100.1602197"><ele>1966.9</ele><time>2026-10-06T01:06:20Z</time></trkpt>
      <trkpt lat="25.7426416" lon="100.1602326"><ele>1966.9</ele><time>2026-10-06T01:06:21Z</time></trkpt>
      <trkpt lat="25.7426269" lon="100.1602454"><ele>1966.9</ele><time>2026-10-06T01:06:22Z</time></trkpt>
      <trkpt lat="25.7426121" lon="100.1602578"><ele>1966.9</ele><time>2026-10-06T01:06:23Z</time></trkpt>
      <trkpt lat="25.7425971" lon="100.1602696"><ele>1966.9</ele><time>2026-10-06T01:06:24Z</time></trkpt>
      <trkpt lat="25.7425826" lon="100.1602811"><ele>1966.9</ele><time>2026-10-06T01:06:25Z</time></trkpt>
      <trkpt lat="25.7425686" lon="100.1602935"><ele>1966.9</ele><time>2026-10-06T01:06:26Z</time></trkpt>
      <trkpt lat="25.7425548" lon="100.1603065"><ele>1966.9</ele><time>2026-10-06T01:06:27Z</time></trkpt>
      <trkpt lat="25.7425406" lon="100.1603193"><ele>1966.9</ele><time>2026-10-06T01:06:28Z</time></trkpt>
      <trkpt lat="25.7425256" lon="100.1603313"><ele>1966.9</ele><time>2026-10-06T01:06:29Z</time></trkpt>
      <trkpt lat="25.7425102" lon="100.1603433"><ele>1966.9</ele><time>2026-10-06T01:06:30Z</time></trkpt>
      <trkpt lat="25.7424946" lon="100.1603559"><ele>1966.8</ele><time>2026-10-06T01:06:31Z</time></trkpt>
      <trkpt lat="25.7424793" lon="100.1603691"><ele>1966.8</ele><time>2026-10-06T01:06:32Z</time></trkpt>
      <trkpt lat="25.7424641" lon="100.1603824"><ele>1966.8</ele><time>2026-10-06T01:06:33Z</time></trkpt>
      <trkpt lat="25.7424494" lon="100.1603961"><ele>1966.8</ele><time>2026-10-06T01:06:34Z</time></trkpt>
      <trkpt lat="25.7424359" lon="100.1604112"><ele>1966.8</ele><time>2026-10-06T01:06:35Z</time></trkpt>
      <trkpt lat="25.7424237" lon="100.1604277"><ele>1966.8</ele><time>2026-10-06T01:06:36Z</time></trkpt>
      <trkpt lat="25.7424126" lon="100.1604447"><ele>1966.8</ele><time>2026-10-06T01:06:37Z</time></trkpt>
      <trkpt lat="25.7424021" lon="100.1604621"><ele>1966.8</ele><time>2026-10-06T01:06:38Z</time></trkpt>
      <trkpt lat="25.7423917" lon="100.1604797"><ele>1966.8</ele><time>2026-10-06T01:06:39Z</time></trkpt>
      <trkpt lat="25.7423817" lon="100.1604975"><ele>1966.8</ele><time>2026-10-06T01:06:40Z</time></trkpt>
      <trkpt lat="25.7423721" lon="100.1605156"><ele>1966.8</ele><time>2026-10-06T01:06:41Z</time></trkpt>
      <trkpt lat="25.7423631" lon="100.1605334"><ele>1966.8</ele><time>2026-10-06T01:06:42Z</time></trkpt>
      <trkpt lat="25.7423546" lon="100.1605515"><ele>1966.8</ele><time>2026-10-06T01:06:43Z</time></trkpt>
      <trkpt lat="25.7423466" lon="100.1605702"><ele>1966.8</ele><time>2026-10-06T01:06:44Z</time></trkpt>
      <trkpt lat="25.7423396" lon="100.1605890"><ele>1966.8</ele><time>2026-10-06T01:06:45Z</time></trkpt>
      <trkpt lat="25.7423332" lon="100.1606077"><ele>1966.8</ele><time>2026-10-06T01:06:46Z</time></trkpt>
      <trkpt lat="25.7423270" lon="100.1606267"><ele>1966.8</ele><time>2026-10-06T01:06:47Z</time></trkpt>
      <trkpt lat="25.7423206" lon="100.1606467"><ele>1966.8</ele><time>2026-10-06T01:06:48Z</time></trkpt>
      <trkpt lat="25.7423137" lon="100.1606667"><ele>1966.8</ele><time>2026-10-06T01:06:49Z</time></trkpt>
      <trkpt lat="25.7423072" lon="100.1606861"><ele>1966.8</ele><time>2026-10-06T01:06:50Z</time></trkpt>
      <trkpt lat="25.7423012" lon="100.1607051"><ele>1966.8</ele><time>2026-10-06T01:06:51Z</time></trkpt>
      <trkpt lat="25.7422959" lon="100.1607246"><ele>1966.8</ele><time>2026-10-06T01:06:52Z</time></trkpt>
      <trkpt lat="25.7422912" lon="100.1607451"><ele>1966.8</ele><time>2026-10-06T01:06:53Z</time></trkpt>
      <trkpt lat="25.7422865" lon="100.1607662"><ele>1966.8</ele><time>2026-10-06T01:06:54Z</time></trkpt>
      <trkpt lat="25.7422820" lon="100.1607871"><ele>1966.8</ele><time>2026-10-06T01:06:55Z</time></trkpt>
      <trkpt lat="25.7422769" lon="100.1608080"><ele>1966.8</ele><time>2026-10-06T01:06:56Z</time></trkpt>
      <trkpt lat="25.7422707" lon="100.1608284"><ele>1966.8</ele><time>2026-10-06T01:06:57Z</time></trkpt>
      <trkpt lat="25.7422638" lon="100.1608478"><ele>1966.9</ele><time>2026-10-06T01:06:58Z</time></trkpt>
      <trkpt lat="25.7422565" lon="100.1608665"><ele>1966.9</ele><time>2026-10-06T01:06:59Z</time></trkpt>
      <trkpt lat="25.7422494" lon="100.1608855"><ele>1966.9</ele><time>2026-10-06T01:07:00Z</time></trkpt>
      <trkpt lat="25.7422421" lon="100.1609053"><ele>1966.9</ele><time>2026-10-06T01:07:01Z</time></trkpt>
      <trkpt lat="25.7422346" lon="100.1609252"><ele>1966.9</ele><time>2026-10-06T01:07:02Z</time></trkpt>
      <trkpt lat="25.7422270" lon="100.1609449"><ele>1966.9</ele><time>2026-10-06T01:07:03Z</time></trkpt>
      <trkpt lat="25.7422187" lon="100.1609648"><ele>1967.0</ele><time>2026-10-06T01:07:04Z</time></trkpt>
      <trkpt lat="25.7422099" lon="100.1609847"><ele>1967.0</ele><time>2026-10-06T01:07:05Z</time></trkpt>
      <trkpt lat="25.7422012" lon="100.1610049"><ele>1967.0</ele><time>2026-10-06T01:07:06Z</time></trkpt>
      <trkpt lat="25.7421928" lon="100.1610249"><ele>1967.0</ele><time>2026-10-06T01:07:07Z</time></trkpt>
      <trkpt lat="25.7421851" lon="100.1610454"><ele>1967.1</ele><time>2026-10-06T01:07:08Z</time></trkpt>
      <trkpt lat="25.7421778" lon="100.1610661"><ele>1967.1</ele><time>2026-10-06T01:07:09Z</time></trkpt>
      <trkpt lat="25.7421709" lon="100.1610866"><ele>1967.1</ele><time>2026-10-06T01:07:10Z</time></trkpt>
      <trkpt lat="25.7421634" lon="100.1611075"><ele>1967.1</ele><time>2026-10-06T01:07:11Z</time></trkpt>
      <trkpt lat="25.7421552" lon="100.1611288"><ele>1967.2</ele><time>2026-10-06T01:07:12Z</time></trkpt>
      <trkpt lat="25.7421468" lon="100.1611506"><ele>1967.2</ele><time>2026-10-06T01:07:13Z</time></trkpt>
      <trkpt lat="25.7421384" lon="100.1611724"><ele>1967.2</ele><time>2026-10-06T01:07:14Z</time></trkpt>
      <trkpt lat="25.7421290" lon="100.1611932"><ele>1967.3</ele><time>2026-10-06T01:07:15Z</time></trkpt>
      <trkpt lat="25.7421174" lon="100.1612129"><ele>1967.3</ele><time>2026-10-06T01:07:16Z</time></trkpt>
      <trkpt lat="25.7421039" lon="100.1612314"><ele>1967.3</ele><time>2026-10-06T01:07:17Z</time></trkpt>
      <trkpt lat="25.7420896" lon="100.1612494"><ele>1967.4</ele><time>2026-10-06T01:07:18Z</time></trkpt>
      <trkpt lat="25.7420750" lon="100.1612667"><ele>1967.4</ele><time>2026-10-06T01:07:19Z</time></trkpt>
      <trkpt lat="25.7420610" lon="100.1612836"><ele>1967.4</ele><time>2026-10-06T01:07:20Z</time></trkpt>
      <trkpt lat="25.7420476" lon="100.1613006"><ele>1967.5</ele><time>2026-10-06T01:07:21Z</time></trkpt>
      <trkpt lat="25.7420336" lon="100.1613187"><ele>1967.5</ele><time>2026-10-06T01:07:22Z</time></trkpt>
      <trkpt lat="25.7420189" lon="100.1613382"><ele>1967.5</ele><time>2026-10-06T01:07:23Z</time></trkpt>
      <trkpt lat="25.7420049" lon="100.1613579"><ele>1967.5</ele><time>2026-10-06T01:07:24Z</time></trkpt>
      <trkpt lat="25.7419918" lon="100.1613768"><ele>1967.5</ele><time>2026-10-06T01:07:25Z</time></trkpt>
      <trkpt lat="25.7419791" lon="100.1613949"><ele>1967.5</ele><time>2026-10-06T01:07:26Z</time></trkpt>
      <trkpt lat="25.7419660" lon="100.1614123"><ele>1967.5</ele><time>2026-10-06T01:07:27Z</time></trkpt>
      <trkpt lat="25.7419523" lon="100.1614299"><ele>1967.5</ele><time>2026-10-06T01:07:28Z</time></trkpt>
      <trkpt lat="25.7419383" lon="100.1614481"><ele>1967.5</ele><time>2026-10-06T01:07:29Z</time></trkpt>
      <trkpt lat="25.7419249" lon="100.1614669"><ele>1967.4</ele><time>2026-10-06T01:07:30Z</time></trkpt>
      <trkpt lat="25.7419121" lon="100.1614860"><ele>1967.4</ele><time>2026-10-06T01:07:31Z</time></trkpt>
      <trkpt lat="25.7418988" lon="100.1615047"><ele>1967.4</ele><time>2026-10-06T01:07:32Z</time></trkpt>
      <trkpt lat="25.7418850" lon="100.1615233"><ele>1967.4</ele><time>2026-10-06T01:07:33Z</time></trkpt>
      <trkpt lat="25.7418710" lon="100.1615417"><ele>1967.3</ele><time>2026-10-06T01:07:34Z</time></trkpt>
      <trkpt lat="25.7418573" lon="100.1615594"><ele>1967.3</ele><time>2026-10-06T01:07:35Z</time></trkpt>
      <trkpt lat="25.7418438" lon="100.1615765"><ele>1967.2</ele><time>2026-10-06T01:07:36Z</time></trkpt>
      <trkpt lat="25.7418299" lon="100.1615931"><ele>1967.2</ele><time>2026-10-06T01:07:37Z</time></trkpt>
      <trkpt lat="25.7418158" lon="100.1616103"><ele>1967.2</ele><time>2026-10-06T01:07:38Z</time></trkpt>
      <trkpt lat="25.7418016" lon="100.1616283"><ele>1967.1</ele><time>2026-10-06T01:07:39Z</time></trkpt>
      <trkpt lat="25.7417869" lon="100.1616461"><ele>1967.1</ele><time>2026-10-06T01:07:40Z</time></trkpt>
      <trkpt lat="25.7417716" lon="100.1616632"><ele>1967.1</ele><time>2026-10-06T01:07:41Z</time></trkpt>
      <trkpt lat="25.7417561" lon="100.1616783"><ele>1967.1</ele><time>2026-10-06T01:07:42Z</time></trkpt>
      <trkpt lat="25.7417406" lon="100.1616918"><ele>1967.0</ele><time>2026-10-06T01:07:43Z</time></trkpt>
      <trkpt lat="25.7417249" lon="100.1617054"><ele>1967.0</ele><time>2026-10-06T01:07:44Z</time></trkpt>
      <trkpt lat="25.7417093" lon="100.1617196"><ele>1967.0</ele><time>2026-10-06T01:07:45Z</time></trkpt>
      <trkpt lat="25.7416933" lon="100.1617340"><ele>1967.0</ele><time>2026-10-06T01:07:46Z</time></trkpt>
      <trkpt lat="25.7416768" lon="100.1617481"><ele>1966.9</ele><time>2026-10-06T01:07:47Z</time></trkpt>
      <trkpt lat="25.7416608" lon="100.1617624"><ele>1966.9</ele><time>2026-10-06T01:07:48Z</time></trkpt>
      <trkpt lat="25.7416457" lon="100.1617776"><ele>1966.9</ele><time>2026-10-06T01:07:49Z</time></trkpt>
      <trkpt lat="25.7416308" lon="100.1617928"><ele>1966.9</ele><time>2026-10-06T01:07:50Z</time></trkpt>
      <trkpt lat="25.7416158" lon="100.1618077"><ele>1966.9</ele><time>2026-10-06T01:07:51Z</time></trkpt>
      <trkpt lat="25.7416012" lon="100.1618224"><ele>1966.8</ele><time>2026-10-06T01:07:52Z</time></trkpt>
      <trkpt lat="25.7415875" lon="100.1618370"><ele>1966.8</ele><time>2026-10-06T01:07:53Z</time></trkpt>
      <trkpt lat="25.7415744" lon="100.1618521"><ele>1966.8</ele><time>2026-10-06T01:07:54Z</time></trkpt>
      <trkpt lat="25.7415614" lon="100.1618674"><ele>1966.8</ele><time>2026-10-06T01:07:55Z</time></trkpt>
      <trkpt lat="25.7415480" lon="100.1618825"><ele>1966.7</ele><time>2026-10-06T01:07:56Z</time></trkpt>
      <trkpt lat="25.7415340" lon="100.1618982"><ele>1966.7</ele><time>2026-10-06T01:07:57Z</time></trkpt>
      <trkpt lat="25.7415205" lon="100.1619148"><ele>1966.7</ele><time>2026-10-06T01:07:58Z</time></trkpt>
      <trkpt lat="25.7415081" lon="100.1619325"><ele>1966.7</ele><time>2026-10-06T01:07:59Z</time></trkpt>
      <trkpt lat="25.7414959" lon="100.1619496"><ele>1966.6</ele><time>2026-10-06T01:08:00Z</time></trkpt>
      <trkpt lat="25.7414834" lon="100.1619653"><ele>1966.6</ele><time>2026-10-06T01:08:01Z</time></trkpt>
      <trkpt lat="25.7414709" lon="100.1619808"><ele>1966.6</ele><time>2026-10-06T01:08:02Z</time></trkpt>
      <trkpt lat="25.7414595" lon="100.1619963"><ele>1966.6</ele><time>2026-10-06T01:08:03Z</time></trkpt>
      <trkpt lat="25.7414490" lon="100.1620120"><ele>1966.5</ele><time>2026-10-06T01:08:04Z</time></trkpt>
      <trkpt lat="25.7414384" lon="100.1620283"><ele>1966.5</ele><time>2026-10-06T01:08:05Z</time></trkpt>
      <trkpt lat="25.7414280" lon="100.1620457"><ele>1966.5</ele><time>2026-10-06T01:08:06Z</time></trkpt>
      <trkpt lat="25.7414177" lon="100.1620645"><ele>1966.5</ele><time>2026-10-06T01:08:07Z</time></trkpt>
      <trkpt lat="25.7414081" lon="100.1620840"><ele>1966.5</ele><time>2026-10-06T01:08:08Z</time></trkpt>
      <trkpt lat="25.7413996" lon="100.1621043"><ele>1966.4</ele><time>2026-10-06T01:08:09Z</time></trkpt>
      <trkpt lat="25.7413906" lon="100.1621239"><ele>1966.4</ele><time>2026-10-06T01:08:10Z</time></trkpt>
      <trkpt lat="25.7413809" lon="100.1621414"><ele>1966.4</ele><time>2026-10-06T01:08:11Z</time></trkpt>
      <trkpt lat="25.7413700" lon="100.1621586"><ele>1966.4</ele><time>2026-10-06T01:08:12Z</time></trkpt>
      <trkpt lat="25.7413580" lon="100.1621761"><ele>1966.4</ele><time>2026-10-06T01:08:13Z</time></trkpt>
      <trkpt lat="25.7413456" lon="100.1621933"><ele>1966.4</ele><time>2026-10-06T01:08:14Z</time></trkpt>
      <trkpt lat="25.7413338" lon="100.1622106"><ele>1966.4</ele><time>2026-10-06T01:08:15Z</time></trkpt>
      <trkpt lat="25.7413238" lon="100.1622287"><ele>1966.4</ele><time>2026-10-06T01:08:16Z</time></trkpt>
      <trkpt lat="25.7413151" lon="100.1622479"><ele>1966.4</ele><time>2026-10-06T01:08:17Z</time></trkpt>
      <trkpt lat="25.7413080" lon="100.1622682"><ele>1966.4</ele><time>2026-10-06T01:08:18Z</time></trkpt>
      <trkpt lat="25.7413028" lon="100.1622894"><ele>1966.3</ele><time>2026-10-06T01:08:19Z</time></trkpt>
      <trkpt lat="25.7412997" lon="100.1623116"><ele>1966.3</ele><time>2026-10-06T01:08:20Z</time></trkpt>
      <trkpt lat="25.7412984" lon="100.1623332"><ele>1966.3</ele><time>2026-10-06T01:08:21Z</time></trkpt>
      <trkpt lat="25.7412970" lon="100.1623542"><ele>1966.3</ele><time>2026-10-06T01:08:22Z</time></trkpt>
      <trkpt lat="25.7412924" lon="100.1623748"><ele>1966.3</ele><time>2026-10-06T01:08:23Z</time></trkpt>
      <trkpt lat="25.7412838" lon="100.1623944"><ele>1966.3</ele><time>2026-10-06T01:08:24Z</time></trkpt>
      <trkpt lat="25.7412735" lon="100.1624138"><ele>1966.3</ele><time>2026-10-06T01:08:25Z</time></trkpt>
      <trkpt lat="25.7412640" lon="100.1624342"><ele>1966.3</ele><time>2026-10-06T01:08:26Z</time></trkpt>
      <trkpt lat="25.7412556" lon="100.1624563"><ele>1966.3</ele><time>2026-10-06T01:08:27Z</time></trkpt>
      <trkpt lat="25.7412478" lon="100.1624794"><ele>1966.3</ele><time>2026-10-06T01:08:28Z</time></trkpt>
      <trkpt lat="25.7412407" lon="100.1625026"><ele>1966.3</ele><time>2026-10-06T01:08:29Z</time></trkpt>
      <trkpt lat="25.7412342" lon="100.1625250"><ele>1966.3</ele><time>2026-10-06T01:08:30Z</time></trkpt>
      <trkpt lat="25.7412284" lon="100.1625467"><ele>1966.2</ele><time>2026-10-06T01:08:31Z</time></trkpt>
      <trkpt lat="25.7412225" lon="100.1625686"><ele>1966.2</ele><time>2026-10-06T01:08:32Z</time></trkpt>
      <trkpt lat="25.7412162" lon="100.1625907"><ele>1966.2</ele><time>2026-10-06T01:08:33Z</time></trkpt>
      <trkpt lat="25.7412105" lon="100.1626129"><ele>1966.2</ele><time>2026-10-06T01:08:34Z</time></trkpt>
      <trkpt lat="25.7412054" lon="100.1626350"><ele>1966.2</ele><time>2026-10-06T01:08:35Z</time></trkpt>
      <trkpt lat="25.7412008" lon="100.1626564"><ele>1966.2</ele><time>2026-10-06T01:08:36Z</time></trkpt>
      <trkpt lat="25.7411969" lon="100.1626777"><ele>1966.2</ele><time>2026-10-06T01:08:37Z</time></trkpt>
      <trkpt lat="25.7411937" lon="100.1626995"><ele>1966.2</ele><time>2026-10-06T01:08:38Z</time></trkpt>
      <trkpt lat="25.7411911" lon="100.1627216"><ele>1966.1</ele><time>2026-10-06T01:08:39Z</time></trkpt>
      <trkpt lat="25.7411880" lon="100.1627434"><ele>1966.1</ele><time>2026-10-06T01:08:40Z</time></trkpt>
      <trkpt lat="25.7411840" lon="100.1627645"><ele>1966.1</ele><time>2026-10-06T01:08:41Z</time></trkpt>
      <trkpt lat="25.7411799" lon="100.1627848"><ele>1966.1</ele><time>2026-10-06T01:08:42Z</time></trkpt>
      <trkpt lat="25.7411759" lon="100.1628048"><ele>1966.1</ele><time>2026-10-06T01:08:43Z</time></trkpt>
      <trkpt lat="25.7411720" lon="100.1628252"><ele>1966.1</ele><time>2026-10-06T01:08:44Z</time></trkpt>
      <trkpt lat="25.7411672" lon="100.1628460"><ele>1966.1</ele><time>2026-10-06T01:08:45Z</time></trkpt>
      <trkpt lat="25.7411616" lon="100.1628662"><ele>1966.1</ele><time>2026-10-06T01:08:46Z</time></trkpt>
      <trkpt lat="25.7411560" lon="100.1628850"><ele>1966.1</ele><time>2026-10-06T01:08:47Z</time></trkpt>
      <trkpt lat="25.7411507" lon="100.1629041"><ele>1966.1</ele><time>2026-10-06T01:08:48Z</time></trkpt>
      <trkpt lat="25.7411453" lon="100.1629239"><ele>1966.1</ele><time>2026-10-06T01:08:49Z</time></trkpt>
      <trkpt lat="25.7411397" lon="100.1629436"><ele>1966.1</ele><time>2026-10-06T01:08:50Z</time></trkpt>
      <trkpt lat="25.7411342" lon="100.1629628"><ele>1966.1</ele><time>2026-10-06T01:08:51Z</time></trkpt>
      <trkpt lat="25.7411294" lon="100.1629820"><ele>1966.1</ele><time>2026-10-06T01:08:52Z</time></trkpt>
      <trkpt lat="25.7411241" lon="100.1630015"><ele>1966.1</ele><time>2026-10-06T01:08:53Z</time></trkpt>
      <trkpt lat="25.7411178" lon="100.1630212"><ele>1966.1</ele><time>2026-10-06T01:08:54Z</time></trkpt>
      <trkpt lat="25.7411108" lon="100.1630407"><ele>1966.1</ele><time>2026-10-06T01:08:55Z</time></trkpt>
      <trkpt lat="25.7411035" lon="100.1630596"><ele>1966.1</ele><time>2026-10-06T01:08:56Z</time></trkpt>
      <trkpt lat="25.7410963" lon="100.1630784"><ele>1966.1</ele><time>2026-10-06T01:08:57Z</time></trkpt>
      <trkpt lat="25.7410896" lon="100.1630973"><ele>1966.1</ele><time>2026-10-06T01:08:58Z</time></trkpt>
      <trkpt lat="25.7410826" lon="100.1631169"><ele>1966.1</ele><time>2026-10-06T01:08:59Z</time></trkpt>
      <trkpt lat="25.7410755" lon="100.1631366"><ele>1966.1</ele><time>2026-10-06T01:09:00Z</time></trkpt>
      <trkpt lat="25.7410682" lon="100.1631568"><ele>1966.1</ele><time>2026-10-06T01:09:01Z</time></trkpt>
      <trkpt lat="25.7410608" lon="100.1631779"><ele>1966.1</ele><time>2026-10-06T01:09:02Z</time></trkpt>
      <trkpt lat="25.7410532" lon="100.1631995"><ele>1966.1</ele><time>2026-10-06T01:09:03Z</time></trkpt>
      <trkpt lat="25.7410453" lon="100.1632206"><ele>1966.1</ele><time>2026-10-06T01:09:04Z</time></trkpt>
      <trkpt lat="25.7410368" lon="100.1632408"><ele>1966.1</ele><time>2026-10-06T01:09:05Z</time></trkpt>
      <trkpt lat="25.7410272" lon="100.1632608"><ele>1966.0</ele><time>2026-10-06T01:09:06Z</time></trkpt>
      <trkpt lat="25.7410168" lon="100.1632810"><ele>1966.0</ele><time>2026-10-06T01:09:07Z</time></trkpt>
      <trkpt lat="25.7410072" lon="100.1633017"><ele>1966.0</ele><time>2026-10-06T01:09:08Z</time></trkpt>
      <trkpt lat="25.7409982" lon="100.1633228"><ele>1966.0</ele><time>2026-10-06T01:09:09Z</time></trkpt>
      <trkpt lat="25.7409892" lon="100.1633434"><ele>1966.0</ele><time>2026-10-06T01:09:10Z</time></trkpt>
      <trkpt lat="25.7409801" lon="100.1633637"><ele>1966.0</ele><time>2026-10-06T01:09:11Z</time></trkpt>
      <trkpt lat="25.7409705" lon="100.1633846"><ele>1966.0</ele><time>2026-10-06T01:09:12Z</time></trkpt>
      <trkpt lat="25.7409607" lon="100.1634055"><ele>1966.0</ele><time>2026-10-06T01:09:13Z</time></trkpt>
      <trkpt lat="25.7409510" lon="100.1634251"><ele>1966.0</ele><time>2026-10-06T01:09:14Z</time></trkpt>
      <trkpt lat="25.7409415" lon="100.1634428"><ele>1966.0</ele><time>2026-10-06T01:09:15Z</time></trkpt>
      <trkpt lat="25.7409319" lon="100.1634601"><ele>1966.1</ele><time>2026-10-06T01:09:16Z</time></trkpt>
      <trkpt lat="25.7409216" lon="100.1634787"><ele>1966.1</ele><time>2026-10-06T01:09:17Z</time></trkpt>
      <trkpt lat="25.7409106" lon="100.1634978"><ele>1966.1</ele><time>2026-10-06T01:09:18Z</time></trkpt>
      <trkpt lat="25.7408987" lon="100.1635166"><ele>1966.1</ele><time>2026-10-06T01:09:19Z</time></trkpt>
      <trkpt lat="25.7408859" lon="100.1635345"><ele>1966.1</ele><time>2026-10-06T01:09:20Z</time></trkpt>
      <trkpt lat="25.7408724" lon="100.1635521"><ele>1966.1</ele><time>2026-10-06T01:09:21Z</time></trkpt>
      <trkpt lat="25.7408579" lon="100.1635696"><ele>1966.0</ele><time>2026-10-06T01:09:22Z</time></trkpt>
      <trkpt lat="25.7408432" lon="100.1635866"><ele>1966.0</ele><time>2026-10-06T01:09:23Z</time></trkpt>
      <trkpt lat="25.7408290" lon="100.1636024"><ele>1966.0</ele><time>2026-10-06T01:09:24Z</time></trkpt>
      <trkpt lat="25.7408150" lon="100.1636168"><ele>1966.0</ele><time>2026-10-06T01:09:25Z</time></trkpt>
      <trkpt lat="25.7408018" lon="100.1636300"><ele>1966.0</ele><time>2026-10-06T01:09:26Z</time></trkpt>
      <trkpt lat="25.7407887" lon="100.1636433"><ele>1966.0</ele><time>2026-10-06T01:09:27Z</time></trkpt>
      <trkpt lat="25.7407753" lon="100.1636571"><ele>1966.0</ele><time>2026-10-06T01:09:28Z</time></trkpt>
      <trkpt lat="25.7407622" lon="100.1636700"><ele>1966.0</ele><time>2026-10-06T01:09:29Z</time></trkpt>
      <trkpt lat="25.7407493" lon="100.1636811"><ele>1965.9</ele><time>2026-10-06T01:09:30Z</time></trkpt>
      <trkpt lat="25.7407375" lon="100.1636907"><ele>1965.9</ele><time>2026-10-06T01:09:31Z</time></trkpt>
      <trkpt lat="25.7407280" lon="100.1636986"><ele>1965.9</ele><time>2026-10-06T01:09:32Z</time></trkpt>
      <trkpt lat="25.7407221" lon="100.1637039"><ele>1965.9</ele><time>2026-10-06T01:09:33Z</time></trkpt>
      <trkpt lat="25.7407186" lon="100.1637090"><ele>1965.9</ele><time>2026-10-06T01:09:34Z</time></trkpt>
      <trkpt lat="25.7407135" lon="100.1637185"><ele>1965.9</ele><time>2026-10-06T01:09:35Z</time></trkpt>
      <trkpt lat="25.7407061" lon="100.1637325"><ele>1965.9</ele><time>2026-10-06T01:09:36Z</time></trkpt>
      <trkpt lat="25.7406980" lon="100.1637478"><ele>1965.9</ele><time>2026-10-06T01:09:37Z</time></trkpt>
      <trkpt lat="25.7406902" lon="100.1637618"><ele>1965.9</ele><time>2026-10-06T01:09:38Z</time></trkpt>
      <trkpt lat="25.7406831" lon="100.1637736"><ele>1965.9</ele><time>2026-10-06T01:09:39Z</time></trkpt>
      <trkpt lat="25.7406764" lon="100.1637843"><ele>1965.9</ele><time>2026-10-06T01:09:40Z</time></trkpt>
      <trkpt lat="25.7406695" lon="100.1637950"><ele>1965.9</ele><time>2026-10-06T01:09:41Z</time></trkpt>
      <trkpt lat="25.7406615" lon="100.1638062"><ele>1965.9</ele><time>2026-10-06T01:09:42Z</time></trkpt>
      <trkpt lat="25.7406525" lon="100.1638174"><ele>1965.9</ele><time>2026-10-06T01:09:43Z</time></trkpt>
      <trkpt lat="25.7406430" lon="100.1638279"><ele>1966.0</ele><time>2026-10-06T01:09:44Z</time></trkpt>
      <trkpt lat="25.7406329" lon="100.1638385"><ele>1966.0</ele><time>2026-10-06T01:09:45Z</time></trkpt>
      <trkpt lat="25.7406214" lon="100.1638504"><ele>1966.0</ele><time>2026-10-06T01:09:46Z</time></trkpt>
      <trkpt lat="25.7406076" lon="100.1638651"><ele>1966.0</ele><time>2026-10-06T01:09:47Z</time></trkpt>
      <trkpt lat="25.7405934" lon="100.1638824"><ele>1966.0</ele><time>2026-10-06T01:09:48Z</time></trkpt>
      <trkpt lat="25.7405810" lon="100.1639013"><ele>1966.0</ele><time>2026-10-06T01:09:49Z</time></trkpt>
      <trkpt lat="25.7405695" lon="100.1639203"><ele>1966.0</ele><time>2026-10-06T01:09:50Z</time></trkpt>
      <trkpt lat="25.7405583" lon="100.1639386"><ele>1966.0</ele><time>2026-10-06T01:09:51Z</time></trkpt>
      <trkpt lat="25.7405466" lon="100.1639563"><ele>1966.0</ele><time>2026-10-06T01:09:52Z</time></trkpt>
      <trkpt lat="25.7405333" lon="100.1639740"><ele>1966.0</ele><time>2026-10-06T01:09:53Z</time></trkpt>
      <trkpt lat="25.7405185" lon="100.1639920"><ele>1966.0</ele><time>2026-10-06T01:09:54Z</time></trkpt>
      <trkpt lat="25.7405035" lon="100.1640097"><ele>1966.0</ele><time>2026-10-06T01:09:55Z</time></trkpt>
      <trkpt lat="25.7404889" lon="100.1640272"><ele>1966.0</ele><time>2026-10-06T01:09:56Z</time></trkpt>
      <trkpt lat="25.7404748" lon="100.1640447"><ele>1966.0</ele><time>2026-10-06T01:09:57Z</time></trkpt>
      <trkpt lat="25.7404607" lon="100.1640619"><ele>1966.0</ele><time>2026-10-06T01:09:58Z</time></trkpt>
      <trkpt lat="25.7404466" lon="100.1640793"><ele>1966.0</ele><time>2026-10-06T01:09:59Z</time></trkpt>
      <trkpt lat="25.7404329" lon="100.1640967"><ele>1966.0</ele><time>2026-10-06T01:10:00Z</time></trkpt>
      <trkpt lat="25.7404199" lon="100.1641133"><ele>1966.0</ele><time>2026-10-06T01:10:01Z</time></trkpt>
      <trkpt lat="25.7404068" lon="100.1641291"><ele>1966.0</ele><time>2026-10-06T01:10:02Z</time></trkpt>
      <trkpt lat="25.7403934" lon="100.1641448"><ele>1966.0</ele><time>2026-10-06T01:10:03Z</time></trkpt>
      <trkpt lat="25.7403801" lon="100.1641612"><ele>1966.0</ele><time>2026-10-06T01:10:04Z</time></trkpt>
      <trkpt lat="25.7403662" lon="100.1641776"><ele>1966.0</ele><time>2026-10-06T01:10:05Z</time></trkpt>
      <trkpt lat="25.7403521" lon="100.1641935"><ele>1966.0</ele><time>2026-10-06T01:10:06Z</time></trkpt>
      <trkpt lat="25.7403386" lon="100.1642098"><ele>1966.0</ele><time>2026-10-06T01:10:07Z</time></trkpt>
      <trkpt lat="25.7403266" lon="100.1642266"><ele>1966.0</ele><time>2026-10-06T01:10:08Z</time></trkpt>
      <trkpt lat="25.7403167" lon="100.1642438"><ele>1966.0</ele><time>2026-10-06T01:10:09Z</time></trkpt>
      <trkpt lat="25.7403093" lon="100.1642599"><ele>1966.0</ele><time>2026-10-06T01:10:10Z</time></trkpt>
      <trkpt lat="25.7403030" lon="100.1642753"><ele>1966.0</ele><time>2026-10-06T01:10:11Z</time></trkpt>
      <trkpt lat="25.7402942" lon="100.1642923"><ele>1966.0</ele><time>2026-10-06T01:10:12Z</time></trkpt>
      <trkpt lat="25.7402809" lon="100.1643097"><ele>1966.0</ele><time>2026-10-06T01:10:13Z</time></trkpt>
      <trkpt lat="25.7402647" lon="100.1643267"><ele>1966.0</ele><time>2026-10-06T01:10:14Z</time></trkpt>
      <trkpt lat="25.7402477" lon="100.1643428"><ele>1966.0</ele><time>2026-10-06T01:10:15Z</time></trkpt>
      <trkpt lat="25.7402314" lon="100.1643578"><ele>1966.0</ele><time>2026-10-06T01:10:16Z</time></trkpt>
      <trkpt lat="25.7402165" lon="100.1643732"><ele>1966.0</ele><time>2026-10-06T01:10:17Z</time></trkpt>
      <trkpt lat="25.7402030" lon="100.1643894"><ele>1966.0</ele><time>2026-10-06T01:10:18Z</time></trkpt>
      <trkpt lat="25.7401896" lon="100.1644068"><ele>1966.0</ele><time>2026-10-06T01:10:19Z</time></trkpt>
      <trkpt lat="25.7401752" lon="100.1644252"><ele>1966.0</ele><time>2026-10-06T01:10:20Z</time></trkpt>
      <trkpt lat="25.7401596" lon="100.1644440"><ele>1966.0</ele><time>2026-10-06T01:10:21Z</time></trkpt>
      <trkpt lat="25.7401430" lon="100.1644630"><ele>1966.0</ele><time>2026-10-06T01:10:22Z</time></trkpt>
      <trkpt lat="25.7401267" lon="100.1644820"><ele>1966.0</ele><time>2026-10-06T01:10:23Z</time></trkpt>
      <trkpt lat="25.7401114" lon="100.1645008"><ele>1966.0</ele><time>2026-10-06T01:10:24Z</time></trkpt>
      <trkpt lat="25.7400977" lon="100.1645198"><ele>1966.0</ele><time>2026-10-06T01:10:25Z</time></trkpt>
      <trkpt lat="25.7400854" lon="100.1645390"><ele>1966.1</ele><time>2026-10-06T01:10:26Z</time></trkpt>
      <trkpt lat="25.7400729" lon="100.1645581"><ele>1966.1</ele><time>2026-10-06T01:10:27Z</time></trkpt>
      <trkpt lat="25.7400609" lon="100.1645778"><ele>1966.0</ele><time>2026-10-06T01:10:28Z</time></trkpt>
      <trkpt lat="25.7400503" lon="100.1645992"><ele>1966.0</ele><time>2026-10-06T01:10:29Z</time></trkpt>
      <trkpt lat="25.7400410" lon="100.1646216"><ele>1966.0</ele><time>2026-10-06T01:10:30Z</time></trkpt>
      <trkpt lat="25.7400328" lon="100.1646436"><ele>1966.0</ele><time>2026-10-06T01:10:31Z</time></trkpt>
      <trkpt lat="25.7400258" lon="100.1646653"><ele>1966.0</ele><time>2026-10-06T01:10:32Z</time></trkpt>
      <trkpt lat="25.7400198" lon="100.1646868"><ele>1966.0</ele><time>2026-10-06T01:10:33Z</time></trkpt>
      <trkpt lat="25.7400135" lon="100.1647080"><ele>1966.0</ele><time>2026-10-06T01:10:34Z</time></trkpt>
      <trkpt lat="25.7400061" lon="100.1647290"><ele>1966.0</ele><time>2026-10-06T01:10:35Z</time></trkpt>
      <trkpt lat="25.7399984" lon="100.1647500"><ele>1965.9</ele><time>2026-10-06T01:10:36Z</time></trkpt>
      <trkpt lat="25.7399901" lon="100.1647712"><ele>1965.9</ele><time>2026-10-06T01:10:37Z</time></trkpt>
      <trkpt lat="25.7399817" lon="100.1647920"><ele>1965.9</ele><time>2026-10-06T01:10:38Z</time></trkpt>
      <trkpt lat="25.7399736" lon="100.1648124"><ele>1965.9</ele><time>2026-10-06T01:10:39Z</time></trkpt>
      <trkpt lat="25.7399659" lon="100.1648332"><ele>1965.9</ele><time>2026-10-06T01:10:40Z</time></trkpt>
      <trkpt lat="25.7399592" lon="100.1648547"><ele>1965.9</ele><time>2026-10-06T01:10:41Z</time></trkpt>
      <trkpt lat="25.7399532" lon="100.1648766"><ele>1965.9</ele><time>2026-10-06T01:10:42Z</time></trkpt>
      <trkpt lat="25.7399471" lon="100.1648977"><ele>1965.8</ele><time>2026-10-06T01:10:43Z</time></trkpt>
      <trkpt lat="25.7399405" lon="100.1649180"><ele>1965.8</ele><time>2026-10-06T01:10:44Z</time></trkpt>
      <trkpt lat="25.7399334" lon="100.1649383"><ele>1965.8</ele><time>2026-10-06T01:10:45Z</time></trkpt>
      <trkpt lat="25.7399272" lon="100.1649590"><ele>1965.8</ele><time>2026-10-06T01:10:46Z</time></trkpt>
      <trkpt lat="25.7399222" lon="100.1649799"><ele>1965.8</ele><time>2026-10-06T01:10:47Z</time></trkpt>
      <trkpt lat="25.7399180" lon="100.1650010"><ele>1965.8</ele><time>2026-10-06T01:10:48Z</time></trkpt>
      <trkpt lat="25.7399137" lon="100.1650224"><ele>1965.8</ele><time>2026-10-06T01:10:49Z</time></trkpt>
      <trkpt lat="25.7399094" lon="100.1650440"><ele>1965.8</ele><time>2026-10-06T01:10:50Z</time></trkpt>
      <trkpt lat="25.7399048" lon="100.1650654"><ele>1965.8</ele><time>2026-10-06T01:10:51Z</time></trkpt>
      <trkpt lat="25.7398996" lon="100.1650872"><ele>1965.8</ele><time>2026-10-06T01:10:52Z</time></trkpt>
      <trkpt lat="25.7398943" lon="100.1651091"><ele>1965.8</ele><time>2026-10-06T01:10:53Z</time></trkpt>
      <trkpt lat="25.7398888" lon="100.1651306"><ele>1965.9</ele><time>2026-10-06T01:10:54Z</time></trkpt>
      <trkpt lat="25.7398828" lon="100.1651521"><ele>1965.9</ele><time>2026-10-06T01:10:55Z</time></trkpt>
      <trkpt lat="25.7398770" lon="100.1651739"><ele>1965.9</ele><time>2026-10-06T01:10:56Z</time></trkpt>
      <trkpt lat="25.7398709" lon="100.1651961"><ele>1965.9</ele><time>2026-10-06T01:10:57Z</time></trkpt>
      <trkpt lat="25.7398643" lon="100.1652186"><ele>1965.9</ele><time>2026-10-06T01:10:58Z</time></trkpt>
      <trkpt lat="25.7398571" lon="100.1652409"><ele>1965.9</ele><time>2026-10-06T01:10:59Z</time></trkpt>
      <trkpt lat="25.7398497" lon="100.1652626"><ele>1965.9</ele><time>2026-10-06T01:11:00Z</time></trkpt>
      <trkpt lat="25.7398422" lon="100.1652839"><ele>1965.9</ele><time>2026-10-06T01:11:01Z</time></trkpt>
      <trkpt lat="25.7398347" lon="100.1653055"><ele>1965.9</ele><time>2026-10-06T01:11:02Z</time></trkpt>
      <trkpt lat="25.7398277" lon="100.1653275"><ele>1966.0</ele><time>2026-10-06T01:11:03Z</time></trkpt>
      <trkpt lat="25.7398208" lon="100.1653495"><ele>1966.0</ele><time>2026-10-06T01:11:04Z</time></trkpt>
      <trkpt lat="25.7398138" lon="100.1653713"><ele>1966.0</ele><time>2026-10-06T01:11:05Z</time></trkpt>
      <trkpt lat="25.7398072" lon="100.1653930"><ele>1966.0</ele><time>2026-10-06T01:11:06Z</time></trkpt>
      <trkpt lat="25.7398012" lon="100.1654147"><ele>1966.0</ele><time>2026-10-06T01:11:07Z</time></trkpt>
      <trkpt lat="25.7397953" lon="100.1654370"><ele>1966.0</ele><time>2026-10-06T01:11:08Z</time></trkpt>
      <trkpt lat="25.7397896" lon="100.1654601"><ele>1966.1</ele><time>2026-10-06T01:11:09Z</time></trkpt>
      <trkpt lat="25.7397843" lon="100.1654831"><ele>1966.1</ele><time>2026-10-06T01:11:10Z</time></trkpt>
      <trkpt lat="25.7397802" lon="100.1655059"><ele>1966.2</ele><time>2026-10-06T01:11:11Z</time></trkpt>
      <trkpt lat="25.7397770" lon="100.1655280"><ele>1966.3</ele><time>2026-10-06T01:11:12Z</time></trkpt>
      <trkpt lat="25.7397741" lon="100.1655480"><ele>1966.4</ele><time>2026-10-06T01:11:13Z</time></trkpt>
      <trkpt lat="25.7397703" lon="100.1655680"><ele>1966.5</ele><time>2026-10-06T01:11:14Z</time></trkpt>
      <trkpt lat="25.7397639" lon="100.1655901"><ele>1966.7</ele><time>2026-10-06T01:11:15Z</time></trkpt>
      <trkpt lat="25.7397550" lon="100.1656125"><ele>1966.8</ele><time>2026-10-06T01:11:16Z</time></trkpt>
      <trkpt lat="25.7397435" lon="100.1656335"><ele>1966.9</ele><time>2026-10-06T01:11:17Z</time></trkpt>
      <trkpt lat="25.7397300" lon="100.1656524"><ele>1967.0</ele><time>2026-10-06T01:11:18Z</time></trkpt>
      <trkpt lat="25.7397140" lon="100.1656691"><ele>1967.1</ele><time>2026-10-06T01:11:19Z</time></trkpt>
      <trkpt lat="25.7396958" lon="100.1656825"><ele>1967.2</ele><time>2026-10-06T01:11:20Z</time></trkpt>
      <trkpt lat="25.7396771" lon="100.1656947"><ele>1967.3</ele><time>2026-10-06T01:11:21Z</time></trkpt>
      <trkpt lat="25.7396597" lon="100.1657089"><ele>1967.4</ele><time>2026-10-06T01:11:22Z</time></trkpt>
      <trkpt lat="25.7396439" lon="100.1657259"><ele>1967.4</ele><time>2026-10-06T01:11:23Z</time></trkpt>
      <trkpt lat="25.7396277" lon="100.1657438"><ele>1967.4</ele><time>2026-10-06T01:11:24Z</time></trkpt>
      <trkpt lat="25.7396106" lon="100.1657602"><ele>1967.3</ele><time>2026-10-06T01:11:25Z</time></trkpt>
      <trkpt lat="25.7395924" lon="100.1657740"><ele>1967.1</ele><time>2026-10-06T01:11:26Z</time></trkpt>
      <trkpt lat="25.7395736" lon="100.1657860"><ele>1966.9</ele><time>2026-10-06T01:11:27Z</time></trkpt>
      <trkpt lat="25.7395553" lon="100.1657982"><ele>1966.7</ele><time>2026-10-06T01:11:28Z</time></trkpt>
      <trkpt lat="25.7395383" lon="100.1658122"><ele>1966.4</ele><time>2026-10-06T01:11:29Z</time></trkpt>
      <trkpt lat="25.7395229" lon="100.1658289"><ele>1966.0</ele><time>2026-10-06T01:11:30Z</time></trkpt>
      <trkpt lat="25.7395077" lon="100.1658468"><ele>1965.6</ele><time>2026-10-06T01:11:31Z</time></trkpt>
      <trkpt lat="25.7394910" lon="100.1658639"><ele>1965.1</ele><time>2026-10-06T01:11:32Z</time></trkpt>
      <trkpt lat="25.7394738" lon="100.1658796"><ele>1964.6</ele><time>2026-10-06T01:11:33Z</time></trkpt>
    </trkseg>
  </trk>
  <extensions>
    <distance>3940.31</distance>
    <moving_time>1784.98</moving_time>
    <elapsed_time>1850.32</elapsed_time>
    <average_speed>2.21</average_speed>
    <start_time>2026-10-06T00:42:35Z</start_time>
    <end_time>2026-10-06T01:13:26Z</end_time>
    <average_hr>136.04</average_hr>
  </extensions>
</gpx>
