<?xml version="1.0" encoding="UTF-8"?>
<gpx version="1.1" creator="RunSync" xmlns="http://www.topografix.com/GPX/1/1">
  <metadata><time>2026-10-02T23:50:29Z</time></metadata>
  <trk>
    <name>跑步</name>
    <type>running</type>
    <trkseg>
      <trkpt lat="25.7396938" lon="100.1657250"><ele>1969.0</ele><time>2026-10-02T23:51:49Z</time></trkpt>
      <trkpt lat="25.7397079" lon="100.1657082"><ele>1969.0</ele><time>2026-10-02T23:51:50Z</time></trkpt>
      <trkpt lat="25.7397198" lon="100.1656906"><ele>1969.0</ele><time>2026-10-02T23:51:51Z</time></trkpt>
      <trkpt lat="25.7397295" lon="100.1656723"><ele>1969.0</ele><time>2026-10-02T23:51:52Z</time></trkpt>
      <trkpt lat="25.7397382" lon="100.1656530"><ele>1969.0</ele><time>2026-10-02T23:51:53Z</time></trkpt>
      <trkpt lat="25.7397465" lon="100.1656339"><ele>1969.0</ele><time>2026-10-02T23:51:54Z</time></trkpt>
      <trkpt lat="25.7397547" lon="100.1656149"><ele>1969.0</ele><time>2026-10-02T23:51:55Z</time></trkpt>
      <trkpt lat="25.7397633" lon="100.1655961"><ele>1969.0</ele><time>2026-10-02T23:51:56Z</time></trkpt>
      <trkpt lat="25.7397720" lon="100.1655775"><ele>1968.9</ele><time>2026-10-02T23:51:57Z</time></trkpt>
      <trkpt lat="25.7397801" lon="100.1655590"><ele>1968.9</ele><time>2026-10-02T23:51:58Z</time></trkpt>
      <trkpt lat="25.7397876" lon="100.1655402"><ele>1968.9</ele><time>2026-10-02T23:51:59Z</time></trkpt>
      <trkpt lat="25.7397943" lon="100.1655207"><ele>1968.9</ele><time>2026-10-02T23:52:00Z</time></trkpt>
      <trkpt lat="25.7398005" lon="100.1654994"><ele>1968.9</ele><time>2026-10-02T23:52:01Z</time></trkpt>
      <trkpt lat="25.7398054" lon="100.1654769"><ele>1968.9</ele><time>2026-10-02T23:52:02Z</time></trkpt>
      <trkpt lat="25.7398091" lon="100.1654545"><ele>1968.8</ele><time>2026-10-02T23:52:03Z</time></trkpt>
      <trkpt lat="25.7398128" lon="100.1654323"><ele>1968.8</ele><time>2026-10-02T23:52:04Z</time></trkpt>
      <trkpt lat="25.7398176" lon="100.1654100"><ele>1968.8</ele><time>2026-10-02T23:52:05Z</time></trkpt>
      <trkpt lat="25.7398232" lon="100.1653877"><ele>1968.8</ele><time>2026-10-02T23:52:06Z</time></trkpt>
      <trkpt lat="25.7398283" lon="100.1653653"><ele>1968.8</ele><time>2026-10-02T23:52:07Z</time></trkpt>
      <trkpt lat="25.7398323" lon="100.1653431"><ele>1968.8</ele><time>2026-10-02T23:52:08Z</time></trkpt>
      <trkpt lat="25.7398363" lon="100.1653205"><ele>1968.8</ele><time>2026-10-02T23:52:09Z</time></trkpt>
      <trkpt lat="25.7398407" lon="100.1652974"><ele>1968.8</ele><time>2026-10-02T23:52:10Z</time></trkpt>
      <trkpt lat="25.7398453" lon="100.1652743"><ele>1968.7</ele><time>2026-10-02T23:52:11Z</time></trkpt>
      <trkpt lat="25.7398495" lon="100.1652511"><ele>1968.7</ele><time>2026-10-02T23:52:12Z</time></trkpt>
      <trkpt lat="25.7398531" lon="100.1652281"><ele>1968.7</ele><time>2026-10-02T23:52:13Z</time></trkpt>
      <trkpt lat="25.7398561" lon="100.1652065"><ele>1968.7</ele><time>2026-10-02T23:52:14Z</time></trkpt>
      <trkpt lat="25.7398593" lon="100.1651859"><ele>1968.7</ele><time>2026-10-02T23:52:15Z</time></trkpt>
      <trkpt lat="25.7398627" lon="100.1651665"><ele>1968.7</ele><time>2026-10-02T23:52:16Z</time></trkpt>
      <trkpt lat="25.7398664" lon="100.1651479"><ele>1968.7</ele><time>2026-10-02T23:52:17Z</time></trkpt>
      <trkpt lat="25.7398715" lon="100.1651290"><ele>1968.7</ele><time>2026-10-02T23:52:18Z</time></trkpt>
      <trkpt lat="25.7398784" lon="100.1651104"><ele>1968.7</ele><time>2026-10-02T23:52:19Z</time></trkpt>
      <trkpt lat="25.7398857" lon="100.1650918"><ele>1968.7</ele><time>2026-10-02T23:52:20Z</time></trkpt>
      <trkpt lat="25.7398925" lon="100.1650718"><ele>1968.7</ele><time>2026-10-02T23:52:21Z</time></trkpt>
      <trkpt lat="25.7398979" lon="100.1650495"><ele>1968.7</ele><time>2026-10-02T23:52:22Z</time></trkpt>
      <trkpt lat="25.7399023" lon="100.1650255"><ele>1968.7</ele><time>2026-10-02T23:52:23Z</time></trkpt>
      <trkpt lat="25.7399061" lon="100.1650001"><ele>1968.7</ele><time>2026-10-02T23:52:24Z</time></trkpt>
      <trkpt lat="25.7399094" lon="100.1649737"><ele>1968.7</ele><time>2026-10-02T23:52:25Z</time></trkpt>
      <trkpt lat="25.7399128" lon="100.1649469"><ele>1968.7</ele><time>2026-10-02T23:52:26Z</time></trkpt>
      <trkpt lat="25.7399162" lon="100.1649205"><ele>1968.7</ele><time>2026-10-02T23:52:27Z</time></trkpt>
      <trkpt lat="25.7399198" lon="100.1648954"><ele>1968.7</ele><time>2026-10-02T23:52:28Z</time></trkpt>
      <trkpt lat="25.7399241" lon="100.1648711"><ele>1968.7</ele><time>2026-10-02T23:52:29Z</time></trkpt>
      <trkpt lat="25.7399289" lon="100.1648465"><ele>1968.7</ele><time>2026-10-02T23:52:30Z</time></trkpt>
      <trkpt lat="25.7399345" lon="100.1648207"><ele>1968.6</ele><time>2026-10-02T23:52:31Z</time></trkpt>
      <trkpt lat="25.7399411" lon="100.1647937"><ele>1968.6</ele><time>2026-10-02T23:52:32Z</time></trkpt>
      <trkpt lat="25.7399480" lon="100.1647670"><ele>1968.6</ele><time>2026-10-02T23:52:33Z</time></trkpt>
      <trkpt lat="25.7399556" lon="100.1647416"><ele>1968.6</ele><time>2026-10-02T23:52:34Z</time></trkpt>
      <trkpt lat="25.7399645" lon="100.1647176"><ele>1968.5</ele><time>2026-10-02T23:52:35Z</time></trkpt>
      <trkpt lat="25.7399741" lon="100.1646956"><ele>1968.5</ele><time>2026-10-02T23:52:36Z</time></trkpt>
      <trkpt lat="25.7399841" lon="100.1646745"><ele>1968.5</ele><time>2026-10-02T23:52:37Z</time></trkpt>
      <trkpt lat="25.7399939" lon="100.1646540"><ele>1968.4</ele><time>2026-10-02T23:52:38Z</time></trkpt>
      <trkpt lat="25.7400028" lon="100.1646342"><ele>1968.4</ele><time>2026-10-02T23:52:39Z</time></trkpt>
      <trkpt lat="25.7400116" lon="100.1646135"><ele>1968.4</ele><time>2026-10-02T23:52:40Z</time></trkpt>
      <trkpt lat="25.7400202" lon="100.1645918"><ele>1968.4</ele><time>2026-10-02T23:52:41Z</time></trkpt>
      <trkpt lat="25.7400283" lon="100.1645694"><ele>1968.3</ele><time>2026-10-02T23:52:42Z</time></trkpt>
      <trkpt lat="25.7400360" lon="100.1645458"><ele>1968.3</ele><time>2026-10-02T23:52:43Z</time></trkpt>
      <trkpt lat="25.7400431" lon="100.1645216"><ele>1968.3</ele><time>2026-10-02T23:52:44Z</time></trkpt>
      <trkpt lat="25.7400502" lon="100.1644962"><ele>1968.3</ele><time>2026-10-02T23:52:45Z</time></trkpt>
      <trkpt lat="25.7400579" lon="100.1644699"><ele>1968.3</ele><time>2026-10-02T23:52:46Z</time></trkpt>
      <trkpt lat="25.7400662" lon="100.1644439"><ele>1968.2</ele><time>2026-10-02T23:52:47Z</time></trkpt>
      <trkpt lat="25.7400756" lon="100.1644186"><ele>1968.2</ele><time>2026-10-02T23:52:48Z</time></trkpt>
      <trkpt lat="25.7400869" lon="100.1643952"><ele>1968.2</ele><time>2026-10-02T23:52:49Z</time></trkpt>
      <trkpt lat="25.7401001" lon="100.1643742"><ele>1968.2</ele><time>2026-10-02T23:52:50Z</time></trkpt>
      <trkpt lat="25.7401145" lon="100.1643543"><ele>1968.2</ele><time>2026-10-02T23:52:51Z</time></trkpt>
      <trkpt lat="25.7401290" lon="100.1643347"><ele>1968.2</ele><time>2026-10-02T23:52:52Z</time></trkpt>
      <trkpt lat="25.7401432" lon="100.1643152"><ele>1968.2</ele><time>2026-10-02T23:52:53Z</time></trkpt>
      <trkpt lat="25.7401572" lon="100.1642954"><ele>1968.2</ele><time>2026-10-02T23:52:54Z</time></trkpt>
      <trkpt lat="25.7401708" lon="100.1642758"><ele>1968.2</ele><time>2026-10-02T23:52:55Z</time></trkpt>
      <trkpt lat="25.7401848" lon="100.1642563"><ele>1968.2</ele><time>2026-10-02T23:52:56Z</time></trkpt>
      <trkpt lat="25.7401993" lon="100.1642371"><ele>1968.2</ele><time>2026-10-02T23:52:57Z</time></trkpt>
      <trkpt lat="25.7402138" lon="100.1642186"><ele>1968.2</ele><time>2026-10-02T23:52:58Z</time></trkpt>
      <trkpt lat="25.7402285" lon="100.1642003"><ele>1968.2</ele><time>2026-10-02T23:52:59Z</time></trkpt>
      <trkpt lat="25.7402434" lon="100.1641815"><ele>1968.2</ele><time>2026-10-02T23:53:00Z</time></trkpt>
      <trkpt lat="25.7402572" lon="100.1641628"><ele>1968.2</ele><time>2026-10-02T23:53:01Z</time></trkpt>
      <trkpt lat="25.7402703" lon="100.1641449"><ele>1968.2</ele><time>2026-10-02T23:53:02Z</time></trkpt>
      <trkpt lat="25.7402823" lon="100.1641273"><ele>1968.2</ele><time>2026-10-02T23:53:03Z</time></trkpt>
      <trkpt lat="25.7402936" lon="100.1641097"><ele>1968.2</ele><time>2026-10-02T23:53:04Z</time></trkpt>
      <trkpt lat="25.7403061" lon="100.1640913"><ele>1968.2</ele><time>2026-10-02T23:53:05Z</time></trkpt>
      <trkpt lat="25.7403204" lon="100.1640717"><ele>1968.1</ele><time>2026-10-02T23:53:06Z</time></trkpt>
      <trkpt lat="25.7403358" lon="100.1640528"><ele>1968.1</ele><time>2026-10-02T23:53:07Z</time></trkpt>
      <trkpt lat="25.7403513" lon="100.1640356"><ele>1968.1</ele><time>2026-10-02T23:53:08Z</time></trkpt>
      <trkpt lat="25.7403666" lon="100.1640201"><ele>1968.1</ele><time>2026-10-02T23:53:09Z</time></trkpt>
      <trkpt lat="25.7403822" lon="100.1640049"><ele>1968.1</ele><time>2026-10-02T23:53:10Z</time></trkpt>
      <trkpt lat="25.7403985" lon="100.1639887"><ele>1968.1</ele><time>2026-10-02T23:53:11Z</time></trkpt>
      <trkpt lat="25.7404150" lon="100.1639726"><ele>1968.1</ele><time>2026-10-02T23:53:12Z</time></trkpt>
      <trkpt lat="25.7404317" lon="100.1639571"><ele>1968.1</ele><time>2026-10-02T23:53:13Z</time></trkpt>
      <trkpt lat="25.7404481" lon="100.1639419"><ele>1968.1</ele><time>2026-10-02T23:53:14Z</time></trkpt>
      <trkpt lat="25.7404636" lon="100.1639267"><ele>1968.1</ele><time>2026-10-02T23:53:15Z</time></trkpt>
      <trkpt lat="25.7404788" lon="100.1639112"><ele>1968.1</ele><time>2026-10-02T23:53:16Z</time></trkpt>
      <trkpt lat="25.7404945" lon="100.1638955"><ele>1968.1</ele><time>2026-10-02T23:53:17Z</time></trkpt>
      <trkpt lat="25.7405110" lon="100.1638803"><ele>1968.1</ele><time>2026-10-02T23:53:18Z</time></trkpt>
      <trkpt lat="25.7405277" lon="100.1638655"><ele>1968.1</ele><time>2026-10-02T23:53:19Z</time></trkpt>
      <trkpt lat="25.7405429" lon="100.1638499"><ele>1968.0</ele><time>2026-10-02T23:53:20Z</time></trkpt>
      <trkpt lat="25.7405567" lon="100.1638330"><ele>1968.0</ele><time>2026-10-02T23:53:21Z</time></trkpt>
      <trkpt lat="25.7405697" lon="100.1638148"><ele>1968.0</ele><time>2026-10-02T23:53:22Z</time></trkpt>
      <trkpt lat="25.7405820" lon="100.1637960"><ele>1968.1</ele><time>2026-10-02T23:53:23Z</time></trkpt>
      <trkpt lat="25.7405938" lon="100.1637771"><ele>1968.1</ele><time>2026-10-02T23:53:24Z</time></trkpt>
      <trkpt lat="25.7406052" lon="100.1637589"><ele>1968.1</ele><time>2026-10-02T23:53:25Z</time></trkpt>
      <trkpt lat="25.7406165" lon="100.1637415"><ele>1968.1</ele><time>2026-10-02T23:53:26Z</time></trkpt>
      <trkpt lat="25.7406290" lon="100.1637252"><ele>1968.1</ele><time>2026-10-02T23:53:27Z</time></trkpt>
      <trkpt lat="25.7406428" lon="100.1637106"><ele>1968.1</ele><time>2026-10-02T23:53:28Z</time></trkpt>
      <trkpt lat="25.7406579" lon="100.1636976"><ele>1968.1</ele><time>2026-10-02T23:53:29Z</time></trkpt>
      <trkpt lat="25.7406741" lon="100.1636857"><ele>1968.1</ele><time>2026-10-02T23:53:30Z</time></trkpt>
      <trkpt lat="25.7406907" lon="100.1636737"><ele>1968.1</ele><time>2026-10-02T23:53:31Z</time></trkpt>
      <trkpt lat="25.7407077" lon="100.1636603"><ele>1968.1</ele><time>2026-10-02T23:53:32Z</time></trkpt>
      <trkpt lat="25.7407244" lon="100.1636463"><ele>1968.1</ele><time>2026-10-02T23:53:33Z</time></trkpt>
      <trkpt lat="25.7407400" lon="100.1636323"><ele>1968.1</ele><time>2026-10-02T23:53:34Z</time></trkpt>
      <trkpt lat="25.7407551" lon="100.1636171"><ele>1968.1</ele><time>2026-10-02T23:53:35Z</time></trkpt>
      <trkpt lat="25.7407696" lon="100.1636006"><ele>1968.1</ele><time>2026-10-02T23:53:36Z</time></trkpt>
      <trkpt lat="25.7407834" lon="100.1635837"><ele>1968.0</ele><time>2026-10-02T23:53:37Z</time></trkpt>
      <trkpt lat="25.7407973" lon="100.1635666"><ele>1968.0</ele><time>2026-10-02T23:53:38Z</time></trkpt>
      <trkpt lat="25.7408115" lon="100.1635492"><ele>1968.0</ele><time>2026-10-02T23:53:39Z</time></trkpt>
      <trkpt lat="25.7408259" lon="100.1635307"><ele>1968.0</ele><time>2026-10-02T23:53:40Z</time></trkpt>
      <trkpt lat="25.7408402" lon="100.1635110"><ele>1967.9</ele><time>2026-10-02T23:53:41Z</time></trkpt>
      <trkpt lat="25.7408537" lon="100.1634913"><ele>1967.9</ele><time>2026-10-02T23:53:42Z</time></trkpt>
      <trkpt lat="25.7408664" lon="100.1634722"><ele>1967.9</ele><time>2026-10-02T23:53:43Z</time></trkpt>
      <trkpt lat="25.7408793" lon="100.1634533"><ele>1967.8</ele><time>2026-10-02T23:53:44Z</time></trkpt>
      <trkpt lat="25.7408918" lon="100.1634341"><ele>1967.8</ele><time>2026-10-02T23:53:45Z</time></trkpt>
      <trkpt lat="25.7409033" lon="100.1634143"><ele>1967.8</ele><time>2026-10-02T23:53:46Z</time></trkpt>
      <trkpt lat="25.7409137" lon="100.1633943"><ele>1967.8</ele><time>2026-10-02T23:53:47Z</time></trkpt>
      <trkpt lat="25.7409231" lon="100.1633747"><ele>1967.7</ele><time>2026-10-02T23:53:48Z</time></trkpt>
      <trkpt lat="25.7409329" lon="100.1633550"><ele>1967.7</ele><time>2026-10-02T23:53:49Z</time></trkpt>
      <trkpt lat="25.7409433" lon="100.1633353"><ele>1967.7</ele><time>2026-10-02T23:53:50Z</time></trkpt>
      <trkpt lat="25.7409539" lon="100.1633149"><ele>1967.8</ele><time>2026-10-02T23:53:51Z</time></trkpt>
      <trkpt lat="25.7409641" lon="100.1632938"><ele>1967.8</ele><time>2026-10-02T23:53:52Z</time></trkpt>
      <trkpt lat="25.7409738" lon="100.1632728"><ele>1967.8</ele><time>2026-10-02T23:53:53Z</time></trkpt>
      <trkpt lat="25.7409844" lon="100.1632517"><ele>1967.8</ele><time>2026-10-02T23:53:54Z</time></trkpt>
      <trkpt lat="25.7409968" lon="100.1632304"><ele>1967.8</ele><time>2026-10-02T23:53:55Z</time></trkpt>
      <trkpt lat="25.7410102" lon="100.1632105"><ele>1967.9</ele><time>2026-10-02T23:53:56Z</time></trkpt>
      <trkpt lat="25.7410251" lon="100.1631921"><ele>1967.9</ele><time>2026-10-02T23:53:57Z</time></trkpt>
      <trkpt lat="25.7410408" lon="100.1631749"><ele>1967.9</ele><time>2026-10-02T23:53:58Z</time></trkpt>
      <trkpt lat="25.7410560" lon="100.1631578"><ele>1967.9</ele><time>2026-10-02T23:53:59Z</time></trkpt>
      <trkpt lat="25.7410708" lon="100.1631401"><ele>1968.0</ele><time>2026-10-02T23:54:00Z</time></trkpt>
      <trkpt lat="25.7410848" lon="100.1631220"><ele>1968.0</ele><time>2026-10-02T23:54:01Z</time></trkpt>
      <trkpt lat="25.7410969" lon="100.1631034"><ele>1968.0</ele><time>2026-10-02T23:54:02Z</time></trkpt>
      <trkpt lat="25.7411069" lon="100.1630849"><ele>1968.0</ele><time>2026-10-02T23:54:03Z</time></trkpt>
      <trkpt lat="25.7411152" lon="100.1630671"><ele>1968.0</ele><time>2026-10-02T23:54:04Z</time></trkpt>
      <trkpt lat="25.7411234" lon="100.1630497"><ele>1968.0</ele><time>2026-10-02T23:54:05Z</time></trkpt>
      <trkpt lat="25.7411321" lon="100.1630319"><ele>1968.0</ele><time>2026-10-02T23:54:06Z</time></trkpt>
      <trkpt lat="25.7411403" lon="100.1630130"><ele>1968.0</ele><time>2026-10-02T23:54:07Z</time></trkpt>
      <trkpt lat="25.7411481" lon="100.1629922"><ele>1968.0</ele><time>2026-10-02T23:54:08Z</time></trkpt>
      <trkpt lat="25.7411553" lon="100.1629702"><ele>1968.0</ele><time>2026-10-02T23:54:09Z</time></trkpt>
      <trkpt lat="25.7411613" lon="100.1629485"><ele>1968.1</ele><time>2026-10-02T23:54:10Z</time></trkpt>
      <trkpt lat="25.7411664" lon="100.1629270"><ele>1968.1</ele><time>2026-10-02T23:54:11Z</time></trkpt>
      <trkpt lat="25.7411709" lon="100.1629060"><ele>1968.1</ele><time>2026-10-02T23:54:12Z</time></trkpt>
      <trkpt lat="25.7411760" lon="100.1628853"><ele>1968.1</ele><time>2026-10-02T23:54:13Z</time></trkpt>
      <trkpt lat="25.7411823" lon="100.1628648"><ele>1968.0</ele><time>2026-10-02T23:54:14Z</time></trkpt>
      <trkpt lat="25.7411883" lon="100.1628448"><ele>1968.0</ele><time>2026-10-02T23:54:15Z</time></trkpt>
      <trkpt lat="25.7411935" lon="100.1628243"><ele>1968.0</ele><time>2026-10-02T23:54:16Z</time></trkpt>
      <trkpt lat="25.7411978" lon="100.1628031"><ele>1968.0</ele><time>2026-10-02T23:54:17Z</time></trkpt>
      <trkpt lat="25.7412012" lon="100.1627819"><ele>1968.0</ele><time>2026-10-02T23:54:18Z</time></trkpt>
      <trkpt lat="25.7412043" lon="100.1627604"><ele>1968.0</ele><time>2026-10-02T23:54:19Z</time></trkpt>
      <trkpt lat="25.7412068" lon="100.1627388"><ele>1968.0</ele><time>2026-10-02T23:54:20Z</time></trkpt>
      <trkpt lat="25.7412086" lon="100.1627175"><ele>1968.0</ele><time>2026-10-02T23:54:21Z</time></trkpt>
      <trkpt lat="25.7412101" lon="100.1626957"><ele>1968.0</ele><time>2026-10-02T23:54:22Z</time></trkpt>
      <trkpt lat="25.7412117" lon="100.1626731"><ele>1968.0</ele><time>2026-10-02T23:54:23Z</time></trkpt>
      <trkpt lat="25.7412138" lon="100.1626497"><ele>1968.0</ele><time>2026-10-02T23:54:24Z</time></trkpt>
      <trkpt lat="25.7412167" lon="100.1626256"><ele>1968.0</ele><time>2026-10-02T23:54:25Z</time></trkpt>
      <trkpt lat="25.7412210" lon="100.1626022"><ele>1968.0</ele><time>2026-10-02T23:54:26Z</time></trkpt>
      <trkpt lat="25.7412273" lon="100.1625794"><ele>1968.0</ele><time>2026-10-02T23:54:27Z</time></trkpt>
      <trkpt lat="25.7412343" lon="100.1625563"><ele>1968.1</ele><time>2026-10-02T23:54:28Z</time></trkpt>
      <trkpt lat="25.7412407" lon="100.1625319"><ele>1968.1</ele><time>2026-10-02T23:54:29Z</time></trkpt>
      <trkpt lat="25.7412462" lon="100.1625063"><ele>1968.1</ele><time>2026-10-02T23:54:30Z</time></trkpt>
      <trkpt lat="25.7412518" lon="100.1624804"><ele>1968.1</ele><time>2026-10-02T23:54:31Z</time></trkpt>
      <trkpt lat="25.7412582" lon="100.1624547"><ele>1968.1</ele><time>2026-10-02T23:54:32Z</time></trkpt>
      <trkpt lat="25.7412655" lon="100.1624299"><ele>1968.1</ele><time>2026-10-02T23:54:33Z</time></trkpt>
      <trkpt lat="25.7412734" lon="100.1624057"><ele>1968.2</ele><time>2026-10-02T23:54:34Z</time></trkpt>
      <trkpt lat="25.7412818" lon="100.1623816"><ele>1968.2</ele><time>2026-10-02T23:54:35Z</time></trkpt>
      <trkpt lat="25.7412902" lon="100.1623583"><ele>1968.2</ele><time>2026-10-02T23:54:36Z</time></trkpt>
      <trkpt lat="25.7412991" lon="100.1623356"><ele>1968.2</ele><time>2026-10-02T23:54:37Z</time></trkpt>
      <trkpt lat="25.7413084" lon="100.1623131"><ele>1968.2</ele><time>2026-10-02T23:54:38Z</time></trkpt>
      <trkpt lat="25.7413168" lon="100.1622911"><ele>1968.2</ele><time>2026-10-02T23:54:39Z</time></trkpt>
      <trkpt lat="25.7413242" lon="100.1622697"><ele>1968.2</ele><time>2026-10-02T23:54:40Z</time></trkpt>
      <trkpt lat="25.7413310" lon="100.1622489"><ele>1968.3</ele><time>2026-10-02T23:54:41Z</time></trkpt>
      <trkpt lat="25.7413385" lon="100.1622279"><ele>1968.3</ele><time>2026-10-02T23:54:42Z</time></trkpt>
      <trkpt lat="25.7413474" lon="100.1622067"><ele>1968.3</ele><time>2026-10-02T23:54:43Z</time></trkpt>
      <trkpt lat="25.7413571" lon="100.1621857"><ele>1968.3</ele><time>2026-10-02T23:54:44Z</time></trkpt>
      <trkpt lat="25.7413672" lon="100.1621646"><ele>1968.4</ele><time>2026-10-02T23:54:45Z</time></trkpt>
      <trkpt lat="25.7413770" lon="100.1621430"><ele>1968.4</ele><time>2026-10-02T23:54:46Z</time></trkpt>
      <trkpt lat="25.7413859" lon="100.1621211"><ele>1968.4</ele><time>2026-10-02T23:54:47Z</time></trkpt>
      <trkpt lat="25.7413954" lon="100.1620989"><ele>1968.4</ele><time>2026-10-02T23:54:48Z</time></trkpt>
      <trkpt lat="25.7414062" lon="100.1620774"><ele>1968.5</ele><time>2026-10-02T23:54:49Z</time></trkpt>
      <trkpt lat="25.7414182" lon="100.1620568"><ele>1968.5</ele><time>2026-10-02T23:54:50Z</time></trkpt>
      <trkpt lat="25.7414304" lon="100.1620377"><ele>1968.5</ele><time>2026-10-02T23:54:51Z</time></trkpt>
      <trkpt lat="25.7414416" lon="100.1620199"><ele>1968.5</ele><time>2026-10-02T23:54:52Z</time></trkpt>
      <trkpt lat="25.7414522" lon="100.1620022"><ele>1968.5</ele><time>2026-10-02T23:54:53Z</time></trkpt>
      <trkpt lat="25.7414629" lon="100.1619839"><ele>1968.5</ele><time>2026-10-02T23:54:53Z</time></trkpt>
      <trkpt lat="25.7414736" lon="100.1619656"><ele>1968.6</ele><time>2026-10-02T23:54:54Z</time></trkpt>
      <trkpt lat="25.7414845" lon="100.1619475"><ele>1968.6</ele><time>2026-10-02T23:54:55Z</time></trkpt>
      <trkpt lat="25.7414959" lon="100.1619297"><ele>1968.6</ele><time>2026-10-02T23:54:56Z</time></trkpt>
      <trkpt lat="25.7415079" lon="100.1619119"><ele>1968.6</ele><time>2026-10-02T23:54:57Z</time></trkpt>
      <trkpt lat="25.7415200" lon="100.1618935"><ele>1968.6</ele><time>2026-10-02T23:54:58Z</time></trkpt>
      <trkpt lat="25.7415317" lon="100.1618749"><ele>1968.6</ele><time>2026-10-02T23:54:59Z</time></trkpt>
      <trkpt lat="25.7415433" lon="100.1618565"><ele>1968.6</ele><time>2026-10-02T23:55:00Z</time></trkpt>
      <trkpt lat="25.7415557" lon="100.1618388"><ele>1968.7</ele><time>2026-10-02T23:55:01Z</time></trkpt>
      <trkpt lat="25.7415688" lon="100.1618223"><ele>1968.7</ele><time>2026-10-02T23:55:02Z</time></trkpt>
      <trkpt lat="25.7415828" lon="100.1618070"><ele>1968.7</ele><time>2026-10-02T23:55:03Z</time></trkpt>
      <trkpt lat="25.7415975" lon="100.1617926"><ele>1968.7</ele><time>2026-10-02T23:55:05Z</time></trkpt>
      <trkpt lat="25.7416123" lon="100.1617787"><ele>1968.7</ele><time>2026-10-02T23:55:06Z</time></trkpt>
      <trkpt lat="25.7416269" lon="100.1617646"><ele>1968.7</ele><time>2026-10-02T23:55:07Z</time></trkpt>
      <trkpt lat="25.7416409" lon="100.1617504"><ele>1968.8</ele><time>2026-10-02T23:55:08Z</time></trkpt>
      <trkpt lat="25.7416549" lon="100.1617359"><ele>1968.8</ele><time>2026-10-02T23:55:09Z</time></trkpt>
      <trkpt lat="25.7416700" lon="100.1617217"><ele>1968.8</ele><time>2026-10-02T23:55:10Z</time></trkpt>
      <trkpt lat="25.7416861" lon="100.1617081"><ele>1968.8</ele><time>2026-10-02T23:55:11Z</time></trkpt>
      <trkpt lat="25.7417032" lon="100.1616945"><ele>1968.8</ele><time>2026-10-02T23:55:12Z</time></trkpt>
      <trkpt lat="25.7417198" lon="100.1616804"><ele>1968.8</ele><time>2026-10-02T23:55:13Z</time></trkpt>
      <trkpt lat="25.7417346" lon="100.1616662"><ele>1968.9</ele><time>2026-10-02T23:55:14Z</time></trkpt>
      <trkpt lat="25.7417483" lon="100.1616520"><ele>1968.9</ele><time>2026-10-02T23:55:15Z</time></trkpt>
      <trkpt lat="25.7417617" lon="100.1616374"><ele>1968.9</ele><time>2026-10-02T23:55:16Z</time></trkpt>
      <trkpt lat="25.7417755" lon="100.1616220"><ele>1968.9</ele><time>2026-10-02T23:55:17Z</time></trkpt>
      <trkpt lat="25.7417897" lon="100.1616064"><ele>1968.9</ele><time>2026-10-02T23:55:18Z</time></trkpt>
      <trkpt lat="25.7418039" lon="100.1615911"><ele>1968.9</ele><time>2026-10-02T23:55:19Z</time></trkpt>
      <trkpt lat="25.7418182" lon="100.1615754"><ele>1968.9</ele><time>2026-10-02T23:55:20Z</time></trkpt>
      <trkpt lat="25.7418324" lon="100.1615590"><ele>1968.9</ele><time>2026-10-02T23:55:21Z</time></trkpt>
      <trkpt lat="25.7418464" lon="100.1615423"><ele>1968.9</ele><time>2026-10-02T23:55:22Z</time></trkpt>
      <trkpt lat="25.7418608" lon="100.1615253"><ele>1968.9</ele><time>2026-10-02T23:55:23Z</time></trkpt>
      <trkpt lat="25.7418748" lon="100.1615076"><ele>1968.9</ele><time>2026-10-02T23:55:24Z</time></trkpt>
      <trkpt lat="25.7418885" lon="100.1614891"><ele>1968.9</ele><time>2026-10-02T23:55:25Z</time></trkpt>
      <trkpt lat="25.7419025" lon="100.1614701"><ele>1969.0</ele><time>2026-10-02T23:55:26Z</time></trkpt>
      <trkpt lat="25.7419161" lon="100.1614509"><ele>1969.0</ele><time>2026-10-02T23:55:27Z</time></trkpt>
      <trkpt lat="25.7419296" lon="100.1614315"><ele>1969.0</ele><time>2026-10-02T23:55:28Z</time></trkpt>
      <trkpt lat="25.7419440" lon="100.1614118"><ele>1969.0</ele><time>2026-10-02T23:55:29Z</time></trkpt>
      <trkpt lat="25.7419594" lon="100.1613919"><ele>1969.0</ele><time>2026-10-02T23:55:30Z</time></trkpt>
      <trkpt lat="25.7419742" lon="100.1613722"><ele>1969.1</ele><time>2026-10-02T23:55:31Z</time></trkpt>
      <trkpt lat="25.7419870" lon="100.1613526"><ele>1969.1</ele><time>2026-10-02T23:55:32Z</time></trkpt>
      <trkpt lat="25.7419988" lon="100.1613338"><ele>1969.1</ele><time>2026-10-02T23:55:33Z</time></trkpt>
      <trkpt lat="25.7420110" lon="100.1613155"><ele>1969.1</ele><time>2026-10-02T23:55:34Z</time></trkpt>
      <trkpt lat="25.7420240" lon="100.1612973"><ele>1969.2</ele><time>2026-10-02T23:55:35Z</time></trkpt>
      <trkpt lat="25.7420372" lon="100.1612796"><ele>1969.2</ele><time>2026-10-02T23:55:36Z</time></trkpt>
      <trkpt lat="25.7420507" lon="100.1612631"><ele>1969.2</ele><time>2026-10-02T23:55:37Z</time></trkpt>
      <trkpt lat="25.7420646" lon="100.1612472"><ele>1969.2</ele><time>2026-10-02T23:55:38Z</time></trkpt>
      <trkpt lat="25.7420793" lon="100.1612317"><ele>1969.2</ele><time>2026-10-02T23:55:39Z</time></trkpt>
      <trkpt lat="25.7420937" lon="100.1612156"><ele>1969.2</ele><time>2026-10-02T23:55:40Z</time></trkpt>
      <trkpt lat="25.7421067" lon="100.1611981"><ele>1969.2</ele><time>2026-10-02T23:55:41Z</time></trkpt>
      <trkpt lat="25.7421180" lon="100.1611802"><ele>1969.2</ele><time>2026-10-02T23:55:42Z</time></trkpt>
      <trkpt lat="25.7421281" lon="100.1611627"><ele>1969.1</ele><time>2026-10-02T23:55:43Z</time></trkpt>
      <trkpt lat="25.7421388" lon="100.1611456"><ele>1969.1</ele><time>2026-10-02T23:55:44Z</time></trkpt>
      <trkpt lat="25.7421496" lon="100.1611278"><ele>1969.1</ele><time>2026-10-02T23:55:45Z</time></trkpt>
      <trkpt lat="25.7421598" lon="100.1611090"><ele>1969.0</ele><time>2026-10-02T23:55:46Z</time></trkpt>
      <trkpt lat="25.7421696" lon="100.1610901"><ele>1969.0</ele><time>2026-10-02T23:55:47Z</time></trkpt>
      <trkpt lat="25.7421788" lon="100.1610715"><ele>1969.0</ele><time>2026-10-02T23:55:48Z</time></trkpt>
      <trkpt lat="25.7421874" lon="100.1610527"><ele>1968.9</ele><time>2026-10-02T23:55:49Z</time></trkpt>
      <trkpt lat="25.7421957" lon="100.1610348"><ele>1968.9</ele><time>2026-10-02T23:55:50Z</time></trkpt>
      <trkpt lat="25.7422038" lon="100.1610178"><ele>1968.9</ele><time>2026-10-02T23:55:51Z</time></trkpt>
      <trkpt lat="25.7422127" lon="100.1609998"><ele>1968.8</ele><time>2026-10-02T23:55:52Z</time></trkpt>
      <trkpt lat="25.7422227" lon="100.1609804"><ele>1968.8</ele><time>2026-10-02T23:55:53Z</time></trkpt>
      <trkpt lat="25.7422322" lon="100.1609610"><ele>1968.8</ele><time>2026-10-02T23:55:54Z</time></trkpt>
      <trkpt lat="25.7422415" lon="100.1609419"><ele>1968.7</ele><time>2026-10-02T23:55:55Z</time></trkpt>
      <trkpt lat="25.7422511" lon="100.1609233"><ele>1968.7</ele><time>2026-10-02T23:55:56Z</time></trkpt>
      <trkpt lat="25.7422609" lon="100.1609039"><ele>1968.7</ele><time>2026-10-02T23:55:57Z</time></trkpt>
      <trkpt lat="25.7422705" lon="100.1608838"><ele>1968.6</ele><time>2026-10-02T23:55:58Z</time></trkpt>
      <trkpt lat="25.7422792" lon="100.1608630"><ele>1968.6</ele><time>2026-10-02T23:55:59Z</time></trkpt>
      <trkpt lat="25.7422871" lon="100.1608418"><ele>1968.6</ele><time>2026-10-02T23:56:00Z</time></trkpt>
      <trkpt lat="25.7422955" lon="100.1608205"><ele>1968.5</ele><time>2026-10-02T23:56:01Z</time></trkpt>
      <trkpt lat="25.7423039" lon="100.1607992"><ele>1968.5</ele><time>2026-10-02T23:56:02Z</time></trkpt>
      <trkpt lat="25.7423113" lon="100.1607777"><ele>1968.5</ele><time>2026-10-02T23:56:03Z</time></trkpt>
      <trkpt lat="25.7423167" lon="100.1607563"><ele>1968.4</ele><time>2026-10-02T23:56:04Z</time></trkpt>
      <trkpt lat="25.7423214" lon="100.1607347"><ele>1968.4</ele><time>2026-10-02T23:56:05Z</time></trkpt>
      <trkpt lat="25.7423269" lon="100.1607135"><ele>1968.4</ele><time>2026-10-02T23:56:06Z</time></trkpt>
      <trkpt lat="25.7423324" lon="100.1606931"><ele>1968.4</ele><time>2026-10-02T23:56:07Z</time></trkpt>
      <trkpt lat="25.7423379" lon="100.1606723"><ele>1968.4</ele><time>2026-10-02T23:56:08Z</time></trkpt>
      <trkpt lat="25.7423441" lon="100.1606516"><ele>1968.3</ele><time>2026-10-02T23:56:09Z</time></trkpt>
      <trkpt lat="25.7423515" lon="100.1606313"><ele>1968.3</ele><time>2026-10-02T23:56:10Z</time></trkpt>
      <trkpt lat="25.7423599" lon="100.1606114"><ele>1968.3</ele><time>2026-10-02T23:56:11Z</time></trkpt>
      <trkpt lat="25.7423686" lon="100.1605913"><ele>1968.3</ele><time>2026-10-02T23:56:12Z</time></trkpt>
      <trkpt lat="25.7423775" lon="100.1605711"><ele>1968.3</ele><time>2026-10-02T23:56:13Z</time></trkpt>
      <trkpt lat="25.7423864" lon="100.1605509"><ele>1968.3</ele><time>2026-10-02T23:56:14Z</time></trkpt>
      <trkpt lat="25.7423949" lon="100.1605305"><ele>1968.3</ele><time>2026-10-02T23:56:15Z</time></trkpt>
      <trkpt lat="25.7424033" lon="100.1605097"><ele>1968.3</ele><time>2026-10-02T23:56:16Z</time></trkpt>
      <trkpt lat="25.7424116" lon="100.1604888"><ele>1968.3</ele><time>2026-10-02T23:56:17Z</time></trkpt>
      <trkpt lat="25.7424199" lon="100.1604679"><ele>1968.3</ele><time>2026-10-02T23:56:18Z</time></trkpt>
      <trkpt lat="25.7424289" lon="100.1604464"><ele>1968.3</ele><time>2026-10-02T23:56:19Z</time></trkpt>
      <trkpt lat="25.7424381" lon="100.1604245"><ele>1968.3</ele><time>2026-10-02T23:56:20Z</time></trkpt>
      <trkpt lat="25.7424477" lon="100.1604028"><ele>1968.3</ele><time>2026-10-02T23:56:21Z</time></trkpt>
      <trkpt lat="25.7424586" lon="100.1603822"><ele>1968.2</ele><time>2026-10-02T23:56:22Z</time></trkpt>
      <trkpt lat="25.7424709" lon="100.1603626"><ele>1968.2</ele><time>2026-10-02T23:56:23Z</time></trkpt>
      <trkpt lat="25.7424845" lon="100.1603435"><ele>1968.2</ele><time>2026-10-02T23:56:24Z</time></trkpt>
      <trkpt lat="25.7424985" lon="100.1603252"><ele>1968.2</ele><time>2026-10-02T23:56:25Z</time></trkpt>
      <trkpt lat="25.7425128" lon="100.1603081"><ele>1968.2</ele><time>2026-10-02T23:56:26Z</time></trkpt>
      <trkpt lat="25.7425278" lon="100.1602923"><ele>1968.2</ele><time>2026-10-02T23:56:27Z</time></trkpt>
      <trkpt lat="25.7425436" lon="100.1602778"><ele>1968.2</ele><time>2026-10-02T23:56:28Z</time></trkpt>
      <trkpt lat="25.7425613" lon="100.1602636"><ele>1968.2</ele><time>2026-10-02T23:56:29Z</time></trkpt>
      <trkpt lat="25.7425819" lon="100.1602491"><ele>1968.3</ele><time>2026-10-02T23:56:30Z</time></trkpt>
      <trkpt lat="25.7426034" lon="100.1602356"><ele>1968.3</ele><time>2026-10-02T23:56:31Z</time></trkpt>
      <trkpt lat="25.7426235" lon="100.1602226"><ele>1968.3</ele><time>2026-10-02T23:56:32Z</time></trkpt>
      <trkpt lat="25.7426420" lon="100.1602097"><ele>1968.3</ele><time>2026-10-02T23:56:33Z</time></trkpt>
      <trkpt lat="25.7426601" lon="100.1601967"><ele>1968.3</ele><time>2026-10-02T23:56:34Z</time></trkpt>
      <trkpt lat="25.7426784" lon="100.1601841"><ele>1968.3</ele><time>2026-10-02T23:56:35Z</time></trkpt>
      <trkpt lat="25.7426960" lon="100.1601723"><ele>1968.3</ele><time>2026-10-02T23:56:36Z</time></trkpt>
      <trkpt lat="25.7427125" lon="100.1601616"><ele>1968.3</ele><time>2026-10-02T23:56:37Z</time></trkpt>
      <trkpt lat="25.7427281" lon="100.1601516"><ele>1968.4</ele><time>2026-10-02T23:56:38Z</time></trkpt>
      <trkpt lat="25.7427436" lon="100.1601405"><ele>1968.4</ele><time>2026-10-02T23:56:39Z</time></trkpt>
      <trkpt lat="25.7427598" lon="100.1601271"><ele>1968.4</ele><time>2026-10-02T23:56:40Z</time></trkpt>
      <trkpt lat="25.7427760" lon="100.1601121"><ele>1968.4</ele><time>2026-10-02T23:56:41Z</time></trkpt>
      <trkpt lat="25.7427921" lon="100.1600971"><ele>1968.5</ele><time>2026-10-02T23:56:42Z</time></trkpt>
      <trkpt lat="25.7428085" lon="100.1600831"><ele>1968.5</ele><time>2026-10-02T23:56:43Z</time></trkpt>
      <trkpt lat="25.7428244" lon="100.1600704"><ele>1968.5</ele><time>2026-10-02T23:56:44Z</time></trkpt>
      <trkpt lat="25.7428402" lon="100.1600584"><ele>1968.6</ele><time>2026-10-02T23:56:45Z</time></trkpt>
      <trkpt lat="25.7428564" lon="100.1600461"><ele>1968.6</ele><time>2026-10-02T23:56:46Z</time></trkpt>
      <trkpt lat="25.7428719" lon="100.1600343"><ele>1968.6</ele><time>2026-10-02T23:56:47Z</time></trkpt>
      <trkpt lat="25.7428866" lon="100.1600232"><ele>1968.6</ele><time>2026-10-02T23:56:48Z</time></trkpt>
      <trkpt lat="25.7429011" lon="100.1600115"><ele>1968.6</ele><time>2026-10-02T23:56:49Z</time></trkpt>
      <trkpt lat="25.7429154" lon="100.1599987"><ele>1968.7</ele><time>2026-10-02T23:56:50Z</time></trkpt>
      <trkpt lat="25.7429298" lon="100.1599856"><ele>1968.7</ele><time>2026-10-02T23:56:51Z</time></trkpt>
      <trkpt lat="25.7429443" lon="100.1599728"><ele>1968.7</ele><time>2026-10-02T23:56:52Z</time></trkpt>
      <trkpt lat="25.7429590" lon="100.1599602"><ele>1968.7</ele><time>2026-10-02T23:56:53Z</time></trkpt>
      <trkpt lat="25.7429744" lon="100.1599477"><ele>1968.7</ele><time>2026-10-02T23:56:54Z</time></trkpt>
      <trkpt lat="25.7429903" lon="100.1599356"><ele>1968.7</ele><time>2026-10-02T23:56:55Z</time></trkpt>
      <trkpt lat="25.7430066" lon="100.1599242"><ele>1968.7</ele><time>2026-10-02T23:56:56Z</time></trkpt>
      <trkpt lat="25.7430239" lon="100.1599132"><ele>1968.7</ele><time>2026-10-02T23:56:57Z</time></trkpt>
      <trkpt lat="25.7430415" lon="100.1599019"><ele>1968.7</ele><time>2026-10-02T23:56:58Z</time></trkpt>
      <trkpt lat="25.7430592" lon="100.1598900"><ele>1968.7</ele><time>2026-10-02T23:56:59Z</time></trkpt>
      <trkpt lat="25.7430760" lon="100.1598783"><ele>1968.7</ele><time>2026-10-02T23:57:00Z</time></trkpt>
      <trkpt lat="25.7430912" lon="100.1598673"><ele>1968.6</ele><time>2026-10-02T23:57:01Z</time></trkpt>
      <trkpt lat="25.7431056" lon="100.1598569"><ele>1968.6</ele><time>2026-10-02T23:57:02Z</time></trkpt>
      <trkpt lat="25.7431197" lon="100.1598461"><ele>1968.6</ele><time>2026-10-02T23:57:03Z</time></trkpt>
      <trkpt lat="25.7431337" lon="100.1598342"><ele>1968.6</ele><time>2026-10-02T23:57:04Z</time></trkpt>
      <trkpt lat="25.7431477" lon="100.1598207"><ele>1968.6</ele><time>2026-10-02T23:57:05Z</time></trkpt>
      <trkpt lat="25.7431613" lon="100.1598063"><ele>1968.5</ele><time>2026-10-02T23:57:06Z</time></trkpt>
      <trkpt lat="25.7431743" lon="100.1597915"><ele>1968.5</ele><time>2026-10-02T23:57:07Z</time></trkpt>
      <trkpt lat="25.7431870" lon="100.1597753"><ele>1968.5</ele><time>2026-10-02T23:57:08Z</time></trkpt>
      <trkpt lat="25.7431992" lon="100.1597583"><ele>1968.5</ele><time>2026-10-02T23:57:09Z</time></trkpt>
      <trkpt lat="25.7432108" lon="100.1597408"><ele>1968.4</ele><time>2026-10-02T23:57:10Z</time></trkpt>
      <trkpt lat="25.7432215" lon="100.1597229"><ele>1968.4</ele><time>2026-10-02T23:57:11Z</time></trkpt>
      <trkpt lat="25.7432316" lon="100.1597042"><ele>1968.4</ele><time>2026-10-02T23:57:12Z</time></trkpt>
      <trkpt lat="25.7432418" lon="100.1596848"><ele>1968.3</ele><time>2026-10-02T23:57:13Z</time></trkpt>
      <trkpt lat="25.7432519" lon="100.1596650"><ele>1968.3</ele><time>2026-10-02T23:57:14Z</time></trkpt>
      <trkpt lat="25.7432613" lon="100.1596454"><ele>1968.3</ele><time>2026-10-02T23:57:15Z</time></trkpt>
      <trkpt lat="25.7432701" lon="100.1596262"><ele>1968.2</ele><time>2026-10-02T23:57:16Z</time></trkpt>
      <trkpt lat="25.7432790" lon="100.1596075"><ele>1968.2</ele><time>2026-10-02T23:57:17Z</time></trkpt>
      <trkpt lat="25.7432879" lon="100.1595882"><ele>1968.1</ele><time>2026-10-02T23:57:18Z</time></trkpt>
      <trkpt lat="25.7432966" lon="100.1595681"><ele>1968.1</ele><time>2026-10-02T23:57:19Z</time></trkpt>
      <trkpt lat="25.7433051" lon="100.1595480"><ele>1968.1</ele><time>2026-10-02T23:57:20Z</time></trkpt>
      <trkpt lat="25.7433142" lon="100.1595284"><ele>1968.1</ele><time>2026-10-02T23:57:21Z</time></trkpt>
      <trkpt lat="25.7433237" lon="100.1595101"><ele>1968.1</ele><time>2026-10-02T23:57:22Z</time></trkpt>
      <trkpt lat="25.7433328" lon="100.1594927"><ele>1968.1</ele><time>2026-10-02T23:57:23Z</time></trkpt>
      <trkpt lat="25.7433414" lon="100.1594750"><ele>1968.1</ele><time>2026-10-02T23:57:24Z</time></trkpt>
      <trkpt lat="25.7433493" lon="100.1594569"><ele>1968.2</ele><time>2026-10-02T23:57:25Z</time></trkpt>
      <trkpt lat="25.7433574" lon="100.1594378"><ele>1968.2</ele><time>2026-10-02T23:57:26Z</time></trkpt>
      <trkpt lat="25.7433666" lon="100.1594181"><ele>1968.2</ele><time>2026-10-02T23:57:27Z</time></trkpt>
      <trkpt lat="25.7433760" lon="100.1593986"><ele>1968.2</ele><time>2026-10-02T23:57:28Z</time></trkpt>
      <trkpt lat="25.7433861" lon="100.1593797"><ele>1968.2</ele><time>2026-10-02T23:57:29Z</time></trkpt>
      <trkpt lat="25.7433972" lon="100.1593617"><ele>1968.2</ele><time>2026-10-02T23:57:30Z</time></trkpt>
      <trkpt lat="25.7434090" lon="100.1593441"><ele>1968.2</ele><time>2026-10-02T23:57:31Z</time></trkpt>
      <trkpt lat="25.7434214" lon="100.1593263"><ele>1968.2</ele><time>2026-10-02T23:57:32Z</time></trkpt>
      <trkpt lat="25.7434340" lon="100.1593085"><ele>1968.2</ele><time>2026-10-02T23:57:33Z</time></trkpt>
      <trkpt lat="25.7434474" lon="100.1592914"><ele>1968.1</ele><time>2026-10-02T23:57:34Z</time></trkpt>
      <trkpt lat="25.7434621" lon="100.1592744"><ele>1968.1</ele><time>2026-10-02T23:57:35Z</time></trkpt>
      <trkpt lat="25.7434777" lon="100.1592561"><ele>1968.0</ele><time>2026-10-02T23:57:36Z</time></trkpt>
      <trkpt lat="25.7434932" lon="100.1592374"><ele>1968.0</ele><time>2026-10-02T23:57:37Z</time></trkpt>
      <trkpt lat="25.7435082" lon="100.1592209"><ele>1967.9</ele><time>2026-10-02T23:57:38Z</time></trkpt>
      <trkpt lat="25.7435232" lon="100.1592070"><ele>1967.9</ele><time>2026-10-02T23:57:39Z</time></trkpt>
      <trkpt lat="25.7435388" lon="100.1591942"><ele>1967.9</ele><time>2026-10-02T23:57:40Z</time></trkpt>
      <trkpt lat="25.7435545" lon="100.1591811"><ele>1967.8</ele><time>2026-10-02T23:57:41Z</time></trkpt>
      <trkpt lat="25.7435700" lon="100.1591684"><ele>1967.8</ele><time>2026-10-02T23:57:42Z</time></trkpt>
      <trkpt lat="25.7435856" lon="100.1591566"><ele>1967.8</ele><time>2026-10-02T23:57:43Z</time></trkpt>
      <trkpt lat="25.7436018" lon="100.1591451"><ele>1967.8</ele><time>2026-10-02T23:57:44Z</time></trkpt>
      <trkpt lat="25.7436190" lon="100.1591328"><ele>1967.8</ele><time>2026-10-02T23:57:45Z</time></trkpt>
      <trkpt lat="25.7436369" lon="100.1591199"><ele>1967.8</ele><time>2026-10-02T23:57:46Z</time></trkpt>
      <trkpt lat="25.7436549" lon="100.1591072"><ele>1967.8</ele><time>2026-10-02T23:57:47Z</time></trkpt>
      <trkpt lat="25.7436735" lon="100.1590951"><ele>1967.8</ele><time>2026-10-02T23:57:48Z</time></trkpt>
      <trkpt lat="25.7436924" lon="100.1590838"><ele>1967.9</ele><time>2026-10-02T23:57:49Z</time></trkpt>
      <trkpt lat="25.7437112" lon="100.1590734"><ele>1967.9</ele><time>2026-10-02T23:57:50Z</time></trkpt>
      <trkpt lat="25.7437307" lon="100.1590640"><ele>1967.9</ele><time>2026-10-02T23:57:51Z</time></trkpt>
      <trkpt lat="25.7437501" lon="100.1590557"><ele>1967.9</ele><time>2026-10-02T23:57:52Z</time></trkpt>
      <trkpt lat="25.7437675" lon="100.1590472"><ele>1967.9</ele><time>2026-10-02T23:57:53Z</time></trkpt>
      <trkpt lat="25.7437829" lon="100.1590375"><ele>1968.0</ele><time>2026-10-02T23:57:54Z</time></trkpt>
      <trkpt lat="25.7437972" lon="100.1590260"><ele>1968.0</ele><time>2026-10-02T23:57:55Z</time></trkpt>
      <trkpt lat="25.7438116" lon="100.1590132"><ele>1968.0</ele><time>2026-10-02T23:57:56Z</time></trkpt>
      <trkpt lat="25.7438268" lon="100.1590001"><ele>1968.0</ele><time>2026-10-02T23:57:57Z</time></trkpt>
      <trkpt lat="25.7438417" lon="100.1589875"><ele>1968.0</ele><time>2026-10-02T23:57:58Z</time></trkpt>
      <trkpt lat="25.7438566" lon="100.1589752"><ele>1968.0</ele><time>2026-10-02T23:57:59Z</time></trkpt>
      <trkpt lat="25.7438719" lon="100.1589628"><ele>1968.0</ele><time>2026-10-02T23:58:00Z</time></trkpt>
      <trkpt lat="25.7438871" lon="100.1589510"><ele>1968.0</ele><time>2026-10-02T23:58:01Z</time></trkpt>
      <trkpt lat="25.7439020" lon="100.1589400"><ele>1968.1</ele><time>2026-10-02T23:58:02Z</time></trkpt>
      <trkpt lat="25.7439167" lon="100.1589288"><ele>1968.1</ele><time>2026-10-02T23:58:03Z</time></trkpt>
      <trkpt lat="25.7439319" lon="100.1589166"><ele>1968.1</ele><time>2026-10-02T23:58:04Z</time></trkpt>
      <trkpt lat="25.7439478" lon="100.1589037"><ele>1968.1</ele><time>2026-10-02T23:58:05Z</time></trkpt>
      <trkpt lat="25.7439634" lon="100.1588906"><ele>1968.1</ele><time>2026-10-02T23:58:06Z</time></trkpt>
      <trkpt lat="25.7439787" lon="100.1588778"><ele>1968.1</ele><time>2026-10-02T23:58:07Z</time></trkpt>
      <trkpt lat="25.7439940" lon="100.1588648"><ele>1968.2</ele><time>2026-10-02T23:58:08Z</time></trkpt>
      <trkpt lat="25.7440092" lon="100.1588519"><ele>1968.2</ele><time>2026-10-02T23:58:09Z</time></trkpt>
      <trkpt lat="25.7440245" lon="100.1588395"><ele>1968.2</ele><time>2026-10-02T23:58:10Z</time></trkpt>
      <trkpt lat="25.7440398" lon="100.1588272"><ele>1968.2</ele><time>2026-10-02T23:58:11Z</time></trkpt>
      <trkpt lat="25.7440548" lon="100.1588144"><ele>1968.2</ele><time>2026-10-02T23:58:12Z</time></trkpt>
      <trkpt lat="25.7440704" lon="100.1588011"><ele>1968.2</ele><time>2026-10-02T23:58:13Z</time></trkpt>
      <trkpt lat="25.7440864" lon="100.1587871"><ele>1968.2</ele><time>2026-10-02T23:58:14Z</time></trkpt>
      <trkpt lat="25.7441022" lon="100.1587726"><ele>1968.2</ele><time>2026-10-02T23:58:15Z</time></trkpt>
      <trkpt lat="25.7441171" lon="100.1587586"><ele>1968.2</ele><time>2026-10-02T23:58:16Z</time></trkpt>
      <trkpt lat="25.7441308" lon="100.1587453"><ele>1968.2</ele><time>2026-10-02T23:58:17Z</time></trkpt>
      <trkpt lat="25.7441446" lon="100.1587322"><ele>1968.3</ele><time>2026-10-02T23:58:18Z</time></trkpt>
      <trkpt lat="25.7441591" lon="100.1587188"><ele>1968.3</ele><time>2026-10-02T23:58:19Z</time></trkpt>
      <trkpt lat="25.7441749" lon="100.1587046"><ele>1968.3</ele><time>2026-10-02T23:58:20Z</time></trkpt>
      <trkpt lat="25.7441920" lon="100.1586898"><ele>1968.3</ele><time>2026-10-02T23:58:21Z</time></trkpt>
      <trkpt lat="25.7442086" lon="100.1586751"><ele>1968.3</ele><time>2026-10-02T23:58:22Z</time></trkpt>
      <trkpt lat="25.7442239" lon="100.1586603"><ele>1968.3</ele><time>2026-10-02T23:58:23Z</time></trkpt>
      <trkpt lat="25.7442383" lon="100.1586456"><ele>1968.3</ele><time>2026-10-02T23:58:24Z</time></trkpt>
      <trkpt lat="25.7442522" lon="100.1586308"><ele>1968.3</ele><time>2026-10-02T23:58:25Z</time></trkpt>
      <trkpt lat="25.7442661" lon="100.1586162"><ele>1968.3</ele><time>2026-10-02T23:58:26Z</time></trkpt>
      <trkpt lat="25.7442808" lon="100.1586022"><ele>1968.3</ele><time>2026-10-02T23:58:27Z</time></trkpt>
      <trkpt lat="25.7442960" lon="100.1585886"><ele>1968.3</ele><time>2026-10-02T23:58:28Z</time></trkpt>
      <trkpt lat="25.7443106" lon="100.1585751"><ele>1968.3</ele><time>2026-10-02T23:58:29Z</time></trkpt>
      <trkpt lat="25.7443238" lon="100.1585610"><ele>1968.3</ele><time>2026-10-02T23:58:30Z</time></trkpt>
      <trkpt lat="25.7443364" lon="100.1585461"><ele>1968.3</ele><time>2026-10-02T23:58:31Z</time></trkpt>
      <trkpt lat="25.7443497" lon="100.1585309"><ele>1968.3</ele><time>2026-10-02T23:58:32Z</time></trkpt>
      <trkpt lat="25.7443634" lon="100.1585156"><ele>1968.3</ele><time>2026-10-02T23:58:33Z</time></trkpt>
      <trkpt lat="25.7443776" lon="100.1585009"><ele>1968.3</ele><time>2026-10-02T23:58:34Z</time></trkpt>
      <trkpt lat="25.7443917" lon="100.1584868"><ele>1968.4</ele><time>2026-10-02T23:58:35Z</time></trkpt>
      <trkpt lat="25.7444051" lon="100.1584726"><ele>1968.4</ele><time>2026-10-02T23:58:36Z</time></trkpt>
      <trkpt lat="25.7444185" lon="100.1584580"><ele>1968.4</ele><time>2026-10-02T23:58:37Z</time></trkpt>
      <trkpt lat="25.7444316" lon="100.1584430"><ele>1968.4</ele><time>2026-10-02T23:58:38Z</time></trkpt>
      <trkpt lat="25.7444442" lon="100.1584279"><ele>1968.4</ele><time>2026-10-02T23:58:39Z</time></trkpt>
      <trkpt lat="25.7444569" lon="100.1584129"><ele>1968.4</ele><time>2026-10-02T23:58:40Z</time></trkpt>
      <trkpt lat="25.7444694" lon="100.1583983"><ele>1968.4</ele><time>2026-10-02T23:58:41Z</time></trkpt>
      <trkpt lat="25.7444821" lon="100.1583836"><ele>1968.4</ele><time>2026-10-02T23:58:42Z</time></trkpt>
      <trkpt lat="25.7444957" lon="100.1583687"><ele>1968.4</ele><time>2026-10-02T23:58:43Z</time></trkpt>
      <trkpt lat="25.7445098" lon="100.1583532"><ele>1968.4</ele><time>2026-10-02T23:58:44Z</time></trkpt>
      <trkpt lat="25.7445244" lon="100.1583370"><ele>1968.4</ele><time>2026-10-02T23:58:45Z</time></trkpt>
      <trkpt lat="25.7445386" lon="100.1583207"><ele>1968.4</ele><time>2026-10-02T23:58:46Z</time></trkpt>
      <trkpt lat="25.7445523" lon="100.1583046"><ele>1968.4</ele><time>2026-10-02T23:58:47Z</time></trkpt>
      <trkpt lat="25.7445661" lon="100.1582889"><ele>1968.4</ele><time>2026-10-02T23:58:48Z</time></trkpt>
      <trkpt lat="25.7445801" lon="100.1582735"><ele>1968.4</ele><time>2026-10-02T23:58:49Z</time></trkpt>
      <trkpt lat="25.7445942" lon="100.1582587"><ele>1968.4</ele><time>2026-10-02T23:58:50Z</time></trkpt>
      <trkpt lat="25.7446080" lon="100.1582443"><ele>1968.4</ele><time>2026-10-02T23:58:51Z</time></trkpt>
      <trkpt lat="25.7446214" lon="100.1582294"><ele>1968.4</ele><time>2026-10-02T23:58:52Z</time></trkpt>
      <trkpt lat="25.7446351" lon="100.1582138"><ele>1968.5</ele><time>2026-10-02T23:58:53Z</time></trkpt>
      <trkpt lat="25.7446488" lon="100.1581980"><ele>1968.5</ele><time>2026-10-02T23:58:54Z</time></trkpt>
      <trkpt lat="25.7446620" lon="100.1581820"><ele>1968.5</ele><time>2026-10-02T23:58:55Z</time></trkpt>
      <trkpt lat="25.7446747" lon="100.1581663"><ele>1968.5</ele><time>2026-10-02T23:58:56Z</time></trkpt>
      <trkpt lat="25.7446870" lon="100.1581514"><ele>1968.5</ele><time>2026-10-02T23:58:57Z</time></trkpt>
      <trkpt lat="25.7446998" lon="100.1581369"><ele>1968.5</ele><time>2026-10-02T23:58:58Z</time></trkpt>
      <trkpt lat="25.7447131" lon="100.1581225"><ele>1968.6</ele><time>2026-10-02T23:58:59Z</time></trkpt>
      <trkpt lat="25.7447264" lon="100.1581084"><ele>1968.6</ele><time>2026-10-02T23:59:00Z</time></trkpt>
      <trkpt lat="25.7447399" lon="100.1580946"><ele>1968.6</ele><time>2026-10-02T23:59:01Z</time></trkpt>
      <trkpt lat="25.7447538" lon="100.1580804"><ele>1968.6</ele><time>2026-10-02T23:59:02Z</time></trkpt>
      <trkpt lat="25.7447682" lon="100.1580656"><ele>1968.6</ele><time>2026-10-02T23:59:03Z</time></trkpt>
      <trkpt lat="25.7447836" lon="100.1580509"><ele>1968.7</ele><time>2026-10-02T23:59:04Z</time></trkpt>
      <trkpt lat="25.7448000" lon="100.1580362"><ele>1968.7</ele><time>2026-10-02T23:59:05Z</time></trkpt>
      <trkpt lat="25.7448167" lon="100.1580216"><ele>1968.7</ele><time>2026-10-02T23:59:06Z</time></trkpt>
      <trkpt lat="25.7448333" lon="100.1580070"><ele>1968.8</ele><time>2026-10-02T23:59:07Z</time></trkpt>
      <trkpt lat="25.7448496" lon="100.1579925"><ele>1968.8</ele><time>2026-10-02T23:59:08Z</time></trkpt>
      <trkpt lat="25.7448652" lon="100.1579788"><ele>1968.8</ele><time>2026-10-02T23:59:09Z</time></trkpt>
      <trkpt lat="25.7448803" lon="100.1579651"><ele>1968.8</ele><time>2026-10-02T23:59:10Z</time></trkpt>
      <trkpt lat="25.7448958" lon="100.1579509"><ele>1968.8</ele><time>2026-10-02T23:59:11Z</time></trkpt>
      <trkpt lat="25.7449115" lon="100.1579362"><ele>1968.8</ele><time>2026-10-02T23:59:12Z</time></trkpt>
      <trkpt lat="25.7449269" lon="100.1579210"><ele>1968.9</ele><time>2026-10-02T23:59:13Z</time></trkpt>
      <trkpt lat="25.7449415" lon="100.1579055"><ele>1968.9</ele><time>2026-10-02T23:59:14Z</time></trkpt>
      <trkpt lat="25.7449556" lon="100.1578900"><ele>1968.9</ele><time>2026-10-02T23:59:15Z</time></trkpt>
      <trkpt lat="25.7449700" lon="100.1578745"><ele>1968.9</ele><time>2026-10-02T23:59:16Z</time></trkpt>
      <trkpt lat="25.7449849" lon="100.1578593"><ele>1968.9</ele><time>2026-10-02T23:59:17Z</time></trkpt>
      <trkpt lat="25.7450003" lon="100.1578442"><ele>1968.9</ele><time>2026-10-02T23:59:18Z</time></trkpt>
      <trkpt lat="25.7450164" lon="100.1578293"><ele>1968.9</ele><time>2026-10-02T23:59:19Z</time></trkpt>
      <trkpt lat="25.7450338" lon="100.1578157"><ele>1968.9</ele><time>2026-10-02T23:59:20Z</time></trkpt>
      <trkpt lat="25.7450528" lon="100.1578042"><ele>1968.9</ele><time>2026-10-02T23:59:21Z</time></trkpt>
      <trkpt lat="25.7450723" lon="100.1577949"><ele>1968.9</ele><time>2026-10-02T23:59:22Z</time></trkpt>
      <trkpt lat="25.7450911" lon="100.1577859"><ele>1968.9</ele><time>2026-10-02T23:59:23Z</time></trkpt>
      <trkpt lat="25.7451087" lon="100.1577754"><ele>1968.9</ele><time>2026-10-02T23:59:24Z</time></trkpt>
      <trkpt lat="25.7451255" lon="100.1577631"><ele>1968.9</ele><time>2026-10-02T23:59:25Z</time></trkpt>
      <trkpt lat="25.7451420" lon="100.1577492"><ele>1968.9</ele><time>2026-10-02T23:59:26Z</time></trkpt>
      <trkpt lat="25.7451588" lon="100.1577343"><ele>1968.9</ele><time>2026-10-02T23:59:27Z</time></trkpt>
      <trkpt lat="25.7451755" lon="100.1577193"><ele>1968.9</ele><time>2026-10-02T23:59:28Z</time></trkpt>
      <trkpt lat="25.7451908" lon="100.1577043"><ele>1968.9</ele><time>2026-10-02T23:59:29Z</time></trkpt>
      <trkpt lat="25.7452036" lon="100.1576893"><ele>1968.8</ele><time>2026-10-02T23:59:30Z</time></trkpt>
      <trkpt lat="25.7452161" lon="100.1576745"><ele>1968.8</ele><time>2026-10-02T23:59:31Z</time></trkpt>
      <trkpt lat="25.7452306" lon="100.1576596"><ele>1968.8</ele><time>2026-10-02T23:59:32Z</time></trkpt>
      <trkpt lat="25.7452464" lon="100.1576457"><ele>1968.8</ele><time>2026-10-02T23:59:33Z</time></trkpt>
      <trkpt lat="25.7452627" lon="100.1576332"><ele>1968.7</ele><time>2026-10-02T23:59:34Z</time></trkpt>
      <trkpt lat="25.7452799" lon="100.1576215"><ele>1968.7</ele><time>2026-10-02T23:59:35Z</time></trkpt>
      <trkpt lat="25.7452972" lon="100.1576108"><ele>1968.7</ele><time>2026-10-02T23:59:36Z</time></trkpt>
      <trkpt lat="25.7453148" lon="100.1576011"><ele>1968.6</ele><time>2026-10-02T23:59:37Z</time></trkpt>
      <trkpt lat="25.7453329" lon="100.1575922"><ele>1968.6</ele><time>2026-10-02T23:59:38Z</time></trkpt>
      <trkpt lat="25.7453512" lon="100.1575839"><ele>1968.6</ele><time>2026-10-02T23:59:39Z</time></trkpt>
      <trkpt lat="25.7453703" lon="100.1575766"><ele>1968.6</ele><time>2026-10-02T23:59:40Z</time></trkpt>
      <trkpt lat="25.7453898" lon="100.1575713"><ele>1968.6</ele><time>2026-10-02T23:59:41Z</time></trkpt>
      <trkpt lat="25.7454103" lon="100.1575673"><ele>1968.5</ele><time>2026-10-02T23:59:42Z</time></trkpt>
      <trkpt lat="25.7454318" lon="100.1575642"><ele>1968.5</ele><time>2026-10-02T23:59:43Z</time></trkpt>
      <trkpt lat="25.7454532" lon="100.1575629"><ele>1968.5</ele><time>2026-10-02T23:59:44Z</time></trkpt>
      <trkpt lat="25.7454745" lon="100.1575639"><ele>1968.5</ele><time>2026-10-02T23:59:45Z</time></trkpt>
      <trkpt lat="25.7454952" lon="100.1575669"><ele>1968.5</ele><time>2026-10-02T23:59:46Z</time></trkpt>
      <trkpt lat="25.7455153" lon="100.1575707"><ele>1968.4</ele><time>2026-10-02T23:59:47Z</time></trkpt>
      <trkpt lat="25.7455358" lon="100.1575750"><ele>1968.4</ele><time>2026-10-02T23:59:48Z</time></trkpt>
      <trkpt lat="25.7455567" lon="100.1575790"><ele>1968.4</ele><time>2026-10-02T23:59:49Z</time></trkpt>
      <trkpt lat="25.7455773" lon="100.1575819"><ele>1968.4</ele><time>2026-10-02T23:59:50Z</time></trkpt>
      <trkpt lat="25.7455981" lon="100.1575852"><ele>1968.4</ele><time>2026-10-02T23:59:51Z</time></trkpt>
      <trkpt lat="25.7456192" lon="100.1575891"><ele>1968.4</ele><time>2026-10-02T23:59:52Z</time></trkpt>
      <trkpt lat="25.7456407" lon="100.1575931"><ele>1968.3</ele><time>2026-10-02T23:59:53Z</time></trkpt>
      <trkpt lat="25.7456622" lon="100.1575966"><ele>1968.3</ele><time>2026-10-02T23:59:54Z</time></trkpt>
      <trkpt lat="25.7456832" lon="100.1575988"><ele>1968.3</ele><time>2026-10-02T23:59:55Z</time></trkpt>
      <trkpt lat="25.7457040" lon="100.1576003"><ele>1968.3</ele><time>2026-10-02T23:59:56Z</time></trkpt>
      <trkpt lat="25.7457248" lon="100.1576011"><ele>1968.3</ele><time>2026-10-02T23:59:57Z</time></trkpt>
      <trkpt lat="25.7457457" lon="100.1576013"><ele>1968.3</ele><time>2026-10-02T23:59:58Z</time></trkpt>
      <trkpt lat="25.7457669" lon="100.1576019"><ele>1968.3</ele><time>2026-10-02T23:59:59Z</time></trkpt>
      <trkpt lat="25.7457874" lon="100.1576032"><ele>1968.3</ele><time>2026-10-03T00:00:00Z</time></trkpt>
      <trkpt lat="25.7458074" lon="100.1576046"><ele>1968.3</ele><time>2026-10-03T00:00:01Z</time></trkpt>
      <trkpt lat="25.7458275" lon="100.1576058"><ele>1968.3</ele><time>2026-10-03T00:00:02Z</time></trkpt>
      <trkpt lat="25.7458477" lon="100.1576065"><ele>1968.3</ele><time>2026-10-03T00:00:03Z</time></trkpt>
      <trkpt lat="25.7458687" lon="100.1576067"><ele>1968.3</ele><time>2026-10-03T00:00:04Z</time></trkpt>
      <trkpt lat="25.7458899" lon="100.1576067"><ele>1968.3</ele><time>2026-10-03T00:00:05Z</time></trkpt>
      <trkpt lat="25.7459102" lon="100.1576058"><ele>1968.3</ele><time>2026-10-03T00:00:06Z</time></trkpt>
      <trkpt lat="25.7459310" lon="100.1576047"><ele>1968.3</ele><time>2026-10-03T00:00:07Z</time></trkpt>
      <trkpt lat="25.7459524" lon="100.1576035"><ele>1968.4</ele><time>2026-10-03T00:00:08Z</time></trkpt>
      <trkpt lat="25.7459731" lon="100.1576020"><ele>1968.4</ele><time>2026-10-03T00:00:09Z</time></trkpt>
      <trkpt lat="25.7459929" lon="100.1576007"><ele>1968.4</ele><time>2026-10-03T00:00:10Z</time></trkpt>
      <trkpt lat="25.7460118" lon="100.1575989"><ele>1968.4</ele><time>2026-10-03T00:00:11Z</time></trkpt>
      <trkpt lat="25.7460306" lon="100.1575961"><ele>1968.4</ele><time>2026-10-03T00:00:12Z</time></trkpt>
      <trkpt lat="25.7460504" lon="100.1575916"><ele>1968.4</ele><time>2026-10-03T00:00:13Z</time></trkpt>
      <trkpt lat="25.7460710" lon="100.1575856"><ele>1968.4</ele><time>2026-10-03T00:00:14Z</time></trkpt>
      <trkpt lat="25.7460923" lon="100.1575794"><ele>1968.4</ele><time>2026-10-03T00:00:15Z</time></trkpt>
      <trkpt lat="25.7461132" lon="100.1575728"><ele>1968.4</ele><time>2026-10-03T00:00:16Z</time></trkpt>
      <trkpt lat="25.7461329" lon="100.1575653"><ele>1968.4</ele><time>2026-10-03T00:00:17Z</time></trkpt>
      <trkpt lat="25.7461519" lon="100.1575575"><ele>1968.4</ele><time>2026-10-03T00:00:18Z</time></trkpt>
      <trkpt lat="25.7461702" lon="100.1575493"><ele>1968.4</ele><time>2026-10-03T00:00:19Z</time></trkpt>
      <trkpt lat="25.7461887" lon="100.1575408"><ele>1968.3</ele><time>2026-10-03T00:00:20Z</time></trkpt>
      <trkpt lat="25.7462079" lon="100.1575317"><ele>1968.3</ele><time>2026-10-03T00:00:21Z</time></trkpt>
      <trkpt lat="25.7462269" lon="100.1575218"><ele>1968.3</ele><time>2026-10-03T00:00:22Z</time></trkpt>
      <trkpt lat="25.7462446" lon="100.1575109"><ele>1968.3</ele><time>2026-10-03T00:00:23Z</time></trkpt>
      <trkpt lat="25.7462608" lon="100.1574994"><ele>1968.2</ele><time>2026-10-03T00:00:24Z</time></trkpt>
      <trkpt lat="25.7462756" lon="100.1574877"><ele>1968.2</ele><time>2026-10-03T00:00:25Z</time></trkpt>
      <trkpt lat="25.7462899" lon="100.1574756"><ele>1968.2</ele><time>2026-10-03T00:00:26Z</time></trkpt>
      <trkpt lat="25.7463038" lon="100.1574632"><ele>1968.2</ele><time>2026-10-03T00:00:27Z</time></trkpt>
      <trkpt lat="25.7463175" lon="100.1574507"><ele>1968.2</ele><time>2026-10-03T00:00:28Z</time></trkpt>
      <trkpt lat="25.7463316" lon="100.1574380"><ele>1968.2</ele><time>2026-10-03T00:00:29Z</time></trkpt>
      <trkpt lat="25.7463456" lon="100.1574254"><ele>1968.2</ele><time>2026-10-03T00:00:30Z</time></trkpt>
      <trkpt lat="25.7463595" lon="100.1574127"><ele>1968.2</ele><time>2026-10-03T00:00:31Z</time></trkpt>
      <trkpt lat="25.7463736" lon="100.1574000"><ele>1968.2</ele><time>2026-10-03T00:00:32Z</time></trkpt>
      <trkpt lat="25.7463873" lon="100.1573875"><ele>1968.2</ele><time>2026-10-03T00:00:33Z</time></trkpt>
      <trkpt lat="25.7464008" lon="100.1573749"><ele>1968.2</ele><time>2026-10-03T00:00:34Z</time></trkpt>
      <trkpt lat="25.7464146" lon="100.1573619"><ele>1968.2</ele><time>2026-10-03T00:00:35Z</time></trkpt>
      <trkpt lat="25.7464291" lon="100.1573483"><ele>1968.2</ele><time>2026-10-03T00:00:36Z</time></trkpt>
      <trkpt lat="25.7464441" lon="100.1573344"><ele>1968.2</ele><time>2026-10-03T00:00:37Z</time></trkpt>
      <trkpt lat="25.7464588" lon="100.1573206"><ele>1968.2</ele><time>2026-10-03T00:00:38Z</time></trkpt>
      <trkpt lat="25.7464737" lon="100.1573071"><ele>1968.2</ele><time>2026-10-03T00:00:39Z</time></trkpt>
      <trkpt lat="25.7464887" lon="100.1572937"><ele>1968.2</ele><time>2026-10-03T00:00:40Z</time></trkpt>
      <trkpt lat="25.7465033" lon="100.1572807"><ele>1968.2</ele><time>2026-10-03T00:00:41Z</time></trkpt>
      <trkpt lat="25.7465177" lon="100.1572671"><ele>1968.2</ele><time>2026-10-03T00:00:42Z</time></trkpt>
      <trkpt lat="25.7465320" lon="100.1572528"><ele>1968.2</ele><time>2026-10-03T00:00:43Z</time></trkpt>
      <trkpt lat="25.7465464" lon="100.1572381"><ele>1968.2</ele><time>2026-10-03T00:00:44Z</time></trkpt>
      <trkpt lat="25.7465611" lon="100.1572227"><ele>1968.2</ele><time>2026-10-03T00:00:45Z</time></trkpt>
      <trkpt lat="25.7465753" lon="100.1572065"><ele>1968.2</ele><time>2026-10-03T00:00:46Z</time></trkpt>
      <trkpt lat="25.7465899" lon="100.1571901"><ele>1968.1</ele><time>2026-10-03T00:00:47Z</time></trkpt>
      <trkpt lat="25.7466049" lon="100.1571742"><ele>1968.1</ele><time>2026-10-03T00:00:48Z</time></trkpt>
      <trkpt lat="25.7466201" lon="100.1571600"><ele>1968.1</ele><time>2026-10-03T00:00:49Z</time></trkpt>
      <trkpt lat="25.7466354" lon="100.1571479"><ele>1968.1</ele><time>2026-10-03T00:00:50Z</time></trkpt>
      <trkpt lat="25.7466512" lon="100.1571370"><ele>1968.2</ele><time>2026-10-03T00:00:51Z</time></trkpt>
      <trkpt lat="25.7466683" lon="100.1571255"><ele>1968.2</ele><time>2026-10-03T00:00:52Z</time></trkpt>
      <trkpt lat="25.7466857" lon="100.1571125"><ele>1968.2</ele><time>2026-10-03T00:00:53Z</time></trkpt>
      <trkpt lat="25.7467023" lon="100.1570983"><ele>1968.2</ele><time>2026-10-03T00:00:54Z</time></trkpt>
      <trkpt lat="25.7467181" lon="100.1570841"><ele>1968.2</ele><time>2026-10-03T00:00:55Z</time></trkpt>
      <trkpt lat="25.7467330" lon="100.1570699"><ele>1968.2</ele><time>2026-10-03T00:00:56Z</time></trkpt>
      <trkpt lat="25.7467474" lon="100.1570555"><ele>1968.2</ele><time>2026-10-03T00:00:57Z</time></trkpt>
      <trkpt lat="25.7467623" lon="100.1570405"><ele>1968.2</ele><time>2026-10-03T00:00:58Z</time></trkpt>
      <trkpt lat="25.7467779" lon="100.1570247"><ele>1968.2</ele><time>2026-10-03T00:00:59Z</time></trkpt>
      <trkpt lat="25.7467940" lon="100.1570079"><ele>1968.2</ele><time>2026-10-03T00:01:00Z</time></trkpt>
      <trkpt lat="25.7468106" lon="100.1569908"><ele>1968.2</ele><time>2026-10-03T00:01:01Z</time></trkpt>
      <trkpt lat="25.7468282" lon="100.1569740"><ele>1968.2</ele><time>2026-10-03T00:01:02Z</time></trkpt>
      <trkpt lat="25.7468481" lon="100.1569569"><ele>1968.2</ele><time>2026-10-03T00:01:03Z</time></trkpt>
      <trkpt lat="25.7468692" lon="100.1569392"><ele>1968.1</ele><time>2026-10-03T00:01:04Z</time></trkpt>
      <trkpt lat="25.7468899" lon="100.1569218"><ele>1968.1</ele><time>2026-10-03T00:01:05Z</time></trkpt>
      <trkpt lat="25.7469098" lon="100.1569054"><ele>1968.1</ele><time>2026-10-03T00:01:06Z</time></trkpt>
      <trkpt lat="25.7469298" lon="100.1568905"><ele>1968.1</ele><time>2026-10-03T00:01:07Z</time></trkpt>
      <trkpt lat="25.7469522" lon="100.1568781"><ele>1968.1</ele><time>2026-10-03T00:01:08Z</time></trkpt>
      <trkpt lat="25.7469773" lon="100.1568682"><ele>1968.1</ele><time>2026-10-03T00:01:09Z</time></trkpt>
      <trkpt lat="25.7470027" lon="100.1568604"><ele>1968.1</ele><time>2026-10-03T00:01:10Z</time></trkpt>
      <trkpt lat="25.7470274" lon="100.1568543"><ele>1968.1</ele><time>2026-10-03T00:01:11Z</time></trkpt>
      <trkpt lat="25.7470510" lon="100.1568491"><ele>1968.1</ele><time>2026-10-03T00:01:12Z</time></trkpt>
      <trkpt lat="25.7470738" lon="100.1568437"><ele>1968.1</ele><time>2026-10-03T00:01:13Z</time></trkpt>
      <trkpt lat="25.7470962" lon="100.1568378"><ele>1968.0</ele><time>2026-10-03T00:01:14Z</time></trkpt>
      <trkpt lat="25.7471191" lon="100.1568309"><ele>1968.0</ele><time>2026-10-03T00:01:15Z</time></trkpt>
      <trkpt lat="25.7471430" lon="100.1568229"><ele>1968.0</ele><time>2026-10-03T00:01:16Z</time></trkpt>
      <trkpt lat="25.7471665" lon="100.1568135"><ele>1968.0</ele><time>2026-10-03T00:01:17Z</time></trkpt>
      <trkpt lat="25.7471892" lon="100.1568031"><ele>1968.0</ele><time>2026-10-03T00:01:18Z</time></trkpt>
      <trkpt lat="25.7472124" lon="100.1567933"><ele>1968.0</ele><time>2026-10-03T00:01:19Z</time></trkpt>
      <trkpt lat="25.7472360" lon="100.1567844"><ele>1967.9</ele><time>2026-10-03T00:01:20Z</time></trkpt>
      <trkpt lat="25.7472582" lon="100.1567761"><ele>1967.9</ele><time>2026-10-03T00:01:21Z</time></trkpt>
      <trkpt lat="25.7472793" lon="100.1567688"><ele>1967.9</ele><time>2026-10-03T00:01:22Z</time></trkpt>
      <trkpt lat="25.7473002" lon="100.1567627"><ele>1967.9</ele><time>2026-10-03T00:01:23Z</time></trkpt>
      <trkpt lat="25.7473207" lon="100.1567578"><ele>1967.8</ele><time>2026-10-03T00:01:24Z</time></trkpt>
      <trkpt lat="25.7473406" lon="100.1567533"><ele>1967.8</ele><time>2026-10-03T00:01:25Z</time></trkpt>
      <trkpt lat="25.7473605" lon="100.1567492"><ele>1967.8</ele><time>2026-10-03T00:01:26Z</time></trkpt>
      <trkpt lat="25.7473809" lon="100.1567458"><ele>1967.7</ele><time>2026-10-03T00:01:27Z</time></trkpt>
      <trkpt lat="25.7474017" lon="100.1567426"><ele>1967.7</ele><time>2026-10-03T00:01:28Z</time></trkpt>
      <trkpt lat="25.7474230" lon="100.1567400"><ele>1967.7</ele><time>2026-10-03T00:01:29Z</time></trkpt>
      <trkpt lat="25.7474446" lon="100.1567390"><ele>1967.7</ele><time>2026-10-03T00:01:30Z</time></trkpt>
      <trkpt lat="25.7474658" lon="100.1567396"><ele>1967.6</ele><time>2026-10-03T00:01:31Z</time></trkpt>
      <trkpt lat="25.7474869" lon="100.1567417"><ele>1967.6</ele><time>2026-10-03T00:01:32Z</time></trkpt>
      <trkpt lat="25.7475075" lon="100.1567446"><ele>1967.6</ele><time>2026-10-03T00:01:33Z</time></trkpt>
      <trkpt lat="25.7475277" lon="100.1567470"><ele>1967.6</ele><time>2026-10-03T00:01:34Z</time></trkpt>
      <trkpt lat="25.7475483" lon="100.1567490"><ele>1967.6</ele><time>2026-10-03T00:01:35Z</time></trkpt>
      <trkpt lat="25.7475692" lon="100.1567510"><ele>1967.6</ele><time>2026-10-03T00:01:36Z</time></trkpt>
      <trkpt lat="25.7475902" lon="100.1567538"><ele>1967.6</ele><time>2026-10-03T00:01:37Z</time></trkpt>
      <trkpt lat="25.7476116" lon="100.1567577"><ele>1967.6</ele><time>2026-10-03T00:01:38Z</time></trkpt>
      <trkpt lat="25.7476338" lon="100.1567603"><ele>1967.6</ele><time>2026-10-03T00:01:39Z</time></trkpt>
      <trkpt lat="25.7476561" lon="100.1567600"><ele>1967.5</ele><time>2026-10-03T00:01:40Z</time></trkpt>
      <trkpt lat="25.7476769" lon="100.1567574"><ele>1967.5</ele><time>2026-10-03T00:01:41Z</time></trkpt>
      <trkpt lat="25.7476963" lon="100.1567535"><ele>1967.5</ele><time>2026-10-03T00:01:42Z</time></trkpt>
      <trkpt lat="25.7477154" lon="100.1567495"><ele>1967.5</ele><time>2026-10-03T00:01:43Z</time></trkpt>
      <trkpt lat="25.7477348" lon="100.1567454"><ele>1967.4</ele><time>2026-10-03T00:01:44Z</time></trkpt>
      <trkpt lat="25.7477548" lon="100.1567412"><ele>1967.4</ele><time>2026-10-03T00:01:45Z</time></trkpt>
      <trkpt lat="25.7477754" lon="100.1567373"><ele>1967.4</ele><time>2026-10-03T00:01:46Z</time></trkpt>
      <trkpt lat="25.7477962" lon="100.1567328"><ele>1967.4</ele><time>2026-10-03T00:01:47Z</time></trkpt>
      <trkpt lat="25.7478168" lon="100.1567275"><ele>1967.4</ele><time>2026-10-03T00:01:48Z</time></trkpt>
      <trkpt lat="25.7478375" lon="100.1567213"><ele>1967.4</ele><time>2026-10-03T00:01:49Z</time></trkpt>
      <trkpt lat="25.7478584" lon="100.1567141"><ele>1967.4</ele><time>2026-10-03T00:01:50Z</time></trkpt>
      <trkpt lat="25.7478791" lon="100.1567065"><ele>1967.4</ele><time>2026-10-03T00:01:51Z</time></trkpt>
      <trkpt lat="25.7478992" lon="100.1566989"><ele>1967.3</ele><time>2026-10-03T00:01:52Z</time></trkpt>
      <trkpt lat="25.7479188" lon="100.1566908"><ele>1967.3</ele><time>2026-10-03T00:01:53Z</time></trkpt>
      <trkpt lat="25.7479379" lon="100.1566822"><ele>1967.3</ele><time>2026-10-03T00:01:54Z</time></trkpt>
      <trkpt lat="25.7479572" lon="100.1566729"><ele>1967.2</ele><time>2026-10-03T00:01:55Z</time></trkpt>
      <trkpt lat="25.7479770" lon="100.1566632"><ele>1967.2</ele><time>2026-10-03T00:01:56Z</time></trkpt>
      <trkpt lat="25.7479966" lon="100.1566532"><ele>1967.2</ele><time>2026-10-03T00:01:57Z</time></trkpt>
      <trkpt lat="25.7480154" lon="100.1566423"><ele>1967.1</ele><time>2026-10-03T00:01:58Z</time></trkpt>
      <trkpt lat="25.7480322" lon="100.1566305"><ele>1967.1</ele><time>2026-10-03T00:01:59Z</time></trkpt>
      <trkpt lat="25.7480482" lon="100.1566169"><ele>1967.1</ele><time>2026-10-03T00:02:00Z</time></trkpt>
      <trkpt lat="25.7480647" lon="100.1566021"><ele>1967.1</ele><time>2026-10-03T00:02:01Z</time></trkpt>
      <trkpt lat="25.7480815" lon="100.1565878"><ele>1967.0</ele><time>2026-10-03T00:02:02Z</time></trkpt>
      <trkpt lat="25.7480987" lon="100.1565744"><ele>1967.0</ele><time>2026-10-03T00:02:03Z</time></trkpt>
      <trkpt lat="25.7481163" lon="100.1565616"><ele>1967.0</ele><time>2026-10-03T00:02:04Z</time></trkpt>
      <trkpt lat="25.7481341" lon="100.1565493"><ele>1967.0</ele><time>2026-10-03T00:02:05Z</time></trkpt>
      <trkpt lat="25.7481516" lon="100.1565367"><ele>1967.0</ele><time>2026-10-03T00:02:06Z</time></trkpt>
      <trkpt lat="25.7481677" lon="100.1565225"><ele>1967.0</ele><time>2026-10-03T00:02:07Z</time></trkpt>
      <trkpt lat="25.7481820" lon="100.1565062"><ele>1967.0</ele><time>2026-10-03T00:02:08Z</time></trkpt>
      <trkpt lat="25.7481950" lon="100.1564887"><ele>1967.0</ele><time>2026-10-03T00:02:09Z</time></trkpt>
      <trkpt lat="25.7482071" lon="100.1564710"><ele>1967.0</ele><time>2026-10-03T00:02:10Z</time></trkpt>
      <trkpt lat="25.7482200" lon="100.1564539"><ele>1967.0</ele><time>2026-10-03T00:02:11Z</time></trkpt>
      <trkpt lat="25.7482341" lon="100.1564365"><ele>1967.0</ele><time>2026-10-03T00:02:12Z</time></trkpt>
      <trkpt lat="25.7482481" lon="100.1564182"><ele>1967.0</ele><time>2026-10-03T00:02:13Z</time></trkpt>
      <trkpt lat="25.7482608" lon="100.1563997"><ele>1967.1</ele><time>2026-10-03T00:02:14Z</time></trkpt>
      <trkpt lat="25.7482721" lon="100.1563818"><ele>1967.1</ele><time>2026-10-03T00:02:15Z</time></trkpt>
      <trkpt lat="25.7482828" lon="100.1563638"><ele>1967.1</ele><time>2026-10-03T00:02:16Z</time></trkpt>
      <trkpt lat="25.7482935" lon="100.1563453"><ele>1967.1</ele><time>2026-10-03T00:02:17Z</time></trkpt>
      <trkpt lat="25.7483049" lon="100.1563260"><ele>1967.1</ele><time>2026-10-03T00:02:18Z</time></trkpt>
      <trkpt lat="25.7483182" lon="100.1563071"><ele>1967.1</ele><time>2026-10-03T00:02:19Z</time></trkpt>
      <trkpt lat="25.7483325" lon="100.1562894"><ele>1967.1</ele><time>2026-10-03T00:02:20Z</time></trkpt>
      <trkpt lat="25.7483471" lon="100.1562728"><ele>1967.1</ele><time>2026-10-03T00:02:21Z</time></trkpt>
      <trkpt lat="25.7483625" lon="100.1562572"><ele>1967.1</ele><time>2026-10-03T00:02:22Z</time></trkpt>
      <trkpt lat="25.7483784" lon="100.1562428"><ele>1967.1</ele><time>2026-10-03T00:02:23Z</time></trkpt>
      <trkpt lat="25.7483956" lon="100.1562284"><ele>1967.1</ele><time>2026-10-03T00:02:24Z</time></trkpt>
      <trkpt lat="25.7484141" lon="100.1562139"><ele>1967.1</ele><time>2026-10-03T00:02:25Z</time></trkpt>
      <trkpt lat="25.7484328" lon="100.1561997"><ele>1967.1</ele><time>2026-10-03T00:02:26Z</time></trkpt>
      <trkpt lat="25.7484508" lon="100.1561859"><ele>1967.1</ele><time>2026-10-03T00:02:27Z</time></trkpt>
      <trkpt lat="25.7484683" lon="100.1561722"><ele>1967.1</ele><time>2026-10-03T00:02:28Z</time></trkpt>
      <trkpt lat="25.7484860" lon="100.1561590"><ele>1967.1</ele><time>2026-10-03T00:02:29Z</time></trkpt>
      <trkpt lat="25.7485040" lon="100.1561461"><ele>1967.1</ele><time>2026-10-03T00:02:30Z</time></trkpt>
      <trkpt lat="25.7485219" lon="100.1561324"><ele>1967.1</ele><time>2026-10-03T00:02:31Z</time></trkpt>
      <trkpt lat="25.7485399" lon="100.1561184"><ele>1967.1</ele><time>2026-10-03T00:02:32Z</time></trkpt>
      <trkpt lat="25.7485582" lon="100.1561046"><ele>1967.2</ele><time>2026-10-03T00:02:33Z</time></trkpt>
      <trkpt lat="25.7485773" lon="100.1560910"><ele>1967.2</ele><time>2026-10-03T00:02:34Z</time></trkpt>
      <trkpt lat="25.7485968" lon="100.1560786"><ele>1967.2</ele><time>2026-10-03T00:02:35Z</time></trkpt>
      <trkpt lat="25.7486158" lon="100.1560666"><ele>1967.2</ele><time>2026-10-03T00:02:36Z</time></trkpt>
      <trkpt lat="25.7486343" lon="100.1560548"><ele>1967.2</ele><time>2026-10-03T00:02:37Z</time></trkpt>
      <trkpt lat="25.7486522" lon="100.1560428"><ele>1967.2</ele><time>2026-10-03T00:02:38Z</time></trkpt>
      <trkpt lat="25.7486693" lon="100.1560300"><ele>1967.2</ele><time>2026-10-03T00:02:39Z</time></trkpt>
      <trkpt lat="25.7486862" lon="100.1560175"><ele>1967.3</ele><time>2026-10-03T00:02:40Z</time></trkpt>
      <trkpt lat="25.7487025" lon="100.1560052"><ele>1967.3</ele><time>2026-10-03T00:02:41Z</time></trkpt>
      <trkpt lat="25.7487182" lon="100.1559923"><ele>1967.3</ele><time>2026-10-03T00:02:42Z</time></trkpt>
      <trkpt lat="25.7487344" lon="100.1559792"><ele>1967.3</ele><time>2026-10-03T00:02:43Z</time></trkpt>
      <trkpt lat="25.7487508" lon="100.1559661"><ele>1967.3</ele><time>2026-10-03T00:02:44Z</time></trkpt>
      <trkpt lat="25.7487666" lon="100.1559539"><ele>1967.3</ele><time>2026-10-03T00:02:45Z</time></trkpt>
      <trkpt lat="25.7487817" lon="100.1559419"><ele>1967.3</ele><time>2026-10-03T00:02:46Z</time></trkpt>
      <trkpt lat="25.7487966" lon="100.1559286"><ele>1967.3</ele><time>2026-10-03T00:02:47Z</time></trkpt>
      <trkpt lat="25.7488110" lon="100.1559147"><ele>1967.3</ele><time>2026-10-03T00:02:48Z</time></trkpt>
      <trkpt lat="25.7488238" lon="100.1559015"><ele>1967.3</ele><time>2026-10-03T00:02:49Z</time></trkpt>
      <trkpt lat="25.7488350" lon="100.1558885"><ele>1967.3</ele><time>2026-10-03T00:02:50Z</time></trkpt>
      <trkpt lat="25.7488455" lon="100.1558748"><ele>1967.3</ele><time>2026-10-03T00:02:51Z</time></trkpt>
      <trkpt lat="25.7488545" lon="100.1558596"><ele>1967.3</ele><time>2026-10-03T00:02:52Z</time></trkpt>
      <trkpt lat="25.7488614" lon="100.1558426"><ele>1967.3</ele><time>2026-10-03T00:02:53Z</time></trkpt>
      <trkpt lat="25.7488662" lon="100.1558252"><ele>1967.3</ele><time>2026-10-03T00:02:54Z</time></trkpt>
      <trkpt lat="25.7488691" lon="100.1558080"><ele>1967.3</ele><time>2026-10-03T00:02:55Z</time></trkpt>
      <trkpt lat="25.7488699" lon="100.1557908"><ele>1967.3</ele><time>2026-10-03T00:02:56Z</time></trkpt>
      <trkpt lat="25.7488678" lon="100.1557745"><ele>1967.3</ele><time>2026-10-03T00:02:57Z</time></trkpt>
      <trkpt lat="25.7488622" lon="100.1557595"><ele>1967.3</ele><time>2026-10-03T00:02:58Z</time></trkpt>
      <trkpt lat="25.7488545" lon="100.1557457"><ele>1967.4</ele><time>2026-10-03T00:02:59Z</time></trkpt>
      <trkpt lat="25.7488462" lon="100.1557318"><ele>1967.4</ele><time>2026-10-03T00:03:00Z</time></trkpt>
      <trkpt lat="25.7488382" lon="100.1557161"><ele>1967.5</ele><time>2026-10-03T00:03:01Z</time></trkpt>
      <trkpt lat="25.7488316" lon="100.1556990"><ele>1967.5</ele><time>2026-10-03T00:03:02Z</time></trkpt>
      <trkpt lat="25.7488263" lon="100.1556822"><ele>1967.6</ele><time>2026-10-03T00:03:03Z</time></trkpt>
      <trkpt lat="25.7488217" lon="100.1556669"><ele>1967.6</ele><time>2026-10-03T00:03:04Z</time></trkpt>
      <trkpt lat="25.7488169" lon="100.1556524"><ele>1967.6</ele><time>2026-10-03T00:03:05Z</time></trkpt>
      <trkpt lat="25.7488106" lon="100.1556365"><ele>1967.7</ele><time>2026-10-03T00:03:06Z</time></trkpt>
      <trkpt lat="25.7488024" lon="100.1556198"><ele>1967.7</ele><time>2026-10-03T00:03:07Z</time></trkpt>
      <trkpt lat="25.7487932" lon="100.1556034"><ele>1967.7</ele><time>2026-10-03T00:03:08Z</time></trkpt>
      <trkpt lat="25.7487842" lon="100.1555859"><ele>1967.7</ele><time>2026-10-03T00:03:09Z</time></trkpt>
      <trkpt lat="25.7487770" lon="100.1555665"><ele>1967.7</ele><time>2026-10-03T00:03:10Z</time></trkpt>
      <trkpt lat="25.7487733" lon="100.1555453"><ele>1967.7</ele><time>2026-10-03T00:03:11Z</time></trkpt>
      <trkpt lat="25.7487738" lon="100.1555224"><ele>1967.7</ele><time>2026-10-03T00:03:12Z</time></trkpt>
      <trkpt lat="25.7487772" lon="100.1554992"><ele>1967.6</ele><time>2026-10-03T00:03:13Z</time></trkpt>
      <trkpt lat="25.7487815" lon="100.1554763"><ele>1967.6</ele><time>2026-10-03T00:03:14Z</time></trkpt>
      <trkpt lat="25.7487861" lon="100.1554536"><ele>1967.6</ele><time>2026-10-03T00:03:15Z</time></trkpt>
      <trkpt lat="25.7487913" lon="100.1554313"><ele>1967.5</ele><time>2026-10-03T00:03:16Z</time></trkpt>
      <trkpt lat="25.7487973" lon="100.1554082"><ele>1967.5</ele><time>2026-10-03T00:03:17Z</time></trkpt>
      <trkpt lat="25.7488046" lon="100.1553840"><ele>1967.5</ele><time>2026-10-03T00:03:18Z</time></trkpt>
      <trkpt lat="25.7488131" lon="100.1553602"><ele>1967.5</ele><time>2026-10-03T00:03:19Z</time></trkpt>
      <trkpt lat="25.7488234" lon="100.1553369"><ele>1967.5</ele><time>2026-10-03T00:03:20Z</time></trkpt>
      <trkpt lat="25.7488354" lon="100.1553152"><ele>1967.5</ele><time>2026-10-03T00:03:21Z</time></trkpt>
      <trkpt lat="25.7488490" lon="100.1552955"><ele>1967.5</ele><time>2026-10-03T00:03:22Z</time></trkpt>
      <trkpt lat="25.7488641" lon="100.1552768"><ele>1967.5</ele><time>2026-10-03T00:03:23Z</time></trkpt>
      <trkpt lat="25.7488800" lon="100.1552589"><ele>1967.5</ele><time>2026-10-03T00:03:24Z</time></trkpt>
      <trkpt lat="25.7488960" lon="100.1552412"><ele>1967.5</ele><time>2026-10-03T00:03:25Z</time></trkpt>
      <trkpt lat="25.7489121" lon="100.1552236"><ele>1967.5</ele><time>2026-10-03T00:03:26Z</time></trkpt>
      <trkpt lat="25.7489277" lon="100.1552063"><ele>1967.6</ele><time>2026-10-03T00:03:27Z</time></trkpt>
      <trkpt lat="25.7489428" lon="100.1551891"><ele>1967.6</ele><time>2026-10-03T00:03:28Z</time></trkpt>
      <trkpt lat="25.7489572" lon="100.1551726"><ele>1967.6</ele><time>2026-10-03T00:03:29Z</time></trkpt>
      <trkpt lat="25.7489703" lon="100.1551566"><ele>1967.6</ele><time>2026-10-03T00:03:30Z</time></trkpt>
      <trkpt lat="25.7489822" lon="100.1551396"><ele>1967.6</ele><time>2026-10-03T00:03:31Z</time></trkpt>
      <trkpt lat="25.7489925" lon="100.1551217"><ele>1967.6</ele><time>2026-10-03T00:03:32Z</time></trkpt>
      <trkpt lat="25.7490011" lon="100.1551031"><ele>1967.6</ele><time>2026-10-03T00:03:33Z</time></trkpt>
      <trkpt lat="25.7490080" lon="100.1550846"><ele>1967.6</ele><time>2026-10-03T00:03:34Z</time></trkpt>
      <trkpt lat="25.7490126" lon="100.1550669"><ele>1967.6</ele><time>2026-10-03T00:03:35Z</time></trkpt>
      <trkpt lat="25.7490153" lon="100.1550492"><ele>1967.6</ele><time>2026-10-03T00:03:36Z</time></trkpt>
      <trkpt lat="25.7490162" lon="100.1550318"><ele>1967.6</ele><time>2026-10-03T00:03:37Z</time></trkpt>
      <trkpt lat="25.7490152" lon="100.1550149"><ele>1967.6</ele><time>2026-10-03T00:03:38Z</time></trkpt>
      <trkpt lat="25.7490122" lon="100.1549978"><ele>1967.6</ele><time>2026-10-03T00:03:39Z</time></trkpt>
      <trkpt lat="25.7490075" lon="100.1549819"><ele>1967.6</ele><time>2026-10-03T00:03:40Z</time></trkpt>
      <trkpt lat="25.7490018" lon="100.1549673"><ele>1967.6</ele><time>2026-10-03T00:03:41Z</time></trkpt>
      <trkpt lat="25.7489963" lon="100.1549530"><ele>1967.6</ele><time>2026-10-03T00:03:42Z</time></trkpt>
      <trkpt lat="25.7489922" lon="100.1549375"><ele>1967.6</ele><time>2026-10-03T00:03:43Z</time></trkpt>
      <trkpt lat="25.7489899" lon="100.1549193"><ele>1967.6</ele><time>2026-10-03T00:03:44Z</time></trkpt>
      <trkpt lat="25.7489900" lon="100.1548995"><ele>1967.6</ele><time>2026-10-03T00:03:45Z</time></trkpt>
      <trkpt lat="25.7489940" lon="100.1548798"><ele>1967.6</ele><time>2026-10-03T00:03:46Z</time></trkpt>
      <trkpt lat="25.7490026" lon="100.1548600"><ele>1967.6</ele><time>2026-10-03T00:03:47Z</time></trkpt>
      <trkpt lat="25.7490154" lon="100.1548410"><ele>1967.7</ele><time>2026-10-03T00:03:48Z</time></trkpt>
      <trkpt lat="25.7490308" lon="100.1548234"><ele>1967.7</ele><time>2026-10-03T00:03:49Z</time></trkpt>
      <trkpt lat="25.7490474" lon="100.1548069"><ele>1967.6</ele><time>2026-10-03T00:03:50Z</time></trkpt>
      <trkpt lat="25.7490641" lon="100.1547912"><ele>1967.6</ele><time>2026-10-03T00:03:51Z</time></trkpt>
      <trkpt lat="25.7490810" lon="100.1547757"><ele>1967.6</ele><time>2026-10-03T00:03:52Z</time></trkpt>
      <trkpt lat="25.7490987" lon="100.1547610"><ele>1967.6</ele><time>2026-10-03T00:03:53Z</time></trkpt>
      <trkpt lat="25.7491167" lon="100.1547474"><ele>1967.6</ele><time>2026-10-03T00:03:54Z</time></trkpt>
      <trkpt lat="25.7491344" lon="100.1547343"><ele>1967.6</ele><time>2026-10-03T00:03:55Z</time></trkpt>
      <trkpt lat="25.7491514" lon="100.1547215"><ele>1967.5</ele><time>2026-10-03T00:03:56Z</time></trkpt>
      <trkpt lat="25.7491677" lon="100.1547090"><ele>1967.5</ele><time>2026-10-03T00:03:57Z</time></trkpt>
      <trkpt lat="25.7491840" lon="100.1546960"><ele>1967.5</ele><time>2026-10-03T00:03:58Z</time></trkpt>
      <trkpt lat="25.7491999" lon="100.1546823"><ele>1967.5</ele><time>2026-10-03T00:03:59Z</time></trkpt>
      <trkpt lat="25.7492149" lon="100.1546686"><ele>1967.5</ele><time>2026-10-03T00:04:00Z</time></trkpt>
      <trkpt lat="25.7492301" lon="100.1546554"><ele>1967.5</ele><time>2026-10-03T00:04:01Z</time></trkpt>
      <trkpt lat="25.7492459" lon="100.1546423"><ele>1967.5</ele><time>2026-10-03T00:04:02Z</time></trkpt>
      <trkpt lat="25.7492623" lon="100.1546292"><ele>1967.4</ele><time>2026-10-03T00:04:03Z</time></trkpt>
      <trkpt lat="25.7492790" lon="100.1546160"><ele>1967.4</ele><time>2026-10-03T00:04:04Z</time></trkpt>
      <trkpt lat="25.7492955" lon="100.1546026"><ele>1967.4</ele><time>2026-10-03T00:04:05Z</time></trkpt>
      <trkpt lat="25.7493117" lon="100.1545889"><ele>1967.4</ele><time>2026-10-03T00:04:06Z</time></trkpt>
      <trkpt lat="25.7493275" lon="100.1545751"><ele>1967.4</ele><time>2026-10-03T00:04:07Z</time></trkpt>
      <trkpt lat="25.7493440" lon="100.1545620"><ele>1967.4</ele><time>2026-10-03T00:04:08Z</time></trkpt>
      <trkpt lat="25.7493620" lon="100.1545499"><ele>1967.4</ele><time>2026-10-03T00:04:09Z</time></trkpt>
      <trkpt lat="25.7493809" lon="100.1545398"><ele>1967.4</ele><time>2026-10-03T00:04:10Z</time></trkpt>
      <trkpt lat="25.7494008" lon="100.1545320"><ele>1967.4</ele><time>2026-10-03T00:04:11Z</time></trkpt>
      <trkpt lat="25.7494218" lon="100.1545273"><ele>1967.4</ele><time>2026-10-03T00:04:12Z</time></trkpt>
      <trkpt lat="25.7494430" lon="100.1545262"><ele>1967.4</ele><time>2026-10-03T00:04:13Z</time></trkpt>
      <trkpt lat="25.7494644" lon="100.1545296"><ele>1967.4</ele><time>2026-10-03T00:04:14Z</time></trkpt>
      <trkpt lat="25.7494852" lon="100.1545385"><ele>1967.4</ele><time>2026-10-03T00:04:15Z</time></trkpt>
      <trkpt lat="25.7495044" lon="100.1545522"><ele>1967.4</ele><time>2026-10-03T00:04:16Z</time></trkpt>
      <trkpt lat="25.7495220" lon="100.1545698"><ele>1967.4</ele><time>2026-10-03T00:04:17Z</time></trkpt>
      <trkpt lat="25.7495387" lon="100.1545891"><ele>1967.5</ele><time>2026-10-03T00:04:18Z</time></trkpt>
      <trkpt lat="25.7495549" lon="100.1546094"><ele>1967.5</ele><time>2026-10-03T00:04:19Z</time></trkpt>
      <trkpt lat="25.7495709" lon="100.1546303"><ele>1967.5</ele><time>2026-10-03T00:04:20Z</time></trkpt>
      <trkpt lat="25.7495863" lon="100.1546500"><ele>1967.5</ele><time>2026-10-03T00:04:21Z</time></trkpt>
      <trkpt lat="25.7496013" lon="100.1546679"><ele>1967.5</ele><time>2026-10-03T00:04:22Z</time></trkpt>
      <trkpt lat="25.7496167" lon="100.1546843"><ele>1967.5</ele><time>2026-10-03T00:04:23Z</time></trkpt>
      <trkpt lat="25.7496331" lon="100.1546989"><ele>1967.5</ele><time>2026-10-03T00:04:24Z</time></trkpt>
      <trkpt lat="25.7496509" lon="100.1547122"><ele>1967.5</ele><time>2026-10-03T00:04:25Z</time></trkpt>
      <trkpt lat="25.7496694" lon="100.1547233"><ele>1967.4</ele><time>2026-10-03T00:04:26Z</time></trkpt>
      <trkpt lat="25.7496885" lon="100.1547315"><ele>1967.4</ele><time>2026-10-03T00:04:27Z</time></trkpt>
      <trkpt lat="25.7497076" lon="100.1547369"><ele>1967.4</ele><time>2026-10-03T00:04:28Z</time></trkpt>
      <trkpt lat="25.7497257" lon="100.1547395"><ele>1967.4</ele><time>2026-10-03T00:04:29Z</time></trkpt>
      <trkpt lat="25.7497432" lon="100.1547401"><ele>1967.4</ele><time>2026-10-03T00:04:30Z</time></trkpt>
      <trkpt lat="25.7497602" lon="100.1547380"><ele>1967.4</ele><time>2026-10-03T00:04:31Z</time></trkpt>
      <trkpt lat="25.7497767" lon="100.1547322"><ele>1967.4</ele><time>2026-10-03T00:04:32Z</time></trkpt>
      <trkpt lat="25.7497929" lon="100.1547238"><ele>1967.4</ele><time>2026-10-03T00:04:33Z</time></trkpt>
      <trkpt lat="25.7498077" lon="100.1547132"><ele>1967.4</ele><time>2026-10-03T00:04:34Z</time></trkpt>
      <trkpt lat="25.7498214" lon="100.1547001"><ele>1967.4</ele><time>2026-10-03T00:04:35Z</time></trkpt>
      <trkpt lat="25.7498346" lon="100.1546853"><ele>1967.4</ele><time>2026-10-03T00:04:36Z</time></trkpt>
      <trkpt lat="25.7498470" lon="100.1546695"><ele>1967.5</ele><time>2026-10-03T00:04:37Z</time></trkpt>
      <trkpt lat="25.7498589" lon="100.1546528"><ele>1967.5</ele><time>2026-10-03T00:04:38Z</time></trkpt>
      <trkpt lat="25.7498705" lon="100.1546345"><ele>1967.5</ele><time>2026-10-03T00:04:39Z</time></trkpt>
      <trkpt lat="25.7498805" lon="100.1546141"><ele>1967.5</ele><time>2026-10-03T00:04:40Z</time></trkpt>
      <trkpt lat="25.7498887" lon="100.1545927"><ele>1967.6</ele><time>2026-10-03T00:04:41Z</time></trkpt>
      <trkpt lat="25.7498953" lon="100.1545715"><ele>1967.6</ele><time>2026-10-03T00:04:42Z</time></trkpt>
      <trkpt lat="25.7499012" lon="100.1545507"><ele>1967.6</ele><time>2026-10-03T00:04:43Z</time></trkpt>
      <trkpt lat="25.7499072" lon="100.1545298"><ele>1967.6</ele><time>2026-10-03T00:04:44Z</time></trkpt>
      <trkpt lat="25.7499145" lon="100.1545085"><ele>1967.6</ele><time>2026-10-03T00:04:45Z</time></trkpt>
      <trkpt lat="25.7499242" lon="100.1544875"><ele>1967.7</ele><time>2026-10-03T00:04:46Z</time></trkpt>
      <trkpt lat="25.7499368" lon="100.1544671"><ele>1967.7</ele><time>2026-10-03T00:04:47Z</time></trkpt>
      <trkpt lat="25.7499522" lon="100.1544468"><ele>1967.7</ele><time>2026-10-03T00:04:48Z</time></trkpt>
      <trkpt lat="25.7499699" lon="100.1544268"><ele>1967.7</ele><time>2026-10-03T00:04:49Z</time></trkpt>
      <trkpt lat="25.7499891" lon="100.1544076"><ele>1967.7</ele><time>2026-10-03T00:04:50Z</time></trkpt>
      <trkpt lat="25.7500080" lon="100.1543896"><ele>1967.7</ele><time>2026-10-03T00:04:51Z</time></trkpt>
      <trkpt lat="25.7500259" lon="100.1543720"><ele>1967.7</ele><time>2026-10-03T00:04:52Z</time></trkpt>
      <trkpt lat="25.7500432" lon="100.1543534"><ele>1967.7</ele><time>2026-10-03T00:04:53Z</time></trkpt>
      <trkpt lat="25.7500596" lon="100.1543345"><ele>1967.7</ele><time>2026-10-03T00:04:54Z</time></trkpt>
      <trkpt lat="25.7500759" lon="100.1543166"><ele>1967.7</ele><time>2026-10-03T00:04:55Z</time></trkpt>
      <trkpt lat="25.7500918" lon="100.1543001"><ele>1967.8</ele><time>2026-10-03T00:04:56Z</time></trkpt>
      <trkpt lat="25.7501074" lon="100.1542848"><ele>1967.8</ele><time>2026-10-03T00:04:57Z</time></trkpt>
      <trkpt lat="25.7501245" lon="100.1542704"><ele>1967.8</ele><time>2026-10-03T00:04:58Z</time></trkpt>
      <trkpt lat="25.7501424" lon="100.1542564"><ele>1967.8</ele><time>2026-10-03T00:04:59Z</time></trkpt>
      <trkpt lat="25.7501602" lon="100.1542424"><ele>1967.8</ele><time>2026-10-03T00:05:00Z</time></trkpt>
      <trkpt lat="25.7501782" lon="100.1542285"><ele>1967.8</ele><time>2026-10-03T00:05:01Z</time></trkpt>
      <trkpt lat="25.7501956" lon="100.1542148"><ele>1967.8</ele><time>2026-10-03T00:05:02Z</time></trkpt>
      <trkpt lat="25.7502124" lon="100.1542018"><ele>1967.8</ele><time>2026-10-03T00:05:03Z</time></trkpt>
      <trkpt lat="25.7502290" lon="100.1541892"><ele>1967.8</ele><time>2026-10-03T00:05:04Z</time></trkpt>
      <trkpt lat="25.7502454" lon="100.1541759"><ele>1967.8</ele><time>2026-10-03T00:05:05Z</time></trkpt>
      <trkpt lat="25.7502611" lon="100.1541618"><ele>1967.8</ele><time>2026-10-03T00:05:06Z</time></trkpt>
      <trkpt lat="25.7502762" lon="100.1541469"><ele>1967.8</ele><time>2026-10-03T00:05:07Z</time></trkpt>
      <trkpt lat="25.7502914" lon="100.1541310"><ele>1967.8</ele><time>2026-10-03T00:05:08Z</time></trkpt>
      <trkpt lat="25.7503064" lon="100.1541145"><ele>1967.8</ele><time>2026-10-03T00:05:09Z</time></trkpt>
      <trkpt lat="25.7503206" lon="100.1540978"><ele>1967.8</ele><time>2026-10-03T00:05:10Z</time></trkpt>
      <trkpt lat="25.7503344" lon="100.1540810"><ele>1967.8</ele><time>2026-10-03T00:05:11Z</time></trkpt>
      <trkpt lat="25.7503474" lon="100.1540648"><ele>1967.9</ele><time>2026-10-03T00:05:12Z</time></trkpt>
      <trkpt lat="25.7503590" lon="100.1540488"><ele>1967.9</ele><time>2026-10-03T00:05:13Z</time></trkpt>
      <trkpt lat="25.7503699" lon="100.1540323"><ele>1967.9</ele><time>2026-10-03T00:05:14Z</time></trkpt>
      <trkpt lat="25.7503799" lon="100.1540152"><ele>1967.9</ele><time>2026-10-03T00:05:15Z</time></trkpt>
      <trkpt lat="25.7503888" lon="100.1539972"><ele>1967.9</ele><time>2026-10-03T00:05:16Z</time></trkpt>
      <trkpt lat="25.7503974" lon="100.1539780"><ele>1968.0</ele><time>2026-10-03T00:05:17Z</time></trkpt>
      <trkpt lat="25.7504053" lon="100.1539585"><ele>1968.0</ele><time>2026-10-03T00:05:18Z</time></trkpt>
      <trkpt lat="25.7504128" lon="100.1539390"><ele>1968.0</ele><time>2026-10-03T00:05:19Z</time></trkpt>
      <trkpt lat="25.7504208" lon="100.1539197"><ele>1968.0</ele><time>2026-10-03T00:05:20Z</time></trkpt>
      <trkpt lat="25.7504292" lon="100.1539005"><ele>1968.0</ele><time>2026-10-03T00:05:21Z</time></trkpt>
      <trkpt lat="25.7504379" lon="100.1538813"><ele>1968.0</ele><time>2026-10-03T00:05:22Z</time></trkpt>
      <trkpt lat="25.7504460" lon="100.1538622"><ele>1968.0</ele><time>2026-10-03T00:05:23Z</time></trkpt>
      <trkpt lat="25.7504536" lon="100.1538437"><ele>1968.0</ele><time>2026-10-03T00:05:24Z</time></trkpt>
      <trkpt lat="25.7504618" lon="100.1538261"><ele>1968.0</ele><time>2026-10-03T00:05:25Z</time></trkpt>
      <trkpt lat="25.7504704" lon="100.1538097"><ele>1968.0</ele><time>2026-10-03T00:05:26Z</time></trkpt>
      <trkpt lat="25.7504788" lon="100.1537945"><ele>1968.0</ele><time>2026-10-03T00:05:27Z</time></trkpt>
      <trkpt lat="25.7504870" lon="100.1537810"><ele>1968.0</ele><time>2026-10-03T00:05:28Z</time></trkpt>
      <trkpt lat="25.7504941" lon="100.1537693"><ele>1967.9</ele><time>2026-10-03T00:05:29Z</time></trkpt>
      <trkpt lat="25.7505006" lon="100.1537588"><ele>1967.9</ele><time>2026-10-03T00:05:30Z</time></trkpt>
      <trkpt lat="25.7505075" lon="100.1537471"><ele>1967.9</ele><time>2026-10-03T00:05:31Z</time></trkpt>
      <trkpt lat="25.7505149" lon="100.1537327"><ele>1967.9</ele><time>2026-10-03T00:05:32Z</time></trkpt>
      <trkpt lat="25.7505214" lon="100.1537174"><ele>1967.8</ele><time>2026-10-03T00:05:33Z</time></trkpt>
      <trkpt lat="25.7505259" lon="100.1537042"><ele>1967.8</ele><time>2026-10-03T00:05:34Z</time></trkpt>
      <trkpt lat="25.7505289" lon="100.1536941"><ele>1967.8</ele><time>2026-10-03T00:05:35Z</time></trkpt>
      <trkpt lat="25.7505313" lon="100.1536859"><ele>1967.7</ele><time>2026-10-03T00:05:36Z</time></trkpt>
      <trkpt lat="25.7505332" lon="100.1536770"><ele>1967.7</ele><time>2026-10-03T00:05:37Z</time></trkpt>
      <trkpt lat="25.7505340" lon="100.1536662"><ele>1967.7</ele><time>2026-10-03T00:05:38Z</time></trkpt>
      <trkpt lat="25.7505340" lon="100.1536534"><ele>1967.7</ele><time>2026-10-03T00:05:39Z</time></trkpt>
      <trkpt lat="25.7505333" lon="100.1536388"><ele>1967.7</ele><time>2026-10-03T00:05:40Z</time></trkpt>
      <trkpt lat="25.7505319" lon="100.1536228"><ele>1967.7</ele><time>2026-10-03T00:05:41Z</time></trkpt>
      <trkpt lat="25.7505304" lon="100.1536063"><ele>1967.6</ele><time>2026-10-03T00:05:42Z</time></trkpt>
      <trkpt lat="25.7505296" lon="100.1535890"><ele>1967.6</ele><time>2026-10-03T00:05:43Z</time></trkpt>
      <trkpt lat="25.7505297" lon="100.1535704"><ele>1967.6</ele><time>2026-10-03T00:05:44Z</time></trkpt>
      <trkpt lat="25.7505307" lon="100.1535530"><ele>1967.7</ele><time>2026-10-03T00:05:45Z</time></trkpt>
      <trkpt lat="25.7505312" lon="100.1535374"><ele>1967.7</ele><time>2026-10-03T00:05:46Z</time></trkpt>
      <trkpt lat="25.7505306" lon="100.1535214"><ele>1967.7</ele><time>2026-10-03T00:05:47Z</time></trkpt>
      <trkpt lat="25.7505301" lon="100.1535057"><ele>1967.7</ele><time>2026-10-03T00:05:48Z</time></trkpt>
      <trkpt lat="25.7505298" lon="100.1534890"><ele>1967.7</ele><time>2026-10-03T00:05:49Z</time></trkpt>
      <trkpt lat="25.7505290" lon="100.1534709"><ele>1967.7</ele><time>2026-10-03T00:05:50Z</time></trkpt>
      <trkpt lat="25.7505277" lon="100.1534508"><ele>1967.7</ele><time>2026-10-03T00:05:51Z</time></trkpt>
      <trkpt lat="25.7505266" lon="100.1534284"><ele>1967.7</ele><time>2026-10-03T00:05:52Z</time></trkpt>
      <trkpt lat="25.7505267" lon="100.1534057"><ele>1967.7</ele><time>2026-10-03T00:05:53Z</time></trkpt>
      <trkpt lat="25.7505275" lon="100.1533834"><ele>1967.7</ele><time>2026-10-03T00:05:54Z</time></trkpt>
      <trkpt lat="25.7505282" lon="100.1533622"><ele>1967.7</ele><time>2026-10-03T00:05:55Z</time></trkpt>
      <trkpt lat="25.7505284" lon="100.1533421"><ele>1967.7</ele><time>2026-10-03T00:05:56Z</time></trkpt>
      <trkpt lat="25.7505285" lon="100.1533227"><ele>1967.7</ele><time>2026-10-03T00:05:57Z</time></trkpt>
      <trkpt lat="25.7505291" lon="100.1533034"><ele>1967.7</ele><time>2026-10-03T00:05:58Z</time></trkpt>
      <trkpt lat="25.7505313" lon="100.1532838"><ele>1967.7</ele><time>2026-10-03T00:05:59Z</time></trkpt>
      <trkpt lat="25.7505345" lon="100.1532646"><ele>1967.7</ele><time>2026-10-03T00:06:00Z</time></trkpt>
      <trkpt lat="25.7505380" lon="100.1532467"><ele>1967.7</ele><time>2026-10-03T00:06:01Z</time></trkpt>
      <trkpt lat="25.7505415" lon="100.1532298"><ele>1967.7</ele><time>2026-10-03T00:06:02Z</time></trkpt>
      <trkpt lat="25.7505440" lon="100.1532131"><ele>1967.7</ele><time>2026-10-03T00:06:03Z</time></trkpt>
      <trkpt lat="25.7505454" lon="100.1531960"><ele>1967.8</ele><time>2026-10-03T00:06:04Z</time></trkpt>
      <trkpt lat="25.7505471" lon="100.1531785"><ele>1967.8</ele><time>2026-10-03T00:06:05Z</time></trkpt>
      <trkpt lat="25.7505493" lon="100.1531607"><ele>1967.8</ele><time>2026-10-03T00:06:06Z</time></trkpt>
      <trkpt lat="25.7505516" lon="100.1531424"><ele>1967.8</ele><time>2026-10-03T00:06:07Z</time></trkpt>
      <trkpt lat="25.7505537" lon="100.1531239"><ele>1967.8</ele><time>2026-10-03T00:06:08Z</time></trkpt>
      <trkpt lat="25.7505568" lon="100.1531050"><ele>1967.8</ele><time>2026-10-03T00:06:09Z</time></trkpt>
      <trkpt lat="25.7505610" lon="100.1530856"><ele>1967.8</ele><time>2026-10-03T00:06:10Z</time></trkpt>
      <trkpt lat="25.7505658" lon="100.1530665"><ele>1967.8</ele><time>2026-10-03T00:06:11Z</time></trkpt>
      <trkpt lat="25.7505716" lon="100.1530478"><ele>1967.8</ele><time>2026-10-03T00:06:12Z</time></trkpt>
      <trkpt lat="25.7505786" lon="100.1530292"><ele>1967.8</ele><time>2026-10-03T00:06:13Z</time></trkpt>
      <trkpt lat="25.7505866" lon="100.1530107"><ele>1967.8</ele><time>2026-10-03T00:06:14Z</time></trkpt>
      <trkpt lat="25.7505950" lon="100.1529925"><ele>1967.8</ele><time>2026-10-03T00:06:15Z</time></trkpt>
      <trkpt lat="25.7506033" lon="100.1529753"><ele>1967.8</ele><time>2026-10-03T00:06:16Z</time></trkpt>
      <trkpt lat="25.7506115" lon="100.1529587"><ele>1967.8</ele><time>2026-10-03T00:06:17Z</time></trkpt>
      <trkpt lat="25.7506201" lon="100.1529421"><ele>1967.8</ele><time>2026-10-03T00:06:18Z</time></trkpt>
      <trkpt lat="25.7506294" lon="100.1529256"><ele>1967.8</ele><time>2026-10-03T00:06:19Z</time></trkpt>
      <trkpt lat="25.7506398" lon="100.1529091"><ele>1967.8</ele><time>2026-10-03T00:06:20Z</time></trkpt>
      <trkpt lat="25.7506506" lon="100.1528925"><ele>1967.8</ele><time>2026-10-03T00:06:21Z</time></trkpt>
      <trkpt lat="25.7506613" lon="100.1528758"><ele>1967.8</ele><time>2026-10-03T00:06:22Z</time></trkpt>
      <trkpt lat="25.7506718" lon="100.1528590"><ele>1967.8</ele><time>2026-10-03T00:06:23Z</time></trkpt>
      <trkpt lat="25.7506816" lon="100.1528425"><ele>1967.8</ele><time>2026-10-03T00:06:24Z</time></trkpt>
      <trkpt lat="25.7506915" lon="100.1528262"><ele>1967.9</ele><time>2026-10-03T00:06:25Z</time></trkpt>
      <trkpt lat="25.7507022" lon="100.1528099"><ele>1967.9</ele><time>2026-10-03T00:06:26Z</time></trkpt>
      <trkpt lat="25.7507137" lon="100.1527940"><ele>1967.9</ele><time>2026-10-03T00:06:27Z</time></trkpt>
      <trkpt lat="25.7507264" lon="100.1527788"><ele>1967.9</ele><time>2026-10-03T00:06:28Z</time></trkpt>
      <trkpt lat="25.7507400" lon="100.1527649"><ele>1967.9</ele><time>2026-10-03T00:06:29Z</time></trkpt>
      <trkpt lat="25.7507544" lon="100.1527517"><ele>1967.9</ele><time>2026-10-03T00:06:30Z</time></trkpt>
      <trkpt lat="25.7507695" lon="100.1527385"><ele>1967.9</ele><time>2026-10-03T00:06:31Z</time></trkpt>
      <trkpt lat="25.7507846" lon="100.1527258"><ele>1967.9</ele><time>2026-10-03T00:06:32Z</time></trkpt>
      <trkpt lat="25.7508002" lon="100.1527142"><ele>1967.9</ele><time>2026-10-03T00:06:33Z</time></trkpt>
      <trkpt lat="25.7508163" lon="100.1527032"><ele>1967.9</ele><time>2026-10-03T00:06:34Z</time></trkpt>
      <trkpt lat="25.7508319" lon="100.1526923"><ele>1967.9</ele><time>2026-10-03T00:06:35Z</time></trkpt>
      <trkpt lat="25.7508476" lon="100.1526816"><ele>1967.9</ele><time>2026-10-03T00:06:36Z</time></trkpt>
      <trkpt lat="25.7508633" lon="100.1526708"><ele>1967.9</ele><time>2026-10-03T00:06:37Z</time></trkpt>
      <trkpt lat="25.7508786" lon="100.1526600"><ele>1967.9</ele><time>2026-10-03T00:06:38Z</time></trkpt>
      <trkpt lat="25.7508944" lon="100.1526488"><ele>1967.9</ele><time>2026-10-03T00:06:39Z</time></trkpt>
      <trkpt lat="25.7509101" lon="100.1526367"><ele>1967.9</ele><time>2026-10-03T00:06:40Z</time></trkpt>
      <trkpt lat="25.7509255" lon="100.1526237"><ele>1967.9</ele><time>2026-10-03T00:06:41Z</time></trkpt>
      <trkpt lat="25.7509407" lon="100.1526110"><ele>1967.9</ele><time>2026-10-03T00:06:42Z</time></trkpt>
      <trkpt lat="25.7509555" lon="100.1525987"><ele>1967.9</ele><time>2026-10-03T00:06:43Z</time></trkpt>
      <trkpt lat="25.7509711" lon="100.1525866"><ele>1967.9</ele><time>2026-10-03T00:06:44Z</time></trkpt>
      <trkpt lat="25.7509872" lon="100.1525744"><ele>1967.9</ele><time>2026-10-03T00:06:45Z</time></trkpt>
      <trkpt lat="25.7510038" lon="100.1525624"><ele>1967.9</ele><time>2026-10-03T00:06:46Z</time></trkpt>
      <trkpt lat="25.7510212" lon="100.1525506"><ele>1967.9</ele><time>2026-10-03T00:06:47Z</time></trkpt>
      <trkpt lat="25.7510386" lon="100.1525395"><ele>1967.9</ele><time>2026-10-03T00:06:48Z</time></trkpt>
      <trkpt lat="25.7510563" lon="100.1525290"><ele>1967.9</ele><time>2026-10-03T00:06:49Z</time></trkpt>
      <trkpt lat="25.7510735" lon="100.1525191"><ele>1967.9</ele><time>2026-10-03T00:06:50Z</time></trkpt>
      <trkpt lat="25.7510901" lon="100.1525095"><ele>1967.9</ele><time>2026-10-03T00:06:51Z</time></trkpt>
      <trkpt lat="25.7511068" lon="100.1524998"><ele>1967.9</ele><time>2026-10-03T00:06:52Z</time></trkpt>
      <trkpt lat="25.7511234" lon="100.1524899"><ele>1967.9</ele><time>2026-10-03T00:06:53Z</time></trkpt>
      <trkpt lat="25.7511397" lon="100.1524797"><ele>1967.9</ele><time>2026-10-03T00:06:54Z</time></trkpt>
      <trkpt lat="25.7511553" lon="100.1524692"><ele>1967.9</ele><time>2026-10-03T00:06:55Z</time></trkpt>
      <trkpt lat="25.7511701" lon="100.1524580"><ele>1967.9</ele><time>2026-10-03T00:06:56Z</time></trkpt>
      <trkpt lat="25.7511844" lon="100.1524462"><ele>1967.9</ele><time>2026-10-03T00:06:57Z</time></trkpt>
      <trkpt lat="25.7511988" lon="100.1524345"><ele>1967.9</ele><time>2026-10-03T00:06:58Z</time></trkpt>
      <trkpt lat="25.7512135" lon="100.1524228"><ele>1967.9</ele><time>2026-10-03T00:06:59Z</time></trkpt>
      <trkpt lat="25.7512285" lon="100.1524105"><ele>1967.9</ele><time>2026-10-03T00:07:00Z</time></trkpt>
      <trkpt lat="25.7512431" lon="100.1523980"><ele>1967.8</ele><time>2026-10-03T00:07:01Z</time></trkpt>
      <trkpt lat="25.7512571" lon="100.1523858"><ele>1967.8</ele><time>2026-10-03T00:07:02Z</time></trkpt>
      <trkpt lat="25.7512710" lon="100.1523738"><ele>1967.8</ele><time>2026-10-03T00:07:03Z</time></trkpt>
      <trkpt lat="25.7512853" lon="100.1523613"><ele>1967.8</ele><time>2026-10-03T00:07:04Z</time></trkpt>
      <trkpt lat="25.7513004" lon="100.1523484"><ele>1967.8</ele><time>2026-10-03T00:07:05Z</time></trkpt>
      <trkpt lat="25.7513155" lon="100.1523361"><ele>1967.8</ele><time>2026-10-03T00:07:06Z</time></trkpt>
      <trkpt lat="25.7513311" lon="100.1523245"><ele>1967.8</ele><time>2026-10-03T00:07:07Z</time></trkpt>
      <trkpt lat="25.7513472" lon="100.1523136"><ele>1967.8</ele><time>2026-10-03T00:07:08Z</time></trkpt>
      <trkpt lat="25.7513631" lon="100.1523028"><ele>1967.8</ele><time>2026-10-03T00:07:09Z</time></trkpt>
      <trkpt lat="25.7513787" lon="100.1522915"><ele>1967.8</ele><time>2026-10-03T00:07:10Z</time></trkpt>
      <trkpt lat="25.7513938" lon="100.1522796"><ele>1967.8</ele><time>2026-10-03T00:07:11Z</time></trkpt>
      <trkpt lat="25.7514082" lon="100.1522675"><ele>1967.8</ele><time>2026-10-03T00:07:12Z</time></trkpt>
      <trkpt lat="25.7514223" lon="100.1522556"><ele>1967.8</ele><time>2026-10-03T00:07:13Z</time></trkpt>
      <trkpt lat="25.7514359" lon="100.1522432"><ele>1967.8</ele><time>2026-10-03T00:07:14Z</time></trkpt>
      <trkpt lat="25.7514493" lon="100.1522303"><ele>1967.8</ele><time>2026-10-03T00:07:15Z</time></trkpt>
      <trkpt lat="25.7514637" lon="100.1522174"><ele>1967.7</ele><time>2026-10-03T00:07:16Z</time></trkpt>
      <trkpt lat="25.7514792" lon="100.1522048"><ele>1967.7</ele><time>2026-10-03T00:07:17Z</time></trkpt>
      <trkpt lat="25.7514959" lon="100.1521929"><ele>1967.7</ele><time>2026-10-03T00:07:18Z</time></trkpt>
      <trkpt lat="25.7515126" lon="100.1521819"><ele>1967.7</ele><time>2026-10-03T00:07:19Z</time></trkpt>
      <trkpt lat="25.7515290" lon="100.1521717"><ele>1967.7</ele><time>2026-10-03T00:07:20Z</time></trkpt>
      <trkpt lat="25.7515461" lon="100.1521622"><ele>1967.7</ele><time>2026-10-03T00:07:21Z</time></trkpt>
      <trkpt lat="25.7515635" lon="100.1521528"><ele>1967.6</ele><time>2026-10-03T00:07:22Z</time></trkpt>
      <trkpt lat="25.7515805" lon="100.1521436"><ele>1967.6</ele><time>2026-10-03T00:07:23Z</time></trkpt>
      <trkpt lat="25.7515967" lon="100.1521349"><ele>1967.6</ele><time>2026-10-03T00:07:24Z</time></trkpt>
      <trkpt lat="25.7516123" lon="100.1521256"><ele>1967.6</ele><time>2026-10-03T00:07:25Z</time></trkpt>
      <trkpt lat="25.7516280" lon="100.1521158"><ele>1967.6</ele><time>2026-10-03T00:07:26Z</time></trkpt>
      <trkpt lat="25.7516439" lon="100.1521055"><ele>1967.5</ele><time>2026-10-03T00:07:27Z</time></trkpt>
      <trkpt lat="25.7516596" lon="100.1520951"><ele>1967.5</ele><time>2026-10-03T00:07:28Z</time></trkpt>
      <trkpt lat="25.7516749" lon="100.1520847"><ele>1967.5</ele><time>2026-10-03T00:07:29Z</time></trkpt>
      <trkpt lat="25.7516896" lon="100.1520733"><ele>1967.5</ele><time>2026-10-03T00:07:30Z</time></trkpt>
      <trkpt lat="25.7517038" lon="100.1520610"><ele>1967.4</ele><time>2026-10-03T00:07:31Z</time></trkpt>
      <trkpt lat="25.7517181" lon="100.1520491"><ele>1967.4</ele><time>2026-10-03T00:07:32Z</time></trkpt>
      <trkpt lat="25.7517327" lon="100.1520377"><ele>1967.4</ele><time>2026-10-03T00:07:33Z</time></trkpt>
      <trkpt lat="25.7517478" lon="100.1520260"><ele>1967.4</ele><time>2026-10-03T00:07:34Z</time></trkpt>
      <trkpt lat="25.7517628" lon="100.1520134"><ele>1967.4</ele><time>2026-10-03T00:07:35Z</time></trkpt>
      <trkpt lat="25.7517776" lon="100.1520003"><ele>1967.4</ele><time>2026-10-03T00:07:36Z</time></trkpt>
      <trkpt lat="25.7517927" lon="100.1519878"><ele>1967.4</ele><time>2026-10-03T00:07:37Z</time></trkpt>
      <trkpt lat="25.7518082" lon="100.1519767"><ele>1967.4</ele><time>2026-10-03T00:07:38Z</time></trkpt>
      <trkpt lat="25.7518238" lon="100.1519671"><ele>1967.4</ele><time>2026-10-03T00:07:39Z</time></trkpt>
      <trkpt lat="25.7518387" lon="100.1519587"><ele>1967.4</ele><time>2026-10-03T00:07:40Z</time></trkpt>
      <trkpt lat="25.7518534" lon="100.1519516"><ele>1967.4</ele><time>2026-10-03T00:07:41Z</time></trkpt>
      <trkpt lat="25.7518683" lon="100.1519458"><ele>1967.4</ele><time>2026-10-03T00:07:42Z</time></trkpt>
      <trkpt lat="25.7518833" lon="100.1519408"><ele>1967.4</ele><time>2026-10-03T00:07:43Z</time></trkpt>
      <trkpt lat="25.7518982" lon="100.1519367"><ele>1967.4</ele><time>2026-10-03T00:07:44Z</time></trkpt>
      <trkpt lat="25.7519094" lon="100.1519321"><ele>1967.4</ele><time>2026-10-03T00:07:45Z</time></trkpt>
      <trkpt lat="25.7519109" lon="100.1519257"><ele>1967.4</ele><time>2026-10-03T00:07:46Z</time></trkpt>
      <trkpt lat="25.7519015" lon="100.1519221"><ele>1967.4</ele><time>2026-10-03T00:07:47Z</time></trkpt>
      <trkpt lat="25.7518850" lon="100.1519260"><ele>1967.4</ele><time>2026-10-03T00:07:48Z</time></trkpt>
      <trkpt lat="25.7518641" lon="100.1519364"><ele>1967.4</ele><time>2026-10-03T00:07:49Z</time></trkpt>
      <trkpt lat="25.7518412" lon="100.1519490"><ele>1967.4</ele><time>2026-10-03T00:07:50Z</time></trkpt>
      <trkpt lat="25.7518190" lon="100.1519608"><ele>1967.4</ele><time>2026-10-03T00:07:51Z</time></trkpt>
      <trkpt lat="25.7517983" lon="100.1519715"><ele>1967.4</ele><time>2026-10-03T00:07:52Z</time></trkpt>
      <trkpt lat="25.7517790" lon="100.1519821"><ele>1967.4</ele><time>2026-10-03T00:07:53Z</time></trkpt>
      <trkpt lat="25.7517609" lon="100.1519940"><ele>1967.4</ele><time>2026-10-03T00:07:54Z</time></trkpt>
      <trkpt lat="25.7517433" lon="100.1520073"><ele>1967.4</ele><time>2026-10-03T00:07:55Z</time></trkpt>
      <trkpt lat="25.7517267" lon="100.1520213"><ele>1967.4</ele><time>2026-10-03T00:07:56Z</time></trkpt>
      <trkpt lat="25.7517111" lon="100.1520348"><ele>1967.4</ele><time>2026-10-03T00:07:57Z</time></trkpt>
      <trkpt lat="25.7516956" lon="100.1520474"><ele>1967.4</ele><time>2026-10-03T00:07:58Z</time></trkpt>
      <trkpt lat="25.7516793" lon="100.1520600"><ele>1967.4</ele><time>2026-10-03T00:07:59Z</time></trkpt>
      <trkpt lat="25.7516623" lon="100.1520724"><ele>1967.4</ele><time>2026-10-03T00:08:00Z</time></trkpt>
      <trkpt lat="25.7516458" lon="100.1520842"><ele>1967.4</ele><time>2026-10-03T00:08:01Z</time></trkpt>
      <trkpt lat="25.7516297" lon="100.1520960"><ele>1967.4</ele><time>2026-10-03T00:08:02Z</time></trkpt>
      <trkpt lat="25.7516134" lon="100.1521080"><ele>1967.4</ele><time>2026-10-03T00:08:03Z</time></trkpt>
      <trkpt lat="25.7515976" lon="100.1521204"><ele>1967.4</ele><time>2026-10-03T00:08:04Z</time></trkpt>
      <trkpt lat="25.7515820" lon="100.1521329"><ele>1967.4</ele><time>2026-10-03T00:08:05Z</time></trkpt>
      <trkpt lat="25.7515661" lon="100.1521457"><ele>1967.4</ele><time>2026-10-03T00:08:06Z</time></trkpt>
      <trkpt lat="25.7515497" lon="100.1521582"><ele>1967.4</ele><time>2026-10-03T00:08:07Z</time></trkpt>
      <trkpt lat="25.7515332" lon="100.1521694"><ele>1967.4</ele><time>2026-10-03T00:08:08Z</time></trkpt>
      <trkpt lat="25.7515170" lon="100.1521802"><ele>1967.5</ele><time>2026-10-03T00:08:09Z</time></trkpt>
      <trkpt lat="25.7515007" lon="100.1521913"><ele>1967.5</ele><time>2026-10-03T00:08:10Z</time></trkpt>
      <trkpt lat="25.7514842" lon="100.1522024"><ele>1967.5</ele><time>2026-10-03T00:08:11Z</time></trkpt>
      <trkpt lat="25.7514678" lon="100.1522135"><ele>1967.5</ele><time>2026-10-03T00:08:12Z</time></trkpt>
      <trkpt lat="25.7514517" lon="100.1522246"><ele>1967.5</ele><time>2026-10-03T00:08:13Z</time></trkpt>
      <trkpt lat="25.7514361" lon="100.1522359"><ele>1967.5</ele><time>2026-10-03T00:08:14Z</time></trkpt>
      <trkpt lat="25.7514204" lon="100.1522473"><ele>1967.5</ele><time>2026-10-03T00:08:15Z</time></trkpt>
      <trkpt lat="25.7514036" lon="100.1522586"><ele>1967.5</ele><time>2026-10-03T00:08:16Z</time></trkpt>
      <trkpt lat="25.7513868" lon="100.1522700"><ele>1967.6</ele><time>2026-10-03T00:08:17Z</time></trkpt>
      <trkpt lat="25.7513702" lon="100.1522821"><ele>1967.6</ele><time>2026-10-03T00:08:18Z</time></trkpt>
      <trkpt lat="25.7513531" lon="100.1522947"><ele>1967.6</ele><time>2026-10-03T00:08:19Z</time></trkpt>
      <trkpt lat="25.7513354" lon="100.1523079"><ele>1967.5</ele><time>2026-10-03T00:08:20Z</time></trkpt>
      <trkpt lat="25.7513178" lon="100.1523212"><ele>1967.5</ele><time>2026-10-03T00:08:21Z</time></trkpt>
      <trkpt lat="25.7513005" lon="100.1523347"><ele>1967.5</ele><time>2026-10-03T00:08:22Z</time></trkpt>
      <trkpt lat="25.7512833" lon="100.1523478"><ele>1967.5</ele><time>2026-10-03T00:08:23Z</time></trkpt>
      <trkpt lat="25.7512655" lon="100.1523602"><ele>1967.5</ele><time>2026-10-03T00:08:24Z</time></trkpt>
      <trkpt lat="25.7512473" lon="100.1523724"><ele>1967.6</ele><time>2026-10-03T00:08:25Z</time></trkpt>
      <trkpt lat="25.7512291" lon="100.1523840"><ele>1967.6</ele><time>2026-10-03T00:08:26Z</time></trkpt>
      <trkpt lat="25.7512118" lon="100.1523947"><ele>1967.6</ele><time>2026-10-03T00:08:27Z</time></trkpt>
      <trkpt lat="25.7511958" lon="100.1524050"><ele>1967.6</ele><time>2026-10-03T00:08:28Z</time></trkpt>
      <trkpt lat="25.7511801" lon="100.1524158"><ele>1967.7</ele><time>2026-10-03T00:08:29Z</time></trkpt>
      <trkpt lat="25.7511639" lon="100.1524275"><ele>1967.7</ele><time>2026-10-03T00:08:30Z</time></trkpt>
      <trkpt lat="25.7511480" lon="100.1524401"><ele>1967.8</ele><time>2026-10-03T00:08:31Z</time></trkpt>
      <trkpt lat="25.7511322" lon="100.1524528"><ele>1967.8</ele><time>2026-10-03T00:08:32Z</time></trkpt>
      <trkpt lat="25.7511164" lon="100.1524650"><ele>1967.9</ele><time>2026-10-03T00:08:33Z</time></trkpt>
      <trkpt lat="25.7511003" lon="100.1524763"><ele>1967.9</ele><time>2026-10-03T00:08:34Z</time></trkpt>
      <trkpt lat="25.7510839" lon="100.1524874"><ele>1967.9</ele><time>2026-10-03T00:08:35Z</time></trkpt>
      <trkpt lat="25.7510669" lon="100.1524983"><ele>1967.9</ele><time>2026-10-03T00:08:36Z</time></trkpt>
      <trkpt lat="25.7510487" lon="100.1525091"><ele>1967.9</ele><time>2026-10-03T00:08:37Z</time></trkpt>
      <trkpt lat="25.7510306" lon="100.1525202"><ele>1967.9</ele><time>2026-10-03T00:08:38Z</time></trkpt>
      <trkpt lat="25.7510131" lon="100.1525317"><ele>1967.8</ele><time>2026-10-03T00:08:39Z</time></trkpt>
      <trkpt lat="25.7509956" lon="100.1525439"><ele>1967.8</ele><time>2026-10-03T00:08:40Z</time></trkpt>
      <trkpt lat="25.7509781" lon="100.1525574"><ele>1967.8</ele><time>2026-10-03T00:08:41Z</time></trkpt>
      <trkpt lat="25.7509609" lon="100.1525716"><ele>1967.8</ele><time>2026-10-03T00:08:42Z</time></trkpt>
      <trkpt lat="25.7509439" lon="100.1525857"><ele>1967.7</ele><time>2026-10-03T00:08:43Z</time></trkpt>
      <trkpt lat="25.7509266" lon="100.1525992"><ele>1967.7</ele><time>2026-10-03T00:08:44Z</time></trkpt>
      <trkpt lat="25.7509089" lon="100.1526119"><ele>1967.7</ele><time>2026-10-03T00:08:45Z</time></trkpt>
      <trkpt lat="25.7508914" lon="100.1526240"><ele>1967.7</ele><time>2026-10-03T00:08:46Z</time></trkpt>
      <trkpt lat="25.7508749" lon="100.1526357"><ele>1967.7</ele><time>2026-10-03T00:08:47Z</time></trkpt>
      <trkpt lat="25.7508595" lon="100.1526476"><ele>1967.7</ele><time>2026-10-03T00:08:48Z</time></trkpt>
      <trkpt lat="25.7508445" lon="100.1526603"><ele>1967.7</ele><time>2026-10-03T00:08:49Z</time></trkpt>
      <trkpt lat="25.7508293" lon="100.1526730"><ele>1967.7</ele><time>2026-10-03T00:08:50Z</time></trkpt>
      <trkpt lat="25.7508139" lon="100.1526861"><ele>1967.7</ele><time>2026-10-03T00:08:51Z</time></trkpt>
      <trkpt lat="25.7507980" lon="100.1526996"><ele>1967.7</ele><time>2026-10-03T00:08:52Z</time></trkpt>
      <trkpt lat="25.7507821" lon="100.1527131"><ele>1967.7</ele><time>2026-10-03T00:08:53Z</time></trkpt>
      <trkpt lat="25.7507662" lon="100.1527268"><ele>1967.7</ele><time>2026-10-03T00:08:54Z</time></trkpt>
      <trkpt lat="25.7507507" lon="100.1527412"><ele>1967.7</ele><time>2026-10-03T00:08:55Z</time></trkpt>
      <trkpt lat="25.7507359" lon="100.1527562"><ele>1967.7</ele><time>2026-10-03T00:08:56Z</time></trkpt>
      <trkpt lat="25.7507216" lon="100.1527712"><ele>1967.7</ele><time>2026-10-03T00:08:57Z</time></trkpt>
      <trkpt lat="25.7507079" lon="100.1527862"><ele>1967.7</ele><time>2026-10-03T00:08:58Z</time></trkpt>
      <trkpt lat="25.7506945" lon="100.1528011"><ele>1967.8</ele><time>2026-10-03T00:08:59Z</time></trkpt>
      <trkpt lat="25.7506810" lon="100.1528164"><ele>1967.8</ele><time>2026-10-03T00:09:00Z</time></trkpt>
      <trkpt lat="25.7506678" lon="100.1528326"><ele>1967.8</ele><time>2026-10-03T00:09:01Z</time></trkpt>
      <trkpt lat="25.7506555" lon="100.1528494"><ele>1967.8</ele><time>2026-10-03T00:09:02Z</time></trkpt>
      <trkpt lat="25.7506440" lon="100.1528662"><ele>1967.8</ele><time>2026-10-03T00:09:03Z</time></trkpt>
      <trkpt lat="25.7506334" lon="100.1528841"><ele>1967.8</ele><time>2026-10-03T00:09:04Z</time></trkpt>
      <trkpt lat="25.7506235" lon="100.1529031"><ele>1967.8</ele><time>2026-10-03T00:09:05Z</time></trkpt>
      <trkpt lat="25.7506137" lon="100.1529236"><ele>1967.8</ele><time>2026-10-03T00:09:06Z</time></trkpt>
      <trkpt lat="25.7506039" lon="100.1529454"><ele>1967.8</ele><time>2026-10-03T00:09:07Z</time></trkpt>
      <trkpt lat="25.7505946" lon="100.1529673"><ele>1967.8</ele><time>2026-10-03T00:09:08Z</time></trkpt>
      <trkpt lat="25.7505858" lon="100.1529881"><ele>1967.8</ele><time>2026-10-03T00:09:09Z</time></trkpt>
      <trkpt lat="25.7505775" lon="100.1530075"><ele>1967.8</ele><time>2026-10-03T00:09:10Z</time></trkpt>
      <trkpt lat="25.7505697" lon="100.1530265"><ele>1967.8</ele><time>2026-10-03T00:09:11Z</time></trkpt>
      <trkpt lat="25.7505618" lon="100.1530459"><ele>1967.8</ele><time>2026-10-03T00:09:12Z</time></trkpt>
      <trkpt lat="25.7505542" lon="100.1530656"><ele>1967.9</ele><time>2026-10-03T00:09:13Z</time></trkpt>
      <trkpt lat="25.7505478" lon="100.1530863"><ele>1967.8</ele><time>2026-10-03T00:09:14Z</time></trkpt>
      <trkpt lat="25.7505428" lon="100.1531079"><ele>1967.8</ele><time>2026-10-03T00:09:15Z</time></trkpt>
      <trkpt lat="25.7505386" lon="100.1531297"><ele>1967.8</ele><time>2026-10-03T00:09:16Z</time></trkpt>
      <trkpt lat="25.7505345" lon="100.1531518"><ele>1967.8</ele><time>2026-10-03T00:09:17Z</time></trkpt>
      <trkpt lat="25.7505303" lon="100.1531732"><ele>1967.8</ele><time>2026-10-03T00:09:18Z</time></trkpt>
      <trkpt lat="25.7505263" lon="100.1531940"><ele>1967.8</ele><time>2026-10-03T00:09:19Z</time></trkpt>
      <trkpt lat="25.7505229" lon="100.1532151"><ele>1967.8</ele><time>2026-10-03T00:09:20Z</time></trkpt>
      <trkpt lat="25.7505203" lon="100.1532369"><ele>1967.7</ele><time>2026-10-03T00:09:21Z</time></trkpt>
      <trkpt lat="25.7505181" lon="100.1532594"><ele>1967.7</ele><time>2026-10-03T00:09:22Z</time></trkpt>
      <trkpt lat="25.7505168" lon="100.1532824"><ele>1967.6</ele><time>2026-10-03T00:09:23Z</time></trkpt>
      <trkpt lat="25.7505168" lon="100.1533055"><ele>1967.6</ele><time>2026-10-03T00:09:24Z</time></trkpt>
      <trkpt lat="25.7505176" lon="100.1533286"><ele>1967.6</ele><time>2026-10-03T00:09:25Z</time></trkpt>
      <trkpt lat="25.7505186" lon="100.1533511"><ele>1967.5</ele><time>2026-10-03T00:09:26Z</time></trkpt>
      <trkpt lat="25.7505198" lon="100.1533729"><ele>1967.5</ele><time>2026-10-03T00:09:27Z</time></trkpt>
      <trkpt lat="25.7505208" lon="100.1533941"><ele>1967.5</ele><time>2026-10-03T00:09:28Z</time></trkpt>
      <trkpt lat="25.7505219" lon="100.1534146"><ele>1967.5</ele><time>2026-10-03T00:09:29Z</time></trkpt>
      <trkpt lat="25.7505231" lon="100.1534359"><ele>1967.5</ele><time>2026-10-03T00:09:30Z</time></trkpt>
      <trkpt lat="25.7505252" lon="100.1534580"><ele>1967.4</ele><time>2026-10-03T00:09:31Z</time></trkpt>
      <trkpt lat="25.7505287" lon="100.1534796"><ele>1967.4</ele><time>2026-10-03T00:09:32Z</time></trkpt>
      <trkpt lat="25.7505329" lon="100.1535009"><ele>1967.4</ele><time>2026-10-03T00:09:33Z</time></trkpt>
      <trkpt lat="25.7505368" lon="100.1535222"><ele>1967.4</ele><time>2026-10-03T00:09:34Z</time></trkpt>
      <trkpt lat="25.7505391" lon="100.1535434"><ele>1967.4</ele><time>2026-10-03T00:09:35Z</time></trkpt>
      <trkpt lat="25.7505392" lon="100.1535637"><ele>1967.4</ele><time>2026-10-03T00:09:36Z</time></trkpt>
      <trkpt lat="25.7505374" lon="100.1535835"><ele>1967.4</ele><time>2026-10-03T00:09:37Z</time></trkpt>
      <trkpt lat="25.7505348" lon="100.1536041"><ele>1967.4</ele><time>2026-10-03T00:09:38Z</time></trkpt>
      <trkpt lat="25.7505324" lon="100.1536250"><ele>1967.4</ele><time>2026-10-03T00:09:39Z</time></trkpt>
      <trkpt lat="25.7505302" lon="100.1536461"><ele>1967.3</ele><time>2026-10-03T00:09:40Z</time></trkpt>
      <trkpt lat="25.7505272" lon="100.1536675"><ele>1967.3</ele><time>2026-10-03T00:09:41Z</time></trkpt>
      <trkpt lat="25.7505239" lon="100.1536884"><ele>1967.4</ele><time>2026-10-03T00:09:42Z</time></trkpt>
      <trkpt lat="25.7505213" lon="100.1537092"><ele>1967.4</ele><time>2026-10-03T00:09:43Z</time></trkpt>
      <trkpt lat="25.7505198" lon="100.1537303"><ele>1967.4</ele><time>2026-10-03T00:09:44Z</time></trkpt>
      <trkpt lat="25.7505183" lon="100.1537517"><ele>1967.4</ele><time>2026-10-03T00:09:45Z</time></trkpt>
      <trkpt lat="25.7505146" lon="100.1537735"><ele>1967.4</ele><time>2026-10-03T00:09:46Z</time></trkpt>
      <trkpt lat="25.7505079" lon="100.1537950"><ele>1967.5</ele><time>2026-10-03T00:09:47Z</time></trkpt>
      <trkpt lat="25.7504996" lon="100.1538162"><ele>1967.5</ele><time>2026-10-03T00:09:48Z</time></trkpt>
      <trkpt lat="25.7504912" lon="100.1538373"><ele>1967.5</ele><time>2026-10-03T00:09:49Z</time></trkpt>
      <trkpt lat="25.7504836" lon="100.1538588"><ele>1967.6</ele><time>2026-10-03T00:09:50Z</time></trkpt>
      <trkpt lat="25.7504763" lon="100.1538804"><ele>1967.6</ele><time>2026-10-03T00:09:51Z</time></trkpt>
      <trkpt lat="25.7504692" lon="100.1539013"><ele>1967.6</ele><time>2026-10-03T00:09:52Z</time></trkpt>
      <trkpt lat="25.7504619" lon="100.1539225"><ele>1967.6</ele><time>2026-10-03T00:09:53Z</time></trkpt>
      <trkpt lat="25.7504547" lon="100.1539443"><ele>1967.7</ele><time>2026-10-03T00:09:54Z</time></trkpt>
      <trkpt lat="25.7504476" lon="100.1539662"><ele>1967.7</ele><time>2026-10-03T00:09:55Z</time></trkpt>
      <trkpt lat="25.7504404" lon="100.1539893"><ele>1967.7</ele><time>2026-10-03T00:09:56Z</time></trkpt>
      <trkpt lat="25.7504334" lon="100.1540133"><ele>1967.7</ele><time>2026-10-03T00:09:57Z</time></trkpt>
      <trkpt lat="25.7504260" lon="100.1540372"><ele>1967.7</ele><time>2026-10-03T00:09:58Z</time></trkpt>
      <trkpt lat="25.7504173" lon="100.1540605"><ele>1967.7</ele><time>2026-10-03T00:09:59Z</time></trkpt>
      <trkpt lat="25.7504074" lon="100.1540818"><ele>1967.6</ele><time>2026-10-03T00:10:00Z</time></trkpt>
      <trkpt lat="25.7503957" lon="100.1541016"><ele>1967.6</ele><time>2026-10-03T00:10:01Z</time></trkpt>
      <trkpt lat="25.7503819" lon="100.1541202"><ele>1967.5</ele><time>2026-10-03T00:10:02Z</time></trkpt>
      <trkpt lat="25.7503661" lon="100.1541377"><ele>1967.5</ele><time>2026-10-03T00:10:03Z</time></trkpt>
      <trkpt lat="25.7503496" lon="100.1541545"><ele>1967.4</ele><time>2026-10-03T00:10:04Z</time></trkpt>
      <trkpt lat="25.7503336" lon="100.1541702"><ele>1967.3</ele><time>2026-10-03T00:10:05Z</time></trkpt>
      <trkpt lat="25.7503177" lon="100.1541849"><ele>1967.3</ele><time>2026-10-03T00:10:06Z</time></trkpt>
      <trkpt lat="25.7503010" lon="100.1541986"><ele>1967.2</ele><time>2026-10-03T00:10:07Z</time></trkpt>
      <trkpt lat="25.7502840" lon="100.1542127"><ele>1967.1</ele><time>2026-10-03T00:10:08Z</time></trkpt>
      <trkpt lat="25.7502670" lon="100.1542276"><ele>1967.1</ele><time>2026-10-03T00:10:09Z</time></trkpt>
      <trkpt lat="25.7502507" lon="100.1542428"><ele>1967.0</ele><time>2026-10-03T00:10:10Z</time></trkpt>
      <trkpt lat="25.7502354" lon="100.1542577"><ele>1967.0</ele><time>2026-10-03T00:10:11Z</time></trkpt>
      <trkpt lat="25.7502204" lon="100.1542721"><ele>1967.0</ele><time>2026-10-03T00:10:12Z</time></trkpt>
      <trkpt lat="25.7502047" lon="100.1542861"><ele>1966.9</ele><time>2026-10-03T00:10:13Z</time></trkpt>
      <trkpt lat="25.7501879" lon="100.1542999"><ele>1966.9</ele><time>2026-10-03T00:10:14Z</time></trkpt>
      <trkpt lat="25.7501708" lon="100.1543127"><ele>1966.9</ele><time>2026-10-03T00:10:15Z</time></trkpt>
      <trkpt lat="25.7501540" lon="100.1543243"><ele>1966.9</ele><time>2026-10-03T00:10:16Z</time></trkpt>
      <trkpt lat="25.7501369" lon="100.1543355"><ele>1966.9</ele><time>2026-10-03T00:10:17Z</time></trkpt>
      <trkpt lat="25.7501199" lon="100.1543473"><ele>1966.9</ele><time>2026-10-03T00:10:18Z</time></trkpt>
      <trkpt lat="25.7501024" lon="100.1543602"><ele>1966.9</ele><time>2026-10-03T00:10:19Z</time></trkpt>
      <trkpt lat="25.7500842" lon="100.1543736"><ele>1966.9</ele><time>2026-10-03T00:10:20Z</time></trkpt>
      <trkpt lat="25.7500666" lon="100.1543865"><ele>1966.9</ele><time>2026-10-03T00:10:21Z</time></trkpt>
      <trkpt lat="25.7500496" lon="100.1543989"><ele>1966.8</ele><time>2026-10-03T00:10:22Z</time></trkpt>
      <trkpt lat="25.7500336" lon="100.1544114"><ele>1966.8</ele><time>2026-10-03T00:10:23Z</time></trkpt>
      <trkpt lat="25.7500177" lon="100.1544241"><ele>1966.8</ele><time>2026-10-03T00:10:24Z</time></trkpt>
      <trkpt lat="25.7500021" lon="100.1544366"><ele>1966.8</ele><time>2026-10-03T00:10:25Z</time></trkpt>
      <trkpt lat="25.7499867" lon="100.1544500"><ele>1966.8</ele><time>2026-10-03T00:10:26Z</time></trkpt>
      <trkpt lat="25.7499711" lon="100.1544651"><ele>1966.8</ele><time>2026-10-03T00:10:27Z</time></trkpt>
      <trkpt lat="25.7499560" lon="100.1544811"><ele>1966.8</ele><time>2026-10-03T00:10:28Z</time></trkpt>
      <trkpt lat="25.7499421" lon="100.1544982"><ele>1966.8</ele><time>2026-10-03T00:10:29Z</time></trkpt>
      <trkpt lat="25.7499299" lon="100.1545162"><ele>1966.8</ele><time>2026-10-03T00:10:30Z</time></trkpt>
      <trkpt lat="25.7499188" lon="100.1545342"><ele>1966.8</ele><time>2026-10-03T00:10:31Z</time></trkpt>
      <trkpt lat="25.7499074" lon="100.1545521"><ele>1966.9</ele><time>2026-10-03T00:10:32Z</time></trkpt>
      <trkpt lat="25.7498963" lon="100.1545706"><ele>1966.9</ele><time>2026-10-03T00:10:33Z</time></trkpt>
      <trkpt lat="25.7498860" lon="100.1545890"><ele>1966.9</ele><time>2026-10-03T00:10:34Z</time></trkpt>
      <trkpt lat="25.7498767" lon="100.1546072"><ele>1967.0</ele><time>2026-10-03T00:10:35Z</time></trkpt>
      <trkpt lat="25.7498683" lon="100.1546258"><ele>1967.0</ele><time>2026-10-03T00:10:36Z</time></trkpt>
      <trkpt lat="25.7498596" lon="100.1546450"><ele>1967.0</ele><time>2026-10-03T00:10:37Z</time></trkpt>
      <trkpt lat="25.7498497" lon="100.1546641"><ele>1967.0</ele><time>2026-10-03T00:10:38Z</time></trkpt>
      <trkpt lat="25.7498380" lon="100.1546821"><ele>1967.0</ele><time>2026-10-03T00:10:39Z</time></trkpt>
      <trkpt lat="25.7498239" lon="100.1546986"><ele>1967.0</ele><time>2026-10-03T00:10:40Z</time></trkpt>
      <trkpt lat="25.7498077" lon="100.1547127"><ele>1966.9</ele><time>2026-10-03T00:10:41Z</time></trkpt>
      <trkpt lat="25.7497909" lon="100.1547236"><ele>1966.9</ele><time>2026-10-03T00:10:42Z</time></trkpt>
      <trkpt lat="25.7497749" lon="100.1547316"><ele>1966.9</ele><time>2026-10-03T00:10:43Z</time></trkpt>
      <trkpt lat="25.7497590" lon="100.1547377"><ele>1966.8</ele><time>2026-10-03T00:10:44Z</time></trkpt>
      <trkpt lat="25.7497410" lon="100.1547423"><ele>1966.8</ele><time>2026-10-03T00:10:45Z</time></trkpt>
      <trkpt lat="25.7497215" lon="100.1547446"><ele>1966.7</ele><time>2026-10-03T00:10:46Z</time></trkpt>
      <trkpt lat="25.7497016" lon="100.1547438"><ele>1966.7</ele><time>2026-10-03T00:10:47Z</time></trkpt>
      <trkpt lat="25.7496819" lon="100.1547387"><ele>1966.7</ele><time>2026-10-03T00:10:48Z</time></trkpt>
      <trkpt lat="25.7496632" lon="100.1547287"><ele>1966.6</ele><time>2026-10-03T00:10:49Z</time></trkpt>
      <trkpt lat="25.7496454" lon="100.1547146"><ele>1966.6</ele><time>2026-10-03T00:10:50Z</time></trkpt>
      <trkpt lat="25.7496281" lon="100.1546980"><ele>1966.5</ele><time>2026-10-03T00:10:51Z</time></trkpt>
      <trkpt lat="25.7496115" lon="100.1546801"><ele>1966.5</ele><time>2026-10-03T00:10:52Z</time></trkpt>
      <trkpt lat="25.7495960" lon="100.1546618"><ele>1966.5</ele><time>2026-10-03T00:10:53Z</time></trkpt>
      <trkpt lat="25.7495819" lon="100.1546445"><ele>1966.5</ele><time>2026-10-03T00:10:54Z</time></trkpt>
      <trkpt lat="25.7495681" lon="100.1546277"><ele>1966.5</ele><time>2026-10-03T00:10:55Z</time></trkpt>
      <trkpt lat="25.7495540" lon="100.1546115"><ele>1966.5</ele><time>2026-10-03T00:10:56Z</time></trkpt>
      <trkpt lat="25.7495396" lon="100.1545959"><ele>1966.5</ele><time>2026-10-03T00:10:57Z</time></trkpt>
      <trkpt lat="25.7495249" lon="100.1545816"><ele>1966.6</ele><time>2026-10-03T00:10:58Z</time></trkpt>
      <trkpt lat="25.7495091" lon="100.1545701"><ele>1966.6</ele><time>2026-10-03T00:10:59Z</time></trkpt>
      <trkpt lat="25.7494914" lon="100.1545612"><ele>1966.6</ele><time>2026-10-03T00:11:00Z</time></trkpt>
      <trkpt lat="25.7494720" lon="100.1545545"><ele>1966.6</ele><time>2026-10-03T00:11:01Z</time></trkpt>
      <trkpt lat="25.7494512" lon="100.1545504"><ele>1966.7</ele><time>2026-10-03T00:11:02Z</time></trkpt>
      <trkpt lat="25.7494295" lon="100.1545503"><ele>1966.7</ele><time>2026-10-03T00:11:03Z</time></trkpt>
      <trkpt lat="25.7494080" lon="100.1545556"><ele>1966.7</ele><time>2026-10-03T00:11:04Z</time></trkpt>
      <trkpt lat="25.7493882" lon="100.1545654"><ele>1966.7</ele><time>2026-10-03T00:11:05Z</time></trkpt>
      <trkpt lat="25.7493707" lon="100.1545772"><ele>1966.7</ele><time>2026-10-03T00:11:06Z</time></trkpt>
      <trkpt lat="25.7493555" lon="100.1545902"><ele>1966.7</ele><time>2026-10-03T00:11:07Z</time></trkpt>
      <trkpt lat="25.7493411" lon="100.1546038"><ele>1966.7</ele><time>2026-10-03T00:11:08Z</time></trkpt>
      <trkpt lat="25.7493260" lon="100.1546178"><ele>1966.7</ele><time>2026-10-03T00:11:09Z</time></trkpt>
      <trkpt lat="25.7493099" lon="100.1546322"><ele>1966.7</ele><time>2026-10-03T00:11:10Z</time></trkpt>
      <trkpt lat="25.7492932" lon="100.1546469"><ele>1966.7</ele><time>2026-10-03T00:11:11Z</time></trkpt>
      <trkpt lat="25.7492764" lon="100.1546615"><ele>1966.7</ele><time>2026-10-03T00:11:12Z</time></trkpt>
      <trkpt lat="25.7492594" lon="100.1546751"><ele>1966.7</ele><time>2026-10-03T00:11:13Z</time></trkpt>
      <trkpt lat="25.7492423" lon="100.1546879"><ele>1966.7</ele><time>2026-10-03T00:11:14Z</time></trkpt>
      <trkpt lat="25.7492253" lon="100.1547007"><ele>1966.7</ele><time>2026-10-03T00:11:15Z</time></trkpt>
      <trkpt lat="25.7492082" lon="100.1547135"><ele>1966.7</ele><time>2026-10-03T00:11:16Z</time></trkpt>
      <trkpt lat="25.7491915" lon="100.1547262"><ele>1966.7</ele><time>2026-10-03T00:11:17Z</time></trkpt>
      <trkpt lat="25.7491755" lon="100.1547394"><ele>1966.7</ele><time>2026-10-03T00:11:18Z</time></trkpt>
      <trkpt lat="25.7491592" lon="100.1547543"><ele>1966.7</ele><time>2026-10-03T00:11:19Z</time></trkpt>
      <trkpt lat="25.7491424" lon="100.1547702"><ele>1966.7</ele><time>2026-10-03T00:11:20Z</time></trkpt>
      <trkpt lat="25.7491257" lon="100.1547855"><ele>1966.7</ele><time>2026-10-03T00:11:21Z</time></trkpt>
      <trkpt lat="25.7491094" lon="100.1548003"><ele>1966.7</ele><time>2026-10-03T00:11:22Z</time></trkpt>
      <trkpt lat="25.7490935" lon="100.1548161"><ele>1966.7</ele><time>2026-10-03T00:11:23Z</time></trkpt>
      <trkpt lat="25.7490786" lon="100.1548330"><ele>1966.7</ele><time>2026-10-03T00:11:24Z</time></trkpt>
      <trkpt lat="25.7490650" lon="100.1548502"><ele>1966.8</ele><time>2026-10-03T00:11:25Z</time></trkpt>
      <trkpt lat="25.7490521" lon="100.1548674"><ele>1966.8</ele><time>2026-10-03T00:11:26Z</time></trkpt>
      <trkpt lat="25.7490406" lon="100.1548853"><ele>1966.8</ele><time>2026-10-03T00:11:27Z</time></trkpt>
      <trkpt lat="25.7490320" lon="100.1549041"><ele>1966.8</ele><time>2026-10-03T00:11:28Z</time></trkpt>
      <trkpt lat="25.7490266" lon="100.1549234"><ele>1966.8</ele><time>2026-10-03T00:11:29Z</time></trkpt>
      <trkpt lat="25.7490235" lon="100.1549434"><ele>1966.8</ele><time>2026-10-03T00:11:30Z</time></trkpt>
      <trkpt lat="25.7490219" lon="100.1549637"><ele>1966.8</ele><time>2026-10-03T00:11:31Z</time></trkpt>
      <trkpt lat="25.7490224" lon="100.1549839"><ele>1966.9</ele><time>2026-10-03T00:11:32Z</time></trkpt>
      <trkpt lat="25.7490248" lon="100.1550035"><ele>1966.9</ele><time>2026-10-03T00:11:33Z</time></trkpt>
      <trkpt lat="25.7490287" lon="100.1550231"><ele>1966.9</ele><time>2026-10-03T00:11:34Z</time></trkpt>
      <trkpt lat="25.7490333" lon="100.1550437"><ele>1966.9</ele><time>2026-10-03T00:11:35Z</time></trkpt>
      <trkpt lat="25.7490365" lon="100.1550650"><ele>1966.9</ele><time>2026-10-03T00:11:36Z</time></trkpt>
      <trkpt lat="25.7490372" lon="100.1550857"><ele>1966.9</ele><time>2026-10-03T00:11:37Z</time></trkpt>
      <trkpt lat="25.7490364" lon="100.1551051"><ele>1966.9</ele><time>2026-10-03T00:11:38Z</time></trkpt>
      <trkpt lat="25.7490341" lon="100.1551241"><ele>1966.9</ele><time>2026-10-03T00:11:39Z</time></trkpt>
      <trkpt lat="25.7490284" lon="100.1551436"><ele>1966.9</ele><time>2026-10-03T00:11:40Z</time></trkpt>
      <trkpt lat="25.7490193" lon="100.1551624"><ele>1966.9</ele><time>2026-10-03T00:11:41Z</time></trkpt>
      <trkpt lat="25.7490081" lon="100.1551803"><ele>1966.9</ele><time>2026-10-03T00:11:42Z</time></trkpt>
      <trkpt lat="25.7489951" lon="100.1551973"><ele>1966.9</ele><time>2026-10-03T00:11:43Z</time></trkpt>
      <trkpt lat="25.7489805" lon="100.1552128"><ele>1966.9</ele><time>2026-10-03T00:11:44Z</time></trkpt>
      <trkpt lat="25.7489649" lon="100.1552274"><ele>1966.9</ele><time>2026-10-03T00:11:44Z</time></trkpt>
      <trkpt lat="25.7489491" lon="100.1552413"><ele>1966.8</ele><time>2026-10-03T00:11:45Z</time></trkpt>
      <trkpt lat="25.7489336" lon="100.1552551"><ele>1966.8</ele><time>2026-10-03T00:11:47Z</time></trkpt>
      <trkpt lat="25.7489179" lon="100.1552699"><ele>1966.8</ele><time>2026-10-03T00:11:48Z</time></trkpt>
      <trkpt lat="25.7489025" lon="100.1552852"><ele>1966.8</ele><time>2026-10-03T00:11:49Z</time></trkpt>
      <trkpt lat="25.7488876" lon="100.1553002"><ele>1966.8</ele><time>2026-10-03T00:11:50Z</time></trkpt>
      <trkpt lat="25.7488734" lon="100.1553152"><ele>1966.8</ele><time>2026-10-03T00:11:51Z</time></trkpt>
      <trkpt lat="25.7488610" lon="100.1553309"><ele>1966.8</ele><time>2026-10-03T00:11:52Z</time></trkpt>
      <trkpt lat="25.7488506" lon="100.1553477"><ele>1966.7</ele><time>2026-10-03T00:11:53Z</time></trkpt>
      <trkpt lat="25.7488410" lon="100.1553653"><ele>1966.7</ele><time>2026-10-03T00:11:54Z</time></trkpt>
      <trkpt lat="25.7488318" lon="100.1553837"><ele>1966.7</ele><time>2026-10-03T00:11:55Z</time></trkpt>
      <trkpt lat="25.7488226" lon="100.1554027"><ele>1966.8</ele><time>2026-10-03T00:11:56Z</time></trkpt>
      <trkpt lat="25.7488142" lon="100.1554216"><ele>1966.8</ele><time>2026-10-03T00:11:57Z</time></trkpt>
      <trkpt lat="25.7488072" lon="100.1554410"><ele>1966.8</ele><time>2026-10-03T00:11:58Z</time></trkpt>
      <trkpt lat="25.7488026" lon="100.1554611"><ele>1966.8</ele><time>2026-10-03T00:11:59Z</time></trkpt>
      <trkpt lat="25.7488010" lon="100.1554809"><ele>1966.8</ele><time>2026-10-03T00:12:00Z</time></trkpt>
      <trkpt lat="25.7488015" lon="100.1555006"><ele>1966.8</ele><time>2026-10-03T00:12:01Z</time></trkpt>
      <trkpt lat="25.7488041" lon="100.1555203"><ele>1966.8</ele><time>2026-10-03T00:12:02Z</time></trkpt>
      <trkpt lat="25.7488083" lon="100.1555400"><ele>1966.8</ele><time>2026-10-03T00:12:03Z</time></trkpt>
      <trkpt lat="25.7488128" lon="100.1555598"><ele>1966.8</ele><time>2026-10-03T00:12:04Z</time></trkpt>
      <trkpt lat="25.7488175" lon="100.1555795"><ele>1966.8</ele><time>2026-10-03T00:12:05Z</time></trkpt>
      <trkpt lat="25.7488238" lon="100.1555999"><ele>1966.8</ele><time>2026-10-03T00:12:06Z</time></trkpt>
      <trkpt lat="25.7488322" lon="100.1556210"><ele>1966.8</ele><time>2026-10-03T00:12:07Z</time></trkpt>
      <trkpt lat="25.7488410" lon="100.1556415"><ele>1966.8</ele><time>2026-10-03T00:12:08Z</time></trkpt>
      <trkpt lat="25.7488487" lon="100.1556613"><ele>1966.8</ele><time>2026-10-03T00:12:09Z</time></trkpt>
      <trkpt lat="25.7488559" lon="100.1556808"><ele>1966.7</ele><time>2026-10-03T00:12:10Z</time></trkpt>
      <trkpt lat="25.7488630" lon="100.1557005"><ele>1966.7</ele><time>2026-10-03T00:12:11Z</time></trkpt>
      <trkpt lat="25.7488702" lon="100.1557207"><ele>1966.7</ele><time>2026-10-03T00:12:12Z</time></trkpt>
      <trkpt lat="25.7488774" lon="100.1557409"><ele>1966.7</ele><time>2026-10-03T00:12:13Z</time></trkpt>
      <trkpt lat="25.7488840" lon="100.1557617"><ele>1966.7</ele><time>2026-10-03T00:12:14Z</time></trkpt>
      <trkpt lat="25.7488886" lon="100.1557832"><ele>1966.8</ele><time>2026-10-03T00:12:15Z</time></trkpt>
      <trkpt lat="25.7488905" lon="100.1558050"><ele>1966.8</ele><time>2026-10-03T00:12:16Z</time></trkpt>
      <trkpt lat="25.7488893" lon="100.1558270"><ele>1966.8</ele><time>2026-10-03T00:12:17Z</time></trkpt>
      <trkpt lat="25.7488850" lon="100.1558491"><ele>1966.8</ele><time>2026-10-03T00:12:18Z</time></trkpt>
      <trkpt lat="25.7488779" lon="100.1558718"><ele>1966.8</ele><time>2026-10-03T00:12:19Z</time></trkpt>
      <trkpt lat="25.7488680" lon="100.1558934"><ele>1966.8</ele><time>2026-10-03T00:12:20Z</time></trkpt>
      <trkpt lat="25.7488555" lon="100.1559131"><ele>1966.8</ele><time>2026-10-03T00:12:21Z</time></trkpt>
      <trkpt lat="25.7488409" lon="100.1559309"><ele>1966.8</ele><time>2026-10-03T00:12:22Z</time></trkpt>
      <trkpt lat="25.7488250" lon="100.1559469"><ele>1966.8</ele><time>2026-10-03T00:12:23Z</time></trkpt>
      <trkpt lat="25.7488083" lon="100.1559612"><ele>1966.8</ele><time>2026-10-03T00:12:24Z</time></trkpt>
      <trkpt lat="25.7487913" lon="100.1559747"><ele>1966.7</ele><time>2026-10-03T00:12:25Z</time></trkpt>
      <trkpt lat="25.7487743" lon="100.1559883"><ele>1966.7</ele><time>2026-10-03T00:12:26Z</time></trkpt>
      <trkpt lat="25.7487570" lon="100.1560014"><ele>1966.6</ele><time>2026-10-03T00:12:27Z</time></trkpt>
      <trkpt lat="25.7487392" lon="100.1560135"><ele>1966.6</ele><time>2026-10-03T00:12:28Z</time></trkpt>
      <trkpt lat="25.7487213" lon="100.1560256"><ele>1966.6</ele><time>2026-10-03T00:12:29Z</time></trkpt>
      <trkpt lat="25.7487037" lon="100.1560383"><ele>1966.6</ele><time>2026-10-03T00:12:30Z</time></trkpt>
      <trkpt lat="25.7486865" lon="100.1560517"><ele>1966.6</ele><time>2026-10-03T00:12:31Z</time></trkpt>
      <trkpt lat="25.7486693" lon="100.1560658"><ele>1966.5</ele><time>2026-10-03T00:12:32Z</time></trkpt>
      <trkpt lat="25.7486524" lon="100.1560802"><ele>1966.5</ele><time>2026-10-03T00:12:33Z</time></trkpt>
      <trkpt lat="25.7486356" lon="100.1560948"><ele>1966.5</ele><time>2026-10-03T00:12:34Z</time></trkpt>
      <trkpt lat="25.7486185" lon="100.1561093"><ele>1966.5</ele><time>2026-10-03T00:12:35Z</time></trkpt>
      <trkpt lat="25.7486017" lon="100.1561237"><ele>1966.5</ele><time>2026-10-03T00:12:36Z</time></trkpt>
      <trkpt lat="25.7485860" lon="100.1561383"><ele>1966.5</ele><time>2026-10-03T00:12:37Z</time></trkpt>
      <trkpt lat="25.7485722" lon="100.1561529"><ele>1966.5</ele><time>2026-10-03T00:12:38Z</time></trkpt>
      <trkpt lat="25.7485589" lon="100.1561683"><ele>1966.5</ele><time>2026-10-03T00:12:39Z</time></trkpt>
      <trkpt lat="25.7485444" lon="100.1561843"><ele>1966.5</ele><time>2026-10-03T00:12:40Z</time></trkpt>
      <trkpt lat="25.7485295" lon="100.1561999"><ele>1966.5</ele><time>2026-10-03T00:12:41Z</time></trkpt>
      <trkpt lat="25.7485153" lon="100.1562159"><ele>1966.5</ele><time>2026-10-03T00:12:42Z</time></trkpt>
      <trkpt lat="25.7485016" lon="100.1562332"><ele>1966.5</ele><time>2026-10-03T00:12:43Z</time></trkpt>
      <trkpt lat="25.7484872" lon="100.1562521"><ele>1966.5</ele><time>2026-10-03T00:12:44Z</time></trkpt>
      <trkpt lat="25.7484712" lon="100.1562715"><ele>1966.6</ele><time>2026-10-03T00:12:45Z</time></trkpt>
      <trkpt lat="25.7484539" lon="100.1562899"><ele>1966.6</ele><time>2026-10-03T00:12:46Z</time></trkpt>
      <trkpt lat="25.7484354" lon="100.1563063"><ele>1966.6</ele><time>2026-10-03T00:12:47Z</time></trkpt>
      <trkpt lat="25.7484169" lon="100.1563202"><ele>1966.6</ele><time>2026-10-03T00:12:48Z</time></trkpt>
      <trkpt lat="25.7483989" lon="100.1563323"><ele>1966.6</ele><time>2026-10-03T00:12:49Z</time></trkpt>
      <trkpt lat="25.7483808" lon="100.1563429"><ele>1966.5</ele><time>2026-10-03T00:12:50Z</time></trkpt>
      <trkpt lat="25.7483631" lon="100.1563534"><ele>1966.5</ele><time>2026-10-03T00:12:51Z</time></trkpt>
      <trkpt lat="25.7483465" lon="100.1563657"><ele>1966.5</ele><time>2026-10-03T00:12:52Z</time></trkpt>
      <trkpt lat="25.7483314" lon="100.1563794"><ele>1966.5</ele><time>2026-10-03T00:12:53Z</time></trkpt>
      <trkpt lat="25.7483162" lon="100.1563944"><ele>1966.5</ele><time>2026-10-03T00:12:54Z</time></trkpt>
      <trkpt lat="25.7482998" lon="100.1564088"><ele>1966.5</ele><time>2026-10-03T00:12:55Z</time></trkpt>
      <trkpt lat="25.7482829" lon="100.1564220"><ele>1966.5</ele><time>2026-10-03T00:12:56Z</time></trkpt>
      <trkpt lat="25.7482655" lon="100.1564353"><ele>1966.5</ele><time>2026-10-03T00:12:57Z</time></trkpt>
      <trkpt lat="25.7482478" lon="100.1564489"><ele>1966.4</ele><time>2026-10-03T00:12:58Z</time></trkpt>
      <trkpt lat="25.7482302" lon="100.1564621"><ele>1966.4</ele><time>2026-10-03T00:12:59Z</time></trkpt>
      <trkpt lat="25.7482125" lon="100.1564749"><ele>1966.4</ele><time>2026-10-03T00:13:00Z</time></trkpt>
      <trkpt lat="25.7481947" lon="100.1564873"><ele>1966.4</ele><time>2026-10-03T00:13:01Z</time></trkpt>
      <trkpt lat="25.7481767" lon="100.1564999"><ele>1966.4</ele><time>2026-10-03T00:13:02Z</time></trkpt>
      <trkpt lat="25.7481592" lon="100.1565126"><ele>1966.4</ele><time>2026-10-03T00:13:03Z</time></trkpt>
      <trkpt lat="25.7481423" lon="100.1565255"><ele>1966.4</ele><time>2026-10-03T00:13:04Z</time></trkpt>
      <trkpt lat="25.7481254" lon="100.1565387"><ele>1966.4</ele><time>2026-10-03T00:13:05Z</time></trkpt>
      <trkpt lat="25.7481091" lon="100.1565519"><ele>1966.3</ele><time>2026-10-03T00:13:06Z</time></trkpt>
      <trkpt lat="25.7480930" lon="100.1565650"><ele>1966.3</ele><time>2026-10-03T00:13:07Z</time></trkpt>
      <trkpt lat="25.7480769" lon="100.1565778"><ele>1966.3</ele><time>2026-10-03T00:13:08Z</time></trkpt>
      <trkpt lat="25.7480610" lon="100.1565902"><ele>1966.3</ele><time>2026-10-03T00:13:09Z</time></trkpt>
      <trkpt lat="25.7480445" lon="100.1566029"><ele>1966.3</ele><time>2026-10-03T00:13:10Z</time></trkpt>
      <trkpt lat="25.7480275" lon="100.1566157"><ele>1966.3</ele><time>2026-10-03T00:13:11Z</time></trkpt>
      <trkpt lat="25.7480103" lon="100.1566273"><ele>1966.2</ele><time>2026-10-03T00:13:12Z</time></trkpt>
      <trkpt lat="25.7479924" lon="100.1566368"><ele>1966.2</ele><time>2026-10-03T00:13:13Z</time></trkpt>
      <trkpt lat="25.7479736" lon="100.1566448"><ele>1966.2</ele><time>2026-10-03T00:13:14Z</time></trkpt>
      <trkpt lat="25.7479533" lon="100.1566525"><ele>1966.3</ele><time>2026-10-03T00:13:15Z</time></trkpt>
      <trkpt lat="25.7479322" lon="100.1566601"><ele>1966.3</ele><time>2026-10-03T00:13:16Z</time></trkpt>
      <trkpt lat="25.7479109" lon="100.1566674"><ele>1966.3</ele><time>2026-10-03T00:13:17Z</time></trkpt>
      <trkpt lat="25.7478895" lon="100.1566743"><ele>1966.3</ele><time>2026-10-03T00:13:18Z</time></trkpt>
      <trkpt lat="25.7478684" lon="100.1566812"><ele>1966.3</ele><time>2026-10-03T00:13:19Z</time></trkpt>
      <trkpt lat="25.7478473" lon="100.1566878"><ele>1966.2</ele><time>2026-10-03T00:13:20Z</time></trkpt>
      <trkpt lat="25.7478267" lon="100.1566934"><ele>1966.2</ele><time>2026-10-03T00:13:21Z</time></trkpt>
      <trkpt lat="25.7478068" lon="100.1566984"><ele>1966.2</ele><time>2026-10-03T00:13:22Z</time></trkpt>
      <trkpt lat="25.7477870" lon="100.1567030"><ele>1966.2</ele><time>2026-10-03T00:13:23Z</time></trkpt>
      <trkpt lat="25.7477681" lon="100.1567075"><ele>1966.2</ele><time>2026-10-03T00:13:24Z</time></trkpt>
      <trkpt lat="25.7477500" lon="100.1567119"><ele>1966.1</ele><time>2026-10-03T00:13:25Z</time></trkpt>
      <trkpt lat="25.7477321" lon="100.1567159"><ele>1966.1</ele><time>2026-10-03T00:13:26Z</time></trkpt>
      <trkpt lat="25.7477135" lon="100.1567190"><ele>1966.1</ele><time>2026-10-03T00:13:27Z</time></trkpt>
      <trkpt lat="25.7476939" lon="100.1567204"><ele>1966.1</ele><time>2026-10-03T00:13:28Z</time></trkpt>
      <trkpt lat="25.7476736" lon="100.1567206"><ele>1966.1</ele><time>2026-10-03T00:13:29Z</time></trkpt>
      <trkpt lat="25.7476531" lon="100.1567205"><ele>1966.1</ele><time>2026-10-03T00:13:30Z</time></trkpt>
      <trkpt lat="25.7476325" lon="100.1567207"><ele>1966.2</ele><time>2026-10-03T00:13:31Z</time></trkpt>
      <trkpt lat="25.7476121" lon="100.1567215"><ele>1966.2</ele><time>2026-10-03T00:13:32Z</time></trkpt>
      <trkpt lat="25.7475918" lon="100.1567230"><ele>1966.2</ele><time>2026-10-03T00:13:33Z</time></trkpt>
      <trkpt lat="25.7475718" lon="100.1567248"><ele>1966.2</ele><time>2026-10-03T00:13:34Z</time></trkpt>
      <trkpt lat="25.7475519" lon="100.1567270"><ele>1966.3</ele><time>2026-10-03T00:13:35Z</time></trkpt>
      <trkpt lat="25.7475316" lon="100.1567290"><ele>1966.3</ele><time>2026-10-03T00:13:36Z</time></trkpt>
      <trkpt lat="25.7475105" lon="100.1567303"><ele>1966.3</ele><time>2026-10-03T00:13:37Z</time></trkpt>
      <trkpt lat="25.7474888" lon="100.1567307"><ele>1966.4</ele><time>2026-10-03T00:13:38Z</time></trkpt>
      <trkpt lat="25.7474675" lon="100.1567307"><ele>1966.4</ele><time>2026-10-03T00:13:39Z</time></trkpt>
      <trkpt lat="25.7474472" lon="100.1567311"><ele>1966.4</ele><time>2026-10-03T00:13:40Z</time></trkpt>
      <trkpt lat="25.7474281" lon="100.1567311"><ele>1966.5</ele><time>2026-10-03T00:13:41Z</time></trkpt>
      <trkpt lat="25.7474099" lon="100.1567304"><ele>1966.5</ele><time>2026-10-03T00:13:42Z</time></trkpt>
      <trkpt lat="25.7473910" lon="100.1567292"><ele>1966.6</ele><time>2026-10-03T00:13:43Z</time></trkpt>
      <trkpt lat="25.7473709" lon="100.1567270"><ele>1966.6</ele><time>2026-10-03T00:13:44Z</time></trkpt>
      <trkpt lat="25.7473500" lon="100.1567244"><ele>1966.6</ele><time>2026-10-03T00:13:45Z</time></trkpt>
      <trkpt lat="25.7473287" lon="100.1567215"><ele>1966.7</ele><time>2026-10-03T00:13:46Z</time></trkpt>
      <trkpt lat="25.7473074" lon="100.1567186"><ele>1966.8</ele><time>2026-10-03T00:13:47Z</time></trkpt>
      <trkpt lat="25.7472858" lon="100.1567162"><ele>1966.8</ele><time>2026-10-03T00:13:48Z</time></trkpt>
      <trkpt lat="25.7472640" lon="100.1567146"><ele>1966.9</ele><time>2026-10-03T00:13:49Z</time></trkpt>
      <trkpt lat="25.7472426" lon="100.1567144"><ele>1966.9</ele><time>2026-10-03T00:13:50Z</time></trkpt>
      <trkpt lat="25.7472216" lon="100.1567153"><ele>1967.0</ele><time>2026-10-03T00:13:51Z</time></trkpt>
      <trkpt lat="25.7472008" lon="100.1567166"><ele>1967.0</ele><time>2026-10-03T00:13:52Z</time></trkpt>
      <trkpt lat="25.7471796" lon="100.1567188"><ele>1967.0</ele><time>2026-10-03T00:13:53Z</time></trkpt>
      <trkpt lat="25.7471587" lon="100.1567226"><ele>1967.0</ele><time>2026-10-03T00:13:54Z</time></trkpt>
      <trkpt lat="25.7471387" lon="100.1567286"><ele>1967.0</ele><time>2026-10-03T00:13:55Z</time></trkpt>
      <trkpt lat="25.7471194" lon="100.1567360"><ele>1967.0</ele><time>2026-10-03T00:13:56Z</time></trkpt>
      <trkpt lat="25.7471010" lon="100.1567439"><ele>1967.0</ele><time>2026-10-03T00:13:57Z</time></trkpt>
      <trkpt lat="25.7470834" lon="100.1567517"><ele>1967.0</ele><time>2026-10-03T00:13:58Z</time></trkpt>
      <trkpt lat="25.7470654" lon="100.1567587"><ele>1967.0</ele><time>2026-10-03T00:13:59Z</time></trkpt>
      <trkpt lat="25.7470470" lon="100.1567657"><ele>1967.0</ele><time>2026-10-03T00:14:00Z</time></trkpt>
      <trkpt lat="25.7470289" lon="100.1567741"><ele>1967.0</ele><time>2026-10-03T00:14:01Z</time></trkpt>
      <trkpt lat="25.7470126" lon="100.1567846"><ele>1967.0</ele><time>2026-10-03T00:14:02Z</time></trkpt>
      <trkpt lat="25.7469984" lon="100.1567976"><ele>1967.0</ele><time>2026-10-03T00:14:03Z</time></trkpt>
      <trkpt lat="25.7469851" lon="100.1568120"><ele>1967.0</ele><time>2026-10-03T00:14:04Z</time></trkpt>
      <trkpt lat="25.7469716" lon="100.1568254"><ele>1967.0</ele><time>2026-10-03T00:14:05Z</time></trkpt>
      <trkpt lat="25.7469577" lon="100.1568374"><ele>1967.0</ele><time>2026-10-03T00:14:06Z</time></trkpt>
      <trkpt lat="25.7469440" lon="100.1568490"><ele>1967.0</ele><time>2026-10-03T00:14:07Z</time></trkpt>
      <trkpt lat="25.7469309" lon="100.1568617"><ele>1967.0</ele><time>2026-10-03T00:14:08Z</time></trkpt>
      <trkpt lat="25.7469177" lon="100.1568758"><ele>1967.1</ele><time>2026-10-03T00:14:09Z</time></trkpt>
      <trkpt lat="25.7469042" lon="100.1568899"><ele>1967.0</ele><time>2026-10-03T00:14:10Z</time></trkpt>
      <trkpt lat="25.7468907" lon="100.1569033"><ele>1967.0</ele><time>2026-10-03T00:14:11Z</time></trkpt>
      <trkpt lat="25.7468768" lon="100.1569161"><ele>1967.0</ele><time>2026-10-03T00:14:12Z</time></trkpt>
      <trkpt lat="25.7468623" lon="100.1569288"><ele>1967.0</ele><time>2026-10-03T00:14:13Z</time></trkpt>
      <trkpt lat="25.7468479" lon="100.1569423"><ele>1967.0</ele><time>2026-10-03T00:14:14Z</time></trkpt>
      <trkpt lat="25.7468338" lon="100.1569565"><ele>1967.0</ele><time>2026-10-03T00:14:15Z</time></trkpt>
      <trkpt lat="25.7468198" lon="100.1569709"><ele>1967.0</ele><time>2026-10-03T00:14:16Z</time></trkpt>
      <trkpt lat="25.7468062" lon="100.1569856"><ele>1967.0</ele><time>2026-10-03T00:14:17Z</time></trkpt>
      <trkpt lat="25.7467928" lon="100.1570004"><ele>1967.0</ele><time>2026-10-03T00:14:18Z</time></trkpt>
      <trkpt lat="25.7467797" lon="100.1570158"><ele>1967.0</ele><time>2026-10-03T00:14:19Z</time></trkpt>
      <trkpt lat="25.7467663" lon="100.1570318"><ele>1967.0</ele><time>2026-10-03T00:14:20Z</time></trkpt>
      <trkpt lat="25.7467527" lon="100.1570481"><ele>1967.0</ele><time>2026-10-03T00:14:21Z</time></trkpt>
      <trkpt lat="25.7467390" lon="100.1570647"><ele>1967.0</ele><time>2026-10-03T00:14:22Z</time></trkpt>
      <trkpt lat="25.7467241" lon="100.1570809"><ele>1967.0</ele><time>2026-10-03T00:14:23Z</time></trkpt>
      <trkpt lat="25.7467093" lon="100.1570969"><ele>1967.0</ele><time>2026-10-03T00:14:24Z</time></trkpt>
      <trkpt lat="25.7466953" lon="100.1571133"><ele>1967.0</ele><time>2026-10-03T00:14:25Z</time></trkpt>
      <trkpt lat="25.7466818" lon="100.1571293"><ele>1967.0</ele><time>2026-10-03T00:14:26Z</time></trkpt>
      <trkpt lat="25.7466699" lon="100.1571442"><ele>1967.0</ele><time>2026-10-03T00:14:27Z</time></trkpt>
      <trkpt lat="25.7466589" lon="100.1571594"><ele>1967.0</ele><time>2026-10-03T00:14:28Z</time></trkpt>
      <trkpt lat="25.7466475" lon="100.1571763"><ele>1967.0</ele><time>2026-10-03T00:14:29Z</time></trkpt>
      <trkpt lat="25.7466352" lon="100.1571940"><ele>1967.0</ele><time>2026-10-03T00:14:30Z</time></trkpt>
      <trkpt lat="25.7466217" lon="100.1572109"><ele>1967.0</ele><time>2026-10-03T00:14:31Z</time></trkpt>
      <trkpt lat="25.7466077" lon="100.1572266"><ele>1967.0</ele><time>2026-10-03T00:14:32Z</time></trkpt>
      <trkpt lat="25.7465930" lon="100.1572422"><ele>1966.9</ele><time>2026-10-03T00:14:33Z</time></trkpt>
      <trkpt lat="25.7465780" lon="100.1572570"><ele>1966.9</ele><time>2026-10-03T00:14:34Z</time></trkpt>
      <trkpt lat="25.7465631" lon="100.1572711"><ele>1966.9</ele><time>2026-10-03T00:14:35Z</time></trkpt>
      <trkpt lat="25.7465476" lon="100.1572851"><ele>1966.9</ele><time>2026-10-03T00:14:36Z</time></trkpt>
      <trkpt lat="25.7465318" lon="100.1572988"><ele>1966.9</ele><time>2026-10-03T00:14:37Z</time></trkpt>
      <trkpt lat="25.7465160" lon="100.1573126"><ele>1966.9</ele><time>2026-10-03T00:14:38Z</time></trkpt>
      <trkpt lat="25.7465003" lon="100.1573262"><ele>1966.9</ele><time>2026-10-03T00:14:39Z</time></trkpt>
      <trkpt lat="25.7464848" lon="100.1573395"><ele>1966.9</ele><time>2026-10-03T00:14:40Z</time></trkpt>
      <trkpt lat="25.7464693" lon="100.1573522"><ele>1966.9</ele><time>2026-10-03T00:14:41Z</time></trkpt>
      <trkpt lat="25.7464536" lon="100.1573643"><ele>1966.9</ele><time>2026-10-03T00:14:42Z</time></trkpt>
      <trkpt lat="25.7464373" lon="100.1573760"><ele>1966.9</ele><time>2026-10-03T00:14:43Z</time></trkpt>
      <trkpt lat="25.7464204" lon="100.1573878"><ele>1966.8</ele><time>2026-10-03T00:14:44Z</time></trkpt>
      <trkpt lat="25.7464034" lon="100.1573997"><ele>1966.8</ele><time>2026-10-03T00:14:45Z</time></trkpt>
      <trkpt lat="25.7463860" lon="100.1574115"><ele>1966.8</ele><time>2026-10-03T00:14:46Z</time></trkpt>
      <trkpt lat="25.7463682" lon="100.1574229"><ele>1966.8</ele><time>2026-10-03T00:14:47Z</time></trkpt>
      <trkpt lat="25.7463504" lon="100.1574342"><ele>1966.8</ele><time>2026-10-03T00:14:48Z</time></trkpt>
      <trkpt lat="25.7463326" lon="100.1574451"><ele>1966.8</ele><time>2026-10-03T00:14:49Z</time></trkpt>
      <trkpt lat="25.7463139" lon="100.1574563"><ele>1966.8</ele><time>2026-10-03T00:14:50Z</time></trkpt>
      <trkpt lat="25.7462948" lon="100.1574669"><ele>1966.7</ele><time>2026-10-03T00:14:51Z</time></trkpt>
      <trkpt lat="25.7462756" lon="100.1574755"><ele>1966.7</ele><time>2026-10-03T00:14:52Z</time></trkpt>
      <trkpt lat="25.7462568" lon="100.1574825"><ele>1966.7</ele><time>2026-10-03T00:14:53Z</time></trkpt>
      <trkpt lat="25.7462384" lon="100.1574894"><ele>1966.7</ele><time>2026-10-03T00:14:54Z</time></trkpt>
      <trkpt lat="25.7462197" lon="100.1574977"><ele>1966.7</ele><time>2026-10-03T00:14:55Z</time></trkpt>
      <trkpt lat="25.7462009" lon="100.1575071"><ele>1966.7</ele><time>2026-10-03T00:14:56Z</time></trkpt>
      <trkpt lat="25.7461811" lon="100.1575162"><ele>1966.7</ele><time>2026-10-03T00:14:57Z</time></trkpt>
      <trkpt lat="25.7461604" lon="100.1575245"><ele>1966.7</ele><time>2026-10-03T00:14:58Z</time></trkpt>
      <trkpt lat="25.7461393" lon="100.1575315"><ele>1966.7</ele><time>2026-10-03T00:14:59Z</time></trkpt>
      <trkpt lat="25.7461179" lon="100.1575374"><ele>1966.7</ele><time>2026-10-03T00:15:00Z</time></trkpt>
      <trkpt lat="25.7460968" lon="100.1575422"><ele>1966.7</ele><time>2026-10-03T00:15:01Z</time></trkpt>
      <trkpt lat="25.7460759" lon="100.1575465"><ele>1966.7</ele><time>2026-10-03T00:15:02Z</time></trkpt>
      <trkpt lat="25.7460547" lon="100.1575509"><ele>1966.7</ele><time>2026-10-03T00:15:03Z</time></trkpt>
      <trkpt lat="25.7460335" lon="100.1575560"><ele>1966.7</ele><time>2026-10-03T00:15:04Z</time></trkpt>
      <trkpt lat="25.7460124" lon="100.1575613"><ele>1966.7</ele><time>2026-10-03T00:15:05Z</time></trkpt>
      <trkpt lat="25.7459917" lon="100.1575660"><ele>1966.6</ele><time>2026-10-03T00:15:06Z</time></trkpt>
      <trkpt lat="25.7459705" lon="100.1575695"><ele>1966.6</ele><time>2026-10-03T00:15:07Z</time></trkpt>
      <trkpt lat="25.7459481" lon="100.1575719"><ele>1966.6</ele><time>2026-10-03T00:15:08Z</time></trkpt>
      <trkpt lat="25.7459250" lon="100.1575734"><ele>1966.6</ele><time>2026-10-03T00:15:09Z</time></trkpt>
      <trkpt lat="25.7459023" lon="100.1575747"><ele>1966.6</ele><time>2026-10-03T00:15:10Z</time></trkpt>
      <trkpt lat="25.7458809" lon="100.1575764"><ele>1966.6</ele><time>2026-10-03T00:15:11Z</time></trkpt>
      <trkpt lat="25.7458603" lon="100.1575775"><ele>1966.7</ele><time>2026-10-03T00:15:12Z</time></trkpt>
      <trkpt lat="25.7458395" lon="100.1575775"><ele>1966.7</ele><time>2026-10-03T00:15:13Z</time></trkpt>
      <trkpt lat="25.7458187" lon="100.1575776"><ele>1966.7</ele><time>2026-10-03T00:15:14Z</time></trkpt>
      <trkpt lat="25.7457985" lon="100.1575784"><ele>1966.7</ele><time>2026-10-03T00:15:15Z</time></trkpt>
      <trkpt lat="25.7457788" lon="100.1575793"><ele>1966.7</ele><time>2026-10-03T00:15:16Z</time></trkpt>
      <trkpt lat="25.7457594" lon="100.1575797"><ele>1966.7</ele><time>2026-10-03T00:15:17Z</time></trkpt>
      <trkpt lat="25.7457394" lon="100.1575792"><ele>1966.7</ele><time>2026-10-03T00:15:18Z</time></trkpt>
      <trkpt lat="25.7457185" lon="100.1575777"><ele>1966.7</ele><time>2026-10-03T00:15:19Z</time></trkpt>
      <trkpt lat="25.7456979" lon="100.1575754"><ele>1966.7</ele><time>2026-10-03T00:15:20Z</time></trkpt>
      <trkpt lat="25.7456770" lon="100.1575722"><ele>1966.7</ele><time>2026-10-03T00:15:21Z</time></trkpt>
      <trkpt lat="25.7456556" lon="100.1575687"><ele>1966.7</ele><time>2026-10-03T00:15:22Z</time></trkpt>
      <trkpt lat="25.7456352" lon="100.1575654"><ele>1966.7</ele><time>2026-10-03T00:15:23Z</time></trkpt>
      <trkpt lat="25.7456158" lon="100.1575615"><ele>1966.7</ele><time>2026-10-03T00:15:24Z</time></trkpt>
      <trkpt lat="25.7455965" lon="100.1575569"><ele>1966.7</ele><time>2026-10-03T00:15:25Z</time></trkpt>
      <trkpt lat="25.7455769" lon="100.1575524"><ele>1966.7</ele><time>2026-10-03T00:15:26Z</time></trkpt>
      <trkpt lat="25.7455570" lon="100.1575487"><ele>1966.7</ele><time>2026-10-03T00:15:27Z</time></trkpt>
      <trkpt lat="25.7455370" lon="100.1575467"><ele>1966.7</ele><time>2026-10-03T00:15:28Z</time></trkpt>
      <trkpt lat="25.7455166" lon="100.1575462"><ele>1966.7</ele><time>2026-10-03T00:15:29Z</time></trkpt>
      <trkpt lat="25.7454964" lon="100.1575467"><ele>1966.8</ele><time>2026-10-03T00:15:30Z</time></trkpt>
      <trkpt lat="25.7454768" lon="100.1575468"><ele>1966.8</ele><time>2026-10-03T00:15:31Z</time></trkpt>
      <trkpt lat="25.7454578" lon="100.1575462"><ele>1966.8</ele><time>2026-10-03T00:15:32Z</time></trkpt>
      <trkpt lat="25.7454402" lon="100.1575469"><ele>1966.8</ele><time>2026-10-03T00:15:33Z</time></trkpt>
      <trkpt lat="25.7454235" lon="100.1575496"><ele>1966.9</ele><time>2026-10-03T00:15:34Z</time></trkpt>
      <trkpt lat="25.7454064" lon="100.1575542"><ele>1966.9</ele><time>2026-10-03T00:15:35Z</time></trkpt>
      <trkpt lat="25.7453883" lon="100.1575609"><ele>1967.0</ele><time>2026-10-03T00:15:36Z</time></trkpt>
      <trkpt lat="25.7453694" lon="100.1575686"><ele>1967.0</ele><time>2026-10-03T00:15:37Z</time></trkpt>
      <trkpt lat="25.7453512" lon="100.1575762"><ele>1967.1</ele><time>2026-10-03T00:15:38Z</time></trkpt>
      <trkpt lat="25.7453337" lon="100.1575834"><ele>1967.1</ele><time>2026-10-03T00:15:39Z</time></trkpt>
      <trkpt lat="25.7453168" lon="100.1575910"><ele>1967.1</ele><time>2026-10-03T00:15:40Z</time></trkpt>
      <trkpt lat="25.7453009" lon="100.1575995"><ele>1967.1</ele><time>2026-10-03T00:15:41Z</time></trkpt>
      <trkpt lat="25.7452853" lon="100.1576090"><ele>1967.2</ele><time>2026-10-03T00:15:42Z</time></trkpt>
      <trkpt lat="25.7452696" lon="100.1576198"><ele>1967.2</ele><time>2026-10-03T00:15:43Z</time></trkpt>
      <trkpt lat="25.7452545" lon="100.1576312"><ele>1967.2</ele><time>2026-10-03T00:15:44Z</time></trkpt>
      <trkpt lat="25.7452397" lon="100.1576433"><ele>1967.2</ele><time>2026-10-03T00:15:45Z</time></trkpt>
      <trkpt lat="25.7452256" lon="100.1576565"><ele>1967.2</ele><time>2026-10-03T00:15:46Z</time></trkpt>
      <trkpt lat="25.7452123" lon="100.1576707"><ele>1967.2</ele><time>2026-10-03T00:15:47Z</time></trkpt>
      <trkpt lat="25.7451995" lon="100.1576851"><ele>1967.2</ele><time>2026-10-03T00:15:48Z</time></trkpt>
      <trkpt lat="25.7451872" lon="100.1576992"><ele>1967.3</ele><time>2026-10-03T00:15:49Z</time></trkpt>
      <trkpt lat="25.7451749" lon="100.1577131"><ele>1967.3</ele><time>2026-10-03T00:15:50Z</time></trkpt>
      <trkpt lat="25.7451627" lon="100.1577267"><ele>1967.3</ele><time>2026-10-03T00:15:51Z</time></trkpt>
      <trkpt lat="25.7451504" lon="100.1577398"><ele>1967.3</ele><time>2026-10-03T00:15:52Z</time></trkpt>
      <trkpt lat="25.7451376" lon="100.1577526"><ele>1967.3</ele><time>2026-10-03T00:15:53Z</time></trkpt>
      <trkpt lat="25.7451240" lon="100.1577658"><ele>1967.3</ele><time>2026-10-03T00:15:54Z</time></trkpt>
      <trkpt lat="25.7451106" lon="100.1577800"><ele>1967.3</ele><time>2026-10-03T00:15:55Z</time></trkpt>
      <trkpt lat="25.7450974" lon="100.1577947"><ele>1967.3</ele><time>2026-10-03T00:15:56Z</time></trkpt>
      <trkpt lat="25.7450839" lon="100.1578086"><ele>1967.3</ele><time>2026-10-03T00:15:57Z</time></trkpt>
      <trkpt lat="25.7450694" lon="100.1578215"><ele>1967.2</ele><time>2026-10-03T00:15:58Z</time></trkpt>
      <trkpt lat="25.7450537" lon="100.1578335"><ele>1967.2</ele><time>2026-10-03T00:15:59Z</time></trkpt>
      <trkpt lat="25.7450370" lon="100.1578453"><ele>1967.2</ele><time>2026-10-03T00:16:00Z</time></trkpt>
      <trkpt lat="25.7450189" lon="100.1578573"><ele>1967.2</ele><time>2026-10-03T00:16:01Z</time></trkpt>
      <trkpt lat="25.7449997" lon="100.1578700"><ele>1967.2</ele><time>2026-10-03T00:16:02Z</time></trkpt>
      <trkpt lat="25.7449808" lon="100.1578833"><ele>1967.2</ele><time>2026-10-03T00:16:03Z</time></trkpt>
      <trkpt lat="25.7449623" lon="100.1578957"><ele>1967.3</ele><time>2026-10-03T00:16:04Z</time></trkpt>
    </trkseg>
  </trk>
  <extensions>
    <distance>3679.37</distance>
    <moving_time>1630.50</moving_time>
    <elapsed_time>1630.50</elapsed_time>
    <average_speed>2.26</average_speed>
    <start_time>2026-10-02T23:50:29Z</start_time>
    <end_time>2026-10-03T00:17:39Z</end_time>
    <average_hr>150.00</average_hr>
  </extensions>
</gpx>
